12/20/2022 00:00:02,Chamber 3,28-041661c2faff,21.312,T260,44C,off
12/20/2022 00:00:22,Chamber 3,28-041661c2faff,21.312,T260,44C,off
12/20/2022 00:00:42,Chamber 3,28-041661c2faff,21.312,T260,44C,off
12/20/2022 00:01:02,Chamber 3,28-041661c2faff,21.312,T260,44C,off
12/20/2022 00:01:22,Chamber 3,28-041661c2faff,21.312,T260,44C,off
12/20/2022 00:01:43,Chamber 3,28-041661c2faff,21.312,T260,44C,off
12/20/2022 00:02:02,Chamber 3,28-041661c2faff,21.312,T260,44C,off
12/20/2022 00:02:22,Chamber 3,28-041661c2faff,21.312,T260,44C,off
12/20/2022 00:02:42,Chamber 3,28-041661c2faff,21.312,T260,44C,off
12/20/2022 00:03:02,Chamber 3,28-041661c2faff,21.312,T260,44C,off
12/20/2022 00:03:22,Chamber 3,28-041661c2faff,21.312,T260,44C,off
12/20/2022 00:03:42,Chamber 3,28-041661c2faff,21.312,T260,44C,off
12/20/2022 00:04:02,Chamber 3,28-041661c2faff,21.312,T260,44C,off
12/20/2022 00:04:22,Chamber 3,28-041661c2faff,21.312,T260,44C,off
12/20/2022 00:04:42,Chamber 3,28-041661c2faff,21.312,T260,44C,off
12/20/2022 00:05:02,Chamber 3,28-041661c2faff,21.312,T260,44C,off
12/20/2022 00:05:23,Chamber 3,28-041661c2faff,21.312,T260,44C,off
12/20/2022 00:05:42,Chamber 3,28-041661c2faff,21.25,T260,44C,off
12/20/2022 00:06:02,Chamber 3,28-041661c2faff,21.312,T260,44C,off
12/20/2022 00:06:22,Chamber 3,28-041661c2faff,21.312,T260,44C,off
12/20/2022 00:06:42,Chamber 3,28-041661c2faff,21.312,T260,44C,off
12/20/2022 00:07:02,Chamber 3,28-041661c2faff,21.312,T260,44C,off
12/20/2022 00:07:22,Chamber 3,28-041661c2faff,21.312,T260,44C,off
12/20/2022 00:07:42,Chamber 3,28-041661c2faff,21.312,T260,44C,off
12/20/2022 00:08:02,Chamber 3,28-041661c2faff,21.312,T260,44C,off
12/20/2022 00:08:22,Chamber 3,28-041661c2faff,21.312,T260,44C,off
12/20/2022 00:08:42,Chamber 3,28-041661c2faff,21.312,T260,44C,off
12/20/2022 00:09:05,Chamber 3,28-041661c2faff,21.312,T260,44C,off
12/20/2022 00:09:22,Chamber 3,28-041661c2faff,21.312,T260,44C,off
12/20/2022 00:09:42,Chamber 3,28-041661c2faff,21.312,T260,44C,off
12/20/2022 00:10:02,Chamber 3,28-041661c2faff,21.312,T260,44C,off
12/20/2022 00:10:22,Chamber 3,28-041661c2faff,21.312,T260,44C,off
12/20/2022 00:10:42,Chamber 3,28-041661c2faff,21.312,T260,44C,off
12/20/2022 00:11:02,Chamber 3,28-041661c2faff,21.312,T260,44C,off
12/20/2022 00:11:22,Chamber 3,28-041661c2faff,21.312,T260,44C,off
12/20/2022 00:11:42,Chamber 3,28-041661c2faff,21.312,T260,44C,off
12/20/2022 00:12:02,Chamber 3,28-041661c2faff,21.312,T260,44C,off
12/20/2022 00:12:24,Chamber 3,28-041661c2faff,21.312,T260,44C,off
12/20/2022 00:12:42,Chamber 3,28-041661c2faff,21.312,T260,44C,off
12/20/2022 00:13:02,Chamber 3,28-041661c2faff,21.312,T260,44C,off
12/20/2022 00:13:22,Chamber 3,28-041661c2faff,21.312,T260,44C,off
12/20/2022 00:13:42,Chamber 3,28-041661c2faff,21.312,T260,44C,off
12/20/2022 00:14:02,Chamber 3,28-041661c2faff,21.312,T260,44C,off
12/20/2022 00:14:22,Chamber 3,28-041661c2faff,21.312,T260,44C,off
12/20/2022 00:14:42,Chamber 3,28-041661c2faff,21.312,T260,44C,off
12/20/2022 00:15:02,Chamber 3,28-041661c2faff,21.312,T260,44C,off
12/20/2022 00:15:22,Chamber 3,28-041661c2faff,21.25,T260,44C,off
12/20/2022 00:15:42,Chamber 3,28-041661c2faff,21.312,T260,44C,off
12/20/2022 00:16:02,Chamber 3,28-041661c2faff,21.312,T260,44C,off
12/20/2022 00:16:22,Chamber 3,28-041661c2faff,21.25,T260,44C,off
12/20/2022 00:16:42,Chamber 3,28-041661c2faff,21.25,T260,44C,off
12/20/2022 00:17:02,Chamber 3,28-041661c2faff,21.25,T260,44C,off
12/20/2022 00:17:22,Chamber 3,28-041661c2faff,21.25,T260,44C,off
12/20/2022 00:17:42,Chamber 3,28-041661c2faff,21.25,T260,44C,off
12/20/2022 00:18:02,Chamber 3,28-041661c2faff,21.25,T260,44C,off
12/20/2022 00:18:22,Chamber 3,28-041661c2faff,21.25,T260,44C,off
12/20/2022 00:18:42,Chamber 3,28-041661c2faff,21.25,T260,44C,off
12/20/2022 00:19:02,Chamber 3,28-041661c2faff,21.25,T260,44C,off
12/20/2022 00:19:22,Chamber 3,28-041661c2faff,21.25,T260,44C,off
12/20/2022 00:19:42,Chamber 3,28-041661c2faff,21.25,T260,44C,off
12/20/2022 00:20:02,Chamber 3,28-041661c2faff,21.25,T260,44C,off
12/20/2022 00:20:22,Chamber 3,28-041661c2faff,21.25,T260,44C,off
12/20/2022 00:20:42,Chamber 3,28-041661c2faff,21.25,T260,44C,off
12/20/2022 00:21:02,Chamber 3,28-041661c2faff,21.25,T260,44C,off
12/20/2022 00:21:22,Chamber 3,28-041661c2faff,21.25,T260,44C,off
12/20/2022 00:21:42,Chamber 3,28-041661c2faff,21.25,T260,44C,off
12/20/2022 00:22:02,Chamber 3,28-041661c2faff,21.25,T260,44C,off
12/20/2022 00:22:22,Chamber 3,28-041661c2faff,21.25,T260,44C,off
12/20/2022 00:22:42,Chamber 3,28-041661c2faff,21.25,T260,44C,off
12/20/2022 00:23:02,Chamber 3,28-041661c2faff,21.25,T260,44C,off
12/20/2022 00:23:22,Chamber 3,28-041661c2faff,21.187,T260,44C,off
12/20/2022 00:23:42,Chamber 3,28-041661c2faff,21.187,T260,44C,off
12/20/2022 00:24:02,Chamber 3,28-041661c2faff,21.187,T260,44C,off
12/20/2022 00:24:22,Chamber 3,28-041661c2faff,21.187,T260,44C,off
12/20/2022 00:24:42,Chamber 3,28-041661c2faff,21.187,T260,44C,off
12/20/2022 00:25:02,Chamber 3,28-041661c2faff,21.187,T260,44C,off
12/20/2022 00:25:22,Chamber 3,28-041661c2faff,21.187,T260,44C,off
12/20/2022 00:25:42,Chamber 3,28-041661c2faff,21.187,T260,44C,off
12/20/2022 00:26:02,Chamber 3,28-041661c2faff,21.187,T260,44C,off
12/20/2022 00:26:22,Chamber 3,28-041661c2faff,21.187,T260,44C,off
12/20/2022 00:26:42,Chamber 3,28-041661c2faff,21.187,T260,44C,off
12/20/2022 00:27:02,Chamber 3,28-041661c2faff,21.187,T260,44C,off
12/20/2022 00:27:22,Chamber 3,28-041661c2faff,21.187,T260,44C,off
12/20/2022 00:27:42,Chamber 3,28-041661c2faff,21.187,T260,44C,off
12/20/2022 00:28:02,Chamber 3,28-041661c2faff,21.187,T260,44C,off
12/20/2022 00:28:22,Chamber 3,28-041661c2faff,21.187,T260,44C,off
12/20/2022 00:28:42,Chamber 3,28-041661c2faff,21.187,T260,44C,off
12/20/2022 00:29:02,Chamber 3,28-041661c2faff,21.187,T260,44C,off
12/20/2022 00:29:22,Chamber 3,28-041661c2faff,21.187,T260,44C,off
12/20/2022 00:29:42,Chamber 3,28-041661c2faff,21.187,T260,44C,off
12/20/2022 00:30:02,Chamber 3,28-041661c2faff,21.187,T260,44C,off
12/20/2022 00:30:22,Chamber 3,28-041661c2faff,21.187,T260,44C,off
12/20/2022 00:30:42,Chamber 3,28-041661c2faff,21.187,T260,44C,off
12/20/2022 00:31:02,Chamber 3,28-041661c2faff,21.187,T260,44C,off
12/20/2022 00:31:22,Chamber 3,28-041661c2faff,21.187,T260,44C,off
12/20/2022 00:31:42,Chamber 3,28-041661c2faff,21.187,T260,44C,off
12/20/2022 00:32:02,Chamber 3,28-041661c2faff,21.187,T260,44C,off
12/20/2022 00:32:22,Chamber 3,28-041661c2faff,21.187,T260,44C,off
12/20/2022 00:32:42,Chamber 3,28-041661c2faff,21.187,T260,44C,off
12/20/2022 00:33:02,Chamber 3,28-041661c2faff,21.187,T260,44C,off
12/20/2022 00:33:22,Chamber 3,28-041661c2faff,21.187,T260,44C,off
12/20/2022 00:33:42,Chamber 3,28-041661c2faff,21.187,T260,44C,off
12/20/2022 00:34:02,Chamber 3,28-041661c2faff,21.187,T260,44C,off
12/20/2022 00:34:22,Chamber 3,28-041661c2faff,21.187,T260,44C,off
12/20/2022 00:34:42,Chamber 3,28-041661c2faff,21.187,T260,44C,off
12/20/2022 00:35:02,Chamber 3,28-041661c2faff,21.187,T260,44C,off
12/20/2022 00:35:22,Chamber 3,28-041661c2faff,21.187,T260,44C,off
12/20/2022 00:35:42,Chamber 3,28-041661c2faff,21.187,T260,44C,off
12/20/2022 00:36:02,Chamber 3,28-041661c2faff,21.187,T260,44C,off
12/20/2022 00:36:22,Chamber 3,28-041661c2faff,21.187,T260,44C,off
12/20/2022 00:36:42,Chamber 3,28-041661c2faff,21.187,T260,44C,off
12/20/2022 00:37:02,Chamber 3,28-041661c2faff,21.187,T260,44C,off
12/20/2022 00:37:22,Chamber 3,28-041661c2faff,21.187,T260,44C,off
12/20/2022 00:37:42,Chamber 3,28-041661c2faff,21.187,T260,44C,off
12/20/2022 00:38:02,Chamber 3,28-041661c2faff,21.187,T260,44C,off
12/20/2022 00:38:22,Chamber 3,28-041661c2faff,21.187,T260,44C,off
12/20/2022 00:38:42,Chamber 3,28-041661c2faff,21.187,T260,44C,off
12/20/2022 00:39:02,Chamber 3,28-041661c2faff,21.187,T260,44C,off
12/20/2022 00:39:22,Chamber 3,28-041661c2faff,21.187,T260,44C,off
12/20/2022 00:39:42,Chamber 3,28-041661c2faff,21.187,T260,44C,off
12/20/2022 00:40:02,Chamber 3,28-041661c2faff,21.187,T260,44C,off
12/20/2022 00:40:22,Chamber 3,28-041661c2faff,21.187,T260,44C,off
12/20/2022 00:40:42,Chamber 3,28-041661c2faff,21.187,T260,44C,off
12/20/2022 00:41:02,Chamber 3,28-041661c2faff,21.187,T260,44C,off
12/20/2022 00:41:22,Chamber 3,28-041661c2faff,21.187,T260,44C,off
12/20/2022 00:41:42,Chamber 3,28-041661c2faff,21.187,T260,44C,off
12/20/2022 00:42:02,Chamber 3,28-041661c2faff,21.187,T260,44C,off
12/20/2022 00:42:22,Chamber 3,28-041661c2faff,21.187,T260,44C,off
12/20/2022 00:42:42,Chamber 3,28-041661c2faff,21.187,T260,44C,off
12/20/2022 00:43:02,Chamber 3,28-041661c2faff,21.187,T260,44C,off
12/20/2022 00:43:22,Chamber 3,28-041661c2faff,21.187,T260,44C,off
12/20/2022 00:43:42,Chamber 3,28-041661c2faff,21.187,T260,44C,off
12/20/2022 00:44:02,Chamber 3,28-041661c2faff,21.187,T260,44C,off
12/20/2022 00:44:22,Chamber 3,28-041661c2faff,21.187,T260,44C,off
12/20/2022 00:44:42,Chamber 3,28-041661c2faff,21.187,T260,44C,off
12/20/2022 00:45:02,Chamber 3,28-041661c2faff,21.187,T260,44C,off
12/20/2022 00:45:22,Chamber 3,28-041661c2faff,21.187,T260,44C,off
12/20/2022 00:45:42,Chamber 3,28-041661c2faff,21.187,T260,44C,off
12/20/2022 00:46:02,Chamber 3,28-041661c2faff,21.187,T260,44C,off
12/20/2022 00:46:22,Chamber 3,28-041661c2faff,21.187,T260,44C,off
12/20/2022 00:46:42,Chamber 3,28-041661c2faff,21.187,T260,44C,off
12/20/2022 00:47:02,Chamber 3,28-041661c2faff,21.187,T260,44C,off
12/20/2022 00:47:22,Chamber 3,28-041661c2faff,21.187,T260,44C,off
12/20/2022 00:47:42,Chamber 3,28-041661c2faff,21.187,T260,44C,off
12/20/2022 00:48:02,Chamber 3,28-041661c2faff,21.187,T260,44C,off
12/20/2022 00:48:22,Chamber 3,28-041661c2faff,21.187,T260,44C,off
12/20/2022 00:48:42,Chamber 3,28-041661c2faff,21.187,T260,44C,off
12/20/2022 00:49:02,Chamber 3,28-041661c2faff,21.25,T260,44C,off
12/20/2022 00:49:22,Chamber 3,28-041661c2faff,21.187,T260,44C,off
12/20/2022 00:49:42,Chamber 3,28-041661c2faff,21.25,T260,44C,off
12/20/2022 00:50:02,Chamber 3,28-041661c2faff,21.25,T260,44C,off
12/20/2022 00:50:22,Chamber 3,28-041661c2faff,21.25,T260,44C,off
12/20/2022 00:50:42,Chamber 3,28-041661c2faff,21.25,T260,44C,off
12/20/2022 00:51:02,Chamber 3,28-041661c2faff,21.25,T260,44C,off
12/20/2022 00:51:22,Chamber 3,28-041661c2faff,21.25,T260,44C,off
12/20/2022 00:51:42,Chamber 3,28-041661c2faff,21.25,T260,44C,off
12/20/2022 00:52:02,Chamber 3,28-041661c2faff,21.25,T260,44C,off
12/20/2022 00:52:22,Chamber 3,28-041661c2faff,21.25,T260,44C,off
12/20/2022 00:52:42,Chamber 3,28-041661c2faff,21.25,T260,44C,off
12/20/2022 00:53:02,Chamber 3,28-041661c2faff,21.25,T260,44C,off
12/20/2022 00:53:22,Chamber 3,28-041661c2faff,21.25,T260,44C,off
12/20/2022 00:53:42,Chamber 3,28-041661c2faff,21.25,T260,44C,off
12/20/2022 00:54:02,Chamber 3,28-041661c2faff,21.25,T260,44C,off
12/20/2022 00:54:22,Chamber 3,28-041661c2faff,21.25,T260,44C,off
12/20/2022 00:54:42,Chamber 3,28-041661c2faff,21.25,T260,44C,off
12/20/2022 00:55:02,Chamber 3,28-041661c2faff,21.25,T260,44C,off
12/20/2022 00:55:22,Chamber 3,28-041661c2faff,21.25,T260,44C,off
12/20/2022 00:55:42,Chamber 3,28-041661c2faff,21.25,T260,44C,off
12/20/2022 00:56:03,Chamber 3,28-041661c2faff,21.25,T260,44C,off
12/20/2022 00:56:22,Chamber 3,28-041661c2faff,21.25,T260,44C,off
12/20/2022 00:56:42,Chamber 3,28-041661c2faff,21.25,T260,44C,off
12/20/2022 00:57:02,Chamber 3,28-041661c2faff,21.25,T260,44C,off
12/20/2022 00:57:22,Chamber 3,28-041661c2faff,21.25,T260,44C,off
12/20/2022 00:57:42,Chamber 3,28-041661c2faff,21.25,T260,44C,off
12/20/2022 00:58:02,Chamber 3,28-041661c2faff,21.25,T260,44C,off
12/20/2022 00:58:22,Chamber 3,28-041661c2faff,21.25,T260,44C,off
12/20/2022 00:58:42,Chamber 3,28-041661c2faff,21.25,T260,44C,off
12/20/2022 00:59:02,Chamber 3,28-041661c2faff,21.25,T260,44C,off
12/20/2022 00:59:22,Chamber 3,28-041661c2faff,21.25,T260,44C,off
12/20/2022 00:59:42,Chamber 3,28-041661c2faff,21.25,T260,44C,off
12/20/2022 01:00:03,Chamber 3,28-041661c2faff,21.25,T260,44C,off
12/20/2022 01:00:23,Chamber 3,28-041661c2faff,21.25,T260,44C,off
12/20/2022 01:00:43,Chamber 3,28-041661c2faff,21.25,T260,44C,off
12/20/2022 01:01:03,Chamber 3,28-041661c2faff,21.312,T260,44C,off
12/20/2022 01:01:23,Chamber 3,28-041661c2faff,21.312,T260,44C,off
12/20/2022 01:01:43,Chamber 3,28-041661c2faff,21.312,T260,44C,off
12/20/2022 01:02:03,Chamber 3,28-041661c2faff,21.312,T260,44C,off
12/20/2022 01:02:23,Chamber 3,28-041661c2faff,21.312,T260,44C,off
12/20/2022 01:02:43,Chamber 3,28-041661c2faff,21.312,T260,44C,off
12/20/2022 01:03:03,Chamber 3,28-041661c2faff,21.312,T260,44C,off
12/20/2022 01:03:23,Chamber 3,28-041661c2faff,21.312,T260,44C,off
12/20/2022 01:03:43,Chamber 3,28-041661c2faff,21.312,T260,44C,off
12/20/2022 01:04:03,Chamber 3,28-041661c2faff,21.312,T260,44C,off
12/20/2022 01:04:23,Chamber 3,28-041661c2faff,21.312,T260,44C,off
12/20/2022 01:04:43,Chamber 3,28-041661c2faff,21.312,T260,44C,off
12/20/2022 01:05:03,Chamber 3,28-041661c2faff,21.312,T260,44C,off
12/20/2022 01:05:23,Chamber 3,28-041661c2faff,21.312,T260,44C,off
12/20/2022 01:05:43,Chamber 3,28-041661c2faff,21.312,T260,44C,off
12/20/2022 01:06:03,Chamber 3,28-041661c2faff,21.312,T260,44C,off
12/20/2022 01:06:23,Chamber 3,28-041661c2faff,21.312,T260,44C,off
12/20/2022 01:06:43,Chamber 3,28-041661c2faff,21.312,T260,44C,off
12/20/2022 01:07:03,Chamber 3,28-041661c2faff,21.312,T260,44C,off
12/20/2022 01:07:23,Chamber 3,28-041661c2faff,21.312,T260,44C,off
12/20/2022 01:07:43,Chamber 3,28-041661c2faff,21.312,T260,44C,off
12/20/2022 01:08:03,Chamber 3,28-041661c2faff,21.312,T260,44C,off
12/20/2022 01:08:23,Chamber 3,28-041661c2faff,21.312,T260,44C,off
12/20/2022 01:08:43,Chamber 3,28-041661c2faff,21.312,T260,44C,off
12/20/2022 01:09:03,Chamber 3,28-041661c2faff,21.312,T260,44C,off
12/20/2022 01:09:23,Chamber 3,28-041661c2faff,21.312,T260,44C,off
12/20/2022 01:09:43,Chamber 3,28-041661c2faff,21.312,T260,44C,off
12/20/2022 01:10:03,Chamber 3,28-041661c2faff,21.312,T260,44C,off
12/20/2022 01:10:23,Chamber 3,28-041661c2faff,21.312,T260,44C,off
12/20/2022 01:10:43,Chamber 3,28-041661c2faff,21.312,T260,44C,off
12/20/2022 01:11:03,Chamber 3,28-041661c2faff,21.312,T260,44C,off
12/20/2022 01:11:23,Chamber 3,28-041661c2faff,21.312,T260,44C,off
12/20/2022 01:11:43,Chamber 3,28-041661c2faff,21.375,T260,44C,off
12/20/2022 01:12:03,Chamber 3,28-041661c2faff,21.312,T260,44C,off
12/20/2022 01:12:23,Chamber 3,28-041661c2faff,21.375,T260,44C,off
12/20/2022 01:12:43,Chamber 3,28-041661c2faff,21.375,T260,44C,off
12/20/2022 01:13:03,Chamber 3,28-041661c2faff,21.375,T260,44C,off
12/20/2022 01:13:23,Chamber 3,28-041661c2faff,21.375,T260,44C,off
12/20/2022 01:13:43,Chamber 3,28-041661c2faff,21.375,T260,44C,off
12/20/2022 01:14:03,Chamber 3,28-041661c2faff,21.375,T260,44C,off
12/20/2022 01:14:23,Chamber 3,28-041661c2faff,21.375,T260,44C,off
12/20/2022 01:14:43,Chamber 3,28-041661c2faff,21.375,T260,44C,off
12/20/2022 01:15:03,Chamber 3,28-041661c2faff,21.375,T260,44C,off
12/20/2022 01:15:23,Chamber 3,28-041661c2faff,21.375,T260,44C,off
12/20/2022 01:15:43,Chamber 3,28-041661c2faff,21.375,T260,44C,off
12/20/2022 01:16:03,Chamber 3,28-041661c2faff,21.375,T260,44C,off
12/20/2022 01:16:23,Chamber 3,28-041661c2faff,21.375,T260,44C,off
12/20/2022 01:16:43,Chamber 3,28-041661c2faff,21.375,T260,44C,off
12/20/2022 01:17:03,Chamber 3,28-041661c2faff,21.375,T260,44C,off
12/20/2022 01:17:23,Chamber 3,28-041661c2faff,21.375,T260,44C,off
12/20/2022 01:17:43,Chamber 3,28-041661c2faff,21.375,T260,44C,off
12/20/2022 01:18:03,Chamber 3,28-041661c2faff,21.375,T260,44C,off
12/20/2022 01:18:23,Chamber 3,28-041661c2faff,21.375,T260,44C,off
12/20/2022 01:18:43,Chamber 3,28-041661c2faff,21.375,T260,44C,off
12/20/2022 01:19:03,Chamber 3,28-041661c2faff,21.375,T260,44C,off
12/20/2022 01:19:23,Chamber 3,28-041661c2faff,21.375,T260,44C,off
12/20/2022 01:19:43,Chamber 3,28-041661c2faff,21.375,T260,44C,off
12/20/2022 01:20:03,Chamber 3,28-041661c2faff,21.375,T260,44C,off
12/20/2022 01:20:23,Chamber 3,28-041661c2faff,21.375,T260,44C,off
12/20/2022 01:20:43,Chamber 3,28-041661c2faff,21.375,T260,44C,off
12/20/2022 01:21:03,Chamber 3,28-041661c2faff,21.375,T260,44C,off
12/20/2022 01:21:23,Chamber 3,28-041661c2faff,21.375,T260,44C,off
12/20/2022 01:21:43,Chamber 3,28-041661c2faff,21.375,T260,44C,off
12/20/2022 01:22:03,Chamber 3,28-041661c2faff,21.375,T260,44C,off
12/20/2022 01:22:23,Chamber 3,28-041661c2faff,21.375,T260,44C,off
12/20/2022 01:22:43,Chamber 3,28-041661c2faff,21.375,T260,44C,off
12/20/2022 01:23:03,Chamber 3,28-041661c2faff,21.375,T260,44C,off
12/20/2022 01:23:23,Chamber 3,28-041661c2faff,21.375,T260,44C,off
12/20/2022 01:23:43,Chamber 3,28-041661c2faff,21.375,T260,44C,off
12/20/2022 01:24:03,Chamber 3,28-041661c2faff,21.375,T260,44C,off
12/20/2022 01:24:23,Chamber 3,28-041661c2faff,21.375,T260,44C,off
12/20/2022 01:24:43,Chamber 3,28-041661c2faff,21.375,T260,44C,off
12/20/2022 01:25:03,Chamber 3,28-041661c2faff,21.375,T260,44C,off
12/20/2022 01:25:23,Chamber 3,28-041661c2faff,21.375,T260,44C,off
12/20/2022 01:25:43,Chamber 3,28-041661c2faff,21.375,T260,44C,off
12/20/2022 01:26:03,Chamber 3,28-041661c2faff,21.375,T260,44C,off
12/20/2022 01:26:23,Chamber 3,28-041661c2faff,21.375,T260,44C,off
12/20/2022 01:26:43,Chamber 3,28-041661c2faff,21.375,T260,44C,off
12/20/2022 01:27:03,Chamber 3,28-041661c2faff,21.375,T260,44C,off
12/20/2022 01:27:23,Chamber 3,28-041661c2faff,21.375,T260,44C,off
12/20/2022 01:27:43,Chamber 3,28-041661c2faff,21.375,T260,44C,off
12/20/2022 01:28:03,Chamber 3,28-041661c2faff,21.375,T260,44C,off
12/20/2022 01:28:23,Chamber 3,28-041661c2faff,21.437,T260,44C,off
12/20/2022 01:28:43,Chamber 3,28-041661c2faff,21.375,T260,44C,off
12/20/2022 01:29:03,Chamber 3,28-041661c2faff,21.437,T260,44C,off
12/20/2022 01:29:23,Chamber 3,28-041661c2faff,21.375,T260,44C,off
12/20/2022 01:29:43,Chamber 3,28-041661c2faff,21.437,T260,44C,off
12/20/2022 01:30:03,Chamber 3,28-041661c2faff,21.437,T260,44C,off
12/20/2022 01:30:23,Chamber 3,28-041661c2faff,21.437,T260,44C,off
12/20/2022 01:30:43,Chamber 3,28-041661c2faff,21.437,T260,44C,off
12/20/2022 01:31:03,Chamber 3,28-041661c2faff,21.437,T260,44C,off
12/20/2022 01:31:23,Chamber 3,28-041661c2faff,21.437,T260,44C,off
12/20/2022 01:31:43,Chamber 3,28-041661c2faff,21.437,T260,44C,off
12/20/2022 01:32:03,Chamber 3,28-041661c2faff,21.437,T260,44C,off
12/20/2022 01:32:23,Chamber 3,28-041661c2faff,21.437,T260,44C,off
12/20/2022 01:32:43,Chamber 3,28-041661c2faff,21.437,T260,44C,off
12/20/2022 01:33:03,Chamber 3,28-041661c2faff,21.437,T260,44C,off
12/20/2022 01:33:23,Chamber 3,28-041661c2faff,21.437,T260,44C,off
12/20/2022 01:33:43,Chamber 3,28-041661c2faff,21.437,T260,44C,off
12/20/2022 01:34:03,Chamber 3,28-041661c2faff,21.437,T260,44C,off
12/20/2022 01:34:23,Chamber 3,28-041661c2faff,21.437,T260,44C,off
12/20/2022 01:34:43,Chamber 3,28-041661c2faff,21.437,T260,44C,off
12/20/2022 01:35:03,Chamber 3,28-041661c2faff,21.437,T260,44C,off
12/20/2022 01:35:23,Chamber 3,28-041661c2faff,21.437,T260,44C,off
12/20/2022 01:35:43,Chamber 3,28-041661c2faff,21.437,T260,44C,off
12/20/2022 01:36:03,Chamber 3,28-041661c2faff,21.437,T260,44C,off
12/20/2022 01:36:23,Chamber 3,28-041661c2faff,21.437,T260,44C,off
12/20/2022 01:36:43,Chamber 3,28-041661c2faff,21.437,T260,44C,off
12/20/2022 01:37:03,Chamber 3,28-041661c2faff,21.437,T260,44C,off
12/20/2022 01:37:23,Chamber 3,28-041661c2faff,21.437,T260,44C,off
12/20/2022 01:37:43,Chamber 3,28-041661c2faff,21.375,T260,44C,off
12/20/2022 01:38:03,Chamber 3,28-041661c2faff,21.437,T260,44C,off
12/20/2022 01:38:23,Chamber 3,28-041661c2faff,21.437,T260,44C,off
12/20/2022 01:38:43,Chamber 3,28-041661c2faff,21.437,T260,44C,off
12/20/2022 01:39:03,Chamber 3,28-041661c2faff,21.437,T260,44C,off
12/20/2022 01:39:23,Chamber 3,28-041661c2faff,21.437,T260,44C,off
12/20/2022 01:39:43,Chamber 3,28-041661c2faff,21.437,T260,44C,off
12/20/2022 01:40:03,Chamber 3,28-041661c2faff,21.437,T260,44C,off
12/20/2022 01:40:23,Chamber 3,28-041661c2faff,21.437,T260,44C,off
12/20/2022 01:40:43,Chamber 3,28-041661c2faff,21.437,T260,44C,off
12/20/2022 01:41:03,Chamber 3,28-041661c2faff,21.437,T260,44C,off
12/20/2022 01:41:23,Chamber 3,28-041661c2faff,21.437,T260,44C,off
12/20/2022 01:41:43,Chamber 3,28-041661c2faff,21.437,T260,44C,off
12/20/2022 01:42:03,Chamber 3,28-041661c2faff,21.437,T260,44C,off
12/20/2022 01:42:23,Chamber 3,28-041661c2faff,21.437,T260,44C,off
12/20/2022 01:42:43,Chamber 3,28-041661c2faff,21.437,T260,44C,off
12/20/2022 01:43:03,Chamber 3,28-041661c2faff,21.437,T260,44C,off
12/20/2022 01:43:23,Chamber 3,28-041661c2faff,21.437,T260,44C,off
12/20/2022 01:43:43,Chamber 3,28-041661c2faff,21.437,T260,44C,off
12/20/2022 01:44:03,Chamber 3,28-041661c2faff,21.375,T260,44C,off
12/20/2022 01:44:23,Chamber 3,28-041661c2faff,21.437,T260,44C,off
12/20/2022 01:44:44,Chamber 3,28-041661c2faff,21.437,T260,44C,off
12/20/2022 01:45:03,Chamber 3,28-041661c2faff,21.437,T260,44C,off
12/20/2022 01:45:24,Chamber 3,28-041661c2faff,21.437,T260,44C,off
12/20/2022 01:45:43,Chamber 3,28-041661c2faff,21.437,T260,44C,off
12/20/2022 01:46:04,Chamber 3,28-041661c2faff,21.437,T260,44C,off
12/20/2022 01:46:23,Chamber 3,28-041661c2faff,21.437,T260,44C,off
12/20/2022 01:46:43,Chamber 3,28-041661c2faff,21.375,T260,44C,off
12/20/2022 01:47:03,Chamber 3,28-041661c2faff,21.437,T260,44C,off
12/20/2022 01:47:23,Chamber 3,28-041661c2faff,21.437,T260,44C,off
12/20/2022 01:47:43,Chamber 3,28-041661c2faff,21.437,T260,44C,off
12/20/2022 01:48:03,Chamber 3,28-041661c2faff,21.375,T260,44C,off
12/20/2022 01:48:23,Chamber 3,28-041661c2faff,21.437,T260,44C,off
12/20/2022 01:48:43,Chamber 3,28-041661c2faff,21.437,T260,44C,off
12/20/2022 01:49:03,Chamber 3,28-041661c2faff,21.437,T260,44C,off
12/20/2022 01:49:23,Chamber 3,28-041661c2faff,21.437,T260,44C,off
12/20/2022 01:49:43,Chamber 3,28-041661c2faff,21.437,T260,44C,off
12/20/2022 01:50:03,Chamber 3,28-041661c2faff,21.437,T260,44C,off
12/20/2022 01:50:23,Chamber 3,28-041661c2faff,21.375,T260,44C,off
12/20/2022 01:50:43,Chamber 3,28-041661c2faff,21.437,T260,44C,off
12/20/2022 01:51:03,Chamber 3,28-041661c2faff,21.437,T260,44C,off
12/20/2022 01:51:23,Chamber 3,28-041661c2faff,21.437,T260,44C,off
12/20/2022 01:51:43,Chamber 3,28-041661c2faff,21.437,T260,44C,off
12/20/2022 01:52:03,Chamber 3,28-041661c2faff,21.437,T260,44C,off
12/20/2022 01:52:23,Chamber 3,28-041661c2faff,21.437,T260,44C,off
12/20/2022 01:52:43,Chamber 3,28-041661c2faff,21.437,T260,44C,off
12/20/2022 01:53:03,Chamber 3,28-041661c2faff,21.437,T260,44C,off
12/20/2022 01:53:23,Chamber 3,28-041661c2faff,21.437,T260,44C,off
12/20/2022 01:53:43,Chamber 3,28-041661c2faff,21.437,T260,44C,off
12/20/2022 01:54:03,Chamber 3,28-041661c2faff,21.437,T260,44C,off
12/20/2022 01:54:23,Chamber 3,28-041661c2faff,21.437,T260,44C,off
12/20/2022 01:54:43,Chamber 3,28-041661c2faff,21.437,T260,44C,off
12/20/2022 01:55:03,Chamber 3,28-041661c2faff,21.437,T260,44C,off
12/20/2022 01:55:23,Chamber 3,28-041661c2faff,21.437,T260,44C,off
12/20/2022 01:55:43,Chamber 3,28-041661c2faff,21.437,T260,44C,off
12/20/2022 01:56:03,Chamber 3,28-041661c2faff,21.437,T260,44C,off
12/20/2022 01:56:23,Chamber 3,28-041661c2faff,21.437,T260,44C,off
12/20/2022 01:56:43,Chamber 3,28-041661c2faff,21.437,T260,44C,off
12/20/2022 01:57:03,Chamber 3,28-041661c2faff,21.437,T260,44C,off
12/20/2022 01:57:23,Chamber 3,28-041661c2faff,21.437,T260,44C,off
12/20/2022 01:57:43,Chamber 3,28-041661c2faff,21.437,T260,44C,off
12/20/2022 01:58:03,Chamber 3,28-041661c2faff,21.437,T260,44C,off
12/20/2022 01:58:23,Chamber 3,28-041661c2faff,21.437,T260,44C,off
12/20/2022 01:58:43,Chamber 3,28-041661c2faff,21.437,T260,44C,off
12/20/2022 01:59:03,Chamber 3,28-041661c2faff,21.437,T260,44C,off
12/20/2022 01:59:23,Chamber 3,28-041661c2faff,21.437,T260,44C,off
12/20/2022 01:59:43,Chamber 3,28-041661c2faff,21.437,T260,44C,off
12/20/2022 02:00:02,Chamber 3,28-041661c2faff,21.437,T260,44C,off
12/20/2022 02:00:22,Chamber 3,28-041661c2faff,21.437,T260,44C,off
12/20/2022 02:00:42,Chamber 3,28-041661c2faff,21.437,T260,44C,off
12/20/2022 02:01:02,Chamber 3,28-041661c2faff,21.437,T260,44C,off
12/20/2022 02:01:22,Chamber 3,28-041661c2faff,21.437,T260,44C,off
12/20/2022 02:01:42,Chamber 3,28-041661c2faff,21.437,T260,44C,off
12/20/2022 02:02:02,Chamber 3,28-041661c2faff,21.437,T260,44C,off
12/20/2022 02:02:22,Chamber 3,28-041661c2faff,21.437,T260,44C,off
12/20/2022 02:02:42,Chamber 3,28-041661c2faff,21.437,T260,44C,off
12/20/2022 02:03:02,Chamber 3,28-041661c2faff,21.437,T260,44C,off
12/20/2022 02:03:22,Chamber 3,28-041661c2faff,21.437,T260,44C,off
12/20/2022 02:03:42,Chamber 3,28-041661c2faff,21.437,T260,44C,off
12/20/2022 02:04:02,Chamber 3,28-041661c2faff,21.437,T260,44C,off
12/20/2022 02:04:22,Chamber 3,28-041661c2faff,21.437,T260,44C,off
12/20/2022 02:04:42,Chamber 3,28-041661c2faff,21.437,T260,44C,off
12/20/2022 02:05:02,Chamber 3,28-041661c2faff,21.437,T260,44C,off
12/20/2022 02:05:22,Chamber 3,28-041661c2faff,21.437,T260,44C,off
12/20/2022 02:05:42,Chamber 3,28-041661c2faff,21.437,T260,44C,off
12/20/2022 02:06:02,Chamber 3,28-041661c2faff,21.437,T260,44C,off
12/20/2022 02:06:22,Chamber 3,28-041661c2faff,21.437,T260,44C,off
12/20/2022 02:06:42,Chamber 3,28-041661c2faff,21.437,T260,44C,off
12/20/2022 02:07:02,Chamber 3,28-041661c2faff,21.437,T260,44C,off
12/20/2022 02:07:22,Chamber 3,28-041661c2faff,21.375,T260,44C,off
12/20/2022 02:07:42,Chamber 3,28-041661c2faff,21.437,T260,44C,off
12/20/2022 02:08:02,Chamber 3,28-041661c2faff,21.437,T260,44C,off
12/20/2022 02:08:22,Chamber 3,28-041661c2faff,21.437,T260,44C,off
12/20/2022 02:08:42,Chamber 3,28-041661c2faff,21.375,T260,44C,off
12/20/2022 02:09:02,Chamber 3,28-041661c2faff,21.437,T260,44C,off
12/20/2022 02:09:22,Chamber 3,28-041661c2faff,21.375,T260,44C,off
12/20/2022 02:09:42,Chamber 3,28-041661c2faff,21.375,T260,44C,off
12/20/2022 02:10:02,Chamber 3,28-041661c2faff,21.437,T260,44C,off
12/20/2022 02:10:22,Chamber 3,28-041661c2faff,21.375,T260,44C,off
12/20/2022 02:10:42,Chamber 3,28-041661c2faff,21.375,T260,44C,off
12/20/2022 02:11:02,Chamber 3,28-041661c2faff,21.375,T260,44C,off
12/20/2022 02:11:22,Chamber 3,28-041661c2faff,21.375,T260,44C,off
12/20/2022 02:11:42,Chamber 3,28-041661c2faff,21.375,T260,44C,off
12/20/2022 02:12:02,Chamber 3,28-041661c2faff,21.375,T260,44C,off
12/20/2022 02:12:22,Chamber 3,28-041661c2faff,21.375,T260,44C,off
12/20/2022 02:12:42,Chamber 3,28-041661c2faff,21.375,T260,44C,off
12/20/2022 02:13:02,Chamber 3,28-041661c2faff,21.375,T260,44C,off
12/20/2022 02:13:22,Chamber 3,28-041661c2faff,21.375,T260,44C,off
12/20/2022 02:13:42,Chamber 3,28-041661c2faff,21.375,T260,44C,off
12/20/2022 02:14:02,Chamber 3,28-041661c2faff,21.375,T260,44C,off
12/20/2022 02:14:22,Chamber 3,28-041661c2faff,21.375,T260,44C,off
12/20/2022 02:14:42,Chamber 3,28-041661c2faff,21.375,T260,44C,off
12/20/2022 02:15:02,Chamber 3,28-041661c2faff,21.375,T260,44C,off
12/20/2022 02:15:22,Chamber 3,28-041661c2faff,21.375,T260,44C,off
12/20/2022 02:15:42,Chamber 3,28-041661c2faff,21.375,T260,44C,off
12/20/2022 02:16:02,Chamber 3,28-041661c2faff,21.375,T260,44C,off
12/20/2022 02:16:22,Chamber 3,28-041661c2faff,21.375,T260,44C,off
12/20/2022 02:16:42,Chamber 3,28-041661c2faff,21.375,T260,44C,off
12/20/2022 02:17:02,Chamber 3,28-041661c2faff,21.375,T260,44C,off
12/20/2022 02:17:22,Chamber 3,28-041661c2faff,21.375,T260,44C,off
12/20/2022 02:17:42,Chamber 3,28-041661c2faff,21.375,T260,44C,off
12/20/2022 02:18:02,Chamber 3,28-041661c2faff,21.375,T260,44C,off
12/20/2022 02:18:22,Chamber 3,28-041661c2faff,21.375,T260,44C,off
12/20/2022 02:18:42,Chamber 3,28-041661c2faff,21.375,T260,44C,off
12/20/2022 02:19:02,Chamber 3,28-041661c2faff,21.375,T260,44C,off
12/20/2022 02:19:22,Chamber 3,28-041661c2faff,21.375,T260,44C,off
12/20/2022 02:19:42,Chamber 3,28-041661c2faff,21.375,T260,44C,off
12/20/2022 02:20:02,Chamber 3,28-041661c2faff,21.375,T260,44C,off
12/20/2022 02:20:22,Chamber 3,28-041661c2faff,21.375,T260,44C,off
12/20/2022 02:20:42,Chamber 3,28-041661c2faff,21.375,T260,44C,off
12/20/2022 02:21:02,Chamber 3,28-041661c2faff,21.375,T260,44C,off
12/20/2022 02:21:22,Chamber 3,28-041661c2faff,21.375,T260,44C,off
12/20/2022 02:21:42,Chamber 3,28-041661c2faff,21.375,T260,44C,off
12/20/2022 02:22:02,Chamber 3,28-041661c2faff,21.375,T260,44C,off
12/20/2022 02:22:22,Chamber 3,28-041661c2faff,21.375,T260,44C,off
12/20/2022 02:22:42,Chamber 3,28-041661c2faff,21.375,T260,44C,off
12/20/2022 02:23:02,Chamber 3,28-041661c2faff,21.375,T260,44C,off
12/20/2022 02:23:22,Chamber 3,28-041661c2faff,21.375,T260,44C,off
12/20/2022 02:23:42,Chamber 3,28-041661c2faff,21.375,T260,44C,off
12/20/2022 02:24:02,Chamber 3,28-041661c2faff,21.375,T260,44C,off
12/20/2022 02:24:22,Chamber 3,28-041661c2faff,21.375,T260,44C,off
12/20/2022 02:24:42,Chamber 3,28-041661c2faff,21.375,T260,44C,off
12/20/2022 02:25:02,Chamber 3,28-041661c2faff,21.375,T260,44C,off
12/20/2022 02:25:22,Chamber 3,28-041661c2faff,21.375,T260,44C,off
12/20/2022 02:25:43,Chamber 3,28-041661c2faff,21.375,T260,44C,off
12/20/2022 02:26:03,Chamber 3,28-041661c2faff,21.375,T260,44C,off
12/20/2022 02:26:22,Chamber 3,28-041661c2faff,21.375,T260,44C,off
12/20/2022 02:26:42,Chamber 3,28-041661c2faff,21.375,T260,44C,off
12/20/2022 02:27:02,Chamber 3,28-041661c2faff,21.375,T260,44C,off
12/20/2022 02:27:22,Chamber 3,28-041661c2faff,21.375,T260,44C,off
12/20/2022 02:27:42,Chamber 3,28-041661c2faff,21.375,T260,44C,off
12/20/2022 02:28:02,Chamber 3,28-041661c2faff,21.375,T260,44C,off
12/20/2022 02:28:22,Chamber 3,28-041661c2faff,21.375,T260,44C,off
12/20/2022 02:28:42,Chamber 3,28-041661c2faff,21.375,T260,44C,off
12/20/2022 02:29:02,Chamber 3,28-041661c2faff,21.375,T260,44C,off
12/20/2022 02:29:22,Chamber 3,28-041661c2faff,21.375,T260,44C,off
12/20/2022 02:29:42,Chamber 3,28-041661c2faff,21.375,T260,44C,off
12/20/2022 02:30:02,Chamber 3,28-041661c2faff,21.375,T260,44C,off
12/20/2022 02:30:22,Chamber 3,28-041661c2faff,21.375,T260,44C,off
12/20/2022 02:30:42,Chamber 3,28-041661c2faff,21.375,T260,44C,off
12/20/2022 02:31:02,Chamber 3,28-041661c2faff,21.375,T260,44C,off
12/20/2022 02:31:22,Chamber 3,28-041661c2faff,21.375,T260,44C,off
12/20/2022 02:31:42,Chamber 3,28-041661c2faff,21.375,T260,44C,off
12/20/2022 02:32:02,Chamber 3,28-041661c2faff,21.312,T260,44C,off
12/20/2022 02:32:22,Chamber 3,28-041661c2faff,21.312,T260,44C,off
12/20/2022 02:32:42,Chamber 3,28-041661c2faff,21.312,T260,44C,off
12/20/2022 02:33:02,Chamber 3,28-041661c2faff,21.312,T260,44C,off
12/20/2022 02:33:22,Chamber 3,28-041661c2faff,21.375,T260,44C,off
12/20/2022 02:33:42,Chamber 3,28-041661c2faff,21.375,T260,44C,off
12/20/2022 02:34:02,Chamber 3,28-041661c2faff,21.375,T260,44C,off
12/20/2022 02:34:22,Chamber 3,28-041661c2faff,21.375,T260,44C,off
12/20/2022 02:34:42,Chamber 3,28-041661c2faff,21.312,T260,44C,off
12/20/2022 02:35:02,Chamber 3,28-041661c2faff,21.375,T260,44C,off
12/20/2022 02:35:22,Chamber 3,28-041661c2faff,21.312,T260,44C,off
12/20/2022 02:35:42,Chamber 3,28-041661c2faff,21.375,T260,44C,off
12/20/2022 02:36:02,Chamber 3,28-041661c2faff,21.375,T260,44C,off
12/20/2022 02:36:22,Chamber 3,28-041661c2faff,21.375,T260,44C,off
12/20/2022 02:36:42,Chamber 3,28-041661c2faff,21.312,T260,44C,off
12/20/2022 02:37:02,Chamber 3,28-041661c2faff,21.312,T260,44C,off
12/20/2022 02:37:22,Chamber 3,28-041661c2faff,21.375,T260,44C,off
12/20/2022 02:37:42,Chamber 3,28-041661c2faff,21.312,T260,44C,off
12/20/2022 02:38:02,Chamber 3,28-041661c2faff,21.375,T260,44C,off
12/20/2022 02:38:22,Chamber 3,28-041661c2faff,21.312,T260,44C,off
12/20/2022 02:38:42,Chamber 3,28-041661c2faff,21.375,T260,44C,off
12/20/2022 02:39:02,Chamber 3,28-041661c2faff,21.312,T260,44C,off
12/20/2022 02:39:22,Chamber 3,28-041661c2faff,21.312,T260,44C,off
12/20/2022 02:39:42,Chamber 3,28-041661c2faff,21.312,T260,44C,off
12/20/2022 02:40:02,Chamber 3,28-041661c2faff,21.312,T260,44C,off
12/20/2022 02:40:22,Chamber 3,28-041661c2faff,21.312,T260,44C,off
12/20/2022 02:40:42,Chamber 3,28-041661c2faff,21.312,T260,44C,off
12/20/2022 02:41:02,Chamber 3,28-041661c2faff,21.312,T260,44C,off
12/20/2022 02:41:22,Chamber 3,28-041661c2faff,21.312,T260,44C,off
12/20/2022 02:41:42,Chamber 3,28-041661c2faff,21.312,T260,44C,off
12/20/2022 02:42:02,Chamber 3,28-041661c2faff,21.312,T260,44C,off
12/20/2022 02:42:22,Chamber 3,28-041661c2faff,21.312,T260,44C,off
12/20/2022 02:42:42,Chamber 3,28-041661c2faff,21.312,T260,44C,off
12/20/2022 02:43:02,Chamber 3,28-041661c2faff,21.312,T260,44C,off
12/20/2022 02:43:22,Chamber 3,28-041661c2faff,21.312,T260,44C,off
12/20/2022 02:43:42,Chamber 3,28-041661c2faff,21.312,T260,44C,off
12/20/2022 02:44:02,Chamber 3,28-041661c2faff,21.312,T260,44C,off
12/20/2022 02:44:22,Chamber 3,28-041661c2faff,21.312,T260,44C,off
12/20/2022 02:44:42,Chamber 3,28-041661c2faff,21.312,T260,44C,off
12/20/2022 02:45:02,Chamber 3,28-041661c2faff,21.312,T260,44C,off
12/20/2022 02:45:22,Chamber 3,28-041661c2faff,21.312,T260,44C,off
12/20/2022 02:45:42,Chamber 3,28-041661c2faff,21.312,T260,44C,off
12/20/2022 02:46:02,Chamber 3,28-041661c2faff,21.312,T260,44C,off
12/20/2022 02:46:22,Chamber 3,28-041661c2faff,21.312,T260,44C,off
12/20/2022 02:46:42,Chamber 3,28-041661c2faff,21.375,T260,44C,off
12/20/2022 02:47:02,Chamber 3,28-041661c2faff,21.312,T260,44C,off
12/20/2022 02:47:23,Chamber 3,28-041661c2faff,21.375,T260,44C,off
12/20/2022 02:47:42,Chamber 3,28-041661c2faff,21.375,T260,44C,off
12/20/2022 02:48:03,Chamber 3,28-041661c2faff,21.375,T260,44C,off
12/20/2022 02:48:22,Chamber 3,28-041661c2faff,21.312,T260,44C,off
12/20/2022 02:48:42,Chamber 3,28-041661c2faff,21.312,T260,44C,off
12/20/2022 02:49:02,Chamber 3,28-041661c2faff,21.312,T260,44C,off
12/20/2022 02:49:22,Chamber 3,28-041661c2faff,21.375,T260,44C,off
12/20/2022 02:49:42,Chamber 3,28-041661c2faff,21.312,T260,44C,off
12/20/2022 02:50:02,Chamber 3,28-041661c2faff,21.312,T260,44C,off
12/20/2022 02:50:22,Chamber 3,28-041661c2faff,21.312,T260,44C,off
12/20/2022 02:50:42,Chamber 3,28-041661c2faff,21.312,T260,44C,off
12/20/2022 02:51:02,Chamber 3,28-041661c2faff,21.312,T260,44C,off
12/20/2022 02:51:22,Chamber 3,28-041661c2faff,21.312,T260,44C,off
12/20/2022 02:51:42,Chamber 3,28-041661c2faff,21.312,T260,44C,off
12/20/2022 02:52:02,Chamber 3,28-041661c2faff,21.312,T260,44C,off
12/20/2022 02:52:23,Chamber 3,28-041661c2faff,21.312,T260,44C,off
12/20/2022 02:52:42,Chamber 3,28-041661c2faff,21.312,T260,44C,off
12/20/2022 02:53:02,Chamber 3,28-041661c2faff,21.312,T260,44C,off
12/20/2022 02:53:22,Chamber 3,28-041661c2faff,21.312,T260,44C,off
12/20/2022 02:53:43,Chamber 3,28-041661c2faff,21.312,T260,44C,off
12/20/2022 02:54:02,Chamber 3,28-041661c2faff,21.312,T260,44C,off
12/20/2022 02:54:22,Chamber 3,28-041661c2faff,21.312,T260,44C,off
12/20/2022 02:54:42,Chamber 3,28-041661c2faff,21.312,T260,44C,off
12/20/2022 02:55:02,Chamber 3,28-041661c2faff,21.312,T260,44C,off
12/20/2022 02:55:22,Chamber 3,28-041661c2faff,21.312,T260,44C,off
12/20/2022 02:55:42,Chamber 3,28-041661c2faff,21.312,T260,44C,off
12/20/2022 02:56:02,Chamber 3,28-041661c2faff,21.312,T260,44C,off
12/20/2022 02:56:22,Chamber 3,28-041661c2faff,21.312,T260,44C,off
12/20/2022 02:56:42,Chamber 3,28-041661c2faff,21.312,T260,44C,off
12/20/2022 02:57:02,Chamber 3,28-041661c2faff,21.312,T260,44C,off
12/20/2022 02:57:22,Chamber 3,28-041661c2faff,21.312,T260,44C,off
12/20/2022 02:57:42,Chamber 3,28-041661c2faff,21.312,T260,44C,off
12/20/2022 02:58:02,Chamber 3,28-041661c2faff,21.312,T260,44C,off
12/20/2022 02:58:22,Chamber 3,28-041661c2faff,21.312,T260,44C,off
12/20/2022 02:58:42,Chamber 3,28-041661c2faff,21.312,T260,44C,off
12/20/2022 02:59:02,Chamber 3,28-041661c2faff,21.312,T260,44C,off
12/20/2022 02:59:22,Chamber 3,28-041661c2faff,21.312,T260,44C,off
12/20/2022 02:59:42,Chamber 3,28-041661c2faff,21.312,T260,44C,off
12/20/2022 03:00:03,Chamber 3,28-041661c2faff,21.312,T260,44C,off
12/20/2022 03:00:23,Chamber 3,28-041661c2faff,21.312,T260,44C,off
12/20/2022 03:00:43,Chamber 3,28-041661c2faff,21.312,T260,44C,off
12/20/2022 03:01:03,Chamber 3,28-041661c2faff,21.312,T260,44C,off
12/20/2022 03:01:23,Chamber 3,28-041661c2faff,21.312,T260,44C,off
12/20/2022 03:01:43,Chamber 3,28-041661c2faff,21.312,T260,44C,off
12/20/2022 03:02:03,Chamber 3,28-041661c2faff,21.312,T260,44C,off
12/20/2022 03:02:23,Chamber 3,28-041661c2faff,21.312,T260,44C,off
12/20/2022 03:02:43,Chamber 3,28-041661c2faff,21.312,T260,44C,off
12/20/2022 03:03:03,Chamber 3,28-041661c2faff,21.312,T260,44C,off
12/20/2022 03:03:23,Chamber 3,28-041661c2faff,21.312,T260,44C,off
12/20/2022 03:03:43,Chamber 3,28-041661c2faff,21.312,T260,44C,off
12/20/2022 03:04:03,Chamber 3,28-041661c2faff,21.312,T260,44C,off
12/20/2022 03:04:23,Chamber 3,28-041661c2faff,21.312,T260,44C,off
12/20/2022 03:04:43,Chamber 3,28-041661c2faff,21.312,T260,44C,off
12/20/2022 03:05:03,Chamber 3,28-041661c2faff,21.312,T260,44C,off
12/20/2022 03:05:23,Chamber 3,28-041661c2faff,21.312,T260,44C,off
12/20/2022 03:05:43,Chamber 3,28-041661c2faff,21.312,T260,44C,off
12/20/2022 03:06:03,Chamber 3,28-041661c2faff,21.312,T260,44C,off
12/20/2022 03:06:24,Chamber 3,28-041661c2faff,21.312,T260,44C,off
12/20/2022 03:06:43,Chamber 3,28-041661c2faff,21.312,T260,44C,off
12/20/2022 03:07:03,Chamber 3,28-041661c2faff,21.312,T260,44C,off
12/20/2022 03:07:23,Chamber 3,28-041661c2faff,21.312,T260,44C,off
12/20/2022 03:07:43,Chamber 3,28-041661c2faff,21.312,T260,44C,off
12/20/2022 03:08:03,Chamber 3,28-041661c2faff,21.312,T260,44C,off
12/20/2022 03:08:23,Chamber 3,28-041661c2faff,21.312,T260,44C,off
12/20/2022 03:08:43,Chamber 3,28-041661c2faff,21.312,T260,44C,off
12/20/2022 03:09:03,Chamber 3,28-041661c2faff,21.312,T260,44C,off
12/20/2022 03:09:23,Chamber 3,28-041661c2faff,21.312,T260,44C,off
12/20/2022 03:09:43,Chamber 3,28-041661c2faff,21.312,T260,44C,off
12/20/2022 03:10:03,Chamber 3,28-041661c2faff,21.312,T260,44C,off
12/20/2022 03:10:23,Chamber 3,28-041661c2faff,21.312,T260,44C,off
12/20/2022 03:10:43,Chamber 3,28-041661c2faff,21.312,T260,44C,off
12/20/2022 03:11:03,Chamber 3,28-041661c2faff,21.25,T260,44C,off
12/20/2022 03:11:23,Chamber 3,28-041661c2faff,21.312,T260,44C,off
12/20/2022 03:11:43,Chamber 3,28-041661c2faff,21.25,T260,44C,off
12/20/2022 03:12:03,Chamber 3,28-041661c2faff,21.25,T260,44C,off
12/20/2022 03:12:23,Chamber 3,28-041661c2faff,21.25,T260,44C,off
12/20/2022 03:12:43,Chamber 3,28-041661c2faff,21.25,T260,44C,off
12/20/2022 03:13:03,Chamber 3,28-041661c2faff,21.25,T260,44C,off
12/20/2022 03:13:23,Chamber 3,28-041661c2faff,21.25,T260,44C,off
12/20/2022 03:13:43,Chamber 3,28-041661c2faff,21.25,T260,44C,off
12/20/2022 03:14:03,Chamber 3,28-041661c2faff,21.312,T260,44C,off
12/20/2022 03:14:23,Chamber 3,28-041661c2faff,21.25,T260,44C,off
12/20/2022 03:14:43,Chamber 3,28-041661c2faff,21.25,T260,44C,off
12/20/2022 03:15:03,Chamber 3,28-041661c2faff,21.25,T260,44C,off
12/20/2022 03:15:23,Chamber 3,28-041661c2faff,21.312,T260,44C,off
12/20/2022 03:15:43,Chamber 3,28-041661c2faff,21.25,T260,44C,off
12/20/2022 03:16:03,Chamber 3,28-041661c2faff,21.25,T260,44C,off
12/20/2022 03:16:23,Chamber 3,28-041661c2faff,21.25,T260,44C,off
12/20/2022 03:16:43,Chamber 3,28-041661c2faff,21.25,T260,44C,off
12/20/2022 03:17:03,Chamber 3,28-041661c2faff,21.25,T260,44C,off
12/20/2022 03:17:23,Chamber 3,28-041661c2faff,21.25,T260,44C,off
12/20/2022 03:17:43,Chamber 3,28-041661c2faff,21.25,T260,44C,off
12/20/2022 03:18:03,Chamber 3,28-041661c2faff,21.25,T260,44C,off
12/20/2022 03:18:23,Chamber 3,28-041661c2faff,21.25,T260,44C,off
12/20/2022 03:18:43,Chamber 3,28-041661c2faff,21.25,T260,44C,off
12/20/2022 03:19:03,Chamber 3,28-041661c2faff,21.25,T260,44C,off
12/20/2022 03:19:23,Chamber 3,28-041661c2faff,21.25,T260,44C,off
12/20/2022 03:19:43,Chamber 3,28-041661c2faff,21.25,T260,44C,off
12/20/2022 03:20:03,Chamber 3,28-041661c2faff,21.25,T260,44C,off
12/20/2022 03:20:23,Chamber 3,28-041661c2faff,21.25,T260,44C,off
12/20/2022 03:20:43,Chamber 3,28-041661c2faff,21.25,T260,44C,off
12/20/2022 03:21:03,Chamber 3,28-041661c2faff,21.25,T260,44C,off
12/20/2022 03:21:23,Chamber 3,28-041661c2faff,21.25,T260,44C,off
12/20/2022 03:21:43,Chamber 3,28-041661c2faff,21.25,T260,44C,off
12/20/2022 03:22:03,Chamber 3,28-041661c2faff,21.25,T260,44C,off
12/20/2022 03:22:23,Chamber 3,28-041661c2faff,21.25,T260,44C,off
12/20/2022 03:22:43,Chamber 3,28-041661c2faff,21.25,T260,44C,off
12/20/2022 03:23:03,Chamber 3,28-041661c2faff,21.25,T260,44C,off
12/20/2022 03:23:23,Chamber 3,28-041661c2faff,21.25,T260,44C,off
12/20/2022 03:23:43,Chamber 3,28-041661c2faff,21.25,T260,44C,off
12/20/2022 03:24:03,Chamber 3,28-041661c2faff,21.25,T260,44C,off
12/20/2022 03:24:23,Chamber 3,28-041661c2faff,21.25,T260,44C,off
12/20/2022 03:24:43,Chamber 3,28-041661c2faff,21.25,T260,44C,off
12/20/2022 03:25:03,Chamber 3,28-041661c2faff,21.25,T260,44C,off
12/20/2022 03:25:23,Chamber 3,28-041661c2faff,21.25,T260,44C,off
12/20/2022 03:25:43,Chamber 3,28-041661c2faff,21.25,T260,44C,off
12/20/2022 03:26:03,Chamber 3,28-041661c2faff,21.25,T260,44C,off
12/20/2022 03:26:23,Chamber 3,28-041661c2faff,21.25,T260,44C,off
12/20/2022 03:26:43,Chamber 3,28-041661c2faff,21.25,T260,44C,off
12/20/2022 03:27:03,Chamber 3,28-041661c2faff,21.25,T260,44C,off
12/20/2022 03:27:23,Chamber 3,28-041661c2faff,21.25,T260,44C,off
12/20/2022 03:27:43,Chamber 3,28-041661c2faff,21.25,T260,44C,off
12/20/2022 03:28:03,Chamber 3,28-041661c2faff,21.25,T260,44C,off
12/20/2022 03:28:23,Chamber 3,28-041661c2faff,21.25,T260,44C,off
12/20/2022 03:28:44,Chamber 3,28-041661c2faff,21.25,T260,44C,off
12/20/2022 03:29:04,Chamber 3,28-041661c2faff,21.25,T260,44C,off
12/20/2022 03:29:23,Chamber 3,28-041661c2faff,21.25,T260,44C,off
12/20/2022 03:29:43,Chamber 3,28-041661c2faff,21.25,T260,44C,off
12/20/2022 03:30:03,Chamber 3,28-041661c2faff,21.25,T260,44C,off
12/20/2022 03:30:23,Chamber 3,28-041661c2faff,21.25,T260,44C,off
12/20/2022 03:30:43,Chamber 3,28-041661c2faff,21.25,T260,44C,off
12/20/2022 03:31:03,Chamber 3,28-041661c2faff,21.25,T260,44C,off
12/20/2022 03:31:23,Chamber 3,28-041661c2faff,21.25,T260,44C,off
12/20/2022 03:31:43,Chamber 3,28-041661c2faff,21.25,T260,44C,off
12/20/2022 03:32:03,Chamber 3,28-041661c2faff,21.25,T260,44C,off
12/20/2022 03:32:23,Chamber 3,28-041661c2faff,21.25,T260,44C,off
12/20/2022 03:32:43,Chamber 3,28-041661c2faff,21.25,T260,44C,off
12/20/2022 03:33:03,Chamber 3,28-041661c2faff,21.25,T260,44C,off
12/20/2022 03:33:23,Chamber 3,28-041661c2faff,21.25,T260,44C,off
12/20/2022 03:33:43,Chamber 3,28-041661c2faff,21.25,T260,44C,off
12/20/2022 03:34:03,Chamber 3,28-041661c2faff,21.25,T260,44C,off
12/20/2022 03:34:23,Chamber 3,28-041661c2faff,21.25,T260,44C,off
12/20/2022 03:34:43,Chamber 3,28-041661c2faff,21.25,T260,44C,off
12/20/2022 03:35:03,Chamber 3,28-041661c2faff,21.25,T260,44C,off
12/20/2022 03:35:23,Chamber 3,28-041661c2faff,21.25,T260,44C,off
12/20/2022 03:35:43,Chamber 3,28-041661c2faff,21.25,T260,44C,off
12/20/2022 03:36:03,Chamber 3,28-041661c2faff,21.25,T260,44C,off
12/20/2022 03:36:23,Chamber 3,28-041661c2faff,21.25,T260,44C,off
12/20/2022 03:36:43,Chamber 3,28-041661c2faff,21.25,T260,44C,off
12/20/2022 03:37:03,Chamber 3,28-041661c2faff,21.25,T260,44C,off
12/20/2022 03:37:23,Chamber 3,28-041661c2faff,21.25,T260,44C,off
12/20/2022 03:37:43,Chamber 3,28-041661c2faff,21.25,T260,44C,off
12/20/2022 03:38:03,Chamber 3,28-041661c2faff,21.25,T260,44C,off
12/20/2022 03:38:23,Chamber 3,28-041661c2faff,21.25,T260,44C,off
12/20/2022 03:38:43,Chamber 3,28-041661c2faff,21.25,T260,44C,off
12/20/2022 03:39:03,Chamber 3,28-041661c2faff,21.25,T260,44C,off
12/20/2022 03:39:23,Chamber 3,28-041661c2faff,21.25,T260,44C,off
12/20/2022 03:39:43,Chamber 3,28-041661c2faff,21.25,T260,44C,off
12/20/2022 03:40:03,Chamber 3,28-041661c2faff,21.25,T260,44C,off
12/20/2022 03:40:23,Chamber 3,28-041661c2faff,21.25,T260,44C,off
12/20/2022 03:40:43,Chamber 3,28-041661c2faff,21.25,T260,44C,off
12/20/2022 03:41:04,Chamber 3,28-041661c2faff,21.25,T260,44C,off
12/20/2022 03:41:23,Chamber 3,28-041661c2faff,21.25,T260,44C,off
12/20/2022 03:41:43,Chamber 3,28-041661c2faff,21.25,T260,44C,off
12/20/2022 03:42:03,Chamber 3,28-041661c2faff,21.25,T260,44C,off
12/20/2022 03:42:23,Chamber 3,28-041661c2faff,21.25,T260,44C,off
12/20/2022 03:42:43,Chamber 3,28-041661c2faff,21.25,T260,44C,off
12/20/2022 03:43:03,Chamber 3,28-041661c2faff,21.25,T260,44C,off
12/20/2022 03:43:23,Chamber 3,28-041661c2faff,21.25,T260,44C,off
12/20/2022 03:43:43,Chamber 3,28-041661c2faff,21.25,T260,44C,off
12/20/2022 03:44:03,Chamber 3,28-041661c2faff,21.25,T260,44C,off
12/20/2022 03:44:23,Chamber 3,28-041661c2faff,21.25,T260,44C,off
12/20/2022 03:44:43,Chamber 3,28-041661c2faff,21.25,T260,44C,off
12/20/2022 03:45:03,Chamber 3,28-041661c2faff,21.25,T260,44C,off
12/20/2022 03:45:23,Chamber 3,28-041661c2faff,21.25,T260,44C,off
12/20/2022 03:45:43,Chamber 3,28-041661c2faff,21.25,T260,44C,off
12/20/2022 03:46:03,Chamber 3,28-041661c2faff,21.25,T260,44C,off
12/20/2022 03:46:23,Chamber 3,28-041661c2faff,21.25,T260,44C,off
12/20/2022 03:46:43,Chamber 3,28-041661c2faff,21.25,T260,44C,off
12/20/2022 03:47:03,Chamber 3,28-041661c2faff,21.25,T260,44C,off
12/20/2022 03:47:23,Chamber 3,28-041661c2faff,21.25,T260,44C,off
12/20/2022 03:47:43,Chamber 3,28-041661c2faff,21.25,T260,44C,off
12/20/2022 03:48:03,Chamber 3,28-041661c2faff,21.25,T260,44C,off
12/20/2022 03:48:23,Chamber 3,28-041661c2faff,21.25,T260,44C,off
12/20/2022 03:48:43,Chamber 3,28-041661c2faff,21.25,T260,44C,off
12/20/2022 03:49:04,Chamber 3,28-041661c2faff,21.25,T260,44C,off
12/20/2022 03:49:23,Chamber 3,28-041661c2faff,21.25,T260,44C,off
12/20/2022 03:49:43,Chamber 3,28-041661c2faff,21.25,T260,44C,off
12/20/2022 03:50:03,Chamber 3,28-041661c2faff,21.25,T260,44C,off
12/20/2022 03:50:23,Chamber 3,28-041661c2faff,21.25,T260,44C,off
12/20/2022 03:50:43,Chamber 3,28-041661c2faff,21.25,T260,44C,off
12/20/2022 03:51:03,Chamber 3,28-041661c2faff,21.25,T260,44C,off
12/20/2022 03:51:23,Chamber 3,28-041661c2faff,21.25,T260,44C,off
12/20/2022 03:51:43,Chamber 3,28-041661c2faff,21.25,T260,44C,off
12/20/2022 03:52:03,Chamber 3,28-041661c2faff,21.25,T260,44C,off
12/20/2022 03:52:23,Chamber 3,28-041661c2faff,21.25,T260,44C,off
12/20/2022 03:52:43,Chamber 3,28-041661c2faff,21.25,T260,44C,off
12/20/2022 03:53:03,Chamber 3,28-041661c2faff,21.25,T260,44C,off
12/20/2022 03:53:23,Chamber 3,28-041661c2faff,21.25,T260,44C,off
12/20/2022 03:53:43,Chamber 3,28-041661c2faff,21.25,T260,44C,off
12/20/2022 03:54:03,Chamber 3,28-041661c2faff,21.25,T260,44C,off
12/20/2022 03:54:23,Chamber 3,28-041661c2faff,21.25,T260,44C,off
12/20/2022 03:54:43,Chamber 3,28-041661c2faff,21.25,T260,44C,off
12/20/2022 03:55:03,Chamber 3,28-041661c2faff,21.25,T260,44C,off
12/20/2022 03:55:23,Chamber 3,28-041661c2faff,21.25,T260,44C,off
12/20/2022 03:55:43,Chamber 3,28-041661c2faff,21.25,T260,44C,off
12/20/2022 03:56:03,Chamber 3,28-041661c2faff,21.25,T260,44C,off
12/20/2022 03:56:23,Chamber 3,28-041661c2faff,21.25,T260,44C,off
12/20/2022 03:56:43,Chamber 3,28-041661c2faff,21.25,T260,44C,off
12/20/2022 03:57:03,Chamber 3,28-041661c2faff,21.25,T260,44C,off
12/20/2022 03:57:23,Chamber 3,28-041661c2faff,21.25,T260,44C,off
12/20/2022 03:57:43,Chamber 3,28-041661c2faff,21.25,T260,44C,off
12/20/2022 03:58:03,Chamber 3,28-041661c2faff,21.25,T260,44C,off
12/20/2022 03:58:23,Chamber 3,28-041661c2faff,21.187,T260,44C,off
12/20/2022 03:58:43,Chamber 3,28-041661c2faff,21.187,T260,44C,off
12/20/2022 03:59:04,Chamber 3,28-041661c2faff,21.25,T260,44C,off
12/20/2022 03:59:23,Chamber 3,28-041661c2faff,21.25,T260,44C,off
12/20/2022 03:59:44,Chamber 3,28-041661c2faff,21.25,T260,44C,off
12/20/2022 04:00:02,Chamber 3,28-041661c2faff,21.25,T260,44C,off
12/20/2022 04:00:22,Chamber 3,28-041661c2faff,21.25,T260,44C,off
12/20/2022 04:00:42,Chamber 3,28-041661c2faff,21.187,T260,44C,off
12/20/2022 04:01:02,Chamber 3,28-041661c2faff,21.187,T260,44C,off
12/20/2022 04:01:22,Chamber 3,28-041661c2faff,21.25,T260,44C,off
12/20/2022 04:01:42,Chamber 3,28-041661c2faff,21.187,T260,44C,off
12/20/2022 04:02:02,Chamber 3,28-041661c2faff,21.187,T260,44C,off
12/20/2022 04:02:22,Chamber 3,28-041661c2faff,21.187,T260,44C,off
12/20/2022 04:02:42,Chamber 3,28-041661c2faff,21.187,T260,44C,off
12/20/2022 04:03:02,Chamber 3,28-041661c2faff,21.187,T260,44C,off
12/20/2022 04:03:22,Chamber 3,28-041661c2faff,21.187,T260,44C,off
12/20/2022 04:03:42,Chamber 3,28-041661c2faff,21.187,T260,44C,off
12/20/2022 04:04:02,Chamber 3,28-041661c2faff,21.187,T260,44C,off
12/20/2022 04:04:22,Chamber 3,28-041661c2faff,21.187,T260,44C,off
12/20/2022 04:04:42,Chamber 3,28-041661c2faff,21.187,T260,44C,off
12/20/2022 04:05:02,Chamber 3,28-041661c2faff,21.187,T260,44C,off
12/20/2022 04:05:22,Chamber 3,28-041661c2faff,21.187,T260,44C,off
12/20/2022 04:05:42,Chamber 3,28-041661c2faff,21.187,T260,44C,off
12/20/2022 04:06:02,Chamber 3,28-041661c2faff,21.187,T260,44C,off
12/20/2022 04:06:22,Chamber 3,28-041661c2faff,21.187,T260,44C,off
12/20/2022 04:06:42,Chamber 3,28-041661c2faff,21.187,T260,44C,off
12/20/2022 04:07:02,Chamber 3,28-041661c2faff,21.187,T260,44C,off
12/20/2022 04:07:22,Chamber 3,28-041661c2faff,21.187,T260,44C,off
12/20/2022 04:07:42,Chamber 3,28-041661c2faff,21.187,T260,44C,off
12/20/2022 04:08:02,Chamber 3,28-041661c2faff,21.187,T260,44C,off
12/20/2022 04:08:22,Chamber 3,28-041661c2faff,21.187,T260,44C,off
12/20/2022 04:08:42,Chamber 3,28-041661c2faff,21.187,T260,44C,off
12/20/2022 04:09:02,Chamber 3,28-041661c2faff,21.187,T260,44C,off
12/20/2022 04:09:22,Chamber 3,28-041661c2faff,21.187,T260,44C,off
12/20/2022 04:09:42,Chamber 3,28-041661c2faff,21.187,T260,44C,off
12/20/2022 04:10:02,Chamber 3,28-041661c2faff,21.187,T260,44C,off
12/20/2022 04:10:22,Chamber 3,28-041661c2faff,21.187,T260,44C,off
12/20/2022 04:10:42,Chamber 3,28-041661c2faff,21.187,T260,44C,off
12/20/2022 04:11:02,Chamber 3,28-041661c2faff,21.187,T260,44C,off
12/20/2022 04:11:22,Chamber 3,28-041661c2faff,21.187,T260,44C,off
12/20/2022 04:11:42,Chamber 3,28-041661c2faff,21.187,T260,44C,off
12/20/2022 04:12:02,Chamber 3,28-041661c2faff,21.187,T260,44C,off
12/20/2022 04:12:22,Chamber 3,28-041661c2faff,21.187,T260,44C,off
12/20/2022 04:12:42,Chamber 3,28-041661c2faff,21.187,T260,44C,off
12/20/2022 04:13:02,Chamber 3,28-041661c2faff,21.187,T260,44C,off
12/20/2022 04:13:22,Chamber 3,28-041661c2faff,21.187,T260,44C,off
12/20/2022 04:13:42,Chamber 3,28-041661c2faff,21.187,T260,44C,off
12/20/2022 04:14:02,Chamber 3,28-041661c2faff,21.187,T260,44C,off
12/20/2022 04:14:22,Chamber 3,28-041661c2faff,21.187,T260,44C,off
12/20/2022 04:14:42,Chamber 3,28-041661c2faff,21.187,T260,44C,off
12/20/2022 04:15:02,Chamber 3,28-041661c2faff,21.187,T260,44C,off
12/20/2022 04:15:22,Chamber 3,28-041661c2faff,21.187,T260,44C,off
12/20/2022 04:15:42,Chamber 3,28-041661c2faff,21.187,T260,44C,off
12/20/2022 04:16:02,Chamber 3,28-041661c2faff,21.187,T260,44C,off
12/20/2022 04:16:22,Chamber 3,28-041661c2faff,21.187,T260,44C,off
12/20/2022 04:16:43,Chamber 3,28-041661c2faff,21.187,T260,44C,off
12/20/2022 04:17:02,Chamber 3,28-041661c2faff,21.187,T260,44C,off
12/20/2022 04:17:22,Chamber 3,28-041661c2faff,21.187,T260,44C,off
12/20/2022 04:17:42,Chamber 3,28-041661c2faff,21.187,T260,44C,off
12/20/2022 04:18:02,Chamber 3,28-041661c2faff,21.187,T260,44C,off
12/20/2022 04:18:22,Chamber 3,28-041661c2faff,21.187,T260,44C,off
12/20/2022 04:18:42,Chamber 3,28-041661c2faff,21.187,T260,44C,off
12/20/2022 04:19:02,Chamber 3,28-041661c2faff,21.187,T260,44C,off
12/20/2022 04:19:22,Chamber 3,28-041661c2faff,21.187,T260,44C,off
12/20/2022 04:19:42,Chamber 3,28-041661c2faff,21.187,T260,44C,off
12/20/2022 04:20:02,Chamber 3,28-041661c2faff,21.187,T260,44C,off
12/20/2022 04:20:22,Chamber 3,28-041661c2faff,21.187,T260,44C,off
12/20/2022 04:20:42,Chamber 3,28-041661c2faff,21.187,T260,44C,off
12/20/2022 04:21:02,Chamber 3,28-041661c2faff,21.187,T260,44C,off
12/20/2022 04:21:22,Chamber 3,28-041661c2faff,21.187,T260,44C,off
12/20/2022 04:21:42,Chamber 3,28-041661c2faff,21.187,T260,44C,off
12/20/2022 04:22:02,Chamber 3,28-041661c2faff,21.187,T260,44C,off
12/20/2022 04:22:22,Chamber 3,28-041661c2faff,21.187,T260,44C,off
12/20/2022 04:22:42,Chamber 3,28-041661c2faff,21.187,T260,44C,off
12/20/2022 04:23:02,Chamber 3,28-041661c2faff,21.187,T260,44C,off
12/20/2022 04:23:22,Chamber 3,28-041661c2faff,21.187,T260,44C,off
12/20/2022 04:23:42,Chamber 3,28-041661c2faff,21.187,T260,44C,off
12/20/2022 04:24:02,Chamber 3,28-041661c2faff,21.187,T260,44C,off
12/20/2022 04:24:22,Chamber 3,28-041661c2faff,21.187,T260,44C,off
12/20/2022 04:24:42,Chamber 3,28-041661c2faff,21.187,T260,44C,off
12/20/2022 04:25:02,Chamber 3,28-041661c2faff,21.187,T260,44C,off
12/20/2022 04:25:22,Chamber 3,28-041661c2faff,21.187,T260,44C,off
12/20/2022 04:25:42,Chamber 3,28-041661c2faff,21.187,T260,44C,off
12/20/2022 04:26:02,Chamber 3,28-041661c2faff,21.187,T260,44C,off
12/20/2022 04:26:22,Chamber 3,28-041661c2faff,21.187,T260,44C,off
12/20/2022 04:26:42,Chamber 3,28-041661c2faff,21.187,T260,44C,off
12/20/2022 04:27:02,Chamber 3,28-041661c2faff,21.187,T260,44C,off
12/20/2022 04:27:22,Chamber 3,28-041661c2faff,21.187,T260,44C,off
12/20/2022 04:27:42,Chamber 3,28-041661c2faff,21.187,T260,44C,off
12/20/2022 04:28:02,Chamber 3,28-041661c2faff,21.187,T260,44C,off
12/20/2022 04:28:22,Chamber 3,28-041661c2faff,21.187,T260,44C,off
12/20/2022 04:28:42,Chamber 3,28-041661c2faff,21.187,T260,44C,off
12/20/2022 04:29:02,Chamber 3,28-041661c2faff,21.187,T260,44C,off
12/20/2022 04:29:22,Chamber 3,28-041661c2faff,21.187,T260,44C,off
12/20/2022 04:29:42,Chamber 3,28-041661c2faff,21.187,T260,44C,off
12/20/2022 04:30:02,Chamber 3,28-041661c2faff,21.187,T260,44C,off
12/20/2022 04:30:22,Chamber 3,28-041661c2faff,21.187,T260,44C,off
12/20/2022 04:30:42,Chamber 3,28-041661c2faff,21.187,T260,44C,off
12/20/2022 04:31:02,Chamber 3,28-041661c2faff,21.187,T260,44C,off
12/20/2022 04:31:22,Chamber 3,28-041661c2faff,21.187,T260,44C,off
12/20/2022 04:31:42,Chamber 3,28-041661c2faff,21.187,T260,44C,off
12/20/2022 04:32:02,Chamber 3,28-041661c2faff,21.187,T260,44C,off
12/20/2022 04:32:22,Chamber 3,28-041661c2faff,21.187,T260,44C,off
12/20/2022 04:32:42,Chamber 3,28-041661c2faff,21.187,T260,44C,off
12/20/2022 04:33:02,Chamber 3,28-041661c2faff,21.187,T260,44C,off
12/20/2022 04:33:22,Chamber 3,28-041661c2faff,21.187,T260,44C,off
12/20/2022 04:33:42,Chamber 3,28-041661c2faff,21.187,T260,44C,off
12/20/2022 04:34:02,Chamber 3,28-041661c2faff,21.187,T260,44C,off
12/20/2022 04:34:22,Chamber 3,28-041661c2faff,21.187,T260,44C,off
12/20/2022 04:34:42,Chamber 3,28-041661c2faff,21.187,T260,44C,off
12/20/2022 04:35:02,Chamber 3,28-041661c2faff,21.125,T260,44C,off
12/20/2022 04:35:22,Chamber 3,28-041661c2faff,21.125,T260,44C,off
12/20/2022 04:35:42,Chamber 3,28-041661c2faff,21.125,T260,44C,off
12/20/2022 04:36:02,Chamber 3,28-041661c2faff,21.125,T260,44C,off
12/20/2022 04:36:22,Chamber 3,28-041661c2faff,21.125,T260,44C,off
12/20/2022 04:36:42,Chamber 3,28-041661c2faff,21.125,T260,44C,off
12/20/2022 04:37:02,Chamber 3,28-041661c2faff,21.125,T260,44C,off
12/20/2022 04:37:22,Chamber 3,28-041661c2faff,21.125,T260,44C,off
12/20/2022 04:37:42,Chamber 3,28-041661c2faff,21.125,T260,44C,off
12/20/2022 04:38:02,Chamber 3,28-041661c2faff,21.125,T260,44C,off
12/20/2022 04:38:22,Chamber 3,28-041661c2faff,21.125,T260,44C,off
12/20/2022 04:38:42,Chamber 3,28-041661c2faff,21.125,T260,44C,off
12/20/2022 04:39:02,Chamber 3,28-041661c2faff,21.125,T260,44C,off
12/20/2022 04:39:22,Chamber 3,28-041661c2faff,21.125,T260,44C,off
12/20/2022 04:39:42,Chamber 3,28-041661c2faff,21.125,T260,44C,off
12/20/2022 04:40:02,Chamber 3,28-041661c2faff,21.125,T260,44C,off
12/20/2022 04:40:22,Chamber 3,28-041661c2faff,21.125,T260,44C,off
12/20/2022 04:40:42,Chamber 3,28-041661c2faff,21.125,T260,44C,off
12/20/2022 04:41:02,Chamber 3,28-041661c2faff,21.125,T260,44C,off
12/20/2022 04:41:22,Chamber 3,28-041661c2faff,21.125,T260,44C,off
12/20/2022 04:41:42,Chamber 3,28-041661c2faff,21.125,T260,44C,off
12/20/2022 04:42:02,Chamber 3,28-041661c2faff,21.125,T260,44C,off
12/20/2022 04:42:22,Chamber 3,28-041661c2faff,21.125,T260,44C,off
12/20/2022 04:42:42,Chamber 3,28-041661c2faff,21.125,T260,44C,off
12/20/2022 04:43:02,Chamber 3,28-041661c2faff,21.125,T260,44C,off
12/20/2022 04:43:22,Chamber 3,28-041661c2faff,21.125,T260,44C,off
12/20/2022 04:43:42,Chamber 3,28-041661c2faff,21.125,T260,44C,off
12/20/2022 04:44:02,Chamber 3,28-041661c2faff,21.125,T260,44C,off
12/20/2022 04:44:22,Chamber 3,28-041661c2faff,21.125,T260,44C,off
12/20/2022 04:44:42,Chamber 3,28-041661c2faff,21.125,T260,44C,off
12/20/2022 04:45:02,Chamber 3,28-041661c2faff,21.125,T260,44C,off
12/20/2022 04:45:22,Chamber 3,28-041661c2faff,21.125,T260,44C,off
12/20/2022 04:45:42,Chamber 3,28-041661c2faff,21.125,T260,44C,off
12/20/2022 04:46:02,Chamber 3,28-041661c2faff,21.125,T260,44C,off
12/20/2022 04:46:22,Chamber 3,28-041661c2faff,21.125,T260,44C,off
12/20/2022 04:46:42,Chamber 3,28-041661c2faff,21.125,T260,44C,off
12/20/2022 04:47:02,Chamber 3,28-041661c2faff,21.125,T260,44C,off
12/20/2022 04:47:22,Chamber 3,28-041661c2faff,21.125,T260,44C,off
12/20/2022 04:47:42,Chamber 3,28-041661c2faff,21.125,T260,44C,off
12/20/2022 04:48:02,Chamber 3,28-041661c2faff,21.125,T260,44C,off
12/20/2022 04:48:22,Chamber 3,28-041661c2faff,21.125,T260,44C,off
12/20/2022 04:48:42,Chamber 3,28-041661c2faff,21.125,T260,44C,off
12/20/2022 04:49:02,Chamber 3,28-041661c2faff,21.125,T260,44C,off
12/20/2022 04:49:22,Chamber 3,28-041661c2faff,21.125,T260,44C,off
12/20/2022 04:49:42,Chamber 3,28-041661c2faff,21.125,T260,44C,off
12/20/2022 04:50:02,Chamber 3,28-041661c2faff,21.125,T260,44C,off
12/20/2022 04:50:22,Chamber 3,28-041661c2faff,21.125,T260,44C,off
12/20/2022 04:50:42,Chamber 3,28-041661c2faff,21.125,T260,44C,off
12/20/2022 04:51:02,Chamber 3,28-041661c2faff,21.125,T260,44C,off
12/20/2022 04:51:22,Chamber 3,28-041661c2faff,21.125,T260,44C,off
12/20/2022 04:51:42,Chamber 3,28-041661c2faff,21.125,T260,44C,off
12/20/2022 04:52:02,Chamber 3,28-041661c2faff,21.125,T260,44C,off
12/20/2022 04:52:22,Chamber 3,28-041661c2faff,21.125,T260,44C,off
12/20/2022 04:52:42,Chamber 3,28-041661c2faff,21.125,T260,44C,off
12/20/2022 04:53:02,Chamber 3,28-041661c2faff,21.125,T260,44C,off
12/20/2022 04:53:22,Chamber 3,28-041661c2faff,21.125,T260,44C,off
12/20/2022 04:53:42,Chamber 3,28-041661c2faff,21.125,T260,44C,off
12/20/2022 04:54:02,Chamber 3,28-041661c2faff,21.125,T260,44C,off
12/20/2022 04:54:22,Chamber 3,28-041661c2faff,21.125,T260,44C,off
12/20/2022 04:54:42,Chamber 3,28-041661c2faff,21.125,T260,44C,off
12/20/2022 04:55:02,Chamber 3,28-041661c2faff,21.125,T260,44C,off
12/20/2022 04:55:22,Chamber 3,28-041661c2faff,21.125,T260,44C,off
12/20/2022 04:55:42,Chamber 3,28-041661c2faff,21.125,T260,44C,off
12/20/2022 04:56:02,Chamber 3,28-041661c2faff,21.125,T260,44C,off
12/20/2022 04:56:22,Chamber 3,28-041661c2faff,21.125,T260,44C,off
12/20/2022 04:56:42,Chamber 3,28-041661c2faff,21.125,T260,44C,off
12/20/2022 04:57:02,Chamber 3,28-041661c2faff,21.125,T260,44C,off
12/20/2022 04:57:22,Chamber 3,28-041661c2faff,21.125,T260,44C,off
12/20/2022 04:57:42,Chamber 3,28-041661c2faff,21.125,T260,44C,off
12/20/2022 04:58:02,Chamber 3,28-041661c2faff,21.125,T260,44C,off
12/20/2022 04:58:22,Chamber 3,28-041661c2faff,21.125,T260,44C,off
12/20/2022 04:58:42,Chamber 3,28-041661c2faff,21.125,T260,44C,off
12/20/2022 04:59:02,Chamber 3,28-041661c2faff,21.125,T260,44C,off
12/20/2022 04:59:22,Chamber 3,28-041661c2faff,21.125,T260,44C,off
12/20/2022 04:59:42,Chamber 3,28-041661c2faff,21.125,T260,44C,off
12/20/2022 05:00:03,Chamber 3,28-041661c2faff,21.125,T260,44C,off
12/20/2022 05:00:23,Chamber 3,28-041661c2faff,21.125,T260,44C,off
12/20/2022 05:00:43,Chamber 3,28-041661c2faff,21.125,T260,44C,off
12/20/2022 05:01:03,Chamber 3,28-041661c2faff,21.125,T260,44C,off
12/20/2022 05:01:23,Chamber 3,28-041661c2faff,21.125,T260,44C,off
12/20/2022 05:01:43,Chamber 3,28-041661c2faff,21.125,T260,44C,off
12/20/2022 05:02:03,Chamber 3,28-041661c2faff,21.125,T260,44C,off
12/20/2022 05:02:23,Chamber 3,28-041661c2faff,21.125,T260,44C,off
12/20/2022 05:02:43,Chamber 3,28-041661c2faff,21.125,T260,44C,off
12/20/2022 05:03:03,Chamber 3,28-041661c2faff,21.125,T260,44C,off
12/20/2022 05:03:23,Chamber 3,28-041661c2faff,21.125,T260,44C,off
12/20/2022 05:03:43,Chamber 3,28-041661c2faff,21.062,T260,44C,off
12/20/2022 05:04:03,Chamber 3,28-041661c2faff,21.125,T260,44C,off
12/20/2022 05:04:23,Chamber 3,28-041661c2faff,21.125,T260,44C,off
12/20/2022 05:04:43,Chamber 3,28-041661c2faff,21.125,T260,44C,off
12/20/2022 05:05:03,Chamber 3,28-041661c2faff,21.125,T260,44C,off
12/20/2022 05:05:23,Chamber 3,28-041661c2faff,21.125,T260,44C,off
12/20/2022 05:05:43,Chamber 3,28-041661c2faff,21.125,T260,44C,off
12/20/2022 05:06:03,Chamber 3,28-041661c2faff,21.125,T260,44C,off
12/20/2022 05:06:23,Chamber 3,28-041661c2faff,21.125,T260,44C,off
12/20/2022 05:06:43,Chamber 3,28-041661c2faff,21.062,T260,44C,off
12/20/2022 05:07:03,Chamber 3,28-041661c2faff,21.062,T260,44C,off
12/20/2022 05:07:24,Chamber 3,28-041661c2faff,21.125,T260,44C,off
12/20/2022 05:07:43,Chamber 3,28-041661c2faff,21.062,T260,44C,off
12/20/2022 05:08:03,Chamber 3,28-041661c2faff,21.062,T260,44C,off
12/20/2022 05:08:23,Chamber 3,28-041661c2faff,21.125,T260,44C,off
12/20/2022 05:08:43,Chamber 3,28-041661c2faff,21.125,T260,44C,off
12/20/2022 05:09:03,Chamber 3,28-041661c2faff,21.062,T260,44C,off
12/20/2022 05:09:23,Chamber 3,28-041661c2faff,21.062,T260,44C,off
12/20/2022 05:09:43,Chamber 3,28-041661c2faff,21.062,T260,44C,off
12/20/2022 05:10:03,Chamber 3,28-041661c2faff,21.062,T260,44C,off
12/20/2022 05:10:23,Chamber 3,28-041661c2faff,21.062,T260,44C,off
12/20/2022 05:10:43,Chamber 3,28-041661c2faff,21.062,T260,44C,off
12/20/2022 05:11:03,Chamber 3,28-041661c2faff,21.062,T260,44C,off
12/20/2022 05:11:23,Chamber 3,28-041661c2faff,21.062,T260,44C,off
12/20/2022 05:11:43,Chamber 3,28-041661c2faff,21.062,T260,44C,off
12/20/2022 05:12:03,Chamber 3,28-041661c2faff,21.062,T260,44C,off
12/20/2022 05:12:23,Chamber 3,28-041661c2faff,21.062,T260,44C,off
12/20/2022 05:12:43,Chamber 3,28-041661c2faff,21.062,T260,44C,off
12/20/2022 05:13:03,Chamber 3,28-041661c2faff,21.062,T260,44C,off
12/20/2022 05:13:23,Chamber 3,28-041661c2faff,21.062,T260,44C,off
12/20/2022 05:13:43,Chamber 3,28-041661c2faff,21.062,T260,44C,off
12/20/2022 05:14:03,Chamber 3,28-041661c2faff,21.062,T260,44C,off
12/20/2022 05:14:23,Chamber 3,28-041661c2faff,21.062,T260,44C,off
12/20/2022 05:14:43,Chamber 3,28-041661c2faff,21.062,T260,44C,off
12/20/2022 05:15:03,Chamber 3,28-041661c2faff,21.062,T260,44C,off
12/20/2022 05:15:23,Chamber 3,28-041661c2faff,21.062,T260,44C,off
12/20/2022 05:15:43,Chamber 3,28-041661c2faff,21.062,T260,44C,off
12/20/2022 05:16:03,Chamber 3,28-041661c2faff,21.062,T260,44C,off
12/20/2022 05:16:23,Chamber 3,28-041661c2faff,21.062,T260,44C,off
12/20/2022 05:16:43,Chamber 3,28-041661c2faff,21.062,T260,44C,off
12/20/2022 05:17:03,Chamber 3,28-041661c2faff,21.062,T260,44C,off
12/20/2022 05:17:23,Chamber 3,28-041661c2faff,21.062,T260,44C,off
12/20/2022 05:17:43,Chamber 3,28-041661c2faff,21.062,T260,44C,off
12/20/2022 05:18:03,Chamber 3,28-041661c2faff,21.062,T260,44C,off
12/20/2022 05:18:23,Chamber 3,28-041661c2faff,21.062,T260,44C,off
12/20/2022 05:18:43,Chamber 3,28-041661c2faff,21.062,T260,44C,off
12/20/2022 05:19:03,Chamber 3,28-041661c2faff,21.062,T260,44C,off
12/20/2022 05:19:23,Chamber 3,28-041661c2faff,21.062,T260,44C,off
12/20/2022 05:19:43,Chamber 3,28-041661c2faff,21.062,T260,44C,off
12/20/2022 05:20:03,Chamber 3,28-041661c2faff,21.062,T260,44C,off
12/20/2022 05:20:23,Chamber 3,28-041661c2faff,21.062,T260,44C,off
12/20/2022 05:20:44,Chamber 3,28-041661c2faff,21.062,T260,44C,off
12/20/2022 05:21:03,Chamber 3,28-041661c2faff,21.062,T260,44C,off
12/20/2022 05:21:23,Chamber 3,28-041661c2faff,21.062,T260,44C,off
12/20/2022 05:21:43,Chamber 3,28-041661c2faff,21.062,T260,44C,off
12/20/2022 05:22:04,Chamber 3,28-041661c2faff,21.062,T260,44C,off
12/20/2022 05:22:23,Chamber 3,28-041661c2faff,21.062,T260,44C,off
12/20/2022 05:22:43,Chamber 3,28-041661c2faff,21.062,T260,44C,off
12/20/2022 05:23:03,Chamber 3,28-041661c2faff,21.062,T260,44C,off
12/20/2022 05:23:23,Chamber 3,28-041661c2faff,21.062,T260,44C,off
12/20/2022 05:23:43,Chamber 3,28-041661c2faff,21.062,T260,44C,off
12/20/2022 05:24:03,Chamber 3,28-041661c2faff,21.062,T260,44C,off
12/20/2022 05:24:23,Chamber 3,28-041661c2faff,21.062,T260,44C,off
12/20/2022 05:24:43,Chamber 3,28-041661c2faff,21.062,T260,44C,off
12/20/2022 05:25:03,Chamber 3,28-041661c2faff,21.062,T260,44C,off
12/20/2022 05:25:23,Chamber 3,28-041661c2faff,21.062,T260,44C,off
12/20/2022 05:25:43,Chamber 3,28-041661c2faff,21.062,T260,44C,off
12/20/2022 05:26:03,Chamber 3,28-041661c2faff,21.062,T260,44C,off
12/20/2022 05:26:23,Chamber 3,28-041661c2faff,21.062,T260,44C,off
12/20/2022 05:26:43,Chamber 3,28-041661c2faff,21.062,T260,44C,off
12/20/2022 05:27:03,Chamber 3,28-041661c2faff,21.062,T260,44C,off
12/20/2022 05:27:23,Chamber 3,28-041661c2faff,21.062,T260,44C,off
12/20/2022 05:27:43,Chamber 3,28-041661c2faff,21.062,T260,44C,off
12/20/2022 05:28:03,Chamber 3,28-041661c2faff,21.062,T260,44C,off
12/20/2022 05:28:23,Chamber 3,28-041661c2faff,21.062,T260,44C,off
12/20/2022 05:28:43,Chamber 3,28-041661c2faff,21.062,T260,44C,off
12/20/2022 05:29:03,Chamber 3,28-041661c2faff,21.062,T260,44C,off
12/20/2022 05:29:23,Chamber 3,28-041661c2faff,21.062,T260,44C,off
12/20/2022 05:29:44,Chamber 3,28-041661c2faff,21.125,T260,44C,off
12/20/2022 05:30:03,Chamber 3,28-041661c2faff,21.062,T260,44C,off
12/20/2022 05:30:23,Chamber 3,28-041661c2faff,21.062,T260,44C,off
12/20/2022 05:30:44,Chamber 3,28-041661c2faff,21.062,T260,44C,off
12/20/2022 05:31:03,Chamber 3,28-041661c2faff,21.062,T260,44C,off
12/20/2022 05:31:23,Chamber 3,28-041661c2faff,21.125,T260,44C,off
12/20/2022 05:31:43,Chamber 3,28-041661c2faff,21.125,T260,44C,off
12/20/2022 05:32:03,Chamber 3,28-041661c2faff,21.125,T260,44C,off
12/20/2022 05:32:23,Chamber 3,28-041661c2faff,21.125,T260,44C,off
12/20/2022 05:32:43,Chamber 3,28-041661c2faff,21.125,T260,44C,off
12/20/2022 05:33:03,Chamber 3,28-041661c2faff,21.125,T260,44C,off
12/20/2022 05:33:23,Chamber 3,28-041661c2faff,21.125,T260,44C,off
12/20/2022 05:33:43,Chamber 3,28-041661c2faff,21.125,T260,44C,off
12/20/2022 05:34:03,Chamber 3,28-041661c2faff,21.125,T260,44C,off
12/20/2022 05:34:23,Chamber 3,28-041661c2faff,21.125,T260,44C,off
12/20/2022 05:34:43,Chamber 3,28-041661c2faff,21.125,T260,44C,off
12/20/2022 05:35:03,Chamber 3,28-041661c2faff,21.125,T260,44C,off
12/20/2022 05:35:23,Chamber 3,28-041661c2faff,21.125,T260,44C,off
12/20/2022 05:35:43,Chamber 3,28-041661c2faff,21.125,T260,44C,off
12/20/2022 05:36:03,Chamber 3,28-041661c2faff,21.125,T260,44C,off
12/20/2022 05:36:23,Chamber 3,28-041661c2faff,21.125,T260,44C,off
12/20/2022 05:36:43,Chamber 3,28-041661c2faff,21.125,T260,44C,off
12/20/2022 05:37:03,Chamber 3,28-041661c2faff,21.125,T260,44C,off
12/20/2022 05:37:23,Chamber 3,28-041661c2faff,21.125,T260,44C,off
12/20/2022 05:37:43,Chamber 3,28-041661c2faff,21.125,T260,44C,off
12/20/2022 05:38:03,Chamber 3,28-041661c2faff,21.125,T260,44C,off
12/20/2022 05:38:23,Chamber 3,28-041661c2faff,21.125,T260,44C,off
12/20/2022 05:38:43,Chamber 3,28-041661c2faff,21.125,T260,44C,off
12/20/2022 05:39:03,Chamber 3,28-041661c2faff,21.125,T260,44C,off
12/20/2022 05:39:23,Chamber 3,28-041661c2faff,21.125,T260,44C,off
12/20/2022 05:39:43,Chamber 3,28-041661c2faff,21.125,T260,44C,off
12/20/2022 05:40:03,Chamber 3,28-041661c2faff,21.125,T260,44C,off
12/20/2022 05:40:23,Chamber 3,28-041661c2faff,21.125,T260,44C,off
12/20/2022 05:40:43,Chamber 3,28-041661c2faff,21.125,T260,44C,off
12/20/2022 05:41:03,Chamber 3,28-041661c2faff,21.125,T260,44C,off
12/20/2022 05:41:23,Chamber 3,28-041661c2faff,21.187,T260,44C,off
12/20/2022 05:41:43,Chamber 3,28-041661c2faff,21.187,T260,44C,off
12/20/2022 05:42:03,Chamber 3,28-041661c2faff,21.125,T260,44C,off
12/20/2022 05:42:23,Chamber 3,28-041661c2faff,21.187,T260,44C,off
12/20/2022 05:42:43,Chamber 3,28-041661c2faff,21.187,T260,44C,off
12/20/2022 05:43:03,Chamber 3,28-041661c2faff,21.187,T260,44C,off
12/20/2022 05:43:23,Chamber 3,28-041661c2faff,21.187,T260,44C,off
12/20/2022 05:43:43,Chamber 3,28-041661c2faff,21.187,T260,44C,off
12/20/2022 05:44:03,Chamber 3,28-041661c2faff,21.187,T260,44C,off
12/20/2022 05:44:23,Chamber 3,28-041661c2faff,21.187,T260,44C,off
12/20/2022 05:44:43,Chamber 3,28-041661c2faff,21.187,T260,44C,off
12/20/2022 05:45:03,Chamber 3,28-041661c2faff,21.187,T260,44C,off
12/20/2022 05:45:23,Chamber 3,28-041661c2faff,21.187,T260,44C,off
12/20/2022 05:45:43,Chamber 3,28-041661c2faff,21.187,T260,44C,off
12/20/2022 05:46:04,Chamber 3,28-041661c2faff,21.187,T260,44C,off
12/20/2022 05:46:23,Chamber 3,28-041661c2faff,21.187,T260,44C,off
12/20/2022 05:46:43,Chamber 3,28-041661c2faff,21.187,T260,44C,off
12/20/2022 05:47:03,Chamber 3,28-041661c2faff,21.187,T260,44C,off
12/20/2022 05:47:23,Chamber 3,28-041661c2faff,21.187,T260,44C,off
12/20/2022 05:47:43,Chamber 3,28-041661c2faff,21.187,T260,44C,off
12/20/2022 05:48:03,Chamber 3,28-041661c2faff,21.187,T260,44C,off
12/20/2022 05:48:23,Chamber 3,28-041661c2faff,21.187,T260,44C,off
12/20/2022 05:48:43,Chamber 3,28-041661c2faff,21.187,T260,44C,off
12/20/2022 05:49:03,Chamber 3,28-041661c2faff,21.187,T260,44C,off
12/20/2022 05:49:23,Chamber 3,28-041661c2faff,21.187,T260,44C,off
12/20/2022 05:49:43,Chamber 3,28-041661c2faff,21.187,T260,44C,off
12/20/2022 05:50:03,Chamber 3,28-041661c2faff,21.187,T260,44C,off
12/20/2022 05:50:25,Chamber 3,28-041661c2faff,21.25,T260,44C,off
12/20/2022 05:50:43,Chamber 3,28-041661c2faff,21.25,T260,44C,off
12/20/2022 05:51:03,Chamber 3,28-041661c2faff,21.187,T260,44C,off
12/20/2022 05:51:23,Chamber 3,28-041661c2faff,21.25,T260,44C,off
12/20/2022 05:51:43,Chamber 3,28-041661c2faff,21.187,T260,44C,off
12/20/2022 05:52:03,Chamber 3,28-041661c2faff,21.25,T260,44C,off
12/20/2022 05:52:23,Chamber 3,28-041661c2faff,21.25,T260,44C,off
12/20/2022 05:52:43,Chamber 3,28-041661c2faff,21.25,T260,44C,off
12/20/2022 05:53:04,Chamber 3,28-041661c2faff,21.25,T260,44C,off
12/20/2022 05:53:23,Chamber 3,28-041661c2faff,21.25,T260,44C,off
12/20/2022 05:53:43,Chamber 3,28-041661c2faff,21.25,T260,44C,off
12/20/2022 05:54:03,Chamber 3,28-041661c2faff,21.25,T260,44C,off
12/20/2022 05:54:23,Chamber 3,28-041661c2faff,21.25,T260,44C,off
12/20/2022 05:54:43,Chamber 3,28-041661c2faff,21.25,T260,44C,off
12/20/2022 05:55:03,Chamber 3,28-041661c2faff,21.25,T260,44C,off
12/20/2022 05:55:23,Chamber 3,28-041661c2faff,21.25,T260,44C,off
12/20/2022 05:55:43,Chamber 3,28-041661c2faff,21.25,T260,44C,off
12/20/2022 05:56:03,Chamber 3,28-041661c2faff,21.25,T260,44C,off
12/20/2022 05:56:23,Chamber 3,28-041661c2faff,21.25,T260,44C,off
12/20/2022 05:56:43,Chamber 3,28-041661c2faff,21.25,T260,44C,off
12/20/2022 05:57:03,Chamber 3,28-041661c2faff,21.25,T260,44C,off
12/20/2022 05:57:23,Chamber 3,28-041661c2faff,21.25,T260,44C,off
12/20/2022 05:57:43,Chamber 3,28-041661c2faff,21.25,T260,44C,off
12/20/2022 05:58:03,Chamber 3,28-041661c2faff,21.25,T260,44C,off
12/20/2022 05:58:23,Chamber 3,28-041661c2faff,21.25,T260,44C,off
12/20/2022 05:58:43,Chamber 3,28-041661c2faff,21.25,T260,44C,off
12/20/2022 05:59:03,Chamber 3,28-041661c2faff,21.25,T260,44C,off
12/20/2022 05:59:23,Chamber 3,28-041661c2faff,21.25,T260,44C,off
12/20/2022 05:59:43,Chamber 3,28-041661c2faff,21.25,T260,44C,off
12/20/2022 06:00:02,Chamber 3,28-041661c2faff,21.25,T260,44C,off
12/20/2022 06:00:22,Chamber 3,28-041661c2faff,21.312,T260,44C,off
12/20/2022 06:00:42,Chamber 3,28-041661c2faff,21.25,T260,44C,off
12/20/2022 06:01:02,Chamber 3,28-041661c2faff,21.312,T260,44C,off
12/20/2022 06:01:22,Chamber 3,28-041661c2faff,21.312,T260,44C,off
12/20/2022 06:01:42,Chamber 3,28-041661c2faff,21.312,T260,44C,off
12/20/2022 06:02:02,Chamber 3,28-041661c2faff,21.312,T260,44C,off
12/20/2022 06:02:22,Chamber 3,28-041661c2faff,21.312,T260,44C,off
12/20/2022 06:02:42,Chamber 3,28-041661c2faff,21.312,T260,44C,off
12/20/2022 06:03:02,Chamber 3,28-041661c2faff,21.312,T260,44C,off
12/20/2022 06:03:22,Chamber 3,28-041661c2faff,21.312,T260,44C,off
12/20/2022 06:03:42,Chamber 3,28-041661c2faff,21.312,T260,44C,off
12/20/2022 06:04:02,Chamber 3,28-041661c2faff,21.312,T260,44C,off
12/20/2022 06:04:22,Chamber 3,28-041661c2faff,21.312,T260,44C,off
12/20/2022 06:04:42,Chamber 3,28-041661c2faff,21.312,T260,44C,off
12/20/2022 06:05:02,Chamber 3,28-041661c2faff,21.312,T260,44C,off
12/20/2022 06:05:22,Chamber 3,28-041661c2faff,21.312,T260,44C,off
12/20/2022 06:05:43,Chamber 3,28-041661c2faff,21.312,T260,44C,off
12/20/2022 06:06:02,Chamber 3,28-041661c2faff,21.312,T260,44C,off
12/20/2022 06:06:22,Chamber 3,28-041661c2faff,21.312,T260,44C,off
12/20/2022 06:06:42,Chamber 3,28-041661c2faff,21.312,T260,44C,off
12/20/2022 06:07:02,Chamber 3,28-041661c2faff,21.312,T260,44C,off
12/20/2022 06:07:22,Chamber 3,28-041661c2faff,21.312,T260,44C,off
12/20/2022 06:07:42,Chamber 3,28-041661c2faff,21.312,T260,44C,off
12/20/2022 06:08:02,Chamber 3,28-041661c2faff,21.312,T260,44C,off
12/20/2022 06:08:22,Chamber 3,28-041661c2faff,21.312,T260,44C,off
12/20/2022 06:08:42,Chamber 3,28-041661c2faff,21.312,T260,44C,off
12/20/2022 06:09:02,Chamber 3,28-041661c2faff,21.312,T260,44C,off
12/20/2022 06:09:22,Chamber 3,28-041661c2faff,21.312,T260,44C,off
12/20/2022 06:09:42,Chamber 3,28-041661c2faff,21.312,T260,44C,off
12/20/2022 06:10:02,Chamber 3,28-041661c2faff,21.312,T260,44C,off
12/20/2022 06:10:22,Chamber 3,28-041661c2faff,21.312,T260,44C,off
12/20/2022 06:10:42,Chamber 3,28-041661c2faff,21.312,T260,44C,off
12/20/2022 06:11:02,Chamber 3,28-041661c2faff,21.312,T260,44C,off
12/20/2022 06:11:22,Chamber 3,28-041661c2faff,21.312,T260,44C,off
12/20/2022 06:11:42,Chamber 3,28-041661c2faff,21.312,T260,44C,off
12/20/2022 06:12:02,Chamber 3,28-041661c2faff,21.375,T260,44C,off
12/20/2022 06:12:22,Chamber 3,28-041661c2faff,21.312,T260,44C,off
12/20/2022 06:12:42,Chamber 3,28-041661c2faff,21.375,T260,44C,off
12/20/2022 06:13:02,Chamber 3,28-041661c2faff,21.375,T260,44C,off
12/20/2022 06:13:22,Chamber 3,28-041661c2faff,21.375,T260,44C,off
12/20/2022 06:13:42,Chamber 3,28-041661c2faff,21.375,T260,44C,off
12/20/2022 06:14:02,Chamber 3,28-041661c2faff,21.375,T260,44C,off
12/20/2022 06:14:22,Chamber 3,28-041661c2faff,21.375,T260,44C,off
12/20/2022 06:14:42,Chamber 3,28-041661c2faff,21.375,T260,44C,off
12/20/2022 06:15:02,Chamber 3,28-041661c2faff,21.375,T260,44C,off
12/20/2022 06:15:22,Chamber 3,28-041661c2faff,21.375,T260,44C,off
12/20/2022 06:15:42,Chamber 3,28-041661c2faff,21.375,T260,44C,off
12/20/2022 06:16:02,Chamber 3,28-041661c2faff,21.375,T260,44C,off
12/20/2022 06:16:22,Chamber 3,28-041661c2faff,21.375,T260,44C,off
12/20/2022 06:16:42,Chamber 3,28-041661c2faff,21.375,T260,44C,off
12/20/2022 06:17:02,Chamber 3,28-041661c2faff,21.375,T260,44C,off
12/20/2022 06:17:22,Chamber 3,28-041661c2faff,21.375,T260,44C,off
12/20/2022 06:17:42,Chamber 3,28-041661c2faff,21.375,T260,44C,off
12/20/2022 06:18:02,Chamber 3,28-041661c2faff,21.375,T260,44C,off
12/20/2022 06:18:22,Chamber 3,28-041661c2faff,21.375,T260,44C,off
12/20/2022 06:18:42,Chamber 3,28-041661c2faff,21.375,T260,44C,off
12/20/2022 06:19:02,Chamber 3,28-041661c2faff,21.375,T260,44C,off
12/20/2022 06:19:22,Chamber 3,28-041661c2faff,21.375,T260,44C,off
12/20/2022 06:19:42,Chamber 3,28-041661c2faff,21.375,T260,44C,off
12/20/2022 06:20:02,Chamber 3,28-041661c2faff,21.375,T260,44C,off
12/20/2022 06:20:22,Chamber 3,28-041661c2faff,21.375,T260,44C,off
12/20/2022 06:20:42,Chamber 3,28-041661c2faff,21.375,T260,44C,off
12/20/2022 06:21:02,Chamber 3,28-041661c2faff,21.375,T260,44C,off
12/20/2022 06:21:22,Chamber 3,28-041661c2faff,21.375,T260,44C,off
12/20/2022 06:21:42,Chamber 3,28-041661c2faff,21.375,T260,44C,off
12/20/2022 06:22:02,Chamber 3,28-041661c2faff,21.375,T260,44C,off
12/20/2022 06:22:22,Chamber 3,28-041661c2faff,21.375,T260,44C,off
12/20/2022 06:22:42,Chamber 3,28-041661c2faff,21.375,T260,44C,off
12/20/2022 06:23:02,Chamber 3,28-041661c2faff,21.437,T260,44C,off
12/20/2022 06:23:22,Chamber 3,28-041661c2faff,21.375,T260,44C,off
12/20/2022 06:23:42,Chamber 3,28-041661c2faff,21.437,T260,44C,off
12/20/2022 06:24:02,Chamber 3,28-041661c2faff,21.437,T260,44C,off
12/20/2022 06:24:22,Chamber 3,28-041661c2faff,21.437,T260,44C,off
12/20/2022 06:24:42,Chamber 3,28-041661c2faff,21.437,T260,44C,off
12/20/2022 06:25:02,Chamber 3,28-041661c2faff,21.437,T260,44C,off
12/20/2022 06:25:22,Chamber 3,28-041661c2faff,21.437,T260,44C,off
12/20/2022 06:25:42,Chamber 3,28-041661c2faff,21.437,T260,44C,off
12/20/2022 06:26:02,Chamber 3,28-041661c2faff,21.437,T260,44C,off
12/20/2022 06:26:22,Chamber 3,28-041661c2faff,21.437,T260,44C,off
12/20/2022 06:26:42,Chamber 3,28-041661c2faff,21.437,T260,44C,off
12/20/2022 06:27:02,Chamber 3,28-041661c2faff,21.437,T260,44C,off
12/20/2022 06:27:22,Chamber 3,28-041661c2faff,21.437,T260,44C,off
12/20/2022 06:27:42,Chamber 3,28-041661c2faff,21.437,T260,44C,off
12/20/2022 06:28:02,Chamber 3,28-041661c2faff,21.437,T260,44C,off
12/20/2022 06:28:22,Chamber 3,28-041661c2faff,21.437,T260,44C,off
12/20/2022 06:28:42,Chamber 3,28-041661c2faff,21.437,T260,44C,off
12/20/2022 06:29:02,Chamber 3,28-041661c2faff,21.437,T260,44C,off
12/20/2022 06:29:22,Chamber 3,28-041661c2faff,21.437,T260,44C,off
12/20/2022 06:29:43,Chamber 3,28-041661c2faff,21.437,T260,44C,off
12/20/2022 06:30:02,Chamber 3,28-041661c2faff,21.437,T260,44C,off
12/20/2022 06:30:22,Chamber 3,28-041661c2faff,21.437,T260,44C,off
12/20/2022 06:30:42,Chamber 3,28-041661c2faff,21.437,T260,44C,off
12/20/2022 06:31:02,Chamber 3,28-041661c2faff,21.437,T260,44C,off
12/20/2022 06:31:22,Chamber 3,28-041661c2faff,21.437,T260,44C,off
12/20/2022 06:31:42,Chamber 3,28-041661c2faff,21.437,T260,44C,off
12/20/2022 06:32:02,Chamber 3,28-041661c2faff,21.437,T260,44C,off
12/20/2022 06:32:22,Chamber 3,28-041661c2faff,21.437,T260,44C,off
12/20/2022 06:32:42,Chamber 3,28-041661c2faff,21.437,T260,44C,off
12/20/2022 06:33:02,Chamber 3,28-041661c2faff,21.437,T260,44C,off
12/20/2022 06:33:22,Chamber 3,28-041661c2faff,21.437,T260,44C,off
12/20/2022 06:33:42,Chamber 3,28-041661c2faff,21.437,T260,44C,off
12/20/2022 06:34:02,Chamber 3,28-041661c2faff,21.437,T260,44C,off
12/20/2022 06:34:22,Chamber 3,28-041661c2faff,21.437,T260,44C,off
12/20/2022 06:34:42,Chamber 3,28-041661c2faff,21.437,T260,44C,off
12/20/2022 06:35:02,Chamber 3,28-041661c2faff,21.437,T260,44C,off
12/20/2022 06:35:22,Chamber 3,28-041661c2faff,21.437,T260,44C,off
12/20/2022 06:35:42,Chamber 3,28-041661c2faff,21.437,T260,44C,off
12/20/2022 06:36:02,Chamber 3,28-041661c2faff,21.437,T260,44C,off
12/20/2022 06:36:22,Chamber 3,28-041661c2faff,21.437,T260,44C,off
12/20/2022 06:36:42,Chamber 3,28-041661c2faff,21.437,T260,44C,off
12/20/2022 06:37:02,Chamber 3,28-041661c2faff,21.437,T260,44C,off
12/20/2022 06:37:22,Chamber 3,28-041661c2faff,21.437,T260,44C,off
12/20/2022 06:37:42,Chamber 3,28-041661c2faff,21.437,T260,44C,off
12/20/2022 06:38:02,Chamber 3,28-041661c2faff,21.437,T260,44C,off
12/20/2022 06:38:22,Chamber 3,28-041661c2faff,21.437,T260,44C,off
12/20/2022 06:38:42,Chamber 3,28-041661c2faff,21.437,T260,44C,off
12/20/2022 06:39:02,Chamber 3,28-041661c2faff,21.437,T260,44C,off
12/20/2022 06:39:22,Chamber 3,28-041661c2faff,21.5,T260,44C,off
12/20/2022 06:39:42,Chamber 3,28-041661c2faff,21.5,T260,44C,off
12/20/2022 06:40:02,Chamber 3,28-041661c2faff,21.5,T260,44C,off
12/20/2022 06:40:22,Chamber 3,28-041661c2faff,21.437,T260,44C,off
12/20/2022 06:40:42,Chamber 3,28-041661c2faff,21.437,T260,44C,off
12/20/2022 06:41:02,Chamber 3,28-041661c2faff,21.437,T260,44C,off
12/20/2022 06:41:22,Chamber 3,28-041661c2faff,21.5,T260,44C,off
12/20/2022 06:41:42,Chamber 3,28-041661c2faff,21.5,T260,44C,off
12/20/2022 06:42:02,Chamber 3,28-041661c2faff,21.5,T260,44C,off
12/20/2022 06:42:22,Chamber 3,28-041661c2faff,21.5,T260,44C,off
12/20/2022 06:42:43,Chamber 3,28-041661c2faff,21.5,T260,44C,off
12/20/2022 06:43:02,Chamber 3,28-041661c2faff,21.5,T260,44C,off
12/20/2022 06:43:22,Chamber 3,28-041661c2faff,21.5,T260,44C,off
12/20/2022 06:43:42,Chamber 3,28-041661c2faff,21.5,T260,44C,off
12/20/2022 06:44:02,Chamber 3,28-041661c2faff,21.5,T260,44C,off
12/20/2022 06:44:22,Chamber 3,28-041661c2faff,21.5,T260,44C,off
12/20/2022 06:44:42,Chamber 3,28-041661c2faff,21.5,T260,44C,off
12/20/2022 06:45:02,Chamber 3,28-041661c2faff,21.5,T260,44C,off
12/20/2022 06:45:22,Chamber 3,28-041661c2faff,21.5,T260,44C,off
12/20/2022 06:45:42,Chamber 3,28-041661c2faff,21.5,T260,44C,off
12/20/2022 06:46:02,Chamber 3,28-041661c2faff,21.5,T260,44C,off
12/20/2022 06:46:22,Chamber 3,28-041661c2faff,21.5,T260,44C,off
12/20/2022 06:46:42,Chamber 3,28-041661c2faff,21.5,T260,44C,off
12/20/2022 06:47:02,Chamber 3,28-041661c2faff,21.5,T260,44C,off
12/20/2022 06:47:22,Chamber 3,28-041661c2faff,21.5,T260,44C,off
12/20/2022 06:47:42,Chamber 3,28-041661c2faff,21.5,T260,44C,off
12/20/2022 06:48:02,Chamber 3,28-041661c2faff,21.5,T260,44C,off
12/20/2022 06:48:22,Chamber 3,28-041661c2faff,21.5,T260,44C,off
12/20/2022 06:48:42,Chamber 3,28-041661c2faff,21.5,T260,44C,off
12/20/2022 06:49:02,Chamber 3,28-041661c2faff,21.5,T260,44C,off
12/20/2022 06:49:22,Chamber 3,28-041661c2faff,21.5,T260,44C,off
12/20/2022 06:49:42,Chamber 3,28-041661c2faff,21.5,T260,44C,off
12/20/2022 06:50:02,Chamber 3,28-041661c2faff,21.5,T260,44C,off
12/20/2022 06:50:22,Chamber 3,28-041661c2faff,21.5,T260,44C,off
12/20/2022 06:50:42,Chamber 3,28-041661c2faff,21.5,T260,44C,off
12/20/2022 06:51:02,Chamber 3,28-041661c2faff,21.5,T260,44C,off
12/20/2022 06:51:22,Chamber 3,28-041661c2faff,21.5,T260,44C,off
12/20/2022 06:51:42,Chamber 3,28-041661c2faff,21.5,T260,44C,off
12/20/2022 06:52:02,Chamber 3,28-041661c2faff,21.5,T260,44C,off
12/20/2022 06:52:22,Chamber 3,28-041661c2faff,21.5,T260,44C,off
12/20/2022 06:52:42,Chamber 3,28-041661c2faff,21.5,T260,44C,off
12/20/2022 06:53:02,Chamber 3,28-041661c2faff,21.5,T260,44C,off
12/20/2022 06:53:22,Chamber 3,28-041661c2faff,21.5,T260,44C,off
12/20/2022 06:53:42,Chamber 3,28-041661c2faff,21.5,T260,44C,off
12/20/2022 06:54:02,Chamber 3,28-041661c2faff,21.5,T260,44C,off
12/20/2022 06:54:22,Chamber 3,28-041661c2faff,21.5,T260,44C,off
12/20/2022 06:54:43,Chamber 3,28-041661c2faff,21.5,T260,44C,off
12/20/2022 06:55:02,Chamber 3,28-041661c2faff,21.5,T260,44C,off
12/20/2022 06:55:22,Chamber 3,28-041661c2faff,21.5,T260,44C,off
12/20/2022 06:55:42,Chamber 3,28-041661c2faff,21.5,T260,44C,off
12/20/2022 06:56:02,Chamber 3,28-041661c2faff,21.5,T260,44C,off
12/20/2022 06:56:22,Chamber 3,28-041661c2faff,21.5,T260,44C,off
12/20/2022 06:56:42,Chamber 3,28-041661c2faff,21.5,T260,44C,off
12/20/2022 06:57:02,Chamber 3,28-041661c2faff,21.5,T260,44C,off
12/20/2022 06:57:22,Chamber 3,28-041661c2faff,21.5,T260,44C,off
12/20/2022 06:57:42,Chamber 3,28-041661c2faff,21.5,T260,44C,off
12/20/2022 06:58:02,Chamber 3,28-041661c2faff,21.5,T260,44C,off
12/20/2022 06:58:22,Chamber 3,28-041661c2faff,21.5,T260,44C,off
12/20/2022 06:58:42,Chamber 3,28-041661c2faff,21.5,T260,44C,off
12/20/2022 06:59:02,Chamber 3,28-041661c2faff,21.5,T260,44C,off
12/20/2022 06:59:22,Chamber 3,28-041661c2faff,21.5,T260,44C,off
12/20/2022 06:59:42,Chamber 3,28-041661c2faff,21.5,T260,44C,off
12/20/2022 07:00:03,Chamber 3,28-041661c2faff,21.5,T260,44C,off
12/20/2022 07:00:23,Chamber 3,28-041661c2faff,21.5,T260,44C,off
12/20/2022 07:00:43,Chamber 3,28-041661c2faff,21.5,T260,44C,off
12/20/2022 07:01:03,Chamber 3,28-041661c2faff,21.5,T260,44C,off
12/20/2022 07:01:23,Chamber 3,28-041661c2faff,21.5,T260,44C,off
12/20/2022 07:01:43,Chamber 3,28-041661c2faff,21.5,T260,44C,off
12/20/2022 07:02:03,Chamber 3,28-041661c2faff,21.5,T260,44C,off
12/20/2022 07:02:23,Chamber 3,28-041661c2faff,21.5,T260,44C,off
12/20/2022 07:02:43,Chamber 3,28-041661c2faff,21.5,T260,44C,off
12/20/2022 07:03:03,Chamber 3,28-041661c2faff,21.5,T260,44C,off
12/20/2022 07:03:23,Chamber 3,28-041661c2faff,21.5,T260,44C,off
12/20/2022 07:03:43,Chamber 3,28-041661c2faff,21.5,T260,44C,off
12/20/2022 07:04:03,Chamber 3,28-041661c2faff,21.5,T260,44C,off
12/20/2022 07:04:23,Chamber 3,28-041661c2faff,21.5,T260,44C,off
12/20/2022 07:04:43,Chamber 3,28-041661c2faff,21.5,T260,44C,off
12/20/2022 07:05:03,Chamber 3,28-041661c2faff,21.5,T260,44C,off
12/20/2022 07:05:23,Chamber 3,28-041661c2faff,21.5,T260,44C,off
12/20/2022 07:05:43,Chamber 3,28-041661c2faff,21.5,T260,44C,off
12/20/2022 07:06:03,Chamber 3,28-041661c2faff,21.5,T260,44C,off
12/20/2022 07:06:23,Chamber 3,28-041661c2faff,21.5,T260,44C,off
12/20/2022 07:06:43,Chamber 3,28-041661c2faff,21.5,T260,44C,off
12/20/2022 07:07:03,Chamber 3,28-041661c2faff,21.5,T260,44C,off
12/20/2022 07:07:23,Chamber 3,28-041661c2faff,21.5,T260,44C,off
12/20/2022 07:07:43,Chamber 3,28-041661c2faff,21.5,T260,44C,off
12/20/2022 07:08:03,Chamber 3,28-041661c2faff,21.5,T260,44C,off
12/20/2022 07:08:23,Chamber 3,28-041661c2faff,21.5,T260,44C,off
12/20/2022 07:08:43,Chamber 3,28-041661c2faff,21.5,T260,44C,off
12/20/2022 07:09:03,Chamber 3,28-041661c2faff,21.5,T260,44C,off
12/20/2022 07:09:23,Chamber 3,28-041661c2faff,21.5,T260,44C,off
12/20/2022 07:09:43,Chamber 3,28-041661c2faff,21.5,T260,44C,off
12/20/2022 07:10:03,Chamber 3,28-041661c2faff,21.5,T260,44C,off
12/20/2022 07:10:23,Chamber 3,28-041661c2faff,21.5,T260,44C,off
12/20/2022 07:10:43,Chamber 3,28-041661c2faff,21.5,T260,44C,off
12/20/2022 07:11:03,Chamber 3,28-041661c2faff,21.5,T260,44C,off
12/20/2022 07:11:23,Chamber 3,28-041661c2faff,21.5,T260,44C,off
12/20/2022 07:11:43,Chamber 3,28-041661c2faff,21.5,T260,44C,off
12/20/2022 07:12:03,Chamber 3,28-041661c2faff,21.5,T260,44C,off
12/20/2022 07:12:23,Chamber 3,28-041661c2faff,21.5,T260,44C,off
12/20/2022 07:12:43,Chamber 3,28-041661c2faff,21.5,T260,44C,off
12/20/2022 07:13:03,Chamber 3,28-041661c2faff,21.5,T260,44C,off
12/20/2022 07:13:23,Chamber 3,28-041661c2faff,21.5,T260,44C,off
12/20/2022 07:13:43,Chamber 3,28-041661c2faff,21.5,T260,44C,off
12/20/2022 07:14:03,Chamber 3,28-041661c2faff,21.5,T260,44C,off
12/20/2022 07:14:23,Chamber 3,28-041661c2faff,21.5,T260,44C,off
12/20/2022 07:14:43,Chamber 3,28-041661c2faff,21.5,T260,44C,off
12/20/2022 07:15:03,Chamber 3,28-041661c2faff,21.5,T260,44C,off
12/20/2022 07:15:23,Chamber 3,28-041661c2faff,21.5,T260,44C,off
12/20/2022 07:15:43,Chamber 3,28-041661c2faff,21.5,T260,44C,off
12/20/2022 07:16:03,Chamber 3,28-041661c2faff,21.5,T260,44C,off
12/20/2022 07:16:23,Chamber 3,28-041661c2faff,21.5,T260,44C,off
12/20/2022 07:16:43,Chamber 3,28-041661c2faff,21.5,T260,44C,off
12/20/2022 07:17:04,Chamber 3,28-041661c2faff,21.5,T260,44C,off
12/20/2022 07:17:23,Chamber 3,28-041661c2faff,21.5,T260,44C,off
12/20/2022 07:17:43,Chamber 3,28-041661c2faff,21.5,T260,44C,off
12/20/2022 07:18:03,Chamber 3,28-041661c2faff,21.5,T260,44C,off
12/20/2022 07:18:23,Chamber 3,28-041661c2faff,21.5,T260,44C,off
12/20/2022 07:18:43,Chamber 3,28-041661c2faff,21.5,T260,44C,off
12/20/2022 07:19:03,Chamber 3,28-041661c2faff,21.5,T260,44C,off
12/20/2022 07:19:23,Chamber 3,28-041661c2faff,21.5,T260,44C,off
12/20/2022 07:19:43,Chamber 3,28-041661c2faff,21.5,T260,44C,off
12/20/2022 07:20:03,Chamber 3,28-041661c2faff,21.5,T260,44C,off
12/20/2022 07:20:23,Chamber 3,28-041661c2faff,21.5,T260,44C,off
12/20/2022 07:20:43,Chamber 3,28-041661c2faff,21.5,T260,44C,off
12/20/2022 07:21:03,Chamber 3,28-041661c2faff,21.5,T260,44C,off
12/20/2022 07:21:23,Chamber 3,28-041661c2faff,21.5,T260,44C,off
12/20/2022 07:21:43,Chamber 3,28-041661c2faff,21.5,T260,44C,off
12/20/2022 07:22:03,Chamber 3,28-041661c2faff,21.5,T260,44C,off
12/20/2022 07:22:23,Chamber 3,28-041661c2faff,21.5,T260,44C,off
12/20/2022 07:22:43,Chamber 3,28-041661c2faff,21.5,T260,44C,off
12/20/2022 07:23:03,Chamber 3,28-041661c2faff,21.5,T260,44C,off
12/20/2022 07:23:23,Chamber 3,28-041661c2faff,21.5,T260,44C,off
12/20/2022 07:23:43,Chamber 3,28-041661c2faff,21.5,T260,44C,off
12/20/2022 07:24:03,Chamber 3,28-041661c2faff,21.5,T260,44C,off
12/20/2022 07:24:23,Chamber 3,28-041661c2faff,21.5,T260,44C,off
12/20/2022 07:24:43,Chamber 3,28-041661c2faff,21.5,T260,44C,off
12/20/2022 07:25:03,Chamber 3,28-041661c2faff,21.5,T260,44C,off
12/20/2022 07:25:23,Chamber 3,28-041661c2faff,21.5,T260,44C,off
12/20/2022 07:25:43,Chamber 3,28-041661c2faff,21.5,T260,44C,off
12/20/2022 07:26:03,Chamber 3,28-041661c2faff,21.5,T260,44C,off
12/20/2022 07:26:23,Chamber 3,28-041661c2faff,21.5,T260,44C,off
12/20/2022 07:26:43,Chamber 3,28-041661c2faff,21.5,T260,44C,off
12/20/2022 07:27:03,Chamber 3,28-041661c2faff,21.5,T260,44C,off
12/20/2022 07:27:23,Chamber 3,28-041661c2faff,21.5,T260,44C,off
12/20/2022 07:27:43,Chamber 3,28-041661c2faff,21.5,T260,44C,off
12/20/2022 07:28:03,Chamber 3,28-041661c2faff,21.5,T260,44C,off
12/20/2022 07:28:23,Chamber 3,28-041661c2faff,21.5,T260,44C,off
12/20/2022 07:28:43,Chamber 3,28-041661c2faff,21.5,T260,44C,off
12/20/2022 07:29:03,Chamber 3,28-041661c2faff,21.5,T260,44C,off
12/20/2022 07:29:23,Chamber 3,28-041661c2faff,21.5,T260,44C,off
12/20/2022 07:29:43,Chamber 3,28-041661c2faff,21.5,T260,44C,off
12/20/2022 07:30:03,Chamber 3,28-041661c2faff,21.5,T260,44C,off
12/20/2022 07:30:23,Chamber 3,28-041661c2faff,21.5,T260,44C,off
12/20/2022 07:30:43,Chamber 3,28-041661c2faff,21.5,T260,44C,off
12/20/2022 07:31:03,Chamber 3,28-041661c2faff,21.5,T260,44C,off
12/20/2022 07:31:23,Chamber 3,28-041661c2faff,21.5,T260,44C,off
12/20/2022 07:31:43,Chamber 3,28-041661c2faff,21.5,T260,44C,off
12/20/2022 07:32:03,Chamber 3,28-041661c2faff,21.5,T260,44C,off
12/20/2022 07:32:23,Chamber 3,28-041661c2faff,21.5,T260,44C,off
12/20/2022 07:32:43,Chamber 3,28-041661c2faff,21.5,T260,44C,off
12/20/2022 07:33:03,Chamber 3,28-041661c2faff,21.5,T260,44C,off
12/20/2022 07:33:23,Chamber 3,28-041661c2faff,21.5,T260,44C,off
12/20/2022 07:33:43,Chamber 3,28-041661c2faff,21.5,T260,44C,off
12/20/2022 07:34:03,Chamber 3,28-041661c2faff,21.5,T260,44C,off
12/20/2022 07:34:23,Chamber 3,28-041661c2faff,21.5,T260,44C,off
12/20/2022 07:34:43,Chamber 3,28-041661c2faff,21.5,T260,44C,off
12/20/2022 07:35:03,Chamber 3,28-041661c2faff,21.5,T260,44C,off
12/20/2022 07:35:23,Chamber 3,28-041661c2faff,21.5,T260,44C,off
12/20/2022 07:35:43,Chamber 3,28-041661c2faff,21.5,T260,44C,off
12/20/2022 07:36:03,Chamber 3,28-041661c2faff,21.5,T260,44C,off
12/20/2022 07:36:23,Chamber 3,28-041661c2faff,21.5,T260,44C,off
12/20/2022 07:36:43,Chamber 3,28-041661c2faff,21.5,T260,44C,off
12/20/2022 07:37:03,Chamber 3,28-041661c2faff,21.437,T260,44C,off
12/20/2022 07:37:23,Chamber 3,28-041661c2faff,21.437,T260,44C,off
12/20/2022 07:37:43,Chamber 3,28-041661c2faff,21.5,T260,44C,off
12/20/2022 07:38:03,Chamber 3,28-041661c2faff,21.5,T260,44C,off
12/20/2022 07:38:23,Chamber 3,28-041661c2faff,21.5,T260,44C,off
12/20/2022 07:38:43,Chamber 3,28-041661c2faff,21.437,T260,44C,off
12/20/2022 07:39:03,Chamber 3,28-041661c2faff,21.437,T260,44C,off
12/20/2022 07:39:23,Chamber 3,28-041661c2faff,21.437,T260,44C,off
12/20/2022 07:39:43,Chamber 3,28-041661c2faff,21.5,T260,44C,off
12/20/2022 07:40:03,Chamber 3,28-041661c2faff,21.437,T260,44C,off
12/20/2022 07:40:23,Chamber 3,28-041661c2faff,21.437,T260,44C,off
12/20/2022 07:40:43,Chamber 3,28-041661c2faff,21.437,T260,44C,off
12/20/2022 07:41:03,Chamber 3,28-041661c2faff,21.5,T260,44C,off
12/20/2022 07:41:23,Chamber 3,28-041661c2faff,21.437,T260,44C,off
12/20/2022 07:41:43,Chamber 3,28-041661c2faff,21.437,T260,44C,off
12/20/2022 07:42:03,Chamber 3,28-041661c2faff,21.437,T260,44C,off
12/20/2022 07:42:23,Chamber 3,28-041661c2faff,21.437,T260,44C,off
12/20/2022 07:42:43,Chamber 3,28-041661c2faff,21.437,T260,44C,off
12/20/2022 07:43:03,Chamber 3,28-041661c2faff,21.5,T260,44C,off
12/20/2022 07:43:23,Chamber 3,28-041661c2faff,21.5,T260,44C,off
12/20/2022 07:43:43,Chamber 3,28-041661c2faff,21.437,T260,44C,off
12/20/2022 07:44:03,Chamber 3,28-041661c2faff,21.437,T260,44C,off
12/20/2022 07:44:23,Chamber 3,28-041661c2faff,21.5,T260,44C,off
12/20/2022 07:44:43,Chamber 3,28-041661c2faff,21.5,T260,44C,off
12/20/2022 07:45:03,Chamber 3,28-041661c2faff,21.437,T260,44C,off
12/20/2022 07:45:23,Chamber 3,28-041661c2faff,21.5,T260,44C,off
12/20/2022 07:45:43,Chamber 3,28-041661c2faff,21.437,T260,44C,off
12/20/2022 07:46:03,Chamber 3,28-041661c2faff,21.5,T260,44C,off
12/20/2022 07:46:23,Chamber 3,28-041661c2faff,21.5,T260,44C,off
12/20/2022 07:46:43,Chamber 3,28-041661c2faff,21.5,T260,44C,off
12/20/2022 07:47:03,Chamber 3,28-041661c2faff,21.437,T260,44C,off
12/20/2022 07:47:24,Chamber 3,28-041661c2faff,21.5,T260,44C,off
12/20/2022 07:47:43,Chamber 3,28-041661c2faff,21.5,T260,44C,off
12/20/2022 07:48:03,Chamber 3,28-041661c2faff,21.5,T260,44C,off
12/20/2022 07:48:23,Chamber 3,28-041661c2faff,21.5,T260,44C,off
12/20/2022 07:48:43,Chamber 3,28-041661c2faff,21.5,T260,44C,off
12/20/2022 07:49:03,Chamber 3,28-041661c2faff,21.5,T260,44C,off
12/20/2022 07:49:24,Chamber 3,28-041661c2faff,21.5,T260,44C,off
12/20/2022 07:49:43,Chamber 3,28-041661c2faff,21.5,T260,44C,off
12/20/2022 07:50:03,Chamber 3,28-041661c2faff,21.5,T260,44C,off
12/20/2022 07:50:23,Chamber 3,28-041661c2faff,21.5,T260,44C,off
12/20/2022 07:50:43,Chamber 3,28-041661c2faff,21.5,T260,44C,off
12/20/2022 07:51:03,Chamber 3,28-041661c2faff,21.5,T260,44C,off
12/20/2022 07:51:23,Chamber 3,28-041661c2faff,21.5,T260,44C,off
12/20/2022 07:51:43,Chamber 3,28-041661c2faff,21.5,T260,44C,off
12/20/2022 07:52:03,Chamber 3,28-041661c2faff,21.5,T260,44C,off
12/20/2022 07:52:23,Chamber 3,28-041661c2faff,21.5,T260,44C,off
12/20/2022 07:52:44,Chamber 3,28-041661c2faff,21.5,T260,44C,off
12/20/2022 07:53:03,Chamber 3,28-041661c2faff,21.5,T260,44C,off
12/20/2022 07:53:23,Chamber 3,28-041661c2faff,21.5,T260,44C,off
12/20/2022 07:53:43,Chamber 3,28-041661c2faff,21.5,T260,44C,off
12/20/2022 07:54:03,Chamber 3,28-041661c2faff,21.5,T260,44C,off
12/20/2022 07:54:23,Chamber 3,28-041661c2faff,21.5,T260,44C,off
12/20/2022 07:54:43,Chamber 3,28-041661c2faff,21.5,T260,44C,off
12/20/2022 07:55:03,Chamber 3,28-041661c2faff,21.5,T260,44C,off
12/20/2022 07:55:23,Chamber 3,28-041661c2faff,21.5,T260,44C,off
12/20/2022 07:55:43,Chamber 3,28-041661c2faff,21.5,T260,44C,off
12/20/2022 07:56:03,Chamber 3,28-041661c2faff,21.5,T260,44C,off
12/20/2022 07:56:23,Chamber 3,28-041661c2faff,21.5,T260,44C,off
12/20/2022 07:56:43,Chamber 3,28-041661c2faff,21.5,T260,44C,off
12/20/2022 07:57:03,Chamber 3,28-041661c2faff,21.5,T260,44C,off
12/20/2022 07:57:23,Chamber 3,28-041661c2faff,21.5,T260,44C,off
12/20/2022 07:57:43,Chamber 3,28-041661c2faff,21.5,T260,44C,off
12/20/2022 07:58:03,Chamber 3,28-041661c2faff,21.5,T260,44C,off
12/20/2022 07:58:23,Chamber 3,28-041661c2faff,21.5,T260,44C,off
12/20/2022 07:58:43,Chamber 3,28-041661c2faff,21.5,T260,44C,off
12/20/2022 07:59:03,Chamber 3,28-041661c2faff,21.5,T260,44C,off
12/20/2022 07:59:23,Chamber 3,28-041661c2faff,21.5,T260,44C,off
12/20/2022 07:59:43,Chamber 3,28-041661c2faff,21.5,T260,44C,off
12/20/2022 08:00:02,Chamber 3,28-041661c2faff,21.5,T260,44C,off
12/20/2022 08:00:22,Chamber 3,28-041661c2faff,21.5,T260,44C,off
12/20/2022 08:00:42,Chamber 3,28-041661c2faff,21.5,T260,44C,off
12/20/2022 08:01:02,Chamber 3,28-041661c2faff,21.5,T260,44C,off
12/20/2022 08:01:22,Chamber 3,28-041661c2faff,21.5,T260,44C,off
12/20/2022 08:01:42,Chamber 3,28-041661c2faff,21.5,T260,44C,off
12/20/2022 08:02:02,Chamber 3,28-041661c2faff,21.5,T260,44C,off
12/20/2022 08:02:22,Chamber 3,28-041661c2faff,21.5,T260,44C,off
12/20/2022 08:02:42,Chamber 3,28-041661c2faff,21.5,T260,44C,off
12/20/2022 08:03:02,Chamber 3,28-041661c2faff,21.5,T260,44C,off
12/20/2022 08:03:22,Chamber 3,28-041661c2faff,21.5,T260,44C,off
12/20/2022 08:03:42,Chamber 3,28-041661c2faff,21.5,T260,44C,off
12/20/2022 08:04:02,Chamber 3,28-041661c2faff,21.5,T260,44C,off
12/20/2022 08:04:22,Chamber 3,28-041661c2faff,21.5,T260,44C,off
12/20/2022 08:04:42,Chamber 3,28-041661c2faff,21.5,T260,44C,off
12/20/2022 08:05:02,Chamber 3,28-041661c2faff,21.5,T260,44C,off
12/20/2022 08:05:22,Chamber 3,28-041661c2faff,21.5,T260,44C,off
12/20/2022 08:05:42,Chamber 3,28-041661c2faff,21.5,T260,44C,off
12/20/2022 08:06:02,Chamber 3,28-041661c2faff,21.5,T260,44C,off
12/20/2022 08:06:22,Chamber 3,28-041661c2faff,21.5,T260,44C,off
12/20/2022 08:06:42,Chamber 3,28-041661c2faff,21.5,T260,44C,off
12/20/2022 08:07:02,Chamber 3,28-041661c2faff,21.5,T260,44C,off
12/20/2022 08:07:22,Chamber 3,28-041661c2faff,21.5,T260,44C,off
12/20/2022 08:07:42,Chamber 3,28-041661c2faff,21.5,T260,44C,off
12/20/2022 08:08:02,Chamber 3,28-041661c2faff,21.5,T260,44C,off
12/20/2022 08:08:22,Chamber 3,28-041661c2faff,21.5,T260,44C,off
12/20/2022 08:08:42,Chamber 3,28-041661c2faff,21.5,T260,44C,off
12/20/2022 08:09:02,Chamber 3,28-041661c2faff,21.5,T260,44C,off
12/20/2022 08:09:22,Chamber 3,28-041661c2faff,21.5,T260,44C,off
12/20/2022 08:09:42,Chamber 3,28-041661c2faff,21.5,T260,44C,off
12/20/2022 08:10:02,Chamber 3,28-041661c2faff,21.5,T260,44C,off
12/20/2022 08:10:22,Chamber 3,28-041661c2faff,21.5,T260,44C,off
12/20/2022 08:10:42,Chamber 3,28-041661c2faff,21.5,T260,44C,off
12/20/2022 08:11:02,Chamber 3,28-041661c2faff,21.5,T260,44C,off
12/20/2022 08:11:22,Chamber 3,28-041661c2faff,21.5,T260,44C,off
12/20/2022 08:11:42,Chamber 3,28-041661c2faff,21.5,T260,44C,off
12/20/2022 08:12:02,Chamber 3,28-041661c2faff,21.5,T260,44C,off
12/20/2022 08:12:22,Chamber 3,28-041661c2faff,21.5,T260,44C,off
12/20/2022 08:12:42,Chamber 3,28-041661c2faff,21.5,T260,44C,off
12/20/2022 08:13:02,Chamber 3,28-041661c2faff,21.5,T260,44C,off
12/20/2022 08:13:22,Chamber 3,28-041661c2faff,21.562,T260,44C,off
12/20/2022 08:13:42,Chamber 3,28-041661c2faff,21.5,T260,44C,off
12/20/2022 08:14:02,Chamber 3,28-041661c2faff,21.562,T260,44C,off
12/20/2022 08:14:22,Chamber 3,28-041661c2faff,21.5,T260,44C,off
12/20/2022 08:14:42,Chamber 3,28-041661c2faff,21.562,T260,44C,off
12/20/2022 08:15:02,Chamber 3,28-041661c2faff,21.562,T260,44C,off
12/20/2022 08:15:22,Chamber 3,28-041661c2faff,21.562,T260,44C,off
12/20/2022 08:15:42,Chamber 3,28-041661c2faff,21.562,T260,44C,off
12/20/2022 08:16:02,Chamber 3,28-041661c2faff,21.562,T260,44C,off
12/20/2022 08:16:22,Chamber 3,28-041661c2faff,21.562,T260,44C,off
12/20/2022 08:16:42,Chamber 3,28-041661c2faff,21.562,T260,44C,off
12/20/2022 08:17:02,Chamber 3,28-041661c2faff,21.562,T260,44C,off
12/20/2022 08:17:22,Chamber 3,28-041661c2faff,21.562,T260,44C,off
12/20/2022 08:17:42,Chamber 3,28-041661c2faff,21.562,T260,44C,off
12/20/2022 08:18:02,Chamber 3,28-041661c2faff,21.625,T260,44C,off
12/20/2022 08:18:22,Chamber 3,28-041661c2faff,21.625,T260,44C,off
12/20/2022 08:18:42,Chamber 3,28-041661c2faff,21.625,T260,44C,off
12/20/2022 08:19:02,Chamber 3,28-041661c2faff,21.625,T260,44C,off
12/20/2022 08:19:22,Chamber 3,28-041661c2faff,21.625,T260,44C,off
12/20/2022 08:19:42,Chamber 3,28-041661c2faff,21.625,T260,44C,off
12/20/2022 08:20:02,Chamber 3,28-041661c2faff,21.625,T260,44C,off
12/20/2022 08:20:22,Chamber 3,28-041661c2faff,21.625,T260,44C,off
12/20/2022 08:20:42,Chamber 3,28-041661c2faff,21.625,T260,44C,off
12/20/2022 08:21:02,Chamber 3,28-041661c2faff,21.625,T260,44C,off
12/20/2022 08:21:22,Chamber 3,28-041661c2faff,21.625,T260,44C,off
12/20/2022 08:21:42,Chamber 3,28-041661c2faff,21.625,T260,44C,off
12/20/2022 08:22:02,Chamber 3,28-041661c2faff,21.625,T260,44C,off
12/20/2022 08:22:22,Chamber 3,28-041661c2faff,21.625,T260,44C,off
12/20/2022 08:22:42,Chamber 3,28-041661c2faff,21.625,T260,44C,off
12/20/2022 08:23:02,Chamber 3,28-041661c2faff,21.625,T260,44C,off
12/20/2022 08:23:22,Chamber 3,28-041661c2faff,21.625,T260,44C,off
12/20/2022 08:23:42,Chamber 3,28-041661c2faff,21.625,T260,44C,off
12/20/2022 08:24:02,Chamber 3,28-041661c2faff,21.625,T260,44C,off
12/20/2022 08:24:22,Chamber 3,28-041661c2faff,21.625,T260,44C,off
12/20/2022 08:24:42,Chamber 3,28-041661c2faff,21.625,T260,44C,off
12/20/2022 08:25:02,Chamber 3,28-041661c2faff,21.625,T260,44C,off
12/20/2022 08:25:22,Chamber 3,28-041661c2faff,21.625,T260,44C,off
12/20/2022 08:25:42,Chamber 3,28-041661c2faff,21.625,T260,44C,off
12/20/2022 08:26:02,Chamber 3,28-041661c2faff,21.625,T260,44C,off
12/20/2022 08:26:23,Chamber 3,28-041661c2faff,21.625,T260,44C,off
12/20/2022 08:26:42,Chamber 3,28-041661c2faff,21.625,T260,44C,off
12/20/2022 08:27:02,Chamber 3,28-041661c2faff,21.625,T260,44C,off
12/20/2022 08:27:22,Chamber 3,28-041661c2faff,21.625,T260,44C,off
12/20/2022 08:27:42,Chamber 3,28-041661c2faff,21.625,T260,44C,off
12/20/2022 08:28:02,Chamber 3,28-041661c2faff,21.625,T260,44C,off
12/20/2022 08:28:22,Chamber 3,28-041661c2faff,21.687,T260,44C,off
12/20/2022 08:28:42,Chamber 3,28-041661c2faff,21.687,T260,44C,off
12/20/2022 08:29:02,Chamber 3,28-041661c2faff,21.625,T260,44C,off
12/20/2022 08:29:22,Chamber 3,28-041661c2faff,21.687,T260,44C,off
12/20/2022 08:29:42,Chamber 3,28-041661c2faff,21.687,T260,44C,off
12/20/2022 08:30:02,Chamber 3,28-041661c2faff,21.687,T260,44C,off
12/20/2022 08:30:23,Chamber 3,28-041661c2faff,21.687,T260,44C,off
12/20/2022 08:30:42,Chamber 3,28-041661c2faff,21.687,T260,44C,off
12/20/2022 08:31:02,Chamber 3,28-041661c2faff,21.687,T260,44C,off
12/20/2022 08:31:22,Chamber 3,28-041661c2faff,21.687,T260,44C,off
12/20/2022 08:31:43,Chamber 3,28-041661c2faff,21.687,T260,44C,off
12/20/2022 08:32:02,Chamber 3,28-041661c2faff,21.687,T260,44C,off
12/20/2022 08:32:22,Chamber 3,28-041661c2faff,21.687,T260,44C,off
12/20/2022 08:32:42,Chamber 3,28-041661c2faff,21.687,T260,44C,off
12/20/2022 08:33:02,Chamber 3,28-041661c2faff,21.687,T260,44C,off
12/20/2022 08:33:22,Chamber 3,28-041661c2faff,21.687,T260,44C,off
12/20/2022 08:33:42,Chamber 3,28-041661c2faff,21.687,T260,44C,off
12/20/2022 08:34:02,Chamber 3,28-041661c2faff,21.687,T260,44C,off
12/20/2022 08:34:22,Chamber 3,28-041661c2faff,21.687,T260,44C,off
12/20/2022 08:34:42,Chamber 3,28-041661c2faff,21.687,T260,44C,off
12/20/2022 08:35:02,Chamber 3,28-041661c2faff,21.687,T260,44C,off
12/20/2022 08:35:22,Chamber 3,28-041661c2faff,21.687,T260,44C,off
12/20/2022 08:35:42,Chamber 3,28-041661c2faff,21.75,T260,44C,off
12/20/2022 08:36:02,Chamber 3,28-041661c2faff,21.687,T260,44C,off
12/20/2022 08:36:22,Chamber 3,28-041661c2faff,21.75,T260,44C,off
12/20/2022 08:36:42,Chamber 3,28-041661c2faff,21.75,T260,44C,off
12/20/2022 08:37:02,Chamber 3,28-041661c2faff,21.75,T260,44C,off
12/20/2022 08:37:22,Chamber 3,28-041661c2faff,21.75,T260,44C,off
12/20/2022 08:37:42,Chamber 3,28-041661c2faff,21.75,T260,44C,off
12/20/2022 08:38:02,Chamber 3,28-041661c2faff,21.75,T260,44C,off
12/20/2022 08:38:22,Chamber 3,28-041661c2faff,21.75,T260,44C,off
12/20/2022 08:38:42,Chamber 3,28-041661c2faff,21.75,T260,44C,off
12/20/2022 08:39:02,Chamber 3,28-041661c2faff,21.75,T260,44C,off
12/20/2022 08:39:22,Chamber 3,28-041661c2faff,21.75,T260,44C,off
12/20/2022 08:39:42,Chamber 3,28-041661c2faff,21.75,T260,44C,off
12/20/2022 08:40:02,Chamber 3,28-041661c2faff,21.75,T260,44C,off
12/20/2022 08:40:22,Chamber 3,28-041661c2faff,21.75,T260,44C,off
12/20/2022 08:40:42,Chamber 3,28-041661c2faff,21.75,T260,44C,off
12/20/2022 08:41:02,Chamber 3,28-041661c2faff,21.75,T260,44C,off
12/20/2022 08:41:22,Chamber 3,28-041661c2faff,21.75,T260,44C,off
12/20/2022 08:41:42,Chamber 3,28-041661c2faff,21.75,T260,44C,off
12/20/2022 08:42:03,Chamber 3,28-041661c2faff,21.75,T260,44C,off
12/20/2022 08:42:22,Chamber 3,28-041661c2faff,21.75,T260,44C,off
12/20/2022 08:42:42,Chamber 3,28-041661c2faff,21.75,T260,44C,off
12/20/2022 08:43:02,Chamber 3,28-041661c2faff,21.75,T260,44C,off
12/20/2022 08:43:22,Chamber 3,28-041661c2faff,21.75,T260,44C,off
12/20/2022 08:43:42,Chamber 3,28-041661c2faff,21.75,T260,44C,off
12/20/2022 08:44:02,Chamber 3,28-041661c2faff,21.75,T260,44C,off
12/20/2022 08:44:22,Chamber 3,28-041661c2faff,21.75,T260,44C,off
12/20/2022 08:44:42,Chamber 3,28-041661c2faff,21.75,T260,44C,off
12/20/2022 08:45:02,Chamber 3,28-041661c2faff,21.75,T260,44C,off
12/20/2022 08:45:22,Chamber 3,28-041661c2faff,21.75,T260,44C,off
12/20/2022 08:45:42,Chamber 3,28-041661c2faff,21.75,T260,44C,off
12/20/2022 08:46:02,Chamber 3,28-041661c2faff,21.75,T260,44C,off
12/20/2022 08:46:22,Chamber 3,28-041661c2faff,21.75,T260,44C,off
12/20/2022 08:46:42,Chamber 3,28-041661c2faff,21.812,T260,44C,off
12/20/2022 08:47:02,Chamber 3,28-041661c2faff,21.75,T260,44C,off
12/20/2022 08:47:22,Chamber 3,28-041661c2faff,21.812,T260,44C,off
12/20/2022 08:47:42,Chamber 3,28-041661c2faff,21.812,T260,44C,off
12/20/2022 08:48:02,Chamber 3,28-041661c2faff,21.812,T260,44C,off
12/20/2022 08:48:22,Chamber 3,28-041661c2faff,21.812,T260,44C,off
12/20/2022 08:48:42,Chamber 3,28-041661c2faff,21.75,T260,44C,off
12/20/2022 08:49:02,Chamber 3,28-041661c2faff,21.812,T260,44C,off
12/20/2022 08:49:22,Chamber 3,28-041661c2faff,21.812,T260,44C,off
12/20/2022 08:49:42,Chamber 3,28-041661c2faff,21.812,T260,44C,off
12/20/2022 08:50:02,Chamber 3,28-041661c2faff,21.812,T260,44C,off
12/20/2022 08:50:22,Chamber 3,28-041661c2faff,21.812,T260,44C,off
12/20/2022 08:50:42,Chamber 3,28-041661c2faff,21.812,T260,44C,off
12/20/2022 08:51:02,Chamber 3,28-041661c2faff,21.812,T260,44C,off
12/20/2022 08:51:22,Chamber 3,28-041661c2faff,21.812,T260,44C,off
12/20/2022 08:51:42,Chamber 3,28-041661c2faff,21.812,T260,44C,off
12/20/2022 08:52:02,Chamber 3,28-041661c2faff,21.812,T260,44C,off
12/20/2022 08:52:22,Chamber 3,28-041661c2faff,21.812,T260,44C,off
12/20/2022 08:52:42,Chamber 3,28-041661c2faff,21.812,T260,44C,off
12/20/2022 08:53:02,Chamber 3,28-041661c2faff,21.812,T260,44C,off
12/20/2022 08:53:22,Chamber 3,28-041661c2faff,21.812,T260,44C,off
12/20/2022 08:53:42,Chamber 3,28-041661c2faff,21.812,T260,44C,off
12/20/2022 08:54:02,Chamber 3,28-041661c2faff,21.812,T260,44C,off
12/20/2022 08:54:22,Chamber 3,28-041661c2faff,21.812,T260,44C,off
12/20/2022 08:54:42,Chamber 3,28-041661c2faff,21.812,T260,44C,off
12/20/2022 08:55:02,Chamber 3,28-041661c2faff,21.812,T260,44C,off
12/20/2022 08:55:22,Chamber 3,28-041661c2faff,21.812,T260,44C,off
12/20/2022 08:55:42,Chamber 3,28-041661c2faff,21.812,T260,44C,off
12/20/2022 08:56:02,Chamber 3,28-041661c2faff,21.812,T260,44C,off
12/20/2022 08:56:22,Chamber 3,28-041661c2faff,21.812,T260,44C,off
12/20/2022 08:56:42,Chamber 3,28-041661c2faff,21.812,T260,44C,off
12/20/2022 08:57:02,Chamber 3,28-041661c2faff,21.812,T260,44C,off
12/20/2022 08:57:22,Chamber 3,28-041661c2faff,21.812,T260,44C,off
12/20/2022 08:57:42,Chamber 3,28-041661c2faff,21.875,T260,44C,off
12/20/2022 08:58:02,Chamber 3,28-041661c2faff,21.812,T260,44C,off
12/20/2022 08:58:22,Chamber 3,28-041661c2faff,21.875,T260,44C,off
12/20/2022 08:58:42,Chamber 3,28-041661c2faff,21.875,T260,44C,off
12/20/2022 08:59:02,Chamber 3,28-041661c2faff,21.875,T260,44C,off
12/20/2022 08:59:22,Chamber 3,28-041661c2faff,21.875,T260,44C,off
12/20/2022 08:59:42,Chamber 3,28-041661c2faff,21.875,T260,44C,off
12/20/2022 09:00:03,Chamber 3,28-041661c2faff,21.875,T260,44C,off
12/20/2022 09:00:23,Chamber 3,28-041661c2faff,21.875,T260,44C,off
12/20/2022 09:00:43,Chamber 3,28-041661c2faff,21.875,T260,44C,off
12/20/2022 09:01:03,Chamber 3,28-041661c2faff,21.875,T260,44C,off
12/20/2022 09:01:23,Chamber 3,28-041661c2faff,21.875,T260,44C,off
12/20/2022 09:01:43,Chamber 3,28-041661c2faff,21.875,T260,44C,off
12/20/2022 09:02:03,Chamber 3,28-041661c2faff,21.875,T260,44C,off
12/20/2022 09:02:23,Chamber 3,28-041661c2faff,21.875,T260,44C,off
12/20/2022 09:02:43,Chamber 3,28-041661c2faff,21.875,T260,44C,off
12/20/2022 09:03:03,Chamber 3,28-041661c2faff,21.875,T260,44C,off
12/20/2022 09:03:23,Chamber 3,28-041661c2faff,21.875,T260,44C,off
12/20/2022 09:03:43,Chamber 3,28-041661c2faff,21.875,T260,44C,off
12/20/2022 09:04:03,Chamber 3,28-041661c2faff,21.875,T260,44C,off
12/20/2022 09:04:23,Chamber 3,28-041661c2faff,21.875,T260,44C,off
12/20/2022 09:04:43,Chamber 3,28-041661c2faff,21.875,T260,44C,off
12/20/2022 09:05:03,Chamber 3,28-041661c2faff,21.875,T260,44C,off
12/20/2022 09:05:23,Chamber 3,28-041661c2faff,21.875,T260,44C,off
12/20/2022 09:05:43,Chamber 3,28-041661c2faff,21.875,T260,44C,off
12/20/2022 09:06:03,Chamber 3,28-041661c2faff,21.875,T260,44C,off
12/20/2022 09:06:23,Chamber 3,28-041661c2faff,21.875,T260,44C,off
12/20/2022 09:06:43,Chamber 3,28-041661c2faff,21.875,T260,44C,off
12/20/2022 09:07:03,Chamber 3,28-041661c2faff,21.875,T260,44C,off
12/20/2022 09:07:23,Chamber 3,28-041661c2faff,21.875,T260,44C,off
12/20/2022 09:07:43,Chamber 3,28-041661c2faff,21.875,T260,44C,off
12/20/2022 09:08:03,Chamber 3,28-041661c2faff,21.875,T260,44C,off
12/20/2022 09:08:23,Chamber 3,28-041661c2faff,21.875,T260,44C,off
12/20/2022 09:08:43,Chamber 3,28-041661c2faff,21.875,T260,44C,off
12/20/2022 09:09:03,Chamber 3,28-041661c2faff,21.875,T260,44C,off
12/20/2022 09:09:23,Chamber 3,28-041661c2faff,21.875,T260,44C,off
12/20/2022 09:09:43,Chamber 3,28-041661c2faff,21.937,T260,44C,off
12/20/2022 09:10:03,Chamber 3,28-041661c2faff,21.937,T260,44C,off
12/20/2022 09:10:23,Chamber 3,28-041661c2faff,21.937,T260,44C,off
12/20/2022 09:10:43,Chamber 3,28-041661c2faff,21.937,T260,44C,off
12/20/2022 09:11:03,Chamber 3,28-041661c2faff,21.937,T260,44C,off
12/20/2022 09:11:23,Chamber 3,28-041661c2faff,21.937,T260,44C,off
12/20/2022 09:11:43,Chamber 3,28-041661c2faff,21.937,T260,44C,off
12/20/2022 09:12:04,Chamber 3,28-041661c2faff,21.937,T260,44C,off
12/20/2022 09:12:23,Chamber 3,28-041661c2faff,21.937,T260,44C,off
12/20/2022 09:12:43,Chamber 3,28-041661c2faff,21.937,T260,44C,off
12/20/2022 09:13:03,Chamber 3,28-041661c2faff,21.937,T260,44C,off
12/20/2022 09:13:23,Chamber 3,28-041661c2faff,21.937,T260,44C,off
12/20/2022 09:13:43,Chamber 3,28-041661c2faff,21.937,T260,44C,off
12/20/2022 09:14:03,Chamber 3,28-041661c2faff,21.937,T260,44C,off
12/20/2022 09:14:23,Chamber 3,28-041661c2faff,21.937,T260,44C,off
12/20/2022 09:14:43,Chamber 3,28-041661c2faff,21.937,T260,44C,off
12/20/2022 09:15:03,Chamber 3,28-041661c2faff,21.937,T260,44C,off
12/20/2022 09:15:23,Chamber 3,28-041661c2faff,21.937,T260,44C,off
12/20/2022 09:15:43,Chamber 3,28-041661c2faff,21.937,T260,44C,off
12/20/2022 09:16:04,Chamber 3,28-041661c2faff,21.937,T260,44C,off
12/20/2022 09:16:23,Chamber 3,28-041661c2faff,21.937,T260,44C,off
12/20/2022 09:16:43,Chamber 3,28-041661c2faff,21.937,T260,44C,off
12/20/2022 09:17:04,Chamber 3,28-041661c2faff,21.937,T260,44C,off
12/20/2022 09:17:23,Chamber 3,28-041661c2faff,21.937,T260,44C,off
12/20/2022 09:17:43,Chamber 3,28-041661c2faff,21.937,T260,44C,off
12/20/2022 09:18:03,Chamber 3,28-041661c2faff,21.937,T260,44C,off
12/20/2022 09:18:23,Chamber 3,28-041661c2faff,21.937,T260,44C,off
12/20/2022 09:18:43,Chamber 3,28-041661c2faff,21.937,T260,44C,off
12/20/2022 09:19:03,Chamber 3,28-041661c2faff,21.937,T260,44C,off
12/20/2022 09:19:23,Chamber 3,28-041661c2faff,21.937,T260,44C,off
12/20/2022 09:19:43,Chamber 3,28-041661c2faff,21.937,T260,44C,off
12/20/2022 09:20:03,Chamber 3,28-041661c2faff,21.937,T260,44C,off
12/20/2022 09:20:23,Chamber 3,28-041661c2faff,21.937,T260,44C,off
12/20/2022 09:20:44,Chamber 3,28-041661c2faff,21.937,T260,44C,off
12/20/2022 09:21:03,Chamber 3,28-041661c2faff,21.937,T260,44C,off
12/20/2022 09:21:23,Chamber 3,28-041661c2faff,21.937,T260,44C,off
12/20/2022 09:21:43,Chamber 3,28-041661c2faff,21.937,T260,44C,off
12/20/2022 09:22:03,Chamber 3,28-041661c2faff,21.937,T260,44C,off
12/20/2022 09:22:23,Chamber 3,28-041661c2faff,21.937,T260,44C,off
12/20/2022 09:22:43,Chamber 3,28-041661c2faff,21.937,T260,44C,off
12/20/2022 09:23:03,Chamber 3,28-041661c2faff,21.937,T260,44C,off
12/20/2022 09:23:23,Chamber 3,28-041661c2faff,21.937,T260,44C,off
12/20/2022 09:23:43,Chamber 3,28-041661c2faff,21.937,T260,44C,off
12/20/2022 09:24:03,Chamber 3,28-041661c2faff,21.937,T260,44C,off
12/20/2022 09:24:23,Chamber 3,28-041661c2faff,21.937,T260,44C,off
12/20/2022 09:24:44,Chamber 3,28-041661c2faff,21.937,T260,44C,off
12/20/2022 09:25:03,Chamber 3,28-041661c2faff,21.937,T260,44C,off
12/20/2022 09:25:23,Chamber 3,28-041661c2faff,21.937,T260,44C,off
12/20/2022 09:25:45,Chamber 3,28-041661c2faff,22.0,T260,44C,off
12/20/2022 09:26:03,Chamber 3,28-041661c2faff,21.937,T260,44C,off
12/20/2022 09:26:23,Chamber 3,28-041661c2faff,21.937,T260,44C,off
12/20/2022 09:26:43,Chamber 3,28-041661c2faff,21.937,T260,44C,off
12/20/2022 09:27:03,Chamber 3,28-041661c2faff,21.937,T260,44C,off
12/20/2022 09:27:23,Chamber 3,28-041661c2faff,21.937,T260,44C,off
12/20/2022 09:27:43,Chamber 3,28-041661c2faff,21.937,T260,44C,off
12/20/2022 09:28:03,Chamber 3,28-041661c2faff,21.937,T260,44C,off
12/20/2022 09:28:23,Chamber 3,28-041661c2faff,21.937,T260,44C,off
12/20/2022 09:28:43,Chamber 3,28-041661c2faff,21.937,T260,44C,off
12/20/2022 09:29:03,Chamber 3,28-041661c2faff,21.937,T260,44C,off
12/20/2022 09:29:23,Chamber 3,28-041661c2faff,21.937,T260,44C,off
12/20/2022 09:29:43,Chamber 3,28-041661c2faff,21.937,T260,44C,off
12/20/2022 09:30:03,Chamber 3,28-041661c2faff,21.937,T260,44C,off
12/20/2022 09:30:23,Chamber 3,28-041661c2faff,21.937,T260,44C,off
12/20/2022 09:30:43,Chamber 3,28-041661c2faff,21.937,T260,44C,off
12/20/2022 09:31:03,Chamber 3,28-041661c2faff,21.937,T260,44C,off
12/20/2022 09:31:23,Chamber 3,28-041661c2faff,21.937,T260,44C,off
12/20/2022 09:31:43,Chamber 3,28-041661c2faff,21.937,T260,44C,off
12/20/2022 09:32:03,Chamber 3,28-041661c2faff,21.937,T260,44C,off
12/20/2022 09:32:23,Chamber 3,28-041661c2faff,21.937,T260,44C,off
12/20/2022 09:32:43,Chamber 3,28-041661c2faff,21.937,T260,44C,off
12/20/2022 09:33:03,Chamber 3,28-041661c2faff,21.937,T260,44C,off
12/20/2022 09:33:23,Chamber 3,28-041661c2faff,21.937,T260,44C,off
12/20/2022 09:33:43,Chamber 3,28-041661c2faff,21.937,T260,44C,off
12/20/2022 09:34:03,Chamber 3,28-041661c2faff,21.937,T260,44C,off
12/20/2022 09:34:23,Chamber 3,28-041661c2faff,21.937,T260,44C,off
12/20/2022 09:34:43,Chamber 3,28-041661c2faff,21.937,T260,44C,off
12/20/2022 09:35:03,Chamber 3,28-041661c2faff,21.937,T260,44C,off
12/20/2022 09:35:23,Chamber 3,28-041661c2faff,21.937,T260,44C,off
12/20/2022 09:35:43,Chamber 3,28-041661c2faff,21.937,T260,44C,off
12/20/2022 09:36:03,Chamber 3,28-041661c2faff,21.937,T260,44C,off
12/20/2022 09:36:24,Chamber 3,28-041661c2faff,21.937,T260,44C,off
12/20/2022 09:36:43,Chamber 3,28-041661c2faff,21.937,T260,44C,off
12/20/2022 09:37:03,Chamber 3,28-041661c2faff,21.937,T260,44C,off
12/20/2022 09:37:23,Chamber 3,28-041661c2faff,21.937,T260,44C,off
12/20/2022 09:37:43,Chamber 3,28-041661c2faff,21.937,T260,44C,off
