01/03/2023 10:00:03,Chamber 3,28-041661c2faff,30.437,T260,44C,off
01/03/2023 10:00:23,Chamber 3,28-041661c2faff,30.437,T260,44C,off
01/03/2023 10:00:43,Chamber 3,28-041661c2faff,30.437,T260,44C,off
01/03/2023 10:01:03,Chamber 3,28-041661c2faff,30.437,T260,44C,off
01/03/2023 10:01:23,Chamber 3,28-041661c2faff,30.437,T260,44C,off
01/03/2023 10:01:43,Chamber 3,28-041661c2faff,30.437,T260,44C,off
01/03/2023 10:02:03,Chamber 3,28-041661c2faff,30.437,T260,44C,off
01/03/2023 10:02:24,Chamber 3,28-041661c2faff,30.5,T260,44C,off
01/03/2023 10:02:43,Chamber 3,28-041661c2faff,30.437,T260,44C,off
01/03/2023 10:03:03,Chamber 3,28-041661c2faff,30.437,T260,44C,off
01/03/2023 10:03:23,Chamber 3,28-041661c2faff,30.437,T260,44C,off
01/03/2023 10:03:43,Chamber 3,28-041661c2faff,30.437,T260,44C,off
01/03/2023 10:04:03,Chamber 3,28-041661c2faff,30.5,T260,44C,off
01/03/2023 10:04:23,Chamber 3,28-041661c2faff,30.437,T260,44C,off
01/03/2023 10:04:43,Chamber 3,28-041661c2faff,30.437,T260,44C,off
01/03/2023 10:05:03,Chamber 3,28-041661c2faff,30.437,T260,44C,off
01/03/2023 10:05:23,Chamber 3,28-041661c2faff,30.437,T260,44C,off
01/03/2023 10:05:43,Chamber 3,28-041661c2faff,30.437,T260,44C,off
01/03/2023 10:06:03,Chamber 3,28-041661c2faff,30.437,T260,44C,off
01/03/2023 10:06:24,Chamber 3,28-041661c2faff,30.437,T260,44C,off
01/03/2023 10:06:43,Chamber 3,28-041661c2faff,30.437,T260,44C,off
01/03/2023 10:07:03,Chamber 3,28-041661c2faff,30.437,T260,44C,off
01/03/2023 10:07:23,Chamber 3,28-041661c2faff,30.437,T260,44C,off
01/03/2023 10:07:43,Chamber 3,28-041661c2faff,30.437,T260,44C,off
01/03/2023 10:08:03,Chamber 3,28-041661c2faff,30.437,T260,44C,off
01/03/2023 10:08:23,Chamber 3,28-041661c2faff,30.437,T260,44C,off
01/03/2023 10:08:43,Chamber 3,28-041661c2faff,30.437,T260,44C,off
01/03/2023 10:09:03,Chamber 3,28-041661c2faff,30.437,T260,44C,off
01/03/2023 10:09:23,Chamber 3,28-041661c2faff,30.5,T260,44C,off
01/03/2023 10:09:43,Chamber 3,28-041661c2faff,30.437,T260,44C,off
01/03/2023 10:10:03,Chamber 3,28-041661c2faff,30.437,T260,44C,off
01/03/2023 10:10:23,Chamber 3,28-041661c2faff,30.437,T260,44C,off
01/03/2023 10:10:43,Chamber 3,28-041661c2faff,30.5,T260,44C,off
01/03/2023 10:11:03,Chamber 3,28-041661c2faff,30.5,T260,44C,off
01/03/2023 10:11:23,Chamber 3,28-041661c2faff,30.5,T260,44C,off
01/03/2023 10:11:43,Chamber 3,28-041661c2faff,30.5,T260,44C,off
01/03/2023 10:12:04,Chamber 3,28-041661c2faff,30.5,T260,44C,off
01/03/2023 10:12:23,Chamber 3,28-041661c2faff,30.437,T260,44C,off
01/03/2023 10:12:43,Chamber 3,28-041661c2faff,30.5,T260,44C,off
01/03/2023 10:13:03,Chamber 3,28-041661c2faff,30.5,T260,44C,off
01/03/2023 10:13:23,Chamber 3,28-041661c2faff,30.5,T260,44C,off
01/03/2023 10:13:43,Chamber 3,28-041661c2faff,30.5,T260,44C,off
01/03/2023 10:14:03,Chamber 3,28-041661c2faff,30.5,T260,44C,off
01/03/2023 10:14:24,Chamber 3,28-041661c2faff,30.5,T260,44C,off
01/03/2023 10:14:43,Chamber 3,28-041661c2faff,30.5,T260,44C,off
01/03/2023 10:15:03,Chamber 3,28-041661c2faff,30.5,T260,44C,off
01/03/2023 10:15:23,Chamber 3,28-041661c2faff,30.5,T260,44C,off
01/03/2023 10:15:43,Chamber 3,28-041661c2faff,30.5,T260,44C,off
01/03/2023 10:16:03,Chamber 3,28-041661c2faff,30.5,T260,44C,off
01/03/2023 10:16:23,Chamber 3,28-041661c2faff,30.5,T260,44C,off
01/03/2023 10:16:43,Chamber 3,28-041661c2faff,30.5,T260,44C,off
01/03/2023 10:17:03,Chamber 3,28-041661c2faff,30.5,T260,44C,off
01/03/2023 10:17:23,Chamber 3,28-041661c2faff,30.5,T260,44C,off
01/03/2023 10:17:43,Chamber 3,28-041661c2faff,30.5,T260,44C,off
01/03/2023 10:18:03,Chamber 3,28-041661c2faff,30.5,T260,44C,off
01/03/2023 10:18:23,Chamber 3,28-041661c2faff,30.5,T260,44C,off
01/03/2023 10:18:43,Chamber 3,28-041661c2faff,30.5,T260,44C,off
01/03/2023 10:19:03,Chamber 3,28-041661c2faff,30.5,T260,44C,off
01/03/2023 10:19:23,Chamber 3,28-041661c2faff,30.5,T260,44C,off
01/03/2023 10:19:43,Chamber 3,28-041661c2faff,30.5,T260,44C,off
01/03/2023 10:20:03,Chamber 3,28-041661c2faff,30.5,T260,44C,off
01/03/2023 10:20:23,Chamber 3,28-041661c2faff,30.5,T260,44C,off
01/03/2023 10:20:43,Chamber 3,28-041661c2faff,30.5,T260,44C,off
01/03/2023 10:21:03,Chamber 3,28-041661c2faff,30.5,T260,44C,off
01/03/2023 10:21:23,Chamber 3,28-041661c2faff,30.5,T260,44C,off
01/03/2023 10:21:43,Chamber 3,28-041661c2faff,30.5,T260,44C,off
01/03/2023 10:22:03,Chamber 3,28-041661c2faff,30.5,T260,44C,off
01/03/2023 10:22:23,Chamber 3,28-041661c2faff,30.5,T260,44C,off
01/03/2023 10:22:43,Chamber 3,28-041661c2faff,30.5,T260,44C,off
01/03/2023 10:23:03,Chamber 3,28-041661c2faff,30.5,T260,44C,off
01/03/2023 10:23:23,Chamber 3,28-041661c2faff,30.5,T260,44C,off
01/03/2023 10:23:43,Chamber 3,28-041661c2faff,30.5,T260,44C,off
01/03/2023 10:24:03,Chamber 3,28-041661c2faff,30.5,T260,44C,off
01/03/2023 10:24:23,Chamber 3,28-041661c2faff,30.5,T260,44C,off
01/03/2023 10:24:43,Chamber 3,28-041661c2faff,30.5,T260,44C,off
01/03/2023 10:25:03,Chamber 3,28-041661c2faff,30.5,T260,44C,off
01/03/2023 10:25:23,Chamber 3,28-041661c2faff,30.5,T260,44C,off
01/03/2023 10:25:43,Chamber 3,28-041661c2faff,30.5,T260,44C,off
01/03/2023 10:26:03,Chamber 3,28-041661c2faff,30.5,T260,44C,off
01/03/2023 10:26:23,Chamber 3,28-041661c2faff,30.5,T260,44C,off
01/03/2023 10:26:43,Chamber 3,28-041661c2faff,30.5,T260,44C,off
01/03/2023 10:27:03,Chamber 3,28-041661c2faff,30.5,T260,44C,off
01/03/2023 10:27:23,Chamber 3,28-041661c2faff,30.5,T260,44C,off
01/03/2023 10:27:43,Chamber 3,28-041661c2faff,30.5,T260,44C,off
01/03/2023 10:28:03,Chamber 3,28-041661c2faff,30.5,T260,44C,off
01/03/2023 10:28:23,Chamber 3,28-041661c2faff,30.5,T260,44C,off
01/03/2023 10:28:43,Chamber 3,28-041661c2faff,30.562,T260,44C,off
01/03/2023 10:29:03,Chamber 3,28-041661c2faff,30.562,T260,44C,off
01/03/2023 10:29:23,Chamber 3,28-041661c2faff,30.562,T260,44C,off
01/03/2023 10:29:43,Chamber 3,28-041661c2faff,30.562,T260,44C,off
01/03/2023 10:30:03,Chamber 3,28-041661c2faff,30.562,T260,44C,off
01/03/2023 10:30:23,Chamber 3,28-041661c2faff,30.562,T260,44C,off
01/03/2023 10:30:43,Chamber 3,28-041661c2faff,30.562,T260,44C,off
01/03/2023 10:31:04,Chamber 3,28-041661c2faff,30.562,T260,44C,off
01/03/2023 10:31:23,Chamber 3,28-041661c2faff,30.5,T260,44C,off
01/03/2023 10:31:43,Chamber 3,28-041661c2faff,30.562,T260,44C,off
01/03/2023 10:32:03,Chamber 3,28-041661c2faff,30.562,T260,44C,off
01/03/2023 10:32:23,Chamber 3,28-041661c2faff,30.562,T260,44C,off
01/03/2023 10:32:43,Chamber 3,28-041661c2faff,30.562,T260,44C,off
01/03/2023 10:33:03,Chamber 3,28-041661c2faff,30.562,T260,44C,off
01/03/2023 10:33:23,Chamber 3,28-041661c2faff,30.562,T260,44C,off
01/03/2023 10:33:43,Chamber 3,28-041661c2faff,30.562,T260,44C,off
01/03/2023 10:34:03,Chamber 3,28-041661c2faff,30.562,T260,44C,off
01/03/2023 10:34:23,Chamber 3,28-041661c2faff,30.562,T260,44C,off
01/03/2023 10:34:43,Chamber 3,28-041661c2faff,30.562,T260,44C,off
01/03/2023 10:35:03,Chamber 3,28-041661c2faff,30.562,T260,44C,off
01/03/2023 10:35:23,Chamber 3,28-041661c2faff,30.562,T260,44C,off
01/03/2023 10:35:43,Chamber 3,28-041661c2faff,30.562,T260,44C,off
01/03/2023 10:36:03,Chamber 3,28-041661c2faff,30.562,T260,44C,off
01/03/2023 10:36:24,Chamber 3,28-041661c2faff,30.562,T260,44C,off
01/03/2023 10:36:43,Chamber 3,28-041661c2faff,30.562,T260,44C,off
01/03/2023 10:37:03,Chamber 3,28-041661c2faff,30.562,T260,44C,off
01/03/2023 10:37:23,Chamber 3,28-041661c2faff,30.562,T260,44C,off
01/03/2023 10:37:43,Chamber 3,28-041661c2faff,30.562,T260,44C,off
01/03/2023 10:38:03,Chamber 3,28-041661c2faff,30.562,T260,44C,off
01/03/2023 10:38:23,Chamber 3,28-041661c2faff,30.562,T260,44C,off
01/03/2023 10:38:43,Chamber 3,28-041661c2faff,30.562,T260,44C,off
01/03/2023 10:39:03,Chamber 3,28-041661c2faff,30.562,T260,44C,off
01/03/2023 10:39:23,Chamber 3,28-041661c2faff,30.562,T260,44C,off
01/03/2023 10:39:43,Chamber 3,28-041661c2faff,30.562,T260,44C,off
01/03/2023 10:40:03,Chamber 3,28-041661c2faff,30.562,T260,44C,off
01/03/2023 10:40:23,Chamber 3,28-041661c2faff,30.562,T260,44C,off
01/03/2023 10:40:43,Chamber 3,28-041661c2faff,30.562,T260,44C,off
01/03/2023 10:41:03,Chamber 3,28-041661c2faff,30.562,T260,44C,off
01/03/2023 10:41:23,Chamber 3,28-041661c2faff,30.562,T260,44C,off
01/03/2023 10:41:44,Chamber 3,28-041661c2faff,30.562,T260,44C,off
01/03/2023 10:42:03,Chamber 3,28-041661c2faff,30.562,T260,44C,off
01/03/2023 10:42:23,Chamber 3,28-041661c2faff,30.562,T260,44C,off
01/03/2023 10:42:43,Chamber 3,28-041661c2faff,30.562,T260,44C,off
01/03/2023 10:43:03,Chamber 3,28-041661c2faff,30.562,T260,44C,off
01/03/2023 10:43:23,Chamber 3,28-041661c2faff,30.562,T260,44C,off
01/03/2023 10:43:43,Chamber 3,28-041661c2faff,30.562,T260,44C,off
01/03/2023 10:44:03,Chamber 3,28-041661c2faff,30.562,T260,44C,off
01/03/2023 10:44:23,Chamber 3,28-041661c2faff,30.562,T260,44C,off
01/03/2023 10:44:43,Chamber 3,28-041661c2faff,30.562,T260,44C,off
01/03/2023 10:45:03,Chamber 3,28-041661c2faff,30.562,T260,44C,off
01/03/2023 10:45:23,Chamber 3,28-041661c2faff,30.625,T260,44C,off
01/03/2023 10:45:43,Chamber 3,28-041661c2faff,30.562,T260,44C,off
01/03/2023 10:46:03,Chamber 3,28-041661c2faff,30.562,T260,44C,off
01/03/2023 10:46:23,Chamber 3,28-041661c2faff,30.562,T260,44C,off
01/03/2023 10:46:43,Chamber 3,28-041661c2faff,30.5,T260,44C,off
01/03/2023 10:47:03,Chamber 3,28-041661c2faff,30.375,T260,44C,off
01/03/2023 10:47:23,Chamber 3,28-041661c2faff,30.312,T260,44C,off
01/03/2023 10:47:43,Chamber 3,28-041661c2faff,30.312,T260,44C,off
01/03/2023 10:48:03,Chamber 3,28-041661c2faff,30.25,T260,44C,off
01/03/2023 10:48:23,Chamber 3,28-041661c2faff,30.187,T260,44C,off
01/03/2023 10:48:43,Chamber 3,28-041661c2faff,30.125,T260,44C,off
01/03/2023 10:49:03,Chamber 3,28-041661c2faff,30.125,T260,44C,off
01/03/2023 10:49:23,Chamber 3,28-041661c2faff,30.062,T260,44C,off
01/03/2023 10:49:43,Chamber 3,28-041661c2faff,30.062,T260,44C,off
01/03/2023 10:50:03,Chamber 3,28-041661c2faff,30.062,T260,44C,off
01/03/2023 10:50:23,Chamber 3,28-041661c2faff,30.0,T260,44C,off
01/03/2023 10:50:43,Chamber 3,28-041661c2faff,30.0,T260,44C,off
01/03/2023 10:51:03,Chamber 3,28-041661c2faff,29.937,T260,44C,off
01/03/2023 10:51:23,Chamber 3,28-041661c2faff,29.937,T260,44C,off
01/03/2023 10:51:43,Chamber 3,28-041661c2faff,29.937,T260,44C,off
01/03/2023 10:52:03,Chamber 3,28-041661c2faff,29.875,T260,44C,off
01/03/2023 10:52:23,Chamber 3,28-041661c2faff,29.875,T260,44C,off
01/03/2023 10:52:43,Chamber 3,28-041661c2faff,29.875,T260,44C,off
01/03/2023 10:53:03,Chamber 3,28-041661c2faff,29.875,T260,44C,off
01/03/2023 10:53:23,Chamber 3,28-041661c2faff,29.812,T260,44C,off
01/03/2023 10:53:43,Chamber 3,28-041661c2faff,29.812,T260,44C,off
01/03/2023 10:54:03,Chamber 3,28-041661c2faff,29.812,T260,44C,off
01/03/2023 10:54:23,Chamber 3,28-041661c2faff,29.812,T260,44C,off
01/03/2023 10:54:43,Chamber 3,28-041661c2faff,29.812,T260,44C,off
01/03/2023 10:55:03,Chamber 3,28-041661c2faff,29.812,T260,44C,off
01/03/2023 10:55:23,Chamber 3,28-041661c2faff,29.75,T260,44C,off
01/03/2023 10:55:43,Chamber 3,28-041661c2faff,29.75,T260,44C,off
01/03/2023 10:56:03,Chamber 3,28-041661c2faff,29.75,T260,44C,off
01/03/2023 10:56:23,Chamber 3,28-041661c2faff,29.75,T260,44C,off
01/03/2023 10:56:43,Chamber 3,28-041661c2faff,29.75,T260,44C,off
01/03/2023 10:57:03,Chamber 3,28-041661c2faff,29.75,T260,44C,off
01/03/2023 10:57:23,Chamber 3,28-041661c2faff,29.75,T260,44C,off
01/03/2023 10:57:43,Chamber 3,28-041661c2faff,29.75,T260,44C,off
01/03/2023 10:58:03,Chamber 3,28-041661c2faff,29.75,T260,44C,off
01/03/2023 10:58:24,Chamber 3,28-041661c2faff,29.75,T260,44C,off
01/03/2023 10:58:43,Chamber 3,28-041661c2faff,29.75,T260,44C,off
01/03/2023 10:59:03,Chamber 3,28-041661c2faff,29.687,T260,44C,off
01/03/2023 10:59:23,Chamber 3,28-041661c2faff,29.687,T260,44C,off
01/03/2023 10:59:43,Chamber 3,28-041661c2faff,29.687,T260,44C,off
01/03/2023 11:00:02,Chamber 3,28-041661c2faff,29.687,T260,44C,off
01/03/2023 11:00:22,Chamber 3,28-041661c2faff,29.687,T260,44C,off
01/03/2023 11:00:42,Chamber 3,28-041661c2faff,29.687,T260,44C,off
01/03/2023 11:01:02,Chamber 3,28-041661c2faff,29.687,T260,44C,off
01/03/2023 11:01:22,Chamber 3,28-041661c2faff,29.687,T260,44C,off
01/03/2023 11:01:42,Chamber 3,28-041661c2faff,29.687,T260,44C,off
01/03/2023 11:02:02,Chamber 3,28-041661c2faff,29.75,T260,44C,off
01/03/2023 11:02:22,Chamber 3,28-041661c2faff,29.75,T260,44C,off
01/03/2023 11:02:42,Chamber 3,28-041661c2faff,29.75,T260,44C,off
01/03/2023 11:03:02,Chamber 3,28-041661c2faff,29.75,T260,44C,off
01/03/2023 11:03:22,Chamber 3,28-041661c2faff,29.75,T260,44C,off
01/03/2023 11:03:42,Chamber 3,28-041661c2faff,29.812,T260,44C,off
01/03/2023 11:04:02,Chamber 3,28-041661c2faff,29.812,T260,44C,off
01/03/2023 11:04:22,Chamber 3,28-041661c2faff,29.875,T260,44C,off
01/03/2023 11:04:42,Chamber 3,28-041661c2faff,29.875,T260,44C,off
01/03/2023 11:05:02,Chamber 3,28-041661c2faff,29.937,T260,44C,off
01/03/2023 11:05:22,Chamber 3,28-041661c2faff,29.937,T260,44C,off
01/03/2023 11:05:42,Chamber 3,28-041661c2faff,30.0,T260,44C,off
01/03/2023 11:06:02,Chamber 3,28-041661c2faff,30.0,T260,44C,off
01/03/2023 11:06:22,Chamber 3,28-041661c2faff,30.062,T260,44C,off
01/03/2023 11:06:42,Chamber 3,28-041661c2faff,30.062,T260,44C,off
01/03/2023 11:07:02,Chamber 3,28-041661c2faff,30.062,T260,44C,off
01/03/2023 11:07:22,Chamber 3,28-041661c2faff,30.125,T260,44C,off
01/03/2023 11:07:42,Chamber 3,28-041661c2faff,30.125,T260,44C,off
01/03/2023 11:08:02,Chamber 3,28-041661c2faff,30.125,T260,44C,off
01/03/2023 11:08:22,Chamber 3,28-041661c2faff,30.187,T260,44C,off
01/03/2023 11:08:42,Chamber 3,28-041661c2faff,30.187,T260,44C,off
01/03/2023 11:09:02,Chamber 3,28-041661c2faff,30.187,T260,44C,off
01/03/2023 11:09:22,Chamber 3,28-041661c2faff,30.187,T260,44C,off
01/03/2023 11:09:42,Chamber 3,28-041661c2faff,30.25,T260,44C,off
01/03/2023 11:10:02,Chamber 3,28-041661c2faff,30.25,T260,44C,off
01/03/2023 11:10:22,Chamber 3,28-041661c2faff,30.25,T260,44C,off
01/03/2023 11:10:42,Chamber 3,28-041661c2faff,30.25,T260,44C,off
01/03/2023 11:11:02,Chamber 3,28-041661c2faff,30.312,T260,44C,off
01/03/2023 11:11:22,Chamber 3,28-041661c2faff,30.25,T260,44C,off
01/03/2023 11:11:42,Chamber 3,28-041661c2faff,30.312,T260,44C,off
01/03/2023 11:12:02,Chamber 3,28-041661c2faff,30.312,T260,44C,off
01/03/2023 11:12:22,Chamber 3,28-041661c2faff,30.312,T260,44C,off
01/03/2023 11:12:42,Chamber 3,28-041661c2faff,30.312,T260,44C,off
01/03/2023 11:13:02,Chamber 3,28-041661c2faff,30.375,T260,44C,off
01/03/2023 11:13:22,Chamber 3,28-041661c2faff,30.312,T260,44C,off
01/03/2023 11:13:42,Chamber 3,28-041661c2faff,30.375,T260,44C,off
01/03/2023 11:14:02,Chamber 3,28-041661c2faff,30.375,T260,44C,off
01/03/2023 11:14:22,Chamber 3,28-041661c2faff,30.375,T260,44C,off
01/03/2023 11:14:42,Chamber 3,28-041661c2faff,30.375,T260,44C,off
01/03/2023 11:15:02,Chamber 3,28-041661c2faff,30.375,T260,44C,off
01/03/2023 11:15:22,Chamber 3,28-041661c2faff,30.375,T260,44C,off
01/03/2023 11:15:42,Chamber 3,28-041661c2faff,30.375,T260,44C,off
01/03/2023 11:16:02,Chamber 3,28-041661c2faff,30.375,T260,44C,off
01/03/2023 11:16:22,Chamber 3,28-041661c2faff,30.375,T260,44C,off
01/03/2023 11:16:42,Chamber 3,28-041661c2faff,30.437,T260,44C,off
01/03/2023 11:17:02,Chamber 3,28-041661c2faff,30.437,T260,44C,off
01/03/2023 11:17:22,Chamber 3,28-041661c2faff,30.437,T260,44C,off
01/03/2023 11:17:42,Chamber 3,28-041661c2faff,30.437,T260,44C,off
01/03/2023 11:18:02,Chamber 3,28-041661c2faff,30.437,T260,44C,off
01/03/2023 11:18:22,Chamber 3,28-041661c2faff,30.437,T260,44C,off
01/03/2023 11:18:42,Chamber 3,28-041661c2faff,30.437,T260,44C,off
01/03/2023 11:19:02,Chamber 3,28-041661c2faff,30.437,T260,44C,off
01/03/2023 11:19:22,Chamber 3,28-041661c2faff,30.437,T260,44C,off
01/03/2023 11:19:42,Chamber 3,28-041661c2faff,30.437,T260,44C,off
01/03/2023 11:20:02,Chamber 3,28-041661c2faff,30.437,T260,44C,off
01/03/2023 11:20:23,Chamber 3,28-041661c2faff,30.437,T260,44C,off
01/03/2023 11:20:42,Chamber 3,28-041661c2faff,30.437,T260,44C,off
01/03/2023 11:21:02,Chamber 3,28-041661c2faff,30.437,T260,44C,off
01/03/2023 11:21:22,Chamber 3,28-041661c2faff,30.437,T260,44C,off
01/03/2023 11:21:42,Chamber 3,28-041661c2faff,30.5,T260,44C,off
01/03/2023 11:22:02,Chamber 3,28-041661c2faff,30.5,T260,44C,off
01/03/2023 11:22:22,Chamber 3,28-041661c2faff,30.5,T260,44C,off
01/03/2023 11:22:42,Chamber 3,28-041661c2faff,30.5,T260,44C,off
01/03/2023 11:23:02,Chamber 3,28-041661c2faff,30.5,T260,44C,off
01/03/2023 11:23:22,Chamber 3,28-041661c2faff,30.5,T260,44C,off
01/03/2023 11:23:42,Chamber 3,28-041661c2faff,30.5,T260,44C,off
01/03/2023 11:24:02,Chamber 3,28-041661c2faff,30.5,T260,44C,off
01/03/2023 11:24:22,Chamber 3,28-041661c2faff,30.5,T260,44C,off
01/03/2023 11:24:42,Chamber 3,28-041661c2faff,30.5,T260,44C,off
01/03/2023 11:25:02,Chamber 3,28-041661c2faff,30.5,T260,44C,off
01/03/2023 11:25:22,Chamber 3,28-041661c2faff,30.5,T260,44C,off
01/03/2023 11:25:42,Chamber 3,28-041661c2faff,30.5,T260,44C,off
01/03/2023 11:26:02,Chamber 3,28-041661c2faff,30.5,T260,44C,off
01/03/2023 11:26:22,Chamber 3,28-041661c2faff,30.5,T260,44C,off
01/03/2023 11:26:42,Chamber 3,28-041661c2faff,30.5,T260,44C,off
01/03/2023 11:27:02,Chamber 3,28-041661c2faff,30.5,T260,44C,off
01/03/2023 11:27:22,Chamber 3,28-041661c2faff,30.562,T260,44C,off
01/03/2023 11:27:42,Chamber 3,28-041661c2faff,30.562,T260,44C,off
01/03/2023 11:28:02,Chamber 3,28-041661c2faff,30.562,T260,44C,off
01/03/2023 11:28:22,Chamber 3,28-041661c2faff,30.562,T260,44C,off
01/03/2023 11:28:42,Chamber 3,28-041661c2faff,30.562,T260,44C,off
01/03/2023 11:29:02,Chamber 3,28-041661c2faff,30.562,T260,44C,off
01/03/2023 11:29:22,Chamber 3,28-041661c2faff,30.562,T260,44C,off
01/03/2023 11:29:42,Chamber 3,28-041661c2faff,30.562,T260,44C,off
01/03/2023 11:30:03,Chamber 3,28-041661c2faff,30.562,T260,44C,off
01/03/2023 11:30:22,Chamber 3,28-041661c2faff,30.562,T260,44C,off
01/03/2023 11:30:42,Chamber 3,28-041661c2faff,30.562,T260,44C,off
01/03/2023 11:31:02,Chamber 3,28-041661c2faff,30.562,T260,44C,off
01/03/2023 11:31:22,Chamber 3,28-041661c2faff,30.562,T260,44C,off
01/03/2023 11:31:42,Chamber 3,28-041661c2faff,30.562,T260,44C,off
01/03/2023 11:32:04,Chamber 3,28-041661c2faff,30.625,T260,44C,off
01/03/2023 11:32:22,Chamber 3,28-041661c2faff,30.562,T260,44C,off
01/03/2023 11:32:42,Chamber 3,28-041661c2faff,30.625,T260,44C,off
01/03/2023 11:33:02,Chamber 3,28-041661c2faff,30.625,T260,44C,off
01/03/2023 11:33:22,Chamber 3,28-041661c2faff,30.625,T260,44C,off
01/03/2023 11:33:42,Chamber 3,28-041661c2faff,30.625,T260,44C,off
01/03/2023 11:34:02,Chamber 3,28-041661c2faff,30.625,T260,44C,off
01/03/2023 11:34:22,Chamber 3,28-041661c2faff,30.625,T260,44C,off
01/03/2023 11:34:42,Chamber 3,28-041661c2faff,30.625,T260,44C,off
01/03/2023 11:35:02,Chamber 3,28-041661c2faff,30.625,T260,44C,off
01/03/2023 11:35:22,Chamber 3,28-041661c2faff,30.625,T260,44C,off
01/03/2023 11:35:42,Chamber 3,28-041661c2faff,30.625,T260,44C,off
01/03/2023 11:36:02,Chamber 3,28-041661c2faff,30.625,T260,44C,off
01/03/2023 11:36:22,Chamber 3,28-041661c2faff,30.625,T260,44C,off
01/03/2023 11:36:42,Chamber 3,28-041661c2faff,30.625,T260,44C,off
01/03/2023 11:37:02,Chamber 3,28-041661c2faff,30.625,T260,44C,off
01/03/2023 11:37:22,Chamber 3,28-041661c2faff,30.625,T260,44C,off
01/03/2023 11:37:42,Chamber 3,28-041661c2faff,30.625,T260,44C,off
01/03/2023 11:38:02,Chamber 3,28-041661c2faff,30.625,T260,44C,off
01/03/2023 11:38:22,Chamber 3,28-041661c2faff,30.625,T260,44C,off
01/03/2023 11:38:42,Chamber 3,28-041661c2faff,30.625,T260,44C,off
01/03/2023 11:39:03,Chamber 3,28-041661c2faff,30.625,T260,44C,off
01/03/2023 11:39:22,Chamber 3,28-041661c2faff,30.625,T260,44C,off
01/03/2023 11:39:42,Chamber 3,28-041661c2faff,30.625,T260,44C,off
01/03/2023 11:40:02,Chamber 3,28-041661c2faff,30.625,T260,44C,off
01/03/2023 11:40:22,Chamber 3,28-041661c2faff,30.625,T260,44C,off
01/03/2023 11:40:42,Chamber 3,28-041661c2faff,30.687,T260,44C,off
01/03/2023 11:41:02,Chamber 3,28-041661c2faff,30.687,T260,44C,off
01/03/2023 11:41:22,Chamber 3,28-041661c2faff,30.687,T260,44C,off
01/03/2023 11:41:42,Chamber 3,28-041661c2faff,30.687,T260,44C,off
01/03/2023 11:42:02,Chamber 3,28-041661c2faff,30.687,T260,44C,off
01/03/2023 11:42:22,Chamber 3,28-041661c2faff,30.687,T260,44C,off
01/03/2023 11:42:42,Chamber 3,28-041661c2faff,30.687,T260,44C,off
01/03/2023 11:43:02,Chamber 3,28-041661c2faff,30.687,T260,44C,off
01/03/2023 11:43:22,Chamber 3,28-041661c2faff,30.687,T260,44C,off
01/03/2023 11:43:42,Chamber 3,28-041661c2faff,30.687,T260,44C,off
01/03/2023 11:44:02,Chamber 3,28-041661c2faff,30.687,T260,44C,off
01/03/2023 11:44:22,Chamber 3,28-041661c2faff,30.687,T260,44C,off
01/03/2023 11:44:42,Chamber 3,28-041661c2faff,30.687,T260,44C,off
01/03/2023 11:45:02,Chamber 3,28-041661c2faff,30.687,T260,44C,off
01/03/2023 11:45:22,Chamber 3,28-041661c2faff,30.687,T260,44C,off
01/03/2023 11:45:42,Chamber 3,28-041661c2faff,30.687,T260,44C,off
01/03/2023 11:46:02,Chamber 3,28-041661c2faff,30.687,T260,44C,off
01/03/2023 11:46:22,Chamber 3,28-041661c2faff,30.687,T260,44C,off
01/03/2023 11:46:43,Chamber 3,28-041661c2faff,30.687,T260,44C,off
01/03/2023 11:47:02,Chamber 3,28-041661c2faff,30.687,T260,44C,off
01/03/2023 11:47:22,Chamber 3,28-041661c2faff,30.687,T260,44C,off
01/03/2023 11:47:42,Chamber 3,28-041661c2faff,30.687,T260,44C,off
01/03/2023 11:48:02,Chamber 3,28-041661c2faff,30.687,T260,44C,off
01/03/2023 11:48:22,Chamber 3,28-041661c2faff,30.75,T260,44C,off
01/03/2023 11:48:42,Chamber 3,28-041661c2faff,30.687,T260,44C,off
01/03/2023 11:49:02,Chamber 3,28-041661c2faff,30.75,T260,44C,off
01/03/2023 11:49:22,Chamber 3,28-041661c2faff,30.75,T260,44C,off
01/03/2023 11:49:42,Chamber 3,28-041661c2faff,30.75,T260,44C,off
01/03/2023 11:50:02,Chamber 3,28-041661c2faff,30.75,T260,44C,off
01/03/2023 11:50:23,Chamber 3,28-041661c2faff,30.75,T260,44C,off
01/03/2023 11:50:42,Chamber 3,28-041661c2faff,30.75,T260,44C,off
01/03/2023 11:51:02,Chamber 3,28-041661c2faff,30.75,T260,44C,off
01/03/2023 11:51:22,Chamber 3,28-041661c2faff,30.75,T260,44C,off
01/03/2023 11:51:42,Chamber 3,28-041661c2faff,30.75,T260,44C,off
01/03/2023 11:52:03,Chamber 3,28-041661c2faff,30.75,T260,44C,off
01/03/2023 11:52:22,Chamber 3,28-041661c2faff,30.75,T260,44C,off
01/03/2023 11:52:42,Chamber 3,28-041661c2faff,30.75,T260,44C,off
01/03/2023 11:53:02,Chamber 3,28-041661c2faff,30.75,T260,44C,off
01/03/2023 11:53:22,Chamber 3,28-041661c2faff,30.75,T260,44C,off
01/03/2023 11:53:42,Chamber 3,28-041661c2faff,30.75,T260,44C,off
01/03/2023 11:54:02,Chamber 3,28-041661c2faff,30.75,T260,44C,off
01/03/2023 11:54:22,Chamber 3,28-041661c2faff,30.75,T260,44C,off
01/03/2023 11:54:42,Chamber 3,28-041661c2faff,30.75,T260,44C,off
01/03/2023 11:55:02,Chamber 3,28-041661c2faff,30.75,T260,44C,off
01/03/2023 11:55:22,Chamber 3,28-041661c2faff,30.75,T260,44C,off
01/03/2023 11:55:42,Chamber 3,28-041661c2faff,30.75,T260,44C,off
01/03/2023 11:56:03,Chamber 3,28-041661c2faff,30.75,T260,44C,off
01/03/2023 11:56:22,Chamber 3,28-041661c2faff,30.75,T260,44C,off
01/03/2023 11:56:42,Chamber 3,28-041661c2faff,30.75,T260,44C,off
01/03/2023 11:57:02,Chamber 3,28-041661c2faff,30.75,T260,44C,off
01/03/2023 11:57:22,Chamber 3,28-041661c2faff,30.75,T260,44C,off
01/03/2023 11:57:42,Chamber 3,28-041661c2faff,30.75,T260,44C,off
01/03/2023 11:58:02,Chamber 3,28-041661c2faff,30.75,T260,44C,off
01/03/2023 11:58:22,Chamber 3,28-041661c2faff,30.75,T260,44C,off
01/03/2023 11:58:42,Chamber 3,28-041661c2faff,30.75,T260,44C,off
01/03/2023 11:59:02,Chamber 3,28-041661c2faff,30.812,T260,44C,off
01/03/2023 11:59:22,Chamber 3,28-041661c2faff,30.812,T260,44C,off
01/03/2023 11:59:42,Chamber 3,28-041661c2faff,30.812,T260,44C,off
01/03/2023 12:00:03,Chamber 3,28-041661c2faff,30.75,T260,44C,off
01/03/2023 12:00:23,Chamber 3,28-041661c2faff,30.812,T260,44C,off
01/03/2023 12:00:43,Chamber 3,28-041661c2faff,30.812,T260,44C,off
01/03/2023 12:01:03,Chamber 3,28-041661c2faff,30.812,T260,44C,off
01/03/2023 12:01:23,Chamber 3,28-041661c2faff,30.812,T260,44C,off
01/03/2023 12:01:43,Chamber 3,28-041661c2faff,30.812,T260,44C,off
01/03/2023 12:02:03,Chamber 3,28-041661c2faff,30.812,T260,44C,off
01/03/2023 12:02:23,Chamber 3,28-041661c2faff,30.812,T260,44C,off
01/03/2023 12:02:43,Chamber 3,28-041661c2faff,30.812,T260,44C,off
01/03/2023 12:03:03,Chamber 3,28-041661c2faff,30.812,T260,44C,off
01/03/2023 12:03:23,Chamber 3,28-041661c2faff,30.812,T260,44C,off
01/03/2023 12:03:43,Chamber 3,28-041661c2faff,30.812,T260,44C,off
01/03/2023 12:04:03,Chamber 3,28-041661c2faff,30.812,T260,44C,off
01/03/2023 12:04:23,Chamber 3,28-041661c2faff,30.812,T260,44C,off
01/03/2023 12:04:43,Chamber 3,28-041661c2faff,30.812,T260,44C,off
01/03/2023 12:05:03,Chamber 3,28-041661c2faff,30.812,T260,44C,off
01/03/2023 12:05:23,Chamber 3,28-041661c2faff,30.812,T260,44C,off
01/03/2023 12:05:43,Chamber 3,28-041661c2faff,30.812,T260,44C,off
01/03/2023 12:06:03,Chamber 3,28-041661c2faff,30.812,T260,44C,off
01/03/2023 12:06:23,Chamber 3,28-041661c2faff,30.812,T260,44C,off
01/03/2023 12:06:43,Chamber 3,28-041661c2faff,30.812,T260,44C,off
01/03/2023 12:07:03,Chamber 3,28-041661c2faff,30.812,T260,44C,off
01/03/2023 12:07:23,Chamber 3,28-041661c2faff,30.812,T260,44C,off
01/03/2023 12:07:43,Chamber 3,28-041661c2faff,30.812,T260,44C,off
01/03/2023 12:08:03,Chamber 3,28-041661c2faff,30.812,T260,44C,off
01/03/2023 12:08:23,Chamber 3,28-041661c2faff,30.812,T260,44C,off
01/03/2023 12:08:43,Chamber 3,28-041661c2faff,30.812,T260,44C,off
01/03/2023 12:09:03,Chamber 3,28-041661c2faff,30.812,T260,44C,off
01/03/2023 12:09:23,Chamber 3,28-041661c2faff,30.812,T260,44C,off
01/03/2023 12:09:43,Chamber 3,28-041661c2faff,30.812,T260,44C,off
01/03/2023 12:10:03,Chamber 3,28-041661c2faff,30.812,T260,44C,off
01/03/2023 12:10:23,Chamber 3,28-041661c2faff,30.812,T260,44C,off
01/03/2023 12:10:43,Chamber 3,28-041661c2faff,30.812,T260,44C,off
01/03/2023 12:11:03,Chamber 3,28-041661c2faff,30.812,T260,44C,off
01/03/2023 12:11:23,Chamber 3,28-041661c2faff,30.812,T260,44C,off
01/03/2023 12:11:43,Chamber 3,28-041661c2faff,30.812,T260,44C,off
01/03/2023 12:12:03,Chamber 3,28-041661c2faff,30.812,T260,44C,off
01/03/2023 12:12:23,Chamber 3,28-041661c2faff,30.812,T260,44C,off
01/03/2023 12:12:43,Chamber 3,28-041661c2faff,30.812,T260,44C,off
01/03/2023 12:13:03,Chamber 3,28-041661c2faff,30.812,T260,44C,off
01/03/2023 12:13:23,Chamber 3,28-041661c2faff,30.75,T260,44C,off
01/03/2023 12:13:43,Chamber 3,28-041661c2faff,30.75,T260,44C,off
01/03/2023 12:14:03,Chamber 3,28-041661c2faff,30.75,T260,44C,off
01/03/2023 12:14:23,Chamber 3,28-041661c2faff,30.75,T260,44C,off
01/03/2023 12:14:43,Chamber 3,28-041661c2faff,30.75,T260,44C,off
01/03/2023 12:15:03,Chamber 3,28-041661c2faff,30.75,T260,44C,off
01/03/2023 12:15:23,Chamber 3,28-041661c2faff,30.75,T260,44C,off
01/03/2023 12:15:43,Chamber 3,28-041661c2faff,30.75,T260,44C,off
01/03/2023 12:16:03,Chamber 3,28-041661c2faff,30.75,T260,44C,off
01/03/2023 12:16:23,Chamber 3,28-041661c2faff,30.75,T260,44C,off
01/03/2023 12:16:43,Chamber 3,28-041661c2faff,30.687,T260,44C,off
01/03/2023 12:17:03,Chamber 3,28-041661c2faff,30.687,T260,44C,off
01/03/2023 12:17:23,Chamber 3,28-041661c2faff,30.687,T260,44C,off
01/03/2023 12:17:43,Chamber 3,28-041661c2faff,30.687,T260,44C,off
01/03/2023 12:18:03,Chamber 3,28-041661c2faff,30.687,T260,44C,off
01/03/2023 12:18:23,Chamber 3,28-041661c2faff,30.687,T260,44C,off
01/03/2023 12:18:43,Chamber 3,28-041661c2faff,30.625,T260,44C,off
01/03/2023 12:19:03,Chamber 3,28-041661c2faff,30.687,T260,44C,off
01/03/2023 12:19:23,Chamber 3,28-041661c2faff,30.625,T260,44C,off
01/03/2023 12:19:43,Chamber 3,28-041661c2faff,30.687,T260,44C,off
01/03/2023 12:20:03,Chamber 3,28-041661c2faff,30.625,T260,44C,off
01/03/2023 12:20:23,Chamber 3,28-041661c2faff,30.625,T260,44C,off
01/03/2023 12:20:43,Chamber 3,28-041661c2faff,30.625,T260,44C,off
01/03/2023 12:21:03,Chamber 3,28-041661c2faff,30.625,T260,44C,off
01/03/2023 12:21:23,Chamber 3,28-041661c2faff,30.625,T260,44C,off
01/03/2023 12:21:43,Chamber 3,28-041661c2faff,30.625,T260,44C,off
01/03/2023 12:22:03,Chamber 3,28-041661c2faff,30.625,T260,44C,off
01/03/2023 12:22:23,Chamber 3,28-041661c2faff,30.625,T260,44C,off
01/03/2023 12:22:43,Chamber 3,28-041661c2faff,30.625,T260,44C,off
01/03/2023 12:23:03,Chamber 3,28-041661c2faff,30.625,T260,44C,off
01/03/2023 12:23:23,Chamber 3,28-041661c2faff,30.625,T260,44C,off
01/03/2023 12:23:43,Chamber 3,28-041661c2faff,30.625,T260,44C,off
01/03/2023 12:24:03,Chamber 3,28-041661c2faff,30.687,T260,44C,off
01/03/2023 12:24:23,Chamber 3,28-041661c2faff,30.687,T260,44C,off
01/03/2023 12:24:43,Chamber 3,28-041661c2faff,30.687,T260,44C,off
01/03/2023 12:25:03,Chamber 3,28-041661c2faff,30.687,T260,44C,off
01/03/2023 12:25:23,Chamber 3,28-041661c2faff,30.687,T260,44C,off
01/03/2023 12:25:43,Chamber 3,28-041661c2faff,30.687,T260,44C,off
01/03/2023 12:26:03,Chamber 3,28-041661c2faff,30.687,T260,44C,off
01/03/2023 12:26:23,Chamber 3,28-041661c2faff,30.687,T260,44C,off
01/03/2023 12:26:43,Chamber 3,28-041661c2faff,30.687,T260,44C,off
01/03/2023 12:27:03,Chamber 3,28-041661c2faff,30.625,T260,44C,off
01/03/2023 12:27:23,Chamber 3,28-041661c2faff,30.687,T260,44C,off
01/03/2023 12:27:43,Chamber 3,28-041661c2faff,30.687,T260,44C,off
01/03/2023 12:28:03,Chamber 3,28-041661c2faff,30.687,T260,44C,off
01/03/2023 12:28:23,Chamber 3,28-041661c2faff,30.687,T260,44C,off
01/03/2023 12:28:43,Chamber 3,28-041661c2faff,30.687,T260,44C,off
01/03/2023 12:29:03,Chamber 3,28-041661c2faff,30.687,T260,44C,off
01/03/2023 12:29:23,Chamber 3,28-041661c2faff,30.687,T260,44C,off
01/03/2023 12:29:43,Chamber 3,28-041661c2faff,30.687,T260,44C,off
01/03/2023 12:30:03,Chamber 3,28-041661c2faff,30.687,T260,44C,off
01/03/2023 12:30:23,Chamber 3,28-041661c2faff,30.687,T260,44C,off
01/03/2023 12:30:43,Chamber 3,28-041661c2faff,30.687,T260,44C,off
01/03/2023 12:31:03,Chamber 3,28-041661c2faff,30.687,T260,44C,off
01/03/2023 12:31:23,Chamber 3,28-041661c2faff,30.687,T260,44C,off
01/03/2023 12:31:43,Chamber 3,28-041661c2faff,30.687,T260,44C,off
01/03/2023 12:32:03,Chamber 3,28-041661c2faff,30.687,T260,44C,off
01/03/2023 12:32:23,Chamber 3,28-041661c2faff,30.687,T260,44C,off
01/03/2023 12:32:43,Chamber 3,28-041661c2faff,30.687,T260,44C,off
01/03/2023 12:33:03,Chamber 3,28-041661c2faff,30.687,T260,44C,off
01/03/2023 12:33:23,Chamber 3,28-041661c2faff,30.687,T260,44C,off
01/03/2023 12:33:43,Chamber 3,28-041661c2faff,30.687,T260,44C,off
01/03/2023 12:34:03,Chamber 3,28-041661c2faff,30.687,T260,44C,off
01/03/2023 12:34:23,Chamber 3,28-041661c2faff,30.687,T260,44C,off
01/03/2023 12:34:43,Chamber 3,28-041661c2faff,30.687,T260,44C,off
01/03/2023 12:35:03,Chamber 3,28-041661c2faff,30.687,T260,44C,off
01/03/2023 12:35:23,Chamber 3,28-041661c2faff,30.687,T260,44C,off
01/03/2023 12:35:43,Chamber 3,28-041661c2faff,30.687,T260,44C,off
01/03/2023 12:36:03,Chamber 3,28-041661c2faff,30.75,T260,44C,off
01/03/2023 12:36:23,Chamber 3,28-041661c2faff,30.75,T260,44C,off
01/03/2023 12:36:43,Chamber 3,28-041661c2faff,30.75,T260,44C,off
01/03/2023 12:37:03,Chamber 3,28-041661c2faff,30.75,T260,44C,off
01/03/2023 12:37:23,Chamber 3,28-041661c2faff,30.75,T260,44C,off
01/03/2023 12:37:43,Chamber 3,28-041661c2faff,30.75,T260,44C,off
01/03/2023 12:38:03,Chamber 3,28-041661c2faff,30.75,T260,44C,off
01/03/2023 12:38:23,Chamber 3,28-041661c2faff,30.75,T260,44C,off
01/03/2023 12:38:43,Chamber 3,28-041661c2faff,30.75,T260,44C,off
01/03/2023 12:39:03,Chamber 3,28-041661c2faff,30.75,T260,44C,off
01/03/2023 12:39:23,Chamber 3,28-041661c2faff,30.75,T260,44C,off
01/03/2023 12:39:43,Chamber 3,28-041661c2faff,30.75,T260,44C,off
01/03/2023 12:40:03,Chamber 3,28-041661c2faff,30.75,T260,44C,off
01/03/2023 12:40:23,Chamber 3,28-041661c2faff,30.75,T260,44C,off
01/03/2023 12:40:43,Chamber 3,28-041661c2faff,30.75,T260,44C,off
01/03/2023 12:41:03,Chamber 3,28-041661c2faff,30.812,T260,44C,off
01/03/2023 12:41:23,Chamber 3,28-041661c2faff,30.75,T260,44C,off
01/03/2023 12:41:43,Chamber 3,28-041661c2faff,30.75,T260,44C,off
01/03/2023 12:42:03,Chamber 3,28-041661c2faff,30.75,T260,44C,off
01/03/2023 12:42:23,Chamber 3,28-041661c2faff,30.75,T260,44C,off
01/03/2023 12:42:43,Chamber 3,28-041661c2faff,30.75,T260,44C,off
01/03/2023 12:43:03,Chamber 3,28-041661c2faff,30.75,T260,44C,off
01/03/2023 12:43:23,Chamber 3,28-041661c2faff,30.75,T260,44C,off
01/03/2023 12:43:43,Chamber 3,28-041661c2faff,30.75,T260,44C,off
01/03/2023 12:44:03,Chamber 3,28-041661c2faff,30.75,T260,44C,off
01/03/2023 12:44:23,Chamber 3,28-041661c2faff,30.75,T260,44C,off
01/03/2023 12:44:43,Chamber 3,28-041661c2faff,30.75,T260,44C,off
01/03/2023 12:45:03,Chamber 3,28-041661c2faff,30.75,T260,44C,off
01/03/2023 12:45:23,Chamber 3,28-041661c2faff,30.75,T260,44C,off
01/03/2023 12:45:43,Chamber 3,28-041661c2faff,30.75,T260,44C,off
01/03/2023 12:46:03,Chamber 3,28-041661c2faff,30.75,T260,44C,off
01/03/2023 12:46:23,Chamber 3,28-041661c2faff,30.75,T260,44C,off
01/03/2023 12:46:43,Chamber 3,28-041661c2faff,30.75,T260,44C,off
01/03/2023 12:47:03,Chamber 3,28-041661c2faff,30.75,T260,44C,off
01/03/2023 12:47:23,Chamber 3,28-041661c2faff,30.75,T260,44C,off
01/03/2023 12:47:43,Chamber 3,28-041661c2faff,30.75,T260,44C,off
01/03/2023 12:48:03,Chamber 3,28-041661c2faff,30.75,T260,44C,off
01/03/2023 12:48:23,Chamber 3,28-041661c2faff,30.75,T260,44C,off
01/03/2023 12:48:43,Chamber 3,28-041661c2faff,30.75,T260,44C,off
01/03/2023 12:49:03,Chamber 3,28-041661c2faff,30.75,T260,44C,off
01/03/2023 12:49:23,Chamber 3,28-041661c2faff,30.75,T260,44C,off
01/03/2023 12:49:43,Chamber 3,28-041661c2faff,30.75,T260,44C,off
01/03/2023 12:50:03,Chamber 3,28-041661c2faff,30.75,T260,44C,off
01/03/2023 12:50:23,Chamber 3,28-041661c2faff,30.75,T260,44C,off
01/03/2023 12:50:43,Chamber 3,28-041661c2faff,30.75,T260,44C,off
01/03/2023 12:51:03,Chamber 3,28-041661c2faff,30.75,T260,44C,off
01/03/2023 12:51:23,Chamber 3,28-041661c2faff,30.75,T260,44C,off
01/03/2023 12:51:43,Chamber 3,28-041661c2faff,30.75,T260,44C,off
01/03/2023 12:52:03,Chamber 3,28-041661c2faff,30.75,T260,44C,off
01/03/2023 12:52:23,Chamber 3,28-041661c2faff,30.75,T260,44C,off
01/03/2023 12:52:43,Chamber 3,28-041661c2faff,30.75,T260,44C,off
01/03/2023 12:53:03,Chamber 3,28-041661c2faff,30.75,T260,44C,off
01/03/2023 12:53:23,Chamber 3,28-041661c2faff,30.75,T260,44C,off
01/03/2023 12:53:43,Chamber 3,28-041661c2faff,30.75,T260,44C,off
01/03/2023 12:54:03,Chamber 3,28-041661c2faff,30.75,T260,44C,off
01/03/2023 12:54:23,Chamber 3,28-041661c2faff,30.75,T260,44C,off
01/03/2023 12:54:43,Chamber 3,28-041661c2faff,30.75,T260,44C,off
01/03/2023 12:55:03,Chamber 3,28-041661c2faff,30.75,T260,44C,off
01/03/2023 12:55:23,Chamber 3,28-041661c2faff,30.75,T260,44C,off
01/03/2023 12:55:43,Chamber 3,28-041661c2faff,30.75,T260,44C,off
01/03/2023 12:56:03,Chamber 3,28-041661c2faff,30.75,T260,44C,off
01/03/2023 12:56:23,Chamber 3,28-041661c2faff,30.75,T260,44C,off
01/03/2023 12:56:43,Chamber 3,28-041661c2faff,30.75,T260,44C,off
01/03/2023 12:57:03,Chamber 3,28-041661c2faff,30.75,T260,44C,off
01/03/2023 12:57:23,Chamber 3,28-041661c2faff,30.75,T260,44C,off
01/03/2023 12:57:43,Chamber 3,28-041661c2faff,30.75,T260,44C,off
01/03/2023 12:58:03,Chamber 3,28-041661c2faff,30.75,T260,44C,off
01/03/2023 12:58:23,Chamber 3,28-041661c2faff,30.75,T260,44C,off
01/03/2023 12:58:43,Chamber 3,28-041661c2faff,30.75,T260,44C,off
01/03/2023 12:59:03,Chamber 3,28-041661c2faff,30.75,T260,44C,off
01/03/2023 12:59:23,Chamber 3,28-041661c2faff,30.75,T260,44C,off
01/03/2023 12:59:43,Chamber 3,28-041661c2faff,30.75,T260,44C,off
01/03/2023 13:00:02,Chamber 3,28-041661c2faff,30.75,T260,44C,off
01/03/2023 13:00:22,Chamber 3,28-041661c2faff,30.75,T260,44C,off
01/03/2023 13:00:42,Chamber 3,28-041661c2faff,30.75,T260,44C,off
01/03/2023 13:01:02,Chamber 3,28-041661c2faff,30.75,T260,44C,off
01/03/2023 13:01:22,Chamber 3,28-041661c2faff,30.75,T260,44C,off
01/03/2023 13:01:42,Chamber 3,28-041661c2faff,30.75,T260,44C,off
01/03/2023 13:02:02,Chamber 3,28-041661c2faff,30.75,T260,44C,off
01/03/2023 13:02:22,Chamber 3,28-041661c2faff,30.75,T260,44C,off
01/03/2023 13:02:42,Chamber 3,28-041661c2faff,30.75,T260,44C,off
01/03/2023 13:03:02,Chamber 3,28-041661c2faff,30.75,T260,44C,off
01/03/2023 13:03:22,Chamber 3,28-041661c2faff,30.75,T260,44C,off
01/03/2023 13:03:42,Chamber 3,28-041661c2faff,30.75,T260,44C,off
01/03/2023 13:04:02,Chamber 3,28-041661c2faff,30.75,T260,44C,off
01/03/2023 13:04:22,Chamber 3,28-041661c2faff,30.75,T260,44C,off
01/03/2023 13:04:42,Chamber 3,28-041661c2faff,30.75,T260,44C,off
01/03/2023 13:05:02,Chamber 3,28-041661c2faff,30.812,T260,44C,off
01/03/2023 13:05:22,Chamber 3,28-041661c2faff,30.75,T260,44C,off
01/03/2023 13:05:42,Chamber 3,28-041661c2faff,30.75,T260,44C,off
01/03/2023 13:06:02,Chamber 3,28-041661c2faff,30.812,T260,44C,off
01/03/2023 13:06:22,Chamber 3,28-041661c2faff,30.812,T260,44C,off
01/03/2023 13:06:42,Chamber 3,28-041661c2faff,30.812,T260,44C,off
01/03/2023 13:07:02,Chamber 3,28-041661c2faff,30.812,T260,44C,off
01/03/2023 13:07:22,Chamber 3,28-041661c2faff,30.812,T260,44C,off
01/03/2023 13:07:42,Chamber 3,28-041661c2faff,30.812,T260,44C,off
01/03/2023 13:08:02,Chamber 3,28-041661c2faff,30.812,T260,44C,off
01/03/2023 13:08:22,Chamber 3,28-041661c2faff,30.812,T260,44C,off
01/03/2023 13:08:42,Chamber 3,28-041661c2faff,30.812,T260,44C,off
01/03/2023 13:09:02,Chamber 3,28-041661c2faff,30.812,T260,44C,off
01/03/2023 13:09:22,Chamber 3,28-041661c2faff,30.812,T260,44C,off
01/03/2023 13:09:42,Chamber 3,28-041661c2faff,30.812,T260,44C,off
01/03/2023 13:10:02,Chamber 3,28-041661c2faff,30.812,T260,44C,off
01/03/2023 13:10:22,Chamber 3,28-041661c2faff,30.812,T260,44C,off
01/03/2023 13:10:42,Chamber 3,28-041661c2faff,30.812,T260,44C,off
01/03/2023 13:11:02,Chamber 3,28-041661c2faff,30.812,T260,44C,off
01/03/2023 13:11:22,Chamber 3,28-041661c2faff,30.812,T260,44C,off
01/03/2023 13:11:42,Chamber 3,28-041661c2faff,30.812,T260,44C,off
01/03/2023 13:12:02,Chamber 3,28-041661c2faff,30.812,T260,44C,off
01/03/2023 13:12:22,Chamber 3,28-041661c2faff,30.812,T260,44C,off
01/03/2023 13:12:42,Chamber 3,28-041661c2faff,30.812,T260,44C,off
01/03/2023 13:13:02,Chamber 3,28-041661c2faff,30.812,T260,44C,off
01/03/2023 13:13:22,Chamber 3,28-041661c2faff,30.812,T260,44C,off
01/03/2023 13:13:43,Chamber 3,28-041661c2faff,30.875,T260,44C,off
01/03/2023 13:14:02,Chamber 3,28-041661c2faff,30.812,T260,44C,off
01/03/2023 13:14:22,Chamber 3,28-041661c2faff,30.875,T260,44C,off
01/03/2023 13:14:42,Chamber 3,28-041661c2faff,30.875,T260,44C,off
01/03/2023 13:15:02,Chamber 3,28-041661c2faff,30.812,T260,44C,off
01/03/2023 13:15:22,Chamber 3,28-041661c2faff,30.875,T260,44C,off
01/03/2023 13:15:42,Chamber 3,28-041661c2faff,30.875,T260,44C,off
01/03/2023 13:16:02,Chamber 3,28-041661c2faff,30.875,T260,44C,off
01/03/2023 13:16:22,Chamber 3,28-041661c2faff,30.875,T260,44C,off
01/03/2023 13:16:43,Chamber 3,28-041661c2faff,30.875,T260,44C,off
01/03/2023 13:17:02,Chamber 3,28-041661c2faff,30.875,T260,44C,off
01/03/2023 13:17:22,Chamber 3,28-041661c2faff,30.875,T260,44C,off
01/03/2023 13:17:42,Chamber 3,28-041661c2faff,30.875,T260,44C,off
01/03/2023 13:18:02,Chamber 3,28-041661c2faff,30.875,T260,44C,off
01/03/2023 13:18:22,Chamber 3,28-041661c2faff,30.875,T260,44C,off
01/03/2023 13:18:42,Chamber 3,28-041661c2faff,30.875,T260,44C,off
01/03/2023 13:19:02,Chamber 3,28-041661c2faff,30.875,T260,44C,off
01/03/2023 13:19:22,Chamber 3,28-041661c2faff,30.875,T260,44C,off
01/03/2023 13:19:42,Chamber 3,28-041661c2faff,30.875,T260,44C,off
01/03/2023 13:20:02,Chamber 3,28-041661c2faff,30.875,T260,44C,off
01/03/2023 13:20:22,Chamber 3,28-041661c2faff,30.875,T260,44C,off
01/03/2023 13:20:42,Chamber 3,28-041661c2faff,30.875,T260,44C,off
01/03/2023 13:21:02,Chamber 3,28-041661c2faff,30.875,T260,44C,off
01/03/2023 13:21:22,Chamber 3,28-041661c2faff,30.875,T260,44C,off
01/03/2023 13:21:42,Chamber 3,28-041661c2faff,30.875,T260,44C,off
01/03/2023 13:22:02,Chamber 3,28-041661c2faff,30.875,T260,44C,off
01/03/2023 13:22:22,Chamber 3,28-041661c2faff,30.875,T260,44C,off
01/03/2023 13:22:42,Chamber 3,28-041661c2faff,30.875,T260,44C,off
01/03/2023 13:23:02,Chamber 3,28-041661c2faff,30.875,T260,44C,off
01/03/2023 13:23:22,Chamber 3,28-041661c2faff,30.875,T260,44C,off
01/03/2023 13:23:42,Chamber 3,28-041661c2faff,30.875,T260,44C,off
01/03/2023 13:24:02,Chamber 3,28-041661c2faff,30.937,T260,44C,off
01/03/2023 13:24:22,Chamber 3,28-041661c2faff,30.937,T260,44C,off
01/03/2023 13:24:42,Chamber 3,28-041661c2faff,30.937,T260,44C,off
01/03/2023 13:25:02,Chamber 3,28-041661c2faff,30.937,T260,44C,off
01/03/2023 13:25:22,Chamber 3,28-041661c2faff,30.937,T260,44C,off
01/03/2023 13:25:42,Chamber 3,28-041661c2faff,30.937,T260,44C,off
01/03/2023 13:26:02,Chamber 3,28-041661c2faff,30.937,T260,44C,off
01/03/2023 13:26:22,Chamber 3,28-041661c2faff,30.937,T260,44C,off
01/03/2023 13:26:42,Chamber 3,28-041661c2faff,30.937,T260,44C,off
01/03/2023 13:27:02,Chamber 3,28-041661c2faff,30.937,T260,44C,off
01/03/2023 13:27:22,Chamber 3,28-041661c2faff,30.937,T260,44C,off
01/03/2023 13:27:42,Chamber 3,28-041661c2faff,30.937,T260,44C,off
01/03/2023 13:28:02,Chamber 3,28-041661c2faff,30.937,T260,44C,off
01/03/2023 13:28:22,Chamber 3,28-041661c2faff,30.937,T260,44C,off
01/03/2023 13:28:42,Chamber 3,28-041661c2faff,31.0,T260,44C,off
01/03/2023 13:29:02,Chamber 3,28-041661c2faff,30.937,T260,44C,off
01/03/2023 13:29:22,Chamber 3,28-041661c2faff,30.937,T260,44C,off
01/03/2023 13:29:42,Chamber 3,28-041661c2faff,30.937,T260,44C,off
01/03/2023 13:30:02,Chamber 3,28-041661c2faff,30.937,T260,44C,off
01/03/2023 13:30:22,Chamber 3,28-041661c2faff,30.937,T260,44C,off
01/03/2023 13:30:42,Chamber 3,28-041661c2faff,30.937,T260,44C,off
01/03/2023 13:31:02,Chamber 3,28-041661c2faff,31.0,T260,44C,off
01/03/2023 13:31:22,Chamber 3,28-041661c2faff,30.937,T260,44C,off
01/03/2023 13:31:42,Chamber 3,28-041661c2faff,30.937,T260,44C,off
01/03/2023 13:32:02,Chamber 3,28-041661c2faff,30.937,T260,44C,off
01/03/2023 13:32:22,Chamber 3,28-041661c2faff,30.937,T260,44C,off
01/03/2023 13:32:42,Chamber 3,28-041661c2faff,31.0,T260,44C,off
01/03/2023 13:33:02,Chamber 3,28-041661c2faff,31.0,T260,44C,off
01/03/2023 13:33:22,Chamber 3,28-041661c2faff,31.0,T260,44C,off
01/03/2023 13:33:42,Chamber 3,28-041661c2faff,31.0,T260,44C,off
01/03/2023 13:34:02,Chamber 3,28-041661c2faff,31.0,T260,44C,off
01/03/2023 13:34:22,Chamber 3,28-041661c2faff,31.0,T260,44C,off
01/03/2023 13:34:42,Chamber 3,28-041661c2faff,31.0,T260,44C,off
01/03/2023 13:35:02,Chamber 3,28-041661c2faff,31.0,T260,44C,off
01/03/2023 13:35:22,Chamber 3,28-041661c2faff,31.0,T260,44C,off
01/03/2023 13:35:42,Chamber 3,28-041661c2faff,31.0,T260,44C,off
01/03/2023 13:36:02,Chamber 3,28-041661c2faff,31.0,T260,44C,off
01/03/2023 13:36:22,Chamber 3,28-041661c2faff,31.0,T260,44C,off
01/03/2023 13:36:42,Chamber 3,28-041661c2faff,31.0,T260,44C,off
01/03/2023 13:37:02,Chamber 3,28-041661c2faff,31.0,T260,44C,off
01/03/2023 13:37:22,Chamber 3,28-041661c2faff,31.0,T260,44C,off
01/03/2023 13:37:42,Chamber 3,28-041661c2faff,31.0,T260,44C,off
01/03/2023 13:38:02,Chamber 3,28-041661c2faff,31.0,T260,44C,off
01/03/2023 13:38:22,Chamber 3,28-041661c2faff,31.0,T260,44C,off
01/03/2023 13:38:42,Chamber 3,28-041661c2faff,31.0,T260,44C,off
01/03/2023 13:39:02,Chamber 3,28-041661c2faff,31.0,T260,44C,off
01/03/2023 13:39:22,Chamber 3,28-041661c2faff,31.0,T260,44C,off
01/03/2023 13:39:42,Chamber 3,28-041661c2faff,31.0,T260,44C,off
01/03/2023 13:40:02,Chamber 3,28-041661c2faff,31.0,T260,44C,off
01/03/2023 13:40:22,Chamber 3,28-041661c2faff,31.0,T260,44C,off
01/03/2023 13:40:42,Chamber 3,28-041661c2faff,31.0,T260,44C,off
01/03/2023 13:41:03,Chamber 3,28-041661c2faff,31.062,T260,44C,off
01/03/2023 13:41:22,Chamber 3,28-041661c2faff,31.062,T260,44C,off
01/03/2023 13:41:42,Chamber 3,28-041661c2faff,31.0,T260,44C,off
01/03/2023 13:42:02,Chamber 3,28-041661c2faff,31.0,T260,44C,off
01/03/2023 13:42:22,Chamber 3,28-041661c2faff,31.0,T260,44C,off
01/03/2023 13:42:42,Chamber 3,28-041661c2faff,31.0,T260,44C,off
01/03/2023 13:43:02,Chamber 3,28-041661c2faff,31.0,T260,44C,off
01/03/2023 13:43:22,Chamber 3,28-041661c2faff,31.0,T260,44C,off
01/03/2023 13:43:42,Chamber 3,28-041661c2faff,31.0,T260,44C,off
01/03/2023 13:44:02,Chamber 3,28-041661c2faff,31.0,T260,44C,off
01/03/2023 13:44:22,Chamber 3,28-041661c2faff,31.0,T260,44C,off
01/03/2023 13:44:42,Chamber 3,28-041661c2faff,31.0,T260,44C,off
01/03/2023 13:45:02,Chamber 3,28-041661c2faff,31.0,T260,44C,off
01/03/2023 13:45:22,Chamber 3,28-041661c2faff,31.0,T260,44C,off
01/03/2023 13:45:42,Chamber 3,28-041661c2faff,31.0,T260,44C,off
01/03/2023 13:46:02,Chamber 3,28-041661c2faff,31.0,T260,44C,off
01/03/2023 13:46:22,Chamber 3,28-041661c2faff,31.0,T260,44C,off
01/03/2023 13:46:42,Chamber 3,28-041661c2faff,31.0,T260,44C,off
01/03/2023 13:47:02,Chamber 3,28-041661c2faff,31.0,T260,44C,off
01/03/2023 13:47:22,Chamber 3,28-041661c2faff,31.0,T260,44C,off
01/03/2023 13:47:42,Chamber 3,28-041661c2faff,31.0,T260,44C,off
01/03/2023 13:48:02,Chamber 3,28-041661c2faff,31.0,T260,44C,off
01/03/2023 13:48:22,Chamber 3,28-041661c2faff,31.0,T260,44C,off
01/03/2023 13:48:42,Chamber 3,28-041661c2faff,31.0,T260,44C,off
01/03/2023 13:49:02,Chamber 3,28-041661c2faff,31.0,T260,44C,off
01/03/2023 13:49:22,Chamber 3,28-041661c2faff,31.0,T260,44C,off
01/03/2023 13:49:42,Chamber 3,28-041661c2faff,31.062,T260,44C,off
01/03/2023 13:50:02,Chamber 3,28-041661c2faff,31.062,T260,44C,off
01/03/2023 13:50:22,Chamber 3,28-041661c2faff,31.062,T260,44C,off
01/03/2023 13:50:42,Chamber 3,28-041661c2faff,31.062,T260,44C,off
01/03/2023 13:51:02,Chamber 3,28-041661c2faff,31.062,T260,44C,off
01/03/2023 13:51:22,Chamber 3,28-041661c2faff,31.062,T260,44C,off
01/03/2023 13:51:42,Chamber 3,28-041661c2faff,31.062,T260,44C,off
01/03/2023 13:52:02,Chamber 3,28-041661c2faff,31.062,T260,44C,off
01/03/2023 13:52:22,Chamber 3,28-041661c2faff,31.062,T260,44C,off
01/03/2023 13:52:43,Chamber 3,28-041661c2faff,31.062,T260,44C,off
01/03/2023 13:53:02,Chamber 3,28-041661c2faff,31.062,T260,44C,off
01/03/2023 13:53:22,Chamber 3,28-041661c2faff,31.062,T260,44C,off
01/03/2023 13:53:42,Chamber 3,28-041661c2faff,31.062,T260,44C,off
01/03/2023 13:54:02,Chamber 3,28-041661c2faff,31.062,T260,44C,off
01/03/2023 13:54:22,Chamber 3,28-041661c2faff,31.0,T260,44C,off
01/03/2023 13:54:42,Chamber 3,28-041661c2faff,31.0,T260,44C,off
01/03/2023 13:55:02,Chamber 3,28-041661c2faff,31.0,T260,44C,off
01/03/2023 13:55:22,Chamber 3,28-041661c2faff,31.0,T260,44C,off
01/03/2023 13:55:42,Chamber 3,28-041661c2faff,31.0,T260,44C,off
01/03/2023 13:56:02,Chamber 3,28-041661c2faff,31.0,T260,44C,off
01/03/2023 13:56:22,Chamber 3,28-041661c2faff,31.0,T260,44C,off
01/03/2023 13:56:42,Chamber 3,28-041661c2faff,31.0,T260,44C,off
01/03/2023 13:57:02,Chamber 3,28-041661c2faff,31.0,T260,44C,off
01/03/2023 13:57:22,Chamber 3,28-041661c2faff,31.0,T260,44C,off
01/03/2023 13:57:42,Chamber 3,28-041661c2faff,31.0,T260,44C,off
01/03/2023 13:58:02,Chamber 3,28-041661c2faff,31.0,T260,44C,off
01/03/2023 13:58:22,Chamber 3,28-041661c2faff,31.062,T260,44C,off
01/03/2023 13:58:42,Chamber 3,28-041661c2faff,31.0,T260,44C,off
01/03/2023 13:59:02,Chamber 3,28-041661c2faff,31.062,T260,44C,off
01/03/2023 13:59:22,Chamber 3,28-041661c2faff,31.0,T260,44C,off
01/03/2023 13:59:42,Chamber 3,28-041661c2faff,31.0,T260,44C,off
01/03/2023 14:00:03,Chamber 3,28-041661c2faff,31.0,T260,44C,off
01/03/2023 14:00:23,Chamber 3,28-041661c2faff,31.0,T260,44C,off
01/03/2023 14:00:43,Chamber 3,28-041661c2faff,31.0,T260,44C,off
01/03/2023 14:01:03,Chamber 3,28-041661c2faff,31.0,T260,44C,off
01/03/2023 14:01:23,Chamber 3,28-041661c2faff,31.0,T260,44C,off
01/03/2023 14:01:43,Chamber 3,28-041661c2faff,31.0,T260,44C,off
01/03/2023 14:02:03,Chamber 3,28-041661c2faff,31.0,T260,44C,off
01/03/2023 14:02:23,Chamber 3,28-041661c2faff,31.0,T260,44C,off
01/03/2023 14:02:43,Chamber 3,28-041661c2faff,31.0,T260,44C,off
01/03/2023 14:03:03,Chamber 3,28-041661c2faff,31.0,T260,44C,off
01/03/2023 14:03:23,Chamber 3,28-041661c2faff,31.0,T260,44C,off
01/03/2023 14:03:43,Chamber 3,28-041661c2faff,31.0,T260,44C,off
01/03/2023 14:04:03,Chamber 3,28-041661c2faff,31.0,T260,44C,off
01/03/2023 14:04:23,Chamber 3,28-041661c2faff,31.0,T260,44C,off
01/03/2023 14:04:43,Chamber 3,28-041661c2faff,31.0,T260,44C,off
01/03/2023 14:05:03,Chamber 3,28-041661c2faff,31.0,T260,44C,off
01/03/2023 14:05:23,Chamber 3,28-041661c2faff,31.0,T260,44C,off
01/03/2023 14:05:43,Chamber 3,28-041661c2faff,31.062,T260,44C,off
01/03/2023 14:06:03,Chamber 3,28-041661c2faff,31.062,T260,44C,off
01/03/2023 14:06:23,Chamber 3,28-041661c2faff,31.062,T260,44C,off
01/03/2023 14:06:43,Chamber 3,28-041661c2faff,31.062,T260,44C,off
01/03/2023 14:07:03,Chamber 3,28-041661c2faff,31.062,T260,44C,off
01/03/2023 14:07:23,Chamber 3,28-041661c2faff,31.062,T260,44C,off
01/03/2023 14:07:43,Chamber 3,28-041661c2faff,31.062,T260,44C,off
01/03/2023 14:08:03,Chamber 3,28-041661c2faff,31.062,T260,44C,off
01/03/2023 14:08:23,Chamber 3,28-041661c2faff,31.062,T260,44C,off
01/03/2023 14:08:43,Chamber 3,28-041661c2faff,31.062,T260,44C,off
01/03/2023 14:09:03,Chamber 3,28-041661c2faff,31.062,T260,44C,off
01/03/2023 14:09:23,Chamber 3,28-041661c2faff,31.062,T260,44C,off
01/03/2023 14:09:43,Chamber 3,28-041661c2faff,31.062,T260,44C,off
01/03/2023 14:10:03,Chamber 3,28-041661c2faff,31.062,T260,44C,off
01/03/2023 14:10:23,Chamber 3,28-041661c2faff,31.062,T260,44C,off
01/03/2023 14:10:43,Chamber 3,28-041661c2faff,31.062,T260,44C,off
01/03/2023 14:11:03,Chamber 3,28-041661c2faff,31.062,T260,44C,off
01/03/2023 14:11:23,Chamber 3,28-041661c2faff,31.062,T260,44C,off
01/03/2023 14:11:43,Chamber 3,28-041661c2faff,31.062,T260,44C,off
01/03/2023 14:12:03,Chamber 3,28-041661c2faff,31.062,T260,44C,off
01/03/2023 14:12:23,Chamber 3,28-041661c2faff,31.062,T260,44C,off
01/03/2023 14:12:43,Chamber 3,28-041661c2faff,31.062,T260,44C,off
01/03/2023 14:13:03,Chamber 3,28-041661c2faff,31.062,T260,44C,off
01/03/2023 14:13:23,Chamber 3,28-041661c2faff,31.062,T260,44C,off
01/03/2023 14:13:43,Chamber 3,28-041661c2faff,31.062,T260,44C,off
01/03/2023 14:14:03,Chamber 3,28-041661c2faff,31.062,T260,44C,off
01/03/2023 14:14:23,Chamber 3,28-041661c2faff,31.062,T260,44C,off
01/03/2023 14:14:43,Chamber 3,28-041661c2faff,31.062,T260,44C,off
01/03/2023 14:15:03,Chamber 3,28-041661c2faff,31.062,T260,44C,off
01/03/2023 14:15:23,Chamber 3,28-041661c2faff,31.062,T260,44C,off
01/03/2023 14:15:43,Chamber 3,28-041661c2faff,31.062,T260,44C,off
01/03/2023 14:16:03,Chamber 3,28-041661c2faff,31.062,T260,44C,off
01/03/2023 14:16:23,Chamber 3,28-041661c2faff,31.125,T260,44C,off
01/03/2023 14:16:43,Chamber 3,28-041661c2faff,31.062,T260,44C,off
01/03/2023 14:17:03,Chamber 3,28-041661c2faff,31.062,T260,44C,off
01/03/2023 14:17:23,Chamber 3,28-041661c2faff,31.125,T260,44C,off
01/03/2023 14:17:43,Chamber 3,28-041661c2faff,31.125,T260,44C,off
01/03/2023 14:18:03,Chamber 3,28-041661c2faff,31.125,T260,44C,off
01/03/2023 14:18:23,Chamber 3,28-041661c2faff,31.125,T260,44C,off
01/03/2023 14:18:43,Chamber 3,28-041661c2faff,31.125,T260,44C,off
01/03/2023 14:19:03,Chamber 3,28-041661c2faff,31.125,T260,44C,off
01/03/2023 14:19:23,Chamber 3,28-041661c2faff,31.125,T260,44C,off
01/03/2023 14:19:43,Chamber 3,28-041661c2faff,31.125,T260,44C,off
01/03/2023 14:20:03,Chamber 3,28-041661c2faff,31.125,T260,44C,off
01/03/2023 14:20:23,Chamber 3,28-041661c2faff,31.125,T260,44C,off
01/03/2023 14:20:43,Chamber 3,28-041661c2faff,31.125,T260,44C,off
01/03/2023 14:21:03,Chamber 3,28-041661c2faff,31.125,T260,44C,off
01/03/2023 14:21:23,Chamber 3,28-041661c2faff,31.125,T260,44C,off
01/03/2023 14:21:43,Chamber 3,28-041661c2faff,31.125,T260,44C,off
01/03/2023 14:22:03,Chamber 3,28-041661c2faff,31.125,T260,44C,off
01/03/2023 14:22:23,Chamber 3,28-041661c2faff,31.125,T260,44C,off
01/03/2023 14:22:43,Chamber 3,28-041661c2faff,31.125,T260,44C,off
01/03/2023 14:23:03,Chamber 3,28-041661c2faff,31.125,T260,44C,off
01/03/2023 14:23:23,Chamber 3,28-041661c2faff,31.125,T260,44C,off
01/03/2023 14:23:43,Chamber 3,28-041661c2faff,31.125,T260,44C,off
01/03/2023 14:24:03,Chamber 3,28-041661c2faff,31.125,T260,44C,off
01/03/2023 14:24:23,Chamber 3,28-041661c2faff,31.125,T260,44C,off
01/03/2023 14:24:43,Chamber 3,28-041661c2faff,31.187,T260,44C,off
01/03/2023 14:25:03,Chamber 3,28-041661c2faff,31.187,T260,44C,off
01/03/2023 14:25:23,Chamber 3,28-041661c2faff,31.187,T260,44C,off
01/03/2023 14:25:43,Chamber 3,28-041661c2faff,31.187,T260,44C,off
01/03/2023 14:26:03,Chamber 3,28-041661c2faff,31.187,T260,44C,off
01/03/2023 14:26:23,Chamber 3,28-041661c2faff,31.187,T260,44C,off
01/03/2023 14:26:43,Chamber 3,28-041661c2faff,31.187,T260,44C,off
01/03/2023 14:27:03,Chamber 3,28-041661c2faff,31.187,T260,44C,off
01/03/2023 14:27:23,Chamber 3,28-041661c2faff,31.125,T260,44C,off
01/03/2023 14:27:43,Chamber 3,28-041661c2faff,31.187,T260,44C,off
01/03/2023 14:28:03,Chamber 3,28-041661c2faff,31.187,T260,44C,off
01/03/2023 14:28:23,Chamber 3,28-041661c2faff,31.187,T260,44C,off
01/03/2023 14:28:43,Chamber 3,28-041661c2faff,31.187,T260,44C,off
01/03/2023 14:29:03,Chamber 3,28-041661c2faff,31.187,T260,44C,off
01/03/2023 14:29:23,Chamber 3,28-041661c2faff,31.187,T260,44C,off
01/03/2023 14:29:43,Chamber 3,28-041661c2faff,31.187,T260,44C,off
01/03/2023 14:30:03,Chamber 3,28-041661c2faff,31.187,T260,44C,off
01/03/2023 14:30:23,Chamber 3,28-041661c2faff,31.187,T260,44C,off
01/03/2023 14:30:43,Chamber 3,28-041661c2faff,31.187,T260,44C,off
01/03/2023 14:31:03,Chamber 3,28-041661c2faff,31.187,T260,44C,off
01/03/2023 14:31:23,Chamber 3,28-041661c2faff,31.187,T260,44C,off
01/03/2023 14:31:43,Chamber 3,28-041661c2faff,31.187,T260,44C,off
01/03/2023 14:32:03,Chamber 3,28-041661c2faff,31.187,T260,44C,off
01/03/2023 14:32:23,Chamber 3,28-041661c2faff,31.187,T260,44C,off
01/03/2023 14:32:43,Chamber 3,28-041661c2faff,31.187,T260,44C,off
01/03/2023 14:33:03,Chamber 3,28-041661c2faff,31.187,T260,44C,off
01/03/2023 14:33:23,Chamber 3,28-041661c2faff,31.187,T260,44C,off
01/03/2023 14:33:43,Chamber 3,28-041661c2faff,31.187,T260,44C,off
01/03/2023 14:34:03,Chamber 3,28-041661c2faff,31.187,T260,44C,off
01/03/2023 14:34:23,Chamber 3,28-041661c2faff,31.187,T260,44C,off
01/03/2023 14:34:43,Chamber 3,28-041661c2faff,31.187,T260,44C,off
01/03/2023 14:35:03,Chamber 3,28-041661c2faff,31.187,T260,44C,off
01/03/2023 14:35:23,Chamber 3,28-041661c2faff,31.187,T260,44C,off
01/03/2023 14:35:43,Chamber 3,28-041661c2faff,31.187,T260,44C,off
01/03/2023 14:36:03,Chamber 3,28-041661c2faff,31.187,T260,44C,off
01/03/2023 14:36:23,Chamber 3,28-041661c2faff,31.187,T260,44C,off
01/03/2023 14:36:43,Chamber 3,28-041661c2faff,31.187,T260,44C,off
01/03/2023 14:37:03,Chamber 3,28-041661c2faff,31.187,T260,44C,off
01/03/2023 14:37:23,Chamber 3,28-041661c2faff,31.187,T260,44C,off
01/03/2023 14:37:43,Chamber 3,28-041661c2faff,31.187,T260,44C,off
01/03/2023 14:38:03,Chamber 3,28-041661c2faff,31.187,T260,44C,off
01/03/2023 14:38:23,Chamber 3,28-041661c2faff,31.187,T260,44C,off
01/03/2023 14:38:43,Chamber 3,28-041661c2faff,31.187,T260,44C,off
01/03/2023 14:39:03,Chamber 3,28-041661c2faff,31.187,T260,44C,off
01/03/2023 14:39:23,Chamber 3,28-041661c2faff,31.187,T260,44C,off
01/03/2023 14:39:43,Chamber 3,28-041661c2faff,31.187,T260,44C,off
01/03/2023 14:40:03,Chamber 3,28-041661c2faff,31.125,T260,44C,off
01/03/2023 14:40:23,Chamber 3,28-041661c2faff,31.125,T260,44C,off
01/03/2023 14:40:43,Chamber 3,28-041661c2faff,31.125,T260,44C,off
01/03/2023 14:41:03,Chamber 3,28-041661c2faff,31.187,T260,44C,off
01/03/2023 14:41:23,Chamber 3,28-041661c2faff,31.187,T260,44C,off
01/03/2023 14:41:43,Chamber 3,28-041661c2faff,31.187,T260,44C,off
01/03/2023 14:42:03,Chamber 3,28-041661c2faff,31.187,T260,44C,off
01/03/2023 14:42:23,Chamber 3,28-041661c2faff,31.187,T260,44C,off
01/03/2023 14:42:43,Chamber 3,28-041661c2faff,31.187,T260,44C,off
01/03/2023 14:43:03,Chamber 3,28-041661c2faff,31.187,T260,44C,off
01/03/2023 14:43:23,Chamber 3,28-041661c2faff,31.187,T260,44C,off
01/03/2023 14:43:43,Chamber 3,28-041661c2faff,31.187,T260,44C,off
01/03/2023 14:44:03,Chamber 3,28-041661c2faff,31.187,T260,44C,off
01/03/2023 14:44:23,Chamber 3,28-041661c2faff,31.187,T260,44C,off
01/03/2023 14:44:43,Chamber 3,28-041661c2faff,31.187,T260,44C,off
01/03/2023 14:45:03,Chamber 3,28-041661c2faff,31.187,T260,44C,off
01/03/2023 14:45:23,Chamber 3,28-041661c2faff,31.187,T260,44C,off
01/03/2023 14:45:43,Chamber 3,28-041661c2faff,31.187,T260,44C,off
01/03/2023 14:46:03,Chamber 3,28-041661c2faff,31.187,T260,44C,off
01/03/2023 14:46:23,Chamber 3,28-041661c2faff,31.187,T260,44C,off
01/03/2023 14:46:43,Chamber 3,28-041661c2faff,31.187,T260,44C,off
01/03/2023 14:47:03,Chamber 3,28-041661c2faff,31.187,T260,44C,off
01/03/2023 14:47:23,Chamber 3,28-041661c2faff,31.187,T260,44C,off
01/03/2023 14:47:43,Chamber 3,28-041661c2faff,31.187,T260,44C,off
01/03/2023 14:48:03,Chamber 3,28-041661c2faff,31.187,T260,44C,off
01/03/2023 14:48:23,Chamber 3,28-041661c2faff,31.187,T260,44C,off
01/03/2023 14:48:43,Chamber 3,28-041661c2faff,31.187,T260,44C,off
01/03/2023 14:49:03,Chamber 3,28-041661c2faff,31.187,T260,44C,off
01/03/2023 14:49:23,Chamber 3,28-041661c2faff,31.187,T260,44C,off
01/03/2023 14:49:43,Chamber 3,28-041661c2faff,31.25,T260,44C,off
01/03/2023 14:50:03,Chamber 3,28-041661c2faff,31.25,T260,44C,off
01/03/2023 14:50:23,Chamber 3,28-041661c2faff,31.25,T260,44C,off
01/03/2023 14:50:43,Chamber 3,28-041661c2faff,31.25,T260,44C,off
01/03/2023 14:51:03,Chamber 3,28-041661c2faff,31.25,T260,44C,off
01/03/2023 14:51:23,Chamber 3,28-041661c2faff,31.187,T260,44C,off
01/03/2023 14:51:43,Chamber 3,28-041661c2faff,31.25,T260,44C,off
01/03/2023 14:52:03,Chamber 3,28-041661c2faff,31.25,T260,44C,off
01/03/2023 14:52:23,Chamber 3,28-041661c2faff,31.25,T260,44C,off
01/03/2023 14:52:43,Chamber 3,28-041661c2faff,31.25,T260,44C,off
01/03/2023 14:53:03,Chamber 3,28-041661c2faff,31.25,T260,44C,off
01/03/2023 14:53:23,Chamber 3,28-041661c2faff,31.25,T260,44C,off
01/03/2023 14:53:43,Chamber 3,28-041661c2faff,31.25,T260,44C,off
01/03/2023 14:54:03,Chamber 3,28-041661c2faff,31.25,T260,44C,off
01/03/2023 14:54:23,Chamber 3,28-041661c2faff,31.25,T260,44C,off
01/03/2023 14:54:43,Chamber 3,28-041661c2faff,31.25,T260,44C,off
01/03/2023 14:55:03,Chamber 3,28-041661c2faff,31.25,T260,44C,off
01/03/2023 14:55:23,Chamber 3,28-041661c2faff,31.25,T260,44C,off
01/03/2023 14:55:43,Chamber 3,28-041661c2faff,31.25,T260,44C,off
01/03/2023 14:56:03,Chamber 3,28-041661c2faff,31.25,T260,44C,off
01/03/2023 14:56:23,Chamber 3,28-041661c2faff,31.25,T260,44C,off
01/03/2023 14:56:43,Chamber 3,28-041661c2faff,31.25,T260,44C,off
01/03/2023 14:57:03,Chamber 3,28-041661c2faff,31.25,T260,44C,off
01/03/2023 14:57:23,Chamber 3,28-041661c2faff,31.25,T260,44C,off
01/03/2023 14:57:43,Chamber 3,28-041661c2faff,31.25,T260,44C,off
01/03/2023 14:58:03,Chamber 3,28-041661c2faff,31.25,T260,44C,off
01/03/2023 14:58:23,Chamber 3,28-041661c2faff,31.25,T260,44C,off
01/03/2023 14:58:43,Chamber 3,28-041661c2faff,31.25,T260,44C,off
01/03/2023 14:59:03,Chamber 3,28-041661c2faff,31.25,T260,44C,off
01/03/2023 14:59:23,Chamber 3,28-041661c2faff,31.187,T260,44C,off
01/03/2023 14:59:43,Chamber 3,28-041661c2faff,31.25,T260,44C,off
01/03/2023 15:00:02,Chamber 3,28-041661c2faff,31.187,T260,44C,off
01/03/2023 15:00:22,Chamber 3,28-041661c2faff,31.187,T260,44C,off
01/03/2023 15:00:42,Chamber 3,28-041661c2faff,31.187,T260,44C,off
01/03/2023 15:01:02,Chamber 3,28-041661c2faff,31.187,T260,44C,off
01/03/2023 15:01:22,Chamber 3,28-041661c2faff,31.187,T260,44C,off
01/03/2023 15:01:42,Chamber 3,28-041661c2faff,31.187,T260,44C,off
01/03/2023 15:02:02,Chamber 3,28-041661c2faff,31.187,T260,44C,off
01/03/2023 15:02:22,Chamber 3,28-041661c2faff,31.187,T260,44C,off
01/03/2023 15:02:42,Chamber 3,28-041661c2faff,31.187,T260,44C,off
01/03/2023 15:03:02,Chamber 3,28-041661c2faff,31.187,T260,44C,off
01/03/2023 15:03:22,Chamber 3,28-041661c2faff,31.187,T260,44C,off
01/03/2023 15:03:42,Chamber 3,28-041661c2faff,31.187,T260,44C,off
01/03/2023 15:04:02,Chamber 3,28-041661c2faff,31.187,T260,44C,off
01/03/2023 15:04:22,Chamber 3,28-041661c2faff,31.187,T260,44C,off
01/03/2023 15:04:42,Chamber 3,28-041661c2faff,31.187,T260,44C,off
01/03/2023 15:05:02,Chamber 3,28-041661c2faff,31.187,T260,44C,off
01/03/2023 15:05:22,Chamber 3,28-041661c2faff,31.187,T260,44C,off
01/03/2023 15:05:42,Chamber 3,28-041661c2faff,31.187,T260,44C,off
01/03/2023 15:06:02,Chamber 3,28-041661c2faff,31.187,T260,44C,off
01/03/2023 15:06:23,Chamber 3,28-041661c2faff,31.187,T260,44C,off
01/03/2023 15:06:42,Chamber 3,28-041661c2faff,31.187,T260,44C,off
01/03/2023 15:07:02,Chamber 3,28-041661c2faff,31.187,T260,44C,off
01/03/2023 15:07:22,Chamber 3,28-041661c2faff,31.187,T260,44C,off
01/03/2023 15:07:42,Chamber 3,28-041661c2faff,31.187,T260,44C,off
01/03/2023 15:08:02,Chamber 3,28-041661c2faff,31.187,T260,44C,off
01/03/2023 15:08:22,Chamber 3,28-041661c2faff,31.187,T260,44C,off
01/03/2023 15:08:42,Chamber 3,28-041661c2faff,31.187,T260,44C,off
01/03/2023 15:09:02,Chamber 3,28-041661c2faff,31.187,T260,44C,off
01/03/2023 15:09:22,Chamber 3,28-041661c2faff,31.187,T260,44C,off
01/03/2023 15:09:42,Chamber 3,28-041661c2faff,31.187,T260,44C,off
01/03/2023 15:10:02,Chamber 3,28-041661c2faff,31.187,T260,44C,off
01/03/2023 15:10:22,Chamber 3,28-041661c2faff,31.187,T260,44C,off
01/03/2023 15:10:42,Chamber 3,28-041661c2faff,31.187,T260,44C,off
01/03/2023 15:11:02,Chamber 3,28-041661c2faff,31.187,T260,44C,off
01/03/2023 15:11:22,Chamber 3,28-041661c2faff,31.187,T260,44C,off
01/03/2023 15:11:42,Chamber 3,28-041661c2faff,31.187,T260,44C,off
01/03/2023 15:12:02,Chamber 3,28-041661c2faff,31.187,T260,44C,off
01/03/2023 15:12:22,Chamber 3,28-041661c2faff,31.187,T260,44C,off
01/03/2023 15:12:42,Chamber 3,28-041661c2faff,31.187,T260,44C,off
01/03/2023 15:13:02,Chamber 3,28-041661c2faff,31.187,T260,44C,off
01/03/2023 15:13:22,Chamber 3,28-041661c2faff,31.187,T260,44C,off
01/03/2023 15:13:42,Chamber 3,28-041661c2faff,31.187,T260,44C,off
01/03/2023 15:14:02,Chamber 3,28-041661c2faff,31.187,T260,44C,off
01/03/2023 15:14:22,Chamber 3,28-041661c2faff,31.125,T260,44C,off
01/03/2023 15:14:42,Chamber 3,28-041661c2faff,31.125,T260,44C,off
01/03/2023 15:15:02,Chamber 3,28-041661c2faff,31.125,T260,44C,off
01/03/2023 15:15:22,Chamber 3,28-041661c2faff,31.125,T260,44C,off
01/03/2023 15:15:42,Chamber 3,28-041661c2faff,31.125,T260,44C,off
01/03/2023 15:16:02,Chamber 3,28-041661c2faff,31.125,T260,44C,off
01/03/2023 15:16:22,Chamber 3,28-041661c2faff,31.125,T260,44C,off
01/03/2023 15:16:42,Chamber 3,28-041661c2faff,31.125,T260,44C,off
01/03/2023 15:17:02,Chamber 3,28-041661c2faff,31.125,T260,44C,off
01/03/2023 15:17:22,Chamber 3,28-041661c2faff,31.125,T260,44C,off
01/03/2023 15:17:42,Chamber 3,28-041661c2faff,31.125,T260,44C,off
01/03/2023 15:18:02,Chamber 3,28-041661c2faff,31.125,T260,44C,off
01/03/2023 15:18:22,Chamber 3,28-041661c2faff,31.125,T260,44C,off
01/03/2023 15:18:42,Chamber 3,28-041661c2faff,31.125,T260,44C,off
01/03/2023 15:19:02,Chamber 3,28-041661c2faff,31.125,T260,44C,off
01/03/2023 15:19:22,Chamber 3,28-041661c2faff,31.125,T260,44C,off
01/03/2023 15:19:42,Chamber 3,28-041661c2faff,31.125,T260,44C,off
01/03/2023 15:20:03,Chamber 3,28-041661c2faff,31.125,T260,44C,off
01/03/2023 15:20:22,Chamber 3,28-041661c2faff,31.125,T260,44C,off
01/03/2023 15:20:42,Chamber 3,28-041661c2faff,31.125,T260,44C,off
01/03/2023 15:21:02,Chamber 3,28-041661c2faff,31.125,T260,44C,off
01/03/2023 15:21:22,Chamber 3,28-041661c2faff,31.125,T260,44C,off
01/03/2023 15:21:42,Chamber 3,28-041661c2faff,31.125,T260,44C,off
01/03/2023 15:22:02,Chamber 3,28-041661c2faff,31.125,T260,44C,off
01/03/2023 15:22:22,Chamber 3,28-041661c2faff,31.125,T260,44C,off
01/03/2023 15:22:42,Chamber 3,28-041661c2faff,31.125,T260,44C,off
01/03/2023 15:23:02,Chamber 3,28-041661c2faff,31.125,T260,44C,off
01/03/2023 15:23:23,Chamber 3,28-041661c2faff,31.125,T260,44C,off
01/03/2023 15:23:42,Chamber 3,28-041661c2faff,31.125,T260,44C,off
01/03/2023 15:24:02,Chamber 3,28-041661c2faff,31.062,T260,44C,off
01/03/2023 15:24:22,Chamber 3,28-041661c2faff,31.062,T260,44C,off
01/03/2023 15:24:42,Chamber 3,28-041661c2faff,31.125,T260,44C,off
01/03/2023 15:25:02,Chamber 3,28-041661c2faff,31.062,T260,44C,off
01/03/2023 15:25:22,Chamber 3,28-041661c2faff,31.125,T260,44C,off
01/03/2023 15:25:42,Chamber 3,28-041661c2faff,31.062,T260,44C,off
01/03/2023 15:26:02,Chamber 3,28-041661c2faff,31.125,T260,44C,off
01/03/2023 15:26:22,Chamber 3,28-041661c2faff,31.062,T260,44C,off
01/03/2023 15:26:42,Chamber 3,28-041661c2faff,31.062,T260,44C,off
01/03/2023 15:27:02,Chamber 3,28-041661c2faff,31.062,T260,44C,off
01/03/2023 15:27:22,Chamber 3,28-041661c2faff,31.062,T260,44C,off
01/03/2023 15:27:42,Chamber 3,28-041661c2faff,31.062,T260,44C,off
01/03/2023 15:28:02,Chamber 3,28-041661c2faff,31.062,T260,44C,off
01/03/2023 15:28:22,Chamber 3,28-041661c2faff,31.062,T260,44C,off
01/03/2023 15:28:42,Chamber 3,28-041661c2faff,31.062,T260,44C,off
01/03/2023 15:29:02,Chamber 3,28-041661c2faff,31.062,T260,44C,off
01/03/2023 15:29:22,Chamber 3,28-041661c2faff,31.062,T260,44C,off
01/03/2023 15:29:42,Chamber 3,28-041661c2faff,31.062,T260,44C,off
01/03/2023 15:30:02,Chamber 3,28-041661c2faff,31.062,T260,44C,off
01/03/2023 15:30:22,Chamber 3,28-041661c2faff,31.062,T260,44C,off
01/03/2023 15:30:42,Chamber 3,28-041661c2faff,31.125,T260,44C,off
01/03/2023 15:31:02,Chamber 3,28-041661c2faff,31.125,T260,44C,off
01/03/2023 15:31:22,Chamber 3,28-041661c2faff,31.125,T260,44C,off
01/03/2023 15:31:42,Chamber 3,28-041661c2faff,31.062,T260,44C,off
01/03/2023 15:32:02,Chamber 3,28-041661c2faff,31.062,T260,44C,off
01/03/2023 15:32:22,Chamber 3,28-041661c2faff,31.062,T260,44C,off
01/03/2023 15:32:42,Chamber 3,28-041661c2faff,31.062,T260,44C,off
01/03/2023 15:33:02,Chamber 3,28-041661c2faff,31.062,T260,44C,off
01/03/2023 15:33:22,Chamber 3,28-041661c2faff,31.062,T260,44C,off
01/03/2023 15:33:42,Chamber 3,28-041661c2faff,31.062,T260,44C,off
01/03/2023 15:34:02,Chamber 3,28-041661c2faff,31.062,T260,44C,off
01/03/2023 15:34:22,Chamber 3,28-041661c2faff,31.062,T260,44C,off
01/03/2023 15:34:42,Chamber 3,28-041661c2faff,31.062,T260,44C,off
01/03/2023 15:35:02,Chamber 3,28-041661c2faff,31.062,T260,44C,off
01/03/2023 15:35:22,Chamber 3,28-041661c2faff,31.062,T260,44C,off
01/03/2023 15:35:42,Chamber 3,28-041661c2faff,31.062,T260,44C,off
01/03/2023 15:36:02,Chamber 3,28-041661c2faff,31.062,T260,44C,off
01/03/2023 15:36:22,Chamber 3,28-041661c2faff,31.062,T260,44C,off
01/03/2023 15:36:42,Chamber 3,28-041661c2faff,31.062,T260,44C,off
01/03/2023 15:37:02,Chamber 3,28-041661c2faff,31.125,T260,44C,off
01/03/2023 15:37:23,Chamber 3,28-041661c2faff,31.125,T260,44C,off
01/03/2023 15:37:42,Chamber 3,28-041661c2faff,31.062,T260,44C,off
01/03/2023 15:38:02,Chamber 3,28-041661c2faff,31.062,T260,44C,off
01/03/2023 15:38:22,Chamber 3,28-041661c2faff,31.062,T260,44C,off
01/03/2023 15:38:42,Chamber 3,28-041661c2faff,31.062,T260,44C,off
01/03/2023 15:39:02,Chamber 3,28-041661c2faff,31.062,T260,44C,off
01/03/2023 15:39:22,Chamber 3,28-041661c2faff,31.062,T260,44C,off
01/03/2023 15:39:42,Chamber 3,28-041661c2faff,31.062,T260,44C,off
01/03/2023 15:40:02,Chamber 3,28-041661c2faff,31.062,T260,44C,off
01/03/2023 15:40:22,Chamber 3,28-041661c2faff,31.062,T260,44C,off
01/03/2023 15:40:42,Chamber 3,28-041661c2faff,31.062,T260,44C,off
01/03/2023 15:41:02,Chamber 3,28-041661c2faff,31.062,T260,44C,off
01/03/2023 15:41:22,Chamber 3,28-041661c2faff,31.0,T260,44C,off
01/03/2023 15:41:42,Chamber 3,28-041661c2faff,31.062,T260,44C,off
01/03/2023 15:42:02,Chamber 3,28-041661c2faff,31.062,T260,44C,off
01/03/2023 15:42:22,Chamber 3,28-041661c2faff,31.062,T260,44C,off
01/03/2023 15:42:42,Chamber 3,28-041661c2faff,31.062,T260,44C,off
01/03/2023 15:43:02,Chamber 3,28-041661c2faff,31.062,T260,44C,off
01/03/2023 15:43:22,Chamber 3,28-041661c2faff,31.062,T260,44C,off
01/03/2023 15:43:42,Chamber 3,28-041661c2faff,31.062,T260,44C,off
01/03/2023 15:44:02,Chamber 3,28-041661c2faff,31.062,T260,44C,off
01/03/2023 15:44:22,Chamber 3,28-041661c2faff,31.062,T260,44C,off
01/03/2023 15:44:42,Chamber 3,28-041661c2faff,31.062,T260,44C,off
01/03/2023 15:45:02,Chamber 3,28-041661c2faff,31.062,T260,44C,off
01/03/2023 15:45:22,Chamber 3,28-041661c2faff,31.062,T260,44C,off
01/03/2023 15:45:42,Chamber 3,28-041661c2faff,31.062,T260,44C,off
01/03/2023 15:46:02,Chamber 3,28-041661c2faff,31.062,T260,44C,off
01/03/2023 15:46:22,Chamber 3,28-041661c2faff,31.062,T260,44C,off
01/03/2023 15:46:42,Chamber 3,28-041661c2faff,31.062,T260,44C,off
01/03/2023 15:47:02,Chamber 3,28-041661c2faff,31.0,T260,44C,off
01/03/2023 15:47:22,Chamber 3,28-041661c2faff,31.062,T260,44C,off
01/03/2023 15:47:42,Chamber 3,28-041661c2faff,31.062,T260,44C,off
01/03/2023 15:48:02,Chamber 3,28-041661c2faff,31.0,T260,44C,off
01/03/2023 15:48:22,Chamber 3,28-041661c2faff,31.062,T260,44C,off
01/03/2023 15:48:42,Chamber 3,28-041661c2faff,31.0,T260,44C,off
01/03/2023 15:49:02,Chamber 3,28-041661c2faff,31.0,T260,44C,off
01/03/2023 15:49:22,Chamber 3,28-041661c2faff,31.0,T260,44C,off
01/03/2023 15:49:42,Chamber 3,28-041661c2faff,31.0,T260,44C,off
01/03/2023 15:50:02,Chamber 3,28-041661c2faff,31.0,T260,44C,off
01/03/2023 15:50:22,Chamber 3,28-041661c2faff,31.0,T260,44C,off
01/03/2023 15:50:42,Chamber 3,28-041661c2faff,31.0,T260,44C,off
01/03/2023 15:51:02,Chamber 3,28-041661c2faff,31.0,T260,44C,off
01/03/2023 15:51:22,Chamber 3,28-041661c2faff,31.0,T260,44C,off
01/03/2023 15:51:42,Chamber 3,28-041661c2faff,31.0,T260,44C,off
01/03/2023 15:52:02,Chamber 3,28-041661c2faff,31.0,T260,44C,off
01/03/2023 15:52:22,Chamber 3,28-041661c2faff,31.0,T260,44C,off
01/03/2023 15:52:42,Chamber 3,28-041661c2faff,31.0,T260,44C,off
01/03/2023 15:53:02,Chamber 3,28-041661c2faff,31.0,T260,44C,off
01/03/2023 15:53:22,Chamber 3,28-041661c2faff,31.0,T260,44C,off
01/03/2023 15:53:42,Chamber 3,28-041661c2faff,31.0,T260,44C,off
01/03/2023 15:54:02,Chamber 3,28-041661c2faff,31.0,T260,44C,off
01/03/2023 15:54:22,Chamber 3,28-041661c2faff,31.0,T260,44C,off
01/03/2023 15:54:42,Chamber 3,28-041661c2faff,31.0,T260,44C,off
01/03/2023 15:55:02,Chamber 3,28-041661c2faff,31.0,T260,44C,off
01/03/2023 15:55:22,Chamber 3,28-041661c2faff,31.0,T260,44C,off
01/03/2023 15:55:42,Chamber 3,28-041661c2faff,31.0,T260,44C,off
01/03/2023 15:56:02,Chamber 3,28-041661c2faff,31.0,T260,44C,off
01/03/2023 15:56:22,Chamber 3,28-041661c2faff,31.0,T260,44C,off
01/03/2023 15:56:42,Chamber 3,28-041661c2faff,31.0,T260,44C,off
01/03/2023 15:57:02,Chamber 3,28-041661c2faff,31.0,T260,44C,off
01/03/2023 15:57:22,Chamber 3,28-041661c2faff,31.0,T260,44C,off
01/03/2023 15:57:42,Chamber 3,28-041661c2faff,31.0,T260,44C,off
01/03/2023 15:58:02,Chamber 3,28-041661c2faff,31.0,T260,44C,off
01/03/2023 15:58:22,Chamber 3,28-041661c2faff,31.0,T260,44C,off
01/03/2023 15:58:42,Chamber 3,28-041661c2faff,30.937,T260,44C,off
01/03/2023 15:59:02,Chamber 3,28-041661c2faff,31.0,T260,44C,off
01/03/2023 15:59:22,Chamber 3,28-041661c2faff,31.0,T260,44C,off
01/03/2023 15:59:42,Chamber 3,28-041661c2faff,31.0,T260,44C,off
01/03/2023 16:00:03,Chamber 3,28-041661c2faff,31.0,T260,44C,off
01/03/2023 16:00:23,Chamber 3,28-041661c2faff,31.0,T260,44C,off
01/03/2023 16:00:43,Chamber 3,28-041661c2faff,30.937,T260,44C,off
01/03/2023 16:01:03,Chamber 3,28-041661c2faff,30.937,T260,44C,off
01/03/2023 16:01:23,Chamber 3,28-041661c2faff,30.937,T260,44C,off
01/03/2023 16:01:43,Chamber 3,28-041661c2faff,30.937,T260,44C,off
01/03/2023 16:02:03,Chamber 3,28-041661c2faff,30.937,T260,44C,off
01/03/2023 16:02:23,Chamber 3,28-041661c2faff,30.937,T260,44C,off
01/03/2023 16:02:43,Chamber 3,28-041661c2faff,30.937,T260,44C,off
01/03/2023 16:03:03,Chamber 3,28-041661c2faff,31.0,T260,44C,off
01/03/2023 16:03:23,Chamber 3,28-041661c2faff,31.0,T260,44C,off
01/03/2023 16:03:43,Chamber 3,28-041661c2faff,31.0,T260,44C,off
01/03/2023 16:04:03,Chamber 3,28-041661c2faff,30.937,T260,44C,off
01/03/2023 16:04:23,Chamber 3,28-041661c2faff,31.0,T260,44C,off
01/03/2023 16:04:43,Chamber 3,28-041661c2faff,30.937,T260,44C,off
01/03/2023 16:05:03,Chamber 3,28-041661c2faff,30.937,T260,44C,off
01/03/2023 16:05:23,Chamber 3,28-041661c2faff,30.937,T260,44C,off
01/03/2023 16:05:43,Chamber 3,28-041661c2faff,30.937,T260,44C,off
01/03/2023 16:06:03,Chamber 3,28-041661c2faff,30.937,T260,44C,off
01/03/2023 16:06:23,Chamber 3,28-041661c2faff,30.937,T260,44C,off
01/03/2023 16:06:43,Chamber 3,28-041661c2faff,31.0,T260,44C,off
01/03/2023 16:07:03,Chamber 3,28-041661c2faff,31.0,T260,44C,off
01/03/2023 16:07:23,Chamber 3,28-041661c2faff,31.0,T260,44C,off
01/03/2023 16:07:43,Chamber 3,28-041661c2faff,31.0,T260,44C,off
01/03/2023 16:08:03,Chamber 3,28-041661c2faff,30.937,T260,44C,off
01/03/2023 16:08:23,Chamber 3,28-041661c2faff,31.0,T260,44C,off
01/03/2023 16:08:43,Chamber 3,28-041661c2faff,30.937,T260,44C,off
01/03/2023 16:09:03,Chamber 3,28-041661c2faff,31.0,T260,44C,off
01/03/2023 16:09:23,Chamber 3,28-041661c2faff,31.0,T260,44C,off
01/03/2023 16:09:43,Chamber 3,28-041661c2faff,31.0,T260,44C,off
01/03/2023 16:10:03,Chamber 3,28-041661c2faff,31.0,T260,44C,off
01/03/2023 16:10:23,Chamber 3,28-041661c2faff,30.937,T260,44C,off
01/03/2023 16:10:43,Chamber 3,28-041661c2faff,31.0,T260,44C,off
01/03/2023 16:11:03,Chamber 3,28-041661c2faff,31.0,T260,44C,off
01/03/2023 16:11:23,Chamber 3,28-041661c2faff,31.0,T260,44C,off
01/03/2023 16:11:43,Chamber 3,28-041661c2faff,31.0,T260,44C,off
01/03/2023 16:12:03,Chamber 3,28-041661c2faff,31.0,T260,44C,off
01/03/2023 16:12:23,Chamber 3,28-041661c2faff,31.0,T260,44C,off
01/03/2023 16:12:43,Chamber 3,28-041661c2faff,30.937,T260,44C,off
01/03/2023 16:13:03,Chamber 3,28-041661c2faff,31.0,T260,44C,off
01/03/2023 16:13:23,Chamber 3,28-041661c2faff,30.937,T260,44C,off
01/03/2023 16:13:43,Chamber 3,28-041661c2faff,30.937,T260,44C,off
01/03/2023 16:14:03,Chamber 3,28-041661c2faff,30.937,T260,44C,off
01/03/2023 16:14:23,Chamber 3,28-041661c2faff,30.937,T260,44C,off
01/03/2023 16:14:43,Chamber 3,28-041661c2faff,30.937,T260,44C,off
01/03/2023 16:15:03,Chamber 3,28-041661c2faff,30.937,T260,44C,off
01/03/2023 16:15:23,Chamber 3,28-041661c2faff,30.937,T260,44C,off
01/03/2023 16:15:43,Chamber 3,28-041661c2faff,30.937,T260,44C,off
01/03/2023 16:16:03,Chamber 3,28-041661c2faff,30.937,T260,44C,off
01/03/2023 16:16:23,Chamber 3,28-041661c2faff,30.937,T260,44C,off
01/03/2023 16:16:43,Chamber 3,28-041661c2faff,30.937,T260,44C,off
01/03/2023 16:17:03,Chamber 3,28-041661c2faff,30.937,T260,44C,off
01/03/2023 16:17:23,Chamber 3,28-041661c2faff,30.937,T260,44C,off
01/03/2023 16:17:43,Chamber 3,28-041661c2faff,30.937,T260,44C,off
01/03/2023 16:18:03,Chamber 3,28-041661c2faff,30.937,T260,44C,off
01/03/2023 16:18:23,Chamber 3,28-041661c2faff,30.937,T260,44C,off
01/03/2023 16:18:43,Chamber 3,28-041661c2faff,30.937,T260,44C,off
01/03/2023 16:19:03,Chamber 3,28-041661c2faff,30.937,T260,44C,off
01/03/2023 16:19:23,Chamber 3,28-041661c2faff,30.937,T260,44C,off
01/03/2023 16:19:43,Chamber 3,28-041661c2faff,30.937,T260,44C,off
01/03/2023 16:20:03,Chamber 3,28-041661c2faff,30.937,T260,44C,off
01/03/2023 16:20:23,Chamber 3,28-041661c2faff,30.937,T260,44C,off
01/03/2023 16:20:43,Chamber 3,28-041661c2faff,30.937,T260,44C,off
01/03/2023 16:21:03,Chamber 3,28-041661c2faff,30.937,T260,44C,off
01/03/2023 16:21:23,Chamber 3,28-041661c2faff,30.937,T260,44C,off
01/03/2023 16:21:43,Chamber 3,28-041661c2faff,30.937,T260,44C,off
01/03/2023 16:22:03,Chamber 3,28-041661c2faff,30.937,T260,44C,off
01/03/2023 16:22:23,Chamber 3,28-041661c2faff,30.937,T260,44C,off
01/03/2023 16:22:43,Chamber 3,28-041661c2faff,30.937,T260,44C,off
01/03/2023 16:23:03,Chamber 3,28-041661c2faff,30.937,T260,44C,off
01/03/2023 16:23:23,Chamber 3,28-041661c2faff,30.937,T260,44C,off
01/03/2023 16:23:43,Chamber 3,28-041661c2faff,30.937,T260,44C,off
01/03/2023 16:24:03,Chamber 3,28-041661c2faff,30.937,T260,44C,off
01/03/2023 16:24:23,Chamber 3,28-041661c2faff,30.937,T260,44C,off
01/03/2023 16:24:43,Chamber 3,28-041661c2faff,30.937,T260,44C,off
01/03/2023 16:25:04,Chamber 3,28-041661c2faff,30.937,T260,44C,off
01/03/2023 16:25:23,Chamber 3,28-041661c2faff,30.937,T260,44C,off
01/03/2023 16:25:43,Chamber 3,28-041661c2faff,30.937,T260,44C,off
01/03/2023 16:26:03,Chamber 3,28-041661c2faff,30.937,T260,44C,off
01/03/2023 16:26:23,Chamber 3,28-041661c2faff,30.937,T260,44C,off
01/03/2023 16:26:43,Chamber 3,28-041661c2faff,30.937,T260,44C,off
01/03/2023 16:27:03,Chamber 3,28-041661c2faff,30.937,T260,44C,off
01/03/2023 16:27:23,Chamber 3,28-041661c2faff,30.937,T260,44C,off
01/03/2023 16:27:43,Chamber 3,28-041661c2faff,30.937,T260,44C,off
01/03/2023 16:28:03,Chamber 3,28-041661c2faff,30.937,T260,44C,off
01/03/2023 16:28:23,Chamber 3,28-041661c2faff,30.937,T260,44C,off
01/03/2023 16:28:43,Chamber 3,28-041661c2faff,30.937,T260,44C,off
01/03/2023 16:29:03,Chamber 3,28-041661c2faff,30.937,T260,44C,off
01/03/2023 16:29:23,Chamber 3,28-041661c2faff,30.937,T260,44C,off
01/03/2023 16:29:43,Chamber 3,28-041661c2faff,30.937,T260,44C,off
01/03/2023 16:30:03,Chamber 3,28-041661c2faff,30.937,T260,44C,off
01/03/2023 16:30:23,Chamber 3,28-041661c2faff,30.937,T260,44C,off
01/03/2023 16:30:43,Chamber 3,28-041661c2faff,30.937,T260,44C,off
01/03/2023 16:31:03,Chamber 3,28-041661c2faff,30.937,T260,44C,off
01/03/2023 16:31:23,Chamber 3,28-041661c2faff,30.937,T260,44C,off
01/03/2023 16:31:43,Chamber 3,28-041661c2faff,30.937,T260,44C,off
01/03/2023 16:32:03,Chamber 3,28-041661c2faff,30.937,T260,44C,off
01/03/2023 16:32:23,Chamber 3,28-041661c2faff,30.937,T260,44C,off
01/03/2023 16:32:43,Chamber 3,28-041661c2faff,30.937,T260,44C,off
01/03/2023 16:33:03,Chamber 3,28-041661c2faff,30.937,T260,44C,off
01/03/2023 16:33:23,Chamber 3,28-041661c2faff,30.937,T260,44C,off
01/03/2023 16:33:43,Chamber 3,28-041661c2faff,30.937,T260,44C,off
01/03/2023 16:34:03,Chamber 3,28-041661c2faff,30.937,T260,44C,off
01/03/2023 16:34:23,Chamber 3,28-041661c2faff,30.937,T260,44C,off
01/03/2023 16:34:43,Chamber 3,28-041661c2faff,30.937,T260,44C,off
01/03/2023 16:35:03,Chamber 3,28-041661c2faff,30.937,T260,44C,off
01/03/2023 16:35:23,Chamber 3,28-041661c2faff,30.875,T260,44C,off
01/03/2023 16:35:43,Chamber 3,28-041661c2faff,30.875,T260,44C,off
01/03/2023 16:36:03,Chamber 3,28-041661c2faff,30.875,T260,44C,off
01/03/2023 16:36:23,Chamber 3,28-041661c2faff,30.875,T260,44C,off
01/03/2023 16:36:43,Chamber 3,28-041661c2faff,30.937,T260,44C,off
01/03/2023 16:37:03,Chamber 3,28-041661c2faff,30.937,T260,44C,off
01/03/2023 16:37:23,Chamber 3,28-041661c2faff,30.937,T260,44C,off
01/03/2023 16:37:43,Chamber 3,28-041661c2faff,30.937,T260,44C,off
01/03/2023 16:38:03,Chamber 3,28-041661c2faff,30.875,T260,44C,off
01/03/2023 16:38:23,Chamber 3,28-041661c2faff,30.875,T260,44C,off
01/03/2023 16:38:43,Chamber 3,28-041661c2faff,30.875,T260,44C,off
01/03/2023 16:39:03,Chamber 3,28-041661c2faff,30.937,T260,44C,off
01/03/2023 16:39:23,Chamber 3,28-041661c2faff,30.875,T260,44C,off
01/03/2023 16:39:43,Chamber 3,28-041661c2faff,30.875,T260,44C,off
01/03/2023 16:40:03,Chamber 3,28-041661c2faff,30.875,T260,44C,off
01/03/2023 16:40:23,Chamber 3,28-041661c2faff,30.875,T260,44C,off
01/03/2023 16:40:43,Chamber 3,28-041661c2faff,30.875,T260,44C,off
01/03/2023 16:41:03,Chamber 3,28-041661c2faff,30.875,T260,44C,off
01/03/2023 16:41:23,Chamber 3,28-041661c2faff,30.875,T260,44C,off
01/03/2023 16:41:43,Chamber 3,28-041661c2faff,30.875,T260,44C,off
01/03/2023 16:42:03,Chamber 3,28-041661c2faff,30.875,T260,44C,off
01/03/2023 16:42:23,Chamber 3,28-041661c2faff,30.875,T260,44C,off
01/03/2023 16:42:43,Chamber 3,28-041661c2faff,30.875,T260,44C,off
01/03/2023 16:43:03,Chamber 3,28-041661c2faff,30.875,T260,44C,off
01/03/2023 16:43:23,Chamber 3,28-041661c2faff,30.812,T260,44C,off
01/03/2023 16:43:43,Chamber 3,28-041661c2faff,30.812,T260,44C,off
01/03/2023 16:44:03,Chamber 3,28-041661c2faff,30.812,T260,44C,off
01/03/2023 16:44:23,Chamber 3,28-041661c2faff,30.812,T260,44C,off
01/03/2023 16:44:43,Chamber 3,28-041661c2faff,30.812,T260,44C,off
01/03/2023 16:45:03,Chamber 3,28-041661c2faff,30.812,T260,44C,off
01/03/2023 16:45:23,Chamber 3,28-041661c2faff,30.812,T260,44C,off
01/03/2023 16:45:43,Chamber 3,28-041661c2faff,30.75,T260,44C,off
01/03/2023 16:46:03,Chamber 3,28-041661c2faff,30.75,T260,44C,off
01/03/2023 16:46:23,Chamber 3,28-041661c2faff,30.75,T260,44C,off
01/03/2023 16:46:43,Chamber 3,28-041661c2faff,30.75,T260,44C,off
01/03/2023 16:47:03,Chamber 3,28-041661c2faff,30.75,T260,44C,off
01/03/2023 16:47:23,Chamber 3,28-041661c2faff,30.687,T260,44C,off
01/03/2023 16:47:43,Chamber 3,28-041661c2faff,30.687,T260,44C,off
01/03/2023 16:48:03,Chamber 3,28-041661c2faff,30.687,T260,44C,off
01/03/2023 16:48:23,Chamber 3,28-041661c2faff,30.687,T260,44C,off
01/03/2023 16:48:43,Chamber 3,28-041661c2faff,30.625,T260,44C,off
01/03/2023 16:49:03,Chamber 3,28-041661c2faff,30.625,T260,44C,off
01/03/2023 16:49:23,Chamber 3,28-041661c2faff,30.625,T260,44C,off
01/03/2023 16:49:43,Chamber 3,28-041661c2faff,30.625,T260,44C,off
01/03/2023 16:50:03,Chamber 3,28-041661c2faff,30.625,T260,44C,off
01/03/2023 16:50:23,Chamber 3,28-041661c2faff,30.625,T260,44C,off
01/03/2023 16:50:43,Chamber 3,28-041661c2faff,30.625,T260,44C,off
01/03/2023 16:51:03,Chamber 3,28-041661c2faff,30.625,T260,44C,off
01/03/2023 16:51:23,Chamber 3,28-041661c2faff,30.625,T260,44C,off
01/03/2023 16:51:43,Chamber 3,28-041661c2faff,30.625,T260,44C,off
01/03/2023 16:52:03,Chamber 3,28-041661c2faff,30.625,T260,44C,off
01/03/2023 16:52:23,Chamber 3,28-041661c2faff,30.625,T260,44C,off
01/03/2023 16:52:43,Chamber 3,28-041661c2faff,30.625,T260,44C,off
01/03/2023 16:53:03,Chamber 3,28-041661c2faff,30.625,T260,44C,off
01/03/2023 16:53:23,Chamber 3,28-041661c2faff,30.625,T260,44C,off
01/03/2023 16:53:43,Chamber 3,28-041661c2faff,30.625,T260,44C,off
01/03/2023 16:54:03,Chamber 3,28-041661c2faff,30.625,T260,44C,off
01/03/2023 16:54:23,Chamber 3,28-041661c2faff,30.625,T260,44C,off
01/03/2023 16:54:43,Chamber 3,28-041661c2faff,30.625,T260,44C,off
01/03/2023 16:55:03,Chamber 3,28-041661c2faff,30.625,T260,44C,off
01/03/2023 16:55:23,Chamber 3,28-041661c2faff,30.625,T260,44C,off
01/03/2023 16:55:43,Chamber 3,28-041661c2faff,30.625,T260,44C,off
01/03/2023 16:56:03,Chamber 3,28-041661c2faff,30.687,T260,44C,off
01/03/2023 16:56:23,Chamber 3,28-041661c2faff,30.625,T260,44C,off
01/03/2023 16:56:43,Chamber 3,28-041661c2faff,30.625,T260,44C,off
01/03/2023 16:57:03,Chamber 3,28-041661c2faff,30.625,T260,44C,off
01/03/2023 16:57:23,Chamber 3,28-041661c2faff,30.687,T260,44C,off
01/03/2023 16:57:43,Chamber 3,28-041661c2faff,30.687,T260,44C,off
01/03/2023 16:58:03,Chamber 3,28-041661c2faff,30.687,T260,44C,off
01/03/2023 16:58:23,Chamber 3,28-041661c2faff,30.687,T260,44C,off
01/03/2023 16:58:43,Chamber 3,28-041661c2faff,30.687,T260,44C,off
01/03/2023 16:59:03,Chamber 3,28-041661c2faff,30.687,T260,44C,off
01/03/2023 16:59:23,Chamber 3,28-041661c2faff,30.687,T260,44C,off
01/03/2023 16:59:43,Chamber 3,28-041661c2faff,30.687,T260,44C,off
01/03/2023 17:00:02,Chamber 3,28-041661c2faff,30.687,T260,44C,off
01/03/2023 17:00:22,Chamber 3,28-041661c2faff,30.687,T260,44C,off
01/03/2023 17:00:42,Chamber 3,28-041661c2faff,30.687,T260,44C,off
01/03/2023 17:01:02,Chamber 3,28-041661c2faff,30.687,T260,44C,off
01/03/2023 17:01:22,Chamber 3,28-041661c2faff,30.687,T260,44C,off
01/03/2023 17:01:42,Chamber 3,28-041661c2faff,30.687,T260,44C,off
01/03/2023 17:02:02,Chamber 3,28-041661c2faff,30.687,T260,44C,off
01/03/2023 17:02:22,Chamber 3,28-041661c2faff,30.687,T260,44C,off
01/03/2023 17:02:42,Chamber 3,28-041661c2faff,30.75,T260,44C,off
01/03/2023 17:03:02,Chamber 3,28-041661c2faff,30.687,T260,44C,off
01/03/2023 17:03:22,Chamber 3,28-041661c2faff,30.75,T260,44C,off
01/03/2023 17:03:42,Chamber 3,28-041661c2faff,30.75,T260,44C,off
01/03/2023 17:04:02,Chamber 3,28-041661c2faff,30.75,T260,44C,off
01/03/2023 17:04:22,Chamber 3,28-041661c2faff,30.75,T260,44C,off
01/03/2023 17:04:42,Chamber 3,28-041661c2faff,30.75,T260,44C,off
01/03/2023 17:05:02,Chamber 3,28-041661c2faff,30.75,T260,44C,off
01/03/2023 17:05:22,Chamber 3,28-041661c2faff,30.75,T260,44C,off
01/03/2023 17:05:42,Chamber 3,28-041661c2faff,30.75,T260,44C,off
01/03/2023 17:06:02,Chamber 3,28-041661c2faff,30.75,T260,44C,off
01/03/2023 17:06:22,Chamber 3,28-041661c2faff,30.75,T260,44C,off
01/03/2023 17:06:42,Chamber 3,28-041661c2faff,30.75,T260,44C,off
01/03/2023 17:07:02,Chamber 3,28-041661c2faff,30.75,T260,44C,off
01/03/2023 17:07:22,Chamber 3,28-041661c2faff,30.75,T260,44C,off
01/03/2023 17:07:42,Chamber 3,28-041661c2faff,30.75,T260,44C,off
01/03/2023 17:08:02,Chamber 3,28-041661c2faff,30.75,T260,44C,off
01/03/2023 17:08:22,Chamber 3,28-041661c2faff,30.75,T260,44C,off
01/03/2023 17:08:42,Chamber 3,28-041661c2faff,30.75,T260,44C,off
01/03/2023 17:09:02,Chamber 3,28-041661c2faff,30.75,T260,44C,off
01/03/2023 17:09:22,Chamber 3,28-041661c2faff,30.75,T260,44C,off
01/03/2023 17:09:42,Chamber 3,28-041661c2faff,30.75,T260,44C,off
01/03/2023 17:10:02,Chamber 3,28-041661c2faff,30.75,T260,44C,off
01/03/2023 17:10:22,Chamber 3,28-041661c2faff,30.75,T260,44C,off
01/03/2023 17:10:42,Chamber 3,28-041661c2faff,30.75,T260,44C,off
01/03/2023 17:11:02,Chamber 3,28-041661c2faff,30.75,T260,44C,off
01/03/2023 17:11:22,Chamber 3,28-041661c2faff,30.75,T260,44C,off
01/03/2023 17:11:42,Chamber 3,28-041661c2faff,30.75,T260,44C,off
01/03/2023 17:12:02,Chamber 3,28-041661c2faff,30.75,T260,44C,off
01/03/2023 17:12:22,Chamber 3,28-041661c2faff,30.75,T260,44C,off
01/03/2023 17:12:42,Chamber 3,28-041661c2faff,30.75,T260,44C,off
01/03/2023 17:13:02,Chamber 3,28-041661c2faff,30.812,T260,44C,off
01/03/2023 17:13:22,Chamber 3,28-041661c2faff,30.75,T260,44C,off
01/03/2023 17:13:42,Chamber 3,28-041661c2faff,30.812,T260,44C,off
01/03/2023 17:14:02,Chamber 3,28-041661c2faff,30.75,T260,44C,off
01/03/2023 17:14:22,Chamber 3,28-041661c2faff,30.75,T260,44C,off
01/03/2023 17:14:42,Chamber 3,28-041661c2faff,30.75,T260,44C,off
01/03/2023 17:15:02,Chamber 3,28-041661c2faff,30.75,T260,44C,off
01/03/2023 17:15:22,Chamber 3,28-041661c2faff,30.812,T260,44C,off
01/03/2023 17:15:42,Chamber 3,28-041661c2faff,30.812,T260,44C,off
01/03/2023 17:16:02,Chamber 3,28-041661c2faff,30.812,T260,44C,off
01/03/2023 17:16:22,Chamber 3,28-041661c2faff,30.75,T260,44C,off
01/03/2023 17:16:42,Chamber 3,28-041661c2faff,30.812,T260,44C,off
01/03/2023 17:17:02,Chamber 3,28-041661c2faff,30.812,T260,44C,off
01/03/2023 17:17:22,Chamber 3,28-041661c2faff,30.812,T260,44C,off
01/03/2023 17:17:42,Chamber 3,28-041661c2faff,30.75,T260,44C,off
01/03/2023 17:18:02,Chamber 3,28-041661c2faff,30.75,T260,44C,off
01/03/2023 17:18:22,Chamber 3,28-041661c2faff,30.812,T260,44C,off
01/03/2023 17:18:42,Chamber 3,28-041661c2faff,30.75,T260,44C,off
01/03/2023 17:19:02,Chamber 3,28-041661c2faff,30.75,T260,44C,off
01/03/2023 17:19:22,Chamber 3,28-041661c2faff,30.75,T260,44C,off
01/03/2023 17:19:42,Chamber 3,28-041661c2faff,30.75,T260,44C,off
01/03/2023 17:20:02,Chamber 3,28-041661c2faff,30.75,T260,44C,off
01/03/2023 17:20:22,Chamber 3,28-041661c2faff,30.75,T260,44C,off
01/03/2023 17:20:42,Chamber 3,28-041661c2faff,30.812,T260,44C,off
01/03/2023 17:21:02,Chamber 3,28-041661c2faff,30.75,T260,44C,off
01/03/2023 17:21:22,Chamber 3,28-041661c2faff,30.75,T260,44C,off
01/03/2023 17:21:42,Chamber 3,28-041661c2faff,30.812,T260,44C,off
01/03/2023 17:22:02,Chamber 3,28-041661c2faff,30.75,T260,44C,off
01/03/2023 17:22:22,Chamber 3,28-041661c2faff,30.75,T260,44C,off
01/03/2023 17:22:42,Chamber 3,28-041661c2faff,30.75,T260,44C,off
01/03/2023 17:23:02,Chamber 3,28-041661c2faff,30.75,T260,44C,off
01/03/2023 17:23:22,Chamber 3,28-041661c2faff,30.75,T260,44C,off
01/03/2023 17:23:42,Chamber 3,28-041661c2faff,30.75,T260,44C,off
01/03/2023 17:24:02,Chamber 3,28-041661c2faff,30.75,T260,44C,off
01/03/2023 17:24:22,Chamber 3,28-041661c2faff,30.75,T260,44C,off
01/03/2023 17:24:42,Chamber 3,28-041661c2faff,30.75,T260,44C,off
01/03/2023 17:25:02,Chamber 3,28-041661c2faff,30.75,T260,44C,off
01/03/2023 17:25:22,Chamber 3,28-041661c2faff,30.75,T260,44C,off
01/03/2023 17:25:42,Chamber 3,28-041661c2faff,30.75,T260,44C,off
01/03/2023 17:26:02,Chamber 3,28-041661c2faff,30.75,T260,44C,off
01/03/2023 17:26:22,Chamber 3,28-041661c2faff,30.812,T260,44C,off
01/03/2023 17:26:42,Chamber 3,28-041661c2faff,30.812,T260,44C,off
01/03/2023 17:27:02,Chamber 3,28-041661c2faff,30.812,T260,44C,off
01/03/2023 17:27:22,Chamber 3,28-041661c2faff,30.812,T260,44C,off
01/03/2023 17:27:42,Chamber 3,28-041661c2faff,30.812,T260,44C,off
01/03/2023 17:28:02,Chamber 3,28-041661c2faff,30.75,T260,44C,off
01/03/2023 17:28:22,Chamber 3,28-041661c2faff,30.812,T260,44C,off
01/03/2023 17:28:42,Chamber 3,28-041661c2faff,30.812,T260,44C,off
01/03/2023 17:29:03,Chamber 3,28-041661c2faff,30.812,T260,44C,off
01/03/2023 17:29:22,Chamber 3,28-041661c2faff,30.812,T260,44C,off
01/03/2023 17:29:42,Chamber 3,28-041661c2faff,30.75,T260,44C,off
01/03/2023 17:30:02,Chamber 3,28-041661c2faff,30.812,T260,44C,off
01/03/2023 17:30:22,Chamber 3,28-041661c2faff,30.75,T260,44C,off
01/03/2023 17:30:42,Chamber 3,28-041661c2faff,30.75,T260,44C,off
01/03/2023 17:31:02,Chamber 3,28-041661c2faff,30.812,T260,44C,off
01/03/2023 17:31:22,Chamber 3,28-041661c2faff,30.75,T260,44C,off
01/03/2023 17:31:42,Chamber 3,28-041661c2faff,30.75,T260,44C,off
01/03/2023 17:32:02,Chamber 3,28-041661c2faff,30.75,T260,44C,off
01/03/2023 17:32:22,Chamber 3,28-041661c2faff,30.75,T260,44C,off
01/03/2023 17:32:42,Chamber 3,28-041661c2faff,30.75,T260,44C,off
01/03/2023 17:33:02,Chamber 3,28-041661c2faff,30.812,T260,44C,off
01/03/2023 17:33:22,Chamber 3,28-041661c2faff,30.75,T260,44C,off
01/03/2023 17:33:42,Chamber 3,28-041661c2faff,30.75,T260,44C,off
01/03/2023 17:34:02,Chamber 3,28-041661c2faff,30.75,T260,44C,off
01/03/2023 17:34:22,Chamber 3,28-041661c2faff,30.75,T260,44C,off
01/03/2023 17:34:42,Chamber 3,28-041661c2faff,30.75,T260,44C,off
01/03/2023 17:35:02,Chamber 3,28-041661c2faff,30.75,T260,44C,off
01/03/2023 17:35:22,Chamber 3,28-041661c2faff,30.75,T260,44C,off
01/03/2023 17:35:42,Chamber 3,28-041661c2faff,30.75,T260,44C,off
01/03/2023 17:36:02,Chamber 3,28-041661c2faff,30.75,T260,44C,off
01/03/2023 17:36:22,Chamber 3,28-041661c2faff,30.75,T260,44C,off
01/03/2023 17:36:42,Chamber 3,28-041661c2faff,30.75,T260,44C,off
01/03/2023 17:37:02,Chamber 3,28-041661c2faff,30.75,T260,44C,off
01/03/2023 17:37:22,Chamber 3,28-041661c2faff,30.75,T260,44C,off
01/03/2023 17:37:42,Chamber 3,28-041661c2faff,30.75,T260,44C,off
01/03/2023 17:38:02,Chamber 3,28-041661c2faff,30.75,T260,44C,off
01/03/2023 17:38:23,Chamber 3,28-041661c2faff,30.75,T260,44C,off
01/03/2023 17:38:42,Chamber 3,28-041661c2faff,30.75,T260,44C,off
01/03/2023 17:39:02,Chamber 3,28-041661c2faff,30.75,T260,44C,off
01/03/2023 17:39:22,Chamber 3,28-041661c2faff,30.75,T260,44C,off
01/03/2023 17:39:42,Chamber 3,28-041661c2faff,30.75,T260,44C,off
01/03/2023 17:40:02,Chamber 3,28-041661c2faff,30.75,T260,44C,off
01/03/2023 17:40:22,Chamber 3,28-041661c2faff,30.75,T260,44C,off
01/03/2023 17:40:42,Chamber 3,28-041661c2faff,30.687,T260,44C,off
01/03/2023 17:41:02,Chamber 3,28-041661c2faff,30.75,T260,44C,off
01/03/2023 17:41:22,Chamber 3,28-041661c2faff,30.687,T260,44C,off
01/03/2023 17:41:42,Chamber 3,28-041661c2faff,30.75,T260,44C,off
01/03/2023 17:42:02,Chamber 3,28-041661c2faff,30.75,T260,44C,off
01/03/2023 17:42:22,Chamber 3,28-041661c2faff,30.687,T260,44C,off
01/03/2023 17:42:42,Chamber 3,28-041661c2faff,30.75,T260,44C,off
01/03/2023 17:43:03,Chamber 3,28-041661c2faff,30.75,T260,44C,off
01/03/2023 17:43:22,Chamber 3,28-041661c2faff,30.75,T260,44C,off
01/03/2023 17:43:42,Chamber 3,28-041661c2faff,30.75,T260,44C,off
01/03/2023 17:44:02,Chamber 3,28-041661c2faff,30.687,T260,44C,off
01/03/2023 17:44:22,Chamber 3,28-041661c2faff,30.687,T260,44C,off
01/03/2023 17:44:42,Chamber 3,28-041661c2faff,30.75,T260,44C,off
01/03/2023 17:45:02,Chamber 3,28-041661c2faff,30.687,T260,44C,off
01/03/2023 17:45:22,Chamber 3,28-041661c2faff,30.687,T260,44C,off
01/03/2023 17:45:42,Chamber 3,28-041661c2faff,30.687,T260,44C,off
01/03/2023 17:46:02,Chamber 3,28-041661c2faff,30.687,T260,44C,off
01/03/2023 17:46:22,Chamber 3,28-041661c2faff,30.687,T260,44C,off
01/03/2023 17:46:42,Chamber 3,28-041661c2faff,30.687,T260,44C,off
01/03/2023 17:47:02,Chamber 3,28-041661c2faff,30.687,T260,44C,off
01/03/2023 17:47:22,Chamber 3,28-041661c2faff,30.687,T260,44C,off
01/03/2023 17:47:42,Chamber 3,28-041661c2faff,30.687,T260,44C,off
01/03/2023 17:48:02,Chamber 3,28-041661c2faff,30.687,T260,44C,off
01/03/2023 17:48:22,Chamber 3,28-041661c2faff,30.687,T260,44C,off
01/03/2023 17:48:42,Chamber 3,28-041661c2faff,30.687,T260,44C,off
01/03/2023 17:49:02,Chamber 3,28-041661c2faff,30.687,T260,44C,off
01/03/2023 17:49:22,Chamber 3,28-041661c2faff,30.687,T260,44C,off
01/03/2023 17:49:42,Chamber 3,28-041661c2faff,30.687,T260,44C,off
01/03/2023 17:50:02,Chamber 3,28-041661c2faff,30.687,T260,44C,off
01/03/2023 17:50:22,Chamber 3,28-041661c2faff,30.687,T260,44C,off
01/03/2023 17:50:42,Chamber 3,28-041661c2faff,30.687,T260,44C,off
01/03/2023 17:51:02,Chamber 3,28-041661c2faff,30.687,T260,44C,off
01/03/2023 17:51:22,Chamber 3,28-041661c2faff,30.687,T260,44C,off
01/03/2023 17:51:42,Chamber 3,28-041661c2faff,30.687,T260,44C,off
01/03/2023 17:52:04,Chamber 3,28-041661c2faff,30.687,T260,44C,off
01/03/2023 17:52:22,Chamber 3,28-041661c2faff,30.687,T260,44C,off
01/03/2023 17:52:42,Chamber 3,28-041661c2faff,30.687,T260,44C,off
01/03/2023 17:53:02,Chamber 3,28-041661c2faff,30.687,T260,44C,off
01/03/2023 17:53:22,Chamber 3,28-041661c2faff,30.687,T260,44C,off
01/03/2023 17:53:42,Chamber 3,28-041661c2faff,30.687,T260,44C,off
01/03/2023 17:54:02,Chamber 3,28-041661c2faff,30.687,T260,44C,off
01/03/2023 17:54:22,Chamber 3,28-041661c2faff,30.687,T260,44C,off
01/03/2023 17:54:42,Chamber 3,28-041661c2faff,30.687,T260,44C,off
01/03/2023 17:55:02,Chamber 3,28-041661c2faff,30.687,T260,44C,off
01/03/2023 17:55:22,Chamber 3,28-041661c2faff,30.687,T260,44C,off
01/03/2023 17:55:42,Chamber 3,28-041661c2faff,30.687,T260,44C,off
01/03/2023 17:56:02,Chamber 3,28-041661c2faff,30.687,T260,44C,off
01/03/2023 17:56:22,Chamber 3,28-041661c2faff,30.687,T260,44C,off
01/03/2023 17:56:42,Chamber 3,28-041661c2faff,30.687,T260,44C,off
01/03/2023 17:57:02,Chamber 3,28-041661c2faff,30.687,T260,44C,off
01/03/2023 17:57:22,Chamber 3,28-041661c2faff,30.687,T260,44C,off
01/03/2023 17:57:42,Chamber 3,28-041661c2faff,30.687,T260,44C,off
01/03/2023 17:58:02,Chamber 3,28-041661c2faff,30.687,T260,44C,off
01/03/2023 17:58:22,Chamber 3,28-041661c2faff,30.687,T260,44C,off
01/03/2023 17:58:42,Chamber 3,28-041661c2faff,30.687,T260,44C,off
01/03/2023 17:59:02,Chamber 3,28-041661c2faff,30.687,T260,44C,off
01/03/2023 17:59:22,Chamber 3,28-041661c2faff,30.687,T260,44C,off
01/03/2023 17:59:42,Chamber 3,28-041661c2faff,30.687,T260,44C,off
01/03/2023 18:00:03,Chamber 3,28-041661c2faff,30.687,T260,44C,off
01/03/2023 18:00:23,Chamber 3,28-041661c2faff,30.687,T260,44C,off
01/03/2023 18:00:43,Chamber 3,28-041661c2faff,30.687,T260,44C,off
01/03/2023 18:01:03,Chamber 3,28-041661c2faff,30.687,T260,44C,off
01/03/2023 18:01:23,Chamber 3,28-041661c2faff,30.687,T260,44C,off
01/03/2023 18:01:43,Chamber 3,28-041661c2faff,30.687,T260,44C,off
01/03/2023 18:02:03,Chamber 3,28-041661c2faff,30.687,T260,44C,off
01/03/2023 18:02:23,Chamber 3,28-041661c2faff,30.687,T260,44C,off
01/03/2023 18:02:43,Chamber 3,28-041661c2faff,30.687,T260,44C,off
01/03/2023 18:03:03,Chamber 3,28-041661c2faff,30.687,T260,44C,off
01/03/2023 18:03:23,Chamber 3,28-041661c2faff,30.625,T260,44C,off
01/03/2023 18:03:43,Chamber 3,28-041661c2faff,30.625,T260,44C,off
01/03/2023 18:04:03,Chamber 3,28-041661c2faff,30.625,T260,44C,off
01/03/2023 18:04:23,Chamber 3,28-041661c2faff,30.687,T260,44C,off
01/03/2023 18:04:43,Chamber 3,28-041661c2faff,30.625,T260,44C,off
01/03/2023 18:05:03,Chamber 3,28-041661c2faff,30.687,T260,44C,off
01/03/2023 18:05:23,Chamber 3,28-041661c2faff,30.687,T260,44C,off
01/03/2023 18:05:43,Chamber 3,28-041661c2faff,30.687,T260,44C,off
01/03/2023 18:06:03,Chamber 3,28-041661c2faff,30.687,T260,44C,off
01/03/2023 18:06:23,Chamber 3,28-041661c2faff,30.687,T260,44C,off
01/03/2023 18:06:43,Chamber 3,28-041661c2faff,30.687,T260,44C,off
01/03/2023 18:07:03,Chamber 3,28-041661c2faff,30.687,T260,44C,off
01/03/2023 18:07:23,Chamber 3,28-041661c2faff,30.687,T260,44C,off
01/03/2023 18:07:43,Chamber 3,28-041661c2faff,30.687,T260,44C,off
01/03/2023 18:08:03,Chamber 3,28-041661c2faff,30.687,T260,44C,off
01/03/2023 18:08:23,Chamber 3,28-041661c2faff,30.687,T260,44C,off
01/03/2023 18:08:43,Chamber 3,28-041661c2faff,30.687,T260,44C,off
01/03/2023 18:09:03,Chamber 3,28-041661c2faff,30.687,T260,44C,off
01/03/2023 18:09:23,Chamber 3,28-041661c2faff,30.687,T260,44C,off
01/03/2023 18:09:43,Chamber 3,28-041661c2faff,30.687,T260,44C,off
01/03/2023 18:10:03,Chamber 3,28-041661c2faff,30.687,T260,44C,off
01/03/2023 18:10:23,Chamber 3,28-041661c2faff,30.687,T260,44C,off
01/03/2023 18:10:43,Chamber 3,28-041661c2faff,30.687,T260,44C,off
01/03/2023 18:11:03,Chamber 3,28-041661c2faff,30.687,T260,44C,off
01/03/2023 18:11:23,Chamber 3,28-041661c2faff,30.687,T260,44C,off
01/03/2023 18:11:43,Chamber 3,28-041661c2faff,30.687,T260,44C,off
01/03/2023 18:12:03,Chamber 3,28-041661c2faff,30.687,T260,44C,off
01/03/2023 18:12:23,Chamber 3,28-041661c2faff,30.687,T260,44C,off
01/03/2023 18:12:43,Chamber 3,28-041661c2faff,30.687,T260,44C,off
01/03/2023 18:13:03,Chamber 3,28-041661c2faff,30.687,T260,44C,off
01/03/2023 18:13:23,Chamber 3,28-041661c2faff,30.687,T260,44C,off
01/03/2023 18:13:43,Chamber 3,28-041661c2faff,30.687,T260,44C,off
01/03/2023 18:14:03,Chamber 3,28-041661c2faff,30.687,T260,44C,off
01/03/2023 18:14:23,Chamber 3,28-041661c2faff,30.687,T260,44C,off
01/03/2023 18:14:43,Chamber 3,28-041661c2faff,30.687,T260,44C,off
01/03/2023 18:15:03,Chamber 3,28-041661c2faff,30.687,T260,44C,off
01/03/2023 18:15:23,Chamber 3,28-041661c2faff,30.687,T260,44C,off
01/03/2023 18:15:43,Chamber 3,28-041661c2faff,30.687,T260,44C,off
01/03/2023 18:16:03,Chamber 3,28-041661c2faff,30.687,T260,44C,off
01/03/2023 18:16:23,Chamber 3,28-041661c2faff,30.687,T260,44C,off
01/03/2023 18:16:43,Chamber 3,28-041661c2faff,30.687,T260,44C,off
01/03/2023 18:17:03,Chamber 3,28-041661c2faff,30.687,T260,44C,off
01/03/2023 18:17:23,Chamber 3,28-041661c2faff,30.687,T260,44C,off
01/03/2023 18:17:43,Chamber 3,28-041661c2faff,30.687,T260,44C,off
01/03/2023 18:18:03,Chamber 3,28-041661c2faff,30.687,T260,44C,off
01/03/2023 18:18:23,Chamber 3,28-041661c2faff,30.687,T260,44C,off
01/03/2023 18:18:43,Chamber 3,28-041661c2faff,30.687,T260,44C,off
01/03/2023 18:19:03,Chamber 3,28-041661c2faff,30.687,T260,44C,off
01/03/2023 18:19:23,Chamber 3,28-041661c2faff,30.687,T260,44C,off
01/03/2023 18:19:43,Chamber 3,28-041661c2faff,30.687,T260,44C,off
01/03/2023 18:20:03,Chamber 3,28-041661c2faff,30.687,T260,44C,off
01/03/2023 18:20:23,Chamber 3,28-041661c2faff,30.687,T260,44C,off
01/03/2023 18:20:43,Chamber 3,28-041661c2faff,30.687,T260,44C,off
01/03/2023 18:21:03,Chamber 3,28-041661c2faff,30.687,T260,44C,off
01/03/2023 18:21:23,Chamber 3,28-041661c2faff,30.687,T260,44C,off
01/03/2023 18:21:43,Chamber 3,28-041661c2faff,30.687,T260,44C,off
01/03/2023 18:22:03,Chamber 3,28-041661c2faff,30.687,T260,44C,off
01/03/2023 18:22:23,Chamber 3,28-041661c2faff,30.687,T260,44C,off
01/03/2023 18:22:43,Chamber 3,28-041661c2faff,30.687,T260,44C,off
01/03/2023 18:23:03,Chamber 3,28-041661c2faff,30.75,T260,44C,off
01/03/2023 18:23:23,Chamber 3,28-041661c2faff,30.687,T260,44C,off
01/03/2023 18:23:43,Chamber 3,28-041661c2faff,30.687,T260,44C,off
01/03/2023 18:24:03,Chamber 3,28-041661c2faff,30.687,T260,44C,off
01/03/2023 18:24:23,Chamber 3,28-041661c2faff,30.687,T260,44C,off
01/03/2023 18:24:43,Chamber 3,28-041661c2faff,30.687,T260,44C,off
01/03/2023 18:25:03,Chamber 3,28-041661c2faff,30.687,T260,44C,off
01/03/2023 18:25:23,Chamber 3,28-041661c2faff,30.687,T260,44C,off
01/03/2023 18:25:43,Chamber 3,28-041661c2faff,30.687,T260,44C,off
01/03/2023 18:26:03,Chamber 3,28-041661c2faff,30.687,T260,44C,off
01/03/2023 18:26:23,Chamber 3,28-041661c2faff,30.75,T260,44C,off
01/03/2023 18:26:43,Chamber 3,28-041661c2faff,30.687,T260,44C,off
01/03/2023 18:27:03,Chamber 3,28-041661c2faff,30.75,T260,44C,off
01/03/2023 18:27:23,Chamber 3,28-041661c2faff,30.687,T260,44C,off
01/03/2023 18:27:43,Chamber 3,28-041661c2faff,30.687,T260,44C,off
01/03/2023 18:28:03,Chamber 3,28-041661c2faff,30.687,T260,44C,off
01/03/2023 18:28:23,Chamber 3,28-041661c2faff,30.687,T260,44C,off
01/03/2023 18:28:43,Chamber 3,28-041661c2faff,30.687,T260,44C,off
01/03/2023 18:29:03,Chamber 3,28-041661c2faff,30.687,T260,44C,off
01/03/2023 18:29:23,Chamber 3,28-041661c2faff,30.687,T260,44C,off
01/03/2023 18:29:43,Chamber 3,28-041661c2faff,30.687,T260,44C,off
01/03/2023 18:30:03,Chamber 3,28-041661c2faff,30.687,T260,44C,off
01/03/2023 18:30:23,Chamber 3,28-041661c2faff,30.687,T260,44C,off
01/03/2023 18:30:43,Chamber 3,28-041661c2faff,30.687,T260,44C,off
01/03/2023 18:31:03,Chamber 3,28-041661c2faff,30.687,T260,44C,off
01/03/2023 18:31:23,Chamber 3,28-041661c2faff,30.687,T260,44C,off
01/03/2023 18:31:43,Chamber 3,28-041661c2faff,30.687,T260,44C,off
01/03/2023 18:32:03,Chamber 3,28-041661c2faff,30.687,T260,44C,off
01/03/2023 18:32:23,Chamber 3,28-041661c2faff,30.687,T260,44C,off
01/03/2023 18:32:43,Chamber 3,28-041661c2faff,30.687,T260,44C,off
01/03/2023 18:33:03,Chamber 3,28-041661c2faff,30.75,T260,44C,off
01/03/2023 18:33:23,Chamber 3,28-041661c2faff,30.75,T260,44C,off
01/03/2023 18:33:43,Chamber 3,28-041661c2faff,30.75,T260,44C,off
01/03/2023 18:34:03,Chamber 3,28-041661c2faff,30.75,T260,44C,off
01/03/2023 18:34:23,Chamber 3,28-041661c2faff,30.75,T260,44C,off
01/03/2023 18:34:43,Chamber 3,28-041661c2faff,30.75,T260,44C,off
01/03/2023 18:35:03,Chamber 3,28-041661c2faff,30.75,T260,44C,off
01/03/2023 18:35:23,Chamber 3,28-041661c2faff,30.687,T260,44C,off
01/03/2023 18:35:43,Chamber 3,28-041661c2faff,30.687,T260,44C,off
01/03/2023 18:36:03,Chamber 3,28-041661c2faff,30.687,T260,44C,off
01/03/2023 18:36:23,Chamber 3,28-041661c2faff,30.687,T260,44C,off
01/03/2023 18:36:43,Chamber 3,28-041661c2faff,30.687,T260,44C,off
01/03/2023 18:37:03,Chamber 3,28-041661c2faff,30.75,T260,44C,off
01/03/2023 18:37:23,Chamber 3,28-041661c2faff,30.75,T260,44C,off
01/03/2023 18:37:43,Chamber 3,28-041661c2faff,30.687,T260,44C,off
01/03/2023 18:38:03,Chamber 3,28-041661c2faff,30.687,T260,44C,off
01/03/2023 18:38:23,Chamber 3,28-041661c2faff,30.687,T260,44C,off
01/03/2023 18:38:43,Chamber 3,28-041661c2faff,30.687,T260,44C,off
01/03/2023 18:39:03,Chamber 3,28-041661c2faff,30.687,T260,44C,off
01/03/2023 18:39:23,Chamber 3,28-041661c2faff,30.687,T260,44C,off
01/03/2023 18:39:43,Chamber 3,28-041661c2faff,30.687,T260,44C,off
01/03/2023 18:40:03,Chamber 3,28-041661c2faff,30.687,T260,44C,off
01/03/2023 18:40:23,Chamber 3,28-041661c2faff,30.687,T260,44C,off
01/03/2023 18:40:43,Chamber 3,28-041661c2faff,30.687,T260,44C,off
01/03/2023 18:41:03,Chamber 3,28-041661c2faff,30.75,T260,44C,off
01/03/2023 18:41:23,Chamber 3,28-041661c2faff,30.75,T260,44C,off
01/03/2023 18:41:43,Chamber 3,28-041661c2faff,30.75,T260,44C,off
01/03/2023 18:42:03,Chamber 3,28-041661c2faff,30.75,T260,44C,off
01/03/2023 18:42:23,Chamber 3,28-041661c2faff,30.75,T260,44C,off
01/03/2023 18:42:43,Chamber 3,28-041661c2faff,30.75,T260,44C,off
01/03/2023 18:43:03,Chamber 3,28-041661c2faff,30.75,T260,44C,off
01/03/2023 18:43:23,Chamber 3,28-041661c2faff,30.75,T260,44C,off
01/03/2023 18:43:43,Chamber 3,28-041661c2faff,30.75,T260,44C,off
01/03/2023 18:44:03,Chamber 3,28-041661c2faff,30.75,T260,44C,off
01/03/2023 18:44:23,Chamber 3,28-041661c2faff,30.75,T260,44C,off
01/03/2023 18:44:43,Chamber 3,28-041661c2faff,30.75,T260,44C,off
01/03/2023 18:45:03,Chamber 3,28-041661c2faff,30.75,T260,44C,off
01/03/2023 18:45:23,Chamber 3,28-041661c2faff,30.75,T260,44C,off
01/03/2023 18:45:43,Chamber 3,28-041661c2faff,30.75,T260,44C,off
01/03/2023 18:46:03,Chamber 3,28-041661c2faff,30.75,T260,44C,off
01/03/2023 18:46:23,Chamber 3,28-041661c2faff,30.75,T260,44C,off
01/03/2023 18:46:43,Chamber 3,28-041661c2faff,30.75,T260,44C,off
01/03/2023 18:47:03,Chamber 3,28-041661c2faff,30.75,T260,44C,off
01/03/2023 18:47:23,Chamber 3,28-041661c2faff,30.75,T260,44C,off
01/03/2023 18:47:43,Chamber 3,28-041661c2faff,30.75,T260,44C,off
01/03/2023 18:48:03,Chamber 3,28-041661c2faff,30.75,T260,44C,off
01/03/2023 18:48:23,Chamber 3,28-041661c2faff,30.75,T260,44C,off
01/03/2023 18:48:43,Chamber 3,28-041661c2faff,30.75,T260,44C,off
01/03/2023 18:49:03,Chamber 3,28-041661c2faff,30.75,T260,44C,off
01/03/2023 18:49:23,Chamber 3,28-041661c2faff,30.75,T260,44C,off
01/03/2023 18:49:43,Chamber 3,28-041661c2faff,30.75,T260,44C,off
01/03/2023 18:50:03,Chamber 3,28-041661c2faff,30.75,T260,44C,off
01/03/2023 18:50:23,Chamber 3,28-041661c2faff,30.75,T260,44C,off
01/03/2023 18:50:43,Chamber 3,28-041661c2faff,30.75,T260,44C,off
01/03/2023 18:51:03,Chamber 3,28-041661c2faff,30.75,T260,44C,off
01/03/2023 18:51:23,Chamber 3,28-041661c2faff,30.75,T260,44C,off
01/03/2023 18:51:43,Chamber 3,28-041661c2faff,30.75,T260,44C,off
01/03/2023 18:52:03,Chamber 3,28-041661c2faff,30.75,T260,44C,off
01/03/2023 18:52:23,Chamber 3,28-041661c2faff,30.75,T260,44C,off
01/03/2023 18:52:43,Chamber 3,28-041661c2faff,30.75,T260,44C,off
01/03/2023 18:53:03,Chamber 3,28-041661c2faff,30.75,T260,44C,off
01/03/2023 18:53:23,Chamber 3,28-041661c2faff,30.75,T260,44C,off
01/03/2023 18:53:43,Chamber 3,28-041661c2faff,30.75,T260,44C,off
01/03/2023 18:54:03,Chamber 3,28-041661c2faff,30.75,T260,44C,off
01/03/2023 18:54:23,Chamber 3,28-041661c2faff,30.75,T260,44C,off
01/03/2023 18:54:43,Chamber 3,28-041661c2faff,30.75,T260,44C,off
01/03/2023 18:55:03,Chamber 3,28-041661c2faff,30.75,T260,44C,off
01/03/2023 18:55:23,Chamber 3,28-041661c2faff,30.75,T260,44C,off
01/03/2023 18:55:43,Chamber 3,28-041661c2faff,30.75,T260,44C,off
01/03/2023 18:56:03,Chamber 3,28-041661c2faff,30.75,T260,44C,off
01/03/2023 18:56:23,Chamber 3,28-041661c2faff,30.687,T260,44C,off
01/03/2023 18:56:43,Chamber 3,28-041661c2faff,30.75,T260,44C,off
01/03/2023 18:57:03,Chamber 3,28-041661c2faff,30.75,T260,44C,off
01/03/2023 18:57:23,Chamber 3,28-041661c2faff,30.687,T260,44C,off
01/03/2023 18:57:43,Chamber 3,28-041661c2faff,30.687,T260,44C,off
01/03/2023 18:58:03,Chamber 3,28-041661c2faff,30.75,T260,44C,off
01/03/2023 18:58:23,Chamber 3,28-041661c2faff,30.75,T260,44C,off
01/03/2023 18:58:43,Chamber 3,28-041661c2faff,30.75,T260,44C,off
01/03/2023 18:59:03,Chamber 3,28-041661c2faff,30.75,T260,44C,off
01/03/2023 18:59:23,Chamber 3,28-041661c2faff,30.75,T260,44C,off
01/03/2023 18:59:43,Chamber 3,28-041661c2faff,30.75,T260,44C,off
01/03/2023 19:00:02,Chamber 3,28-041661c2faff,30.75,T260,44C,off
01/03/2023 19:00:22,Chamber 3,28-041661c2faff,30.75,T260,44C,off
01/03/2023 19:00:42,Chamber 3,28-041661c2faff,30.75,T260,44C,off
01/03/2023 19:01:02,Chamber 3,28-041661c2faff,30.687,T260,44C,off
01/03/2023 19:01:22,Chamber 3,28-041661c2faff,30.687,T260,44C,off
01/03/2023 19:01:44,Chamber 3,28-041661c2faff,30.75,T260,44C,off
01/03/2023 19:02:02,Chamber 3,28-041661c2faff,30.75,T260,44C,off
01/03/2023 19:02:22,Chamber 3,28-041661c2faff,30.75,T260,44C,off
01/03/2023 19:02:42,Chamber 3,28-041661c2faff,30.75,T260,44C,off
01/03/2023 19:03:02,Chamber 3,28-041661c2faff,30.687,T260,44C,off
01/03/2023 19:03:22,Chamber 3,28-041661c2faff,30.75,T260,44C,off
01/03/2023 19:03:42,Chamber 3,28-041661c2faff,30.687,T260,44C,off
01/03/2023 19:04:02,Chamber 3,28-041661c2faff,30.75,T260,44C,off
01/03/2023 19:04:22,Chamber 3,28-041661c2faff,30.75,T260,44C,off
01/03/2023 19:04:42,Chamber 3,28-041661c2faff,30.75,T260,44C,off
01/03/2023 19:05:02,Chamber 3,28-041661c2faff,30.75,T260,44C,off
01/03/2023 19:05:22,Chamber 3,28-041661c2faff,30.75,T260,44C,off
01/03/2023 19:05:42,Chamber 3,28-041661c2faff,30.75,T260,44C,off
01/03/2023 19:06:02,Chamber 3,28-041661c2faff,30.75,T260,44C,off
01/03/2023 19:06:22,Chamber 3,28-041661c2faff,30.75,T260,44C,off
01/03/2023 19:06:42,Chamber 3,28-041661c2faff,30.75,T260,44C,off
01/03/2023 19:07:02,Chamber 3,28-041661c2faff,30.75,T260,44C,off
01/03/2023 19:07:22,Chamber 3,28-041661c2faff,30.75,T260,44C,off
01/03/2023 19:07:42,Chamber 3,28-041661c2faff,30.75,T260,44C,off
01/03/2023 19:08:02,Chamber 3,28-041661c2faff,30.75,T260,44C,off
01/03/2023 19:08:22,Chamber 3,28-041661c2faff,30.687,T260,44C,off
01/03/2023 19:08:42,Chamber 3,28-041661c2faff,30.75,T260,44C,off
01/03/2023 19:09:02,Chamber 3,28-041661c2faff,30.687,T260,44C,off
01/03/2023 19:09:22,Chamber 3,28-041661c2faff,30.687,T260,44C,off
01/03/2023 19:09:42,Chamber 3,28-041661c2faff,30.687,T260,44C,off
01/03/2023 19:10:02,Chamber 3,28-041661c2faff,30.75,T260,44C,off
01/03/2023 19:10:22,Chamber 3,28-041661c2faff,30.75,T260,44C,off
01/03/2023 19:10:42,Chamber 3,28-041661c2faff,30.75,T260,44C,off
01/03/2023 19:11:02,Chamber 3,28-041661c2faff,30.75,T260,44C,off
01/03/2023 19:11:22,Chamber 3,28-041661c2faff,30.75,T260,44C,off
01/03/2023 19:11:42,Chamber 3,28-041661c2faff,30.75,T260,44C,off
01/03/2023 19:12:02,Chamber 3,28-041661c2faff,30.75,T260,44C,off
01/03/2023 19:12:22,Chamber 3,28-041661c2faff,30.75,T260,44C,off
01/03/2023 19:12:42,Chamber 3,28-041661c2faff,30.75,T260,44C,off
01/03/2023 19:13:02,Chamber 3,28-041661c2faff,30.75,T260,44C,off
01/03/2023 19:13:22,Chamber 3,28-041661c2faff,30.75,T260,44C,off
01/03/2023 19:13:42,Chamber 3,28-041661c2faff,30.687,T260,44C,off
01/03/2023 19:14:02,Chamber 3,28-041661c2faff,30.75,T260,44C,off
01/03/2023 19:14:22,Chamber 3,28-041661c2faff,30.687,T260,44C,off
01/03/2023 19:14:42,Chamber 3,28-041661c2faff,30.687,T260,44C,off
01/03/2023 19:15:02,Chamber 3,28-041661c2faff,30.687,T260,44C,off
01/03/2023 19:15:22,Chamber 3,28-041661c2faff,30.75,T260,44C,off
01/03/2023 19:15:42,Chamber 3,28-041661c2faff,30.687,T260,44C,off
01/03/2023 19:16:02,Chamber 3,28-041661c2faff,30.687,T260,44C,off
01/03/2023 19:16:22,Chamber 3,28-041661c2faff,30.687,T260,44C,off
01/03/2023 19:16:42,Chamber 3,28-041661c2faff,30.75,T260,44C,off
01/03/2023 19:17:02,Chamber 3,28-041661c2faff,30.75,T260,44C,off
01/03/2023 19:17:22,Chamber 3,28-041661c2faff,30.687,T260,44C,off
01/03/2023 19:17:42,Chamber 3,28-041661c2faff,30.687,T260,44C,off
01/03/2023 19:18:02,Chamber 3,28-041661c2faff,30.687,T260,44C,off
01/03/2023 19:18:22,Chamber 3,28-041661c2faff,30.687,T260,44C,off
01/03/2023 19:18:42,Chamber 3,28-041661c2faff,30.687,T260,44C,off
01/03/2023 19:19:02,Chamber 3,28-041661c2faff,30.687,T260,44C,off
01/03/2023 19:19:22,Chamber 3,28-041661c2faff,30.687,T260,44C,off
01/03/2023 19:19:42,Chamber 3,28-041661c2faff,30.687,T260,44C,off
01/03/2023 19:20:02,Chamber 3,28-041661c2faff,30.75,T260,44C,off
01/03/2023 19:20:22,Chamber 3,28-041661c2faff,30.687,T260,44C,off
01/03/2023 19:20:42,Chamber 3,28-041661c2faff,30.75,T260,44C,off
01/03/2023 19:21:02,Chamber 3,28-041661c2faff,30.687,T260,44C,off
01/03/2023 19:21:22,Chamber 3,28-041661c2faff,30.687,T260,44C,off
01/03/2023 19:21:42,Chamber 3,28-041661c2faff,30.75,T260,44C,off
01/03/2023 19:22:02,Chamber 3,28-041661c2faff,30.687,T260,44C,off
01/03/2023 19:22:22,Chamber 3,28-041661c2faff,30.687,T260,44C,off
01/03/2023 19:22:42,Chamber 3,28-041661c2faff,30.687,T260,44C,off
01/03/2023 19:23:02,Chamber 3,28-041661c2faff,30.687,T260,44C,off
01/03/2023 19:23:22,Chamber 3,28-041661c2faff,30.687,T260,44C,off
01/03/2023 19:23:42,Chamber 3,28-041661c2faff,30.687,T260,44C,off
01/03/2023 19:24:02,Chamber 3,28-041661c2faff,30.687,T260,44C,off
01/03/2023 19:24:22,Chamber 3,28-041661c2faff,30.687,T260,44C,off
01/03/2023 19:24:42,Chamber 3,28-041661c2faff,30.687,T260,44C,off
01/03/2023 19:25:02,Chamber 3,28-041661c2faff,30.687,T260,44C,off
01/03/2023 19:25:22,Chamber 3,28-041661c2faff,30.687,T260,44C,off
01/03/2023 19:25:42,Chamber 3,28-041661c2faff,30.687,T260,44C,off
01/03/2023 19:26:02,Chamber 3,28-041661c2faff,30.687,T260,44C,off
01/03/2023 19:26:22,Chamber 3,28-041661c2faff,30.687,T260,44C,off
01/03/2023 19:26:42,Chamber 3,28-041661c2faff,30.687,T260,44C,off
01/03/2023 19:27:02,Chamber 3,28-041661c2faff,30.687,T260,44C,off
01/03/2023 19:27:22,Chamber 3,28-041661c2faff,30.75,T260,44C,off
01/03/2023 19:27:42,Chamber 3,28-041661c2faff,30.687,T260,44C,off
01/03/2023 19:28:02,Chamber 3,28-041661c2faff,30.687,T260,44C,off
01/03/2023 19:28:22,Chamber 3,28-041661c2faff,30.687,T260,44C,off
01/03/2023 19:28:42,Chamber 3,28-041661c2faff,30.75,T260,44C,off
01/03/2023 19:29:02,Chamber 3,28-041661c2faff,30.687,T260,44C,off
01/03/2023 19:29:22,Chamber 3,28-041661c2faff,30.687,T260,44C,off
01/03/2023 19:29:42,Chamber 3,28-041661c2faff,30.687,T260,44C,off
01/03/2023 19:30:02,Chamber 3,28-041661c2faff,30.687,T260,44C,off
01/03/2023 19:30:22,Chamber 3,28-041661c2faff,30.687,T260,44C,off
01/03/2023 19:30:42,Chamber 3,28-041661c2faff,30.687,T260,44C,off
01/03/2023 19:31:02,Chamber 3,28-041661c2faff,30.687,T260,44C,off
01/03/2023 19:31:22,Chamber 3,28-041661c2faff,30.687,T260,44C,off
01/03/2023 19:31:42,Chamber 3,28-041661c2faff,30.687,T260,44C,off
01/03/2023 19:32:02,Chamber 3,28-041661c2faff,30.687,T260,44C,off
01/03/2023 19:32:22,Chamber 3,28-041661c2faff,30.687,T260,44C,off
01/03/2023 19:32:42,Chamber 3,28-041661c2faff,30.687,T260,44C,off
01/03/2023 19:33:02,Chamber 3,28-041661c2faff,30.687,T260,44C,off
01/03/2023 19:33:22,Chamber 3,28-041661c2faff,30.687,T260,44C,off
01/03/2023 19:33:42,Chamber 3,28-041661c2faff,30.687,T260,44C,off
01/03/2023 19:34:02,Chamber 3,28-041661c2faff,30.687,T260,44C,off
01/03/2023 19:34:22,Chamber 3,28-041661c2faff,30.687,T260,44C,off
01/03/2023 19:34:42,Chamber 3,28-041661c2faff,30.687,T260,44C,off
01/03/2023 19:35:02,Chamber 3,28-041661c2faff,30.625,T260,44C,off
01/03/2023 19:35:22,Chamber 3,28-041661c2faff,30.687,T260,44C,off
01/03/2023 19:35:42,Chamber 3,28-041661c2faff,30.687,T260,44C,off
01/03/2023 19:36:02,Chamber 3,28-041661c2faff,30.687,T260,44C,off
01/03/2023 19:36:22,Chamber 3,28-041661c2faff,30.687,T260,44C,off
01/03/2023 19:36:42,Chamber 3,28-041661c2faff,30.687,T260,44C,off
01/03/2023 19:37:02,Chamber 3,28-041661c2faff,30.687,T260,44C,off
01/03/2023 19:37:22,Chamber 3,28-041661c2faff,30.687,T260,44C,off
01/03/2023 19:37:42,Chamber 3,28-041661c2faff,30.687,T260,44C,off
01/03/2023 19:38:02,Chamber 3,28-041661c2faff,30.687,T260,44C,off
01/03/2023 19:38:22,Chamber 3,28-041661c2faff,30.687,T260,44C,off
01/03/2023 19:38:42,Chamber 3,28-041661c2faff,30.687,T260,44C,off
01/03/2023 19:39:02,Chamber 3,28-041661c2faff,30.687,T260,44C,off
01/03/2023 19:39:22,Chamber 3,28-041661c2faff,30.687,T260,44C,off
01/03/2023 19:39:42,Chamber 3,28-041661c2faff,30.687,T260,44C,off
01/03/2023 19:40:02,Chamber 3,28-041661c2faff,30.687,T260,44C,off
01/03/2023 19:40:22,Chamber 3,28-041661c2faff,30.687,T260,44C,off
01/03/2023 19:40:42,Chamber 3,28-041661c2faff,30.625,T260,44C,off
01/03/2023 19:41:02,Chamber 3,28-041661c2faff,30.625,T260,44C,off
01/03/2023 19:41:22,Chamber 3,28-041661c2faff,30.625,T260,44C,off
01/03/2023 19:41:42,Chamber 3,28-041661c2faff,30.687,T260,44C,off
01/03/2023 19:42:02,Chamber 3,28-041661c2faff,30.687,T260,44C,off
01/03/2023 19:42:22,Chamber 3,28-041661c2faff,30.687,T260,44C,off
01/03/2023 19:42:42,Chamber 3,28-041661c2faff,30.687,T260,44C,off
01/03/2023 19:43:02,Chamber 3,28-041661c2faff,30.625,T260,44C,off
01/03/2023 19:43:22,Chamber 3,28-041661c2faff,30.687,T260,44C,off
01/03/2023 19:43:42,Chamber 3,28-041661c2faff,30.625,T260,44C,off
01/03/2023 19:44:02,Chamber 3,28-041661c2faff,30.625,T260,44C,off
01/03/2023 19:44:22,Chamber 3,28-041661c2faff,30.625,T260,44C,off
01/03/2023 19:44:42,Chamber 3,28-041661c2faff,30.625,T260,44C,off
01/03/2023 19:45:02,Chamber 3,28-041661c2faff,30.625,T260,44C,off
01/03/2023 19:45:22,Chamber 3,28-041661c2faff,30.625,T260,44C,off
01/03/2023 19:45:42,Chamber 3,28-041661c2faff,30.625,T260,44C,off
01/03/2023 19:46:02,Chamber 3,28-041661c2faff,30.625,T260,44C,off
01/03/2023 19:46:22,Chamber 3,28-041661c2faff,30.625,T260,44C,off
01/03/2023 19:46:42,Chamber 3,28-041661c2faff,30.625,T260,44C,off
01/03/2023 19:47:02,Chamber 3,28-041661c2faff,30.625,T260,44C,off
01/03/2023 19:47:23,Chamber 3,28-041661c2faff,30.625,T260,44C,off
01/03/2023 19:47:42,Chamber 3,28-041661c2faff,30.625,T260,44C,off
01/03/2023 19:48:02,Chamber 3,28-041661c2faff,30.625,T260,44C,off
01/03/2023 19:48:22,Chamber 3,28-041661c2faff,30.625,T260,44C,off
01/03/2023 19:48:42,Chamber 3,28-041661c2faff,30.625,T260,44C,off
01/03/2023 19:49:02,Chamber 3,28-041661c2faff,30.625,T260,44C,off
01/03/2023 19:49:22,Chamber 3,28-041661c2faff,30.625,T260,44C,off
01/03/2023 19:49:42,Chamber 3,28-041661c2faff,30.625,T260,44C,off
01/03/2023 19:50:02,Chamber 3,28-041661c2faff,30.625,T260,44C,off
01/03/2023 19:50:22,Chamber 3,28-041661c2faff,30.625,T260,44C,off
01/03/2023 19:50:42,Chamber 3,28-041661c2faff,30.625,T260,44C,off
01/03/2023 19:51:03,Chamber 3,28-041661c2faff,30.625,T260,44C,off
01/03/2023 19:51:22,Chamber 3,28-041661c2faff,30.625,T260,44C,off
01/03/2023 19:51:42,Chamber 3,28-041661c2faff,30.625,T260,44C,off
01/03/2023 19:52:02,Chamber 3,28-041661c2faff,30.625,T260,44C,off
01/03/2023 19:52:22,Chamber 3,28-041661c2faff,30.625,T260,44C,off
01/03/2023 19:52:42,Chamber 3,28-041661c2faff,30.625,T260,44C,off
01/03/2023 19:53:02,Chamber 3,28-041661c2faff,30.625,T260,44C,off
01/03/2023 19:53:22,Chamber 3,28-041661c2faff,30.625,T260,44C,off
01/03/2023 19:53:42,Chamber 3,28-041661c2faff,30.625,T260,44C,off
01/03/2023 19:54:02,Chamber 3,28-041661c2faff,30.625,T260,44C,off
01/03/2023 19:54:22,Chamber 3,28-041661c2faff,30.625,T260,44C,off
01/03/2023 19:54:42,Chamber 3,28-041661c2faff,30.625,T260,44C,off
01/03/2023 19:55:02,Chamber 3,28-041661c2faff,30.625,T260,44C,off
01/03/2023 19:55:22,Chamber 3,28-041661c2faff,30.625,T260,44C,off
01/03/2023 19:55:42,Chamber 3,28-041661c2faff,30.625,T260,44C,off
01/03/2023 19:56:02,Chamber 3,28-041661c2faff,30.625,T260,44C,off
01/03/2023 19:56:22,Chamber 3,28-041661c2faff,30.562,T260,44C,off
01/03/2023 19:56:42,Chamber 3,28-041661c2faff,30.562,T260,44C,off
01/03/2023 19:57:02,Chamber 3,28-041661c2faff,30.562,T260,44C,off
01/03/2023 19:57:22,Chamber 3,28-041661c2faff,30.562,T260,44C,off
01/03/2023 19:57:42,Chamber 3,28-041661c2faff,30.625,T260,44C,off
01/03/2023 19:58:02,Chamber 3,28-041661c2faff,30.562,T260,44C,off
01/03/2023 19:58:22,Chamber 3,28-041661c2faff,30.562,T260,44C,off
01/03/2023 19:58:42,Chamber 3,28-041661c2faff,30.562,T260,44C,off
01/03/2023 19:59:02,Chamber 3,28-041661c2faff,30.562,T260,44C,off
01/03/2023 19:59:22,Chamber 3,28-041661c2faff,30.562,T260,44C,off
01/03/2023 19:59:42,Chamber 3,28-041661c2faff,30.562,T260,44C,off
01/03/2023 20:00:02,Chamber 3,28-041661c2faff,30.562,T260,44C,off
01/03/2023 20:00:22,Chamber 3,28-041661c2faff,30.562,T260,44C,off
01/03/2023 20:00:42,Chamber 3,28-041661c2faff,30.562,T260,44C,off
01/03/2023 20:01:02,Chamber 3,28-041661c2faff,30.562,T260,44C,off
01/03/2023 20:01:22,Chamber 3,28-041661c2faff,30.562,T260,44C,off
01/03/2023 20:01:42,Chamber 3,28-041661c2faff,30.562,T260,44C,off
01/03/2023 20:02:02,Chamber 3,28-041661c2faff,30.562,T260,44C,off
01/03/2023 20:02:22,Chamber 3,28-041661c2faff,30.562,T260,44C,off
01/03/2023 20:02:42,Chamber 3,28-041661c2faff,30.562,T260,44C,off
01/03/2023 20:03:02,Chamber 3,28-041661c2faff,30.562,T260,44C,off
01/03/2023 20:03:22,Chamber 3,28-041661c2faff,30.562,T260,44C,off
01/03/2023 20:03:42,Chamber 3,28-041661c2faff,30.562,T260,44C,off
01/03/2023 20:04:02,Chamber 3,28-041661c2faff,30.562,T260,44C,off
01/03/2023 20:04:22,Chamber 3,28-041661c2faff,30.562,T260,44C,off
01/03/2023 20:04:42,Chamber 3,28-041661c2faff,30.562,T260,44C,off
01/03/2023 20:05:02,Chamber 3,28-041661c2faff,30.562,T260,44C,off
01/03/2023 20:05:22,Chamber 3,28-041661c2faff,30.562,T260,44C,off
01/03/2023 20:05:42,Chamber 3,28-041661c2faff,30.562,T260,44C,off
01/03/2023 20:06:02,Chamber 3,28-041661c2faff,30.562,T260,44C,off
01/03/2023 20:06:22,Chamber 3,28-041661c2faff,30.562,T260,44C,off
01/03/2023 20:06:42,Chamber 3,28-041661c2faff,30.562,T260,44C,off
01/03/2023 20:07:02,Chamber 3,28-041661c2faff,30.562,T260,44C,off
01/03/2023 20:07:22,Chamber 3,28-041661c2faff,30.562,T260,44C,off
01/03/2023 20:07:42,Chamber 3,28-041661c2faff,30.562,T260,44C,off
01/03/2023 20:08:02,Chamber 3,28-041661c2faff,30.562,T260,44C,off
01/03/2023 20:08:22,Chamber 3,28-041661c2faff,30.562,T260,44C,off
01/03/2023 20:08:42,Chamber 3,28-041661c2faff,30.562,T260,44C,off
01/03/2023 20:09:02,Chamber 3,28-041661c2faff,30.562,T260,44C,off
01/03/2023 20:09:22,Chamber 3,28-041661c2faff,30.5,T260,44C,off
01/03/2023 20:09:42,Chamber 3,28-041661c2faff,30.562,T260,44C,off
01/03/2023 20:10:02,Chamber 3,28-041661c2faff,30.562,T260,44C,off
01/03/2023 20:10:22,Chamber 3,28-041661c2faff,30.5,T260,44C,off
01/03/2023 20:10:42,Chamber 3,28-041661c2faff,30.5,T260,44C,off
01/03/2023 20:11:02,Chamber 3,28-041661c2faff,30.5,T260,44C,off
01/03/2023 20:11:22,Chamber 3,28-041661c2faff,30.5,T260,44C,off
01/03/2023 20:11:43,Chamber 3,28-041661c2faff,30.5,T260,44C,off
01/03/2023 20:12:02,Chamber 3,28-041661c2faff,30.5,T260,44C,off
01/03/2023 20:12:22,Chamber 3,28-041661c2faff,30.5,T260,44C,off
01/03/2023 20:12:42,Chamber 3,28-041661c2faff,30.5,T260,44C,off
01/03/2023 20:13:02,Chamber 3,28-041661c2faff,30.5,T260,44C,off
01/03/2023 20:13:22,Chamber 3,28-041661c2faff,30.5,T260,44C,off
01/03/2023 20:13:42,Chamber 3,28-041661c2faff,30.5,T260,44C,off
01/03/2023 20:14:02,Chamber 3,28-041661c2faff,30.5,T260,44C,off
01/03/2023 20:14:22,Chamber 3,28-041661c2faff,30.5,T260,44C,off
01/03/2023 20:14:42,Chamber 3,28-041661c2faff,30.5,T260,44C,off
01/03/2023 20:15:02,Chamber 3,28-041661c2faff,30.5,T260,44C,off
01/03/2023 20:15:22,Chamber 3,28-041661c2faff,30.5,T260,44C,off
01/03/2023 20:15:42,Chamber 3,28-041661c2faff,30.5,T260,44C,off
01/03/2023 20:16:02,Chamber 3,28-041661c2faff,30.5,T260,44C,off
01/03/2023 20:16:22,Chamber 3,28-041661c2faff,30.5,T260,44C,off
01/03/2023 20:16:42,Chamber 3,28-041661c2faff,30.5,T260,44C,off
01/03/2023 20:17:02,Chamber 3,28-041661c2faff,30.5,T260,44C,off
01/03/2023 20:17:22,Chamber 3,28-041661c2faff,30.5,T260,44C,off
01/03/2023 20:17:42,Chamber 3,28-041661c2faff,30.5,T260,44C,off
01/03/2023 20:18:02,Chamber 3,28-041661c2faff,30.5,T260,44C,off
01/03/2023 20:18:22,Chamber 3,28-041661c2faff,30.5,T260,44C,off
01/03/2023 20:18:42,Chamber 3,28-041661c2faff,30.5,T260,44C,off
01/03/2023 20:19:02,Chamber 3,28-041661c2faff,30.437,T260,44C,off
01/03/2023 20:19:22,Chamber 3,28-041661c2faff,30.437,T260,44C,off
01/03/2023 20:19:42,Chamber 3,28-041661c2faff,30.437,T260,44C,off
01/03/2023 20:20:02,Chamber 3,28-041661c2faff,30.437,T260,44C,off
01/03/2023 20:20:23,Chamber 3,28-041661c2faff,30.437,T260,44C,off
01/03/2023 20:20:42,Chamber 3,28-041661c2faff,30.437,T260,44C,off
01/03/2023 20:21:02,Chamber 3,28-041661c2faff,30.437,T260,44C,off
01/03/2023 20:21:22,Chamber 3,28-041661c2faff,30.437,T260,44C,off
01/03/2023 20:21:42,Chamber 3,28-041661c2faff,30.5,T260,44C,off
01/03/2023 20:22:02,Chamber 3,28-041661c2faff,30.437,T260,44C,off
01/03/2023 20:22:22,Chamber 3,28-041661c2faff,30.5,T260,44C,off
01/03/2023 20:22:42,Chamber 3,28-041661c2faff,30.437,T260,44C,off
01/03/2023 20:23:02,Chamber 3,28-041661c2faff,30.437,T260,44C,off
01/03/2023 20:23:22,Chamber 3,28-041661c2faff,30.437,T260,44C,off
01/03/2023 20:23:42,Chamber 3,28-041661c2faff,30.437,T260,44C,off
01/03/2023 20:24:02,Chamber 3,28-041661c2faff,30.437,T260,44C,off
01/03/2023 20:24:22,Chamber 3,28-041661c2faff,30.437,T260,44C,off
01/03/2023 20:24:42,Chamber 3,28-041661c2faff,30.437,T260,44C,off
01/03/2023 20:25:02,Chamber 3,28-041661c2faff,30.437,T260,44C,off
01/03/2023 20:25:22,Chamber 3,28-041661c2faff,30.437,T260,44C,off
01/03/2023 20:25:42,Chamber 3,28-041661c2faff,30.437,T260,44C,off
01/03/2023 20:26:02,Chamber 3,28-041661c2faff,30.437,T260,44C,off
01/03/2023 20:26:22,Chamber 3,28-041661c2faff,30.437,T260,44C,off
01/03/2023 20:26:42,Chamber 3,28-041661c2faff,30.437,T260,44C,off
01/03/2023 20:27:02,Chamber 3,28-041661c2faff,30.437,T260,44C,off
01/03/2023 20:27:22,Chamber 3,28-041661c2faff,30.437,T260,44C,off
01/03/2023 20:27:42,Chamber 3,28-041661c2faff,30.437,T260,44C,off
01/03/2023 20:28:02,Chamber 3,28-041661c2faff,30.437,T260,44C,off
01/03/2023 20:28:22,Chamber 3,28-041661c2faff,30.437,T260,44C,off
01/03/2023 20:28:42,Chamber 3,28-041661c2faff,30.437,T260,44C,off
01/03/2023 20:29:02,Chamber 3,28-041661c2faff,30.437,T260,44C,off
01/03/2023 20:29:22,Chamber 3,28-041661c2faff,30.437,T260,44C,off
01/03/2023 20:29:42,Chamber 3,28-041661c2faff,30.375,T260,44C,off
01/03/2023 20:30:02,Chamber 3,28-041661c2faff,30.375,T260,44C,off
01/03/2023 20:30:22,Chamber 3,28-041661c2faff,30.375,T260,44C,off
01/03/2023 20:30:42,Chamber 3,28-041661c2faff,30.375,T260,44C,off
01/03/2023 20:31:02,Chamber 3,28-041661c2faff,30.375,T260,44C,off
01/03/2023 20:31:22,Chamber 3,28-041661c2faff,30.375,T260,44C,off
01/03/2023 20:31:42,Chamber 3,28-041661c2faff,30.375,T260,44C,off
01/03/2023 20:32:02,Chamber 3,28-041661c2faff,30.375,T260,44C,off
01/03/2023 20:32:22,Chamber 3,28-041661c2faff,30.375,T260,44C,off
01/03/2023 20:32:42,Chamber 3,28-041661c2faff,30.375,T260,44C,off
01/03/2023 20:33:02,Chamber 3,28-041661c2faff,30.375,T260,44C,off
01/03/2023 20:33:22,Chamber 3,28-041661c2faff,30.375,T260,44C,off
01/03/2023 20:33:42,Chamber 3,28-041661c2faff,30.375,T260,44C,off
01/03/2023 20:34:02,Chamber 3,28-041661c2faff,30.375,T260,44C,off
01/03/2023 20:34:22,Chamber 3,28-041661c2faff,30.375,T260,44C,off
01/03/2023 20:34:42,Chamber 3,28-041661c2faff,30.375,T260,44C,off
01/03/2023 20:35:02,Chamber 3,28-041661c2faff,30.375,T260,44C,off
01/03/2023 20:35:22,Chamber 3,28-041661c2faff,30.375,T260,44C,off
01/03/2023 20:35:43,Chamber 3,28-041661c2faff,30.375,T260,44C,off
01/03/2023 20:36:02,Chamber 3,28-041661c2faff,30.375,T260,44C,off
01/03/2023 20:36:22,Chamber 3,28-041661c2faff,30.375,T260,44C,off
01/03/2023 20:36:42,Chamber 3,28-041661c2faff,30.312,T260,44C,off
01/03/2023 20:37:02,Chamber 3,28-041661c2faff,30.312,T260,44C,off
01/03/2023 20:37:22,Chamber 3,28-041661c2faff,30.375,T260,44C,off
01/03/2023 20:37:42,Chamber 3,28-041661c2faff,30.375,T260,44C,off
01/03/2023 20:38:02,Chamber 3,28-041661c2faff,30.375,T260,44C,off
01/03/2023 20:38:22,Chamber 3,28-041661c2faff,30.375,T260,44C,off
01/03/2023 20:38:42,Chamber 3,28-041661c2faff,30.375,T260,44C,off
01/03/2023 20:39:02,Chamber 3,28-041661c2faff,30.375,T260,44C,off
01/03/2023 20:39:22,Chamber 3,28-041661c2faff,30.375,T260,44C,off
01/03/2023 20:39:42,Chamber 3,28-041661c2faff,30.375,T260,44C,off
01/03/2023 20:40:02,Chamber 3,28-041661c2faff,30.375,T260,44C,off
01/03/2023 20:40:22,Chamber 3,28-041661c2faff,30.375,T260,44C,off
01/03/2023 20:40:42,Chamber 3,28-041661c2faff,30.375,T260,44C,off
01/03/2023 20:41:02,Chamber 3,28-041661c2faff,30.375,T260,44C,off
01/03/2023 20:41:22,Chamber 3,28-041661c2faff,30.375,T260,44C,off
01/03/2023 20:41:42,Chamber 3,28-041661c2faff,30.312,T260,44C,off
01/03/2023 20:42:02,Chamber 3,28-041661c2faff,30.312,T260,44C,off
01/03/2023 20:42:22,Chamber 3,28-041661c2faff,30.312,T260,44C,off
01/03/2023 20:42:42,Chamber 3,28-041661c2faff,30.312,T260,44C,off
01/03/2023 20:43:02,Chamber 3,28-041661c2faff,30.312,T260,44C,off
01/03/2023 20:43:22,Chamber 3,28-041661c2faff,30.312,T260,44C,off
01/03/2023 20:43:42,Chamber 3,28-041661c2faff,30.375,T260,44C,off
01/03/2023 20:44:03,Chamber 3,28-041661c2faff,30.375,T260,44C,off
01/03/2023 20:44:22,Chamber 3,28-041661c2faff,30.312,T260,44C,off
01/03/2023 20:44:42,Chamber 3,28-041661c2faff,30.312,T260,44C,off
01/03/2023 20:45:02,Chamber 3,28-041661c2faff,30.312,T260,44C,off
01/03/2023 20:45:22,Chamber 3,28-041661c2faff,30.312,T260,44C,off
01/03/2023 20:45:42,Chamber 3,28-041661c2faff,30.312,T260,44C,off
01/03/2023 20:46:02,Chamber 3,28-041661c2faff,30.312,T260,44C,off
01/03/2023 20:46:22,Chamber 3,28-041661c2faff,30.312,T260,44C,off
01/03/2023 20:46:42,Chamber 3,28-041661c2faff,30.312,T260,44C,off
01/03/2023 20:47:02,Chamber 3,28-041661c2faff,30.312,T260,44C,off
01/03/2023 20:47:22,Chamber 3,28-041661c2faff,30.312,T260,44C,off
01/03/2023 20:47:42,Chamber 3,28-041661c2faff,30.312,T260,44C,off
01/03/2023 20:48:02,Chamber 3,28-041661c2faff,30.312,T260,44C,off
01/03/2023 20:48:22,Chamber 3,28-041661c2faff,30.312,T260,44C,off
01/03/2023 20:48:42,Chamber 3,28-041661c2faff,30.312,T260,44C,off
01/03/2023 20:49:02,Chamber 3,28-041661c2faff,30.312,T260,44C,off
01/03/2023 20:49:22,Chamber 3,28-041661c2faff,30.312,T260,44C,off
01/03/2023 20:49:42,Chamber 3,28-041661c2faff,30.312,T260,44C,off
01/03/2023 20:50:02,Chamber 3,28-041661c2faff,30.312,T260,44C,off
01/03/2023 20:50:22,Chamber 3,28-041661c2faff,30.312,T260,44C,off
01/03/2023 20:50:44,Chamber 3,28-041661c2faff,30.312,T260,44C,off
01/03/2023 20:51:02,Chamber 3,28-041661c2faff,30.312,T260,44C,off
01/03/2023 20:51:22,Chamber 3,28-041661c2faff,30.312,T260,44C,off
01/03/2023 20:51:42,Chamber 3,28-041661c2faff,30.312,T260,44C,off
01/03/2023 20:52:02,Chamber 3,28-041661c2faff,30.312,T260,44C,off
01/03/2023 20:52:22,Chamber 3,28-041661c2faff,30.312,T260,44C,off
01/03/2023 20:52:43,Chamber 3,28-041661c2faff,30.312,T260,44C,off
01/03/2023 20:53:02,Chamber 3,28-041661c2faff,30.312,T260,44C,off
01/03/2023 20:53:22,Chamber 3,28-041661c2faff,30.312,T260,44C,off
01/03/2023 20:53:42,Chamber 3,28-041661c2faff,30.312,T260,44C,off
01/03/2023 20:54:02,Chamber 3,28-041661c2faff,30.312,T260,44C,off
01/03/2023 20:54:22,Chamber 3,28-041661c2faff,30.312,T260,44C,off
01/03/2023 20:54:42,Chamber 3,28-041661c2faff,30.312,T260,44C,off
01/03/2023 20:55:02,Chamber 3,28-041661c2faff,30.312,T260,44C,off
01/03/2023 20:55:22,Chamber 3,28-041661c2faff,30.25,T260,44C,off
01/03/2023 20:55:42,Chamber 3,28-041661c2faff,30.25,T260,44C,off
01/03/2023 20:56:02,Chamber 3,28-041661c2faff,30.312,T260,44C,off
01/03/2023 20:56:22,Chamber 3,28-041661c2faff,30.25,T260,44C,off
01/03/2023 20:56:42,Chamber 3,28-041661c2faff,30.25,T260,44C,off
01/03/2023 20:57:02,Chamber 3,28-041661c2faff,30.25,T260,44C,off
01/03/2023 20:57:22,Chamber 3,28-041661c2faff,30.25,T260,44C,off
01/03/2023 20:57:42,Chamber 3,28-041661c2faff,30.25,T260,44C,off
01/03/2023 20:58:02,Chamber 3,28-041661c2faff,30.25,T260,44C,off
01/03/2023 20:58:22,Chamber 3,28-041661c2faff,30.25,T260,44C,off
01/03/2023 20:58:42,Chamber 3,28-041661c2faff,30.25,T260,44C,off
01/03/2023 20:59:02,Chamber 3,28-041661c2faff,30.25,T260,44C,off
01/03/2023 20:59:22,Chamber 3,28-041661c2faff,30.312,T260,44C,off
01/03/2023 20:59:42,Chamber 3,28-041661c2faff,30.25,T260,44C,off
01/03/2023 21:00:02,Chamber 3,28-041661c2faff,30.25,T260,44C,off
01/03/2023 21:00:22,Chamber 3,28-041661c2faff,30.25,T260,44C,off
01/03/2023 21:00:42,Chamber 3,28-041661c2faff,30.25,T260,44C,off
01/03/2023 21:01:02,Chamber 3,28-041661c2faff,30.25,T260,44C,off
01/03/2023 21:01:22,Chamber 3,28-041661c2faff,30.25,T260,44C,off
01/03/2023 21:01:42,Chamber 3,28-041661c2faff,30.25,T260,44C,off
01/03/2023 21:02:02,Chamber 3,28-041661c2faff,30.25,T260,44C,off
01/03/2023 21:02:22,Chamber 3,28-041661c2faff,30.25,T260,44C,off
01/03/2023 21:02:42,Chamber 3,28-041661c2faff,30.25,T260,44C,off
01/03/2023 21:03:02,Chamber 3,28-041661c2faff,30.25,T260,44C,off
01/03/2023 21:03:22,Chamber 3,28-041661c2faff,30.25,T260,44C,off
01/03/2023 21:03:42,Chamber 3,28-041661c2faff,30.25,T260,44C,off
01/03/2023 21:04:02,Chamber 3,28-041661c2faff,30.25,T260,44C,off
01/03/2023 21:04:22,Chamber 3,28-041661c2faff,30.25,T260,44C,off
01/03/2023 21:04:42,Chamber 3,28-041661c2faff,30.25,T260,44C,off
01/03/2023 21:05:02,Chamber 3,28-041661c2faff,30.25,T260,44C,off
01/03/2023 21:05:22,Chamber 3,28-041661c2faff,30.25,T260,44C,off
01/03/2023 21:05:42,Chamber 3,28-041661c2faff,30.25,T260,44C,off
01/03/2023 21:06:02,Chamber 3,28-041661c2faff,30.25,T260,44C,off
01/03/2023 21:06:22,Chamber 3,28-041661c2faff,30.25,T260,44C,off
01/03/2023 21:06:42,Chamber 3,28-041661c2faff,30.25,T260,44C,off
01/03/2023 21:07:02,Chamber 3,28-041661c2faff,30.25,T260,44C,off
01/03/2023 21:07:22,Chamber 3,28-041661c2faff,30.25,T260,44C,off
01/03/2023 21:07:42,Chamber 3,28-041661c2faff,30.25,T260,44C,off
01/03/2023 21:08:02,Chamber 3,28-041661c2faff,30.25,T260,44C,off
01/03/2023 21:08:22,Chamber 3,28-041661c2faff,30.25,T260,44C,off
01/03/2023 21:08:42,Chamber 3,28-041661c2faff,30.25,T260,44C,off
01/03/2023 21:09:02,Chamber 3,28-041661c2faff,30.25,T260,44C,off
01/03/2023 21:09:22,Chamber 3,28-041661c2faff,30.25,T260,44C,off
01/03/2023 21:09:42,Chamber 3,28-041661c2faff,30.25,T260,44C,off
01/03/2023 21:10:02,Chamber 3,28-041661c2faff,30.25,T260,44C,off
01/03/2023 21:10:22,Chamber 3,28-041661c2faff,30.25,T260,44C,off
01/03/2023 21:10:42,Chamber 3,28-041661c2faff,30.25,T260,44C,off
01/03/2023 21:11:02,Chamber 3,28-041661c2faff,30.25,T260,44C,off
01/03/2023 21:11:22,Chamber 3,28-041661c2faff,30.25,T260,44C,off
01/03/2023 21:11:42,Chamber 3,28-041661c2faff,30.25,T260,44C,off
01/03/2023 21:12:02,Chamber 3,28-041661c2faff,30.25,T260,44C,off
01/03/2023 21:12:22,Chamber 3,28-041661c2faff,30.25,T260,44C,off
01/03/2023 21:12:42,Chamber 3,28-041661c2faff,30.25,T260,44C,off
01/03/2023 21:13:02,Chamber 3,28-041661c2faff,30.25,T260,44C,off
01/03/2023 21:13:22,Chamber 3,28-041661c2faff,30.25,T260,44C,off
01/03/2023 21:13:42,Chamber 3,28-041661c2faff,30.25,T260,44C,off
01/03/2023 21:14:02,Chamber 3,28-041661c2faff,30.25,T260,44C,off
01/03/2023 21:14:22,Chamber 3,28-041661c2faff,30.25,T260,44C,off
01/03/2023 21:14:42,Chamber 3,28-041661c2faff,30.25,T260,44C,off
01/03/2023 21:15:02,Chamber 3,28-041661c2faff,30.25,T260,44C,off
01/03/2023 21:15:22,Chamber 3,28-041661c2faff,30.187,T260,44C,off
01/03/2023 21:15:42,Chamber 3,28-041661c2faff,30.187,T260,44C,off
01/03/2023 21:16:02,Chamber 3,28-041661c2faff,30.187,T260,44C,off
01/03/2023 21:16:22,Chamber 3,28-041661c2faff,30.187,T260,44C,off
01/03/2023 21:16:42,Chamber 3,28-041661c2faff,30.187,T260,44C,off
01/03/2023 21:17:02,Chamber 3,28-041661c2faff,30.187,T260,44C,off
01/03/2023 21:17:22,Chamber 3,28-041661c2faff,30.187,T260,44C,off
01/03/2023 21:17:42,Chamber 3,28-041661c2faff,30.187,T260,44C,off
01/03/2023 21:18:02,Chamber 3,28-041661c2faff,30.187,T260,44C,off
01/03/2023 21:18:22,Chamber 3,28-041661c2faff,30.187,T260,44C,off
01/03/2023 21:18:42,Chamber 3,28-041661c2faff,30.187,T260,44C,off
01/03/2023 21:19:02,Chamber 3,28-041661c2faff,30.187,T260,44C,off
01/03/2023 21:19:22,Chamber 3,28-041661c2faff,30.187,T260,44C,off
01/03/2023 21:19:42,Chamber 3,28-041661c2faff,30.187,T260,44C,off
01/03/2023 21:20:02,Chamber 3,28-041661c2faff,30.187,T260,44C,off
01/03/2023 21:20:22,Chamber 3,28-041661c2faff,30.187,T260,44C,off
01/03/2023 21:20:42,Chamber 3,28-041661c2faff,30.187,T260,44C,off
01/03/2023 21:21:02,Chamber 3,28-041661c2faff,30.187,T260,44C,off
01/03/2023 21:21:22,Chamber 3,28-041661c2faff,30.187,T260,44C,off
01/03/2023 21:21:42,Chamber 3,28-041661c2faff,30.187,T260,44C,off
01/03/2023 21:22:02,Chamber 3,28-041661c2faff,30.187,T260,44C,off
01/03/2023 21:22:22,Chamber 3,28-041661c2faff,30.187,T260,44C,off
01/03/2023 21:22:42,Chamber 3,28-041661c2faff,30.187,T260,44C,off
01/03/2023 21:23:02,Chamber 3,28-041661c2faff,30.187,T260,44C,off
01/03/2023 21:23:22,Chamber 3,28-041661c2faff,30.187,T260,44C,off
01/03/2023 21:23:42,Chamber 3,28-041661c2faff,30.187,T260,44C,off
01/03/2023 21:24:02,Chamber 3,28-041661c2faff,30.187,T260,44C,off
01/03/2023 21:24:22,Chamber 3,28-041661c2faff,30.187,T260,44C,off
01/03/2023 21:24:42,Chamber 3,28-041661c2faff,30.187,T260,44C,off
01/03/2023 21:25:02,Chamber 3,28-041661c2faff,30.187,T260,44C,off
01/03/2023 21:25:22,Chamber 3,28-041661c2faff,30.187,T260,44C,off
01/03/2023 21:25:42,Chamber 3,28-041661c2faff,30.187,T260,44C,off
01/03/2023 21:26:02,Chamber 3,28-041661c2faff,30.187,T260,44C,off
01/03/2023 21:26:22,Chamber 3,28-041661c2faff,30.187,T260,44C,off
01/03/2023 21:26:42,Chamber 3,28-041661c2faff,30.187,T260,44C,off
01/03/2023 21:27:02,Chamber 3,28-041661c2faff,30.187,T260,44C,off
01/03/2023 21:27:22,Chamber 3,28-041661c2faff,30.187,T260,44C,off
01/03/2023 21:27:42,Chamber 3,28-041661c2faff,30.187,T260,44C,off
01/03/2023 21:28:02,Chamber 3,28-041661c2faff,30.125,T260,44C,off
01/03/2023 21:28:22,Chamber 3,28-041661c2faff,30.125,T260,44C,off
01/03/2023 21:28:42,Chamber 3,28-041661c2faff,30.125,T260,44C,off
01/03/2023 21:29:02,Chamber 3,28-041661c2faff,30.125,T260,44C,off
01/03/2023 21:29:22,Chamber 3,28-041661c2faff,30.187,T260,44C,off
01/03/2023 21:29:42,Chamber 3,28-041661c2faff,30.187,T260,44C,off
01/03/2023 21:30:02,Chamber 3,28-041661c2faff,30.187,T260,44C,off
01/03/2023 21:30:22,Chamber 3,28-041661c2faff,30.187,T260,44C,off
01/03/2023 21:30:42,Chamber 3,28-041661c2faff,30.187,T260,44C,off
01/03/2023 21:31:02,Chamber 3,28-041661c2faff,30.187,T260,44C,off
01/03/2023 21:31:22,Chamber 3,28-041661c2faff,30.187,T260,44C,off
01/03/2023 21:31:42,Chamber 3,28-041661c2faff,30.187,T260,44C,off
01/03/2023 21:32:02,Chamber 3,28-041661c2faff,30.125,T260,44C,off
01/03/2023 21:32:22,Chamber 3,28-041661c2faff,30.187,T260,44C,off
01/03/2023 21:32:42,Chamber 3,28-041661c2faff,30.125,T260,44C,off
01/03/2023 21:33:02,Chamber 3,28-041661c2faff,30.125,T260,44C,off
01/03/2023 21:33:22,Chamber 3,28-041661c2faff,30.125,T260,44C,off
01/03/2023 21:33:42,Chamber 3,28-041661c2faff,30.125,T260,44C,off
01/03/2023 21:34:02,Chamber 3,28-041661c2faff,30.125,T260,44C,off
01/03/2023 21:34:22,Chamber 3,28-041661c2faff,30.125,T260,44C,off
01/03/2023 21:34:42,Chamber 3,28-041661c2faff,30.125,T260,44C,off
01/03/2023 21:35:02,Chamber 3,28-041661c2faff,30.125,T260,44C,off
01/03/2023 21:35:22,Chamber 3,28-041661c2faff,30.125,T260,44C,off
01/03/2023 21:35:42,Chamber 3,28-041661c2faff,30.125,T260,44C,off
01/03/2023 21:36:02,Chamber 3,28-041661c2faff,30.125,T260,44C,off
01/03/2023 21:36:22,Chamber 3,28-041661c2faff,30.125,T260,44C,off
01/03/2023 21:36:42,Chamber 3,28-041661c2faff,30.125,T260,44C,off
01/03/2023 21:37:02,Chamber 3,28-041661c2faff,30.125,T260,44C,off
01/03/2023 21:37:22,Chamber 3,28-041661c2faff,30.125,T260,44C,off
01/03/2023 21:37:42,Chamber 3,28-041661c2faff,30.125,T260,44C,off
01/03/2023 21:38:02,Chamber 3,28-041661c2faff,30.125,T260,44C,off
01/03/2023 21:38:22,Chamber 3,28-041661c2faff,30.125,T260,44C,off
01/03/2023 21:38:42,Chamber 3,28-041661c2faff,30.125,T260,44C,off
01/03/2023 21:39:02,Chamber 3,28-041661c2faff,30.125,T260,44C,off
01/03/2023 21:39:22,Chamber 3,28-041661c2faff,30.125,T260,44C,off
01/03/2023 21:39:42,Chamber 3,28-041661c2faff,30.125,T260,44C,off
01/03/2023 21:40:02,Chamber 3,28-041661c2faff,30.125,T260,44C,off
01/03/2023 21:40:22,Chamber 3,28-041661c2faff,30.125,T260,44C,off
01/03/2023 21:40:42,Chamber 3,28-041661c2faff,30.125,T260,44C,off
01/03/2023 21:41:02,Chamber 3,28-041661c2faff,30.125,T260,44C,off
01/03/2023 21:41:22,Chamber 3,28-041661c2faff,30.125,T260,44C,off
01/03/2023 21:41:42,Chamber 3,28-041661c2faff,30.125,T260,44C,off
01/03/2023 21:42:02,Chamber 3,28-041661c2faff,30.125,T260,44C,off
01/03/2023 21:42:22,Chamber 3,28-041661c2faff,30.125,T260,44C,off
01/03/2023 21:42:42,Chamber 3,28-041661c2faff,30.125,T260,44C,off
01/03/2023 21:43:02,Chamber 3,28-041661c2faff,30.125,T260,44C,off
01/03/2023 21:43:22,Chamber 3,28-041661c2faff,30.125,T260,44C,off
01/03/2023 21:43:42,Chamber 3,28-041661c2faff,30.125,T260,44C,off
01/03/2023 21:44:02,Chamber 3,28-041661c2faff,30.125,T260,44C,off
01/03/2023 21:44:22,Chamber 3,28-041661c2faff,30.125,T260,44C,off
01/03/2023 21:44:42,Chamber 3,28-041661c2faff,30.125,T260,44C,off
01/03/2023 21:45:03,Chamber 3,28-041661c2faff,30.125,T260,44C,off
01/03/2023 21:45:22,Chamber 3,28-041661c2faff,30.125,T260,44C,off
01/03/2023 21:45:42,Chamber 3,28-041661c2faff,30.125,T260,44C,off
01/03/2023 21:46:02,Chamber 3,28-041661c2faff,30.125,T260,44C,off
01/03/2023 21:46:22,Chamber 3,28-041661c2faff,30.125,T260,44C,off
01/03/2023 21:46:42,Chamber 3,28-041661c2faff,30.125,T260,44C,off
01/03/2023 21:47:02,Chamber 3,28-041661c2faff,30.125,T260,44C,off
01/03/2023 21:47:22,Chamber 3,28-041661c2faff,30.125,T260,44C,off
01/03/2023 21:47:42,Chamber 3,28-041661c2faff,30.125,T260,44C,off
01/03/2023 21:48:02,Chamber 3,28-041661c2faff,30.125,T260,44C,off
01/03/2023 21:48:22,Chamber 3,28-041661c2faff,30.125,T260,44C,off
01/03/2023 21:48:42,Chamber 3,28-041661c2faff,30.125,T260,44C,off
01/03/2023 21:49:02,Chamber 3,28-041661c2faff,30.125,T260,44C,off
01/03/2023 21:49:22,Chamber 3,28-041661c2faff,30.125,T260,44C,off
01/03/2023 21:49:42,Chamber 3,28-041661c2faff,30.125,T260,44C,off
01/03/2023 21:50:02,Chamber 3,28-041661c2faff,30.125,T260,44C,off
01/03/2023 21:50:22,Chamber 3,28-041661c2faff,30.125,T260,44C,off
01/03/2023 21:50:42,Chamber 3,28-041661c2faff,30.125,T260,44C,off
01/03/2023 21:51:02,Chamber 3,28-041661c2faff,30.125,T260,44C,off
01/03/2023 21:51:22,Chamber 3,28-041661c2faff,30.062,T260,44C,off
01/03/2023 21:51:42,Chamber 3,28-041661c2faff,30.125,T260,44C,off
01/03/2023 21:52:02,Chamber 3,28-041661c2faff,30.062,T260,44C,off
01/03/2023 21:52:22,Chamber 3,28-041661c2faff,30.062,T260,44C,off
01/03/2023 21:52:42,Chamber 3,28-041661c2faff,30.125,T260,44C,off
01/03/2023 21:53:02,Chamber 3,28-041661c2faff,30.125,T260,44C,off
01/03/2023 21:53:22,Chamber 3,28-041661c2faff,30.125,T260,44C,off
01/03/2023 21:53:42,Chamber 3,28-041661c2faff,30.125,T260,44C,off
01/03/2023 21:54:02,Chamber 3,28-041661c2faff,30.125,T260,44C,off
01/03/2023 21:54:22,Chamber 3,28-041661c2faff,30.125,T260,44C,off
01/03/2023 21:54:43,Chamber 3,28-041661c2faff,30.125,T260,44C,off
01/03/2023 21:55:02,Chamber 3,28-041661c2faff,30.125,T260,44C,off
01/03/2023 21:55:22,Chamber 3,28-041661c2faff,30.125,T260,44C,off
01/03/2023 21:55:42,Chamber 3,28-041661c2faff,30.062,T260,44C,off
01/03/2023 21:56:02,Chamber 3,28-041661c2faff,30.062,T260,44C,off
01/03/2023 21:56:22,Chamber 3,28-041661c2faff,30.062,T260,44C,off
01/03/2023 21:56:42,Chamber 3,28-041661c2faff,30.062,T260,44C,off
01/03/2023 21:57:02,Chamber 3,28-041661c2faff,30.062,T260,44C,off
01/03/2023 21:57:22,Chamber 3,28-041661c2faff,30.062,T260,44C,off
01/03/2023 21:57:43,Chamber 3,28-041661c2faff,30.062,T260,44C,off
01/03/2023 21:58:02,Chamber 3,28-041661c2faff,30.062,T260,44C,off
01/03/2023 21:58:22,Chamber 3,28-041661c2faff,30.062,T260,44C,off
01/03/2023 21:58:42,Chamber 3,28-041661c2faff,30.062,T260,44C,off
01/03/2023 21:59:02,Chamber 3,28-041661c2faff,30.062,T260,44C,off
01/03/2023 21:59:22,Chamber 3,28-041661c2faff,30.062,T260,44C,off
01/03/2023 21:59:42,Chamber 3,28-041661c2faff,30.062,T260,44C,off
01/03/2023 22:00:03,Chamber 3,28-041661c2faff,30.062,T260,44C,off
01/03/2023 22:00:23,Chamber 3,28-041661c2faff,30.062,T260,44C,off
01/03/2023 22:00:43,Chamber 3,28-041661c2faff,30.062,T260,44C,off
01/03/2023 22:01:03,Chamber 3,28-041661c2faff,30.062,T260,44C,off
01/03/2023 22:01:23,Chamber 3,28-041661c2faff,30.062,T260,44C,off
01/03/2023 22:01:43,Chamber 3,28-041661c2faff,30.062,T260,44C,off
01/03/2023 22:02:03,Chamber 3,28-041661c2faff,30.062,T260,44C,off
01/03/2023 22:02:23,Chamber 3,28-041661c2faff,30.062,T260,44C,off
01/03/2023 22:02:43,Chamber 3,28-041661c2faff,30.062,T260,44C,off
01/03/2023 22:03:03,Chamber 3,28-041661c2faff,30.062,T260,44C,off
01/03/2023 22:03:23,Chamber 3,28-041661c2faff,30.062,T260,44C,off
01/03/2023 22:03:43,Chamber 3,28-041661c2faff,30.062,T260,44C,off
01/03/2023 22:04:03,Chamber 3,28-041661c2faff,30.062,T260,44C,off
01/03/2023 22:04:23,Chamber 3,28-041661c2faff,30.062,T260,44C,off
01/03/2023 22:04:43,Chamber 3,28-041661c2faff,30.062,T260,44C,off
01/03/2023 22:05:03,Chamber 3,28-041661c2faff,30.062,T260,44C,off
01/03/2023 22:05:23,Chamber 3,28-041661c2faff,30.062,T260,44C,off
01/03/2023 22:05:43,Chamber 3,28-041661c2faff,30.062,T260,44C,off
01/03/2023 22:06:03,Chamber 3,28-041661c2faff,30.062,T260,44C,off
01/03/2023 22:06:23,Chamber 3,28-041661c2faff,30.062,T260,44C,off
01/03/2023 22:06:43,Chamber 3,28-041661c2faff,30.062,T260,44C,off
01/03/2023 22:07:03,Chamber 3,28-041661c2faff,30.062,T260,44C,off
01/03/2023 22:07:23,Chamber 3,28-041661c2faff,30.062,T260,44C,off
01/03/2023 22:07:43,Chamber 3,28-041661c2faff,30.062,T260,44C,off
01/03/2023 22:08:03,Chamber 3,28-041661c2faff,30.062,T260,44C,off
01/03/2023 22:08:23,Chamber 3,28-041661c2faff,30.062,T260,44C,off
01/03/2023 22:08:43,Chamber 3,28-041661c2faff,30.062,T260,44C,off
01/03/2023 22:09:03,Chamber 3,28-041661c2faff,30.062,T260,44C,off
01/03/2023 22:09:23,Chamber 3,28-041661c2faff,30.062,T260,44C,off
01/03/2023 22:09:43,Chamber 3,28-041661c2faff,30.062,T260,44C,off
01/03/2023 22:10:03,Chamber 3,28-041661c2faff,30.062,T260,44C,off
01/03/2023 22:10:23,Chamber 3,28-041661c2faff,30.062,T260,44C,off
01/03/2023 22:10:43,Chamber 3,28-041661c2faff,30.062,T260,44C,off
01/03/2023 22:11:03,Chamber 3,28-041661c2faff,30.062,T260,44C,off
01/03/2023 22:11:23,Chamber 3,28-041661c2faff,30.062,T260,44C,off
01/03/2023 22:11:43,Chamber 3,28-041661c2faff,30.062,T260,44C,off
01/03/2023 22:12:03,Chamber 3,28-041661c2faff,30.062,T260,44C,off
01/03/2023 22:12:23,Chamber 3,28-041661c2faff,30.062,T260,44C,off
01/03/2023 22:12:43,Chamber 3,28-041661c2faff,30.062,T260,44C,off
01/03/2023 22:13:03,Chamber 3,28-041661c2faff,30.062,T260,44C,off
01/03/2023 22:13:23,Chamber 3,28-041661c2faff,30.062,T260,44C,off
01/03/2023 22:13:43,Chamber 3,28-041661c2faff,30.062,T260,44C,off
01/03/2023 22:14:03,Chamber 3,28-041661c2faff,30.062,T260,44C,off
01/03/2023 22:14:23,Chamber 3,28-041661c2faff,30.062,T260,44C,off
01/03/2023 22:14:43,Chamber 3,28-041661c2faff,30.062,T260,44C,off
01/03/2023 22:15:03,Chamber 3,28-041661c2faff,30.062,T260,44C,off
01/03/2023 22:15:23,Chamber 3,28-041661c2faff,30.062,T260,44C,off
01/03/2023 22:15:43,Chamber 3,28-041661c2faff,30.062,T260,44C,off
01/03/2023 22:16:03,Chamber 3,28-041661c2faff,30.062,T260,44C,off
01/03/2023 22:16:23,Chamber 3,28-041661c2faff,30.062,T260,44C,off
01/03/2023 22:16:43,Chamber 3,28-041661c2faff,30.0,T260,44C,off
01/03/2023 22:17:03,Chamber 3,28-041661c2faff,30.062,T260,44C,off
01/03/2023 22:17:23,Chamber 3,28-041661c2faff,30.0,T260,44C,off
01/03/2023 22:17:43,Chamber 3,28-041661c2faff,30.062,T260,44C,off
01/03/2023 22:18:03,Chamber 3,28-041661c2faff,30.062,T260,44C,off
01/03/2023 22:18:23,Chamber 3,28-041661c2faff,30.0,T260,44C,off
01/03/2023 22:18:43,Chamber 3,28-041661c2faff,30.0,T260,44C,off
01/03/2023 22:19:03,Chamber 3,28-041661c2faff,30.062,T260,44C,off
01/03/2023 22:19:23,Chamber 3,28-041661c2faff,30.0,T260,44C,off
01/03/2023 22:19:43,Chamber 3,28-041661c2faff,30.0,T260,44C,off
01/03/2023 22:20:03,Chamber 3,28-041661c2faff,30.0,T260,44C,off
01/03/2023 22:20:23,Chamber 3,28-041661c2faff,30.0,T260,44C,off
01/03/2023 22:20:43,Chamber 3,28-041661c2faff,30.0,T260,44C,off
01/03/2023 22:21:03,Chamber 3,28-041661c2faff,30.0,T260,44C,off
01/03/2023 22:21:23,Chamber 3,28-041661c2faff,30.0,T260,44C,off
01/03/2023 22:21:43,Chamber 3,28-041661c2faff,30.0,T260,44C,off
01/03/2023 22:22:03,Chamber 3,28-041661c2faff,30.0,T260,44C,off
01/03/2023 22:22:23,Chamber 3,28-041661c2faff,30.0,T260,44C,off
01/03/2023 22:22:43,Chamber 3,28-041661c2faff,30.0,T260,44C,off
01/03/2023 22:23:03,Chamber 3,28-041661c2faff,30.0,T260,44C,off
01/03/2023 22:23:23,Chamber 3,28-041661c2faff,30.0,T260,44C,off
01/03/2023 22:23:43,Chamber 3,28-041661c2faff,30.0,T260,44C,off
01/03/2023 22:24:03,Chamber 3,28-041661c2faff,30.0,T260,44C,off
01/03/2023 22:24:23,Chamber 3,28-041661c2faff,30.0,T260,44C,off
01/03/2023 22:24:43,Chamber 3,28-041661c2faff,30.0,T260,44C,off
01/03/2023 22:25:03,Chamber 3,28-041661c2faff,30.0,T260,44C,off
01/03/2023 22:25:23,Chamber 3,28-041661c2faff,30.0,T260,44C,off
01/03/2023 22:25:43,Chamber 3,28-041661c2faff,30.0,T260,44C,off
01/03/2023 22:26:03,Chamber 3,28-041661c2faff,30.0,T260,44C,off
01/03/2023 22:26:23,Chamber 3,28-041661c2faff,30.0,T260,44C,off
01/03/2023 22:26:43,Chamber 3,28-041661c2faff,30.0,T260,44C,off
01/03/2023 22:27:03,Chamber 3,28-041661c2faff,30.0,T260,44C,off
01/03/2023 22:27:23,Chamber 3,28-041661c2faff,30.0,T260,44C,off
01/03/2023 22:27:43,Chamber 3,28-041661c2faff,30.0,T260,44C,off
01/03/2023 22:28:03,Chamber 3,28-041661c2faff,30.0,T260,44C,off
01/03/2023 22:28:23,Chamber 3,28-041661c2faff,30.0,T260,44C,off
01/03/2023 22:28:43,Chamber 3,28-041661c2faff,30.0,T260,44C,off
01/03/2023 22:29:03,Chamber 3,28-041661c2faff,30.0,T260,44C,off
01/03/2023 22:29:23,Chamber 3,28-041661c2faff,30.0,T260,44C,off
01/03/2023 22:29:43,Chamber 3,28-041661c2faff,30.0,T260,44C,off
01/03/2023 22:30:03,Chamber 3,28-041661c2faff,30.0,T260,44C,off
01/03/2023 22:30:23,Chamber 3,28-041661c2faff,30.0,T260,44C,off
01/03/2023 22:30:43,Chamber 3,28-041661c2faff,30.0,T260,44C,off
01/03/2023 22:31:03,Chamber 3,28-041661c2faff,30.0,T260,44C,off
01/03/2023 22:31:23,Chamber 3,28-041661c2faff,30.0,T260,44C,off
01/03/2023 22:31:43,Chamber 3,28-041661c2faff,30.0,T260,44C,off
01/03/2023 22:32:03,Chamber 3,28-041661c2faff,30.0,T260,44C,off
01/03/2023 22:32:23,Chamber 3,28-041661c2faff,30.0,T260,44C,off
01/03/2023 22:32:43,Chamber 3,28-041661c2faff,30.0,T260,44C,off
01/03/2023 22:33:03,Chamber 3,28-041661c2faff,30.0,T260,44C,off
01/03/2023 22:33:23,Chamber 3,28-041661c2faff,30.0,T260,44C,off
01/03/2023 22:33:43,Chamber 3,28-041661c2faff,30.0,T260,44C,off
01/03/2023 22:34:03,Chamber 3,28-041661c2faff,30.0,T260,44C,off
01/03/2023 22:34:23,Chamber 3,28-041661c2faff,30.0,T260,44C,off
01/03/2023 22:34:43,Chamber 3,28-041661c2faff,30.0,T260,44C,off
01/03/2023 22:35:03,Chamber 3,28-041661c2faff,30.0,T260,44C,off
01/03/2023 22:35:23,Chamber 3,28-041661c2faff,30.0,T260,44C,off
01/03/2023 22:35:43,Chamber 3,28-041661c2faff,30.0,T260,44C,off
01/03/2023 22:36:03,Chamber 3,28-041661c2faff,30.0,T260,44C,off
01/03/2023 22:36:23,Chamber 3,28-041661c2faff,30.0,T260,44C,off
01/03/2023 22:36:43,Chamber 3,28-041661c2faff,30.0,T260,44C,off
01/03/2023 22:37:03,Chamber 3,28-041661c2faff,30.0,T260,44C,off
01/03/2023 22:37:23,Chamber 3,28-041661c2faff,30.0,T260,44C,off
01/03/2023 22:37:43,Chamber 3,28-041661c2faff,30.0,T260,44C,off
01/03/2023 22:38:03,Chamber 3,28-041661c2faff,30.0,T260,44C,off
01/03/2023 22:38:23,Chamber 3,28-041661c2faff,30.0,T260,44C,off
01/03/2023 22:38:43,Chamber 3,28-041661c2faff,30.0,T260,44C,off
01/03/2023 22:39:03,Chamber 3,28-041661c2faff,30.0,T260,44C,off
01/03/2023 22:39:23,Chamber 3,28-041661c2faff,29.937,T260,44C,off
01/03/2023 22:39:43,Chamber 3,28-041661c2faff,29.937,T260,44C,off
01/03/2023 22:40:03,Chamber 3,28-041661c2faff,29.937,T260,44C,off
01/03/2023 22:40:23,Chamber 3,28-041661c2faff,29.937,T260,44C,off
01/03/2023 22:40:43,Chamber 3,28-041661c2faff,29.937,T260,44C,off
01/03/2023 22:41:03,Chamber 3,28-041661c2faff,29.937,T260,44C,off
01/03/2023 22:41:23,Chamber 3,28-041661c2faff,29.937,T260,44C,off
01/03/2023 22:41:43,Chamber 3,28-041661c2faff,29.937,T260,44C,off
01/03/2023 22:42:03,Chamber 3,28-041661c2faff,29.937,T260,44C,off
01/03/2023 22:42:23,Chamber 3,28-041661c2faff,29.937,T260,44C,off
01/03/2023 22:42:43,Chamber 3,28-041661c2faff,29.937,T260,44C,off
01/03/2023 22:43:03,Chamber 3,28-041661c2faff,29.937,T260,44C,off
01/03/2023 22:43:23,Chamber 3,28-041661c2faff,29.937,T260,44C,off
01/03/2023 22:43:43,Chamber 3,28-041661c2faff,29.937,T260,44C,off
01/03/2023 22:44:03,Chamber 3,28-041661c2faff,29.937,T260,44C,off
01/03/2023 22:44:23,Chamber 3,28-041661c2faff,29.937,T260,44C,off
01/03/2023 22:44:43,Chamber 3,28-041661c2faff,29.937,T260,44C,off
01/03/2023 22:45:03,Chamber 3,28-041661c2faff,29.937,T260,44C,off
01/03/2023 22:45:23,Chamber 3,28-041661c2faff,29.937,T260,44C,off
01/03/2023 22:45:43,Chamber 3,28-041661c2faff,29.937,T260,44C,off
01/03/2023 22:46:03,Chamber 3,28-041661c2faff,29.937,T260,44C,off
01/03/2023 22:46:23,Chamber 3,28-041661c2faff,29.937,T260,44C,off
01/03/2023 22:46:43,Chamber 3,28-041661c2faff,29.937,T260,44C,off
01/03/2023 22:47:03,Chamber 3,28-041661c2faff,29.937,T260,44C,off
01/03/2023 22:47:23,Chamber 3,28-041661c2faff,29.937,T260,44C,off
01/03/2023 22:47:43,Chamber 3,28-041661c2faff,29.937,T260,44C,off
01/03/2023 22:48:03,Chamber 3,28-041661c2faff,29.937,T260,44C,off
01/03/2023 22:48:23,Chamber 3,28-041661c2faff,29.937,T260,44C,off
01/03/2023 22:48:43,Chamber 3,28-041661c2faff,29.937,T260,44C,off
01/03/2023 22:49:03,Chamber 3,28-041661c2faff,29.937,T260,44C,off
01/03/2023 22:49:23,Chamber 3,28-041661c2faff,29.937,T260,44C,off
01/03/2023 22:49:43,Chamber 3,28-041661c2faff,29.937,T260,44C,off
01/03/2023 22:50:03,Chamber 3,28-041661c2faff,29.937,T260,44C,off
01/03/2023 22:50:23,Chamber 3,28-041661c2faff,29.937,T260,44C,off
01/03/2023 22:50:43,Chamber 3,28-041661c2faff,29.937,T260,44C,off
01/03/2023 22:51:03,Chamber 3,28-041661c2faff,29.937,T260,44C,off
01/03/2023 22:51:23,Chamber 3,28-041661c2faff,29.875,T260,44C,off
01/03/2023 22:51:43,Chamber 3,28-041661c2faff,29.937,T260,44C,off
01/03/2023 22:52:03,Chamber 3,28-041661c2faff,29.937,T260,44C,off
01/03/2023 22:52:23,Chamber 3,28-041661c2faff,29.937,T260,44C,off
01/03/2023 22:52:43,Chamber 3,28-041661c2faff,29.937,T260,44C,off
01/03/2023 22:53:03,Chamber 3,28-041661c2faff,29.937,T260,44C,off
01/03/2023 22:53:23,Chamber 3,28-041661c2faff,29.875,T260,44C,off
01/03/2023 22:53:43,Chamber 3,28-041661c2faff,29.937,T260,44C,off
01/03/2023 22:54:03,Chamber 3,28-041661c2faff,29.875,T260,44C,off
01/03/2023 22:54:23,Chamber 3,28-041661c2faff,29.937,T260,44C,off
01/03/2023 22:54:43,Chamber 3,28-041661c2faff,29.937,T260,44C,off
01/03/2023 22:55:03,Chamber 3,28-041661c2faff,29.875,T260,44C,off
01/03/2023 22:55:23,Chamber 3,28-041661c2faff,29.937,T260,44C,off
01/03/2023 22:55:43,Chamber 3,28-041661c2faff,29.875,T260,44C,off
01/03/2023 22:56:03,Chamber 3,28-041661c2faff,29.875,T260,44C,off
01/03/2023 22:56:23,Chamber 3,28-041661c2faff,29.875,T260,44C,off
01/03/2023 22:56:43,Chamber 3,28-041661c2faff,29.875,T260,44C,off
01/03/2023 22:57:03,Chamber 3,28-041661c2faff,29.875,T260,44C,off
01/03/2023 22:57:23,Chamber 3,28-041661c2faff,29.875,T260,44C,off
01/03/2023 22:57:43,Chamber 3,28-041661c2faff,29.875,T260,44C,off
01/03/2023 22:58:03,Chamber 3,28-041661c2faff,29.875,T260,44C,off
01/03/2023 22:58:23,Chamber 3,28-041661c2faff,29.875,T260,44C,off
01/03/2023 22:58:43,Chamber 3,28-041661c2faff,29.875,T260,44C,off
01/03/2023 22:59:03,Chamber 3,28-041661c2faff,29.875,T260,44C,off
01/03/2023 22:59:23,Chamber 3,28-041661c2faff,29.875,T260,44C,off
01/03/2023 22:59:43,Chamber 3,28-041661c2faff,29.875,T260,44C,off
01/03/2023 23:00:02,Chamber 3,28-041661c2faff,29.875,T260,44C,off
01/03/2023 23:00:22,Chamber 3,28-041661c2faff,29.875,T260,44C,off
01/03/2023 23:00:42,Chamber 3,28-041661c2faff,29.875,T260,44C,off
01/03/2023 23:01:02,Chamber 3,28-041661c2faff,29.875,T260,44C,off
01/03/2023 23:01:22,Chamber 3,28-041661c2faff,29.875,T260,44C,off
01/03/2023 23:01:42,Chamber 3,28-041661c2faff,29.875,T260,44C,off
01/03/2023 23:02:02,Chamber 3,28-041661c2faff,29.875,T260,44C,off
01/03/2023 23:02:22,Chamber 3,28-041661c2faff,29.875,T260,44C,off
01/03/2023 23:02:42,Chamber 3,28-041661c2faff,29.875,T260,44C,off
01/03/2023 23:03:02,Chamber 3,28-041661c2faff,29.875,T260,44C,off
01/03/2023 23:03:22,Chamber 3,28-041661c2faff,29.875,T260,44C,off
01/03/2023 23:03:42,Chamber 3,28-041661c2faff,29.875,T260,44C,off
01/03/2023 23:04:02,Chamber 3,28-041661c2faff,29.875,T260,44C,off
01/03/2023 23:04:22,Chamber 3,28-041661c2faff,29.875,T260,44C,off
01/03/2023 23:04:42,Chamber 3,28-041661c2faff,29.875,T260,44C,off
01/03/2023 23:05:02,Chamber 3,28-041661c2faff,29.875,T260,44C,off
01/03/2023 23:05:22,Chamber 3,28-041661c2faff,29.875,T260,44C,off
01/03/2023 23:05:42,Chamber 3,28-041661c2faff,29.875,T260,44C,off
01/03/2023 23:06:02,Chamber 3,28-041661c2faff,29.875,T260,44C,off
01/03/2023 23:06:22,Chamber 3,28-041661c2faff,29.875,T260,44C,off
01/03/2023 23:06:42,Chamber 3,28-041661c2faff,29.875,T260,44C,off
01/03/2023 23:07:02,Chamber 3,28-041661c2faff,29.875,T260,44C,off
01/03/2023 23:07:22,Chamber 3,28-041661c2faff,29.875,T260,44C,off
01/03/2023 23:07:42,Chamber 3,28-041661c2faff,29.875,T260,44C,off
01/03/2023 23:08:02,Chamber 3,28-041661c2faff,29.875,T260,44C,off
01/03/2023 23:08:22,Chamber 3,28-041661c2faff,29.875,T260,44C,off
01/03/2023 23:08:42,Chamber 3,28-041661c2faff,29.875,T260,44C,off
01/03/2023 23:09:02,Chamber 3,28-041661c2faff,29.875,T260,44C,off
01/03/2023 23:09:22,Chamber 3,28-041661c2faff,29.875,T260,44C,off
01/03/2023 23:09:42,Chamber 3,28-041661c2faff,29.875,T260,44C,off
01/03/2023 23:10:02,Chamber 3,28-041661c2faff,29.875,T260,44C,off
01/03/2023 23:10:22,Chamber 3,28-041661c2faff,29.875,T260,44C,off
01/03/2023 23:10:42,Chamber 3,28-041661c2faff,29.875,T260,44C,off
01/03/2023 23:11:02,Chamber 3,28-041661c2faff,29.875,T260,44C,off
01/03/2023 23:11:22,Chamber 3,28-041661c2faff,29.875,T260,44C,off
01/03/2023 23:11:42,Chamber 3,28-041661c2faff,29.875,T260,44C,off
01/03/2023 23:12:02,Chamber 3,28-041661c2faff,29.875,T260,44C,off
01/03/2023 23:12:22,Chamber 3,28-041661c2faff,29.875,T260,44C,off
01/03/2023 23:12:42,Chamber 3,28-041661c2faff,29.875,T260,44C,off
01/03/2023 23:13:02,Chamber 3,28-041661c2faff,29.875,T260,44C,off
01/03/2023 23:13:22,Chamber 3,28-041661c2faff,29.875,T260,44C,off
01/03/2023 23:13:42,Chamber 3,28-041661c2faff,29.875,T260,44C,off
01/03/2023 23:14:02,Chamber 3,28-041661c2faff,29.875,T260,44C,off
01/03/2023 23:14:23,Chamber 3,28-041661c2faff,29.875,T260,44C,off
01/03/2023 23:14:42,Chamber 3,28-041661c2faff,29.875,T260,44C,off
01/03/2023 23:15:02,Chamber 3,28-041661c2faff,29.875,T260,44C,off
01/03/2023 23:15:22,Chamber 3,28-041661c2faff,29.875,T260,44C,off
01/03/2023 23:15:42,Chamber 3,28-041661c2faff,29.875,T260,44C,off
01/03/2023 23:16:02,Chamber 3,28-041661c2faff,29.875,T260,44C,off
01/03/2023 23:16:22,Chamber 3,28-041661c2faff,29.875,T260,44C,off
01/03/2023 23:16:42,Chamber 3,28-041661c2faff,29.875,T260,44C,off
01/03/2023 23:17:02,Chamber 3,28-041661c2faff,29.875,T260,44C,off
01/03/2023 23:17:22,Chamber 3,28-041661c2faff,29.875,T260,44C,off
01/03/2023 23:17:42,Chamber 3,28-041661c2faff,29.875,T260,44C,off
01/03/2023 23:18:02,Chamber 3,28-041661c2faff,29.875,T260,44C,off
01/03/2023 23:18:22,Chamber 3,28-041661c2faff,29.875,T260,44C,off
01/03/2023 23:18:42,Chamber 3,28-041661c2faff,29.875,T260,44C,off
01/03/2023 23:19:02,Chamber 3,28-041661c2faff,29.875,T260,44C,off
01/03/2023 23:19:22,Chamber 3,28-041661c2faff,29.875,T260,44C,off
01/03/2023 23:19:42,Chamber 3,28-041661c2faff,29.875,T260,44C,off
01/03/2023 23:20:02,Chamber 3,28-041661c2faff,29.875,T260,44C,off
01/03/2023 23:20:22,Chamber 3,28-041661c2faff,29.875,T260,44C,off
01/03/2023 23:20:42,Chamber 3,28-041661c2faff,29.875,T260,44C,off
01/03/2023 23:21:02,Chamber 3,28-041661c2faff,29.875,T260,44C,off
01/03/2023 23:21:22,Chamber 3,28-041661c2faff,29.875,T260,44C,off
01/03/2023 23:21:42,Chamber 3,28-041661c2faff,29.875,T260,44C,off
01/03/2023 23:22:02,Chamber 3,28-041661c2faff,29.875,T260,44C,off
01/03/2023 23:22:22,Chamber 3,28-041661c2faff,29.875,T260,44C,off
01/03/2023 23:22:42,Chamber 3,28-041661c2faff,29.875,T260,44C,off
01/03/2023 23:23:02,Chamber 3,28-041661c2faff,29.875,T260,44C,off
01/03/2023 23:23:23,Chamber 3,28-041661c2faff,29.875,T260,44C,off
01/03/2023 23:23:42,Chamber 3,28-041661c2faff,29.812,T260,44C,off
01/03/2023 23:24:02,Chamber 3,28-041661c2faff,29.812,T260,44C,off
01/03/2023 23:24:22,Chamber 3,28-041661c2faff,29.875,T260,44C,off
01/03/2023 23:24:42,Chamber 3,28-041661c2faff,29.875,T260,44C,off
01/03/2023 23:25:02,Chamber 3,28-041661c2faff,29.812,T260,44C,off
01/03/2023 23:25:22,Chamber 3,28-041661c2faff,29.875,T260,44C,off
01/03/2023 23:25:42,Chamber 3,28-041661c2faff,29.812,T260,44C,off
01/03/2023 23:26:02,Chamber 3,28-041661c2faff,29.812,T260,44C,off
01/03/2023 23:26:22,Chamber 3,28-041661c2faff,29.875,T260,44C,off
01/03/2023 23:26:42,Chamber 3,28-041661c2faff,29.812,T260,44C,off
01/03/2023 23:27:02,Chamber 3,28-041661c2faff,29.812,T260,44C,off
01/03/2023 23:27:22,Chamber 3,28-041661c2faff,29.875,T260,44C,off
01/03/2023 23:27:42,Chamber 3,28-041661c2faff,29.875,T260,44C,off
01/03/2023 23:28:02,Chamber 3,28-041661c2faff,29.812,T260,44C,off
01/03/2023 23:28:22,Chamber 3,28-041661c2faff,29.812,T260,44C,off
01/03/2023 23:28:42,Chamber 3,28-041661c2faff,29.812,T260,44C,off
01/03/2023 23:29:02,Chamber 3,28-041661c2faff,29.812,T260,44C,off
01/03/2023 23:29:22,Chamber 3,28-041661c2faff,29.812,T260,44C,off
01/03/2023 23:29:42,Chamber 3,28-041661c2faff,29.875,T260,44C,off
01/03/2023 23:30:02,Chamber 3,28-041661c2faff,29.812,T260,44C,off
01/03/2023 23:30:22,Chamber 3,28-041661c2faff,29.812,T260,44C,off
01/03/2023 23:30:42,Chamber 3,28-041661c2faff,29.875,T260,44C,off
01/03/2023 23:31:02,Chamber 3,28-041661c2faff,29.875,T260,44C,off
01/03/2023 23:31:22,Chamber 3,28-041661c2faff,29.875,T260,44C,off
01/03/2023 23:31:42,Chamber 3,28-041661c2faff,29.812,T260,44C,off
01/03/2023 23:32:02,Chamber 3,28-041661c2faff,29.875,T260,44C,off
01/03/2023 23:32:22,Chamber 3,28-041661c2faff,29.875,T260,44C,off
01/03/2023 23:32:42,Chamber 3,28-041661c2faff,29.875,T260,44C,off
01/03/2023 23:33:02,Chamber 3,28-041661c2faff,29.875,T260,44C,off
01/03/2023 23:33:22,Chamber 3,28-041661c2faff,29.875,T260,44C,off
01/03/2023 23:33:42,Chamber 3,28-041661c2faff,29.875,T260,44C,off
01/03/2023 23:34:02,Chamber 3,28-041661c2faff,29.875,T260,44C,off
01/03/2023 23:34:22,Chamber 3,28-041661c2faff,29.875,T260,44C,off
01/03/2023 23:34:42,Chamber 3,28-041661c2faff,29.875,T260,44C,off
01/03/2023 23:35:02,Chamber 3,28-041661c2faff,29.875,T260,44C,off
01/03/2023 23:35:22,Chamber 3,28-041661c2faff,29.875,T260,44C,off
01/03/2023 23:35:42,Chamber 3,28-041661c2faff,29.875,T260,44C,off
01/03/2023 23:36:02,Chamber 3,28-041661c2faff,29.875,T260,44C,off
01/03/2023 23:36:22,Chamber 3,28-041661c2faff,29.875,T260,44C,off
01/03/2023 23:36:42,Chamber 3,28-041661c2faff,29.812,T260,44C,off
01/03/2023 23:37:02,Chamber 3,28-041661c2faff,29.812,T260,44C,off
01/03/2023 23:37:22,Chamber 3,28-041661c2faff,29.812,T260,44C,off
01/03/2023 23:37:42,Chamber 3,28-041661c2faff,29.875,T260,44C,off
01/03/2023 23:38:02,Chamber 3,28-041661c2faff,29.875,T260,44C,off
01/03/2023 23:38:22,Chamber 3,28-041661c2faff,29.875,T260,44C,off
01/03/2023 23:38:42,Chamber 3,28-041661c2faff,29.875,T260,44C,off
01/03/2023 23:39:02,Chamber 3,28-041661c2faff,29.875,T260,44C,off
01/03/2023 23:39:23,Chamber 3,28-041661c2faff,29.875,T260,44C,off
01/03/2023 23:39:42,Chamber 3,28-041661c2faff,29.875,T260,44C,off
01/03/2023 23:40:02,Chamber 3,28-041661c2faff,29.875,T260,44C,off
01/03/2023 23:40:22,Chamber 3,28-041661c2faff,29.875,T260,44C,off
01/03/2023 23:40:42,Chamber 3,28-041661c2faff,29.875,T260,44C,off
01/03/2023 23:41:02,Chamber 3,28-041661c2faff,29.812,T260,44C,off
01/03/2023 23:41:22,Chamber 3,28-041661c2faff,29.812,T260,44C,off
01/03/2023 23:41:42,Chamber 3,28-041661c2faff,29.812,T260,44C,off
01/03/2023 23:42:02,Chamber 3,28-041661c2faff,29.875,T260,44C,off
01/03/2023 23:42:22,Chamber 3,28-041661c2faff,29.812,T260,44C,off
01/03/2023 23:42:42,Chamber 3,28-041661c2faff,29.812,T260,44C,off
01/03/2023 23:43:02,Chamber 3,28-041661c2faff,29.812,T260,44C,off
01/03/2023 23:43:22,Chamber 3,28-041661c2faff,29.812,T260,44C,off
01/03/2023 23:43:42,Chamber 3,28-041661c2faff,29.812,T260,44C,off
01/03/2023 23:44:02,Chamber 3,28-041661c2faff,29.812,T260,44C,off
01/03/2023 23:44:22,Chamber 3,28-041661c2faff,29.875,T260,44C,off
01/03/2023 23:44:42,Chamber 3,28-041661c2faff,29.812,T260,44C,off
01/03/2023 23:45:02,Chamber 3,28-041661c2faff,29.812,T260,44C,off
01/03/2023 23:45:22,Chamber 3,28-041661c2faff,29.812,T260,44C,off
01/03/2023 23:45:42,Chamber 3,28-041661c2faff,29.812,T260,44C,off
01/03/2023 23:46:02,Chamber 3,28-041661c2faff,29.812,T260,44C,off
01/03/2023 23:46:22,Chamber 3,28-041661c2faff,29.812,T260,44C,off
01/03/2023 23:46:42,Chamber 3,28-041661c2faff,29.812,T260,44C,off
01/03/2023 23:47:02,Chamber 3,28-041661c2faff,29.812,T260,44C,off
01/03/2023 23:47:22,Chamber 3,28-041661c2faff,29.812,T260,44C,off
01/03/2023 23:47:42,Chamber 3,28-041661c2faff,29.812,T260,44C,off
01/03/2023 23:48:02,Chamber 3,28-041661c2faff,29.812,T260,44C,off
01/03/2023 23:48:22,Chamber 3,28-041661c2faff,29.812,T260,44C,off
01/03/2023 23:48:42,Chamber 3,28-041661c2faff,29.812,T260,44C,off
01/03/2023 23:49:02,Chamber 3,28-041661c2faff,29.812,T260,44C,off
01/03/2023 23:49:22,Chamber 3,28-041661c2faff,29.812,T260,44C,off
01/03/2023 23:49:42,Chamber 3,28-041661c2faff,29.812,T260,44C,off
01/03/2023 23:50:02,Chamber 3,28-041661c2faff,29.812,T260,44C,off
01/03/2023 23:50:22,Chamber 3,28-041661c2faff,29.812,T260,44C,off
01/03/2023 23:50:42,Chamber 3,28-041661c2faff,29.812,T260,44C,off
01/03/2023 23:51:02,Chamber 3,28-041661c2faff,29.812,T260,44C,off
01/03/2023 23:51:22,Chamber 3,28-041661c2faff,29.812,T260,44C,off
01/03/2023 23:51:42,Chamber 3,28-041661c2faff,29.812,T260,44C,off
01/03/2023 23:52:02,Chamber 3,28-041661c2faff,29.812,T260,44C,off
01/03/2023 23:52:22,Chamber 3,28-041661c2faff,29.875,T260,44C,off
01/03/2023 23:52:43,Chamber 3,28-041661c2faff,29.875,T260,44C,off
01/03/2023 23:53:02,Chamber 3,28-041661c2faff,29.875,T260,44C,off
01/03/2023 23:53:22,Chamber 3,28-041661c2faff,29.875,T260,44C,off
01/03/2023 23:53:42,Chamber 3,28-041661c2faff,29.812,T260,44C,off
01/03/2023 23:54:02,Chamber 3,28-041661c2faff,29.875,T260,44C,off
01/03/2023 23:54:22,Chamber 3,28-041661c2faff,29.875,T260,44C,off
01/03/2023 23:54:42,Chamber 3,28-041661c2faff,29.875,T260,44C,off
01/03/2023 23:55:02,Chamber 3,28-041661c2faff,29.875,T260,44C,off
01/03/2023 23:55:22,Chamber 3,28-041661c2faff,29.812,T260,44C,off
01/03/2023 23:55:42,Chamber 3,28-041661c2faff,29.812,T260,44C,off
01/03/2023 23:56:02,Chamber 3,28-041661c2faff,29.875,T260,44C,off
01/03/2023 23:56:22,Chamber 3,28-041661c2faff,29.812,T260,44C,off
01/03/2023 23:56:42,Chamber 3,28-041661c2faff,29.812,T260,44C,off
01/03/2023 23:57:02,Chamber 3,28-041661c2faff,29.812,T260,44C,off
01/03/2023 23:57:22,Chamber 3,28-041661c2faff,29.812,T260,44C,off
01/03/2023 23:57:42,Chamber 3,28-041661c2faff,29.812,T260,44C,off
01/03/2023 23:58:02,Chamber 3,28-041661c2faff,29.812,T260,44C,off
01/03/2023 23:58:22,Chamber 3,28-041661c2faff,29.812,T260,44C,off
01/03/2023 23:58:42,Chamber 3,28-041661c2faff,29.812,T260,44C,off
01/03/2023 23:59:02,Chamber 3,28-041661c2faff,29.812,T260,44C,off
01/03/2023 23:59:22,Chamber 3,28-041661c2faff,29.812,T260,44C,off
01/03/2023 23:59:42,Chamber 3,28-041661c2faff,29.812,T260,44C,off
