06/29/2022 07:17:06,Chamber 1,28-031662211eff,30.562,T231,40C,off
06/29/2022 07:17:26,Chamber 1,28-031662211eff,30.562,T231,40C,off
06/29/2022 07:17:46,Chamber 1,28-031662211eff,30.562,T231,40C,off
06/29/2022 07:18:06,Chamber 1,28-031662211eff,30.562,T231,40C,off
06/29/2022 07:18:26,Chamber 1,28-031662211eff,30.562,T231,40C,off
06/29/2022 07:18:46,Chamber 1,28-031662211eff,30.562,T231,40C,off
06/29/2022 07:19:06,Chamber 1,28-031662211eff,30.562,T231,40C,off
06/29/2022 07:19:26,Chamber 1,28-031662211eff,30.562,T231,40C,off
06/29/2022 07:19:46,Chamber 1,28-031662211eff,30.562,T231,40C,off
06/29/2022 07:20:06,Chamber 1,28-031662211eff,30.562,T231,40C,off
06/29/2022 07:20:26,Chamber 1,28-031662211eff,30.562,T231,40C,off
06/29/2022 07:20:46,Chamber 1,28-031662211eff,30.562,T231,40C,off
06/29/2022 07:21:06,Chamber 1,28-031662211eff,30.562,T231,40C,off
06/29/2022 07:21:26,Chamber 1,28-031662211eff,30.562,T231,40C,off
06/29/2022 07:21:46,Chamber 1,28-031662211eff,30.562,T231,40C,off
06/29/2022 07:22:06,Chamber 1,28-031662211eff,30.625,T231,40C,off
06/29/2022 07:22:26,Chamber 1,28-031662211eff,30.625,T231,40C,off
06/29/2022 07:22:46,Chamber 1,28-031662211eff,30.625,T231,40C,off
06/29/2022 07:23:06,Chamber 1,28-031662211eff,30.625,T231,40C,off
06/29/2022 07:23:26,Chamber 1,28-031662211eff,30.625,T231,40C,off
06/29/2022 07:23:46,Chamber 1,28-031662211eff,30.625,T231,40C,off
06/29/2022 07:24:06,Chamber 1,28-031662211eff,30.625,T231,40C,off
06/29/2022 07:24:26,Chamber 1,28-031662211eff,30.625,T231,40C,off
06/29/2022 07:24:46,Chamber 1,28-031662211eff,30.625,T231,40C,off
06/29/2022 07:25:06,Chamber 1,28-031662211eff,30.625,T231,40C,off
06/29/2022 07:25:26,Chamber 1,28-031662211eff,30.625,T231,40C,off
06/29/2022 07:25:46,Chamber 1,28-031662211eff,30.625,T231,40C,off
06/29/2022 07:26:06,Chamber 1,28-031662211eff,30.687,T231,40C,off
06/29/2022 07:26:26,Chamber 1,28-031662211eff,30.687,T231,40C,off
06/29/2022 07:26:46,Chamber 1,28-031662211eff,30.687,T231,40C,off
06/29/2022 07:27:06,Chamber 1,28-031662211eff,30.687,T231,40C,off
06/29/2022 07:27:26,Chamber 1,28-031662211eff,30.687,T231,40C,off
06/29/2022 07:27:46,Chamber 1,28-031662211eff,30.687,T231,40C,off
06/29/2022 07:28:06,Chamber 1,28-031662211eff,30.687,T231,40C,off
06/29/2022 07:28:26,Chamber 1,28-031662211eff,30.687,T231,40C,off
06/29/2022 07:28:46,Chamber 1,28-031662211eff,30.687,T231,40C,off
06/29/2022 07:29:06,Chamber 1,28-031662211eff,30.687,T231,40C,off
06/29/2022 07:29:26,Chamber 1,28-031662211eff,30.687,T231,40C,off
06/29/2022 07:29:46,Chamber 1,28-031662211eff,30.687,T231,40C,off
06/29/2022 07:30:06,Chamber 1,28-031662211eff,30.687,T231,40C,off
06/29/2022 07:30:26,Chamber 1,28-031662211eff,30.687,T231,40C,off
06/29/2022 07:30:46,Chamber 1,28-031662211eff,30.687,T231,40C,off
06/29/2022 07:31:06,Chamber 1,28-031662211eff,30.687,T231,40C,off
06/29/2022 07:31:26,Chamber 1,28-031662211eff,30.687,T231,40C,off
06/29/2022 07:31:46,Chamber 1,28-031662211eff,30.75,T231,40C,off
06/29/2022 07:32:06,Chamber 1,28-031662211eff,30.75,T231,40C,off
06/29/2022 07:32:26,Chamber 1,28-031662211eff,30.75,T231,40C,off
06/29/2022 07:32:46,Chamber 1,28-031662211eff,30.75,T231,40C,off
06/29/2022 07:33:06,Chamber 1,28-031662211eff,30.75,T231,40C,off
06/29/2022 07:33:26,Chamber 1,28-031662211eff,30.75,T231,40C,off
06/29/2022 07:33:46,Chamber 1,28-031662211eff,30.75,T231,40C,off
06/29/2022 07:34:06,Chamber 1,28-031662211eff,30.75,T231,40C,off
06/29/2022 07:34:26,Chamber 1,28-031662211eff,30.75,T231,40C,off
06/29/2022 07:34:46,Chamber 1,28-031662211eff,30.75,T231,40C,off
06/29/2022 07:35:06,Chamber 1,28-031662211eff,30.75,T231,40C,off
06/29/2022 07:35:26,Chamber 1,28-031662211eff,30.75,T231,40C,off
06/29/2022 07:35:46,Chamber 1,28-031662211eff,30.75,T231,40C,off
06/29/2022 07:36:06,Chamber 1,28-031662211eff,30.75,T231,40C,off
06/29/2022 07:36:26,Chamber 1,28-031662211eff,30.75,T231,40C,off
06/29/2022 07:36:46,Chamber 1,28-031662211eff,30.75,T231,40C,off
06/29/2022 07:37:06,Chamber 1,28-031662211eff,30.75,T231,40C,off
06/29/2022 07:37:26,Chamber 1,28-031662211eff,30.812,T231,40C,off
06/29/2022 07:37:46,Chamber 1,28-031662211eff,30.812,T231,40C,off
06/29/2022 07:38:06,Chamber 1,28-031662211eff,30.75,T231,40C,off
06/29/2022 07:38:26,Chamber 1,28-031662211eff,30.812,T231,40C,off
06/29/2022 07:38:46,Chamber 1,28-031662211eff,30.812,T231,40C,off
06/29/2022 07:39:06,Chamber 1,28-031662211eff,30.812,T231,40C,off
06/29/2022 07:39:26,Chamber 1,28-031662211eff,30.812,T231,40C,off
06/29/2022 07:39:46,Chamber 1,28-031662211eff,30.812,T231,40C,off
06/29/2022 07:40:06,Chamber 1,28-031662211eff,30.812,T231,40C,off
06/29/2022 07:40:26,Chamber 1,28-031662211eff,30.812,T231,40C,off
06/29/2022 07:40:46,Chamber 1,28-031662211eff,30.812,T231,40C,off
06/29/2022 07:41:06,Chamber 1,28-031662211eff,30.812,T231,40C,off
06/29/2022 07:41:26,Chamber 1,28-031662211eff,30.812,T231,40C,off
06/29/2022 07:41:46,Chamber 1,28-031662211eff,30.812,T231,40C,off
06/29/2022 07:42:06,Chamber 1,28-031662211eff,30.812,T231,40C,off
06/29/2022 07:42:26,Chamber 1,28-031662211eff,30.875,T231,40C,off
06/29/2022 07:42:46,Chamber 1,28-031662211eff,30.875,T231,40C,off
06/29/2022 07:43:06,Chamber 1,28-031662211eff,30.875,T231,40C,off
06/29/2022 07:43:26,Chamber 1,28-031662211eff,30.875,T231,40C,off
06/29/2022 07:43:46,Chamber 1,28-031662211eff,30.875,T231,40C,off
06/29/2022 07:44:06,Chamber 1,28-031662211eff,30.875,T231,40C,off
06/29/2022 07:44:26,Chamber 1,28-031662211eff,30.875,T231,40C,off
06/29/2022 07:44:46,Chamber 1,28-031662211eff,30.875,T231,40C,off
06/29/2022 07:45:06,Chamber 1,28-031662211eff,30.875,T231,40C,off
06/29/2022 07:45:26,Chamber 1,28-031662211eff,30.875,T231,40C,off
06/29/2022 07:45:46,Chamber 1,28-031662211eff,30.875,T231,40C,off
06/29/2022 07:46:06,Chamber 1,28-031662211eff,30.875,T231,40C,off
06/29/2022 07:46:26,Chamber 1,28-031662211eff,30.875,T231,40C,off
06/29/2022 07:46:46,Chamber 1,28-031662211eff,30.937,T231,40C,off
06/29/2022 07:47:06,Chamber 1,28-031662211eff,30.937,T231,40C,off
06/29/2022 07:47:26,Chamber 1,28-031662211eff,30.875,T231,40C,off
06/29/2022 07:47:46,Chamber 1,28-031662211eff,30.875,T231,40C,off
06/29/2022 07:48:06,Chamber 1,28-031662211eff,30.937,T231,40C,off
06/29/2022 07:48:26,Chamber 1,28-031662211eff,30.875,T231,40C,off
06/29/2022 07:48:46,Chamber 1,28-031662211eff,30.937,T231,40C,off
06/29/2022 07:49:06,Chamber 1,28-031662211eff,30.937,T231,40C,off
06/29/2022 07:49:26,Chamber 1,28-031662211eff,30.937,T231,40C,off
06/29/2022 07:49:46,Chamber 1,28-031662211eff,30.937,T231,40C,off
06/29/2022 07:50:06,Chamber 1,28-031662211eff,30.937,T231,40C,off
06/29/2022 07:50:26,Chamber 1,28-031662211eff,30.937,T231,40C,off
06/29/2022 07:50:46,Chamber 1,28-031662211eff,30.937,T231,40C,off
06/29/2022 07:51:06,Chamber 1,28-031662211eff,30.937,T231,40C,off
06/29/2022 07:51:26,Chamber 1,28-031662211eff,30.937,T231,40C,off
06/29/2022 07:51:46,Chamber 1,28-031662211eff,30.937,T231,40C,off
06/29/2022 07:52:06,Chamber 1,28-031662211eff,30.937,T231,40C,off
06/29/2022 07:52:26,Chamber 1,28-031662211eff,30.937,T231,40C,off
06/29/2022 07:52:46,Chamber 1,28-031662211eff,31.0,T231,40C,off
06/29/2022 07:53:06,Chamber 1,28-031662211eff,30.937,T231,40C,off
06/29/2022 07:53:26,Chamber 1,28-031662211eff,31.0,T231,40C,off
06/29/2022 07:53:46,Chamber 1,28-031662211eff,31.0,T231,40C,off
06/29/2022 07:54:06,Chamber 1,28-031662211eff,31.0,T231,40C,off
06/29/2022 07:54:26,Chamber 1,28-031662211eff,31.0,T231,40C,off
06/29/2022 07:54:46,Chamber 1,28-031662211eff,31.0,T231,40C,off
06/29/2022 07:55:06,Chamber 1,28-031662211eff,31.0,T231,40C,off
06/29/2022 07:55:26,Chamber 1,28-031662211eff,31.0,T231,40C,off
06/29/2022 07:55:46,Chamber 1,28-031662211eff,31.0,T231,40C,off
06/29/2022 07:56:06,Chamber 1,28-031662211eff,31.0,T231,40C,off
06/29/2022 07:56:26,Chamber 1,28-031662211eff,31.0,T231,40C,off
06/29/2022 07:56:46,Chamber 1,28-031662211eff,31.0,T231,40C,off
06/29/2022 07:57:06,Chamber 1,28-031662211eff,31.0,T231,40C,off
06/29/2022 07:57:26,Chamber 1,28-031662211eff,31.0,T231,40C,off
06/29/2022 07:57:46,Chamber 1,28-031662211eff,31.0,T231,40C,off
06/29/2022 07:58:06,Chamber 1,28-031662211eff,31.0,T231,40C,off
06/29/2022 07:58:26,Chamber 1,28-031662211eff,31.0,T231,40C,off
06/29/2022 07:58:46,Chamber 1,28-031662211eff,31.0,T231,40C,off
06/29/2022 07:59:06,Chamber 1,28-031662211eff,31.0,T231,40C,off
06/29/2022 07:59:26,Chamber 1,28-031662211eff,31.0,T231,40C,off
06/29/2022 07:59:46,Chamber 1,28-031662211eff,31.0,T231,40C,off
06/29/2022 08:00:03,Chamber 1,28-031662211eff,31.0,T231,40C,off
06/29/2022 08:00:23,Chamber 1,28-031662211eff,31.0,T231,40C,off
06/29/2022 08:00:43,Chamber 1,28-031662211eff,31.0,T231,40C,off
06/29/2022 08:01:03,Chamber 1,28-031662211eff,31.0,T231,40C,off
06/29/2022 08:01:23,Chamber 1,28-031662211eff,31.062,T231,40C,off
06/29/2022 08:01:43,Chamber 1,28-031662211eff,31.062,T231,40C,off
06/29/2022 08:02:03,Chamber 1,28-031662211eff,31.062,T231,40C,off
06/29/2022 08:02:23,Chamber 1,28-031662211eff,31.0,T231,40C,off
06/29/2022 08:02:43,Chamber 1,28-031662211eff,31.0,T231,40C,off
06/29/2022 08:03:03,Chamber 1,28-031662211eff,31.0,T231,40C,off
06/29/2022 08:03:23,Chamber 1,28-031662211eff,31.062,T231,40C,off
06/29/2022 08:03:43,Chamber 1,28-031662211eff,31.062,T231,40C,off
06/29/2022 08:04:03,Chamber 1,28-031662211eff,31.062,T231,40C,off
06/29/2022 08:04:23,Chamber 1,28-031662211eff,31.062,T231,40C,off
06/29/2022 08:04:43,Chamber 1,28-031662211eff,31.062,T231,40C,off
06/29/2022 08:05:03,Chamber 1,28-031662211eff,31.062,T231,40C,off
06/29/2022 08:05:23,Chamber 1,28-031662211eff,31.062,T231,40C,off
06/29/2022 08:05:43,Chamber 1,28-031662211eff,31.062,T231,40C,off
06/29/2022 08:06:03,Chamber 1,28-031662211eff,31.062,T231,40C,off
06/29/2022 08:06:23,Chamber 1,28-031662211eff,31.0,T231,40C,off
06/29/2022 08:06:43,Chamber 1,28-031662211eff,31.062,T231,40C,off
06/29/2022 08:07:03,Chamber 1,28-031662211eff,31.062,T231,40C,off
06/29/2022 08:07:23,Chamber 1,28-031662211eff,31.062,T231,40C,off
06/29/2022 08:07:43,Chamber 1,28-031662211eff,31.0,T231,40C,off
06/29/2022 08:08:03,Chamber 1,28-031662211eff,31.0,T231,40C,off
06/29/2022 08:08:23,Chamber 1,28-031662211eff,31.0,T231,40C,off
06/29/2022 08:08:43,Chamber 1,28-031662211eff,31.0,T231,40C,off
06/29/2022 08:09:03,Chamber 1,28-031662211eff,31.0,T231,40C,off
06/29/2022 08:09:23,Chamber 1,28-031662211eff,31.0,T231,40C,off
06/29/2022 08:09:43,Chamber 1,28-031662211eff,31.0,T231,40C,off
06/29/2022 08:10:03,Chamber 1,28-031662211eff,31.0,T231,40C,off
06/29/2022 08:10:23,Chamber 1,28-031662211eff,31.0,T231,40C,off
06/29/2022 08:10:43,Chamber 1,28-031662211eff,31.0,T231,40C,off
06/29/2022 08:11:03,Chamber 1,28-031662211eff,31.0,T231,40C,off
06/29/2022 08:11:23,Chamber 1,28-031662211eff,31.0,T231,40C,off
06/29/2022 08:11:43,Chamber 1,28-031662211eff,31.0,T231,40C,off
06/29/2022 08:12:03,Chamber 1,28-031662211eff,31.0,T231,40C,off
06/29/2022 08:12:23,Chamber 1,28-031662211eff,31.0,T231,40C,off
06/29/2022 08:12:43,Chamber 1,28-031662211eff,31.0,T231,40C,off
06/29/2022 08:13:03,Chamber 1,28-031662211eff,31.0,T231,40C,off
06/29/2022 08:13:23,Chamber 1,28-031662211eff,31.0,T231,40C,off
06/29/2022 08:13:43,Chamber 1,28-031662211eff,31.0,T231,40C,off
06/29/2022 08:14:03,Chamber 1,28-031662211eff,31.0,T231,40C,off
06/29/2022 08:14:23,Chamber 1,28-031662211eff,31.0,T231,40C,off
06/29/2022 08:14:43,Chamber 1,28-031662211eff,31.0,T231,40C,off
06/29/2022 08:15:03,Chamber 1,28-031662211eff,31.0,T231,40C,off
06/29/2022 08:15:23,Chamber 1,28-031662211eff,31.0,T231,40C,off
06/29/2022 08:15:43,Chamber 1,28-031662211eff,31.0,T231,40C,off
06/29/2022 08:16:03,Chamber 1,28-031662211eff,31.0,T231,40C,off
06/29/2022 08:16:23,Chamber 1,28-031662211eff,31.0,T231,40C,off
06/29/2022 08:16:43,Chamber 1,28-031662211eff,31.0,T231,40C,off
06/29/2022 08:17:03,Chamber 1,28-031662211eff,31.0,T231,40C,off
06/29/2022 08:17:23,Chamber 1,28-031662211eff,31.0,T231,40C,off
06/29/2022 08:17:43,Chamber 1,28-031662211eff,31.0,T231,40C,off
06/29/2022 08:18:03,Chamber 1,28-031662211eff,31.0,T231,40C,off
06/29/2022 08:18:23,Chamber 1,28-031662211eff,31.0,T231,40C,off
06/29/2022 08:18:43,Chamber 1,28-031662211eff,31.0,T231,40C,off
06/29/2022 08:19:03,Chamber 1,28-031662211eff,31.0,T231,40C,off
06/29/2022 08:19:23,Chamber 1,28-031662211eff,31.0,T231,40C,off
06/29/2022 08:19:43,Chamber 1,28-031662211eff,31.0,T231,40C,off
06/29/2022 08:20:03,Chamber 1,28-031662211eff,31.0,T231,40C,off
06/29/2022 08:20:23,Chamber 1,28-031662211eff,30.937,T231,40C,off
06/29/2022 08:20:43,Chamber 1,28-031662211eff,30.937,T231,40C,off
06/29/2022 08:21:03,Chamber 1,28-031662211eff,31.0,T231,40C,off
06/29/2022 08:21:23,Chamber 1,28-031662211eff,30.937,T231,40C,off
06/29/2022 08:21:43,Chamber 1,28-031662211eff,31.0,T231,40C,off
06/29/2022 08:22:03,Chamber 1,28-031662211eff,31.0,T231,40C,off
06/29/2022 08:22:23,Chamber 1,28-031662211eff,30.937,T231,40C,off
06/29/2022 08:22:43,Chamber 1,28-031662211eff,30.937,T231,40C,off
06/29/2022 08:23:03,Chamber 1,28-031662211eff,30.937,T231,40C,off
06/29/2022 08:23:23,Chamber 1,28-031662211eff,30.937,T231,40C,off
06/29/2022 08:23:43,Chamber 1,28-031662211eff,30.937,T231,40C,off
06/29/2022 08:24:03,Chamber 1,28-031662211eff,30.937,T231,40C,off
06/29/2022 08:24:23,Chamber 1,28-031662211eff,30.937,T231,40C,off
06/29/2022 08:24:43,Chamber 1,28-031662211eff,30.937,T231,40C,off
06/29/2022 08:25:03,Chamber 1,28-031662211eff,30.937,T231,40C,off
06/29/2022 08:25:23,Chamber 1,28-031662211eff,30.937,T231,40C,off
06/29/2022 08:25:43,Chamber 1,28-031662211eff,30.937,T231,40C,off
06/29/2022 08:59:07,Chamber 1,28-031662211eff,30.937,T231,40C,off
06/29/2022 08:59:08,Chamber 1,28-031662211eff,30.937,T231,40C,off
06/29/2022 08:59:08,Chamber 1,28-031662211eff,30.937,T231,40C,off
06/29/2022 09:00:03,Chamber 1,28-031662211eff,30.937,T231,40C,off
06/29/2022 09:00:23,Chamber 1,28-031662211eff,30.937,T231,40C,off
06/29/2022 09:00:43,Chamber 1,28-031662211eff,30.937,T231,40C,off
06/29/2022 09:01:03,Chamber 1,28-031662211eff,30.937,T231,40C,off
06/29/2022 09:01:23,Chamber 1,28-031662211eff,30.937,T231,40C,off
06/29/2022 09:01:43,Chamber 1,28-031662211eff,30.937,T231,40C,off
06/29/2022 09:02:03,Chamber 1,28-031662211eff,30.937,T231,40C,off
06/29/2022 09:02:23,Chamber 1,28-031662211eff,30.937,T231,40C,off
06/29/2022 09:02:43,Chamber 1,28-031662211eff,30.937,T231,40C,off
06/29/2022 09:03:03,Chamber 1,28-031662211eff,30.937,T231,40C,off
06/29/2022 09:03:23,Chamber 1,28-031662211eff,30.937,T231,40C,off
06/29/2022 09:03:43,Chamber 1,28-031662211eff,30.937,T231,40C,off
06/29/2022 09:04:03,Chamber 1,28-031662211eff,30.937,T231,40C,off
06/29/2022 09:04:23,Chamber 1,28-031662211eff,30.875,T231,40C,off
06/29/2022 09:04:43,Chamber 1,28-031662211eff,30.875,T231,40C,off
06/29/2022 09:05:03,Chamber 1,28-031662211eff,30.875,T231,40C,off
06/29/2022 09:05:23,Chamber 1,28-031662211eff,30.875,T231,40C,off
06/29/2022 09:05:43,Chamber 1,28-031662211eff,30.875,T231,40C,off
06/29/2022 09:06:03,Chamber 1,28-031662211eff,30.875,T231,40C,off
06/29/2022 09:06:23,Chamber 1,28-031662211eff,30.875,T231,40C,off
06/29/2022 09:06:43,Chamber 1,28-031662211eff,30.875,T231,40C,off
06/29/2022 09:07:03,Chamber 1,28-031662211eff,30.875,T231,40C,off
06/29/2022 09:07:23,Chamber 1,28-031662211eff,30.875,T231,40C,off
06/29/2022 09:07:43,Chamber 1,28-031662211eff,30.875,T231,40C,off
06/29/2022 09:08:03,Chamber 1,28-031662211eff,30.875,T231,40C,off
06/29/2022 09:08:24,Chamber 1,28-031662211eff,30.875,T231,40C,off
06/29/2022 09:08:43,Chamber 1,28-031662211eff,30.875,T231,40C,off
06/29/2022 09:09:03,Chamber 1,28-031662211eff,30.875,T231,40C,off
06/29/2022 09:09:23,Chamber 1,28-031662211eff,30.875,T231,40C,off
06/29/2022 09:09:43,Chamber 1,28-031662211eff,30.875,T231,40C,off
06/29/2022 09:10:03,Chamber 1,28-031662211eff,30.875,T231,40C,off
06/29/2022 09:10:23,Chamber 1,28-031662211eff,30.875,T231,40C,off
06/29/2022 09:10:43,Chamber 1,28-031662211eff,30.875,T231,40C,off
06/29/2022 09:11:03,Chamber 1,28-031662211eff,30.875,T231,40C,off
06/29/2022 09:11:23,Chamber 1,28-031662211eff,30.875,T231,40C,off
06/29/2022 09:11:43,Chamber 1,28-031662211eff,30.875,T231,40C,off
06/29/2022 09:12:03,Chamber 1,28-031662211eff,30.875,T231,40C,off
06/29/2022 09:12:23,Chamber 1,28-031662211eff,30.875,T231,40C,off
06/29/2022 09:12:43,Chamber 1,28-031662211eff,30.875,T231,40C,off
06/29/2022 09:13:03,Chamber 1,28-031662211eff,30.875,T231,40C,off
06/29/2022 09:13:23,Chamber 1,28-031662211eff,30.875,T231,40C,off
06/29/2022 09:13:43,Chamber 1,28-031662211eff,30.875,T231,40C,off
06/29/2022 09:14:03,Chamber 1,28-031662211eff,30.875,T231,40C,off
06/29/2022 09:14:23,Chamber 1,28-031662211eff,30.875,T231,40C,off
06/29/2022 09:14:43,Chamber 1,28-031662211eff,30.875,T231,40C,off
06/29/2022 09:15:03,Chamber 1,28-031662211eff,30.875,T231,40C,off
06/29/2022 09:15:23,Chamber 1,28-031662211eff,30.812,T231,40C,off
06/29/2022 09:15:43,Chamber 1,28-031662211eff,30.875,T231,40C,off
06/29/2022 09:16:03,Chamber 1,28-031662211eff,30.875,T231,40C,off
06/29/2022 09:16:23,Chamber 1,28-031662211eff,30.812,T231,40C,off
06/29/2022 09:16:43,Chamber 1,28-031662211eff,30.812,T231,40C,off
06/29/2022 09:17:03,Chamber 1,28-031662211eff,30.812,T231,40C,off
06/29/2022 09:17:23,Chamber 1,28-031662211eff,30.812,T231,40C,off
06/29/2022 09:17:43,Chamber 1,28-031662211eff,30.812,T231,40C,off
06/29/2022 09:18:03,Chamber 1,28-031662211eff,30.812,T231,40C,off
06/29/2022 09:18:23,Chamber 1,28-031662211eff,30.812,T231,40C,off
06/29/2022 09:18:43,Chamber 1,28-031662211eff,30.812,T231,40C,off
06/29/2022 09:19:03,Chamber 1,28-031662211eff,30.812,T231,40C,off
06/29/2022 09:19:23,Chamber 1,28-031662211eff,30.875,T231,40C,off
06/29/2022 09:19:43,Chamber 1,28-031662211eff,30.812,T231,40C,off
06/29/2022 09:20:03,Chamber 1,28-031662211eff,30.812,T231,40C,off
06/29/2022 09:20:23,Chamber 1,28-031662211eff,30.812,T231,40C,off
06/29/2022 09:20:43,Chamber 1,28-031662211eff,30.875,T231,40C,off
06/29/2022 09:21:03,Chamber 1,28-031662211eff,30.875,T231,40C,off
06/29/2022 09:21:23,Chamber 1,28-031662211eff,30.875,T231,40C,off
06/29/2022 09:21:43,Chamber 1,28-031662211eff,30.875,T231,40C,off
06/29/2022 09:22:03,Chamber 1,28-031662211eff,30.875,T231,40C,off
06/29/2022 09:22:23,Chamber 1,28-031662211eff,30.875,T231,40C,off
06/29/2022 09:22:43,Chamber 1,28-031662211eff,30.875,T231,40C,off
06/29/2022 09:23:03,Chamber 1,28-031662211eff,30.875,T231,40C,off
06/29/2022 09:23:23,Chamber 1,28-031662211eff,30.875,T231,40C,off
06/29/2022 09:23:43,Chamber 1,28-031662211eff,30.875,T231,40C,off
06/29/2022 09:24:03,Chamber 1,28-031662211eff,30.875,T231,40C,off
06/29/2022 09:24:23,Chamber 1,28-031662211eff,30.875,T231,40C,off
06/29/2022 09:24:43,Chamber 1,28-031662211eff,30.875,T231,40C,off
06/29/2022 09:25:03,Chamber 1,28-031662211eff,30.875,T231,40C,off
06/29/2022 09:25:23,Chamber 1,28-031662211eff,30.875,T231,40C,off
06/29/2022 09:25:43,Chamber 1,28-031662211eff,30.875,T231,40C,off
06/29/2022 09:26:03,Chamber 1,28-031662211eff,30.875,T231,40C,off
06/29/2022 09:26:23,Chamber 1,28-031662211eff,30.875,T231,40C,off
06/29/2022 09:26:43,Chamber 1,28-031662211eff,30.875,T231,40C,off
06/29/2022 09:27:03,Chamber 1,28-031662211eff,30.875,T231,40C,off
06/29/2022 09:27:23,Chamber 1,28-031662211eff,30.875,T231,40C,off
06/29/2022 09:27:43,Chamber 1,28-031662211eff,30.875,T231,40C,off
06/29/2022 09:28:03,Chamber 1,28-031662211eff,30.875,T231,40C,off
06/29/2022 09:28:23,Chamber 1,28-031662211eff,30.875,T231,40C,off
06/29/2022 09:28:43,Chamber 1,28-031662211eff,30.875,T231,40C,off
06/29/2022 09:29:03,Chamber 1,28-031662211eff,30.875,T231,40C,off
06/29/2022 09:29:23,Chamber 1,28-031662211eff,30.875,T231,40C,off
06/29/2022 09:29:43,Chamber 1,28-031662211eff,30.875,T231,40C,off
06/29/2022 09:30:03,Chamber 1,28-031662211eff,30.875,T231,40C,off
06/29/2022 09:30:23,Chamber 1,28-031662211eff,30.875,T231,40C,off
06/29/2022 09:30:43,Chamber 1,28-031662211eff,30.875,T231,40C,off
06/29/2022 09:31:03,Chamber 1,28-031662211eff,30.875,T231,40C,off
06/29/2022 09:31:23,Chamber 1,28-031662211eff,30.875,T231,40C,off
06/29/2022 09:31:43,Chamber 1,28-031662211eff,30.875,T231,40C,off
06/29/2022 09:32:03,Chamber 1,28-031662211eff,30.875,T231,40C,off
06/29/2022 09:32:23,Chamber 1,28-031662211eff,30.875,T231,40C,off
06/29/2022 09:32:43,Chamber 1,28-031662211eff,30.875,T231,40C,off
06/29/2022 09:33:03,Chamber 1,28-031662211eff,30.875,T231,40C,off
06/29/2022 09:33:23,Chamber 1,28-031662211eff,30.875,T231,40C,off
06/29/2022 09:33:43,Chamber 1,28-031662211eff,30.875,T231,40C,off
06/29/2022 09:34:03,Chamber 1,28-031662211eff,30.875,T231,40C,off
06/29/2022 09:34:23,Chamber 1,28-031662211eff,30.875,T231,40C,off
06/29/2022 09:34:43,Chamber 1,28-031662211eff,30.875,T231,40C,off
06/29/2022 09:35:03,Chamber 1,28-031662211eff,30.875,T231,40C,off
06/29/2022 09:35:23,Chamber 1,28-031662211eff,30.875,T231,40C,off
06/29/2022 09:35:43,Chamber 1,28-031662211eff,30.875,T231,40C,off
06/29/2022 09:36:03,Chamber 1,28-031662211eff,30.875,T231,40C,off
06/29/2022 09:36:23,Chamber 1,28-031662211eff,30.937,T231,40C,off
06/29/2022 09:36:43,Chamber 1,28-031662211eff,30.875,T231,40C,off
06/29/2022 09:37:03,Chamber 1,28-031662211eff,30.937,T231,40C,off
06/29/2022 09:37:23,Chamber 1,28-031662211eff,30.937,T231,40C,off
06/29/2022 09:37:43,Chamber 1,28-031662211eff,30.937,T231,40C,off
06/29/2022 09:38:03,Chamber 1,28-031662211eff,30.875,T231,40C,off
06/29/2022 09:38:23,Chamber 1,28-031662211eff,30.937,T231,40C,off
06/29/2022 09:38:43,Chamber 1,28-031662211eff,30.937,T231,40C,off
06/29/2022 09:39:03,Chamber 1,28-031662211eff,30.937,T231,40C,off
06/29/2022 09:39:23,Chamber 1,28-031662211eff,30.937,T231,40C,off
06/29/2022 09:39:43,Chamber 1,28-031662211eff,30.937,T231,40C,off
06/29/2022 09:40:03,Chamber 1,28-031662211eff,30.937,T231,40C,off
06/29/2022 09:40:23,Chamber 1,28-031662211eff,30.937,T231,40C,off
06/29/2022 09:40:43,Chamber 1,28-031662211eff,30.937,T231,40C,off
06/29/2022 09:41:03,Chamber 1,28-031662211eff,30.937,T231,40C,off
06/29/2022 09:41:23,Chamber 1,28-031662211eff,30.937,T231,40C,off
06/29/2022 09:41:43,Chamber 1,28-031662211eff,30.937,T231,40C,off
06/29/2022 09:42:03,Chamber 1,28-031662211eff,30.937,T231,40C,off
06/29/2022 09:42:23,Chamber 1,28-031662211eff,30.937,T231,40C,off
06/29/2022 09:42:43,Chamber 1,28-031662211eff,30.937,T231,40C,off
06/29/2022 09:43:03,Chamber 1,28-031662211eff,30.937,T231,40C,off
06/29/2022 09:43:23,Chamber 1,28-031662211eff,30.937,T231,40C,off
06/29/2022 09:43:43,Chamber 1,28-031662211eff,30.937,T231,40C,off
06/29/2022 09:44:03,Chamber 1,28-031662211eff,30.937,T231,40C,off
06/29/2022 09:44:23,Chamber 1,28-031662211eff,30.937,T231,40C,off
06/29/2022 09:44:43,Chamber 1,28-031662211eff,30.937,T231,40C,off
06/29/2022 09:45:03,Chamber 1,28-031662211eff,30.937,T231,40C,off
06/29/2022 09:45:23,Chamber 1,28-031662211eff,30.937,T231,40C,off
06/29/2022 09:45:43,Chamber 1,28-031662211eff,30.937,T231,40C,off
06/29/2022 09:46:03,Chamber 1,28-031662211eff,30.937,T231,40C,off
06/29/2022 09:46:23,Chamber 1,28-031662211eff,30.937,T231,40C,off
06/29/2022 09:46:43,Chamber 1,28-031662211eff,30.937,T231,40C,off
06/29/2022 09:47:03,Chamber 1,28-031662211eff,30.937,T231,40C,off
06/29/2022 09:47:23,Chamber 1,28-031662211eff,30.937,T231,40C,off
06/29/2022 09:47:43,Chamber 1,28-031662211eff,30.937,T231,40C,off
06/29/2022 09:48:03,Chamber 1,28-031662211eff,30.937,T231,40C,off
06/29/2022 09:48:23,Chamber 1,28-031662211eff,30.937,T231,40C,off
06/29/2022 09:48:43,Chamber 1,28-031662211eff,30.937,T231,40C,off
06/29/2022 09:49:03,Chamber 1,28-031662211eff,30.937,T231,40C,off
06/29/2022 09:49:23,Chamber 1,28-031662211eff,30.937,T231,40C,off
06/29/2022 09:49:43,Chamber 1,28-031662211eff,30.937,T231,40C,off
06/29/2022 09:50:03,Chamber 1,28-031662211eff,30.937,T231,40C,off
06/29/2022 09:50:23,Chamber 1,28-031662211eff,30.937,T231,40C,off
06/29/2022 09:50:43,Chamber 1,28-031662211eff,30.937,T231,40C,off
06/29/2022 09:51:03,Chamber 1,28-031662211eff,30.937,T231,40C,off
06/29/2022 09:51:23,Chamber 1,28-031662211eff,30.937,T231,40C,off
06/29/2022 09:51:43,Chamber 1,28-031662211eff,30.937,T231,40C,off
06/29/2022 09:52:03,Chamber 1,28-031662211eff,30.937,T231,40C,off
06/29/2022 09:52:23,Chamber 1,28-031662211eff,30.937,T231,40C,off
06/29/2022 09:52:43,Chamber 1,28-031662211eff,30.937,T231,40C,off
06/29/2022 09:53:03,Chamber 1,28-031662211eff,30.937,T231,40C,off
06/29/2022 09:53:23,Chamber 1,28-031662211eff,30.937,T231,40C,off
06/29/2022 09:53:43,Chamber 1,28-031662211eff,30.937,T231,40C,off
06/29/2022 09:54:03,Chamber 1,28-031662211eff,30.937,T231,40C,off
06/29/2022 09:54:23,Chamber 1,28-031662211eff,30.937,T231,40C,off
06/29/2022 09:54:43,Chamber 1,28-031662211eff,30.937,T231,40C,off
06/29/2022 09:55:03,Chamber 1,28-031662211eff,30.937,T231,40C,off
06/29/2022 09:55:23,Chamber 1,28-031662211eff,30.937,T231,40C,off
06/29/2022 09:55:43,Chamber 1,28-031662211eff,30.937,T231,40C,off
06/29/2022 09:56:03,Chamber 1,28-031662211eff,30.937,T231,40C,off
06/29/2022 09:56:23,Chamber 1,28-031662211eff,30.937,T231,40C,off
06/29/2022 09:56:43,Chamber 1,28-031662211eff,30.937,T231,40C,off
06/29/2022 09:57:03,Chamber 1,28-031662211eff,30.937,T231,40C,off
06/29/2022 09:57:23,Chamber 1,28-031662211eff,30.937,T231,40C,off
06/29/2022 09:57:43,Chamber 1,28-031662211eff,30.937,T231,40C,off
06/29/2022 09:58:03,Chamber 1,28-031662211eff,30.937,T231,40C,off
06/29/2022 09:58:23,Chamber 1,28-031662211eff,30.937,T231,40C,off
06/29/2022 09:58:43,Chamber 1,28-031662211eff,30.937,T231,40C,off
06/29/2022 09:59:03,Chamber 1,28-031662211eff,30.937,T231,40C,off
06/29/2022 09:59:23,Chamber 1,28-031662211eff,30.937,T231,40C,off
06/29/2022 09:59:43,Chamber 1,28-031662211eff,30.937,T231,40C,off
06/29/2022 10:00:02,Chamber 1,28-031662211eff,30.937,T231,40C,off
06/29/2022 10:00:22,Chamber 1,28-031662211eff,30.937,T231,40C,off
06/29/2022 10:00:42,Chamber 1,28-031662211eff,30.937,T231,40C,off
06/29/2022 10:01:02,Chamber 1,28-031662211eff,30.937,T231,40C,off
06/29/2022 10:01:22,Chamber 1,28-031662211eff,30.937,T231,40C,off
06/29/2022 10:01:42,Chamber 1,28-031662211eff,30.937,T231,40C,off
06/29/2022 10:02:02,Chamber 1,28-031662211eff,30.937,T231,40C,off
06/29/2022 10:02:22,Chamber 1,28-031662211eff,30.937,T231,40C,off
06/29/2022 10:02:42,Chamber 1,28-031662211eff,30.937,T231,40C,off
06/29/2022 10:03:02,Chamber 1,28-031662211eff,30.937,T231,40C,off
06/29/2022 10:03:22,Chamber 1,28-031662211eff,30.937,T231,40C,off
06/29/2022 10:03:42,Chamber 1,28-031662211eff,30.937,T231,40C,off
06/29/2022 10:04:02,Chamber 1,28-031662211eff,30.937,T231,40C,off
06/29/2022 10:04:22,Chamber 1,28-031662211eff,30.937,T231,40C,off
06/29/2022 10:04:42,Chamber 1,28-031662211eff,30.937,T231,40C,off
06/29/2022 10:05:02,Chamber 1,28-031662211eff,30.937,T231,40C,off
06/29/2022 10:05:22,Chamber 1,28-031662211eff,30.937,T231,40C,off
06/29/2022 10:05:42,Chamber 1,28-031662211eff,30.937,T231,40C,off
06/29/2022 10:06:02,Chamber 1,28-031662211eff,30.937,T231,40C,off
06/29/2022 10:06:22,Chamber 1,28-031662211eff,30.937,T231,40C,off
06/29/2022 10:06:42,Chamber 1,28-031662211eff,30.937,T231,40C,off
06/29/2022 10:07:02,Chamber 1,28-031662211eff,30.937,T231,40C,off
06/29/2022 10:07:22,Chamber 1,28-031662211eff,30.937,T231,40C,off
06/29/2022 10:07:42,Chamber 1,28-031662211eff,30.937,T231,40C,off
06/29/2022 10:08:02,Chamber 1,28-031662211eff,30.937,T231,40C,off
06/29/2022 10:08:22,Chamber 1,28-031662211eff,30.937,T231,40C,off
06/29/2022 10:08:42,Chamber 1,28-031662211eff,30.937,T231,40C,off
06/29/2022 10:09:02,Chamber 1,28-031662211eff,30.937,T231,40C,off
06/29/2022 10:09:22,Chamber 1,28-031662211eff,30.937,T231,40C,off
06/29/2022 10:09:42,Chamber 1,28-031662211eff,30.937,T231,40C,off
06/29/2022 10:10:02,Chamber 1,28-031662211eff,30.937,T231,40C,off
06/29/2022 10:10:22,Chamber 1,28-031662211eff,30.937,T231,40C,off
06/29/2022 10:10:42,Chamber 1,28-031662211eff,30.937,T231,40C,off
06/29/2022 10:11:02,Chamber 1,28-031662211eff,30.937,T231,40C,off
06/29/2022 10:11:22,Chamber 1,28-031662211eff,30.937,T231,40C,off
06/29/2022 10:11:42,Chamber 1,28-031662211eff,30.937,T231,40C,off
06/29/2022 10:12:02,Chamber 1,28-031662211eff,30.937,T231,40C,off
06/29/2022 10:12:22,Chamber 1,28-031662211eff,30.937,T231,40C,off
06/29/2022 10:12:42,Chamber 1,28-031662211eff,30.937,T231,40C,off
06/29/2022 10:13:03,Chamber 1,28-031662211eff,30.937,T231,40C,off
06/29/2022 10:13:23,Chamber 1,28-031662211eff,30.937,T231,40C,off
06/29/2022 10:13:42,Chamber 1,28-031662211eff,30.937,T231,40C,off
06/29/2022 10:14:02,Chamber 1,28-031662211eff,30.937,T231,40C,off
06/29/2022 10:14:22,Chamber 1,28-031662211eff,30.937,T231,40C,off
06/29/2022 10:14:42,Chamber 1,28-031662211eff,30.937,T231,40C,off
06/29/2022 10:15:02,Chamber 1,28-031662211eff,30.937,T231,40C,off
06/29/2022 10:15:22,Chamber 1,28-031662211eff,30.937,T231,40C,off
06/29/2022 10:15:42,Chamber 1,28-031662211eff,30.937,T231,40C,off
06/29/2022 10:16:02,Chamber 1,28-031662211eff,30.937,T231,40C,off
06/29/2022 10:16:22,Chamber 1,28-031662211eff,30.937,T231,40C,off
06/29/2022 10:16:42,Chamber 1,28-031662211eff,30.937,T231,40C,off
06/29/2022 10:17:02,Chamber 1,28-031662211eff,30.937,T231,40C,off
06/29/2022 10:17:22,Chamber 1,28-031662211eff,30.937,T231,40C,off
06/29/2022 10:17:42,Chamber 1,28-031662211eff,30.875,T231,40C,off
06/29/2022 10:18:02,Chamber 1,28-031662211eff,30.937,T231,40C,off
06/29/2022 10:18:22,Chamber 1,28-031662211eff,30.937,T231,40C,off
06/29/2022 10:18:42,Chamber 1,28-031662211eff,30.875,T231,40C,off
06/29/2022 10:19:02,Chamber 1,28-031662211eff,30.875,T231,40C,off
06/29/2022 10:19:22,Chamber 1,28-031662211eff,30.937,T231,40C,off
06/29/2022 10:19:42,Chamber 1,28-031662211eff,30.937,T231,40C,off
06/29/2022 10:20:02,Chamber 1,28-031662211eff,30.937,T231,40C,off
06/29/2022 10:20:22,Chamber 1,28-031662211eff,30.937,T231,40C,off
06/29/2022 10:20:42,Chamber 1,28-031662211eff,30.937,T231,40C,off
06/29/2022 10:21:02,Chamber 1,28-031662211eff,30.937,T231,40C,off
06/29/2022 10:21:22,Chamber 1,28-031662211eff,30.937,T231,40C,off
06/29/2022 10:21:42,Chamber 1,28-031662211eff,30.875,T231,40C,off
06/29/2022 10:22:02,Chamber 1,28-031662211eff,30.937,T231,40C,off
06/29/2022 10:22:22,Chamber 1,28-031662211eff,30.875,T231,40C,off
06/29/2022 10:22:42,Chamber 1,28-031662211eff,30.937,T231,40C,off
06/29/2022 10:23:02,Chamber 1,28-031662211eff,30.937,T231,40C,off
06/29/2022 10:23:22,Chamber 1,28-031662211eff,30.875,T231,40C,off
06/29/2022 10:23:42,Chamber 1,28-031662211eff,30.875,T231,40C,off
06/29/2022 10:24:02,Chamber 1,28-031662211eff,30.875,T231,40C,off
06/29/2022 10:24:22,Chamber 1,28-031662211eff,30.875,T231,40C,off
06/29/2022 10:24:42,Chamber 1,28-031662211eff,30.875,T231,40C,off
06/29/2022 10:25:02,Chamber 1,28-031662211eff,30.875,T231,40C,off
06/29/2022 10:25:22,Chamber 1,28-031662211eff,30.875,T231,40C,off
06/29/2022 10:25:42,Chamber 1,28-031662211eff,30.875,T231,40C,off
06/29/2022 10:26:02,Chamber 1,28-031662211eff,30.875,T231,40C,off
06/29/2022 10:26:22,Chamber 1,28-031662211eff,30.875,T231,40C,off
06/29/2022 10:26:42,Chamber 1,28-031662211eff,30.875,T231,40C,off
06/29/2022 10:27:02,Chamber 1,28-031662211eff,30.875,T231,40C,off
06/29/2022 10:27:22,Chamber 1,28-031662211eff,30.875,T231,40C,off
06/29/2022 10:27:42,Chamber 1,28-031662211eff,30.875,T231,40C,off
06/29/2022 10:28:02,Chamber 1,28-031662211eff,30.875,T231,40C,off
06/29/2022 10:28:22,Chamber 1,28-031662211eff,30.875,T231,40C,off
06/29/2022 10:28:42,Chamber 1,28-031662211eff,30.875,T231,40C,off
06/29/2022 10:29:02,Chamber 1,28-031662211eff,30.875,T231,40C,off
06/29/2022 10:29:22,Chamber 1,28-031662211eff,30.875,T231,40C,off
06/29/2022 10:29:42,Chamber 1,28-031662211eff,30.875,T231,40C,off
06/29/2022 10:30:02,Chamber 1,28-031662211eff,30.875,T231,40C,off
06/29/2022 10:30:22,Chamber 1,28-031662211eff,30.875,T231,40C,off
06/29/2022 10:30:42,Chamber 1,28-031662211eff,30.875,T231,40C,off
06/29/2022 10:31:02,Chamber 1,28-031662211eff,30.875,T231,40C,off
06/29/2022 10:31:22,Chamber 1,28-031662211eff,30.875,T231,40C,off
06/29/2022 10:31:42,Chamber 1,28-031662211eff,30.875,T231,40C,off
06/29/2022 10:32:02,Chamber 1,28-031662211eff,30.875,T231,40C,off
06/29/2022 10:32:22,Chamber 1,28-031662211eff,30.875,T231,40C,off
06/29/2022 10:32:42,Chamber 1,28-031662211eff,30.875,T231,40C,off
06/29/2022 10:33:02,Chamber 1,28-031662211eff,30.875,T231,40C,off
06/29/2022 10:33:22,Chamber 1,28-031662211eff,30.875,T231,40C,off
06/29/2022 10:33:42,Chamber 1,28-031662211eff,30.875,T231,40C,off
06/29/2022 10:34:02,Chamber 1,28-031662211eff,30.875,T231,40C,off
06/29/2022 10:34:22,Chamber 1,28-031662211eff,30.875,T231,40C,off
06/29/2022 10:34:42,Chamber 1,28-031662211eff,30.875,T231,40C,off
06/29/2022 10:35:02,Chamber 1,28-031662211eff,30.875,T231,40C,off
06/29/2022 10:35:22,Chamber 1,28-031662211eff,30.875,T231,40C,off
06/29/2022 10:35:42,Chamber 1,28-031662211eff,30.875,T231,40C,off
06/29/2022 10:36:02,Chamber 1,28-031662211eff,30.875,T231,40C,off
06/29/2022 10:36:22,Chamber 1,28-031662211eff,30.875,T231,40C,off
06/29/2022 10:36:42,Chamber 1,28-031662211eff,30.875,T231,40C,off
06/29/2022 10:37:02,Chamber 1,28-031662211eff,30.875,T231,40C,off
06/29/2022 10:37:22,Chamber 1,28-031662211eff,30.875,T231,40C,off
06/29/2022 10:37:42,Chamber 1,28-031662211eff,30.875,T231,40C,off
06/29/2022 10:38:02,Chamber 1,28-031662211eff,30.875,T231,40C,off
06/29/2022 10:38:22,Chamber 1,28-031662211eff,30.875,T231,40C,off
06/29/2022 10:38:42,Chamber 1,28-031662211eff,30.875,T231,40C,off
06/29/2022 10:39:02,Chamber 1,28-031662211eff,30.875,T231,40C,off
06/29/2022 10:39:22,Chamber 1,28-031662211eff,30.875,T231,40C,off
06/29/2022 10:39:42,Chamber 1,28-031662211eff,30.875,T231,40C,off
06/29/2022 10:40:02,Chamber 1,28-031662211eff,30.875,T231,40C,off
06/29/2022 10:40:22,Chamber 1,28-031662211eff,30.875,T231,40C,off
06/29/2022 10:40:42,Chamber 1,28-031662211eff,30.875,T231,40C,off
06/29/2022 10:41:02,Chamber 1,28-031662211eff,30.875,T231,40C,off
06/29/2022 10:41:22,Chamber 1,28-031662211eff,30.875,T231,40C,off
06/29/2022 10:41:42,Chamber 1,28-031662211eff,30.875,T231,40C,off
06/29/2022 10:42:02,Chamber 1,28-031662211eff,30.875,T231,40C,off
06/29/2022 10:42:22,Chamber 1,28-031662211eff,30.875,T231,40C,off
06/29/2022 10:42:42,Chamber 1,28-031662211eff,30.875,T231,40C,off
06/29/2022 10:43:02,Chamber 1,28-031662211eff,30.875,T231,40C,off
06/29/2022 10:43:22,Chamber 1,28-031662211eff,30.875,T231,40C,off
06/29/2022 10:43:42,Chamber 1,28-031662211eff,30.875,T231,40C,off
06/29/2022 10:44:02,Chamber 1,28-031662211eff,30.875,T231,40C,off
06/29/2022 10:44:22,Chamber 1,28-031662211eff,30.812,T231,40C,off
06/29/2022 10:44:42,Chamber 1,28-031662211eff,30.812,T231,40C,off
06/29/2022 10:45:02,Chamber 1,28-031662211eff,30.812,T231,40C,off
06/29/2022 10:45:22,Chamber 1,28-031662211eff,30.812,T231,40C,off
06/29/2022 10:45:42,Chamber 1,28-031662211eff,30.812,T231,40C,off
06/29/2022 10:46:02,Chamber 1,28-031662211eff,30.812,T231,40C,off
06/29/2022 10:46:22,Chamber 1,28-031662211eff,30.812,T231,40C,off
06/29/2022 10:46:42,Chamber 1,28-031662211eff,30.812,T231,40C,off
06/29/2022 10:47:02,Chamber 1,28-031662211eff,30.812,T231,40C,off
06/29/2022 10:47:22,Chamber 1,28-031662211eff,30.75,T231,40C,off
06/29/2022 10:47:42,Chamber 1,28-031662211eff,30.75,T231,40C,off
06/29/2022 10:48:02,Chamber 1,28-031662211eff,30.75,T231,40C,off
06/29/2022 10:48:22,Chamber 1,28-031662211eff,30.75,T231,40C,off
06/29/2022 10:48:42,Chamber 1,28-031662211eff,30.75,T231,40C,off
06/29/2022 10:49:02,Chamber 1,28-031662211eff,30.687,T231,40C,off
06/29/2022 10:49:22,Chamber 1,28-031662211eff,30.687,T231,40C,off
06/29/2022 10:49:42,Chamber 1,28-031662211eff,30.625,T231,40C,off
06/29/2022 10:50:02,Chamber 1,28-031662211eff,30.625,T231,40C,off
06/29/2022 10:50:22,Chamber 1,28-031662211eff,30.625,T231,40C,off
06/29/2022 10:50:42,Chamber 1,28-031662211eff,30.625,T231,40C,off
06/29/2022 10:51:02,Chamber 1,28-031662211eff,30.562,T231,40C,off
06/29/2022 10:51:22,Chamber 1,28-031662211eff,30.562,T231,40C,off
06/29/2022 10:51:42,Chamber 1,28-031662211eff,30.562,T231,40C,off
06/29/2022 10:52:02,Chamber 1,28-031662211eff,30.562,T231,40C,off
06/29/2022 10:52:22,Chamber 1,28-031662211eff,30.562,T231,40C,off
06/29/2022 10:52:42,Chamber 1,28-031662211eff,30.5,T231,40C,off
06/29/2022 10:53:02,Chamber 1,28-031662211eff,30.5,T231,40C,off
06/29/2022 10:53:22,Chamber 1,28-031662211eff,30.5,T231,40C,off
06/29/2022 10:53:42,Chamber 1,28-031662211eff,30.5,T231,40C,off
06/29/2022 10:54:02,Chamber 1,28-031662211eff,30.437,T231,40C,off
06/29/2022 10:54:22,Chamber 1,28-031662211eff,30.437,T231,40C,off
06/29/2022 10:54:42,Chamber 1,28-031662211eff,30.437,T231,40C,off
06/29/2022 10:55:02,Chamber 1,28-031662211eff,30.437,T231,40C,off
06/29/2022 10:55:22,Chamber 1,28-031662211eff,30.437,T231,40C,off
06/29/2022 10:55:42,Chamber 1,28-031662211eff,30.437,T231,40C,off
06/29/2022 10:56:02,Chamber 1,28-031662211eff,30.437,T231,40C,off
06/29/2022 10:56:22,Chamber 1,28-031662211eff,30.437,T231,40C,off
06/29/2022 10:56:42,Chamber 1,28-031662211eff,30.437,T231,40C,off
06/29/2022 10:57:02,Chamber 1,28-031662211eff,30.375,T231,40C,off
06/29/2022 10:57:22,Chamber 1,28-031662211eff,30.375,T231,40C,off
06/29/2022 10:57:42,Chamber 1,28-031662211eff,30.375,T231,40C,off
06/29/2022 10:58:02,Chamber 1,28-031662211eff,30.375,T231,40C,off
06/29/2022 10:58:22,Chamber 1,28-031662211eff,30.312,T231,40C,off
06/29/2022 10:58:42,Chamber 1,28-031662211eff,30.312,T231,40C,off
06/29/2022 10:59:02,Chamber 1,28-031662211eff,30.312,T231,40C,off
06/29/2022 10:59:22,Chamber 1,28-031662211eff,30.312,T231,40C,off
06/29/2022 10:59:42,Chamber 1,28-031662211eff,30.312,T231,40C,off
06/29/2022 11:00:02,Chamber 1,28-031662211eff,30.312,T231,40C,off
06/29/2022 11:00:22,Chamber 1,28-031662211eff,30.312,T231,40C,off
06/29/2022 11:00:42,Chamber 1,28-031662211eff,30.312,T231,40C,off
06/29/2022 11:01:02,Chamber 1,28-031662211eff,30.312,T231,40C,off
06/29/2022 11:01:22,Chamber 1,28-031662211eff,30.312,T231,40C,off
06/29/2022 11:01:42,Chamber 1,28-031662211eff,30.312,T231,40C,off
06/29/2022 11:02:02,Chamber 1,28-031662211eff,30.312,T231,40C,off
06/29/2022 11:02:22,Chamber 1,28-031662211eff,30.312,T231,40C,off
06/29/2022 11:02:42,Chamber 1,28-031662211eff,30.312,T231,40C,off
06/29/2022 11:03:02,Chamber 1,28-031662211eff,30.312,T231,40C,off
06/29/2022 11:03:22,Chamber 1,28-031662211eff,30.312,T231,40C,off
06/29/2022 11:03:42,Chamber 1,28-031662211eff,30.312,T231,40C,off
06/29/2022 11:04:02,Chamber 1,28-031662211eff,30.312,T231,40C,off
06/29/2022 11:04:22,Chamber 1,28-031662211eff,30.312,T231,40C,off
06/29/2022 11:04:42,Chamber 1,28-031662211eff,30.312,T231,40C,off
06/29/2022 11:05:02,Chamber 1,28-031662211eff,30.312,T231,40C,off
06/29/2022 11:05:22,Chamber 1,28-031662211eff,30.312,T231,40C,off
06/29/2022 11:05:42,Chamber 1,28-031662211eff,30.312,T231,40C,off
06/29/2022 11:06:02,Chamber 1,28-031662211eff,30.312,T231,40C,off
06/29/2022 11:06:22,Chamber 1,28-031662211eff,30.312,T231,40C,off
06/29/2022 11:06:42,Chamber 1,28-031662211eff,30.312,T231,40C,off
06/29/2022 11:07:02,Chamber 1,28-031662211eff,30.312,T231,40C,off
06/29/2022 11:07:22,Chamber 1,28-031662211eff,30.312,T231,40C,off
06/29/2022 11:07:42,Chamber 1,28-031662211eff,30.312,T231,40C,off
06/29/2022 11:08:02,Chamber 1,28-031662211eff,30.312,T231,40C,off
06/29/2022 11:08:22,Chamber 1,28-031662211eff,30.25,T231,40C,off
06/29/2022 11:08:42,Chamber 1,28-031662211eff,30.25,T231,40C,off
06/29/2022 11:09:02,Chamber 1,28-031662211eff,30.25,T231,40C,off
06/29/2022 11:09:22,Chamber 1,28-031662211eff,30.25,T231,40C,off
06/29/2022 11:09:42,Chamber 1,28-031662211eff,30.25,T231,40C,off
06/29/2022 11:10:02,Chamber 1,28-031662211eff,30.25,T231,40C,off
06/29/2022 11:10:22,Chamber 1,28-031662211eff,30.25,T231,40C,off
06/29/2022 11:10:42,Chamber 1,28-031662211eff,30.25,T231,40C,off
06/29/2022 11:11:02,Chamber 1,28-031662211eff,30.25,T231,40C,off
06/29/2022 11:11:22,Chamber 1,28-031662211eff,30.25,T231,40C,off
06/29/2022 11:11:42,Chamber 1,28-031662211eff,30.25,T231,40C,off
06/29/2022 11:12:02,Chamber 1,28-031662211eff,30.25,T231,40C,off
06/29/2022 11:12:22,Chamber 1,28-031662211eff,30.25,T231,40C,off
06/29/2022 11:12:42,Chamber 1,28-031662211eff,30.25,T231,40C,off
06/29/2022 11:13:02,Chamber 1,28-031662211eff,30.25,T231,40C,off
06/29/2022 11:13:22,Chamber 1,28-031662211eff,30.25,T231,40C,off
06/29/2022 11:13:42,Chamber 1,28-031662211eff,30.25,T231,40C,off
06/29/2022 11:14:02,Chamber 1,28-031662211eff,30.25,T231,40C,off
06/29/2022 11:14:22,Chamber 1,28-031662211eff,30.187,T231,40C,off
06/29/2022 11:14:42,Chamber 1,28-031662211eff,30.187,T231,40C,off
06/29/2022 11:15:02,Chamber 1,28-031662211eff,30.187,T231,40C,off
06/29/2022 11:15:22,Chamber 1,28-031662211eff,30.187,T231,40C,off
06/29/2022 11:15:42,Chamber 1,28-031662211eff,30.187,T231,40C,off
06/29/2022 11:16:02,Chamber 1,28-031662211eff,30.187,T231,40C,off
06/29/2022 11:16:22,Chamber 1,28-031662211eff,30.125,T231,40C,off
06/29/2022 11:16:42,Chamber 1,28-031662211eff,30.187,T231,40C,off
06/29/2022 11:17:02,Chamber 1,28-031662211eff,30.187,T231,40C,off
06/29/2022 11:17:22,Chamber 1,28-031662211eff,30.187,T231,40C,off
06/29/2022 11:17:42,Chamber 1,28-031662211eff,30.187,T231,40C,off
06/29/2022 11:18:02,Chamber 1,28-031662211eff,30.187,T231,40C,off
06/29/2022 11:18:22,Chamber 1,28-031662211eff,30.187,T231,40C,off
06/29/2022 11:18:42,Chamber 1,28-031662211eff,30.187,T231,40C,off
06/29/2022 11:19:02,Chamber 1,28-031662211eff,30.187,T231,40C,off
06/29/2022 11:19:22,Chamber 1,28-031662211eff,30.125,T231,40C,off
06/29/2022 11:19:42,Chamber 1,28-031662211eff,30.125,T231,40C,off
06/29/2022 11:20:02,Chamber 1,28-031662211eff,30.125,T231,40C,off
06/29/2022 11:20:22,Chamber 1,28-031662211eff,30.125,T231,40C,off
06/29/2022 11:20:42,Chamber 1,28-031662211eff,30.125,T231,40C,off
06/29/2022 11:21:02,Chamber 1,28-031662211eff,30.125,T231,40C,off
06/29/2022 11:21:22,Chamber 1,28-031662211eff,30.125,T231,40C,off
06/29/2022 11:21:42,Chamber 1,28-031662211eff,30.125,T231,40C,off
06/29/2022 11:22:02,Chamber 1,28-031662211eff,30.125,T231,40C,off
06/29/2022 11:22:22,Chamber 1,28-031662211eff,30.125,T231,40C,off
06/29/2022 11:22:42,Chamber 1,28-031662211eff,30.125,T231,40C,off
06/29/2022 11:23:02,Chamber 1,28-031662211eff,30.125,T231,40C,off
06/29/2022 11:23:22,Chamber 1,28-031662211eff,30.125,T231,40C,off
06/29/2022 11:23:42,Chamber 1,28-031662211eff,30.187,T231,40C,off
06/29/2022 11:24:02,Chamber 1,28-031662211eff,30.187,T231,40C,off
06/29/2022 11:24:22,Chamber 1,28-031662211eff,30.187,T231,40C,off
06/29/2022 11:24:42,Chamber 1,28-031662211eff,30.187,T231,40C,off
06/29/2022 11:25:02,Chamber 1,28-031662211eff,30.187,T231,40C,off
06/29/2022 11:25:22,Chamber 1,28-031662211eff,30.187,T231,40C,off
06/29/2022 11:25:42,Chamber 1,28-031662211eff,30.187,T231,40C,off
06/29/2022 11:26:02,Chamber 1,28-031662211eff,30.125,T231,40C,off
06/29/2022 11:26:22,Chamber 1,28-031662211eff,30.125,T231,40C,off
06/29/2022 11:26:42,Chamber 1,28-031662211eff,30.125,T231,40C,off
06/29/2022 11:27:02,Chamber 1,28-031662211eff,30.125,T231,40C,off
06/29/2022 11:27:22,Chamber 1,28-031662211eff,30.125,T231,40C,off
06/29/2022 11:27:42,Chamber 1,28-031662211eff,30.125,T231,40C,off
06/29/2022 11:28:02,Chamber 1,28-031662211eff,30.125,T231,40C,off
06/29/2022 11:28:22,Chamber 1,28-031662211eff,30.125,T231,40C,off
06/29/2022 11:28:42,Chamber 1,28-031662211eff,30.125,T231,40C,off
06/29/2022 11:29:02,Chamber 1,28-031662211eff,30.125,T231,40C,off
06/29/2022 11:29:22,Chamber 1,28-031662211eff,30.125,T231,40C,off
06/29/2022 11:29:42,Chamber 1,28-031662211eff,30.187,T231,40C,off
06/29/2022 11:30:02,Chamber 1,28-031662211eff,30.187,T231,40C,off
06/29/2022 11:30:22,Chamber 1,28-031662211eff,30.187,T231,40C,off
06/29/2022 11:30:42,Chamber 1,28-031662211eff,30.187,T231,40C,off
06/29/2022 11:31:02,Chamber 1,28-031662211eff,30.125,T231,40C,off
06/29/2022 11:31:23,Chamber 1,28-031662211eff,30.187,T231,40C,off
06/29/2022 11:31:42,Chamber 1,28-031662211eff,30.187,T231,40C,off
06/29/2022 11:32:02,Chamber 1,28-031662211eff,30.187,T231,40C,off
06/29/2022 11:32:22,Chamber 1,28-031662211eff,30.187,T231,40C,off
06/29/2022 11:32:42,Chamber 1,28-031662211eff,30.187,T231,40C,off
06/29/2022 11:33:02,Chamber 1,28-031662211eff,30.187,T231,40C,off
06/29/2022 11:33:22,Chamber 1,28-031662211eff,30.125,T231,40C,off
06/29/2022 11:33:42,Chamber 1,28-031662211eff,30.125,T231,40C,off
06/29/2022 11:34:02,Chamber 1,28-031662211eff,30.125,T231,40C,off
06/29/2022 11:34:22,Chamber 1,28-031662211eff,30.125,T231,40C,off
06/29/2022 11:34:42,Chamber 1,28-031662211eff,30.125,T231,40C,off
06/29/2022 11:35:02,Chamber 1,28-031662211eff,30.125,T231,40C,off
06/29/2022 11:35:22,Chamber 1,28-031662211eff,30.125,T231,40C,off
06/29/2022 11:35:42,Chamber 1,28-031662211eff,30.125,T231,40C,off
06/29/2022 11:36:02,Chamber 1,28-031662211eff,30.125,T231,40C,off
06/29/2022 11:36:22,Chamber 1,28-031662211eff,30.125,T231,40C,off
06/29/2022 11:36:42,Chamber 1,28-031662211eff,30.125,T231,40C,off
06/29/2022 11:37:02,Chamber 1,28-031662211eff,30.125,T231,40C,off
06/29/2022 11:37:22,Chamber 1,28-031662211eff,30.125,T231,40C,off
06/29/2022 11:37:42,Chamber 1,28-031662211eff,30.187,T231,40C,off
06/29/2022 11:38:02,Chamber 1,28-031662211eff,30.187,T231,40C,off
06/29/2022 11:38:22,Chamber 1,28-031662211eff,30.187,T231,40C,off
06/29/2022 11:38:42,Chamber 1,28-031662211eff,30.187,T231,40C,off
06/29/2022 11:39:02,Chamber 1,28-031662211eff,30.187,T231,40C,off
06/29/2022 11:39:22,Chamber 1,28-031662211eff,30.187,T231,40C,off
06/29/2022 11:39:42,Chamber 1,28-031662211eff,30.187,T231,40C,off
06/29/2022 11:40:02,Chamber 1,28-031662211eff,30.187,T231,40C,off
06/29/2022 11:40:22,Chamber 1,28-031662211eff,30.187,T231,40C,off
06/29/2022 11:40:42,Chamber 1,28-031662211eff,30.187,T231,40C,off
06/29/2022 11:41:02,Chamber 1,28-031662211eff,30.187,T231,40C,off
06/29/2022 11:41:22,Chamber 1,28-031662211eff,30.187,T231,40C,off
06/29/2022 11:41:42,Chamber 1,28-031662211eff,30.187,T231,40C,off
06/29/2022 11:42:02,Chamber 1,28-031662211eff,30.187,T231,40C,off
06/29/2022 11:42:22,Chamber 1,28-031662211eff,30.187,T231,40C,off
06/29/2022 11:42:42,Chamber 1,28-031662211eff,30.187,T231,40C,off
06/29/2022 11:43:02,Chamber 1,28-031662211eff,30.187,T231,40C,off
06/29/2022 11:43:22,Chamber 1,28-031662211eff,30.187,T231,40C,off
06/29/2022 11:43:42,Chamber 1,28-031662211eff,30.187,T231,40C,off
06/29/2022 11:44:02,Chamber 1,28-031662211eff,30.187,T231,40C,off
06/29/2022 11:44:22,Chamber 1,28-031662211eff,30.187,T231,40C,off
06/29/2022 11:44:42,Chamber 1,28-031662211eff,30.187,T231,40C,off
06/29/2022 11:45:02,Chamber 1,28-031662211eff,30.187,T231,40C,off
06/29/2022 11:45:22,Chamber 1,28-031662211eff,30.187,T231,40C,off
06/29/2022 11:45:42,Chamber 1,28-031662211eff,30.187,T231,40C,off
06/29/2022 11:46:02,Chamber 1,28-031662211eff,30.187,T231,40C,off
06/29/2022 11:46:22,Chamber 1,28-031662211eff,30.187,T231,40C,off
06/29/2022 11:46:42,Chamber 1,28-031662211eff,30.187,T231,40C,off
06/29/2022 11:47:02,Chamber 1,28-031662211eff,30.187,T231,40C,off
06/29/2022 11:47:22,Chamber 1,28-031662211eff,30.187,T231,40C,off
06/29/2022 11:47:42,Chamber 1,28-031662211eff,30.187,T231,40C,off
06/29/2022 11:48:04,Chamber 1,28-031662211eff,30.25,T231,40C,off
06/29/2022 11:48:22,Chamber 1,28-031662211eff,30.25,T231,40C,off
06/29/2022 11:48:42,Chamber 1,28-031662211eff,30.25,T231,40C,off
06/29/2022 11:49:02,Chamber 1,28-031662211eff,30.187,T231,40C,off
06/29/2022 11:49:22,Chamber 1,28-031662211eff,30.25,T231,40C,off
06/29/2022 11:49:42,Chamber 1,28-031662211eff,30.187,T231,40C,off
06/29/2022 11:50:02,Chamber 1,28-031662211eff,30.187,T231,40C,off
06/29/2022 11:50:22,Chamber 1,28-031662211eff,30.187,T231,40C,off
06/29/2022 11:50:42,Chamber 1,28-031662211eff,30.187,T231,40C,off
06/29/2022 11:51:02,Chamber 1,28-031662211eff,30.187,T231,40C,off
06/29/2022 11:51:22,Chamber 1,28-031662211eff,30.187,T231,40C,off
06/29/2022 11:51:42,Chamber 1,28-031662211eff,30.187,T231,40C,off
06/29/2022 11:52:02,Chamber 1,28-031662211eff,30.187,T231,40C,off
06/29/2022 11:52:22,Chamber 1,28-031662211eff,30.187,T231,40C,off
06/29/2022 11:52:43,Chamber 1,28-031662211eff,30.187,T231,40C,off
06/29/2022 11:53:02,Chamber 1,28-031662211eff,30.187,T231,40C,off
06/29/2022 11:53:22,Chamber 1,28-031662211eff,30.25,T231,40C,off
06/29/2022 11:53:42,Chamber 1,28-031662211eff,30.25,T231,40C,off
06/29/2022 11:54:02,Chamber 1,28-031662211eff,30.25,T231,40C,off
06/29/2022 11:54:22,Chamber 1,28-031662211eff,30.25,T231,40C,off
06/29/2022 11:54:42,Chamber 1,28-031662211eff,30.187,T231,40C,off
06/29/2022 11:55:02,Chamber 1,28-031662211eff,30.25,T231,40C,off
06/29/2022 11:55:22,Chamber 1,28-031662211eff,30.25,T231,40C,off
06/29/2022 11:55:42,Chamber 1,28-031662211eff,30.25,T231,40C,off
06/29/2022 11:56:02,Chamber 1,28-031662211eff,30.25,T231,40C,off
06/29/2022 11:56:22,Chamber 1,28-031662211eff,30.25,T231,40C,off
06/29/2022 11:56:42,Chamber 1,28-031662211eff,30.25,T231,40C,off
06/29/2022 11:57:02,Chamber 1,28-031662211eff,30.187,T231,40C,off
06/29/2022 11:57:22,Chamber 1,28-031662211eff,30.187,T231,40C,off
06/29/2022 11:57:42,Chamber 1,28-031662211eff,30.187,T231,40C,off
06/29/2022 11:58:02,Chamber 1,28-031662211eff,30.187,T231,40C,off
06/29/2022 11:58:22,Chamber 1,28-031662211eff,30.187,T231,40C,off
06/29/2022 11:58:42,Chamber 1,28-031662211eff,30.187,T231,40C,off
06/29/2022 11:59:02,Chamber 1,28-031662211eff,30.187,T231,40C,off
06/29/2022 11:59:22,Chamber 1,28-031662211eff,30.125,T231,40C,off
06/29/2022 11:59:42,Chamber 1,28-031662211eff,30.187,T231,40C,off
06/29/2022 12:00:03,Chamber 1,28-031662211eff,30.187,T231,40C,off
06/29/2022 12:00:23,Chamber 1,28-031662211eff,30.187,T231,40C,off
06/29/2022 12:00:43,Chamber 1,28-031662211eff,30.125,T231,40C,off
06/29/2022 12:01:03,Chamber 1,28-031662211eff,30.187,T231,40C,off
06/29/2022 12:01:23,Chamber 1,28-031662211eff,30.125,T231,40C,off
06/29/2022 12:01:43,Chamber 1,28-031662211eff,30.125,T231,40C,off
06/29/2022 12:02:03,Chamber 1,28-031662211eff,30.125,T231,40C,off
06/29/2022 12:02:23,Chamber 1,28-031662211eff,30.125,T231,40C,off
06/29/2022 12:02:43,Chamber 1,28-031662211eff,30.125,T231,40C,off
06/29/2022 12:03:03,Chamber 1,28-031662211eff,30.125,T231,40C,off
06/29/2022 12:03:23,Chamber 1,28-031662211eff,30.125,T231,40C,off
06/29/2022 12:03:43,Chamber 1,28-031662211eff,30.125,T231,40C,off
06/29/2022 12:04:03,Chamber 1,28-031662211eff,30.125,T231,40C,off
06/29/2022 12:04:23,Chamber 1,28-031662211eff,30.125,T231,40C,off
06/29/2022 12:04:43,Chamber 1,28-031662211eff,30.125,T231,40C,off
06/29/2022 12:05:03,Chamber 1,28-031662211eff,30.125,T231,40C,off
06/29/2022 12:05:23,Chamber 1,28-031662211eff,30.125,T231,40C,off
06/29/2022 12:05:43,Chamber 1,28-031662211eff,30.125,T231,40C,off
06/29/2022 12:06:03,Chamber 1,28-031662211eff,30.125,T231,40C,off
06/29/2022 12:06:23,Chamber 1,28-031662211eff,30.125,T231,40C,off
06/29/2022 12:06:43,Chamber 1,28-031662211eff,30.125,T231,40C,off
06/29/2022 12:07:03,Chamber 1,28-031662211eff,30.125,T231,40C,off
06/29/2022 12:07:23,Chamber 1,28-031662211eff,30.125,T231,40C,off
06/29/2022 12:07:43,Chamber 1,28-031662211eff,30.125,T231,40C,off
06/29/2022 12:08:03,Chamber 1,28-031662211eff,30.187,T231,40C,off
06/29/2022 12:08:23,Chamber 1,28-031662211eff,30.187,T231,40C,off
06/29/2022 12:08:43,Chamber 1,28-031662211eff,30.125,T231,40C,off
06/29/2022 12:09:03,Chamber 1,28-031662211eff,30.125,T231,40C,off
06/29/2022 12:09:23,Chamber 1,28-031662211eff,30.125,T231,40C,off
06/29/2022 12:09:43,Chamber 1,28-031662211eff,30.125,T231,40C,off
06/29/2022 12:10:03,Chamber 1,28-031662211eff,30.125,T231,40C,off
06/29/2022 12:10:23,Chamber 1,28-031662211eff,30.125,T231,40C,off
06/29/2022 12:10:43,Chamber 1,28-031662211eff,30.125,T231,40C,off
06/29/2022 12:11:03,Chamber 1,28-031662211eff,30.125,T231,40C,off
06/29/2022 12:11:23,Chamber 1,28-031662211eff,30.125,T231,40C,off
06/29/2022 12:11:43,Chamber 1,28-031662211eff,30.125,T231,40C,off
06/29/2022 12:12:03,Chamber 1,28-031662211eff,30.062,T231,40C,off
06/29/2022 12:12:23,Chamber 1,28-031662211eff,30.062,T231,40C,off
06/29/2022 12:12:43,Chamber 1,28-031662211eff,30.062,T231,40C,off
06/29/2022 12:13:03,Chamber 1,28-031662211eff,30.062,T231,40C,off
06/29/2022 12:13:23,Chamber 1,28-031662211eff,30.062,T231,40C,off
06/29/2022 12:13:43,Chamber 1,28-031662211eff,30.062,T231,40C,off
06/29/2022 12:14:03,Chamber 1,28-031662211eff,30.062,T231,40C,off
06/29/2022 12:14:23,Chamber 1,28-031662211eff,30.062,T231,40C,off
06/29/2022 12:14:43,Chamber 1,28-031662211eff,30.062,T231,40C,off
06/29/2022 12:15:03,Chamber 1,28-031662211eff,30.062,T231,40C,off
06/29/2022 12:15:23,Chamber 1,28-031662211eff,30.062,T231,40C,off
06/29/2022 12:15:43,Chamber 1,28-031662211eff,30.062,T231,40C,off
06/29/2022 12:16:03,Chamber 1,28-031662211eff,30.062,T231,40C,off
06/29/2022 12:16:23,Chamber 1,28-031662211eff,30.062,T231,40C,off
06/29/2022 12:16:43,Chamber 1,28-031662211eff,30.062,T231,40C,off
06/29/2022 12:17:03,Chamber 1,28-031662211eff,30.062,T231,40C,off
06/29/2022 12:17:23,Chamber 1,28-031662211eff,30.062,T231,40C,off
06/29/2022 12:17:43,Chamber 1,28-031662211eff,30.062,T231,40C,off
06/29/2022 12:18:03,Chamber 1,28-031662211eff,30.062,T231,40C,off
06/29/2022 12:18:23,Chamber 1,28-031662211eff,30.062,T231,40C,off
06/29/2022 12:18:43,Chamber 1,28-031662211eff,30.062,T231,40C,off
06/29/2022 12:19:03,Chamber 1,28-031662211eff,30.062,T231,40C,off
06/29/2022 12:19:23,Chamber 1,28-031662211eff,30.062,T231,40C,off
06/29/2022 12:19:43,Chamber 1,28-031662211eff,30.062,T231,40C,off
06/29/2022 12:20:03,Chamber 1,28-031662211eff,30.062,T231,40C,off
06/29/2022 12:20:23,Chamber 1,28-031662211eff,30.062,T231,40C,off
06/29/2022 12:20:43,Chamber 1,28-031662211eff,30.062,T231,40C,off
06/29/2022 12:21:03,Chamber 1,28-031662211eff,30.062,T231,40C,off
06/29/2022 12:21:23,Chamber 1,28-031662211eff,30.062,T231,40C,off
06/29/2022 12:21:43,Chamber 1,28-031662211eff,30.125,T231,40C,off
06/29/2022 12:22:03,Chamber 1,28-031662211eff,30.062,T231,40C,off
06/29/2022 12:22:23,Chamber 1,28-031662211eff,30.125,T231,40C,off
06/29/2022 12:22:43,Chamber 1,28-031662211eff,30.125,T231,40C,off
06/29/2022 12:23:03,Chamber 1,28-031662211eff,30.062,T231,40C,off
06/29/2022 12:23:23,Chamber 1,28-031662211eff,30.125,T231,40C,off
06/29/2022 12:23:43,Chamber 1,28-031662211eff,30.125,T231,40C,off
06/29/2022 12:24:03,Chamber 1,28-031662211eff,30.125,T231,40C,off
06/29/2022 12:24:23,Chamber 1,28-031662211eff,30.062,T231,40C,off
06/29/2022 12:24:43,Chamber 1,28-031662211eff,30.062,T231,40C,off
06/29/2022 12:25:03,Chamber 1,28-031662211eff,30.062,T231,40C,off
06/29/2022 12:25:23,Chamber 1,28-031662211eff,30.062,T231,40C,off
06/29/2022 12:25:43,Chamber 1,28-031662211eff,30.062,T231,40C,off
06/29/2022 12:26:03,Chamber 1,28-031662211eff,30.062,T231,40C,off
06/29/2022 12:26:23,Chamber 1,28-031662211eff,30.062,T231,40C,off
06/29/2022 12:26:43,Chamber 1,28-031662211eff,30.062,T231,40C,off
06/29/2022 12:27:03,Chamber 1,28-031662211eff,30.062,T231,40C,off
06/29/2022 12:27:23,Chamber 1,28-031662211eff,30.062,T231,40C,off
06/29/2022 12:27:43,Chamber 1,28-031662211eff,30.062,T231,40C,off
06/29/2022 12:28:03,Chamber 1,28-031662211eff,30.062,T231,40C,off
06/29/2022 12:28:23,Chamber 1,28-031662211eff,30.062,T231,40C,off
06/29/2022 12:28:43,Chamber 1,28-031662211eff,30.062,T231,40C,off
06/29/2022 12:29:03,Chamber 1,28-031662211eff,30.062,T231,40C,off
06/29/2022 12:29:23,Chamber 1,28-031662211eff,30.062,T231,40C,off
06/29/2022 12:29:43,Chamber 1,28-031662211eff,30.0,T231,40C,off
06/29/2022 12:30:03,Chamber 1,28-031662211eff,30.0,T231,40C,off
06/29/2022 12:30:23,Chamber 1,28-031662211eff,30.0,T231,40C,off
06/29/2022 12:30:43,Chamber 1,28-031662211eff,30.0,T231,40C,off
06/29/2022 12:31:03,Chamber 1,28-031662211eff,30.0,T231,40C,off
06/29/2022 12:31:23,Chamber 1,28-031662211eff,30.0,T231,40C,off
06/29/2022 12:31:43,Chamber 1,28-031662211eff,30.0,T231,40C,off
06/29/2022 12:32:03,Chamber 1,28-031662211eff,30.0,T231,40C,off
06/29/2022 12:32:23,Chamber 1,28-031662211eff,30.0,T231,40C,off
06/29/2022 12:32:43,Chamber 1,28-031662211eff,30.0,T231,40C,off
06/29/2022 12:33:03,Chamber 1,28-031662211eff,30.0,T231,40C,off
06/29/2022 12:33:23,Chamber 1,28-031662211eff,30.0,T231,40C,off
06/29/2022 12:33:43,Chamber 1,28-031662211eff,30.062,T231,40C,off
06/29/2022 12:34:03,Chamber 1,28-031662211eff,30.062,T231,40C,off
06/29/2022 12:34:23,Chamber 1,28-031662211eff,30.062,T231,40C,off
06/29/2022 12:34:43,Chamber 1,28-031662211eff,30.062,T231,40C,off
06/29/2022 12:35:03,Chamber 1,28-031662211eff,30.062,T231,40C,off
06/29/2022 12:35:23,Chamber 1,28-031662211eff,30.062,T231,40C,off
06/29/2022 12:35:43,Chamber 1,28-031662211eff,30.062,T231,40C,off
06/29/2022 12:36:03,Chamber 1,28-031662211eff,30.062,T231,40C,off
06/29/2022 12:36:23,Chamber 1,28-031662211eff,30.062,T231,40C,off
06/29/2022 12:36:43,Chamber 1,28-031662211eff,30.062,T231,40C,off
06/29/2022 12:37:03,Chamber 1,28-031662211eff,30.062,T231,40C,off
06/29/2022 12:37:23,Chamber 1,28-031662211eff,30.062,T231,40C,off
06/29/2022 12:37:43,Chamber 1,28-031662211eff,30.062,T231,40C,off
06/29/2022 12:38:03,Chamber 1,28-031662211eff,30.062,T231,40C,off
06/29/2022 12:38:23,Chamber 1,28-031662211eff,30.062,T231,40C,off
06/29/2022 12:38:43,Chamber 1,28-031662211eff,30.062,T231,40C,off
06/29/2022 12:39:03,Chamber 1,28-031662211eff,30.062,T231,40C,off
06/29/2022 12:39:23,Chamber 1,28-031662211eff,30.062,T231,40C,off
06/29/2022 12:39:43,Chamber 1,28-031662211eff,30.062,T231,40C,off
06/29/2022 12:40:03,Chamber 1,28-031662211eff,30.062,T231,40C,off
06/29/2022 12:40:23,Chamber 1,28-031662211eff,30.062,T231,40C,off
06/29/2022 12:40:43,Chamber 1,28-031662211eff,30.062,T231,40C,off
06/29/2022 12:41:03,Chamber 1,28-031662211eff,30.0,T231,40C,off
06/29/2022 12:41:23,Chamber 1,28-031662211eff,30.0,T231,40C,off
06/29/2022 12:41:43,Chamber 1,28-031662211eff,30.0,T231,40C,off
06/29/2022 12:42:03,Chamber 1,28-031662211eff,30.062,T231,40C,off
06/29/2022 12:42:23,Chamber 1,28-031662211eff,30.062,T231,40C,off
06/29/2022 12:42:43,Chamber 1,28-031662211eff,30.062,T231,40C,off
06/29/2022 12:43:03,Chamber 1,28-031662211eff,30.062,T231,40C,off
06/29/2022 12:43:23,Chamber 1,28-031662211eff,30.062,T231,40C,off
06/29/2022 12:43:43,Chamber 1,28-031662211eff,30.062,T231,40C,off
06/29/2022 12:44:03,Chamber 1,28-031662211eff,30.062,T231,40C,off
06/29/2022 12:44:23,Chamber 1,28-031662211eff,30.062,T231,40C,off
06/29/2022 12:44:43,Chamber 1,28-031662211eff,30.062,T231,40C,off
06/29/2022 12:45:03,Chamber 1,28-031662211eff,30.062,T231,40C,off
06/29/2022 12:45:23,Chamber 1,28-031662211eff,30.062,T231,40C,off
06/29/2022 12:45:43,Chamber 1,28-031662211eff,30.062,T231,40C,off
06/29/2022 12:46:03,Chamber 1,28-031662211eff,30.062,T231,40C,off
06/29/2022 12:46:23,Chamber 1,28-031662211eff,30.062,T231,40C,off
06/29/2022 12:46:43,Chamber 1,28-031662211eff,30.062,T231,40C,off
06/29/2022 12:47:03,Chamber 1,28-031662211eff,30.062,T231,40C,off
06/29/2022 12:47:23,Chamber 1,28-031662211eff,30.062,T231,40C,off
06/29/2022 12:47:43,Chamber 1,28-031662211eff,30.062,T231,40C,off
06/29/2022 12:48:03,Chamber 1,28-031662211eff,30.062,T231,40C,off
06/29/2022 12:48:23,Chamber 1,28-031662211eff,30.062,T231,40C,off
06/29/2022 12:48:43,Chamber 1,28-031662211eff,30.125,T231,40C,off
06/29/2022 12:49:03,Chamber 1,28-031662211eff,30.125,T231,40C,off
06/29/2022 12:49:23,Chamber 1,28-031662211eff,30.125,T231,40C,off
06/29/2022 12:49:43,Chamber 1,28-031662211eff,30.125,T231,40C,off
06/29/2022 12:50:03,Chamber 1,28-031662211eff,30.125,T231,40C,off
06/29/2022 12:50:23,Chamber 1,28-031662211eff,30.125,T231,40C,off
06/29/2022 12:50:43,Chamber 1,28-031662211eff,30.125,T231,40C,off
06/29/2022 12:51:03,Chamber 1,28-031662211eff,30.125,T231,40C,off
06/29/2022 12:51:23,Chamber 1,28-031662211eff,30.125,T231,40C,off
06/29/2022 12:51:43,Chamber 1,28-031662211eff,30.125,T231,40C,off
06/29/2022 12:52:03,Chamber 1,28-031662211eff,30.125,T231,40C,off
06/29/2022 12:52:23,Chamber 1,28-031662211eff,30.125,T231,40C,off
06/29/2022 12:52:43,Chamber 1,28-031662211eff,30.125,T231,40C,off
06/29/2022 12:53:03,Chamber 1,28-031662211eff,30.125,T231,40C,off
06/29/2022 12:53:23,Chamber 1,28-031662211eff,30.187,T231,40C,off
06/29/2022 12:53:43,Chamber 1,28-031662211eff,30.187,T231,40C,off
06/29/2022 12:54:03,Chamber 1,28-031662211eff,30.187,T231,40C,off
06/29/2022 12:54:23,Chamber 1,28-031662211eff,30.187,T231,40C,off
06/29/2022 12:54:43,Chamber 1,28-031662211eff,30.187,T231,40C,off
06/29/2022 12:55:03,Chamber 1,28-031662211eff,30.187,T231,40C,off
06/29/2022 12:55:23,Chamber 1,28-031662211eff,30.187,T231,40C,off
06/29/2022 12:55:43,Chamber 1,28-031662211eff,30.187,T231,40C,off
06/29/2022 12:56:03,Chamber 1,28-031662211eff,30.187,T231,40C,off
06/29/2022 12:56:23,Chamber 1,28-031662211eff,30.187,T231,40C,off
06/29/2022 12:56:43,Chamber 1,28-031662211eff,30.187,T231,40C,off
06/29/2022 12:57:03,Chamber 1,28-031662211eff,30.187,T231,40C,off
06/29/2022 12:57:23,Chamber 1,28-031662211eff,30.187,T231,40C,off
06/29/2022 12:57:43,Chamber 1,28-031662211eff,30.187,T231,40C,off
06/29/2022 12:58:03,Chamber 1,28-031662211eff,30.187,T231,40C,off
06/29/2022 12:58:23,Chamber 1,28-031662211eff,30.187,T231,40C,off
06/29/2022 12:58:43,Chamber 1,28-031662211eff,30.25,T231,40C,off
06/29/2022 12:59:03,Chamber 1,28-031662211eff,30.25,T231,40C,off
06/29/2022 12:59:23,Chamber 1,28-031662211eff,30.25,T231,40C,off
06/29/2022 12:59:43,Chamber 1,28-031662211eff,30.25,T231,40C,off
06/29/2022 13:00:02,Chamber 1,28-031662211eff,30.25,T231,40C,off
06/29/2022 13:00:22,Chamber 1,28-031662211eff,30.25,T231,40C,off
06/29/2022 13:00:42,Chamber 1,28-031662211eff,30.25,T231,40C,off
06/29/2022 13:01:02,Chamber 1,28-031662211eff,30.25,T231,40C,off
06/29/2022 13:01:22,Chamber 1,28-031662211eff,30.25,T231,40C,off
06/29/2022 13:01:42,Chamber 1,28-031662211eff,30.25,T231,40C,off
06/29/2022 13:02:02,Chamber 1,28-031662211eff,30.25,T231,40C,off
06/29/2022 13:02:22,Chamber 1,28-031662211eff,30.312,T231,40C,off
06/29/2022 13:02:42,Chamber 1,28-031662211eff,30.312,T231,40C,off
06/29/2022 13:03:02,Chamber 1,28-031662211eff,30.312,T231,40C,off
06/29/2022 13:03:22,Chamber 1,28-031662211eff,30.312,T231,40C,off
06/29/2022 13:03:42,Chamber 1,28-031662211eff,30.312,T231,40C,off
06/29/2022 13:04:02,Chamber 1,28-031662211eff,30.312,T231,40C,off
06/29/2022 13:04:22,Chamber 1,28-031662211eff,30.312,T231,40C,off
06/29/2022 13:04:42,Chamber 1,28-031662211eff,30.375,T231,40C,off
06/29/2022 13:05:02,Chamber 1,28-031662211eff,30.375,T231,40C,off
06/29/2022 13:05:22,Chamber 1,28-031662211eff,30.375,T231,40C,off
06/29/2022 13:05:42,Chamber 1,28-031662211eff,30.375,T231,40C,off
06/29/2022 13:06:02,Chamber 1,28-031662211eff,30.437,T231,40C,off
06/29/2022 13:06:22,Chamber 1,28-031662211eff,30.437,T231,40C,off
06/29/2022 13:06:42,Chamber 1,28-031662211eff,30.437,T231,40C,off
06/29/2022 13:07:02,Chamber 1,28-031662211eff,30.437,T231,40C,off
06/29/2022 13:07:22,Chamber 1,28-031662211eff,30.437,T231,40C,off
06/29/2022 13:07:42,Chamber 1,28-031662211eff,30.437,T231,40C,off
06/29/2022 13:08:02,Chamber 1,28-031662211eff,30.437,T231,40C,off
06/29/2022 13:08:22,Chamber 1,28-031662211eff,30.437,T231,40C,off
06/29/2022 13:08:42,Chamber 1,28-031662211eff,30.437,T231,40C,off
06/29/2022 13:09:02,Chamber 1,28-031662211eff,30.437,T231,40C,off
06/29/2022 13:09:22,Chamber 1,28-031662211eff,30.437,T231,40C,off
06/29/2022 13:09:42,Chamber 1,28-031662211eff,30.437,T231,40C,off
06/29/2022 13:10:02,Chamber 1,28-031662211eff,30.437,T231,40C,off
06/29/2022 13:10:22,Chamber 1,28-031662211eff,30.437,T231,40C,off
06/29/2022 13:10:42,Chamber 1,28-031662211eff,30.437,T231,40C,off
06/29/2022 13:11:02,Chamber 1,28-031662211eff,30.437,T231,40C,off
06/29/2022 13:11:22,Chamber 1,28-031662211eff,30.437,T231,40C,off
06/29/2022 13:11:42,Chamber 1,28-031662211eff,30.437,T231,40C,off
06/29/2022 13:12:02,Chamber 1,28-031662211eff,30.437,T231,40C,off
06/29/2022 13:12:22,Chamber 1,28-031662211eff,30.437,T231,40C,off
06/29/2022 13:12:42,Chamber 1,28-031662211eff,30.437,T231,40C,off
06/29/2022 13:13:02,Chamber 1,28-031662211eff,30.437,T231,40C,off
06/29/2022 13:13:22,Chamber 1,28-031662211eff,30.437,T231,40C,off
06/29/2022 13:13:42,Chamber 1,28-031662211eff,30.437,T231,40C,off
06/29/2022 13:14:02,Chamber 1,28-031662211eff,30.437,T231,40C,off
06/29/2022 13:14:22,Chamber 1,28-031662211eff,30.437,T231,40C,off
06/29/2022 13:14:42,Chamber 1,28-031662211eff,30.437,T231,40C,off
06/29/2022 13:15:02,Chamber 1,28-031662211eff,30.437,T231,40C,off
06/29/2022 13:15:22,Chamber 1,28-031662211eff,30.437,T231,40C,off
06/29/2022 13:15:42,Chamber 1,28-031662211eff,30.437,T231,40C,off
06/29/2022 13:16:02,Chamber 1,28-031662211eff,30.437,T231,40C,off
06/29/2022 13:16:22,Chamber 1,28-031662211eff,30.437,T231,40C,off
06/29/2022 13:16:42,Chamber 1,28-031662211eff,30.437,T231,40C,off
06/29/2022 13:17:02,Chamber 1,28-031662211eff,30.437,T231,40C,off
06/29/2022 13:17:22,Chamber 1,28-031662211eff,30.437,T231,40C,off
06/29/2022 13:17:42,Chamber 1,28-031662211eff,30.437,T231,40C,off
06/29/2022 13:18:02,Chamber 1,28-031662211eff,30.437,T231,40C,off
06/29/2022 13:18:22,Chamber 1,28-031662211eff,30.437,T231,40C,off
06/29/2022 13:18:42,Chamber 1,28-031662211eff,30.437,T231,40C,off
06/29/2022 13:19:02,Chamber 1,28-031662211eff,30.437,T231,40C,off
06/29/2022 13:19:22,Chamber 1,28-031662211eff,30.437,T231,40C,off
06/29/2022 13:19:42,Chamber 1,28-031662211eff,30.437,T231,40C,off
06/29/2022 13:20:02,Chamber 1,28-031662211eff,30.437,T231,40C,off
06/29/2022 13:20:22,Chamber 1,28-031662211eff,30.437,T231,40C,off
06/29/2022 13:20:42,Chamber 1,28-031662211eff,30.437,T231,40C,off
06/29/2022 13:21:02,Chamber 1,28-031662211eff,30.437,T231,40C,off
06/29/2022 13:21:22,Chamber 1,28-031662211eff,30.437,T231,40C,off
06/29/2022 13:21:42,Chamber 1,28-031662211eff,30.437,T231,40C,off
06/29/2022 13:22:02,Chamber 1,28-031662211eff,30.437,T231,40C,off
06/29/2022 13:22:22,Chamber 1,28-031662211eff,30.437,T231,40C,off
06/29/2022 13:22:42,Chamber 1,28-031662211eff,30.437,T231,40C,off
06/29/2022 13:23:02,Chamber 1,28-031662211eff,30.437,T231,40C,off
06/29/2022 13:23:22,Chamber 1,28-031662211eff,30.437,T231,40C,off
06/29/2022 13:23:42,Chamber 1,28-031662211eff,30.437,T231,40C,off
06/29/2022 13:24:02,Chamber 1,28-031662211eff,30.437,T231,40C,off
06/29/2022 13:24:22,Chamber 1,28-031662211eff,30.437,T231,40C,off
06/29/2022 13:24:42,Chamber 1,28-031662211eff,30.437,T231,40C,off
06/29/2022 13:25:02,Chamber 1,28-031662211eff,30.437,T231,40C,off
06/29/2022 13:25:22,Chamber 1,28-031662211eff,30.437,T231,40C,off
06/29/2022 13:25:42,Chamber 1,28-031662211eff,30.437,T231,40C,off
06/29/2022 13:26:02,Chamber 1,28-031662211eff,30.437,T231,40C,off
06/29/2022 13:26:22,Chamber 1,28-031662211eff,30.437,T231,40C,off
06/29/2022 13:26:42,Chamber 1,28-031662211eff,30.437,T231,40C,off
06/29/2022 13:27:02,Chamber 1,28-031662211eff,30.437,T231,40C,off
06/29/2022 13:27:22,Chamber 1,28-031662211eff,30.437,T231,40C,off
06/29/2022 13:27:42,Chamber 1,28-031662211eff,30.437,T231,40C,off
06/29/2022 13:28:02,Chamber 1,28-031662211eff,30.437,T231,40C,off
06/29/2022 13:28:22,Chamber 1,28-031662211eff,30.437,T231,40C,off
06/29/2022 13:28:42,Chamber 1,28-031662211eff,30.437,T231,40C,off
06/29/2022 13:29:02,Chamber 1,28-031662211eff,30.437,T231,40C,off
06/29/2022 13:29:22,Chamber 1,28-031662211eff,30.437,T231,40C,off
06/29/2022 13:29:42,Chamber 1,28-031662211eff,30.437,T231,40C,off
06/29/2022 13:30:02,Chamber 1,28-031662211eff,30.437,T231,40C,off
06/29/2022 13:30:22,Chamber 1,28-031662211eff,30.437,T231,40C,off
06/29/2022 13:30:42,Chamber 1,28-031662211eff,30.437,T231,40C,off
06/29/2022 13:31:02,Chamber 1,28-031662211eff,30.437,T231,40C,off
06/29/2022 13:31:22,Chamber 1,28-031662211eff,30.437,T231,40C,off
06/29/2022 13:31:42,Chamber 1,28-031662211eff,30.437,T231,40C,off
06/29/2022 13:32:02,Chamber 1,28-031662211eff,30.437,T231,40C,off
06/29/2022 13:32:22,Chamber 1,28-031662211eff,30.437,T231,40C,off
06/29/2022 13:32:42,Chamber 1,28-031662211eff,30.437,T231,40C,off
06/29/2022 13:33:02,Chamber 1,28-031662211eff,30.437,T231,40C,off
06/29/2022 13:33:22,Chamber 1,28-031662211eff,30.437,T231,40C,off
06/29/2022 13:33:42,Chamber 1,28-031662211eff,30.437,T231,40C,off
06/29/2022 13:34:02,Chamber 1,28-031662211eff,30.437,T231,40C,off
06/29/2022 13:34:22,Chamber 1,28-031662211eff,30.437,T231,40C,off
06/29/2022 13:34:42,Chamber 1,28-031662211eff,30.437,T231,40C,off
06/29/2022 13:35:02,Chamber 1,28-031662211eff,30.437,T231,40C,off
06/29/2022 13:35:22,Chamber 1,28-031662211eff,30.375,T231,40C,off
06/29/2022 13:35:42,Chamber 1,28-031662211eff,30.375,T231,40C,off
06/29/2022 13:36:02,Chamber 1,28-031662211eff,30.375,T231,40C,off
06/29/2022 13:36:22,Chamber 1,28-031662211eff,30.375,T231,40C,off
06/29/2022 13:36:42,Chamber 1,28-031662211eff,30.375,T231,40C,off
06/29/2022 13:37:02,Chamber 1,28-031662211eff,30.375,T231,40C,off
06/29/2022 13:37:22,Chamber 1,28-031662211eff,30.375,T231,40C,off
06/29/2022 13:37:42,Chamber 1,28-031662211eff,30.375,T231,40C,off
06/29/2022 13:38:02,Chamber 1,28-031662211eff,30.375,T231,40C,off
06/29/2022 13:38:22,Chamber 1,28-031662211eff,30.375,T231,40C,off
06/29/2022 13:38:42,Chamber 1,28-031662211eff,30.375,T231,40C,off
06/29/2022 13:39:02,Chamber 1,28-031662211eff,30.375,T231,40C,off
06/29/2022 13:39:22,Chamber 1,28-031662211eff,30.375,T231,40C,off
06/29/2022 13:39:42,Chamber 1,28-031662211eff,30.375,T231,40C,off
06/29/2022 13:40:02,Chamber 1,28-031662211eff,30.375,T231,40C,off
06/29/2022 13:40:22,Chamber 1,28-031662211eff,30.375,T231,40C,off
06/29/2022 13:40:42,Chamber 1,28-031662211eff,30.375,T231,40C,off
06/29/2022 13:41:02,Chamber 1,28-031662211eff,30.375,T231,40C,off
06/29/2022 13:41:22,Chamber 1,28-031662211eff,30.375,T231,40C,off
06/29/2022 13:41:42,Chamber 1,28-031662211eff,30.375,T231,40C,off
06/29/2022 13:42:02,Chamber 1,28-031662211eff,30.375,T231,40C,off
06/29/2022 13:42:22,Chamber 1,28-031662211eff,30.375,T231,40C,off
06/29/2022 13:42:42,Chamber 1,28-031662211eff,30.375,T231,40C,off
06/29/2022 13:43:02,Chamber 1,28-031662211eff,30.375,T231,40C,off
06/29/2022 13:43:22,Chamber 1,28-031662211eff,30.312,T231,40C,off
06/29/2022 13:43:42,Chamber 1,28-031662211eff,30.312,T231,40C,off
06/29/2022 13:44:02,Chamber 1,28-031662211eff,30.312,T231,40C,off
06/29/2022 13:44:22,Chamber 1,28-031662211eff,30.312,T231,40C,off
06/29/2022 13:44:42,Chamber 1,28-031662211eff,30.25,T231,40C,off
06/29/2022 13:45:02,Chamber 1,28-031662211eff,30.25,T231,40C,off
06/29/2022 13:45:22,Chamber 1,28-031662211eff,30.25,T231,40C,off
06/29/2022 13:45:42,Chamber 1,28-031662211eff,30.25,T231,40C,off
06/29/2022 13:46:02,Chamber 1,28-031662211eff,30.25,T231,40C,off
06/29/2022 13:46:22,Chamber 1,28-031662211eff,30.25,T231,40C,off
06/29/2022 13:46:42,Chamber 1,28-031662211eff,30.25,T231,40C,off
06/29/2022 13:47:02,Chamber 1,28-031662211eff,30.25,T231,40C,off
06/29/2022 13:47:22,Chamber 1,28-031662211eff,30.312,T231,40C,off
06/29/2022 13:47:42,Chamber 1,28-031662211eff,30.312,T231,40C,off
06/29/2022 13:48:02,Chamber 1,28-031662211eff,30.312,T231,40C,off
06/29/2022 13:48:22,Chamber 1,28-031662211eff,30.312,T231,40C,off
06/29/2022 13:48:42,Chamber 1,28-031662211eff,30.312,T231,40C,off
06/29/2022 13:49:02,Chamber 1,28-031662211eff,30.312,T231,40C,off
06/29/2022 13:49:22,Chamber 1,28-031662211eff,30.312,T231,40C,off
06/29/2022 13:49:42,Chamber 1,28-031662211eff,30.312,T231,40C,off
06/29/2022 13:50:02,Chamber 1,28-031662211eff,30.312,T231,40C,off
06/29/2022 13:50:22,Chamber 1,28-031662211eff,30.25,T231,40C,off
06/29/2022 13:50:42,Chamber 1,28-031662211eff,30.25,T231,40C,off
06/29/2022 13:51:02,Chamber 1,28-031662211eff,30.25,T231,40C,off
06/29/2022 13:51:22,Chamber 1,28-031662211eff,30.25,T231,40C,off
06/29/2022 13:51:42,Chamber 1,28-031662211eff,30.25,T231,40C,off
06/29/2022 13:52:02,Chamber 1,28-031662211eff,30.25,T231,40C,off
06/29/2022 13:52:22,Chamber 1,28-031662211eff,30.25,T231,40C,off
06/29/2022 13:52:42,Chamber 1,28-031662211eff,30.187,T231,40C,off
06/29/2022 13:53:02,Chamber 1,28-031662211eff,30.187,T231,40C,off
06/29/2022 13:53:22,Chamber 1,28-031662211eff,30.187,T231,40C,off
06/29/2022 13:53:42,Chamber 1,28-031662211eff,30.187,T231,40C,off
06/29/2022 13:54:02,Chamber 1,28-031662211eff,30.187,T231,40C,off
06/29/2022 13:54:22,Chamber 1,28-031662211eff,30.187,T231,40C,off
06/29/2022 13:54:42,Chamber 1,28-031662211eff,30.125,T231,40C,off
06/29/2022 13:55:02,Chamber 1,28-031662211eff,30.187,T231,40C,off
06/29/2022 13:55:22,Chamber 1,28-031662211eff,30.187,T231,40C,off
06/29/2022 13:55:42,Chamber 1,28-031662211eff,30.187,T231,40C,off
06/29/2022 13:56:02,Chamber 1,28-031662211eff,30.187,T231,40C,off
06/29/2022 13:56:22,Chamber 1,28-031662211eff,30.187,T231,40C,off
06/29/2022 13:56:42,Chamber 1,28-031662211eff,30.187,T231,40C,off
06/29/2022 13:57:02,Chamber 1,28-031662211eff,30.187,T231,40C,off
06/29/2022 13:57:22,Chamber 1,28-031662211eff,30.187,T231,40C,off
06/29/2022 13:57:42,Chamber 1,28-031662211eff,30.187,T231,40C,off
06/29/2022 13:58:02,Chamber 1,28-031662211eff,30.187,T231,40C,off
06/29/2022 13:58:22,Chamber 1,28-031662211eff,30.187,T231,40C,off
06/29/2022 13:58:42,Chamber 1,28-031662211eff,30.187,T231,40C,off
06/29/2022 13:59:02,Chamber 1,28-031662211eff,30.187,T231,40C,off
06/29/2022 13:59:22,Chamber 1,28-031662211eff,30.187,T231,40C,off
06/29/2022 13:59:42,Chamber 1,28-031662211eff,30.187,T231,40C,off
06/29/2022 14:00:03,Chamber 1,28-031662211eff,30.187,T231,40C,off
06/29/2022 14:00:23,Chamber 1,28-031662211eff,30.187,T231,40C,off
06/29/2022 14:00:43,Chamber 1,28-031662211eff,30.187,T231,40C,off
06/29/2022 14:01:03,Chamber 1,28-031662211eff,30.187,T231,40C,off
06/29/2022 14:01:23,Chamber 1,28-031662211eff,30.187,T231,40C,off
06/29/2022 14:01:43,Chamber 1,28-031662211eff,30.187,T231,40C,off
06/29/2022 14:02:03,Chamber 1,28-031662211eff,30.187,T231,40C,off
06/29/2022 14:02:23,Chamber 1,28-031662211eff,30.187,T231,40C,off
06/29/2022 14:02:43,Chamber 1,28-031662211eff,30.187,T231,40C,off
06/29/2022 14:03:03,Chamber 1,28-031662211eff,30.187,T231,40C,off
06/29/2022 14:03:23,Chamber 1,28-031662211eff,30.187,T231,40C,off
06/29/2022 14:03:43,Chamber 1,28-031662211eff,30.187,T231,40C,off
06/29/2022 14:04:03,Chamber 1,28-031662211eff,30.187,T231,40C,off
06/29/2022 14:04:23,Chamber 1,28-031662211eff,30.187,T231,40C,off
06/29/2022 14:04:43,Chamber 1,28-031662211eff,30.25,T231,40C,off
06/29/2022 14:05:03,Chamber 1,28-031662211eff,30.187,T231,40C,off
06/29/2022 14:05:23,Chamber 1,28-031662211eff,30.187,T231,40C,off
06/29/2022 14:05:43,Chamber 1,28-031662211eff,30.187,T231,40C,off
06/29/2022 14:06:03,Chamber 1,28-031662211eff,30.187,T231,40C,off
06/29/2022 14:06:23,Chamber 1,28-031662211eff,30.25,T231,40C,off
06/29/2022 14:06:43,Chamber 1,28-031662211eff,30.187,T231,40C,off
06/29/2022 14:07:03,Chamber 1,28-031662211eff,30.187,T231,40C,off
06/29/2022 14:07:23,Chamber 1,28-031662211eff,30.187,T231,40C,off
06/29/2022 14:07:43,Chamber 1,28-031662211eff,30.187,T231,40C,off
06/29/2022 14:08:03,Chamber 1,28-031662211eff,30.187,T231,40C,off
06/29/2022 14:08:23,Chamber 1,28-031662211eff,30.187,T231,40C,off
06/29/2022 14:08:43,Chamber 1,28-031662211eff,30.187,T231,40C,off
06/29/2022 14:09:03,Chamber 1,28-031662211eff,30.187,T231,40C,off
06/29/2022 14:09:23,Chamber 1,28-031662211eff,30.187,T231,40C,off
06/29/2022 14:09:43,Chamber 1,28-031662211eff,30.187,T231,40C,off
06/29/2022 14:10:03,Chamber 1,28-031662211eff,30.25,T231,40C,off
06/29/2022 14:10:23,Chamber 1,28-031662211eff,30.187,T231,40C,off
06/29/2022 14:10:43,Chamber 1,28-031662211eff,30.187,T231,40C,off
06/29/2022 14:11:03,Chamber 1,28-031662211eff,30.187,T231,40C,off
06/29/2022 14:11:23,Chamber 1,28-031662211eff,30.25,T231,40C,off
06/29/2022 14:11:43,Chamber 1,28-031662211eff,30.187,T231,40C,off
06/29/2022 14:12:03,Chamber 1,28-031662211eff,30.187,T231,40C,off
06/29/2022 14:12:23,Chamber 1,28-031662211eff,30.187,T231,40C,off
06/29/2022 14:12:43,Chamber 1,28-031662211eff,30.187,T231,40C,off
06/29/2022 14:13:03,Chamber 1,28-031662211eff,30.187,T231,40C,off
06/29/2022 14:13:23,Chamber 1,28-031662211eff,30.187,T231,40C,off
06/29/2022 14:13:43,Chamber 1,28-031662211eff,30.187,T231,40C,off
06/29/2022 14:14:03,Chamber 1,28-031662211eff,30.187,T231,40C,off
06/29/2022 14:14:23,Chamber 1,28-031662211eff,30.187,T231,40C,off
06/29/2022 14:14:43,Chamber 1,28-031662211eff,30.187,T231,40C,off
06/29/2022 14:15:03,Chamber 1,28-031662211eff,30.187,T231,40C,off
06/29/2022 14:15:23,Chamber 1,28-031662211eff,30.187,T231,40C,off
06/29/2022 14:15:43,Chamber 1,28-031662211eff,30.187,T231,40C,off
06/29/2022 14:16:03,Chamber 1,28-031662211eff,30.187,T231,40C,off
06/29/2022 14:16:23,Chamber 1,28-031662211eff,30.187,T231,40C,off
06/29/2022 14:16:43,Chamber 1,28-031662211eff,30.187,T231,40C,off
06/29/2022 14:17:03,Chamber 1,28-031662211eff,30.187,T231,40C,off
06/29/2022 14:17:23,Chamber 1,28-031662211eff,30.187,T231,40C,off
06/29/2022 14:17:43,Chamber 1,28-031662211eff,30.187,T231,40C,off
06/29/2022 14:18:03,Chamber 1,28-031662211eff,30.187,T231,40C,off
06/29/2022 14:18:23,Chamber 1,28-031662211eff,30.187,T231,40C,off
06/29/2022 14:18:43,Chamber 1,28-031662211eff,30.187,T231,40C,off
06/29/2022 14:19:03,Chamber 1,28-031662211eff,30.187,T231,40C,off
06/29/2022 14:19:23,Chamber 1,28-031662211eff,30.187,T231,40C,off
06/29/2022 14:19:43,Chamber 1,28-031662211eff,30.125,T231,40C,off
06/29/2022 14:20:03,Chamber 1,28-031662211eff,30.125,T231,40C,off
06/29/2022 14:20:23,Chamber 1,28-031662211eff,30.125,T231,40C,off
06/29/2022 14:20:43,Chamber 1,28-031662211eff,30.125,T231,40C,off
06/29/2022 14:21:03,Chamber 1,28-031662211eff,30.125,T231,40C,off
06/29/2022 14:21:23,Chamber 1,28-031662211eff,30.125,T231,40C,off
06/29/2022 14:21:43,Chamber 1,28-031662211eff,30.125,T231,40C,off
06/29/2022 14:22:03,Chamber 1,28-031662211eff,30.125,T231,40C,off
06/29/2022 14:22:23,Chamber 1,28-031662211eff,30.125,T231,40C,off
06/29/2022 14:22:43,Chamber 1,28-031662211eff,30.125,T231,40C,off
06/29/2022 14:23:03,Chamber 1,28-031662211eff,30.125,T231,40C,off
06/29/2022 14:23:23,Chamber 1,28-031662211eff,30.125,T231,40C,off
06/29/2022 14:23:43,Chamber 1,28-031662211eff,30.125,T231,40C,off
06/29/2022 14:24:03,Chamber 1,28-031662211eff,30.125,T231,40C,off
06/29/2022 14:24:23,Chamber 1,28-031662211eff,30.125,T231,40C,off
06/29/2022 14:24:43,Chamber 1,28-031662211eff,30.125,T231,40C,off
06/29/2022 14:25:03,Chamber 1,28-031662211eff,30.125,T231,40C,off
06/29/2022 14:25:23,Chamber 1,28-031662211eff,30.125,T231,40C,off
06/29/2022 14:25:43,Chamber 1,28-031662211eff,30.125,T231,40C,off
06/29/2022 14:26:03,Chamber 1,28-031662211eff,30.125,T231,40C,off
06/29/2022 14:26:23,Chamber 1,28-031662211eff,30.125,T231,40C,off
06/29/2022 14:26:43,Chamber 1,28-031662211eff,30.125,T231,40C,off
06/29/2022 14:27:03,Chamber 1,28-031662211eff,30.125,T231,40C,off
06/29/2022 14:27:23,Chamber 1,28-031662211eff,30.125,T231,40C,off
06/29/2022 14:27:43,Chamber 1,28-031662211eff,30.125,T231,40C,off
06/29/2022 14:28:03,Chamber 1,28-031662211eff,30.125,T231,40C,off
06/29/2022 14:28:23,Chamber 1,28-031662211eff,30.125,T231,40C,off
06/29/2022 14:28:43,Chamber 1,28-031662211eff,30.125,T231,40C,off
06/29/2022 14:29:03,Chamber 1,28-031662211eff,30.125,T231,40C,off
06/29/2022 14:29:23,Chamber 1,28-031662211eff,30.125,T231,40C,off
06/29/2022 14:29:43,Chamber 1,28-031662211eff,30.125,T231,40C,off
06/29/2022 14:30:03,Chamber 1,28-031662211eff,30.125,T231,40C,off
06/29/2022 14:30:23,Chamber 1,28-031662211eff,30.125,T231,40C,off
06/29/2022 14:30:43,Chamber 1,28-031662211eff,30.125,T231,40C,off
06/29/2022 14:31:03,Chamber 1,28-031662211eff,30.125,T231,40C,off
06/29/2022 14:31:23,Chamber 1,28-031662211eff,30.125,T231,40C,off
06/29/2022 14:31:43,Chamber 1,28-031662211eff,30.125,T231,40C,off
06/29/2022 14:32:03,Chamber 1,28-031662211eff,30.125,T231,40C,off
06/29/2022 14:32:23,Chamber 1,28-031662211eff,30.125,T231,40C,off
06/29/2022 14:32:43,Chamber 1,28-031662211eff,30.125,T231,40C,off
06/29/2022 14:33:03,Chamber 1,28-031662211eff,30.125,T231,40C,off
06/29/2022 14:33:23,Chamber 1,28-031662211eff,30.125,T231,40C,off
06/29/2022 14:33:43,Chamber 1,28-031662211eff,30.125,T231,40C,off
06/29/2022 14:34:03,Chamber 1,28-031662211eff,30.125,T231,40C,off
06/29/2022 14:34:23,Chamber 1,28-031662211eff,30.125,T231,40C,off
06/29/2022 14:34:43,Chamber 1,28-031662211eff,30.125,T231,40C,off
06/29/2022 14:35:03,Chamber 1,28-031662211eff,30.125,T231,40C,off
06/29/2022 14:35:23,Chamber 1,28-031662211eff,30.125,T231,40C,off
06/29/2022 14:35:43,Chamber 1,28-031662211eff,30.125,T231,40C,off
06/29/2022 14:36:03,Chamber 1,28-031662211eff,30.125,T231,40C,off
06/29/2022 14:36:23,Chamber 1,28-031662211eff,30.125,T231,40C,off
06/29/2022 14:36:43,Chamber 1,28-031662211eff,30.125,T231,40C,off
06/29/2022 14:37:03,Chamber 1,28-031662211eff,30.125,T231,40C,off
06/29/2022 14:37:23,Chamber 1,28-031662211eff,30.125,T231,40C,off
06/29/2022 14:37:43,Chamber 1,28-031662211eff,30.125,T231,40C,off
06/29/2022 14:38:03,Chamber 1,28-031662211eff,30.125,T231,40C,off
06/29/2022 14:38:23,Chamber 1,28-031662211eff,30.125,T231,40C,off
06/29/2022 14:38:43,Chamber 1,28-031662211eff,30.125,T231,40C,off
06/29/2022 14:39:03,Chamber 1,28-031662211eff,30.187,T231,40C,off
06/29/2022 14:39:23,Chamber 1,28-031662211eff,30.187,T231,40C,off
06/29/2022 14:39:43,Chamber 1,28-031662211eff,30.125,T231,40C,off
06/29/2022 14:40:03,Chamber 1,28-031662211eff,30.187,T231,40C,off
06/29/2022 14:40:23,Chamber 1,28-031662211eff,30.187,T231,40C,off
06/29/2022 14:40:43,Chamber 1,28-031662211eff,30.187,T231,40C,off
06/29/2022 14:41:03,Chamber 1,28-031662211eff,30.187,T231,40C,off
06/29/2022 14:41:23,Chamber 1,28-031662211eff,30.187,T231,40C,off
06/29/2022 14:41:43,Chamber 1,28-031662211eff,30.187,T231,40C,off
06/29/2022 14:42:03,Chamber 1,28-031662211eff,30.187,T231,40C,off
06/29/2022 14:42:23,Chamber 1,28-031662211eff,30.187,T231,40C,off
06/29/2022 14:42:43,Chamber 1,28-031662211eff,30.187,T231,40C,off
06/29/2022 14:43:03,Chamber 1,28-031662211eff,30.187,T231,40C,off
06/29/2022 14:43:23,Chamber 1,28-031662211eff,30.187,T231,40C,off
06/29/2022 14:43:43,Chamber 1,28-031662211eff,30.187,T231,40C,off
06/29/2022 14:44:03,Chamber 1,28-031662211eff,30.187,T231,40C,off
06/29/2022 14:44:23,Chamber 1,28-031662211eff,30.187,T231,40C,off
06/29/2022 14:44:43,Chamber 1,28-031662211eff,30.187,T231,40C,off
06/29/2022 14:45:03,Chamber 1,28-031662211eff,30.25,T231,40C,off
06/29/2022 14:45:23,Chamber 1,28-031662211eff,30.25,T231,40C,off
06/29/2022 14:45:43,Chamber 1,28-031662211eff,30.25,T231,40C,off
06/29/2022 14:46:03,Chamber 1,28-031662211eff,30.25,T231,40C,off
06/29/2022 14:46:23,Chamber 1,28-031662211eff,30.25,T231,40C,off
06/29/2022 14:46:43,Chamber 1,28-031662211eff,30.25,T231,40C,off
06/29/2022 14:47:03,Chamber 1,28-031662211eff,30.25,T231,40C,off
06/29/2022 14:47:23,Chamber 1,28-031662211eff,30.25,T231,40C,off
06/29/2022 14:47:43,Chamber 1,28-031662211eff,30.25,T231,40C,off
06/29/2022 14:48:03,Chamber 1,28-031662211eff,30.25,T231,40C,off
06/29/2022 14:48:23,Chamber 1,28-031662211eff,30.25,T231,40C,off
06/29/2022 14:48:43,Chamber 1,28-031662211eff,30.25,T231,40C,off
06/29/2022 14:49:03,Chamber 1,28-031662211eff,30.25,T231,40C,off
06/29/2022 14:49:23,Chamber 1,28-031662211eff,30.25,T231,40C,off
06/29/2022 14:49:43,Chamber 1,28-031662211eff,30.25,T231,40C,off
06/29/2022 14:50:03,Chamber 1,28-031662211eff,30.25,T231,40C,off
06/29/2022 14:50:23,Chamber 1,28-031662211eff,30.25,T231,40C,off
06/29/2022 14:50:43,Chamber 1,28-031662211eff,30.25,T231,40C,off
06/29/2022 14:51:03,Chamber 1,28-031662211eff,30.312,T231,40C,off
06/29/2022 14:51:23,Chamber 1,28-031662211eff,30.312,T231,40C,off
06/29/2022 14:51:43,Chamber 1,28-031662211eff,30.312,T231,40C,off
06/29/2022 14:52:03,Chamber 1,28-031662211eff,30.312,T231,40C,off
06/29/2022 14:52:23,Chamber 1,28-031662211eff,30.312,T231,40C,off
06/29/2022 14:52:43,Chamber 1,28-031662211eff,30.312,T231,40C,off
06/29/2022 14:53:03,Chamber 1,28-031662211eff,30.312,T231,40C,off
06/29/2022 14:53:23,Chamber 1,28-031662211eff,30.312,T231,40C,off
06/29/2022 14:53:43,Chamber 1,28-031662211eff,30.312,T231,40C,off
06/29/2022 14:54:03,Chamber 1,28-031662211eff,30.312,T231,40C,off
06/29/2022 14:54:23,Chamber 1,28-031662211eff,30.312,T231,40C,off
06/29/2022 14:54:43,Chamber 1,28-031662211eff,30.312,T231,40C,off
06/29/2022 14:55:03,Chamber 1,28-031662211eff,30.312,T231,40C,off
06/29/2022 14:55:23,Chamber 1,28-031662211eff,30.312,T231,40C,off
06/29/2022 14:55:43,Chamber 1,28-031662211eff,30.312,T231,40C,off
06/29/2022 14:56:03,Chamber 1,28-031662211eff,30.312,T231,40C,off
06/29/2022 14:56:23,Chamber 1,28-031662211eff,30.312,T231,40C,off
06/29/2022 14:56:43,Chamber 1,28-031662211eff,30.312,T231,40C,off
06/29/2022 14:57:03,Chamber 1,28-031662211eff,30.312,T231,40C,off
06/29/2022 14:57:23,Chamber 1,28-031662211eff,30.312,T231,40C,off
06/29/2022 14:57:43,Chamber 1,28-031662211eff,30.312,T231,40C,off
06/29/2022 14:58:03,Chamber 1,28-031662211eff,30.375,T231,40C,off
06/29/2022 14:58:23,Chamber 1,28-031662211eff,30.375,T231,40C,off
06/29/2022 14:58:43,Chamber 1,28-031662211eff,30.375,T231,40C,off
06/29/2022 14:59:03,Chamber 1,28-031662211eff,30.375,T231,40C,off
06/29/2022 14:59:23,Chamber 1,28-031662211eff,30.312,T231,40C,off
06/29/2022 14:59:43,Chamber 1,28-031662211eff,30.375,T231,40C,off
06/29/2022 15:00:02,Chamber 1,28-031662211eff,30.312,T231,40C,off
06/29/2022 15:00:22,Chamber 1,28-031662211eff,30.312,T231,40C,off
06/29/2022 15:00:42,Chamber 1,28-031662211eff,30.312,T231,40C,off
06/29/2022 15:01:02,Chamber 1,28-031662211eff,30.312,T231,40C,off
06/29/2022 15:01:22,Chamber 1,28-031662211eff,30.312,T231,40C,off
06/29/2022 15:01:42,Chamber 1,28-031662211eff,30.312,T231,40C,off
06/29/2022 15:02:02,Chamber 1,28-031662211eff,30.312,T231,40C,off
06/29/2022 15:02:22,Chamber 1,28-031662211eff,30.312,T231,40C,off
06/29/2022 15:02:42,Chamber 1,28-031662211eff,30.312,T231,40C,off
06/29/2022 15:03:02,Chamber 1,28-031662211eff,30.375,T231,40C,off
06/29/2022 15:03:22,Chamber 1,28-031662211eff,30.375,T231,40C,off
06/29/2022 15:03:42,Chamber 1,28-031662211eff,30.375,T231,40C,off
06/29/2022 15:04:02,Chamber 1,28-031662211eff,30.375,T231,40C,off
06/29/2022 15:04:22,Chamber 1,28-031662211eff,30.375,T231,40C,off
06/29/2022 15:04:42,Chamber 1,28-031662211eff,30.375,T231,40C,off
06/29/2022 15:05:02,Chamber 1,28-031662211eff,30.375,T231,40C,off
06/29/2022 15:05:22,Chamber 1,28-031662211eff,30.375,T231,40C,off
06/29/2022 15:05:42,Chamber 1,28-031662211eff,30.312,T231,40C,off
06/29/2022 15:06:02,Chamber 1,28-031662211eff,30.312,T231,40C,off
06/29/2022 15:06:22,Chamber 1,28-031662211eff,30.312,T231,40C,off
06/29/2022 15:06:42,Chamber 1,28-031662211eff,30.312,T231,40C,off
06/29/2022 15:07:02,Chamber 1,28-031662211eff,30.375,T231,40C,off
06/29/2022 15:07:22,Chamber 1,28-031662211eff,30.375,T231,40C,off
06/29/2022 15:07:42,Chamber 1,28-031662211eff,30.375,T231,40C,off
06/29/2022 15:08:02,Chamber 1,28-031662211eff,30.312,T231,40C,off
06/29/2022 15:08:22,Chamber 1,28-031662211eff,30.312,T231,40C,off
06/29/2022 15:08:42,Chamber 1,28-031662211eff,30.375,T231,40C,off
06/29/2022 15:09:02,Chamber 1,28-031662211eff,30.375,T231,40C,off
06/29/2022 15:09:22,Chamber 1,28-031662211eff,30.375,T231,40C,off
06/29/2022 15:09:42,Chamber 1,28-031662211eff,30.375,T231,40C,off
06/29/2022 15:10:02,Chamber 1,28-031662211eff,30.312,T231,40C,off
06/29/2022 15:10:22,Chamber 1,28-031662211eff,30.312,T231,40C,off
06/29/2022 15:10:42,Chamber 1,28-031662211eff,30.312,T231,40C,off
06/29/2022 15:11:02,Chamber 1,28-031662211eff,30.312,T231,40C,off
06/29/2022 15:11:22,Chamber 1,28-031662211eff,30.312,T231,40C,off
06/29/2022 15:11:42,Chamber 1,28-031662211eff,30.312,T231,40C,off
06/29/2022 15:12:02,Chamber 1,28-031662211eff,30.312,T231,40C,off
06/29/2022 15:12:22,Chamber 1,28-031662211eff,30.312,T231,40C,off
06/29/2022 15:12:42,Chamber 1,28-031662211eff,30.312,T231,40C,off
06/29/2022 15:13:02,Chamber 1,28-031662211eff,30.312,T231,40C,off
06/29/2022 15:13:22,Chamber 1,28-031662211eff,30.312,T231,40C,off
06/29/2022 15:13:42,Chamber 1,28-031662211eff,30.312,T231,40C,off
06/29/2022 15:14:02,Chamber 1,28-031662211eff,30.312,T231,40C,off
06/29/2022 15:14:22,Chamber 1,28-031662211eff,30.312,T231,40C,off
06/29/2022 15:14:42,Chamber 1,28-031662211eff,30.312,T231,40C,off
06/29/2022 15:15:02,Chamber 1,28-031662211eff,30.312,T231,40C,off
06/29/2022 15:15:22,Chamber 1,28-031662211eff,30.312,T231,40C,off
06/29/2022 15:15:42,Chamber 1,28-031662211eff,30.312,T231,40C,off
06/29/2022 15:16:02,Chamber 1,28-031662211eff,30.312,T231,40C,off
06/29/2022 15:16:22,Chamber 1,28-031662211eff,30.312,T231,40C,off
06/29/2022 15:16:42,Chamber 1,28-031662211eff,30.312,T231,40C,off
06/29/2022 15:17:02,Chamber 1,28-031662211eff,30.312,T231,40C,off
06/29/2022 15:17:22,Chamber 1,28-031662211eff,30.312,T231,40C,off
06/29/2022 15:17:42,Chamber 1,28-031662211eff,30.312,T231,40C,off
06/29/2022 15:18:02,Chamber 1,28-031662211eff,30.312,T231,40C,off
06/29/2022 15:18:22,Chamber 1,28-031662211eff,30.312,T231,40C,off
06/29/2022 15:18:42,Chamber 1,28-031662211eff,30.312,T231,40C,off
06/29/2022 15:19:02,Chamber 1,28-031662211eff,30.312,T231,40C,off
06/29/2022 15:19:22,Chamber 1,28-031662211eff,30.312,T231,40C,off
06/29/2022 15:19:42,Chamber 1,28-031662211eff,30.312,T231,40C,off
06/29/2022 15:20:02,Chamber 1,28-031662211eff,30.312,T231,40C,off
06/29/2022 15:20:22,Chamber 1,28-031662211eff,30.312,T231,40C,off
06/29/2022 15:20:42,Chamber 1,28-031662211eff,30.312,T231,40C,off
06/29/2022 15:21:02,Chamber 1,28-031662211eff,30.312,T231,40C,off
06/29/2022 15:21:22,Chamber 1,28-031662211eff,30.312,T231,40C,off
06/29/2022 15:21:42,Chamber 1,28-031662211eff,30.312,T231,40C,off
06/29/2022 15:22:02,Chamber 1,28-031662211eff,30.312,T231,40C,off
06/29/2022 15:22:22,Chamber 1,28-031662211eff,30.312,T231,40C,off
06/29/2022 15:22:42,Chamber 1,28-031662211eff,30.312,T231,40C,off
06/29/2022 15:23:02,Chamber 1,28-031662211eff,30.312,T231,40C,off
06/29/2022 15:23:22,Chamber 1,28-031662211eff,30.312,T231,40C,off
06/29/2022 15:23:42,Chamber 1,28-031662211eff,30.312,T231,40C,off
06/29/2022 15:24:02,Chamber 1,28-031662211eff,30.312,T231,40C,off
06/29/2022 15:24:22,Chamber 1,28-031662211eff,30.312,T231,40C,off
06/29/2022 15:24:42,Chamber 1,28-031662211eff,30.312,T231,40C,off
06/29/2022 15:25:02,Chamber 1,28-031662211eff,30.312,T231,40C,off
06/29/2022 15:25:22,Chamber 1,28-031662211eff,30.312,T231,40C,off
06/29/2022 15:25:42,Chamber 1,28-031662211eff,30.312,T231,40C,off
06/29/2022 15:26:02,Chamber 1,28-031662211eff,30.312,T231,40C,off
06/29/2022 15:26:22,Chamber 1,28-031662211eff,30.312,T231,40C,off
06/29/2022 15:26:42,Chamber 1,28-031662211eff,30.25,T231,40C,off
06/29/2022 15:27:02,Chamber 1,28-031662211eff,30.312,T231,40C,off
06/29/2022 15:27:22,Chamber 1,28-031662211eff,30.25,T231,40C,off
06/29/2022 15:27:42,Chamber 1,28-031662211eff,30.25,T231,40C,off
06/29/2022 15:28:02,Chamber 1,28-031662211eff,30.25,T231,40C,off
06/29/2022 15:28:22,Chamber 1,28-031662211eff,30.25,T231,40C,off
06/29/2022 15:28:42,Chamber 1,28-031662211eff,30.25,T231,40C,off
06/29/2022 15:29:02,Chamber 1,28-031662211eff,30.25,T231,40C,off
06/29/2022 15:29:22,Chamber 1,28-031662211eff,30.187,T231,40C,off
06/29/2022 15:29:42,Chamber 1,28-031662211eff,30.187,T231,40C,off
06/29/2022 15:30:02,Chamber 1,28-031662211eff,30.187,T231,40C,off
06/29/2022 15:30:22,Chamber 1,28-031662211eff,30.187,T231,40C,off
06/29/2022 15:30:42,Chamber 1,28-031662211eff,30.187,T231,40C,off
06/29/2022 15:31:02,Chamber 1,28-031662211eff,30.187,T231,40C,off
06/29/2022 15:31:22,Chamber 1,28-031662211eff,30.187,T231,40C,off
06/29/2022 15:31:42,Chamber 1,28-031662211eff,30.187,T231,40C,off
06/29/2022 15:32:02,Chamber 1,28-031662211eff,30.187,T231,40C,off
06/29/2022 15:32:22,Chamber 1,28-031662211eff,30.187,T231,40C,off
06/29/2022 15:32:42,Chamber 1,28-031662211eff,30.187,T231,40C,off
06/29/2022 15:33:02,Chamber 1,28-031662211eff,30.187,T231,40C,off
06/29/2022 15:33:22,Chamber 1,28-031662211eff,30.187,T231,40C,off
06/29/2022 15:33:42,Chamber 1,28-031662211eff,30.187,T231,40C,off
06/29/2022 15:34:02,Chamber 1,28-031662211eff,30.187,T231,40C,off
06/29/2022 15:34:22,Chamber 1,28-031662211eff,30.187,T231,40C,off
06/29/2022 15:34:42,Chamber 1,28-031662211eff,30.187,T231,40C,off
06/29/2022 15:35:02,Chamber 1,28-031662211eff,30.187,T231,40C,off
06/29/2022 15:35:22,Chamber 1,28-031662211eff,30.187,T231,40C,off
06/29/2022 15:35:42,Chamber 1,28-031662211eff,30.187,T231,40C,off
06/29/2022 15:36:02,Chamber 1,28-031662211eff,30.187,T231,40C,off
06/29/2022 15:36:22,Chamber 1,28-031662211eff,30.187,T231,40C,off
06/29/2022 15:36:42,Chamber 1,28-031662211eff,30.187,T231,40C,off
06/29/2022 15:37:02,Chamber 1,28-031662211eff,30.187,T231,40C,off
06/29/2022 15:37:22,Chamber 1,28-031662211eff,30.187,T231,40C,off
06/29/2022 15:37:42,Chamber 1,28-031662211eff,30.187,T231,40C,off
06/29/2022 15:38:02,Chamber 1,28-031662211eff,30.187,T231,40C,off
06/29/2022 15:38:22,Chamber 1,28-031662211eff,30.187,T231,40C,off
06/29/2022 15:38:42,Chamber 1,28-031662211eff,30.125,T231,40C,off
06/29/2022 15:39:02,Chamber 1,28-031662211eff,30.125,T231,40C,off
06/29/2022 15:39:22,Chamber 1,28-031662211eff,30.125,T231,40C,off
06/29/2022 15:39:42,Chamber 1,28-031662211eff,30.125,T231,40C,off
06/29/2022 15:40:02,Chamber 1,28-031662211eff,30.125,T231,40C,off
06/29/2022 15:40:22,Chamber 1,28-031662211eff,30.125,T231,40C,off
06/29/2022 15:40:42,Chamber 1,28-031662211eff,30.125,T231,40C,off
06/29/2022 15:41:02,Chamber 1,28-031662211eff,30.125,T231,40C,off
06/29/2022 15:41:22,Chamber 1,28-031662211eff,30.125,T231,40C,off
06/29/2022 15:41:42,Chamber 1,28-031662211eff,30.125,T231,40C,off
06/29/2022 15:42:02,Chamber 1,28-031662211eff,30.125,T231,40C,off
06/29/2022 15:42:22,Chamber 1,28-031662211eff,30.125,T231,40C,off
06/29/2022 15:42:42,Chamber 1,28-031662211eff,30.125,T231,40C,off
06/29/2022 15:43:03,Chamber 1,28-031662211eff,30.125,T231,40C,off
06/29/2022 15:43:22,Chamber 1,28-031662211eff,30.125,T231,40C,off
06/29/2022 15:43:42,Chamber 1,28-031662211eff,30.062,T231,40C,off
06/29/2022 15:44:02,Chamber 1,28-031662211eff,30.062,T231,40C,off
06/29/2022 15:44:22,Chamber 1,28-031662211eff,30.062,T231,40C,off
06/29/2022 15:44:42,Chamber 1,28-031662211eff,30.062,T231,40C,off
06/29/2022 15:45:02,Chamber 1,28-031662211eff,30.062,T231,40C,off
06/29/2022 15:45:22,Chamber 1,28-031662211eff,30.062,T231,40C,off
06/29/2022 15:45:42,Chamber 1,28-031662211eff,30.062,T231,40C,off
06/29/2022 15:46:02,Chamber 1,28-031662211eff,30.062,T231,40C,off
06/29/2022 15:46:22,Chamber 1,28-031662211eff,30.062,T231,40C,off
06/29/2022 15:46:42,Chamber 1,28-031662211eff,30.125,T231,40C,off
06/29/2022 15:47:02,Chamber 1,28-031662211eff,30.062,T231,40C,off
06/29/2022 15:47:22,Chamber 1,28-031662211eff,30.062,T231,40C,off
06/29/2022 15:47:42,Chamber 1,28-031662211eff,30.125,T231,40C,off
06/29/2022 15:48:02,Chamber 1,28-031662211eff,30.125,T231,40C,off
06/29/2022 15:48:24,Chamber 1,28-031662211eff,30.125,T231,40C,off
06/29/2022 15:48:42,Chamber 1,28-031662211eff,30.125,T231,40C,off
06/29/2022 15:49:02,Chamber 1,28-031662211eff,30.125,T231,40C,off
06/29/2022 15:49:22,Chamber 1,28-031662211eff,30.125,T231,40C,off
06/29/2022 15:49:42,Chamber 1,28-031662211eff,30.125,T231,40C,off
06/29/2022 15:50:02,Chamber 1,28-031662211eff,30.125,T231,40C,off
06/29/2022 15:50:22,Chamber 1,28-031662211eff,30.125,T231,40C,off
06/29/2022 15:50:42,Chamber 1,28-031662211eff,30.125,T231,40C,off
06/29/2022 15:51:02,Chamber 1,28-031662211eff,30.125,T231,40C,off
06/29/2022 15:51:22,Chamber 1,28-031662211eff,30.125,T231,40C,off
06/29/2022 15:51:42,Chamber 1,28-031662211eff,30.125,T231,40C,off
06/29/2022 15:52:02,Chamber 1,28-031662211eff,30.125,T231,40C,off
06/29/2022 15:52:22,Chamber 1,28-031662211eff,30.125,T231,40C,off
06/29/2022 15:52:42,Chamber 1,28-031662211eff,30.125,T231,40C,off
06/29/2022 15:53:02,Chamber 1,28-031662211eff,30.125,T231,40C,off
06/29/2022 15:53:22,Chamber 1,28-031662211eff,30.125,T231,40C,off
06/29/2022 15:53:42,Chamber 1,28-031662211eff,30.125,T231,40C,off
06/29/2022 15:54:02,Chamber 1,28-031662211eff,30.125,T231,40C,off
06/29/2022 15:54:22,Chamber 1,28-031662211eff,30.125,T231,40C,off
06/29/2022 15:54:42,Chamber 1,28-031662211eff,30.125,T231,40C,off
06/29/2022 15:55:02,Chamber 1,28-031662211eff,30.125,T231,40C,off
06/29/2022 15:55:22,Chamber 1,28-031662211eff,30.125,T231,40C,off
06/29/2022 15:55:42,Chamber 1,28-031662211eff,30.125,T231,40C,off
06/29/2022 15:56:02,Chamber 1,28-031662211eff,30.125,T231,40C,off
06/29/2022 15:56:22,Chamber 1,28-031662211eff,30.125,T231,40C,off
06/29/2022 15:56:42,Chamber 1,28-031662211eff,30.125,T231,40C,off
06/29/2022 15:57:02,Chamber 1,28-031662211eff,30.125,T231,40C,off
06/29/2022 15:57:22,Chamber 1,28-031662211eff,30.125,T231,40C,off
06/29/2022 15:57:42,Chamber 1,28-031662211eff,30.125,T231,40C,off
06/29/2022 15:58:02,Chamber 1,28-031662211eff,30.125,T231,40C,off
06/29/2022 15:58:22,Chamber 1,28-031662211eff,30.125,T231,40C,off
06/29/2022 15:58:42,Chamber 1,28-031662211eff,30.125,T231,40C,off
06/29/2022 15:59:02,Chamber 1,28-031662211eff,30.125,T231,40C,off
06/29/2022 15:59:22,Chamber 1,28-031662211eff,30.125,T231,40C,off
06/29/2022 15:59:42,Chamber 1,28-031662211eff,30.125,T231,40C,off
06/29/2022 16:00:02,Chamber 1,28-031662211eff,30.125,T231,40C,off
06/29/2022 16:00:22,Chamber 1,28-031662211eff,30.125,T231,40C,off
06/29/2022 16:00:42,Chamber 1,28-031662211eff,30.125,T231,40C,off
06/29/2022 16:01:02,Chamber 1,28-031662211eff,30.125,T231,40C,off
06/29/2022 16:01:22,Chamber 1,28-031662211eff,30.125,T231,40C,off
06/29/2022 16:01:42,Chamber 1,28-031662211eff,30.125,T231,40C,off
06/29/2022 16:02:02,Chamber 1,28-031662211eff,30.125,T231,40C,off
06/29/2022 16:02:22,Chamber 1,28-031662211eff,30.125,T231,40C,off
06/29/2022 16:02:42,Chamber 1,28-031662211eff,30.125,T231,40C,off
06/29/2022 16:03:02,Chamber 1,28-031662211eff,30.125,T231,40C,off
06/29/2022 16:03:22,Chamber 1,28-031662211eff,30.125,T231,40C,off
06/29/2022 16:03:42,Chamber 1,28-031662211eff,30.125,T231,40C,off
06/29/2022 16:04:02,Chamber 1,28-031662211eff,30.125,T231,40C,off
06/29/2022 16:04:22,Chamber 1,28-031662211eff,30.125,T231,40C,off
06/29/2022 16:04:42,Chamber 1,28-031662211eff,30.125,T231,40C,off
06/29/2022 16:05:02,Chamber 1,28-031662211eff,30.187,T231,40C,off
06/29/2022 16:05:22,Chamber 1,28-031662211eff,30.125,T231,40C,off
06/29/2022 16:05:42,Chamber 1,28-031662211eff,30.125,T231,40C,off
06/29/2022 16:06:02,Chamber 1,28-031662211eff,30.125,T231,40C,off
06/29/2022 16:06:22,Chamber 1,28-031662211eff,30.187,T231,40C,off
06/29/2022 16:06:42,Chamber 1,28-031662211eff,30.187,T231,40C,off
06/29/2022 16:07:02,Chamber 1,28-031662211eff,30.187,T231,40C,off
06/29/2022 16:07:22,Chamber 1,28-031662211eff,30.187,T231,40C,off
06/29/2022 16:07:42,Chamber 1,28-031662211eff,30.187,T231,40C,off
06/29/2022 16:08:02,Chamber 1,28-031662211eff,30.187,T231,40C,off
06/29/2022 16:08:22,Chamber 1,28-031662211eff,30.187,T231,40C,off
06/29/2022 16:08:42,Chamber 1,28-031662211eff,30.187,T231,40C,off
06/29/2022 16:09:02,Chamber 1,28-031662211eff,30.187,T231,40C,off
06/29/2022 16:09:23,Chamber 1,28-031662211eff,30.187,T231,40C,off
06/29/2022 16:09:42,Chamber 1,28-031662211eff,30.187,T231,40C,off
06/29/2022 16:10:02,Chamber 1,28-031662211eff,30.187,T231,40C,off
06/29/2022 16:10:22,Chamber 1,28-031662211eff,30.187,T231,40C,off
06/29/2022 16:10:42,Chamber 1,28-031662211eff,30.187,T231,40C,off
06/29/2022 16:11:03,Chamber 1,28-031662211eff,30.187,T231,40C,off
06/29/2022 16:11:22,Chamber 1,28-031662211eff,30.187,T231,40C,off
06/29/2022 16:11:42,Chamber 1,28-031662211eff,30.187,T231,40C,off
06/29/2022 16:12:02,Chamber 1,28-031662211eff,30.187,T231,40C,off
06/29/2022 16:12:22,Chamber 1,28-031662211eff,30.187,T231,40C,off
06/29/2022 16:12:42,Chamber 1,28-031662211eff,30.187,T231,40C,off
06/29/2022 16:13:02,Chamber 1,28-031662211eff,30.187,T231,40C,off
06/29/2022 16:13:22,Chamber 1,28-031662211eff,30.187,T231,40C,off
06/29/2022 16:13:42,Chamber 1,28-031662211eff,30.187,T231,40C,off
06/29/2022 16:14:02,Chamber 1,28-031662211eff,30.187,T231,40C,off
06/29/2022 16:14:22,Chamber 1,28-031662211eff,30.187,T231,40C,off
06/29/2022 16:14:42,Chamber 1,28-031662211eff,30.187,T231,40C,off
06/29/2022 16:15:02,Chamber 1,28-031662211eff,30.187,T231,40C,off
06/29/2022 16:15:22,Chamber 1,28-031662211eff,30.187,T231,40C,off
06/29/2022 16:15:42,Chamber 1,28-031662211eff,30.187,T231,40C,off
06/29/2022 16:16:02,Chamber 1,28-031662211eff,30.187,T231,40C,off
06/29/2022 16:16:22,Chamber 1,28-031662211eff,30.187,T231,40C,off
06/29/2022 16:16:42,Chamber 1,28-031662211eff,30.187,T231,40C,off
06/29/2022 16:17:02,Chamber 1,28-031662211eff,30.187,T231,40C,off
06/29/2022 16:17:22,Chamber 1,28-031662211eff,30.187,T231,40C,off
06/29/2022 16:17:42,Chamber 1,28-031662211eff,30.187,T231,40C,off
06/29/2022 16:18:02,Chamber 1,28-031662211eff,30.187,T231,40C,off
06/29/2022 16:18:22,Chamber 1,28-031662211eff,30.187,T231,40C,off
06/29/2022 16:18:42,Chamber 1,28-031662211eff,30.187,T231,40C,off
06/29/2022 16:19:02,Chamber 1,28-031662211eff,30.187,T231,40C,off
06/29/2022 16:19:23,Chamber 1,28-031662211eff,30.187,T231,40C,off
06/29/2022 16:19:42,Chamber 1,28-031662211eff,30.187,T231,40C,off
06/29/2022 16:20:02,Chamber 1,28-031662211eff,30.187,T231,40C,off
06/29/2022 16:20:22,Chamber 1,28-031662211eff,30.187,T231,40C,off
06/29/2022 16:20:42,Chamber 1,28-031662211eff,30.187,T231,40C,off
06/29/2022 16:21:02,Chamber 1,28-031662211eff,30.187,T231,40C,off
06/29/2022 16:21:22,Chamber 1,28-031662211eff,30.187,T231,40C,off
06/29/2022 16:21:42,Chamber 1,28-031662211eff,30.187,T231,40C,off
06/29/2022 16:22:02,Chamber 1,28-031662211eff,30.187,T231,40C,off
06/29/2022 16:22:22,Chamber 1,28-031662211eff,30.187,T231,40C,off
06/29/2022 16:22:42,Chamber 1,28-031662211eff,30.187,T231,40C,off
06/29/2022 16:23:02,Chamber 1,28-031662211eff,30.187,T231,40C,off
06/29/2022 16:23:22,Chamber 1,28-031662211eff,30.187,T231,40C,off
06/29/2022 16:23:42,Chamber 1,28-031662211eff,30.187,T231,40C,off
06/29/2022 16:24:02,Chamber 1,28-031662211eff,30.187,T231,40C,off
06/29/2022 16:24:22,Chamber 1,28-031662211eff,30.187,T231,40C,off
06/29/2022 16:24:42,Chamber 1,28-031662211eff,30.187,T231,40C,off
06/29/2022 16:25:02,Chamber 1,28-031662211eff,30.187,T231,40C,off
06/29/2022 16:25:22,Chamber 1,28-031662211eff,30.187,T231,40C,off
06/29/2022 16:25:42,Chamber 1,28-031662211eff,30.187,T231,40C,off
06/29/2022 16:26:02,Chamber 1,28-031662211eff,30.187,T231,40C,off
06/29/2022 16:26:22,Chamber 1,28-031662211eff,30.187,T231,40C,off
06/29/2022 16:26:42,Chamber 1,28-031662211eff,30.187,T231,40C,off
06/29/2022 16:27:02,Chamber 1,28-031662211eff,30.187,T231,40C,off
06/29/2022 16:27:22,Chamber 1,28-031662211eff,30.187,T231,40C,off
06/29/2022 16:27:42,Chamber 1,28-031662211eff,30.187,T231,40C,off
06/29/2022 16:28:02,Chamber 1,28-031662211eff,30.187,T231,40C,off
06/29/2022 16:28:22,Chamber 1,28-031662211eff,30.187,T231,40C,off
06/29/2022 16:28:42,Chamber 1,28-031662211eff,30.187,T231,40C,off
06/29/2022 16:29:02,Chamber 1,28-031662211eff,30.187,T231,40C,off
06/29/2022 16:29:22,Chamber 1,28-031662211eff,30.187,T231,40C,off
06/29/2022 16:29:42,Chamber 1,28-031662211eff,30.187,T231,40C,off
06/29/2022 16:30:02,Chamber 1,28-031662211eff,30.187,T231,40C,off
06/29/2022 16:30:22,Chamber 1,28-031662211eff,30.187,T231,40C,off
06/29/2022 16:30:42,Chamber 1,28-031662211eff,30.187,T231,40C,off
06/29/2022 16:31:02,Chamber 1,28-031662211eff,30.187,T231,40C,off
06/29/2022 16:31:22,Chamber 1,28-031662211eff,30.187,T231,40C,off
06/29/2022 16:31:42,Chamber 1,28-031662211eff,30.187,T231,40C,off
06/29/2022 16:32:02,Chamber 1,28-031662211eff,30.187,T231,40C,off
06/29/2022 16:32:22,Chamber 1,28-031662211eff,30.187,T231,40C,off
06/29/2022 16:32:42,Chamber 1,28-031662211eff,30.187,T231,40C,off
06/29/2022 16:33:02,Chamber 1,28-031662211eff,30.187,T231,40C,off
06/29/2022 16:33:22,Chamber 1,28-031662211eff,30.187,T231,40C,off
06/29/2022 16:33:42,Chamber 1,28-031662211eff,30.187,T231,40C,off
06/29/2022 16:34:02,Chamber 1,28-031662211eff,30.187,T231,40C,off
06/29/2022 16:34:23,Chamber 1,28-031662211eff,30.187,T231,40C,off
06/29/2022 16:34:42,Chamber 1,28-031662211eff,30.187,T231,40C,off
06/29/2022 16:35:02,Chamber 1,28-031662211eff,30.187,T231,40C,off
06/29/2022 16:35:22,Chamber 1,28-031662211eff,30.187,T231,40C,off
06/29/2022 16:35:42,Chamber 1,28-031662211eff,30.187,T231,40C,off
06/29/2022 16:36:02,Chamber 1,28-031662211eff,30.187,T231,40C,off
06/29/2022 16:36:22,Chamber 1,28-031662211eff,30.187,T231,40C,off
06/29/2022 16:36:42,Chamber 1,28-031662211eff,30.187,T231,40C,off
06/29/2022 16:37:02,Chamber 1,28-031662211eff,30.187,T231,40C,off
06/29/2022 16:37:22,Chamber 1,28-031662211eff,30.187,T231,40C,off
06/29/2022 16:37:42,Chamber 1,28-031662211eff,30.187,T231,40C,off
06/29/2022 16:38:02,Chamber 1,28-031662211eff,30.25,T231,40C,off
06/29/2022 16:38:22,Chamber 1,28-031662211eff,30.187,T231,40C,off
06/29/2022 16:38:42,Chamber 1,28-031662211eff,30.187,T231,40C,off
06/29/2022 16:39:02,Chamber 1,28-031662211eff,30.187,T231,40C,off
06/29/2022 16:39:22,Chamber 1,28-031662211eff,30.187,T231,40C,off
06/29/2022 16:39:42,Chamber 1,28-031662211eff,30.187,T231,40C,off
06/29/2022 16:40:02,Chamber 1,28-031662211eff,30.25,T231,40C,off
06/29/2022 16:40:22,Chamber 1,28-031662211eff,30.187,T231,40C,off
06/29/2022 16:40:43,Chamber 1,28-031662211eff,30.25,T231,40C,off
06/29/2022 16:41:02,Chamber 1,28-031662211eff,30.187,T231,40C,off
06/29/2022 16:41:22,Chamber 1,28-031662211eff,30.187,T231,40C,off
06/29/2022 16:41:42,Chamber 1,28-031662211eff,30.187,T231,40C,off
06/29/2022 16:42:02,Chamber 1,28-031662211eff,30.25,T231,40C,off
06/29/2022 16:42:22,Chamber 1,28-031662211eff,30.187,T231,40C,off
06/29/2022 16:42:44,Chamber 1,28-031662211eff,30.25,T231,40C,off
06/29/2022 16:43:02,Chamber 1,28-031662211eff,30.25,T231,40C,off
06/29/2022 16:43:22,Chamber 1,28-031662211eff,30.25,T231,40C,off
06/29/2022 16:43:42,Chamber 1,28-031662211eff,30.25,T231,40C,off
06/29/2022 16:44:02,Chamber 1,28-031662211eff,30.25,T231,40C,off
06/29/2022 16:44:22,Chamber 1,28-031662211eff,30.25,T231,40C,off
06/29/2022 16:44:42,Chamber 1,28-031662211eff,30.25,T231,40C,off
06/29/2022 16:45:05,Chamber 1,28-031662211eff,30.25,T231,40C,off
06/29/2022 16:45:23,Chamber 1,28-031662211eff,30.187,T231,40C,off
06/29/2022 16:45:43,Chamber 1,28-031662211eff,30.187,T231,40C,off
06/29/2022 16:46:02,Chamber 1,28-031662211eff,30.187,T231,40C,off
06/29/2022 16:46:22,Chamber 1,28-031662211eff,30.25,T231,40C,off
06/29/2022 16:46:42,Chamber 1,28-031662211eff,30.187,T231,40C,off
06/29/2022 16:47:02,Chamber 1,28-031662211eff,30.187,T231,40C,off
06/29/2022 16:47:22,Chamber 1,28-031662211eff,30.187,T231,40C,off
06/29/2022 16:47:42,Chamber 1,28-031662211eff,30.187,T231,40C,off
06/29/2022 16:48:02,Chamber 1,28-031662211eff,30.187,T231,40C,off
06/29/2022 16:48:22,Chamber 1,28-031662211eff,30.187,T231,40C,off
06/29/2022 16:48:42,Chamber 1,28-031662211eff,30.187,T231,40C,off
06/29/2022 16:49:02,Chamber 1,28-031662211eff,30.187,T231,40C,off
06/29/2022 16:49:22,Chamber 1,28-031662211eff,30.187,T231,40C,off
06/29/2022 16:49:43,Chamber 1,28-031662211eff,30.187,T231,40C,off
06/29/2022 16:50:02,Chamber 1,28-031662211eff,30.187,T231,40C,off
06/29/2022 16:50:22,Chamber 1,28-031662211eff,30.187,T231,40C,off
06/29/2022 16:50:42,Chamber 1,28-031662211eff,30.187,T231,40C,off
06/29/2022 16:51:02,Chamber 1,28-031662211eff,30.187,T231,40C,off
06/29/2022 16:51:22,Chamber 1,28-031662211eff,30.187,T231,40C,off
06/29/2022 16:51:42,Chamber 1,28-031662211eff,30.187,T231,40C,off
06/29/2022 16:52:02,Chamber 1,28-031662211eff,30.187,T231,40C,off
06/29/2022 16:52:22,Chamber 1,28-031662211eff,30.187,T231,40C,off
06/29/2022 16:52:42,Chamber 1,28-031662211eff,30.187,T231,40C,off
06/29/2022 16:53:02,Chamber 1,28-031662211eff,30.187,T231,40C,off
06/29/2022 16:53:22,Chamber 1,28-031662211eff,30.187,T231,40C,off
06/29/2022 16:53:43,Chamber 1,28-031662211eff,30.187,T231,40C,off
06/29/2022 16:54:02,Chamber 1,28-031662211eff,30.187,T231,40C,off
06/29/2022 16:54:22,Chamber 1,28-031662211eff,30.187,T231,40C,off
06/29/2022 16:54:43,Chamber 1,28-031662211eff,30.187,T231,40C,off
06/29/2022 16:55:02,Chamber 1,28-031662211eff,30.187,T231,40C,off
06/29/2022 16:55:22,Chamber 1,28-031662211eff,30.187,T231,40C,off
06/29/2022 16:55:42,Chamber 1,28-031662211eff,30.187,T231,40C,off
06/29/2022 16:56:02,Chamber 1,28-031662211eff,30.187,T231,40C,off
06/29/2022 16:56:22,Chamber 1,28-031662211eff,30.187,T231,40C,off
06/29/2022 16:56:42,Chamber 1,28-031662211eff,30.187,T231,40C,off
06/29/2022 16:57:02,Chamber 1,28-031662211eff,30.187,T231,40C,off
06/29/2022 16:57:22,Chamber 1,28-031662211eff,30.187,T231,40C,off
06/29/2022 16:57:42,Chamber 1,28-031662211eff,30.187,T231,40C,off
06/29/2022 16:58:02,Chamber 1,28-031662211eff,30.187,T231,40C,off
06/29/2022 16:58:22,Chamber 1,28-031662211eff,30.187,T231,40C,off
06/29/2022 16:58:42,Chamber 1,28-031662211eff,30.187,T231,40C,off
06/29/2022 16:59:02,Chamber 1,28-031662211eff,30.187,T231,40C,off
06/29/2022 16:59:22,Chamber 1,28-031662211eff,30.187,T231,40C,off
06/29/2022 16:59:42,Chamber 1,28-031662211eff,30.187,T231,40C,off
06/29/2022 17:00:02,Chamber 1,28-031662211eff,30.187,T231,40C,off
06/29/2022 17:00:22,Chamber 1,28-031662211eff,30.187,T231,40C,off
06/29/2022 17:00:42,Chamber 1,28-031662211eff,30.187,T231,40C,off
06/29/2022 17:01:02,Chamber 1,28-031662211eff,30.187,T231,40C,off
06/29/2022 17:01:22,Chamber 1,28-031662211eff,30.187,T231,40C,off
06/29/2022 17:01:42,Chamber 1,28-031662211eff,30.187,T231,40C,off
06/29/2022 17:02:02,Chamber 1,28-031662211eff,30.187,T231,40C,off
06/29/2022 17:02:22,Chamber 1,28-031662211eff,30.187,T231,40C,off
06/29/2022 17:02:42,Chamber 1,28-031662211eff,30.187,T231,40C,off
06/29/2022 17:03:02,Chamber 1,28-031662211eff,30.187,T231,40C,off
06/29/2022 17:03:22,Chamber 1,28-031662211eff,30.187,T231,40C,off
06/29/2022 17:03:42,Chamber 1,28-031662211eff,30.187,T231,40C,off
06/29/2022 17:04:02,Chamber 1,28-031662211eff,30.187,T231,40C,off
06/29/2022 17:04:22,Chamber 1,28-031662211eff,30.187,T231,40C,off
06/29/2022 17:04:42,Chamber 1,28-031662211eff,30.187,T231,40C,off
06/29/2022 17:05:02,Chamber 1,28-031662211eff,30.187,T231,40C,off
06/29/2022 17:05:22,Chamber 1,28-031662211eff,30.187,T231,40C,off
06/29/2022 17:05:42,Chamber 1,28-031662211eff,30.187,T231,40C,off
06/29/2022 17:06:02,Chamber 1,28-031662211eff,30.187,T231,40C,off
06/29/2022 17:06:22,Chamber 1,28-031662211eff,30.187,T231,40C,off
06/29/2022 17:06:42,Chamber 1,28-031662211eff,30.187,T231,40C,off
06/29/2022 17:07:02,Chamber 1,28-031662211eff,30.187,T231,40C,off
06/29/2022 17:07:24,Chamber 1,28-031662211eff,30.187,T231,40C,off
06/29/2022 17:07:42,Chamber 1,28-031662211eff,30.187,T231,40C,off
06/29/2022 17:08:02,Chamber 1,28-031662211eff,30.187,T231,40C,off
06/29/2022 17:08:23,Chamber 1,28-031662211eff,30.187,T231,40C,off
06/29/2022 17:08:42,Chamber 1,28-031662211eff,30.187,T231,40C,off
06/29/2022 17:09:02,Chamber 1,28-031662211eff,30.187,T231,40C,off
06/29/2022 17:09:22,Chamber 1,28-031662211eff,30.187,T231,40C,off
06/29/2022 17:09:42,Chamber 1,28-031662211eff,30.187,T231,40C,off
06/29/2022 17:10:02,Chamber 1,28-031662211eff,30.187,T231,40C,off
06/29/2022 17:10:22,Chamber 1,28-031662211eff,30.187,T231,40C,off
06/29/2022 17:10:42,Chamber 1,28-031662211eff,30.187,T231,40C,off
06/29/2022 17:11:02,Chamber 1,28-031662211eff,30.187,T231,40C,off
06/29/2022 17:11:22,Chamber 1,28-031662211eff,30.187,T231,40C,off
06/29/2022 17:11:42,Chamber 1,28-031662211eff,30.187,T231,40C,off
06/29/2022 17:12:02,Chamber 1,28-031662211eff,30.187,T231,40C,off
06/29/2022 17:12:22,Chamber 1,28-031662211eff,30.187,T231,40C,off
06/29/2022 17:12:42,Chamber 1,28-031662211eff,30.187,T231,40C,off
06/29/2022 17:13:02,Chamber 1,28-031662211eff,30.187,T231,40C,off
06/29/2022 17:13:22,Chamber 1,28-031662211eff,30.25,T231,40C,off
06/29/2022 17:13:42,Chamber 1,28-031662211eff,30.25,T231,40C,off
06/29/2022 17:14:02,Chamber 1,28-031662211eff,30.25,T231,40C,off
06/29/2022 17:14:22,Chamber 1,28-031662211eff,30.25,T231,40C,off
06/29/2022 17:14:42,Chamber 1,28-031662211eff,30.25,T231,40C,off
06/29/2022 17:15:02,Chamber 1,28-031662211eff,30.25,T231,40C,off
06/29/2022 17:15:22,Chamber 1,28-031662211eff,30.25,T231,40C,off
06/29/2022 17:15:42,Chamber 1,28-031662211eff,30.25,T231,40C,off
06/29/2022 17:16:02,Chamber 1,28-031662211eff,30.25,T231,40C,off
06/29/2022 17:16:22,Chamber 1,28-031662211eff,30.25,T231,40C,off
06/29/2022 17:16:42,Chamber 1,28-031662211eff,30.25,T231,40C,off
06/29/2022 17:17:02,Chamber 1,28-031662211eff,30.25,T231,40C,off
06/29/2022 17:17:22,Chamber 1,28-031662211eff,30.25,T231,40C,off
06/29/2022 17:17:42,Chamber 1,28-031662211eff,30.25,T231,40C,off
06/29/2022 17:18:02,Chamber 1,28-031662211eff,30.25,T231,40C,off
06/29/2022 17:18:22,Chamber 1,28-031662211eff,30.25,T231,40C,off
06/29/2022 17:18:42,Chamber 1,28-031662211eff,30.25,T231,40C,off
06/29/2022 17:19:02,Chamber 1,28-031662211eff,30.25,T231,40C,off
06/29/2022 17:19:22,Chamber 1,28-031662211eff,30.25,T231,40C,off
06/29/2022 17:19:42,Chamber 1,28-031662211eff,30.25,T231,40C,off
06/29/2022 17:20:02,Chamber 1,28-031662211eff,30.25,T231,40C,off
06/29/2022 17:20:22,Chamber 1,28-031662211eff,30.25,T231,40C,off
06/29/2022 17:20:42,Chamber 1,28-031662211eff,30.25,T231,40C,off
06/29/2022 17:21:02,Chamber 1,28-031662211eff,30.25,T231,40C,off
06/29/2022 17:21:22,Chamber 1,28-031662211eff,30.25,T231,40C,off
06/29/2022 17:21:42,Chamber 1,28-031662211eff,30.25,T231,40C,off
06/29/2022 17:22:02,Chamber 1,28-031662211eff,30.25,T231,40C,off
06/29/2022 17:22:22,Chamber 1,28-031662211eff,30.25,T231,40C,off
06/29/2022 17:22:42,Chamber 1,28-031662211eff,30.25,T231,40C,off
06/29/2022 17:23:02,Chamber 1,28-031662211eff,30.25,T231,40C,off
06/29/2022 17:23:22,Chamber 1,28-031662211eff,30.25,T231,40C,off
06/29/2022 17:23:42,Chamber 1,28-031662211eff,30.25,T231,40C,off
06/29/2022 17:24:02,Chamber 1,28-031662211eff,30.25,T231,40C,off
06/29/2022 17:24:22,Chamber 1,28-031662211eff,30.25,T231,40C,off
06/29/2022 17:24:42,Chamber 1,28-031662211eff,30.25,T231,40C,off
06/29/2022 17:25:02,Chamber 1,28-031662211eff,30.25,T231,40C,off
06/29/2022 17:25:22,Chamber 1,28-031662211eff,30.25,T231,40C,off
06/29/2022 17:25:42,Chamber 1,28-031662211eff,30.25,T231,40C,off
06/29/2022 17:26:02,Chamber 1,28-031662211eff,30.25,T231,40C,off
06/29/2022 17:26:22,Chamber 1,28-031662211eff,30.25,T231,40C,off
06/29/2022 17:26:42,Chamber 1,28-031662211eff,30.25,T231,40C,off
06/29/2022 17:27:02,Chamber 1,28-031662211eff,30.25,T231,40C,off
06/29/2022 17:27:22,Chamber 1,28-031662211eff,30.25,T231,40C,off
06/29/2022 17:27:42,Chamber 1,28-031662211eff,30.25,T231,40C,off
06/29/2022 17:28:02,Chamber 1,28-031662211eff,30.25,T231,40C,off
06/29/2022 17:28:22,Chamber 1,28-031662211eff,30.25,T231,40C,off
06/29/2022 17:28:42,Chamber 1,28-031662211eff,30.25,T231,40C,off
06/29/2022 17:29:02,Chamber 1,28-031662211eff,30.25,T231,40C,off
06/29/2022 17:29:22,Chamber 1,28-031662211eff,30.25,T231,40C,off
06/29/2022 17:29:42,Chamber 1,28-031662211eff,30.25,T231,40C,off
06/29/2022 17:30:02,Chamber 1,28-031662211eff,30.25,T231,40C,off
06/29/2022 17:30:22,Chamber 1,28-031662211eff,30.25,T231,40C,off
06/29/2022 17:30:42,Chamber 1,28-031662211eff,30.25,T231,40C,off
06/29/2022 17:31:02,Chamber 1,28-031662211eff,30.25,T231,40C,off
06/29/2022 17:31:22,Chamber 1,28-031662211eff,30.25,T231,40C,off
06/29/2022 17:31:42,Chamber 1,28-031662211eff,30.25,T231,40C,off
06/29/2022 17:32:02,Chamber 1,28-031662211eff,30.187,T231,40C,off
06/29/2022 17:32:23,Chamber 1,28-031662211eff,30.25,T231,40C,off
06/29/2022 17:32:42,Chamber 1,28-031662211eff,30.25,T231,40C,off
06/29/2022 17:33:02,Chamber 1,28-031662211eff,30.25,T231,40C,off
06/29/2022 17:33:22,Chamber 1,28-031662211eff,30.25,T231,40C,off
06/29/2022 17:33:42,Chamber 1,28-031662211eff,30.25,T231,40C,off
06/29/2022 17:34:02,Chamber 1,28-031662211eff,30.25,T231,40C,off
06/29/2022 17:34:22,Chamber 1,28-031662211eff,30.25,T231,40C,off
06/29/2022 17:34:42,Chamber 1,28-031662211eff,30.25,T231,40C,off
06/29/2022 17:35:02,Chamber 1,28-031662211eff,30.25,T231,40C,off
06/29/2022 17:35:22,Chamber 1,28-031662211eff,30.25,T231,40C,off
06/29/2022 17:35:42,Chamber 1,28-031662211eff,30.25,T231,40C,off
06/29/2022 17:36:02,Chamber 1,28-031662211eff,30.25,T231,40C,off
06/29/2022 17:36:22,Chamber 1,28-031662211eff,30.25,T231,40C,off
06/29/2022 17:36:42,Chamber 1,28-031662211eff,30.25,T231,40C,off
06/29/2022 17:37:02,Chamber 1,28-031662211eff,30.25,T231,40C,off
06/29/2022 17:37:22,Chamber 1,28-031662211eff,30.25,T231,40C,off
06/29/2022 17:37:42,Chamber 1,28-031662211eff,30.25,T231,40C,off
06/29/2022 17:38:02,Chamber 1,28-031662211eff,30.25,T231,40C,off
06/29/2022 17:38:22,Chamber 1,28-031662211eff,30.25,T231,40C,off
06/29/2022 17:38:42,Chamber 1,28-031662211eff,30.187,T231,40C,off
06/29/2022 17:39:02,Chamber 1,28-031662211eff,30.187,T231,40C,off
06/29/2022 17:39:22,Chamber 1,28-031662211eff,30.187,T231,40C,off
06/29/2022 17:39:42,Chamber 1,28-031662211eff,30.187,T231,40C,off
06/29/2022 17:40:02,Chamber 1,28-031662211eff,30.187,T231,40C,off
06/29/2022 17:40:22,Chamber 1,28-031662211eff,30.125,T231,40C,off
06/29/2022 17:40:42,Chamber 1,28-031662211eff,30.125,T231,40C,off
06/29/2022 17:41:02,Chamber 1,28-031662211eff,30.125,T231,40C,off
06/29/2022 17:41:22,Chamber 1,28-031662211eff,30.125,T231,40C,off
06/29/2022 17:41:42,Chamber 1,28-031662211eff,30.125,T231,40C,off
06/29/2022 17:42:02,Chamber 1,28-031662211eff,30.125,T231,40C,off
06/29/2022 17:42:22,Chamber 1,28-031662211eff,30.062,T231,40C,off
06/29/2022 17:42:42,Chamber 1,28-031662211eff,30.062,T231,40C,off
06/29/2022 17:43:02,Chamber 1,28-031662211eff,30.062,T231,40C,off
06/29/2022 17:43:22,Chamber 1,28-031662211eff,30.062,T231,40C,off
06/29/2022 17:43:42,Chamber 1,28-031662211eff,30.062,T231,40C,off
06/29/2022 17:44:02,Chamber 1,28-031662211eff,30.062,T231,40C,off
06/29/2022 17:44:22,Chamber 1,28-031662211eff,30.062,T231,40C,off
06/29/2022 17:44:42,Chamber 1,28-031662211eff,30.062,T231,40C,off
06/29/2022 17:45:03,Chamber 1,28-031662211eff,30.062,T231,40C,off
06/29/2022 17:45:23,Chamber 1,28-031662211eff,30.0,T231,40C,off
06/29/2022 17:45:42,Chamber 1,28-031662211eff,30.0,T231,40C,off
06/29/2022 17:46:02,Chamber 1,28-031662211eff,30.0,T231,40C,off
06/29/2022 17:46:22,Chamber 1,28-031662211eff,30.0,T231,40C,off
06/29/2022 17:46:42,Chamber 1,28-031662211eff,30.0,T231,40C,off
06/29/2022 17:47:02,Chamber 1,28-031662211eff,30.0,T231,40C,off
06/29/2022 17:47:22,Chamber 1,28-031662211eff,30.0,T231,40C,off
06/29/2022 17:47:42,Chamber 1,28-031662211eff,30.0,T231,40C,off
06/29/2022 17:48:03,Chamber 1,28-031662211eff,29.937,T231,40C,off
06/29/2022 17:48:22,Chamber 1,28-031662211eff,29.937,T231,40C,off
06/29/2022 17:48:42,Chamber 1,28-031662211eff,29.937,T231,40C,off
06/29/2022 17:49:02,Chamber 1,28-031662211eff,29.937,T231,40C,off
06/29/2022 17:49:22,Chamber 1,28-031662211eff,29.937,T231,40C,off
06/29/2022 17:49:42,Chamber 1,28-031662211eff,29.937,T231,40C,off
06/29/2022 17:50:02,Chamber 1,28-031662211eff,29.937,T231,40C,off
06/29/2022 17:50:22,Chamber 1,28-031662211eff,29.937,T231,40C,off
06/29/2022 17:50:42,Chamber 1,28-031662211eff,29.937,T231,40C,off
06/29/2022 17:51:02,Chamber 1,28-031662211eff,29.937,T231,40C,off
06/29/2022 17:51:22,Chamber 1,28-031662211eff,29.937,T231,40C,off
06/29/2022 17:51:42,Chamber 1,28-031662211eff,29.937,T231,40C,off
06/29/2022 17:52:02,Chamber 1,28-031662211eff,29.937,T231,40C,off
06/29/2022 17:52:22,Chamber 1,28-031662211eff,29.937,T231,40C,off
06/29/2022 17:52:42,Chamber 1,28-031662211eff,29.875,T231,40C,off
06/29/2022 17:53:02,Chamber 1,28-031662211eff,29.875,T231,40C,off
06/29/2022 17:53:22,Chamber 1,28-031662211eff,29.875,T231,40C,off
06/29/2022 17:53:42,Chamber 1,28-031662211eff,29.875,T231,40C,off
06/29/2022 17:54:02,Chamber 1,28-031662211eff,29.875,T231,40C,off
06/29/2022 17:54:22,Chamber 1,28-031662211eff,29.875,T231,40C,off
06/29/2022 17:54:42,Chamber 1,28-031662211eff,29.875,T231,40C,off
06/29/2022 17:55:02,Chamber 1,28-031662211eff,29.875,T231,40C,off
06/29/2022 17:55:23,Chamber 1,28-031662211eff,29.875,T231,40C,off
06/29/2022 17:55:42,Chamber 1,28-031662211eff,29.875,T231,40C,off
06/29/2022 17:56:03,Chamber 1,28-031662211eff,29.875,T231,40C,off
06/29/2022 17:56:22,Chamber 1,28-031662211eff,29.875,T231,40C,off
06/29/2022 17:56:42,Chamber 1,28-031662211eff,29.875,T231,40C,off
06/29/2022 17:57:02,Chamber 1,28-031662211eff,29.875,T231,40C,off
06/29/2022 17:57:23,Chamber 1,28-031662211eff,29.875,T231,40C,off
06/29/2022 17:57:42,Chamber 1,28-031662211eff,29.875,T231,40C,off
06/29/2022 17:58:02,Chamber 1,28-031662211eff,29.875,T231,40C,off
06/29/2022 17:58:22,Chamber 1,28-031662211eff,29.875,T231,40C,off
06/29/2022 17:58:42,Chamber 1,28-031662211eff,29.875,T231,40C,off
06/29/2022 17:59:02,Chamber 1,28-031662211eff,29.875,T231,40C,off
06/29/2022 17:59:22,Chamber 1,28-031662211eff,29.875,T231,40C,off
06/29/2022 17:59:43,Chamber 1,28-031662211eff,29.875,T231,40C,off
06/29/2022 18:00:02,Chamber 1,28-031662211eff,29.875,T231,40C,off
06/29/2022 18:00:22,Chamber 1,28-031662211eff,29.875,T231,40C,off
06/29/2022 18:00:42,Chamber 1,28-031662211eff,29.875,T231,40C,off
06/29/2022 18:01:02,Chamber 1,28-031662211eff,29.875,T231,40C,off
06/29/2022 18:01:22,Chamber 1,28-031662211eff,29.875,T231,40C,off
06/29/2022 18:01:42,Chamber 1,28-031662211eff,29.875,T231,40C,off
06/29/2022 18:02:02,Chamber 1,28-031662211eff,29.875,T231,40C,off
06/29/2022 18:02:22,Chamber 1,28-031662211eff,29.875,T231,40C,off
06/29/2022 18:02:42,Chamber 1,28-031662211eff,29.875,T231,40C,off
06/29/2022 18:03:02,Chamber 1,28-031662211eff,29.875,T231,40C,off
06/29/2022 18:03:22,Chamber 1,28-031662211eff,29.875,T231,40C,off
06/29/2022 18:03:42,Chamber 1,28-031662211eff,29.875,T231,40C,off
06/29/2022 18:04:02,Chamber 1,28-031662211eff,29.875,T231,40C,off
06/29/2022 18:04:23,Chamber 1,28-031662211eff,29.937,T231,40C,off
06/29/2022 18:04:42,Chamber 1,28-031662211eff,29.875,T231,40C,off
06/29/2022 18:05:02,Chamber 1,28-031662211eff,29.937,T231,40C,off
06/29/2022 18:05:23,Chamber 1,28-031662211eff,29.937,T231,40C,off
06/29/2022 18:05:42,Chamber 1,28-031662211eff,29.937,T231,40C,off
06/29/2022 18:06:02,Chamber 1,28-031662211eff,29.937,T231,40C,off
06/29/2022 18:06:22,Chamber 1,28-031662211eff,29.937,T231,40C,off
06/29/2022 18:06:42,Chamber 1,28-031662211eff,29.937,T231,40C,off
06/29/2022 18:07:02,Chamber 1,28-031662211eff,29.937,T231,40C,off
06/29/2022 18:07:22,Chamber 1,28-031662211eff,29.937,T231,40C,off
06/29/2022 18:07:42,Chamber 1,28-031662211eff,29.937,T231,40C,off
06/29/2022 18:08:02,Chamber 1,28-031662211eff,29.937,T231,40C,off
06/29/2022 18:08:22,Chamber 1,28-031662211eff,29.937,T231,40C,off
06/29/2022 18:08:42,Chamber 1,28-031662211eff,30.0,T231,40C,off
06/29/2022 18:09:02,Chamber 1,28-031662211eff,30.0,T231,40C,off
06/29/2022 18:09:22,Chamber 1,28-031662211eff,30.0,T231,40C,off
06/29/2022 18:09:42,Chamber 1,28-031662211eff,30.0,T231,40C,off
06/29/2022 18:10:02,Chamber 1,28-031662211eff,30.0,T231,40C,off
06/29/2022 18:10:22,Chamber 1,28-031662211eff,30.0,T231,40C,off
06/29/2022 18:10:42,Chamber 1,28-031662211eff,30.0,T231,40C,off
06/29/2022 18:11:02,Chamber 1,28-031662211eff,30.062,T231,40C,off
06/29/2022 18:11:22,Chamber 1,28-031662211eff,30.062,T231,40C,off
06/29/2022 18:11:42,Chamber 1,28-031662211eff,30.062,T231,40C,off
06/29/2022 18:12:02,Chamber 1,28-031662211eff,30.062,T231,40C,off
06/29/2022 18:12:22,Chamber 1,28-031662211eff,30.062,T231,40C,off
06/29/2022 18:12:42,Chamber 1,28-031662211eff,30.062,T231,40C,off
06/29/2022 18:13:02,Chamber 1,28-031662211eff,30.062,T231,40C,off
06/29/2022 18:13:22,Chamber 1,28-031662211eff,30.062,T231,40C,off
06/29/2022 18:13:42,Chamber 1,28-031662211eff,30.125,T231,40C,off
06/29/2022 18:14:02,Chamber 1,28-031662211eff,30.125,T231,40C,off
06/29/2022 18:14:22,Chamber 1,28-031662211eff,30.125,T231,40C,off
06/29/2022 18:14:42,Chamber 1,28-031662211eff,30.125,T231,40C,off
06/29/2022 18:15:02,Chamber 1,28-031662211eff,30.125,T231,40C,off
06/29/2022 18:15:22,Chamber 1,28-031662211eff,30.125,T231,40C,off
06/29/2022 18:15:42,Chamber 1,28-031662211eff,30.187,T231,40C,off
06/29/2022 18:16:02,Chamber 1,28-031662211eff,30.187,T231,40C,off
06/29/2022 18:16:22,Chamber 1,28-031662211eff,30.187,T231,40C,off
06/29/2022 18:16:42,Chamber 1,28-031662211eff,30.187,T231,40C,off
06/29/2022 18:17:02,Chamber 1,28-031662211eff,30.187,T231,40C,off
06/29/2022 18:17:23,Chamber 1,28-031662211eff,30.187,T231,40C,off
06/29/2022 18:17:42,Chamber 1,28-031662211eff,30.187,T231,40C,off
06/29/2022 18:18:02,Chamber 1,28-031662211eff,30.187,T231,40C,off
06/29/2022 18:18:22,Chamber 1,28-031662211eff,30.187,T231,40C,off
06/29/2022 18:18:42,Chamber 1,28-031662211eff,30.187,T231,40C,off
06/29/2022 18:19:02,Chamber 1,28-031662211eff,30.25,T231,40C,off
06/29/2022 18:19:22,Chamber 1,28-031662211eff,30.25,T231,40C,off
06/29/2022 18:19:42,Chamber 1,28-031662211eff,30.25,T231,40C,off
06/29/2022 18:20:02,Chamber 1,28-031662211eff,30.25,T231,40C,off
06/29/2022 18:20:22,Chamber 1,28-031662211eff,30.25,T231,40C,off
06/29/2022 18:20:42,Chamber 1,28-031662211eff,30.25,T231,40C,off
06/29/2022 18:21:02,Chamber 1,28-031662211eff,30.25,T231,40C,off
06/29/2022 18:21:22,Chamber 1,28-031662211eff,30.25,T231,40C,off
06/29/2022 18:21:42,Chamber 1,28-031662211eff,30.25,T231,40C,off
06/29/2022 18:22:02,Chamber 1,28-031662211eff,30.25,T231,40C,off
06/29/2022 18:22:22,Chamber 1,28-031662211eff,30.25,T231,40C,off
06/29/2022 18:22:42,Chamber 1,28-031662211eff,30.25,T231,40C,off
06/29/2022 18:23:02,Chamber 1,28-031662211eff,30.312,T231,40C,off
06/29/2022 18:23:22,Chamber 1,28-031662211eff,30.312,T231,40C,off
06/29/2022 18:23:42,Chamber 1,28-031662211eff,30.312,T231,40C,off
06/29/2022 18:24:02,Chamber 1,28-031662211eff,30.312,T231,40C,off
06/29/2022 18:24:22,Chamber 1,28-031662211eff,30.312,T231,40C,off
06/29/2022 18:24:42,Chamber 1,28-031662211eff,30.312,T231,40C,off
06/29/2022 18:25:02,Chamber 1,28-031662211eff,30.312,T231,40C,off
06/29/2022 18:25:22,Chamber 1,28-031662211eff,30.312,T231,40C,off
06/29/2022 18:25:42,Chamber 1,28-031662211eff,30.312,T231,40C,off
06/29/2022 18:26:02,Chamber 1,28-031662211eff,30.312,T231,40C,off
06/29/2022 18:26:22,Chamber 1,28-031662211eff,30.312,T231,40C,off
06/29/2022 18:26:42,Chamber 1,28-031662211eff,30.312,T231,40C,off
06/29/2022 18:27:02,Chamber 1,28-031662211eff,30.312,T231,40C,off
06/29/2022 18:27:22,Chamber 1,28-031662211eff,30.312,T231,40C,off
06/29/2022 18:27:42,Chamber 1,28-031662211eff,30.312,T231,40C,off
06/29/2022 18:28:02,Chamber 1,28-031662211eff,30.312,T231,40C,off
06/29/2022 18:28:22,Chamber 1,28-031662211eff,30.312,T231,40C,off
06/29/2022 18:28:42,Chamber 1,28-031662211eff,30.312,T231,40C,off
06/29/2022 18:29:02,Chamber 1,28-031662211eff,30.312,T231,40C,off
06/29/2022 18:29:22,Chamber 1,28-031662211eff,30.312,T231,40C,off
06/29/2022 18:29:42,Chamber 1,28-031662211eff,30.312,T231,40C,off
06/29/2022 18:30:02,Chamber 1,28-031662211eff,30.312,T231,40C,off
06/29/2022 18:30:22,Chamber 1,28-031662211eff,30.312,T231,40C,off
06/29/2022 18:30:42,Chamber 1,28-031662211eff,30.312,T231,40C,off
06/29/2022 18:31:02,Chamber 1,28-031662211eff,30.312,T231,40C,off
06/29/2022 18:31:22,Chamber 1,28-031662211eff,30.312,T231,40C,off
06/29/2022 18:31:42,Chamber 1,28-031662211eff,30.312,T231,40C,off
06/29/2022 18:32:02,Chamber 1,28-031662211eff,30.312,T231,40C,off
06/29/2022 18:32:22,Chamber 1,28-031662211eff,30.25,T231,40C,off
06/29/2022 18:32:42,Chamber 1,28-031662211eff,30.25,T231,40C,off
06/29/2022 18:33:02,Chamber 1,28-031662211eff,30.25,T231,40C,off
06/29/2022 18:33:22,Chamber 1,28-031662211eff,30.25,T231,40C,off
06/29/2022 18:33:42,Chamber 1,28-031662211eff,30.25,T231,40C,off
06/29/2022 18:34:02,Chamber 1,28-031662211eff,30.25,T231,40C,off
06/29/2022 18:34:22,Chamber 1,28-031662211eff,30.25,T231,40C,off
06/29/2022 18:34:42,Chamber 1,28-031662211eff,30.25,T231,40C,off
06/29/2022 18:35:02,Chamber 1,28-031662211eff,30.25,T231,40C,off
06/29/2022 18:35:22,Chamber 1,28-031662211eff,30.25,T231,40C,off
06/29/2022 18:35:42,Chamber 1,28-031662211eff,30.25,T231,40C,off
06/29/2022 18:36:02,Chamber 1,28-031662211eff,30.25,T231,40C,off
06/29/2022 18:36:22,Chamber 1,28-031662211eff,30.25,T231,40C,off
06/29/2022 18:36:42,Chamber 1,28-031662211eff,30.25,T231,40C,off
06/29/2022 18:37:02,Chamber 1,28-031662211eff,30.25,T231,40C,off
06/29/2022 18:37:22,Chamber 1,28-031662211eff,30.25,T231,40C,off
06/29/2022 18:37:42,Chamber 1,28-031662211eff,30.25,T231,40C,off
06/29/2022 18:38:02,Chamber 1,28-031662211eff,30.25,T231,40C,off
06/29/2022 18:38:22,Chamber 1,28-031662211eff,30.25,T231,40C,off
06/29/2022 18:38:42,Chamber 1,28-031662211eff,30.25,T231,40C,off
06/29/2022 18:39:02,Chamber 1,28-031662211eff,30.25,T231,40C,off
06/29/2022 18:39:22,Chamber 1,28-031662211eff,30.25,T231,40C,off
06/29/2022 18:39:42,Chamber 1,28-031662211eff,30.25,T231,40C,off
06/29/2022 18:40:02,Chamber 1,28-031662211eff,30.25,T231,40C,off
06/29/2022 18:40:22,Chamber 1,28-031662211eff,30.25,T231,40C,off
06/29/2022 18:40:42,Chamber 1,28-031662211eff,30.25,T231,40C,off
06/29/2022 18:41:02,Chamber 1,28-031662211eff,30.25,T231,40C,off
06/29/2022 18:41:22,Chamber 1,28-031662211eff,30.25,T231,40C,off
06/29/2022 18:41:42,Chamber 1,28-031662211eff,30.25,T231,40C,off
06/29/2022 18:42:02,Chamber 1,28-031662211eff,30.25,T231,40C,off
06/29/2022 18:42:22,Chamber 1,28-031662211eff,30.25,T231,40C,off
06/29/2022 18:42:42,Chamber 1,28-031662211eff,30.25,T231,40C,off
06/29/2022 18:43:02,Chamber 1,28-031662211eff,30.187,T231,40C,off
06/29/2022 18:43:22,Chamber 1,28-031662211eff,30.187,T231,40C,off
06/29/2022 18:43:42,Chamber 1,28-031662211eff,30.187,T231,40C,off
06/29/2022 18:44:02,Chamber 1,28-031662211eff,30.187,T231,40C,off
06/29/2022 18:44:22,Chamber 1,28-031662211eff,30.187,T231,40C,off
06/29/2022 18:44:42,Chamber 1,28-031662211eff,30.187,T231,40C,off
06/29/2022 18:45:02,Chamber 1,28-031662211eff,30.187,T231,40C,off
06/29/2022 18:45:22,Chamber 1,28-031662211eff,30.187,T231,40C,off
06/29/2022 18:45:42,Chamber 1,28-031662211eff,30.187,T231,40C,off
06/29/2022 18:46:02,Chamber 1,28-031662211eff,30.187,T231,40C,off
06/29/2022 18:46:22,Chamber 1,28-031662211eff,30.187,T231,40C,off
06/29/2022 18:46:42,Chamber 1,28-031662211eff,30.187,T231,40C,off
06/29/2022 18:47:02,Chamber 1,28-031662211eff,30.187,T231,40C,off
06/29/2022 18:47:22,Chamber 1,28-031662211eff,30.187,T231,40C,off
06/29/2022 18:47:42,Chamber 1,28-031662211eff,30.187,T231,40C,off
06/29/2022 18:48:02,Chamber 1,28-031662211eff,30.187,T231,40C,off
06/29/2022 18:48:22,Chamber 1,28-031662211eff,30.187,T231,40C,off
06/29/2022 18:48:42,Chamber 1,28-031662211eff,30.187,T231,40C,off
06/29/2022 18:49:02,Chamber 1,28-031662211eff,30.187,T231,40C,off
06/29/2022 18:49:22,Chamber 1,28-031662211eff,30.187,T231,40C,off
06/29/2022 18:49:42,Chamber 1,28-031662211eff,30.187,T231,40C,off
06/29/2022 18:50:02,Chamber 1,28-031662211eff,30.187,T231,40C,off
06/29/2022 18:50:22,Chamber 1,28-031662211eff,30.187,T231,40C,off
06/29/2022 18:50:42,Chamber 1,28-031662211eff,30.187,T231,40C,off
06/29/2022 18:51:02,Chamber 1,28-031662211eff,30.187,T231,40C,off
06/29/2022 18:51:22,Chamber 1,28-031662211eff,30.187,T231,40C,off
06/29/2022 18:51:42,Chamber 1,28-031662211eff,30.187,T231,40C,off
06/29/2022 18:52:02,Chamber 1,28-031662211eff,30.187,T231,40C,off
06/29/2022 18:52:22,Chamber 1,28-031662211eff,30.187,T231,40C,off
06/29/2022 18:52:42,Chamber 1,28-031662211eff,30.187,T231,40C,off
06/29/2022 18:53:02,Chamber 1,28-031662211eff,30.187,T231,40C,off
06/29/2022 18:53:22,Chamber 1,28-031662211eff,30.187,T231,40C,off
06/29/2022 18:53:42,Chamber 1,28-031662211eff,30.125,T231,40C,off
06/29/2022 18:54:02,Chamber 1,28-031662211eff,30.125,T231,40C,off
06/29/2022 18:54:22,Chamber 1,28-031662211eff,30.187,T231,40C,off
06/29/2022 18:54:42,Chamber 1,28-031662211eff,30.187,T231,40C,off
06/29/2022 18:55:02,Chamber 1,28-031662211eff,30.187,T231,40C,off
06/29/2022 18:55:22,Chamber 1,28-031662211eff,30.187,T231,40C,off
06/29/2022 18:55:42,Chamber 1,28-031662211eff,30.187,T231,40C,off
06/29/2022 18:56:02,Chamber 1,28-031662211eff,30.125,T231,40C,off
06/29/2022 18:56:22,Chamber 1,28-031662211eff,30.187,T231,40C,off
06/29/2022 18:56:44,Chamber 1,28-031662211eff,30.125,T231,40C,off
06/29/2022 18:57:02,Chamber 1,28-031662211eff,30.187,T231,40C,off
06/29/2022 18:57:22,Chamber 1,28-031662211eff,30.125,T231,40C,off
06/29/2022 18:57:42,Chamber 1,28-031662211eff,30.125,T231,40C,off
06/29/2022 18:58:02,Chamber 1,28-031662211eff,30.125,T231,40C,off
06/29/2022 18:58:22,Chamber 1,28-031662211eff,30.125,T231,40C,off
06/29/2022 18:58:43,Chamber 1,28-031662211eff,30.125,T231,40C,off
06/29/2022 18:59:02,Chamber 1,28-031662211eff,30.125,T231,40C,off
06/29/2022 18:59:22,Chamber 1,28-031662211eff,30.125,T231,40C,off
06/29/2022 18:59:42,Chamber 1,28-031662211eff,30.125,T231,40C,off
06/29/2022 19:00:02,Chamber 1,28-031662211eff,30.125,T231,40C,off
06/29/2022 19:00:22,Chamber 1,28-031662211eff,30.125,T231,40C,off
06/29/2022 19:00:42,Chamber 1,28-031662211eff,30.125,T231,40C,off
06/29/2022 19:01:02,Chamber 1,28-031662211eff,30.125,T231,40C,off
06/29/2022 19:01:22,Chamber 1,28-031662211eff,30.125,T231,40C,off
06/29/2022 19:01:42,Chamber 1,28-031662211eff,30.125,T231,40C,off
06/29/2022 19:02:02,Chamber 1,28-031662211eff,30.125,T231,40C,off
06/29/2022 19:02:22,Chamber 1,28-031662211eff,30.125,T231,40C,off
06/29/2022 19:02:42,Chamber 1,28-031662211eff,30.125,T231,40C,off
06/29/2022 19:03:02,Chamber 1,28-031662211eff,30.125,T231,40C,off
06/29/2022 19:03:22,Chamber 1,28-031662211eff,30.125,T231,40C,off
06/29/2022 19:03:42,Chamber 1,28-031662211eff,30.125,T231,40C,off
06/29/2022 19:04:02,Chamber 1,28-031662211eff,30.125,T231,40C,off
06/29/2022 19:04:22,Chamber 1,28-031662211eff,30.125,T231,40C,off
06/29/2022 19:04:42,Chamber 1,28-031662211eff,30.125,T231,40C,off
06/29/2022 19:05:02,Chamber 1,28-031662211eff,30.125,T231,40C,off
06/29/2022 19:05:22,Chamber 1,28-031662211eff,30.187,T231,40C,off
06/29/2022 19:05:42,Chamber 1,28-031662211eff,30.125,T231,40C,off
06/29/2022 19:06:02,Chamber 1,28-031662211eff,30.125,T231,40C,off
06/29/2022 19:06:22,Chamber 1,28-031662211eff,30.125,T231,40C,off
06/29/2022 19:06:42,Chamber 1,28-031662211eff,30.125,T231,40C,off
06/29/2022 19:07:02,Chamber 1,28-031662211eff,30.125,T231,40C,off
06/29/2022 19:07:22,Chamber 1,28-031662211eff,30.125,T231,40C,off
06/29/2022 19:07:42,Chamber 1,28-031662211eff,30.187,T231,40C,off
06/29/2022 19:08:02,Chamber 1,28-031662211eff,30.187,T231,40C,off
06/29/2022 19:08:22,Chamber 1,28-031662211eff,30.187,T231,40C,off
06/29/2022 19:08:42,Chamber 1,28-031662211eff,30.187,T231,40C,off
06/29/2022 19:09:02,Chamber 1,28-031662211eff,30.187,T231,40C,off
06/29/2022 19:09:22,Chamber 1,28-031662211eff,30.187,T231,40C,off
06/29/2022 19:09:42,Chamber 1,28-031662211eff,30.187,T231,40C,off
06/29/2022 19:10:02,Chamber 1,28-031662211eff,30.187,T231,40C,off
06/29/2022 19:10:22,Chamber 1,28-031662211eff,30.187,T231,40C,off
06/29/2022 19:10:42,Chamber 1,28-031662211eff,30.187,T231,40C,off
06/29/2022 19:11:02,Chamber 1,28-031662211eff,30.187,T231,40C,off
06/29/2022 19:11:22,Chamber 1,28-031662211eff,30.187,T231,40C,off
06/29/2022 19:11:42,Chamber 1,28-031662211eff,30.187,T231,40C,off
06/29/2022 19:12:02,Chamber 1,28-031662211eff,30.187,T231,40C,off
06/29/2022 19:12:22,Chamber 1,28-031662211eff,30.187,T231,40C,off
06/29/2022 19:12:42,Chamber 1,28-031662211eff,30.187,T231,40C,off
06/29/2022 19:13:02,Chamber 1,28-031662211eff,30.187,T231,40C,off
06/29/2022 19:13:22,Chamber 1,28-031662211eff,30.187,T231,40C,off
06/29/2022 19:13:42,Chamber 1,28-031662211eff,30.187,T231,40C,off
06/29/2022 19:14:02,Chamber 1,28-031662211eff,30.187,T231,40C,off
06/29/2022 19:14:22,Chamber 1,28-031662211eff,30.187,T231,40C,off
06/29/2022 19:14:42,Chamber 1,28-031662211eff,30.187,T231,40C,off
06/29/2022 19:15:02,Chamber 1,28-031662211eff,30.187,T231,40C,off
06/29/2022 19:15:22,Chamber 1,28-031662211eff,30.187,T231,40C,off
06/29/2022 19:15:44,Chamber 1,28-031662211eff,30.25,T231,40C,off
06/29/2022 19:16:02,Chamber 1,28-031662211eff,30.25,T231,40C,off
06/29/2022 19:16:22,Chamber 1,28-031662211eff,30.25,T231,40C,off
06/29/2022 19:16:42,Chamber 1,28-031662211eff,30.25,T231,40C,off
06/29/2022 19:17:02,Chamber 1,28-031662211eff,30.25,T231,40C,off
06/29/2022 19:17:23,Chamber 1,28-031662211eff,30.25,T231,40C,off
06/29/2022 19:17:42,Chamber 1,28-031662211eff,30.25,T231,40C,off
06/29/2022 19:18:02,Chamber 1,28-031662211eff,30.25,T231,40C,off
06/29/2022 19:18:22,Chamber 1,28-031662211eff,30.25,T231,40C,off
06/29/2022 19:18:42,Chamber 1,28-031662211eff,30.25,T231,40C,off
06/29/2022 19:19:02,Chamber 1,28-031662211eff,30.25,T231,40C,off
06/29/2022 19:19:22,Chamber 1,28-031662211eff,30.25,T231,40C,off
06/29/2022 19:19:42,Chamber 1,28-031662211eff,30.25,T231,40C,off
06/29/2022 19:20:02,Chamber 1,28-031662211eff,30.25,T231,40C,off
06/29/2022 19:20:22,Chamber 1,28-031662211eff,30.25,T231,40C,off
06/29/2022 19:20:42,Chamber 1,28-031662211eff,30.25,T231,40C,off
06/29/2022 19:21:02,Chamber 1,28-031662211eff,30.312,T231,40C,off
06/29/2022 19:21:22,Chamber 1,28-031662211eff,30.312,T231,40C,off
06/29/2022 19:21:42,Chamber 1,28-031662211eff,30.312,T231,40C,off
06/29/2022 19:22:02,Chamber 1,28-031662211eff,30.312,T231,40C,off
06/29/2022 19:22:22,Chamber 1,28-031662211eff,30.312,T231,40C,off
06/29/2022 19:22:42,Chamber 1,28-031662211eff,30.312,T231,40C,off
06/29/2022 19:23:02,Chamber 1,28-031662211eff,30.312,T231,40C,off
06/29/2022 19:23:22,Chamber 1,28-031662211eff,30.312,T231,40C,off
06/29/2022 19:23:43,Chamber 1,28-031662211eff,30.312,T231,40C,off
06/29/2022 19:24:02,Chamber 1,28-031662211eff,30.312,T231,40C,off
06/29/2022 19:24:22,Chamber 1,28-031662211eff,30.312,T231,40C,off
06/29/2022 19:24:42,Chamber 1,28-031662211eff,30.312,T231,40C,off
06/29/2022 19:25:02,Chamber 1,28-031662211eff,30.312,T231,40C,off
06/29/2022 19:25:22,Chamber 1,28-031662211eff,30.312,T231,40C,off
06/29/2022 19:25:42,Chamber 1,28-031662211eff,30.312,T231,40C,off
06/29/2022 19:26:02,Chamber 1,28-031662211eff,30.312,T231,40C,off
06/29/2022 19:26:22,Chamber 1,28-031662211eff,30.25,T231,40C,off
06/29/2022 19:26:42,Chamber 1,28-031662211eff,30.25,T231,40C,off
06/29/2022 19:27:02,Chamber 1,28-031662211eff,30.25,T231,40C,off
06/29/2022 19:27:22,Chamber 1,28-031662211eff,30.25,T231,40C,off
06/29/2022 19:27:42,Chamber 1,28-031662211eff,30.25,T231,40C,off
06/29/2022 19:28:02,Chamber 1,28-031662211eff,30.25,T231,40C,off
06/29/2022 19:28:22,Chamber 1,28-031662211eff,30.25,T231,40C,off
06/29/2022 19:28:42,Chamber 1,28-031662211eff,30.25,T231,40C,off
06/29/2022 19:29:03,Chamber 1,28-031662211eff,30.25,T231,40C,off
06/29/2022 19:29:22,Chamber 1,28-031662211eff,30.25,T231,40C,off
06/29/2022 19:29:42,Chamber 1,28-031662211eff,30.25,T231,40C,off
06/29/2022 19:30:02,Chamber 1,28-031662211eff,30.25,T231,40C,off
06/29/2022 19:30:22,Chamber 1,28-031662211eff,30.25,T231,40C,off
06/29/2022 19:30:42,Chamber 1,28-031662211eff,30.25,T231,40C,off
06/29/2022 19:31:02,Chamber 1,28-031662211eff,30.25,T231,40C,off
06/29/2022 19:31:22,Chamber 1,28-031662211eff,30.25,T231,40C,off
06/29/2022 19:31:42,Chamber 1,28-031662211eff,30.25,T231,40C,off
06/29/2022 19:32:02,Chamber 1,28-031662211eff,30.25,T231,40C,off
06/29/2022 19:32:22,Chamber 1,28-031662211eff,30.25,T231,40C,off
06/29/2022 19:32:42,Chamber 1,28-031662211eff,30.25,T231,40C,off
06/29/2022 19:33:02,Chamber 1,28-031662211eff,30.25,T231,40C,off
06/29/2022 19:33:22,Chamber 1,28-031662211eff,30.25,T231,40C,off
06/29/2022 19:33:42,Chamber 1,28-031662211eff,30.25,T231,40C,off
06/29/2022 19:34:02,Chamber 1,28-031662211eff,30.25,T231,40C,off
06/29/2022 19:34:22,Chamber 1,28-031662211eff,30.25,T231,40C,off
06/29/2022 19:34:42,Chamber 1,28-031662211eff,30.25,T231,40C,off
06/29/2022 19:35:02,Chamber 1,28-031662211eff,30.25,T231,40C,off
06/29/2022 19:35:22,Chamber 1,28-031662211eff,30.25,T231,40C,off
06/29/2022 19:35:42,Chamber 1,28-031662211eff,30.25,T231,40C,off
06/29/2022 19:36:02,Chamber 1,28-031662211eff,30.25,T231,40C,off
06/29/2022 19:36:22,Chamber 1,28-031662211eff,30.25,T231,40C,off
06/29/2022 19:36:42,Chamber 1,28-031662211eff,30.25,T231,40C,off
06/29/2022 19:37:02,Chamber 1,28-031662211eff,30.25,T231,40C,off
06/29/2022 19:37:22,Chamber 1,28-031662211eff,30.25,T231,40C,off
06/29/2022 19:37:42,Chamber 1,28-031662211eff,30.25,T231,40C,off
06/29/2022 19:38:02,Chamber 1,28-031662211eff,30.25,T231,40C,off
06/29/2022 19:38:22,Chamber 1,28-031662211eff,30.25,T231,40C,off
06/29/2022 19:38:42,Chamber 1,28-031662211eff,30.25,T231,40C,off
06/29/2022 19:39:02,Chamber 1,28-031662211eff,30.25,T231,40C,off
06/29/2022 19:39:22,Chamber 1,28-031662211eff,30.25,T231,40C,off
06/29/2022 19:39:42,Chamber 1,28-031662211eff,30.25,T231,40C,off
06/29/2022 19:40:02,Chamber 1,28-031662211eff,30.25,T231,40C,off
06/29/2022 19:40:22,Chamber 1,28-031662211eff,30.25,T231,40C,off
06/29/2022 19:40:42,Chamber 1,28-031662211eff,30.25,T231,40C,off
06/29/2022 19:41:02,Chamber 1,28-031662211eff,30.25,T231,40C,off
06/29/2022 19:41:22,Chamber 1,28-031662211eff,30.25,T231,40C,off
06/29/2022 19:41:42,Chamber 1,28-031662211eff,30.25,T231,40C,off
06/29/2022 19:42:02,Chamber 1,28-031662211eff,30.25,T231,40C,off
06/29/2022 19:42:22,Chamber 1,28-031662211eff,30.25,T231,40C,off
06/29/2022 19:42:42,Chamber 1,28-031662211eff,30.25,T231,40C,off
06/29/2022 19:43:04,Chamber 1,28-031662211eff,30.25,T231,40C,off
06/29/2022 19:43:22,Chamber 1,28-031662211eff,30.25,T231,40C,off
06/29/2022 19:43:42,Chamber 1,28-031662211eff,30.25,T231,40C,off
06/29/2022 19:44:02,Chamber 1,28-031662211eff,30.25,T231,40C,off
06/29/2022 19:44:22,Chamber 1,28-031662211eff,30.25,T231,40C,off
06/29/2022 19:44:42,Chamber 1,28-031662211eff,30.25,T231,40C,off
06/29/2022 19:45:02,Chamber 1,28-031662211eff,30.25,T231,40C,off
06/29/2022 19:45:23,Chamber 1,28-031662211eff,30.25,T231,40C,off
06/29/2022 19:45:42,Chamber 1,28-031662211eff,30.25,T231,40C,off
06/29/2022 19:46:02,Chamber 1,28-031662211eff,30.25,T231,40C,off
06/29/2022 19:46:22,Chamber 1,28-031662211eff,30.187,T231,40C,off
06/29/2022 19:46:42,Chamber 1,28-031662211eff,30.187,T231,40C,off
06/29/2022 19:47:03,Chamber 1,28-031662211eff,30.187,T231,40C,off
06/29/2022 19:47:22,Chamber 1,28-031662211eff,30.187,T231,40C,off
06/29/2022 19:47:42,Chamber 1,28-031662211eff,30.187,T231,40C,off
06/29/2022 19:48:02,Chamber 1,28-031662211eff,30.187,T231,40C,off
06/29/2022 19:48:22,Chamber 1,28-031662211eff,30.187,T231,40C,off
06/29/2022 19:48:42,Chamber 1,28-031662211eff,30.187,T231,40C,off
06/29/2022 19:49:02,Chamber 1,28-031662211eff,30.187,T231,40C,off
06/29/2022 19:49:22,Chamber 1,28-031662211eff,30.187,T231,40C,off
06/29/2022 19:49:42,Chamber 1,28-031662211eff,30.187,T231,40C,off
06/29/2022 19:50:02,Chamber 1,28-031662211eff,30.187,T231,40C,off
06/29/2022 19:50:22,Chamber 1,28-031662211eff,30.187,T231,40C,off
06/29/2022 19:50:42,Chamber 1,28-031662211eff,30.187,T231,40C,off
06/29/2022 19:51:02,Chamber 1,28-031662211eff,30.187,T231,40C,off
06/29/2022 19:51:22,Chamber 1,28-031662211eff,30.187,T231,40C,off
06/29/2022 19:51:42,Chamber 1,28-031662211eff,30.187,T231,40C,off
06/29/2022 19:52:02,Chamber 1,28-031662211eff,30.187,T231,40C,off
06/29/2022 19:52:22,Chamber 1,28-031662211eff,30.187,T231,40C,off
06/29/2022 19:52:42,Chamber 1,28-031662211eff,30.187,T231,40C,off
06/29/2022 19:53:02,Chamber 1,28-031662211eff,30.187,T231,40C,off
06/29/2022 19:53:22,Chamber 1,28-031662211eff,30.187,T231,40C,off
06/29/2022 19:53:42,Chamber 1,28-031662211eff,30.187,T231,40C,off
06/29/2022 19:54:02,Chamber 1,28-031662211eff,30.187,T231,40C,off
06/29/2022 19:54:22,Chamber 1,28-031662211eff,30.187,T231,40C,off
06/29/2022 19:54:42,Chamber 1,28-031662211eff,30.187,T231,40C,off
06/29/2022 19:55:02,Chamber 1,28-031662211eff,30.187,T231,40C,off
06/29/2022 19:55:22,Chamber 1,28-031662211eff,30.187,T231,40C,off
06/29/2022 19:55:42,Chamber 1,28-031662211eff,30.187,T231,40C,off
06/29/2022 19:56:02,Chamber 1,28-031662211eff,30.187,T231,40C,off
06/29/2022 19:56:22,Chamber 1,28-031662211eff,30.187,T231,40C,off
06/29/2022 19:56:42,Chamber 1,28-031662211eff,30.187,T231,40C,off
06/29/2022 19:57:02,Chamber 1,28-031662211eff,30.187,T231,40C,off
06/29/2022 19:57:22,Chamber 1,28-031662211eff,30.187,T231,40C,off
06/29/2022 19:57:42,Chamber 1,28-031662211eff,30.187,T231,40C,off
06/29/2022 19:58:02,Chamber 1,28-031662211eff,30.187,T231,40C,off
06/29/2022 19:58:22,Chamber 1,28-031662211eff,30.187,T231,40C,off
06/29/2022 19:58:42,Chamber 1,28-031662211eff,30.187,T231,40C,off
06/29/2022 19:59:02,Chamber 1,28-031662211eff,30.187,T231,40C,off
06/29/2022 19:59:22,Chamber 1,28-031662211eff,30.187,T231,40C,off
06/29/2022 19:59:42,Chamber 1,28-031662211eff,30.187,T231,40C,off
06/29/2022 20:00:02,Chamber 1,28-031662211eff,30.187,T231,40C,off
06/29/2022 20:00:22,Chamber 1,28-031662211eff,30.187,T231,40C,off
06/29/2022 20:00:42,Chamber 1,28-031662211eff,30.187,T231,40C,off
06/29/2022 20:01:02,Chamber 1,28-031662211eff,30.187,T231,40C,off
06/29/2022 20:01:22,Chamber 1,28-031662211eff,30.187,T231,40C,off
06/29/2022 20:01:42,Chamber 1,28-031662211eff,30.187,T231,40C,off
06/29/2022 20:02:04,Chamber 1,28-031662211eff,30.187,T231,40C,off
06/29/2022 20:02:22,Chamber 1,28-031662211eff,30.187,T231,40C,off
06/29/2022 20:02:42,Chamber 1,28-031662211eff,30.187,T231,40C,off
06/29/2022 20:03:02,Chamber 1,28-031662211eff,30.187,T231,40C,off
06/29/2022 20:03:22,Chamber 1,28-031662211eff,30.187,T231,40C,off
06/29/2022 20:03:42,Chamber 1,28-031662211eff,30.187,T231,40C,off
06/29/2022 20:04:02,Chamber 1,28-031662211eff,30.187,T231,40C,off
06/29/2022 20:04:22,Chamber 1,28-031662211eff,30.187,T231,40C,off
06/29/2022 20:04:42,Chamber 1,28-031662211eff,30.187,T231,40C,off
06/29/2022 20:05:02,Chamber 1,28-031662211eff,30.187,T231,40C,off
06/29/2022 20:05:22,Chamber 1,28-031662211eff,30.187,T231,40C,off
06/29/2022 20:05:42,Chamber 1,28-031662211eff,30.187,T231,40C,off
06/29/2022 20:06:02,Chamber 1,28-031662211eff,30.187,T231,40C,off
06/29/2022 20:06:22,Chamber 1,28-031662211eff,30.187,T231,40C,off
06/29/2022 20:06:42,Chamber 1,28-031662211eff,30.187,T231,40C,off
06/29/2022 20:07:02,Chamber 1,28-031662211eff,30.187,T231,40C,off
06/29/2022 20:07:22,Chamber 1,28-031662211eff,30.187,T231,40C,off
06/29/2022 20:07:42,Chamber 1,28-031662211eff,30.187,T231,40C,off
06/29/2022 20:08:02,Chamber 1,28-031662211eff,30.187,T231,40C,off
06/29/2022 20:08:22,Chamber 1,28-031662211eff,30.187,T231,40C,off
06/29/2022 20:08:42,Chamber 1,28-031662211eff,30.187,T231,40C,off
06/29/2022 20:09:02,Chamber 1,28-031662211eff,30.187,T231,40C,off
06/29/2022 20:09:22,Chamber 1,28-031662211eff,30.187,T231,40C,off
06/29/2022 20:09:42,Chamber 1,28-031662211eff,30.187,T231,40C,off
06/29/2022 20:10:02,Chamber 1,28-031662211eff,30.187,T231,40C,off
06/29/2022 20:10:22,Chamber 1,28-031662211eff,30.187,T231,40C,off
06/29/2022 20:10:42,Chamber 1,28-031662211eff,30.187,T231,40C,off
06/29/2022 20:11:02,Chamber 1,28-031662211eff,30.187,T231,40C,off
06/29/2022 20:11:22,Chamber 1,28-031662211eff,30.187,T231,40C,off
06/29/2022 20:11:42,Chamber 1,28-031662211eff,30.187,T231,40C,off
06/29/2022 20:12:02,Chamber 1,28-031662211eff,30.187,T231,40C,off
06/29/2022 20:12:22,Chamber 1,28-031662211eff,30.187,T231,40C,off
06/29/2022 20:12:42,Chamber 1,28-031662211eff,30.25,T231,40C,off
06/29/2022 20:13:02,Chamber 1,28-031662211eff,30.187,T231,40C,off
06/29/2022 20:13:22,Chamber 1,28-031662211eff,30.187,T231,40C,off
06/29/2022 20:13:42,Chamber 1,28-031662211eff,30.187,T231,40C,off
06/29/2022 20:14:02,Chamber 1,28-031662211eff,30.187,T231,40C,off
06/29/2022 20:14:22,Chamber 1,28-031662211eff,30.187,T231,40C,off
06/29/2022 20:14:42,Chamber 1,28-031662211eff,30.187,T231,40C,off
06/29/2022 20:15:02,Chamber 1,28-031662211eff,30.187,T231,40C,off
06/29/2022 20:15:22,Chamber 1,28-031662211eff,30.187,T231,40C,off
06/29/2022 20:15:42,Chamber 1,28-031662211eff,30.187,T231,40C,off
06/29/2022 20:16:02,Chamber 1,28-031662211eff,30.187,T231,40C,off
06/29/2022 20:16:22,Chamber 1,28-031662211eff,30.187,T231,40C,off
06/29/2022 20:16:42,Chamber 1,28-031662211eff,30.25,T231,40C,off
06/29/2022 20:17:02,Chamber 1,28-031662211eff,30.187,T231,40C,off
06/29/2022 20:17:22,Chamber 1,28-031662211eff,30.187,T231,40C,off
06/29/2022 20:17:42,Chamber 1,28-031662211eff,30.25,T231,40C,off
06/29/2022 20:18:02,Chamber 1,28-031662211eff,30.187,T231,40C,off
06/29/2022 20:18:22,Chamber 1,28-031662211eff,30.25,T231,40C,off
06/29/2022 20:18:42,Chamber 1,28-031662211eff,30.25,T231,40C,off
06/29/2022 20:19:02,Chamber 1,28-031662211eff,30.25,T231,40C,off
06/29/2022 20:19:22,Chamber 1,28-031662211eff,30.25,T231,40C,off
06/29/2022 20:19:42,Chamber 1,28-031662211eff,30.25,T231,40C,off
06/29/2022 20:20:02,Chamber 1,28-031662211eff,30.25,T231,40C,off
06/29/2022 20:20:22,Chamber 1,28-031662211eff,30.25,T231,40C,off
06/29/2022 20:20:42,Chamber 1,28-031662211eff,30.25,T231,40C,off
06/29/2022 20:21:02,Chamber 1,28-031662211eff,30.25,T231,40C,off
06/29/2022 20:21:22,Chamber 1,28-031662211eff,30.25,T231,40C,off
06/29/2022 20:21:42,Chamber 1,28-031662211eff,30.25,T231,40C,off
06/29/2022 20:22:02,Chamber 1,28-031662211eff,30.25,T231,40C,off
06/29/2022 20:22:22,Chamber 1,28-031662211eff,30.25,T231,40C,off
06/29/2022 20:22:42,Chamber 1,28-031662211eff,30.25,T231,40C,off
06/29/2022 20:23:02,Chamber 1,28-031662211eff,30.25,T231,40C,off
06/29/2022 20:23:22,Chamber 1,28-031662211eff,30.25,T231,40C,off
06/29/2022 20:23:42,Chamber 1,28-031662211eff,30.25,T231,40C,off
06/29/2022 20:24:02,Chamber 1,28-031662211eff,30.25,T231,40C,off
06/29/2022 20:24:22,Chamber 1,28-031662211eff,30.25,T231,40C,off
06/29/2022 20:24:42,Chamber 1,28-031662211eff,30.25,T231,40C,off
06/29/2022 20:25:02,Chamber 1,28-031662211eff,30.25,T231,40C,off
06/29/2022 20:25:22,Chamber 1,28-031662211eff,30.25,T231,40C,off
06/29/2022 20:25:42,Chamber 1,28-031662211eff,30.25,T231,40C,off
06/29/2022 20:26:02,Chamber 1,28-031662211eff,30.25,T231,40C,off
06/29/2022 20:26:22,Chamber 1,28-031662211eff,30.25,T231,40C,off
06/29/2022 20:26:42,Chamber 1,28-031662211eff,30.25,T231,40C,off
06/29/2022 20:27:02,Chamber 1,28-031662211eff,30.25,T231,40C,off
06/29/2022 20:27:22,Chamber 1,28-031662211eff,30.25,T231,40C,off
06/29/2022 20:27:42,Chamber 1,28-031662211eff,30.25,T231,40C,off
06/29/2022 20:28:02,Chamber 1,28-031662211eff,30.25,T231,40C,off
06/29/2022 20:28:22,Chamber 1,28-031662211eff,30.25,T231,40C,off
06/29/2022 20:28:42,Chamber 1,28-031662211eff,30.25,T231,40C,off
06/29/2022 20:29:02,Chamber 1,28-031662211eff,30.25,T231,40C,off
06/29/2022 20:29:22,Chamber 1,28-031662211eff,30.25,T231,40C,off
06/29/2022 20:29:42,Chamber 1,28-031662211eff,30.25,T231,40C,off
06/29/2022 20:30:02,Chamber 1,28-031662211eff,30.25,T231,40C,off
06/29/2022 20:30:22,Chamber 1,28-031662211eff,30.312,T231,40C,off
06/29/2022 20:30:42,Chamber 1,28-031662211eff,30.25,T231,40C,off
06/29/2022 20:31:02,Chamber 1,28-031662211eff,30.25,T231,40C,off
06/29/2022 20:31:22,Chamber 1,28-031662211eff,30.25,T231,40C,off
06/29/2022 20:31:42,Chamber 1,28-031662211eff,30.25,T231,40C,off
06/29/2022 20:32:02,Chamber 1,28-031662211eff,30.312,T231,40C,off
06/29/2022 20:32:22,Chamber 1,28-031662211eff,30.25,T231,40C,off
06/29/2022 20:32:42,Chamber 1,28-031662211eff,30.312,T231,40C,off
06/29/2022 20:33:02,Chamber 1,28-031662211eff,30.25,T231,40C,off
06/29/2022 20:33:22,Chamber 1,28-031662211eff,30.25,T231,40C,off
06/29/2022 20:33:42,Chamber 1,28-031662211eff,30.25,T231,40C,off
06/29/2022 20:34:02,Chamber 1,28-031662211eff,30.25,T231,40C,off
06/29/2022 20:34:22,Chamber 1,28-031662211eff,30.25,T231,40C,off
06/29/2022 20:34:42,Chamber 1,28-031662211eff,30.25,T231,40C,off
06/29/2022 20:35:02,Chamber 1,28-031662211eff,30.25,T231,40C,off
06/29/2022 20:35:22,Chamber 1,28-031662211eff,30.25,T231,40C,off
06/29/2022 20:35:42,Chamber 1,28-031662211eff,30.25,T231,40C,off
06/29/2022 20:36:02,Chamber 1,28-031662211eff,30.25,T231,40C,off
06/29/2022 20:36:22,Chamber 1,28-031662211eff,30.25,T231,40C,off
06/29/2022 20:36:42,Chamber 1,28-031662211eff,30.25,T231,40C,off
06/29/2022 20:37:02,Chamber 1,28-031662211eff,30.25,T231,40C,off
06/29/2022 20:37:22,Chamber 1,28-031662211eff,30.25,T231,40C,off
06/29/2022 20:37:42,Chamber 1,28-031662211eff,30.25,T231,40C,off
06/29/2022 20:38:02,Chamber 1,28-031662211eff,30.25,T231,40C,off
06/29/2022 20:38:22,Chamber 1,28-031662211eff,30.25,T231,40C,off
06/29/2022 20:38:42,Chamber 1,28-031662211eff,30.25,T231,40C,off
06/29/2022 20:39:02,Chamber 1,28-031662211eff,30.187,T231,40C,off
06/29/2022 20:39:22,Chamber 1,28-031662211eff,30.187,T231,40C,off
06/29/2022 20:39:42,Chamber 1,28-031662211eff,30.187,T231,40C,off
06/29/2022 20:40:02,Chamber 1,28-031662211eff,30.187,T231,40C,off
06/29/2022 20:40:22,Chamber 1,28-031662211eff,30.187,T231,40C,off
06/29/2022 20:40:42,Chamber 1,28-031662211eff,30.187,T231,40C,off
06/29/2022 20:41:02,Chamber 1,28-031662211eff,30.187,T231,40C,off
06/29/2022 20:41:22,Chamber 1,28-031662211eff,30.187,T231,40C,off
06/29/2022 20:41:42,Chamber 1,28-031662211eff,30.187,T231,40C,off
06/29/2022 20:42:02,Chamber 1,28-031662211eff,30.187,T231,40C,off
06/29/2022 20:42:22,Chamber 1,28-031662211eff,30.187,T231,40C,off
06/29/2022 20:42:42,Chamber 1,28-031662211eff,30.187,T231,40C,off
06/29/2022 20:43:02,Chamber 1,28-031662211eff,30.187,T231,40C,off
06/29/2022 20:43:22,Chamber 1,28-031662211eff,30.187,T231,40C,off
06/29/2022 20:43:42,Chamber 1,28-031662211eff,30.187,T231,40C,off
06/29/2022 20:44:02,Chamber 1,28-031662211eff,30.187,T231,40C,off
06/29/2022 20:44:22,Chamber 1,28-031662211eff,30.187,T231,40C,off
06/29/2022 20:44:42,Chamber 1,28-031662211eff,30.187,T231,40C,off
06/29/2022 20:45:02,Chamber 1,28-031662211eff,30.187,T231,40C,off
06/29/2022 20:45:22,Chamber 1,28-031662211eff,30.125,T231,40C,off
06/29/2022 20:45:42,Chamber 1,28-031662211eff,30.187,T231,40C,off
06/29/2022 20:46:02,Chamber 1,28-031662211eff,30.125,T231,40C,off
06/29/2022 20:46:22,Chamber 1,28-031662211eff,30.125,T231,40C,off
06/29/2022 20:46:42,Chamber 1,28-031662211eff,30.125,T231,40C,off
06/29/2022 20:47:02,Chamber 1,28-031662211eff,30.125,T231,40C,off
06/29/2022 20:47:22,Chamber 1,28-031662211eff,30.125,T231,40C,off
06/29/2022 20:47:42,Chamber 1,28-031662211eff,30.125,T231,40C,off
06/29/2022 20:48:02,Chamber 1,28-031662211eff,30.125,T231,40C,off
06/29/2022 20:48:22,Chamber 1,28-031662211eff,30.125,T231,40C,off
06/29/2022 20:48:42,Chamber 1,28-031662211eff,30.125,T231,40C,off
06/29/2022 20:49:02,Chamber 1,28-031662211eff,30.125,T231,40C,off
06/29/2022 20:49:22,Chamber 1,28-031662211eff,30.125,T231,40C,off
06/29/2022 20:49:42,Chamber 1,28-031662211eff,30.125,T231,40C,off
06/29/2022 20:50:02,Chamber 1,28-031662211eff,30.125,T231,40C,off
06/29/2022 20:50:22,Chamber 1,28-031662211eff,30.125,T231,40C,off
06/29/2022 20:50:42,Chamber 1,28-031662211eff,30.125,T231,40C,off
06/29/2022 20:51:02,Chamber 1,28-031662211eff,30.125,T231,40C,off
06/29/2022 20:51:22,Chamber 1,28-031662211eff,30.125,T231,40C,off
06/29/2022 20:51:42,Chamber 1,28-031662211eff,30.125,T231,40C,off
06/29/2022 20:52:02,Chamber 1,28-031662211eff,30.125,T231,40C,off
06/29/2022 20:52:22,Chamber 1,28-031662211eff,30.125,T231,40C,off
06/29/2022 20:52:42,Chamber 1,28-031662211eff,30.125,T231,40C,off
06/29/2022 20:53:02,Chamber 1,28-031662211eff,30.125,T231,40C,off
06/29/2022 20:53:22,Chamber 1,28-031662211eff,30.125,T231,40C,off
06/29/2022 20:53:42,Chamber 1,28-031662211eff,30.125,T231,40C,off
06/29/2022 20:54:02,Chamber 1,28-031662211eff,30.125,T231,40C,off
06/29/2022 20:54:22,Chamber 1,28-031662211eff,30.125,T231,40C,off
06/29/2022 20:54:42,Chamber 1,28-031662211eff,30.125,T231,40C,off
06/29/2022 20:55:02,Chamber 1,28-031662211eff,30.125,T231,40C,off
06/29/2022 20:55:22,Chamber 1,28-031662211eff,30.125,T231,40C,off
06/29/2022 20:55:42,Chamber 1,28-031662211eff,30.125,T231,40C,off
06/29/2022 20:56:02,Chamber 1,28-031662211eff,30.125,T231,40C,off
06/29/2022 20:56:22,Chamber 1,28-031662211eff,30.125,T231,40C,off
06/29/2022 20:56:42,Chamber 1,28-031662211eff,30.125,T231,40C,off
06/29/2022 20:57:02,Chamber 1,28-031662211eff,30.125,T231,40C,off
06/29/2022 20:57:22,Chamber 1,28-031662211eff,30.125,T231,40C,off
06/29/2022 20:57:42,Chamber 1,28-031662211eff,30.125,T231,40C,off
06/29/2022 20:58:02,Chamber 1,28-031662211eff,30.125,T231,40C,off
06/29/2022 20:58:22,Chamber 1,28-031662211eff,30.125,T231,40C,off
06/29/2022 20:58:42,Chamber 1,28-031662211eff,30.125,T231,40C,off
06/29/2022 20:59:02,Chamber 1,28-031662211eff,30.125,T231,40C,off
06/29/2022 20:59:22,Chamber 1,28-031662211eff,30.125,T231,40C,off
06/29/2022 20:59:42,Chamber 1,28-031662211eff,30.125,T231,40C,off
06/29/2022 21:00:02,Chamber 1,28-031662211eff,30.125,T231,40C,off
06/29/2022 21:00:22,Chamber 1,28-031662211eff,30.125,T231,40C,off
06/29/2022 21:00:42,Chamber 1,28-031662211eff,30.125,T231,40C,off
06/29/2022 21:01:02,Chamber 1,28-031662211eff,30.125,T231,40C,off
06/29/2022 21:01:22,Chamber 1,28-031662211eff,30.125,T231,40C,off
06/29/2022 21:01:42,Chamber 1,28-031662211eff,30.125,T231,40C,off
06/29/2022 21:02:02,Chamber 1,28-031662211eff,30.125,T231,40C,off
06/29/2022 21:02:22,Chamber 1,28-031662211eff,30.125,T231,40C,off
06/29/2022 21:02:42,Chamber 1,28-031662211eff,30.125,T231,40C,off
06/29/2022 21:03:02,Chamber 1,28-031662211eff,30.125,T231,40C,off
06/29/2022 21:03:22,Chamber 1,28-031662211eff,30.125,T231,40C,off
06/29/2022 21:03:42,Chamber 1,28-031662211eff,30.125,T231,40C,off
06/29/2022 21:04:02,Chamber 1,28-031662211eff,30.125,T231,40C,off
06/29/2022 21:04:22,Chamber 1,28-031662211eff,30.125,T231,40C,off
06/29/2022 21:04:42,Chamber 1,28-031662211eff,30.125,T231,40C,off
06/29/2022 21:05:02,Chamber 1,28-031662211eff,30.125,T231,40C,off
06/29/2022 21:05:22,Chamber 1,28-031662211eff,30.125,T231,40C,off
06/29/2022 21:05:42,Chamber 1,28-031662211eff,30.125,T231,40C,off
06/29/2022 21:06:02,Chamber 1,28-031662211eff,30.125,T231,40C,off
06/29/2022 21:06:22,Chamber 1,28-031662211eff,30.125,T231,40C,off
06/29/2022 21:06:42,Chamber 1,28-031662211eff,30.125,T231,40C,off
06/29/2022 21:07:02,Chamber 1,28-031662211eff,30.125,T231,40C,off
06/29/2022 21:07:22,Chamber 1,28-031662211eff,30.125,T231,40C,off
06/29/2022 21:07:42,Chamber 1,28-031662211eff,30.125,T231,40C,off
06/29/2022 21:08:02,Chamber 1,28-031662211eff,30.125,T231,40C,off
06/29/2022 21:08:22,Chamber 1,28-031662211eff,30.125,T231,40C,off
06/29/2022 21:08:43,Chamber 1,28-031662211eff,30.125,T231,40C,off
06/29/2022 21:09:02,Chamber 1,28-031662211eff,30.125,T231,40C,off
06/29/2022 21:09:22,Chamber 1,28-031662211eff,30.125,T231,40C,off
06/29/2022 21:09:42,Chamber 1,28-031662211eff,30.125,T231,40C,off
06/29/2022 21:10:02,Chamber 1,28-031662211eff,30.125,T231,40C,off
06/29/2022 21:10:22,Chamber 1,28-031662211eff,30.125,T231,40C,off
06/29/2022 21:10:42,Chamber 1,28-031662211eff,30.125,T231,40C,off
06/29/2022 21:11:02,Chamber 1,28-031662211eff,30.125,T231,40C,off
06/29/2022 21:11:22,Chamber 1,28-031662211eff,30.125,T231,40C,off
06/29/2022 21:11:42,Chamber 1,28-031662211eff,30.125,T231,40C,off
06/29/2022 21:12:02,Chamber 1,28-031662211eff,30.125,T231,40C,off
06/29/2022 21:12:23,Chamber 1,28-031662211eff,30.125,T231,40C,off
06/29/2022 21:12:42,Chamber 1,28-031662211eff,30.125,T231,40C,off
06/29/2022 21:13:02,Chamber 1,28-031662211eff,30.125,T231,40C,off
06/29/2022 21:13:22,Chamber 1,28-031662211eff,30.125,T231,40C,off
06/29/2022 21:13:42,Chamber 1,28-031662211eff,30.125,T231,40C,off
06/29/2022 21:14:02,Chamber 1,28-031662211eff,30.125,T231,40C,off
06/29/2022 21:14:22,Chamber 1,28-031662211eff,30.125,T231,40C,off
06/29/2022 21:14:42,Chamber 1,28-031662211eff,30.125,T231,40C,off
06/29/2022 21:15:03,Chamber 1,28-031662211eff,30.125,T231,40C,off
06/29/2022 21:15:22,Chamber 1,28-031662211eff,30.125,T231,40C,off
06/29/2022 21:15:42,Chamber 1,28-031662211eff,30.125,T231,40C,off
06/29/2022 21:16:02,Chamber 1,28-031662211eff,30.125,T231,40C,off
06/29/2022 21:16:22,Chamber 1,28-031662211eff,30.125,T231,40C,off
06/29/2022 21:16:42,Chamber 1,28-031662211eff,30.125,T231,40C,off
06/29/2022 21:17:02,Chamber 1,28-031662211eff,30.125,T231,40C,off
06/29/2022 21:17:22,Chamber 1,28-031662211eff,30.125,T231,40C,off
06/29/2022 21:17:42,Chamber 1,28-031662211eff,30.062,T231,40C,off
06/29/2022 21:18:02,Chamber 1,28-031662211eff,30.062,T231,40C,off
06/29/2022 21:18:22,Chamber 1,28-031662211eff,30.062,T231,40C,off
06/29/2022 21:18:43,Chamber 1,28-031662211eff,30.125,T231,40C,off
06/29/2022 21:19:02,Chamber 1,28-031662211eff,30.062,T231,40C,off
06/29/2022 21:19:22,Chamber 1,28-031662211eff,30.062,T231,40C,off
06/29/2022 21:19:42,Chamber 1,28-031662211eff,30.062,T231,40C,off
06/29/2022 21:20:02,Chamber 1,28-031662211eff,30.062,T231,40C,off
06/29/2022 21:20:22,Chamber 1,28-031662211eff,30.062,T231,40C,off
06/29/2022 21:20:42,Chamber 1,28-031662211eff,30.062,T231,40C,off
06/29/2022 21:21:02,Chamber 1,28-031662211eff,30.062,T231,40C,off
06/29/2022 21:21:22,Chamber 1,28-031662211eff,30.062,T231,40C,off
06/29/2022 21:21:42,Chamber 1,28-031662211eff,30.062,T231,40C,off
06/29/2022 21:22:02,Chamber 1,28-031662211eff,30.062,T231,40C,off
06/29/2022 21:22:22,Chamber 1,28-031662211eff,30.062,T231,40C,off
06/29/2022 21:22:42,Chamber 1,28-031662211eff,30.062,T231,40C,off
06/29/2022 21:23:02,Chamber 1,28-031662211eff,30.062,T231,40C,off
06/29/2022 21:23:22,Chamber 1,28-031662211eff,30.062,T231,40C,off
06/29/2022 21:23:42,Chamber 1,28-031662211eff,30.0,T231,40C,off
06/29/2022 21:24:02,Chamber 1,28-031662211eff,30.0,T231,40C,off
06/29/2022 21:24:22,Chamber 1,28-031662211eff,30.0,T231,40C,off
06/29/2022 21:24:42,Chamber 1,28-031662211eff,30.0,T231,40C,off
06/29/2022 21:25:02,Chamber 1,28-031662211eff,30.0,T231,40C,off
06/29/2022 21:25:22,Chamber 1,28-031662211eff,30.0,T231,40C,off
06/29/2022 21:25:43,Chamber 1,28-031662211eff,30.0,T231,40C,off
06/29/2022 21:26:02,Chamber 1,28-031662211eff,30.0,T231,40C,off
06/29/2022 21:26:22,Chamber 1,28-031662211eff,30.0,T231,40C,off
06/29/2022 21:26:42,Chamber 1,28-031662211eff,30.0,T231,40C,off
06/29/2022 21:27:02,Chamber 1,28-031662211eff,30.0,T231,40C,off
06/29/2022 21:27:22,Chamber 1,28-031662211eff,30.0,T231,40C,off
06/29/2022 21:27:42,Chamber 1,28-031662211eff,30.0,T231,40C,off
06/29/2022 21:28:02,Chamber 1,28-031662211eff,30.0,T231,40C,off
06/29/2022 21:28:22,Chamber 1,28-031662211eff,30.0,T231,40C,off
06/29/2022 21:28:42,Chamber 1,28-031662211eff,30.0,T231,40C,off
06/29/2022 21:29:02,Chamber 1,28-031662211eff,29.937,T231,40C,off
06/29/2022 21:29:22,Chamber 1,28-031662211eff,29.937,T231,40C,off
06/29/2022 21:29:42,Chamber 1,28-031662211eff,29.937,T231,40C,off
06/29/2022 21:30:02,Chamber 1,28-031662211eff,29.937,T231,40C,off
06/29/2022 21:30:22,Chamber 1,28-031662211eff,29.937,T231,40C,off
06/29/2022 21:30:42,Chamber 1,28-031662211eff,29.937,T231,40C,off
06/29/2022 21:31:02,Chamber 1,28-031662211eff,29.937,T231,40C,off
06/29/2022 21:31:22,Chamber 1,28-031662211eff,29.937,T231,40C,off
06/29/2022 21:31:42,Chamber 1,28-031662211eff,29.937,T231,40C,off
06/29/2022 21:32:02,Chamber 1,28-031662211eff,29.937,T231,40C,off
06/29/2022 21:32:22,Chamber 1,28-031662211eff,29.937,T231,40C,off
06/29/2022 21:32:42,Chamber 1,28-031662211eff,29.875,T231,40C,off
06/29/2022 21:33:02,Chamber 1,28-031662211eff,29.875,T231,40C,off
06/29/2022 21:33:22,Chamber 1,28-031662211eff,29.875,T231,40C,off
06/29/2022 21:33:42,Chamber 1,28-031662211eff,29.875,T231,40C,off
06/29/2022 21:34:02,Chamber 1,28-031662211eff,29.875,T231,40C,off
06/29/2022 21:34:22,Chamber 1,28-031662211eff,29.875,T231,40C,off
06/29/2022 21:34:42,Chamber 1,28-031662211eff,29.875,T231,40C,off
06/29/2022 21:35:02,Chamber 1,28-031662211eff,29.875,T231,40C,off
06/29/2022 21:35:22,Chamber 1,28-031662211eff,29.875,T231,40C,off
06/29/2022 21:35:42,Chamber 1,28-031662211eff,29.875,T231,40C,off
06/29/2022 21:36:02,Chamber 1,28-031662211eff,29.875,T231,40C,off
06/29/2022 21:36:22,Chamber 1,28-031662211eff,29.875,T231,40C,off
06/29/2022 21:36:42,Chamber 1,28-031662211eff,29.875,T231,40C,off
06/29/2022 21:37:02,Chamber 1,28-031662211eff,29.875,T231,40C,off
06/29/2022 21:37:22,Chamber 1,28-031662211eff,29.812,T231,40C,off
06/29/2022 21:37:42,Chamber 1,28-031662211eff,29.812,T231,40C,off
06/29/2022 21:38:02,Chamber 1,28-031662211eff,29.812,T231,40C,off
06/29/2022 21:38:22,Chamber 1,28-031662211eff,29.812,T231,40C,off
06/29/2022 21:38:42,Chamber 1,28-031662211eff,29.812,T231,40C,off
06/29/2022 21:39:02,Chamber 1,28-031662211eff,29.812,T231,40C,off
06/29/2022 21:39:22,Chamber 1,28-031662211eff,29.812,T231,40C,off
06/29/2022 21:39:42,Chamber 1,28-031662211eff,29.812,T231,40C,off
06/29/2022 21:40:02,Chamber 1,28-031662211eff,29.812,T231,40C,off
06/29/2022 21:40:22,Chamber 1,28-031662211eff,29.812,T231,40C,off
06/29/2022 21:40:42,Chamber 1,28-031662211eff,29.812,T231,40C,off
06/29/2022 21:41:02,Chamber 1,28-031662211eff,29.812,T231,40C,off
06/29/2022 21:41:22,Chamber 1,28-031662211eff,29.812,T231,40C,off
06/29/2022 21:41:42,Chamber 1,28-031662211eff,29.75,T231,40C,off
06/29/2022 21:42:02,Chamber 1,28-031662211eff,29.75,T231,40C,off
06/29/2022 21:42:22,Chamber 1,28-031662211eff,29.75,T231,40C,off
06/29/2022 21:42:42,Chamber 1,28-031662211eff,29.75,T231,40C,off
06/29/2022 21:43:02,Chamber 1,28-031662211eff,29.75,T231,40C,off
06/29/2022 21:43:22,Chamber 1,28-031662211eff,29.75,T231,40C,off
06/29/2022 21:43:42,Chamber 1,28-031662211eff,29.75,T231,40C,off
06/29/2022 21:44:02,Chamber 1,28-031662211eff,29.75,T231,40C,off
06/29/2022 21:44:22,Chamber 1,28-031662211eff,29.75,T231,40C,off
06/29/2022 21:44:42,Chamber 1,28-031662211eff,29.75,T231,40C,off
06/29/2022 21:45:02,Chamber 1,28-031662211eff,29.75,T231,40C,off
06/29/2022 21:45:22,Chamber 1,28-031662211eff,29.75,T231,40C,off
06/29/2022 21:45:42,Chamber 1,28-031662211eff,29.75,T231,40C,off
06/29/2022 21:46:02,Chamber 1,28-031662211eff,29.75,T231,40C,off
06/29/2022 21:46:22,Chamber 1,28-031662211eff,29.75,T231,40C,off
06/29/2022 21:46:42,Chamber 1,28-031662211eff,29.75,T231,40C,off
06/29/2022 21:47:02,Chamber 1,28-031662211eff,29.75,T231,40C,off
06/29/2022 21:47:22,Chamber 1,28-031662211eff,29.75,T231,40C,off
06/29/2022 21:47:42,Chamber 1,28-031662211eff,29.75,T231,40C,off
06/29/2022 21:48:02,Chamber 1,28-031662211eff,29.75,T231,40C,off
06/29/2022 21:48:22,Chamber 1,28-031662211eff,29.75,T231,40C,off
06/29/2022 21:48:42,Chamber 1,28-031662211eff,29.75,T231,40C,off
06/29/2022 21:49:02,Chamber 1,28-031662211eff,29.75,T231,40C,off
06/29/2022 21:49:23,Chamber 1,28-031662211eff,29.75,T231,40C,off
06/29/2022 21:49:42,Chamber 1,28-031662211eff,29.75,T231,40C,off
06/29/2022 21:50:02,Chamber 1,28-031662211eff,29.75,T231,40C,off
06/29/2022 21:50:22,Chamber 1,28-031662211eff,29.75,T231,40C,off
06/29/2022 21:50:42,Chamber 1,28-031662211eff,29.75,T231,40C,off
06/29/2022 21:51:02,Chamber 1,28-031662211eff,29.75,T231,40C,off
06/29/2022 21:51:22,Chamber 1,28-031662211eff,29.75,T231,40C,off
06/29/2022 21:51:42,Chamber 1,28-031662211eff,29.75,T231,40C,off
06/29/2022 21:52:02,Chamber 1,28-031662211eff,29.75,T231,40C,off
06/29/2022 21:52:22,Chamber 1,28-031662211eff,29.75,T231,40C,off
06/29/2022 21:52:42,Chamber 1,28-031662211eff,29.75,T231,40C,off
06/29/2022 21:53:02,Chamber 1,28-031662211eff,29.75,T231,40C,off
06/29/2022 21:53:22,Chamber 1,28-031662211eff,29.75,T231,40C,off
06/29/2022 21:53:42,Chamber 1,28-031662211eff,29.75,T231,40C,off
06/29/2022 21:54:02,Chamber 1,28-031662211eff,29.75,T231,40C,off
06/29/2022 21:54:22,Chamber 1,28-031662211eff,29.75,T231,40C,off
06/29/2022 21:54:42,Chamber 1,28-031662211eff,29.75,T231,40C,off
06/29/2022 21:55:02,Chamber 1,28-031662211eff,29.75,T231,40C,off
06/29/2022 21:55:22,Chamber 1,28-031662211eff,29.75,T231,40C,off
06/29/2022 21:55:42,Chamber 1,28-031662211eff,29.75,T231,40C,off
06/29/2022 21:56:02,Chamber 1,28-031662211eff,29.75,T231,40C,off
06/29/2022 21:56:22,Chamber 1,28-031662211eff,29.75,T231,40C,off
06/29/2022 21:56:42,Chamber 1,28-031662211eff,29.75,T231,40C,off
06/29/2022 21:57:02,Chamber 1,28-031662211eff,29.75,T231,40C,off
06/29/2022 21:57:22,Chamber 1,28-031662211eff,29.75,T231,40C,off
06/29/2022 21:57:42,Chamber 1,28-031662211eff,29.75,T231,40C,off
06/29/2022 21:58:02,Chamber 1,28-031662211eff,29.75,T231,40C,off
06/29/2022 21:58:22,Chamber 1,28-031662211eff,29.75,T231,40C,off
06/29/2022 21:58:42,Chamber 1,28-031662211eff,29.75,T231,40C,off
06/29/2022 21:59:02,Chamber 1,28-031662211eff,29.75,T231,40C,off
06/29/2022 21:59:22,Chamber 1,28-031662211eff,29.75,T231,40C,off
06/29/2022 21:59:42,Chamber 1,28-031662211eff,29.75,T231,40C,off
06/29/2022 22:00:02,Chamber 1,28-031662211eff,29.75,T231,40C,off
06/29/2022 22:00:22,Chamber 1,28-031662211eff,29.75,T231,40C,off
06/29/2022 22:00:42,Chamber 1,28-031662211eff,29.75,T231,40C,off
06/29/2022 22:01:02,Chamber 1,28-031662211eff,29.75,T231,40C,off
06/29/2022 22:01:22,Chamber 1,28-031662211eff,29.75,T231,40C,off
06/29/2022 22:01:42,Chamber 1,28-031662211eff,29.75,T231,40C,off
06/29/2022 22:02:02,Chamber 1,28-031662211eff,29.75,T231,40C,off
06/29/2022 22:02:22,Chamber 1,28-031662211eff,29.75,T231,40C,off
06/29/2022 22:02:42,Chamber 1,28-031662211eff,29.75,T231,40C,off
06/29/2022 22:03:02,Chamber 1,28-031662211eff,29.75,T231,40C,off
06/29/2022 22:03:22,Chamber 1,28-031662211eff,29.75,T231,40C,off
06/29/2022 22:03:42,Chamber 1,28-031662211eff,29.75,T231,40C,off
06/29/2022 22:04:02,Chamber 1,28-031662211eff,29.75,T231,40C,off
06/29/2022 22:04:22,Chamber 1,28-031662211eff,29.812,T231,40C,off
06/29/2022 22:04:42,Chamber 1,28-031662211eff,29.812,T231,40C,off
06/29/2022 22:05:02,Chamber 1,28-031662211eff,29.812,T231,40C,off
06/29/2022 22:05:22,Chamber 1,28-031662211eff,29.812,T231,40C,off
06/29/2022 22:05:42,Chamber 1,28-031662211eff,29.812,T231,40C,off
06/29/2022 22:06:02,Chamber 1,28-031662211eff,29.812,T231,40C,off
06/29/2022 22:06:22,Chamber 1,28-031662211eff,29.812,T231,40C,off
06/29/2022 22:06:42,Chamber 1,28-031662211eff,29.812,T231,40C,off
06/29/2022 22:07:04,Chamber 1,28-031662211eff,29.812,T231,40C,off
06/29/2022 22:07:22,Chamber 1,28-031662211eff,29.812,T231,40C,off
06/29/2022 22:07:42,Chamber 1,28-031662211eff,29.812,T231,40C,off
06/29/2022 22:08:02,Chamber 1,28-031662211eff,29.812,T231,40C,off
06/29/2022 22:08:22,Chamber 1,28-031662211eff,29.812,T231,40C,off
06/29/2022 22:08:42,Chamber 1,28-031662211eff,29.812,T231,40C,off
06/29/2022 22:09:02,Chamber 1,28-031662211eff,29.812,T231,40C,off
06/29/2022 22:09:22,Chamber 1,28-031662211eff,29.812,T231,40C,off
06/29/2022 22:09:42,Chamber 1,28-031662211eff,29.812,T231,40C,off
06/29/2022 22:10:02,Chamber 1,28-031662211eff,29.812,T231,40C,off
06/29/2022 22:10:22,Chamber 1,28-031662211eff,29.812,T231,40C,off
06/29/2022 22:10:42,Chamber 1,28-031662211eff,29.812,T231,40C,off
06/29/2022 22:11:02,Chamber 1,28-031662211eff,29.812,T231,40C,off
06/29/2022 22:11:22,Chamber 1,28-031662211eff,29.812,T231,40C,off
06/29/2022 22:11:42,Chamber 1,28-031662211eff,29.812,T231,40C,off
06/29/2022 22:12:02,Chamber 1,28-031662211eff,29.812,T231,40C,off
06/29/2022 22:12:22,Chamber 1,28-031662211eff,29.812,T231,40C,off
06/29/2022 22:12:42,Chamber 1,28-031662211eff,29.812,T231,40C,off
06/29/2022 22:13:02,Chamber 1,28-031662211eff,29.812,T231,40C,off
06/29/2022 22:13:22,Chamber 1,28-031662211eff,29.812,T231,40C,off
06/29/2022 22:13:42,Chamber 1,28-031662211eff,29.812,T231,40C,off
06/29/2022 22:14:02,Chamber 1,28-031662211eff,29.812,T231,40C,off
06/29/2022 22:14:22,Chamber 1,28-031662211eff,29.812,T231,40C,off
06/29/2022 22:14:42,Chamber 1,28-031662211eff,29.812,T231,40C,off
06/29/2022 22:15:02,Chamber 1,28-031662211eff,29.812,T231,40C,off
06/29/2022 22:15:22,Chamber 1,28-031662211eff,29.812,T231,40C,off
06/29/2022 22:15:42,Chamber 1,28-031662211eff,29.812,T231,40C,off
06/29/2022 22:16:02,Chamber 1,28-031662211eff,29.812,T231,40C,off
06/29/2022 22:16:22,Chamber 1,28-031662211eff,29.812,T231,40C,off
06/29/2022 22:16:42,Chamber 1,28-031662211eff,29.812,T231,40C,off
06/29/2022 22:17:02,Chamber 1,28-031662211eff,29.812,T231,40C,off
06/29/2022 22:17:22,Chamber 1,28-031662211eff,29.812,T231,40C,off
06/29/2022 22:17:42,Chamber 1,28-031662211eff,29.812,T231,40C,off
06/29/2022 22:18:02,Chamber 1,28-031662211eff,29.812,T231,40C,off
06/29/2022 22:18:22,Chamber 1,28-031662211eff,29.812,T231,40C,off
06/29/2022 22:18:42,Chamber 1,28-031662211eff,29.812,T231,40C,off
06/29/2022 22:19:02,Chamber 1,28-031662211eff,29.812,T231,40C,off
06/29/2022 22:19:22,Chamber 1,28-031662211eff,29.812,T231,40C,off
06/29/2022 22:19:42,Chamber 1,28-031662211eff,29.812,T231,40C,off
06/29/2022 22:20:02,Chamber 1,28-031662211eff,29.812,T231,40C,off
06/29/2022 22:20:22,Chamber 1,28-031662211eff,29.875,T231,40C,off
06/29/2022 22:20:42,Chamber 1,28-031662211eff,29.812,T231,40C,off
06/29/2022 22:21:02,Chamber 1,28-031662211eff,29.875,T231,40C,off
06/29/2022 22:21:22,Chamber 1,28-031662211eff,29.812,T231,40C,off
06/29/2022 22:21:42,Chamber 1,28-031662211eff,29.875,T231,40C,off
06/29/2022 22:22:02,Chamber 1,28-031662211eff,29.875,T231,40C,off
06/29/2022 22:22:22,Chamber 1,28-031662211eff,29.812,T231,40C,off
06/29/2022 22:22:42,Chamber 1,28-031662211eff,29.875,T231,40C,off
06/29/2022 22:23:02,Chamber 1,28-031662211eff,29.875,T231,40C,off
06/29/2022 22:23:22,Chamber 1,28-031662211eff,29.875,T231,40C,off
06/29/2022 22:23:42,Chamber 1,28-031662211eff,29.875,T231,40C,off
06/29/2022 22:24:02,Chamber 1,28-031662211eff,29.875,T231,40C,off
06/29/2022 22:24:22,Chamber 1,28-031662211eff,29.875,T231,40C,off
06/29/2022 22:24:42,Chamber 1,28-031662211eff,29.875,T231,40C,off
06/29/2022 22:25:02,Chamber 1,28-031662211eff,29.875,T231,40C,off
06/29/2022 22:25:22,Chamber 1,28-031662211eff,29.875,T231,40C,off
06/29/2022 22:25:42,Chamber 1,28-031662211eff,29.875,T231,40C,off
06/29/2022 22:26:02,Chamber 1,28-031662211eff,29.875,T231,40C,off
06/29/2022 22:26:22,Chamber 1,28-031662211eff,29.875,T231,40C,off
06/29/2022 22:26:42,Chamber 1,28-031662211eff,29.875,T231,40C,off
06/29/2022 22:27:02,Chamber 1,28-031662211eff,29.875,T231,40C,off
06/29/2022 22:27:22,Chamber 1,28-031662211eff,29.875,T231,40C,off
06/29/2022 22:27:42,Chamber 1,28-031662211eff,29.875,T231,40C,off
06/29/2022 22:28:02,Chamber 1,28-031662211eff,29.875,T231,40C,off
06/29/2022 22:28:22,Chamber 1,28-031662211eff,29.875,T231,40C,off
06/29/2022 22:28:42,Chamber 1,28-031662211eff,29.875,T231,40C,off
06/29/2022 22:29:02,Chamber 1,28-031662211eff,29.875,T231,40C,off
06/29/2022 22:29:22,Chamber 1,28-031662211eff,29.875,T231,40C,off
06/29/2022 22:29:42,Chamber 1,28-031662211eff,29.875,T231,40C,off
06/29/2022 22:30:02,Chamber 1,28-031662211eff,29.875,T231,40C,off
06/29/2022 22:30:22,Chamber 1,28-031662211eff,29.875,T231,40C,off
06/29/2022 22:30:42,Chamber 1,28-031662211eff,29.875,T231,40C,off
06/29/2022 22:31:02,Chamber 1,28-031662211eff,29.875,T231,40C,off
06/29/2022 22:31:22,Chamber 1,28-031662211eff,29.875,T231,40C,off
06/29/2022 22:31:42,Chamber 1,28-031662211eff,29.875,T231,40C,off
06/29/2022 22:32:02,Chamber 1,28-031662211eff,29.875,T231,40C,off
06/29/2022 22:32:22,Chamber 1,28-031662211eff,29.875,T231,40C,off
06/29/2022 22:32:42,Chamber 1,28-031662211eff,29.875,T231,40C,off
06/29/2022 22:33:02,Chamber 1,28-031662211eff,29.875,T231,40C,off
06/29/2022 22:33:22,Chamber 1,28-031662211eff,29.875,T231,40C,off
06/29/2022 22:33:42,Chamber 1,28-031662211eff,29.875,T231,40C,off
06/29/2022 22:34:02,Chamber 1,28-031662211eff,29.875,T231,40C,off
06/29/2022 22:34:22,Chamber 1,28-031662211eff,29.875,T231,40C,off
06/29/2022 22:34:42,Chamber 1,28-031662211eff,29.875,T231,40C,off
06/29/2022 22:35:02,Chamber 1,28-031662211eff,29.875,T231,40C,off
06/29/2022 22:35:22,Chamber 1,28-031662211eff,29.812,T231,40C,off
06/29/2022 22:35:42,Chamber 1,28-031662211eff,29.875,T231,40C,off
06/29/2022 22:36:02,Chamber 1,28-031662211eff,29.875,T231,40C,off
06/29/2022 22:36:22,Chamber 1,28-031662211eff,29.812,T231,40C,off
06/29/2022 22:36:42,Chamber 1,28-031662211eff,29.812,T231,40C,off
06/29/2022 22:37:02,Chamber 1,28-031662211eff,29.812,T231,40C,off
06/29/2022 22:37:22,Chamber 1,28-031662211eff,29.875,T231,40C,off
06/29/2022 22:37:42,Chamber 1,28-031662211eff,29.812,T231,40C,off
06/29/2022 22:38:02,Chamber 1,28-031662211eff,29.812,T231,40C,off
06/29/2022 22:38:22,Chamber 1,28-031662211eff,29.812,T231,40C,off
06/29/2022 22:38:42,Chamber 1,28-031662211eff,29.812,T231,40C,off
06/29/2022 22:39:02,Chamber 1,28-031662211eff,29.812,T231,40C,off
06/29/2022 22:39:22,Chamber 1,28-031662211eff,29.812,T231,40C,off
06/29/2022 22:39:42,Chamber 1,28-031662211eff,29.812,T231,40C,off
06/29/2022 22:40:02,Chamber 1,28-031662211eff,29.812,T231,40C,off
06/29/2022 22:40:22,Chamber 1,28-031662211eff,29.812,T231,40C,off
06/29/2022 22:40:42,Chamber 1,28-031662211eff,29.812,T231,40C,off
06/29/2022 22:41:02,Chamber 1,28-031662211eff,29.812,T231,40C,off
06/29/2022 22:41:22,Chamber 1,28-031662211eff,29.812,T231,40C,off
06/29/2022 22:41:42,Chamber 1,28-031662211eff,29.812,T231,40C,off
06/29/2022 22:42:02,Chamber 1,28-031662211eff,29.812,T231,40C,off
06/29/2022 22:42:22,Chamber 1,28-031662211eff,29.812,T231,40C,off
06/29/2022 22:42:42,Chamber 1,28-031662211eff,29.812,T231,40C,off
06/29/2022 22:43:02,Chamber 1,28-031662211eff,29.812,T231,40C,off
06/29/2022 22:43:22,Chamber 1,28-031662211eff,29.75,T231,40C,off
06/29/2022 22:43:42,Chamber 1,28-031662211eff,29.75,T231,40C,off
06/29/2022 22:44:02,Chamber 1,28-031662211eff,29.75,T231,40C,off
06/29/2022 22:44:22,Chamber 1,28-031662211eff,29.75,T231,40C,off
06/29/2022 22:44:42,Chamber 1,28-031662211eff,29.75,T231,40C,off
06/29/2022 22:45:02,Chamber 1,28-031662211eff,29.75,T231,40C,off
06/29/2022 22:45:22,Chamber 1,28-031662211eff,29.75,T231,40C,off
06/29/2022 22:45:42,Chamber 1,28-031662211eff,29.75,T231,40C,off
06/29/2022 22:46:02,Chamber 1,28-031662211eff,29.75,T231,40C,off
06/29/2022 22:46:22,Chamber 1,28-031662211eff,29.75,T231,40C,off
06/29/2022 22:46:42,Chamber 1,28-031662211eff,29.75,T231,40C,off
06/29/2022 22:47:02,Chamber 1,28-031662211eff,29.75,T231,40C,off
06/29/2022 22:47:22,Chamber 1,28-031662211eff,29.75,T231,40C,off
06/29/2022 22:47:42,Chamber 1,28-031662211eff,29.75,T231,40C,off
06/29/2022 22:48:02,Chamber 1,28-031662211eff,29.75,T231,40C,off
06/29/2022 22:48:22,Chamber 1,28-031662211eff,29.75,T231,40C,off
06/29/2022 22:48:42,Chamber 1,28-031662211eff,29.75,T231,40C,off
06/29/2022 22:49:02,Chamber 1,28-031662211eff,29.75,T231,40C,off
06/29/2022 22:49:22,Chamber 1,28-031662211eff,29.75,T231,40C,off
06/29/2022 22:49:42,Chamber 1,28-031662211eff,29.75,T231,40C,off
06/29/2022 22:50:02,Chamber 1,28-031662211eff,29.75,T231,40C,off
06/29/2022 22:50:22,Chamber 1,28-031662211eff,29.75,T231,40C,off
06/29/2022 22:50:42,Chamber 1,28-031662211eff,29.687,T231,40C,off
06/29/2022 22:51:02,Chamber 1,28-031662211eff,29.75,T231,40C,off
06/29/2022 22:51:22,Chamber 1,28-031662211eff,29.687,T231,40C,off
06/29/2022 22:51:42,Chamber 1,28-031662211eff,29.75,T231,40C,off
06/29/2022 22:52:02,Chamber 1,28-031662211eff,29.687,T231,40C,off
06/29/2022 22:52:22,Chamber 1,28-031662211eff,29.75,T231,40C,off
06/29/2022 22:52:42,Chamber 1,28-031662211eff,29.687,T231,40C,off
06/29/2022 22:53:02,Chamber 1,28-031662211eff,29.75,T231,40C,off
06/29/2022 22:53:22,Chamber 1,28-031662211eff,29.75,T231,40C,off
06/29/2022 22:53:42,Chamber 1,28-031662211eff,29.687,T231,40C,off
06/29/2022 22:54:02,Chamber 1,28-031662211eff,29.75,T231,40C,off
06/29/2022 22:54:22,Chamber 1,28-031662211eff,29.75,T231,40C,off
06/29/2022 22:54:42,Chamber 1,28-031662211eff,29.75,T231,40C,off
06/29/2022 22:55:02,Chamber 1,28-031662211eff,29.75,T231,40C,off
06/29/2022 22:55:22,Chamber 1,28-031662211eff,29.75,T231,40C,off
06/29/2022 22:55:42,Chamber 1,28-031662211eff,29.75,T231,40C,off
06/29/2022 22:56:02,Chamber 1,28-031662211eff,29.75,T231,40C,off
06/29/2022 22:56:22,Chamber 1,28-031662211eff,29.75,T231,40C,off
06/29/2022 22:56:42,Chamber 1,28-031662211eff,29.75,T231,40C,off
06/29/2022 22:57:02,Chamber 1,28-031662211eff,29.75,T231,40C,off
06/29/2022 22:57:22,Chamber 1,28-031662211eff,29.75,T231,40C,off
06/29/2022 22:57:42,Chamber 1,28-031662211eff,29.75,T231,40C,off
06/29/2022 22:58:02,Chamber 1,28-031662211eff,29.75,T231,40C,off
06/29/2022 22:58:22,Chamber 1,28-031662211eff,29.75,T231,40C,off
06/29/2022 22:58:42,Chamber 1,28-031662211eff,29.75,T231,40C,off
06/29/2022 22:59:02,Chamber 1,28-031662211eff,29.75,T231,40C,off
06/29/2022 22:59:22,Chamber 1,28-031662211eff,29.75,T231,40C,off
06/29/2022 22:59:42,Chamber 1,28-031662211eff,29.75,T231,40C,off
06/29/2022 23:00:03,Chamber 1,28-031662211eff,29.75,T231,40C,off
06/29/2022 23:00:23,Chamber 1,28-031662211eff,29.75,T231,40C,off
06/29/2022 23:00:43,Chamber 1,28-031662211eff,29.75,T231,40C,off
06/29/2022 23:01:03,Chamber 1,28-031662211eff,29.75,T231,40C,off
06/29/2022 23:01:23,Chamber 1,28-031662211eff,29.75,T231,40C,off
06/29/2022 23:01:43,Chamber 1,28-031662211eff,29.75,T231,40C,off
06/29/2022 23:02:03,Chamber 1,28-031662211eff,29.75,T231,40C,off
06/29/2022 23:02:23,Chamber 1,28-031662211eff,29.75,T231,40C,off
06/29/2022 23:02:43,Chamber 1,28-031662211eff,29.75,T231,40C,off
06/29/2022 23:03:03,Chamber 1,28-031662211eff,29.75,T231,40C,off
06/29/2022 23:03:23,Chamber 1,28-031662211eff,29.75,T231,40C,off
06/29/2022 23:03:43,Chamber 1,28-031662211eff,29.75,T231,40C,off
06/29/2022 23:04:03,Chamber 1,28-031662211eff,29.75,T231,40C,off
06/29/2022 23:04:23,Chamber 1,28-031662211eff,29.75,T231,40C,off
06/29/2022 23:04:43,Chamber 1,28-031662211eff,29.812,T231,40C,off
06/29/2022 23:05:03,Chamber 1,28-031662211eff,29.75,T231,40C,off
06/29/2022 23:05:23,Chamber 1,28-031662211eff,29.812,T231,40C,off
06/29/2022 23:05:43,Chamber 1,28-031662211eff,29.812,T231,40C,off
06/29/2022 23:06:03,Chamber 1,28-031662211eff,29.812,T231,40C,off
06/29/2022 23:06:23,Chamber 1,28-031662211eff,29.812,T231,40C,off
06/29/2022 23:06:43,Chamber 1,28-031662211eff,29.812,T231,40C,off
06/29/2022 23:07:03,Chamber 1,28-031662211eff,29.812,T231,40C,off
06/29/2022 23:07:23,Chamber 1,28-031662211eff,29.812,T231,40C,off
06/29/2022 23:07:43,Chamber 1,28-031662211eff,29.812,T231,40C,off
06/29/2022 23:08:03,Chamber 1,28-031662211eff,29.812,T231,40C,off
06/29/2022 23:08:23,Chamber 1,28-031662211eff,29.812,T231,40C,off
06/29/2022 23:08:43,Chamber 1,28-031662211eff,29.812,T231,40C,off
06/29/2022 23:09:03,Chamber 1,28-031662211eff,29.812,T231,40C,off
06/29/2022 23:09:23,Chamber 1,28-031662211eff,29.812,T231,40C,off
06/29/2022 23:09:43,Chamber 1,28-031662211eff,29.812,T231,40C,off
06/29/2022 23:10:03,Chamber 1,28-031662211eff,29.812,T231,40C,off
06/29/2022 23:10:23,Chamber 1,28-031662211eff,29.812,T231,40C,off
06/29/2022 23:10:43,Chamber 1,28-031662211eff,29.812,T231,40C,off
06/29/2022 23:11:03,Chamber 1,28-031662211eff,29.812,T231,40C,off
06/29/2022 23:11:23,Chamber 1,28-031662211eff,29.812,T231,40C,off
06/29/2022 23:11:43,Chamber 1,28-031662211eff,29.812,T231,40C,off
06/29/2022 23:12:03,Chamber 1,28-031662211eff,29.812,T231,40C,off
06/29/2022 23:12:23,Chamber 1,28-031662211eff,29.875,T231,40C,off
06/29/2022 23:12:43,Chamber 1,28-031662211eff,29.875,T231,40C,off
06/29/2022 23:13:03,Chamber 1,28-031662211eff,29.875,T231,40C,off
06/29/2022 23:13:23,Chamber 1,28-031662211eff,29.875,T231,40C,off
06/29/2022 23:13:43,Chamber 1,28-031662211eff,29.875,T231,40C,off
06/29/2022 23:14:03,Chamber 1,28-031662211eff,29.875,T231,40C,off
06/29/2022 23:14:23,Chamber 1,28-031662211eff,29.875,T231,40C,off
06/29/2022 23:14:43,Chamber 1,28-031662211eff,29.875,T231,40C,off
06/29/2022 23:15:03,Chamber 1,28-031662211eff,29.875,T231,40C,off
06/29/2022 23:15:23,Chamber 1,28-031662211eff,29.875,T231,40C,off
06/29/2022 23:15:43,Chamber 1,28-031662211eff,29.875,T231,40C,off
06/29/2022 23:16:03,Chamber 1,28-031662211eff,29.875,T231,40C,off
06/29/2022 23:16:23,Chamber 1,28-031662211eff,29.875,T231,40C,off
06/29/2022 23:16:43,Chamber 1,28-031662211eff,29.875,T231,40C,off
06/29/2022 23:17:03,Chamber 1,28-031662211eff,29.875,T231,40C,off
06/29/2022 23:17:23,Chamber 1,28-031662211eff,29.875,T231,40C,off
06/29/2022 23:17:43,Chamber 1,28-031662211eff,29.875,T231,40C,off
06/29/2022 23:18:03,Chamber 1,28-031662211eff,29.875,T231,40C,off
06/29/2022 23:18:23,Chamber 1,28-031662211eff,29.875,T231,40C,off
06/29/2022 23:18:43,Chamber 1,28-031662211eff,29.937,T231,40C,off
06/29/2022 23:19:03,Chamber 1,28-031662211eff,29.875,T231,40C,off
06/29/2022 23:19:23,Chamber 1,28-031662211eff,29.937,T231,40C,off
06/29/2022 23:19:43,Chamber 1,28-031662211eff,29.937,T231,40C,off
06/29/2022 23:20:03,Chamber 1,28-031662211eff,29.937,T231,40C,off
06/29/2022 23:20:23,Chamber 1,28-031662211eff,29.937,T231,40C,off
06/29/2022 23:20:43,Chamber 1,28-031662211eff,29.937,T231,40C,off
06/29/2022 23:21:03,Chamber 1,28-031662211eff,29.937,T231,40C,off
06/29/2022 23:21:23,Chamber 1,28-031662211eff,29.937,T231,40C,off
06/29/2022 23:21:43,Chamber 1,28-031662211eff,29.937,T231,40C,off
06/29/2022 23:22:03,Chamber 1,28-031662211eff,29.937,T231,40C,off
06/29/2022 23:22:23,Chamber 1,28-031662211eff,29.937,T231,40C,off
06/29/2022 23:22:43,Chamber 1,28-031662211eff,29.937,T231,40C,off
06/29/2022 23:23:03,Chamber 1,28-031662211eff,29.937,T231,40C,off
06/29/2022 23:23:23,Chamber 1,28-031662211eff,29.937,T231,40C,off
06/29/2022 23:23:43,Chamber 1,28-031662211eff,29.937,T231,40C,off
06/29/2022 23:24:03,Chamber 1,28-031662211eff,29.937,T231,40C,off
06/29/2022 23:24:23,Chamber 1,28-031662211eff,29.937,T231,40C,off
06/29/2022 23:24:43,Chamber 1,28-031662211eff,29.937,T231,40C,off
06/29/2022 23:25:03,Chamber 1,28-031662211eff,29.937,T231,40C,off
06/29/2022 23:25:23,Chamber 1,28-031662211eff,29.937,T231,40C,off
06/29/2022 23:25:43,Chamber 1,28-031662211eff,29.937,T231,40C,off
06/29/2022 23:26:03,Chamber 1,28-031662211eff,30.0,T231,40C,off
06/29/2022 23:26:23,Chamber 1,28-031662211eff,30.0,T231,40C,off
06/29/2022 23:26:43,Chamber 1,28-031662211eff,30.0,T231,40C,off
06/29/2022 23:27:03,Chamber 1,28-031662211eff,30.0,T231,40C,off
06/29/2022 23:27:23,Chamber 1,28-031662211eff,30.0,T231,40C,off
06/29/2022 23:27:43,Chamber 1,28-031662211eff,30.0,T231,40C,off
06/29/2022 23:28:03,Chamber 1,28-031662211eff,30.0,T231,40C,off
06/29/2022 23:28:23,Chamber 1,28-031662211eff,30.0,T231,40C,off
06/29/2022 23:28:43,Chamber 1,28-031662211eff,30.0,T231,40C,off
06/29/2022 23:29:03,Chamber 1,28-031662211eff,30.0,T231,40C,off
06/29/2022 23:29:23,Chamber 1,28-031662211eff,30.0,T231,40C,off
06/29/2022 23:29:43,Chamber 1,28-031662211eff,30.0,T231,40C,off
06/29/2022 23:30:03,Chamber 1,28-031662211eff,30.0,T231,40C,off
06/29/2022 23:30:23,Chamber 1,28-031662211eff,30.0,T231,40C,off
06/29/2022 23:30:43,Chamber 1,28-031662211eff,30.0,T231,40C,off
06/29/2022 23:31:03,Chamber 1,28-031662211eff,30.0,T231,40C,off
06/29/2022 23:31:23,Chamber 1,28-031662211eff,30.0,T231,40C,off
06/29/2022 23:31:43,Chamber 1,28-031662211eff,30.0,T231,40C,off
06/29/2022 23:32:04,Chamber 1,28-031662211eff,30.0,T231,40C,off
06/29/2022 23:32:23,Chamber 1,28-031662211eff,30.0,T231,40C,off
06/29/2022 23:32:43,Chamber 1,28-031662211eff,30.0,T231,40C,off
06/29/2022 23:33:03,Chamber 1,28-031662211eff,30.0,T231,40C,off
06/29/2022 23:33:23,Chamber 1,28-031662211eff,30.0,T231,40C,off
06/29/2022 23:33:43,Chamber 1,28-031662211eff,30.0,T231,40C,off
06/29/2022 23:34:03,Chamber 1,28-031662211eff,30.0,T231,40C,off
06/29/2022 23:34:23,Chamber 1,28-031662211eff,30.0,T231,40C,off
06/29/2022 23:34:43,Chamber 1,28-031662211eff,30.0,T231,40C,off
06/29/2022 23:35:03,Chamber 1,28-031662211eff,30.0,T231,40C,off
06/29/2022 23:35:23,Chamber 1,28-031662211eff,30.0,T231,40C,off
06/29/2022 23:35:43,Chamber 1,28-031662211eff,30.0,T231,40C,off
06/29/2022 23:36:03,Chamber 1,28-031662211eff,30.0,T231,40C,off
06/29/2022 23:36:23,Chamber 1,28-031662211eff,30.0,T231,40C,off
06/29/2022 23:36:43,Chamber 1,28-031662211eff,29.937,T231,40C,off
06/29/2022 23:37:03,Chamber 1,28-031662211eff,30.0,T231,40C,off
06/29/2022 23:37:23,Chamber 1,28-031662211eff,30.0,T231,40C,off
06/29/2022 23:37:43,Chamber 1,28-031662211eff,30.0,T231,40C,off
06/29/2022 23:38:03,Chamber 1,28-031662211eff,29.937,T231,40C,off
06/29/2022 23:38:23,Chamber 1,28-031662211eff,29.937,T231,40C,off
06/29/2022 23:38:43,Chamber 1,28-031662211eff,29.937,T231,40C,off
06/29/2022 23:39:03,Chamber 1,28-031662211eff,29.937,T231,40C,off
06/29/2022 23:39:23,Chamber 1,28-031662211eff,29.937,T231,40C,off
06/29/2022 23:39:43,Chamber 1,28-031662211eff,29.937,T231,40C,off
06/29/2022 23:40:03,Chamber 1,28-031662211eff,29.937,T231,40C,off
06/29/2022 23:40:23,Chamber 1,28-031662211eff,29.937,T231,40C,off
06/29/2022 23:40:43,Chamber 1,28-031662211eff,29.937,T231,40C,off
06/29/2022 23:41:03,Chamber 1,28-031662211eff,29.937,T231,40C,off
06/29/2022 23:41:23,Chamber 1,28-031662211eff,29.937,T231,40C,off
06/29/2022 23:41:43,Chamber 1,28-031662211eff,29.937,T231,40C,off
06/29/2022 23:42:03,Chamber 1,28-031662211eff,29.937,T231,40C,off
06/29/2022 23:42:23,Chamber 1,28-031662211eff,29.937,T231,40C,off
06/29/2022 23:42:43,Chamber 1,28-031662211eff,29.937,T231,40C,off
06/29/2022 23:43:03,Chamber 1,28-031662211eff,29.937,T231,40C,off
06/29/2022 23:43:23,Chamber 1,28-031662211eff,29.937,T231,40C,off
06/29/2022 23:43:43,Chamber 1,28-031662211eff,29.937,T231,40C,off
06/29/2022 23:44:03,Chamber 1,28-031662211eff,29.937,T231,40C,off
06/29/2022 23:44:23,Chamber 1,28-031662211eff,29.937,T231,40C,off
06/29/2022 23:44:43,Chamber 1,28-031662211eff,29.875,T231,40C,off
06/29/2022 23:45:03,Chamber 1,28-031662211eff,29.875,T231,40C,off
06/29/2022 23:45:23,Chamber 1,28-031662211eff,29.875,T231,40C,off
06/29/2022 23:45:43,Chamber 1,28-031662211eff,29.875,T231,40C,off
06/29/2022 23:46:03,Chamber 1,28-031662211eff,29.875,T231,40C,off
06/29/2022 23:46:23,Chamber 1,28-031662211eff,29.875,T231,40C,off
06/29/2022 23:46:43,Chamber 1,28-031662211eff,29.875,T231,40C,off
06/29/2022 23:47:03,Chamber 1,28-031662211eff,29.875,T231,40C,off
06/29/2022 23:47:23,Chamber 1,28-031662211eff,29.875,T231,40C,off
06/29/2022 23:47:43,Chamber 1,28-031662211eff,29.875,T231,40C,off
06/29/2022 23:48:03,Chamber 1,28-031662211eff,29.875,T231,40C,off
06/29/2022 23:48:23,Chamber 1,28-031662211eff,29.875,T231,40C,off
06/29/2022 23:48:43,Chamber 1,28-031662211eff,29.875,T231,40C,off
06/29/2022 23:49:03,Chamber 1,28-031662211eff,29.875,T231,40C,off
06/29/2022 23:49:23,Chamber 1,28-031662211eff,29.875,T231,40C,off
06/29/2022 23:49:43,Chamber 1,28-031662211eff,29.875,T231,40C,off
06/29/2022 23:50:03,Chamber 1,28-031662211eff,29.875,T231,40C,off
06/29/2022 23:50:23,Chamber 1,28-031662211eff,29.875,T231,40C,off
06/29/2022 23:50:43,Chamber 1,28-031662211eff,29.812,T231,40C,off
06/29/2022 23:51:03,Chamber 1,28-031662211eff,29.875,T231,40C,off
06/29/2022 23:51:23,Chamber 1,28-031662211eff,29.812,T231,40C,off
06/29/2022 23:51:43,Chamber 1,28-031662211eff,29.812,T231,40C,off
06/29/2022 23:52:03,Chamber 1,28-031662211eff,29.812,T231,40C,off
06/29/2022 23:52:23,Chamber 1,28-031662211eff,29.812,T231,40C,off
06/29/2022 23:52:43,Chamber 1,28-031662211eff,29.812,T231,40C,off
06/29/2022 23:53:03,Chamber 1,28-031662211eff,29.812,T231,40C,off
06/29/2022 23:53:23,Chamber 1,28-031662211eff,29.812,T231,40C,off
06/29/2022 23:53:43,Chamber 1,28-031662211eff,29.812,T231,40C,off
06/29/2022 23:54:03,Chamber 1,28-031662211eff,29.812,T231,40C,off
06/29/2022 23:54:23,Chamber 1,28-031662211eff,29.812,T231,40C,off
06/29/2022 23:54:43,Chamber 1,28-031662211eff,29.812,T231,40C,off
06/29/2022 23:55:03,Chamber 1,28-031662211eff,29.812,T231,40C,off
06/29/2022 23:55:23,Chamber 1,28-031662211eff,29.812,T231,40C,off
06/29/2022 23:55:43,Chamber 1,28-031662211eff,29.812,T231,40C,off
06/29/2022 23:56:03,Chamber 1,28-031662211eff,29.812,T231,40C,off
06/29/2022 23:56:23,Chamber 1,28-031662211eff,29.812,T231,40C,off
06/29/2022 23:56:43,Chamber 1,28-031662211eff,29.812,T231,40C,off
06/29/2022 23:57:03,Chamber 1,28-031662211eff,29.812,T231,40C,off
06/29/2022 23:57:23,Chamber 1,28-031662211eff,29.812,T231,40C,off
06/29/2022 23:57:43,Chamber 1,28-031662211eff,29.812,T231,40C,off
06/29/2022 23:58:03,Chamber 1,28-031662211eff,29.812,T231,40C,off
06/29/2022 23:58:23,Chamber 1,28-031662211eff,29.812,T231,40C,off
06/29/2022 23:58:43,Chamber 1,28-031662211eff,29.812,T231,40C,off
06/29/2022 23:59:03,Chamber 1,28-031662211eff,29.812,T231,40C,off
06/29/2022 23:59:23,Chamber 1,28-031662211eff,29.812,T231,40C,off
06/29/2022 23:59:43,Chamber 1,28-031662211eff,29.812,T231,40C,off
