04/18/2023 14:33:42,Chamber 1,28-031662211eff,26.437,%Bird,XXC,off
04/18/2023 14:34:02,Chamber 1,28-031662211eff,26.375,%Bird,XXC,off
04/18/2023 14:34:22,Chamber 1,28-031662211eff,26.375,%Bird,XXC,off
04/18/2023 14:34:42,Chamber 1,28-031662211eff,26.437,%Bird,XXC,off
04/18/2023 14:35:02,Chamber 1,28-031662211eff,26.375,%Bird,XXC,off
04/18/2023 14:35:22,Chamber 1,28-031662211eff,26.375,%Bird,XXC,off
04/18/2023 14:35:42,Chamber 1,28-031662211eff,26.375,%Bird,XXC,off
04/18/2023 14:36:02,Chamber 1,28-031662211eff,26.375,%Bird,XXC,off
04/18/2023 14:36:22,Chamber 1,28-031662211eff,26.375,%Bird,XXC,off
04/18/2023 14:36:42,Chamber 1,28-031662211eff,26.437,%Bird,XXC,off
04/18/2023 14:37:02,Chamber 1,28-031662211eff,26.437,%Bird,XXC,off
04/18/2023 14:37:22,Chamber 1,28-031662211eff,26.437,%Bird,XXC,off
04/18/2023 14:37:42,Chamber 1,28-031662211eff,26.437,%Bird,XXC,off
04/18/2023 14:38:02,Chamber 1,28-031662211eff,26.437,%Bird,XXC,off
04/18/2023 14:38:22,Chamber 1,28-031662211eff,26.437,%Bird,XXC,off
04/18/2023 14:38:42,Chamber 1,28-031662211eff,26.437,%Bird,XXC,off
04/18/2023 14:39:02,Chamber 1,28-031662211eff,26.437,%Bird,XXC,off
04/18/2023 14:39:22,Chamber 1,28-031662211eff,26.437,%Bird,XXC,off
04/18/2023 14:39:42,Chamber 1,28-031662211eff,26.437,%Bird,XXC,off
04/18/2023 14:40:02,Chamber 1,28-031662211eff,26.437,%Bird,XXC,off
04/18/2023 14:40:22,Chamber 1,28-031662211eff,26.437,%Bird,XXC,off
04/18/2023 14:40:42,Chamber 1,28-031662211eff,26.437,%Bird,XXC,off
04/18/2023 14:41:02,Chamber 1,28-031662211eff,26.437,%Bird,XXC,off
04/18/2023 14:41:22,Chamber 1,28-031662211eff,26.437,%Bird,XXC,off
04/18/2023 14:41:42,Chamber 1,28-031662211eff,26.437,%Bird,XXC,off
04/18/2023 14:42:02,Chamber 1,28-031662211eff,26.437,%Bird,XXC,off
04/18/2023 14:42:22,Chamber 1,28-031662211eff,26.437,%Bird,XXC,off
04/18/2023 14:42:42,Chamber 1,28-031662211eff,26.437,%Bird,XXC,off
04/18/2023 14:43:02,Chamber 1,28-031662211eff,26.437,%Bird,XXC,off
04/18/2023 14:43:22,Chamber 1,28-031662211eff,26.437,%Bird,XXC,off
04/18/2023 14:43:42,Chamber 1,28-031662211eff,26.437,%Bird,XXC,off
04/18/2023 14:44:02,Chamber 1,28-031662211eff,26.437,%Bird,XXC,off
04/18/2023 14:44:22,Chamber 1,28-031662211eff,26.437,%Bird,XXC,off
04/18/2023 14:44:42,Chamber 1,28-031662211eff,26.437,%Bird,XXC,off
04/18/2023 14:45:02,Chamber 1,28-031662211eff,26.437,%Bird,XXC,off
04/18/2023 14:45:22,Chamber 1,28-031662211eff,26.437,%Bird,XXC,off
04/18/2023 14:45:42,Chamber 1,28-031662211eff,26.437,%Bird,XXC,off
04/18/2023 14:46:02,Chamber 1,28-031662211eff,26.437,%Bird,XXC,off
04/18/2023 14:46:22,Chamber 1,28-031662211eff,26.437,%Bird,XXC,off
04/18/2023 14:46:42,Chamber 1,28-031662211eff,26.437,%Bird,XXC,off
04/18/2023 14:47:02,Chamber 1,28-031662211eff,26.437,%Bird,XXC,off
04/18/2023 14:47:22,Chamber 1,28-031662211eff,26.437,%Bird,XXC,off
04/18/2023 14:47:42,Chamber 1,28-031662211eff,26.437,%Bird,XXC,off
04/18/2023 14:48:02,Chamber 1,28-031662211eff,26.437,%Bird,XXC,off
04/18/2023 14:48:22,Chamber 1,28-031662211eff,26.437,%Bird,XXC,off
04/18/2023 14:48:42,Chamber 1,28-031662211eff,26.437,%Bird,XXC,off
04/18/2023 14:49:02,Chamber 1,28-031662211eff,26.437,%Bird,XXC,off
04/18/2023 14:49:22,Chamber 1,28-031662211eff,26.437,%Bird,XXC,off
04/18/2023 14:49:42,Chamber 1,28-031662211eff,26.5,%Bird,XXC,off
04/18/2023 14:50:02,Chamber 1,28-031662211eff,26.5,%Bird,XXC,off
04/18/2023 14:50:22,Chamber 1,28-031662211eff,26.5,%Bird,XXC,off
04/18/2023 14:50:42,Chamber 1,28-031662211eff,26.5,%Bird,XXC,off
04/18/2023 14:51:02,Chamber 1,28-031662211eff,26.5,%Bird,XXC,off
04/18/2023 14:51:22,Chamber 1,28-031662211eff,26.5,%Bird,XXC,off
04/18/2023 14:51:42,Chamber 1,28-031662211eff,26.5,%Bird,XXC,off
04/18/2023 14:52:02,Chamber 1,28-031662211eff,26.5,%Bird,XXC,off
04/18/2023 14:52:22,Chamber 1,28-031662211eff,26.5,%Bird,XXC,off
04/18/2023 14:52:42,Chamber 1,28-031662211eff,26.5,%Bird,XXC,off
04/18/2023 14:53:02,Chamber 1,28-031662211eff,26.5,%Bird,XXC,off
04/18/2023 14:53:22,Chamber 1,28-031662211eff,26.5,%Bird,XXC,off
04/18/2023 14:53:42,Chamber 1,28-031662211eff,26.5,%Bird,XXC,off
04/18/2023 14:54:02,Chamber 1,28-031662211eff,26.5,%Bird,XXC,off
04/18/2023 14:54:22,Chamber 1,28-031662211eff,26.5,%Bird,XXC,off
04/18/2023 14:54:42,Chamber 1,28-031662211eff,26.5,%Bird,XXC,off
04/18/2023 14:55:02,Chamber 1,28-031662211eff,26.5,%Bird,XXC,off
04/18/2023 14:55:22,Chamber 1,28-031662211eff,26.5,%Bird,XXC,off
04/18/2023 14:55:42,Chamber 1,28-031662211eff,26.5,%Bird,XXC,off
04/18/2023 14:56:02,Chamber 1,28-031662211eff,26.5,%Bird,XXC,off
04/18/2023 14:56:22,Chamber 1,28-031662211eff,26.5,%Bird,XXC,off
04/18/2023 14:56:42,Chamber 1,28-031662211eff,26.5,%Bird,XXC,off
04/18/2023 14:57:02,Chamber 1,28-031662211eff,26.5,%Bird,XXC,off
04/18/2023 14:57:22,Chamber 1,28-031662211eff,26.5,%Bird,XXC,off
04/18/2023 14:57:42,Chamber 1,28-031662211eff,26.5,%Bird,XXC,off
04/18/2023 14:58:02,Chamber 1,28-031662211eff,26.5,%Bird,XXC,off
04/18/2023 14:58:22,Chamber 1,28-031662211eff,26.5,%Bird,XXC,off
04/18/2023 14:58:42,Chamber 1,28-031662211eff,26.5,%Bird,XXC,off
04/18/2023 14:59:02,Chamber 1,28-031662211eff,26.5,%Bird,XXC,off
04/18/2023 14:59:22,Chamber 1,28-031662211eff,26.5,%Bird,XXC,off
04/18/2023 14:59:42,Chamber 1,28-031662211eff,26.5,%Bird,XXC,off
04/18/2023 15:00:02,Chamber 1,28-031662211eff,26.5,%Bird,XXC,off
04/18/2023 15:00:22,Chamber 1,28-031662211eff,26.5,%Bird,XXC,off
04/18/2023 15:00:42,Chamber 1,28-031662211eff,26.5,%Bird,XXC,off
04/18/2023 15:01:02,Chamber 1,28-031662211eff,26.562,%Bird,XXC,off
04/18/2023 15:01:22,Chamber 1,28-031662211eff,26.562,%Bird,XXC,off
04/18/2023 15:01:42,Chamber 1,28-031662211eff,26.562,%Bird,XXC,off
04/18/2023 15:02:02,Chamber 1,28-031662211eff,26.562,%Bird,XXC,off
04/18/2023 15:02:22,Chamber 1,28-031662211eff,26.562,%Bird,XXC,off
04/18/2023 15:02:42,Chamber 1,28-031662211eff,26.562,%Bird,XXC,off
04/18/2023 15:03:02,Chamber 1,28-031662211eff,26.562,%Bird,XXC,off
04/18/2023 15:03:22,Chamber 1,28-031662211eff,26.5,%Bird,XXC,off
04/18/2023 15:03:42,Chamber 1,28-031662211eff,26.5,%Bird,XXC,off
04/18/2023 15:04:02,Chamber 1,28-031662211eff,26.5,%Bird,XXC,off
04/18/2023 15:04:22,Chamber 1,28-031662211eff,26.437,%Bird,XXC,off
04/18/2023 15:04:42,Chamber 1,28-031662211eff,26.437,%Bird,XXC,off
04/18/2023 15:05:02,Chamber 1,28-031662211eff,26.437,%Bird,XXC,off
04/18/2023 15:05:22,Chamber 1,28-031662211eff,26.5,%Bird,XXC,off
04/18/2023 15:05:42,Chamber 1,28-031662211eff,26.5,%Bird,XXC,off
04/18/2023 15:06:02,Chamber 1,28-031662211eff,26.5,%Bird,XXC,off
04/18/2023 15:06:22,Chamber 1,28-031662211eff,26.5,%Bird,XXC,off
04/18/2023 15:06:42,Chamber 1,28-031662211eff,26.5,%Bird,XXC,off
04/18/2023 15:07:02,Chamber 1,28-031662211eff,26.5,%Bird,XXC,off
04/18/2023 15:07:22,Chamber 1,28-031662211eff,26.5,%Bird,XXC,off
04/18/2023 15:07:42,Chamber 1,28-031662211eff,26.5,%Bird,XXC,off
04/18/2023 15:08:02,Chamber 1,28-031662211eff,26.5,%Bird,XXC,off
04/18/2023 15:08:22,Chamber 1,28-031662211eff,26.5,%Bird,XXC,off
04/18/2023 15:08:42,Chamber 1,28-031662211eff,26.5,%Bird,XXC,off
04/18/2023 15:09:02,Chamber 1,28-031662211eff,26.5,%Bird,XXC,off
04/18/2023 15:09:22,Chamber 1,28-031662211eff,26.5,%Bird,XXC,off
04/18/2023 15:09:43,Chamber 1,28-031662211eff,26.562,%Bird,XXC,off
04/18/2023 15:10:02,Chamber 1,28-031662211eff,26.562,%Bird,XXC,off
04/18/2023 15:10:22,Chamber 1,28-031662211eff,26.562,%Bird,XXC,off
04/18/2023 15:10:42,Chamber 1,28-031662211eff,26.562,%Bird,XXC,off
04/18/2023 15:11:02,Chamber 1,28-031662211eff,26.562,%Bird,XXC,off
04/18/2023 15:11:22,Chamber 1,28-031662211eff,26.625,%Bird,XXC,off
04/18/2023 15:11:42,Chamber 1,28-031662211eff,26.687,%Bird,XXC,off
04/18/2023 15:12:02,Chamber 1,28-031662211eff,26.812,%Bird,XXC,off
04/18/2023 15:12:22,Chamber 1,28-031662211eff,26.812,%Bird,XXC,off
04/18/2023 15:12:42,Chamber 1,28-031662211eff,27.062,%Bird,XXC,off
04/18/2023 15:13:03,Chamber 1,28-031662211eff,27.25,%Bird,XXC,off
04/18/2023 15:13:22,Chamber 1,28-031662211eff,27.437,%Bird,XXC,off
04/18/2023 15:13:43,Chamber 1,28-031662211eff,27.625,%Bird,XXC,off
04/18/2023 15:14:02,Chamber 1,28-031662211eff,27.812,%Bird,XXC,off
04/18/2023 15:14:22,Chamber 1,28-031662211eff,28.062,%Bird,XXC,off
04/18/2023 15:14:42,Chamber 1,28-031662211eff,28.25,%Bird,XXC,off
04/18/2023 15:15:02,Chamber 1,28-031662211eff,28.5,%Bird,XXC,off
04/18/2023 15:15:22,Chamber 1,28-031662211eff,28.75,%Bird,XXC,off
04/18/2023 15:15:42,Chamber 1,28-031662211eff,29.062,%Bird,XXC,off
04/18/2023 15:16:02,Chamber 1,28-031662211eff,29.312,%Bird,XXC,off
04/18/2023 15:16:22,Chamber 1,28-031662211eff,29.562,%Bird,XXC,off
04/18/2023 15:16:42,Chamber 1,28-031662211eff,29.812,%Bird,XXC,off
04/18/2023 15:17:02,Chamber 1,28-031662211eff,30.0,%Bird,XXC,off
04/18/2023 15:17:22,Chamber 1,28-031662211eff,30.187,%Bird,XXC,off
04/18/2023 15:17:42,Chamber 1,28-031662211eff,30.437,%Bird,XXC,off
04/18/2023 15:18:02,Chamber 1,28-031662211eff,30.625,%Bird,XXC,off
04/18/2023 15:18:22,Chamber 1,28-031662211eff,30.812,%Bird,XXC,off
04/18/2023 15:18:42,Chamber 1,28-031662211eff,31.0,%Bird,XXC,off
04/18/2023 15:19:02,Chamber 1,28-031662211eff,31.125,%Bird,XXC,off
04/18/2023 15:19:22,Chamber 1,28-031662211eff,31.25,%Bird,XXC,off
04/18/2023 15:19:42,Chamber 1,28-031662211eff,31.375,%Bird,XXC,off
04/18/2023 15:20:02,Chamber 1,28-031662211eff,31.562,%Bird,XXC,off
04/18/2023 15:20:22,Chamber 1,28-031662211eff,31.625,%Bird,XXC,off
04/18/2023 15:20:42,Chamber 1,28-031662211eff,31.75,%Bird,XXC,off
04/18/2023 15:21:02,Chamber 1,28-031662211eff,31.812,%Bird,XXC,off
04/18/2023 15:21:22,Chamber 1,28-031662211eff,31.875,%Bird,XXC,off
04/18/2023 15:21:42,Chamber 1,28-031662211eff,31.875,%Bird,XXC,off
04/18/2023 15:22:02,Chamber 1,28-031662211eff,31.937,%Bird,XXC,off
04/18/2023 15:22:22,Chamber 1,28-031662211eff,32.0,%Bird,XXC,off
04/18/2023 15:22:42,Chamber 1,28-031662211eff,32.0,%Bird,XXC,off
04/18/2023 15:23:02,Chamber 1,28-031662211eff,32.125,%Bird,XXC,off
04/18/2023 15:23:22,Chamber 1,28-031662211eff,32.187,%Bird,XXC,off
04/18/2023 15:23:43,Chamber 1,28-031662211eff,32.25,%Bird,XXC,off
04/18/2023 15:24:02,Chamber 1,28-031662211eff,32.312,%Bird,XXC,off
04/18/2023 15:24:22,Chamber 1,28-031662211eff,32.375,%Bird,XXC,off
04/18/2023 15:24:42,Chamber 1,28-031662211eff,32.437,%Bird,XXC,off
04/18/2023 15:25:02,Chamber 1,28-031662211eff,32.562,%Bird,XXC,off
04/18/2023 15:25:22,Chamber 1,28-031662211eff,32.687,%Bird,XXC,off
04/18/2023 15:25:42,Chamber 1,28-031662211eff,32.812,%Bird,XXC,off
04/18/2023 15:26:02,Chamber 1,28-031662211eff,32.875,%Bird,XXC,off
04/18/2023 15:26:22,Chamber 1,28-031662211eff,33.0,%Bird,XXC,off
04/18/2023 15:26:43,Chamber 1,28-031662211eff,33.125,%Bird,XXC,off
04/18/2023 15:27:02,Chamber 1,28-031662211eff,33.25,%Bird,XXC,off
04/18/2023 15:27:22,Chamber 1,28-031662211eff,33.312,%Bird,XXC,off
04/18/2023 15:27:42,Chamber 1,28-031662211eff,33.437,%Bird,XXC,off
04/18/2023 15:28:02,Chamber 1,28-031662211eff,33.562,%Bird,XXC,off
04/18/2023 15:28:22,Chamber 1,28-031662211eff,33.687,%Bird,XXC,off
04/18/2023 15:28:42,Chamber 1,28-031662211eff,33.812,%Bird,XXC,off
04/18/2023 15:29:02,Chamber 1,28-031662211eff,33.875,%Bird,XXC,off
04/18/2023 15:29:22,Chamber 1,28-031662211eff,34.0,%Bird,XXC,off
04/18/2023 15:29:42,Chamber 1,28-031662211eff,34.125,%Bird,XXC,off
04/18/2023 15:30:02,Chamber 1,28-031662211eff,34.25,%Bird,XXC,off
04/18/2023 15:30:22,Chamber 1,28-031662211eff,34.375,%Bird,XXC,off
04/18/2023 15:30:44,Chamber 1,28-031662211eff,34.5,%Bird,XXC,off
04/18/2023 15:31:02,Chamber 1,28-031662211eff,34.562,%Bird,XXC,off
04/18/2023 15:31:22,Chamber 1,28-031662211eff,34.687,%Bird,XXC,off
04/18/2023 15:31:42,Chamber 1,28-031662211eff,34.75,%Bird,XXC,off
04/18/2023 15:32:02,Chamber 1,28-031662211eff,34.812,%Bird,XXC,off
04/18/2023 15:32:22,Chamber 1,28-031662211eff,34.812,%Bird,XXC,off
04/18/2023 15:32:42,Chamber 1,28-031662211eff,35.0,%Bird,XXC,off
04/18/2023 15:33:02,Chamber 1,28-031662211eff,35.125,%Bird,XXC,off
04/18/2023 15:33:22,Chamber 1,28-031662211eff,35.125,%Bird,XXC,off
04/18/2023 15:33:42,Chamber 1,28-031662211eff,35.187,%Bird,XXC,off
04/18/2023 15:34:02,Chamber 1,28-031662211eff,35.25,%Bird,XXC,off
04/18/2023 15:34:22,Chamber 1,28-031662211eff,35.312,%Bird,XXC,off
04/18/2023 15:34:42,Chamber 1,28-031662211eff,35.375,%Bird,XXC,off
04/18/2023 15:35:02,Chamber 1,28-031662211eff,35.437,%Bird,XXC,off
04/18/2023 15:35:22,Chamber 1,28-031662211eff,35.437,%Bird,XXC,off
04/18/2023 15:35:42,Chamber 1,28-031662211eff,35.437,%Bird,XXC,off
04/18/2023 15:36:02,Chamber 1,28-031662211eff,35.5,%Bird,XXC,off
04/18/2023 15:36:22,Chamber 1,28-031662211eff,35.5,%Bird,XXC,off
04/18/2023 15:36:42,Chamber 1,28-031662211eff,35.5,%Bird,XXC,off
04/18/2023 15:37:02,Chamber 1,28-031662211eff,35.562,%Bird,XXC,off
04/18/2023 15:37:22,Chamber 1,28-031662211eff,35.562,%Bird,XXC,off
04/18/2023 15:37:42,Chamber 1,28-031662211eff,35.562,%Bird,XXC,off
04/18/2023 15:38:02,Chamber 1,28-031662211eff,35.562,%Bird,XXC,off
04/18/2023 15:38:22,Chamber 1,28-031662211eff,35.562,%Bird,XXC,off
04/18/2023 15:38:42,Chamber 1,28-031662211eff,35.562,%Bird,XXC,off
04/18/2023 15:39:02,Chamber 1,28-031662211eff,35.562,%Bird,XXC,off
04/18/2023 15:39:22,Chamber 1,28-031662211eff,35.562,%Bird,XXC,off
04/18/2023 15:39:43,Chamber 1,28-031662211eff,35.625,%Bird,XXC,off
04/18/2023 15:40:02,Chamber 1,28-031662211eff,35.625,%Bird,XXC,off
04/18/2023 15:40:22,Chamber 1,28-031662211eff,35.625,%Bird,XXC,off
04/18/2023 15:40:42,Chamber 1,28-031662211eff,35.687,%Bird,XXC,off
04/18/2023 15:41:02,Chamber 1,28-031662211eff,35.75,%Bird,XXC,off
04/18/2023 15:41:22,Chamber 1,28-031662211eff,35.875,%Bird,XXC,off
04/18/2023 15:41:43,Chamber 1,28-031662211eff,36.0,%Bird,XXC,off
04/18/2023 15:42:02,Chamber 1,28-031662211eff,36.125,%Bird,XXC,off
04/18/2023 15:42:22,Chamber 1,28-031662211eff,36.25,%Bird,XXC,off
04/18/2023 15:42:42,Chamber 1,28-031662211eff,36.375,%Bird,XXC,off
04/18/2023 15:43:02,Chamber 1,28-031662211eff,36.562,%Bird,XXC,off
04/18/2023 15:43:22,Chamber 1,28-031662211eff,36.687,%Bird,XXC,off
04/18/2023 15:43:42,Chamber 1,28-031662211eff,36.875,%Bird,XXC,off
04/18/2023 15:44:02,Chamber 1,28-031662211eff,37.062,%Bird,XXC,off
04/18/2023 15:44:23,Chamber 1,28-031662211eff,37.312,%Bird,XXC,off
04/18/2023 15:44:42,Chamber 1,28-031662211eff,37.5,%Bird,XXC,off
04/18/2023 15:45:02,Chamber 1,28-031662211eff,37.687,%Bird,XXC,off
04/18/2023 15:45:23,Chamber 1,28-031662211eff,37.937,%Bird,XXC,off
04/18/2023 15:45:42,Chamber 1,28-031662211eff,38.125,%Bird,XXC,off
04/18/2023 15:46:02,Chamber 1,28-031662211eff,38.312,%Bird,XXC,off
04/18/2023 15:46:22,Chamber 1,28-031662211eff,38.5,%Bird,XXC,off
04/18/2023 15:46:42,Chamber 1,28-031662211eff,38.687,%Bird,XXC,off
04/18/2023 15:47:02,Chamber 1,28-031662211eff,38.937,%Bird,XXC,off
04/18/2023 15:47:22,Chamber 1,28-031662211eff,39.125,%Bird,XXC,off
04/18/2023 15:47:42,Chamber 1,28-031662211eff,39.375,%Bird,XXC,off
04/18/2023 15:48:02,Chamber 1,28-031662211eff,39.625,%Bird,XXC,off
04/18/2023 15:48:22,Chamber 1,28-031662211eff,39.75,%Bird,XXC,off
04/18/2023 15:48:42,Chamber 1,28-031662211eff,39.937,%Bird,XXC,off
04/18/2023 15:49:02,Chamber 1,28-031662211eff,40.125,%Bird,XXC,off
04/18/2023 15:49:22,Chamber 1,28-031662211eff,40.25,%Bird,XXC,off
04/18/2023 15:49:44,Chamber 1,28-031662211eff,40.437,%Bird,XXC,off
04/18/2023 15:50:02,Chamber 1,28-031662211eff,40.562,%Bird,XXC,off
04/18/2023 15:50:22,Chamber 1,28-031662211eff,40.75,%Bird,XXC,off
04/18/2023 15:50:42,Chamber 1,28-031662211eff,40.75,%Bird,XXC,off
04/18/2023 15:51:03,Chamber 1,28-031662211eff,41.0,%Bird,XXC,off
04/18/2023 15:51:22,Chamber 1,28-031662211eff,41.125,%Bird,XXC,off
04/18/2023 15:51:43,Chamber 1,28-031662211eff,41.25,%Bird,XXC,off
04/18/2023 15:52:02,Chamber 1,28-031662211eff,41.375,%Bird,XXC,off
04/18/2023 15:52:22,Chamber 1,28-031662211eff,41.5,%Bird,XXC,off
04/18/2023 15:52:42,Chamber 1,28-031662211eff,41.625,%Bird,XXC,off
04/18/2023 15:53:02,Chamber 1,28-031662211eff,41.75,%Bird,XXC,off
04/18/2023 15:53:22,Chamber 1,28-031662211eff,41.875,%Bird,XXC,off
04/18/2023 15:53:42,Chamber 1,28-031662211eff,41.937,%Bird,XXC,off
04/18/2023 15:54:02,Chamber 1,28-031662211eff,42.062,%Bird,XXC,off
04/18/2023 15:54:24,Chamber 1,28-031662211eff,42.187,%Bird,XXC,off
04/18/2023 15:54:42,Chamber 1,28-031662211eff,42.25,%Bird,XXC,off
04/18/2023 15:55:02,Chamber 1,28-031662211eff,42.312,%Bird,XXC,off
04/18/2023 15:55:23,Chamber 1,28-031662211eff,42.375,%Bird,XXC,off
04/18/2023 15:55:42,Chamber 1,28-031662211eff,42.5,%Bird,XXC,off
04/18/2023 15:56:02,Chamber 1,28-031662211eff,42.5,%Bird,XXC,off
04/18/2023 15:56:23,Chamber 1,28-031662211eff,42.625,%Bird,XXC,off
04/18/2023 15:56:42,Chamber 1,28-031662211eff,42.625,%Bird,XXC,off
04/18/2023 15:57:02,Chamber 1,28-031662211eff,42.75,%Bird,XXC,off
04/18/2023 15:57:22,Chamber 1,28-031662211eff,42.75,%Bird,XXC,off
04/18/2023 15:57:42,Chamber 1,28-031662211eff,42.75,%Bird,XXC,off
04/18/2023 15:58:02,Chamber 1,28-031662211eff,42.812,%Bird,XXC,off
04/18/2023 15:58:22,Chamber 1,28-031662211eff,42.875,%Bird,XXC,off
04/18/2023 15:58:42,Chamber 1,28-031662211eff,42.875,%Bird,XXC,off
04/18/2023 15:59:02,Chamber 1,28-031662211eff,42.937,%Bird,XXC,off
04/18/2023 15:59:22,Chamber 1,28-031662211eff,42.937,%Bird,XXC,off
04/18/2023 15:59:42,Chamber 1,28-031662211eff,42.937,%Bird,XXC,off
04/18/2023 16:00:03,Chamber 1,28-031662211eff,42.937,%Bird,XXC,off
04/18/2023 16:00:23,Chamber 1,28-031662211eff,43.0,%Bird,XXC,off
04/18/2023 16:00:43,Chamber 1,28-031662211eff,43.0,%Bird,XXC,off
04/18/2023 16:01:03,Chamber 1,28-031662211eff,43.0,%Bird,XXC,off
04/18/2023 16:01:23,Chamber 1,28-031662211eff,43.0,%Bird,XXC,off
04/18/2023 16:01:43,Chamber 1,28-031662211eff,43.0,%Bird,XXC,off
04/18/2023 16:02:03,Chamber 1,28-031662211eff,43.0,%Bird,XXC,off
04/18/2023 16:02:23,Chamber 1,28-031662211eff,43.062,%Bird,XXC,off
04/18/2023 16:02:43,Chamber 1,28-031662211eff,43.062,%Bird,XXC,off
04/18/2023 16:03:03,Chamber 1,28-031662211eff,43.125,%Bird,XXC,off
04/18/2023 16:03:23,Chamber 1,28-031662211eff,43.125,%Bird,XXC,off
04/18/2023 16:03:43,Chamber 1,28-031662211eff,43.187,%Bird,XXC,off
04/18/2023 16:04:03,Chamber 1,28-031662211eff,43.187,%Bird,XXC,off
04/18/2023 16:04:23,Chamber 1,28-031662211eff,43.187,%Bird,XXC,off
04/18/2023 16:04:43,Chamber 1,28-031662211eff,43.25,%Bird,XXC,off
04/18/2023 16:05:03,Chamber 1,28-031662211eff,43.25,%Bird,XXC,off
04/18/2023 16:05:23,Chamber 1,28-031662211eff,43.25,%Bird,XXC,off
04/18/2023 16:05:43,Chamber 1,28-031662211eff,43.25,%Bird,XXC,off
04/18/2023 16:06:03,Chamber 1,28-031662211eff,43.25,%Bird,XXC,off
04/18/2023 16:06:23,Chamber 1,28-031662211eff,43.312,%Bird,XXC,off
04/18/2023 16:06:43,Chamber 1,28-031662211eff,43.312,%Bird,XXC,off
04/18/2023 16:07:03,Chamber 1,28-031662211eff,43.375,%Bird,XXC,off
04/18/2023 16:07:24,Chamber 1,28-031662211eff,43.375,%Bird,XXC,off
04/18/2023 16:07:43,Chamber 1,28-031662211eff,43.375,%Bird,XXC,off
04/18/2023 16:08:03,Chamber 1,28-031662211eff,43.375,%Bird,XXC,off
04/18/2023 16:08:23,Chamber 1,28-031662211eff,43.375,%Bird,XXC,off
04/18/2023 16:08:43,Chamber 1,28-031662211eff,43.375,%Bird,XXC,off
04/18/2023 16:09:03,Chamber 1,28-031662211eff,43.375,%Bird,XXC,off
04/18/2023 16:09:23,Chamber 1,28-031662211eff,43.375,%Bird,XXC,off
04/18/2023 16:09:43,Chamber 1,28-031662211eff,43.375,%Bird,XXC,off
04/18/2023 16:10:03,Chamber 1,28-031662211eff,43.375,%Bird,XXC,off
04/18/2023 16:10:23,Chamber 1,28-031662211eff,43.375,%Bird,XXC,off
04/18/2023 16:10:43,Chamber 1,28-031662211eff,43.375,%Bird,XXC,off
04/18/2023 16:11:03,Chamber 1,28-031662211eff,43.375,%Bird,XXC,off
04/18/2023 16:11:23,Chamber 1,28-031662211eff,43.375,%Bird,XXC,off
04/18/2023 16:11:43,Chamber 1,28-031662211eff,43.375,%Bird,XXC,off
04/18/2023 16:12:03,Chamber 1,28-031662211eff,43.375,%Bird,XXC,off
04/18/2023 16:12:23,Chamber 1,28-031662211eff,43.375,%Bird,XXC,off
04/18/2023 16:12:43,Chamber 1,28-031662211eff,43.375,%Bird,XXC,off
04/18/2023 16:13:03,Chamber 1,28-031662211eff,43.375,%Bird,XXC,off
04/18/2023 16:13:23,Chamber 1,28-031662211eff,43.312,%Bird,XXC,off
04/18/2023 16:13:44,Chamber 1,28-031662211eff,43.312,%Bird,XXC,off
04/18/2023 16:14:03,Chamber 1,28-031662211eff,43.312,%Bird,XXC,off
04/18/2023 16:14:23,Chamber 1,28-031662211eff,43.312,%Bird,XXC,off
04/18/2023 16:14:43,Chamber 1,28-031662211eff,43.25,%Bird,XXC,off
04/18/2023 16:15:03,Chamber 1,28-031662211eff,43.25,%Bird,XXC,off
04/18/2023 16:15:23,Chamber 1,28-031662211eff,43.25,%Bird,XXC,off
04/18/2023 16:15:43,Chamber 1,28-031662211eff,43.25,%Bird,XXC,off
04/18/2023 16:16:03,Chamber 1,28-031662211eff,43.25,%Bird,XXC,off
04/18/2023 16:16:23,Chamber 1,28-031662211eff,43.187,%Bird,XXC,off
04/18/2023 16:16:43,Chamber 1,28-031662211eff,43.187,%Bird,XXC,off
04/18/2023 16:17:03,Chamber 1,28-031662211eff,43.187,%Bird,XXC,off
04/18/2023 16:17:23,Chamber 1,28-031662211eff,43.187,%Bird,XXC,on
04/18/2023 16:17:43,Chamber 1,28-031662211eff,43.125,%Bird,XXC,on
04/18/2023 16:18:03,Chamber 1,28-031662211eff,43.125,%Bird,XXC,on
04/18/2023 16:18:23,Chamber 1,28-031662211eff,43.125,%Bird,XXC,on
04/18/2023 16:18:43,Chamber 1,28-031662211eff,43.125,%Bird,XXC,on
04/18/2023 16:19:03,Chamber 1,28-031662211eff,43.125,%Bird,XXC,on
04/18/2023 16:19:23,Chamber 1,28-031662211eff,43.125,%Bird,XXC,on
04/18/2023 16:19:43,Chamber 1,28-031662211eff,43.062,%Bird,XXC,on
04/18/2023 16:20:03,Chamber 1,28-031662211eff,43.062,%Bird,XXC,on
04/18/2023 16:20:23,Chamber 1,28-031662211eff,43.062,%Bird,XXC,on
04/18/2023 16:20:43,Chamber 1,28-031662211eff,43.062,%Bird,XXC,on
04/18/2023 16:21:03,Chamber 1,28-031662211eff,43.062,%Bird,XXC,on
04/18/2023 16:21:23,Chamber 1,28-031662211eff,43.062,%Bird,XXC,on
04/18/2023 16:21:43,Chamber 1,28-031662211eff,43.062,%Bird,XXC,on
04/18/2023 16:22:03,Chamber 1,28-031662211eff,43.062,%Bird,XXC,on
04/18/2023 16:22:23,Chamber 1,28-031662211eff,43.062,%Bird,XXC,on
04/18/2023 16:22:43,Chamber 1,28-031662211eff,43.062,%Bird,XXC,on
04/18/2023 16:23:03,Chamber 1,28-031662211eff,43.062,%Bird,XXC,on
04/18/2023 16:23:23,Chamber 1,28-031662211eff,43.0,%Bird,XXC,on
04/18/2023 16:23:43,Chamber 1,28-031662211eff,43.062,%Bird,XXC,on
04/18/2023 16:24:03,Chamber 1,28-031662211eff,43.0,%Bird,XXC,on
04/18/2023 16:24:23,Chamber 1,28-031662211eff,43.0,%Bird,XXC,on
04/18/2023 16:24:43,Chamber 1,28-031662211eff,43.0,%Bird,XXC,on
04/18/2023 16:25:03,Chamber 1,28-031662211eff,43.0,%Bird,XXC,on
04/18/2023 16:25:23,Chamber 1,28-031662211eff,43.0,%Bird,XXC,on
04/18/2023 16:25:43,Chamber 1,28-031662211eff,43.0,%Bird,XXC,on
04/18/2023 16:26:03,Chamber 1,28-031662211eff,43.0,%Bird,XXC,on
04/18/2023 16:26:23,Chamber 1,28-031662211eff,43.0,%Bird,XXC,on
04/18/2023 16:26:43,Chamber 1,28-031662211eff,43.0,%Bird,XXC,on
04/18/2023 16:27:03,Chamber 1,28-031662211eff,43.0,%Bird,XXC,on
04/18/2023 16:27:23,Chamber 1,28-031662211eff,43.0,%Bird,XXC,on
04/18/2023 16:27:43,Chamber 1,28-031662211eff,43.0,%Bird,XXC,on
04/18/2023 16:28:03,Chamber 1,28-031662211eff,43.062,%Bird,XXC,on
04/18/2023 16:28:23,Chamber 1,28-031662211eff,43.0,%Bird,XXC,on
04/18/2023 16:28:43,Chamber 1,28-031662211eff,43.0,%Bird,XXC,on
04/18/2023 16:29:03,Chamber 1,28-031662211eff,43.0,%Bird,XXC,on
04/18/2023 16:29:23,Chamber 1,28-031662211eff,43.0,%Bird,XXC,on
04/18/2023 16:29:43,Chamber 1,28-031662211eff,43.0,%Bird,XXC,on
04/18/2023 16:30:03,Chamber 1,28-031662211eff,43.062,%Bird,XXC,on
04/18/2023 16:30:23,Chamber 1,28-031662211eff,43.062,%Bird,XXC,on
04/18/2023 16:30:43,Chamber 1,28-031662211eff,43.062,%Bird,XXC,on
04/18/2023 16:31:03,Chamber 1,28-031662211eff,43.062,%Bird,XXC,on
04/18/2023 16:31:23,Chamber 1,28-031662211eff,43.0,%Bird,XXC,on
04/18/2023 16:31:43,Chamber 1,28-031662211eff,43.062,%Bird,XXC,on
04/18/2023 16:32:03,Chamber 1,28-031662211eff,43.0,%Bird,XXC,on
04/18/2023 16:32:23,Chamber 1,28-031662211eff,43.0,%Bird,XXC,on
04/18/2023 16:32:43,Chamber 1,28-031662211eff,43.0,%Bird,XXC,on
04/18/2023 16:33:03,Chamber 1,28-031662211eff,43.0,%Bird,XXC,on
04/18/2023 16:33:23,Chamber 1,28-031662211eff,43.0,%Bird,XXC,on
04/18/2023 16:33:44,Chamber 1,28-031662211eff,43.0,%Bird,XXC,on
04/18/2023 16:34:04,Chamber 1,28-031662211eff,43.062,%Bird,XXC,on
04/18/2023 16:34:23,Chamber 1,28-031662211eff,43.0,%Bird,XXC,on
04/18/2023 16:34:43,Chamber 1,28-031662211eff,43.0,%Bird,XXC,on
04/18/2023 16:35:04,Chamber 1,28-031662211eff,43.0,%Bird,XXC,on
04/18/2023 16:35:23,Chamber 1,28-031662211eff,43.0,%Bird,XXC,on
04/18/2023 16:35:44,Chamber 1,28-031662211eff,43.0,%Bird,XXC,on
04/18/2023 16:36:03,Chamber 1,28-031662211eff,43.0,%Bird,XXC,on
04/18/2023 16:36:23,Chamber 1,28-031662211eff,43.0,%Bird,XXC,on
04/18/2023 16:36:43,Chamber 1,28-031662211eff,43.0,%Bird,XXC,on
04/18/2023 16:37:03,Chamber 1,28-031662211eff,43.0,%Bird,XXC,on
04/18/2023 16:37:23,Chamber 1,28-031662211eff,43.0,%Bird,XXC,on
04/18/2023 16:37:43,Chamber 1,28-031662211eff,43.0,%Bird,XXC,on
04/18/2023 16:38:03,Chamber 1,28-031662211eff,43.0,%Bird,XXC,on
04/18/2023 16:38:23,Chamber 1,28-031662211eff,43.0,%Bird,XXC,on
04/18/2023 16:38:44,Chamber 1,28-031662211eff,43.0,%Bird,XXC,on
04/18/2023 16:39:03,Chamber 1,28-031662211eff,43.0,%Bird,XXC,on
04/18/2023 16:39:23,Chamber 1,28-031662211eff,42.937,%Bird,XXC,on
04/18/2023 16:39:43,Chamber 1,28-031662211eff,43.0,%Bird,XXC,on
04/18/2023 16:40:03,Chamber 1,28-031662211eff,43.0,%Bird,XXC,on
04/18/2023 16:40:23,Chamber 1,28-031662211eff,43.0,%Bird,XXC,on
04/18/2023 16:40:43,Chamber 1,28-031662211eff,43.0,%Bird,XXC,on
04/18/2023 16:41:03,Chamber 1,28-031662211eff,43.0,%Bird,XXC,on
04/18/2023 16:41:23,Chamber 1,28-031662211eff,43.0,%Bird,XXC,on
04/18/2023 16:41:43,Chamber 1,28-031662211eff,43.0,%Bird,XXC,on
04/18/2023 16:42:03,Chamber 1,28-031662211eff,43.0,%Bird,XXC,on
04/18/2023 16:42:23,Chamber 1,28-031662211eff,43.0,%Bird,XXC,on
04/18/2023 16:42:43,Chamber 1,28-031662211eff,43.0,%Bird,XXC,on
04/18/2023 16:43:03,Chamber 1,28-031662211eff,43.0,%Bird,XXC,on
04/18/2023 16:43:23,Chamber 1,28-031662211eff,43.0,%Bird,XXC,on
04/18/2023 16:43:43,Chamber 1,28-031662211eff,43.0,%Bird,XXC,on
04/18/2023 16:44:03,Chamber 1,28-031662211eff,43.0,%Bird,XXC,on
04/18/2023 16:44:23,Chamber 1,28-031662211eff,43.0,%Bird,XXC,on
04/18/2023 16:44:43,Chamber 1,28-031662211eff,43.0,%Bird,XXC,on
04/18/2023 16:45:03,Chamber 1,28-031662211eff,43.0,%Bird,XXC,on
04/18/2023 16:45:23,Chamber 1,28-031662211eff,43.0,%Bird,XXC,on
04/18/2023 16:45:43,Chamber 1,28-031662211eff,43.0,%Bird,XXC,on
04/18/2023 16:46:03,Chamber 1,28-031662211eff,43.0,%Bird,XXC,on
04/18/2023 16:46:23,Chamber 1,28-031662211eff,43.0,%Bird,XXC,on
04/18/2023 16:46:43,Chamber 1,28-031662211eff,43.0,%Bird,XXC,on
04/18/2023 16:47:03,Chamber 1,28-031662211eff,43.0,%Bird,XXC,on
04/18/2023 16:47:23,Chamber 1,28-031662211eff,42.937,%Bird,XXC,on
04/18/2023 16:47:43,Chamber 1,28-031662211eff,42.937,%Bird,XXC,on
04/18/2023 16:48:03,Chamber 1,28-031662211eff,42.937,%Bird,XXC,on
04/18/2023 16:48:23,Chamber 1,28-031662211eff,42.937,%Bird,XXC,on
04/18/2023 16:48:43,Chamber 1,28-031662211eff,42.937,%Bird,XXC,on
04/18/2023 16:49:03,Chamber 1,28-031662211eff,42.937,%Bird,XXC,on
04/18/2023 16:49:23,Chamber 1,28-031662211eff,42.937,%Bird,XXC,on
04/18/2023 16:49:43,Chamber 1,28-031662211eff,42.937,%Bird,XXC,on
04/18/2023 16:50:03,Chamber 1,28-031662211eff,42.937,%Bird,XXC,on
04/18/2023 16:50:24,Chamber 1,28-031662211eff,42.937,%Bird,XXC,on
04/18/2023 16:50:43,Chamber 1,28-031662211eff,42.937,%Bird,XXC,on
04/18/2023 16:51:03,Chamber 1,28-031662211eff,42.937,%Bird,XXC,on
04/18/2023 16:51:23,Chamber 1,28-031662211eff,42.937,%Bird,XXC,on
04/18/2023 16:51:43,Chamber 1,28-031662211eff,42.937,%Bird,XXC,on
04/18/2023 16:52:03,Chamber 1,28-031662211eff,42.937,%Bird,XXC,on
04/18/2023 16:52:23,Chamber 1,28-031662211eff,42.937,%Bird,XXC,on
04/18/2023 16:52:43,Chamber 1,28-031662211eff,42.875,%Bird,XXC,on
04/18/2023 16:53:03,Chamber 1,28-031662211eff,42.875,%Bird,XXC,on
04/18/2023 16:53:23,Chamber 1,28-031662211eff,42.875,%Bird,XXC,on
04/18/2023 16:53:43,Chamber 1,28-031662211eff,42.875,%Bird,XXC,on
04/18/2023 16:54:03,Chamber 1,28-031662211eff,42.875,%Bird,XXC,on
04/18/2023 16:54:23,Chamber 1,28-031662211eff,42.875,%Bird,XXC,on
04/18/2023 16:54:43,Chamber 1,28-031662211eff,42.875,%Bird,XXC,on
04/18/2023 16:55:03,Chamber 1,28-031662211eff,42.875,%Bird,XXC,on
04/18/2023 16:55:23,Chamber 1,28-031662211eff,42.875,%Bird,XXC,on
04/18/2023 16:55:43,Chamber 1,28-031662211eff,42.875,%Bird,XXC,on
04/18/2023 16:56:03,Chamber 1,28-031662211eff,42.875,%Bird,XXC,on
04/18/2023 16:56:23,Chamber 1,28-031662211eff,42.875,%Bird,XXC,on
04/18/2023 16:56:43,Chamber 1,28-031662211eff,42.875,%Bird,XXC,on
04/18/2023 16:57:03,Chamber 1,28-031662211eff,42.875,%Bird,XXC,on
04/18/2023 16:57:23,Chamber 1,28-031662211eff,42.875,%Bird,XXC,on
04/18/2023 16:57:43,Chamber 1,28-031662211eff,42.875,%Bird,XXC,on
04/18/2023 16:58:03,Chamber 1,28-031662211eff,42.937,%Bird,XXC,on
04/18/2023 16:58:23,Chamber 1,28-031662211eff,42.875,%Bird,XXC,on
04/18/2023 16:58:43,Chamber 1,28-031662211eff,42.875,%Bird,XXC,on
04/18/2023 16:59:03,Chamber 1,28-031662211eff,42.937,%Bird,XXC,on
04/18/2023 16:59:23,Chamber 1,28-031662211eff,42.937,%Bird,XXC,on
04/18/2023 16:59:43,Chamber 1,28-031662211eff,42.937,%Bird,XXC,on
04/18/2023 17:00:02,Chamber 1,28-031662211eff,42.875,%Bird,XXC,on
04/18/2023 17:00:22,Chamber 1,28-031662211eff,42.937,%Bird,XXC,on
04/18/2023 17:00:42,Chamber 1,28-031662211eff,42.937,%Bird,XXC,on
04/18/2023 17:01:02,Chamber 1,28-031662211eff,42.937,%Bird,XXC,on
04/18/2023 17:01:22,Chamber 1,28-031662211eff,42.937,%Bird,XXC,on
04/18/2023 17:01:42,Chamber 1,28-031662211eff,42.937,%Bird,XXC,on
04/18/2023 17:02:02,Chamber 1,28-031662211eff,42.937,%Bird,XXC,on
04/18/2023 17:02:22,Chamber 1,28-031662211eff,42.937,%Bird,XXC,on
04/18/2023 17:02:42,Chamber 1,28-031662211eff,42.937,%Bird,XXC,on
04/18/2023 17:03:02,Chamber 1,28-031662211eff,42.937,%Bird,XXC,on
04/18/2023 17:03:22,Chamber 1,28-031662211eff,42.937,%Bird,XXC,on
04/18/2023 17:03:42,Chamber 1,28-031662211eff,42.937,%Bird,XXC,on
04/18/2023 17:04:02,Chamber 1,28-031662211eff,42.937,%Bird,XXC,on
04/18/2023 17:04:22,Chamber 1,28-031662211eff,42.937,%Bird,XXC,on
04/18/2023 17:04:43,Chamber 1,28-031662211eff,42.937,%Bird,XXC,on
04/18/2023 17:05:02,Chamber 1,28-031662211eff,42.937,%Bird,XXC,on
04/18/2023 17:05:22,Chamber 1,28-031662211eff,42.937,%Bird,XXC,on
04/18/2023 17:05:42,Chamber 1,28-031662211eff,42.937,%Bird,XXC,on
04/18/2023 17:06:02,Chamber 1,28-031662211eff,42.875,%Bird,XXC,on
04/18/2023 17:06:22,Chamber 1,28-031662211eff,42.875,%Bird,XXC,on
04/18/2023 17:06:42,Chamber 1,28-031662211eff,42.875,%Bird,XXC,on
04/18/2023 17:07:02,Chamber 1,28-031662211eff,42.937,%Bird,XXC,on
04/18/2023 17:07:22,Chamber 1,28-031662211eff,42.875,%Bird,XXC,on
04/18/2023 17:07:42,Chamber 1,28-031662211eff,42.937,%Bird,XXC,on
04/18/2023 17:08:02,Chamber 1,28-031662211eff,42.937,%Bird,XXC,on
04/18/2023 17:08:22,Chamber 1,28-031662211eff,42.875,%Bird,XXC,on
04/18/2023 17:08:42,Chamber 1,28-031662211eff,42.875,%Bird,XXC,on
04/18/2023 17:09:02,Chamber 1,28-031662211eff,42.875,%Bird,XXC,on
04/18/2023 17:09:22,Chamber 1,28-031662211eff,42.875,%Bird,XXC,on
04/18/2023 17:09:42,Chamber 1,28-031662211eff,42.875,%Bird,XXC,on
04/18/2023 17:10:02,Chamber 1,28-031662211eff,42.875,%Bird,XXC,on
04/18/2023 17:10:22,Chamber 1,28-031662211eff,42.875,%Bird,XXC,on
04/18/2023 17:10:42,Chamber 1,28-031662211eff,42.812,%Bird,XXC,on
04/18/2023 17:11:02,Chamber 1,28-031662211eff,42.875,%Bird,XXC,on
04/18/2023 17:11:22,Chamber 1,28-031662211eff,42.875,%Bird,XXC,on
04/18/2023 17:11:43,Chamber 1,28-031662211eff,42.875,%Bird,XXC,on
04/18/2023 17:12:02,Chamber 1,28-031662211eff,42.812,%Bird,XXC,on
04/18/2023 17:12:22,Chamber 1,28-031662211eff,42.812,%Bird,XXC,on
04/18/2023 17:12:42,Chamber 1,28-031662211eff,42.875,%Bird,XXC,on
04/18/2023 17:13:02,Chamber 1,28-031662211eff,42.812,%Bird,XXC,on
04/18/2023 17:13:23,Chamber 1,28-031662211eff,42.812,%Bird,XXC,on
04/18/2023 17:13:42,Chamber 1,28-031662211eff,42.812,%Bird,XXC,on
04/18/2023 17:14:02,Chamber 1,28-031662211eff,42.875,%Bird,XXC,on
04/18/2023 17:14:22,Chamber 1,28-031662211eff,42.875,%Bird,XXC,on
04/18/2023 17:14:42,Chamber 1,28-031662211eff,42.875,%Bird,XXC,on
04/18/2023 17:15:02,Chamber 1,28-031662211eff,42.875,%Bird,XXC,on
04/18/2023 17:15:23,Chamber 1,28-031662211eff,42.812,%Bird,XXC,on
04/18/2023 17:15:42,Chamber 1,28-031662211eff,42.875,%Bird,XXC,on
04/18/2023 17:16:03,Chamber 1,28-031662211eff,42.875,%Bird,XXC,on
04/18/2023 17:16:22,Chamber 1,28-031662211eff,42.875,%Bird,XXC,on
04/18/2023 17:16:43,Chamber 1,28-031662211eff,42.875,%Bird,XXC,on
04/18/2023 17:17:02,Chamber 1,28-031662211eff,42.875,%Bird,XXC,on
04/18/2023 17:17:22,Chamber 1,28-031662211eff,42.875,%Bird,XXC,on
04/18/2023 17:17:42,Chamber 1,28-031662211eff,42.875,%Bird,XXC,on
04/18/2023 17:18:02,Chamber 1,28-031662211eff,42.875,%Bird,XXC,on
04/18/2023 17:18:22,Chamber 1,28-031662211eff,42.875,%Bird,XXC,on
04/18/2023 17:18:42,Chamber 1,28-031662211eff,42.875,%Bird,XXC,on
04/18/2023 17:19:02,Chamber 1,28-031662211eff,42.875,%Bird,XXC,on
04/18/2023 17:19:22,Chamber 1,28-031662211eff,42.875,%Bird,XXC,on
04/18/2023 17:19:42,Chamber 1,28-031662211eff,42.875,%Bird,XXC,on
04/18/2023 17:20:02,Chamber 1,28-031662211eff,42.875,%Bird,XXC,on
04/18/2023 17:20:22,Chamber 1,28-031662211eff,42.875,%Bird,XXC,on
04/18/2023 17:20:42,Chamber 1,28-031662211eff,42.875,%Bird,XXC,on
04/18/2023 17:21:02,Chamber 1,28-031662211eff,42.875,%Bird,XXC,on
04/18/2023 17:21:22,Chamber 1,28-031662211eff,42.875,%Bird,XXC,on
04/18/2023 17:21:42,Chamber 1,28-031662211eff,42.875,%Bird,XXC,on
04/18/2023 17:22:02,Chamber 1,28-031662211eff,42.875,%Bird,XXC,on
04/18/2023 17:22:22,Chamber 1,28-031662211eff,42.875,%Bird,XXC,on
04/18/2023 17:22:42,Chamber 1,28-031662211eff,42.875,%Bird,XXC,on
04/18/2023 17:23:02,Chamber 1,28-031662211eff,42.875,%Bird,XXC,on
04/18/2023 17:23:22,Chamber 1,28-031662211eff,42.875,%Bird,XXC,on
04/18/2023 17:23:42,Chamber 1,28-031662211eff,42.875,%Bird,XXC,on
04/18/2023 17:24:02,Chamber 1,28-031662211eff,42.812,%Bird,XXC,on
04/18/2023 17:24:22,Chamber 1,28-031662211eff,42.812,%Bird,XXC,on
04/18/2023 17:24:42,Chamber 1,28-031662211eff,42.812,%Bird,XXC,on
04/18/2023 17:25:02,Chamber 1,28-031662211eff,42.812,%Bird,XXC,on
04/18/2023 17:25:22,Chamber 1,28-031662211eff,42.875,%Bird,XXC,on
04/18/2023 17:25:42,Chamber 1,28-031662211eff,42.875,%Bird,XXC,on
04/18/2023 17:26:02,Chamber 1,28-031662211eff,42.875,%Bird,XXC,on
04/18/2023 17:26:22,Chamber 1,28-031662211eff,42.875,%Bird,XXC,on
04/18/2023 17:26:42,Chamber 1,28-031662211eff,42.875,%Bird,XXC,on
04/18/2023 17:27:02,Chamber 1,28-031662211eff,42.875,%Bird,XXC,on
04/18/2023 17:27:22,Chamber 1,28-031662211eff,42.875,%Bird,XXC,on
04/18/2023 17:27:42,Chamber 1,28-031662211eff,42.875,%Bird,XXC,on
04/18/2023 17:28:02,Chamber 1,28-031662211eff,42.875,%Bird,XXC,on
04/18/2023 17:28:22,Chamber 1,28-031662211eff,42.875,%Bird,XXC,on
04/18/2023 17:28:42,Chamber 1,28-031662211eff,42.875,%Bird,XXC,on
04/18/2023 17:29:02,Chamber 1,28-031662211eff,42.875,%Bird,XXC,on
04/18/2023 17:29:22,Chamber 1,28-031662211eff,42.875,%Bird,XXC,on
04/18/2023 17:29:42,Chamber 1,28-031662211eff,42.875,%Bird,XXC,on
04/18/2023 17:30:02,Chamber 1,28-031662211eff,42.875,%Bird,XXC,on
04/18/2023 17:30:22,Chamber 1,28-031662211eff,42.875,%Bird,XXC,on
04/18/2023 17:30:42,Chamber 1,28-031662211eff,42.875,%Bird,XXC,on
04/18/2023 17:31:02,Chamber 1,28-031662211eff,42.875,%Bird,XXC,on
04/18/2023 17:31:22,Chamber 1,28-031662211eff,42.875,%Bird,XXC,on
04/18/2023 17:31:42,Chamber 1,28-031662211eff,42.875,%Bird,XXC,on
04/18/2023 17:32:02,Chamber 1,28-031662211eff,42.875,%Bird,XXC,on
04/18/2023 17:32:22,Chamber 1,28-031662211eff,42.875,%Bird,XXC,on
04/18/2023 17:32:42,Chamber 1,28-031662211eff,42.875,%Bird,XXC,on
04/18/2023 17:33:02,Chamber 1,28-031662211eff,42.875,%Bird,XXC,on
04/18/2023 17:33:23,Chamber 1,28-031662211eff,42.937,%Bird,XXC,on
04/18/2023 17:33:42,Chamber 1,28-031662211eff,42.937,%Bird,XXC,on
04/18/2023 17:34:02,Chamber 1,28-031662211eff,42.937,%Bird,XXC,on
04/18/2023 17:34:22,Chamber 1,28-031662211eff,42.937,%Bird,XXC,on
04/18/2023 17:34:42,Chamber 1,28-031662211eff,42.937,%Bird,XXC,on
04/18/2023 17:35:02,Chamber 1,28-031662211eff,42.937,%Bird,XXC,on
04/18/2023 17:35:22,Chamber 1,28-031662211eff,42.937,%Bird,XXC,on
04/18/2023 17:35:42,Chamber 1,28-031662211eff,42.937,%Bird,XXC,on
04/18/2023 17:36:02,Chamber 1,28-031662211eff,42.937,%Bird,XXC,on
04/18/2023 17:36:22,Chamber 1,28-031662211eff,42.937,%Bird,XXC,on
04/18/2023 17:36:42,Chamber 1,28-031662211eff,42.937,%Bird,XXC,on
04/18/2023 17:37:02,Chamber 1,28-031662211eff,42.937,%Bird,XXC,on
04/18/2023 17:37:22,Chamber 1,28-031662211eff,42.937,%Bird,XXC,on
04/18/2023 17:37:42,Chamber 1,28-031662211eff,42.937,%Bird,XXC,on
04/18/2023 17:38:02,Chamber 1,28-031662211eff,42.937,%Bird,XXC,on
04/18/2023 17:38:22,Chamber 1,28-031662211eff,42.937,%Bird,XXC,on
04/18/2023 17:38:42,Chamber 1,28-031662211eff,42.937,%Bird,XXC,on
04/18/2023 17:39:02,Chamber 1,28-031662211eff,42.937,%Bird,XXC,on
04/18/2023 17:39:22,Chamber 1,28-031662211eff,42.937,%Bird,XXC,on
04/18/2023 17:39:43,Chamber 1,28-031662211eff,42.937,%Bird,XXC,on
04/18/2023 17:40:02,Chamber 1,28-031662211eff,42.937,%Bird,XXC,on
04/18/2023 17:40:22,Chamber 1,28-031662211eff,42.937,%Bird,XXC,on
04/18/2023 17:40:42,Chamber 1,28-031662211eff,42.937,%Bird,XXC,on
04/18/2023 17:41:02,Chamber 1,28-031662211eff,42.937,%Bird,XXC,on
04/18/2023 17:41:22,Chamber 1,28-031662211eff,42.937,%Bird,XXC,on
04/18/2023 17:41:42,Chamber 1,28-031662211eff,42.937,%Bird,XXC,on
04/18/2023 17:42:02,Chamber 1,28-031662211eff,42.937,%Bird,XXC,on
04/18/2023 17:42:22,Chamber 1,28-031662211eff,42.937,%Bird,XXC,on
04/18/2023 17:42:42,Chamber 1,28-031662211eff,42.937,%Bird,XXC,on
04/18/2023 17:43:02,Chamber 1,28-031662211eff,42.937,%Bird,XXC,on
04/18/2023 17:43:22,Chamber 1,28-031662211eff,42.937,%Bird,XXC,on
04/18/2023 17:43:43,Chamber 1,28-031662211eff,42.937,%Bird,XXC,on
04/18/2023 17:44:02,Chamber 1,28-031662211eff,42.937,%Bird,XXC,on
04/18/2023 17:44:22,Chamber 1,28-031662211eff,42.937,%Bird,XXC,on
04/18/2023 17:44:42,Chamber 1,28-031662211eff,42.937,%Bird,XXC,on
04/18/2023 17:45:02,Chamber 1,28-031662211eff,42.937,%Bird,XXC,on
04/18/2023 17:45:22,Chamber 1,28-031662211eff,42.937,%Bird,XXC,on
04/18/2023 17:45:42,Chamber 1,28-031662211eff,42.937,%Bird,XXC,on
04/18/2023 17:46:02,Chamber 1,28-031662211eff,42.937,%Bird,XXC,on
04/18/2023 17:46:22,Chamber 1,28-031662211eff,42.937,%Bird,XXC,on
04/18/2023 17:46:42,Chamber 1,28-031662211eff,42.937,%Bird,XXC,on
04/18/2023 17:47:02,Chamber 1,28-031662211eff,42.937,%Bird,XXC,on
04/18/2023 17:47:22,Chamber 1,28-031662211eff,42.875,%Bird,XXC,on
04/18/2023 17:47:42,Chamber 1,28-031662211eff,42.875,%Bird,XXC,on
04/18/2023 17:48:03,Chamber 1,28-031662211eff,42.875,%Bird,XXC,on
04/18/2023 17:48:22,Chamber 1,28-031662211eff,42.812,%Bird,XXC,on
04/18/2023 17:48:42,Chamber 1,28-031662211eff,42.812,%Bird,XXC,on
04/18/2023 17:49:02,Chamber 1,28-031662211eff,42.812,%Bird,XXC,on
04/18/2023 17:49:22,Chamber 1,28-031662211eff,42.812,%Bird,XXC,on
04/18/2023 17:49:42,Chamber 1,28-031662211eff,42.812,%Bird,XXC,on
04/18/2023 17:50:02,Chamber 1,28-031662211eff,42.812,%Bird,XXC,on
04/18/2023 17:50:22,Chamber 1,28-031662211eff,42.812,%Bird,XXC,on
04/18/2023 17:50:42,Chamber 1,28-031662211eff,42.812,%Bird,XXC,on
04/18/2023 17:51:02,Chamber 1,28-031662211eff,42.812,%Bird,XXC,on
04/18/2023 17:51:22,Chamber 1,28-031662211eff,42.812,%Bird,XXC,on
04/18/2023 17:51:42,Chamber 1,28-031662211eff,42.75,%Bird,XXC,on
04/18/2023 17:52:02,Chamber 1,28-031662211eff,42.75,%Bird,XXC,on
04/18/2023 17:52:22,Chamber 1,28-031662211eff,42.75,%Bird,XXC,on
04/18/2023 17:52:42,Chamber 1,28-031662211eff,42.75,%Bird,XXC,on
04/18/2023 17:53:02,Chamber 1,28-031662211eff,42.75,%Bird,XXC,on
04/18/2023 17:53:22,Chamber 1,28-031662211eff,42.75,%Bird,XXC,on
04/18/2023 17:53:43,Chamber 1,28-031662211eff,42.75,%Bird,XXC,on
04/18/2023 17:54:02,Chamber 1,28-031662211eff,42.75,%Bird,XXC,on
04/18/2023 17:54:22,Chamber 1,28-031662211eff,42.75,%Bird,XXC,on
04/18/2023 17:54:42,Chamber 1,28-031662211eff,42.75,%Bird,XXC,on
04/18/2023 17:55:02,Chamber 1,28-031662211eff,42.75,%Bird,XXC,on
04/18/2023 17:55:22,Chamber 1,28-031662211eff,42.75,%Bird,XXC,on
04/18/2023 17:55:42,Chamber 1,28-031662211eff,42.75,%Bird,XXC,on
04/18/2023 17:56:02,Chamber 1,28-031662211eff,42.75,%Bird,XXC,on
04/18/2023 17:56:22,Chamber 1,28-031662211eff,42.75,%Bird,XXC,on
04/18/2023 17:56:42,Chamber 1,28-031662211eff,42.687,%Bird,XXC,on
04/18/2023 17:57:02,Chamber 1,28-031662211eff,42.687,%Bird,XXC,on
04/18/2023 17:57:22,Chamber 1,28-031662211eff,42.687,%Bird,XXC,on
04/18/2023 17:57:42,Chamber 1,28-031662211eff,42.687,%Bird,XXC,on
04/18/2023 17:58:02,Chamber 1,28-031662211eff,42.687,%Bird,XXC,on
04/18/2023 17:58:22,Chamber 1,28-031662211eff,42.687,%Bird,XXC,on
04/18/2023 17:58:42,Chamber 1,28-031662211eff,42.687,%Bird,XXC,on
04/18/2023 17:59:02,Chamber 1,28-031662211eff,42.687,%Bird,XXC,on
04/18/2023 17:59:22,Chamber 1,28-031662211eff,42.625,%Bird,XXC,on
04/18/2023 17:59:42,Chamber 1,28-031662211eff,42.625,%Bird,XXC,on
04/18/2023 18:00:02,Chamber 1,28-031662211eff,42.625,%Bird,XXC,on
04/18/2023 18:00:22,Chamber 1,28-031662211eff,42.625,%Bird,XXC,on
04/18/2023 18:00:42,Chamber 1,28-031662211eff,42.625,%Bird,XXC,on
04/18/2023 18:01:02,Chamber 1,28-031662211eff,42.625,%Bird,XXC,on
04/18/2023 18:01:22,Chamber 1,28-031662211eff,42.625,%Bird,XXC,on
04/18/2023 18:01:43,Chamber 1,28-031662211eff,42.625,%Bird,XXC,on
04/18/2023 18:02:02,Chamber 1,28-031662211eff,42.625,%Bird,XXC,on
04/18/2023 18:02:22,Chamber 1,28-031662211eff,42.562,%Bird,XXC,on
04/18/2023 18:02:42,Chamber 1,28-031662211eff,42.562,%Bird,XXC,on
04/18/2023 18:03:02,Chamber 1,28-031662211eff,42.562,%Bird,XXC,on
04/18/2023 18:03:23,Chamber 1,28-031662211eff,42.562,%Bird,XXC,on
04/18/2023 18:03:42,Chamber 1,28-031662211eff,42.562,%Bird,XXC,on
04/18/2023 18:04:02,Chamber 1,28-031662211eff,42.562,%Bird,XXC,on
04/18/2023 18:04:22,Chamber 1,28-031662211eff,42.562,%Bird,XXC,on
04/18/2023 18:04:42,Chamber 1,28-031662211eff,42.562,%Bird,XXC,on
04/18/2023 18:05:02,Chamber 1,28-031662211eff,42.562,%Bird,XXC,on
04/18/2023 18:05:22,Chamber 1,28-031662211eff,42.625,%Bird,XXC,on
04/18/2023 18:05:42,Chamber 1,28-031662211eff,42.625,%Bird,XXC,on
04/18/2023 18:06:02,Chamber 1,28-031662211eff,42.625,%Bird,XXC,on
04/18/2023 18:06:22,Chamber 1,28-031662211eff,42.625,%Bird,XXC,off
04/18/2023 18:06:42,Chamber 1,28-031662211eff,42.625,%Bird,XXC,off
04/18/2023 18:07:02,Chamber 1,28-031662211eff,42.625,%Bird,XXC,off
04/18/2023 18:07:22,Chamber 1,28-031662211eff,42.625,%Bird,XXC,off
04/18/2023 18:07:42,Chamber 1,28-031662211eff,42.625,%Bird,XXC,off
04/18/2023 18:08:02,Chamber 1,28-031662211eff,42.625,%Bird,XXC,off
04/18/2023 18:08:22,Chamber 1,28-031662211eff,42.562,%Bird,XXC,off
04/18/2023 18:08:42,Chamber 1,28-031662211eff,42.625,%Bird,XXC,off
04/18/2023 18:09:02,Chamber 1,28-031662211eff,42.625,%Bird,XXC,off
04/18/2023 18:09:22,Chamber 1,28-031662211eff,42.625,%Bird,XXC,off
04/18/2023 18:09:42,Chamber 1,28-031662211eff,42.625,%Bird,XXC,off
04/18/2023 18:10:02,Chamber 1,28-031662211eff,42.625,%Bird,XXC,off
04/18/2023 18:10:22,Chamber 1,28-031662211eff,42.625,%Bird,XXC,off
04/18/2023 18:10:42,Chamber 1,28-031662211eff,42.625,%Bird,XXC,off
04/18/2023 18:11:02,Chamber 1,28-031662211eff,42.625,%Bird,XXC,off
04/18/2023 18:11:22,Chamber 1,28-031662211eff,42.625,%Bird,XXC,off
04/18/2023 18:11:42,Chamber 1,28-031662211eff,42.687,%Bird,XXC,off
04/18/2023 18:12:02,Chamber 1,28-031662211eff,42.687,%Bird,XXC,off
04/18/2023 18:12:22,Chamber 1,28-031662211eff,42.687,%Bird,XXC,off
04/18/2023 18:12:42,Chamber 1,28-031662211eff,42.687,%Bird,XXC,off
04/18/2023 18:13:02,Chamber 1,28-031662211eff,42.687,%Bird,XXC,off
04/18/2023 18:13:22,Chamber 1,28-031662211eff,42.687,%Bird,XXC,off
04/18/2023 18:13:42,Chamber 1,28-031662211eff,42.687,%Bird,XXC,off
04/18/2023 18:14:02,Chamber 1,28-031662211eff,42.687,%Bird,XXC,off
04/18/2023 18:14:22,Chamber 1,28-031662211eff,42.687,%Bird,XXC,off
04/18/2023 18:14:42,Chamber 1,28-031662211eff,42.687,%Bird,XXC,off
04/18/2023 18:15:02,Chamber 1,28-031662211eff,42.687,%Bird,XXC,off
04/18/2023 18:15:22,Chamber 1,28-031662211eff,42.687,%Bird,XXC,off
04/18/2023 18:15:42,Chamber 1,28-031662211eff,42.687,%Bird,XXC,off
04/18/2023 18:16:02,Chamber 1,28-031662211eff,42.687,%Bird,XXC,off
04/18/2023 18:16:22,Chamber 1,28-031662211eff,42.375,%Bird,XXC,off
04/18/2023 18:16:42,Chamber 1,28-031662211eff,41.5,%Bird,XXC,off
04/18/2023 18:17:02,Chamber 1,28-031662211eff,40.75,%Bird,XXC,off
04/18/2023 18:17:22,Chamber 1,28-031662211eff,40.062,%Bird,XXC,off
04/18/2023 18:17:42,Chamber 1,28-031662211eff,39.437,%Bird,XXC,off
04/18/2023 18:18:02,Chamber 1,28-031662211eff,39.0,%Bird,XXC,off
04/18/2023 18:18:22,Chamber 1,28-031662211eff,38.25,%Bird,XXC,off
04/18/2023 18:18:42,Chamber 1,28-031662211eff,37.625,%Bird,XXC,off
04/18/2023 18:19:02,Chamber 1,28-031662211eff,37.0,%Bird,XXC,off
04/18/2023 18:19:22,Chamber 1,28-031662211eff,36.375,%Bird,XXC,off
04/18/2023 18:19:42,Chamber 1,28-031662211eff,35.812,%Bird,XXC,off
04/18/2023 18:20:02,Chamber 1,28-031662211eff,35.375,%Bird,XXC,off
04/18/2023 18:20:22,Chamber 1,28-031662211eff,34.875,%Bird,XXC,off
04/18/2023 18:20:42,Chamber 1,28-031662211eff,34.437,%Bird,XXC,off
04/18/2023 18:21:02,Chamber 1,28-031662211eff,34.125,%Bird,XXC,off
04/18/2023 18:21:22,Chamber 1,28-031662211eff,33.687,%Bird,XXC,off
04/18/2023 18:21:42,Chamber 1,28-031662211eff,33.437,%Bird,XXC,off
04/18/2023 18:22:02,Chamber 1,28-031662211eff,33.125,%Bird,XXC,off
04/18/2023 18:22:22,Chamber 1,28-031662211eff,32.812,%Bird,XXC,off
04/18/2023 18:22:42,Chamber 1,28-031662211eff,32.562,%Bird,XXC,off
04/18/2023 18:23:02,Chamber 1,28-031662211eff,32.187,%Bird,XXC,off
04/18/2023 18:23:22,Chamber 1,28-031662211eff,31.937,%Bird,XXC,off
04/18/2023 18:23:42,Chamber 1,28-031662211eff,31.625,%Bird,XXC,off
04/18/2023 18:24:02,Chamber 1,28-031662211eff,31.437,%Bird,XXC,off
04/18/2023 18:24:22,Chamber 1,28-031662211eff,31.187,%Bird,XXC,off
04/18/2023 18:24:42,Chamber 1,28-031662211eff,31.0,%Bird,XXC,off
04/18/2023 18:25:03,Chamber 1,28-031662211eff,30.875,%Bird,XXC,off
04/18/2023 18:25:22,Chamber 1,28-031662211eff,30.812,%Bird,XXC,off
04/18/2023 18:25:42,Chamber 1,28-031662211eff,30.75,%Bird,XXC,off
04/18/2023 18:26:02,Chamber 1,28-031662211eff,30.625,%Bird,XXC,off
04/18/2023 18:26:22,Chamber 1,28-031662211eff,30.437,%Bird,XXC,off
04/18/2023 18:26:42,Chamber 1,28-031662211eff,30.312,%Bird,XXC,off
04/18/2023 18:27:02,Chamber 1,28-031662211eff,30.375,%Bird,XXC,off
04/18/2023 18:27:22,Chamber 1,28-031662211eff,30.5,%Bird,XXC,off
04/18/2023 18:27:42,Chamber 1,28-031662211eff,30.562,%Bird,XXC,off
04/18/2023 18:28:02,Chamber 1,28-031662211eff,30.625,%Bird,XXC,off
04/18/2023 18:28:22,Chamber 1,28-031662211eff,30.687,%Bird,XXC,off
04/18/2023 18:28:42,Chamber 1,28-031662211eff,30.687,%Bird,XXC,off
04/18/2023 18:29:02,Chamber 1,28-031662211eff,30.687,%Bird,XXC,off
04/18/2023 18:29:22,Chamber 1,28-031662211eff,30.812,%Bird,XXC,off
04/18/2023 18:29:42,Chamber 1,28-031662211eff,30.875,%Bird,XXC,off
04/18/2023 18:30:02,Chamber 1,28-031662211eff,30.937,%Bird,XXC,off
04/18/2023 18:30:22,Chamber 1,28-031662211eff,30.937,%Bird,XXC,off
04/18/2023 18:30:42,Chamber 1,28-031662211eff,31.0,%Bird,XXC,off
04/18/2023 18:31:02,Chamber 1,28-031662211eff,30.937,%Bird,XXC,off
04/18/2023 18:31:22,Chamber 1,28-031662211eff,31.0,%Bird,XXC,off
04/18/2023 18:31:42,Chamber 1,28-031662211eff,31.0,%Bird,XXC,off
04/18/2023 18:32:02,Chamber 1,28-031662211eff,31.0,%Bird,XXC,off
04/18/2023 18:32:22,Chamber 1,28-031662211eff,31.0,%Bird,XXC,off
04/18/2023 18:32:42,Chamber 1,28-031662211eff,31.0,%Bird,XXC,off
04/18/2023 18:33:02,Chamber 1,28-031662211eff,31.0,%Bird,XXC,off
04/18/2023 18:33:22,Chamber 1,28-031662211eff,31.0,%Bird,XXC,off
04/18/2023 18:33:42,Chamber 1,28-031662211eff,31.062,%Bird,XXC,off
04/18/2023 18:34:02,Chamber 1,28-031662211eff,31.0,%Bird,XXC,off
04/18/2023 18:34:22,Chamber 1,28-031662211eff,31.0,%Bird,XXC,off
04/18/2023 18:34:42,Chamber 1,28-031662211eff,31.0,%Bird,XXC,off
04/18/2023 18:35:02,Chamber 1,28-031662211eff,31.0,%Bird,XXC,off
04/18/2023 18:35:22,Chamber 1,28-031662211eff,31.0,%Bird,XXC,off
04/18/2023 18:35:42,Chamber 1,28-031662211eff,30.937,%Bird,XXC,off
04/18/2023 18:36:02,Chamber 1,28-031662211eff,30.937,%Bird,XXC,off
04/18/2023 18:36:22,Chamber 1,28-031662211eff,30.937,%Bird,XXC,off
04/18/2023 18:36:42,Chamber 1,28-031662211eff,30.937,%Bird,XXC,off
04/18/2023 18:37:02,Chamber 1,28-031662211eff,30.937,%Bird,XXC,off
04/18/2023 18:37:22,Chamber 1,28-031662211eff,30.937,%Bird,XXC,off
04/18/2023 18:37:42,Chamber 1,28-031662211eff,30.875,%Bird,XXC,off
04/18/2023 18:38:02,Chamber 1,28-031662211eff,30.875,%Bird,XXC,off
04/18/2023 18:38:22,Chamber 1,28-031662211eff,30.812,%Bird,XXC,off
04/18/2023 18:38:42,Chamber 1,28-031662211eff,30.812,%Bird,XXC,off
04/18/2023 18:39:02,Chamber 1,28-031662211eff,30.812,%Bird,XXC,off
04/18/2023 18:39:22,Chamber 1,28-031662211eff,30.812,%Bird,XXC,off
04/18/2023 18:39:42,Chamber 1,28-031662211eff,30.75,%Bird,XXC,off
04/18/2023 18:40:02,Chamber 1,28-031662211eff,30.625,%Bird,XXC,off
04/18/2023 18:40:22,Chamber 1,28-031662211eff,30.5,%Bird,XXC,off
04/18/2023 18:40:42,Chamber 1,28-031662211eff,30.312,%Bird,XXC,off
04/18/2023 18:41:02,Chamber 1,28-031662211eff,30.187,%Bird,XXC,off
04/18/2023 18:41:23,Chamber 1,28-031662211eff,30.062,%Bird,XXC,off
04/18/2023 18:41:42,Chamber 1,28-031662211eff,29.937,%Bird,XXC,off
04/18/2023 18:42:02,Chamber 1,28-031662211eff,29.875,%Bird,XXC,off
04/18/2023 18:42:23,Chamber 1,28-031662211eff,29.812,%Bird,XXC,off
04/18/2023 18:42:42,Chamber 1,28-031662211eff,29.687,%Bird,XXC,off
04/18/2023 18:43:02,Chamber 1,28-031662211eff,29.625,%Bird,XXC,off
04/18/2023 18:43:22,Chamber 1,28-031662211eff,29.5,%Bird,XXC,off
04/18/2023 18:43:42,Chamber 1,28-031662211eff,29.437,%Bird,XXC,off
04/18/2023 18:44:02,Chamber 1,28-031662211eff,29.375,%Bird,XXC,off
04/18/2023 18:44:22,Chamber 1,28-031662211eff,29.25,%Bird,XXC,off
04/18/2023 18:44:42,Chamber 1,28-031662211eff,29.187,%Bird,XXC,off
04/18/2023 18:45:02,Chamber 1,28-031662211eff,29.125,%Bird,XXC,off
04/18/2023 18:45:22,Chamber 1,28-031662211eff,29.062,%Bird,XXC,off
04/18/2023 18:45:42,Chamber 1,28-031662211eff,29.0,%Bird,XXC,off
04/18/2023 18:46:02,Chamber 1,28-031662211eff,29.0,%Bird,XXC,off
04/18/2023 18:46:22,Chamber 1,28-031662211eff,28.937,%Bird,XXC,off
04/18/2023 18:46:42,Chamber 1,28-031662211eff,28.875,%Bird,XXC,off
04/18/2023 18:47:02,Chamber 1,28-031662211eff,28.812,%Bird,XXC,off
04/18/2023 18:47:22,Chamber 1,28-031662211eff,28.812,%Bird,XXC,off
04/18/2023 18:47:42,Chamber 1,28-031662211eff,28.75,%Bird,XXC,off
04/18/2023 18:48:02,Chamber 1,28-031662211eff,28.687,%Bird,XXC,off
04/18/2023 18:48:22,Chamber 1,28-031662211eff,28.625,%Bird,XXC,off
04/18/2023 18:48:42,Chamber 1,28-031662211eff,28.562,%Bird,XXC,off
04/18/2023 18:49:02,Chamber 1,28-031662211eff,28.437,%Bird,XXC,off
04/18/2023 18:49:22,Chamber 1,28-031662211eff,28.437,%Bird,XXC,off
04/18/2023 18:49:42,Chamber 1,28-031662211eff,28.375,%Bird,XXC,off
04/18/2023 18:50:02,Chamber 1,28-031662211eff,28.375,%Bird,XXC,off
04/18/2023 18:50:22,Chamber 1,28-031662211eff,28.312,%Bird,XXC,off
04/18/2023 18:50:42,Chamber 1,28-031662211eff,28.312,%Bird,XXC,off
04/18/2023 18:51:02,Chamber 1,28-031662211eff,28.25,%Bird,XXC,off
04/18/2023 18:51:22,Chamber 1,28-031662211eff,28.187,%Bird,XXC,off
04/18/2023 18:51:42,Chamber 1,28-031662211eff,28.125,%Bird,XXC,off
04/18/2023 18:52:02,Chamber 1,28-031662211eff,28.125,%Bird,XXC,off
04/18/2023 18:52:22,Chamber 1,28-031662211eff,28.062,%Bird,XXC,off
04/18/2023 18:52:42,Chamber 1,28-031662211eff,28.062,%Bird,XXC,off
04/18/2023 18:53:02,Chamber 1,28-031662211eff,28.0,%Bird,XXC,off
04/18/2023 18:53:22,Chamber 1,28-031662211eff,28.0,%Bird,XXC,off
04/18/2023 18:53:42,Chamber 1,28-031662211eff,27.937,%Bird,XXC,off
04/18/2023 18:54:02,Chamber 1,28-031662211eff,27.937,%Bird,XXC,off
04/18/2023 18:54:22,Chamber 1,28-031662211eff,27.875,%Bird,XXC,off
04/18/2023 18:54:42,Chamber 1,28-031662211eff,27.875,%Bird,XXC,off
04/18/2023 18:55:02,Chamber 1,28-031662211eff,27.875,%Bird,XXC,off
04/18/2023 18:55:22,Chamber 1,28-031662211eff,27.812,%Bird,XXC,off
04/18/2023 18:55:42,Chamber 1,28-031662211eff,27.812,%Bird,XXC,off
04/18/2023 18:56:02,Chamber 1,28-031662211eff,27.812,%Bird,XXC,off
04/18/2023 18:56:22,Chamber 1,28-031662211eff,27.812,%Bird,XXC,off
04/18/2023 18:56:42,Chamber 1,28-031662211eff,27.812,%Bird,XXC,off
04/18/2023 18:57:02,Chamber 1,28-031662211eff,27.812,%Bird,XXC,off
04/18/2023 18:57:22,Chamber 1,28-031662211eff,27.75,%Bird,XXC,off
04/18/2023 18:57:42,Chamber 1,28-031662211eff,27.75,%Bird,XXC,off
04/18/2023 18:58:02,Chamber 1,28-031662211eff,27.75,%Bird,XXC,off
04/18/2023 18:58:22,Chamber 1,28-031662211eff,27.687,%Bird,XXC,off
04/18/2023 18:58:42,Chamber 1,28-031662211eff,27.687,%Bird,XXC,off
04/18/2023 18:59:02,Chamber 1,28-031662211eff,27.687,%Bird,XXC,off
04/18/2023 18:59:22,Chamber 1,28-031662211eff,27.687,%Bird,XXC,off
04/18/2023 18:59:42,Chamber 1,28-031662211eff,27.687,%Bird,XXC,off
04/18/2023 19:00:03,Chamber 1,28-031662211eff,27.687,%Bird,XXC,off
04/18/2023 19:00:23,Chamber 1,28-031662211eff,27.687,%Bird,XXC,off
04/18/2023 19:00:43,Chamber 1,28-031662211eff,27.687,%Bird,XXC,off
04/18/2023 19:01:03,Chamber 1,28-031662211eff,27.687,%Bird,XXC,off
04/18/2023 19:01:23,Chamber 1,28-031662211eff,27.687,%Bird,XXC,off
04/18/2023 19:01:43,Chamber 1,28-031662211eff,27.625,%Bird,XXC,off
04/18/2023 19:02:03,Chamber 1,28-031662211eff,27.625,%Bird,XXC,off
04/18/2023 19:02:23,Chamber 1,28-031662211eff,27.625,%Bird,XXC,off
04/18/2023 19:02:43,Chamber 1,28-031662211eff,27.625,%Bird,XXC,off
04/18/2023 19:03:03,Chamber 1,28-031662211eff,27.625,%Bird,XXC,off
04/18/2023 19:03:23,Chamber 1,28-031662211eff,27.625,%Bird,XXC,off
04/18/2023 19:03:43,Chamber 1,28-031662211eff,27.562,%Bird,XXC,off
04/18/2023 19:04:03,Chamber 1,28-031662211eff,27.562,%Bird,XXC,off
04/18/2023 19:04:23,Chamber 1,28-031662211eff,27.562,%Bird,XXC,off
04/18/2023 19:04:43,Chamber 1,28-031662211eff,27.562,%Bird,XXC,off
04/18/2023 19:05:03,Chamber 1,28-031662211eff,27.562,%Bird,XXC,off
04/18/2023 19:05:23,Chamber 1,28-031662211eff,27.5,%Bird,XXC,off
04/18/2023 19:05:43,Chamber 1,28-031662211eff,27.5,%Bird,XXC,off
04/18/2023 19:06:03,Chamber 1,28-031662211eff,27.5,%Bird,XXC,off
04/18/2023 19:06:23,Chamber 1,28-031662211eff,27.437,%Bird,XXC,off
04/18/2023 19:06:43,Chamber 1,28-031662211eff,27.437,%Bird,XXC,off
04/18/2023 19:07:03,Chamber 1,28-031662211eff,27.437,%Bird,XXC,off
04/18/2023 19:07:23,Chamber 1,28-031662211eff,27.437,%Bird,XXC,off
04/18/2023 19:07:43,Chamber 1,28-031662211eff,27.437,%Bird,XXC,off
04/18/2023 19:08:03,Chamber 1,28-031662211eff,27.437,%Bird,XXC,off
04/18/2023 19:08:23,Chamber 1,28-031662211eff,27.437,%Bird,XXC,off
04/18/2023 19:08:43,Chamber 1,28-031662211eff,27.437,%Bird,XXC,off
04/18/2023 19:09:03,Chamber 1,28-031662211eff,27.375,%Bird,XXC,off
04/18/2023 19:09:23,Chamber 1,28-031662211eff,27.375,%Bird,XXC,off
04/18/2023 19:09:43,Chamber 1,28-031662211eff,27.375,%Bird,XXC,off
04/18/2023 19:10:03,Chamber 1,28-031662211eff,27.375,%Bird,XXC,off
04/18/2023 19:10:23,Chamber 1,28-031662211eff,27.375,%Bird,XXC,off
04/18/2023 19:10:43,Chamber 1,28-031662211eff,27.375,%Bird,XXC,off
04/18/2023 19:11:03,Chamber 1,28-031662211eff,27.375,%Bird,XXC,off
04/18/2023 19:11:23,Chamber 1,28-031662211eff,27.312,%Bird,XXC,off
04/18/2023 19:11:43,Chamber 1,28-031662211eff,27.312,%Bird,XXC,off
04/18/2023 19:12:03,Chamber 1,28-031662211eff,27.312,%Bird,XXC,off
04/18/2023 19:12:23,Chamber 1,28-031662211eff,27.312,%Bird,XXC,off
04/18/2023 19:12:43,Chamber 1,28-031662211eff,27.312,%Bird,XXC,off
04/18/2023 19:13:03,Chamber 1,28-031662211eff,27.312,%Bird,XXC,off
04/18/2023 19:13:23,Chamber 1,28-031662211eff,27.25,%Bird,XXC,off
04/18/2023 19:13:43,Chamber 1,28-031662211eff,27.25,%Bird,XXC,off
04/18/2023 19:14:03,Chamber 1,28-031662211eff,27.25,%Bird,XXC,off
04/18/2023 19:14:23,Chamber 1,28-031662211eff,27.25,%Bird,XXC,off
04/18/2023 19:14:43,Chamber 1,28-031662211eff,27.25,%Bird,XXC,off
04/18/2023 19:15:03,Chamber 1,28-031662211eff,27.25,%Bird,XXC,off
04/18/2023 19:15:23,Chamber 1,28-031662211eff,27.25,%Bird,XXC,off
04/18/2023 19:15:43,Chamber 1,28-031662211eff,27.25,%Bird,XXC,off
04/18/2023 19:16:03,Chamber 1,28-031662211eff,27.312,%Bird,XXC,off
04/18/2023 19:16:23,Chamber 1,28-031662211eff,27.375,%Bird,XXC,off
04/18/2023 19:16:43,Chamber 1,28-031662211eff,27.437,%Bird,XXC,off
04/18/2023 19:17:03,Chamber 1,28-031662211eff,27.562,%Bird,XXC,off
04/18/2023 19:17:23,Chamber 1,28-031662211eff,27.562,%Bird,XXC,off
04/18/2023 19:17:43,Chamber 1,28-031662211eff,27.687,%Bird,XXC,off
04/18/2023 19:18:03,Chamber 1,28-031662211eff,27.687,%Bird,XXC,off
04/18/2023 19:18:23,Chamber 1,28-031662211eff,27.75,%Bird,XXC,off
04/18/2023 19:18:43,Chamber 1,28-031662211eff,27.812,%Bird,XXC,off
04/18/2023 19:19:04,Chamber 1,28-031662211eff,27.875,%Bird,XXC,off
04/18/2023 19:19:23,Chamber 1,28-031662211eff,27.875,%Bird,XXC,off
04/18/2023 19:19:43,Chamber 1,28-031662211eff,27.937,%Bird,XXC,off
04/18/2023 19:20:03,Chamber 1,28-031662211eff,28.0,%Bird,XXC,off
04/18/2023 19:20:23,Chamber 1,28-031662211eff,28.0,%Bird,XXC,off
04/18/2023 19:20:43,Chamber 1,28-031662211eff,28.0,%Bird,XXC,off
04/18/2023 19:21:03,Chamber 1,28-031662211eff,28.062,%Bird,XXC,off
04/18/2023 19:21:23,Chamber 1,28-031662211eff,28.062,%Bird,XXC,off
04/18/2023 19:21:43,Chamber 1,28-031662211eff,28.125,%Bird,XXC,off
04/18/2023 19:22:03,Chamber 1,28-031662211eff,28.125,%Bird,XXC,off
04/18/2023 19:22:23,Chamber 1,28-031662211eff,28.125,%Bird,XXC,off
04/18/2023 19:22:43,Chamber 1,28-031662211eff,28.187,%Bird,XXC,off
04/18/2023 19:23:03,Chamber 1,28-031662211eff,28.187,%Bird,XXC,off
04/18/2023 19:23:24,Chamber 1,28-031662211eff,28.187,%Bird,XXC,off
04/18/2023 19:23:43,Chamber 1,28-031662211eff,28.25,%Bird,XXC,off
04/18/2023 19:24:03,Chamber 1,28-031662211eff,28.25,%Bird,XXC,off
04/18/2023 19:24:23,Chamber 1,28-031662211eff,28.25,%Bird,XXC,off
04/18/2023 19:24:43,Chamber 1,28-031662211eff,28.25,%Bird,XXC,off
04/18/2023 19:25:03,Chamber 1,28-031662211eff,28.25,%Bird,XXC,off
04/18/2023 19:25:23,Chamber 1,28-031662211eff,28.25,%Bird,XXC,off
04/18/2023 19:25:43,Chamber 1,28-031662211eff,28.25,%Bird,XXC,off
04/18/2023 19:26:03,Chamber 1,28-031662211eff,28.312,%Bird,XXC,off
04/18/2023 19:26:23,Chamber 1,28-031662211eff,28.312,%Bird,XXC,off
04/18/2023 19:26:43,Chamber 1,28-031662211eff,28.312,%Bird,XXC,off
04/18/2023 19:27:03,Chamber 1,28-031662211eff,28.312,%Bird,XXC,off
04/18/2023 19:27:23,Chamber 1,28-031662211eff,28.312,%Bird,XXC,off
04/18/2023 19:27:43,Chamber 1,28-031662211eff,28.312,%Bird,XXC,off
04/18/2023 19:28:03,Chamber 1,28-031662211eff,28.312,%Bird,XXC,off
04/18/2023 19:28:24,Chamber 1,28-031662211eff,28.375,%Bird,XXC,off
04/18/2023 19:28:43,Chamber 1,28-031662211eff,28.375,%Bird,XXC,off
04/18/2023 19:29:03,Chamber 1,28-031662211eff,28.375,%Bird,XXC,off
04/18/2023 19:29:23,Chamber 1,28-031662211eff,28.375,%Bird,XXC,off
04/18/2023 19:29:43,Chamber 1,28-031662211eff,28.375,%Bird,XXC,off
04/18/2023 19:30:03,Chamber 1,28-031662211eff,28.375,%Bird,XXC,off
04/18/2023 19:30:23,Chamber 1,28-031662211eff,28.375,%Bird,XXC,off
04/18/2023 19:30:43,Chamber 1,28-031662211eff,28.375,%Bird,XXC,off
04/18/2023 19:31:03,Chamber 1,28-031662211eff,28.375,%Bird,XXC,off
04/18/2023 19:31:23,Chamber 1,28-031662211eff,28.375,%Bird,XXC,off
04/18/2023 19:31:43,Chamber 1,28-031662211eff,28.375,%Bird,XXC,off
04/18/2023 19:32:03,Chamber 1,28-031662211eff,28.375,%Bird,XXC,off
04/18/2023 19:32:23,Chamber 1,28-031662211eff,28.375,%Bird,XXC,off
04/18/2023 19:32:43,Chamber 1,28-031662211eff,28.375,%Bird,XXC,off
04/18/2023 19:33:03,Chamber 1,28-031662211eff,28.375,%Bird,XXC,off
04/18/2023 19:33:23,Chamber 1,28-031662211eff,28.375,%Bird,XXC,off
04/18/2023 19:33:43,Chamber 1,28-031662211eff,28.375,%Bird,XXC,off
04/18/2023 19:34:03,Chamber 1,28-031662211eff,28.375,%Bird,XXC,off
04/18/2023 19:34:23,Chamber 1,28-031662211eff,28.375,%Bird,XXC,off
04/18/2023 19:34:43,Chamber 1,28-031662211eff,28.375,%Bird,XXC,off
04/18/2023 19:35:03,Chamber 1,28-031662211eff,28.375,%Bird,XXC,off
04/18/2023 19:35:23,Chamber 1,28-031662211eff,28.375,%Bird,XXC,off
04/18/2023 19:35:43,Chamber 1,28-031662211eff,28.375,%Bird,XXC,off
04/18/2023 19:36:03,Chamber 1,28-031662211eff,28.375,%Bird,XXC,off
04/18/2023 19:36:23,Chamber 1,28-031662211eff,28.375,%Bird,XXC,off
04/18/2023 19:36:43,Chamber 1,28-031662211eff,28.437,%Bird,XXC,off
04/18/2023 19:37:03,Chamber 1,28-031662211eff,28.375,%Bird,XXC,off
04/18/2023 19:37:23,Chamber 1,28-031662211eff,28.375,%Bird,XXC,off
04/18/2023 19:37:43,Chamber 1,28-031662211eff,28.375,%Bird,XXC,off
04/18/2023 19:38:03,Chamber 1,28-031662211eff,28.375,%Bird,XXC,off
04/18/2023 19:38:23,Chamber 1,28-031662211eff,28.375,%Bird,XXC,off
04/18/2023 19:38:43,Chamber 1,28-031662211eff,28.375,%Bird,XXC,off
04/18/2023 19:39:03,Chamber 1,28-031662211eff,28.375,%Bird,XXC,off
04/18/2023 19:39:23,Chamber 1,28-031662211eff,28.375,%Bird,XXC,off
04/18/2023 19:39:43,Chamber 1,28-031662211eff,28.375,%Bird,XXC,off
04/18/2023 19:40:03,Chamber 1,28-031662211eff,28.375,%Bird,XXC,off
04/18/2023 19:40:23,Chamber 1,28-031662211eff,28.375,%Bird,XXC,off
04/18/2023 19:40:43,Chamber 1,28-031662211eff,28.375,%Bird,XXC,off
04/18/2023 19:41:03,Chamber 1,28-031662211eff,28.375,%Bird,XXC,off
04/18/2023 19:41:23,Chamber 1,28-031662211eff,28.375,%Bird,XXC,off
04/18/2023 19:41:43,Chamber 1,28-031662211eff,28.375,%Bird,XXC,off
04/18/2023 19:42:03,Chamber 1,28-031662211eff,28.375,%Bird,XXC,off
04/18/2023 19:42:23,Chamber 1,28-031662211eff,28.375,%Bird,XXC,off
04/18/2023 19:42:43,Chamber 1,28-031662211eff,28.375,%Bird,XXC,off
04/18/2023 19:43:03,Chamber 1,28-031662211eff,28.375,%Bird,XXC,off
04/18/2023 19:43:23,Chamber 1,28-031662211eff,28.375,%Bird,XXC,off
04/18/2023 19:43:43,Chamber 1,28-031662211eff,28.375,%Bird,XXC,off
04/18/2023 19:44:04,Chamber 1,28-031662211eff,28.375,%Bird,XXC,off
04/18/2023 19:44:23,Chamber 1,28-031662211eff,28.375,%Bird,XXC,off
04/18/2023 19:44:43,Chamber 1,28-031662211eff,28.375,%Bird,XXC,off
04/18/2023 19:45:03,Chamber 1,28-031662211eff,28.375,%Bird,XXC,off
04/18/2023 19:45:23,Chamber 1,28-031662211eff,28.375,%Bird,XXC,off
04/18/2023 19:45:43,Chamber 1,28-031662211eff,28.375,%Bird,XXC,off
04/18/2023 19:46:03,Chamber 1,28-031662211eff,28.375,%Bird,XXC,off
04/18/2023 19:46:23,Chamber 1,28-031662211eff,28.375,%Bird,XXC,off
04/18/2023 19:46:43,Chamber 1,28-031662211eff,28.375,%Bird,XXC,off
04/18/2023 19:47:03,Chamber 1,28-031662211eff,28.375,%Bird,XXC,off
04/18/2023 19:47:23,Chamber 1,28-031662211eff,28.375,%Bird,XXC,off
04/18/2023 19:47:44,Chamber 1,28-031662211eff,28.375,%Bird,XXC,off
04/18/2023 19:48:03,Chamber 1,28-031662211eff,28.375,%Bird,XXC,off
04/18/2023 19:48:23,Chamber 1,28-031662211eff,28.375,%Bird,XXC,off
04/18/2023 19:48:43,Chamber 1,28-031662211eff,28.375,%Bird,XXC,off
04/18/2023 19:49:03,Chamber 1,28-031662211eff,28.375,%Bird,XXC,off
04/18/2023 19:49:23,Chamber 1,28-031662211eff,28.375,%Bird,XXC,off
04/18/2023 19:49:43,Chamber 1,28-031662211eff,28.375,%Bird,XXC,off
04/18/2023 19:50:03,Chamber 1,28-031662211eff,28.375,%Bird,XXC,off
04/18/2023 19:50:23,Chamber 1,28-031662211eff,28.375,%Bird,XXC,off
04/18/2023 19:50:43,Chamber 1,28-031662211eff,28.375,%Bird,XXC,off
04/18/2023 19:51:03,Chamber 1,28-031662211eff,28.375,%Bird,XXC,off
04/18/2023 19:51:23,Chamber 1,28-031662211eff,28.375,%Bird,XXC,off
04/18/2023 19:51:43,Chamber 1,28-031662211eff,28.375,%Bird,XXC,off
04/18/2023 19:52:03,Chamber 1,28-031662211eff,28.375,%Bird,XXC,off
04/18/2023 19:52:23,Chamber 1,28-031662211eff,28.375,%Bird,XXC,off
04/18/2023 19:52:43,Chamber 1,28-031662211eff,28.375,%Bird,XXC,off
04/18/2023 19:53:03,Chamber 1,28-031662211eff,28.312,%Bird,XXC,off
04/18/2023 19:53:23,Chamber 1,28-031662211eff,28.312,%Bird,XXC,off
04/18/2023 19:53:43,Chamber 1,28-031662211eff,28.312,%Bird,XXC,off
04/18/2023 19:54:05,Chamber 1,28-031662211eff,28.25,%Bird,XXC,off
04/18/2023 19:54:23,Chamber 1,28-031662211eff,28.25,%Bird,XXC,off
04/18/2023 19:54:43,Chamber 1,28-031662211eff,28.25,%Bird,XXC,off
04/18/2023 19:55:03,Chamber 1,28-031662211eff,28.25,%Bird,XXC,off
04/18/2023 19:55:23,Chamber 1,28-031662211eff,28.25,%Bird,XXC,off
04/18/2023 19:55:43,Chamber 1,28-031662211eff,28.187,%Bird,XXC,off
04/18/2023 19:56:03,Chamber 1,28-031662211eff,28.187,%Bird,XXC,off
04/18/2023 19:56:23,Chamber 1,28-031662211eff,28.187,%Bird,XXC,off
04/18/2023 19:56:43,Chamber 1,28-031662211eff,28.187,%Bird,XXC,off
04/18/2023 19:57:03,Chamber 1,28-031662211eff,28.125,%Bird,XXC,off
04/18/2023 19:57:23,Chamber 1,28-031662211eff,28.125,%Bird,XXC,off
04/18/2023 19:57:43,Chamber 1,28-031662211eff,28.125,%Bird,XXC,off
04/18/2023 19:58:03,Chamber 1,28-031662211eff,28.125,%Bird,XXC,off
04/18/2023 19:58:23,Chamber 1,28-031662211eff,28.125,%Bird,XXC,off
04/18/2023 19:58:43,Chamber 1,28-031662211eff,28.062,%Bird,XXC,off
04/18/2023 19:59:03,Chamber 1,28-031662211eff,28.062,%Bird,XXC,off
04/18/2023 19:59:24,Chamber 1,28-031662211eff,28.062,%Bird,XXC,off
04/18/2023 19:59:43,Chamber 1,28-031662211eff,28.062,%Bird,XXC,off
04/18/2023 20:00:03,Chamber 1,28-031662211eff,28.062,%Bird,XXC,off
04/18/2023 20:00:22,Chamber 1,28-031662211eff,28.062,%Bird,XXC,off
04/18/2023 20:00:43,Chamber 1,28-031662211eff,28.0,%Bird,XXC,off
04/18/2023 20:01:02,Chamber 1,28-031662211eff,28.0,%Bird,XXC,off
04/18/2023 20:01:22,Chamber 1,28-031662211eff,28.0,%Bird,XXC,off
04/18/2023 20:01:42,Chamber 1,28-031662211eff,28.0,%Bird,XXC,off
04/18/2023 20:02:02,Chamber 1,28-031662211eff,27.937,%Bird,XXC,off
04/18/2023 20:02:22,Chamber 1,28-031662211eff,27.937,%Bird,XXC,off
04/18/2023 20:02:42,Chamber 1,28-031662211eff,27.937,%Bird,XXC,off
04/18/2023 20:03:02,Chamber 1,28-031662211eff,27.937,%Bird,XXC,off
04/18/2023 20:03:23,Chamber 1,28-031662211eff,27.937,%Bird,XXC,off
04/18/2023 20:03:42,Chamber 1,28-031662211eff,27.937,%Bird,XXC,off
04/18/2023 20:04:02,Chamber 1,28-031662211eff,27.937,%Bird,XXC,off
04/18/2023 20:04:22,Chamber 1,28-031662211eff,27.937,%Bird,XXC,off
04/18/2023 20:04:42,Chamber 1,28-031662211eff,27.937,%Bird,XXC,off
04/18/2023 20:05:03,Chamber 1,28-031662211eff,27.875,%Bird,XXC,off
04/18/2023 20:05:22,Chamber 1,28-031662211eff,27.875,%Bird,XXC,off
04/18/2023 20:05:42,Chamber 1,28-031662211eff,27.937,%Bird,XXC,off
04/18/2023 20:06:02,Chamber 1,28-031662211eff,27.812,%Bird,XXC,off
04/18/2023 20:06:22,Chamber 1,28-031662211eff,27.75,%Bird,XXC,off
04/18/2023 20:06:42,Chamber 1,28-031662211eff,27.75,%Bird,XXC,off
04/18/2023 20:07:02,Chamber 1,28-031662211eff,27.625,%Bird,XXC,off
04/18/2023 20:07:22,Chamber 1,28-031662211eff,27.625,%Bird,XXC,off
04/18/2023 20:07:42,Chamber 1,28-031662211eff,27.625,%Bird,XXC,off
04/18/2023 20:08:02,Chamber 1,28-031662211eff,27.562,%Bird,XXC,off
04/18/2023 20:08:22,Chamber 1,28-031662211eff,27.562,%Bird,XXC,off
04/18/2023 20:08:42,Chamber 1,28-031662211eff,27.562,%Bird,XXC,off
04/18/2023 20:09:02,Chamber 1,28-031662211eff,27.562,%Bird,XXC,off
04/18/2023 20:09:22,Chamber 1,28-031662211eff,27.562,%Bird,XXC,off
04/18/2023 20:09:42,Chamber 1,28-031662211eff,27.562,%Bird,XXC,off
04/18/2023 20:10:02,Chamber 1,28-031662211eff,27.625,%Bird,XXC,off
04/18/2023 20:10:23,Chamber 1,28-031662211eff,27.625,%Bird,XXC,off
04/18/2023 20:10:42,Chamber 1,28-031662211eff,27.625,%Bird,XXC,off
04/18/2023 20:11:02,Chamber 1,28-031662211eff,27.625,%Bird,XXC,off
04/18/2023 20:11:22,Chamber 1,28-031662211eff,27.625,%Bird,XXC,off
04/18/2023 20:11:42,Chamber 1,28-031662211eff,27.625,%Bird,XXC,off
04/18/2023 20:12:02,Chamber 1,28-031662211eff,27.687,%Bird,XXC,off
04/18/2023 20:12:22,Chamber 1,28-031662211eff,27.75,%Bird,XXC,off
04/18/2023 20:12:42,Chamber 1,28-031662211eff,27.812,%Bird,XXC,off
04/18/2023 20:13:02,Chamber 1,28-031662211eff,27.812,%Bird,XXC,off
04/18/2023 20:13:22,Chamber 1,28-031662211eff,27.875,%Bird,XXC,off
04/18/2023 20:13:42,Chamber 1,28-031662211eff,27.875,%Bird,XXC,off
04/18/2023 20:14:02,Chamber 1,28-031662211eff,27.875,%Bird,XXC,off
04/18/2023 20:14:22,Chamber 1,28-031662211eff,27.875,%Bird,XXC,off
04/18/2023 20:14:42,Chamber 1,28-031662211eff,27.937,%Bird,XXC,off
04/18/2023 20:15:02,Chamber 1,28-031662211eff,27.937,%Bird,XXC,off
04/18/2023 20:15:22,Chamber 1,28-031662211eff,28.0,%Bird,XXC,off
04/18/2023 20:15:42,Chamber 1,28-031662211eff,28.062,%Bird,XXC,off
04/18/2023 20:16:02,Chamber 1,28-031662211eff,28.062,%Bird,XXC,off
04/18/2023 20:16:22,Chamber 1,28-031662211eff,28.062,%Bird,XXC,off
04/18/2023 20:16:42,Chamber 1,28-031662211eff,28.125,%Bird,XXC,off
04/18/2023 20:17:02,Chamber 1,28-031662211eff,28.125,%Bird,XXC,off
04/18/2023 20:17:22,Chamber 1,28-031662211eff,28.125,%Bird,XXC,off
04/18/2023 20:17:42,Chamber 1,28-031662211eff,28.125,%Bird,XXC,off
04/18/2023 20:18:02,Chamber 1,28-031662211eff,28.125,%Bird,XXC,off
04/18/2023 20:18:22,Chamber 1,28-031662211eff,28.187,%Bird,XXC,off
04/18/2023 20:18:42,Chamber 1,28-031662211eff,28.187,%Bird,XXC,off
04/18/2023 20:19:02,Chamber 1,28-031662211eff,28.187,%Bird,XXC,off
04/18/2023 20:19:22,Chamber 1,28-031662211eff,28.187,%Bird,XXC,off
04/18/2023 20:19:43,Chamber 1,28-031662211eff,28.187,%Bird,XXC,off
04/18/2023 20:20:02,Chamber 1,28-031662211eff,28.187,%Bird,XXC,off
04/18/2023 20:20:22,Chamber 1,28-031662211eff,28.187,%Bird,XXC,off
04/18/2023 20:20:42,Chamber 1,28-031662211eff,28.187,%Bird,XXC,off
04/18/2023 20:21:02,Chamber 1,28-031662211eff,28.187,%Bird,XXC,off
04/18/2023 20:21:22,Chamber 1,28-031662211eff,28.187,%Bird,XXC,off
04/18/2023 20:21:44,Chamber 1,28-031662211eff,28.187,%Bird,XXC,off
04/18/2023 20:22:02,Chamber 1,28-031662211eff,28.187,%Bird,XXC,off
04/18/2023 20:22:22,Chamber 1,28-031662211eff,28.187,%Bird,XXC,off
04/18/2023 20:22:42,Chamber 1,28-031662211eff,28.187,%Bird,XXC,off
04/18/2023 20:23:02,Chamber 1,28-031662211eff,28.187,%Bird,XXC,off
04/18/2023 20:23:22,Chamber 1,28-031662211eff,28.125,%Bird,XXC,off
04/18/2023 20:23:42,Chamber 1,28-031662211eff,28.125,%Bird,XXC,off
04/18/2023 20:24:02,Chamber 1,28-031662211eff,28.125,%Bird,XXC,off
04/18/2023 20:24:22,Chamber 1,28-031662211eff,28.125,%Bird,XXC,off
04/18/2023 20:24:42,Chamber 1,28-031662211eff,28.125,%Bird,XXC,off
04/18/2023 20:25:02,Chamber 1,28-031662211eff,28.062,%Bird,XXC,off
04/18/2023 20:25:22,Chamber 1,28-031662211eff,28.062,%Bird,XXC,off
04/18/2023 20:25:42,Chamber 1,28-031662211eff,28.062,%Bird,XXC,off
04/18/2023 20:26:02,Chamber 1,28-031662211eff,28.062,%Bird,XXC,off
04/18/2023 20:26:22,Chamber 1,28-031662211eff,28.0,%Bird,XXC,off
04/18/2023 20:26:42,Chamber 1,28-031662211eff,28.062,%Bird,XXC,off
04/18/2023 20:27:02,Chamber 1,28-031662211eff,28.0,%Bird,XXC,off
04/18/2023 20:27:22,Chamber 1,28-031662211eff,28.0,%Bird,XXC,off
04/18/2023 20:27:42,Chamber 1,28-031662211eff,28.0,%Bird,XXC,off
04/18/2023 20:28:02,Chamber 1,28-031662211eff,28.0,%Bird,XXC,off
04/18/2023 20:28:22,Chamber 1,28-031662211eff,28.0,%Bird,XXC,off
04/18/2023 20:28:42,Chamber 1,28-031662211eff,28.0,%Bird,XXC,off
04/18/2023 20:29:02,Chamber 1,28-031662211eff,27.937,%Bird,XXC,off
04/18/2023 20:29:22,Chamber 1,28-031662211eff,28.0,%Bird,XXC,off
04/18/2023 20:29:42,Chamber 1,28-031662211eff,28.0,%Bird,XXC,off
04/18/2023 20:30:02,Chamber 1,28-031662211eff,27.937,%Bird,XXC,off
04/18/2023 20:30:22,Chamber 1,28-031662211eff,27.937,%Bird,XXC,off
04/18/2023 20:30:42,Chamber 1,28-031662211eff,27.937,%Bird,XXC,off
04/18/2023 20:31:02,Chamber 1,28-031662211eff,27.937,%Bird,XXC,off
04/18/2023 20:31:22,Chamber 1,28-031662211eff,27.937,%Bird,XXC,off
04/18/2023 20:31:42,Chamber 1,28-031662211eff,27.937,%Bird,XXC,off
04/18/2023 20:32:02,Chamber 1,28-031662211eff,27.937,%Bird,XXC,off
04/18/2023 20:32:22,Chamber 1,28-031662211eff,27.875,%Bird,XXC,off
04/18/2023 20:32:42,Chamber 1,28-031662211eff,27.875,%Bird,XXC,off
04/18/2023 20:33:02,Chamber 1,28-031662211eff,27.875,%Bird,XXC,off
04/18/2023 20:33:22,Chamber 1,28-031662211eff,27.812,%Bird,XXC,off
04/18/2023 20:33:42,Chamber 1,28-031662211eff,27.875,%Bird,XXC,off
04/18/2023 20:34:02,Chamber 1,28-031662211eff,27.875,%Bird,XXC,off
04/18/2023 20:34:22,Chamber 1,28-031662211eff,27.875,%Bird,XXC,off
04/18/2023 20:34:42,Chamber 1,28-031662211eff,27.875,%Bird,XXC,off
04/18/2023 20:35:02,Chamber 1,28-031662211eff,27.875,%Bird,XXC,off
04/18/2023 20:35:22,Chamber 1,28-031662211eff,27.875,%Bird,XXC,off
04/18/2023 20:35:42,Chamber 1,28-031662211eff,27.875,%Bird,XXC,off
04/18/2023 20:36:02,Chamber 1,28-031662211eff,27.875,%Bird,XXC,off
04/18/2023 20:36:22,Chamber 1,28-031662211eff,27.875,%Bird,XXC,off
04/18/2023 20:36:42,Chamber 1,28-031662211eff,27.875,%Bird,XXC,off
04/18/2023 20:37:02,Chamber 1,28-031662211eff,27.875,%Bird,XXC,off
04/18/2023 20:37:22,Chamber 1,28-031662211eff,27.875,%Bird,XXC,off
04/18/2023 20:37:42,Chamber 1,28-031662211eff,27.875,%Bird,XXC,off
04/18/2023 20:38:02,Chamber 1,28-031662211eff,27.812,%Bird,XXC,off
04/18/2023 20:38:22,Chamber 1,28-031662211eff,27.812,%Bird,XXC,off
04/18/2023 20:38:42,Chamber 1,28-031662211eff,27.812,%Bird,XXC,off
04/18/2023 20:39:02,Chamber 1,28-031662211eff,27.812,%Bird,XXC,off
04/18/2023 20:39:22,Chamber 1,28-031662211eff,27.812,%Bird,XXC,off
04/18/2023 20:39:42,Chamber 1,28-031662211eff,27.812,%Bird,XXC,off
04/18/2023 20:40:02,Chamber 1,28-031662211eff,27.812,%Bird,XXC,off
04/18/2023 20:40:22,Chamber 1,28-031662211eff,27.812,%Bird,XXC,off
04/18/2023 20:40:42,Chamber 1,28-031662211eff,27.812,%Bird,XXC,off
04/18/2023 20:41:02,Chamber 1,28-031662211eff,27.812,%Bird,XXC,off
04/18/2023 20:41:22,Chamber 1,28-031662211eff,27.75,%Bird,XXC,off
04/18/2023 20:41:42,Chamber 1,28-031662211eff,27.75,%Bird,XXC,off
04/18/2023 20:42:02,Chamber 1,28-031662211eff,27.75,%Bird,XXC,off
04/18/2023 20:42:23,Chamber 1,28-031662211eff,27.75,%Bird,XXC,off
04/18/2023 20:42:42,Chamber 1,28-031662211eff,27.75,%Bird,XXC,off
04/18/2023 20:43:03,Chamber 1,28-031662211eff,27.687,%Bird,XXC,off
04/18/2023 20:43:22,Chamber 1,28-031662211eff,27.687,%Bird,XXC,off
04/18/2023 20:43:42,Chamber 1,28-031662211eff,27.687,%Bird,XXC,off
04/18/2023 20:44:02,Chamber 1,28-031662211eff,27.687,%Bird,XXC,off
04/18/2023 20:44:22,Chamber 1,28-031662211eff,27.687,%Bird,XXC,off
04/18/2023 20:44:42,Chamber 1,28-031662211eff,27.625,%Bird,XXC,off
04/18/2023 20:45:02,Chamber 1,28-031662211eff,27.625,%Bird,XXC,off
04/18/2023 20:45:22,Chamber 1,28-031662211eff,27.625,%Bird,XXC,off
04/18/2023 20:45:42,Chamber 1,28-031662211eff,27.625,%Bird,XXC,off
04/18/2023 20:46:02,Chamber 1,28-031662211eff,27.625,%Bird,XXC,off
04/18/2023 20:46:22,Chamber 1,28-031662211eff,27.625,%Bird,XXC,off
04/18/2023 20:46:42,Chamber 1,28-031662211eff,27.625,%Bird,XXC,off
04/18/2023 20:47:02,Chamber 1,28-031662211eff,27.625,%Bird,XXC,off
04/18/2023 20:47:22,Chamber 1,28-031662211eff,27.562,%Bird,XXC,off
04/18/2023 20:47:42,Chamber 1,28-031662211eff,27.562,%Bird,XXC,off
04/18/2023 20:48:02,Chamber 1,28-031662211eff,27.562,%Bird,XXC,off
04/18/2023 20:48:22,Chamber 1,28-031662211eff,27.562,%Bird,XXC,off
04/18/2023 20:48:42,Chamber 1,28-031662211eff,27.5,%Bird,XXC,off
04/18/2023 20:49:02,Chamber 1,28-031662211eff,27.5,%Bird,XXC,off
04/18/2023 20:49:22,Chamber 1,28-031662211eff,27.5,%Bird,XXC,off
04/18/2023 20:49:42,Chamber 1,28-031662211eff,27.5,%Bird,XXC,off
04/18/2023 20:50:02,Chamber 1,28-031662211eff,27.5,%Bird,XXC,off
04/18/2023 20:50:22,Chamber 1,28-031662211eff,27.5,%Bird,XXC,off
04/18/2023 20:50:42,Chamber 1,28-031662211eff,27.5,%Bird,XXC,off
04/18/2023 20:51:02,Chamber 1,28-031662211eff,27.5,%Bird,XXC,off
04/18/2023 20:51:22,Chamber 1,28-031662211eff,27.437,%Bird,XXC,off
04/18/2023 20:51:42,Chamber 1,28-031662211eff,27.437,%Bird,XXC,off
04/18/2023 20:52:02,Chamber 1,28-031662211eff,27.437,%Bird,XXC,off
04/18/2023 20:52:22,Chamber 1,28-031662211eff,27.437,%Bird,XXC,off
04/18/2023 20:52:42,Chamber 1,28-031662211eff,27.437,%Bird,XXC,off
04/18/2023 20:53:02,Chamber 1,28-031662211eff,27.437,%Bird,XXC,off
04/18/2023 20:53:22,Chamber 1,28-031662211eff,27.437,%Bird,XXC,off
04/18/2023 20:53:42,Chamber 1,28-031662211eff,27.437,%Bird,XXC,off
04/18/2023 20:54:02,Chamber 1,28-031662211eff,27.375,%Bird,XXC,off
04/18/2023 20:54:22,Chamber 1,28-031662211eff,27.375,%Bird,XXC,off
04/18/2023 20:54:42,Chamber 1,28-031662211eff,27.375,%Bird,XXC,off
04/18/2023 20:55:02,Chamber 1,28-031662211eff,27.375,%Bird,XXC,off
04/18/2023 20:55:22,Chamber 1,28-031662211eff,27.375,%Bird,XXC,off
04/18/2023 20:55:42,Chamber 1,28-031662211eff,27.375,%Bird,XXC,off
04/18/2023 20:56:02,Chamber 1,28-031662211eff,27.375,%Bird,XXC,off
04/18/2023 20:56:22,Chamber 1,28-031662211eff,27.375,%Bird,XXC,off
04/18/2023 20:56:42,Chamber 1,28-031662211eff,27.375,%Bird,XXC,off
04/18/2023 20:57:02,Chamber 1,28-031662211eff,27.375,%Bird,XXC,off
04/18/2023 20:57:22,Chamber 1,28-031662211eff,27.312,%Bird,XXC,off
04/18/2023 20:57:42,Chamber 1,28-031662211eff,27.312,%Bird,XXC,off
04/18/2023 20:58:02,Chamber 1,28-031662211eff,27.312,%Bird,XXC,off
04/18/2023 20:58:22,Chamber 1,28-031662211eff,27.312,%Bird,XXC,off
04/18/2023 20:58:42,Chamber 1,28-031662211eff,27.312,%Bird,XXC,off
04/18/2023 20:59:02,Chamber 1,28-031662211eff,27.312,%Bird,XXC,off
04/18/2023 20:59:22,Chamber 1,28-031662211eff,27.312,%Bird,XXC,off
04/18/2023 20:59:42,Chamber 1,28-031662211eff,27.312,%Bird,XXC,off
04/18/2023 21:00:02,Chamber 1,28-031662211eff,27.312,%Bird,XXC,off
04/18/2023 21:00:22,Chamber 1,28-031662211eff,27.25,%Bird,XXC,off
04/18/2023 21:00:42,Chamber 1,28-031662211eff,27.25,%Bird,XXC,off
04/18/2023 21:01:02,Chamber 1,28-031662211eff,27.25,%Bird,XXC,off
04/18/2023 21:01:22,Chamber 1,28-031662211eff,27.25,%Bird,XXC,off
04/18/2023 21:01:42,Chamber 1,28-031662211eff,27.25,%Bird,XXC,off
04/18/2023 21:02:02,Chamber 1,28-031662211eff,27.25,%Bird,XXC,off
04/18/2023 21:02:22,Chamber 1,28-031662211eff,27.25,%Bird,XXC,off
04/18/2023 21:02:42,Chamber 1,28-031662211eff,27.25,%Bird,XXC,off
04/18/2023 21:03:02,Chamber 1,28-031662211eff,27.187,%Bird,XXC,off
04/18/2023 21:03:22,Chamber 1,28-031662211eff,27.187,%Bird,XXC,off
04/18/2023 21:03:42,Chamber 1,28-031662211eff,27.187,%Bird,XXC,off
04/18/2023 21:04:02,Chamber 1,28-031662211eff,27.187,%Bird,XXC,off
04/18/2023 21:04:22,Chamber 1,28-031662211eff,27.187,%Bird,XXC,off
04/18/2023 21:04:42,Chamber 1,28-031662211eff,27.187,%Bird,XXC,off
04/18/2023 21:05:03,Chamber 1,28-031662211eff,27.187,%Bird,XXC,off
04/18/2023 21:05:22,Chamber 1,28-031662211eff,27.187,%Bird,XXC,off
04/18/2023 21:05:42,Chamber 1,28-031662211eff,27.125,%Bird,XXC,off
04/18/2023 21:06:02,Chamber 1,28-031662211eff,27.125,%Bird,XXC,off
04/18/2023 21:06:22,Chamber 1,28-031662211eff,27.125,%Bird,XXC,off
04/18/2023 21:06:42,Chamber 1,28-031662211eff,27.125,%Bird,XXC,off
04/18/2023 21:07:02,Chamber 1,28-031662211eff,27.125,%Bird,XXC,off
04/18/2023 21:07:22,Chamber 1,28-031662211eff,27.125,%Bird,XXC,off
04/18/2023 21:07:42,Chamber 1,28-031662211eff,27.125,%Bird,XXC,off
04/18/2023 21:08:02,Chamber 1,28-031662211eff,27.125,%Bird,XXC,off
04/18/2023 21:08:23,Chamber 1,28-031662211eff,27.125,%Bird,XXC,off
04/18/2023 21:08:42,Chamber 1,28-031662211eff,27.125,%Bird,XXC,off
04/18/2023 21:09:02,Chamber 1,28-031662211eff,27.125,%Bird,XXC,off
04/18/2023 21:09:22,Chamber 1,28-031662211eff,27.125,%Bird,XXC,off
04/18/2023 21:09:42,Chamber 1,28-031662211eff,27.125,%Bird,XXC,off
04/18/2023 21:10:02,Chamber 1,28-031662211eff,27.062,%Bird,XXC,off
04/18/2023 21:10:22,Chamber 1,28-031662211eff,27.062,%Bird,XXC,off
04/18/2023 21:10:42,Chamber 1,28-031662211eff,27.062,%Bird,XXC,off
04/18/2023 21:11:02,Chamber 1,28-031662211eff,27.062,%Bird,XXC,off
04/18/2023 21:11:22,Chamber 1,28-031662211eff,27.062,%Bird,XXC,off
04/18/2023 21:11:43,Chamber 1,28-031662211eff,27.062,%Bird,XXC,off
04/18/2023 21:12:02,Chamber 1,28-031662211eff,27.062,%Bird,XXC,off
04/18/2023 21:12:22,Chamber 1,28-031662211eff,27.0,%Bird,XXC,off
04/18/2023 21:12:43,Chamber 1,28-031662211eff,27.0,%Bird,XXC,off
04/18/2023 21:13:02,Chamber 1,28-031662211eff,27.0,%Bird,XXC,off
04/18/2023 21:13:22,Chamber 1,28-031662211eff,27.0,%Bird,XXC,off
04/18/2023 21:13:42,Chamber 1,28-031662211eff,27.0,%Bird,XXC,off
04/18/2023 21:14:02,Chamber 1,28-031662211eff,27.0,%Bird,XXC,off
04/18/2023 21:14:22,Chamber 1,28-031662211eff,27.0,%Bird,XXC,off
04/18/2023 21:14:42,Chamber 1,28-031662211eff,27.0,%Bird,XXC,off
04/18/2023 21:15:02,Chamber 1,28-031662211eff,27.0,%Bird,XXC,off
04/18/2023 21:15:22,Chamber 1,28-031662211eff,26.937,%Bird,XXC,off
04/18/2023 21:15:43,Chamber 1,28-031662211eff,26.937,%Bird,XXC,off
04/18/2023 21:16:02,Chamber 1,28-031662211eff,26.937,%Bird,XXC,off
04/18/2023 21:16:22,Chamber 1,28-031662211eff,26.937,%Bird,XXC,off
04/18/2023 21:16:42,Chamber 1,28-031662211eff,26.937,%Bird,XXC,off
04/18/2023 21:17:02,Chamber 1,28-031662211eff,26.937,%Bird,XXC,off
04/18/2023 21:17:22,Chamber 1,28-031662211eff,26.937,%Bird,XXC,off
04/18/2023 21:17:42,Chamber 1,28-031662211eff,26.937,%Bird,XXC,off
04/18/2023 21:18:02,Chamber 1,28-031662211eff,26.937,%Bird,XXC,off
04/18/2023 21:18:22,Chamber 1,28-031662211eff,26.937,%Bird,XXC,off
04/18/2023 21:18:42,Chamber 1,28-031662211eff,26.937,%Bird,XXC,off
04/18/2023 21:19:02,Chamber 1,28-031662211eff,26.875,%Bird,XXC,off
04/18/2023 21:19:22,Chamber 1,28-031662211eff,26.875,%Bird,XXC,off
04/18/2023 21:19:42,Chamber 1,28-031662211eff,26.875,%Bird,XXC,off
04/18/2023 21:20:02,Chamber 1,28-031662211eff,26.875,%Bird,XXC,off
04/18/2023 21:20:22,Chamber 1,28-031662211eff,26.875,%Bird,XXC,off
04/18/2023 21:20:42,Chamber 1,28-031662211eff,26.875,%Bird,XXC,off
04/18/2023 21:21:02,Chamber 1,28-031662211eff,26.875,%Bird,XXC,off
04/18/2023 21:21:22,Chamber 1,28-031662211eff,26.875,%Bird,XXC,off
04/18/2023 21:21:42,Chamber 1,28-031662211eff,26.875,%Bird,XXC,off
04/18/2023 21:22:02,Chamber 1,28-031662211eff,26.875,%Bird,XXC,off
04/18/2023 21:22:22,Chamber 1,28-031662211eff,26.812,%Bird,XXC,off
04/18/2023 21:22:42,Chamber 1,28-031662211eff,26.812,%Bird,XXC,off
04/18/2023 21:23:02,Chamber 1,28-031662211eff,26.812,%Bird,XXC,off
04/18/2023 21:23:22,Chamber 1,28-031662211eff,26.812,%Bird,XXC,off
04/18/2023 21:23:42,Chamber 1,28-031662211eff,26.812,%Bird,XXC,off
04/18/2023 21:24:02,Chamber 1,28-031662211eff,26.812,%Bird,XXC,off
04/18/2023 21:24:22,Chamber 1,28-031662211eff,26.812,%Bird,XXC,off
04/18/2023 21:24:42,Chamber 1,28-031662211eff,26.812,%Bird,XXC,off
04/18/2023 21:25:02,Chamber 1,28-031662211eff,26.812,%Bird,XXC,off
04/18/2023 21:25:22,Chamber 1,28-031662211eff,26.812,%Bird,XXC,off
04/18/2023 21:25:42,Chamber 1,28-031662211eff,26.812,%Bird,XXC,off
04/18/2023 21:26:02,Chamber 1,28-031662211eff,26.812,%Bird,XXC,off
04/18/2023 21:26:22,Chamber 1,28-031662211eff,26.812,%Bird,XXC,off
04/18/2023 21:26:42,Chamber 1,28-031662211eff,26.812,%Bird,XXC,off
04/18/2023 21:27:02,Chamber 1,28-031662211eff,26.75,%Bird,XXC,off
04/18/2023 21:27:22,Chamber 1,28-031662211eff,26.812,%Bird,XXC,off
04/18/2023 21:27:42,Chamber 1,28-031662211eff,26.75,%Bird,XXC,off
04/18/2023 21:28:02,Chamber 1,28-031662211eff,26.75,%Bird,XXC,off
04/18/2023 21:28:22,Chamber 1,28-031662211eff,26.75,%Bird,XXC,off
04/18/2023 21:28:42,Chamber 1,28-031662211eff,26.75,%Bird,XXC,off
04/18/2023 21:29:02,Chamber 1,28-031662211eff,26.75,%Bird,XXC,off
04/18/2023 21:29:22,Chamber 1,28-031662211eff,26.75,%Bird,XXC,off
04/18/2023 21:29:42,Chamber 1,28-031662211eff,26.75,%Bird,XXC,off
04/18/2023 21:30:02,Chamber 1,28-031662211eff,26.75,%Bird,XXC,off
04/18/2023 21:30:22,Chamber 1,28-031662211eff,26.75,%Bird,XXC,off
04/18/2023 21:30:42,Chamber 1,28-031662211eff,26.75,%Bird,XXC,off
04/18/2023 21:31:02,Chamber 1,28-031662211eff,26.75,%Bird,XXC,off
04/18/2023 21:31:22,Chamber 1,28-031662211eff,26.75,%Bird,XXC,off
04/18/2023 21:31:42,Chamber 1,28-031662211eff,26.687,%Bird,XXC,off
04/18/2023 21:32:02,Chamber 1,28-031662211eff,26.687,%Bird,XXC,off
04/18/2023 21:32:22,Chamber 1,28-031662211eff,26.687,%Bird,XXC,off
04/18/2023 21:32:42,Chamber 1,28-031662211eff,26.687,%Bird,XXC,off
04/18/2023 21:33:02,Chamber 1,28-031662211eff,26.687,%Bird,XXC,off
04/18/2023 21:33:23,Chamber 1,28-031662211eff,26.687,%Bird,XXC,off
04/18/2023 21:33:42,Chamber 1,28-031662211eff,26.687,%Bird,XXC,off
04/18/2023 21:34:02,Chamber 1,28-031662211eff,26.687,%Bird,XXC,off
04/18/2023 21:34:22,Chamber 1,28-031662211eff,26.687,%Bird,XXC,off
04/18/2023 21:34:42,Chamber 1,28-031662211eff,26.687,%Bird,XXC,off
04/18/2023 21:35:02,Chamber 1,28-031662211eff,26.687,%Bird,XXC,off
04/18/2023 21:35:22,Chamber 1,28-031662211eff,26.687,%Bird,XXC,off
04/18/2023 21:35:42,Chamber 1,28-031662211eff,26.687,%Bird,XXC,off
04/18/2023 21:36:02,Chamber 1,28-031662211eff,26.687,%Bird,XXC,off
04/18/2023 21:36:22,Chamber 1,28-031662211eff,26.687,%Bird,XXC,off
04/18/2023 21:36:42,Chamber 1,28-031662211eff,26.625,%Bird,XXC,off
04/18/2023 21:37:02,Chamber 1,28-031662211eff,26.687,%Bird,XXC,off
04/18/2023 21:37:22,Chamber 1,28-031662211eff,26.625,%Bird,XXC,off
04/18/2023 21:37:42,Chamber 1,28-031662211eff,26.625,%Bird,XXC,off
04/18/2023 21:38:02,Chamber 1,28-031662211eff,26.625,%Bird,XXC,off
04/18/2023 21:38:22,Chamber 1,28-031662211eff,26.625,%Bird,XXC,off
04/18/2023 21:38:42,Chamber 1,28-031662211eff,26.625,%Bird,XXC,off
04/18/2023 21:39:02,Chamber 1,28-031662211eff,26.625,%Bird,XXC,off
04/18/2023 21:39:22,Chamber 1,28-031662211eff,26.625,%Bird,XXC,off
04/18/2023 21:39:42,Chamber 1,28-031662211eff,26.625,%Bird,XXC,off
04/18/2023 21:40:02,Chamber 1,28-031662211eff,26.625,%Bird,XXC,off
04/18/2023 21:40:22,Chamber 1,28-031662211eff,26.625,%Bird,XXC,off
04/18/2023 21:40:42,Chamber 1,28-031662211eff,26.625,%Bird,XXC,off
04/18/2023 21:41:02,Chamber 1,28-031662211eff,26.625,%Bird,XXC,off
04/18/2023 21:41:22,Chamber 1,28-031662211eff,26.625,%Bird,XXC,off
04/18/2023 21:41:42,Chamber 1,28-031662211eff,26.625,%Bird,XXC,off
04/18/2023 21:42:02,Chamber 1,28-031662211eff,26.562,%Bird,XXC,off
04/18/2023 21:42:22,Chamber 1,28-031662211eff,26.625,%Bird,XXC,off
04/18/2023 21:42:42,Chamber 1,28-031662211eff,26.562,%Bird,XXC,off
04/18/2023 21:43:02,Chamber 1,28-031662211eff,26.562,%Bird,XXC,off
04/18/2023 21:43:26,Chamber 1,28-031662211eff,26.625,%Bird,XXC,off
04/18/2023 21:43:42,Chamber 1,28-031662211eff,26.562,%Bird,XXC,off
04/18/2023 21:44:02,Chamber 1,28-031662211eff,26.562,%Bird,XXC,off
04/18/2023 21:44:22,Chamber 1,28-031662211eff,26.562,%Bird,XXC,off
04/18/2023 21:44:42,Chamber 1,28-031662211eff,26.562,%Bird,XXC,off
04/18/2023 21:45:02,Chamber 1,28-031662211eff,26.562,%Bird,XXC,off
04/18/2023 21:45:24,Chamber 1,28-031662211eff,26.562,%Bird,XXC,off
04/18/2023 21:45:42,Chamber 1,28-031662211eff,26.562,%Bird,XXC,off
04/18/2023 21:46:02,Chamber 1,28-031662211eff,26.562,%Bird,XXC,off
04/18/2023 21:46:22,Chamber 1,28-031662211eff,26.562,%Bird,XXC,off
04/18/2023 21:46:42,Chamber 1,28-031662211eff,26.562,%Bird,XXC,off
04/18/2023 21:47:02,Chamber 1,28-031662211eff,26.562,%Bird,XXC,off
04/18/2023 21:47:22,Chamber 1,28-031662211eff,26.562,%Bird,XXC,off
04/18/2023 21:47:42,Chamber 1,28-031662211eff,26.562,%Bird,XXC,off
04/18/2023 21:48:02,Chamber 1,28-031662211eff,26.562,%Bird,XXC,off
04/18/2023 21:48:22,Chamber 1,28-031662211eff,26.5,%Bird,XXC,off
04/18/2023 21:48:42,Chamber 1,28-031662211eff,26.5,%Bird,XXC,off
04/18/2023 21:49:02,Chamber 1,28-031662211eff,26.5,%Bird,XXC,off
04/18/2023 21:49:22,Chamber 1,28-031662211eff,26.5,%Bird,XXC,off
04/18/2023 21:49:42,Chamber 1,28-031662211eff,26.5,%Bird,XXC,off
04/18/2023 21:50:02,Chamber 1,28-031662211eff,26.5,%Bird,XXC,off
04/18/2023 21:50:22,Chamber 1,28-031662211eff,26.5,%Bird,XXC,off
04/18/2023 21:50:43,Chamber 1,28-031662211eff,26.5,%Bird,XXC,off
04/18/2023 21:51:02,Chamber 1,28-031662211eff,26.5,%Bird,XXC,off
04/18/2023 21:51:22,Chamber 1,28-031662211eff,26.5,%Bird,XXC,off
04/18/2023 21:51:42,Chamber 1,28-031662211eff,26.5,%Bird,XXC,off
04/18/2023 21:52:02,Chamber 1,28-031662211eff,26.5,%Bird,XXC,off
04/18/2023 21:52:22,Chamber 1,28-031662211eff,26.5,%Bird,XXC,off
04/18/2023 21:52:42,Chamber 1,28-031662211eff,26.5,%Bird,XXC,off
04/18/2023 21:53:02,Chamber 1,28-031662211eff,26.5,%Bird,XXC,off
04/18/2023 21:53:22,Chamber 1,28-031662211eff,26.5,%Bird,XXC,off
04/18/2023 21:53:42,Chamber 1,28-031662211eff,26.5,%Bird,XXC,off
04/18/2023 21:54:03,Chamber 1,28-031662211eff,26.437,%Bird,XXC,off
04/18/2023 21:54:22,Chamber 1,28-031662211eff,26.437,%Bird,XXC,off
04/18/2023 21:54:42,Chamber 1,28-031662211eff,26.437,%Bird,XXC,off
04/18/2023 21:55:02,Chamber 1,28-031662211eff,26.437,%Bird,XXC,off
04/18/2023 21:55:22,Chamber 1,28-031662211eff,26.437,%Bird,XXC,off
04/18/2023 21:55:42,Chamber 1,28-031662211eff,26.437,%Bird,XXC,off
04/18/2023 21:56:02,Chamber 1,28-031662211eff,26.437,%Bird,XXC,off
04/18/2023 21:56:22,Chamber 1,28-031662211eff,26.437,%Bird,XXC,off
04/18/2023 21:56:42,Chamber 1,28-031662211eff,26.437,%Bird,XXC,off
04/18/2023 21:57:02,Chamber 1,28-031662211eff,26.437,%Bird,XXC,off
04/18/2023 21:57:22,Chamber 1,28-031662211eff,26.437,%Bird,XXC,off
04/18/2023 21:57:42,Chamber 1,28-031662211eff,26.437,%Bird,XXC,off
04/18/2023 21:58:02,Chamber 1,28-031662211eff,26.437,%Bird,XXC,off
04/18/2023 21:58:22,Chamber 1,28-031662211eff,26.437,%Bird,XXC,off
04/18/2023 21:58:42,Chamber 1,28-031662211eff,26.437,%Bird,XXC,off
04/18/2023 21:59:02,Chamber 1,28-031662211eff,26.437,%Bird,XXC,off
04/18/2023 21:59:22,Chamber 1,28-031662211eff,26.437,%Bird,XXC,off
04/18/2023 21:59:42,Chamber 1,28-031662211eff,26.437,%Bird,XXC,off
04/18/2023 22:00:02,Chamber 1,28-031662211eff,26.375,%Bird,XXC,off
04/18/2023 22:00:22,Chamber 1,28-031662211eff,26.375,%Bird,XXC,off
04/18/2023 22:00:42,Chamber 1,28-031662211eff,26.375,%Bird,XXC,off
04/18/2023 22:01:02,Chamber 1,28-031662211eff,26.375,%Bird,XXC,off
04/18/2023 22:01:22,Chamber 1,28-031662211eff,26.375,%Bird,XXC,off
04/18/2023 22:01:42,Chamber 1,28-031662211eff,26.375,%Bird,XXC,off
04/18/2023 22:02:02,Chamber 1,28-031662211eff,26.375,%Bird,XXC,off
04/18/2023 22:02:22,Chamber 1,28-031662211eff,26.375,%Bird,XXC,off
04/18/2023 22:02:42,Chamber 1,28-031662211eff,26.375,%Bird,XXC,off
04/18/2023 22:03:02,Chamber 1,28-031662211eff,26.375,%Bird,XXC,off
04/18/2023 22:03:22,Chamber 1,28-031662211eff,26.375,%Bird,XXC,off
04/18/2023 22:03:42,Chamber 1,28-031662211eff,26.375,%Bird,XXC,off
04/18/2023 22:04:02,Chamber 1,28-031662211eff,26.375,%Bird,XXC,off
04/18/2023 22:04:22,Chamber 1,28-031662211eff,26.375,%Bird,XXC,off
04/18/2023 22:04:42,Chamber 1,28-031662211eff,26.375,%Bird,XXC,off
04/18/2023 22:05:03,Chamber 1,28-031662211eff,26.375,%Bird,XXC,off
04/18/2023 22:05:22,Chamber 1,28-031662211eff,26.375,%Bird,XXC,off
04/18/2023 22:05:42,Chamber 1,28-031662211eff,26.375,%Bird,XXC,off
04/18/2023 22:06:02,Chamber 1,28-031662211eff,26.375,%Bird,XXC,off
04/18/2023 22:06:22,Chamber 1,28-031662211eff,26.312,%Bird,XXC,off
04/18/2023 22:06:42,Chamber 1,28-031662211eff,26.375,%Bird,XXC,off
04/18/2023 22:07:02,Chamber 1,28-031662211eff,26.312,%Bird,XXC,off
04/18/2023 22:07:22,Chamber 1,28-031662211eff,26.312,%Bird,XXC,off
04/18/2023 22:07:42,Chamber 1,28-031662211eff,26.312,%Bird,XXC,off
04/18/2023 22:08:02,Chamber 1,28-031662211eff,26.312,%Bird,XXC,off
04/18/2023 22:08:22,Chamber 1,28-031662211eff,26.312,%Bird,XXC,off
04/18/2023 22:08:42,Chamber 1,28-031662211eff,26.312,%Bird,XXC,off
04/18/2023 22:09:02,Chamber 1,28-031662211eff,26.312,%Bird,XXC,off
04/18/2023 22:09:22,Chamber 1,28-031662211eff,26.312,%Bird,XXC,off
04/18/2023 22:09:42,Chamber 1,28-031662211eff,26.312,%Bird,XXC,off
04/18/2023 22:10:02,Chamber 1,28-031662211eff,26.312,%Bird,XXC,off
04/18/2023 22:10:22,Chamber 1,28-031662211eff,26.312,%Bird,XXC,off
04/18/2023 22:10:42,Chamber 1,28-031662211eff,26.312,%Bird,XXC,off
04/18/2023 22:11:02,Chamber 1,28-031662211eff,26.312,%Bird,XXC,off
04/18/2023 22:11:22,Chamber 1,28-031662211eff,26.312,%Bird,XXC,off
04/18/2023 22:11:42,Chamber 1,28-031662211eff,26.312,%Bird,XXC,off
04/18/2023 22:12:02,Chamber 1,28-031662211eff,26.312,%Bird,XXC,off
04/18/2023 22:12:22,Chamber 1,28-031662211eff,26.312,%Bird,XXC,off
04/18/2023 22:12:42,Chamber 1,28-031662211eff,26.312,%Bird,XXC,off
04/18/2023 22:13:02,Chamber 1,28-031662211eff,26.25,%Bird,XXC,off
04/18/2023 22:13:22,Chamber 1,28-031662211eff,26.25,%Bird,XXC,off
04/18/2023 22:13:42,Chamber 1,28-031662211eff,26.25,%Bird,XXC,off
04/18/2023 22:14:02,Chamber 1,28-031662211eff,26.25,%Bird,XXC,off
04/18/2023 22:14:22,Chamber 1,28-031662211eff,26.25,%Bird,XXC,off
04/18/2023 22:14:42,Chamber 1,28-031662211eff,26.25,%Bird,XXC,off
04/18/2023 22:15:02,Chamber 1,28-031662211eff,26.25,%Bird,XXC,off
04/18/2023 22:15:22,Chamber 1,28-031662211eff,26.25,%Bird,XXC,off
04/18/2023 22:15:42,Chamber 1,28-031662211eff,26.25,%Bird,XXC,off
04/18/2023 22:16:03,Chamber 1,28-031662211eff,26.25,%Bird,XXC,off
04/18/2023 22:16:22,Chamber 1,28-031662211eff,26.25,%Bird,XXC,off
04/18/2023 22:16:42,Chamber 1,28-031662211eff,26.25,%Bird,XXC,off
04/18/2023 22:17:02,Chamber 1,28-031662211eff,26.25,%Bird,XXC,off
04/18/2023 22:17:22,Chamber 1,28-031662211eff,26.25,%Bird,XXC,off
04/18/2023 22:17:42,Chamber 1,28-031662211eff,26.25,%Bird,XXC,off
04/18/2023 22:18:02,Chamber 1,28-031662211eff,26.25,%Bird,XXC,off
04/18/2023 22:18:22,Chamber 1,28-031662211eff,26.25,%Bird,XXC,off
04/18/2023 22:18:42,Chamber 1,28-031662211eff,26.25,%Bird,XXC,off
04/18/2023 22:19:02,Chamber 1,28-031662211eff,26.25,%Bird,XXC,off
04/18/2023 22:19:22,Chamber 1,28-031662211eff,26.25,%Bird,XXC,off
04/18/2023 22:19:42,Chamber 1,28-031662211eff,26.25,%Bird,XXC,off
04/18/2023 22:20:02,Chamber 1,28-031662211eff,26.25,%Bird,XXC,off
04/18/2023 22:20:22,Chamber 1,28-031662211eff,26.25,%Bird,XXC,off
04/18/2023 22:20:42,Chamber 1,28-031662211eff,26.25,%Bird,XXC,off
04/18/2023 22:21:02,Chamber 1,28-031662211eff,26.187,%Bird,XXC,off
04/18/2023 22:21:22,Chamber 1,28-031662211eff,26.187,%Bird,XXC,off
04/18/2023 22:21:42,Chamber 1,28-031662211eff,26.187,%Bird,XXC,off
04/18/2023 22:22:02,Chamber 1,28-031662211eff,26.187,%Bird,XXC,off
04/18/2023 22:22:22,Chamber 1,28-031662211eff,26.187,%Bird,XXC,off
04/18/2023 22:22:42,Chamber 1,28-031662211eff,26.187,%Bird,XXC,off
04/18/2023 22:23:02,Chamber 1,28-031662211eff,26.187,%Bird,XXC,off
04/18/2023 22:23:22,Chamber 1,28-031662211eff,26.187,%Bird,XXC,off
04/18/2023 22:23:42,Chamber 1,28-031662211eff,26.187,%Bird,XXC,off
04/18/2023 22:24:02,Chamber 1,28-031662211eff,26.187,%Bird,XXC,off
04/18/2023 22:24:22,Chamber 1,28-031662211eff,26.187,%Bird,XXC,off
04/18/2023 22:24:42,Chamber 1,28-031662211eff,26.187,%Bird,XXC,off
04/18/2023 22:25:02,Chamber 1,28-031662211eff,26.187,%Bird,XXC,off
04/18/2023 22:25:22,Chamber 1,28-031662211eff,26.187,%Bird,XXC,off
04/18/2023 22:25:42,Chamber 1,28-031662211eff,26.187,%Bird,XXC,off
04/18/2023 22:26:02,Chamber 1,28-031662211eff,26.187,%Bird,XXC,off
04/18/2023 22:26:22,Chamber 1,28-031662211eff,26.187,%Bird,XXC,off
04/18/2023 22:26:42,Chamber 1,28-031662211eff,26.187,%Bird,XXC,off
04/18/2023 22:27:02,Chamber 1,28-031662211eff,26.187,%Bird,XXC,off
04/18/2023 22:27:22,Chamber 1,28-031662211eff,26.187,%Bird,XXC,off
04/18/2023 22:27:42,Chamber 1,28-031662211eff,26.187,%Bird,XXC,off
04/18/2023 22:28:02,Chamber 1,28-031662211eff,26.187,%Bird,XXC,off
04/18/2023 22:28:22,Chamber 1,28-031662211eff,26.187,%Bird,XXC,off
04/18/2023 22:28:42,Chamber 1,28-031662211eff,26.125,%Bird,XXC,off
04/18/2023 22:29:02,Chamber 1,28-031662211eff,26.187,%Bird,XXC,off
04/18/2023 22:29:22,Chamber 1,28-031662211eff,26.187,%Bird,XXC,off
04/18/2023 22:29:42,Chamber 1,28-031662211eff,26.187,%Bird,XXC,off
04/18/2023 22:30:02,Chamber 1,28-031662211eff,26.125,%Bird,XXC,off
04/18/2023 22:30:22,Chamber 1,28-031662211eff,26.125,%Bird,XXC,off
04/18/2023 22:30:42,Chamber 1,28-031662211eff,26.187,%Bird,XXC,off
04/18/2023 22:31:02,Chamber 1,28-031662211eff,26.125,%Bird,XXC,off
04/18/2023 22:31:22,Chamber 1,28-031662211eff,26.125,%Bird,XXC,off
04/18/2023 22:31:42,Chamber 1,28-031662211eff,26.125,%Bird,XXC,off
04/18/2023 22:32:02,Chamber 1,28-031662211eff,26.125,%Bird,XXC,off
04/18/2023 22:32:22,Chamber 1,28-031662211eff,26.125,%Bird,XXC,off
04/18/2023 22:32:42,Chamber 1,28-031662211eff,26.125,%Bird,XXC,off
04/18/2023 22:33:02,Chamber 1,28-031662211eff,26.125,%Bird,XXC,off
04/18/2023 22:33:22,Chamber 1,28-031662211eff,26.125,%Bird,XXC,off
04/18/2023 22:33:42,Chamber 1,28-031662211eff,26.125,%Bird,XXC,off
04/18/2023 22:34:02,Chamber 1,28-031662211eff,26.125,%Bird,XXC,off
04/18/2023 22:34:22,Chamber 1,28-031662211eff,26.125,%Bird,XXC,off
04/18/2023 22:34:42,Chamber 1,28-031662211eff,26.125,%Bird,XXC,off
04/18/2023 22:35:02,Chamber 1,28-031662211eff,26.125,%Bird,XXC,off
04/18/2023 22:35:22,Chamber 1,28-031662211eff,26.125,%Bird,XXC,off
04/18/2023 22:35:42,Chamber 1,28-031662211eff,26.125,%Bird,XXC,off
04/18/2023 22:36:02,Chamber 1,28-031662211eff,26.125,%Bird,XXC,off
04/18/2023 22:36:22,Chamber 1,28-031662211eff,26.125,%Bird,XXC,off
04/18/2023 22:36:42,Chamber 1,28-031662211eff,26.125,%Bird,XXC,off
04/18/2023 22:37:02,Chamber 1,28-031662211eff,26.125,%Bird,XXC,off
04/18/2023 22:37:22,Chamber 1,28-031662211eff,26.125,%Bird,XXC,off
04/18/2023 22:37:42,Chamber 1,28-031662211eff,26.125,%Bird,XXC,off
04/18/2023 22:38:02,Chamber 1,28-031662211eff,26.125,%Bird,XXC,off
04/18/2023 22:38:22,Chamber 1,28-031662211eff,26.125,%Bird,XXC,off
04/18/2023 22:38:42,Chamber 1,28-031662211eff,26.125,%Bird,XXC,off
04/18/2023 22:39:02,Chamber 1,28-031662211eff,26.125,%Bird,XXC,off
04/18/2023 22:39:22,Chamber 1,28-031662211eff,26.062,%Bird,XXC,off
04/18/2023 22:39:42,Chamber 1,28-031662211eff,26.125,%Bird,XXC,off
04/18/2023 22:40:02,Chamber 1,28-031662211eff,26.062,%Bird,XXC,off
04/18/2023 22:40:22,Chamber 1,28-031662211eff,26.125,%Bird,XXC,off
04/18/2023 22:40:42,Chamber 1,28-031662211eff,26.062,%Bird,XXC,off
04/18/2023 22:41:02,Chamber 1,28-031662211eff,26.062,%Bird,XXC,off
04/18/2023 22:41:22,Chamber 1,28-031662211eff,26.062,%Bird,XXC,off
04/18/2023 22:41:42,Chamber 1,28-031662211eff,26.062,%Bird,XXC,off
04/18/2023 22:42:02,Chamber 1,28-031662211eff,26.062,%Bird,XXC,off
04/18/2023 22:42:22,Chamber 1,28-031662211eff,26.062,%Bird,XXC,off
04/18/2023 22:42:42,Chamber 1,28-031662211eff,26.062,%Bird,XXC,off
04/18/2023 22:43:02,Chamber 1,28-031662211eff,26.062,%Bird,XXC,off
04/18/2023 22:43:22,Chamber 1,28-031662211eff,26.062,%Bird,XXC,off
04/18/2023 22:43:42,Chamber 1,28-031662211eff,26.062,%Bird,XXC,off
04/18/2023 22:44:02,Chamber 1,28-031662211eff,26.062,%Bird,XXC,off
04/18/2023 22:44:22,Chamber 1,28-031662211eff,26.062,%Bird,XXC,off
04/18/2023 22:44:42,Chamber 1,28-031662211eff,26.062,%Bird,XXC,off
04/18/2023 22:45:02,Chamber 1,28-031662211eff,26.062,%Bird,XXC,off
04/18/2023 22:45:22,Chamber 1,28-031662211eff,26.062,%Bird,XXC,off
04/18/2023 22:45:42,Chamber 1,28-031662211eff,26.062,%Bird,XXC,off
04/18/2023 22:46:02,Chamber 1,28-031662211eff,26.062,%Bird,XXC,off
04/18/2023 22:46:22,Chamber 1,28-031662211eff,26.062,%Bird,XXC,off
04/18/2023 22:46:42,Chamber 1,28-031662211eff,26.062,%Bird,XXC,off
04/18/2023 22:47:02,Chamber 1,28-031662211eff,26.062,%Bird,XXC,off
04/18/2023 22:47:22,Chamber 1,28-031662211eff,26.062,%Bird,XXC,off
04/18/2023 22:47:42,Chamber 1,28-031662211eff,26.062,%Bird,XXC,off
04/18/2023 22:48:02,Chamber 1,28-031662211eff,26.062,%Bird,XXC,off
04/18/2023 22:48:22,Chamber 1,28-031662211eff,26.062,%Bird,XXC,off
04/18/2023 22:48:42,Chamber 1,28-031662211eff,26.0,%Bird,XXC,off
04/18/2023 22:49:03,Chamber 1,28-031662211eff,26.062,%Bird,XXC,off
04/18/2023 22:49:22,Chamber 1,28-031662211eff,26.062,%Bird,XXC,off
04/18/2023 22:49:42,Chamber 1,28-031662211eff,26.062,%Bird,XXC,off
04/18/2023 22:50:02,Chamber 1,28-031662211eff,26.062,%Bird,XXC,off
04/18/2023 22:50:22,Chamber 1,28-031662211eff,26.0,%Bird,XXC,off
04/18/2023 22:50:42,Chamber 1,28-031662211eff,26.062,%Bird,XXC,off
04/18/2023 22:51:02,Chamber 1,28-031662211eff,26.0,%Bird,XXC,off
04/18/2023 22:51:22,Chamber 1,28-031662211eff,26.0,%Bird,XXC,off
04/18/2023 22:51:42,Chamber 1,28-031662211eff,26.0,%Bird,XXC,off
04/18/2023 22:52:02,Chamber 1,28-031662211eff,26.0,%Bird,XXC,off
04/18/2023 22:52:22,Chamber 1,28-031662211eff,26.0,%Bird,XXC,off
04/18/2023 22:52:42,Chamber 1,28-031662211eff,26.0,%Bird,XXC,off
04/18/2023 22:53:02,Chamber 1,28-031662211eff,26.0,%Bird,XXC,off
04/18/2023 22:53:22,Chamber 1,28-031662211eff,26.0,%Bird,XXC,off
04/18/2023 22:53:42,Chamber 1,28-031662211eff,26.0,%Bird,XXC,off
04/18/2023 22:54:02,Chamber 1,28-031662211eff,26.0,%Bird,XXC,off
04/18/2023 22:54:22,Chamber 1,28-031662211eff,26.0,%Bird,XXC,off
04/18/2023 22:54:42,Chamber 1,28-031662211eff,26.0,%Bird,XXC,off
04/18/2023 22:55:02,Chamber 1,28-031662211eff,26.0,%Bird,XXC,off
04/18/2023 22:55:22,Chamber 1,28-031662211eff,26.0,%Bird,XXC,off
04/18/2023 22:55:42,Chamber 1,28-031662211eff,26.0,%Bird,XXC,off
04/18/2023 22:56:02,Chamber 1,28-031662211eff,26.0,%Bird,XXC,off
04/18/2023 22:56:22,Chamber 1,28-031662211eff,26.0,%Bird,XXC,off
04/18/2023 22:56:42,Chamber 1,28-031662211eff,26.0,%Bird,XXC,off
04/18/2023 22:57:02,Chamber 1,28-031662211eff,26.0,%Bird,XXC,off
04/18/2023 22:57:22,Chamber 1,28-031662211eff,26.0,%Bird,XXC,off
04/18/2023 22:57:42,Chamber 1,28-031662211eff,26.0,%Bird,XXC,off
04/18/2023 22:58:02,Chamber 1,28-031662211eff,26.0,%Bird,XXC,off
04/18/2023 22:58:22,Chamber 1,28-031662211eff,26.0,%Bird,XXC,off
04/18/2023 22:58:42,Chamber 1,28-031662211eff,26.0,%Bird,XXC,off
04/18/2023 22:59:02,Chamber 1,28-031662211eff,26.0,%Bird,XXC,off
04/18/2023 22:59:22,Chamber 1,28-031662211eff,26.0,%Bird,XXC,off
04/18/2023 22:59:42,Chamber 1,28-031662211eff,26.0,%Bird,XXC,off
04/18/2023 23:00:02,Chamber 1,28-031662211eff,26.0,%Bird,XXC,off
04/18/2023 23:00:22,Chamber 1,28-031662211eff,26.0,%Bird,XXC,off
04/18/2023 23:00:42,Chamber 1,28-031662211eff,26.0,%Bird,XXC,off
04/18/2023 23:01:02,Chamber 1,28-031662211eff,26.0,%Bird,XXC,off
04/18/2023 23:01:22,Chamber 1,28-031662211eff,26.0,%Bird,XXC,off
04/18/2023 23:01:42,Chamber 1,28-031662211eff,26.0,%Bird,XXC,off
04/18/2023 23:02:02,Chamber 1,28-031662211eff,26.0,%Bird,XXC,off
04/18/2023 23:02:22,Chamber 1,28-031662211eff,25.937,%Bird,XXC,off
04/18/2023 23:02:42,Chamber 1,28-031662211eff,25.937,%Bird,XXC,off
04/18/2023 23:03:02,Chamber 1,28-031662211eff,25.937,%Bird,XXC,off
04/18/2023 23:03:22,Chamber 1,28-031662211eff,25.937,%Bird,XXC,off
04/18/2023 23:03:42,Chamber 1,28-031662211eff,25.937,%Bird,XXC,off
04/18/2023 23:04:02,Chamber 1,28-031662211eff,25.937,%Bird,XXC,off
04/18/2023 23:04:22,Chamber 1,28-031662211eff,25.937,%Bird,XXC,off
04/18/2023 23:04:42,Chamber 1,28-031662211eff,25.937,%Bird,XXC,off
04/18/2023 23:05:02,Chamber 1,28-031662211eff,25.937,%Bird,XXC,off
04/18/2023 23:05:22,Chamber 1,28-031662211eff,25.937,%Bird,XXC,off
04/18/2023 23:05:42,Chamber 1,28-031662211eff,25.937,%Bird,XXC,off
04/18/2023 23:06:02,Chamber 1,28-031662211eff,25.937,%Bird,XXC,off
04/18/2023 23:06:22,Chamber 1,28-031662211eff,25.937,%Bird,XXC,off
04/18/2023 23:06:42,Chamber 1,28-031662211eff,25.937,%Bird,XXC,off
04/18/2023 23:07:02,Chamber 1,28-031662211eff,25.937,%Bird,XXC,off
04/18/2023 23:07:22,Chamber 1,28-031662211eff,25.937,%Bird,XXC,off
04/18/2023 23:07:42,Chamber 1,28-031662211eff,25.937,%Bird,XXC,off
04/18/2023 23:08:02,Chamber 1,28-031662211eff,25.937,%Bird,XXC,off
04/18/2023 23:08:22,Chamber 1,28-031662211eff,25.937,%Bird,XXC,off
04/18/2023 23:08:42,Chamber 1,28-031662211eff,25.937,%Bird,XXC,off
04/18/2023 23:09:02,Chamber 1,28-031662211eff,25.937,%Bird,XXC,off
04/18/2023 23:09:22,Chamber 1,28-031662211eff,25.937,%Bird,XXC,off
04/18/2023 23:09:42,Chamber 1,28-031662211eff,25.937,%Bird,XXC,off
04/18/2023 23:10:02,Chamber 1,28-031662211eff,25.937,%Bird,XXC,off
04/18/2023 23:10:22,Chamber 1,28-031662211eff,25.937,%Bird,XXC,off
04/18/2023 23:10:42,Chamber 1,28-031662211eff,25.937,%Bird,XXC,off
04/18/2023 23:11:02,Chamber 1,28-031662211eff,25.937,%Bird,XXC,off
04/18/2023 23:11:22,Chamber 1,28-031662211eff,25.937,%Bird,XXC,off
04/18/2023 23:11:42,Chamber 1,28-031662211eff,25.937,%Bird,XXC,off
04/18/2023 23:12:02,Chamber 1,28-031662211eff,25.937,%Bird,XXC,off
04/18/2023 23:12:22,Chamber 1,28-031662211eff,25.875,%Bird,XXC,off
04/18/2023 23:12:42,Chamber 1,28-031662211eff,25.937,%Bird,XXC,off
04/18/2023 23:13:02,Chamber 1,28-031662211eff,25.937,%Bird,XXC,off
04/18/2023 23:13:22,Chamber 1,28-031662211eff,25.875,%Bird,XXC,off
04/18/2023 23:13:43,Chamber 1,28-031662211eff,25.937,%Bird,XXC,off
04/18/2023 23:14:02,Chamber 1,28-031662211eff,25.875,%Bird,XXC,off
04/18/2023 23:14:22,Chamber 1,28-031662211eff,25.875,%Bird,XXC,off
04/18/2023 23:14:42,Chamber 1,28-031662211eff,25.875,%Bird,XXC,off
04/18/2023 23:15:02,Chamber 1,28-031662211eff,25.875,%Bird,XXC,off
04/18/2023 23:15:22,Chamber 1,28-031662211eff,25.875,%Bird,XXC,off
04/18/2023 23:15:42,Chamber 1,28-031662211eff,25.875,%Bird,XXC,off
04/18/2023 23:16:02,Chamber 1,28-031662211eff,25.875,%Bird,XXC,off
04/18/2023 23:16:22,Chamber 1,28-031662211eff,25.875,%Bird,XXC,off
04/18/2023 23:16:42,Chamber 1,28-031662211eff,25.875,%Bird,XXC,off
04/18/2023 23:17:02,Chamber 1,28-031662211eff,25.875,%Bird,XXC,off
04/18/2023 23:17:22,Chamber 1,28-031662211eff,25.875,%Bird,XXC,off
04/18/2023 23:17:42,Chamber 1,28-031662211eff,25.875,%Bird,XXC,off
04/18/2023 23:18:02,Chamber 1,28-031662211eff,25.875,%Bird,XXC,off
04/18/2023 23:18:22,Chamber 1,28-031662211eff,25.875,%Bird,XXC,off
04/18/2023 23:18:42,Chamber 1,28-031662211eff,25.875,%Bird,XXC,off
04/18/2023 23:19:02,Chamber 1,28-031662211eff,25.875,%Bird,XXC,off
04/18/2023 23:19:22,Chamber 1,28-031662211eff,25.875,%Bird,XXC,off
04/18/2023 23:19:43,Chamber 1,28-031662211eff,25.875,%Bird,XXC,off
04/18/2023 23:20:02,Chamber 1,28-031662211eff,25.875,%Bird,XXC,off
04/18/2023 23:20:22,Chamber 1,28-031662211eff,25.875,%Bird,XXC,off
04/18/2023 23:20:42,Chamber 1,28-031662211eff,25.875,%Bird,XXC,off
04/18/2023 23:21:02,Chamber 1,28-031662211eff,25.875,%Bird,XXC,off
04/18/2023 23:21:22,Chamber 1,28-031662211eff,25.875,%Bird,XXC,off
04/18/2023 23:21:42,Chamber 1,28-031662211eff,25.875,%Bird,XXC,off
04/18/2023 23:22:02,Chamber 1,28-031662211eff,25.875,%Bird,XXC,off
04/18/2023 23:22:22,Chamber 1,28-031662211eff,25.875,%Bird,XXC,off
04/18/2023 23:22:42,Chamber 1,28-031662211eff,25.875,%Bird,XXC,off
04/18/2023 23:23:02,Chamber 1,28-031662211eff,25.875,%Bird,XXC,off
04/18/2023 23:23:22,Chamber 1,28-031662211eff,25.812,%Bird,XXC,off
04/18/2023 23:23:42,Chamber 1,28-031662211eff,25.812,%Bird,XXC,off
04/18/2023 23:24:02,Chamber 1,28-031662211eff,25.812,%Bird,XXC,off
04/18/2023 23:24:22,Chamber 1,28-031662211eff,25.812,%Bird,XXC,off
04/18/2023 23:24:42,Chamber 1,28-031662211eff,25.812,%Bird,XXC,off
04/18/2023 23:25:02,Chamber 1,28-031662211eff,25.812,%Bird,XXC,off
04/18/2023 23:25:22,Chamber 1,28-031662211eff,25.812,%Bird,XXC,off
04/18/2023 23:25:42,Chamber 1,28-031662211eff,25.812,%Bird,XXC,off
04/18/2023 23:26:02,Chamber 1,28-031662211eff,25.812,%Bird,XXC,off
04/18/2023 23:26:22,Chamber 1,28-031662211eff,25.812,%Bird,XXC,off
04/18/2023 23:26:42,Chamber 1,28-031662211eff,25.812,%Bird,XXC,off
04/18/2023 23:27:02,Chamber 1,28-031662211eff,25.812,%Bird,XXC,off
04/18/2023 23:27:22,Chamber 1,28-031662211eff,25.812,%Bird,XXC,off
04/18/2023 23:27:42,Chamber 1,28-031662211eff,25.812,%Bird,XXC,off
04/18/2023 23:28:02,Chamber 1,28-031662211eff,25.812,%Bird,XXC,off
04/18/2023 23:28:22,Chamber 1,28-031662211eff,25.812,%Bird,XXC,off
04/18/2023 23:28:42,Chamber 1,28-031662211eff,25.812,%Bird,XXC,off
04/18/2023 23:29:02,Chamber 1,28-031662211eff,25.812,%Bird,XXC,off
04/18/2023 23:29:22,Chamber 1,28-031662211eff,25.812,%Bird,XXC,off
04/18/2023 23:29:42,Chamber 1,28-031662211eff,25.812,%Bird,XXC,off
04/18/2023 23:30:02,Chamber 1,28-031662211eff,25.812,%Bird,XXC,off
04/18/2023 23:30:22,Chamber 1,28-031662211eff,25.812,%Bird,XXC,off
04/18/2023 23:30:42,Chamber 1,28-031662211eff,25.812,%Bird,XXC,off
04/18/2023 23:31:02,Chamber 1,28-031662211eff,25.812,%Bird,XXC,off
04/18/2023 23:31:22,Chamber 1,28-031662211eff,25.812,%Bird,XXC,off
04/18/2023 23:31:42,Chamber 1,28-031662211eff,25.812,%Bird,XXC,off
04/18/2023 23:32:02,Chamber 1,28-031662211eff,25.812,%Bird,XXC,off
04/18/2023 23:32:22,Chamber 1,28-031662211eff,25.812,%Bird,XXC,off
04/18/2023 23:32:42,Chamber 1,28-031662211eff,25.812,%Bird,XXC,off
04/18/2023 23:33:02,Chamber 1,28-031662211eff,25.812,%Bird,XXC,off
04/18/2023 23:33:22,Chamber 1,28-031662211eff,25.812,%Bird,XXC,off
04/18/2023 23:33:42,Chamber 1,28-031662211eff,25.812,%Bird,XXC,off
04/18/2023 23:34:02,Chamber 1,28-031662211eff,25.812,%Bird,XXC,off
04/18/2023 23:34:22,Chamber 1,28-031662211eff,25.812,%Bird,XXC,off
04/18/2023 23:34:42,Chamber 1,28-031662211eff,25.812,%Bird,XXC,off
04/18/2023 23:35:02,Chamber 1,28-031662211eff,25.812,%Bird,XXC,off
04/18/2023 23:35:22,Chamber 1,28-031662211eff,25.812,%Bird,XXC,off
04/18/2023 23:35:42,Chamber 1,28-031662211eff,25.812,%Bird,XXC,off
04/18/2023 23:36:02,Chamber 1,28-031662211eff,25.75,%Bird,XXC,off
04/18/2023 23:36:22,Chamber 1,28-031662211eff,25.75,%Bird,XXC,off
04/18/2023 23:36:42,Chamber 1,28-031662211eff,25.75,%Bird,XXC,off
04/18/2023 23:37:02,Chamber 1,28-031662211eff,25.75,%Bird,XXC,off
04/18/2023 23:37:22,Chamber 1,28-031662211eff,25.75,%Bird,XXC,off
04/18/2023 23:37:42,Chamber 1,28-031662211eff,25.75,%Bird,XXC,off
04/18/2023 23:38:02,Chamber 1,28-031662211eff,25.75,%Bird,XXC,off
04/18/2023 23:38:22,Chamber 1,28-031662211eff,25.75,%Bird,XXC,off
04/18/2023 23:38:42,Chamber 1,28-031662211eff,25.75,%Bird,XXC,off
04/18/2023 23:39:02,Chamber 1,28-031662211eff,25.75,%Bird,XXC,off
04/18/2023 23:39:22,Chamber 1,28-031662211eff,25.75,%Bird,XXC,off
04/18/2023 23:39:42,Chamber 1,28-031662211eff,25.75,%Bird,XXC,off
04/18/2023 23:40:02,Chamber 1,28-031662211eff,25.75,%Bird,XXC,off
04/18/2023 23:40:22,Chamber 1,28-031662211eff,25.75,%Bird,XXC,off
04/18/2023 23:40:42,Chamber 1,28-031662211eff,25.75,%Bird,XXC,off
04/18/2023 23:41:02,Chamber 1,28-031662211eff,25.75,%Bird,XXC,off
04/18/2023 23:41:22,Chamber 1,28-031662211eff,25.75,%Bird,XXC,off
04/18/2023 23:41:42,Chamber 1,28-031662211eff,25.75,%Bird,XXC,off
04/18/2023 23:42:02,Chamber 1,28-031662211eff,25.75,%Bird,XXC,off
04/18/2023 23:42:22,Chamber 1,28-031662211eff,25.75,%Bird,XXC,off
04/18/2023 23:42:42,Chamber 1,28-031662211eff,25.75,%Bird,XXC,off
04/18/2023 23:43:02,Chamber 1,28-031662211eff,25.75,%Bird,XXC,off
04/18/2023 23:43:22,Chamber 1,28-031662211eff,25.75,%Bird,XXC,off
04/18/2023 23:43:42,Chamber 1,28-031662211eff,25.75,%Bird,XXC,off
04/18/2023 23:44:02,Chamber 1,28-031662211eff,25.75,%Bird,XXC,off
04/18/2023 23:44:22,Chamber 1,28-031662211eff,25.75,%Bird,XXC,off
04/18/2023 23:44:42,Chamber 1,28-031662211eff,25.75,%Bird,XXC,off
04/18/2023 23:45:02,Chamber 1,28-031662211eff,25.75,%Bird,XXC,off
04/18/2023 23:45:22,Chamber 1,28-031662211eff,25.75,%Bird,XXC,off
04/18/2023 23:45:42,Chamber 1,28-031662211eff,25.75,%Bird,XXC,off
04/18/2023 23:46:02,Chamber 1,28-031662211eff,25.75,%Bird,XXC,off
04/18/2023 23:46:22,Chamber 1,28-031662211eff,25.75,%Bird,XXC,off
04/18/2023 23:46:42,Chamber 1,28-031662211eff,25.75,%Bird,XXC,off
04/18/2023 23:47:02,Chamber 1,28-031662211eff,25.75,%Bird,XXC,off
04/18/2023 23:47:22,Chamber 1,28-031662211eff,25.75,%Bird,XXC,off
04/18/2023 23:47:42,Chamber 1,28-031662211eff,25.75,%Bird,XXC,off
04/18/2023 23:48:02,Chamber 1,28-031662211eff,25.75,%Bird,XXC,off
04/18/2023 23:48:22,Chamber 1,28-031662211eff,25.75,%Bird,XXC,off
04/18/2023 23:48:42,Chamber 1,28-031662211eff,25.75,%Bird,XXC,off
04/18/2023 23:49:02,Chamber 1,28-031662211eff,25.75,%Bird,XXC,off
04/18/2023 23:49:22,Chamber 1,28-031662211eff,25.75,%Bird,XXC,off
04/18/2023 23:49:42,Chamber 1,28-031662211eff,25.75,%Bird,XXC,off
04/18/2023 23:50:02,Chamber 1,28-031662211eff,25.75,%Bird,XXC,off
04/18/2023 23:50:22,Chamber 1,28-031662211eff,25.75,%Bird,XXC,off
04/18/2023 23:50:42,Chamber 1,28-031662211eff,25.75,%Bird,XXC,off
04/18/2023 23:51:02,Chamber 1,28-031662211eff,25.75,%Bird,XXC,off
04/18/2023 23:51:22,Chamber 1,28-031662211eff,25.75,%Bird,XXC,off
04/18/2023 23:51:42,Chamber 1,28-031662211eff,25.75,%Bird,XXC,off
04/18/2023 23:52:02,Chamber 1,28-031662211eff,25.687,%Bird,XXC,off
04/18/2023 23:52:22,Chamber 1,28-031662211eff,25.687,%Bird,XXC,off
04/18/2023 23:52:42,Chamber 1,28-031662211eff,25.687,%Bird,XXC,off
04/18/2023 23:53:02,Chamber 1,28-031662211eff,25.687,%Bird,XXC,off
04/18/2023 23:53:22,Chamber 1,28-031662211eff,25.75,%Bird,XXC,off
04/18/2023 23:53:42,Chamber 1,28-031662211eff,25.75,%Bird,XXC,off
04/18/2023 23:54:02,Chamber 1,28-031662211eff,25.687,%Bird,XXC,off
04/18/2023 23:54:22,Chamber 1,28-031662211eff,25.687,%Bird,XXC,off
04/18/2023 23:54:42,Chamber 1,28-031662211eff,25.687,%Bird,XXC,off
04/18/2023 23:55:02,Chamber 1,28-031662211eff,25.687,%Bird,XXC,off
04/18/2023 23:55:22,Chamber 1,28-031662211eff,25.687,%Bird,XXC,off
04/18/2023 23:55:42,Chamber 1,28-031662211eff,25.687,%Bird,XXC,off
04/18/2023 23:56:02,Chamber 1,28-031662211eff,25.687,%Bird,XXC,off
04/18/2023 23:56:22,Chamber 1,28-031662211eff,25.687,%Bird,XXC,off
04/18/2023 23:56:42,Chamber 1,28-031662211eff,25.687,%Bird,XXC,off
04/18/2023 23:57:02,Chamber 1,28-031662211eff,25.687,%Bird,XXC,off
04/18/2023 23:57:22,Chamber 1,28-031662211eff,25.687,%Bird,XXC,off
04/18/2023 23:57:42,Chamber 1,28-031662211eff,25.687,%Bird,XXC,off
04/18/2023 23:58:02,Chamber 1,28-031662211eff,25.687,%Bird,XXC,off
04/18/2023 23:58:22,Chamber 1,28-031662211eff,25.687,%Bird,XXC,off
04/18/2023 23:58:42,Chamber 1,28-031662211eff,25.687,%Bird,XXC,off
04/18/2023 23:59:02,Chamber 1,28-031662211eff,25.687,%Bird,XXC,off
04/18/2023 23:59:22,Chamber 1,28-031662211eff,25.687,%Bird,XXC,off
04/18/2023 23:59:42,Chamber 1,28-031662211eff,25.687,%Bird,XXC,off
