04/20/2023 00:00:03,Chamber 1,28-031662211eff,26.312,%Bird,XXC,off
04/20/2023 00:00:23,Chamber 1,28-031662211eff,26.312,%Bird,XXC,off
04/20/2023 00:00:43,Chamber 1,28-031662211eff,26.312,%Bird,XXC,off
04/20/2023 00:01:03,Chamber 1,28-031662211eff,26.312,%Bird,XXC,off
04/20/2023 00:01:23,Chamber 1,28-031662211eff,26.312,%Bird,XXC,off
04/20/2023 00:01:43,Chamber 1,28-031662211eff,26.312,%Bird,XXC,off
04/20/2023 00:02:03,Chamber 1,28-031662211eff,26.312,%Bird,XXC,off
04/20/2023 00:02:23,Chamber 1,28-031662211eff,26.312,%Bird,XXC,off
04/20/2023 00:02:43,Chamber 1,28-031662211eff,26.312,%Bird,XXC,off
04/20/2023 00:03:03,Chamber 1,28-031662211eff,26.312,%Bird,XXC,off
04/20/2023 00:03:23,Chamber 1,28-031662211eff,26.312,%Bird,XXC,off
04/20/2023 00:03:43,Chamber 1,28-031662211eff,26.312,%Bird,XXC,off
04/20/2023 00:04:03,Chamber 1,28-031662211eff,26.312,%Bird,XXC,off
04/20/2023 00:04:23,Chamber 1,28-031662211eff,26.312,%Bird,XXC,off
04/20/2023 00:04:43,Chamber 1,28-031662211eff,26.312,%Bird,XXC,off
04/20/2023 00:05:03,Chamber 1,28-031662211eff,26.312,%Bird,XXC,off
04/20/2023 00:05:23,Chamber 1,28-031662211eff,26.312,%Bird,XXC,off
04/20/2023 00:05:43,Chamber 1,28-031662211eff,26.312,%Bird,XXC,off
04/20/2023 00:06:03,Chamber 1,28-031662211eff,26.312,%Bird,XXC,off
04/20/2023 00:06:23,Chamber 1,28-031662211eff,26.312,%Bird,XXC,off
04/20/2023 00:06:43,Chamber 1,28-031662211eff,26.312,%Bird,XXC,off
04/20/2023 00:07:03,Chamber 1,28-031662211eff,26.312,%Bird,XXC,off
04/20/2023 00:07:23,Chamber 1,28-031662211eff,26.312,%Bird,XXC,off
04/20/2023 00:07:43,Chamber 1,28-031662211eff,26.312,%Bird,XXC,off
04/20/2023 00:08:03,Chamber 1,28-031662211eff,26.312,%Bird,XXC,off
04/20/2023 00:08:23,Chamber 1,28-031662211eff,26.312,%Bird,XXC,off
04/20/2023 00:08:43,Chamber 1,28-031662211eff,26.312,%Bird,XXC,off
04/20/2023 00:09:03,Chamber 1,28-031662211eff,26.312,%Bird,XXC,off
04/20/2023 00:09:23,Chamber 1,28-031662211eff,26.312,%Bird,XXC,off
04/20/2023 00:09:43,Chamber 1,28-031662211eff,26.312,%Bird,XXC,off
04/20/2023 00:10:03,Chamber 1,28-031662211eff,26.312,%Bird,XXC,off
04/20/2023 00:10:23,Chamber 1,28-031662211eff,26.312,%Bird,XXC,off
04/20/2023 00:10:43,Chamber 1,28-031662211eff,26.312,%Bird,XXC,off
04/20/2023 00:11:03,Chamber 1,28-031662211eff,26.312,%Bird,XXC,off
04/20/2023 00:11:23,Chamber 1,28-031662211eff,26.312,%Bird,XXC,off
04/20/2023 00:11:43,Chamber 1,28-031662211eff,26.312,%Bird,XXC,off
04/20/2023 00:12:03,Chamber 1,28-031662211eff,26.312,%Bird,XXC,off
04/20/2023 00:12:23,Chamber 1,28-031662211eff,26.312,%Bird,XXC,off
04/20/2023 00:12:43,Chamber 1,28-031662211eff,26.312,%Bird,XXC,off
04/20/2023 00:13:03,Chamber 1,28-031662211eff,26.312,%Bird,XXC,off
04/20/2023 00:13:23,Chamber 1,28-031662211eff,26.312,%Bird,XXC,off
04/20/2023 00:13:43,Chamber 1,28-031662211eff,26.312,%Bird,XXC,off
04/20/2023 00:14:03,Chamber 1,28-031662211eff,26.312,%Bird,XXC,off
04/20/2023 00:14:23,Chamber 1,28-031662211eff,26.312,%Bird,XXC,off
04/20/2023 00:14:43,Chamber 1,28-031662211eff,26.312,%Bird,XXC,off
04/20/2023 00:15:03,Chamber 1,28-031662211eff,26.312,%Bird,XXC,off
04/20/2023 00:15:23,Chamber 1,28-031662211eff,26.312,%Bird,XXC,off
04/20/2023 00:15:43,Chamber 1,28-031662211eff,26.312,%Bird,XXC,off
04/20/2023 00:16:03,Chamber 1,28-031662211eff,26.312,%Bird,XXC,off
04/20/2023 00:16:23,Chamber 1,28-031662211eff,26.312,%Bird,XXC,off
04/20/2023 00:16:43,Chamber 1,28-031662211eff,26.312,%Bird,XXC,off
04/20/2023 00:17:03,Chamber 1,28-031662211eff,26.312,%Bird,XXC,off
04/20/2023 00:17:23,Chamber 1,28-031662211eff,26.312,%Bird,XXC,off
04/20/2023 00:17:43,Chamber 1,28-031662211eff,26.312,%Bird,XXC,off
04/20/2023 00:18:03,Chamber 1,28-031662211eff,26.312,%Bird,XXC,off
04/20/2023 00:18:23,Chamber 1,28-031662211eff,26.312,%Bird,XXC,off
04/20/2023 00:18:43,Chamber 1,28-031662211eff,26.25,%Bird,XXC,off
04/20/2023 00:19:03,Chamber 1,28-031662211eff,26.25,%Bird,XXC,off
04/20/2023 00:19:23,Chamber 1,28-031662211eff,26.25,%Bird,XXC,off
04/20/2023 00:19:43,Chamber 1,28-031662211eff,26.25,%Bird,XXC,off
04/20/2023 00:20:03,Chamber 1,28-031662211eff,26.312,%Bird,XXC,off
04/20/2023 00:20:23,Chamber 1,28-031662211eff,26.25,%Bird,XXC,off
04/20/2023 00:20:43,Chamber 1,28-031662211eff,26.25,%Bird,XXC,off
04/20/2023 00:21:03,Chamber 1,28-031662211eff,26.25,%Bird,XXC,off
04/20/2023 00:21:23,Chamber 1,28-031662211eff,26.25,%Bird,XXC,off
04/20/2023 00:21:43,Chamber 1,28-031662211eff,26.25,%Bird,XXC,off
04/20/2023 00:22:03,Chamber 1,28-031662211eff,26.25,%Bird,XXC,off
04/20/2023 00:22:23,Chamber 1,28-031662211eff,26.25,%Bird,XXC,off
04/20/2023 00:22:43,Chamber 1,28-031662211eff,26.25,%Bird,XXC,off
04/20/2023 00:23:03,Chamber 1,28-031662211eff,26.25,%Bird,XXC,off
04/20/2023 00:23:23,Chamber 1,28-031662211eff,26.25,%Bird,XXC,off
04/20/2023 00:23:43,Chamber 1,28-031662211eff,26.25,%Bird,XXC,off
04/20/2023 00:24:03,Chamber 1,28-031662211eff,26.25,%Bird,XXC,off
04/20/2023 00:24:23,Chamber 1,28-031662211eff,26.25,%Bird,XXC,off
04/20/2023 00:24:43,Chamber 1,28-031662211eff,26.25,%Bird,XXC,off
04/20/2023 00:25:03,Chamber 1,28-031662211eff,26.25,%Bird,XXC,off
04/20/2023 00:25:23,Chamber 1,28-031662211eff,26.25,%Bird,XXC,off
04/20/2023 00:25:43,Chamber 1,28-031662211eff,26.25,%Bird,XXC,off
04/20/2023 00:26:03,Chamber 1,28-031662211eff,26.25,%Bird,XXC,off
04/20/2023 00:26:23,Chamber 1,28-031662211eff,26.25,%Bird,XXC,off
04/20/2023 00:26:43,Chamber 1,28-031662211eff,26.25,%Bird,XXC,off
04/20/2023 00:27:03,Chamber 1,28-031662211eff,26.25,%Bird,XXC,off
04/20/2023 00:27:23,Chamber 1,28-031662211eff,26.25,%Bird,XXC,off
04/20/2023 00:27:43,Chamber 1,28-031662211eff,26.25,%Bird,XXC,off
04/20/2023 00:28:03,Chamber 1,28-031662211eff,26.25,%Bird,XXC,off
04/20/2023 00:28:23,Chamber 1,28-031662211eff,26.25,%Bird,XXC,off
04/20/2023 00:28:43,Chamber 1,28-031662211eff,26.25,%Bird,XXC,off
04/20/2023 00:29:03,Chamber 1,28-031662211eff,26.25,%Bird,XXC,off
04/20/2023 00:29:23,Chamber 1,28-031662211eff,26.25,%Bird,XXC,off
04/20/2023 00:29:43,Chamber 1,28-031662211eff,26.25,%Bird,XXC,off
04/20/2023 00:30:03,Chamber 1,28-031662211eff,26.25,%Bird,XXC,off
04/20/2023 00:30:23,Chamber 1,28-031662211eff,26.25,%Bird,XXC,off
04/20/2023 00:30:43,Chamber 1,28-031662211eff,26.25,%Bird,XXC,off
04/20/2023 00:31:03,Chamber 1,28-031662211eff,26.25,%Bird,XXC,off
04/20/2023 00:31:23,Chamber 1,28-031662211eff,26.25,%Bird,XXC,off
04/20/2023 00:31:43,Chamber 1,28-031662211eff,26.25,%Bird,XXC,off
04/20/2023 00:32:03,Chamber 1,28-031662211eff,26.25,%Bird,XXC,off
04/20/2023 00:32:23,Chamber 1,28-031662211eff,26.25,%Bird,XXC,off
04/20/2023 00:32:43,Chamber 1,28-031662211eff,26.25,%Bird,XXC,off
04/20/2023 00:33:03,Chamber 1,28-031662211eff,26.25,%Bird,XXC,off
04/20/2023 00:33:23,Chamber 1,28-031662211eff,26.25,%Bird,XXC,off
04/20/2023 00:33:43,Chamber 1,28-031662211eff,26.25,%Bird,XXC,off
04/20/2023 00:34:03,Chamber 1,28-031662211eff,26.25,%Bird,XXC,off
04/20/2023 00:34:23,Chamber 1,28-031662211eff,26.25,%Bird,XXC,off
04/20/2023 00:34:43,Chamber 1,28-031662211eff,26.25,%Bird,XXC,off
04/20/2023 00:35:03,Chamber 1,28-031662211eff,26.25,%Bird,XXC,off
04/20/2023 00:35:23,Chamber 1,28-031662211eff,26.25,%Bird,XXC,off
04/20/2023 00:35:43,Chamber 1,28-031662211eff,26.25,%Bird,XXC,off
04/20/2023 00:36:03,Chamber 1,28-031662211eff,26.25,%Bird,XXC,off
04/20/2023 00:36:23,Chamber 1,28-031662211eff,26.25,%Bird,XXC,off
04/20/2023 00:36:43,Chamber 1,28-031662211eff,26.25,%Bird,XXC,off
04/20/2023 00:37:03,Chamber 1,28-031662211eff,26.25,%Bird,XXC,off
04/20/2023 00:37:23,Chamber 1,28-031662211eff,26.25,%Bird,XXC,off
04/20/2023 00:37:43,Chamber 1,28-031662211eff,26.25,%Bird,XXC,off
04/20/2023 00:38:03,Chamber 1,28-031662211eff,26.25,%Bird,XXC,off
04/20/2023 00:38:23,Chamber 1,28-031662211eff,26.25,%Bird,XXC,off
04/20/2023 00:38:43,Chamber 1,28-031662211eff,26.25,%Bird,XXC,off
04/20/2023 00:39:03,Chamber 1,28-031662211eff,26.25,%Bird,XXC,off
04/20/2023 00:39:23,Chamber 1,28-031662211eff,26.25,%Bird,XXC,off
04/20/2023 00:39:43,Chamber 1,28-031662211eff,26.25,%Bird,XXC,off
04/20/2023 00:40:03,Chamber 1,28-031662211eff,26.25,%Bird,XXC,off
04/20/2023 00:40:23,Chamber 1,28-031662211eff,26.25,%Bird,XXC,off
04/20/2023 00:40:43,Chamber 1,28-031662211eff,26.25,%Bird,XXC,off
04/20/2023 00:41:03,Chamber 1,28-031662211eff,26.25,%Bird,XXC,off
04/20/2023 00:41:23,Chamber 1,28-031662211eff,26.25,%Bird,XXC,off
04/20/2023 00:41:43,Chamber 1,28-031662211eff,26.25,%Bird,XXC,off
04/20/2023 00:42:03,Chamber 1,28-031662211eff,26.25,%Bird,XXC,off
04/20/2023 00:42:23,Chamber 1,28-031662211eff,26.25,%Bird,XXC,off
04/20/2023 00:42:43,Chamber 1,28-031662211eff,26.25,%Bird,XXC,off
04/20/2023 00:43:03,Chamber 1,28-031662211eff,26.25,%Bird,XXC,off
04/20/2023 00:43:23,Chamber 1,28-031662211eff,26.25,%Bird,XXC,off
04/20/2023 00:43:43,Chamber 1,28-031662211eff,26.25,%Bird,XXC,off
04/20/2023 00:44:03,Chamber 1,28-031662211eff,26.187,%Bird,XXC,off
04/20/2023 00:44:23,Chamber 1,28-031662211eff,26.187,%Bird,XXC,off
04/20/2023 00:44:43,Chamber 1,28-031662211eff,26.25,%Bird,XXC,off
04/20/2023 00:45:03,Chamber 1,28-031662211eff,26.187,%Bird,XXC,off
04/20/2023 00:45:23,Chamber 1,28-031662211eff,26.187,%Bird,XXC,off
04/20/2023 00:45:43,Chamber 1,28-031662211eff,26.25,%Bird,XXC,off
04/20/2023 00:46:03,Chamber 1,28-031662211eff,26.187,%Bird,XXC,off
04/20/2023 00:46:23,Chamber 1,28-031662211eff,26.187,%Bird,XXC,off
04/20/2023 00:46:43,Chamber 1,28-031662211eff,26.187,%Bird,XXC,off
04/20/2023 00:47:03,Chamber 1,28-031662211eff,26.187,%Bird,XXC,off
04/20/2023 00:47:23,Chamber 1,28-031662211eff,26.187,%Bird,XXC,off
04/20/2023 00:47:43,Chamber 1,28-031662211eff,26.187,%Bird,XXC,off
04/20/2023 00:48:03,Chamber 1,28-031662211eff,26.187,%Bird,XXC,off
04/20/2023 00:48:23,Chamber 1,28-031662211eff,26.187,%Bird,XXC,off
04/20/2023 00:48:43,Chamber 1,28-031662211eff,26.187,%Bird,XXC,off
04/20/2023 00:49:03,Chamber 1,28-031662211eff,26.187,%Bird,XXC,off
04/20/2023 00:49:23,Chamber 1,28-031662211eff,26.187,%Bird,XXC,off
04/20/2023 00:49:43,Chamber 1,28-031662211eff,26.187,%Bird,XXC,off
04/20/2023 00:50:03,Chamber 1,28-031662211eff,26.187,%Bird,XXC,off
04/20/2023 00:50:23,Chamber 1,28-031662211eff,26.187,%Bird,XXC,off
04/20/2023 00:50:43,Chamber 1,28-031662211eff,26.187,%Bird,XXC,off
04/20/2023 00:51:03,Chamber 1,28-031662211eff,26.187,%Bird,XXC,off
04/20/2023 00:51:23,Chamber 1,28-031662211eff,26.187,%Bird,XXC,off
04/20/2023 00:51:43,Chamber 1,28-031662211eff,26.187,%Bird,XXC,off
04/20/2023 00:52:03,Chamber 1,28-031662211eff,26.187,%Bird,XXC,off
04/20/2023 00:52:23,Chamber 1,28-031662211eff,26.187,%Bird,XXC,off
04/20/2023 00:52:43,Chamber 1,28-031662211eff,26.187,%Bird,XXC,off
04/20/2023 00:53:03,Chamber 1,28-031662211eff,26.187,%Bird,XXC,off
04/20/2023 00:53:23,Chamber 1,28-031662211eff,26.187,%Bird,XXC,off
04/20/2023 00:53:43,Chamber 1,28-031662211eff,26.187,%Bird,XXC,off
04/20/2023 00:54:03,Chamber 1,28-031662211eff,26.187,%Bird,XXC,off
04/20/2023 00:54:23,Chamber 1,28-031662211eff,26.187,%Bird,XXC,off
04/20/2023 00:54:43,Chamber 1,28-031662211eff,26.187,%Bird,XXC,off
04/20/2023 00:55:03,Chamber 1,28-031662211eff,26.187,%Bird,XXC,off
04/20/2023 00:55:23,Chamber 1,28-031662211eff,26.187,%Bird,XXC,off
04/20/2023 00:55:43,Chamber 1,28-031662211eff,26.187,%Bird,XXC,off
04/20/2023 00:56:03,Chamber 1,28-031662211eff,26.187,%Bird,XXC,off
04/20/2023 00:56:23,Chamber 1,28-031662211eff,26.187,%Bird,XXC,off
04/20/2023 00:56:43,Chamber 1,28-031662211eff,26.187,%Bird,XXC,off
04/20/2023 00:57:03,Chamber 1,28-031662211eff,26.187,%Bird,XXC,off
04/20/2023 00:57:23,Chamber 1,28-031662211eff,26.187,%Bird,XXC,off
04/20/2023 00:57:43,Chamber 1,28-031662211eff,26.187,%Bird,XXC,off
04/20/2023 00:58:03,Chamber 1,28-031662211eff,26.187,%Bird,XXC,off
04/20/2023 00:58:23,Chamber 1,28-031662211eff,26.187,%Bird,XXC,off
04/20/2023 00:58:43,Chamber 1,28-031662211eff,26.187,%Bird,XXC,off
04/20/2023 00:59:03,Chamber 1,28-031662211eff,26.187,%Bird,XXC,off
04/20/2023 00:59:23,Chamber 1,28-031662211eff,26.187,%Bird,XXC,off
04/20/2023 00:59:43,Chamber 1,28-031662211eff,26.187,%Bird,XXC,off
04/20/2023 01:00:02,Chamber 1,28-031662211eff,26.187,%Bird,XXC,off
04/20/2023 01:00:22,Chamber 1,28-031662211eff,26.187,%Bird,XXC,off
04/20/2023 01:00:42,Chamber 1,28-031662211eff,26.125,%Bird,XXC,off
04/20/2023 01:01:02,Chamber 1,28-031662211eff,26.187,%Bird,XXC,off
04/20/2023 01:01:22,Chamber 1,28-031662211eff,26.187,%Bird,XXC,off
04/20/2023 01:01:42,Chamber 1,28-031662211eff,26.125,%Bird,XXC,off
04/20/2023 01:02:02,Chamber 1,28-031662211eff,26.187,%Bird,XXC,off
04/20/2023 01:02:22,Chamber 1,28-031662211eff,26.125,%Bird,XXC,off
04/20/2023 01:02:42,Chamber 1,28-031662211eff,26.125,%Bird,XXC,off
04/20/2023 01:03:02,Chamber 1,28-031662211eff,26.125,%Bird,XXC,off
04/20/2023 01:03:22,Chamber 1,28-031662211eff,26.125,%Bird,XXC,off
04/20/2023 01:03:42,Chamber 1,28-031662211eff,26.125,%Bird,XXC,off
04/20/2023 01:04:02,Chamber 1,28-031662211eff,26.125,%Bird,XXC,off
04/20/2023 01:04:22,Chamber 1,28-031662211eff,26.125,%Bird,XXC,off
04/20/2023 01:04:42,Chamber 1,28-031662211eff,26.125,%Bird,XXC,off
04/20/2023 01:05:02,Chamber 1,28-031662211eff,26.125,%Bird,XXC,off
04/20/2023 01:05:22,Chamber 1,28-031662211eff,26.125,%Bird,XXC,off
04/20/2023 01:05:42,Chamber 1,28-031662211eff,26.125,%Bird,XXC,off
04/20/2023 01:06:02,Chamber 1,28-031662211eff,26.125,%Bird,XXC,off
04/20/2023 01:06:22,Chamber 1,28-031662211eff,26.125,%Bird,XXC,off
04/20/2023 01:06:42,Chamber 1,28-031662211eff,26.125,%Bird,XXC,off
04/20/2023 01:07:03,Chamber 1,28-031662211eff,26.125,%Bird,XXC,off
04/20/2023 01:07:22,Chamber 1,28-031662211eff,26.125,%Bird,XXC,off
04/20/2023 01:07:42,Chamber 1,28-031662211eff,26.125,%Bird,XXC,off
04/20/2023 01:08:02,Chamber 1,28-031662211eff,26.125,%Bird,XXC,off
04/20/2023 01:08:22,Chamber 1,28-031662211eff,26.125,%Bird,XXC,off
04/20/2023 01:08:42,Chamber 1,28-031662211eff,26.125,%Bird,XXC,off
04/20/2023 01:09:03,Chamber 1,28-031662211eff,26.125,%Bird,XXC,off
04/20/2023 01:09:22,Chamber 1,28-031662211eff,26.125,%Bird,XXC,off
04/20/2023 01:09:42,Chamber 1,28-031662211eff,26.125,%Bird,XXC,off
04/20/2023 01:10:02,Chamber 1,28-031662211eff,26.125,%Bird,XXC,off
04/20/2023 01:10:22,Chamber 1,28-031662211eff,26.125,%Bird,XXC,off
04/20/2023 01:10:42,Chamber 1,28-031662211eff,26.125,%Bird,XXC,off
04/20/2023 01:11:02,Chamber 1,28-031662211eff,26.125,%Bird,XXC,off
04/20/2023 01:11:22,Chamber 1,28-031662211eff,26.125,%Bird,XXC,off
04/20/2023 01:11:42,Chamber 1,28-031662211eff,26.125,%Bird,XXC,off
04/20/2023 01:12:02,Chamber 1,28-031662211eff,26.125,%Bird,XXC,off
04/20/2023 01:12:22,Chamber 1,28-031662211eff,26.125,%Bird,XXC,off
04/20/2023 01:12:42,Chamber 1,28-031662211eff,26.125,%Bird,XXC,off
04/20/2023 01:13:02,Chamber 1,28-031662211eff,26.125,%Bird,XXC,off
04/20/2023 01:13:22,Chamber 1,28-031662211eff,26.125,%Bird,XXC,off
04/20/2023 01:13:42,Chamber 1,28-031662211eff,26.125,%Bird,XXC,off
04/20/2023 01:14:02,Chamber 1,28-031662211eff,26.125,%Bird,XXC,off
04/20/2023 01:14:22,Chamber 1,28-031662211eff,26.125,%Bird,XXC,off
04/20/2023 01:14:42,Chamber 1,28-031662211eff,26.125,%Bird,XXC,off
04/20/2023 01:15:02,Chamber 1,28-031662211eff,26.125,%Bird,XXC,off
04/20/2023 01:15:22,Chamber 1,28-031662211eff,26.125,%Bird,XXC,off
04/20/2023 01:15:42,Chamber 1,28-031662211eff,26.125,%Bird,XXC,off
04/20/2023 01:16:02,Chamber 1,28-031662211eff,26.125,%Bird,XXC,off
04/20/2023 01:16:22,Chamber 1,28-031662211eff,26.125,%Bird,XXC,off
04/20/2023 01:16:42,Chamber 1,28-031662211eff,26.125,%Bird,XXC,off
04/20/2023 01:17:02,Chamber 1,28-031662211eff,26.125,%Bird,XXC,off
04/20/2023 01:17:22,Chamber 1,28-031662211eff,26.125,%Bird,XXC,off
04/20/2023 01:17:42,Chamber 1,28-031662211eff,26.125,%Bird,XXC,off
04/20/2023 01:18:02,Chamber 1,28-031662211eff,26.125,%Bird,XXC,off
04/20/2023 01:18:22,Chamber 1,28-031662211eff,26.125,%Bird,XXC,off
04/20/2023 01:18:42,Chamber 1,28-031662211eff,26.125,%Bird,XXC,off
04/20/2023 01:19:02,Chamber 1,28-031662211eff,26.125,%Bird,XXC,off
04/20/2023 01:19:22,Chamber 1,28-031662211eff,26.125,%Bird,XXC,off
04/20/2023 01:19:42,Chamber 1,28-031662211eff,26.125,%Bird,XXC,off
04/20/2023 01:20:02,Chamber 1,28-031662211eff,26.125,%Bird,XXC,off
04/20/2023 01:20:22,Chamber 1,28-031662211eff,26.062,%Bird,XXC,off
04/20/2023 01:20:42,Chamber 1,28-031662211eff,26.062,%Bird,XXC,off
04/20/2023 01:21:02,Chamber 1,28-031662211eff,26.062,%Bird,XXC,off
04/20/2023 01:21:22,Chamber 1,28-031662211eff,26.062,%Bird,XXC,off
04/20/2023 01:21:42,Chamber 1,28-031662211eff,26.125,%Bird,XXC,off
04/20/2023 01:22:02,Chamber 1,28-031662211eff,26.062,%Bird,XXC,off
04/20/2023 01:22:22,Chamber 1,28-031662211eff,26.062,%Bird,XXC,off
04/20/2023 01:22:42,Chamber 1,28-031662211eff,26.062,%Bird,XXC,off
04/20/2023 01:23:02,Chamber 1,28-031662211eff,26.062,%Bird,XXC,off
04/20/2023 01:23:22,Chamber 1,28-031662211eff,26.062,%Bird,XXC,off
04/20/2023 01:23:42,Chamber 1,28-031662211eff,26.062,%Bird,XXC,off
04/20/2023 01:24:02,Chamber 1,28-031662211eff,26.062,%Bird,XXC,off
04/20/2023 01:24:22,Chamber 1,28-031662211eff,26.062,%Bird,XXC,off
04/20/2023 01:24:42,Chamber 1,28-031662211eff,26.062,%Bird,XXC,off
04/20/2023 01:25:02,Chamber 1,28-031662211eff,26.062,%Bird,XXC,off
04/20/2023 01:25:22,Chamber 1,28-031662211eff,26.062,%Bird,XXC,off
04/20/2023 01:25:42,Chamber 1,28-031662211eff,26.062,%Bird,XXC,off
04/20/2023 01:26:02,Chamber 1,28-031662211eff,26.062,%Bird,XXC,off
04/20/2023 01:26:22,Chamber 1,28-031662211eff,26.062,%Bird,XXC,off
04/20/2023 01:26:42,Chamber 1,28-031662211eff,26.062,%Bird,XXC,off
04/20/2023 01:27:02,Chamber 1,28-031662211eff,26.062,%Bird,XXC,off
04/20/2023 01:27:22,Chamber 1,28-031662211eff,26.062,%Bird,XXC,off
04/20/2023 01:27:42,Chamber 1,28-031662211eff,26.062,%Bird,XXC,off
04/20/2023 01:28:02,Chamber 1,28-031662211eff,26.062,%Bird,XXC,off
04/20/2023 01:28:22,Chamber 1,28-031662211eff,26.062,%Bird,XXC,off
04/20/2023 01:28:42,Chamber 1,28-031662211eff,26.062,%Bird,XXC,off
04/20/2023 01:29:02,Chamber 1,28-031662211eff,26.062,%Bird,XXC,off
04/20/2023 01:29:22,Chamber 1,28-031662211eff,26.062,%Bird,XXC,off
04/20/2023 01:29:42,Chamber 1,28-031662211eff,26.062,%Bird,XXC,off
04/20/2023 01:30:03,Chamber 1,28-031662211eff,26.062,%Bird,XXC,off
04/20/2023 01:30:22,Chamber 1,28-031662211eff,26.062,%Bird,XXC,off
04/20/2023 01:30:42,Chamber 1,28-031662211eff,26.062,%Bird,XXC,off
04/20/2023 01:31:02,Chamber 1,28-031662211eff,26.062,%Bird,XXC,off
04/20/2023 01:31:22,Chamber 1,28-031662211eff,26.062,%Bird,XXC,off
04/20/2023 01:31:42,Chamber 1,28-031662211eff,26.062,%Bird,XXC,off
04/20/2023 01:32:02,Chamber 1,28-031662211eff,26.062,%Bird,XXC,off
04/20/2023 01:32:22,Chamber 1,28-031662211eff,26.062,%Bird,XXC,off
04/20/2023 01:32:42,Chamber 1,28-031662211eff,26.062,%Bird,XXC,off
04/20/2023 01:33:02,Chamber 1,28-031662211eff,26.062,%Bird,XXC,off
04/20/2023 01:33:22,Chamber 1,28-031662211eff,26.062,%Bird,XXC,off
04/20/2023 01:33:42,Chamber 1,28-031662211eff,26.062,%Bird,XXC,off
04/20/2023 01:34:02,Chamber 1,28-031662211eff,26.062,%Bird,XXC,off
04/20/2023 01:34:22,Chamber 1,28-031662211eff,26.062,%Bird,XXC,off
04/20/2023 01:34:42,Chamber 1,28-031662211eff,26.062,%Bird,XXC,off
04/20/2023 01:35:02,Chamber 1,28-031662211eff,26.062,%Bird,XXC,off
04/20/2023 01:35:22,Chamber 1,28-031662211eff,26.062,%Bird,XXC,off
04/20/2023 01:35:42,Chamber 1,28-031662211eff,26.062,%Bird,XXC,off
04/20/2023 01:36:02,Chamber 1,28-031662211eff,26.062,%Bird,XXC,off
04/20/2023 01:36:22,Chamber 1,28-031662211eff,26.062,%Bird,XXC,off
04/20/2023 01:36:42,Chamber 1,28-031662211eff,26.062,%Bird,XXC,off
04/20/2023 01:37:02,Chamber 1,28-031662211eff,26.062,%Bird,XXC,off
04/20/2023 01:37:22,Chamber 1,28-031662211eff,26.062,%Bird,XXC,off
04/20/2023 01:37:42,Chamber 1,28-031662211eff,26.062,%Bird,XXC,off
04/20/2023 01:38:02,Chamber 1,28-031662211eff,26.062,%Bird,XXC,off
04/20/2023 01:38:22,Chamber 1,28-031662211eff,26.062,%Bird,XXC,off
04/20/2023 01:38:42,Chamber 1,28-031662211eff,26.062,%Bird,XXC,off
04/20/2023 01:39:02,Chamber 1,28-031662211eff,26.062,%Bird,XXC,off
04/20/2023 01:39:22,Chamber 1,28-031662211eff,26.062,%Bird,XXC,off
04/20/2023 01:39:42,Chamber 1,28-031662211eff,26.062,%Bird,XXC,off
04/20/2023 01:40:02,Chamber 1,28-031662211eff,26.062,%Bird,XXC,off
04/20/2023 01:40:22,Chamber 1,28-031662211eff,26.062,%Bird,XXC,off
04/20/2023 01:40:42,Chamber 1,28-031662211eff,26.062,%Bird,XXC,off
04/20/2023 01:41:02,Chamber 1,28-031662211eff,26.062,%Bird,XXC,off
04/20/2023 01:41:22,Chamber 1,28-031662211eff,26.062,%Bird,XXC,off
04/20/2023 01:41:42,Chamber 1,28-031662211eff,26.062,%Bird,XXC,off
04/20/2023 01:42:02,Chamber 1,28-031662211eff,26.062,%Bird,XXC,off
04/20/2023 01:42:22,Chamber 1,28-031662211eff,26.062,%Bird,XXC,off
04/20/2023 01:42:42,Chamber 1,28-031662211eff,26.062,%Bird,XXC,off
04/20/2023 01:43:02,Chamber 1,28-031662211eff,26.062,%Bird,XXC,off
04/20/2023 01:43:22,Chamber 1,28-031662211eff,26.062,%Bird,XXC,off
04/20/2023 01:43:42,Chamber 1,28-031662211eff,26.062,%Bird,XXC,off
04/20/2023 01:44:02,Chamber 1,28-031662211eff,26.062,%Bird,XXC,off
04/20/2023 01:44:22,Chamber 1,28-031662211eff,26.062,%Bird,XXC,off
04/20/2023 01:44:42,Chamber 1,28-031662211eff,26.062,%Bird,XXC,off
04/20/2023 01:45:02,Chamber 1,28-031662211eff,26.062,%Bird,XXC,off
04/20/2023 01:45:22,Chamber 1,28-031662211eff,26.062,%Bird,XXC,off
04/20/2023 01:45:42,Chamber 1,28-031662211eff,26.062,%Bird,XXC,off
04/20/2023 01:46:02,Chamber 1,28-031662211eff,26.062,%Bird,XXC,off
04/20/2023 01:46:22,Chamber 1,28-031662211eff,26.062,%Bird,XXC,off
04/20/2023 01:46:42,Chamber 1,28-031662211eff,26.062,%Bird,XXC,off
04/20/2023 01:47:02,Chamber 1,28-031662211eff,26.062,%Bird,XXC,off
04/20/2023 01:47:22,Chamber 1,28-031662211eff,26.062,%Bird,XXC,off
04/20/2023 01:47:42,Chamber 1,28-031662211eff,26.062,%Bird,XXC,off
04/20/2023 01:48:04,Chamber 1,28-031662211eff,26.062,%Bird,XXC,off
04/20/2023 01:48:22,Chamber 1,28-031662211eff,26.062,%Bird,XXC,off
04/20/2023 01:48:42,Chamber 1,28-031662211eff,26.062,%Bird,XXC,off
04/20/2023 01:49:02,Chamber 1,28-031662211eff,26.062,%Bird,XXC,off
04/20/2023 01:49:22,Chamber 1,28-031662211eff,26.062,%Bird,XXC,off
04/20/2023 01:49:43,Chamber 1,28-031662211eff,26.062,%Bird,XXC,off
04/20/2023 01:50:02,Chamber 1,28-031662211eff,26.062,%Bird,XXC,off
04/20/2023 01:50:22,Chamber 1,28-031662211eff,26.062,%Bird,XXC,off
04/20/2023 01:50:42,Chamber 1,28-031662211eff,26.062,%Bird,XXC,off
04/20/2023 01:51:02,Chamber 1,28-031662211eff,26.062,%Bird,XXC,off
04/20/2023 01:51:22,Chamber 1,28-031662211eff,26.062,%Bird,XXC,off
04/20/2023 01:51:42,Chamber 1,28-031662211eff,26.062,%Bird,XXC,off
04/20/2023 01:52:02,Chamber 1,28-031662211eff,26.062,%Bird,XXC,off
04/20/2023 01:52:22,Chamber 1,28-031662211eff,26.062,%Bird,XXC,off
04/20/2023 01:52:42,Chamber 1,28-031662211eff,26.062,%Bird,XXC,off
04/20/2023 01:53:02,Chamber 1,28-031662211eff,26.062,%Bird,XXC,off
04/20/2023 01:53:22,Chamber 1,28-031662211eff,26.062,%Bird,XXC,off
04/20/2023 01:53:42,Chamber 1,28-031662211eff,26.062,%Bird,XXC,off
04/20/2023 01:54:02,Chamber 1,28-031662211eff,26.062,%Bird,XXC,off
04/20/2023 01:54:22,Chamber 1,28-031662211eff,26.062,%Bird,XXC,off
04/20/2023 01:54:42,Chamber 1,28-031662211eff,26.062,%Bird,XXC,off
04/20/2023 01:55:02,Chamber 1,28-031662211eff,26.062,%Bird,XXC,off
04/20/2023 01:55:22,Chamber 1,28-031662211eff,26.062,%Bird,XXC,off
04/20/2023 01:55:42,Chamber 1,28-031662211eff,26.062,%Bird,XXC,off
04/20/2023 01:56:02,Chamber 1,28-031662211eff,26.062,%Bird,XXC,off
04/20/2023 01:56:22,Chamber 1,28-031662211eff,26.062,%Bird,XXC,off
04/20/2023 01:56:42,Chamber 1,28-031662211eff,26.062,%Bird,XXC,off
04/20/2023 01:57:02,Chamber 1,28-031662211eff,26.062,%Bird,XXC,off
04/20/2023 01:57:22,Chamber 1,28-031662211eff,26.062,%Bird,XXC,off
04/20/2023 01:57:42,Chamber 1,28-031662211eff,26.062,%Bird,XXC,off
04/20/2023 01:58:02,Chamber 1,28-031662211eff,26.062,%Bird,XXC,off
04/20/2023 01:58:22,Chamber 1,28-031662211eff,26.062,%Bird,XXC,off
04/20/2023 01:58:42,Chamber 1,28-031662211eff,26.062,%Bird,XXC,off
04/20/2023 01:59:02,Chamber 1,28-031662211eff,26.062,%Bird,XXC,off
04/20/2023 01:59:22,Chamber 1,28-031662211eff,26.062,%Bird,XXC,off
04/20/2023 01:59:42,Chamber 1,28-031662211eff,26.062,%Bird,XXC,off
04/20/2023 02:00:03,Chamber 1,28-031662211eff,26.062,%Bird,XXC,off
04/20/2023 02:00:23,Chamber 1,28-031662211eff,26.062,%Bird,XXC,off
04/20/2023 02:00:43,Chamber 1,28-031662211eff,26.062,%Bird,XXC,off
04/20/2023 02:01:03,Chamber 1,28-031662211eff,26.062,%Bird,XXC,off
04/20/2023 02:01:23,Chamber 1,28-031662211eff,26.062,%Bird,XXC,off
04/20/2023 02:01:43,Chamber 1,28-031662211eff,26.062,%Bird,XXC,off
04/20/2023 02:02:03,Chamber 1,28-031662211eff,26.062,%Bird,XXC,off
04/20/2023 02:02:23,Chamber 1,28-031662211eff,26.062,%Bird,XXC,off
04/20/2023 02:02:43,Chamber 1,28-031662211eff,26.062,%Bird,XXC,off
04/20/2023 02:03:03,Chamber 1,28-031662211eff,26.062,%Bird,XXC,off
04/20/2023 02:03:23,Chamber 1,28-031662211eff,26.062,%Bird,XXC,off
04/20/2023 02:03:43,Chamber 1,28-031662211eff,26.062,%Bird,XXC,off
04/20/2023 02:04:03,Chamber 1,28-031662211eff,26.062,%Bird,XXC,off
04/20/2023 02:04:23,Chamber 1,28-031662211eff,26.062,%Bird,XXC,off
04/20/2023 02:04:43,Chamber 1,28-031662211eff,26.062,%Bird,XXC,off
04/20/2023 02:05:03,Chamber 1,28-031662211eff,26.062,%Bird,XXC,off
04/20/2023 02:05:23,Chamber 1,28-031662211eff,26.062,%Bird,XXC,off
04/20/2023 02:05:43,Chamber 1,28-031662211eff,26.062,%Bird,XXC,off
04/20/2023 02:06:03,Chamber 1,28-031662211eff,26.062,%Bird,XXC,off
04/20/2023 02:06:23,Chamber 1,28-031662211eff,26.062,%Bird,XXC,off
04/20/2023 02:06:43,Chamber 1,28-031662211eff,26.062,%Bird,XXC,off
04/20/2023 02:07:03,Chamber 1,28-031662211eff,26.062,%Bird,XXC,off
04/20/2023 02:07:22,Chamber 1,28-031662211eff,26.062,%Bird,XXC,off
04/20/2023 02:07:43,Chamber 1,28-031662211eff,26.062,%Bird,XXC,off
04/20/2023 02:08:03,Chamber 1,28-031662211eff,26.062,%Bird,XXC,off
04/20/2023 02:08:23,Chamber 1,28-031662211eff,26.062,%Bird,XXC,off
04/20/2023 02:08:43,Chamber 1,28-031662211eff,26.062,%Bird,XXC,off
04/20/2023 02:09:03,Chamber 1,28-031662211eff,26.062,%Bird,XXC,off
04/20/2023 02:09:23,Chamber 1,28-031662211eff,26.062,%Bird,XXC,off
04/20/2023 02:09:42,Chamber 1,28-031662211eff,26.062,%Bird,XXC,off
04/20/2023 02:10:03,Chamber 1,28-031662211eff,26.062,%Bird,XXC,off
04/20/2023 02:10:22,Chamber 1,28-031662211eff,26.062,%Bird,XXC,off
04/20/2023 02:10:43,Chamber 1,28-031662211eff,26.062,%Bird,XXC,off
04/20/2023 02:11:03,Chamber 1,28-031662211eff,26.062,%Bird,XXC,off
04/20/2023 02:11:23,Chamber 1,28-031662211eff,26.062,%Bird,XXC,off
04/20/2023 02:11:43,Chamber 1,28-031662211eff,26.062,%Bird,XXC,off
04/20/2023 02:12:03,Chamber 1,28-031662211eff,26.062,%Bird,XXC,off
04/20/2023 02:12:23,Chamber 1,28-031662211eff,26.062,%Bird,XXC,off
04/20/2023 02:12:43,Chamber 1,28-031662211eff,26.062,%Bird,XXC,off
04/20/2023 02:13:02,Chamber 1,28-031662211eff,26.062,%Bird,XXC,off
04/20/2023 02:13:23,Chamber 1,28-031662211eff,26.062,%Bird,XXC,off
04/20/2023 02:13:43,Chamber 1,28-031662211eff,26.062,%Bird,XXC,off
04/20/2023 02:14:03,Chamber 1,28-031662211eff,26.062,%Bird,XXC,off
04/20/2023 02:14:22,Chamber 1,28-031662211eff,26.0,%Bird,XXC,off
04/20/2023 02:14:43,Chamber 1,28-031662211eff,26.0,%Bird,XXC,off
04/20/2023 02:15:03,Chamber 1,28-031662211eff,26.0,%Bird,XXC,off
04/20/2023 02:15:23,Chamber 1,28-031662211eff,26.0,%Bird,XXC,off
04/20/2023 02:15:43,Chamber 1,28-031662211eff,26.0,%Bird,XXC,off
04/20/2023 02:16:02,Chamber 1,28-031662211eff,26.0,%Bird,XXC,off
04/20/2023 02:16:23,Chamber 1,28-031662211eff,26.0,%Bird,XXC,off
04/20/2023 02:16:43,Chamber 1,28-031662211eff,26.0,%Bird,XXC,off
04/20/2023 02:17:03,Chamber 1,28-031662211eff,26.0,%Bird,XXC,off
04/20/2023 02:17:23,Chamber 1,28-031662211eff,26.0,%Bird,XXC,off
04/20/2023 02:17:43,Chamber 1,28-031662211eff,26.0,%Bird,XXC,off
04/20/2023 02:18:03,Chamber 1,28-031662211eff,26.0,%Bird,XXC,off
04/20/2023 02:18:23,Chamber 1,28-031662211eff,26.0,%Bird,XXC,off
04/20/2023 02:18:43,Chamber 1,28-031662211eff,26.0,%Bird,XXC,off
04/20/2023 02:19:03,Chamber 1,28-031662211eff,26.0,%Bird,XXC,off
04/20/2023 02:19:23,Chamber 1,28-031662211eff,26.0,%Bird,XXC,off
04/20/2023 02:19:43,Chamber 1,28-031662211eff,26.0,%Bird,XXC,off
04/20/2023 02:20:03,Chamber 1,28-031662211eff,26.0,%Bird,XXC,off
04/20/2023 02:20:23,Chamber 1,28-031662211eff,26.0,%Bird,XXC,off
04/20/2023 02:20:43,Chamber 1,28-031662211eff,26.0,%Bird,XXC,off
04/20/2023 02:21:02,Chamber 1,28-031662211eff,26.0,%Bird,XXC,off
04/20/2023 02:21:23,Chamber 1,28-031662211eff,26.0,%Bird,XXC,off
04/20/2023 02:21:43,Chamber 1,28-031662211eff,26.0,%Bird,XXC,off
04/20/2023 02:22:03,Chamber 1,28-031662211eff,26.0,%Bird,XXC,off
04/20/2023 02:22:24,Chamber 1,28-031662211eff,26.0,%Bird,XXC,off
04/20/2023 02:22:43,Chamber 1,28-031662211eff,26.0,%Bird,XXC,off
04/20/2023 02:23:03,Chamber 1,28-031662211eff,26.0,%Bird,XXC,off
04/20/2023 02:23:23,Chamber 1,28-031662211eff,26.0,%Bird,XXC,off
04/20/2023 02:23:43,Chamber 1,28-031662211eff,26.0,%Bird,XXC,off
04/20/2023 02:24:03,Chamber 1,28-031662211eff,26.0,%Bird,XXC,off
04/20/2023 02:24:23,Chamber 1,28-031662211eff,26.0,%Bird,XXC,off
04/20/2023 02:24:42,Chamber 1,28-031662211eff,26.0,%Bird,XXC,off
04/20/2023 02:25:03,Chamber 1,28-031662211eff,26.0,%Bird,XXC,off
04/20/2023 02:25:23,Chamber 1,28-031662211eff,26.0,%Bird,XXC,off
04/20/2023 02:25:43,Chamber 1,28-031662211eff,26.0,%Bird,XXC,off
04/20/2023 02:26:03,Chamber 1,28-031662211eff,26.0,%Bird,XXC,off
04/20/2023 02:26:23,Chamber 1,28-031662211eff,26.0,%Bird,XXC,off
04/20/2023 02:26:43,Chamber 1,28-031662211eff,26.0,%Bird,XXC,off
04/20/2023 02:27:02,Chamber 1,28-031662211eff,26.0,%Bird,XXC,off
04/20/2023 02:27:23,Chamber 1,28-031662211eff,26.0,%Bird,XXC,off
04/20/2023 02:27:43,Chamber 1,28-031662211eff,26.0,%Bird,XXC,off
04/20/2023 02:28:03,Chamber 1,28-031662211eff,26.0,%Bird,XXC,off
04/20/2023 02:28:23,Chamber 1,28-031662211eff,26.0,%Bird,XXC,off
04/20/2023 02:28:43,Chamber 1,28-031662211eff,26.0,%Bird,XXC,off
04/20/2023 02:29:03,Chamber 1,28-031662211eff,26.0,%Bird,XXC,off
04/20/2023 02:29:23,Chamber 1,28-031662211eff,26.0,%Bird,XXC,off
04/20/2023 02:29:43,Chamber 1,28-031662211eff,26.0,%Bird,XXC,off
04/20/2023 02:30:03,Chamber 1,28-031662211eff,26.0,%Bird,XXC,off
04/20/2023 02:30:23,Chamber 1,28-031662211eff,26.0,%Bird,XXC,off
04/20/2023 02:30:43,Chamber 1,28-031662211eff,26.0,%Bird,XXC,off
04/20/2023 02:31:03,Chamber 1,28-031662211eff,26.0,%Bird,XXC,off
04/20/2023 02:31:23,Chamber 1,28-031662211eff,26.0,%Bird,XXC,off
04/20/2023 02:31:43,Chamber 1,28-031662211eff,26.0,%Bird,XXC,off
04/20/2023 02:32:02,Chamber 1,28-031662211eff,26.0,%Bird,XXC,off
04/20/2023 02:32:23,Chamber 1,28-031662211eff,26.0,%Bird,XXC,off
04/20/2023 02:32:43,Chamber 1,28-031662211eff,26.0,%Bird,XXC,off
04/20/2023 02:33:03,Chamber 1,28-031662211eff,25.937,%Bird,XXC,off
04/20/2023 02:33:22,Chamber 1,28-031662211eff,25.937,%Bird,XXC,off
04/20/2023 02:33:43,Chamber 1,28-031662211eff,26.0,%Bird,XXC,off
04/20/2023 02:34:03,Chamber 1,28-031662211eff,26.0,%Bird,XXC,off
04/20/2023 02:34:23,Chamber 1,28-031662211eff,25.937,%Bird,XXC,off
04/20/2023 02:34:43,Chamber 1,28-031662211eff,25.937,%Bird,XXC,off
04/20/2023 02:35:03,Chamber 1,28-031662211eff,25.937,%Bird,XXC,off
04/20/2023 02:35:23,Chamber 1,28-031662211eff,25.937,%Bird,XXC,off
04/20/2023 02:35:43,Chamber 1,28-031662211eff,25.937,%Bird,XXC,off
04/20/2023 02:36:02,Chamber 1,28-031662211eff,25.937,%Bird,XXC,off
04/20/2023 02:36:23,Chamber 1,28-031662211eff,25.937,%Bird,XXC,off
04/20/2023 02:36:43,Chamber 1,28-031662211eff,25.937,%Bird,XXC,off
04/20/2023 02:37:03,Chamber 1,28-031662211eff,25.937,%Bird,XXC,off
04/20/2023 02:37:23,Chamber 1,28-031662211eff,25.937,%Bird,XXC,off
04/20/2023 02:37:43,Chamber 1,28-031662211eff,25.937,%Bird,XXC,off
04/20/2023 02:38:03,Chamber 1,28-031662211eff,25.937,%Bird,XXC,off
04/20/2023 02:38:22,Chamber 1,28-031662211eff,25.937,%Bird,XXC,off
04/20/2023 02:38:43,Chamber 1,28-031662211eff,25.937,%Bird,XXC,off
04/20/2023 02:39:03,Chamber 1,28-031662211eff,25.937,%Bird,XXC,off
04/20/2023 02:39:23,Chamber 1,28-031662211eff,25.937,%Bird,XXC,off
04/20/2023 02:39:43,Chamber 1,28-031662211eff,25.937,%Bird,XXC,off
04/20/2023 02:40:03,Chamber 1,28-031662211eff,25.937,%Bird,XXC,off
04/20/2023 02:40:23,Chamber 1,28-031662211eff,25.937,%Bird,XXC,off
04/20/2023 02:40:43,Chamber 1,28-031662211eff,25.937,%Bird,XXC,off
04/20/2023 02:41:03,Chamber 1,28-031662211eff,25.937,%Bird,XXC,off
04/20/2023 02:41:23,Chamber 1,28-031662211eff,25.937,%Bird,XXC,off
04/20/2023 02:41:43,Chamber 1,28-031662211eff,25.937,%Bird,XXC,off
04/20/2023 02:42:03,Chamber 1,28-031662211eff,25.937,%Bird,XXC,off
04/20/2023 02:42:23,Chamber 1,28-031662211eff,25.937,%Bird,XXC,off
04/20/2023 02:42:43,Chamber 1,28-031662211eff,25.937,%Bird,XXC,off
04/20/2023 02:43:03,Chamber 1,28-031662211eff,25.937,%Bird,XXC,off
04/20/2023 02:43:23,Chamber 1,28-031662211eff,25.937,%Bird,XXC,off
04/20/2023 02:43:43,Chamber 1,28-031662211eff,25.937,%Bird,XXC,off
04/20/2023 02:44:03,Chamber 1,28-031662211eff,25.937,%Bird,XXC,off
04/20/2023 02:44:23,Chamber 1,28-031662211eff,25.937,%Bird,XXC,off
04/20/2023 02:44:43,Chamber 1,28-031662211eff,25.937,%Bird,XXC,off
04/20/2023 02:45:03,Chamber 1,28-031662211eff,25.937,%Bird,XXC,off
04/20/2023 02:45:23,Chamber 1,28-031662211eff,25.937,%Bird,XXC,off
04/20/2023 02:45:43,Chamber 1,28-031662211eff,25.937,%Bird,XXC,off
04/20/2023 02:46:03,Chamber 1,28-031662211eff,25.937,%Bird,XXC,off
04/20/2023 02:46:23,Chamber 1,28-031662211eff,25.937,%Bird,XXC,off
04/20/2023 02:46:43,Chamber 1,28-031662211eff,25.937,%Bird,XXC,off
04/20/2023 02:47:03,Chamber 1,28-031662211eff,25.937,%Bird,XXC,off
04/20/2023 02:47:23,Chamber 1,28-031662211eff,25.937,%Bird,XXC,off
04/20/2023 02:47:43,Chamber 1,28-031662211eff,25.937,%Bird,XXC,off
04/20/2023 02:48:03,Chamber 1,28-031662211eff,25.937,%Bird,XXC,off
04/20/2023 02:48:23,Chamber 1,28-031662211eff,25.937,%Bird,XXC,off
04/20/2023 02:48:43,Chamber 1,28-031662211eff,25.937,%Bird,XXC,off
04/20/2023 02:49:03,Chamber 1,28-031662211eff,25.937,%Bird,XXC,off
04/20/2023 02:49:23,Chamber 1,28-031662211eff,25.937,%Bird,XXC,off
04/20/2023 02:49:43,Chamber 1,28-031662211eff,25.937,%Bird,XXC,off
04/20/2023 02:50:03,Chamber 1,28-031662211eff,25.937,%Bird,XXC,off
04/20/2023 02:50:23,Chamber 1,28-031662211eff,25.937,%Bird,XXC,off
04/20/2023 02:50:43,Chamber 1,28-031662211eff,25.937,%Bird,XXC,off
04/20/2023 02:51:03,Chamber 1,28-031662211eff,25.937,%Bird,XXC,off
04/20/2023 02:51:23,Chamber 1,28-031662211eff,25.937,%Bird,XXC,off
04/20/2023 02:51:43,Chamber 1,28-031662211eff,25.937,%Bird,XXC,off
04/20/2023 02:52:03,Chamber 1,28-031662211eff,25.937,%Bird,XXC,off
04/20/2023 02:52:23,Chamber 1,28-031662211eff,25.937,%Bird,XXC,off
04/20/2023 02:52:43,Chamber 1,28-031662211eff,25.875,%Bird,XXC,off
04/20/2023 02:53:03,Chamber 1,28-031662211eff,25.875,%Bird,XXC,off
04/20/2023 02:53:23,Chamber 1,28-031662211eff,25.875,%Bird,XXC,off
04/20/2023 02:53:43,Chamber 1,28-031662211eff,25.875,%Bird,XXC,off
04/20/2023 02:54:03,Chamber 1,28-031662211eff,25.875,%Bird,XXC,off
04/20/2023 02:54:23,Chamber 1,28-031662211eff,25.875,%Bird,XXC,off
04/20/2023 02:54:43,Chamber 1,28-031662211eff,25.875,%Bird,XXC,off
04/20/2023 02:55:03,Chamber 1,28-031662211eff,25.875,%Bird,XXC,off
04/20/2023 02:55:23,Chamber 1,28-031662211eff,25.875,%Bird,XXC,off
04/20/2023 02:55:42,Chamber 1,28-031662211eff,25.875,%Bird,XXC,off
04/20/2023 02:56:03,Chamber 1,28-031662211eff,25.875,%Bird,XXC,off
04/20/2023 02:56:23,Chamber 1,28-031662211eff,25.875,%Bird,XXC,off
04/20/2023 02:56:43,Chamber 1,28-031662211eff,25.875,%Bird,XXC,off
04/20/2023 02:57:03,Chamber 1,28-031662211eff,25.875,%Bird,XXC,off
04/20/2023 02:57:23,Chamber 1,28-031662211eff,25.875,%Bird,XXC,off
04/20/2023 02:57:43,Chamber 1,28-031662211eff,25.875,%Bird,XXC,off
04/20/2023 02:58:03,Chamber 1,28-031662211eff,25.875,%Bird,XXC,off
04/20/2023 02:58:22,Chamber 1,28-031662211eff,25.875,%Bird,XXC,off
04/20/2023 02:58:43,Chamber 1,28-031662211eff,25.875,%Bird,XXC,off
04/20/2023 02:59:03,Chamber 1,28-031662211eff,25.875,%Bird,XXC,off
04/20/2023 02:59:23,Chamber 1,28-031662211eff,25.875,%Bird,XXC,off
04/20/2023 02:59:43,Chamber 1,28-031662211eff,25.875,%Bird,XXC,off
04/20/2023 03:00:02,Chamber 1,28-031662211eff,25.875,%Bird,XXC,off
04/20/2023 03:00:22,Chamber 1,28-031662211eff,25.875,%Bird,XXC,off
04/20/2023 03:00:42,Chamber 1,28-031662211eff,25.875,%Bird,XXC,off
04/20/2023 03:01:02,Chamber 1,28-031662211eff,25.875,%Bird,XXC,off
04/20/2023 03:01:22,Chamber 1,28-031662211eff,25.875,%Bird,XXC,off
04/20/2023 03:01:42,Chamber 1,28-031662211eff,25.875,%Bird,XXC,off
04/20/2023 03:02:02,Chamber 1,28-031662211eff,25.875,%Bird,XXC,off
04/20/2023 03:02:22,Chamber 1,28-031662211eff,25.875,%Bird,XXC,off
04/20/2023 03:02:42,Chamber 1,28-031662211eff,25.875,%Bird,XXC,off
04/20/2023 03:03:02,Chamber 1,28-031662211eff,25.875,%Bird,XXC,off
04/20/2023 03:03:22,Chamber 1,28-031662211eff,25.875,%Bird,XXC,off
04/20/2023 03:03:42,Chamber 1,28-031662211eff,25.875,%Bird,XXC,off
04/20/2023 03:04:02,Chamber 1,28-031662211eff,25.875,%Bird,XXC,off
04/20/2023 03:04:22,Chamber 1,28-031662211eff,25.875,%Bird,XXC,off
04/20/2023 03:04:42,Chamber 1,28-031662211eff,25.875,%Bird,XXC,off
04/20/2023 03:05:02,Chamber 1,28-031662211eff,25.875,%Bird,XXC,off
04/20/2023 03:05:22,Chamber 1,28-031662211eff,25.875,%Bird,XXC,off
04/20/2023 03:05:42,Chamber 1,28-031662211eff,25.875,%Bird,XXC,off
04/20/2023 03:06:02,Chamber 1,28-031662211eff,25.875,%Bird,XXC,off
04/20/2023 03:06:22,Chamber 1,28-031662211eff,25.875,%Bird,XXC,off
04/20/2023 03:06:42,Chamber 1,28-031662211eff,25.875,%Bird,XXC,off
04/20/2023 03:07:02,Chamber 1,28-031662211eff,25.875,%Bird,XXC,off
04/20/2023 03:07:22,Chamber 1,28-031662211eff,25.875,%Bird,XXC,off
04/20/2023 03:07:42,Chamber 1,28-031662211eff,25.875,%Bird,XXC,off
04/20/2023 03:08:02,Chamber 1,28-031662211eff,25.875,%Bird,XXC,off
04/20/2023 03:08:22,Chamber 1,28-031662211eff,25.875,%Bird,XXC,off
04/20/2023 03:08:42,Chamber 1,28-031662211eff,25.875,%Bird,XXC,off
04/20/2023 03:09:02,Chamber 1,28-031662211eff,25.875,%Bird,XXC,off
04/20/2023 03:09:22,Chamber 1,28-031662211eff,25.875,%Bird,XXC,off
04/20/2023 03:09:42,Chamber 1,28-031662211eff,25.875,%Bird,XXC,off
04/20/2023 03:10:02,Chamber 1,28-031662211eff,25.875,%Bird,XXC,off
04/20/2023 03:10:22,Chamber 1,28-031662211eff,25.875,%Bird,XXC,off
04/20/2023 03:10:42,Chamber 1,28-031662211eff,25.875,%Bird,XXC,off
04/20/2023 03:11:02,Chamber 1,28-031662211eff,25.875,%Bird,XXC,off
04/20/2023 03:11:23,Chamber 1,28-031662211eff,25.875,%Bird,XXC,off
04/20/2023 03:11:42,Chamber 1,28-031662211eff,25.875,%Bird,XXC,off
04/20/2023 03:12:02,Chamber 1,28-031662211eff,25.875,%Bird,XXC,off
04/20/2023 03:12:22,Chamber 1,28-031662211eff,25.875,%Bird,XXC,off
04/20/2023 03:12:42,Chamber 1,28-031662211eff,25.875,%Bird,XXC,off
04/20/2023 03:13:02,Chamber 1,28-031662211eff,25.875,%Bird,XXC,off
04/20/2023 03:13:22,Chamber 1,28-031662211eff,25.875,%Bird,XXC,off
04/20/2023 03:13:42,Chamber 1,28-031662211eff,25.875,%Bird,XXC,off
04/20/2023 03:14:02,Chamber 1,28-031662211eff,25.875,%Bird,XXC,off
04/20/2023 03:14:22,Chamber 1,28-031662211eff,25.875,%Bird,XXC,off
04/20/2023 03:14:42,Chamber 1,28-031662211eff,25.875,%Bird,XXC,off
04/20/2023 03:15:02,Chamber 1,28-031662211eff,25.875,%Bird,XXC,off
04/20/2023 03:15:22,Chamber 1,28-031662211eff,25.812,%Bird,XXC,off
04/20/2023 03:15:42,Chamber 1,28-031662211eff,25.812,%Bird,XXC,off
04/20/2023 03:16:02,Chamber 1,28-031662211eff,25.812,%Bird,XXC,off
04/20/2023 03:16:22,Chamber 1,28-031662211eff,25.812,%Bird,XXC,off
04/20/2023 03:16:42,Chamber 1,28-031662211eff,25.812,%Bird,XXC,off
04/20/2023 03:17:02,Chamber 1,28-031662211eff,25.812,%Bird,XXC,off
04/20/2023 03:17:22,Chamber 1,28-031662211eff,25.812,%Bird,XXC,off
04/20/2023 03:17:43,Chamber 1,28-031662211eff,25.875,%Bird,XXC,off
04/20/2023 03:18:02,Chamber 1,28-031662211eff,25.812,%Bird,XXC,off
04/20/2023 03:18:22,Chamber 1,28-031662211eff,25.812,%Bird,XXC,off
04/20/2023 03:18:42,Chamber 1,28-031662211eff,25.812,%Bird,XXC,off
04/20/2023 03:19:02,Chamber 1,28-031662211eff,25.812,%Bird,XXC,off
04/20/2023 03:19:22,Chamber 1,28-031662211eff,25.812,%Bird,XXC,off
04/20/2023 03:19:42,Chamber 1,28-031662211eff,25.812,%Bird,XXC,off
04/20/2023 03:20:02,Chamber 1,28-031662211eff,25.812,%Bird,XXC,off
04/20/2023 03:20:22,Chamber 1,28-031662211eff,25.812,%Bird,XXC,off
04/20/2023 03:20:42,Chamber 1,28-031662211eff,25.875,%Bird,XXC,off
04/20/2023 03:21:02,Chamber 1,28-031662211eff,25.812,%Bird,XXC,off
04/20/2023 03:21:22,Chamber 1,28-031662211eff,25.812,%Bird,XXC,off
04/20/2023 03:21:42,Chamber 1,28-031662211eff,25.812,%Bird,XXC,off
04/20/2023 03:22:02,Chamber 1,28-031662211eff,25.812,%Bird,XXC,off
04/20/2023 03:22:22,Chamber 1,28-031662211eff,25.812,%Bird,XXC,off
04/20/2023 03:22:42,Chamber 1,28-031662211eff,25.812,%Bird,XXC,off
04/20/2023 03:23:02,Chamber 1,28-031662211eff,25.812,%Bird,XXC,off
04/20/2023 03:23:22,Chamber 1,28-031662211eff,25.812,%Bird,XXC,off
04/20/2023 03:23:42,Chamber 1,28-031662211eff,25.812,%Bird,XXC,off
04/20/2023 03:24:02,Chamber 1,28-031662211eff,25.812,%Bird,XXC,off
04/20/2023 03:24:22,Chamber 1,28-031662211eff,25.812,%Bird,XXC,off
04/20/2023 03:24:42,Chamber 1,28-031662211eff,25.812,%Bird,XXC,off
04/20/2023 03:25:02,Chamber 1,28-031662211eff,25.812,%Bird,XXC,off
04/20/2023 03:25:22,Chamber 1,28-031662211eff,25.812,%Bird,XXC,off
04/20/2023 03:25:42,Chamber 1,28-031662211eff,25.812,%Bird,XXC,off
04/20/2023 03:26:02,Chamber 1,28-031662211eff,25.812,%Bird,XXC,off
04/20/2023 03:26:22,Chamber 1,28-031662211eff,25.812,%Bird,XXC,off
04/20/2023 03:26:42,Chamber 1,28-031662211eff,25.812,%Bird,XXC,off
04/20/2023 03:27:02,Chamber 1,28-031662211eff,25.812,%Bird,XXC,off
04/20/2023 03:27:22,Chamber 1,28-031662211eff,25.812,%Bird,XXC,off
04/20/2023 03:27:42,Chamber 1,28-031662211eff,25.812,%Bird,XXC,off
04/20/2023 03:28:02,Chamber 1,28-031662211eff,25.812,%Bird,XXC,off
04/20/2023 03:28:22,Chamber 1,28-031662211eff,25.812,%Bird,XXC,off
04/20/2023 03:28:42,Chamber 1,28-031662211eff,25.812,%Bird,XXC,off
04/20/2023 03:29:02,Chamber 1,28-031662211eff,25.812,%Bird,XXC,off
04/20/2023 03:29:22,Chamber 1,28-031662211eff,25.812,%Bird,XXC,off
04/20/2023 03:29:42,Chamber 1,28-031662211eff,25.812,%Bird,XXC,off
04/20/2023 03:30:02,Chamber 1,28-031662211eff,25.812,%Bird,XXC,off
04/20/2023 03:30:22,Chamber 1,28-031662211eff,25.812,%Bird,XXC,off
04/20/2023 03:30:42,Chamber 1,28-031662211eff,25.812,%Bird,XXC,off
04/20/2023 03:31:02,Chamber 1,28-031662211eff,25.812,%Bird,XXC,off
04/20/2023 03:31:22,Chamber 1,28-031662211eff,25.812,%Bird,XXC,off
04/20/2023 03:31:42,Chamber 1,28-031662211eff,25.812,%Bird,XXC,off
04/20/2023 03:32:02,Chamber 1,28-031662211eff,25.812,%Bird,XXC,off
04/20/2023 03:32:22,Chamber 1,28-031662211eff,25.812,%Bird,XXC,off
04/20/2023 03:32:42,Chamber 1,28-031662211eff,25.812,%Bird,XXC,off
04/20/2023 03:33:02,Chamber 1,28-031662211eff,25.812,%Bird,XXC,off
04/20/2023 03:33:22,Chamber 1,28-031662211eff,25.812,%Bird,XXC,off
04/20/2023 03:33:42,Chamber 1,28-031662211eff,25.812,%Bird,XXC,off
04/20/2023 03:34:02,Chamber 1,28-031662211eff,25.812,%Bird,XXC,off
04/20/2023 03:34:22,Chamber 1,28-031662211eff,25.812,%Bird,XXC,off
04/20/2023 03:34:42,Chamber 1,28-031662211eff,25.812,%Bird,XXC,off
04/20/2023 03:35:02,Chamber 1,28-031662211eff,25.812,%Bird,XXC,off
04/20/2023 03:35:22,Chamber 1,28-031662211eff,25.812,%Bird,XXC,off
04/20/2023 03:35:42,Chamber 1,28-031662211eff,25.812,%Bird,XXC,off
04/20/2023 03:36:02,Chamber 1,28-031662211eff,25.812,%Bird,XXC,off
04/20/2023 03:36:22,Chamber 1,28-031662211eff,25.812,%Bird,XXC,off
04/20/2023 03:36:42,Chamber 1,28-031662211eff,25.812,%Bird,XXC,off
04/20/2023 03:37:02,Chamber 1,28-031662211eff,25.812,%Bird,XXC,off
04/20/2023 03:37:22,Chamber 1,28-031662211eff,25.812,%Bird,XXC,off
04/20/2023 03:37:42,Chamber 1,28-031662211eff,25.812,%Bird,XXC,off
04/20/2023 03:38:02,Chamber 1,28-031662211eff,25.812,%Bird,XXC,off
04/20/2023 03:38:22,Chamber 1,28-031662211eff,25.812,%Bird,XXC,off
04/20/2023 03:38:43,Chamber 1,28-031662211eff,25.812,%Bird,XXC,off
04/20/2023 03:39:02,Chamber 1,28-031662211eff,25.812,%Bird,XXC,off
04/20/2023 03:39:22,Chamber 1,28-031662211eff,25.812,%Bird,XXC,off
04/20/2023 03:39:42,Chamber 1,28-031662211eff,25.812,%Bird,XXC,off
04/20/2023 03:40:02,Chamber 1,28-031662211eff,25.812,%Bird,XXC,off
04/20/2023 03:40:23,Chamber 1,28-031662211eff,25.812,%Bird,XXC,off
04/20/2023 03:40:42,Chamber 1,28-031662211eff,25.812,%Bird,XXC,off
04/20/2023 03:41:02,Chamber 1,28-031662211eff,25.812,%Bird,XXC,off
04/20/2023 03:41:23,Chamber 1,28-031662211eff,25.812,%Bird,XXC,off
04/20/2023 03:41:42,Chamber 1,28-031662211eff,25.812,%Bird,XXC,off
04/20/2023 03:42:02,Chamber 1,28-031662211eff,25.812,%Bird,XXC,off
04/20/2023 03:42:22,Chamber 1,28-031662211eff,25.812,%Bird,XXC,off
04/20/2023 03:42:42,Chamber 1,28-031662211eff,25.812,%Bird,XXC,off
04/20/2023 03:43:02,Chamber 1,28-031662211eff,25.75,%Bird,XXC,off
04/20/2023 03:43:22,Chamber 1,28-031662211eff,25.75,%Bird,XXC,off
04/20/2023 03:43:42,Chamber 1,28-031662211eff,25.75,%Bird,XXC,off
04/20/2023 03:44:02,Chamber 1,28-031662211eff,25.812,%Bird,XXC,off
04/20/2023 03:44:22,Chamber 1,28-031662211eff,25.812,%Bird,XXC,off
04/20/2023 03:44:42,Chamber 1,28-031662211eff,25.75,%Bird,XXC,off
04/20/2023 03:45:02,Chamber 1,28-031662211eff,25.75,%Bird,XXC,off
04/20/2023 03:45:22,Chamber 1,28-031662211eff,25.75,%Bird,XXC,off
04/20/2023 03:45:42,Chamber 1,28-031662211eff,25.75,%Bird,XXC,off
04/20/2023 03:46:02,Chamber 1,28-031662211eff,25.75,%Bird,XXC,off
04/20/2023 03:46:22,Chamber 1,28-031662211eff,25.75,%Bird,XXC,off
04/20/2023 03:46:42,Chamber 1,28-031662211eff,25.75,%Bird,XXC,off
04/20/2023 03:47:02,Chamber 1,28-031662211eff,25.75,%Bird,XXC,off
04/20/2023 03:47:22,Chamber 1,28-031662211eff,25.75,%Bird,XXC,off
04/20/2023 03:47:42,Chamber 1,28-031662211eff,25.75,%Bird,XXC,off
04/20/2023 03:48:02,Chamber 1,28-031662211eff,25.75,%Bird,XXC,off
04/20/2023 03:48:22,Chamber 1,28-031662211eff,25.75,%Bird,XXC,off
04/20/2023 03:48:42,Chamber 1,28-031662211eff,25.75,%Bird,XXC,off
04/20/2023 03:49:02,Chamber 1,28-031662211eff,25.75,%Bird,XXC,off
04/20/2023 03:49:22,Chamber 1,28-031662211eff,25.75,%Bird,XXC,off
04/20/2023 03:49:42,Chamber 1,28-031662211eff,25.75,%Bird,XXC,off
04/20/2023 03:50:02,Chamber 1,28-031662211eff,25.75,%Bird,XXC,off
04/20/2023 03:50:22,Chamber 1,28-031662211eff,25.75,%Bird,XXC,off
04/20/2023 03:50:42,Chamber 1,28-031662211eff,25.75,%Bird,XXC,off
04/20/2023 03:51:02,Chamber 1,28-031662211eff,25.75,%Bird,XXC,off
04/20/2023 03:51:22,Chamber 1,28-031662211eff,25.75,%Bird,XXC,off
04/20/2023 03:51:42,Chamber 1,28-031662211eff,25.75,%Bird,XXC,off
04/20/2023 03:52:02,Chamber 1,28-031662211eff,25.75,%Bird,XXC,off
04/20/2023 03:52:22,Chamber 1,28-031662211eff,25.75,%Bird,XXC,off
04/20/2023 03:52:42,Chamber 1,28-031662211eff,25.75,%Bird,XXC,off
04/20/2023 03:53:02,Chamber 1,28-031662211eff,25.75,%Bird,XXC,off
04/20/2023 03:53:22,Chamber 1,28-031662211eff,25.75,%Bird,XXC,off
04/20/2023 03:53:42,Chamber 1,28-031662211eff,25.75,%Bird,XXC,off
04/20/2023 03:54:02,Chamber 1,28-031662211eff,25.75,%Bird,XXC,off
04/20/2023 03:54:22,Chamber 1,28-031662211eff,25.75,%Bird,XXC,off
04/20/2023 03:54:42,Chamber 1,28-031662211eff,25.75,%Bird,XXC,off
04/20/2023 03:55:02,Chamber 1,28-031662211eff,25.75,%Bird,XXC,off
04/20/2023 03:55:22,Chamber 1,28-031662211eff,25.75,%Bird,XXC,off
04/20/2023 03:55:42,Chamber 1,28-031662211eff,25.75,%Bird,XXC,off
04/20/2023 03:56:02,Chamber 1,28-031662211eff,25.75,%Bird,XXC,off
04/20/2023 03:56:22,Chamber 1,28-031662211eff,25.75,%Bird,XXC,off
04/20/2023 03:56:42,Chamber 1,28-031662211eff,25.75,%Bird,XXC,off
04/20/2023 03:57:02,Chamber 1,28-031662211eff,25.75,%Bird,XXC,off
04/20/2023 03:57:22,Chamber 1,28-031662211eff,25.75,%Bird,XXC,off
04/20/2023 03:57:42,Chamber 1,28-031662211eff,25.75,%Bird,XXC,off
04/20/2023 03:58:02,Chamber 1,28-031662211eff,25.75,%Bird,XXC,off
04/20/2023 03:58:22,Chamber 1,28-031662211eff,25.75,%Bird,XXC,off
04/20/2023 03:58:42,Chamber 1,28-031662211eff,25.75,%Bird,XXC,off
04/20/2023 03:59:02,Chamber 1,28-031662211eff,25.75,%Bird,XXC,off
04/20/2023 03:59:22,Chamber 1,28-031662211eff,25.75,%Bird,XXC,off
04/20/2023 03:59:42,Chamber 1,28-031662211eff,25.75,%Bird,XXC,off
04/20/2023 04:00:03,Chamber 1,28-031662211eff,25.75,%Bird,XXC,off
04/20/2023 04:00:23,Chamber 1,28-031662211eff,25.687,%Bird,XXC,off
04/20/2023 04:00:43,Chamber 1,28-031662211eff,25.687,%Bird,XXC,off
04/20/2023 04:01:03,Chamber 1,28-031662211eff,25.687,%Bird,XXC,off
04/20/2023 04:01:23,Chamber 1,28-031662211eff,25.687,%Bird,XXC,off
04/20/2023 04:01:43,Chamber 1,28-031662211eff,25.687,%Bird,XXC,off
04/20/2023 04:02:03,Chamber 1,28-031662211eff,25.687,%Bird,XXC,off
04/20/2023 04:02:23,Chamber 1,28-031662211eff,25.687,%Bird,XXC,off
04/20/2023 04:02:43,Chamber 1,28-031662211eff,25.687,%Bird,XXC,off
04/20/2023 04:03:03,Chamber 1,28-031662211eff,25.687,%Bird,XXC,off
04/20/2023 04:03:23,Chamber 1,28-031662211eff,25.687,%Bird,XXC,off
04/20/2023 04:03:44,Chamber 1,28-031662211eff,25.75,%Bird,XXC,off
04/20/2023 04:04:03,Chamber 1,28-031662211eff,25.687,%Bird,XXC,off
04/20/2023 04:04:23,Chamber 1,28-031662211eff,25.687,%Bird,XXC,off
04/20/2023 04:04:43,Chamber 1,28-031662211eff,25.687,%Bird,XXC,off
04/20/2023 04:05:03,Chamber 1,28-031662211eff,25.687,%Bird,XXC,off
04/20/2023 04:05:23,Chamber 1,28-031662211eff,25.687,%Bird,XXC,off
04/20/2023 04:05:43,Chamber 1,28-031662211eff,25.687,%Bird,XXC,off
04/20/2023 04:06:03,Chamber 1,28-031662211eff,25.687,%Bird,XXC,off
04/20/2023 04:06:23,Chamber 1,28-031662211eff,25.687,%Bird,XXC,off
04/20/2023 04:06:43,Chamber 1,28-031662211eff,25.687,%Bird,XXC,off
04/20/2023 04:07:03,Chamber 1,28-031662211eff,25.687,%Bird,XXC,off
04/20/2023 04:07:23,Chamber 1,28-031662211eff,25.687,%Bird,XXC,off
04/20/2023 04:07:43,Chamber 1,28-031662211eff,25.687,%Bird,XXC,off
04/20/2023 04:08:03,Chamber 1,28-031662211eff,25.687,%Bird,XXC,off
04/20/2023 04:08:23,Chamber 1,28-031662211eff,25.687,%Bird,XXC,off
04/20/2023 04:08:43,Chamber 1,28-031662211eff,25.687,%Bird,XXC,off
04/20/2023 04:09:03,Chamber 1,28-031662211eff,25.687,%Bird,XXC,off
04/20/2023 04:09:23,Chamber 1,28-031662211eff,25.687,%Bird,XXC,off
04/20/2023 04:09:43,Chamber 1,28-031662211eff,25.687,%Bird,XXC,off
04/20/2023 04:10:03,Chamber 1,28-031662211eff,25.687,%Bird,XXC,off
04/20/2023 04:10:23,Chamber 1,28-031662211eff,25.687,%Bird,XXC,off
04/20/2023 04:10:43,Chamber 1,28-031662211eff,25.687,%Bird,XXC,off
04/20/2023 04:11:03,Chamber 1,28-031662211eff,25.687,%Bird,XXC,off
04/20/2023 04:11:23,Chamber 1,28-031662211eff,25.687,%Bird,XXC,off
04/20/2023 04:11:43,Chamber 1,28-031662211eff,25.687,%Bird,XXC,off
04/20/2023 04:12:03,Chamber 1,28-031662211eff,25.687,%Bird,XXC,off
04/20/2023 04:12:23,Chamber 1,28-031662211eff,25.687,%Bird,XXC,off
04/20/2023 04:12:43,Chamber 1,28-031662211eff,25.687,%Bird,XXC,off
04/20/2023 04:13:03,Chamber 1,28-031662211eff,25.687,%Bird,XXC,off
04/20/2023 04:13:23,Chamber 1,28-031662211eff,25.687,%Bird,XXC,off
04/20/2023 04:13:43,Chamber 1,28-031662211eff,25.687,%Bird,XXC,off
04/20/2023 04:14:03,Chamber 1,28-031662211eff,25.687,%Bird,XXC,off
04/20/2023 04:14:23,Chamber 1,28-031662211eff,25.687,%Bird,XXC,off
04/20/2023 04:14:43,Chamber 1,28-031662211eff,25.687,%Bird,XXC,off
04/20/2023 04:15:03,Chamber 1,28-031662211eff,25.687,%Bird,XXC,off
04/20/2023 04:15:23,Chamber 1,28-031662211eff,25.687,%Bird,XXC,off
04/20/2023 04:15:43,Chamber 1,28-031662211eff,25.687,%Bird,XXC,off
04/20/2023 04:16:03,Chamber 1,28-031662211eff,25.687,%Bird,XXC,off
04/20/2023 04:16:23,Chamber 1,28-031662211eff,25.687,%Bird,XXC,off
04/20/2023 04:16:43,Chamber 1,28-031662211eff,25.687,%Bird,XXC,off
04/20/2023 04:17:03,Chamber 1,28-031662211eff,25.687,%Bird,XXC,off
04/20/2023 04:17:23,Chamber 1,28-031662211eff,25.687,%Bird,XXC,off
04/20/2023 04:17:43,Chamber 1,28-031662211eff,25.687,%Bird,XXC,off
04/20/2023 04:18:03,Chamber 1,28-031662211eff,25.687,%Bird,XXC,off
04/20/2023 04:18:23,Chamber 1,28-031662211eff,25.687,%Bird,XXC,off
04/20/2023 04:18:43,Chamber 1,28-031662211eff,25.687,%Bird,XXC,off
04/20/2023 04:19:03,Chamber 1,28-031662211eff,25.687,%Bird,XXC,off
04/20/2023 04:19:23,Chamber 1,28-031662211eff,25.687,%Bird,XXC,off
04/20/2023 04:19:43,Chamber 1,28-031662211eff,25.687,%Bird,XXC,off
04/20/2023 04:20:03,Chamber 1,28-031662211eff,25.687,%Bird,XXC,off
04/20/2023 04:20:23,Chamber 1,28-031662211eff,25.687,%Bird,XXC,off
04/20/2023 04:20:43,Chamber 1,28-031662211eff,25.687,%Bird,XXC,off
04/20/2023 04:21:03,Chamber 1,28-031662211eff,25.687,%Bird,XXC,off
04/20/2023 04:21:23,Chamber 1,28-031662211eff,25.687,%Bird,XXC,off
04/20/2023 04:21:43,Chamber 1,28-031662211eff,25.687,%Bird,XXC,off
04/20/2023 04:22:03,Chamber 1,28-031662211eff,25.687,%Bird,XXC,off
04/20/2023 04:22:23,Chamber 1,28-031662211eff,25.687,%Bird,XXC,off
04/20/2023 04:22:43,Chamber 1,28-031662211eff,25.687,%Bird,XXC,off
04/20/2023 04:23:03,Chamber 1,28-031662211eff,25.687,%Bird,XXC,off
04/20/2023 04:23:23,Chamber 1,28-031662211eff,25.687,%Bird,XXC,off
04/20/2023 04:23:43,Chamber 1,28-031662211eff,25.687,%Bird,XXC,off
04/20/2023 04:24:03,Chamber 1,28-031662211eff,25.625,%Bird,XXC,off
04/20/2023 04:24:23,Chamber 1,28-031662211eff,25.687,%Bird,XXC,off
04/20/2023 04:24:43,Chamber 1,28-031662211eff,25.687,%Bird,XXC,off
04/20/2023 04:25:04,Chamber 1,28-031662211eff,25.687,%Bird,XXC,off
04/20/2023 04:25:23,Chamber 1,28-031662211eff,25.687,%Bird,XXC,off
04/20/2023 04:25:43,Chamber 1,28-031662211eff,25.687,%Bird,XXC,off
04/20/2023 04:26:03,Chamber 1,28-031662211eff,25.687,%Bird,XXC,off
04/20/2023 04:26:23,Chamber 1,28-031662211eff,25.687,%Bird,XXC,off
04/20/2023 04:26:43,Chamber 1,28-031662211eff,25.687,%Bird,XXC,off
04/20/2023 04:27:03,Chamber 1,28-031662211eff,25.687,%Bird,XXC,off
04/20/2023 04:27:23,Chamber 1,28-031662211eff,25.687,%Bird,XXC,off
04/20/2023 04:27:43,Chamber 1,28-031662211eff,25.687,%Bird,XXC,off
04/20/2023 04:28:04,Chamber 1,28-031662211eff,25.687,%Bird,XXC,off
04/20/2023 04:28:23,Chamber 1,28-031662211eff,25.625,%Bird,XXC,off
04/20/2023 04:28:43,Chamber 1,28-031662211eff,25.625,%Bird,XXC,off
04/20/2023 04:29:03,Chamber 1,28-031662211eff,25.687,%Bird,XXC,off
04/20/2023 04:29:23,Chamber 1,28-031662211eff,25.687,%Bird,XXC,off
04/20/2023 04:29:43,Chamber 1,28-031662211eff,25.687,%Bird,XXC,off
04/20/2023 04:30:03,Chamber 1,28-031662211eff,25.687,%Bird,XXC,off
04/20/2023 04:30:23,Chamber 1,28-031662211eff,25.625,%Bird,XXC,off
04/20/2023 04:30:43,Chamber 1,28-031662211eff,25.625,%Bird,XXC,off
04/20/2023 04:31:03,Chamber 1,28-031662211eff,25.687,%Bird,XXC,off
04/20/2023 04:31:23,Chamber 1,28-031662211eff,25.625,%Bird,XXC,off
04/20/2023 04:31:43,Chamber 1,28-031662211eff,25.625,%Bird,XXC,off
04/20/2023 04:32:03,Chamber 1,28-031662211eff,25.625,%Bird,XXC,off
04/20/2023 04:32:23,Chamber 1,28-031662211eff,25.687,%Bird,XXC,off
04/20/2023 04:32:43,Chamber 1,28-031662211eff,25.625,%Bird,XXC,off
04/20/2023 04:33:03,Chamber 1,28-031662211eff,25.687,%Bird,XXC,off
04/20/2023 04:33:23,Chamber 1,28-031662211eff,25.625,%Bird,XXC,off
04/20/2023 04:33:43,Chamber 1,28-031662211eff,25.687,%Bird,XXC,off
04/20/2023 04:34:03,Chamber 1,28-031662211eff,25.687,%Bird,XXC,off
04/20/2023 04:34:23,Chamber 1,28-031662211eff,25.625,%Bird,XXC,off
04/20/2023 04:34:43,Chamber 1,28-031662211eff,25.625,%Bird,XXC,off
04/20/2023 04:35:03,Chamber 1,28-031662211eff,25.625,%Bird,XXC,off
04/20/2023 04:35:23,Chamber 1,28-031662211eff,25.625,%Bird,XXC,off
04/20/2023 04:35:43,Chamber 1,28-031662211eff,25.625,%Bird,XXC,off
04/20/2023 04:36:03,Chamber 1,28-031662211eff,25.625,%Bird,XXC,off
04/20/2023 04:36:23,Chamber 1,28-031662211eff,25.625,%Bird,XXC,off
04/20/2023 04:36:43,Chamber 1,28-031662211eff,25.625,%Bird,XXC,off
04/20/2023 04:37:03,Chamber 1,28-031662211eff,25.625,%Bird,XXC,off
04/20/2023 04:37:23,Chamber 1,28-031662211eff,25.625,%Bird,XXC,off
04/20/2023 04:37:43,Chamber 1,28-031662211eff,25.625,%Bird,XXC,off
04/20/2023 04:38:03,Chamber 1,28-031662211eff,25.625,%Bird,XXC,off
04/20/2023 04:38:23,Chamber 1,28-031662211eff,25.625,%Bird,XXC,off
04/20/2023 04:38:43,Chamber 1,28-031662211eff,25.625,%Bird,XXC,off
04/20/2023 04:39:03,Chamber 1,28-031662211eff,25.625,%Bird,XXC,off
04/20/2023 04:39:23,Chamber 1,28-031662211eff,25.625,%Bird,XXC,off
04/20/2023 04:39:43,Chamber 1,28-031662211eff,25.625,%Bird,XXC,off
04/20/2023 04:40:03,Chamber 1,28-031662211eff,25.625,%Bird,XXC,off
04/20/2023 04:40:23,Chamber 1,28-031662211eff,25.625,%Bird,XXC,off
04/20/2023 04:40:43,Chamber 1,28-031662211eff,25.625,%Bird,XXC,off
04/20/2023 04:41:03,Chamber 1,28-031662211eff,25.625,%Bird,XXC,off
04/20/2023 04:41:23,Chamber 1,28-031662211eff,25.625,%Bird,XXC,off
04/20/2023 04:41:43,Chamber 1,28-031662211eff,25.625,%Bird,XXC,off
04/20/2023 04:42:03,Chamber 1,28-031662211eff,25.625,%Bird,XXC,off
04/20/2023 04:42:23,Chamber 1,28-031662211eff,25.625,%Bird,XXC,off
04/20/2023 04:42:43,Chamber 1,28-031662211eff,25.625,%Bird,XXC,off
04/20/2023 04:43:03,Chamber 1,28-031662211eff,25.625,%Bird,XXC,off
04/20/2023 04:43:23,Chamber 1,28-031662211eff,25.625,%Bird,XXC,off
04/20/2023 04:43:43,Chamber 1,28-031662211eff,25.625,%Bird,XXC,off
04/20/2023 04:44:03,Chamber 1,28-031662211eff,25.625,%Bird,XXC,off
04/20/2023 04:44:23,Chamber 1,28-031662211eff,25.625,%Bird,XXC,off
04/20/2023 04:44:43,Chamber 1,28-031662211eff,25.625,%Bird,XXC,off
04/20/2023 04:45:03,Chamber 1,28-031662211eff,25.625,%Bird,XXC,off
04/20/2023 04:45:23,Chamber 1,28-031662211eff,25.625,%Bird,XXC,off
04/20/2023 04:45:43,Chamber 1,28-031662211eff,25.625,%Bird,XXC,off
04/20/2023 04:46:03,Chamber 1,28-031662211eff,25.625,%Bird,XXC,off
04/20/2023 04:46:23,Chamber 1,28-031662211eff,25.625,%Bird,XXC,off
04/20/2023 04:46:43,Chamber 1,28-031662211eff,25.625,%Bird,XXC,off
04/20/2023 04:47:03,Chamber 1,28-031662211eff,25.625,%Bird,XXC,off
04/20/2023 04:47:23,Chamber 1,28-031662211eff,25.625,%Bird,XXC,off
04/20/2023 04:47:43,Chamber 1,28-031662211eff,25.625,%Bird,XXC,off
04/20/2023 04:48:03,Chamber 1,28-031662211eff,25.625,%Bird,XXC,off
04/20/2023 04:48:23,Chamber 1,28-031662211eff,25.625,%Bird,XXC,off
04/20/2023 04:48:43,Chamber 1,28-031662211eff,25.625,%Bird,XXC,off
04/20/2023 04:49:03,Chamber 1,28-031662211eff,25.625,%Bird,XXC,off
04/20/2023 04:49:23,Chamber 1,28-031662211eff,25.625,%Bird,XXC,off
04/20/2023 04:49:43,Chamber 1,28-031662211eff,25.625,%Bird,XXC,off
04/20/2023 04:50:03,Chamber 1,28-031662211eff,25.625,%Bird,XXC,off
04/20/2023 04:50:23,Chamber 1,28-031662211eff,25.625,%Bird,XXC,off
04/20/2023 04:50:43,Chamber 1,28-031662211eff,25.625,%Bird,XXC,off
04/20/2023 04:51:03,Chamber 1,28-031662211eff,25.625,%Bird,XXC,off
04/20/2023 04:51:23,Chamber 1,28-031662211eff,25.625,%Bird,XXC,off
04/20/2023 04:51:43,Chamber 1,28-031662211eff,25.625,%Bird,XXC,off
04/20/2023 04:52:03,Chamber 1,28-031662211eff,25.625,%Bird,XXC,off
04/20/2023 04:52:23,Chamber 1,28-031662211eff,25.625,%Bird,XXC,off
04/20/2023 04:52:43,Chamber 1,28-031662211eff,25.625,%Bird,XXC,off
04/20/2023 04:53:03,Chamber 1,28-031662211eff,25.625,%Bird,XXC,off
04/20/2023 04:53:23,Chamber 1,28-031662211eff,25.625,%Bird,XXC,off
04/20/2023 04:53:43,Chamber 1,28-031662211eff,25.625,%Bird,XXC,off
04/20/2023 04:54:03,Chamber 1,28-031662211eff,25.625,%Bird,XXC,off
04/20/2023 04:54:23,Chamber 1,28-031662211eff,25.625,%Bird,XXC,off
04/20/2023 04:54:43,Chamber 1,28-031662211eff,25.562,%Bird,XXC,off
04/20/2023 04:55:03,Chamber 1,28-031662211eff,25.625,%Bird,XXC,off
04/20/2023 04:55:23,Chamber 1,28-031662211eff,25.625,%Bird,XXC,off
04/20/2023 04:55:43,Chamber 1,28-031662211eff,25.562,%Bird,XXC,off
04/20/2023 04:56:03,Chamber 1,28-031662211eff,25.625,%Bird,XXC,off
04/20/2023 04:56:23,Chamber 1,28-031662211eff,25.625,%Bird,XXC,off
04/20/2023 04:56:43,Chamber 1,28-031662211eff,25.625,%Bird,XXC,off
04/20/2023 04:57:03,Chamber 1,28-031662211eff,25.562,%Bird,XXC,off
04/20/2023 04:57:23,Chamber 1,28-031662211eff,25.562,%Bird,XXC,off
04/20/2023 04:57:43,Chamber 1,28-031662211eff,25.562,%Bird,XXC,off
04/20/2023 04:58:03,Chamber 1,28-031662211eff,25.562,%Bird,XXC,off
04/20/2023 04:58:23,Chamber 1,28-031662211eff,25.562,%Bird,XXC,off
04/20/2023 04:58:43,Chamber 1,28-031662211eff,25.562,%Bird,XXC,off
04/20/2023 04:59:03,Chamber 1,28-031662211eff,25.562,%Bird,XXC,off
04/20/2023 04:59:23,Chamber 1,28-031662211eff,25.562,%Bird,XXC,off
04/20/2023 04:59:43,Chamber 1,28-031662211eff,25.562,%Bird,XXC,off
04/20/2023 05:00:02,Chamber 1,28-031662211eff,25.562,%Bird,XXC,off
04/20/2023 05:00:22,Chamber 1,28-031662211eff,25.562,%Bird,XXC,off
04/20/2023 05:00:42,Chamber 1,28-031662211eff,25.562,%Bird,XXC,off
04/20/2023 05:01:02,Chamber 1,28-031662211eff,25.562,%Bird,XXC,off
04/20/2023 05:01:22,Chamber 1,28-031662211eff,25.562,%Bird,XXC,off
04/20/2023 05:01:42,Chamber 1,28-031662211eff,25.562,%Bird,XXC,off
04/20/2023 05:02:02,Chamber 1,28-031662211eff,25.562,%Bird,XXC,off
04/20/2023 05:02:22,Chamber 1,28-031662211eff,25.562,%Bird,XXC,off
04/20/2023 05:02:42,Chamber 1,28-031662211eff,25.562,%Bird,XXC,off
04/20/2023 05:03:02,Chamber 1,28-031662211eff,25.562,%Bird,XXC,off
04/20/2023 05:03:22,Chamber 1,28-031662211eff,25.562,%Bird,XXC,off
04/20/2023 05:03:42,Chamber 1,28-031662211eff,25.562,%Bird,XXC,off
04/20/2023 05:04:02,Chamber 1,28-031662211eff,25.562,%Bird,XXC,off
04/20/2023 05:04:22,Chamber 1,28-031662211eff,25.562,%Bird,XXC,off
04/20/2023 05:04:42,Chamber 1,28-031662211eff,25.562,%Bird,XXC,off
04/20/2023 05:05:02,Chamber 1,28-031662211eff,25.562,%Bird,XXC,off
04/20/2023 05:05:22,Chamber 1,28-031662211eff,25.562,%Bird,XXC,off
04/20/2023 05:05:42,Chamber 1,28-031662211eff,25.562,%Bird,XXC,off
04/20/2023 05:06:02,Chamber 1,28-031662211eff,25.562,%Bird,XXC,off
04/20/2023 05:06:22,Chamber 1,28-031662211eff,25.562,%Bird,XXC,off
04/20/2023 05:06:43,Chamber 1,28-031662211eff,25.562,%Bird,XXC,off
04/20/2023 05:07:02,Chamber 1,28-031662211eff,25.562,%Bird,XXC,off
04/20/2023 05:07:22,Chamber 1,28-031662211eff,25.562,%Bird,XXC,off
04/20/2023 05:07:43,Chamber 1,28-031662211eff,25.562,%Bird,XXC,off
04/20/2023 05:08:02,Chamber 1,28-031662211eff,25.562,%Bird,XXC,off
04/20/2023 05:08:22,Chamber 1,28-031662211eff,25.562,%Bird,XXC,off
04/20/2023 05:08:42,Chamber 1,28-031662211eff,25.562,%Bird,XXC,off
04/20/2023 05:09:02,Chamber 1,28-031662211eff,25.562,%Bird,XXC,off
04/20/2023 05:09:22,Chamber 1,28-031662211eff,25.562,%Bird,XXC,off
04/20/2023 05:09:42,Chamber 1,28-031662211eff,25.562,%Bird,XXC,off
04/20/2023 05:10:02,Chamber 1,28-031662211eff,25.562,%Bird,XXC,off
04/20/2023 05:10:22,Chamber 1,28-031662211eff,25.562,%Bird,XXC,off
04/20/2023 05:10:42,Chamber 1,28-031662211eff,25.562,%Bird,XXC,off
04/20/2023 05:11:02,Chamber 1,28-031662211eff,25.562,%Bird,XXC,off
04/20/2023 05:11:22,Chamber 1,28-031662211eff,25.562,%Bird,XXC,off
04/20/2023 05:11:42,Chamber 1,28-031662211eff,25.562,%Bird,XXC,off
04/20/2023 05:12:02,Chamber 1,28-031662211eff,25.562,%Bird,XXC,off
04/20/2023 05:12:22,Chamber 1,28-031662211eff,25.5,%Bird,XXC,off
04/20/2023 05:12:42,Chamber 1,28-031662211eff,25.5,%Bird,XXC,off
04/20/2023 05:13:02,Chamber 1,28-031662211eff,25.5,%Bird,XXC,off
04/20/2023 05:13:22,Chamber 1,28-031662211eff,25.562,%Bird,XXC,off
04/20/2023 05:13:42,Chamber 1,28-031662211eff,25.5,%Bird,XXC,off
04/20/2023 05:14:02,Chamber 1,28-031662211eff,25.5,%Bird,XXC,off
04/20/2023 05:14:22,Chamber 1,28-031662211eff,25.5,%Bird,XXC,off
04/20/2023 05:14:42,Chamber 1,28-031662211eff,25.5,%Bird,XXC,off
04/20/2023 05:15:02,Chamber 1,28-031662211eff,25.562,%Bird,XXC,off
04/20/2023 05:15:22,Chamber 1,28-031662211eff,25.5,%Bird,XXC,off
04/20/2023 05:15:42,Chamber 1,28-031662211eff,25.5,%Bird,XXC,off
04/20/2023 05:16:02,Chamber 1,28-031662211eff,25.5,%Bird,XXC,off
04/20/2023 05:16:22,Chamber 1,28-031662211eff,25.5,%Bird,XXC,off
04/20/2023 05:16:42,Chamber 1,28-031662211eff,25.562,%Bird,XXC,off
04/20/2023 05:17:02,Chamber 1,28-031662211eff,25.5,%Bird,XXC,off
04/20/2023 05:17:22,Chamber 1,28-031662211eff,25.5,%Bird,XXC,off
04/20/2023 05:17:42,Chamber 1,28-031662211eff,25.5,%Bird,XXC,off
04/20/2023 05:18:02,Chamber 1,28-031662211eff,25.5,%Bird,XXC,off
04/20/2023 05:18:22,Chamber 1,28-031662211eff,25.5,%Bird,XXC,off
04/20/2023 05:18:42,Chamber 1,28-031662211eff,25.5,%Bird,XXC,off
04/20/2023 05:19:02,Chamber 1,28-031662211eff,25.5,%Bird,XXC,off
04/20/2023 05:19:22,Chamber 1,28-031662211eff,25.5,%Bird,XXC,off
04/20/2023 05:19:42,Chamber 1,28-031662211eff,25.5,%Bird,XXC,off
04/20/2023 05:20:02,Chamber 1,28-031662211eff,25.5,%Bird,XXC,off
04/20/2023 05:20:22,Chamber 1,28-031662211eff,25.5,%Bird,XXC,off
04/20/2023 05:20:42,Chamber 1,28-031662211eff,25.5,%Bird,XXC,off
04/20/2023 05:21:02,Chamber 1,28-031662211eff,25.5,%Bird,XXC,off
04/20/2023 05:21:22,Chamber 1,28-031662211eff,25.5,%Bird,XXC,off
04/20/2023 05:21:42,Chamber 1,28-031662211eff,25.5,%Bird,XXC,off
04/20/2023 05:22:02,Chamber 1,28-031662211eff,25.5,%Bird,XXC,off
04/20/2023 05:22:22,Chamber 1,28-031662211eff,25.5,%Bird,XXC,off
04/20/2023 05:22:43,Chamber 1,28-031662211eff,25.5,%Bird,XXC,off
04/20/2023 05:23:02,Chamber 1,28-031662211eff,25.5,%Bird,XXC,off
04/20/2023 05:23:22,Chamber 1,28-031662211eff,25.5,%Bird,XXC,off
04/20/2023 05:23:42,Chamber 1,28-031662211eff,25.5,%Bird,XXC,off
04/20/2023 05:24:02,Chamber 1,28-031662211eff,25.5,%Bird,XXC,off
04/20/2023 05:24:22,Chamber 1,28-031662211eff,25.5,%Bird,XXC,off
04/20/2023 05:24:42,Chamber 1,28-031662211eff,25.5,%Bird,XXC,off
04/20/2023 05:25:02,Chamber 1,28-031662211eff,25.5,%Bird,XXC,off
04/20/2023 05:25:22,Chamber 1,28-031662211eff,25.5,%Bird,XXC,off
04/20/2023 05:25:43,Chamber 1,28-031662211eff,25.5,%Bird,XXC,off
04/20/2023 05:26:02,Chamber 1,28-031662211eff,25.5,%Bird,XXC,off
04/20/2023 05:26:22,Chamber 1,28-031662211eff,25.5,%Bird,XXC,off
04/20/2023 05:26:42,Chamber 1,28-031662211eff,25.5,%Bird,XXC,off
04/20/2023 05:27:02,Chamber 1,28-031662211eff,25.5,%Bird,XXC,off
04/20/2023 05:27:22,Chamber 1,28-031662211eff,25.5,%Bird,XXC,off
04/20/2023 05:27:42,Chamber 1,28-031662211eff,25.5,%Bird,XXC,off
04/20/2023 05:28:03,Chamber 1,28-031662211eff,25.5,%Bird,XXC,off
04/20/2023 05:28:22,Chamber 1,28-031662211eff,25.5,%Bird,XXC,off
04/20/2023 05:28:42,Chamber 1,28-031662211eff,25.5,%Bird,XXC,off
04/20/2023 05:29:03,Chamber 1,28-031662211eff,25.5,%Bird,XXC,off
04/20/2023 05:29:23,Chamber 1,28-031662211eff,25.5,%Bird,XXC,off
04/20/2023 05:29:42,Chamber 1,28-031662211eff,25.5,%Bird,XXC,off
04/20/2023 05:30:02,Chamber 1,28-031662211eff,25.5,%Bird,XXC,off
04/20/2023 05:30:22,Chamber 1,28-031662211eff,25.5,%Bird,XXC,off
04/20/2023 05:30:42,Chamber 1,28-031662211eff,25.5,%Bird,XXC,off
04/20/2023 05:31:02,Chamber 1,28-031662211eff,25.5,%Bird,XXC,off
04/20/2023 05:31:22,Chamber 1,28-031662211eff,25.5,%Bird,XXC,off
04/20/2023 05:31:42,Chamber 1,28-031662211eff,25.5,%Bird,XXC,off
04/20/2023 05:32:02,Chamber 1,28-031662211eff,25.5,%Bird,XXC,off
04/20/2023 05:32:22,Chamber 1,28-031662211eff,25.5,%Bird,XXC,off
04/20/2023 05:32:42,Chamber 1,28-031662211eff,25.5,%Bird,XXC,off
04/20/2023 05:33:02,Chamber 1,28-031662211eff,25.5,%Bird,XXC,off
04/20/2023 05:33:22,Chamber 1,28-031662211eff,25.5,%Bird,XXC,off
04/20/2023 05:33:42,Chamber 1,28-031662211eff,25.5,%Bird,XXC,off
04/20/2023 05:34:02,Chamber 1,28-031662211eff,25.5,%Bird,XXC,off
04/20/2023 05:34:22,Chamber 1,28-031662211eff,25.5,%Bird,XXC,off
04/20/2023 05:34:42,Chamber 1,28-031662211eff,25.5,%Bird,XXC,off
04/20/2023 05:35:02,Chamber 1,28-031662211eff,25.5,%Bird,XXC,off
04/20/2023 05:35:22,Chamber 1,28-031662211eff,25.5,%Bird,XXC,off
04/20/2023 05:35:42,Chamber 1,28-031662211eff,25.5,%Bird,XXC,off
04/20/2023 05:36:02,Chamber 1,28-031662211eff,25.5,%Bird,XXC,off
04/20/2023 05:36:22,Chamber 1,28-031662211eff,25.5,%Bird,XXC,off
04/20/2023 05:36:42,Chamber 1,28-031662211eff,25.5,%Bird,XXC,off
04/20/2023 05:37:02,Chamber 1,28-031662211eff,25.5,%Bird,XXC,off
04/20/2023 05:37:22,Chamber 1,28-031662211eff,25.5,%Bird,XXC,off
04/20/2023 05:37:42,Chamber 1,28-031662211eff,25.5,%Bird,XXC,off
04/20/2023 05:38:02,Chamber 1,28-031662211eff,25.5,%Bird,XXC,off
04/20/2023 05:38:22,Chamber 1,28-031662211eff,25.5,%Bird,XXC,off
04/20/2023 05:38:42,Chamber 1,28-031662211eff,25.5,%Bird,XXC,off
04/20/2023 05:39:02,Chamber 1,28-031662211eff,25.437,%Bird,XXC,off
04/20/2023 05:39:22,Chamber 1,28-031662211eff,25.437,%Bird,XXC,off
04/20/2023 05:39:42,Chamber 1,28-031662211eff,25.5,%Bird,XXC,off
04/20/2023 05:40:02,Chamber 1,28-031662211eff,25.5,%Bird,XXC,off
04/20/2023 05:40:22,Chamber 1,28-031662211eff,25.437,%Bird,XXC,off
04/20/2023 05:40:42,Chamber 1,28-031662211eff,25.437,%Bird,XXC,off
04/20/2023 05:41:02,Chamber 1,28-031662211eff,25.437,%Bird,XXC,off
04/20/2023 05:41:22,Chamber 1,28-031662211eff,25.5,%Bird,XXC,off
04/20/2023 05:41:42,Chamber 1,28-031662211eff,25.437,%Bird,XXC,off
04/20/2023 05:42:02,Chamber 1,28-031662211eff,25.437,%Bird,XXC,off
04/20/2023 05:42:22,Chamber 1,28-031662211eff,25.437,%Bird,XXC,off
04/20/2023 05:42:42,Chamber 1,28-031662211eff,25.437,%Bird,XXC,off
04/20/2023 05:43:02,Chamber 1,28-031662211eff,25.437,%Bird,XXC,off
04/20/2023 05:43:22,Chamber 1,28-031662211eff,25.437,%Bird,XXC,off
04/20/2023 05:43:42,Chamber 1,28-031662211eff,25.437,%Bird,XXC,off
04/20/2023 05:44:02,Chamber 1,28-031662211eff,25.437,%Bird,XXC,off
04/20/2023 05:44:22,Chamber 1,28-031662211eff,25.437,%Bird,XXC,off
04/20/2023 05:44:42,Chamber 1,28-031662211eff,25.437,%Bird,XXC,off
04/20/2023 05:45:02,Chamber 1,28-031662211eff,25.437,%Bird,XXC,off
04/20/2023 05:45:22,Chamber 1,28-031662211eff,25.437,%Bird,XXC,off
04/20/2023 05:45:42,Chamber 1,28-031662211eff,25.437,%Bird,XXC,off
04/20/2023 05:46:02,Chamber 1,28-031662211eff,25.437,%Bird,XXC,off
04/20/2023 05:46:22,Chamber 1,28-031662211eff,25.437,%Bird,XXC,off
04/20/2023 05:46:42,Chamber 1,28-031662211eff,25.437,%Bird,XXC,off
04/20/2023 05:47:02,Chamber 1,28-031662211eff,25.437,%Bird,XXC,off
04/20/2023 05:47:22,Chamber 1,28-031662211eff,25.437,%Bird,XXC,off
04/20/2023 05:47:42,Chamber 1,28-031662211eff,25.437,%Bird,XXC,off
04/20/2023 05:48:02,Chamber 1,28-031662211eff,25.437,%Bird,XXC,off
04/20/2023 05:48:22,Chamber 1,28-031662211eff,25.437,%Bird,XXC,off
04/20/2023 05:48:42,Chamber 1,28-031662211eff,25.437,%Bird,XXC,off
04/20/2023 05:49:02,Chamber 1,28-031662211eff,25.437,%Bird,XXC,off
04/20/2023 05:49:22,Chamber 1,28-031662211eff,25.437,%Bird,XXC,off
04/20/2023 05:49:42,Chamber 1,28-031662211eff,25.437,%Bird,XXC,off
04/20/2023 05:50:02,Chamber 1,28-031662211eff,25.437,%Bird,XXC,off
04/20/2023 05:50:22,Chamber 1,28-031662211eff,25.437,%Bird,XXC,off
04/20/2023 05:50:42,Chamber 1,28-031662211eff,25.437,%Bird,XXC,off
04/20/2023 05:51:02,Chamber 1,28-031662211eff,25.437,%Bird,XXC,off
04/20/2023 05:51:22,Chamber 1,28-031662211eff,25.437,%Bird,XXC,off
04/20/2023 05:51:42,Chamber 1,28-031662211eff,25.437,%Bird,XXC,off
04/20/2023 05:52:02,Chamber 1,28-031662211eff,25.437,%Bird,XXC,off
04/20/2023 05:52:22,Chamber 1,28-031662211eff,25.437,%Bird,XXC,off
04/20/2023 05:52:42,Chamber 1,28-031662211eff,25.437,%Bird,XXC,off
04/20/2023 05:53:02,Chamber 1,28-031662211eff,25.437,%Bird,XXC,off
04/20/2023 05:53:22,Chamber 1,28-031662211eff,25.437,%Bird,XXC,off
04/20/2023 05:53:42,Chamber 1,28-031662211eff,25.437,%Bird,XXC,off
04/20/2023 05:54:02,Chamber 1,28-031662211eff,25.437,%Bird,XXC,off
04/20/2023 05:54:22,Chamber 1,28-031662211eff,25.437,%Bird,XXC,off
04/20/2023 05:54:42,Chamber 1,28-031662211eff,25.437,%Bird,XXC,off
04/20/2023 05:55:02,Chamber 1,28-031662211eff,25.437,%Bird,XXC,off
04/20/2023 05:55:22,Chamber 1,28-031662211eff,25.437,%Bird,XXC,off
04/20/2023 05:55:42,Chamber 1,28-031662211eff,25.437,%Bird,XXC,off
04/20/2023 05:56:02,Chamber 1,28-031662211eff,25.437,%Bird,XXC,off
04/20/2023 05:56:22,Chamber 1,28-031662211eff,25.437,%Bird,XXC,off
04/20/2023 05:56:42,Chamber 1,28-031662211eff,25.437,%Bird,XXC,off
04/20/2023 05:57:02,Chamber 1,28-031662211eff,25.437,%Bird,XXC,off
04/20/2023 05:57:22,Chamber 1,28-031662211eff,25.437,%Bird,XXC,off
04/20/2023 05:57:42,Chamber 1,28-031662211eff,25.437,%Bird,XXC,off
04/20/2023 05:58:02,Chamber 1,28-031662211eff,25.375,%Bird,XXC,off
04/20/2023 05:58:22,Chamber 1,28-031662211eff,25.375,%Bird,XXC,off
04/20/2023 05:58:42,Chamber 1,28-031662211eff,25.437,%Bird,XXC,off
04/20/2023 05:59:02,Chamber 1,28-031662211eff,25.375,%Bird,XXC,off
04/20/2023 05:59:22,Chamber 1,28-031662211eff,25.375,%Bird,XXC,off
04/20/2023 05:59:42,Chamber 1,28-031662211eff,25.375,%Bird,XXC,off
04/20/2023 06:00:03,Chamber 1,28-031662211eff,25.375,%Bird,XXC,off
04/20/2023 06:00:23,Chamber 1,28-031662211eff,25.375,%Bird,XXC,off
04/20/2023 06:00:43,Chamber 1,28-031662211eff,25.375,%Bird,XXC,off
04/20/2023 06:01:03,Chamber 1,28-031662211eff,25.375,%Bird,XXC,off
04/20/2023 06:01:23,Chamber 1,28-031662211eff,25.375,%Bird,XXC,off
04/20/2023 06:01:43,Chamber 1,28-031662211eff,25.375,%Bird,XXC,off
04/20/2023 06:02:03,Chamber 1,28-031662211eff,25.375,%Bird,XXC,off
04/20/2023 06:02:23,Chamber 1,28-031662211eff,25.375,%Bird,XXC,off
04/20/2023 06:02:43,Chamber 1,28-031662211eff,25.375,%Bird,XXC,off
04/20/2023 06:03:03,Chamber 1,28-031662211eff,25.375,%Bird,XXC,off
04/20/2023 06:03:23,Chamber 1,28-031662211eff,25.375,%Bird,XXC,off
04/20/2023 06:03:43,Chamber 1,28-031662211eff,25.375,%Bird,XXC,off
04/20/2023 06:04:03,Chamber 1,28-031662211eff,25.375,%Bird,XXC,off
04/20/2023 06:04:23,Chamber 1,28-031662211eff,25.375,%Bird,XXC,off
04/20/2023 06:04:43,Chamber 1,28-031662211eff,25.375,%Bird,XXC,off
04/20/2023 06:05:03,Chamber 1,28-031662211eff,25.375,%Bird,XXC,off
04/20/2023 06:05:23,Chamber 1,28-031662211eff,25.375,%Bird,XXC,off
04/20/2023 06:05:43,Chamber 1,28-031662211eff,25.375,%Bird,XXC,off
04/20/2023 06:06:03,Chamber 1,28-031662211eff,25.375,%Bird,XXC,off
04/20/2023 06:06:23,Chamber 1,28-031662211eff,25.375,%Bird,XXC,off
04/20/2023 06:06:43,Chamber 1,28-031662211eff,25.375,%Bird,XXC,off
04/20/2023 06:07:03,Chamber 1,28-031662211eff,25.375,%Bird,XXC,off
04/20/2023 06:07:23,Chamber 1,28-031662211eff,25.375,%Bird,XXC,off
04/20/2023 06:07:43,Chamber 1,28-031662211eff,25.375,%Bird,XXC,off
04/20/2023 06:08:03,Chamber 1,28-031662211eff,25.375,%Bird,XXC,off
04/20/2023 06:08:23,Chamber 1,28-031662211eff,25.375,%Bird,XXC,off
04/20/2023 06:08:43,Chamber 1,28-031662211eff,25.375,%Bird,XXC,off
04/20/2023 06:09:03,Chamber 1,28-031662211eff,25.375,%Bird,XXC,off
04/20/2023 06:09:23,Chamber 1,28-031662211eff,25.375,%Bird,XXC,off
04/20/2023 06:09:43,Chamber 1,28-031662211eff,25.375,%Bird,XXC,off
04/20/2023 06:10:03,Chamber 1,28-031662211eff,25.375,%Bird,XXC,off
04/20/2023 06:10:23,Chamber 1,28-031662211eff,25.375,%Bird,XXC,off
04/20/2023 06:10:43,Chamber 1,28-031662211eff,25.375,%Bird,XXC,off
04/20/2023 06:11:03,Chamber 1,28-031662211eff,25.375,%Bird,XXC,off
04/20/2023 06:11:23,Chamber 1,28-031662211eff,25.375,%Bird,XXC,off
04/20/2023 06:11:43,Chamber 1,28-031662211eff,25.375,%Bird,XXC,off
04/20/2023 06:12:03,Chamber 1,28-031662211eff,25.375,%Bird,XXC,off
04/20/2023 06:12:23,Chamber 1,28-031662211eff,25.375,%Bird,XXC,off
04/20/2023 06:12:43,Chamber 1,28-031662211eff,25.375,%Bird,XXC,off
04/20/2023 06:13:03,Chamber 1,28-031662211eff,25.375,%Bird,XXC,off
04/20/2023 06:13:23,Chamber 1,28-031662211eff,25.375,%Bird,XXC,off
04/20/2023 06:13:43,Chamber 1,28-031662211eff,25.375,%Bird,XXC,off
04/20/2023 06:14:03,Chamber 1,28-031662211eff,25.375,%Bird,XXC,off
04/20/2023 06:14:23,Chamber 1,28-031662211eff,25.375,%Bird,XXC,off
04/20/2023 06:14:43,Chamber 1,28-031662211eff,25.375,%Bird,XXC,off
04/20/2023 06:15:03,Chamber 1,28-031662211eff,25.375,%Bird,XXC,off
04/20/2023 06:15:23,Chamber 1,28-031662211eff,25.375,%Bird,XXC,off
04/20/2023 06:15:43,Chamber 1,28-031662211eff,25.375,%Bird,XXC,off
04/20/2023 06:16:03,Chamber 1,28-031662211eff,25.375,%Bird,XXC,off
04/20/2023 06:16:23,Chamber 1,28-031662211eff,25.375,%Bird,XXC,off
04/20/2023 06:16:43,Chamber 1,28-031662211eff,25.375,%Bird,XXC,off
04/20/2023 06:17:03,Chamber 1,28-031662211eff,25.375,%Bird,XXC,off
04/20/2023 06:17:23,Chamber 1,28-031662211eff,25.375,%Bird,XXC,off
04/20/2023 06:17:43,Chamber 1,28-031662211eff,25.312,%Bird,XXC,off
04/20/2023 06:18:03,Chamber 1,28-031662211eff,25.375,%Bird,XXC,off
04/20/2023 06:18:23,Chamber 1,28-031662211eff,25.375,%Bird,XXC,off
04/20/2023 06:18:43,Chamber 1,28-031662211eff,25.375,%Bird,XXC,off
04/20/2023 06:19:03,Chamber 1,28-031662211eff,25.375,%Bird,XXC,off
04/20/2023 06:19:23,Chamber 1,28-031662211eff,25.312,%Bird,XXC,off
04/20/2023 06:19:43,Chamber 1,28-031662211eff,25.375,%Bird,XXC,off
04/20/2023 06:20:03,Chamber 1,28-031662211eff,25.375,%Bird,XXC,off
04/20/2023 06:20:23,Chamber 1,28-031662211eff,25.375,%Bird,XXC,off
04/20/2023 06:20:43,Chamber 1,28-031662211eff,25.375,%Bird,XXC,off
04/20/2023 06:21:03,Chamber 1,28-031662211eff,25.312,%Bird,XXC,off
04/20/2023 06:21:23,Chamber 1,28-031662211eff,25.375,%Bird,XXC,off
04/20/2023 06:21:43,Chamber 1,28-031662211eff,25.312,%Bird,XXC,off
04/20/2023 06:22:03,Chamber 1,28-031662211eff,25.312,%Bird,XXC,off
04/20/2023 06:22:23,Chamber 1,28-031662211eff,25.312,%Bird,XXC,off
04/20/2023 06:22:43,Chamber 1,28-031662211eff,25.312,%Bird,XXC,off
04/20/2023 06:23:03,Chamber 1,28-031662211eff,25.312,%Bird,XXC,off
04/20/2023 06:23:23,Chamber 1,28-031662211eff,25.375,%Bird,XXC,off
04/20/2023 06:23:43,Chamber 1,28-031662211eff,25.375,%Bird,XXC,off
04/20/2023 06:24:03,Chamber 1,28-031662211eff,25.375,%Bird,XXC,off
04/20/2023 06:24:23,Chamber 1,28-031662211eff,25.375,%Bird,XXC,off
04/20/2023 06:24:43,Chamber 1,28-031662211eff,25.375,%Bird,XXC,off
04/20/2023 06:25:03,Chamber 1,28-031662211eff,25.437,%Bird,XXC,off
04/20/2023 06:25:23,Chamber 1,28-031662211eff,25.437,%Bird,XXC,off
04/20/2023 06:25:43,Chamber 1,28-031662211eff,25.437,%Bird,XXC,off
04/20/2023 06:26:03,Chamber 1,28-031662211eff,25.437,%Bird,XXC,off
04/20/2023 06:26:23,Chamber 1,28-031662211eff,25.437,%Bird,XXC,off
04/20/2023 06:26:43,Chamber 1,28-031662211eff,25.5,%Bird,XXC,off
04/20/2023 06:27:03,Chamber 1,28-031662211eff,25.5,%Bird,XXC,off
04/20/2023 06:27:23,Chamber 1,28-031662211eff,25.5,%Bird,XXC,off
04/20/2023 06:27:43,Chamber 1,28-031662211eff,25.5,%Bird,XXC,off
04/20/2023 06:28:03,Chamber 1,28-031662211eff,25.5,%Bird,XXC,off
04/20/2023 06:28:23,Chamber 1,28-031662211eff,25.5,%Bird,XXC,off
04/20/2023 06:28:43,Chamber 1,28-031662211eff,25.5,%Bird,XXC,off
04/20/2023 06:29:03,Chamber 1,28-031662211eff,25.5,%Bird,XXC,off
04/20/2023 06:29:23,Chamber 1,28-031662211eff,25.562,%Bird,XXC,off
04/20/2023 06:29:43,Chamber 1,28-031662211eff,25.562,%Bird,XXC,off
04/20/2023 06:30:03,Chamber 1,28-031662211eff,25.562,%Bird,XXC,off
04/20/2023 06:30:23,Chamber 1,28-031662211eff,25.562,%Bird,XXC,off
04/20/2023 06:30:43,Chamber 1,28-031662211eff,25.562,%Bird,XXC,off
04/20/2023 06:31:03,Chamber 1,28-031662211eff,25.562,%Bird,XXC,off
04/20/2023 06:31:23,Chamber 1,28-031662211eff,25.562,%Bird,XXC,off
04/20/2023 06:31:43,Chamber 1,28-031662211eff,25.625,%Bird,XXC,off
04/20/2023 06:32:03,Chamber 1,28-031662211eff,25.625,%Bird,XXC,off
04/20/2023 06:32:23,Chamber 1,28-031662211eff,25.625,%Bird,XXC,off
04/20/2023 06:32:43,Chamber 1,28-031662211eff,25.625,%Bird,XXC,off
04/20/2023 06:33:03,Chamber 1,28-031662211eff,25.625,%Bird,XXC,off
04/20/2023 06:33:23,Chamber 1,28-031662211eff,25.625,%Bird,XXC,off
04/20/2023 06:33:43,Chamber 1,28-031662211eff,25.625,%Bird,XXC,off
04/20/2023 06:34:03,Chamber 1,28-031662211eff,25.625,%Bird,XXC,off
04/20/2023 06:34:23,Chamber 1,28-031662211eff,25.625,%Bird,XXC,off
04/20/2023 06:34:43,Chamber 1,28-031662211eff,25.625,%Bird,XXC,off
04/20/2023 06:35:03,Chamber 1,28-031662211eff,25.687,%Bird,XXC,off
04/20/2023 06:35:23,Chamber 1,28-031662211eff,25.687,%Bird,XXC,off
04/20/2023 06:35:43,Chamber 1,28-031662211eff,25.687,%Bird,XXC,off
04/20/2023 06:36:03,Chamber 1,28-031662211eff,25.687,%Bird,XXC,off
04/20/2023 06:36:23,Chamber 1,28-031662211eff,25.687,%Bird,XXC,off
04/20/2023 06:36:43,Chamber 1,28-031662211eff,25.687,%Bird,XXC,off
04/20/2023 06:37:03,Chamber 1,28-031662211eff,25.687,%Bird,XXC,off
04/20/2023 06:37:23,Chamber 1,28-031662211eff,25.687,%Bird,XXC,off
04/20/2023 06:37:43,Chamber 1,28-031662211eff,25.75,%Bird,XXC,off
04/20/2023 06:38:03,Chamber 1,28-031662211eff,25.75,%Bird,XXC,off
04/20/2023 06:38:23,Chamber 1,28-031662211eff,25.75,%Bird,XXC,off
04/20/2023 06:38:43,Chamber 1,28-031662211eff,25.75,%Bird,XXC,off
04/20/2023 06:39:03,Chamber 1,28-031662211eff,25.75,%Bird,XXC,off
04/20/2023 06:39:23,Chamber 1,28-031662211eff,25.75,%Bird,XXC,off
04/20/2023 06:39:43,Chamber 1,28-031662211eff,25.75,%Bird,XXC,off
04/20/2023 06:40:03,Chamber 1,28-031662211eff,25.75,%Bird,XXC,off
04/20/2023 06:40:23,Chamber 1,28-031662211eff,25.812,%Bird,XXC,off
04/20/2023 06:40:43,Chamber 1,28-031662211eff,25.75,%Bird,XXC,off
04/20/2023 06:41:03,Chamber 1,28-031662211eff,25.812,%Bird,XXC,off
04/20/2023 06:41:23,Chamber 1,28-031662211eff,25.812,%Bird,XXC,off
04/20/2023 06:41:43,Chamber 1,28-031662211eff,25.812,%Bird,XXC,off
04/20/2023 06:42:03,Chamber 1,28-031662211eff,25.812,%Bird,XXC,off
04/20/2023 06:42:23,Chamber 1,28-031662211eff,25.812,%Bird,XXC,off
04/20/2023 06:42:43,Chamber 1,28-031662211eff,25.812,%Bird,XXC,off
04/20/2023 06:43:03,Chamber 1,28-031662211eff,25.812,%Bird,XXC,off
04/20/2023 06:43:23,Chamber 1,28-031662211eff,25.812,%Bird,XXC,off
04/20/2023 06:43:43,Chamber 1,28-031662211eff,25.812,%Bird,XXC,off
04/20/2023 06:44:03,Chamber 1,28-031662211eff,25.812,%Bird,XXC,off
04/20/2023 06:44:23,Chamber 1,28-031662211eff,25.812,%Bird,XXC,off
04/20/2023 06:44:43,Chamber 1,28-031662211eff,25.812,%Bird,XXC,off
04/20/2023 06:45:03,Chamber 1,28-031662211eff,25.812,%Bird,XXC,off
04/20/2023 06:45:23,Chamber 1,28-031662211eff,25.812,%Bird,XXC,off
04/20/2023 06:45:43,Chamber 1,28-031662211eff,25.812,%Bird,XXC,off
04/20/2023 06:46:03,Chamber 1,28-031662211eff,25.875,%Bird,XXC,off
04/20/2023 06:46:23,Chamber 1,28-031662211eff,25.875,%Bird,XXC,off
04/20/2023 06:46:43,Chamber 1,28-031662211eff,25.875,%Bird,XXC,off
04/20/2023 06:47:03,Chamber 1,28-031662211eff,25.875,%Bird,XXC,off
04/20/2023 06:47:23,Chamber 1,28-031662211eff,25.875,%Bird,XXC,off
04/20/2023 06:47:43,Chamber 1,28-031662211eff,25.875,%Bird,XXC,off
04/20/2023 06:48:03,Chamber 1,28-031662211eff,25.875,%Bird,XXC,off
04/20/2023 06:48:23,Chamber 1,28-031662211eff,25.875,%Bird,XXC,off
04/20/2023 06:48:43,Chamber 1,28-031662211eff,25.875,%Bird,XXC,off
04/20/2023 06:49:03,Chamber 1,28-031662211eff,25.875,%Bird,XXC,off
04/20/2023 06:49:23,Chamber 1,28-031662211eff,25.937,%Bird,XXC,off
04/20/2023 06:49:43,Chamber 1,28-031662211eff,25.937,%Bird,XXC,off
04/20/2023 06:50:03,Chamber 1,28-031662211eff,25.937,%Bird,XXC,off
04/20/2023 06:50:23,Chamber 1,28-031662211eff,25.937,%Bird,XXC,off
04/20/2023 06:50:43,Chamber 1,28-031662211eff,25.937,%Bird,XXC,off
04/20/2023 06:51:03,Chamber 1,28-031662211eff,25.937,%Bird,XXC,off
04/20/2023 06:51:23,Chamber 1,28-031662211eff,25.937,%Bird,XXC,off
04/20/2023 06:51:43,Chamber 1,28-031662211eff,25.937,%Bird,XXC,off
04/20/2023 06:52:03,Chamber 1,28-031662211eff,25.937,%Bird,XXC,off
04/20/2023 06:52:23,Chamber 1,28-031662211eff,26.0,%Bird,XXC,off
04/20/2023 06:52:43,Chamber 1,28-031662211eff,26.0,%Bird,XXC,off
04/20/2023 06:53:03,Chamber 1,28-031662211eff,26.0,%Bird,XXC,off
04/20/2023 06:53:23,Chamber 1,28-031662211eff,26.0,%Bird,XXC,off
04/20/2023 06:53:43,Chamber 1,28-031662211eff,26.0,%Bird,XXC,off
04/20/2023 06:54:03,Chamber 1,28-031662211eff,26.0,%Bird,XXC,off
04/20/2023 06:54:23,Chamber 1,28-031662211eff,26.0,%Bird,XXC,off
04/20/2023 06:54:43,Chamber 1,28-031662211eff,26.0,%Bird,XXC,off
04/20/2023 06:55:03,Chamber 1,28-031662211eff,26.0,%Bird,XXC,off
04/20/2023 06:55:23,Chamber 1,28-031662211eff,26.0,%Bird,XXC,off
04/20/2023 06:55:45,Chamber 1,28-031662211eff,26.0,%Bird,XXC,off
04/20/2023 06:56:03,Chamber 1,28-031662211eff,26.0,%Bird,XXC,off
04/20/2023 06:56:23,Chamber 1,28-031662211eff,26.0,%Bird,XXC,off
04/20/2023 06:56:43,Chamber 1,28-031662211eff,26.0,%Bird,XXC,off
04/20/2023 06:57:03,Chamber 1,28-031662211eff,26.0,%Bird,XXC,off
04/20/2023 06:57:23,Chamber 1,28-031662211eff,26.0,%Bird,XXC,off
04/20/2023 06:57:43,Chamber 1,28-031662211eff,26.0,%Bird,XXC,off
04/20/2023 06:58:03,Chamber 1,28-031662211eff,26.0,%Bird,XXC,off
04/20/2023 06:58:23,Chamber 1,28-031662211eff,26.0,%Bird,XXC,off
04/20/2023 06:58:43,Chamber 1,28-031662211eff,26.0,%Bird,XXC,off
04/20/2023 06:59:03,Chamber 1,28-031662211eff,26.0,%Bird,XXC,off
04/20/2023 06:59:23,Chamber 1,28-031662211eff,26.0,%Bird,XXC,off
04/20/2023 06:59:43,Chamber 1,28-031662211eff,26.062,%Bird,XXC,off
04/20/2023 07:00:02,Chamber 1,28-031662211eff,26.062,%Bird,XXC,off
04/20/2023 07:00:22,Chamber 1,28-031662211eff,26.062,%Bird,XXC,off
04/20/2023 07:00:42,Chamber 1,28-031662211eff,26.062,%Bird,XXC,off
04/20/2023 07:01:02,Chamber 1,28-031662211eff,26.062,%Bird,XXC,off
04/20/2023 07:01:22,Chamber 1,28-031662211eff,26.062,%Bird,XXC,off
04/20/2023 07:01:42,Chamber 1,28-031662211eff,26.062,%Bird,XXC,off
04/20/2023 07:02:02,Chamber 1,28-031662211eff,26.062,%Bird,XXC,off
04/20/2023 07:02:22,Chamber 1,28-031662211eff,26.062,%Bird,XXC,off
04/20/2023 07:02:42,Chamber 1,28-031662211eff,26.062,%Bird,XXC,off
04/20/2023 07:03:02,Chamber 1,28-031662211eff,26.062,%Bird,XXC,off
04/20/2023 07:03:22,Chamber 1,28-031662211eff,26.062,%Bird,XXC,off
04/20/2023 07:03:42,Chamber 1,28-031662211eff,26.062,%Bird,XXC,off
04/20/2023 07:04:02,Chamber 1,28-031662211eff,26.062,%Bird,XXC,off
04/20/2023 07:04:22,Chamber 1,28-031662211eff,26.062,%Bird,XXC,off
04/20/2023 07:04:42,Chamber 1,28-031662211eff,26.062,%Bird,XXC,off
04/20/2023 07:05:02,Chamber 1,28-031662211eff,26.062,%Bird,XXC,off
04/20/2023 07:05:22,Chamber 1,28-031662211eff,26.062,%Bird,XXC,off
04/20/2023 07:05:42,Chamber 1,28-031662211eff,26.062,%Bird,XXC,off
04/20/2023 07:06:02,Chamber 1,28-031662211eff,26.125,%Bird,XXC,off
04/20/2023 07:06:22,Chamber 1,28-031662211eff,26.125,%Bird,XXC,off
04/20/2023 07:06:42,Chamber 1,28-031662211eff,26.125,%Bird,XXC,off
04/20/2023 07:07:02,Chamber 1,28-031662211eff,26.125,%Bird,XXC,off
04/20/2023 07:07:22,Chamber 1,28-031662211eff,26.125,%Bird,XXC,off
04/20/2023 07:07:42,Chamber 1,28-031662211eff,26.125,%Bird,XXC,off
04/20/2023 07:08:02,Chamber 1,28-031662211eff,26.125,%Bird,XXC,off
04/20/2023 07:08:22,Chamber 1,28-031662211eff,26.125,%Bird,XXC,off
04/20/2023 07:08:42,Chamber 1,28-031662211eff,26.125,%Bird,XXC,off
04/20/2023 07:09:02,Chamber 1,28-031662211eff,26.125,%Bird,XXC,off
04/20/2023 07:09:23,Chamber 1,28-031662211eff,26.125,%Bird,XXC,off
04/20/2023 07:09:42,Chamber 1,28-031662211eff,26.125,%Bird,XXC,off
04/20/2023 07:10:02,Chamber 1,28-031662211eff,26.125,%Bird,XXC,off
04/20/2023 07:10:22,Chamber 1,28-031662211eff,26.125,%Bird,XXC,off
04/20/2023 07:10:42,Chamber 1,28-031662211eff,26.187,%Bird,XXC,off
04/20/2023 07:11:02,Chamber 1,28-031662211eff,26.187,%Bird,XXC,off
04/20/2023 07:11:22,Chamber 1,28-031662211eff,26.125,%Bird,XXC,off
04/20/2023 07:11:42,Chamber 1,28-031662211eff,26.125,%Bird,XXC,off
04/20/2023 07:12:02,Chamber 1,28-031662211eff,26.187,%Bird,XXC,off
04/20/2023 07:12:22,Chamber 1,28-031662211eff,26.187,%Bird,XXC,off
04/20/2023 07:12:42,Chamber 1,28-031662211eff,26.187,%Bird,XXC,off
04/20/2023 07:13:02,Chamber 1,28-031662211eff,26.187,%Bird,XXC,off
04/20/2023 07:13:22,Chamber 1,28-031662211eff,26.187,%Bird,XXC,off
04/20/2023 07:13:42,Chamber 1,28-031662211eff,26.187,%Bird,XXC,off
04/20/2023 07:14:02,Chamber 1,28-031662211eff,26.187,%Bird,XXC,off
04/20/2023 07:14:22,Chamber 1,28-031662211eff,26.187,%Bird,XXC,off
04/20/2023 07:14:42,Chamber 1,28-031662211eff,26.187,%Bird,XXC,off
04/20/2023 07:15:02,Chamber 1,28-031662211eff,26.187,%Bird,XXC,off
04/20/2023 07:15:22,Chamber 1,28-031662211eff,26.187,%Bird,XXC,off
04/20/2023 07:15:42,Chamber 1,28-031662211eff,26.187,%Bird,XXC,off
04/20/2023 07:16:02,Chamber 1,28-031662211eff,26.187,%Bird,XXC,off
04/20/2023 07:16:22,Chamber 1,28-031662211eff,26.187,%Bird,XXC,off
04/20/2023 07:16:42,Chamber 1,28-031662211eff,26.187,%Bird,XXC,off
04/20/2023 07:17:02,Chamber 1,28-031662211eff,26.187,%Bird,XXC,off
04/20/2023 07:17:22,Chamber 1,28-031662211eff,26.187,%Bird,XXC,off
04/20/2023 07:17:43,Chamber 1,28-031662211eff,26.187,%Bird,XXC,off
04/20/2023 07:18:02,Chamber 1,28-031662211eff,26.187,%Bird,XXC,off
04/20/2023 07:18:22,Chamber 1,28-031662211eff,26.187,%Bird,XXC,off
04/20/2023 07:18:43,Chamber 1,28-031662211eff,26.187,%Bird,XXC,off
04/20/2023 07:19:02,Chamber 1,28-031662211eff,26.187,%Bird,XXC,off
04/20/2023 07:19:22,Chamber 1,28-031662211eff,26.187,%Bird,XXC,off
04/20/2023 07:19:42,Chamber 1,28-031662211eff,26.187,%Bird,XXC,off
04/20/2023 07:20:02,Chamber 1,28-031662211eff,26.187,%Bird,XXC,off
04/20/2023 07:20:22,Chamber 1,28-031662211eff,26.187,%Bird,XXC,off
04/20/2023 07:20:42,Chamber 1,28-031662211eff,26.187,%Bird,XXC,off
04/20/2023 07:21:02,Chamber 1,28-031662211eff,26.187,%Bird,XXC,off
04/20/2023 07:21:22,Chamber 1,28-031662211eff,26.187,%Bird,XXC,off
04/20/2023 07:21:42,Chamber 1,28-031662211eff,26.187,%Bird,XXC,off
04/20/2023 07:22:02,Chamber 1,28-031662211eff,26.187,%Bird,XXC,off
04/20/2023 07:22:22,Chamber 1,28-031662211eff,26.187,%Bird,XXC,off
04/20/2023 07:22:42,Chamber 1,28-031662211eff,26.187,%Bird,XXC,off
04/20/2023 07:23:03,Chamber 1,28-031662211eff,26.187,%Bird,XXC,off
04/20/2023 07:23:22,Chamber 1,28-031662211eff,26.187,%Bird,XXC,off
04/20/2023 07:23:43,Chamber 1,28-031662211eff,26.187,%Bird,XXC,off
04/20/2023 07:24:02,Chamber 1,28-031662211eff,26.187,%Bird,XXC,off
04/20/2023 07:24:22,Chamber 1,28-031662211eff,26.25,%Bird,XXC,off
04/20/2023 07:24:42,Chamber 1,28-031662211eff,26.25,%Bird,XXC,off
04/20/2023 07:25:02,Chamber 1,28-031662211eff,26.25,%Bird,XXC,off
04/20/2023 07:25:22,Chamber 1,28-031662211eff,26.25,%Bird,XXC,off
04/20/2023 07:25:43,Chamber 1,28-031662211eff,26.25,%Bird,XXC,off
04/20/2023 07:26:02,Chamber 1,28-031662211eff,26.25,%Bird,XXC,off
04/20/2023 07:26:22,Chamber 1,28-031662211eff,26.187,%Bird,XXC,off
04/20/2023 07:26:42,Chamber 1,28-031662211eff,26.25,%Bird,XXC,off
04/20/2023 07:27:02,Chamber 1,28-031662211eff,26.25,%Bird,XXC,off
04/20/2023 07:27:22,Chamber 1,28-031662211eff,26.25,%Bird,XXC,off
04/20/2023 07:27:42,Chamber 1,28-031662211eff,26.25,%Bird,XXC,off
04/20/2023 07:28:02,Chamber 1,28-031662211eff,26.187,%Bird,XXC,off
04/20/2023 07:28:22,Chamber 1,28-031662211eff,26.187,%Bird,XXC,off
04/20/2023 07:28:42,Chamber 1,28-031662211eff,26.187,%Bird,XXC,off
04/20/2023 07:29:02,Chamber 1,28-031662211eff,26.187,%Bird,XXC,off
04/20/2023 07:29:22,Chamber 1,28-031662211eff,26.25,%Bird,XXC,off
04/20/2023 07:29:42,Chamber 1,28-031662211eff,26.187,%Bird,XXC,off
04/20/2023 07:30:02,Chamber 1,28-031662211eff,26.187,%Bird,XXC,off
04/20/2023 07:30:22,Chamber 1,28-031662211eff,26.187,%Bird,XXC,off
04/20/2023 07:30:42,Chamber 1,28-031662211eff,26.187,%Bird,XXC,off
04/20/2023 07:31:02,Chamber 1,28-031662211eff,26.187,%Bird,XXC,off
04/20/2023 07:31:22,Chamber 1,28-031662211eff,26.187,%Bird,XXC,off
04/20/2023 07:31:42,Chamber 1,28-031662211eff,26.25,%Bird,XXC,off
04/20/2023 07:32:02,Chamber 1,28-031662211eff,26.25,%Bird,XXC,off
04/20/2023 07:32:22,Chamber 1,28-031662211eff,26.25,%Bird,XXC,off
04/20/2023 07:32:42,Chamber 1,28-031662211eff,26.25,%Bird,XXC,off
04/20/2023 07:33:02,Chamber 1,28-031662211eff,26.25,%Bird,XXC,off
04/20/2023 07:33:22,Chamber 1,28-031662211eff,26.25,%Bird,XXC,off
04/20/2023 07:33:42,Chamber 1,28-031662211eff,26.25,%Bird,XXC,off
04/20/2023 07:34:02,Chamber 1,28-031662211eff,26.25,%Bird,XXC,off
04/20/2023 07:34:22,Chamber 1,28-031662211eff,26.25,%Bird,XXC,off
04/20/2023 07:34:42,Chamber 1,28-031662211eff,26.187,%Bird,XXC,off
04/20/2023 07:35:02,Chamber 1,28-031662211eff,26.25,%Bird,XXC,off
04/20/2023 07:35:22,Chamber 1,28-031662211eff,26.25,%Bird,XXC,off
04/20/2023 07:35:42,Chamber 1,28-031662211eff,26.25,%Bird,XXC,off
04/20/2023 07:36:02,Chamber 1,28-031662211eff,26.25,%Bird,XXC,off
04/20/2023 07:36:22,Chamber 1,28-031662211eff,26.25,%Bird,XXC,off
04/20/2023 07:36:42,Chamber 1,28-031662211eff,26.25,%Bird,XXC,off
04/20/2023 07:37:02,Chamber 1,28-031662211eff,26.25,%Bird,XXC,off
04/20/2023 07:37:22,Chamber 1,28-031662211eff,26.25,%Bird,XXC,off
04/20/2023 07:37:42,Chamber 1,28-031662211eff,26.25,%Bird,XXC,off
04/20/2023 07:38:03,Chamber 1,28-031662211eff,26.25,%Bird,XXC,off
04/20/2023 07:38:22,Chamber 1,28-031662211eff,26.25,%Bird,XXC,off
04/20/2023 07:38:42,Chamber 1,28-031662211eff,26.25,%Bird,XXC,off
04/20/2023 07:39:02,Chamber 1,28-031662211eff,26.25,%Bird,XXC,off
04/20/2023 07:39:22,Chamber 1,28-031662211eff,26.25,%Bird,XXC,off
04/20/2023 07:39:42,Chamber 1,28-031662211eff,26.25,%Bird,XXC,off
04/20/2023 07:40:02,Chamber 1,28-031662211eff,26.25,%Bird,XXC,off
04/20/2023 07:40:23,Chamber 1,28-031662211eff,26.25,%Bird,XXC,off
04/20/2023 07:40:42,Chamber 1,28-031662211eff,26.25,%Bird,XXC,off
04/20/2023 07:41:02,Chamber 1,28-031662211eff,26.25,%Bird,XXC,off
04/20/2023 07:41:22,Chamber 1,28-031662211eff,26.25,%Bird,XXC,off
04/20/2023 07:41:42,Chamber 1,28-031662211eff,26.25,%Bird,XXC,off
04/20/2023 07:42:02,Chamber 1,28-031662211eff,26.25,%Bird,XXC,off
04/20/2023 07:42:22,Chamber 1,28-031662211eff,26.25,%Bird,XXC,off
04/20/2023 07:42:42,Chamber 1,28-031662211eff,26.25,%Bird,XXC,off
04/20/2023 07:43:02,Chamber 1,28-031662211eff,26.25,%Bird,XXC,off
04/20/2023 07:43:22,Chamber 1,28-031662211eff,26.312,%Bird,XXC,off
04/20/2023 07:43:42,Chamber 1,28-031662211eff,26.25,%Bird,XXC,off
04/20/2023 07:44:02,Chamber 1,28-031662211eff,26.25,%Bird,XXC,off
04/20/2023 07:44:22,Chamber 1,28-031662211eff,26.25,%Bird,XXC,off
04/20/2023 07:44:42,Chamber 1,28-031662211eff,26.312,%Bird,XXC,off
04/20/2023 07:45:02,Chamber 1,28-031662211eff,26.312,%Bird,XXC,off
04/20/2023 07:45:22,Chamber 1,28-031662211eff,26.312,%Bird,XXC,off
04/20/2023 07:45:42,Chamber 1,28-031662211eff,26.312,%Bird,XXC,off
04/20/2023 07:46:03,Chamber 1,28-031662211eff,26.25,%Bird,XXC,off
04/20/2023 07:46:22,Chamber 1,28-031662211eff,26.25,%Bird,XXC,off
04/20/2023 07:46:42,Chamber 1,28-031662211eff,26.25,%Bird,XXC,off
04/20/2023 07:47:03,Chamber 1,28-031662211eff,26.25,%Bird,XXC,off
04/20/2023 07:47:22,Chamber 1,28-031662211eff,26.25,%Bird,XXC,off
04/20/2023 07:47:42,Chamber 1,28-031662211eff,26.25,%Bird,XXC,off
04/20/2023 07:48:02,Chamber 1,28-031662211eff,26.25,%Bird,XXC,off
04/20/2023 07:48:22,Chamber 1,28-031662211eff,26.25,%Bird,XXC,off
04/20/2023 07:48:42,Chamber 1,28-031662211eff,26.25,%Bird,XXC,off
04/20/2023 07:49:02,Chamber 1,28-031662211eff,26.25,%Bird,XXC,off
04/20/2023 07:49:22,Chamber 1,28-031662211eff,26.25,%Bird,XXC,off
04/20/2023 07:49:42,Chamber 1,28-031662211eff,26.312,%Bird,XXC,off
04/20/2023 07:50:02,Chamber 1,28-031662211eff,26.312,%Bird,XXC,off
04/20/2023 07:50:22,Chamber 1,28-031662211eff,26.312,%Bird,XXC,off
04/20/2023 07:50:42,Chamber 1,28-031662211eff,26.312,%Bird,XXC,off
04/20/2023 07:51:02,Chamber 1,28-031662211eff,26.312,%Bird,XXC,off
04/20/2023 07:51:22,Chamber 1,28-031662211eff,26.312,%Bird,XXC,off
04/20/2023 07:51:42,Chamber 1,28-031662211eff,26.312,%Bird,XXC,off
04/20/2023 07:52:02,Chamber 1,28-031662211eff,26.25,%Bird,XXC,off
04/20/2023 07:52:22,Chamber 1,28-031662211eff,26.25,%Bird,XXC,off
04/20/2023 07:52:42,Chamber 1,28-031662211eff,26.25,%Bird,XXC,off
04/20/2023 07:53:02,Chamber 1,28-031662211eff,26.25,%Bird,XXC,off
04/20/2023 07:53:22,Chamber 1,28-031662211eff,26.312,%Bird,XXC,off
04/20/2023 07:53:42,Chamber 1,28-031662211eff,26.25,%Bird,XXC,off
04/20/2023 07:54:02,Chamber 1,28-031662211eff,26.25,%Bird,XXC,off
04/20/2023 07:54:22,Chamber 1,28-031662211eff,26.25,%Bird,XXC,off
04/20/2023 07:54:42,Chamber 1,28-031662211eff,26.25,%Bird,XXC,off
04/20/2023 07:55:02,Chamber 1,28-031662211eff,26.25,%Bird,XXC,off
04/20/2023 07:55:22,Chamber 1,28-031662211eff,26.25,%Bird,XXC,off
04/20/2023 07:55:42,Chamber 1,28-031662211eff,26.25,%Bird,XXC,off
04/20/2023 07:56:02,Chamber 1,28-031662211eff,26.312,%Bird,XXC,off
04/20/2023 07:56:22,Chamber 1,28-031662211eff,26.25,%Bird,XXC,off
04/20/2023 07:56:42,Chamber 1,28-031662211eff,26.25,%Bird,XXC,off
04/20/2023 07:57:02,Chamber 1,28-031662211eff,26.25,%Bird,XXC,off
04/20/2023 07:57:22,Chamber 1,28-031662211eff,26.25,%Bird,XXC,off
04/20/2023 07:57:42,Chamber 1,28-031662211eff,26.25,%Bird,XXC,off
04/20/2023 07:58:02,Chamber 1,28-031662211eff,26.25,%Bird,XXC,off
04/20/2023 07:58:22,Chamber 1,28-031662211eff,26.25,%Bird,XXC,off
04/20/2023 07:58:42,Chamber 1,28-031662211eff,26.25,%Bird,XXC,off
04/20/2023 07:59:02,Chamber 1,28-031662211eff,26.25,%Bird,XXC,off
04/20/2023 07:59:22,Chamber 1,28-031662211eff,26.25,%Bird,XXC,off
04/20/2023 07:59:42,Chamber 1,28-031662211eff,26.25,%Bird,XXC,off
04/20/2023 08:00:03,Chamber 1,28-031662211eff,26.25,%Bird,XXC,off
04/20/2023 08:00:23,Chamber 1,28-031662211eff,26.25,%Bird,XXC,off
04/20/2023 08:00:43,Chamber 1,28-031662211eff,26.25,%Bird,XXC,off
04/20/2023 08:01:03,Chamber 1,28-031662211eff,26.312,%Bird,XXC,off
04/20/2023 08:01:23,Chamber 1,28-031662211eff,26.25,%Bird,XXC,off
04/20/2023 08:01:44,Chamber 1,28-031662211eff,26.312,%Bird,XXC,off
04/20/2023 08:02:04,Chamber 1,28-031662211eff,26.312,%Bird,XXC,off
04/20/2023 08:02:23,Chamber 1,28-031662211eff,26.312,%Bird,XXC,off
04/20/2023 08:02:43,Chamber 1,28-031662211eff,26.312,%Bird,XXC,off
04/20/2023 08:03:04,Chamber 1,28-031662211eff,26.312,%Bird,XXC,off
04/20/2023 08:03:23,Chamber 1,28-031662211eff,26.312,%Bird,XXC,off
04/20/2023 08:03:43,Chamber 1,28-031662211eff,26.312,%Bird,XXC,off
04/20/2023 08:04:03,Chamber 1,28-031662211eff,26.312,%Bird,XXC,off
04/20/2023 08:04:23,Chamber 1,28-031662211eff,26.312,%Bird,XXC,off
04/20/2023 08:04:43,Chamber 1,28-031662211eff,26.312,%Bird,XXC,off
04/20/2023 08:05:03,Chamber 1,28-031662211eff,26.312,%Bird,XXC,off
04/20/2023 08:05:23,Chamber 1,28-031662211eff,26.312,%Bird,XXC,off
04/20/2023 08:05:43,Chamber 1,28-031662211eff,26.312,%Bird,XXC,off
04/20/2023 08:06:03,Chamber 1,28-031662211eff,26.312,%Bird,XXC,off
04/20/2023 08:06:23,Chamber 1,28-031662211eff,26.312,%Bird,XXC,off
04/20/2023 08:06:43,Chamber 1,28-031662211eff,26.312,%Bird,XXC,off
04/20/2023 08:07:03,Chamber 1,28-031662211eff,26.312,%Bird,XXC,off
04/20/2023 08:07:23,Chamber 1,28-031662211eff,26.312,%Bird,XXC,off
04/20/2023 08:07:43,Chamber 1,28-031662211eff,26.312,%Bird,XXC,off
04/20/2023 08:08:03,Chamber 1,28-031662211eff,26.312,%Bird,XXC,off
04/20/2023 08:08:23,Chamber 1,28-031662211eff,26.312,%Bird,XXC,off
04/20/2023 08:08:43,Chamber 1,28-031662211eff,26.312,%Bird,XXC,off
04/20/2023 08:09:03,Chamber 1,28-031662211eff,26.312,%Bird,XXC,off
04/20/2023 08:09:23,Chamber 1,28-031662211eff,26.312,%Bird,XXC,off
04/20/2023 08:09:44,Chamber 1,28-031662211eff,26.312,%Bird,XXC,off
04/20/2023 08:10:03,Chamber 1,28-031662211eff,26.312,%Bird,XXC,off
04/20/2023 08:10:23,Chamber 1,28-031662211eff,26.312,%Bird,XXC,off
04/20/2023 08:10:43,Chamber 1,28-031662211eff,26.312,%Bird,XXC,off
04/20/2023 08:11:03,Chamber 1,28-031662211eff,26.312,%Bird,XXC,off
04/20/2023 08:11:23,Chamber 1,28-031662211eff,26.312,%Bird,XXC,off
04/20/2023 08:11:43,Chamber 1,28-031662211eff,26.312,%Bird,XXC,off
04/20/2023 08:12:03,Chamber 1,28-031662211eff,26.375,%Bird,XXC,off
04/20/2023 08:12:23,Chamber 1,28-031662211eff,26.375,%Bird,XXC,off
04/20/2023 08:12:43,Chamber 1,28-031662211eff,26.375,%Bird,XXC,off
04/20/2023 08:13:03,Chamber 1,28-031662211eff,26.312,%Bird,XXC,off
04/20/2023 08:13:23,Chamber 1,28-031662211eff,26.312,%Bird,XXC,off
04/20/2023 08:13:43,Chamber 1,28-031662211eff,26.312,%Bird,XXC,off
04/20/2023 08:14:03,Chamber 1,28-031662211eff,26.312,%Bird,XXC,off
04/20/2023 08:14:23,Chamber 1,28-031662211eff,26.312,%Bird,XXC,off
04/20/2023 08:14:43,Chamber 1,28-031662211eff,26.375,%Bird,XXC,off
04/20/2023 08:15:03,Chamber 1,28-031662211eff,26.312,%Bird,XXC,off
04/20/2023 08:15:23,Chamber 1,28-031662211eff,26.312,%Bird,XXC,off
04/20/2023 08:15:43,Chamber 1,28-031662211eff,26.312,%Bird,XXC,off
04/20/2023 08:16:03,Chamber 1,28-031662211eff,26.312,%Bird,XXC,off
04/20/2023 08:16:23,Chamber 1,28-031662211eff,26.312,%Bird,XXC,off
04/20/2023 08:16:43,Chamber 1,28-031662211eff,26.312,%Bird,XXC,off
04/20/2023 08:17:03,Chamber 1,28-031662211eff,26.312,%Bird,XXC,off
04/20/2023 08:17:23,Chamber 1,28-031662211eff,26.375,%Bird,XXC,off
04/20/2023 08:17:43,Chamber 1,28-031662211eff,26.375,%Bird,XXC,off
04/20/2023 08:18:03,Chamber 1,28-031662211eff,26.375,%Bird,XXC,off
04/20/2023 08:18:23,Chamber 1,28-031662211eff,26.375,%Bird,XXC,off
04/20/2023 08:18:43,Chamber 1,28-031662211eff,26.375,%Bird,XXC,off
04/20/2023 08:19:03,Chamber 1,28-031662211eff,26.375,%Bird,XXC,off
04/20/2023 08:19:23,Chamber 1,28-031662211eff,26.375,%Bird,XXC,off
04/20/2023 08:19:43,Chamber 1,28-031662211eff,26.375,%Bird,XXC,off
04/20/2023 08:20:03,Chamber 1,28-031662211eff,26.375,%Bird,XXC,off
04/20/2023 08:20:23,Chamber 1,28-031662211eff,26.375,%Bird,XXC,off
04/20/2023 08:20:43,Chamber 1,28-031662211eff,26.375,%Bird,XXC,off
04/20/2023 08:21:03,Chamber 1,28-031662211eff,26.375,%Bird,XXC,off
04/20/2023 08:21:23,Chamber 1,28-031662211eff,26.375,%Bird,XXC,off
04/20/2023 08:21:43,Chamber 1,28-031662211eff,26.375,%Bird,XXC,off
04/20/2023 08:22:03,Chamber 1,28-031662211eff,26.375,%Bird,XXC,off
04/20/2023 08:22:23,Chamber 1,28-031662211eff,26.375,%Bird,XXC,off
04/20/2023 08:22:43,Chamber 1,28-031662211eff,26.375,%Bird,XXC,off
04/20/2023 08:23:03,Chamber 1,28-031662211eff,26.375,%Bird,XXC,off
04/20/2023 08:23:23,Chamber 1,28-031662211eff,26.375,%Bird,XXC,off
04/20/2023 08:23:43,Chamber 1,28-031662211eff,26.375,%Bird,XXC,off
04/20/2023 08:24:03,Chamber 1,28-031662211eff,26.375,%Bird,XXC,off
04/20/2023 08:24:23,Chamber 1,28-031662211eff,26.375,%Bird,XXC,off
04/20/2023 08:24:43,Chamber 1,28-031662211eff,26.375,%Bird,XXC,off
04/20/2023 08:25:04,Chamber 1,28-031662211eff,26.437,%Bird,XXC,off
04/20/2023 08:25:23,Chamber 1,28-031662211eff,26.375,%Bird,XXC,off
04/20/2023 08:25:43,Chamber 1,28-031662211eff,26.375,%Bird,XXC,off
04/20/2023 08:26:03,Chamber 1,28-031662211eff,26.437,%Bird,XXC,off
04/20/2023 08:26:23,Chamber 1,28-031662211eff,26.437,%Bird,XXC,off
04/20/2023 08:26:43,Chamber 1,28-031662211eff,26.437,%Bird,XXC,off
04/20/2023 08:27:03,Chamber 1,28-031662211eff,26.437,%Bird,XXC,off
04/20/2023 08:27:23,Chamber 1,28-031662211eff,26.437,%Bird,XXC,off
04/20/2023 08:27:43,Chamber 1,28-031662211eff,26.437,%Bird,XXC,off
04/20/2023 08:28:03,Chamber 1,28-031662211eff,26.437,%Bird,XXC,off
04/20/2023 08:28:23,Chamber 1,28-031662211eff,26.437,%Bird,XXC,off
04/20/2023 08:28:43,Chamber 1,28-031662211eff,26.437,%Bird,XXC,off
04/20/2023 08:29:03,Chamber 1,28-031662211eff,26.437,%Bird,XXC,off
04/20/2023 08:29:23,Chamber 1,28-031662211eff,26.437,%Bird,XXC,off
04/20/2023 08:29:43,Chamber 1,28-031662211eff,26.437,%Bird,XXC,off
04/20/2023 08:30:03,Chamber 1,28-031662211eff,26.437,%Bird,XXC,off
04/20/2023 08:30:23,Chamber 1,28-031662211eff,26.437,%Bird,XXC,off
04/20/2023 08:30:43,Chamber 1,28-031662211eff,26.5,%Bird,XXC,off
04/20/2023 08:31:03,Chamber 1,28-031662211eff,26.437,%Bird,XXC,off
04/20/2023 08:31:23,Chamber 1,28-031662211eff,26.437,%Bird,XXC,off
04/20/2023 08:31:43,Chamber 1,28-031662211eff,26.437,%Bird,XXC,off
04/20/2023 08:32:03,Chamber 1,28-031662211eff,26.5,%Bird,XXC,off
04/20/2023 08:32:23,Chamber 1,28-031662211eff,26.5,%Bird,XXC,off
04/20/2023 08:32:43,Chamber 1,28-031662211eff,26.5,%Bird,XXC,off
04/20/2023 08:33:03,Chamber 1,28-031662211eff,26.5,%Bird,XXC,off
04/20/2023 08:33:23,Chamber 1,28-031662211eff,26.5,%Bird,XXC,off
04/20/2023 08:33:44,Chamber 1,28-031662211eff,26.5,%Bird,XXC,off
04/20/2023 08:34:03,Chamber 1,28-031662211eff,26.5,%Bird,XXC,off
04/20/2023 08:34:23,Chamber 1,28-031662211eff,26.5,%Bird,XXC,off
04/20/2023 08:34:43,Chamber 1,28-031662211eff,26.5,%Bird,XXC,off
04/20/2023 08:35:03,Chamber 1,28-031662211eff,26.5,%Bird,XXC,off
04/20/2023 08:35:23,Chamber 1,28-031662211eff,26.5,%Bird,XXC,off
04/20/2023 08:35:43,Chamber 1,28-031662211eff,26.5,%Bird,XXC,off
04/20/2023 08:36:03,Chamber 1,28-031662211eff,26.5,%Bird,XXC,off
04/20/2023 08:36:23,Chamber 1,28-031662211eff,26.5,%Bird,XXC,off
04/20/2023 08:36:43,Chamber 1,28-031662211eff,26.5,%Bird,XXC,off
04/20/2023 08:37:03,Chamber 1,28-031662211eff,26.5,%Bird,XXC,off
04/20/2023 08:37:23,Chamber 1,28-031662211eff,26.5,%Bird,XXC,off
04/20/2023 08:37:44,Chamber 1,28-031662211eff,26.5,%Bird,XXC,off
04/20/2023 08:38:03,Chamber 1,28-031662211eff,26.5,%Bird,XXC,off
04/20/2023 08:38:23,Chamber 1,28-031662211eff,26.5,%Bird,XXC,off
04/20/2023 08:38:43,Chamber 1,28-031662211eff,26.5,%Bird,XXC,off
04/20/2023 08:39:03,Chamber 1,28-031662211eff,26.5,%Bird,XXC,off
04/20/2023 08:39:23,Chamber 1,28-031662211eff,26.5,%Bird,XXC,off
04/20/2023 08:39:43,Chamber 1,28-031662211eff,26.562,%Bird,XXC,off
04/20/2023 08:40:03,Chamber 1,28-031662211eff,26.5,%Bird,XXC,off
04/20/2023 08:40:23,Chamber 1,28-031662211eff,26.5,%Bird,XXC,off
04/20/2023 08:40:43,Chamber 1,28-031662211eff,26.5,%Bird,XXC,off
04/20/2023 08:41:03,Chamber 1,28-031662211eff,26.562,%Bird,XXC,off
04/20/2023 08:41:23,Chamber 1,28-031662211eff,26.562,%Bird,XXC,off
04/20/2023 08:41:43,Chamber 1,28-031662211eff,26.562,%Bird,XXC,off
04/20/2023 08:42:03,Chamber 1,28-031662211eff,26.562,%Bird,XXC,off
04/20/2023 08:42:23,Chamber 1,28-031662211eff,26.562,%Bird,XXC,off
04/20/2023 08:42:43,Chamber 1,28-031662211eff,26.562,%Bird,XXC,off
04/20/2023 08:43:03,Chamber 1,28-031662211eff,26.562,%Bird,XXC,off
04/20/2023 08:43:23,Chamber 1,28-031662211eff,26.562,%Bird,XXC,off
04/20/2023 08:43:43,Chamber 1,28-031662211eff,26.562,%Bird,XXC,off
04/20/2023 08:44:03,Chamber 1,28-031662211eff,26.562,%Bird,XXC,off
04/20/2023 08:44:23,Chamber 1,28-031662211eff,26.562,%Bird,XXC,off
04/20/2023 08:44:43,Chamber 1,28-031662211eff,26.562,%Bird,XXC,off
04/20/2023 08:45:03,Chamber 1,28-031662211eff,26.562,%Bird,XXC,off
04/20/2023 08:45:24,Chamber 1,28-031662211eff,26.562,%Bird,XXC,off
04/20/2023 08:45:43,Chamber 1,28-031662211eff,26.562,%Bird,XXC,off
04/20/2023 08:46:03,Chamber 1,28-031662211eff,26.562,%Bird,XXC,off
04/20/2023 08:46:23,Chamber 1,28-031662211eff,26.562,%Bird,XXC,off
04/20/2023 08:46:43,Chamber 1,28-031662211eff,26.625,%Bird,XXC,off
04/20/2023 08:47:04,Chamber 1,28-031662211eff,26.625,%Bird,XXC,off
04/20/2023 08:47:23,Chamber 1,28-031662211eff,26.625,%Bird,XXC,off
04/20/2023 08:47:43,Chamber 1,28-031662211eff,26.625,%Bird,XXC,off
04/20/2023 08:48:03,Chamber 1,28-031662211eff,26.625,%Bird,XXC,off
04/20/2023 08:48:23,Chamber 1,28-031662211eff,26.625,%Bird,XXC,off
04/20/2023 08:48:44,Chamber 1,28-031662211eff,26.625,%Bird,XXC,off
04/20/2023 08:49:03,Chamber 1,28-031662211eff,26.625,%Bird,XXC,off
04/20/2023 08:49:23,Chamber 1,28-031662211eff,26.625,%Bird,XXC,off
04/20/2023 08:49:43,Chamber 1,28-031662211eff,26.625,%Bird,XXC,off
04/20/2023 08:50:03,Chamber 1,28-031662211eff,26.687,%Bird,XXC,off
04/20/2023 08:50:24,Chamber 1,28-031662211eff,26.687,%Bird,XXC,off
04/20/2023 08:50:43,Chamber 1,28-031662211eff,26.687,%Bird,XXC,off
04/20/2023 08:51:03,Chamber 1,28-031662211eff,26.687,%Bird,XXC,off
04/20/2023 08:51:23,Chamber 1,28-031662211eff,26.687,%Bird,XXC,off
04/20/2023 08:51:43,Chamber 1,28-031662211eff,26.687,%Bird,XXC,off
04/20/2023 08:52:03,Chamber 1,28-031662211eff,26.687,%Bird,XXC,off
04/20/2023 08:52:23,Chamber 1,28-031662211eff,26.687,%Bird,XXC,off
04/20/2023 08:52:43,Chamber 1,28-031662211eff,26.687,%Bird,XXC,off
04/20/2023 08:53:03,Chamber 1,28-031662211eff,26.687,%Bird,XXC,off
04/20/2023 08:53:23,Chamber 1,28-031662211eff,26.75,%Bird,XXC,off
04/20/2023 08:53:43,Chamber 1,28-031662211eff,26.75,%Bird,XXC,off
04/20/2023 08:54:03,Chamber 1,28-031662211eff,26.75,%Bird,XXC,off
04/20/2023 08:54:23,Chamber 1,28-031662211eff,26.75,%Bird,XXC,off
04/20/2023 08:54:43,Chamber 1,28-031662211eff,26.75,%Bird,XXC,off
04/20/2023 08:55:03,Chamber 1,28-031662211eff,26.75,%Bird,XXC,off
04/20/2023 08:55:23,Chamber 1,28-031662211eff,26.75,%Bird,XXC,off
04/20/2023 08:55:43,Chamber 1,28-031662211eff,26.75,%Bird,XXC,off
04/20/2023 08:56:03,Chamber 1,28-031662211eff,26.75,%Bird,XXC,off
04/20/2023 08:56:23,Chamber 1,28-031662211eff,26.75,%Bird,XXC,off
04/20/2023 08:56:43,Chamber 1,28-031662211eff,26.75,%Bird,XXC,off
04/20/2023 08:57:03,Chamber 1,28-031662211eff,26.75,%Bird,XXC,off
04/20/2023 08:57:23,Chamber 1,28-031662211eff,26.75,%Bird,XXC,off
04/20/2023 08:57:43,Chamber 1,28-031662211eff,26.75,%Bird,XXC,off
04/20/2023 08:58:03,Chamber 1,28-031662211eff,26.75,%Bird,XXC,off
04/20/2023 08:58:23,Chamber 1,28-031662211eff,26.75,%Bird,XXC,off
04/20/2023 08:58:43,Chamber 1,28-031662211eff,26.812,%Bird,XXC,off
04/20/2023 08:59:03,Chamber 1,28-031662211eff,26.812,%Bird,XXC,off
04/20/2023 08:59:23,Chamber 1,28-031662211eff,26.812,%Bird,XXC,off
04/20/2023 08:59:43,Chamber 1,28-031662211eff,26.812,%Bird,XXC,off
04/20/2023 09:00:02,Chamber 1,28-031662211eff,26.812,%Bird,XXC,off
04/20/2023 09:00:23,Chamber 1,28-031662211eff,26.812,%Bird,XXC,off
04/20/2023 09:00:43,Chamber 1,28-031662211eff,26.812,%Bird,XXC,off
04/20/2023 09:01:03,Chamber 1,28-031662211eff,26.812,%Bird,XXC,off
04/20/2023 09:01:23,Chamber 1,28-031662211eff,26.812,%Bird,XXC,off
04/20/2023 09:01:43,Chamber 1,28-031662211eff,26.812,%Bird,XXC,off
04/20/2023 09:02:03,Chamber 1,28-031662211eff,26.812,%Bird,XXC,off
04/20/2023 09:02:23,Chamber 1,28-031662211eff,26.875,%Bird,XXC,off
04/20/2023 09:02:43,Chamber 1,28-031662211eff,26.937,%Bird,XXC,off
04/20/2023 09:03:03,Chamber 1,28-031662211eff,27.0,%Bird,XXC,off
04/20/2023 09:03:23,Chamber 1,28-031662211eff,27.125,%Bird,XXC,off
04/20/2023 09:03:43,Chamber 1,28-031662211eff,27.25,%Bird,XXC,off
04/20/2023 09:04:03,Chamber 1,28-031662211eff,27.437,%Bird,XXC,off
04/20/2023 09:04:23,Chamber 1,28-031662211eff,27.562,%Bird,XXC,off
04/20/2023 09:04:43,Chamber 1,28-031662211eff,27.75,%Bird,XXC,off
04/20/2023 09:05:03,Chamber 1,28-031662211eff,27.937,%Bird,XXC,off
04/20/2023 09:05:23,Chamber 1,28-031662211eff,28.125,%Bird,XXC,off
04/20/2023 09:05:43,Chamber 1,28-031662211eff,28.25,%Bird,XXC,off
04/20/2023 09:06:03,Chamber 1,28-031662211eff,28.437,%Bird,XXC,off
04/20/2023 09:06:23,Chamber 1,28-031662211eff,28.687,%Bird,XXC,off
04/20/2023 09:06:43,Chamber 1,28-031662211eff,28.812,%Bird,XXC,off
04/20/2023 09:07:03,Chamber 1,28-031662211eff,29.062,%Bird,XXC,off
04/20/2023 09:07:22,Chamber 1,28-031662211eff,29.25,%Bird,XXC,off
04/20/2023 09:07:43,Chamber 1,28-031662211eff,29.375,%Bird,XXC,off
04/20/2023 09:08:03,Chamber 1,28-031662211eff,29.562,%Bird,XXC,off
04/20/2023 09:08:23,Chamber 1,28-031662211eff,29.812,%Bird,XXC,off
04/20/2023 09:08:43,Chamber 1,28-031662211eff,30.0,%Bird,XXC,off
04/20/2023 09:09:03,Chamber 1,28-031662211eff,30.187,%Bird,XXC,off
04/20/2023 09:09:23,Chamber 1,28-031662211eff,30.375,%Bird,XXC,off
04/20/2023 09:09:43,Chamber 1,28-031662211eff,30.562,%Bird,XXC,off
04/20/2023 09:10:03,Chamber 1,28-031662211eff,30.75,%Bird,XXC,off
04/20/2023 09:10:23,Chamber 1,28-031662211eff,30.937,%Bird,XXC,off
04/20/2023 09:10:43,Chamber 1,28-031662211eff,31.125,%Bird,XXC,off
04/20/2023 09:11:03,Chamber 1,28-031662211eff,31.25,%Bird,XXC,off
04/20/2023 09:11:23,Chamber 1,28-031662211eff,31.437,%Bird,XXC,off
04/20/2023 09:11:43,Chamber 1,28-031662211eff,31.562,%Bird,XXC,off
04/20/2023 09:12:03,Chamber 1,28-031662211eff,31.75,%Bird,XXC,off
04/20/2023 09:12:23,Chamber 1,28-031662211eff,31.875,%Bird,XXC,off
04/20/2023 09:12:43,Chamber 1,28-031662211eff,32.0,%Bird,XXC,off
04/20/2023 09:13:03,Chamber 1,28-031662211eff,32.125,%Bird,XXC,off
04/20/2023 09:13:23,Chamber 1,28-031662211eff,32.25,%Bird,XXC,off
04/20/2023 09:13:43,Chamber 1,28-031662211eff,32.375,%Bird,XXC,off
04/20/2023 09:14:03,Chamber 1,28-031662211eff,32.437,%Bird,XXC,off
04/20/2023 09:14:23,Chamber 1,28-031662211eff,32.5,%Bird,XXC,off
