01/03/2023 10:00:02,Chamber 1,28-031662211eff,29.875,T257,40C,off
01/03/2023 10:00:22,Chamber 1,28-031662211eff,29.875,T257,40C,off
01/03/2023 10:00:42,Chamber 1,28-031662211eff,29.875,T257,40C,off
01/03/2023 10:01:02,Chamber 1,28-031662211eff,29.875,T257,40C,off
01/03/2023 10:01:22,Chamber 1,28-031662211eff,29.875,T257,40C,off
01/03/2023 10:01:42,Chamber 1,28-031662211eff,29.875,T257,40C,off
01/03/2023 10:02:02,Chamber 1,28-031662211eff,29.875,T257,40C,off
01/03/2023 10:02:22,Chamber 1,28-031662211eff,29.875,T257,40C,off
01/03/2023 10:02:42,Chamber 1,28-031662211eff,29.875,T257,40C,off
01/03/2023 10:03:03,Chamber 1,28-031662211eff,29.937,T257,40C,off
01/03/2023 10:03:22,Chamber 1,28-031662211eff,29.875,T257,40C,off
01/03/2023 10:03:42,Chamber 1,28-031662211eff,29.875,T257,40C,off
01/03/2023 10:04:03,Chamber 1,28-031662211eff,29.937,T257,40C,off
01/03/2023 10:04:23,Chamber 1,28-031662211eff,29.937,T257,40C,off
01/03/2023 10:04:42,Chamber 1,28-031662211eff,29.937,T257,40C,off
01/03/2023 10:05:02,Chamber 1,28-031662211eff,29.875,T257,40C,off
01/03/2023 10:05:22,Chamber 1,28-031662211eff,29.875,T257,40C,off
01/03/2023 10:05:42,Chamber 1,28-031662211eff,29.937,T257,40C,off
01/03/2023 10:06:02,Chamber 1,28-031662211eff,29.875,T257,40C,off
01/03/2023 10:06:22,Chamber 1,28-031662211eff,29.875,T257,40C,off
01/03/2023 10:06:42,Chamber 1,28-031662211eff,29.937,T257,40C,off
01/03/2023 10:07:02,Chamber 1,28-031662211eff,29.875,T257,40C,off
01/03/2023 10:07:22,Chamber 1,28-031662211eff,29.875,T257,40C,off
01/03/2023 10:07:42,Chamber 1,28-031662211eff,29.875,T257,40C,off
01/03/2023 10:08:02,Chamber 1,28-031662211eff,29.937,T257,40C,off
01/03/2023 10:08:22,Chamber 1,28-031662211eff,29.937,T257,40C,off
01/03/2023 10:08:43,Chamber 1,28-031662211eff,29.937,T257,40C,off
01/03/2023 10:09:02,Chamber 1,28-031662211eff,29.937,T257,40C,off
01/03/2023 10:09:22,Chamber 1,28-031662211eff,29.937,T257,40C,off
01/03/2023 10:09:42,Chamber 1,28-031662211eff,29.937,T257,40C,off
01/03/2023 10:10:02,Chamber 1,28-031662211eff,29.937,T257,40C,off
01/03/2023 10:10:22,Chamber 1,28-031662211eff,29.937,T257,40C,off
01/03/2023 10:10:42,Chamber 1,28-031662211eff,29.937,T257,40C,off
01/03/2023 10:11:03,Chamber 1,28-031662211eff,29.937,T257,40C,off
01/03/2023 10:11:22,Chamber 1,28-031662211eff,29.937,T257,40C,off
01/03/2023 10:11:43,Chamber 1,28-031662211eff,29.937,T257,40C,off
01/03/2023 10:12:02,Chamber 1,28-031662211eff,29.937,T257,40C,off
01/03/2023 10:12:22,Chamber 1,28-031662211eff,29.937,T257,40C,off
01/03/2023 10:12:42,Chamber 1,28-031662211eff,29.937,T257,40C,off
01/03/2023 10:13:02,Chamber 1,28-031662211eff,29.937,T257,40C,off
01/03/2023 10:13:22,Chamber 1,28-031662211eff,29.937,T257,40C,off
01/03/2023 10:13:43,Chamber 1,28-031662211eff,29.937,T257,40C,off
01/03/2023 10:14:02,Chamber 1,28-031662211eff,29.937,T257,40C,off
01/03/2023 10:14:22,Chamber 1,28-031662211eff,29.937,T257,40C,off
01/03/2023 10:14:42,Chamber 1,28-031662211eff,29.937,T257,40C,off
01/03/2023 10:15:02,Chamber 1,28-031662211eff,29.937,T257,40C,off
01/03/2023 10:15:22,Chamber 1,28-031662211eff,29.937,T257,40C,off
01/03/2023 10:15:42,Chamber 1,28-031662211eff,29.937,T257,40C,off
01/03/2023 10:16:02,Chamber 1,28-031662211eff,29.937,T257,40C,off
01/03/2023 10:16:22,Chamber 1,28-031662211eff,29.937,T257,40C,off
01/03/2023 10:16:42,Chamber 1,28-031662211eff,29.937,T257,40C,off
01/03/2023 10:17:02,Chamber 1,28-031662211eff,29.937,T257,40C,off
01/03/2023 10:17:22,Chamber 1,28-031662211eff,29.937,T257,40C,off
01/03/2023 10:17:42,Chamber 1,28-031662211eff,29.937,T257,40C,off
01/03/2023 10:18:02,Chamber 1,28-031662211eff,29.937,T257,40C,off
01/03/2023 10:18:22,Chamber 1,28-031662211eff,29.937,T257,40C,off
01/03/2023 10:18:42,Chamber 1,28-031662211eff,29.937,T257,40C,off
01/03/2023 10:19:02,Chamber 1,28-031662211eff,29.937,T257,40C,off
01/03/2023 10:19:22,Chamber 1,28-031662211eff,29.937,T257,40C,off
01/03/2023 10:19:42,Chamber 1,28-031662211eff,29.937,T257,40C,off
01/03/2023 10:20:02,Chamber 1,28-031662211eff,29.937,T257,40C,off
01/03/2023 10:20:22,Chamber 1,28-031662211eff,29.937,T257,40C,off
01/03/2023 10:20:42,Chamber 1,28-031662211eff,29.937,T257,40C,off
01/03/2023 10:21:02,Chamber 1,28-031662211eff,30.0,T257,40C,off
01/03/2023 10:21:22,Chamber 1,28-031662211eff,29.937,T257,40C,off
01/03/2023 10:21:42,Chamber 1,28-031662211eff,30.0,T257,40C,off
01/03/2023 10:22:02,Chamber 1,28-031662211eff,30.0,T257,40C,off
01/03/2023 10:22:22,Chamber 1,28-031662211eff,30.0,T257,40C,off
01/03/2023 10:22:42,Chamber 1,28-031662211eff,29.937,T257,40C,off
01/03/2023 10:23:02,Chamber 1,28-031662211eff,30.0,T257,40C,off
01/03/2023 10:23:22,Chamber 1,28-031662211eff,30.0,T257,40C,off
01/03/2023 10:23:42,Chamber 1,28-031662211eff,30.0,T257,40C,off
01/03/2023 10:24:02,Chamber 1,28-031662211eff,30.0,T257,40C,off
01/03/2023 10:24:22,Chamber 1,28-031662211eff,30.0,T257,40C,off
01/03/2023 10:24:42,Chamber 1,28-031662211eff,30.0,T257,40C,off
01/03/2023 10:25:02,Chamber 1,28-031662211eff,30.0,T257,40C,off
01/03/2023 10:25:22,Chamber 1,28-031662211eff,30.0,T257,40C,off
01/03/2023 10:25:42,Chamber 1,28-031662211eff,30.0,T257,40C,off
01/03/2023 10:26:02,Chamber 1,28-031662211eff,30.0,T257,40C,off
01/03/2023 10:26:22,Chamber 1,28-031662211eff,30.0,T257,40C,off
01/03/2023 10:26:42,Chamber 1,28-031662211eff,30.0,T257,40C,off
01/03/2023 10:27:02,Chamber 1,28-031662211eff,30.0,T257,40C,off
01/03/2023 10:27:22,Chamber 1,28-031662211eff,30.0,T257,40C,off
01/03/2023 10:27:42,Chamber 1,28-031662211eff,30.0,T257,40C,off
01/03/2023 10:28:02,Chamber 1,28-031662211eff,30.0,T257,40C,off
01/03/2023 10:28:22,Chamber 1,28-031662211eff,30.0,T257,40C,off
01/03/2023 10:28:42,Chamber 1,28-031662211eff,30.0,T257,40C,off
01/03/2023 10:29:02,Chamber 1,28-031662211eff,30.0,T257,40C,off
01/03/2023 10:29:22,Chamber 1,28-031662211eff,30.0,T257,40C,off
01/03/2023 10:29:42,Chamber 1,28-031662211eff,30.0,T257,40C,off
01/03/2023 10:30:02,Chamber 1,28-031662211eff,30.0,T257,40C,off
01/03/2023 10:30:22,Chamber 1,28-031662211eff,30.0,T257,40C,off
01/03/2023 10:30:42,Chamber 1,28-031662211eff,30.0,T257,40C,off
01/03/2023 10:31:02,Chamber 1,28-031662211eff,30.0,T257,40C,off
01/03/2023 10:31:22,Chamber 1,28-031662211eff,30.0,T257,40C,off
01/03/2023 10:31:42,Chamber 1,28-031662211eff,30.0,T257,40C,off
01/03/2023 10:32:02,Chamber 1,28-031662211eff,30.0,T257,40C,off
01/03/2023 10:32:22,Chamber 1,28-031662211eff,30.0,T257,40C,off
01/03/2023 10:32:42,Chamber 1,28-031662211eff,30.0,T257,40C,off
01/03/2023 10:33:02,Chamber 1,28-031662211eff,30.0,T257,40C,off
01/03/2023 10:33:22,Chamber 1,28-031662211eff,30.0,T257,40C,off
01/03/2023 10:33:42,Chamber 1,28-031662211eff,30.0,T257,40C,off
01/03/2023 10:34:02,Chamber 1,28-031662211eff,30.0,T257,40C,off
01/03/2023 10:34:22,Chamber 1,28-031662211eff,30.0,T257,40C,off
01/03/2023 10:34:42,Chamber 1,28-031662211eff,30.062,T257,40C,off
01/03/2023 10:35:02,Chamber 1,28-031662211eff,30.0,T257,40C,off
01/03/2023 10:35:22,Chamber 1,28-031662211eff,30.0,T257,40C,off
01/03/2023 10:35:42,Chamber 1,28-031662211eff,30.0,T257,40C,off
01/03/2023 10:36:02,Chamber 1,28-031662211eff,30.0,T257,40C,off
01/03/2023 10:36:22,Chamber 1,28-031662211eff,30.062,T257,40C,off
01/03/2023 10:36:42,Chamber 1,28-031662211eff,30.062,T257,40C,off
01/03/2023 10:37:02,Chamber 1,28-031662211eff,30.0,T257,40C,off
01/03/2023 10:37:22,Chamber 1,28-031662211eff,30.0,T257,40C,off
01/03/2023 10:37:42,Chamber 1,28-031662211eff,30.0,T257,40C,off
01/03/2023 10:38:02,Chamber 1,28-031662211eff,30.0,T257,40C,off
01/03/2023 10:38:22,Chamber 1,28-031662211eff,30.062,T257,40C,off
01/03/2023 10:38:42,Chamber 1,28-031662211eff,30.0,T257,40C,off
01/03/2023 10:39:02,Chamber 1,28-031662211eff,30.0,T257,40C,off
01/03/2023 10:39:22,Chamber 1,28-031662211eff,30.0,T257,40C,off
01/03/2023 10:39:42,Chamber 1,28-031662211eff,30.0,T257,40C,off
01/03/2023 10:40:02,Chamber 1,28-031662211eff,30.062,T257,40C,off
01/03/2023 10:40:22,Chamber 1,28-031662211eff,30.062,T257,40C,off
01/03/2023 10:40:42,Chamber 1,28-031662211eff,30.062,T257,40C,off
01/03/2023 10:41:02,Chamber 1,28-031662211eff,30.0,T257,40C,off
01/03/2023 10:41:22,Chamber 1,28-031662211eff,30.062,T257,40C,off
01/03/2023 10:41:42,Chamber 1,28-031662211eff,30.0,T257,40C,off
01/03/2023 10:42:02,Chamber 1,28-031662211eff,30.062,T257,40C,off
01/03/2023 10:42:22,Chamber 1,28-031662211eff,30.062,T257,40C,off
01/03/2023 10:42:42,Chamber 1,28-031662211eff,30.062,T257,40C,off
01/03/2023 10:43:02,Chamber 1,28-031662211eff,30.062,T257,40C,off
01/03/2023 10:43:22,Chamber 1,28-031662211eff,30.062,T257,40C,off
01/03/2023 10:43:42,Chamber 1,28-031662211eff,30.062,T257,40C,off
01/03/2023 10:44:02,Chamber 1,28-031662211eff,30.062,T257,40C,off
01/03/2023 10:44:22,Chamber 1,28-031662211eff,30.062,T257,40C,off
01/03/2023 10:44:42,Chamber 1,28-031662211eff,30.062,T257,40C,off
01/03/2023 10:45:02,Chamber 1,28-031662211eff,30.062,T257,40C,off
01/03/2023 10:45:22,Chamber 1,28-031662211eff,30.062,T257,40C,off
01/03/2023 10:45:42,Chamber 1,28-031662211eff,30.062,T257,40C,off
01/03/2023 10:46:02,Chamber 1,28-031662211eff,30.062,T257,40C,off
01/03/2023 10:46:22,Chamber 1,28-031662211eff,30.062,T257,40C,off
01/03/2023 10:46:42,Chamber 1,28-031662211eff,30.062,T257,40C,off
01/03/2023 10:47:02,Chamber 1,28-031662211eff,30.062,T257,40C,off
01/03/2023 10:47:22,Chamber 1,28-031662211eff,30.062,T257,40C,off
01/03/2023 10:47:42,Chamber 1,28-031662211eff,30.062,T257,40C,off
01/03/2023 10:48:02,Chamber 1,28-031662211eff,30.062,T257,40C,off
01/03/2023 10:48:22,Chamber 1,28-031662211eff,30.062,T257,40C,off
01/03/2023 10:48:42,Chamber 1,28-031662211eff,30.062,T257,40C,off
01/03/2023 10:49:02,Chamber 1,28-031662211eff,30.062,T257,40C,off
01/03/2023 10:49:22,Chamber 1,28-031662211eff,30.062,T257,40C,off
01/03/2023 10:49:42,Chamber 1,28-031662211eff,30.062,T257,40C,off
01/03/2023 10:50:02,Chamber 1,28-031662211eff,30.062,T257,40C,off
01/03/2023 10:50:22,Chamber 1,28-031662211eff,30.062,T257,40C,off
01/03/2023 10:50:42,Chamber 1,28-031662211eff,30.062,T257,40C,off
01/03/2023 10:51:02,Chamber 1,28-031662211eff,30.062,T257,40C,off
01/03/2023 10:51:22,Chamber 1,28-031662211eff,30.062,T257,40C,off
01/03/2023 10:51:42,Chamber 1,28-031662211eff,30.062,T257,40C,off
01/03/2023 10:52:02,Chamber 1,28-031662211eff,30.062,T257,40C,off
01/03/2023 10:52:22,Chamber 1,28-031662211eff,30.125,T257,40C,off
01/03/2023 10:52:42,Chamber 1,28-031662211eff,30.125,T257,40C,off
01/03/2023 10:53:02,Chamber 1,28-031662211eff,30.125,T257,40C,off
01/03/2023 10:53:22,Chamber 1,28-031662211eff,30.125,T257,40C,off
01/03/2023 10:53:42,Chamber 1,28-031662211eff,30.125,T257,40C,off
01/03/2023 10:54:02,Chamber 1,28-031662211eff,30.125,T257,40C,off
01/03/2023 10:54:22,Chamber 1,28-031662211eff,30.125,T257,40C,off
01/03/2023 10:54:42,Chamber 1,28-031662211eff,30.125,T257,40C,off
01/03/2023 10:55:02,Chamber 1,28-031662211eff,30.125,T257,40C,off
01/03/2023 10:55:22,Chamber 1,28-031662211eff,30.125,T257,40C,off
01/03/2023 10:55:42,Chamber 1,28-031662211eff,30.125,T257,40C,off
01/03/2023 10:56:02,Chamber 1,28-031662211eff,30.125,T257,40C,off
01/03/2023 10:56:22,Chamber 1,28-031662211eff,30.125,T257,40C,off
01/03/2023 10:56:42,Chamber 1,28-031662211eff,30.125,T257,40C,off
01/03/2023 10:57:02,Chamber 1,28-031662211eff,30.125,T257,40C,off
01/03/2023 10:57:22,Chamber 1,28-031662211eff,30.125,T257,40C,off
01/03/2023 10:57:42,Chamber 1,28-031662211eff,30.125,T257,40C,off
01/03/2023 10:58:02,Chamber 1,28-031662211eff,30.187,T257,40C,off
01/03/2023 10:58:22,Chamber 1,28-031662211eff,30.187,T257,40C,off
01/03/2023 10:58:42,Chamber 1,28-031662211eff,30.187,T257,40C,off
01/03/2023 10:59:02,Chamber 1,28-031662211eff,30.187,T257,40C,off
01/03/2023 10:59:22,Chamber 1,28-031662211eff,30.187,T257,40C,off
01/03/2023 10:59:42,Chamber 1,28-031662211eff,30.187,T257,40C,off
01/03/2023 11:00:02,Chamber 1,28-031662211eff,30.187,T257,40C,off
01/03/2023 11:00:22,Chamber 1,28-031662211eff,30.187,T257,40C,off
01/03/2023 11:00:42,Chamber 1,28-031662211eff,30.187,T257,40C,off
01/03/2023 11:01:02,Chamber 1,28-031662211eff,30.187,T257,40C,off
01/03/2023 11:01:22,Chamber 1,28-031662211eff,30.187,T257,40C,off
01/03/2023 11:01:42,Chamber 1,28-031662211eff,30.187,T257,40C,off
01/03/2023 11:02:02,Chamber 1,28-031662211eff,30.187,T257,40C,off
01/03/2023 11:02:22,Chamber 1,28-031662211eff,30.187,T257,40C,off
01/03/2023 11:02:42,Chamber 1,28-031662211eff,30.187,T257,40C,off
01/03/2023 11:03:02,Chamber 1,28-031662211eff,30.187,T257,40C,off
01/03/2023 11:03:22,Chamber 1,28-031662211eff,30.187,T257,40C,off
01/03/2023 11:03:42,Chamber 1,28-031662211eff,30.187,T257,40C,off
01/03/2023 11:04:03,Chamber 1,28-031662211eff,30.187,T257,40C,off
01/03/2023 11:04:22,Chamber 1,28-031662211eff,30.187,T257,40C,off
01/03/2023 11:04:42,Chamber 1,28-031662211eff,30.187,T257,40C,off
01/03/2023 11:05:02,Chamber 1,28-031662211eff,30.187,T257,40C,off
01/03/2023 11:05:22,Chamber 1,28-031662211eff,30.187,T257,40C,off
01/03/2023 11:05:42,Chamber 1,28-031662211eff,30.187,T257,40C,off
01/03/2023 11:06:02,Chamber 1,28-031662211eff,30.187,T257,40C,off
01/03/2023 11:06:22,Chamber 1,28-031662211eff,30.187,T257,40C,off
01/03/2023 11:06:42,Chamber 1,28-031662211eff,30.187,T257,40C,off
01/03/2023 11:07:02,Chamber 1,28-031662211eff,30.187,T257,40C,off
01/03/2023 11:07:22,Chamber 1,28-031662211eff,30.187,T257,40C,off
01/03/2023 11:07:42,Chamber 1,28-031662211eff,30.187,T257,40C,off
01/03/2023 11:08:02,Chamber 1,28-031662211eff,30.187,T257,40C,off
01/03/2023 11:08:22,Chamber 1,28-031662211eff,30.25,T257,40C,off
01/03/2023 11:08:42,Chamber 1,28-031662211eff,30.25,T257,40C,off
01/03/2023 11:09:02,Chamber 1,28-031662211eff,30.25,T257,40C,off
01/03/2023 11:09:22,Chamber 1,28-031662211eff,30.25,T257,40C,off
01/03/2023 11:09:42,Chamber 1,28-031662211eff,30.25,T257,40C,off
01/03/2023 11:10:02,Chamber 1,28-031662211eff,30.25,T257,40C,off
01/03/2023 11:10:22,Chamber 1,28-031662211eff,30.25,T257,40C,off
01/03/2023 11:10:42,Chamber 1,28-031662211eff,30.25,T257,40C,off
01/03/2023 11:11:02,Chamber 1,28-031662211eff,30.25,T257,40C,off
01/03/2023 11:11:22,Chamber 1,28-031662211eff,30.25,T257,40C,off
01/03/2023 11:11:42,Chamber 1,28-031662211eff,30.25,T257,40C,off
01/03/2023 11:12:02,Chamber 1,28-031662211eff,30.25,T257,40C,off
01/03/2023 11:12:22,Chamber 1,28-031662211eff,30.25,T257,40C,off
01/03/2023 11:12:42,Chamber 1,28-031662211eff,30.25,T257,40C,off
01/03/2023 11:13:02,Chamber 1,28-031662211eff,30.25,T257,40C,off
01/03/2023 11:13:22,Chamber 1,28-031662211eff,30.25,T257,40C,off
01/03/2023 11:13:42,Chamber 1,28-031662211eff,30.25,T257,40C,off
01/03/2023 11:14:02,Chamber 1,28-031662211eff,30.25,T257,40C,off
01/03/2023 11:14:22,Chamber 1,28-031662211eff,30.312,T257,40C,off
01/03/2023 11:14:42,Chamber 1,28-031662211eff,30.312,T257,40C,off
01/03/2023 11:15:02,Chamber 1,28-031662211eff,30.312,T257,40C,off
01/03/2023 11:15:22,Chamber 1,28-031662211eff,30.312,T257,40C,off
01/03/2023 11:15:42,Chamber 1,28-031662211eff,30.312,T257,40C,off
01/03/2023 11:16:02,Chamber 1,28-031662211eff,30.312,T257,40C,off
01/03/2023 11:16:22,Chamber 1,28-031662211eff,30.312,T257,40C,off
01/03/2023 11:16:42,Chamber 1,28-031662211eff,30.312,T257,40C,off
01/03/2023 11:17:02,Chamber 1,28-031662211eff,30.312,T257,40C,off
01/03/2023 11:17:22,Chamber 1,28-031662211eff,30.312,T257,40C,off
01/03/2023 11:17:42,Chamber 1,28-031662211eff,30.312,T257,40C,off
01/03/2023 11:18:02,Chamber 1,28-031662211eff,30.312,T257,40C,off
01/03/2023 11:18:22,Chamber 1,28-031662211eff,30.312,T257,40C,off
01/03/2023 11:18:42,Chamber 1,28-031662211eff,30.312,T257,40C,off
01/03/2023 11:19:02,Chamber 1,28-031662211eff,30.312,T257,40C,off
01/03/2023 11:19:22,Chamber 1,28-031662211eff,30.312,T257,40C,off
01/03/2023 11:19:42,Chamber 1,28-031662211eff,30.312,T257,40C,off
01/03/2023 11:20:02,Chamber 1,28-031662211eff,30.312,T257,40C,off
01/03/2023 11:20:22,Chamber 1,28-031662211eff,30.312,T257,40C,off
01/03/2023 11:20:42,Chamber 1,28-031662211eff,30.312,T257,40C,off
01/03/2023 11:21:02,Chamber 1,28-031662211eff,30.312,T257,40C,off
01/03/2023 11:21:22,Chamber 1,28-031662211eff,30.312,T257,40C,off
01/03/2023 11:21:42,Chamber 1,28-031662211eff,30.312,T257,40C,off
01/03/2023 11:22:02,Chamber 1,28-031662211eff,30.312,T257,40C,off
01/03/2023 11:22:22,Chamber 1,28-031662211eff,30.312,T257,40C,off
01/03/2023 11:22:42,Chamber 1,28-031662211eff,30.312,T257,40C,off
01/03/2023 11:23:02,Chamber 1,28-031662211eff,30.375,T257,40C,off
01/03/2023 11:23:22,Chamber 1,28-031662211eff,30.375,T257,40C,off
01/03/2023 11:23:42,Chamber 1,28-031662211eff,30.375,T257,40C,off
01/03/2023 11:24:02,Chamber 1,28-031662211eff,30.375,T257,40C,off
01/03/2023 11:24:22,Chamber 1,28-031662211eff,30.375,T257,40C,off
01/03/2023 11:24:42,Chamber 1,28-031662211eff,30.375,T257,40C,off
01/03/2023 11:25:02,Chamber 1,28-031662211eff,30.375,T257,40C,off
01/03/2023 11:25:22,Chamber 1,28-031662211eff,30.375,T257,40C,off
01/03/2023 11:25:42,Chamber 1,28-031662211eff,30.375,T257,40C,off
01/03/2023 11:26:02,Chamber 1,28-031662211eff,30.375,T257,40C,off
01/03/2023 11:26:22,Chamber 1,28-031662211eff,30.375,T257,40C,off
01/03/2023 11:26:42,Chamber 1,28-031662211eff,30.375,T257,40C,off
01/03/2023 11:27:02,Chamber 1,28-031662211eff,30.375,T257,40C,off
01/03/2023 11:27:22,Chamber 1,28-031662211eff,30.375,T257,40C,off
01/03/2023 11:27:42,Chamber 1,28-031662211eff,30.375,T257,40C,off
01/03/2023 11:28:02,Chamber 1,28-031662211eff,30.375,T257,40C,off
01/03/2023 11:28:22,Chamber 1,28-031662211eff,30.375,T257,40C,off
01/03/2023 11:28:42,Chamber 1,28-031662211eff,30.375,T257,40C,off
01/03/2023 11:29:02,Chamber 1,28-031662211eff,30.375,T257,40C,off
01/03/2023 11:29:22,Chamber 1,28-031662211eff,30.375,T257,40C,off
01/03/2023 11:29:42,Chamber 1,28-031662211eff,30.437,T257,40C,off
01/03/2023 11:30:02,Chamber 1,28-031662211eff,30.437,T257,40C,off
01/03/2023 11:30:22,Chamber 1,28-031662211eff,30.375,T257,40C,off
01/03/2023 11:30:42,Chamber 1,28-031662211eff,30.437,T257,40C,off
01/03/2023 11:31:02,Chamber 1,28-031662211eff,30.437,T257,40C,off
01/03/2023 11:31:22,Chamber 1,28-031662211eff,30.437,T257,40C,off
01/03/2023 11:31:42,Chamber 1,28-031662211eff,30.437,T257,40C,off
01/03/2023 11:32:02,Chamber 1,28-031662211eff,30.437,T257,40C,off
01/03/2023 11:32:22,Chamber 1,28-031662211eff,30.437,T257,40C,off
01/03/2023 11:32:42,Chamber 1,28-031662211eff,30.437,T257,40C,off
01/03/2023 11:33:02,Chamber 1,28-031662211eff,30.437,T257,40C,off
01/03/2023 11:33:22,Chamber 1,28-031662211eff,30.437,T257,40C,off
01/03/2023 11:33:42,Chamber 1,28-031662211eff,30.437,T257,40C,off
01/03/2023 11:34:02,Chamber 1,28-031662211eff,30.437,T257,40C,off
01/03/2023 11:34:22,Chamber 1,28-031662211eff,30.437,T257,40C,off
01/03/2023 11:34:42,Chamber 1,28-031662211eff,30.437,T257,40C,off
01/03/2023 11:35:02,Chamber 1,28-031662211eff,30.437,T257,40C,off
01/03/2023 11:35:22,Chamber 1,28-031662211eff,30.437,T257,40C,off
01/03/2023 11:35:42,Chamber 1,28-031662211eff,30.437,T257,40C,off
01/03/2023 11:36:02,Chamber 1,28-031662211eff,30.437,T257,40C,off
01/03/2023 11:36:22,Chamber 1,28-031662211eff,30.437,T257,40C,off
01/03/2023 11:36:42,Chamber 1,28-031662211eff,30.437,T257,40C,off
01/03/2023 11:37:02,Chamber 1,28-031662211eff,30.437,T257,40C,off
01/03/2023 11:37:22,Chamber 1,28-031662211eff,30.437,T257,40C,off
01/03/2023 11:37:42,Chamber 1,28-031662211eff,30.437,T257,40C,off
01/03/2023 11:38:02,Chamber 1,28-031662211eff,30.437,T257,40C,off
01/03/2023 11:38:22,Chamber 1,28-031662211eff,30.5,T257,40C,off
01/03/2023 11:38:42,Chamber 1,28-031662211eff,30.437,T257,40C,off
01/03/2023 11:39:02,Chamber 1,28-031662211eff,30.437,T257,40C,off
01/03/2023 11:39:22,Chamber 1,28-031662211eff,30.5,T257,40C,off
01/03/2023 11:39:42,Chamber 1,28-031662211eff,30.5,T257,40C,off
01/03/2023 11:40:02,Chamber 1,28-031662211eff,30.5,T257,40C,off
01/03/2023 11:40:22,Chamber 1,28-031662211eff,30.5,T257,40C,off
01/03/2023 11:40:42,Chamber 1,28-031662211eff,30.5,T257,40C,off
01/03/2023 11:41:02,Chamber 1,28-031662211eff,30.5,T257,40C,off
01/03/2023 11:41:22,Chamber 1,28-031662211eff,30.5,T257,40C,off
01/03/2023 11:41:42,Chamber 1,28-031662211eff,30.5,T257,40C,off
01/03/2023 11:42:02,Chamber 1,28-031662211eff,30.5,T257,40C,off
01/03/2023 11:42:22,Chamber 1,28-031662211eff,30.5,T257,40C,off
01/03/2023 11:42:42,Chamber 1,28-031662211eff,30.5,T257,40C,off
01/03/2023 11:43:02,Chamber 1,28-031662211eff,30.5,T257,40C,off
01/03/2023 11:43:22,Chamber 1,28-031662211eff,30.5,T257,40C,off
01/03/2023 11:43:42,Chamber 1,28-031662211eff,30.5,T257,40C,off
01/03/2023 11:44:02,Chamber 1,28-031662211eff,30.5,T257,40C,off
01/03/2023 11:44:22,Chamber 1,28-031662211eff,30.5,T257,40C,off
01/03/2023 11:44:42,Chamber 1,28-031662211eff,30.5,T257,40C,off
01/03/2023 11:45:02,Chamber 1,28-031662211eff,30.5,T257,40C,off
01/03/2023 11:45:22,Chamber 1,28-031662211eff,30.5,T257,40C,off
01/03/2023 11:45:42,Chamber 1,28-031662211eff,30.5,T257,40C,off
01/03/2023 11:46:02,Chamber 1,28-031662211eff,30.5,T257,40C,off
01/03/2023 11:46:22,Chamber 1,28-031662211eff,30.5,T257,40C,off
01/03/2023 11:46:43,Chamber 1,28-031662211eff,30.5,T257,40C,off
01/03/2023 11:47:02,Chamber 1,28-031662211eff,30.5,T257,40C,off
01/03/2023 11:47:22,Chamber 1,28-031662211eff,30.5,T257,40C,off
01/03/2023 11:47:43,Chamber 1,28-031662211eff,30.5,T257,40C,off
01/03/2023 11:48:02,Chamber 1,28-031662211eff,30.5,T257,40C,off
01/03/2023 11:48:22,Chamber 1,28-031662211eff,30.5,T257,40C,off
01/03/2023 11:48:42,Chamber 1,28-031662211eff,30.5,T257,40C,off
01/03/2023 11:49:02,Chamber 1,28-031662211eff,30.562,T257,40C,off
01/03/2023 11:49:22,Chamber 1,28-031662211eff,30.562,T257,40C,off
01/03/2023 11:49:42,Chamber 1,28-031662211eff,30.562,T257,40C,off
01/03/2023 11:50:02,Chamber 1,28-031662211eff,30.562,T257,40C,off
01/03/2023 11:50:22,Chamber 1,28-031662211eff,30.562,T257,40C,off
01/03/2023 11:50:42,Chamber 1,28-031662211eff,30.562,T257,40C,off
01/03/2023 11:51:02,Chamber 1,28-031662211eff,30.562,T257,40C,off
01/03/2023 11:51:22,Chamber 1,28-031662211eff,30.562,T257,40C,off
01/03/2023 11:51:42,Chamber 1,28-031662211eff,30.562,T257,40C,off
01/03/2023 11:52:02,Chamber 1,28-031662211eff,30.562,T257,40C,off
01/03/2023 11:52:22,Chamber 1,28-031662211eff,30.562,T257,40C,off
01/03/2023 11:52:42,Chamber 1,28-031662211eff,30.562,T257,40C,off
01/03/2023 11:53:02,Chamber 1,28-031662211eff,30.562,T257,40C,off
01/03/2023 11:53:22,Chamber 1,28-031662211eff,30.562,T257,40C,off
01/03/2023 11:53:42,Chamber 1,28-031662211eff,30.562,T257,40C,off
01/03/2023 11:54:02,Chamber 1,28-031662211eff,30.562,T257,40C,off
01/03/2023 11:54:22,Chamber 1,28-031662211eff,30.562,T257,40C,off
01/03/2023 11:54:42,Chamber 1,28-031662211eff,30.562,T257,40C,off
01/03/2023 11:55:02,Chamber 1,28-031662211eff,30.562,T257,40C,off
01/03/2023 11:55:22,Chamber 1,28-031662211eff,30.562,T257,40C,off
01/03/2023 11:55:42,Chamber 1,28-031662211eff,30.562,T257,40C,off
01/03/2023 11:56:02,Chamber 1,28-031662211eff,30.562,T257,40C,off
01/03/2023 11:56:22,Chamber 1,28-031662211eff,30.562,T257,40C,off
01/03/2023 11:56:42,Chamber 1,28-031662211eff,30.562,T257,40C,off
01/03/2023 11:57:02,Chamber 1,28-031662211eff,30.562,T257,40C,off
01/03/2023 11:57:22,Chamber 1,28-031662211eff,30.562,T257,40C,off
01/03/2023 11:57:42,Chamber 1,28-031662211eff,30.625,T257,40C,off
01/03/2023 11:58:02,Chamber 1,28-031662211eff,30.562,T257,40C,off
01/03/2023 11:58:22,Chamber 1,28-031662211eff,30.562,T257,40C,off
01/03/2023 11:58:42,Chamber 1,28-031662211eff,30.562,T257,40C,off
01/03/2023 11:59:02,Chamber 1,28-031662211eff,30.625,T257,40C,off
01/03/2023 11:59:22,Chamber 1,28-031662211eff,30.625,T257,40C,off
01/03/2023 11:59:42,Chamber 1,28-031662211eff,30.625,T257,40C,off
01/03/2023 12:00:02,Chamber 1,28-031662211eff,30.625,T257,40C,off
01/03/2023 12:00:22,Chamber 1,28-031662211eff,30.625,T257,40C,off
01/03/2023 12:00:42,Chamber 1,28-031662211eff,30.625,T257,40C,off
01/03/2023 12:01:02,Chamber 1,28-031662211eff,30.625,T257,40C,off
01/03/2023 12:01:22,Chamber 1,28-031662211eff,30.625,T257,40C,off
01/03/2023 12:01:42,Chamber 1,28-031662211eff,30.625,T257,40C,off
01/03/2023 12:02:02,Chamber 1,28-031662211eff,30.625,T257,40C,off
01/03/2023 12:02:22,Chamber 1,28-031662211eff,30.625,T257,40C,off
01/03/2023 12:02:42,Chamber 1,28-031662211eff,30.625,T257,40C,off
01/03/2023 12:03:02,Chamber 1,28-031662211eff,30.625,T257,40C,off
01/03/2023 12:03:22,Chamber 1,28-031662211eff,30.625,T257,40C,off
01/03/2023 12:03:42,Chamber 1,28-031662211eff,30.625,T257,40C,off
01/03/2023 12:04:02,Chamber 1,28-031662211eff,30.625,T257,40C,off
01/03/2023 12:04:22,Chamber 1,28-031662211eff,30.625,T257,40C,off
01/03/2023 12:04:42,Chamber 1,28-031662211eff,30.625,T257,40C,off
01/03/2023 12:05:02,Chamber 1,28-031662211eff,30.625,T257,40C,off
01/03/2023 12:05:22,Chamber 1,28-031662211eff,30.625,T257,40C,off
01/03/2023 12:05:42,Chamber 1,28-031662211eff,30.625,T257,40C,off
01/03/2023 12:06:02,Chamber 1,28-031662211eff,30.625,T257,40C,off
01/03/2023 12:06:22,Chamber 1,28-031662211eff,30.625,T257,40C,off
01/03/2023 12:06:42,Chamber 1,28-031662211eff,30.625,T257,40C,off
01/03/2023 12:07:02,Chamber 1,28-031662211eff,30.625,T257,40C,off
01/03/2023 12:07:22,Chamber 1,28-031662211eff,30.625,T257,40C,off
01/03/2023 12:07:42,Chamber 1,28-031662211eff,30.625,T257,40C,off
01/03/2023 12:08:02,Chamber 1,28-031662211eff,30.625,T257,40C,off
01/03/2023 12:08:22,Chamber 1,28-031662211eff,30.625,T257,40C,off
01/03/2023 12:08:42,Chamber 1,28-031662211eff,30.625,T257,40C,off
01/03/2023 12:09:02,Chamber 1,28-031662211eff,30.625,T257,40C,off
01/03/2023 12:09:22,Chamber 1,28-031662211eff,30.625,T257,40C,off
01/03/2023 12:09:42,Chamber 1,28-031662211eff,30.625,T257,40C,off
01/03/2023 12:10:02,Chamber 1,28-031662211eff,30.625,T257,40C,off
01/03/2023 12:10:22,Chamber 1,28-031662211eff,30.625,T257,40C,off
01/03/2023 12:10:42,Chamber 1,28-031662211eff,30.625,T257,40C,off
01/03/2023 12:11:02,Chamber 1,28-031662211eff,30.687,T257,40C,off
01/03/2023 12:11:22,Chamber 1,28-031662211eff,30.625,T257,40C,off
01/03/2023 12:11:42,Chamber 1,28-031662211eff,30.625,T257,40C,off
01/03/2023 12:12:02,Chamber 1,28-031662211eff,30.687,T257,40C,off
01/03/2023 12:12:22,Chamber 1,28-031662211eff,30.625,T257,40C,off
01/03/2023 12:12:42,Chamber 1,28-031662211eff,30.625,T257,40C,off
01/03/2023 12:13:02,Chamber 1,28-031662211eff,30.625,T257,40C,off
01/03/2023 12:13:22,Chamber 1,28-031662211eff,30.625,T257,40C,off
01/03/2023 12:13:42,Chamber 1,28-031662211eff,30.625,T257,40C,off
01/03/2023 12:14:02,Chamber 1,28-031662211eff,30.625,T257,40C,off
01/03/2023 12:14:22,Chamber 1,28-031662211eff,30.625,T257,40C,off
01/03/2023 12:14:42,Chamber 1,28-031662211eff,30.625,T257,40C,off
01/03/2023 12:15:02,Chamber 1,28-031662211eff,30.625,T257,40C,off
01/03/2023 12:15:22,Chamber 1,28-031662211eff,30.625,T257,40C,off
01/03/2023 12:15:42,Chamber 1,28-031662211eff,30.625,T257,40C,off
01/03/2023 12:16:03,Chamber 1,28-031662211eff,30.625,T257,40C,off
01/03/2023 12:16:22,Chamber 1,28-031662211eff,30.625,T257,40C,off
01/03/2023 12:16:42,Chamber 1,28-031662211eff,30.625,T257,40C,off
01/03/2023 12:17:02,Chamber 1,28-031662211eff,30.625,T257,40C,off
01/03/2023 12:17:22,Chamber 1,28-031662211eff,30.625,T257,40C,off
01/03/2023 12:17:42,Chamber 1,28-031662211eff,30.625,T257,40C,off
01/03/2023 12:18:02,Chamber 1,28-031662211eff,30.625,T257,40C,off
01/03/2023 12:18:22,Chamber 1,28-031662211eff,30.625,T257,40C,off
01/03/2023 12:18:42,Chamber 1,28-031662211eff,30.625,T257,40C,off
01/03/2023 12:19:02,Chamber 1,28-031662211eff,30.625,T257,40C,off
01/03/2023 12:19:22,Chamber 1,28-031662211eff,30.625,T257,40C,off
01/03/2023 12:19:42,Chamber 1,28-031662211eff,30.625,T257,40C,off
01/03/2023 12:20:02,Chamber 1,28-031662211eff,30.625,T257,40C,off
01/03/2023 12:20:22,Chamber 1,28-031662211eff,30.625,T257,40C,off
01/03/2023 12:20:42,Chamber 1,28-031662211eff,30.625,T257,40C,off
01/03/2023 12:21:02,Chamber 1,28-031662211eff,30.625,T257,40C,off
01/03/2023 12:21:22,Chamber 1,28-031662211eff,30.625,T257,40C,off
01/03/2023 12:21:42,Chamber 1,28-031662211eff,30.625,T257,40C,off
01/03/2023 12:22:02,Chamber 1,28-031662211eff,30.625,T257,40C,off
01/03/2023 12:22:22,Chamber 1,28-031662211eff,30.625,T257,40C,off
01/03/2023 12:22:42,Chamber 1,28-031662211eff,30.625,T257,40C,off
01/03/2023 12:23:02,Chamber 1,28-031662211eff,30.687,T257,40C,off
01/03/2023 12:23:22,Chamber 1,28-031662211eff,30.625,T257,40C,off
01/03/2023 12:23:42,Chamber 1,28-031662211eff,30.625,T257,40C,off
01/03/2023 12:24:03,Chamber 1,28-031662211eff,30.625,T257,40C,off
01/03/2023 12:24:23,Chamber 1,28-031662211eff,30.687,T257,40C,off
01/03/2023 12:24:42,Chamber 1,28-031662211eff,30.687,T257,40C,off
01/03/2023 12:25:02,Chamber 1,28-031662211eff,30.687,T257,40C,off
01/03/2023 12:25:22,Chamber 1,28-031662211eff,30.687,T257,40C,off
01/03/2023 12:25:42,Chamber 1,28-031662211eff,30.687,T257,40C,off
01/03/2023 12:26:02,Chamber 1,28-031662211eff,30.687,T257,40C,off
01/03/2023 12:26:23,Chamber 1,28-031662211eff,30.687,T257,40C,off
01/03/2023 12:26:42,Chamber 1,28-031662211eff,30.687,T257,40C,off
01/03/2023 12:27:02,Chamber 1,28-031662211eff,30.687,T257,40C,off
01/03/2023 12:27:22,Chamber 1,28-031662211eff,30.687,T257,40C,off
01/03/2023 12:27:42,Chamber 1,28-031662211eff,30.687,T257,40C,off
01/03/2023 12:28:02,Chamber 1,28-031662211eff,30.687,T257,40C,off
01/03/2023 12:28:22,Chamber 1,28-031662211eff,30.687,T257,40C,off
01/03/2023 12:28:42,Chamber 1,28-031662211eff,30.687,T257,40C,off
01/03/2023 12:29:02,Chamber 1,28-031662211eff,30.687,T257,40C,off
01/03/2023 12:29:22,Chamber 1,28-031662211eff,30.687,T257,40C,off
01/03/2023 12:29:42,Chamber 1,28-031662211eff,30.687,T257,40C,off
01/03/2023 12:30:02,Chamber 1,28-031662211eff,30.687,T257,40C,off
01/03/2023 12:30:22,Chamber 1,28-031662211eff,30.687,T257,40C,off
01/03/2023 12:30:42,Chamber 1,28-031662211eff,30.687,T257,40C,off
01/03/2023 12:31:02,Chamber 1,28-031662211eff,30.687,T257,40C,off
01/03/2023 12:31:22,Chamber 1,28-031662211eff,30.687,T257,40C,off
01/03/2023 12:31:42,Chamber 1,28-031662211eff,30.687,T257,40C,off
01/03/2023 12:32:02,Chamber 1,28-031662211eff,30.687,T257,40C,off
01/03/2023 12:32:22,Chamber 1,28-031662211eff,30.687,T257,40C,off
01/03/2023 12:32:42,Chamber 1,28-031662211eff,30.687,T257,40C,off
01/03/2023 12:33:02,Chamber 1,28-031662211eff,30.687,T257,40C,off
01/03/2023 12:33:22,Chamber 1,28-031662211eff,30.687,T257,40C,off
01/03/2023 12:33:42,Chamber 1,28-031662211eff,30.687,T257,40C,off
01/03/2023 12:34:02,Chamber 1,28-031662211eff,30.687,T257,40C,off
01/03/2023 12:34:22,Chamber 1,28-031662211eff,30.687,T257,40C,off
01/03/2023 12:34:42,Chamber 1,28-031662211eff,30.687,T257,40C,off
01/03/2023 12:35:02,Chamber 1,28-031662211eff,30.687,T257,40C,off
01/03/2023 12:35:22,Chamber 1,28-031662211eff,30.687,T257,40C,off
01/03/2023 12:35:42,Chamber 1,28-031662211eff,30.75,T257,40C,off
01/03/2023 12:36:02,Chamber 1,28-031662211eff,30.75,T257,40C,off
01/03/2023 12:36:22,Chamber 1,28-031662211eff,30.75,T257,40C,off
01/03/2023 12:36:42,Chamber 1,28-031662211eff,30.75,T257,40C,off
01/03/2023 12:37:02,Chamber 1,28-031662211eff,30.75,T257,40C,off
01/03/2023 12:37:22,Chamber 1,28-031662211eff,30.75,T257,40C,off
01/03/2023 12:37:42,Chamber 1,28-031662211eff,30.75,T257,40C,off
01/03/2023 12:38:02,Chamber 1,28-031662211eff,30.75,T257,40C,off
01/03/2023 12:38:22,Chamber 1,28-031662211eff,30.687,T257,40C,off
01/03/2023 12:38:42,Chamber 1,28-031662211eff,30.75,T257,40C,off
01/03/2023 12:39:02,Chamber 1,28-031662211eff,30.75,T257,40C,off
01/03/2023 12:39:22,Chamber 1,28-031662211eff,30.687,T257,40C,off
01/03/2023 12:39:42,Chamber 1,28-031662211eff,30.687,T257,40C,off
01/03/2023 12:40:02,Chamber 1,28-031662211eff,30.687,T257,40C,off
01/03/2023 12:40:22,Chamber 1,28-031662211eff,30.687,T257,40C,off
01/03/2023 12:40:42,Chamber 1,28-031662211eff,30.687,T257,40C,off
01/03/2023 12:41:02,Chamber 1,28-031662211eff,30.687,T257,40C,off
01/03/2023 12:41:22,Chamber 1,28-031662211eff,30.687,T257,40C,off
01/03/2023 12:41:42,Chamber 1,28-031662211eff,30.687,T257,40C,off
01/03/2023 12:42:02,Chamber 1,28-031662211eff,30.687,T257,40C,off
01/03/2023 12:42:23,Chamber 1,28-031662211eff,30.687,T257,40C,off
01/03/2023 12:42:42,Chamber 1,28-031662211eff,30.687,T257,40C,off
01/03/2023 12:43:02,Chamber 1,28-031662211eff,30.687,T257,40C,off
01/03/2023 12:43:22,Chamber 1,28-031662211eff,30.687,T257,40C,off
01/03/2023 12:43:42,Chamber 1,28-031662211eff,30.687,T257,40C,off
01/03/2023 12:44:02,Chamber 1,28-031662211eff,30.687,T257,40C,off
01/03/2023 12:44:22,Chamber 1,28-031662211eff,30.687,T257,40C,off
01/03/2023 12:44:42,Chamber 1,28-031662211eff,30.687,T257,40C,off
01/03/2023 12:45:02,Chamber 1,28-031662211eff,30.687,T257,40C,off
01/03/2023 12:45:22,Chamber 1,28-031662211eff,30.687,T257,40C,off
01/03/2023 12:45:42,Chamber 1,28-031662211eff,30.687,T257,40C,off
01/03/2023 12:46:02,Chamber 1,28-031662211eff,30.687,T257,40C,off
01/03/2023 12:46:22,Chamber 1,28-031662211eff,30.687,T257,40C,off
01/03/2023 12:46:42,Chamber 1,28-031662211eff,30.687,T257,40C,off
01/03/2023 12:47:02,Chamber 1,28-031662211eff,30.687,T257,40C,off
01/03/2023 12:47:22,Chamber 1,28-031662211eff,30.687,T257,40C,off
01/03/2023 12:47:42,Chamber 1,28-031662211eff,30.687,T257,40C,off
01/03/2023 12:48:03,Chamber 1,28-031662211eff,30.687,T257,40C,off
01/03/2023 12:48:22,Chamber 1,28-031662211eff,30.687,T257,40C,off
01/03/2023 12:48:42,Chamber 1,28-031662211eff,30.687,T257,40C,off
01/03/2023 12:49:02,Chamber 1,28-031662211eff,30.687,T257,40C,off
01/03/2023 12:49:22,Chamber 1,28-031662211eff,30.687,T257,40C,off
01/03/2023 12:49:42,Chamber 1,28-031662211eff,30.687,T257,40C,off
01/03/2023 12:50:02,Chamber 1,28-031662211eff,30.687,T257,40C,off
01/03/2023 12:50:22,Chamber 1,28-031662211eff,30.687,T257,40C,off
01/03/2023 12:50:42,Chamber 1,28-031662211eff,30.687,T257,40C,off
01/03/2023 12:51:02,Chamber 1,28-031662211eff,30.687,T257,40C,off
01/03/2023 12:51:22,Chamber 1,28-031662211eff,30.687,T257,40C,off
01/03/2023 12:51:42,Chamber 1,28-031662211eff,30.687,T257,40C,off
01/03/2023 12:52:02,Chamber 1,28-031662211eff,30.687,T257,40C,off
01/03/2023 12:52:22,Chamber 1,28-031662211eff,30.687,T257,40C,off
01/03/2023 12:52:42,Chamber 1,28-031662211eff,30.687,T257,40C,off
01/03/2023 12:53:02,Chamber 1,28-031662211eff,30.687,T257,40C,off
01/03/2023 12:53:22,Chamber 1,28-031662211eff,30.687,T257,40C,off
01/03/2023 12:53:42,Chamber 1,28-031662211eff,30.687,T257,40C,off
01/03/2023 12:54:02,Chamber 1,28-031662211eff,30.687,T257,40C,off
01/03/2023 12:54:22,Chamber 1,28-031662211eff,30.687,T257,40C,off
01/03/2023 12:54:42,Chamber 1,28-031662211eff,30.687,T257,40C,off
01/03/2023 12:55:02,Chamber 1,28-031662211eff,30.687,T257,40C,off
01/03/2023 12:55:22,Chamber 1,28-031662211eff,30.687,T257,40C,off
01/03/2023 12:55:42,Chamber 1,28-031662211eff,30.687,T257,40C,off
01/03/2023 12:56:02,Chamber 1,28-031662211eff,30.687,T257,40C,off
01/03/2023 12:56:22,Chamber 1,28-031662211eff,30.687,T257,40C,off
01/03/2023 12:56:42,Chamber 1,28-031662211eff,30.687,T257,40C,off
01/03/2023 12:57:02,Chamber 1,28-031662211eff,30.687,T257,40C,off
01/03/2023 12:57:22,Chamber 1,28-031662211eff,30.687,T257,40C,off
01/03/2023 12:57:42,Chamber 1,28-031662211eff,30.687,T257,40C,off
01/03/2023 12:58:02,Chamber 1,28-031662211eff,30.687,T257,40C,off
01/03/2023 12:58:22,Chamber 1,28-031662211eff,30.687,T257,40C,off
01/03/2023 12:58:42,Chamber 1,28-031662211eff,30.687,T257,40C,off
01/03/2023 12:59:02,Chamber 1,28-031662211eff,30.687,T257,40C,off
01/03/2023 12:59:22,Chamber 1,28-031662211eff,30.687,T257,40C,off
01/03/2023 12:59:42,Chamber 1,28-031662211eff,30.687,T257,40C,off
01/03/2023 13:00:02,Chamber 1,28-031662211eff,30.687,T257,40C,off
01/03/2023 13:00:22,Chamber 1,28-031662211eff,30.75,T257,40C,off
01/03/2023 13:00:42,Chamber 1,28-031662211eff,30.75,T257,40C,off
01/03/2023 13:01:02,Chamber 1,28-031662211eff,30.75,T257,40C,off
01/03/2023 13:01:22,Chamber 1,28-031662211eff,30.75,T257,40C,off
01/03/2023 13:01:42,Chamber 1,28-031662211eff,30.75,T257,40C,off
01/03/2023 13:02:02,Chamber 1,28-031662211eff,30.75,T257,40C,off
01/03/2023 13:02:22,Chamber 1,28-031662211eff,30.75,T257,40C,off
01/03/2023 13:02:42,Chamber 1,28-031662211eff,30.687,T257,40C,off
01/03/2023 13:03:02,Chamber 1,28-031662211eff,30.75,T257,40C,off
01/03/2023 13:03:22,Chamber 1,28-031662211eff,30.75,T257,40C,off
01/03/2023 13:03:42,Chamber 1,28-031662211eff,30.75,T257,40C,off
01/03/2023 13:04:02,Chamber 1,28-031662211eff,30.75,T257,40C,off
01/03/2023 13:04:22,Chamber 1,28-031662211eff,30.75,T257,40C,off
01/03/2023 13:04:42,Chamber 1,28-031662211eff,30.75,T257,40C,off
01/03/2023 13:05:02,Chamber 1,28-031662211eff,30.75,T257,40C,off
01/03/2023 13:05:22,Chamber 1,28-031662211eff,30.75,T257,40C,off
01/03/2023 13:05:42,Chamber 1,28-031662211eff,30.75,T257,40C,off
01/03/2023 13:06:02,Chamber 1,28-031662211eff,30.75,T257,40C,off
01/03/2023 13:06:22,Chamber 1,28-031662211eff,30.75,T257,40C,off
01/03/2023 13:06:42,Chamber 1,28-031662211eff,30.75,T257,40C,off
01/03/2023 13:07:02,Chamber 1,28-031662211eff,30.75,T257,40C,off
01/03/2023 13:07:22,Chamber 1,28-031662211eff,30.75,T257,40C,off
01/03/2023 13:07:42,Chamber 1,28-031662211eff,30.75,T257,40C,off
01/03/2023 13:08:02,Chamber 1,28-031662211eff,30.75,T257,40C,off
01/03/2023 13:08:22,Chamber 1,28-031662211eff,30.75,T257,40C,off
01/03/2023 13:08:42,Chamber 1,28-031662211eff,30.75,T257,40C,off
01/03/2023 13:09:02,Chamber 1,28-031662211eff,30.75,T257,40C,off
01/03/2023 13:09:22,Chamber 1,28-031662211eff,30.75,T257,40C,off
01/03/2023 13:09:42,Chamber 1,28-031662211eff,30.75,T257,40C,off
01/03/2023 13:10:02,Chamber 1,28-031662211eff,30.75,T257,40C,off
01/03/2023 13:10:22,Chamber 1,28-031662211eff,30.75,T257,40C,off
01/03/2023 13:10:42,Chamber 1,28-031662211eff,30.75,T257,40C,off
01/03/2023 13:11:02,Chamber 1,28-031662211eff,30.75,T257,40C,off
01/03/2023 13:11:22,Chamber 1,28-031662211eff,30.75,T257,40C,off
01/03/2023 13:11:42,Chamber 1,28-031662211eff,30.75,T257,40C,off
01/03/2023 13:12:02,Chamber 1,28-031662211eff,30.75,T257,40C,off
01/03/2023 13:12:22,Chamber 1,28-031662211eff,30.75,T257,40C,off
01/03/2023 13:12:42,Chamber 1,28-031662211eff,30.75,T257,40C,off
01/03/2023 13:13:02,Chamber 1,28-031662211eff,30.812,T257,40C,off
01/03/2023 13:13:22,Chamber 1,28-031662211eff,30.75,T257,40C,off
01/03/2023 13:13:42,Chamber 1,28-031662211eff,30.75,T257,40C,off
01/03/2023 13:14:02,Chamber 1,28-031662211eff,30.812,T257,40C,off
01/03/2023 13:14:22,Chamber 1,28-031662211eff,30.812,T257,40C,off
01/03/2023 13:14:42,Chamber 1,28-031662211eff,30.812,T257,40C,off
01/03/2023 13:15:02,Chamber 1,28-031662211eff,30.812,T257,40C,off
01/03/2023 13:15:22,Chamber 1,28-031662211eff,30.812,T257,40C,off
01/03/2023 13:15:42,Chamber 1,28-031662211eff,30.812,T257,40C,off
01/03/2023 13:16:02,Chamber 1,28-031662211eff,30.812,T257,40C,off
01/03/2023 13:16:22,Chamber 1,28-031662211eff,30.812,T257,40C,off
01/03/2023 13:16:42,Chamber 1,28-031662211eff,30.812,T257,40C,off
01/03/2023 13:17:02,Chamber 1,28-031662211eff,30.812,T257,40C,off
01/03/2023 13:17:22,Chamber 1,28-031662211eff,30.812,T257,40C,off
01/03/2023 13:17:42,Chamber 1,28-031662211eff,30.812,T257,40C,off
01/03/2023 13:18:02,Chamber 1,28-031662211eff,30.812,T257,40C,off
01/03/2023 13:18:22,Chamber 1,28-031662211eff,30.812,T257,40C,off
01/03/2023 13:18:42,Chamber 1,28-031662211eff,30.812,T257,40C,off
01/03/2023 13:19:02,Chamber 1,28-031662211eff,30.812,T257,40C,off
01/03/2023 13:19:22,Chamber 1,28-031662211eff,30.812,T257,40C,off
01/03/2023 13:19:42,Chamber 1,28-031662211eff,30.812,T257,40C,off
01/03/2023 13:20:02,Chamber 1,28-031662211eff,30.812,T257,40C,off
01/03/2023 13:20:22,Chamber 1,28-031662211eff,30.812,T257,40C,off
01/03/2023 13:20:42,Chamber 1,28-031662211eff,30.812,T257,40C,off
01/03/2023 13:21:02,Chamber 1,28-031662211eff,30.812,T257,40C,off
01/03/2023 13:21:22,Chamber 1,28-031662211eff,30.875,T257,40C,off
01/03/2023 13:21:42,Chamber 1,28-031662211eff,30.812,T257,40C,off
01/03/2023 13:22:02,Chamber 1,28-031662211eff,30.875,T257,40C,off
01/03/2023 13:22:22,Chamber 1,28-031662211eff,30.875,T257,40C,off
01/03/2023 13:22:42,Chamber 1,28-031662211eff,30.875,T257,40C,off
01/03/2023 13:23:02,Chamber 1,28-031662211eff,30.875,T257,40C,off
01/03/2023 13:23:22,Chamber 1,28-031662211eff,30.875,T257,40C,off
01/03/2023 13:23:42,Chamber 1,28-031662211eff,30.875,T257,40C,off
01/03/2023 13:24:02,Chamber 1,28-031662211eff,30.875,T257,40C,off
01/03/2023 13:24:22,Chamber 1,28-031662211eff,30.875,T257,40C,off
01/03/2023 13:24:42,Chamber 1,28-031662211eff,30.875,T257,40C,off
01/03/2023 13:25:02,Chamber 1,28-031662211eff,30.875,T257,40C,off
01/03/2023 13:25:22,Chamber 1,28-031662211eff,30.875,T257,40C,off
01/03/2023 13:25:42,Chamber 1,28-031662211eff,30.875,T257,40C,off
01/03/2023 13:26:02,Chamber 1,28-031662211eff,30.875,T257,40C,off
01/03/2023 13:26:22,Chamber 1,28-031662211eff,30.875,T257,40C,off
01/03/2023 13:26:42,Chamber 1,28-031662211eff,30.875,T257,40C,off
01/03/2023 13:27:02,Chamber 1,28-031662211eff,30.875,T257,40C,off
01/03/2023 13:27:22,Chamber 1,28-031662211eff,30.875,T257,40C,off
01/03/2023 13:27:42,Chamber 1,28-031662211eff,30.875,T257,40C,off
01/03/2023 13:28:02,Chamber 1,28-031662211eff,30.875,T257,40C,off
01/03/2023 13:28:22,Chamber 1,28-031662211eff,30.875,T257,40C,off
01/03/2023 13:28:42,Chamber 1,28-031662211eff,30.875,T257,40C,off
01/03/2023 13:29:02,Chamber 1,28-031662211eff,30.875,T257,40C,off
01/03/2023 13:29:22,Chamber 1,28-031662211eff,30.937,T257,40C,off
01/03/2023 13:29:42,Chamber 1,28-031662211eff,30.875,T257,40C,off
01/03/2023 13:30:02,Chamber 1,28-031662211eff,30.875,T257,40C,off
01/03/2023 13:30:22,Chamber 1,28-031662211eff,30.875,T257,40C,off
01/03/2023 13:30:43,Chamber 1,28-031662211eff,30.937,T257,40C,off
01/03/2023 13:31:02,Chamber 1,28-031662211eff,30.937,T257,40C,off
01/03/2023 13:31:22,Chamber 1,28-031662211eff,30.937,T257,40C,off
01/03/2023 13:31:42,Chamber 1,28-031662211eff,30.937,T257,40C,off
01/03/2023 13:32:02,Chamber 1,28-031662211eff,30.937,T257,40C,off
01/03/2023 13:32:22,Chamber 1,28-031662211eff,30.937,T257,40C,off
01/03/2023 13:32:42,Chamber 1,28-031662211eff,30.937,T257,40C,off
01/03/2023 13:33:02,Chamber 1,28-031662211eff,30.937,T257,40C,off
01/03/2023 13:33:22,Chamber 1,28-031662211eff,30.937,T257,40C,off
01/03/2023 13:33:42,Chamber 1,28-031662211eff,30.937,T257,40C,off
01/03/2023 13:34:02,Chamber 1,28-031662211eff,30.937,T257,40C,off
01/03/2023 13:34:22,Chamber 1,28-031662211eff,30.937,T257,40C,off
01/03/2023 13:34:42,Chamber 1,28-031662211eff,30.937,T257,40C,off
01/03/2023 13:35:02,Chamber 1,28-031662211eff,30.937,T257,40C,off
01/03/2023 13:35:22,Chamber 1,28-031662211eff,30.937,T257,40C,off
01/03/2023 13:35:42,Chamber 1,28-031662211eff,30.937,T257,40C,off
01/03/2023 13:36:02,Chamber 1,28-031662211eff,30.937,T257,40C,off
01/03/2023 13:36:22,Chamber 1,28-031662211eff,30.937,T257,40C,off
01/03/2023 13:36:42,Chamber 1,28-031662211eff,30.937,T257,40C,off
01/03/2023 13:37:02,Chamber 1,28-031662211eff,30.937,T257,40C,off
01/03/2023 13:37:22,Chamber 1,28-031662211eff,30.937,T257,40C,off
01/03/2023 13:37:42,Chamber 1,28-031662211eff,30.937,T257,40C,off
01/03/2023 13:38:02,Chamber 1,28-031662211eff,30.937,T257,40C,off
01/03/2023 13:38:22,Chamber 1,28-031662211eff,30.937,T257,40C,off
01/03/2023 13:38:42,Chamber 1,28-031662211eff,30.937,T257,40C,off
01/03/2023 13:39:02,Chamber 1,28-031662211eff,30.937,T257,40C,off
01/03/2023 13:39:22,Chamber 1,28-031662211eff,30.937,T257,40C,off
01/03/2023 13:39:42,Chamber 1,28-031662211eff,30.937,T257,40C,off
01/03/2023 13:40:02,Chamber 1,28-031662211eff,30.937,T257,40C,off
01/03/2023 13:40:22,Chamber 1,28-031662211eff,31.0,T257,40C,off
01/03/2023 13:40:42,Chamber 1,28-031662211eff,31.0,T257,40C,off
01/03/2023 13:41:02,Chamber 1,28-031662211eff,31.0,T257,40C,off
01/03/2023 13:41:22,Chamber 1,28-031662211eff,30.937,T257,40C,off
01/03/2023 13:41:42,Chamber 1,28-031662211eff,31.0,T257,40C,off
01/03/2023 13:42:02,Chamber 1,28-031662211eff,31.0,T257,40C,off
01/03/2023 13:42:22,Chamber 1,28-031662211eff,31.0,T257,40C,off
01/03/2023 13:42:42,Chamber 1,28-031662211eff,31.0,T257,40C,off
01/03/2023 13:43:02,Chamber 1,28-031662211eff,31.0,T257,40C,off
01/03/2023 13:43:22,Chamber 1,28-031662211eff,31.0,T257,40C,off
01/03/2023 13:43:42,Chamber 1,28-031662211eff,31.0,T257,40C,off
01/03/2023 13:44:02,Chamber 1,28-031662211eff,31.0,T257,40C,off
01/03/2023 13:44:22,Chamber 1,28-031662211eff,31.0,T257,40C,off
01/03/2023 13:44:43,Chamber 1,28-031662211eff,31.0,T257,40C,off
01/03/2023 13:45:02,Chamber 1,28-031662211eff,31.0,T257,40C,off
01/03/2023 13:45:22,Chamber 1,28-031662211eff,31.0,T257,40C,off
01/03/2023 13:45:42,Chamber 1,28-031662211eff,31.0,T257,40C,off
01/03/2023 13:46:02,Chamber 1,28-031662211eff,31.0,T257,40C,off
01/03/2023 13:46:22,Chamber 1,28-031662211eff,31.0,T257,40C,off
01/03/2023 13:46:42,Chamber 1,28-031662211eff,31.0,T257,40C,off
01/03/2023 13:47:02,Chamber 1,28-031662211eff,31.0,T257,40C,off
01/03/2023 13:47:22,Chamber 1,28-031662211eff,31.0,T257,40C,off
01/03/2023 13:47:42,Chamber 1,28-031662211eff,31.0,T257,40C,off
01/03/2023 13:48:02,Chamber 1,28-031662211eff,31.0,T257,40C,off
01/03/2023 13:48:22,Chamber 1,28-031662211eff,31.0,T257,40C,off
01/03/2023 13:48:42,Chamber 1,28-031662211eff,31.0,T257,40C,off
01/03/2023 13:49:02,Chamber 1,28-031662211eff,31.0,T257,40C,off
01/03/2023 13:49:22,Chamber 1,28-031662211eff,31.0,T257,40C,off
01/03/2023 13:49:42,Chamber 1,28-031662211eff,31.0,T257,40C,off
01/03/2023 13:50:02,Chamber 1,28-031662211eff,31.0,T257,40C,off
01/03/2023 13:50:22,Chamber 1,28-031662211eff,31.0,T257,40C,off
01/03/2023 13:50:42,Chamber 1,28-031662211eff,31.0,T257,40C,off
01/03/2023 13:51:02,Chamber 1,28-031662211eff,31.0,T257,40C,off
01/03/2023 13:51:22,Chamber 1,28-031662211eff,31.0,T257,40C,off
01/03/2023 13:51:42,Chamber 1,28-031662211eff,31.0,T257,40C,off
01/03/2023 13:52:02,Chamber 1,28-031662211eff,31.0,T257,40C,off
01/03/2023 13:52:22,Chamber 1,28-031662211eff,31.0,T257,40C,off
01/03/2023 13:52:42,Chamber 1,28-031662211eff,31.0,T257,40C,off
01/03/2023 13:53:02,Chamber 1,28-031662211eff,31.0,T257,40C,off
01/03/2023 13:53:22,Chamber 1,28-031662211eff,31.0,T257,40C,off
01/03/2023 13:53:42,Chamber 1,28-031662211eff,31.0,T257,40C,off
01/03/2023 13:54:02,Chamber 1,28-031662211eff,31.0,T257,40C,off
01/03/2023 13:54:22,Chamber 1,28-031662211eff,31.0,T257,40C,off
01/03/2023 13:54:42,Chamber 1,28-031662211eff,31.0,T257,40C,off
01/03/2023 13:55:02,Chamber 1,28-031662211eff,31.0,T257,40C,off
01/03/2023 13:55:22,Chamber 1,28-031662211eff,31.0,T257,40C,off
01/03/2023 13:55:43,Chamber 1,28-031662211eff,31.062,T257,40C,off
01/03/2023 13:56:02,Chamber 1,28-031662211eff,31.0,T257,40C,off
01/03/2023 13:56:22,Chamber 1,28-031662211eff,31.0,T257,40C,off
01/03/2023 13:56:42,Chamber 1,28-031662211eff,31.0,T257,40C,off
01/03/2023 13:57:02,Chamber 1,28-031662211eff,31.062,T257,40C,off
01/03/2023 13:57:22,Chamber 1,28-031662211eff,31.062,T257,40C,off
01/03/2023 13:57:42,Chamber 1,28-031662211eff,31.0,T257,40C,off
01/03/2023 13:58:02,Chamber 1,28-031662211eff,31.0,T257,40C,off
01/03/2023 13:58:22,Chamber 1,28-031662211eff,31.0,T257,40C,off
01/03/2023 13:58:42,Chamber 1,28-031662211eff,31.0,T257,40C,off
01/03/2023 13:59:02,Chamber 1,28-031662211eff,31.0,T257,40C,off
01/03/2023 13:59:22,Chamber 1,28-031662211eff,31.0,T257,40C,off
01/03/2023 13:59:42,Chamber 1,28-031662211eff,31.062,T257,40C,off
01/03/2023 14:00:02,Chamber 1,28-031662211eff,31.0,T257,40C,off
01/03/2023 14:00:22,Chamber 1,28-031662211eff,31.0,T257,40C,off
01/03/2023 14:00:42,Chamber 1,28-031662211eff,31.0,T257,40C,off
01/03/2023 14:01:02,Chamber 1,28-031662211eff,31.062,T257,40C,off
01/03/2023 14:01:22,Chamber 1,28-031662211eff,31.062,T257,40C,off
01/03/2023 14:01:42,Chamber 1,28-031662211eff,31.062,T257,40C,off
01/03/2023 14:02:02,Chamber 1,28-031662211eff,31.062,T257,40C,off
01/03/2023 14:02:22,Chamber 1,28-031662211eff,31.062,T257,40C,off
01/03/2023 14:02:42,Chamber 1,28-031662211eff,31.062,T257,40C,off
01/03/2023 14:03:02,Chamber 1,28-031662211eff,31.062,T257,40C,off
01/03/2023 14:03:22,Chamber 1,28-031662211eff,31.062,T257,40C,off
01/03/2023 14:03:42,Chamber 1,28-031662211eff,31.062,T257,40C,off
01/03/2023 14:04:02,Chamber 1,28-031662211eff,31.062,T257,40C,off
01/03/2023 14:04:22,Chamber 1,28-031662211eff,31.062,T257,40C,off
01/03/2023 14:04:42,Chamber 1,28-031662211eff,31.062,T257,40C,off
01/03/2023 14:05:02,Chamber 1,28-031662211eff,31.062,T257,40C,off
01/03/2023 14:05:22,Chamber 1,28-031662211eff,31.062,T257,40C,off
01/03/2023 14:05:42,Chamber 1,28-031662211eff,31.062,T257,40C,off
01/03/2023 14:06:02,Chamber 1,28-031662211eff,31.062,T257,40C,off
01/03/2023 14:06:22,Chamber 1,28-031662211eff,31.062,T257,40C,off
01/03/2023 14:06:42,Chamber 1,28-031662211eff,31.062,T257,40C,off
01/03/2023 14:07:02,Chamber 1,28-031662211eff,31.062,T257,40C,off
01/03/2023 14:07:22,Chamber 1,28-031662211eff,31.062,T257,40C,off
01/03/2023 14:07:42,Chamber 1,28-031662211eff,31.062,T257,40C,off
01/03/2023 14:08:02,Chamber 1,28-031662211eff,31.062,T257,40C,off
01/03/2023 14:08:22,Chamber 1,28-031662211eff,31.062,T257,40C,off
01/03/2023 14:08:42,Chamber 1,28-031662211eff,31.062,T257,40C,off
01/03/2023 14:09:02,Chamber 1,28-031662211eff,31.062,T257,40C,off
01/03/2023 14:09:22,Chamber 1,28-031662211eff,31.062,T257,40C,off
01/03/2023 14:09:43,Chamber 1,28-031662211eff,31.062,T257,40C,off
01/03/2023 14:10:02,Chamber 1,28-031662211eff,31.062,T257,40C,off
01/03/2023 14:10:22,Chamber 1,28-031662211eff,31.062,T257,40C,off
01/03/2023 14:10:42,Chamber 1,28-031662211eff,31.062,T257,40C,off
01/03/2023 14:11:02,Chamber 1,28-031662211eff,31.062,T257,40C,off
01/03/2023 14:11:22,Chamber 1,28-031662211eff,31.062,T257,40C,off
01/03/2023 14:11:42,Chamber 1,28-031662211eff,31.062,T257,40C,off
01/03/2023 14:12:02,Chamber 1,28-031662211eff,31.062,T257,40C,off
01/03/2023 14:12:22,Chamber 1,28-031662211eff,31.062,T257,40C,off
01/03/2023 14:12:42,Chamber 1,28-031662211eff,31.062,T257,40C,off
01/03/2023 14:13:02,Chamber 1,28-031662211eff,31.062,T257,40C,off
01/03/2023 14:13:22,Chamber 1,28-031662211eff,31.062,T257,40C,off
01/03/2023 14:13:42,Chamber 1,28-031662211eff,31.062,T257,40C,off
01/03/2023 14:14:02,Chamber 1,28-031662211eff,31.062,T257,40C,off
01/03/2023 14:14:22,Chamber 1,28-031662211eff,31.062,T257,40C,off
01/03/2023 14:14:42,Chamber 1,28-031662211eff,31.125,T257,40C,off
01/03/2023 14:15:02,Chamber 1,28-031662211eff,31.125,T257,40C,off
01/03/2023 14:15:22,Chamber 1,28-031662211eff,31.062,T257,40C,off
01/03/2023 14:15:42,Chamber 1,28-031662211eff,31.125,T257,40C,off
01/03/2023 14:16:02,Chamber 1,28-031662211eff,31.125,T257,40C,off
01/03/2023 14:16:22,Chamber 1,28-031662211eff,31.125,T257,40C,off
01/03/2023 14:16:42,Chamber 1,28-031662211eff,31.125,T257,40C,off
01/03/2023 14:17:02,Chamber 1,28-031662211eff,31.125,T257,40C,off
01/03/2023 14:17:22,Chamber 1,28-031662211eff,31.125,T257,40C,off
01/03/2023 14:17:42,Chamber 1,28-031662211eff,31.125,T257,40C,off
01/03/2023 14:18:02,Chamber 1,28-031662211eff,31.125,T257,40C,off
01/03/2023 14:18:22,Chamber 1,28-031662211eff,31.125,T257,40C,off
01/03/2023 14:18:42,Chamber 1,28-031662211eff,31.125,T257,40C,off
01/03/2023 14:19:02,Chamber 1,28-031662211eff,31.125,T257,40C,off
01/03/2023 14:19:22,Chamber 1,28-031662211eff,31.125,T257,40C,off
01/03/2023 14:19:42,Chamber 1,28-031662211eff,31.125,T257,40C,off
01/03/2023 14:20:02,Chamber 1,28-031662211eff,31.125,T257,40C,off
01/03/2023 14:20:23,Chamber 1,28-031662211eff,31.125,T257,40C,off
01/03/2023 14:20:42,Chamber 1,28-031662211eff,31.125,T257,40C,off
01/03/2023 14:21:02,Chamber 1,28-031662211eff,31.125,T257,40C,off
01/03/2023 14:21:22,Chamber 1,28-031662211eff,31.125,T257,40C,off
01/03/2023 14:21:42,Chamber 1,28-031662211eff,31.125,T257,40C,off
01/03/2023 14:22:02,Chamber 1,28-031662211eff,31.125,T257,40C,off
01/03/2023 14:22:22,Chamber 1,28-031662211eff,31.125,T257,40C,off
01/03/2023 14:22:42,Chamber 1,28-031662211eff,31.125,T257,40C,off
01/03/2023 14:23:02,Chamber 1,28-031662211eff,31.125,T257,40C,off
01/03/2023 14:23:22,Chamber 1,28-031662211eff,31.125,T257,40C,off
01/03/2023 14:23:42,Chamber 1,28-031662211eff,31.125,T257,40C,off
01/03/2023 14:24:02,Chamber 1,28-031662211eff,31.125,T257,40C,off
01/03/2023 14:24:22,Chamber 1,28-031662211eff,31.125,T257,40C,off
01/03/2023 14:24:42,Chamber 1,28-031662211eff,31.125,T257,40C,off
01/03/2023 14:25:02,Chamber 1,28-031662211eff,31.125,T257,40C,off
01/03/2023 14:25:22,Chamber 1,28-031662211eff,31.125,T257,40C,off
01/03/2023 14:25:42,Chamber 1,28-031662211eff,31.125,T257,40C,off
01/03/2023 14:26:02,Chamber 1,28-031662211eff,31.125,T257,40C,off
01/03/2023 14:26:22,Chamber 1,28-031662211eff,31.125,T257,40C,off
01/03/2023 14:26:42,Chamber 1,28-031662211eff,31.187,T257,40C,off
01/03/2023 14:27:02,Chamber 1,28-031662211eff,31.125,T257,40C,off
01/03/2023 14:27:22,Chamber 1,28-031662211eff,31.187,T257,40C,off
01/03/2023 14:27:42,Chamber 1,28-031662211eff,31.187,T257,40C,off
01/03/2023 14:28:02,Chamber 1,28-031662211eff,31.125,T257,40C,off
01/03/2023 14:28:22,Chamber 1,28-031662211eff,31.125,T257,40C,off
01/03/2023 14:28:42,Chamber 1,28-031662211eff,31.125,T257,40C,off
01/03/2023 14:29:02,Chamber 1,28-031662211eff,31.187,T257,40C,off
01/03/2023 14:29:22,Chamber 1,28-031662211eff,31.125,T257,40C,off
01/03/2023 14:29:42,Chamber 1,28-031662211eff,31.187,T257,40C,off
01/03/2023 14:30:02,Chamber 1,28-031662211eff,31.187,T257,40C,off
01/03/2023 14:30:22,Chamber 1,28-031662211eff,31.187,T257,40C,off
01/03/2023 14:30:42,Chamber 1,28-031662211eff,31.187,T257,40C,off
01/03/2023 14:31:02,Chamber 1,28-031662211eff,31.187,T257,40C,off
01/03/2023 14:31:22,Chamber 1,28-031662211eff,31.187,T257,40C,off
01/03/2023 14:31:42,Chamber 1,28-031662211eff,31.187,T257,40C,off
01/03/2023 14:32:02,Chamber 1,28-031662211eff,31.187,T257,40C,off
01/03/2023 14:32:22,Chamber 1,28-031662211eff,31.187,T257,40C,off
01/03/2023 14:32:42,Chamber 1,28-031662211eff,31.187,T257,40C,off
01/03/2023 14:33:02,Chamber 1,28-031662211eff,31.187,T257,40C,off
01/03/2023 14:33:22,Chamber 1,28-031662211eff,31.187,T257,40C,off
01/03/2023 14:33:42,Chamber 1,28-031662211eff,31.187,T257,40C,off
01/03/2023 14:34:02,Chamber 1,28-031662211eff,31.187,T257,40C,off
01/03/2023 14:34:22,Chamber 1,28-031662211eff,31.187,T257,40C,off
01/03/2023 14:34:42,Chamber 1,28-031662211eff,31.187,T257,40C,off
01/03/2023 14:35:02,Chamber 1,28-031662211eff,31.187,T257,40C,off
01/03/2023 14:35:22,Chamber 1,28-031662211eff,31.187,T257,40C,off
01/03/2023 14:35:42,Chamber 1,28-031662211eff,31.187,T257,40C,off
01/03/2023 14:36:02,Chamber 1,28-031662211eff,31.187,T257,40C,off
01/03/2023 14:36:22,Chamber 1,28-031662211eff,31.187,T257,40C,off
01/03/2023 14:36:42,Chamber 1,28-031662211eff,31.187,T257,40C,off
01/03/2023 14:37:02,Chamber 1,28-031662211eff,31.187,T257,40C,off
01/03/2023 14:37:22,Chamber 1,28-031662211eff,31.187,T257,40C,off
01/03/2023 14:37:42,Chamber 1,28-031662211eff,31.187,T257,40C,off
01/03/2023 14:38:02,Chamber 1,28-031662211eff,31.187,T257,40C,off
01/03/2023 14:38:22,Chamber 1,28-031662211eff,31.187,T257,40C,off
01/03/2023 14:38:42,Chamber 1,28-031662211eff,31.187,T257,40C,off
01/03/2023 14:39:02,Chamber 1,28-031662211eff,31.187,T257,40C,off
01/03/2023 14:39:22,Chamber 1,28-031662211eff,31.187,T257,40C,off
01/03/2023 14:39:42,Chamber 1,28-031662211eff,31.187,T257,40C,off
01/03/2023 14:40:02,Chamber 1,28-031662211eff,31.187,T257,40C,off
01/03/2023 14:40:22,Chamber 1,28-031662211eff,31.187,T257,40C,off
01/03/2023 14:40:42,Chamber 1,28-031662211eff,31.187,T257,40C,off
01/03/2023 14:41:02,Chamber 1,28-031662211eff,31.187,T257,40C,off
01/03/2023 14:41:22,Chamber 1,28-031662211eff,31.187,T257,40C,off
01/03/2023 14:41:42,Chamber 1,28-031662211eff,31.187,T257,40C,off
01/03/2023 14:42:02,Chamber 1,28-031662211eff,31.187,T257,40C,off
01/03/2023 14:42:22,Chamber 1,28-031662211eff,31.187,T257,40C,off
01/03/2023 14:42:42,Chamber 1,28-031662211eff,31.187,T257,40C,off
01/03/2023 14:43:02,Chamber 1,28-031662211eff,31.187,T257,40C,off
01/03/2023 14:43:22,Chamber 1,28-031662211eff,31.187,T257,40C,off
01/03/2023 14:43:42,Chamber 1,28-031662211eff,31.187,T257,40C,off
01/03/2023 14:44:02,Chamber 1,28-031662211eff,31.187,T257,40C,off
01/03/2023 14:44:22,Chamber 1,28-031662211eff,31.187,T257,40C,off
01/03/2023 14:44:42,Chamber 1,28-031662211eff,31.187,T257,40C,off
01/03/2023 14:45:02,Chamber 1,28-031662211eff,31.187,T257,40C,off
01/03/2023 14:45:22,Chamber 1,28-031662211eff,31.187,T257,40C,off
01/03/2023 14:45:42,Chamber 1,28-031662211eff,31.187,T257,40C,off
01/03/2023 14:46:02,Chamber 1,28-031662211eff,31.187,T257,40C,off
01/03/2023 14:46:22,Chamber 1,28-031662211eff,31.187,T257,40C,off
01/03/2023 14:46:42,Chamber 1,28-031662211eff,31.187,T257,40C,off
01/03/2023 14:47:02,Chamber 1,28-031662211eff,31.187,T257,40C,off
01/03/2023 14:47:22,Chamber 1,28-031662211eff,31.187,T257,40C,off
01/03/2023 14:47:42,Chamber 1,28-031662211eff,31.187,T257,40C,off
01/03/2023 14:48:02,Chamber 1,28-031662211eff,31.187,T257,40C,off
01/03/2023 14:48:22,Chamber 1,28-031662211eff,31.187,T257,40C,off
01/03/2023 14:48:42,Chamber 1,28-031662211eff,31.187,T257,40C,off
01/03/2023 14:49:02,Chamber 1,28-031662211eff,31.187,T257,40C,off
01/03/2023 14:49:22,Chamber 1,28-031662211eff,31.187,T257,40C,off
01/03/2023 14:49:42,Chamber 1,28-031662211eff,31.187,T257,40C,off
01/03/2023 14:50:02,Chamber 1,28-031662211eff,31.187,T257,40C,off
01/03/2023 14:50:22,Chamber 1,28-031662211eff,31.187,T257,40C,off
01/03/2023 14:50:42,Chamber 1,28-031662211eff,31.187,T257,40C,off
01/03/2023 14:51:02,Chamber 1,28-031662211eff,31.187,T257,40C,off
01/03/2023 14:51:22,Chamber 1,28-031662211eff,31.187,T257,40C,off
01/03/2023 14:51:42,Chamber 1,28-031662211eff,31.187,T257,40C,off
01/03/2023 14:52:02,Chamber 1,28-031662211eff,31.187,T257,40C,off
01/03/2023 14:52:22,Chamber 1,28-031662211eff,31.187,T257,40C,off
01/03/2023 14:52:42,Chamber 1,28-031662211eff,31.187,T257,40C,off
01/03/2023 14:53:02,Chamber 1,28-031662211eff,31.25,T257,40C,off
01/03/2023 14:53:22,Chamber 1,28-031662211eff,31.187,T257,40C,off
01/03/2023 14:53:42,Chamber 1,28-031662211eff,31.187,T257,40C,off
01/03/2023 14:54:02,Chamber 1,28-031662211eff,31.187,T257,40C,off
01/03/2023 14:54:22,Chamber 1,28-031662211eff,31.187,T257,40C,off
01/03/2023 14:54:42,Chamber 1,28-031662211eff,31.187,T257,40C,off
01/03/2023 14:55:02,Chamber 1,28-031662211eff,31.187,T257,40C,off
01/03/2023 14:55:22,Chamber 1,28-031662211eff,31.25,T257,40C,off
01/03/2023 14:55:42,Chamber 1,28-031662211eff,31.25,T257,40C,off
01/03/2023 14:56:02,Chamber 1,28-031662211eff,31.187,T257,40C,off
01/03/2023 14:56:22,Chamber 1,28-031662211eff,31.187,T257,40C,off
01/03/2023 14:56:42,Chamber 1,28-031662211eff,31.187,T257,40C,off
01/03/2023 14:57:02,Chamber 1,28-031662211eff,31.25,T257,40C,off
01/03/2023 14:57:22,Chamber 1,28-031662211eff,31.187,T257,40C,off
01/03/2023 14:57:42,Chamber 1,28-031662211eff,31.25,T257,40C,off
01/03/2023 14:58:02,Chamber 1,28-031662211eff,31.25,T257,40C,off
01/03/2023 14:58:22,Chamber 1,28-031662211eff,31.25,T257,40C,off
01/03/2023 14:58:42,Chamber 1,28-031662211eff,31.187,T257,40C,off
01/03/2023 14:59:02,Chamber 1,28-031662211eff,31.187,T257,40C,off
01/03/2023 14:59:22,Chamber 1,28-031662211eff,31.187,T257,40C,off
01/03/2023 14:59:42,Chamber 1,28-031662211eff,31.187,T257,40C,off
01/03/2023 15:00:02,Chamber 1,28-031662211eff,31.187,T257,40C,off
01/03/2023 15:00:22,Chamber 1,28-031662211eff,31.187,T257,40C,off
01/03/2023 15:00:42,Chamber 1,28-031662211eff,31.25,T257,40C,off
01/03/2023 15:01:02,Chamber 1,28-031662211eff,31.187,T257,40C,off
01/03/2023 15:01:22,Chamber 1,28-031662211eff,31.187,T257,40C,off
01/03/2023 15:01:42,Chamber 1,28-031662211eff,31.25,T257,40C,off
01/03/2023 15:02:02,Chamber 1,28-031662211eff,31.25,T257,40C,off
01/03/2023 15:02:22,Chamber 1,28-031662211eff,31.25,T257,40C,off
01/03/2023 15:02:42,Chamber 1,28-031662211eff,31.187,T257,40C,off
01/03/2023 15:03:02,Chamber 1,28-031662211eff,31.187,T257,40C,off
01/03/2023 15:03:22,Chamber 1,28-031662211eff,31.187,T257,40C,off
01/03/2023 15:03:42,Chamber 1,28-031662211eff,31.187,T257,40C,off
01/03/2023 15:04:02,Chamber 1,28-031662211eff,31.25,T257,40C,off
01/03/2023 15:04:22,Chamber 1,28-031662211eff,31.187,T257,40C,off
01/03/2023 15:04:42,Chamber 1,28-031662211eff,31.187,T257,40C,off
01/03/2023 15:05:02,Chamber 1,28-031662211eff,31.187,T257,40C,off
01/03/2023 15:05:22,Chamber 1,28-031662211eff,31.187,T257,40C,off
01/03/2023 15:05:42,Chamber 1,28-031662211eff,31.187,T257,40C,off
01/03/2023 15:06:02,Chamber 1,28-031662211eff,31.187,T257,40C,off
01/03/2023 15:06:22,Chamber 1,28-031662211eff,31.187,T257,40C,off
01/03/2023 15:06:42,Chamber 1,28-031662211eff,31.187,T257,40C,off
01/03/2023 15:07:02,Chamber 1,28-031662211eff,31.187,T257,40C,off
01/03/2023 15:07:22,Chamber 1,28-031662211eff,31.187,T257,40C,off
01/03/2023 15:07:42,Chamber 1,28-031662211eff,31.187,T257,40C,off
01/03/2023 15:08:02,Chamber 1,28-031662211eff,31.187,T257,40C,off
01/03/2023 15:08:22,Chamber 1,28-031662211eff,31.187,T257,40C,off
01/03/2023 15:08:42,Chamber 1,28-031662211eff,31.187,T257,40C,off
01/03/2023 15:09:02,Chamber 1,28-031662211eff,31.187,T257,40C,off
01/03/2023 15:09:22,Chamber 1,28-031662211eff,31.187,T257,40C,off
01/03/2023 15:09:42,Chamber 1,28-031662211eff,31.187,T257,40C,off
01/03/2023 15:10:02,Chamber 1,28-031662211eff,31.187,T257,40C,off
01/03/2023 15:10:22,Chamber 1,28-031662211eff,31.187,T257,40C,off
01/03/2023 15:10:42,Chamber 1,28-031662211eff,31.187,T257,40C,off
01/03/2023 15:11:02,Chamber 1,28-031662211eff,31.187,T257,40C,off
01/03/2023 15:11:22,Chamber 1,28-031662211eff,31.187,T257,40C,off
01/03/2023 15:11:42,Chamber 1,28-031662211eff,31.187,T257,40C,off
01/03/2023 15:12:02,Chamber 1,28-031662211eff,31.187,T257,40C,off
01/03/2023 15:12:22,Chamber 1,28-031662211eff,31.187,T257,40C,off
01/03/2023 15:12:42,Chamber 1,28-031662211eff,31.187,T257,40C,off
01/03/2023 15:13:02,Chamber 1,28-031662211eff,31.187,T257,40C,off
01/03/2023 15:13:22,Chamber 1,28-031662211eff,31.187,T257,40C,off
01/03/2023 15:13:42,Chamber 1,28-031662211eff,31.187,T257,40C,off
01/03/2023 15:14:02,Chamber 1,28-031662211eff,31.187,T257,40C,off
01/03/2023 15:14:22,Chamber 1,28-031662211eff,31.187,T257,40C,off
01/03/2023 15:14:42,Chamber 1,28-031662211eff,31.187,T257,40C,off
01/03/2023 15:15:02,Chamber 1,28-031662211eff,31.187,T257,40C,off
01/03/2023 15:15:22,Chamber 1,28-031662211eff,31.187,T257,40C,off
01/03/2023 15:15:42,Chamber 1,28-031662211eff,31.187,T257,40C,off
01/03/2023 15:16:02,Chamber 1,28-031662211eff,31.187,T257,40C,off
01/03/2023 15:16:22,Chamber 1,28-031662211eff,31.187,T257,40C,off
01/03/2023 15:16:42,Chamber 1,28-031662211eff,31.187,T257,40C,off
01/03/2023 15:17:02,Chamber 1,28-031662211eff,31.187,T257,40C,off
01/03/2023 15:17:22,Chamber 1,28-031662211eff,31.187,T257,40C,off
01/03/2023 15:17:42,Chamber 1,28-031662211eff,31.187,T257,40C,off
01/03/2023 15:18:02,Chamber 1,28-031662211eff,31.187,T257,40C,off
01/03/2023 15:18:22,Chamber 1,28-031662211eff,31.187,T257,40C,off
01/03/2023 15:18:42,Chamber 1,28-031662211eff,31.187,T257,40C,off
01/03/2023 15:19:02,Chamber 1,28-031662211eff,31.187,T257,40C,off
01/03/2023 15:19:22,Chamber 1,28-031662211eff,31.187,T257,40C,off
01/03/2023 15:19:42,Chamber 1,28-031662211eff,31.187,T257,40C,off
01/03/2023 15:20:02,Chamber 1,28-031662211eff,31.187,T257,40C,off
01/03/2023 15:20:22,Chamber 1,28-031662211eff,31.187,T257,40C,off
01/03/2023 15:20:42,Chamber 1,28-031662211eff,31.187,T257,40C,off
01/03/2023 15:21:02,Chamber 1,28-031662211eff,31.187,T257,40C,off
01/03/2023 15:21:22,Chamber 1,28-031662211eff,31.187,T257,40C,off
01/03/2023 15:21:42,Chamber 1,28-031662211eff,31.187,T257,40C,off
01/03/2023 15:22:02,Chamber 1,28-031662211eff,31.187,T257,40C,off
01/03/2023 15:22:22,Chamber 1,28-031662211eff,31.187,T257,40C,off
01/03/2023 15:22:42,Chamber 1,28-031662211eff,31.187,T257,40C,off
01/03/2023 15:23:02,Chamber 1,28-031662211eff,31.187,T257,40C,off
01/03/2023 15:23:22,Chamber 1,28-031662211eff,31.187,T257,40C,off
01/03/2023 15:23:42,Chamber 1,28-031662211eff,31.187,T257,40C,off
01/03/2023 15:24:02,Chamber 1,28-031662211eff,31.187,T257,40C,off
01/03/2023 15:24:22,Chamber 1,28-031662211eff,31.187,T257,40C,off
01/03/2023 15:24:42,Chamber 1,28-031662211eff,31.187,T257,40C,off
01/03/2023 15:25:02,Chamber 1,28-031662211eff,31.187,T257,40C,off
01/03/2023 15:25:22,Chamber 1,28-031662211eff,31.187,T257,40C,off
01/03/2023 15:25:42,Chamber 1,28-031662211eff,31.187,T257,40C,off
01/03/2023 15:26:02,Chamber 1,28-031662211eff,31.187,T257,40C,off
01/03/2023 15:26:22,Chamber 1,28-031662211eff,31.187,T257,40C,off
01/03/2023 15:26:42,Chamber 1,28-031662211eff,31.187,T257,40C,off
01/03/2023 15:27:02,Chamber 1,28-031662211eff,31.187,T257,40C,off
01/03/2023 15:27:22,Chamber 1,28-031662211eff,31.125,T257,40C,off
01/03/2023 15:27:42,Chamber 1,28-031662211eff,31.125,T257,40C,off
01/03/2023 15:28:02,Chamber 1,28-031662211eff,31.187,T257,40C,off
01/03/2023 15:28:22,Chamber 1,28-031662211eff,31.125,T257,40C,off
01/03/2023 15:28:42,Chamber 1,28-031662211eff,31.187,T257,40C,off
01/03/2023 15:29:02,Chamber 1,28-031662211eff,31.125,T257,40C,off
01/03/2023 15:29:22,Chamber 1,28-031662211eff,31.125,T257,40C,off
01/03/2023 15:29:42,Chamber 1,28-031662211eff,31.125,T257,40C,off
01/03/2023 15:30:02,Chamber 1,28-031662211eff,31.125,T257,40C,off
01/03/2023 15:30:22,Chamber 1,28-031662211eff,31.125,T257,40C,off
01/03/2023 15:30:42,Chamber 1,28-031662211eff,31.187,T257,40C,off
01/03/2023 15:31:02,Chamber 1,28-031662211eff,31.125,T257,40C,off
01/03/2023 15:31:22,Chamber 1,28-031662211eff,31.187,T257,40C,off
01/03/2023 15:31:42,Chamber 1,28-031662211eff,31.125,T257,40C,off
01/03/2023 15:32:02,Chamber 1,28-031662211eff,31.187,T257,40C,off
01/03/2023 15:32:22,Chamber 1,28-031662211eff,31.187,T257,40C,off
01/03/2023 15:32:42,Chamber 1,28-031662211eff,31.125,T257,40C,off
01/03/2023 15:33:02,Chamber 1,28-031662211eff,31.125,T257,40C,off
01/03/2023 15:33:22,Chamber 1,28-031662211eff,31.125,T257,40C,off
01/03/2023 15:33:42,Chamber 1,28-031662211eff,31.125,T257,40C,off
01/03/2023 15:34:02,Chamber 1,28-031662211eff,31.125,T257,40C,off
01/03/2023 15:34:22,Chamber 1,28-031662211eff,31.125,T257,40C,off
01/03/2023 15:34:42,Chamber 1,28-031662211eff,31.125,T257,40C,off
01/03/2023 15:35:02,Chamber 1,28-031662211eff,31.125,T257,40C,off
01/03/2023 15:35:22,Chamber 1,28-031662211eff,31.125,T257,40C,off
01/03/2023 15:35:42,Chamber 1,28-031662211eff,31.125,T257,40C,off
01/03/2023 15:36:02,Chamber 1,28-031662211eff,31.125,T257,40C,off
01/03/2023 15:36:22,Chamber 1,28-031662211eff,31.125,T257,40C,off
01/03/2023 15:36:42,Chamber 1,28-031662211eff,31.125,T257,40C,off
01/03/2023 15:37:02,Chamber 1,28-031662211eff,31.125,T257,40C,off
01/03/2023 15:37:22,Chamber 1,28-031662211eff,31.125,T257,40C,off
01/03/2023 15:37:42,Chamber 1,28-031662211eff,31.125,T257,40C,off
01/03/2023 15:38:02,Chamber 1,28-031662211eff,31.125,T257,40C,off
01/03/2023 15:38:22,Chamber 1,28-031662211eff,31.125,T257,40C,off
01/03/2023 15:38:42,Chamber 1,28-031662211eff,31.125,T257,40C,off
01/03/2023 15:39:02,Chamber 1,28-031662211eff,31.125,T257,40C,off
01/03/2023 15:39:22,Chamber 1,28-031662211eff,31.125,T257,40C,off
01/03/2023 15:39:42,Chamber 1,28-031662211eff,31.125,T257,40C,off
01/03/2023 15:40:02,Chamber 1,28-031662211eff,31.125,T257,40C,off
01/03/2023 15:40:22,Chamber 1,28-031662211eff,31.125,T257,40C,off
01/03/2023 15:40:42,Chamber 1,28-031662211eff,31.125,T257,40C,off
01/03/2023 15:41:02,Chamber 1,28-031662211eff,31.125,T257,40C,off
01/03/2023 15:41:22,Chamber 1,28-031662211eff,31.125,T257,40C,off
01/03/2023 15:41:42,Chamber 1,28-031662211eff,31.125,T257,40C,off
01/03/2023 15:42:02,Chamber 1,28-031662211eff,31.125,T257,40C,off
01/03/2023 15:42:22,Chamber 1,28-031662211eff,31.125,T257,40C,off
01/03/2023 15:42:42,Chamber 1,28-031662211eff,31.125,T257,40C,off
01/03/2023 15:43:02,Chamber 1,28-031662211eff,31.125,T257,40C,off
01/03/2023 15:43:22,Chamber 1,28-031662211eff,31.125,T257,40C,off
01/03/2023 15:43:42,Chamber 1,28-031662211eff,31.125,T257,40C,off
01/03/2023 15:44:02,Chamber 1,28-031662211eff,31.125,T257,40C,off
01/03/2023 15:44:22,Chamber 1,28-031662211eff,31.125,T257,40C,off
01/03/2023 15:44:42,Chamber 1,28-031662211eff,31.125,T257,40C,off
01/03/2023 15:45:02,Chamber 1,28-031662211eff,31.125,T257,40C,off
01/03/2023 15:45:22,Chamber 1,28-031662211eff,31.125,T257,40C,off
01/03/2023 15:45:42,Chamber 1,28-031662211eff,31.125,T257,40C,off
01/03/2023 15:46:02,Chamber 1,28-031662211eff,31.125,T257,40C,off
01/03/2023 15:46:22,Chamber 1,28-031662211eff,31.125,T257,40C,off
01/03/2023 15:46:42,Chamber 1,28-031662211eff,31.125,T257,40C,off
01/03/2023 15:47:02,Chamber 1,28-031662211eff,31.125,T257,40C,off
01/03/2023 15:47:22,Chamber 1,28-031662211eff,31.125,T257,40C,off
01/03/2023 15:47:42,Chamber 1,28-031662211eff,31.125,T257,40C,off
01/03/2023 15:48:02,Chamber 1,28-031662211eff,31.125,T257,40C,off
01/03/2023 15:48:22,Chamber 1,28-031662211eff,31.125,T257,40C,off
01/03/2023 15:48:42,Chamber 1,28-031662211eff,31.125,T257,40C,off
01/03/2023 15:49:02,Chamber 1,28-031662211eff,31.125,T257,40C,off
01/03/2023 15:49:22,Chamber 1,28-031662211eff,31.062,T257,40C,off
01/03/2023 15:49:42,Chamber 1,28-031662211eff,31.062,T257,40C,off
01/03/2023 15:50:02,Chamber 1,28-031662211eff,31.062,T257,40C,off
01/03/2023 15:50:22,Chamber 1,28-031662211eff,31.125,T257,40C,off
01/03/2023 15:50:42,Chamber 1,28-031662211eff,31.062,T257,40C,off
01/03/2023 15:51:02,Chamber 1,28-031662211eff,31.062,T257,40C,off
01/03/2023 15:51:22,Chamber 1,28-031662211eff,31.125,T257,40C,off
01/03/2023 15:51:42,Chamber 1,28-031662211eff,31.062,T257,40C,off
01/03/2023 15:52:02,Chamber 1,28-031662211eff,31.062,T257,40C,off
01/03/2023 15:52:22,Chamber 1,28-031662211eff,31.062,T257,40C,off
01/03/2023 15:52:42,Chamber 1,28-031662211eff,31.062,T257,40C,off
01/03/2023 15:53:02,Chamber 1,28-031662211eff,31.062,T257,40C,off
01/03/2023 15:53:22,Chamber 1,28-031662211eff,31.062,T257,40C,off
01/03/2023 15:53:42,Chamber 1,28-031662211eff,31.062,T257,40C,off
01/03/2023 15:54:02,Chamber 1,28-031662211eff,31.062,T257,40C,off
01/03/2023 15:54:22,Chamber 1,28-031662211eff,31.062,T257,40C,off
01/03/2023 15:54:42,Chamber 1,28-031662211eff,31.062,T257,40C,off
01/03/2023 15:55:02,Chamber 1,28-031662211eff,31.062,T257,40C,off
01/03/2023 15:55:22,Chamber 1,28-031662211eff,31.062,T257,40C,off
01/03/2023 15:55:42,Chamber 1,28-031662211eff,31.062,T257,40C,off
01/03/2023 15:56:02,Chamber 1,28-031662211eff,31.062,T257,40C,off
01/03/2023 15:56:22,Chamber 1,28-031662211eff,31.062,T257,40C,off
01/03/2023 15:56:42,Chamber 1,28-031662211eff,31.062,T257,40C,off
01/03/2023 15:57:02,Chamber 1,28-031662211eff,31.062,T257,40C,off
01/03/2023 15:57:22,Chamber 1,28-031662211eff,31.062,T257,40C,off
01/03/2023 15:57:42,Chamber 1,28-031662211eff,31.062,T257,40C,off
01/03/2023 15:58:02,Chamber 1,28-031662211eff,31.062,T257,40C,off
01/03/2023 15:58:22,Chamber 1,28-031662211eff,31.062,T257,40C,off
01/03/2023 15:58:42,Chamber 1,28-031662211eff,31.062,T257,40C,off
01/03/2023 15:59:02,Chamber 1,28-031662211eff,31.062,T257,40C,off
01/03/2023 15:59:22,Chamber 1,28-031662211eff,31.062,T257,40C,off
01/03/2023 15:59:42,Chamber 1,28-031662211eff,31.062,T257,40C,off
01/03/2023 16:00:02,Chamber 1,28-031662211eff,31.062,T257,40C,off
01/03/2023 16:00:23,Chamber 1,28-031662211eff,31.062,T257,40C,off
01/03/2023 16:00:42,Chamber 1,28-031662211eff,31.062,T257,40C,off
01/03/2023 16:01:02,Chamber 1,28-031662211eff,31.062,T257,40C,off
01/03/2023 16:01:22,Chamber 1,28-031662211eff,31.062,T257,40C,off
01/03/2023 16:01:42,Chamber 1,28-031662211eff,31.062,T257,40C,off
01/03/2023 16:02:02,Chamber 1,28-031662211eff,31.062,T257,40C,off
01/03/2023 16:02:22,Chamber 1,28-031662211eff,31.062,T257,40C,off
01/03/2023 16:02:42,Chamber 1,28-031662211eff,31.062,T257,40C,off
01/03/2023 16:03:02,Chamber 1,28-031662211eff,31.062,T257,40C,off
01/03/2023 16:03:22,Chamber 1,28-031662211eff,31.062,T257,40C,off
01/03/2023 16:03:42,Chamber 1,28-031662211eff,31.062,T257,40C,off
01/03/2023 16:04:02,Chamber 1,28-031662211eff,31.062,T257,40C,off
01/03/2023 16:04:22,Chamber 1,28-031662211eff,31.062,T257,40C,off
01/03/2023 16:04:42,Chamber 1,28-031662211eff,31.062,T257,40C,off
01/03/2023 16:05:02,Chamber 1,28-031662211eff,31.062,T257,40C,off
01/03/2023 16:05:22,Chamber 1,28-031662211eff,31.062,T257,40C,off
01/03/2023 16:05:42,Chamber 1,28-031662211eff,31.062,T257,40C,off
01/03/2023 16:06:02,Chamber 1,28-031662211eff,31.062,T257,40C,off
01/03/2023 16:06:22,Chamber 1,28-031662211eff,31.062,T257,40C,off
01/03/2023 16:06:42,Chamber 1,28-031662211eff,31.062,T257,40C,off
01/03/2023 16:07:02,Chamber 1,28-031662211eff,31.062,T257,40C,off
01/03/2023 16:07:22,Chamber 1,28-031662211eff,31.062,T257,40C,off
01/03/2023 16:07:42,Chamber 1,28-031662211eff,31.062,T257,40C,off
01/03/2023 16:08:02,Chamber 1,28-031662211eff,31.062,T257,40C,off
01/03/2023 16:08:22,Chamber 1,28-031662211eff,31.062,T257,40C,off
01/03/2023 16:08:42,Chamber 1,28-031662211eff,31.062,T257,40C,off
01/03/2023 16:09:02,Chamber 1,28-031662211eff,31.062,T257,40C,off
01/03/2023 16:09:22,Chamber 1,28-031662211eff,31.062,T257,40C,off
01/03/2023 16:09:42,Chamber 1,28-031662211eff,31.062,T257,40C,off
01/03/2023 16:10:02,Chamber 1,28-031662211eff,31.062,T257,40C,off
01/03/2023 16:10:22,Chamber 1,28-031662211eff,31.062,T257,40C,off
01/03/2023 16:10:42,Chamber 1,28-031662211eff,31.062,T257,40C,off
01/03/2023 16:11:02,Chamber 1,28-031662211eff,31.062,T257,40C,off
01/03/2023 16:11:22,Chamber 1,28-031662211eff,31.062,T257,40C,off
01/03/2023 16:11:42,Chamber 1,28-031662211eff,31.062,T257,40C,off
01/03/2023 16:12:02,Chamber 1,28-031662211eff,31.062,T257,40C,off
01/03/2023 16:12:22,Chamber 1,28-031662211eff,31.062,T257,40C,off
01/03/2023 16:12:42,Chamber 1,28-031662211eff,31.062,T257,40C,off
01/03/2023 16:13:02,Chamber 1,28-031662211eff,31.062,T257,40C,off
01/03/2023 16:13:22,Chamber 1,28-031662211eff,31.062,T257,40C,off
01/03/2023 16:13:42,Chamber 1,28-031662211eff,31.062,T257,40C,off
01/03/2023 16:14:02,Chamber 1,28-031662211eff,31.062,T257,40C,off
01/03/2023 16:14:22,Chamber 1,28-031662211eff,31.062,T257,40C,off
01/03/2023 16:14:42,Chamber 1,28-031662211eff,31.062,T257,40C,off
01/03/2023 16:15:02,Chamber 1,28-031662211eff,31.062,T257,40C,off
01/03/2023 16:15:22,Chamber 1,28-031662211eff,31.062,T257,40C,off
01/03/2023 16:15:42,Chamber 1,28-031662211eff,31.062,T257,40C,off
01/03/2023 16:16:02,Chamber 1,28-031662211eff,31.0,T257,40C,off
01/03/2023 16:16:22,Chamber 1,28-031662211eff,31.062,T257,40C,off
01/03/2023 16:16:42,Chamber 1,28-031662211eff,31.062,T257,40C,off
01/03/2023 16:17:02,Chamber 1,28-031662211eff,31.062,T257,40C,off
01/03/2023 16:17:22,Chamber 1,28-031662211eff,31.062,T257,40C,off
01/03/2023 16:17:42,Chamber 1,28-031662211eff,31.062,T257,40C,off
01/03/2023 16:18:02,Chamber 1,28-031662211eff,31.062,T257,40C,off
01/03/2023 16:18:22,Chamber 1,28-031662211eff,31.0,T257,40C,off
01/03/2023 16:18:42,Chamber 1,28-031662211eff,31.062,T257,40C,off
01/03/2023 16:19:02,Chamber 1,28-031662211eff,31.062,T257,40C,off
01/03/2023 16:19:22,Chamber 1,28-031662211eff,31.0,T257,40C,off
01/03/2023 16:19:42,Chamber 1,28-031662211eff,31.0,T257,40C,off
01/03/2023 16:20:02,Chamber 1,28-031662211eff,31.062,T257,40C,off
01/03/2023 16:20:22,Chamber 1,28-031662211eff,31.0,T257,40C,off
01/03/2023 16:20:42,Chamber 1,28-031662211eff,31.0,T257,40C,off
01/03/2023 16:21:02,Chamber 1,28-031662211eff,31.0,T257,40C,off
01/03/2023 16:21:22,Chamber 1,28-031662211eff,31.0,T257,40C,off
01/03/2023 16:21:42,Chamber 1,28-031662211eff,31.0,T257,40C,off
01/03/2023 16:22:02,Chamber 1,28-031662211eff,31.0,T257,40C,off
01/03/2023 16:22:22,Chamber 1,28-031662211eff,31.0,T257,40C,off
01/03/2023 16:22:42,Chamber 1,28-031662211eff,31.0,T257,40C,off
01/03/2023 16:23:02,Chamber 1,28-031662211eff,31.0,T257,40C,off
01/03/2023 16:23:22,Chamber 1,28-031662211eff,31.0,T257,40C,off
01/03/2023 16:23:42,Chamber 1,28-031662211eff,31.0,T257,40C,off
01/03/2023 16:24:02,Chamber 1,28-031662211eff,31.0,T257,40C,off
01/03/2023 16:24:22,Chamber 1,28-031662211eff,31.0,T257,40C,off
01/03/2023 16:24:42,Chamber 1,28-031662211eff,31.0,T257,40C,off
01/03/2023 16:25:02,Chamber 1,28-031662211eff,31.0,T257,40C,off
01/03/2023 16:25:22,Chamber 1,28-031662211eff,31.0,T257,40C,off
01/03/2023 16:25:42,Chamber 1,28-031662211eff,31.0,T257,40C,off
01/03/2023 16:26:02,Chamber 1,28-031662211eff,31.0,T257,40C,off
01/03/2023 16:26:22,Chamber 1,28-031662211eff,31.0,T257,40C,off
01/03/2023 16:26:42,Chamber 1,28-031662211eff,31.0,T257,40C,off
01/03/2023 16:27:02,Chamber 1,28-031662211eff,31.0,T257,40C,off
01/03/2023 16:27:22,Chamber 1,28-031662211eff,31.0,T257,40C,off
01/03/2023 16:27:42,Chamber 1,28-031662211eff,31.0,T257,40C,off
01/03/2023 16:28:02,Chamber 1,28-031662211eff,31.0,T257,40C,off
01/03/2023 16:28:22,Chamber 1,28-031662211eff,31.0,T257,40C,off
01/03/2023 16:28:42,Chamber 1,28-031662211eff,31.0,T257,40C,off
01/03/2023 16:29:02,Chamber 1,28-031662211eff,31.0,T257,40C,off
01/03/2023 16:29:22,Chamber 1,28-031662211eff,31.0,T257,40C,off
01/03/2023 16:29:42,Chamber 1,28-031662211eff,31.0,T257,40C,off
01/03/2023 16:30:02,Chamber 1,28-031662211eff,31.0,T257,40C,off
01/03/2023 16:30:22,Chamber 1,28-031662211eff,31.0,T257,40C,off
01/03/2023 16:30:42,Chamber 1,28-031662211eff,31.0,T257,40C,off
01/03/2023 16:31:02,Chamber 1,28-031662211eff,31.0,T257,40C,off
01/03/2023 16:31:22,Chamber 1,28-031662211eff,31.0,T257,40C,off
01/03/2023 16:31:42,Chamber 1,28-031662211eff,31.0,T257,40C,off
01/03/2023 16:32:02,Chamber 1,28-031662211eff,31.0,T257,40C,off
01/03/2023 16:32:22,Chamber 1,28-031662211eff,31.0,T257,40C,off
01/03/2023 16:32:42,Chamber 1,28-031662211eff,31.0,T257,40C,off
01/03/2023 16:33:02,Chamber 1,28-031662211eff,31.0,T257,40C,off
01/03/2023 16:33:22,Chamber 1,28-031662211eff,31.0,T257,40C,off
01/03/2023 16:33:42,Chamber 1,28-031662211eff,31.0,T257,40C,off
01/03/2023 16:34:02,Chamber 1,28-031662211eff,31.0,T257,40C,off
01/03/2023 16:34:22,Chamber 1,28-031662211eff,31.0,T257,40C,off
01/03/2023 16:34:42,Chamber 1,28-031662211eff,31.0,T257,40C,off
01/03/2023 16:35:02,Chamber 1,28-031662211eff,31.0,T257,40C,off
01/03/2023 16:35:22,Chamber 1,28-031662211eff,31.0,T257,40C,off
01/03/2023 16:35:42,Chamber 1,28-031662211eff,31.0,T257,40C,off
01/03/2023 16:36:02,Chamber 1,28-031662211eff,31.0,T257,40C,off
01/03/2023 16:36:22,Chamber 1,28-031662211eff,31.0,T257,40C,off
01/03/2023 16:36:42,Chamber 1,28-031662211eff,31.0,T257,40C,off
01/03/2023 16:37:02,Chamber 1,28-031662211eff,31.0,T257,40C,off
01/03/2023 16:37:22,Chamber 1,28-031662211eff,31.0,T257,40C,off
01/03/2023 16:37:42,Chamber 1,28-031662211eff,31.0,T257,40C,off
01/03/2023 16:38:02,Chamber 1,28-031662211eff,31.0,T257,40C,off
01/03/2023 16:38:22,Chamber 1,28-031662211eff,31.0,T257,40C,off
01/03/2023 16:38:42,Chamber 1,28-031662211eff,31.0,T257,40C,off
01/03/2023 16:39:02,Chamber 1,28-031662211eff,31.0,T257,40C,off
01/03/2023 16:39:22,Chamber 1,28-031662211eff,31.0,T257,40C,off
01/03/2023 16:39:42,Chamber 1,28-031662211eff,31.0,T257,40C,off
01/03/2023 16:40:02,Chamber 1,28-031662211eff,31.0,T257,40C,off
01/03/2023 16:40:22,Chamber 1,28-031662211eff,31.0,T257,40C,off
01/03/2023 16:40:42,Chamber 1,28-031662211eff,31.0,T257,40C,off
01/03/2023 16:41:02,Chamber 1,28-031662211eff,31.0,T257,40C,off
01/03/2023 16:41:23,Chamber 1,28-031662211eff,31.0,T257,40C,off
01/03/2023 16:41:43,Chamber 1,28-031662211eff,31.0,T257,40C,off
01/03/2023 16:42:02,Chamber 1,28-031662211eff,31.0,T257,40C,off
01/03/2023 16:42:22,Chamber 1,28-031662211eff,31.0,T257,40C,off
01/03/2023 16:42:42,Chamber 1,28-031662211eff,30.937,T257,40C,off
01/03/2023 16:43:02,Chamber 1,28-031662211eff,30.937,T257,40C,off
01/03/2023 16:43:22,Chamber 1,28-031662211eff,30.937,T257,40C,off
01/03/2023 16:43:42,Chamber 1,28-031662211eff,30.937,T257,40C,off
01/03/2023 16:44:02,Chamber 1,28-031662211eff,30.937,T257,40C,off
01/03/2023 16:44:22,Chamber 1,28-031662211eff,30.937,T257,40C,off
01/03/2023 16:44:42,Chamber 1,28-031662211eff,30.937,T257,40C,off
01/03/2023 16:45:02,Chamber 1,28-031662211eff,30.875,T257,40C,off
01/03/2023 16:45:22,Chamber 1,28-031662211eff,30.875,T257,40C,off
01/03/2023 16:45:42,Chamber 1,28-031662211eff,30.875,T257,40C,off
01/03/2023 16:46:02,Chamber 1,28-031662211eff,30.875,T257,40C,off
01/03/2023 16:46:22,Chamber 1,28-031662211eff,30.875,T257,40C,off
01/03/2023 16:46:42,Chamber 1,28-031662211eff,30.812,T257,40C,off
01/03/2023 16:47:02,Chamber 1,28-031662211eff,30.812,T257,40C,off
01/03/2023 16:47:22,Chamber 1,28-031662211eff,30.812,T257,40C,off
01/03/2023 16:47:42,Chamber 1,28-031662211eff,30.812,T257,40C,off
01/03/2023 16:48:02,Chamber 1,28-031662211eff,30.812,T257,40C,off
01/03/2023 16:48:22,Chamber 1,28-031662211eff,30.812,T257,40C,off
01/03/2023 16:48:42,Chamber 1,28-031662211eff,30.812,T257,40C,off
01/03/2023 16:49:02,Chamber 1,28-031662211eff,30.812,T257,40C,off
01/03/2023 16:49:22,Chamber 1,28-031662211eff,30.812,T257,40C,off
01/03/2023 16:49:42,Chamber 1,28-031662211eff,30.75,T257,40C,off
01/03/2023 16:50:02,Chamber 1,28-031662211eff,30.75,T257,40C,off
01/03/2023 16:50:22,Chamber 1,28-031662211eff,30.75,T257,40C,off
01/03/2023 16:50:42,Chamber 1,28-031662211eff,30.75,T257,40C,off
01/03/2023 16:51:02,Chamber 1,28-031662211eff,30.75,T257,40C,off
01/03/2023 16:51:22,Chamber 1,28-031662211eff,30.75,T257,40C,off
01/03/2023 16:51:42,Chamber 1,28-031662211eff,30.75,T257,40C,off
01/03/2023 16:52:02,Chamber 1,28-031662211eff,30.75,T257,40C,off
01/03/2023 16:52:22,Chamber 1,28-031662211eff,30.75,T257,40C,off
01/03/2023 16:52:42,Chamber 1,28-031662211eff,30.75,T257,40C,off
01/03/2023 16:53:02,Chamber 1,28-031662211eff,30.75,T257,40C,off
01/03/2023 16:53:22,Chamber 1,28-031662211eff,30.75,T257,40C,off
01/03/2023 16:53:42,Chamber 1,28-031662211eff,30.75,T257,40C,off
01/03/2023 16:54:02,Chamber 1,28-031662211eff,30.75,T257,40C,off
01/03/2023 16:54:22,Chamber 1,28-031662211eff,30.75,T257,40C,off
01/03/2023 16:54:42,Chamber 1,28-031662211eff,30.75,T257,40C,off
01/03/2023 16:55:02,Chamber 1,28-031662211eff,30.75,T257,40C,off
01/03/2023 16:55:22,Chamber 1,28-031662211eff,30.75,T257,40C,off
01/03/2023 16:55:42,Chamber 1,28-031662211eff,30.75,T257,40C,off
01/03/2023 16:56:02,Chamber 1,28-031662211eff,30.75,T257,40C,off
01/03/2023 16:56:22,Chamber 1,28-031662211eff,30.75,T257,40C,off
01/03/2023 16:56:42,Chamber 1,28-031662211eff,30.75,T257,40C,off
01/03/2023 16:57:02,Chamber 1,28-031662211eff,30.75,T257,40C,off
01/03/2023 16:57:22,Chamber 1,28-031662211eff,30.75,T257,40C,off
01/03/2023 16:57:42,Chamber 1,28-031662211eff,30.75,T257,40C,off
01/03/2023 16:58:03,Chamber 1,28-031662211eff,30.812,T257,40C,off
01/03/2023 16:58:22,Chamber 1,28-031662211eff,30.75,T257,40C,off
01/03/2023 16:58:42,Chamber 1,28-031662211eff,30.75,T257,40C,off
01/03/2023 16:59:02,Chamber 1,28-031662211eff,30.75,T257,40C,off
01/03/2023 16:59:22,Chamber 1,28-031662211eff,30.812,T257,40C,off
01/03/2023 16:59:42,Chamber 1,28-031662211eff,30.812,T257,40C,off
01/03/2023 17:00:02,Chamber 1,28-031662211eff,30.812,T257,40C,off
01/03/2023 17:00:22,Chamber 1,28-031662211eff,30.812,T257,40C,off
01/03/2023 17:00:42,Chamber 1,28-031662211eff,30.812,T257,40C,off
01/03/2023 17:01:02,Chamber 1,28-031662211eff,30.812,T257,40C,off
01/03/2023 17:01:22,Chamber 1,28-031662211eff,30.812,T257,40C,off
01/03/2023 17:01:42,Chamber 1,28-031662211eff,30.812,T257,40C,off
01/03/2023 17:02:02,Chamber 1,28-031662211eff,30.812,T257,40C,off
01/03/2023 17:02:22,Chamber 1,28-031662211eff,30.812,T257,40C,off
01/03/2023 17:02:42,Chamber 1,28-031662211eff,30.812,T257,40C,off
01/03/2023 17:03:02,Chamber 1,28-031662211eff,30.812,T257,40C,off
01/03/2023 17:03:22,Chamber 1,28-031662211eff,30.812,T257,40C,off
01/03/2023 17:03:42,Chamber 1,28-031662211eff,30.812,T257,40C,off
01/03/2023 17:04:02,Chamber 1,28-031662211eff,30.812,T257,40C,off
01/03/2023 17:04:22,Chamber 1,28-031662211eff,30.812,T257,40C,off
01/03/2023 17:04:42,Chamber 1,28-031662211eff,30.812,T257,40C,off
01/03/2023 17:05:02,Chamber 1,28-031662211eff,30.812,T257,40C,off
01/03/2023 17:05:22,Chamber 1,28-031662211eff,30.812,T257,40C,off
01/03/2023 17:05:42,Chamber 1,28-031662211eff,30.812,T257,40C,off
01/03/2023 17:06:02,Chamber 1,28-031662211eff,30.812,T257,40C,off
01/03/2023 17:06:22,Chamber 1,28-031662211eff,30.812,T257,40C,off
01/03/2023 17:06:42,Chamber 1,28-031662211eff,30.812,T257,40C,off
01/03/2023 17:07:02,Chamber 1,28-031662211eff,30.812,T257,40C,off
01/03/2023 17:07:22,Chamber 1,28-031662211eff,30.812,T257,40C,off
01/03/2023 17:07:42,Chamber 1,28-031662211eff,30.812,T257,40C,off
01/03/2023 17:08:02,Chamber 1,28-031662211eff,30.812,T257,40C,off
01/03/2023 17:08:23,Chamber 1,28-031662211eff,30.875,T257,40C,off
01/03/2023 17:08:42,Chamber 1,28-031662211eff,30.875,T257,40C,off
01/03/2023 17:09:02,Chamber 1,28-031662211eff,30.875,T257,40C,off
01/03/2023 17:09:22,Chamber 1,28-031662211eff,30.875,T257,40C,off
01/03/2023 17:09:42,Chamber 1,28-031662211eff,30.812,T257,40C,off
01/03/2023 17:10:02,Chamber 1,28-031662211eff,30.875,T257,40C,off
01/03/2023 17:10:22,Chamber 1,28-031662211eff,30.875,T257,40C,off
01/03/2023 17:10:42,Chamber 1,28-031662211eff,30.875,T257,40C,off
01/03/2023 17:11:02,Chamber 1,28-031662211eff,30.875,T257,40C,off
01/03/2023 17:11:22,Chamber 1,28-031662211eff,30.875,T257,40C,off
01/03/2023 17:11:42,Chamber 1,28-031662211eff,30.875,T257,40C,off
01/03/2023 17:12:02,Chamber 1,28-031662211eff,30.875,T257,40C,off
01/03/2023 17:12:22,Chamber 1,28-031662211eff,30.875,T257,40C,off
01/03/2023 17:12:42,Chamber 1,28-031662211eff,30.875,T257,40C,off
01/03/2023 17:13:02,Chamber 1,28-031662211eff,30.875,T257,40C,off
01/03/2023 17:13:22,Chamber 1,28-031662211eff,30.875,T257,40C,off
01/03/2023 17:13:42,Chamber 1,28-031662211eff,30.875,T257,40C,off
01/03/2023 17:14:02,Chamber 1,28-031662211eff,30.875,T257,40C,off
01/03/2023 17:14:22,Chamber 1,28-031662211eff,30.875,T257,40C,off
01/03/2023 17:14:42,Chamber 1,28-031662211eff,30.875,T257,40C,off
01/03/2023 17:15:02,Chamber 1,28-031662211eff,30.875,T257,40C,off
01/03/2023 17:15:22,Chamber 1,28-031662211eff,30.875,T257,40C,off
01/03/2023 17:15:42,Chamber 1,28-031662211eff,30.875,T257,40C,off
01/03/2023 17:16:02,Chamber 1,28-031662211eff,30.875,T257,40C,off
01/03/2023 17:16:22,Chamber 1,28-031662211eff,30.875,T257,40C,off
01/03/2023 17:16:42,Chamber 1,28-031662211eff,30.875,T257,40C,off
01/03/2023 17:17:02,Chamber 1,28-031662211eff,30.875,T257,40C,off
01/03/2023 17:17:22,Chamber 1,28-031662211eff,30.875,T257,40C,off
01/03/2023 17:17:42,Chamber 1,28-031662211eff,30.875,T257,40C,off
01/03/2023 17:18:02,Chamber 1,28-031662211eff,30.875,T257,40C,off
01/03/2023 17:18:22,Chamber 1,28-031662211eff,30.875,T257,40C,off
01/03/2023 17:18:42,Chamber 1,28-031662211eff,30.875,T257,40C,off
01/03/2023 17:19:02,Chamber 1,28-031662211eff,30.875,T257,40C,off
01/03/2023 17:19:22,Chamber 1,28-031662211eff,30.875,T257,40C,off
01/03/2023 17:19:42,Chamber 1,28-031662211eff,30.875,T257,40C,off
01/03/2023 17:20:02,Chamber 1,28-031662211eff,30.875,T257,40C,off
01/03/2023 17:20:22,Chamber 1,28-031662211eff,30.875,T257,40C,off
01/03/2023 17:20:42,Chamber 1,28-031662211eff,30.875,T257,40C,off
01/03/2023 17:21:02,Chamber 1,28-031662211eff,30.875,T257,40C,off
01/03/2023 17:21:22,Chamber 1,28-031662211eff,30.875,T257,40C,off
01/03/2023 17:21:42,Chamber 1,28-031662211eff,30.875,T257,40C,off
01/03/2023 17:22:02,Chamber 1,28-031662211eff,30.875,T257,40C,off
01/03/2023 17:22:22,Chamber 1,28-031662211eff,30.875,T257,40C,off
01/03/2023 17:22:42,Chamber 1,28-031662211eff,30.875,T257,40C,off
01/03/2023 17:23:02,Chamber 1,28-031662211eff,30.875,T257,40C,off
01/03/2023 17:23:22,Chamber 1,28-031662211eff,30.875,T257,40C,off
01/03/2023 17:23:42,Chamber 1,28-031662211eff,30.875,T257,40C,off
01/03/2023 17:24:02,Chamber 1,28-031662211eff,30.875,T257,40C,off
01/03/2023 17:24:22,Chamber 1,28-031662211eff,30.875,T257,40C,off
01/03/2023 17:24:42,Chamber 1,28-031662211eff,30.875,T257,40C,off
01/03/2023 17:25:02,Chamber 1,28-031662211eff,30.875,T257,40C,off
01/03/2023 17:25:22,Chamber 1,28-031662211eff,30.875,T257,40C,off
01/03/2023 17:25:42,Chamber 1,28-031662211eff,30.875,T257,40C,off
01/03/2023 17:26:02,Chamber 1,28-031662211eff,30.875,T257,40C,off
01/03/2023 17:26:22,Chamber 1,28-031662211eff,30.875,T257,40C,off
01/03/2023 17:26:42,Chamber 1,28-031662211eff,30.875,T257,40C,off
01/03/2023 17:27:02,Chamber 1,28-031662211eff,30.875,T257,40C,off
01/03/2023 17:27:22,Chamber 1,28-031662211eff,30.875,T257,40C,off
01/03/2023 17:27:42,Chamber 1,28-031662211eff,30.875,T257,40C,off
01/03/2023 17:28:02,Chamber 1,28-031662211eff,30.875,T257,40C,off
01/03/2023 17:28:22,Chamber 1,28-031662211eff,30.875,T257,40C,off
01/03/2023 17:28:42,Chamber 1,28-031662211eff,30.875,T257,40C,off
01/03/2023 17:29:02,Chamber 1,28-031662211eff,30.875,T257,40C,off
01/03/2023 17:29:22,Chamber 1,28-031662211eff,30.875,T257,40C,off
01/03/2023 17:29:42,Chamber 1,28-031662211eff,30.875,T257,40C,off
01/03/2023 17:30:02,Chamber 1,28-031662211eff,30.875,T257,40C,off
01/03/2023 17:30:22,Chamber 1,28-031662211eff,30.812,T257,40C,off
01/03/2023 17:30:42,Chamber 1,28-031662211eff,30.875,T257,40C,off
01/03/2023 17:31:02,Chamber 1,28-031662211eff,30.875,T257,40C,off
01/03/2023 17:31:22,Chamber 1,28-031662211eff,30.875,T257,40C,off
01/03/2023 17:31:42,Chamber 1,28-031662211eff,30.875,T257,40C,off
01/03/2023 17:32:02,Chamber 1,28-031662211eff,30.875,T257,40C,off
01/03/2023 17:32:22,Chamber 1,28-031662211eff,30.875,T257,40C,off
01/03/2023 17:32:42,Chamber 1,28-031662211eff,30.875,T257,40C,off
01/03/2023 17:33:02,Chamber 1,28-031662211eff,30.812,T257,40C,off
01/03/2023 17:33:22,Chamber 1,28-031662211eff,30.812,T257,40C,off
01/03/2023 17:33:42,Chamber 1,28-031662211eff,30.812,T257,40C,off
01/03/2023 17:34:02,Chamber 1,28-031662211eff,30.875,T257,40C,off
01/03/2023 17:34:22,Chamber 1,28-031662211eff,30.812,T257,40C,off
01/03/2023 17:34:42,Chamber 1,28-031662211eff,30.812,T257,40C,off
01/03/2023 17:35:02,Chamber 1,28-031662211eff,30.812,T257,40C,off
01/03/2023 17:35:22,Chamber 1,28-031662211eff,30.875,T257,40C,off
01/03/2023 17:35:42,Chamber 1,28-031662211eff,30.875,T257,40C,off
01/03/2023 17:36:02,Chamber 1,28-031662211eff,30.812,T257,40C,off
01/03/2023 17:36:22,Chamber 1,28-031662211eff,30.812,T257,40C,off
01/03/2023 17:36:42,Chamber 1,28-031662211eff,30.875,T257,40C,off
01/03/2023 17:37:02,Chamber 1,28-031662211eff,30.812,T257,40C,off
01/03/2023 17:37:22,Chamber 1,28-031662211eff,30.812,T257,40C,off
01/03/2023 17:37:42,Chamber 1,28-031662211eff,30.812,T257,40C,off
01/03/2023 17:38:02,Chamber 1,28-031662211eff,30.812,T257,40C,off
01/03/2023 17:38:22,Chamber 1,28-031662211eff,30.812,T257,40C,off
01/03/2023 17:38:42,Chamber 1,28-031662211eff,30.812,T257,40C,off
01/03/2023 17:39:02,Chamber 1,28-031662211eff,30.812,T257,40C,off
01/03/2023 17:39:22,Chamber 1,28-031662211eff,30.812,T257,40C,off
01/03/2023 17:39:42,Chamber 1,28-031662211eff,30.812,T257,40C,off
01/03/2023 17:40:02,Chamber 1,28-031662211eff,30.812,T257,40C,off
01/03/2023 17:40:22,Chamber 1,28-031662211eff,30.812,T257,40C,off
01/03/2023 17:40:42,Chamber 1,28-031662211eff,30.812,T257,40C,off
01/03/2023 17:41:02,Chamber 1,28-031662211eff,30.812,T257,40C,off
01/03/2023 17:41:22,Chamber 1,28-031662211eff,30.812,T257,40C,off
01/03/2023 17:41:42,Chamber 1,28-031662211eff,30.812,T257,40C,off
01/03/2023 17:42:02,Chamber 1,28-031662211eff,30.812,T257,40C,off
01/03/2023 17:42:22,Chamber 1,28-031662211eff,30.812,T257,40C,off
01/03/2023 17:42:42,Chamber 1,28-031662211eff,30.812,T257,40C,off
01/03/2023 17:43:02,Chamber 1,28-031662211eff,30.812,T257,40C,off
01/03/2023 17:43:22,Chamber 1,28-031662211eff,30.812,T257,40C,off
01/03/2023 17:43:42,Chamber 1,28-031662211eff,30.812,T257,40C,off
01/03/2023 17:44:02,Chamber 1,28-031662211eff,30.812,T257,40C,off
01/03/2023 17:44:22,Chamber 1,28-031662211eff,30.812,T257,40C,off
01/03/2023 17:44:42,Chamber 1,28-031662211eff,30.812,T257,40C,off
01/03/2023 17:45:02,Chamber 1,28-031662211eff,30.812,T257,40C,off
01/03/2023 17:45:22,Chamber 1,28-031662211eff,30.812,T257,40C,off
01/03/2023 17:45:42,Chamber 1,28-031662211eff,30.812,T257,40C,off
01/03/2023 17:46:02,Chamber 1,28-031662211eff,30.812,T257,40C,off
01/03/2023 17:46:22,Chamber 1,28-031662211eff,30.812,T257,40C,off
01/03/2023 17:46:42,Chamber 1,28-031662211eff,30.812,T257,40C,off
01/03/2023 17:47:02,Chamber 1,28-031662211eff,30.812,T257,40C,off
01/03/2023 17:47:22,Chamber 1,28-031662211eff,30.812,T257,40C,off
01/03/2023 17:47:42,Chamber 1,28-031662211eff,30.812,T257,40C,off
01/03/2023 17:48:02,Chamber 1,28-031662211eff,30.812,T257,40C,off
01/03/2023 17:48:22,Chamber 1,28-031662211eff,30.812,T257,40C,off
01/03/2023 17:48:42,Chamber 1,28-031662211eff,30.812,T257,40C,off
01/03/2023 17:49:02,Chamber 1,28-031662211eff,30.812,T257,40C,off
01/03/2023 17:49:22,Chamber 1,28-031662211eff,30.812,T257,40C,off
01/03/2023 17:49:42,Chamber 1,28-031662211eff,30.812,T257,40C,off
01/03/2023 17:50:02,Chamber 1,28-031662211eff,30.812,T257,40C,off
01/03/2023 17:50:22,Chamber 1,28-031662211eff,30.75,T257,40C,off
01/03/2023 17:50:42,Chamber 1,28-031662211eff,30.812,T257,40C,off
01/03/2023 17:51:02,Chamber 1,28-031662211eff,30.75,T257,40C,off
01/03/2023 17:51:22,Chamber 1,28-031662211eff,30.812,T257,40C,off
01/03/2023 17:51:42,Chamber 1,28-031662211eff,30.812,T257,40C,off
01/03/2023 17:52:02,Chamber 1,28-031662211eff,30.812,T257,40C,off
01/03/2023 17:52:22,Chamber 1,28-031662211eff,30.75,T257,40C,off
01/03/2023 17:52:42,Chamber 1,28-031662211eff,30.75,T257,40C,off
01/03/2023 17:53:02,Chamber 1,28-031662211eff,30.75,T257,40C,off
01/03/2023 17:53:22,Chamber 1,28-031662211eff,30.75,T257,40C,off
01/03/2023 17:53:42,Chamber 1,28-031662211eff,30.75,T257,40C,off
01/03/2023 17:54:02,Chamber 1,28-031662211eff,30.75,T257,40C,off
01/03/2023 17:54:22,Chamber 1,28-031662211eff,30.75,T257,40C,off
01/03/2023 17:54:42,Chamber 1,28-031662211eff,30.75,T257,40C,off
01/03/2023 17:55:02,Chamber 1,28-031662211eff,30.75,T257,40C,off
01/03/2023 17:55:22,Chamber 1,28-031662211eff,30.75,T257,40C,off
01/03/2023 17:55:42,Chamber 1,28-031662211eff,30.75,T257,40C,off
01/03/2023 17:56:02,Chamber 1,28-031662211eff,30.75,T257,40C,off
01/03/2023 17:56:25,Chamber 1,28-031662211eff,30.75,T257,40C,off
01/03/2023 17:56:42,Chamber 1,28-031662211eff,30.75,T257,40C,off
01/03/2023 17:57:02,Chamber 1,28-031662211eff,30.75,T257,40C,off
01/03/2023 17:57:22,Chamber 1,28-031662211eff,30.75,T257,40C,off
01/03/2023 17:57:42,Chamber 1,28-031662211eff,30.75,T257,40C,off
01/03/2023 17:58:02,Chamber 1,28-031662211eff,30.75,T257,40C,off
01/03/2023 17:58:22,Chamber 1,28-031662211eff,30.75,T257,40C,off
01/03/2023 17:58:42,Chamber 1,28-031662211eff,30.75,T257,40C,off
01/03/2023 17:59:02,Chamber 1,28-031662211eff,30.75,T257,40C,off
01/03/2023 17:59:22,Chamber 1,28-031662211eff,30.75,T257,40C,off
01/03/2023 17:59:42,Chamber 1,28-031662211eff,30.75,T257,40C,off
01/03/2023 18:00:03,Chamber 1,28-031662211eff,30.75,T257,40C,off
01/03/2023 18:00:23,Chamber 1,28-031662211eff,30.75,T257,40C,off
01/03/2023 18:00:43,Chamber 1,28-031662211eff,30.75,T257,40C,off
01/03/2023 18:01:03,Chamber 1,28-031662211eff,30.75,T257,40C,off
01/03/2023 18:01:23,Chamber 1,28-031662211eff,30.75,T257,40C,off
01/03/2023 18:01:43,Chamber 1,28-031662211eff,30.75,T257,40C,off
01/03/2023 18:02:03,Chamber 1,28-031662211eff,30.75,T257,40C,off
01/03/2023 18:02:23,Chamber 1,28-031662211eff,30.75,T257,40C,off
01/03/2023 18:02:43,Chamber 1,28-031662211eff,30.75,T257,40C,off
01/03/2023 18:03:03,Chamber 1,28-031662211eff,30.75,T257,40C,off
01/03/2023 18:03:23,Chamber 1,28-031662211eff,30.75,T257,40C,off
01/03/2023 18:03:43,Chamber 1,28-031662211eff,30.75,T257,40C,off
01/03/2023 18:04:03,Chamber 1,28-031662211eff,30.75,T257,40C,off
01/03/2023 18:04:23,Chamber 1,28-031662211eff,30.75,T257,40C,off
01/03/2023 18:04:43,Chamber 1,28-031662211eff,30.75,T257,40C,off
01/03/2023 18:05:03,Chamber 1,28-031662211eff,30.75,T257,40C,off
01/03/2023 18:05:23,Chamber 1,28-031662211eff,30.75,T257,40C,off
01/03/2023 18:05:43,Chamber 1,28-031662211eff,30.75,T257,40C,off
01/03/2023 18:06:03,Chamber 1,28-031662211eff,30.75,T257,40C,off
01/03/2023 18:06:23,Chamber 1,28-031662211eff,30.75,T257,40C,off
01/03/2023 18:06:43,Chamber 1,28-031662211eff,30.75,T257,40C,off
01/03/2023 18:07:03,Chamber 1,28-031662211eff,30.75,T257,40C,off
01/03/2023 18:07:23,Chamber 1,28-031662211eff,30.75,T257,40C,off
01/03/2023 18:07:43,Chamber 1,28-031662211eff,30.75,T257,40C,off
01/03/2023 18:08:03,Chamber 1,28-031662211eff,30.75,T257,40C,off
01/03/2023 18:08:23,Chamber 1,28-031662211eff,30.75,T257,40C,off
01/03/2023 18:08:43,Chamber 1,28-031662211eff,30.75,T257,40C,off
01/03/2023 18:09:03,Chamber 1,28-031662211eff,30.75,T257,40C,off
01/03/2023 18:09:23,Chamber 1,28-031662211eff,30.75,T257,40C,off
01/03/2023 18:09:43,Chamber 1,28-031662211eff,30.75,T257,40C,off
01/03/2023 18:10:03,Chamber 1,28-031662211eff,30.75,T257,40C,off
01/03/2023 18:10:23,Chamber 1,28-031662211eff,30.75,T257,40C,off
01/03/2023 18:10:43,Chamber 1,28-031662211eff,30.75,T257,40C,off
01/03/2023 18:11:03,Chamber 1,28-031662211eff,30.75,T257,40C,off
01/03/2023 18:11:23,Chamber 1,28-031662211eff,30.75,T257,40C,off
01/03/2023 18:11:43,Chamber 1,28-031662211eff,30.75,T257,40C,off
01/03/2023 18:12:03,Chamber 1,28-031662211eff,30.75,T257,40C,off
01/03/2023 18:12:23,Chamber 1,28-031662211eff,30.75,T257,40C,off
01/03/2023 18:12:43,Chamber 1,28-031662211eff,30.75,T257,40C,off
01/03/2023 18:13:03,Chamber 1,28-031662211eff,30.75,T257,40C,off
01/03/2023 18:13:23,Chamber 1,28-031662211eff,30.75,T257,40C,off
01/03/2023 18:13:43,Chamber 1,28-031662211eff,30.75,T257,40C,off
01/03/2023 18:14:03,Chamber 1,28-031662211eff,30.75,T257,40C,off
01/03/2023 18:14:23,Chamber 1,28-031662211eff,30.75,T257,40C,off
01/03/2023 18:14:43,Chamber 1,28-031662211eff,30.75,T257,40C,off
01/03/2023 18:15:03,Chamber 1,28-031662211eff,30.75,T257,40C,off
01/03/2023 18:15:23,Chamber 1,28-031662211eff,30.75,T257,40C,off
01/03/2023 18:15:43,Chamber 1,28-031662211eff,30.75,T257,40C,off
01/03/2023 18:16:03,Chamber 1,28-031662211eff,30.75,T257,40C,off
01/03/2023 18:16:23,Chamber 1,28-031662211eff,30.75,T257,40C,off
01/03/2023 18:16:43,Chamber 1,28-031662211eff,30.75,T257,40C,off
01/03/2023 18:17:03,Chamber 1,28-031662211eff,30.75,T257,40C,off
01/03/2023 18:17:23,Chamber 1,28-031662211eff,30.812,T257,40C,off
01/03/2023 18:17:43,Chamber 1,28-031662211eff,30.75,T257,40C,off
01/03/2023 18:18:03,Chamber 1,28-031662211eff,30.75,T257,40C,off
01/03/2023 18:18:23,Chamber 1,28-031662211eff,30.75,T257,40C,off
01/03/2023 18:18:43,Chamber 1,28-031662211eff,30.75,T257,40C,off
01/03/2023 18:19:03,Chamber 1,28-031662211eff,30.75,T257,40C,off
01/03/2023 18:19:23,Chamber 1,28-031662211eff,30.75,T257,40C,off
01/03/2023 18:19:43,Chamber 1,28-031662211eff,30.75,T257,40C,off
01/03/2023 18:20:03,Chamber 1,28-031662211eff,30.812,T257,40C,off
01/03/2023 18:20:23,Chamber 1,28-031662211eff,30.812,T257,40C,off
01/03/2023 18:20:43,Chamber 1,28-031662211eff,30.75,T257,40C,off
01/03/2023 18:21:03,Chamber 1,28-031662211eff,30.75,T257,40C,off
01/03/2023 18:21:23,Chamber 1,28-031662211eff,30.812,T257,40C,off
01/03/2023 18:21:43,Chamber 1,28-031662211eff,30.75,T257,40C,off
01/03/2023 18:22:03,Chamber 1,28-031662211eff,30.75,T257,40C,off
01/03/2023 18:22:23,Chamber 1,28-031662211eff,30.812,T257,40C,off
01/03/2023 18:22:43,Chamber 1,28-031662211eff,30.812,T257,40C,off
01/03/2023 18:23:03,Chamber 1,28-031662211eff,30.812,T257,40C,off
01/03/2023 18:23:23,Chamber 1,28-031662211eff,30.812,T257,40C,off
01/03/2023 18:23:43,Chamber 1,28-031662211eff,30.812,T257,40C,off
01/03/2023 18:24:03,Chamber 1,28-031662211eff,30.812,T257,40C,off
01/03/2023 18:24:23,Chamber 1,28-031662211eff,30.812,T257,40C,off
01/03/2023 18:24:43,Chamber 1,28-031662211eff,30.812,T257,40C,off
01/03/2023 18:25:03,Chamber 1,28-031662211eff,30.812,T257,40C,off
01/03/2023 18:25:23,Chamber 1,28-031662211eff,30.75,T257,40C,off
01/03/2023 18:25:43,Chamber 1,28-031662211eff,30.812,T257,40C,off
01/03/2023 18:26:03,Chamber 1,28-031662211eff,30.75,T257,40C,off
01/03/2023 18:26:23,Chamber 1,28-031662211eff,30.75,T257,40C,off
01/03/2023 18:26:43,Chamber 1,28-031662211eff,30.812,T257,40C,off
01/03/2023 18:27:03,Chamber 1,28-031662211eff,30.75,T257,40C,off
01/03/2023 18:27:23,Chamber 1,28-031662211eff,30.812,T257,40C,off
01/03/2023 18:27:43,Chamber 1,28-031662211eff,30.812,T257,40C,off
01/03/2023 18:28:03,Chamber 1,28-031662211eff,30.75,T257,40C,off
01/03/2023 18:28:23,Chamber 1,28-031662211eff,30.812,T257,40C,off
01/03/2023 18:28:43,Chamber 1,28-031662211eff,30.812,T257,40C,off
01/03/2023 18:29:03,Chamber 1,28-031662211eff,30.75,T257,40C,off
01/03/2023 18:29:23,Chamber 1,28-031662211eff,30.75,T257,40C,off
01/03/2023 18:29:43,Chamber 1,28-031662211eff,30.812,T257,40C,off
01/03/2023 18:30:03,Chamber 1,28-031662211eff,30.75,T257,40C,off
01/03/2023 18:30:23,Chamber 1,28-031662211eff,30.812,T257,40C,off
01/03/2023 18:30:43,Chamber 1,28-031662211eff,30.75,T257,40C,off
01/03/2023 18:31:03,Chamber 1,28-031662211eff,30.75,T257,40C,off
01/03/2023 18:31:23,Chamber 1,28-031662211eff,30.75,T257,40C,off
01/03/2023 18:31:43,Chamber 1,28-031662211eff,30.812,T257,40C,off
01/03/2023 18:32:03,Chamber 1,28-031662211eff,30.75,T257,40C,off
01/03/2023 18:32:23,Chamber 1,28-031662211eff,30.75,T257,40C,off
01/03/2023 18:32:43,Chamber 1,28-031662211eff,30.75,T257,40C,off
01/03/2023 18:33:03,Chamber 1,28-031662211eff,30.75,T257,40C,off
01/03/2023 18:33:23,Chamber 1,28-031662211eff,30.812,T257,40C,off
01/03/2023 18:33:43,Chamber 1,28-031662211eff,30.812,T257,40C,off
01/03/2023 18:34:05,Chamber 1,28-031662211eff,30.812,T257,40C,off
01/03/2023 18:34:23,Chamber 1,28-031662211eff,30.812,T257,40C,off
01/03/2023 18:34:43,Chamber 1,28-031662211eff,30.812,T257,40C,off
01/03/2023 18:35:03,Chamber 1,28-031662211eff,30.812,T257,40C,off
01/03/2023 18:35:23,Chamber 1,28-031662211eff,30.812,T257,40C,off
01/03/2023 18:35:43,Chamber 1,28-031662211eff,30.812,T257,40C,off
01/03/2023 18:36:03,Chamber 1,28-031662211eff,30.75,T257,40C,off
01/03/2023 18:36:23,Chamber 1,28-031662211eff,30.812,T257,40C,off
01/03/2023 18:36:43,Chamber 1,28-031662211eff,30.75,T257,40C,off
01/03/2023 18:37:03,Chamber 1,28-031662211eff,30.812,T257,40C,off
01/03/2023 18:37:23,Chamber 1,28-031662211eff,30.812,T257,40C,off
01/03/2023 18:37:43,Chamber 1,28-031662211eff,30.812,T257,40C,off
01/03/2023 18:38:03,Chamber 1,28-031662211eff,30.812,T257,40C,off
01/03/2023 18:38:23,Chamber 1,28-031662211eff,30.812,T257,40C,off
01/03/2023 18:38:43,Chamber 1,28-031662211eff,30.812,T257,40C,off
01/03/2023 18:39:03,Chamber 1,28-031662211eff,30.812,T257,40C,off
01/03/2023 18:39:23,Chamber 1,28-031662211eff,30.75,T257,40C,off
01/03/2023 18:39:43,Chamber 1,28-031662211eff,30.75,T257,40C,off
01/03/2023 18:40:03,Chamber 1,28-031662211eff,30.812,T257,40C,off
01/03/2023 18:40:23,Chamber 1,28-031662211eff,30.812,T257,40C,off
01/03/2023 18:40:43,Chamber 1,28-031662211eff,30.812,T257,40C,off
01/03/2023 18:41:03,Chamber 1,28-031662211eff,30.812,T257,40C,off
01/03/2023 18:41:23,Chamber 1,28-031662211eff,30.812,T257,40C,off
01/03/2023 18:41:43,Chamber 1,28-031662211eff,30.812,T257,40C,off
01/03/2023 18:42:03,Chamber 1,28-031662211eff,30.812,T257,40C,off
01/03/2023 18:42:23,Chamber 1,28-031662211eff,30.812,T257,40C,off
01/03/2023 18:42:43,Chamber 1,28-031662211eff,30.812,T257,40C,off
01/03/2023 18:43:03,Chamber 1,28-031662211eff,30.812,T257,40C,off
01/03/2023 18:43:23,Chamber 1,28-031662211eff,30.812,T257,40C,off
01/03/2023 18:43:43,Chamber 1,28-031662211eff,30.812,T257,40C,off
01/03/2023 18:44:04,Chamber 1,28-031662211eff,30.812,T257,40C,off
01/03/2023 18:44:23,Chamber 1,28-031662211eff,30.812,T257,40C,off
01/03/2023 18:44:43,Chamber 1,28-031662211eff,30.812,T257,40C,off
01/03/2023 18:45:04,Chamber 1,28-031662211eff,30.812,T257,40C,off
01/03/2023 18:45:23,Chamber 1,28-031662211eff,30.812,T257,40C,off
01/03/2023 18:45:43,Chamber 1,28-031662211eff,30.812,T257,40C,off
01/03/2023 18:46:03,Chamber 1,28-031662211eff,30.812,T257,40C,off
01/03/2023 18:46:23,Chamber 1,28-031662211eff,30.812,T257,40C,off
01/03/2023 18:46:43,Chamber 1,28-031662211eff,30.812,T257,40C,off
01/03/2023 18:47:03,Chamber 1,28-031662211eff,30.812,T257,40C,off
01/03/2023 18:47:24,Chamber 1,28-031662211eff,30.812,T257,40C,off
01/03/2023 18:47:43,Chamber 1,28-031662211eff,30.812,T257,40C,off
01/03/2023 18:48:03,Chamber 1,28-031662211eff,30.812,T257,40C,off
01/03/2023 18:48:23,Chamber 1,28-031662211eff,30.812,T257,40C,off
01/03/2023 18:48:43,Chamber 1,28-031662211eff,30.812,T257,40C,off
01/03/2023 18:49:03,Chamber 1,28-031662211eff,30.812,T257,40C,off
01/03/2023 18:49:23,Chamber 1,28-031662211eff,30.812,T257,40C,off
01/03/2023 18:49:43,Chamber 1,28-031662211eff,30.812,T257,40C,off
01/03/2023 18:50:03,Chamber 1,28-031662211eff,30.812,T257,40C,off
01/03/2023 18:50:23,Chamber 1,28-031662211eff,30.812,T257,40C,off
01/03/2023 18:50:43,Chamber 1,28-031662211eff,30.812,T257,40C,off
01/03/2023 18:51:03,Chamber 1,28-031662211eff,30.812,T257,40C,off
01/03/2023 18:51:23,Chamber 1,28-031662211eff,30.812,T257,40C,off
01/03/2023 18:51:43,Chamber 1,28-031662211eff,30.812,T257,40C,off
01/03/2023 18:52:03,Chamber 1,28-031662211eff,30.812,T257,40C,off
01/03/2023 18:52:23,Chamber 1,28-031662211eff,30.812,T257,40C,off
01/03/2023 18:52:43,Chamber 1,28-031662211eff,30.812,T257,40C,off
01/03/2023 18:53:03,Chamber 1,28-031662211eff,30.812,T257,40C,off
01/03/2023 18:53:23,Chamber 1,28-031662211eff,30.812,T257,40C,off
01/03/2023 18:53:43,Chamber 1,28-031662211eff,30.812,T257,40C,off
01/03/2023 18:54:03,Chamber 1,28-031662211eff,30.812,T257,40C,off
01/03/2023 18:54:23,Chamber 1,28-031662211eff,30.812,T257,40C,off
01/03/2023 18:54:43,Chamber 1,28-031662211eff,30.812,T257,40C,off
01/03/2023 18:55:03,Chamber 1,28-031662211eff,30.812,T257,40C,off
01/03/2023 18:55:23,Chamber 1,28-031662211eff,30.812,T257,40C,off
01/03/2023 18:55:43,Chamber 1,28-031662211eff,30.812,T257,40C,off
01/03/2023 18:56:03,Chamber 1,28-031662211eff,30.812,T257,40C,off
01/03/2023 18:56:23,Chamber 1,28-031662211eff,30.812,T257,40C,off
01/03/2023 18:56:43,Chamber 1,28-031662211eff,30.812,T257,40C,off
01/03/2023 18:57:03,Chamber 1,28-031662211eff,30.75,T257,40C,off
01/03/2023 18:57:23,Chamber 1,28-031662211eff,30.812,T257,40C,off
01/03/2023 18:57:43,Chamber 1,28-031662211eff,30.812,T257,40C,off
01/03/2023 18:58:03,Chamber 1,28-031662211eff,30.75,T257,40C,off
01/03/2023 18:58:23,Chamber 1,28-031662211eff,30.812,T257,40C,off
01/03/2023 18:58:43,Chamber 1,28-031662211eff,30.812,T257,40C,off
01/03/2023 18:59:03,Chamber 1,28-031662211eff,30.812,T257,40C,off
01/03/2023 18:59:23,Chamber 1,28-031662211eff,30.812,T257,40C,off
01/03/2023 18:59:43,Chamber 1,28-031662211eff,30.812,T257,40C,off
01/03/2023 19:00:02,Chamber 1,28-031662211eff,30.812,T257,40C,off
01/03/2023 19:00:22,Chamber 1,28-031662211eff,30.812,T257,40C,off
01/03/2023 19:00:42,Chamber 1,28-031662211eff,30.812,T257,40C,off
01/03/2023 19:01:02,Chamber 1,28-031662211eff,30.812,T257,40C,off
01/03/2023 19:01:22,Chamber 1,28-031662211eff,30.812,T257,40C,off
01/03/2023 19:01:42,Chamber 1,28-031662211eff,30.75,T257,40C,off
01/03/2023 19:02:02,Chamber 1,28-031662211eff,30.75,T257,40C,off
01/03/2023 19:02:22,Chamber 1,28-031662211eff,30.75,T257,40C,off
01/03/2023 19:02:42,Chamber 1,28-031662211eff,30.75,T257,40C,off
01/03/2023 19:03:02,Chamber 1,28-031662211eff,30.812,T257,40C,off
01/03/2023 19:03:22,Chamber 1,28-031662211eff,30.812,T257,40C,off
01/03/2023 19:03:42,Chamber 1,28-031662211eff,30.75,T257,40C,off
01/03/2023 19:04:02,Chamber 1,28-031662211eff,30.812,T257,40C,off
01/03/2023 19:04:22,Chamber 1,28-031662211eff,30.812,T257,40C,off
01/03/2023 19:04:42,Chamber 1,28-031662211eff,30.75,T257,40C,off
01/03/2023 19:05:02,Chamber 1,28-031662211eff,30.75,T257,40C,off
01/03/2023 19:05:22,Chamber 1,28-031662211eff,30.75,T257,40C,off
01/03/2023 19:05:42,Chamber 1,28-031662211eff,30.75,T257,40C,off
01/03/2023 19:06:02,Chamber 1,28-031662211eff,30.812,T257,40C,off
01/03/2023 19:06:22,Chamber 1,28-031662211eff,30.812,T257,40C,off
01/03/2023 19:06:42,Chamber 1,28-031662211eff,30.75,T257,40C,off
01/03/2023 19:07:02,Chamber 1,28-031662211eff,30.75,T257,40C,off
01/03/2023 19:07:22,Chamber 1,28-031662211eff,30.75,T257,40C,off
01/03/2023 19:07:42,Chamber 1,28-031662211eff,30.75,T257,40C,off
01/03/2023 19:08:02,Chamber 1,28-031662211eff,30.812,T257,40C,off
01/03/2023 19:08:22,Chamber 1,28-031662211eff,30.812,T257,40C,off
01/03/2023 19:08:42,Chamber 1,28-031662211eff,30.75,T257,40C,off
01/03/2023 19:09:02,Chamber 1,28-031662211eff,30.75,T257,40C,off
01/03/2023 19:09:22,Chamber 1,28-031662211eff,30.75,T257,40C,off
01/03/2023 19:09:42,Chamber 1,28-031662211eff,30.75,T257,40C,off
01/03/2023 19:10:02,Chamber 1,28-031662211eff,30.812,T257,40C,off
01/03/2023 19:10:22,Chamber 1,28-031662211eff,30.812,T257,40C,off
01/03/2023 19:10:42,Chamber 1,28-031662211eff,30.75,T257,40C,off
01/03/2023 19:11:02,Chamber 1,28-031662211eff,30.75,T257,40C,off
01/03/2023 19:11:22,Chamber 1,28-031662211eff,30.75,T257,40C,off
01/03/2023 19:11:42,Chamber 1,28-031662211eff,30.75,T257,40C,off
01/03/2023 19:12:02,Chamber 1,28-031662211eff,30.75,T257,40C,off
01/03/2023 19:12:22,Chamber 1,28-031662211eff,30.812,T257,40C,off
01/03/2023 19:12:42,Chamber 1,28-031662211eff,30.75,T257,40C,off
01/03/2023 19:13:02,Chamber 1,28-031662211eff,30.75,T257,40C,off
01/03/2023 19:13:22,Chamber 1,28-031662211eff,30.75,T257,40C,off
01/03/2023 19:13:42,Chamber 1,28-031662211eff,30.75,T257,40C,off
01/03/2023 19:14:02,Chamber 1,28-031662211eff,30.75,T257,40C,off
01/03/2023 19:14:22,Chamber 1,28-031662211eff,30.75,T257,40C,off
01/03/2023 19:14:42,Chamber 1,28-031662211eff,30.75,T257,40C,off
01/03/2023 19:15:02,Chamber 1,28-031662211eff,30.812,T257,40C,off
01/03/2023 19:15:22,Chamber 1,28-031662211eff,30.75,T257,40C,off
01/03/2023 19:15:44,Chamber 1,28-031662211eff,30.812,T257,40C,off
01/03/2023 19:16:02,Chamber 1,28-031662211eff,30.75,T257,40C,off
01/03/2023 19:16:22,Chamber 1,28-031662211eff,30.75,T257,40C,off
01/03/2023 19:16:42,Chamber 1,28-031662211eff,30.75,T257,40C,off
01/03/2023 19:17:02,Chamber 1,28-031662211eff,30.75,T257,40C,off
01/03/2023 19:17:22,Chamber 1,28-031662211eff,30.75,T257,40C,off
01/03/2023 19:17:42,Chamber 1,28-031662211eff,30.75,T257,40C,off
01/03/2023 19:18:02,Chamber 1,28-031662211eff,30.75,T257,40C,off
01/03/2023 19:18:22,Chamber 1,28-031662211eff,30.812,T257,40C,off
01/03/2023 19:18:42,Chamber 1,28-031662211eff,30.75,T257,40C,off
01/03/2023 19:19:02,Chamber 1,28-031662211eff,30.75,T257,40C,off
01/03/2023 19:19:23,Chamber 1,28-031662211eff,30.75,T257,40C,off
01/03/2023 19:19:42,Chamber 1,28-031662211eff,30.75,T257,40C,off
01/03/2023 19:20:02,Chamber 1,28-031662211eff,30.75,T257,40C,off
01/03/2023 19:20:22,Chamber 1,28-031662211eff,30.75,T257,40C,off
01/03/2023 19:20:42,Chamber 1,28-031662211eff,30.75,T257,40C,off
01/03/2023 19:21:02,Chamber 1,28-031662211eff,30.75,T257,40C,off
01/03/2023 19:21:22,Chamber 1,28-031662211eff,30.75,T257,40C,off
01/03/2023 19:21:42,Chamber 1,28-031662211eff,30.75,T257,40C,off
01/03/2023 19:22:02,Chamber 1,28-031662211eff,30.75,T257,40C,off
01/03/2023 19:22:22,Chamber 1,28-031662211eff,30.75,T257,40C,off
01/03/2023 19:22:42,Chamber 1,28-031662211eff,30.75,T257,40C,off
01/03/2023 19:23:02,Chamber 1,28-031662211eff,30.75,T257,40C,off
01/03/2023 19:23:22,Chamber 1,28-031662211eff,30.75,T257,40C,off
01/03/2023 19:23:42,Chamber 1,28-031662211eff,30.75,T257,40C,off
01/03/2023 19:24:02,Chamber 1,28-031662211eff,30.75,T257,40C,off
01/03/2023 19:24:22,Chamber 1,28-031662211eff,30.75,T257,40C,off
01/03/2023 19:24:42,Chamber 1,28-031662211eff,30.75,T257,40C,off
01/03/2023 19:25:02,Chamber 1,28-031662211eff,30.75,T257,40C,off
01/03/2023 19:25:22,Chamber 1,28-031662211eff,30.75,T257,40C,off
01/03/2023 19:25:42,Chamber 1,28-031662211eff,30.75,T257,40C,off
01/03/2023 19:26:02,Chamber 1,28-031662211eff,30.75,T257,40C,off
01/03/2023 19:26:22,Chamber 1,28-031662211eff,30.75,T257,40C,off
01/03/2023 19:26:42,Chamber 1,28-031662211eff,30.75,T257,40C,off
01/03/2023 19:27:02,Chamber 1,28-031662211eff,30.75,T257,40C,off
01/03/2023 19:27:22,Chamber 1,28-031662211eff,30.75,T257,40C,off
01/03/2023 19:27:42,Chamber 1,28-031662211eff,30.75,T257,40C,off
01/03/2023 19:28:02,Chamber 1,28-031662211eff,30.75,T257,40C,off
01/03/2023 19:28:22,Chamber 1,28-031662211eff,30.75,T257,40C,off
01/03/2023 19:28:42,Chamber 1,28-031662211eff,30.75,T257,40C,off
01/03/2023 19:29:02,Chamber 1,28-031662211eff,30.75,T257,40C,off
01/03/2023 19:29:22,Chamber 1,28-031662211eff,30.75,T257,40C,off
01/03/2023 19:29:42,Chamber 1,28-031662211eff,30.75,T257,40C,off
01/03/2023 19:30:02,Chamber 1,28-031662211eff,30.75,T257,40C,off
01/03/2023 19:30:22,Chamber 1,28-031662211eff,30.75,T257,40C,off
01/03/2023 19:30:42,Chamber 1,28-031662211eff,30.75,T257,40C,off
01/03/2023 19:31:02,Chamber 1,28-031662211eff,30.75,T257,40C,off
01/03/2023 19:31:22,Chamber 1,28-031662211eff,30.75,T257,40C,off
01/03/2023 19:31:42,Chamber 1,28-031662211eff,30.75,T257,40C,off
01/03/2023 19:32:02,Chamber 1,28-031662211eff,30.75,T257,40C,off
01/03/2023 19:32:22,Chamber 1,28-031662211eff,30.75,T257,40C,off
01/03/2023 19:32:42,Chamber 1,28-031662211eff,30.75,T257,40C,off
01/03/2023 19:33:02,Chamber 1,28-031662211eff,30.75,T257,40C,off
01/03/2023 19:33:22,Chamber 1,28-031662211eff,30.75,T257,40C,off
01/03/2023 19:33:42,Chamber 1,28-031662211eff,30.75,T257,40C,off
01/03/2023 19:34:02,Chamber 1,28-031662211eff,30.75,T257,40C,off
01/03/2023 19:34:22,Chamber 1,28-031662211eff,30.75,T257,40C,off
01/03/2023 19:34:43,Chamber 1,28-031662211eff,30.75,T257,40C,off
01/03/2023 19:35:02,Chamber 1,28-031662211eff,30.75,T257,40C,off
01/03/2023 19:35:22,Chamber 1,28-031662211eff,30.75,T257,40C,off
01/03/2023 19:35:42,Chamber 1,28-031662211eff,30.75,T257,40C,off
01/03/2023 19:36:02,Chamber 1,28-031662211eff,30.75,T257,40C,off
01/03/2023 19:36:22,Chamber 1,28-031662211eff,30.687,T257,40C,off
01/03/2023 19:36:42,Chamber 1,28-031662211eff,30.687,T257,40C,off
01/03/2023 19:37:02,Chamber 1,28-031662211eff,30.75,T257,40C,off
01/03/2023 19:37:22,Chamber 1,28-031662211eff,30.687,T257,40C,off
01/03/2023 19:37:42,Chamber 1,28-031662211eff,30.75,T257,40C,off
01/03/2023 19:38:02,Chamber 1,28-031662211eff,30.687,T257,40C,off
01/03/2023 19:38:22,Chamber 1,28-031662211eff,30.687,T257,40C,off
01/03/2023 19:38:42,Chamber 1,28-031662211eff,30.687,T257,40C,off
01/03/2023 19:39:02,Chamber 1,28-031662211eff,30.687,T257,40C,off
01/03/2023 19:39:22,Chamber 1,28-031662211eff,30.687,T257,40C,off
01/03/2023 19:39:42,Chamber 1,28-031662211eff,30.687,T257,40C,off
01/03/2023 19:40:02,Chamber 1,28-031662211eff,30.687,T257,40C,off
01/03/2023 19:40:22,Chamber 1,28-031662211eff,30.687,T257,40C,off
01/03/2023 19:40:42,Chamber 1,28-031662211eff,30.687,T257,40C,off
01/03/2023 19:41:02,Chamber 1,28-031662211eff,30.687,T257,40C,off
01/03/2023 19:41:22,Chamber 1,28-031662211eff,30.687,T257,40C,off
01/03/2023 19:41:42,Chamber 1,28-031662211eff,30.687,T257,40C,off
01/03/2023 19:42:02,Chamber 1,28-031662211eff,30.687,T257,40C,off
01/03/2023 19:42:22,Chamber 1,28-031662211eff,30.687,T257,40C,off
01/03/2023 19:42:42,Chamber 1,28-031662211eff,30.687,T257,40C,off
01/03/2023 19:43:02,Chamber 1,28-031662211eff,30.687,T257,40C,off
01/03/2023 19:43:22,Chamber 1,28-031662211eff,30.687,T257,40C,off
01/03/2023 19:43:42,Chamber 1,28-031662211eff,30.687,T257,40C,off
01/03/2023 19:44:02,Chamber 1,28-031662211eff,30.687,T257,40C,off
01/03/2023 19:44:22,Chamber 1,28-031662211eff,30.687,T257,40C,off
01/03/2023 19:44:42,Chamber 1,28-031662211eff,30.687,T257,40C,off
01/03/2023 19:45:02,Chamber 1,28-031662211eff,30.687,T257,40C,off
01/03/2023 19:45:22,Chamber 1,28-031662211eff,30.687,T257,40C,off
01/03/2023 19:45:42,Chamber 1,28-031662211eff,30.687,T257,40C,off
01/03/2023 19:46:02,Chamber 1,28-031662211eff,30.687,T257,40C,off
01/03/2023 19:46:22,Chamber 1,28-031662211eff,30.687,T257,40C,off
01/03/2023 19:46:42,Chamber 1,28-031662211eff,30.687,T257,40C,off
01/03/2023 19:47:02,Chamber 1,28-031662211eff,30.687,T257,40C,off
01/03/2023 19:47:22,Chamber 1,28-031662211eff,30.687,T257,40C,off
01/03/2023 19:47:42,Chamber 1,28-031662211eff,30.687,T257,40C,off
01/03/2023 19:48:02,Chamber 1,28-031662211eff,30.687,T257,40C,off
01/03/2023 19:48:22,Chamber 1,28-031662211eff,30.687,T257,40C,off
01/03/2023 19:48:42,Chamber 1,28-031662211eff,30.687,T257,40C,off
01/03/2023 19:49:02,Chamber 1,28-031662211eff,30.687,T257,40C,off
01/03/2023 19:49:22,Chamber 1,28-031662211eff,30.687,T257,40C,off
01/03/2023 19:49:42,Chamber 1,28-031662211eff,30.687,T257,40C,off
01/03/2023 19:50:02,Chamber 1,28-031662211eff,30.625,T257,40C,off
01/03/2023 19:50:22,Chamber 1,28-031662211eff,30.625,T257,40C,off
01/03/2023 19:50:42,Chamber 1,28-031662211eff,30.625,T257,40C,off
01/03/2023 19:51:02,Chamber 1,28-031662211eff,30.625,T257,40C,off
01/03/2023 19:51:22,Chamber 1,28-031662211eff,30.625,T257,40C,off
01/03/2023 19:51:42,Chamber 1,28-031662211eff,30.625,T257,40C,off
01/03/2023 19:52:02,Chamber 1,28-031662211eff,30.625,T257,40C,off
01/03/2023 19:52:22,Chamber 1,28-031662211eff,30.625,T257,40C,off
01/03/2023 19:52:42,Chamber 1,28-031662211eff,30.625,T257,40C,off
01/03/2023 19:53:02,Chamber 1,28-031662211eff,30.625,T257,40C,off
01/03/2023 19:53:22,Chamber 1,28-031662211eff,30.625,T257,40C,off
01/03/2023 19:53:42,Chamber 1,28-031662211eff,30.625,T257,40C,off
01/03/2023 19:54:02,Chamber 1,28-031662211eff,30.625,T257,40C,off
01/03/2023 19:54:22,Chamber 1,28-031662211eff,30.625,T257,40C,off
01/03/2023 19:54:42,Chamber 1,28-031662211eff,30.625,T257,40C,off
01/03/2023 19:55:02,Chamber 1,28-031662211eff,30.625,T257,40C,off
01/03/2023 19:55:22,Chamber 1,28-031662211eff,30.625,T257,40C,off
01/03/2023 19:55:42,Chamber 1,28-031662211eff,30.625,T257,40C,off
01/03/2023 19:56:02,Chamber 1,28-031662211eff,30.625,T257,40C,off
01/03/2023 19:56:22,Chamber 1,28-031662211eff,30.625,T257,40C,off
01/03/2023 19:56:42,Chamber 1,28-031662211eff,30.625,T257,40C,off
01/03/2023 19:57:02,Chamber 1,28-031662211eff,30.625,T257,40C,off
01/03/2023 19:57:22,Chamber 1,28-031662211eff,30.625,T257,40C,off
01/03/2023 19:57:42,Chamber 1,28-031662211eff,30.625,T257,40C,off
01/03/2023 19:58:02,Chamber 1,28-031662211eff,30.625,T257,40C,off
01/03/2023 19:58:22,Chamber 1,28-031662211eff,30.625,T257,40C,off
01/03/2023 19:58:42,Chamber 1,28-031662211eff,30.625,T257,40C,off
01/03/2023 19:59:02,Chamber 1,28-031662211eff,30.625,T257,40C,off
01/03/2023 19:59:22,Chamber 1,28-031662211eff,30.625,T257,40C,off
01/03/2023 19:59:42,Chamber 1,28-031662211eff,30.562,T257,40C,off
01/03/2023 20:00:03,Chamber 1,28-031662211eff,30.625,T257,40C,off
01/03/2023 20:00:23,Chamber 1,28-031662211eff,30.625,T257,40C,off
01/03/2023 20:00:43,Chamber 1,28-031662211eff,30.625,T257,40C,off
01/03/2023 20:01:03,Chamber 1,28-031662211eff,30.562,T257,40C,off
01/03/2023 20:01:23,Chamber 1,28-031662211eff,30.562,T257,40C,off
01/03/2023 20:01:43,Chamber 1,28-031662211eff,30.625,T257,40C,off
01/03/2023 20:02:03,Chamber 1,28-031662211eff,30.625,T257,40C,off
01/03/2023 20:02:23,Chamber 1,28-031662211eff,30.562,T257,40C,off
01/03/2023 20:02:43,Chamber 1,28-031662211eff,30.562,T257,40C,off
01/03/2023 20:03:03,Chamber 1,28-031662211eff,30.562,T257,40C,off
01/03/2023 20:03:23,Chamber 1,28-031662211eff,30.562,T257,40C,off
01/03/2023 20:03:43,Chamber 1,28-031662211eff,30.562,T257,40C,off
01/03/2023 20:04:03,Chamber 1,28-031662211eff,30.562,T257,40C,off
01/03/2023 20:04:23,Chamber 1,28-031662211eff,30.562,T257,40C,off
01/03/2023 20:04:43,Chamber 1,28-031662211eff,30.562,T257,40C,off
01/03/2023 20:05:03,Chamber 1,28-031662211eff,30.562,T257,40C,off
01/03/2023 20:05:23,Chamber 1,28-031662211eff,30.562,T257,40C,off
01/03/2023 20:05:43,Chamber 1,28-031662211eff,30.562,T257,40C,off
01/03/2023 20:06:03,Chamber 1,28-031662211eff,30.562,T257,40C,off
01/03/2023 20:06:23,Chamber 1,28-031662211eff,30.562,T257,40C,off
01/03/2023 20:06:43,Chamber 1,28-031662211eff,30.562,T257,40C,off
01/03/2023 20:07:03,Chamber 1,28-031662211eff,30.562,T257,40C,off
01/03/2023 20:07:23,Chamber 1,28-031662211eff,30.562,T257,40C,off
01/03/2023 20:07:43,Chamber 1,28-031662211eff,30.562,T257,40C,off
01/03/2023 20:08:03,Chamber 1,28-031662211eff,30.562,T257,40C,off
01/03/2023 20:08:23,Chamber 1,28-031662211eff,30.562,T257,40C,off
01/03/2023 20:08:43,Chamber 1,28-031662211eff,30.562,T257,40C,off
01/03/2023 20:09:03,Chamber 1,28-031662211eff,30.562,T257,40C,off
01/03/2023 20:09:23,Chamber 1,28-031662211eff,30.562,T257,40C,off
01/03/2023 20:09:43,Chamber 1,28-031662211eff,30.562,T257,40C,off
01/03/2023 20:10:03,Chamber 1,28-031662211eff,30.562,T257,40C,off
01/03/2023 20:10:23,Chamber 1,28-031662211eff,30.562,T257,40C,off
01/03/2023 20:10:43,Chamber 1,28-031662211eff,30.562,T257,40C,off
01/03/2023 20:11:03,Chamber 1,28-031662211eff,30.562,T257,40C,off
01/03/2023 20:11:23,Chamber 1,28-031662211eff,30.562,T257,40C,off
01/03/2023 20:11:43,Chamber 1,28-031662211eff,30.562,T257,40C,off
01/03/2023 20:12:03,Chamber 1,28-031662211eff,30.562,T257,40C,off
01/03/2023 20:12:23,Chamber 1,28-031662211eff,30.562,T257,40C,off
01/03/2023 20:12:43,Chamber 1,28-031662211eff,30.562,T257,40C,off
01/03/2023 20:13:03,Chamber 1,28-031662211eff,30.562,T257,40C,off
01/03/2023 20:13:23,Chamber 1,28-031662211eff,30.562,T257,40C,off
01/03/2023 20:13:43,Chamber 1,28-031662211eff,30.562,T257,40C,off
01/03/2023 20:14:03,Chamber 1,28-031662211eff,30.562,T257,40C,off
01/03/2023 20:14:23,Chamber 1,28-031662211eff,30.562,T257,40C,off
01/03/2023 20:14:43,Chamber 1,28-031662211eff,30.562,T257,40C,off
01/03/2023 20:15:03,Chamber 1,28-031662211eff,30.5,T257,40C,off
01/03/2023 20:15:23,Chamber 1,28-031662211eff,30.562,T257,40C,off
01/03/2023 20:15:43,Chamber 1,28-031662211eff,30.562,T257,40C,off
01/03/2023 20:16:03,Chamber 1,28-031662211eff,30.562,T257,40C,off
01/03/2023 20:16:23,Chamber 1,28-031662211eff,30.5,T257,40C,off
01/03/2023 20:16:43,Chamber 1,28-031662211eff,30.562,T257,40C,off
01/03/2023 20:17:03,Chamber 1,28-031662211eff,30.562,T257,40C,off
01/03/2023 20:17:23,Chamber 1,28-031662211eff,30.562,T257,40C,off
01/03/2023 20:17:43,Chamber 1,28-031662211eff,30.5,T257,40C,off
01/03/2023 20:18:03,Chamber 1,28-031662211eff,30.5,T257,40C,off
01/03/2023 20:18:23,Chamber 1,28-031662211eff,30.5,T257,40C,off
01/03/2023 20:18:43,Chamber 1,28-031662211eff,30.5,T257,40C,off
01/03/2023 20:19:03,Chamber 1,28-031662211eff,30.5,T257,40C,off
01/03/2023 20:19:23,Chamber 1,28-031662211eff,30.5,T257,40C,off
01/03/2023 20:19:43,Chamber 1,28-031662211eff,30.5,T257,40C,off
01/03/2023 20:20:03,Chamber 1,28-031662211eff,30.5,T257,40C,off
01/03/2023 20:20:23,Chamber 1,28-031662211eff,30.5,T257,40C,off
01/03/2023 20:20:43,Chamber 1,28-031662211eff,30.5,T257,40C,off
01/03/2023 20:21:03,Chamber 1,28-031662211eff,30.5,T257,40C,off
01/03/2023 20:21:23,Chamber 1,28-031662211eff,30.5,T257,40C,off
01/03/2023 20:21:43,Chamber 1,28-031662211eff,30.5,T257,40C,off
01/03/2023 20:22:03,Chamber 1,28-031662211eff,30.5,T257,40C,off
01/03/2023 20:22:23,Chamber 1,28-031662211eff,30.5,T257,40C,off
01/03/2023 20:22:43,Chamber 1,28-031662211eff,30.5,T257,40C,off
01/03/2023 20:23:03,Chamber 1,28-031662211eff,30.5,T257,40C,off
01/03/2023 20:23:23,Chamber 1,28-031662211eff,30.5,T257,40C,off
01/03/2023 20:23:43,Chamber 1,28-031662211eff,30.5,T257,40C,off
01/03/2023 20:24:03,Chamber 1,28-031662211eff,30.5,T257,40C,off
01/03/2023 20:24:23,Chamber 1,28-031662211eff,30.5,T257,40C,off
01/03/2023 20:24:43,Chamber 1,28-031662211eff,30.5,T257,40C,off
01/03/2023 20:25:03,Chamber 1,28-031662211eff,30.5,T257,40C,off
01/03/2023 20:25:23,Chamber 1,28-031662211eff,30.5,T257,40C,off
01/03/2023 20:25:43,Chamber 1,28-031662211eff,30.437,T257,40C,off
01/03/2023 20:26:03,Chamber 1,28-031662211eff,30.437,T257,40C,off
01/03/2023 20:26:23,Chamber 1,28-031662211eff,30.437,T257,40C,off
01/03/2023 20:26:43,Chamber 1,28-031662211eff,30.437,T257,40C,off
01/03/2023 20:27:03,Chamber 1,28-031662211eff,30.437,T257,40C,off
01/03/2023 20:27:23,Chamber 1,28-031662211eff,30.437,T257,40C,off
01/03/2023 20:27:43,Chamber 1,28-031662211eff,30.437,T257,40C,off
01/03/2023 20:28:03,Chamber 1,28-031662211eff,30.437,T257,40C,off
01/03/2023 20:28:23,Chamber 1,28-031662211eff,30.437,T257,40C,off
01/03/2023 20:28:43,Chamber 1,28-031662211eff,30.437,T257,40C,off
01/03/2023 20:29:03,Chamber 1,28-031662211eff,30.437,T257,40C,off
01/03/2023 20:29:23,Chamber 1,28-031662211eff,30.437,T257,40C,off
01/03/2023 20:29:43,Chamber 1,28-031662211eff,30.437,T257,40C,off
01/03/2023 20:30:03,Chamber 1,28-031662211eff,30.437,T257,40C,off
01/03/2023 20:30:23,Chamber 1,28-031662211eff,30.437,T257,40C,off
01/03/2023 20:30:43,Chamber 1,28-031662211eff,30.437,T257,40C,off
01/03/2023 20:31:03,Chamber 1,28-031662211eff,30.437,T257,40C,off
01/03/2023 20:31:23,Chamber 1,28-031662211eff,30.437,T257,40C,off
01/03/2023 20:31:43,Chamber 1,28-031662211eff,30.437,T257,40C,off
01/03/2023 20:32:03,Chamber 1,28-031662211eff,30.437,T257,40C,off
01/03/2023 20:32:23,Chamber 1,28-031662211eff,30.437,T257,40C,off
01/03/2023 20:32:43,Chamber 1,28-031662211eff,30.437,T257,40C,off
01/03/2023 20:33:03,Chamber 1,28-031662211eff,30.437,T257,40C,off
01/03/2023 20:33:23,Chamber 1,28-031662211eff,30.437,T257,40C,off
01/03/2023 20:33:43,Chamber 1,28-031662211eff,30.437,T257,40C,off
01/03/2023 20:34:03,Chamber 1,28-031662211eff,30.437,T257,40C,off
01/03/2023 20:34:23,Chamber 1,28-031662211eff,30.437,T257,40C,off
01/03/2023 20:34:43,Chamber 1,28-031662211eff,30.437,T257,40C,off
01/03/2023 20:35:03,Chamber 1,28-031662211eff,30.375,T257,40C,off
01/03/2023 20:35:23,Chamber 1,28-031662211eff,30.437,T257,40C,off
01/03/2023 20:35:43,Chamber 1,28-031662211eff,30.437,T257,40C,off
01/03/2023 20:36:03,Chamber 1,28-031662211eff,30.375,T257,40C,off
01/03/2023 20:36:23,Chamber 1,28-031662211eff,30.437,T257,40C,off
01/03/2023 20:36:43,Chamber 1,28-031662211eff,30.375,T257,40C,off
01/03/2023 20:37:03,Chamber 1,28-031662211eff,30.437,T257,40C,off
01/03/2023 20:37:23,Chamber 1,28-031662211eff,30.437,T257,40C,off
01/03/2023 20:37:43,Chamber 1,28-031662211eff,30.375,T257,40C,off
01/03/2023 20:38:03,Chamber 1,28-031662211eff,30.375,T257,40C,off
01/03/2023 20:38:23,Chamber 1,28-031662211eff,30.375,T257,40C,off
01/03/2023 20:38:43,Chamber 1,28-031662211eff,30.375,T257,40C,off
01/03/2023 20:39:03,Chamber 1,28-031662211eff,30.375,T257,40C,off
01/03/2023 20:39:23,Chamber 1,28-031662211eff,30.375,T257,40C,off
01/03/2023 20:39:43,Chamber 1,28-031662211eff,30.375,T257,40C,off
01/03/2023 20:40:03,Chamber 1,28-031662211eff,30.375,T257,40C,off
01/03/2023 20:40:23,Chamber 1,28-031662211eff,30.375,T257,40C,off
01/03/2023 20:40:43,Chamber 1,28-031662211eff,30.375,T257,40C,off
01/03/2023 20:41:03,Chamber 1,28-031662211eff,30.375,T257,40C,off
01/03/2023 20:41:23,Chamber 1,28-031662211eff,30.375,T257,40C,off
01/03/2023 20:41:43,Chamber 1,28-031662211eff,30.375,T257,40C,off
01/03/2023 20:42:03,Chamber 1,28-031662211eff,30.375,T257,40C,off
01/03/2023 20:42:23,Chamber 1,28-031662211eff,30.375,T257,40C,off
01/03/2023 20:42:43,Chamber 1,28-031662211eff,30.375,T257,40C,off
01/03/2023 20:43:03,Chamber 1,28-031662211eff,30.375,T257,40C,off
01/03/2023 20:43:23,Chamber 1,28-031662211eff,30.375,T257,40C,off
01/03/2023 20:43:43,Chamber 1,28-031662211eff,30.375,T257,40C,off
01/03/2023 20:44:03,Chamber 1,28-031662211eff,30.375,T257,40C,off
01/03/2023 20:44:23,Chamber 1,28-031662211eff,30.375,T257,40C,off
01/03/2023 20:44:43,Chamber 1,28-031662211eff,30.375,T257,40C,off
01/03/2023 20:45:03,Chamber 1,28-031662211eff,30.375,T257,40C,off
01/03/2023 20:45:23,Chamber 1,28-031662211eff,30.375,T257,40C,off
01/03/2023 20:45:43,Chamber 1,28-031662211eff,30.375,T257,40C,off
01/03/2023 20:46:03,Chamber 1,28-031662211eff,30.375,T257,40C,off
01/03/2023 20:46:23,Chamber 1,28-031662211eff,30.375,T257,40C,off
01/03/2023 20:46:43,Chamber 1,28-031662211eff,30.375,T257,40C,off
01/03/2023 20:47:03,Chamber 1,28-031662211eff,30.375,T257,40C,off
01/03/2023 20:47:23,Chamber 1,28-031662211eff,30.375,T257,40C,off
01/03/2023 20:47:43,Chamber 1,28-031662211eff,30.375,T257,40C,off
01/03/2023 20:48:03,Chamber 1,28-031662211eff,30.375,T257,40C,off
01/03/2023 20:48:23,Chamber 1,28-031662211eff,30.312,T257,40C,off
01/03/2023 20:48:43,Chamber 1,28-031662211eff,30.375,T257,40C,off
01/03/2023 20:49:03,Chamber 1,28-031662211eff,30.375,T257,40C,off
01/03/2023 20:49:23,Chamber 1,28-031662211eff,30.375,T257,40C,off
01/03/2023 20:49:43,Chamber 1,28-031662211eff,30.375,T257,40C,off
01/03/2023 20:50:03,Chamber 1,28-031662211eff,30.375,T257,40C,off
01/03/2023 20:50:23,Chamber 1,28-031662211eff,30.375,T257,40C,off
01/03/2023 20:50:43,Chamber 1,28-031662211eff,30.375,T257,40C,off
01/03/2023 20:51:03,Chamber 1,28-031662211eff,30.375,T257,40C,off
01/03/2023 20:51:23,Chamber 1,28-031662211eff,30.375,T257,40C,off
01/03/2023 20:51:43,Chamber 1,28-031662211eff,30.375,T257,40C,off
01/03/2023 20:52:03,Chamber 1,28-031662211eff,30.375,T257,40C,off
01/03/2023 20:52:23,Chamber 1,28-031662211eff,30.375,T257,40C,off
01/03/2023 20:52:43,Chamber 1,28-031662211eff,30.312,T257,40C,off
01/03/2023 20:53:03,Chamber 1,28-031662211eff,30.312,T257,40C,off
01/03/2023 20:53:23,Chamber 1,28-031662211eff,30.375,T257,40C,off
01/03/2023 20:53:43,Chamber 1,28-031662211eff,30.375,T257,40C,off
01/03/2023 20:54:03,Chamber 1,28-031662211eff,30.312,T257,40C,off
01/03/2023 20:54:23,Chamber 1,28-031662211eff,30.312,T257,40C,off
01/03/2023 20:54:43,Chamber 1,28-031662211eff,30.312,T257,40C,off
01/03/2023 20:55:03,Chamber 1,28-031662211eff,30.375,T257,40C,off
01/03/2023 20:55:23,Chamber 1,28-031662211eff,30.312,T257,40C,off
01/03/2023 20:55:43,Chamber 1,28-031662211eff,30.312,T257,40C,off
01/03/2023 20:56:03,Chamber 1,28-031662211eff,30.312,T257,40C,off
01/03/2023 20:56:23,Chamber 1,28-031662211eff,30.312,T257,40C,off
01/03/2023 20:56:43,Chamber 1,28-031662211eff,30.312,T257,40C,off
01/03/2023 20:57:03,Chamber 1,28-031662211eff,30.312,T257,40C,off
01/03/2023 20:57:23,Chamber 1,28-031662211eff,30.312,T257,40C,off
01/03/2023 20:57:43,Chamber 1,28-031662211eff,30.312,T257,40C,off
01/03/2023 20:58:03,Chamber 1,28-031662211eff,30.312,T257,40C,off
01/03/2023 20:58:23,Chamber 1,28-031662211eff,30.312,T257,40C,off
01/03/2023 20:58:43,Chamber 1,28-031662211eff,30.312,T257,40C,off
01/03/2023 20:59:03,Chamber 1,28-031662211eff,30.312,T257,40C,off
01/03/2023 20:59:23,Chamber 1,28-031662211eff,30.312,T257,40C,off
01/03/2023 20:59:43,Chamber 1,28-031662211eff,30.312,T257,40C,off
01/03/2023 21:00:02,Chamber 1,28-031662211eff,30.312,T257,40C,off
01/03/2023 21:00:22,Chamber 1,28-031662211eff,30.312,T257,40C,off
01/03/2023 21:00:42,Chamber 1,28-031662211eff,30.312,T257,40C,off
01/03/2023 21:01:02,Chamber 1,28-031662211eff,30.312,T257,40C,off
01/03/2023 21:01:22,Chamber 1,28-031662211eff,30.312,T257,40C,off
01/03/2023 21:01:42,Chamber 1,28-031662211eff,30.312,T257,40C,off
01/03/2023 21:02:02,Chamber 1,28-031662211eff,30.312,T257,40C,off
01/03/2023 21:02:22,Chamber 1,28-031662211eff,30.312,T257,40C,off
01/03/2023 21:02:42,Chamber 1,28-031662211eff,30.312,T257,40C,off
01/03/2023 21:03:02,Chamber 1,28-031662211eff,30.312,T257,40C,off
01/03/2023 21:03:22,Chamber 1,28-031662211eff,30.312,T257,40C,off
01/03/2023 21:03:42,Chamber 1,28-031662211eff,30.312,T257,40C,off
01/03/2023 21:04:02,Chamber 1,28-031662211eff,30.312,T257,40C,off
01/03/2023 21:04:22,Chamber 1,28-031662211eff,30.312,T257,40C,off
01/03/2023 21:04:42,Chamber 1,28-031662211eff,30.312,T257,40C,off
01/03/2023 21:05:02,Chamber 1,28-031662211eff,30.312,T257,40C,off
01/03/2023 21:05:22,Chamber 1,28-031662211eff,30.312,T257,40C,off
01/03/2023 21:05:42,Chamber 1,28-031662211eff,30.312,T257,40C,off
01/03/2023 21:06:02,Chamber 1,28-031662211eff,30.312,T257,40C,off
01/03/2023 21:06:22,Chamber 1,28-031662211eff,30.312,T257,40C,off
01/03/2023 21:06:42,Chamber 1,28-031662211eff,30.312,T257,40C,off
01/03/2023 21:07:02,Chamber 1,28-031662211eff,30.312,T257,40C,off
01/03/2023 21:07:22,Chamber 1,28-031662211eff,30.312,T257,40C,off
01/03/2023 21:07:42,Chamber 1,28-031662211eff,30.312,T257,40C,off
01/03/2023 21:08:02,Chamber 1,28-031662211eff,30.25,T257,40C,off
01/03/2023 21:08:22,Chamber 1,28-031662211eff,30.25,T257,40C,off
01/03/2023 21:08:42,Chamber 1,28-031662211eff,30.312,T257,40C,off
01/03/2023 21:09:02,Chamber 1,28-031662211eff,30.25,T257,40C,off
01/03/2023 21:09:22,Chamber 1,28-031662211eff,30.25,T257,40C,off
01/03/2023 21:09:42,Chamber 1,28-031662211eff,30.25,T257,40C,off
01/03/2023 21:10:02,Chamber 1,28-031662211eff,30.25,T257,40C,off
01/03/2023 21:10:22,Chamber 1,28-031662211eff,30.25,T257,40C,off
01/03/2023 21:10:42,Chamber 1,28-031662211eff,30.25,T257,40C,off
01/03/2023 21:11:02,Chamber 1,28-031662211eff,30.25,T257,40C,off
01/03/2023 21:11:22,Chamber 1,28-031662211eff,30.25,T257,40C,off
01/03/2023 21:11:42,Chamber 1,28-031662211eff,30.25,T257,40C,off
01/03/2023 21:12:02,Chamber 1,28-031662211eff,30.25,T257,40C,off
01/03/2023 21:12:22,Chamber 1,28-031662211eff,30.25,T257,40C,off
01/03/2023 21:12:42,Chamber 1,28-031662211eff,30.25,T257,40C,off
01/03/2023 21:13:02,Chamber 1,28-031662211eff,30.25,T257,40C,off
01/03/2023 21:13:22,Chamber 1,28-031662211eff,30.25,T257,40C,off
01/03/2023 21:13:42,Chamber 1,28-031662211eff,30.25,T257,40C,off
01/03/2023 21:14:02,Chamber 1,28-031662211eff,30.25,T257,40C,off
01/03/2023 21:14:22,Chamber 1,28-031662211eff,30.25,T257,40C,off
01/03/2023 21:14:42,Chamber 1,28-031662211eff,30.25,T257,40C,off
01/03/2023 21:15:02,Chamber 1,28-031662211eff,30.25,T257,40C,off
01/03/2023 21:15:22,Chamber 1,28-031662211eff,30.25,T257,40C,off
01/03/2023 21:15:42,Chamber 1,28-031662211eff,30.25,T257,40C,off
01/03/2023 21:16:02,Chamber 1,28-031662211eff,30.25,T257,40C,off
01/03/2023 21:16:22,Chamber 1,28-031662211eff,30.25,T257,40C,off
01/03/2023 21:16:42,Chamber 1,28-031662211eff,30.25,T257,40C,off
01/03/2023 21:17:02,Chamber 1,28-031662211eff,30.25,T257,40C,off
01/03/2023 21:17:22,Chamber 1,28-031662211eff,30.25,T257,40C,off
01/03/2023 21:17:42,Chamber 1,28-031662211eff,30.25,T257,40C,off
01/03/2023 21:18:02,Chamber 1,28-031662211eff,30.25,T257,40C,off
01/03/2023 21:18:22,Chamber 1,28-031662211eff,30.25,T257,40C,off
01/03/2023 21:18:42,Chamber 1,28-031662211eff,30.25,T257,40C,off
01/03/2023 21:19:02,Chamber 1,28-031662211eff,30.25,T257,40C,off
01/03/2023 21:19:22,Chamber 1,28-031662211eff,30.25,T257,40C,off
01/03/2023 21:19:42,Chamber 1,28-031662211eff,30.25,T257,40C,off
01/03/2023 21:20:02,Chamber 1,28-031662211eff,30.25,T257,40C,off
01/03/2023 21:20:22,Chamber 1,28-031662211eff,30.25,T257,40C,off
01/03/2023 21:20:42,Chamber 1,28-031662211eff,30.25,T257,40C,off
01/03/2023 21:21:02,Chamber 1,28-031662211eff,30.25,T257,40C,off
01/03/2023 21:21:22,Chamber 1,28-031662211eff,30.25,T257,40C,off
01/03/2023 21:21:42,Chamber 1,28-031662211eff,30.25,T257,40C,off
01/03/2023 21:22:02,Chamber 1,28-031662211eff,30.25,T257,40C,off
01/03/2023 21:22:22,Chamber 1,28-031662211eff,30.25,T257,40C,off
01/03/2023 21:22:42,Chamber 1,28-031662211eff,30.25,T257,40C,off
01/03/2023 21:23:02,Chamber 1,28-031662211eff,30.25,T257,40C,off
01/03/2023 21:23:22,Chamber 1,28-031662211eff,30.25,T257,40C,off
01/03/2023 21:23:42,Chamber 1,28-031662211eff,30.25,T257,40C,off
01/03/2023 21:24:02,Chamber 1,28-031662211eff,30.25,T257,40C,off
01/03/2023 21:24:22,Chamber 1,28-031662211eff,30.25,T257,40C,off
01/03/2023 21:24:42,Chamber 1,28-031662211eff,30.25,T257,40C,off
01/03/2023 21:25:02,Chamber 1,28-031662211eff,30.25,T257,40C,off
01/03/2023 21:25:22,Chamber 1,28-031662211eff,30.25,T257,40C,off
01/03/2023 21:25:42,Chamber 1,28-031662211eff,30.25,T257,40C,off
01/03/2023 21:26:02,Chamber 1,28-031662211eff,30.25,T257,40C,off
01/03/2023 21:26:22,Chamber 1,28-031662211eff,30.25,T257,40C,off
01/03/2023 21:26:42,Chamber 1,28-031662211eff,30.187,T257,40C,off
01/03/2023 21:27:02,Chamber 1,28-031662211eff,30.25,T257,40C,off
01/03/2023 21:27:22,Chamber 1,28-031662211eff,30.25,T257,40C,off
01/03/2023 21:27:42,Chamber 1,28-031662211eff,30.187,T257,40C,off
01/03/2023 21:28:02,Chamber 1,28-031662211eff,30.187,T257,40C,off
01/03/2023 21:28:22,Chamber 1,28-031662211eff,30.187,T257,40C,off
01/03/2023 21:28:42,Chamber 1,28-031662211eff,30.187,T257,40C,off
01/03/2023 21:29:02,Chamber 1,28-031662211eff,30.187,T257,40C,off
01/03/2023 21:29:22,Chamber 1,28-031662211eff,30.25,T257,40C,off
01/03/2023 21:29:42,Chamber 1,28-031662211eff,30.187,T257,40C,off
01/03/2023 21:30:02,Chamber 1,28-031662211eff,30.187,T257,40C,off
01/03/2023 21:30:22,Chamber 1,28-031662211eff,30.187,T257,40C,off
01/03/2023 21:30:42,Chamber 1,28-031662211eff,30.187,T257,40C,off
01/03/2023 21:31:02,Chamber 1,28-031662211eff,30.187,T257,40C,off
01/03/2023 21:31:22,Chamber 1,28-031662211eff,30.187,T257,40C,off
01/03/2023 21:31:42,Chamber 1,28-031662211eff,30.187,T257,40C,off
01/03/2023 21:32:02,Chamber 1,28-031662211eff,30.187,T257,40C,off
01/03/2023 21:32:22,Chamber 1,28-031662211eff,30.187,T257,40C,off
01/03/2023 21:32:42,Chamber 1,28-031662211eff,30.187,T257,40C,off
01/03/2023 21:33:02,Chamber 1,28-031662211eff,30.187,T257,40C,off
01/03/2023 21:33:22,Chamber 1,28-031662211eff,30.187,T257,40C,off
01/03/2023 21:33:42,Chamber 1,28-031662211eff,30.187,T257,40C,off
01/03/2023 21:34:02,Chamber 1,28-031662211eff,30.187,T257,40C,off
01/03/2023 21:34:22,Chamber 1,28-031662211eff,30.187,T257,40C,off
01/03/2023 21:34:42,Chamber 1,28-031662211eff,30.187,T257,40C,off
01/03/2023 21:35:02,Chamber 1,28-031662211eff,30.187,T257,40C,off
01/03/2023 21:35:22,Chamber 1,28-031662211eff,30.187,T257,40C,off
01/03/2023 21:35:42,Chamber 1,28-031662211eff,30.187,T257,40C,off
01/03/2023 21:36:02,Chamber 1,28-031662211eff,30.187,T257,40C,off
01/03/2023 21:36:22,Chamber 1,28-031662211eff,30.187,T257,40C,off
01/03/2023 21:36:42,Chamber 1,28-031662211eff,30.187,T257,40C,off
01/03/2023 21:37:02,Chamber 1,28-031662211eff,30.187,T257,40C,off
01/03/2023 21:37:22,Chamber 1,28-031662211eff,30.187,T257,40C,off
01/03/2023 21:37:42,Chamber 1,28-031662211eff,30.187,T257,40C,off
01/03/2023 21:38:02,Chamber 1,28-031662211eff,30.187,T257,40C,off
01/03/2023 21:38:22,Chamber 1,28-031662211eff,30.187,T257,40C,off
01/03/2023 21:38:42,Chamber 1,28-031662211eff,30.187,T257,40C,off
01/03/2023 21:39:02,Chamber 1,28-031662211eff,30.187,T257,40C,off
01/03/2023 21:39:22,Chamber 1,28-031662211eff,30.187,T257,40C,off
01/03/2023 21:39:42,Chamber 1,28-031662211eff,30.187,T257,40C,off
01/03/2023 21:40:02,Chamber 1,28-031662211eff,30.187,T257,40C,off
01/03/2023 21:40:22,Chamber 1,28-031662211eff,30.187,T257,40C,off
01/03/2023 21:40:42,Chamber 1,28-031662211eff,30.187,T257,40C,off
01/03/2023 21:41:02,Chamber 1,28-031662211eff,30.187,T257,40C,off
01/03/2023 21:41:22,Chamber 1,28-031662211eff,30.187,T257,40C,off
01/03/2023 21:41:42,Chamber 1,28-031662211eff,30.187,T257,40C,off
01/03/2023 21:42:02,Chamber 1,28-031662211eff,30.187,T257,40C,off
01/03/2023 21:42:22,Chamber 1,28-031662211eff,30.187,T257,40C,off
01/03/2023 21:42:42,Chamber 1,28-031662211eff,30.187,T257,40C,off
01/03/2023 21:43:02,Chamber 1,28-031662211eff,30.187,T257,40C,off
01/03/2023 21:43:22,Chamber 1,28-031662211eff,30.187,T257,40C,off
01/03/2023 21:43:42,Chamber 1,28-031662211eff,30.187,T257,40C,off
01/03/2023 21:44:02,Chamber 1,28-031662211eff,30.187,T257,40C,off
01/03/2023 21:44:22,Chamber 1,28-031662211eff,30.187,T257,40C,off
01/03/2023 21:44:42,Chamber 1,28-031662211eff,30.187,T257,40C,off
01/03/2023 21:45:02,Chamber 1,28-031662211eff,30.187,T257,40C,off
01/03/2023 21:45:22,Chamber 1,28-031662211eff,30.187,T257,40C,off
01/03/2023 21:45:42,Chamber 1,28-031662211eff,30.187,T257,40C,off
01/03/2023 21:46:02,Chamber 1,28-031662211eff,30.187,T257,40C,off
01/03/2023 21:46:22,Chamber 1,28-031662211eff,30.187,T257,40C,off
01/03/2023 21:46:42,Chamber 1,28-031662211eff,30.187,T257,40C,off
01/03/2023 21:47:02,Chamber 1,28-031662211eff,30.187,T257,40C,off
01/03/2023 21:47:22,Chamber 1,28-031662211eff,30.187,T257,40C,off
01/03/2023 21:47:42,Chamber 1,28-031662211eff,30.187,T257,40C,off
01/03/2023 21:48:02,Chamber 1,28-031662211eff,30.187,T257,40C,off
01/03/2023 21:48:22,Chamber 1,28-031662211eff,30.187,T257,40C,off
01/03/2023 21:48:42,Chamber 1,28-031662211eff,30.187,T257,40C,off
01/03/2023 21:49:02,Chamber 1,28-031662211eff,30.187,T257,40C,off
01/03/2023 21:49:22,Chamber 1,28-031662211eff,30.187,T257,40C,off
01/03/2023 21:49:42,Chamber 1,28-031662211eff,30.187,T257,40C,off
01/03/2023 21:50:02,Chamber 1,28-031662211eff,30.187,T257,40C,off
01/03/2023 21:50:22,Chamber 1,28-031662211eff,30.187,T257,40C,off
01/03/2023 21:50:42,Chamber 1,28-031662211eff,30.187,T257,40C,off
01/03/2023 21:51:02,Chamber 1,28-031662211eff,30.187,T257,40C,off
01/03/2023 21:51:22,Chamber 1,28-031662211eff,30.187,T257,40C,off
01/03/2023 21:51:42,Chamber 1,28-031662211eff,30.187,T257,40C,off
01/03/2023 21:52:02,Chamber 1,28-031662211eff,30.125,T257,40C,off
01/03/2023 21:52:22,Chamber 1,28-031662211eff,30.187,T257,40C,off
01/03/2023 21:52:42,Chamber 1,28-031662211eff,30.187,T257,40C,off
01/03/2023 21:53:02,Chamber 1,28-031662211eff,30.187,T257,40C,off
01/03/2023 21:53:22,Chamber 1,28-031662211eff,30.187,T257,40C,off
01/03/2023 21:53:42,Chamber 1,28-031662211eff,30.187,T257,40C,off
01/03/2023 21:54:02,Chamber 1,28-031662211eff,30.187,T257,40C,off
01/03/2023 21:54:22,Chamber 1,28-031662211eff,30.187,T257,40C,off
01/03/2023 21:54:42,Chamber 1,28-031662211eff,30.187,T257,40C,off
01/03/2023 21:55:02,Chamber 1,28-031662211eff,30.125,T257,40C,off
01/03/2023 21:55:22,Chamber 1,28-031662211eff,30.125,T257,40C,off
01/03/2023 21:55:42,Chamber 1,28-031662211eff,30.125,T257,40C,off
01/03/2023 21:56:02,Chamber 1,28-031662211eff,30.125,T257,40C,off
01/03/2023 21:56:22,Chamber 1,28-031662211eff,30.125,T257,40C,off
01/03/2023 21:56:42,Chamber 1,28-031662211eff,30.125,T257,40C,off
01/03/2023 21:57:02,Chamber 1,28-031662211eff,30.125,T257,40C,off
01/03/2023 21:57:22,Chamber 1,28-031662211eff,30.125,T257,40C,off
01/03/2023 21:57:42,Chamber 1,28-031662211eff,30.125,T257,40C,off
01/03/2023 21:58:02,Chamber 1,28-031662211eff,30.125,T257,40C,off
01/03/2023 21:58:22,Chamber 1,28-031662211eff,30.125,T257,40C,off
01/03/2023 21:58:42,Chamber 1,28-031662211eff,30.125,T257,40C,off
01/03/2023 21:59:02,Chamber 1,28-031662211eff,30.125,T257,40C,off
01/03/2023 21:59:22,Chamber 1,28-031662211eff,30.125,T257,40C,off
01/03/2023 21:59:42,Chamber 1,28-031662211eff,30.125,T257,40C,off
01/03/2023 22:00:03,Chamber 1,28-031662211eff,30.125,T257,40C,off
01/03/2023 22:00:23,Chamber 1,28-031662211eff,30.125,T257,40C,off
01/03/2023 22:00:43,Chamber 1,28-031662211eff,30.125,T257,40C,off
01/03/2023 22:01:03,Chamber 1,28-031662211eff,30.125,T257,40C,off
01/03/2023 22:01:23,Chamber 1,28-031662211eff,30.125,T257,40C,off
01/03/2023 22:01:43,Chamber 1,28-031662211eff,30.125,T257,40C,off
01/03/2023 22:02:03,Chamber 1,28-031662211eff,30.125,T257,40C,off
01/03/2023 22:02:23,Chamber 1,28-031662211eff,30.125,T257,40C,off
01/03/2023 22:02:43,Chamber 1,28-031662211eff,30.125,T257,40C,off
01/03/2023 22:03:03,Chamber 1,28-031662211eff,30.125,T257,40C,off
01/03/2023 22:03:23,Chamber 1,28-031662211eff,30.125,T257,40C,off
01/03/2023 22:03:43,Chamber 1,28-031662211eff,30.125,T257,40C,off
01/03/2023 22:04:03,Chamber 1,28-031662211eff,30.125,T257,40C,off
01/03/2023 22:04:23,Chamber 1,28-031662211eff,30.125,T257,40C,off
01/03/2023 22:04:43,Chamber 1,28-031662211eff,30.125,T257,40C,off
01/03/2023 22:05:03,Chamber 1,28-031662211eff,30.125,T257,40C,off
01/03/2023 22:05:23,Chamber 1,28-031662211eff,30.125,T257,40C,off
01/03/2023 22:05:43,Chamber 1,28-031662211eff,30.125,T257,40C,off
01/03/2023 22:06:03,Chamber 1,28-031662211eff,30.125,T257,40C,off
01/03/2023 22:06:23,Chamber 1,28-031662211eff,30.125,T257,40C,off
01/03/2023 22:06:43,Chamber 1,28-031662211eff,30.125,T257,40C,off
01/03/2023 22:07:03,Chamber 1,28-031662211eff,30.125,T257,40C,off
01/03/2023 22:07:23,Chamber 1,28-031662211eff,30.125,T257,40C,off
01/03/2023 22:07:43,Chamber 1,28-031662211eff,30.125,T257,40C,off
01/03/2023 22:08:03,Chamber 1,28-031662211eff,30.125,T257,40C,off
01/03/2023 22:08:23,Chamber 1,28-031662211eff,30.125,T257,40C,off
01/03/2023 22:08:43,Chamber 1,28-031662211eff,30.125,T257,40C,off
01/03/2023 22:09:03,Chamber 1,28-031662211eff,30.125,T257,40C,off
01/03/2023 22:09:23,Chamber 1,28-031662211eff,30.125,T257,40C,off
01/03/2023 22:09:43,Chamber 1,28-031662211eff,30.125,T257,40C,off
01/03/2023 22:10:03,Chamber 1,28-031662211eff,30.125,T257,40C,off
01/03/2023 22:10:23,Chamber 1,28-031662211eff,30.125,T257,40C,off
01/03/2023 22:10:43,Chamber 1,28-031662211eff,30.125,T257,40C,off
01/03/2023 22:11:03,Chamber 1,28-031662211eff,30.125,T257,40C,off
01/03/2023 22:11:23,Chamber 1,28-031662211eff,30.125,T257,40C,off
01/03/2023 22:11:43,Chamber 1,28-031662211eff,30.125,T257,40C,off
01/03/2023 22:12:03,Chamber 1,28-031662211eff,30.125,T257,40C,off
01/03/2023 22:12:23,Chamber 1,28-031662211eff,30.125,T257,40C,off
01/03/2023 22:12:43,Chamber 1,28-031662211eff,30.125,T257,40C,off
01/03/2023 22:13:03,Chamber 1,28-031662211eff,30.125,T257,40C,off
01/03/2023 22:13:23,Chamber 1,28-031662211eff,30.125,T257,40C,off
01/03/2023 22:13:43,Chamber 1,28-031662211eff,30.125,T257,40C,off
01/03/2023 22:14:03,Chamber 1,28-031662211eff,30.125,T257,40C,off
01/03/2023 22:14:23,Chamber 1,28-031662211eff,30.125,T257,40C,off
01/03/2023 22:14:43,Chamber 1,28-031662211eff,30.125,T257,40C,off
01/03/2023 22:15:03,Chamber 1,28-031662211eff,30.125,T257,40C,off
01/03/2023 22:15:23,Chamber 1,28-031662211eff,30.125,T257,40C,off
01/03/2023 22:15:43,Chamber 1,28-031662211eff,30.125,T257,40C,off
01/03/2023 22:16:03,Chamber 1,28-031662211eff,30.125,T257,40C,off
01/03/2023 22:16:23,Chamber 1,28-031662211eff,30.125,T257,40C,off
01/03/2023 22:16:43,Chamber 1,28-031662211eff,30.125,T257,40C,off
01/03/2023 22:17:03,Chamber 1,28-031662211eff,30.125,T257,40C,off
01/03/2023 22:17:23,Chamber 1,28-031662211eff,30.125,T257,40C,off
01/03/2023 22:17:43,Chamber 1,28-031662211eff,30.125,T257,40C,off
01/03/2023 22:18:03,Chamber 1,28-031662211eff,30.125,T257,40C,off
01/03/2023 22:18:23,Chamber 1,28-031662211eff,30.125,T257,40C,off
01/03/2023 22:18:43,Chamber 1,28-031662211eff,30.125,T257,40C,off
01/03/2023 22:19:03,Chamber 1,28-031662211eff,30.125,T257,40C,off
01/03/2023 22:19:23,Chamber 1,28-031662211eff,30.062,T257,40C,off
01/03/2023 22:19:43,Chamber 1,28-031662211eff,30.125,T257,40C,off
01/03/2023 22:20:03,Chamber 1,28-031662211eff,30.125,T257,40C,off
01/03/2023 22:20:23,Chamber 1,28-031662211eff,30.125,T257,40C,off
01/03/2023 22:20:43,Chamber 1,28-031662211eff,30.125,T257,40C,off
01/03/2023 22:21:03,Chamber 1,28-031662211eff,30.062,T257,40C,off
01/03/2023 22:21:23,Chamber 1,28-031662211eff,30.125,T257,40C,off
01/03/2023 22:21:43,Chamber 1,28-031662211eff,30.062,T257,40C,off
01/03/2023 22:22:03,Chamber 1,28-031662211eff,30.125,T257,40C,off
01/03/2023 22:22:23,Chamber 1,28-031662211eff,30.062,T257,40C,off
01/03/2023 22:22:43,Chamber 1,28-031662211eff,30.062,T257,40C,off
01/03/2023 22:23:03,Chamber 1,28-031662211eff,30.062,T257,40C,off
01/03/2023 22:23:23,Chamber 1,28-031662211eff,30.062,T257,40C,off
01/03/2023 22:23:43,Chamber 1,28-031662211eff,30.062,T257,40C,off
01/03/2023 22:24:03,Chamber 1,28-031662211eff,30.062,T257,40C,off
01/03/2023 22:24:23,Chamber 1,28-031662211eff,30.062,T257,40C,off
01/03/2023 22:24:43,Chamber 1,28-031662211eff,30.062,T257,40C,off
01/03/2023 22:25:03,Chamber 1,28-031662211eff,30.062,T257,40C,off
01/03/2023 22:25:23,Chamber 1,28-031662211eff,30.062,T257,40C,off
01/03/2023 22:25:43,Chamber 1,28-031662211eff,30.062,T257,40C,off
01/03/2023 22:26:03,Chamber 1,28-031662211eff,30.062,T257,40C,off
01/03/2023 22:26:23,Chamber 1,28-031662211eff,30.062,T257,40C,off
01/03/2023 22:26:43,Chamber 1,28-031662211eff,30.062,T257,40C,off
01/03/2023 22:27:03,Chamber 1,28-031662211eff,30.062,T257,40C,off
01/03/2023 22:27:23,Chamber 1,28-031662211eff,30.062,T257,40C,off
01/03/2023 22:27:43,Chamber 1,28-031662211eff,30.062,T257,40C,off
01/03/2023 22:28:03,Chamber 1,28-031662211eff,30.062,T257,40C,off
01/03/2023 22:28:23,Chamber 1,28-031662211eff,30.062,T257,40C,off
01/03/2023 22:28:43,Chamber 1,28-031662211eff,30.062,T257,40C,off
01/03/2023 22:29:03,Chamber 1,28-031662211eff,30.062,T257,40C,off
01/03/2023 22:29:23,Chamber 1,28-031662211eff,30.062,T257,40C,off
01/03/2023 22:29:43,Chamber 1,28-031662211eff,30.062,T257,40C,off
01/03/2023 22:30:03,Chamber 1,28-031662211eff,30.062,T257,40C,off
01/03/2023 22:30:23,Chamber 1,28-031662211eff,30.062,T257,40C,off
01/03/2023 22:30:43,Chamber 1,28-031662211eff,30.062,T257,40C,off
01/03/2023 22:31:03,Chamber 1,28-031662211eff,30.062,T257,40C,off
01/03/2023 22:31:23,Chamber 1,28-031662211eff,30.062,T257,40C,off
01/03/2023 22:31:43,Chamber 1,28-031662211eff,30.062,T257,40C,off
01/03/2023 22:32:03,Chamber 1,28-031662211eff,30.062,T257,40C,off
01/03/2023 22:32:23,Chamber 1,28-031662211eff,30.062,T257,40C,off
01/03/2023 22:32:43,Chamber 1,28-031662211eff,30.062,T257,40C,off
01/03/2023 22:33:03,Chamber 1,28-031662211eff,30.062,T257,40C,off
01/03/2023 22:33:23,Chamber 1,28-031662211eff,30.062,T257,40C,off
01/03/2023 22:33:43,Chamber 1,28-031662211eff,30.062,T257,40C,off
01/03/2023 22:34:03,Chamber 1,28-031662211eff,30.062,T257,40C,off
01/03/2023 22:34:23,Chamber 1,28-031662211eff,30.062,T257,40C,off
01/03/2023 22:34:43,Chamber 1,28-031662211eff,30.062,T257,40C,off
01/03/2023 22:35:03,Chamber 1,28-031662211eff,30.062,T257,40C,off
01/03/2023 22:35:23,Chamber 1,28-031662211eff,30.062,T257,40C,off
01/03/2023 22:35:43,Chamber 1,28-031662211eff,30.062,T257,40C,off
01/03/2023 22:36:03,Chamber 1,28-031662211eff,30.062,T257,40C,off
01/03/2023 22:36:23,Chamber 1,28-031662211eff,30.062,T257,40C,off
01/03/2023 22:36:43,Chamber 1,28-031662211eff,30.062,T257,40C,off
01/03/2023 22:37:03,Chamber 1,28-031662211eff,30.062,T257,40C,off
01/03/2023 22:37:23,Chamber 1,28-031662211eff,30.062,T257,40C,off
01/03/2023 22:37:43,Chamber 1,28-031662211eff,30.062,T257,40C,off
01/03/2023 22:38:03,Chamber 1,28-031662211eff,30.062,T257,40C,off
01/03/2023 22:38:23,Chamber 1,28-031662211eff,30.062,T257,40C,off
01/03/2023 22:38:43,Chamber 1,28-031662211eff,30.062,T257,40C,off
01/03/2023 22:39:03,Chamber 1,28-031662211eff,30.062,T257,40C,off
01/03/2023 22:39:23,Chamber 1,28-031662211eff,30.062,T257,40C,off
01/03/2023 22:39:43,Chamber 1,28-031662211eff,30.062,T257,40C,off
01/03/2023 22:40:03,Chamber 1,28-031662211eff,30.062,T257,40C,off
01/03/2023 22:40:23,Chamber 1,28-031662211eff,30.062,T257,40C,off
01/03/2023 22:40:43,Chamber 1,28-031662211eff,30.062,T257,40C,off
01/03/2023 22:41:03,Chamber 1,28-031662211eff,30.062,T257,40C,off
01/03/2023 22:41:23,Chamber 1,28-031662211eff,30.062,T257,40C,off
01/03/2023 22:41:43,Chamber 1,28-031662211eff,30.062,T257,40C,off
01/03/2023 22:42:03,Chamber 1,28-031662211eff,30.0,T257,40C,off
01/03/2023 22:42:23,Chamber 1,28-031662211eff,30.0,T257,40C,off
01/03/2023 22:42:43,Chamber 1,28-031662211eff,30.0,T257,40C,off
01/03/2023 22:43:03,Chamber 1,28-031662211eff,30.062,T257,40C,off
01/03/2023 22:43:23,Chamber 1,28-031662211eff,30.0,T257,40C,off
01/03/2023 22:43:43,Chamber 1,28-031662211eff,30.0,T257,40C,off
01/03/2023 22:44:03,Chamber 1,28-031662211eff,30.0,T257,40C,off
01/03/2023 22:44:23,Chamber 1,28-031662211eff,30.0,T257,40C,off
01/03/2023 22:44:43,Chamber 1,28-031662211eff,30.0,T257,40C,off
01/03/2023 22:45:03,Chamber 1,28-031662211eff,30.0,T257,40C,off
01/03/2023 22:45:23,Chamber 1,28-031662211eff,30.0,T257,40C,off
01/03/2023 22:45:43,Chamber 1,28-031662211eff,30.0,T257,40C,off
01/03/2023 22:46:03,Chamber 1,28-031662211eff,30.0,T257,40C,off
01/03/2023 22:46:23,Chamber 1,28-031662211eff,30.0,T257,40C,off
01/03/2023 22:46:43,Chamber 1,28-031662211eff,30.0,T257,40C,off
01/03/2023 22:47:03,Chamber 1,28-031662211eff,30.0,T257,40C,off
01/03/2023 22:47:23,Chamber 1,28-031662211eff,30.0,T257,40C,off
01/03/2023 22:47:43,Chamber 1,28-031662211eff,30.0,T257,40C,off
01/03/2023 22:48:03,Chamber 1,28-031662211eff,30.0,T257,40C,off
01/03/2023 22:48:23,Chamber 1,28-031662211eff,30.0,T257,40C,off
01/03/2023 22:48:43,Chamber 1,28-031662211eff,30.0,T257,40C,off
01/03/2023 22:49:03,Chamber 1,28-031662211eff,30.0,T257,40C,off
01/03/2023 22:49:23,Chamber 1,28-031662211eff,30.0,T257,40C,off
01/03/2023 22:49:43,Chamber 1,28-031662211eff,30.0,T257,40C,off
01/03/2023 22:50:03,Chamber 1,28-031662211eff,30.0,T257,40C,off
01/03/2023 22:50:23,Chamber 1,28-031662211eff,30.0,T257,40C,off
01/03/2023 22:50:43,Chamber 1,28-031662211eff,30.0,T257,40C,off
01/03/2023 22:51:03,Chamber 1,28-031662211eff,30.0,T257,40C,off
01/03/2023 22:51:23,Chamber 1,28-031662211eff,30.0,T257,40C,off
01/03/2023 22:51:43,Chamber 1,28-031662211eff,30.0,T257,40C,off
01/03/2023 22:52:03,Chamber 1,28-031662211eff,30.0,T257,40C,off
01/03/2023 22:52:23,Chamber 1,28-031662211eff,30.0,T257,40C,off
01/03/2023 22:52:43,Chamber 1,28-031662211eff,30.0,T257,40C,off
01/03/2023 22:53:03,Chamber 1,28-031662211eff,30.0,T257,40C,off
01/03/2023 22:53:23,Chamber 1,28-031662211eff,30.0,T257,40C,off
01/03/2023 22:53:43,Chamber 1,28-031662211eff,30.0,T257,40C,off
01/03/2023 22:54:03,Chamber 1,28-031662211eff,30.0,T257,40C,off
01/03/2023 22:54:23,Chamber 1,28-031662211eff,30.0,T257,40C,off
01/03/2023 22:54:43,Chamber 1,28-031662211eff,30.0,T257,40C,off
01/03/2023 22:55:03,Chamber 1,28-031662211eff,29.937,T257,40C,off
01/03/2023 22:55:23,Chamber 1,28-031662211eff,30.0,T257,40C,off
01/03/2023 22:55:43,Chamber 1,28-031662211eff,30.0,T257,40C,off
01/03/2023 22:56:03,Chamber 1,28-031662211eff,30.0,T257,40C,off
01/03/2023 22:56:23,Chamber 1,28-031662211eff,30.0,T257,40C,off
01/03/2023 22:56:43,Chamber 1,28-031662211eff,30.0,T257,40C,off
01/03/2023 22:57:03,Chamber 1,28-031662211eff,29.937,T257,40C,off
01/03/2023 22:57:23,Chamber 1,28-031662211eff,30.0,T257,40C,off
01/03/2023 22:57:43,Chamber 1,28-031662211eff,29.937,T257,40C,off
01/03/2023 22:58:03,Chamber 1,28-031662211eff,30.0,T257,40C,off
01/03/2023 22:58:23,Chamber 1,28-031662211eff,29.937,T257,40C,off
01/03/2023 22:58:43,Chamber 1,28-031662211eff,29.937,T257,40C,off
01/03/2023 22:59:03,Chamber 1,28-031662211eff,29.937,T257,40C,off
01/03/2023 22:59:23,Chamber 1,28-031662211eff,29.937,T257,40C,off
01/03/2023 22:59:43,Chamber 1,28-031662211eff,29.937,T257,40C,off
01/03/2023 23:00:02,Chamber 1,28-031662211eff,29.937,T257,40C,off
01/03/2023 23:00:22,Chamber 1,28-031662211eff,29.937,T257,40C,off
01/03/2023 23:00:42,Chamber 1,28-031662211eff,29.937,T257,40C,off
01/03/2023 23:01:02,Chamber 1,28-031662211eff,29.937,T257,40C,off
01/03/2023 23:01:22,Chamber 1,28-031662211eff,29.937,T257,40C,off
01/03/2023 23:01:42,Chamber 1,28-031662211eff,29.937,T257,40C,off
01/03/2023 23:02:02,Chamber 1,28-031662211eff,29.937,T257,40C,off
01/03/2023 23:02:22,Chamber 1,28-031662211eff,29.937,T257,40C,off
01/03/2023 23:02:42,Chamber 1,28-031662211eff,29.937,T257,40C,off
01/03/2023 23:03:02,Chamber 1,28-031662211eff,29.937,T257,40C,off
01/03/2023 23:03:22,Chamber 1,28-031662211eff,29.937,T257,40C,off
01/03/2023 23:03:42,Chamber 1,28-031662211eff,29.937,T257,40C,off
01/03/2023 23:04:02,Chamber 1,28-031662211eff,29.937,T257,40C,off
01/03/2023 23:04:23,Chamber 1,28-031662211eff,30.0,T257,40C,off
01/03/2023 23:04:42,Chamber 1,28-031662211eff,29.937,T257,40C,off
01/03/2023 23:05:02,Chamber 1,28-031662211eff,29.937,T257,40C,off
01/03/2023 23:05:22,Chamber 1,28-031662211eff,29.937,T257,40C,off
01/03/2023 23:05:42,Chamber 1,28-031662211eff,29.937,T257,40C,off
01/03/2023 23:06:02,Chamber 1,28-031662211eff,29.937,T257,40C,off
01/03/2023 23:06:22,Chamber 1,28-031662211eff,29.937,T257,40C,off
01/03/2023 23:06:42,Chamber 1,28-031662211eff,29.937,T257,40C,off
01/03/2023 23:07:02,Chamber 1,28-031662211eff,29.937,T257,40C,off
01/03/2023 23:07:22,Chamber 1,28-031662211eff,29.937,T257,40C,off
01/03/2023 23:07:42,Chamber 1,28-031662211eff,29.937,T257,40C,off
01/03/2023 23:08:02,Chamber 1,28-031662211eff,29.937,T257,40C,off
01/03/2023 23:08:22,Chamber 1,28-031662211eff,29.937,T257,40C,off
01/03/2023 23:08:42,Chamber 1,28-031662211eff,29.937,T257,40C,off
01/03/2023 23:09:02,Chamber 1,28-031662211eff,29.937,T257,40C,off
01/03/2023 23:09:22,Chamber 1,28-031662211eff,29.937,T257,40C,off
01/03/2023 23:09:42,Chamber 1,28-031662211eff,29.937,T257,40C,off
01/03/2023 23:10:02,Chamber 1,28-031662211eff,29.937,T257,40C,off
01/03/2023 23:10:22,Chamber 1,28-031662211eff,29.937,T257,40C,off
01/03/2023 23:10:42,Chamber 1,28-031662211eff,29.937,T257,40C,off
01/03/2023 23:11:02,Chamber 1,28-031662211eff,29.937,T257,40C,off
01/03/2023 23:11:22,Chamber 1,28-031662211eff,29.937,T257,40C,off
01/03/2023 23:11:42,Chamber 1,28-031662211eff,29.937,T257,40C,off
01/03/2023 23:12:02,Chamber 1,28-031662211eff,29.937,T257,40C,off
01/03/2023 23:12:22,Chamber 1,28-031662211eff,29.937,T257,40C,off
01/03/2023 23:12:42,Chamber 1,28-031662211eff,29.937,T257,40C,off
01/03/2023 23:13:02,Chamber 1,28-031662211eff,29.937,T257,40C,off
01/03/2023 23:13:22,Chamber 1,28-031662211eff,29.937,T257,40C,off
01/03/2023 23:13:42,Chamber 1,28-031662211eff,29.937,T257,40C,off
01/03/2023 23:14:02,Chamber 1,28-031662211eff,29.937,T257,40C,off
01/03/2023 23:14:22,Chamber 1,28-031662211eff,29.937,T257,40C,off
01/03/2023 23:14:42,Chamber 1,28-031662211eff,29.937,T257,40C,off
01/03/2023 23:15:02,Chamber 1,28-031662211eff,29.937,T257,40C,off
01/03/2023 23:15:22,Chamber 1,28-031662211eff,29.937,T257,40C,off
01/03/2023 23:15:42,Chamber 1,28-031662211eff,29.937,T257,40C,off
01/03/2023 23:16:02,Chamber 1,28-031662211eff,29.937,T257,40C,off
01/03/2023 23:16:22,Chamber 1,28-031662211eff,29.937,T257,40C,off
01/03/2023 23:16:42,Chamber 1,28-031662211eff,29.937,T257,40C,off
01/03/2023 23:17:02,Chamber 1,28-031662211eff,29.937,T257,40C,off
01/03/2023 23:17:22,Chamber 1,28-031662211eff,29.937,T257,40C,off
01/03/2023 23:17:42,Chamber 1,28-031662211eff,29.937,T257,40C,off
01/03/2023 23:18:02,Chamber 1,28-031662211eff,29.937,T257,40C,off
01/03/2023 23:18:22,Chamber 1,28-031662211eff,29.937,T257,40C,off
01/03/2023 23:18:42,Chamber 1,28-031662211eff,29.937,T257,40C,off
01/03/2023 23:19:02,Chamber 1,28-031662211eff,29.937,T257,40C,off
01/03/2023 23:19:22,Chamber 1,28-031662211eff,29.937,T257,40C,off
01/03/2023 23:19:42,Chamber 1,28-031662211eff,29.937,T257,40C,off
01/03/2023 23:20:02,Chamber 1,28-031662211eff,29.937,T257,40C,off
01/03/2023 23:20:22,Chamber 1,28-031662211eff,29.937,T257,40C,off
01/03/2023 23:20:42,Chamber 1,28-031662211eff,29.937,T257,40C,off
01/03/2023 23:21:02,Chamber 1,28-031662211eff,29.937,T257,40C,off
01/03/2023 23:21:22,Chamber 1,28-031662211eff,29.937,T257,40C,off
01/03/2023 23:21:42,Chamber 1,28-031662211eff,29.937,T257,40C,off
01/03/2023 23:22:02,Chamber 1,28-031662211eff,29.937,T257,40C,off
01/03/2023 23:22:22,Chamber 1,28-031662211eff,29.937,T257,40C,off
01/03/2023 23:22:42,Chamber 1,28-031662211eff,29.937,T257,40C,off
01/03/2023 23:23:02,Chamber 1,28-031662211eff,29.937,T257,40C,off
01/03/2023 23:23:22,Chamber 1,28-031662211eff,29.937,T257,40C,off
01/03/2023 23:23:42,Chamber 1,28-031662211eff,29.937,T257,40C,off
01/03/2023 23:24:02,Chamber 1,28-031662211eff,29.937,T257,40C,off
01/03/2023 23:24:22,Chamber 1,28-031662211eff,29.937,T257,40C,off
01/03/2023 23:24:42,Chamber 1,28-031662211eff,29.937,T257,40C,off
01/03/2023 23:25:02,Chamber 1,28-031662211eff,29.937,T257,40C,off
01/03/2023 23:25:22,Chamber 1,28-031662211eff,29.937,T257,40C,off
01/03/2023 23:25:42,Chamber 1,28-031662211eff,29.937,T257,40C,off
01/03/2023 23:26:02,Chamber 1,28-031662211eff,29.937,T257,40C,off
01/03/2023 23:26:22,Chamber 1,28-031662211eff,29.937,T257,40C,off
01/03/2023 23:26:42,Chamber 1,28-031662211eff,29.937,T257,40C,off
01/03/2023 23:27:02,Chamber 1,28-031662211eff,29.937,T257,40C,off
01/03/2023 23:27:22,Chamber 1,28-031662211eff,29.937,T257,40C,off
01/03/2023 23:27:42,Chamber 1,28-031662211eff,29.937,T257,40C,off
01/03/2023 23:28:02,Chamber 1,28-031662211eff,29.937,T257,40C,off
01/03/2023 23:28:22,Chamber 1,28-031662211eff,29.937,T257,40C,off
01/03/2023 23:28:42,Chamber 1,28-031662211eff,29.937,T257,40C,off
01/03/2023 23:29:02,Chamber 1,28-031662211eff,29.937,T257,40C,off
01/03/2023 23:29:22,Chamber 1,28-031662211eff,29.937,T257,40C,off
01/03/2023 23:29:42,Chamber 1,28-031662211eff,29.937,T257,40C,off
01/03/2023 23:30:02,Chamber 1,28-031662211eff,29.937,T257,40C,off
01/03/2023 23:30:22,Chamber 1,28-031662211eff,29.937,T257,40C,off
01/03/2023 23:30:42,Chamber 1,28-031662211eff,29.937,T257,40C,off
01/03/2023 23:31:02,Chamber 1,28-031662211eff,29.937,T257,40C,off
01/03/2023 23:31:22,Chamber 1,28-031662211eff,29.937,T257,40C,off
01/03/2023 23:31:42,Chamber 1,28-031662211eff,29.937,T257,40C,off
01/03/2023 23:32:02,Chamber 1,28-031662211eff,29.937,T257,40C,off
01/03/2023 23:32:22,Chamber 1,28-031662211eff,29.937,T257,40C,off
01/03/2023 23:32:42,Chamber 1,28-031662211eff,29.937,T257,40C,off
01/03/2023 23:33:02,Chamber 1,28-031662211eff,29.937,T257,40C,off
01/03/2023 23:33:22,Chamber 1,28-031662211eff,29.937,T257,40C,off
01/03/2023 23:33:42,Chamber 1,28-031662211eff,29.937,T257,40C,off
01/03/2023 23:34:02,Chamber 1,28-031662211eff,29.937,T257,40C,off
01/03/2023 23:34:22,Chamber 1,28-031662211eff,29.937,T257,40C,off
01/03/2023 23:34:42,Chamber 1,28-031662211eff,29.937,T257,40C,off
01/03/2023 23:35:02,Chamber 1,28-031662211eff,29.937,T257,40C,off
01/03/2023 23:35:22,Chamber 1,28-031662211eff,29.937,T257,40C,off
01/03/2023 23:35:42,Chamber 1,28-031662211eff,29.937,T257,40C,off
01/03/2023 23:36:02,Chamber 1,28-031662211eff,29.937,T257,40C,off
01/03/2023 23:36:22,Chamber 1,28-031662211eff,29.937,T257,40C,off
01/03/2023 23:36:42,Chamber 1,28-031662211eff,29.937,T257,40C,off
01/03/2023 23:37:02,Chamber 1,28-031662211eff,29.937,T257,40C,off
01/03/2023 23:37:22,Chamber 1,28-031662211eff,29.937,T257,40C,off
01/03/2023 23:37:42,Chamber 1,28-031662211eff,29.937,T257,40C,off
01/03/2023 23:38:02,Chamber 1,28-031662211eff,29.937,T257,40C,off
01/03/2023 23:38:22,Chamber 1,28-031662211eff,29.937,T257,40C,off
01/03/2023 23:38:42,Chamber 1,28-031662211eff,29.937,T257,40C,off
01/03/2023 23:39:02,Chamber 1,28-031662211eff,29.937,T257,40C,off
01/03/2023 23:39:22,Chamber 1,28-031662211eff,29.937,T257,40C,off
01/03/2023 23:39:42,Chamber 1,28-031662211eff,29.937,T257,40C,off
01/03/2023 23:40:02,Chamber 1,28-031662211eff,29.937,T257,40C,off
01/03/2023 23:40:22,Chamber 1,28-031662211eff,29.937,T257,40C,off
01/03/2023 23:40:42,Chamber 1,28-031662211eff,29.937,T257,40C,off
01/03/2023 23:41:02,Chamber 1,28-031662211eff,29.937,T257,40C,off
01/03/2023 23:41:22,Chamber 1,28-031662211eff,29.937,T257,40C,off
01/03/2023 23:41:42,Chamber 1,28-031662211eff,29.937,T257,40C,off
01/03/2023 23:42:02,Chamber 1,28-031662211eff,29.937,T257,40C,off
01/03/2023 23:42:22,Chamber 1,28-031662211eff,29.937,T257,40C,off
01/03/2023 23:42:42,Chamber 1,28-031662211eff,29.937,T257,40C,off
01/03/2023 23:43:02,Chamber 1,28-031662211eff,29.937,T257,40C,off
01/03/2023 23:43:22,Chamber 1,28-031662211eff,29.937,T257,40C,off
01/03/2023 23:43:42,Chamber 1,28-031662211eff,29.937,T257,40C,off
01/03/2023 23:44:02,Chamber 1,28-031662211eff,29.937,T257,40C,off
01/03/2023 23:44:22,Chamber 1,28-031662211eff,29.937,T257,40C,off
01/03/2023 23:44:42,Chamber 1,28-031662211eff,29.937,T257,40C,off
01/03/2023 23:45:02,Chamber 1,28-031662211eff,29.937,T257,40C,off
01/03/2023 23:45:22,Chamber 1,28-031662211eff,29.937,T257,40C,off
01/03/2023 23:45:42,Chamber 1,28-031662211eff,29.937,T257,40C,off
01/03/2023 23:46:02,Chamber 1,28-031662211eff,29.937,T257,40C,off
01/03/2023 23:46:22,Chamber 1,28-031662211eff,29.937,T257,40C,off
01/03/2023 23:46:42,Chamber 1,28-031662211eff,29.937,T257,40C,off
01/03/2023 23:47:02,Chamber 1,28-031662211eff,29.937,T257,40C,off
01/03/2023 23:47:22,Chamber 1,28-031662211eff,29.937,T257,40C,off
01/03/2023 23:47:42,Chamber 1,28-031662211eff,29.937,T257,40C,off
01/03/2023 23:48:02,Chamber 1,28-031662211eff,29.937,T257,40C,off
01/03/2023 23:48:22,Chamber 1,28-031662211eff,29.937,T257,40C,off
01/03/2023 23:48:42,Chamber 1,28-031662211eff,29.937,T257,40C,off
01/03/2023 23:49:02,Chamber 1,28-031662211eff,29.937,T257,40C,off
01/03/2023 23:49:22,Chamber 1,28-031662211eff,29.937,T257,40C,off
01/03/2023 23:49:42,Chamber 1,28-031662211eff,29.937,T257,40C,off
01/03/2023 23:50:02,Chamber 1,28-031662211eff,29.937,T257,40C,off
01/03/2023 23:50:22,Chamber 1,28-031662211eff,29.937,T257,40C,off
01/03/2023 23:50:42,Chamber 1,28-031662211eff,29.937,T257,40C,off
01/03/2023 23:51:02,Chamber 1,28-031662211eff,29.937,T257,40C,off
01/03/2023 23:51:22,Chamber 1,28-031662211eff,29.937,T257,40C,off
01/03/2023 23:51:42,Chamber 1,28-031662211eff,29.937,T257,40C,off
01/03/2023 23:52:02,Chamber 1,28-031662211eff,29.937,T257,40C,off
01/03/2023 23:52:22,Chamber 1,28-031662211eff,29.937,T257,40C,off
01/03/2023 23:52:42,Chamber 1,28-031662211eff,29.937,T257,40C,off
01/03/2023 23:53:02,Chamber 1,28-031662211eff,29.937,T257,40C,off
01/03/2023 23:53:22,Chamber 1,28-031662211eff,29.937,T257,40C,off
01/03/2023 23:53:42,Chamber 1,28-031662211eff,29.937,T257,40C,off
01/03/2023 23:54:02,Chamber 1,28-031662211eff,29.937,T257,40C,off
01/03/2023 23:54:22,Chamber 1,28-031662211eff,29.937,T257,40C,off
01/03/2023 23:54:42,Chamber 1,28-031662211eff,29.937,T257,40C,off
01/03/2023 23:55:02,Chamber 1,28-031662211eff,29.937,T257,40C,off
01/03/2023 23:55:23,Chamber 1,28-031662211eff,29.937,T257,40C,off
01/03/2023 23:55:42,Chamber 1,28-031662211eff,29.937,T257,40C,off
01/03/2023 23:56:02,Chamber 1,28-031662211eff,29.937,T257,40C,off
01/03/2023 23:56:23,Chamber 1,28-031662211eff,29.937,T257,40C,off
01/03/2023 23:56:42,Chamber 1,28-031662211eff,29.937,T257,40C,off
01/03/2023 23:57:02,Chamber 1,28-031662211eff,29.937,T257,40C,off
01/03/2023 23:57:22,Chamber 1,28-031662211eff,29.937,T257,40C,off
01/03/2023 23:57:42,Chamber 1,28-031662211eff,29.875,T257,40C,off
01/03/2023 23:58:02,Chamber 1,28-031662211eff,29.875,T257,40C,off
01/03/2023 23:58:22,Chamber 1,28-031662211eff,29.875,T257,40C,off
01/03/2023 23:58:42,Chamber 1,28-031662211eff,29.875,T257,40C,off
01/03/2023 23:59:02,Chamber 1,28-031662211eff,29.875,T257,40C,off
01/03/2023 23:59:22,Chamber 1,28-031662211eff,29.875,T257,40C,off
01/03/2023 23:59:42,Chamber 1,28-031662211eff,29.875,T257,40C,off
