03/13/2022 00:00:03,Chamber 2,28-041661e256ff,22.0,T237,42C,off
03/13/2022 00:00:23,Chamber 2,28-041661e256ff,22.062,T237,42C,off
03/13/2022 00:00:43,Chamber 2,28-041661e256ff,22.0,T237,42C,off
03/13/2022 00:01:03,Chamber 2,28-041661e256ff,22.0,T237,42C,off
03/13/2022 00:01:23,Chamber 2,28-041661e256ff,22.062,T237,42C,off
03/13/2022 00:01:43,Chamber 2,28-041661e256ff,22.0,T237,42C,off
03/13/2022 00:02:03,Chamber 2,28-041661e256ff,22.0,T237,42C,off
03/13/2022 00:02:23,Chamber 2,28-041661e256ff,22.0,T237,42C,off
03/13/2022 00:02:43,Chamber 2,28-041661e256ff,22.0,T237,42C,off
03/13/2022 00:03:03,Chamber 2,28-041661e256ff,22.0,T237,42C,off
03/13/2022 00:03:23,Chamber 2,28-041661e256ff,22.0,T237,42C,off
03/13/2022 00:03:43,Chamber 2,28-041661e256ff,22.0,T237,42C,off
03/13/2022 00:04:05,Chamber 2,28-041661e256ff,22.062,T237,42C,off
03/13/2022 00:04:23,Chamber 2,28-041661e256ff,22.0,T237,42C,off
03/13/2022 00:04:43,Chamber 2,28-041661e256ff,22.0,T237,42C,off
03/13/2022 00:05:03,Chamber 2,28-041661e256ff,22.0,T237,42C,off
03/13/2022 00:05:23,Chamber 2,28-041661e256ff,22.0,T237,42C,off
03/13/2022 00:05:43,Chamber 2,28-041661e256ff,22.0,T237,42C,off
03/13/2022 00:06:03,Chamber 2,28-041661e256ff,22.062,T237,42C,off
03/13/2022 00:06:23,Chamber 2,28-041661e256ff,22.0,T237,42C,off
03/13/2022 00:06:43,Chamber 2,28-041661e256ff,22.062,T237,42C,off
03/13/2022 00:07:03,Chamber 2,28-041661e256ff,22.062,T237,42C,off
03/13/2022 00:07:23,Chamber 2,28-041661e256ff,22.062,T237,42C,off
03/13/2022 00:07:43,Chamber 2,28-041661e256ff,22.062,T237,42C,off
03/13/2022 00:08:03,Chamber 2,28-041661e256ff,22.062,T237,42C,off
03/13/2022 00:08:23,Chamber 2,28-041661e256ff,22.062,T237,42C,off
03/13/2022 00:08:43,Chamber 2,28-041661e256ff,22.0,T237,42C,off
03/13/2022 00:09:03,Chamber 2,28-041661e256ff,22.062,T237,42C,off
03/13/2022 00:09:23,Chamber 2,28-041661e256ff,22.062,T237,42C,off
03/13/2022 00:09:43,Chamber 2,28-041661e256ff,22.062,T237,42C,off
03/13/2022 00:10:03,Chamber 2,28-041661e256ff,22.062,T237,42C,off
03/13/2022 00:10:23,Chamber 2,28-041661e256ff,22.062,T237,42C,off
03/13/2022 00:10:43,Chamber 2,28-041661e256ff,22.0,T237,42C,off
03/13/2022 00:11:03,Chamber 2,28-041661e256ff,22.0,T237,42C,off
03/13/2022 00:11:23,Chamber 2,28-041661e256ff,22.062,T237,42C,off
03/13/2022 00:11:43,Chamber 2,28-041661e256ff,22.0,T237,42C,off
03/13/2022 00:12:03,Chamber 2,28-041661e256ff,22.0,T237,42C,off
03/13/2022 00:12:23,Chamber 2,28-041661e256ff,22.0,T237,42C,off
03/13/2022 00:12:43,Chamber 2,28-041661e256ff,22.0,T237,42C,off
03/13/2022 00:13:03,Chamber 2,28-041661e256ff,22.0,T237,42C,off
03/13/2022 00:13:23,Chamber 2,28-041661e256ff,22.0,T237,42C,off
03/13/2022 00:13:43,Chamber 2,28-041661e256ff,22.0,T237,42C,off
03/13/2022 00:14:03,Chamber 2,28-041661e256ff,22.0,T237,42C,off
03/13/2022 00:14:23,Chamber 2,28-041661e256ff,22.0,T237,42C,off
03/13/2022 00:14:43,Chamber 2,28-041661e256ff,22.0,T237,42C,off
03/13/2022 00:15:03,Chamber 2,28-041661e256ff,22.0,T237,42C,off
03/13/2022 00:15:23,Chamber 2,28-041661e256ff,22.0,T237,42C,off
03/13/2022 00:15:43,Chamber 2,28-041661e256ff,22.0,T237,42C,off
03/13/2022 00:16:03,Chamber 2,28-041661e256ff,22.0,T237,42C,off
03/13/2022 00:16:23,Chamber 2,28-041661e256ff,22.0,T237,42C,off
03/13/2022 00:16:43,Chamber 2,28-041661e256ff,22.0,T237,42C,off
03/13/2022 00:17:03,Chamber 2,28-041661e256ff,22.0,T237,42C,off
03/13/2022 00:17:23,Chamber 2,28-041661e256ff,22.0,T237,42C,off
03/13/2022 00:17:43,Chamber 2,28-041661e256ff,22.0,T237,42C,off
03/13/2022 00:18:03,Chamber 2,28-041661e256ff,22.0,T237,42C,off
03/13/2022 00:18:23,Chamber 2,28-041661e256ff,22.0,T237,42C,off
03/13/2022 00:18:43,Chamber 2,28-041661e256ff,22.0,T237,42C,off
03/13/2022 00:19:03,Chamber 2,28-041661e256ff,22.0,T237,42C,off
03/13/2022 00:19:23,Chamber 2,28-041661e256ff,22.0,T237,42C,off
03/13/2022 00:19:43,Chamber 2,28-041661e256ff,22.0,T237,42C,off
03/13/2022 00:20:03,Chamber 2,28-041661e256ff,22.0,T237,42C,off
03/13/2022 00:20:23,Chamber 2,28-041661e256ff,22.0,T237,42C,off
03/13/2022 00:20:43,Chamber 2,28-041661e256ff,22.0,T237,42C,off
03/13/2022 00:21:03,Chamber 2,28-041661e256ff,22.0,T237,42C,off
03/13/2022 00:21:23,Chamber 2,28-041661e256ff,22.0,T237,42C,off
03/13/2022 00:21:43,Chamber 2,28-041661e256ff,22.0,T237,42C,off
03/13/2022 00:22:03,Chamber 2,28-041661e256ff,22.0,T237,42C,off
03/13/2022 00:22:23,Chamber 2,28-041661e256ff,22.0,T237,42C,off
03/13/2022 00:22:43,Chamber 2,28-041661e256ff,22.0,T237,42C,off
03/13/2022 00:23:03,Chamber 2,28-041661e256ff,22.0,T237,42C,off
03/13/2022 00:23:23,Chamber 2,28-041661e256ff,22.0,T237,42C,off
03/13/2022 00:23:43,Chamber 2,28-041661e256ff,22.0,T237,42C,off
03/13/2022 00:24:03,Chamber 2,28-041661e256ff,22.0,T237,42C,off
03/13/2022 00:24:23,Chamber 2,28-041661e256ff,22.0,T237,42C,off
03/13/2022 00:24:43,Chamber 2,28-041661e256ff,22.0,T237,42C,off
03/13/2022 00:25:03,Chamber 2,28-041661e256ff,22.0,T237,42C,off
03/13/2022 00:25:23,Chamber 2,28-041661e256ff,22.0,T237,42C,off
03/13/2022 00:25:43,Chamber 2,28-041661e256ff,22.0,T237,42C,off
03/13/2022 00:26:03,Chamber 2,28-041661e256ff,22.0,T237,42C,off
03/13/2022 00:26:23,Chamber 2,28-041661e256ff,22.0,T237,42C,off
03/13/2022 00:26:43,Chamber 2,28-041661e256ff,22.0,T237,42C,off
03/13/2022 00:27:03,Chamber 2,28-041661e256ff,22.0,T237,42C,off
03/13/2022 00:27:23,Chamber 2,28-041661e256ff,22.0,T237,42C,off
03/13/2022 00:27:43,Chamber 2,28-041661e256ff,22.0,T237,42C,off
03/13/2022 00:28:03,Chamber 2,28-041661e256ff,22.0,T237,42C,off
03/13/2022 00:28:23,Chamber 2,28-041661e256ff,22.0,T237,42C,off
03/13/2022 00:28:44,Chamber 2,28-041661e256ff,22.0,T237,42C,off
03/13/2022 00:29:03,Chamber 2,28-041661e256ff,22.0,T237,42C,off
03/13/2022 00:29:23,Chamber 2,28-041661e256ff,22.0,T237,42C,off
03/13/2022 00:29:43,Chamber 2,28-041661e256ff,22.0,T237,42C,off
03/13/2022 00:30:03,Chamber 2,28-041661e256ff,22.0,T237,42C,off
03/13/2022 00:30:23,Chamber 2,28-041661e256ff,22.0,T237,42C,off
03/13/2022 00:30:43,Chamber 2,28-041661e256ff,22.0,T237,42C,off
03/13/2022 00:31:03,Chamber 2,28-041661e256ff,22.0,T237,42C,off
03/13/2022 00:31:23,Chamber 2,28-041661e256ff,22.0,T237,42C,off
03/13/2022 00:31:43,Chamber 2,28-041661e256ff,22.0,T237,42C,off
03/13/2022 00:32:03,Chamber 2,28-041661e256ff,22.0,T237,42C,off
03/13/2022 00:32:23,Chamber 2,28-041661e256ff,22.0,T237,42C,off
03/13/2022 00:32:43,Chamber 2,28-041661e256ff,22.0,T237,42C,off
03/13/2022 00:33:03,Chamber 2,28-041661e256ff,22.0,T237,42C,off
03/13/2022 00:33:23,Chamber 2,28-041661e256ff,22.0,T237,42C,off
03/13/2022 00:33:43,Chamber 2,28-041661e256ff,22.0,T237,42C,off
03/13/2022 00:34:03,Chamber 2,28-041661e256ff,22.0,T237,42C,off
03/13/2022 00:34:23,Chamber 2,28-041661e256ff,22.0,T237,42C,off
03/13/2022 00:34:43,Chamber 2,28-041661e256ff,22.0,T237,42C,off
03/13/2022 00:35:03,Chamber 2,28-041661e256ff,22.0,T237,42C,off
03/13/2022 00:35:23,Chamber 2,28-041661e256ff,22.0,T237,42C,off
03/13/2022 00:35:43,Chamber 2,28-041661e256ff,22.0,T237,42C,off
03/13/2022 00:36:03,Chamber 2,28-041661e256ff,22.0,T237,42C,off
03/13/2022 00:36:23,Chamber 2,28-041661e256ff,22.0,T237,42C,off
03/13/2022 00:36:43,Chamber 2,28-041661e256ff,22.0,T237,42C,off
03/13/2022 00:37:03,Chamber 2,28-041661e256ff,22.0,T237,42C,off
03/13/2022 00:37:23,Chamber 2,28-041661e256ff,22.0,T237,42C,off
03/13/2022 00:37:43,Chamber 2,28-041661e256ff,22.0,T237,42C,off
03/13/2022 00:38:03,Chamber 2,28-041661e256ff,22.0,T237,42C,off
03/13/2022 00:38:25,Chamber 2,28-041661e256ff,22.0,T237,42C,off
03/13/2022 00:38:43,Chamber 2,28-041661e256ff,22.0,T237,42C,off
03/13/2022 00:39:03,Chamber 2,28-041661e256ff,22.0,T237,42C,off
03/13/2022 00:39:23,Chamber 2,28-041661e256ff,22.0,T237,42C,off
03/13/2022 00:39:43,Chamber 2,28-041661e256ff,22.0,T237,42C,off
03/13/2022 00:40:03,Chamber 2,28-041661e256ff,21.937,T237,42C,off
03/13/2022 00:40:23,Chamber 2,28-041661e256ff,21.937,T237,42C,off
03/13/2022 00:40:43,Chamber 2,28-041661e256ff,21.937,T237,42C,off
03/13/2022 00:41:03,Chamber 2,28-041661e256ff,21.937,T237,42C,off
03/13/2022 00:41:23,Chamber 2,28-041661e256ff,21.937,T237,42C,off
03/13/2022 00:41:43,Chamber 2,28-041661e256ff,21.937,T237,42C,off
03/13/2022 00:42:03,Chamber 2,28-041661e256ff,21.937,T237,42C,off
03/13/2022 00:42:23,Chamber 2,28-041661e256ff,22.0,T237,42C,off
03/13/2022 00:42:43,Chamber 2,28-041661e256ff,21.937,T237,42C,off
03/13/2022 00:43:03,Chamber 2,28-041661e256ff,21.937,T237,42C,off
03/13/2022 00:43:23,Chamber 2,28-041661e256ff,22.0,T237,42C,off
03/13/2022 00:43:43,Chamber 2,28-041661e256ff,22.0,T237,42C,off
03/13/2022 00:44:03,Chamber 2,28-041661e256ff,21.937,T237,42C,off
03/13/2022 00:44:23,Chamber 2,28-041661e256ff,21.937,T237,42C,off
03/13/2022 00:44:43,Chamber 2,28-041661e256ff,21.937,T237,42C,off
03/13/2022 00:45:03,Chamber 2,28-041661e256ff,21.937,T237,42C,off
03/13/2022 00:45:23,Chamber 2,28-041661e256ff,21.937,T237,42C,off
03/13/2022 00:45:43,Chamber 2,28-041661e256ff,21.937,T237,42C,off
03/13/2022 00:46:03,Chamber 2,28-041661e256ff,21.937,T237,42C,off
03/13/2022 00:46:23,Chamber 2,28-041661e256ff,21.937,T237,42C,off
03/13/2022 00:46:43,Chamber 2,28-041661e256ff,21.937,T237,42C,off
03/13/2022 00:47:03,Chamber 2,28-041661e256ff,21.937,T237,42C,off
03/13/2022 00:47:23,Chamber 2,28-041661e256ff,21.937,T237,42C,off
03/13/2022 00:47:43,Chamber 2,28-041661e256ff,21.937,T237,42C,off
03/13/2022 00:48:03,Chamber 2,28-041661e256ff,21.937,T237,42C,off
03/13/2022 00:48:23,Chamber 2,28-041661e256ff,21.937,T237,42C,off
03/13/2022 00:48:43,Chamber 2,28-041661e256ff,21.937,T237,42C,off
03/13/2022 00:49:03,Chamber 2,28-041661e256ff,21.937,T237,42C,off
03/13/2022 00:49:23,Chamber 2,28-041661e256ff,21.937,T237,42C,off
03/13/2022 00:49:43,Chamber 2,28-041661e256ff,21.937,T237,42C,off
03/13/2022 00:50:03,Chamber 2,28-041661e256ff,21.937,T237,42C,off
03/13/2022 00:50:23,Chamber 2,28-041661e256ff,21.937,T237,42C,off
03/13/2022 00:50:43,Chamber 2,28-041661e256ff,21.937,T237,42C,off
03/13/2022 00:51:03,Chamber 2,28-041661e256ff,21.937,T237,42C,off
03/13/2022 00:51:23,Chamber 2,28-041661e256ff,21.937,T237,42C,off
03/13/2022 00:51:43,Chamber 2,28-041661e256ff,21.937,T237,42C,off
03/13/2022 00:52:03,Chamber 2,28-041661e256ff,21.937,T237,42C,off
03/13/2022 00:52:23,Chamber 2,28-041661e256ff,21.937,T237,42C,off
03/13/2022 00:52:43,Chamber 2,28-041661e256ff,21.937,T237,42C,off
03/13/2022 00:53:03,Chamber 2,28-041661e256ff,21.937,T237,42C,off
03/13/2022 00:53:23,Chamber 2,28-041661e256ff,21.937,T237,42C,off
03/13/2022 00:53:43,Chamber 2,28-041661e256ff,21.937,T237,42C,off
03/13/2022 00:54:03,Chamber 2,28-041661e256ff,21.937,T237,42C,off
03/13/2022 00:54:23,Chamber 2,28-041661e256ff,21.937,T237,42C,off
03/13/2022 00:54:43,Chamber 2,28-041661e256ff,21.937,T237,42C,off
03/13/2022 00:55:03,Chamber 2,28-041661e256ff,21.937,T237,42C,off
03/13/2022 00:55:23,Chamber 2,28-041661e256ff,21.937,T237,42C,off
03/13/2022 00:55:43,Chamber 2,28-041661e256ff,21.937,T237,42C,off
03/13/2022 00:56:03,Chamber 2,28-041661e256ff,21.937,T237,42C,off
03/13/2022 00:56:23,Chamber 2,28-041661e256ff,21.937,T237,42C,off
03/13/2022 00:56:43,Chamber 2,28-041661e256ff,21.937,T237,42C,off
03/13/2022 00:57:03,Chamber 2,28-041661e256ff,21.937,T237,42C,off
03/13/2022 00:57:23,Chamber 2,28-041661e256ff,21.937,T237,42C,off
03/13/2022 00:57:43,Chamber 2,28-041661e256ff,21.937,T237,42C,off
03/13/2022 00:58:03,Chamber 2,28-041661e256ff,21.937,T237,42C,off
03/13/2022 00:58:23,Chamber 2,28-041661e256ff,21.937,T237,42C,off
03/13/2022 00:58:43,Chamber 2,28-041661e256ff,21.937,T237,42C,off
03/13/2022 00:59:03,Chamber 2,28-041661e256ff,21.937,T237,42C,off
03/13/2022 00:59:23,Chamber 2,28-041661e256ff,21.937,T237,42C,off
03/13/2022 00:59:43,Chamber 2,28-041661e256ff,21.937,T237,42C,off
03/13/2022 01:00:03,Chamber 2,28-041661e256ff,21.937,T237,42C,off
03/13/2022 01:00:23,Chamber 2,28-041661e256ff,21.937,T237,42C,off
03/13/2022 01:00:43,Chamber 2,28-041661e256ff,21.937,T237,42C,off
03/13/2022 01:01:03,Chamber 2,28-041661e256ff,21.937,T237,42C,off
03/13/2022 01:01:24,Chamber 2,28-041661e256ff,21.875,T237,42C,off
03/13/2022 01:01:43,Chamber 2,28-041661e256ff,21.875,T237,42C,off
03/13/2022 01:02:03,Chamber 2,28-041661e256ff,21.875,T237,42C,off
03/13/2022 01:02:23,Chamber 2,28-041661e256ff,21.875,T237,42C,off
03/13/2022 01:02:43,Chamber 2,28-041661e256ff,21.937,T237,42C,off
03/13/2022 01:03:03,Chamber 2,28-041661e256ff,21.937,T237,42C,off
03/13/2022 01:03:23,Chamber 2,28-041661e256ff,21.875,T237,42C,off
03/13/2022 01:03:43,Chamber 2,28-041661e256ff,21.937,T237,42C,off
03/13/2022 01:04:03,Chamber 2,28-041661e256ff,21.875,T237,42C,off
03/13/2022 01:04:23,Chamber 2,28-041661e256ff,21.875,T237,42C,off
03/13/2022 01:04:43,Chamber 2,28-041661e256ff,21.937,T237,42C,off
03/13/2022 01:05:03,Chamber 2,28-041661e256ff,21.937,T237,42C,off
03/13/2022 01:05:23,Chamber 2,28-041661e256ff,21.875,T237,42C,off
03/13/2022 01:05:43,Chamber 2,28-041661e256ff,21.875,T237,42C,off
03/13/2022 01:06:03,Chamber 2,28-041661e256ff,21.875,T237,42C,off
03/13/2022 01:06:23,Chamber 2,28-041661e256ff,21.875,T237,42C,off
03/13/2022 01:06:43,Chamber 2,28-041661e256ff,21.875,T237,42C,off
03/13/2022 01:07:03,Chamber 2,28-041661e256ff,21.875,T237,42C,off
03/13/2022 01:07:23,Chamber 2,28-041661e256ff,21.875,T237,42C,off
03/13/2022 01:07:43,Chamber 2,28-041661e256ff,21.875,T237,42C,off
03/13/2022 01:08:03,Chamber 2,28-041661e256ff,21.875,T237,42C,off
03/13/2022 01:08:23,Chamber 2,28-041661e256ff,21.875,T237,42C,off
03/13/2022 01:08:43,Chamber 2,28-041661e256ff,21.875,T237,42C,off
03/13/2022 01:09:03,Chamber 2,28-041661e256ff,21.875,T237,42C,off
03/13/2022 01:09:23,Chamber 2,28-041661e256ff,21.875,T237,42C,off
03/13/2022 01:09:43,Chamber 2,28-041661e256ff,21.875,T237,42C,off
03/13/2022 01:10:03,Chamber 2,28-041661e256ff,21.875,T237,42C,off
03/13/2022 01:10:25,Chamber 2,28-041661e256ff,21.875,T237,42C,off
03/13/2022 01:10:43,Chamber 2,28-041661e256ff,21.875,T237,42C,off
03/13/2022 01:11:03,Chamber 2,28-041661e256ff,21.875,T237,42C,off
03/13/2022 01:11:23,Chamber 2,28-041661e256ff,21.875,T237,42C,off
03/13/2022 01:11:43,Chamber 2,28-041661e256ff,21.875,T237,42C,off
03/13/2022 01:12:03,Chamber 2,28-041661e256ff,21.875,T237,42C,off
03/13/2022 01:12:23,Chamber 2,28-041661e256ff,21.875,T237,42C,off
03/13/2022 01:12:43,Chamber 2,28-041661e256ff,21.875,T237,42C,off
03/13/2022 01:13:03,Chamber 2,28-041661e256ff,21.875,T237,42C,off
03/13/2022 01:13:23,Chamber 2,28-041661e256ff,21.875,T237,42C,off
03/13/2022 01:13:43,Chamber 2,28-041661e256ff,21.875,T237,42C,off
03/13/2022 01:14:03,Chamber 2,28-041661e256ff,21.875,T237,42C,off
03/13/2022 01:14:23,Chamber 2,28-041661e256ff,21.875,T237,42C,off
03/13/2022 01:14:43,Chamber 2,28-041661e256ff,21.875,T237,42C,off
03/13/2022 01:15:03,Chamber 2,28-041661e256ff,21.875,T237,42C,off
03/13/2022 01:15:23,Chamber 2,28-041661e256ff,21.875,T237,42C,off
03/13/2022 01:15:43,Chamber 2,28-041661e256ff,21.875,T237,42C,off
03/13/2022 01:16:03,Chamber 2,28-041661e256ff,21.875,T237,42C,off
03/13/2022 01:16:23,Chamber 2,28-041661e256ff,21.875,T237,42C,off
03/13/2022 01:16:43,Chamber 2,28-041661e256ff,21.875,T237,42C,off
03/13/2022 01:17:03,Chamber 2,28-041661e256ff,21.875,T237,42C,off
03/13/2022 01:17:23,Chamber 2,28-041661e256ff,21.875,T237,42C,off
03/13/2022 01:17:43,Chamber 2,28-041661e256ff,21.875,T237,42C,off
03/13/2022 01:18:03,Chamber 2,28-041661e256ff,21.875,T237,42C,off
03/13/2022 01:18:23,Chamber 2,28-041661e256ff,21.875,T237,42C,off
03/13/2022 01:18:43,Chamber 2,28-041661e256ff,21.875,T237,42C,off
03/13/2022 01:19:03,Chamber 2,28-041661e256ff,21.875,T237,42C,off
03/13/2022 01:19:23,Chamber 2,28-041661e256ff,21.875,T237,42C,off
03/13/2022 01:19:43,Chamber 2,28-041661e256ff,21.875,T237,42C,off
03/13/2022 01:20:03,Chamber 2,28-041661e256ff,21.875,T237,42C,off
03/13/2022 01:20:23,Chamber 2,28-041661e256ff,21.875,T237,42C,off
03/13/2022 01:20:43,Chamber 2,28-041661e256ff,21.875,T237,42C,off
03/13/2022 01:21:03,Chamber 2,28-041661e256ff,21.875,T237,42C,off
03/13/2022 01:21:23,Chamber 2,28-041661e256ff,21.875,T237,42C,off
03/13/2022 01:21:43,Chamber 2,28-041661e256ff,21.875,T237,42C,off
03/13/2022 01:22:03,Chamber 2,28-041661e256ff,21.875,T237,42C,off
03/13/2022 01:22:23,Chamber 2,28-041661e256ff,21.875,T237,42C,off
03/13/2022 01:22:43,Chamber 2,28-041661e256ff,21.875,T237,42C,off
03/13/2022 01:23:03,Chamber 2,28-041661e256ff,21.812,T237,42C,off
03/13/2022 01:23:23,Chamber 2,28-041661e256ff,21.812,T237,42C,off
03/13/2022 01:23:43,Chamber 2,28-041661e256ff,21.812,T237,42C,off
03/13/2022 01:24:03,Chamber 2,28-041661e256ff,21.812,T237,42C,off
03/13/2022 01:24:23,Chamber 2,28-041661e256ff,21.812,T237,42C,off
03/13/2022 01:24:43,Chamber 2,28-041661e256ff,21.812,T237,42C,off
03/13/2022 01:25:03,Chamber 2,28-041661e256ff,21.875,T237,42C,off
03/13/2022 01:25:23,Chamber 2,28-041661e256ff,21.875,T237,42C,off
03/13/2022 01:25:43,Chamber 2,28-041661e256ff,21.875,T237,42C,off
03/13/2022 01:26:03,Chamber 2,28-041661e256ff,21.875,T237,42C,off
03/13/2022 01:26:23,Chamber 2,28-041661e256ff,21.875,T237,42C,off
03/13/2022 01:26:43,Chamber 2,28-041661e256ff,21.812,T237,42C,off
03/13/2022 01:27:03,Chamber 2,28-041661e256ff,21.812,T237,42C,off
03/13/2022 01:27:23,Chamber 2,28-041661e256ff,21.812,T237,42C,off
03/13/2022 01:27:43,Chamber 2,28-041661e256ff,21.812,T237,42C,off
03/13/2022 01:28:03,Chamber 2,28-041661e256ff,21.812,T237,42C,off
03/13/2022 01:28:23,Chamber 2,28-041661e256ff,21.812,T237,42C,off
03/13/2022 01:28:43,Chamber 2,28-041661e256ff,21.812,T237,42C,off
03/13/2022 01:29:03,Chamber 2,28-041661e256ff,21.812,T237,42C,off
03/13/2022 01:29:23,Chamber 2,28-041661e256ff,21.812,T237,42C,off
03/13/2022 01:29:43,Chamber 2,28-041661e256ff,21.812,T237,42C,off
03/13/2022 01:30:03,Chamber 2,28-041661e256ff,21.812,T237,42C,off
03/13/2022 01:30:23,Chamber 2,28-041661e256ff,21.875,T237,42C,off
03/13/2022 01:30:43,Chamber 2,28-041661e256ff,21.812,T237,42C,off
03/13/2022 01:31:03,Chamber 2,28-041661e256ff,21.812,T237,42C,off
03/13/2022 01:31:23,Chamber 2,28-041661e256ff,21.875,T237,42C,off
03/13/2022 01:31:43,Chamber 2,28-041661e256ff,21.875,T237,42C,off
03/13/2022 01:32:03,Chamber 2,28-041661e256ff,21.812,T237,42C,off
03/13/2022 01:32:23,Chamber 2,28-041661e256ff,21.812,T237,42C,off
03/13/2022 01:32:43,Chamber 2,28-041661e256ff,21.812,T237,42C,off
03/13/2022 01:33:03,Chamber 2,28-041661e256ff,21.812,T237,42C,off
03/13/2022 01:33:23,Chamber 2,28-041661e256ff,21.812,T237,42C,off
03/13/2022 01:33:43,Chamber 2,28-041661e256ff,21.812,T237,42C,off
03/13/2022 01:34:03,Chamber 2,28-041661e256ff,21.812,T237,42C,off
03/13/2022 01:34:23,Chamber 2,28-041661e256ff,21.875,T237,42C,off
03/13/2022 01:34:43,Chamber 2,28-041661e256ff,21.812,T237,42C,off
03/13/2022 01:35:03,Chamber 2,28-041661e256ff,21.812,T237,42C,off
03/13/2022 01:35:23,Chamber 2,28-041661e256ff,21.875,T237,42C,off
03/13/2022 01:35:43,Chamber 2,28-041661e256ff,21.875,T237,42C,off
03/13/2022 01:36:03,Chamber 2,28-041661e256ff,21.875,T237,42C,off
03/13/2022 01:36:23,Chamber 2,28-041661e256ff,21.875,T237,42C,off
03/13/2022 01:36:43,Chamber 2,28-041661e256ff,21.875,T237,42C,off
03/13/2022 01:37:03,Chamber 2,28-041661e256ff,21.875,T237,42C,off
03/13/2022 01:37:23,Chamber 2,28-041661e256ff,21.875,T237,42C,off
03/13/2022 01:37:43,Chamber 2,28-041661e256ff,21.812,T237,42C,off
03/13/2022 01:38:03,Chamber 2,28-041661e256ff,21.812,T237,42C,off
03/13/2022 01:38:23,Chamber 2,28-041661e256ff,21.812,T237,42C,off
03/13/2022 01:38:43,Chamber 2,28-041661e256ff,21.812,T237,42C,off
03/13/2022 01:39:03,Chamber 2,28-041661e256ff,21.812,T237,42C,off
03/13/2022 01:39:23,Chamber 2,28-041661e256ff,21.812,T237,42C,off
03/13/2022 01:39:43,Chamber 2,28-041661e256ff,21.812,T237,42C,off
03/13/2022 01:40:03,Chamber 2,28-041661e256ff,21.812,T237,42C,off
03/13/2022 01:40:23,Chamber 2,28-041661e256ff,21.812,T237,42C,off
03/13/2022 01:40:43,Chamber 2,28-041661e256ff,21.812,T237,42C,off
03/13/2022 01:41:03,Chamber 2,28-041661e256ff,21.812,T237,42C,off
03/13/2022 01:41:23,Chamber 2,28-041661e256ff,21.812,T237,42C,off
03/13/2022 01:41:43,Chamber 2,28-041661e256ff,21.812,T237,42C,off
03/13/2022 01:42:03,Chamber 2,28-041661e256ff,21.812,T237,42C,off
03/13/2022 01:42:23,Chamber 2,28-041661e256ff,21.812,T237,42C,off
03/13/2022 01:42:43,Chamber 2,28-041661e256ff,21.812,T237,42C,off
03/13/2022 01:43:03,Chamber 2,28-041661e256ff,21.812,T237,42C,off
03/13/2022 01:43:23,Chamber 2,28-041661e256ff,21.812,T237,42C,off
03/13/2022 01:43:43,Chamber 2,28-041661e256ff,21.812,T237,42C,off
03/13/2022 01:44:03,Chamber 2,28-041661e256ff,21.812,T237,42C,off
03/13/2022 01:44:23,Chamber 2,28-041661e256ff,21.812,T237,42C,off
03/13/2022 01:44:43,Chamber 2,28-041661e256ff,21.812,T237,42C,off
03/13/2022 01:45:03,Chamber 2,28-041661e256ff,21.812,T237,42C,off
03/13/2022 01:45:23,Chamber 2,28-041661e256ff,21.812,T237,42C,off
03/13/2022 01:45:43,Chamber 2,28-041661e256ff,21.812,T237,42C,off
03/13/2022 01:46:03,Chamber 2,28-041661e256ff,21.812,T237,42C,off
03/13/2022 01:46:23,Chamber 2,28-041661e256ff,21.812,T237,42C,off
03/13/2022 01:46:43,Chamber 2,28-041661e256ff,21.812,T237,42C,off
03/13/2022 01:47:03,Chamber 2,28-041661e256ff,21.812,T237,42C,off
03/13/2022 01:47:23,Chamber 2,28-041661e256ff,21.812,T237,42C,off
03/13/2022 01:47:43,Chamber 2,28-041661e256ff,21.812,T237,42C,off
03/13/2022 01:48:03,Chamber 2,28-041661e256ff,21.812,T237,42C,off
03/13/2022 01:48:23,Chamber 2,28-041661e256ff,21.812,T237,42C,off
03/13/2022 01:48:43,Chamber 2,28-041661e256ff,21.812,T237,42C,off
03/13/2022 01:49:03,Chamber 2,28-041661e256ff,21.812,T237,42C,off
03/13/2022 01:49:23,Chamber 2,28-041661e256ff,21.812,T237,42C,off
03/13/2022 01:49:43,Chamber 2,28-041661e256ff,21.812,T237,42C,off
03/13/2022 01:50:03,Chamber 2,28-041661e256ff,21.812,T237,42C,off
03/13/2022 01:50:23,Chamber 2,28-041661e256ff,21.812,T237,42C,off
03/13/2022 01:50:43,Chamber 2,28-041661e256ff,21.812,T237,42C,off
03/13/2022 01:51:03,Chamber 2,28-041661e256ff,21.812,T237,42C,off
03/13/2022 01:51:23,Chamber 2,28-041661e256ff,21.812,T237,42C,off
03/13/2022 01:51:43,Chamber 2,28-041661e256ff,21.812,T237,42C,off
03/13/2022 01:52:03,Chamber 2,28-041661e256ff,21.812,T237,42C,off
03/13/2022 01:52:24,Chamber 2,28-041661e256ff,21.812,T237,42C,off
03/13/2022 01:52:43,Chamber 2,28-041661e256ff,21.812,T237,42C,off
03/13/2022 01:53:03,Chamber 2,28-041661e256ff,21.812,T237,42C,off
03/13/2022 01:53:23,Chamber 2,28-041661e256ff,21.812,T237,42C,off
03/13/2022 01:53:43,Chamber 2,28-041661e256ff,21.812,T237,42C,off
03/13/2022 01:54:03,Chamber 2,28-041661e256ff,21.812,T237,42C,off
03/13/2022 01:54:23,Chamber 2,28-041661e256ff,21.812,T237,42C,off
03/13/2022 01:54:43,Chamber 2,28-041661e256ff,21.812,T237,42C,off
03/13/2022 01:55:03,Chamber 2,28-041661e256ff,21.812,T237,42C,off
03/13/2022 01:55:24,Chamber 2,28-041661e256ff,21.812,T237,42C,off
03/13/2022 01:55:43,Chamber 2,28-041661e256ff,21.812,T237,42C,off
03/13/2022 01:56:03,Chamber 2,28-041661e256ff,21.812,T237,42C,off
03/13/2022 01:56:23,Chamber 2,28-041661e256ff,21.812,T237,42C,off
03/13/2022 01:56:43,Chamber 2,28-041661e256ff,21.812,T237,42C,off
03/13/2022 01:57:03,Chamber 2,28-041661e256ff,21.812,T237,42C,off
03/13/2022 01:57:23,Chamber 2,28-041661e256ff,21.812,T237,42C,off
03/13/2022 01:57:43,Chamber 2,28-041661e256ff,21.812,T237,42C,off
03/13/2022 01:58:03,Chamber 2,28-041661e256ff,21.812,T237,42C,off
03/13/2022 01:58:23,Chamber 2,28-041661e256ff,21.812,T237,42C,off
03/13/2022 01:58:43,Chamber 2,28-041661e256ff,21.812,T237,42C,off
03/13/2022 01:59:03,Chamber 2,28-041661e256ff,21.812,T237,42C,off
03/13/2022 01:59:23,Chamber 2,28-041661e256ff,21.812,T237,42C,off
03/13/2022 01:59:43,Chamber 2,28-041661e256ff,21.812,T237,42C,off
03/13/2022 03:00:03,Chamber 2,28-041661e256ff,21.75,T237,42C,off
03/13/2022 03:00:23,Chamber 2,28-041661e256ff,21.75,T237,42C,off
03/13/2022 03:00:43,Chamber 2,28-041661e256ff,21.75,T237,42C,off
03/13/2022 03:01:16,Chamber 2,28-041661e256ff,21.812,T237,42C,off
03/13/2022 03:01:23,Chamber 2,28-041661e256ff,21.812,T237,42C,off
03/13/2022 03:01:43,Chamber 2,28-041661e256ff,21.812,T237,42C,off
03/13/2022 03:02:03,Chamber 2,28-041661e256ff,21.812,T237,42C,off
03/13/2022 03:02:23,Chamber 2,28-041661e256ff,21.75,T237,42C,off
03/13/2022 03:02:43,Chamber 2,28-041661e256ff,21.75,T237,42C,off
03/13/2022 03:03:03,Chamber 2,28-041661e256ff,21.75,T237,42C,off
03/13/2022 03:03:23,Chamber 2,28-041661e256ff,21.75,T237,42C,off
03/13/2022 03:03:43,Chamber 2,28-041661e256ff,21.75,T237,42C,off
03/13/2022 03:04:03,Chamber 2,28-041661e256ff,21.75,T237,42C,off
03/13/2022 03:04:23,Chamber 2,28-041661e256ff,21.75,T237,42C,off
03/13/2022 03:04:43,Chamber 2,28-041661e256ff,21.75,T237,42C,off
03/13/2022 03:05:03,Chamber 2,28-041661e256ff,21.75,T237,42C,off
03/13/2022 03:05:23,Chamber 2,28-041661e256ff,21.75,T237,42C,off
03/13/2022 03:05:43,Chamber 2,28-041661e256ff,21.75,T237,42C,off
03/13/2022 03:06:03,Chamber 2,28-041661e256ff,21.75,T237,42C,off
03/13/2022 03:06:23,Chamber 2,28-041661e256ff,21.75,T237,42C,off
03/13/2022 03:06:43,Chamber 2,28-041661e256ff,21.75,T237,42C,off
03/13/2022 03:07:03,Chamber 2,28-041661e256ff,21.75,T237,42C,off
03/13/2022 03:07:23,Chamber 2,28-041661e256ff,21.75,T237,42C,off
03/13/2022 03:07:43,Chamber 2,28-041661e256ff,21.75,T237,42C,off
03/13/2022 03:08:03,Chamber 2,28-041661e256ff,21.75,T237,42C,off
03/13/2022 03:08:23,Chamber 2,28-041661e256ff,21.75,T237,42C,off
03/13/2022 03:08:43,Chamber 2,28-041661e256ff,21.75,T237,42C,off
03/13/2022 03:09:03,Chamber 2,28-041661e256ff,21.75,T237,42C,off
03/13/2022 03:09:23,Chamber 2,28-041661e256ff,21.75,T237,42C,off
03/13/2022 03:09:43,Chamber 2,28-041661e256ff,21.75,T237,42C,off
03/13/2022 03:10:03,Chamber 2,28-041661e256ff,21.75,T237,42C,off
03/13/2022 03:10:23,Chamber 2,28-041661e256ff,21.75,T237,42C,off
03/13/2022 03:10:43,Chamber 2,28-041661e256ff,21.75,T237,42C,off
03/13/2022 03:11:03,Chamber 2,28-041661e256ff,21.75,T237,42C,off
03/13/2022 03:11:23,Chamber 2,28-041661e256ff,21.75,T237,42C,off
03/13/2022 03:11:43,Chamber 2,28-041661e256ff,21.687,T237,42C,off
03/13/2022 03:12:03,Chamber 2,28-041661e256ff,21.75,T237,42C,off
03/13/2022 03:12:24,Chamber 2,28-041661e256ff,21.75,T237,42C,off
03/13/2022 03:12:43,Chamber 2,28-041661e256ff,21.687,T237,42C,off
03/13/2022 03:13:03,Chamber 2,28-041661e256ff,21.687,T237,42C,off
03/13/2022 03:13:23,Chamber 2,28-041661e256ff,21.75,T237,42C,off
03/13/2022 03:13:43,Chamber 2,28-041661e256ff,21.75,T237,42C,off
03/13/2022 03:14:03,Chamber 2,28-041661e256ff,21.75,T237,42C,off
03/13/2022 03:14:23,Chamber 2,28-041661e256ff,21.75,T237,42C,off
03/13/2022 03:14:43,Chamber 2,28-041661e256ff,21.75,T237,42C,off
03/13/2022 03:15:03,Chamber 2,28-041661e256ff,21.75,T237,42C,off
03/13/2022 03:15:23,Chamber 2,28-041661e256ff,21.75,T237,42C,off
03/13/2022 03:15:43,Chamber 2,28-041661e256ff,21.75,T237,42C,off
03/13/2022 03:16:03,Chamber 2,28-041661e256ff,21.75,T237,42C,off
03/13/2022 03:16:23,Chamber 2,28-041661e256ff,21.75,T237,42C,off
03/13/2022 03:16:43,Chamber 2,28-041661e256ff,21.75,T237,42C,off
03/13/2022 03:17:03,Chamber 2,28-041661e256ff,21.75,T237,42C,off
03/13/2022 03:17:23,Chamber 2,28-041661e256ff,21.75,T237,42C,off
03/13/2022 03:17:43,Chamber 2,28-041661e256ff,21.75,T237,42C,off
03/13/2022 03:18:03,Chamber 2,28-041661e256ff,21.75,T237,42C,off
03/13/2022 03:18:23,Chamber 2,28-041661e256ff,21.75,T237,42C,off
03/13/2022 03:18:43,Chamber 2,28-041661e256ff,21.75,T237,42C,off
03/13/2022 03:19:03,Chamber 2,28-041661e256ff,21.75,T237,42C,off
03/13/2022 03:19:23,Chamber 2,28-041661e256ff,21.75,T237,42C,off
03/13/2022 03:19:43,Chamber 2,28-041661e256ff,21.75,T237,42C,off
03/13/2022 03:20:03,Chamber 2,28-041661e256ff,21.75,T237,42C,off
03/13/2022 03:20:23,Chamber 2,28-041661e256ff,21.75,T237,42C,off
03/13/2022 03:20:43,Chamber 2,28-041661e256ff,21.75,T237,42C,off
03/13/2022 03:21:03,Chamber 2,28-041661e256ff,21.75,T237,42C,off
03/13/2022 03:21:23,Chamber 2,28-041661e256ff,21.75,T237,42C,off
03/13/2022 03:21:43,Chamber 2,28-041661e256ff,21.75,T237,42C,off
03/13/2022 03:22:03,Chamber 2,28-041661e256ff,21.75,T237,42C,off
03/13/2022 03:22:23,Chamber 2,28-041661e256ff,21.75,T237,42C,off
03/13/2022 03:22:43,Chamber 2,28-041661e256ff,21.75,T237,42C,off
03/13/2022 03:23:03,Chamber 2,28-041661e256ff,21.75,T237,42C,off
03/13/2022 03:23:23,Chamber 2,28-041661e256ff,21.75,T237,42C,off
03/13/2022 03:23:43,Chamber 2,28-041661e256ff,21.75,T237,42C,off
03/13/2022 03:24:03,Chamber 2,28-041661e256ff,21.75,T237,42C,off
03/13/2022 03:24:23,Chamber 2,28-041661e256ff,21.75,T237,42C,off
03/13/2022 03:24:43,Chamber 2,28-041661e256ff,21.75,T237,42C,off
03/13/2022 03:25:03,Chamber 2,28-041661e256ff,21.75,T237,42C,off
03/13/2022 03:25:23,Chamber 2,28-041661e256ff,21.75,T237,42C,off
03/13/2022 03:25:43,Chamber 2,28-041661e256ff,21.75,T237,42C,off
03/13/2022 03:26:03,Chamber 2,28-041661e256ff,21.75,T237,42C,off
03/13/2022 03:26:23,Chamber 2,28-041661e256ff,21.75,T237,42C,off
03/13/2022 03:26:43,Chamber 2,28-041661e256ff,21.75,T237,42C,off
03/13/2022 03:27:03,Chamber 2,28-041661e256ff,21.75,T237,42C,off
03/13/2022 03:27:23,Chamber 2,28-041661e256ff,21.75,T237,42C,off
03/13/2022 03:27:43,Chamber 2,28-041661e256ff,21.75,T237,42C,off
03/13/2022 03:28:03,Chamber 2,28-041661e256ff,21.687,T237,42C,off
03/13/2022 03:28:23,Chamber 2,28-041661e256ff,21.687,T237,42C,off
03/13/2022 03:28:43,Chamber 2,28-041661e256ff,21.75,T237,42C,off
03/13/2022 03:29:03,Chamber 2,28-041661e256ff,21.687,T237,42C,off
03/13/2022 03:29:23,Chamber 2,28-041661e256ff,21.687,T237,42C,off
03/13/2022 03:29:43,Chamber 2,28-041661e256ff,21.75,T237,42C,off
03/13/2022 03:30:03,Chamber 2,28-041661e256ff,21.687,T237,42C,off
03/13/2022 03:30:23,Chamber 2,28-041661e256ff,21.75,T237,42C,off
03/13/2022 03:30:43,Chamber 2,28-041661e256ff,21.687,T237,42C,off
03/13/2022 03:31:03,Chamber 2,28-041661e256ff,21.75,T237,42C,off
03/13/2022 03:31:23,Chamber 2,28-041661e256ff,21.687,T237,42C,off
03/13/2022 03:31:43,Chamber 2,28-041661e256ff,21.75,T237,42C,off
03/13/2022 03:32:03,Chamber 2,28-041661e256ff,21.75,T237,42C,off
03/13/2022 03:32:23,Chamber 2,28-041661e256ff,21.75,T237,42C,off
03/13/2022 03:32:43,Chamber 2,28-041661e256ff,21.687,T237,42C,off
03/13/2022 03:33:03,Chamber 2,28-041661e256ff,21.75,T237,42C,off
03/13/2022 03:33:23,Chamber 2,28-041661e256ff,21.75,T237,42C,off
03/13/2022 03:33:43,Chamber 2,28-041661e256ff,21.75,T237,42C,off
03/13/2022 03:34:03,Chamber 2,28-041661e256ff,21.687,T237,42C,off
03/13/2022 03:34:23,Chamber 2,28-041661e256ff,21.75,T237,42C,off
03/13/2022 03:34:43,Chamber 2,28-041661e256ff,21.75,T237,42C,off
03/13/2022 03:35:03,Chamber 2,28-041661e256ff,21.75,T237,42C,off
03/13/2022 03:35:23,Chamber 2,28-041661e256ff,21.75,T237,42C,off
03/13/2022 03:35:43,Chamber 2,28-041661e256ff,21.687,T237,42C,off
03/13/2022 03:36:03,Chamber 2,28-041661e256ff,21.75,T237,42C,off
03/13/2022 03:36:23,Chamber 2,28-041661e256ff,21.687,T237,42C,off
03/13/2022 03:36:43,Chamber 2,28-041661e256ff,21.687,T237,42C,off
03/13/2022 03:37:03,Chamber 2,28-041661e256ff,21.687,T237,42C,off
03/13/2022 03:37:23,Chamber 2,28-041661e256ff,21.75,T237,42C,off
03/13/2022 03:37:43,Chamber 2,28-041661e256ff,21.687,T237,42C,off
03/13/2022 03:38:03,Chamber 2,28-041661e256ff,21.687,T237,42C,off
03/13/2022 03:38:23,Chamber 2,28-041661e256ff,21.687,T237,42C,off
03/13/2022 03:38:43,Chamber 2,28-041661e256ff,21.687,T237,42C,off
03/13/2022 03:39:03,Chamber 2,28-041661e256ff,21.687,T237,42C,off
03/13/2022 03:39:23,Chamber 2,28-041661e256ff,21.687,T237,42C,off
03/13/2022 03:39:43,Chamber 2,28-041661e256ff,21.687,T237,42C,off
03/13/2022 03:40:03,Chamber 2,28-041661e256ff,21.687,T237,42C,off
03/13/2022 03:40:23,Chamber 2,28-041661e256ff,21.687,T237,42C,off
03/13/2022 03:40:43,Chamber 2,28-041661e256ff,21.687,T237,42C,off
03/13/2022 03:41:03,Chamber 2,28-041661e256ff,21.687,T237,42C,off
03/13/2022 03:41:23,Chamber 2,28-041661e256ff,21.687,T237,42C,off
03/13/2022 03:41:45,Chamber 2,28-041661e256ff,21.75,T237,42C,off
03/13/2022 03:42:03,Chamber 2,28-041661e256ff,21.687,T237,42C,off
03/13/2022 03:42:23,Chamber 2,28-041661e256ff,21.687,T237,42C,off
03/13/2022 03:42:43,Chamber 2,28-041661e256ff,21.687,T237,42C,off
03/13/2022 03:43:03,Chamber 2,28-041661e256ff,21.687,T237,42C,off
03/13/2022 03:43:23,Chamber 2,28-041661e256ff,21.687,T237,42C,off
03/13/2022 03:43:43,Chamber 2,28-041661e256ff,21.687,T237,42C,off
03/13/2022 03:44:03,Chamber 2,28-041661e256ff,21.687,T237,42C,off
03/13/2022 03:44:23,Chamber 2,28-041661e256ff,21.687,T237,42C,off
03/13/2022 03:44:43,Chamber 2,28-041661e256ff,21.687,T237,42C,off
03/13/2022 03:45:03,Chamber 2,28-041661e256ff,21.687,T237,42C,off
03/13/2022 03:45:23,Chamber 2,28-041661e256ff,21.687,T237,42C,off
03/13/2022 03:45:43,Chamber 2,28-041661e256ff,21.687,T237,42C,off
03/13/2022 03:46:03,Chamber 2,28-041661e256ff,21.687,T237,42C,off
03/13/2022 03:46:23,Chamber 2,28-041661e256ff,21.687,T237,42C,off
03/13/2022 03:46:43,Chamber 2,28-041661e256ff,21.687,T237,42C,off
03/13/2022 03:47:03,Chamber 2,28-041661e256ff,21.687,T237,42C,off
03/13/2022 03:47:23,Chamber 2,28-041661e256ff,21.687,T237,42C,off
03/13/2022 03:47:43,Chamber 2,28-041661e256ff,21.687,T237,42C,off
03/13/2022 03:48:03,Chamber 2,28-041661e256ff,21.687,T237,42C,off
03/13/2022 03:48:23,Chamber 2,28-041661e256ff,21.687,T237,42C,off
03/13/2022 03:48:43,Chamber 2,28-041661e256ff,21.687,T237,42C,off
03/13/2022 03:49:03,Chamber 2,28-041661e256ff,21.687,T237,42C,off
03/13/2022 03:49:23,Chamber 2,28-041661e256ff,21.687,T237,42C,off
03/13/2022 03:49:43,Chamber 2,28-041661e256ff,21.687,T237,42C,off
03/13/2022 03:50:03,Chamber 2,28-041661e256ff,21.687,T237,42C,off
03/13/2022 03:50:23,Chamber 2,28-041661e256ff,21.687,T237,42C,off
03/13/2022 03:50:43,Chamber 2,28-041661e256ff,21.687,T237,42C,off
03/13/2022 03:51:03,Chamber 2,28-041661e256ff,21.687,T237,42C,off
03/13/2022 03:51:23,Chamber 2,28-041661e256ff,21.687,T237,42C,off
03/13/2022 03:51:43,Chamber 2,28-041661e256ff,21.687,T237,42C,off
03/13/2022 03:52:03,Chamber 2,28-041661e256ff,21.687,T237,42C,off
03/13/2022 03:52:23,Chamber 2,28-041661e256ff,21.625,T237,42C,off
03/13/2022 03:52:43,Chamber 2,28-041661e256ff,21.687,T237,42C,off
03/13/2022 03:53:03,Chamber 2,28-041661e256ff,21.687,T237,42C,off
03/13/2022 03:53:23,Chamber 2,28-041661e256ff,21.687,T237,42C,off
03/13/2022 03:53:43,Chamber 2,28-041661e256ff,21.687,T237,42C,off
03/13/2022 03:54:03,Chamber 2,28-041661e256ff,21.687,T237,42C,off
03/13/2022 03:54:23,Chamber 2,28-041661e256ff,21.687,T237,42C,off
03/13/2022 03:54:43,Chamber 2,28-041661e256ff,21.687,T237,42C,off
03/13/2022 03:55:03,Chamber 2,28-041661e256ff,21.687,T237,42C,off
03/13/2022 03:55:23,Chamber 2,28-041661e256ff,21.687,T237,42C,off
03/13/2022 03:55:43,Chamber 2,28-041661e256ff,21.687,T237,42C,off
03/13/2022 03:56:03,Chamber 2,28-041661e256ff,21.687,T237,42C,off
03/13/2022 03:56:23,Chamber 2,28-041661e256ff,21.687,T237,42C,off
03/13/2022 03:56:43,Chamber 2,28-041661e256ff,21.687,T237,42C,off
03/13/2022 03:57:03,Chamber 2,28-041661e256ff,21.687,T237,42C,off
03/13/2022 03:57:23,Chamber 2,28-041661e256ff,21.687,T237,42C,off
03/13/2022 03:57:43,Chamber 2,28-041661e256ff,21.687,T237,42C,off
03/13/2022 03:58:03,Chamber 2,28-041661e256ff,21.687,T237,42C,off
03/13/2022 03:58:23,Chamber 2,28-041661e256ff,21.687,T237,42C,off
03/13/2022 03:58:43,Chamber 2,28-041661e256ff,21.687,T237,42C,off
03/13/2022 03:59:03,Chamber 2,28-041661e256ff,21.687,T237,42C,off
03/13/2022 03:59:23,Chamber 2,28-041661e256ff,21.687,T237,42C,off
03/13/2022 03:59:43,Chamber 2,28-041661e256ff,21.687,T237,42C,off
03/13/2022 04:00:03,Chamber 2,28-041661e256ff,21.687,T237,42C,off
03/13/2022 04:00:23,Chamber 2,28-041661e256ff,21.687,T237,42C,off
03/13/2022 04:00:43,Chamber 2,28-041661e256ff,21.687,T237,42C,off
03/13/2022 04:01:03,Chamber 2,28-041661e256ff,21.687,T237,42C,off
03/13/2022 04:01:23,Chamber 2,28-041661e256ff,21.687,T237,42C,off
03/13/2022 04:01:43,Chamber 2,28-041661e256ff,21.687,T237,42C,off
03/13/2022 04:02:03,Chamber 2,28-041661e256ff,21.687,T237,42C,off
03/13/2022 04:02:23,Chamber 2,28-041661e256ff,21.687,T237,42C,off
03/13/2022 04:02:44,Chamber 2,28-041661e256ff,21.687,T237,42C,off
03/13/2022 04:03:03,Chamber 2,28-041661e256ff,21.687,T237,42C,off
03/13/2022 04:03:23,Chamber 2,28-041661e256ff,21.687,T237,42C,off
03/13/2022 04:03:43,Chamber 2,28-041661e256ff,21.687,T237,42C,off
03/13/2022 04:04:03,Chamber 2,28-041661e256ff,21.625,T237,42C,off
03/13/2022 04:04:23,Chamber 2,28-041661e256ff,21.687,T237,42C,off
03/13/2022 04:04:43,Chamber 2,28-041661e256ff,21.625,T237,42C,off
03/13/2022 04:05:03,Chamber 2,28-041661e256ff,21.625,T237,42C,off
03/13/2022 04:05:23,Chamber 2,28-041661e256ff,21.625,T237,42C,off
03/13/2022 04:05:43,Chamber 2,28-041661e256ff,21.625,T237,42C,off
03/13/2022 04:06:03,Chamber 2,28-041661e256ff,21.625,T237,42C,off
03/13/2022 04:06:23,Chamber 2,28-041661e256ff,21.625,T237,42C,off
03/13/2022 04:06:43,Chamber 2,28-041661e256ff,21.625,T237,42C,off
03/13/2022 04:07:04,Chamber 2,28-041661e256ff,21.625,T237,42C,off
03/13/2022 04:07:23,Chamber 2,28-041661e256ff,21.625,T237,42C,off
03/13/2022 04:07:44,Chamber 2,28-041661e256ff,21.625,T237,42C,off
03/13/2022 04:08:03,Chamber 2,28-041661e256ff,21.625,T237,42C,off
03/13/2022 04:08:23,Chamber 2,28-041661e256ff,21.625,T237,42C,off
03/13/2022 04:08:43,Chamber 2,28-041661e256ff,21.625,T237,42C,off
03/13/2022 04:09:03,Chamber 2,28-041661e256ff,21.625,T237,42C,off
03/13/2022 04:09:23,Chamber 2,28-041661e256ff,21.625,T237,42C,off
03/13/2022 04:09:43,Chamber 2,28-041661e256ff,21.625,T237,42C,off
03/13/2022 04:10:03,Chamber 2,28-041661e256ff,21.625,T237,42C,off
03/13/2022 04:10:24,Chamber 2,28-041661e256ff,21.625,T237,42C,off
03/13/2022 04:10:43,Chamber 2,28-041661e256ff,21.625,T237,42C,off
03/13/2022 04:11:03,Chamber 2,28-041661e256ff,21.625,T237,42C,off
03/13/2022 04:11:23,Chamber 2,28-041661e256ff,21.625,T237,42C,off
03/13/2022 04:11:43,Chamber 2,28-041661e256ff,21.625,T237,42C,off
03/13/2022 04:12:03,Chamber 2,28-041661e256ff,21.625,T237,42C,off
03/13/2022 04:12:23,Chamber 2,28-041661e256ff,21.625,T237,42C,off
03/13/2022 04:12:43,Chamber 2,28-041661e256ff,21.625,T237,42C,off
03/13/2022 04:13:03,Chamber 2,28-041661e256ff,21.625,T237,42C,off
03/13/2022 04:13:23,Chamber 2,28-041661e256ff,21.625,T237,42C,off
03/13/2022 04:13:43,Chamber 2,28-041661e256ff,21.625,T237,42C,off
03/13/2022 04:14:03,Chamber 2,28-041661e256ff,21.625,T237,42C,off
03/13/2022 04:14:23,Chamber 2,28-041661e256ff,21.625,T237,42C,off
03/13/2022 04:14:43,Chamber 2,28-041661e256ff,21.625,T237,42C,off
03/13/2022 04:15:03,Chamber 2,28-041661e256ff,21.625,T237,42C,off
03/13/2022 04:15:23,Chamber 2,28-041661e256ff,21.625,T237,42C,off
03/13/2022 04:15:43,Chamber 2,28-041661e256ff,21.625,T237,42C,off
03/13/2022 04:16:03,Chamber 2,28-041661e256ff,21.625,T237,42C,off
03/13/2022 04:16:23,Chamber 2,28-041661e256ff,21.625,T237,42C,off
03/13/2022 04:16:43,Chamber 2,28-041661e256ff,21.625,T237,42C,off
03/13/2022 04:17:03,Chamber 2,28-041661e256ff,21.625,T237,42C,off
03/13/2022 04:17:23,Chamber 2,28-041661e256ff,21.625,T237,42C,off
03/13/2022 04:17:43,Chamber 2,28-041661e256ff,21.625,T237,42C,off
03/13/2022 04:18:03,Chamber 2,28-041661e256ff,21.625,T237,42C,off
03/13/2022 04:18:23,Chamber 2,28-041661e256ff,21.625,T237,42C,off
03/13/2022 04:18:43,Chamber 2,28-041661e256ff,21.625,T237,42C,off
03/13/2022 04:19:03,Chamber 2,28-041661e256ff,21.625,T237,42C,off
03/13/2022 04:19:23,Chamber 2,28-041661e256ff,21.625,T237,42C,off
03/13/2022 04:19:43,Chamber 2,28-041661e256ff,21.625,T237,42C,off
03/13/2022 04:20:03,Chamber 2,28-041661e256ff,21.625,T237,42C,off
03/13/2022 04:20:23,Chamber 2,28-041661e256ff,21.625,T237,42C,off
03/13/2022 04:20:43,Chamber 2,28-041661e256ff,21.625,T237,42C,off
03/13/2022 04:21:03,Chamber 2,28-041661e256ff,21.625,T237,42C,off
03/13/2022 04:21:23,Chamber 2,28-041661e256ff,21.625,T237,42C,off
03/13/2022 04:21:43,Chamber 2,28-041661e256ff,21.625,T237,42C,off
03/13/2022 04:22:03,Chamber 2,28-041661e256ff,21.625,T237,42C,off
03/13/2022 04:22:23,Chamber 2,28-041661e256ff,21.625,T237,42C,off
03/13/2022 04:22:43,Chamber 2,28-041661e256ff,21.562,T237,42C,off
03/13/2022 04:23:03,Chamber 2,28-041661e256ff,21.625,T237,42C,off
03/13/2022 04:23:23,Chamber 2,28-041661e256ff,21.562,T237,42C,off
03/13/2022 04:23:43,Chamber 2,28-041661e256ff,21.625,T237,42C,off
03/13/2022 04:24:03,Chamber 2,28-041661e256ff,21.625,T237,42C,off
03/13/2022 04:24:23,Chamber 2,28-041661e256ff,21.625,T237,42C,off
03/13/2022 04:24:43,Chamber 2,28-041661e256ff,21.625,T237,42C,off
03/13/2022 04:25:03,Chamber 2,28-041661e256ff,21.625,T237,42C,off
03/13/2022 04:25:23,Chamber 2,28-041661e256ff,21.625,T237,42C,off
03/13/2022 04:25:43,Chamber 2,28-041661e256ff,21.625,T237,42C,off
03/13/2022 04:26:03,Chamber 2,28-041661e256ff,21.625,T237,42C,off
03/13/2022 04:26:23,Chamber 2,28-041661e256ff,21.625,T237,42C,off
03/13/2022 04:26:43,Chamber 2,28-041661e256ff,21.625,T237,42C,off
03/13/2022 04:27:03,Chamber 2,28-041661e256ff,21.562,T237,42C,off
03/13/2022 04:27:23,Chamber 2,28-041661e256ff,21.562,T237,42C,off
03/13/2022 04:27:43,Chamber 2,28-041661e256ff,21.625,T237,42C,off
03/13/2022 04:28:03,Chamber 2,28-041661e256ff,21.625,T237,42C,off
03/13/2022 04:28:23,Chamber 2,28-041661e256ff,21.625,T237,42C,off
03/13/2022 04:28:43,Chamber 2,28-041661e256ff,21.625,T237,42C,off
03/13/2022 04:29:03,Chamber 2,28-041661e256ff,21.625,T237,42C,off
03/13/2022 04:29:23,Chamber 2,28-041661e256ff,21.625,T237,42C,off
03/13/2022 04:29:43,Chamber 2,28-041661e256ff,21.562,T237,42C,off
03/13/2022 04:30:03,Chamber 2,28-041661e256ff,21.562,T237,42C,off
03/13/2022 04:30:23,Chamber 2,28-041661e256ff,21.562,T237,42C,off
03/13/2022 04:30:43,Chamber 2,28-041661e256ff,21.562,T237,42C,off
03/13/2022 04:31:03,Chamber 2,28-041661e256ff,21.562,T237,42C,off
03/13/2022 04:31:23,Chamber 2,28-041661e256ff,21.562,T237,42C,off
03/13/2022 04:31:43,Chamber 2,28-041661e256ff,21.562,T237,42C,off
03/13/2022 04:32:03,Chamber 2,28-041661e256ff,21.562,T237,42C,off
03/13/2022 04:32:23,Chamber 2,28-041661e256ff,21.562,T237,42C,off
03/13/2022 04:32:43,Chamber 2,28-041661e256ff,21.562,T237,42C,off
03/13/2022 04:33:03,Chamber 2,28-041661e256ff,21.562,T237,42C,off
03/13/2022 04:33:23,Chamber 2,28-041661e256ff,21.562,T237,42C,off
03/13/2022 04:33:43,Chamber 2,28-041661e256ff,21.562,T237,42C,off
03/13/2022 04:34:03,Chamber 2,28-041661e256ff,21.562,T237,42C,off
03/13/2022 04:34:23,Chamber 2,28-041661e256ff,21.562,T237,42C,off
03/13/2022 04:34:43,Chamber 2,28-041661e256ff,21.562,T237,42C,off
03/13/2022 04:35:03,Chamber 2,28-041661e256ff,21.562,T237,42C,off
03/13/2022 04:35:23,Chamber 2,28-041661e256ff,21.562,T237,42C,off
03/13/2022 04:35:43,Chamber 2,28-041661e256ff,21.562,T237,42C,off
03/13/2022 04:36:03,Chamber 2,28-041661e256ff,21.562,T237,42C,off
03/13/2022 04:36:23,Chamber 2,28-041661e256ff,21.562,T237,42C,off
03/13/2022 04:36:43,Chamber 2,28-041661e256ff,21.562,T237,42C,off
03/13/2022 04:37:03,Chamber 2,28-041661e256ff,21.562,T237,42C,off
03/13/2022 04:37:23,Chamber 2,28-041661e256ff,21.562,T237,42C,off
03/13/2022 04:37:43,Chamber 2,28-041661e256ff,21.562,T237,42C,off
03/13/2022 04:38:03,Chamber 2,28-041661e256ff,21.562,T237,42C,off
03/13/2022 04:38:23,Chamber 2,28-041661e256ff,21.562,T237,42C,off
03/13/2022 04:38:43,Chamber 2,28-041661e256ff,21.562,T237,42C,off
03/13/2022 04:39:03,Chamber 2,28-041661e256ff,21.562,T237,42C,off
03/13/2022 04:39:23,Chamber 2,28-041661e256ff,21.562,T237,42C,off
03/13/2022 04:39:43,Chamber 2,28-041661e256ff,21.562,T237,42C,off
03/13/2022 04:40:03,Chamber 2,28-041661e256ff,21.562,T237,42C,off
03/13/2022 04:40:23,Chamber 2,28-041661e256ff,21.562,T237,42C,off
03/13/2022 04:40:43,Chamber 2,28-041661e256ff,21.562,T237,42C,off
03/13/2022 04:41:03,Chamber 2,28-041661e256ff,21.562,T237,42C,off
03/13/2022 04:41:23,Chamber 2,28-041661e256ff,21.562,T237,42C,off
03/13/2022 04:41:43,Chamber 2,28-041661e256ff,21.562,T237,42C,off
03/13/2022 04:42:03,Chamber 2,28-041661e256ff,21.562,T237,42C,off
03/13/2022 04:42:23,Chamber 2,28-041661e256ff,21.562,T237,42C,off
03/13/2022 04:42:43,Chamber 2,28-041661e256ff,21.562,T237,42C,off
03/13/2022 04:43:03,Chamber 2,28-041661e256ff,21.562,T237,42C,off
03/13/2022 04:43:23,Chamber 2,28-041661e256ff,21.562,T237,42C,off
03/13/2022 04:43:43,Chamber 2,28-041661e256ff,21.562,T237,42C,off
03/13/2022 04:44:03,Chamber 2,28-041661e256ff,21.562,T237,42C,off
03/13/2022 04:44:23,Chamber 2,28-041661e256ff,21.562,T237,42C,off
03/13/2022 04:44:43,Chamber 2,28-041661e256ff,21.562,T237,42C,off
03/13/2022 04:45:03,Chamber 2,28-041661e256ff,21.562,T237,42C,off
03/13/2022 04:45:23,Chamber 2,28-041661e256ff,21.562,T237,42C,off
03/13/2022 04:45:43,Chamber 2,28-041661e256ff,21.562,T237,42C,off
03/13/2022 04:46:03,Chamber 2,28-041661e256ff,21.562,T237,42C,off
03/13/2022 04:46:23,Chamber 2,28-041661e256ff,21.562,T237,42C,off
03/13/2022 04:46:43,Chamber 2,28-041661e256ff,21.562,T237,42C,off
03/13/2022 04:47:03,Chamber 2,28-041661e256ff,21.562,T237,42C,off
03/13/2022 04:47:23,Chamber 2,28-041661e256ff,21.562,T237,42C,off
03/13/2022 04:47:43,Chamber 2,28-041661e256ff,21.562,T237,42C,off
03/13/2022 04:48:03,Chamber 2,28-041661e256ff,21.562,T237,42C,off
03/13/2022 04:48:23,Chamber 2,28-041661e256ff,21.562,T237,42C,off
03/13/2022 04:48:43,Chamber 2,28-041661e256ff,21.562,T237,42C,off
03/13/2022 04:49:03,Chamber 2,28-041661e256ff,21.562,T237,42C,off
03/13/2022 04:49:23,Chamber 2,28-041661e256ff,21.562,T237,42C,off
03/13/2022 04:49:43,Chamber 2,28-041661e256ff,21.562,T237,42C,off
03/13/2022 04:50:03,Chamber 2,28-041661e256ff,21.562,T237,42C,off
03/13/2022 04:50:23,Chamber 2,28-041661e256ff,21.562,T237,42C,off
03/13/2022 04:50:43,Chamber 2,28-041661e256ff,21.562,T237,42C,off
03/13/2022 04:51:03,Chamber 2,28-041661e256ff,21.562,T237,42C,off
03/13/2022 04:51:23,Chamber 2,28-041661e256ff,21.562,T237,42C,off
03/13/2022 04:51:43,Chamber 2,28-041661e256ff,21.562,T237,42C,off
03/13/2022 04:52:03,Chamber 2,28-041661e256ff,21.562,T237,42C,off
03/13/2022 04:52:23,Chamber 2,28-041661e256ff,21.562,T237,42C,off
03/13/2022 04:52:43,Chamber 2,28-041661e256ff,21.562,T237,42C,off
03/13/2022 04:53:03,Chamber 2,28-041661e256ff,21.5,T237,42C,off
03/13/2022 04:53:23,Chamber 2,28-041661e256ff,21.562,T237,42C,off
03/13/2022 04:53:43,Chamber 2,28-041661e256ff,21.5,T237,42C,off
03/13/2022 04:54:03,Chamber 2,28-041661e256ff,21.5,T237,42C,off
03/13/2022 04:54:23,Chamber 2,28-041661e256ff,21.562,T237,42C,off
03/13/2022 04:54:43,Chamber 2,28-041661e256ff,21.5,T237,42C,off
03/13/2022 04:55:03,Chamber 2,28-041661e256ff,21.5,T237,42C,off
03/13/2022 04:55:25,Chamber 2,28-041661e256ff,21.562,T237,42C,off
03/13/2022 04:55:44,Chamber 2,28-041661e256ff,21.5,T237,42C,off
03/13/2022 04:56:03,Chamber 2,28-041661e256ff,21.5,T237,42C,off
03/13/2022 04:56:23,Chamber 2,28-041661e256ff,21.5,T237,42C,off
03/13/2022 04:56:43,Chamber 2,28-041661e256ff,21.5,T237,42C,off
03/13/2022 04:57:03,Chamber 2,28-041661e256ff,21.5,T237,42C,off
03/13/2022 04:57:23,Chamber 2,28-041661e256ff,21.5,T237,42C,off
03/13/2022 04:57:43,Chamber 2,28-041661e256ff,21.5,T237,42C,off
03/13/2022 04:58:03,Chamber 2,28-041661e256ff,21.5,T237,42C,off
03/13/2022 04:58:23,Chamber 2,28-041661e256ff,21.5,T237,42C,off
03/13/2022 04:58:45,Chamber 2,28-041661e256ff,21.5,T237,42C,off
03/13/2022 04:59:03,Chamber 2,28-041661e256ff,21.5,T237,42C,off
03/13/2022 04:59:23,Chamber 2,28-041661e256ff,21.5,T237,42C,off
03/13/2022 04:59:43,Chamber 2,28-041661e256ff,21.5,T237,42C,off
03/13/2022 05:00:02,Chamber 2,28-041661e256ff,21.5,T237,42C,off
03/13/2022 05:00:22,Chamber 2,28-041661e256ff,21.5,T237,42C,off
03/13/2022 05:00:42,Chamber 2,28-041661e256ff,21.5,T237,42C,off
03/13/2022 05:01:02,Chamber 2,28-041661e256ff,21.5,T237,42C,off
03/13/2022 05:01:22,Chamber 2,28-041661e256ff,21.5,T237,42C,off
03/13/2022 05:01:42,Chamber 2,28-041661e256ff,21.5,T237,42C,off
03/13/2022 05:02:02,Chamber 2,28-041661e256ff,21.5,T237,42C,off
03/13/2022 05:02:22,Chamber 2,28-041661e256ff,21.5,T237,42C,off
03/13/2022 05:02:42,Chamber 2,28-041661e256ff,21.5,T237,42C,off
03/13/2022 05:03:02,Chamber 2,28-041661e256ff,21.5,T237,42C,off
03/13/2022 05:03:22,Chamber 2,28-041661e256ff,21.5,T237,42C,off
03/13/2022 05:03:42,Chamber 2,28-041661e256ff,21.5,T237,42C,off
03/13/2022 05:04:02,Chamber 2,28-041661e256ff,21.5,T237,42C,off
03/13/2022 05:04:22,Chamber 2,28-041661e256ff,21.5,T237,42C,off
03/13/2022 05:04:42,Chamber 2,28-041661e256ff,21.5,T237,42C,off
03/13/2022 05:05:02,Chamber 2,28-041661e256ff,21.5,T237,42C,off
03/13/2022 05:05:22,Chamber 2,28-041661e256ff,21.5,T237,42C,off
03/13/2022 05:05:42,Chamber 2,28-041661e256ff,21.5,T237,42C,off
03/13/2022 05:06:02,Chamber 2,28-041661e256ff,21.5,T237,42C,off
03/13/2022 05:06:22,Chamber 2,28-041661e256ff,21.5,T237,42C,off
03/13/2022 05:06:43,Chamber 2,28-041661e256ff,21.562,T237,42C,off
03/13/2022 05:07:02,Chamber 2,28-041661e256ff,21.5,T237,42C,off
03/13/2022 05:07:22,Chamber 2,28-041661e256ff,21.5,T237,42C,off
03/13/2022 05:07:42,Chamber 2,28-041661e256ff,21.5,T237,42C,off
03/13/2022 05:08:02,Chamber 2,28-041661e256ff,21.5,T237,42C,off
03/13/2022 05:08:22,Chamber 2,28-041661e256ff,21.5,T237,42C,off
03/13/2022 05:08:42,Chamber 2,28-041661e256ff,21.5,T237,42C,off
03/13/2022 05:09:02,Chamber 2,28-041661e256ff,21.5,T237,42C,off
03/13/2022 05:09:22,Chamber 2,28-041661e256ff,21.5,T237,42C,off
03/13/2022 05:09:42,Chamber 2,28-041661e256ff,21.5,T237,42C,off
03/13/2022 05:10:02,Chamber 2,28-041661e256ff,21.5,T237,42C,off
03/13/2022 05:10:22,Chamber 2,28-041661e256ff,21.5,T237,42C,off
03/13/2022 05:10:42,Chamber 2,28-041661e256ff,21.5,T237,42C,off
03/13/2022 05:11:02,Chamber 2,28-041661e256ff,21.5,T237,42C,off
03/13/2022 05:11:22,Chamber 2,28-041661e256ff,21.5,T237,42C,off
03/13/2022 05:11:42,Chamber 2,28-041661e256ff,21.5,T237,42C,off
03/13/2022 05:12:02,Chamber 2,28-041661e256ff,21.5,T237,42C,off
03/13/2022 05:12:22,Chamber 2,28-041661e256ff,21.5,T237,42C,off
03/13/2022 05:12:42,Chamber 2,28-041661e256ff,21.5,T237,42C,off
03/13/2022 05:13:02,Chamber 2,28-041661e256ff,21.5,T237,42C,off
03/13/2022 05:13:22,Chamber 2,28-041661e256ff,21.5,T237,42C,off
03/13/2022 05:13:42,Chamber 2,28-041661e256ff,21.5,T237,42C,off
03/13/2022 05:14:02,Chamber 2,28-041661e256ff,21.5,T237,42C,off
03/13/2022 05:14:22,Chamber 2,28-041661e256ff,21.5,T237,42C,off
03/13/2022 05:14:42,Chamber 2,28-041661e256ff,21.5,T237,42C,off
03/13/2022 05:15:02,Chamber 2,28-041661e256ff,21.5,T237,42C,off
03/13/2022 05:15:22,Chamber 2,28-041661e256ff,21.5,T237,42C,off
03/13/2022 05:15:42,Chamber 2,28-041661e256ff,21.5,T237,42C,off
03/13/2022 05:16:02,Chamber 2,28-041661e256ff,21.5,T237,42C,off
03/13/2022 05:16:22,Chamber 2,28-041661e256ff,21.5,T237,42C,off
03/13/2022 05:16:43,Chamber 2,28-041661e256ff,21.5,T237,42C,off
03/13/2022 05:17:02,Chamber 2,28-041661e256ff,21.5,T237,42C,off
03/13/2022 05:17:22,Chamber 2,28-041661e256ff,21.5,T237,42C,off
03/13/2022 05:17:42,Chamber 2,28-041661e256ff,21.5,T237,42C,off
03/13/2022 05:18:02,Chamber 2,28-041661e256ff,21.5,T237,42C,off
03/13/2022 05:18:22,Chamber 2,28-041661e256ff,21.5,T237,42C,off
03/13/2022 05:18:42,Chamber 2,28-041661e256ff,21.5,T237,42C,off
03/13/2022 05:19:02,Chamber 2,28-041661e256ff,21.5,T237,42C,off
03/13/2022 05:19:22,Chamber 2,28-041661e256ff,21.5,T237,42C,off
03/13/2022 05:19:42,Chamber 2,28-041661e256ff,21.5,T237,42C,off
03/13/2022 05:20:02,Chamber 2,28-041661e256ff,21.5,T237,42C,off
03/13/2022 05:20:22,Chamber 2,28-041661e256ff,21.5,T237,42C,off
03/13/2022 05:20:42,Chamber 2,28-041661e256ff,21.5,T237,42C,off
03/13/2022 05:21:02,Chamber 2,28-041661e256ff,21.5,T237,42C,off
03/13/2022 05:21:22,Chamber 2,28-041661e256ff,21.5,T237,42C,off
03/13/2022 05:21:42,Chamber 2,28-041661e256ff,21.5,T237,42C,off
03/13/2022 05:22:02,Chamber 2,28-041661e256ff,21.5,T237,42C,off
03/13/2022 05:22:22,Chamber 2,28-041661e256ff,21.5,T237,42C,off
03/13/2022 05:22:42,Chamber 2,28-041661e256ff,21.5,T237,42C,off
03/13/2022 05:23:02,Chamber 2,28-041661e256ff,21.5,T237,42C,off
03/13/2022 05:23:22,Chamber 2,28-041661e256ff,21.5,T237,42C,off
03/13/2022 05:23:42,Chamber 2,28-041661e256ff,21.5,T237,42C,off
03/13/2022 05:24:02,Chamber 2,28-041661e256ff,21.5,T237,42C,off
03/13/2022 05:24:22,Chamber 2,28-041661e256ff,21.5,T237,42C,off
03/13/2022 05:24:42,Chamber 2,28-041661e256ff,21.5,T237,42C,off
03/13/2022 05:25:02,Chamber 2,28-041661e256ff,21.5,T237,42C,off
03/13/2022 05:25:22,Chamber 2,28-041661e256ff,21.5,T237,42C,off
03/13/2022 05:25:42,Chamber 2,28-041661e256ff,21.5,T237,42C,off
03/13/2022 05:26:02,Chamber 2,28-041661e256ff,21.5,T237,42C,off
03/13/2022 05:26:22,Chamber 2,28-041661e256ff,21.5,T237,42C,off
03/13/2022 05:26:42,Chamber 2,28-041661e256ff,21.5,T237,42C,off
03/13/2022 05:27:02,Chamber 2,28-041661e256ff,21.5,T237,42C,off
03/13/2022 05:27:22,Chamber 2,28-041661e256ff,21.5,T237,42C,off
03/13/2022 05:27:42,Chamber 2,28-041661e256ff,21.5,T237,42C,off
03/13/2022 05:28:02,Chamber 2,28-041661e256ff,21.5,T237,42C,off
03/13/2022 05:28:22,Chamber 2,28-041661e256ff,21.5,T237,42C,off
03/13/2022 05:28:42,Chamber 2,28-041661e256ff,21.437,T237,42C,off
03/13/2022 05:29:02,Chamber 2,28-041661e256ff,21.437,T237,42C,off
03/13/2022 05:29:22,Chamber 2,28-041661e256ff,21.437,T237,42C,off
03/13/2022 05:29:42,Chamber 2,28-041661e256ff,21.437,T237,42C,off
03/13/2022 05:30:02,Chamber 2,28-041661e256ff,21.437,T237,42C,off
03/13/2022 05:30:22,Chamber 2,28-041661e256ff,21.437,T237,42C,off
03/13/2022 05:30:42,Chamber 2,28-041661e256ff,21.437,T237,42C,off
03/13/2022 05:31:02,Chamber 2,28-041661e256ff,21.437,T237,42C,off
03/13/2022 05:31:22,Chamber 2,28-041661e256ff,21.437,T237,42C,off
03/13/2022 05:31:42,Chamber 2,28-041661e256ff,21.437,T237,42C,off
03/13/2022 05:32:02,Chamber 2,28-041661e256ff,21.437,T237,42C,off
03/13/2022 05:32:22,Chamber 2,28-041661e256ff,21.437,T237,42C,off
03/13/2022 05:32:42,Chamber 2,28-041661e256ff,21.437,T237,42C,off
03/13/2022 05:33:02,Chamber 2,28-041661e256ff,21.437,T237,42C,off
03/13/2022 05:33:22,Chamber 2,28-041661e256ff,21.437,T237,42C,off
03/13/2022 05:33:42,Chamber 2,28-041661e256ff,21.437,T237,42C,off
03/13/2022 05:34:02,Chamber 2,28-041661e256ff,21.437,T237,42C,off
03/13/2022 05:34:22,Chamber 2,28-041661e256ff,21.437,T237,42C,off
03/13/2022 05:34:42,Chamber 2,28-041661e256ff,21.437,T237,42C,off
03/13/2022 05:35:02,Chamber 2,28-041661e256ff,21.437,T237,42C,off
03/13/2022 05:35:22,Chamber 2,28-041661e256ff,21.437,T237,42C,off
03/13/2022 05:35:42,Chamber 2,28-041661e256ff,21.437,T237,42C,off
03/13/2022 05:36:02,Chamber 2,28-041661e256ff,21.437,T237,42C,off
03/13/2022 05:36:22,Chamber 2,28-041661e256ff,21.437,T237,42C,off
03/13/2022 05:36:42,Chamber 2,28-041661e256ff,21.437,T237,42C,off
03/13/2022 05:37:02,Chamber 2,28-041661e256ff,21.437,T237,42C,off
03/13/2022 05:37:22,Chamber 2,28-041661e256ff,21.437,T237,42C,off
03/13/2022 05:37:42,Chamber 2,28-041661e256ff,21.437,T237,42C,off
03/13/2022 05:38:02,Chamber 2,28-041661e256ff,21.437,T237,42C,off
03/13/2022 05:38:22,Chamber 2,28-041661e256ff,21.437,T237,42C,off
03/13/2022 05:38:42,Chamber 2,28-041661e256ff,21.437,T237,42C,off
03/13/2022 05:39:02,Chamber 2,28-041661e256ff,21.437,T237,42C,off
03/13/2022 05:39:22,Chamber 2,28-041661e256ff,21.437,T237,42C,off
03/13/2022 05:39:42,Chamber 2,28-041661e256ff,21.437,T237,42C,off
03/13/2022 05:40:02,Chamber 2,28-041661e256ff,21.437,T237,42C,off
03/13/2022 05:40:22,Chamber 2,28-041661e256ff,21.437,T237,42C,off
03/13/2022 05:40:42,Chamber 2,28-041661e256ff,21.437,T237,42C,off
03/13/2022 05:41:02,Chamber 2,28-041661e256ff,21.437,T237,42C,off
03/13/2022 05:41:22,Chamber 2,28-041661e256ff,21.437,T237,42C,off
03/13/2022 05:41:42,Chamber 2,28-041661e256ff,21.437,T237,42C,off
03/13/2022 05:42:02,Chamber 2,28-041661e256ff,21.437,T237,42C,off
03/13/2022 05:42:22,Chamber 2,28-041661e256ff,21.437,T237,42C,off
03/13/2022 05:42:42,Chamber 2,28-041661e256ff,21.437,T237,42C,off
03/13/2022 05:43:02,Chamber 2,28-041661e256ff,21.437,T237,42C,off
03/13/2022 05:43:22,Chamber 2,28-041661e256ff,21.437,T237,42C,off
03/13/2022 05:43:42,Chamber 2,28-041661e256ff,21.437,T237,42C,off
03/13/2022 05:44:02,Chamber 2,28-041661e256ff,21.437,T237,42C,off
03/13/2022 05:44:22,Chamber 2,28-041661e256ff,21.437,T237,42C,off
03/13/2022 05:44:42,Chamber 2,28-041661e256ff,21.437,T237,42C,off
03/13/2022 05:45:02,Chamber 2,28-041661e256ff,21.437,T237,42C,off
03/13/2022 05:45:22,Chamber 2,28-041661e256ff,21.437,T237,42C,off
03/13/2022 05:45:42,Chamber 2,28-041661e256ff,21.437,T237,42C,off
03/13/2022 05:46:02,Chamber 2,28-041661e256ff,21.437,T237,42C,off
03/13/2022 05:46:22,Chamber 2,28-041661e256ff,21.437,T237,42C,off
03/13/2022 05:46:42,Chamber 2,28-041661e256ff,21.437,T237,42C,off
03/13/2022 05:47:02,Chamber 2,28-041661e256ff,21.437,T237,42C,off
03/13/2022 05:47:22,Chamber 2,28-041661e256ff,21.437,T237,42C,off
03/13/2022 05:47:42,Chamber 2,28-041661e256ff,21.437,T237,42C,off
03/13/2022 05:48:02,Chamber 2,28-041661e256ff,21.437,T237,42C,off
03/13/2022 05:48:22,Chamber 2,28-041661e256ff,21.437,T237,42C,off
03/13/2022 05:48:42,Chamber 2,28-041661e256ff,21.437,T237,42C,off
03/13/2022 05:49:02,Chamber 2,28-041661e256ff,21.437,T237,42C,off
03/13/2022 05:49:22,Chamber 2,28-041661e256ff,21.437,T237,42C,off
03/13/2022 05:49:42,Chamber 2,28-041661e256ff,21.437,T237,42C,off
03/13/2022 05:50:02,Chamber 2,28-041661e256ff,21.375,T237,42C,off
03/13/2022 05:50:22,Chamber 2,28-041661e256ff,21.437,T237,42C,off
03/13/2022 05:50:42,Chamber 2,28-041661e256ff,21.437,T237,42C,off
03/13/2022 05:51:02,Chamber 2,28-041661e256ff,21.375,T237,42C,off
03/13/2022 05:51:22,Chamber 2,28-041661e256ff,21.437,T237,42C,off
03/13/2022 05:51:42,Chamber 2,28-041661e256ff,21.437,T237,42C,off
03/13/2022 05:52:02,Chamber 2,28-041661e256ff,21.437,T237,42C,off
03/13/2022 05:52:22,Chamber 2,28-041661e256ff,21.437,T237,42C,off
03/13/2022 05:52:42,Chamber 2,28-041661e256ff,21.437,T237,42C,off
03/13/2022 05:53:02,Chamber 2,28-041661e256ff,21.437,T237,42C,off
03/13/2022 05:53:22,Chamber 2,28-041661e256ff,21.437,T237,42C,off
03/13/2022 05:53:42,Chamber 2,28-041661e256ff,21.437,T237,42C,off
03/13/2022 05:54:02,Chamber 2,28-041661e256ff,21.437,T237,42C,off
03/13/2022 05:54:22,Chamber 2,28-041661e256ff,21.437,T237,42C,off
03/13/2022 05:54:42,Chamber 2,28-041661e256ff,21.375,T237,42C,off
03/13/2022 05:55:02,Chamber 2,28-041661e256ff,21.437,T237,42C,off
03/13/2022 05:55:22,Chamber 2,28-041661e256ff,21.375,T237,42C,off
03/13/2022 05:55:42,Chamber 2,28-041661e256ff,21.375,T237,42C,off
03/13/2022 05:56:02,Chamber 2,28-041661e256ff,21.375,T237,42C,off
03/13/2022 05:56:22,Chamber 2,28-041661e256ff,21.375,T237,42C,off
03/13/2022 05:56:42,Chamber 2,28-041661e256ff,21.375,T237,42C,off
03/13/2022 05:57:02,Chamber 2,28-041661e256ff,21.437,T237,42C,off
03/13/2022 05:57:22,Chamber 2,28-041661e256ff,21.375,T237,42C,off
03/13/2022 05:57:42,Chamber 2,28-041661e256ff,21.375,T237,42C,off
03/13/2022 05:58:02,Chamber 2,28-041661e256ff,21.437,T237,42C,off
03/13/2022 05:58:22,Chamber 2,28-041661e256ff,21.437,T237,42C,off
03/13/2022 05:58:42,Chamber 2,28-041661e256ff,21.437,T237,42C,off
03/13/2022 05:59:02,Chamber 2,28-041661e256ff,21.375,T237,42C,off
03/13/2022 05:59:22,Chamber 2,28-041661e256ff,21.437,T237,42C,off
03/13/2022 05:59:42,Chamber 2,28-041661e256ff,21.375,T237,42C,off
03/13/2022 06:00:03,Chamber 2,28-041661e256ff,21.375,T237,42C,off
03/13/2022 06:00:23,Chamber 2,28-041661e256ff,21.375,T237,42C,off
03/13/2022 06:00:43,Chamber 2,28-041661e256ff,21.375,T237,42C,off
03/13/2022 06:01:03,Chamber 2,28-041661e256ff,21.375,T237,42C,off
03/13/2022 06:01:23,Chamber 2,28-041661e256ff,21.375,T237,42C,off
03/13/2022 06:01:43,Chamber 2,28-041661e256ff,21.375,T237,42C,off
03/13/2022 06:02:03,Chamber 2,28-041661e256ff,21.375,T237,42C,off
03/13/2022 06:02:23,Chamber 2,28-041661e256ff,21.375,T237,42C,off
03/13/2022 06:02:43,Chamber 2,28-041661e256ff,21.375,T237,42C,off
03/13/2022 06:03:04,Chamber 2,28-041661e256ff,21.375,T237,42C,off
03/13/2022 06:03:25,Chamber 2,28-041661e256ff,21.375,T237,42C,off
03/13/2022 06:03:43,Chamber 2,28-041661e256ff,21.375,T237,42C,off
03/13/2022 06:04:04,Chamber 2,28-041661e256ff,21.375,T237,42C,off
03/13/2022 06:04:23,Chamber 2,28-041661e256ff,21.375,T237,42C,off
03/13/2022 06:04:43,Chamber 2,28-041661e256ff,21.375,T237,42C,off
03/13/2022 06:05:03,Chamber 2,28-041661e256ff,21.375,T237,42C,off
03/13/2022 06:05:23,Chamber 2,28-041661e256ff,21.375,T237,42C,off
03/13/2022 06:05:43,Chamber 2,28-041661e256ff,21.375,T237,42C,off
03/13/2022 06:06:03,Chamber 2,28-041661e256ff,21.375,T237,42C,off
03/13/2022 06:06:23,Chamber 2,28-041661e256ff,21.375,T237,42C,off
03/13/2022 06:06:43,Chamber 2,28-041661e256ff,21.375,T237,42C,off
03/13/2022 06:07:03,Chamber 2,28-041661e256ff,21.375,T237,42C,off
03/13/2022 06:07:23,Chamber 2,28-041661e256ff,21.375,T237,42C,off
03/13/2022 06:07:43,Chamber 2,28-041661e256ff,21.375,T237,42C,off
03/13/2022 06:08:03,Chamber 2,28-041661e256ff,21.375,T237,42C,off
03/13/2022 06:08:23,Chamber 2,28-041661e256ff,21.375,T237,42C,off
03/13/2022 06:08:43,Chamber 2,28-041661e256ff,21.375,T237,42C,off
03/13/2022 06:09:03,Chamber 2,28-041661e256ff,21.375,T237,42C,off
03/13/2022 06:09:23,Chamber 2,28-041661e256ff,21.375,T237,42C,off
03/13/2022 06:09:43,Chamber 2,28-041661e256ff,21.375,T237,42C,off
03/13/2022 06:10:03,Chamber 2,28-041661e256ff,21.375,T237,42C,off
03/13/2022 06:10:23,Chamber 2,28-041661e256ff,21.375,T237,42C,off
03/13/2022 06:10:43,Chamber 2,28-041661e256ff,21.375,T237,42C,off
03/13/2022 06:11:03,Chamber 2,28-041661e256ff,21.375,T237,42C,off
03/13/2022 06:11:23,Chamber 2,28-041661e256ff,21.375,T237,42C,off
03/13/2022 06:11:43,Chamber 2,28-041661e256ff,21.375,T237,42C,off
03/13/2022 06:12:03,Chamber 2,28-041661e256ff,21.375,T237,42C,off
03/13/2022 06:12:23,Chamber 2,28-041661e256ff,21.375,T237,42C,off
03/13/2022 06:12:43,Chamber 2,28-041661e256ff,21.375,T237,42C,off
03/13/2022 06:13:03,Chamber 2,28-041661e256ff,21.375,T237,42C,off
03/13/2022 06:13:23,Chamber 2,28-041661e256ff,21.375,T237,42C,off
03/13/2022 06:13:43,Chamber 2,28-041661e256ff,21.375,T237,42C,off
03/13/2022 06:14:03,Chamber 2,28-041661e256ff,21.375,T237,42C,off
03/13/2022 06:14:23,Chamber 2,28-041661e256ff,21.375,T237,42C,off
03/13/2022 06:14:43,Chamber 2,28-041661e256ff,21.375,T237,42C,off
03/13/2022 06:15:03,Chamber 2,28-041661e256ff,21.375,T237,42C,off
03/13/2022 06:15:23,Chamber 2,28-041661e256ff,21.375,T237,42C,off
03/13/2022 06:15:43,Chamber 2,28-041661e256ff,21.375,T237,42C,off
03/13/2022 06:16:03,Chamber 2,28-041661e256ff,21.375,T237,42C,off
03/13/2022 06:16:23,Chamber 2,28-041661e256ff,21.375,T237,42C,off
03/13/2022 06:16:43,Chamber 2,28-041661e256ff,21.375,T237,42C,off
03/13/2022 06:17:03,Chamber 2,28-041661e256ff,21.375,T237,42C,off
03/13/2022 06:17:23,Chamber 2,28-041661e256ff,21.375,T237,42C,off
03/13/2022 06:17:43,Chamber 2,28-041661e256ff,21.375,T237,42C,off
03/13/2022 06:18:03,Chamber 2,28-041661e256ff,21.375,T237,42C,off
03/13/2022 06:18:23,Chamber 2,28-041661e256ff,21.375,T237,42C,off
03/13/2022 06:18:43,Chamber 2,28-041661e256ff,21.375,T237,42C,off
03/13/2022 06:19:03,Chamber 2,28-041661e256ff,21.375,T237,42C,off
03/13/2022 06:19:23,Chamber 2,28-041661e256ff,21.375,T237,42C,off
03/13/2022 06:19:43,Chamber 2,28-041661e256ff,21.375,T237,42C,off
03/13/2022 06:20:03,Chamber 2,28-041661e256ff,21.375,T237,42C,off
03/13/2022 06:20:23,Chamber 2,28-041661e256ff,21.375,T237,42C,off
03/13/2022 06:20:44,Chamber 2,28-041661e256ff,21.375,T237,42C,off
03/13/2022 06:21:03,Chamber 2,28-041661e256ff,21.375,T237,42C,off
03/13/2022 06:21:23,Chamber 2,28-041661e256ff,21.375,T237,42C,off
03/13/2022 06:21:43,Chamber 2,28-041661e256ff,21.375,T237,42C,off
03/13/2022 06:22:03,Chamber 2,28-041661e256ff,21.312,T237,42C,off
03/13/2022 06:22:23,Chamber 2,28-041661e256ff,21.375,T237,42C,off
03/13/2022 06:22:43,Chamber 2,28-041661e256ff,21.312,T237,42C,off
03/13/2022 06:23:03,Chamber 2,28-041661e256ff,21.312,T237,42C,off
03/13/2022 06:23:23,Chamber 2,28-041661e256ff,21.375,T237,42C,off
03/13/2022 06:23:43,Chamber 2,28-041661e256ff,21.375,T237,42C,off
03/13/2022 06:24:04,Chamber 2,28-041661e256ff,21.375,T237,42C,off
03/13/2022 06:24:23,Chamber 2,28-041661e256ff,21.375,T237,42C,off
03/13/2022 06:24:43,Chamber 2,28-041661e256ff,21.375,T237,42C,off
03/13/2022 06:25:03,Chamber 2,28-041661e256ff,21.375,T237,42C,off
03/13/2022 06:25:23,Chamber 2,28-041661e256ff,21.375,T237,42C,off
03/13/2022 06:25:43,Chamber 2,28-041661e256ff,21.375,T237,42C,off
03/13/2022 06:26:03,Chamber 2,28-041661e256ff,21.375,T237,42C,off
03/13/2022 06:26:23,Chamber 2,28-041661e256ff,21.375,T237,42C,off
03/13/2022 06:26:43,Chamber 2,28-041661e256ff,21.375,T237,42C,off
03/13/2022 06:27:03,Chamber 2,28-041661e256ff,21.375,T237,42C,off
03/13/2022 06:27:23,Chamber 2,28-041661e256ff,21.312,T237,42C,off
03/13/2022 06:27:43,Chamber 2,28-041661e256ff,21.312,T237,42C,off
03/13/2022 06:28:03,Chamber 2,28-041661e256ff,21.312,T237,42C,off
03/13/2022 06:28:23,Chamber 2,28-041661e256ff,21.312,T237,42C,off
03/13/2022 06:28:43,Chamber 2,28-041661e256ff,21.312,T237,42C,off
03/13/2022 06:29:03,Chamber 2,28-041661e256ff,21.312,T237,42C,off
03/13/2022 06:29:23,Chamber 2,28-041661e256ff,21.312,T237,42C,off
03/13/2022 06:29:43,Chamber 2,28-041661e256ff,21.375,T237,42C,off
03/13/2022 06:30:03,Chamber 2,28-041661e256ff,21.375,T237,42C,off
03/13/2022 06:30:23,Chamber 2,28-041661e256ff,21.375,T237,42C,off
03/13/2022 06:30:43,Chamber 2,28-041661e256ff,21.375,T237,42C,off
03/13/2022 06:31:03,Chamber 2,28-041661e256ff,21.312,T237,42C,off
03/13/2022 06:31:23,Chamber 2,28-041661e256ff,21.375,T237,42C,off
03/13/2022 06:31:43,Chamber 2,28-041661e256ff,21.375,T237,42C,off
03/13/2022 06:32:03,Chamber 2,28-041661e256ff,21.312,T237,42C,off
03/13/2022 06:32:24,Chamber 2,28-041661e256ff,21.312,T237,42C,off
03/13/2022 06:32:43,Chamber 2,28-041661e256ff,21.312,T237,42C,off
03/13/2022 06:33:03,Chamber 2,28-041661e256ff,21.312,T237,42C,off
03/13/2022 06:33:23,Chamber 2,28-041661e256ff,21.312,T237,42C,off
03/13/2022 06:33:43,Chamber 2,28-041661e256ff,21.312,T237,42C,off
03/13/2022 06:34:03,Chamber 2,28-041661e256ff,21.312,T237,42C,off
03/13/2022 06:34:23,Chamber 2,28-041661e256ff,21.312,T237,42C,off
03/13/2022 06:34:43,Chamber 2,28-041661e256ff,21.312,T237,42C,off
03/13/2022 06:35:03,Chamber 2,28-041661e256ff,21.312,T237,42C,off
03/13/2022 06:35:23,Chamber 2,28-041661e256ff,21.312,T237,42C,off
03/13/2022 06:35:43,Chamber 2,28-041661e256ff,21.312,T237,42C,off
03/13/2022 06:36:03,Chamber 2,28-041661e256ff,21.312,T237,42C,off
03/13/2022 06:36:23,Chamber 2,28-041661e256ff,21.312,T237,42C,off
03/13/2022 06:36:43,Chamber 2,28-041661e256ff,21.312,T237,42C,off
03/13/2022 06:37:03,Chamber 2,28-041661e256ff,21.312,T237,42C,off
03/13/2022 06:37:23,Chamber 2,28-041661e256ff,21.312,T237,42C,off
03/13/2022 06:37:43,Chamber 2,28-041661e256ff,21.312,T237,42C,off
03/13/2022 06:38:03,Chamber 2,28-041661e256ff,21.312,T237,42C,off
03/13/2022 06:38:23,Chamber 2,28-041661e256ff,21.312,T237,42C,off
03/13/2022 06:38:43,Chamber 2,28-041661e256ff,21.312,T237,42C,off
03/13/2022 06:39:03,Chamber 2,28-041661e256ff,21.312,T237,42C,off
03/13/2022 06:39:23,Chamber 2,28-041661e256ff,21.312,T237,42C,off
03/13/2022 06:39:43,Chamber 2,28-041661e256ff,21.312,T237,42C,off
03/13/2022 06:40:03,Chamber 2,28-041661e256ff,21.312,T237,42C,off
03/13/2022 06:40:23,Chamber 2,28-041661e256ff,21.312,T237,42C,off
03/13/2022 06:40:43,Chamber 2,28-041661e256ff,21.312,T237,42C,off
03/13/2022 06:41:03,Chamber 2,28-041661e256ff,21.312,T237,42C,off
03/13/2022 06:41:23,Chamber 2,28-041661e256ff,21.312,T237,42C,off
03/13/2022 06:41:43,Chamber 2,28-041661e256ff,21.312,T237,42C,off
03/13/2022 06:42:03,Chamber 2,28-041661e256ff,21.312,T237,42C,off
03/13/2022 06:42:23,Chamber 2,28-041661e256ff,21.312,T237,42C,off
03/13/2022 06:42:43,Chamber 2,28-041661e256ff,21.312,T237,42C,off
03/13/2022 06:43:03,Chamber 2,28-041661e256ff,21.312,T237,42C,off
03/13/2022 06:43:23,Chamber 2,28-041661e256ff,21.312,T237,42C,off
03/13/2022 06:43:43,Chamber 2,28-041661e256ff,21.312,T237,42C,off
03/13/2022 06:44:03,Chamber 2,28-041661e256ff,21.312,T237,42C,off
03/13/2022 06:44:23,Chamber 2,28-041661e256ff,21.312,T237,42C,off
03/13/2022 06:44:43,Chamber 2,28-041661e256ff,21.312,T237,42C,off
03/13/2022 06:45:03,Chamber 2,28-041661e256ff,21.312,T237,42C,off
03/13/2022 06:45:23,Chamber 2,28-041661e256ff,21.312,T237,42C,off
03/13/2022 06:45:43,Chamber 2,28-041661e256ff,21.312,T237,42C,off
03/13/2022 06:46:03,Chamber 2,28-041661e256ff,21.312,T237,42C,off
03/13/2022 06:46:24,Chamber 2,28-041661e256ff,21.312,T237,42C,off
03/13/2022 06:46:44,Chamber 2,28-041661e256ff,21.312,T237,42C,off
03/13/2022 06:47:03,Chamber 2,28-041661e256ff,21.312,T237,42C,off
03/13/2022 06:47:24,Chamber 2,28-041661e256ff,21.312,T237,42C,off
03/13/2022 06:47:43,Chamber 2,28-041661e256ff,21.312,T237,42C,off
03/13/2022 06:48:03,Chamber 2,28-041661e256ff,21.312,T237,42C,off
03/13/2022 06:48:23,Chamber 2,28-041661e256ff,21.312,T237,42C,off
03/13/2022 06:48:43,Chamber 2,28-041661e256ff,21.312,T237,42C,off
03/13/2022 06:49:03,Chamber 2,28-041661e256ff,21.25,T237,42C,off
03/13/2022 06:49:23,Chamber 2,28-041661e256ff,21.312,T237,42C,off
03/13/2022 06:49:44,Chamber 2,28-041661e256ff,21.312,T237,42C,off
03/13/2022 06:50:03,Chamber 2,28-041661e256ff,21.312,T237,42C,off
03/13/2022 06:50:23,Chamber 2,28-041661e256ff,21.312,T237,42C,off
03/13/2022 06:50:44,Chamber 2,28-041661e256ff,21.312,T237,42C,off
03/13/2022 06:51:03,Chamber 2,28-041661e256ff,21.312,T237,42C,off
03/13/2022 06:51:23,Chamber 2,28-041661e256ff,21.312,T237,42C,off
03/13/2022 06:51:43,Chamber 2,28-041661e256ff,21.312,T237,42C,off
03/13/2022 06:52:03,Chamber 2,28-041661e256ff,21.312,T237,42C,off
03/13/2022 06:52:23,Chamber 2,28-041661e256ff,21.312,T237,42C,off
03/13/2022 06:52:43,Chamber 2,28-041661e256ff,21.312,T237,42C,off
03/13/2022 06:53:03,Chamber 2,28-041661e256ff,21.312,T237,42C,off
03/13/2022 06:53:24,Chamber 2,28-041661e256ff,21.312,T237,42C,off
03/13/2022 06:53:43,Chamber 2,28-041661e256ff,21.312,T237,42C,off
03/13/2022 06:54:03,Chamber 2,28-041661e256ff,21.312,T237,42C,off
03/13/2022 06:54:23,Chamber 2,28-041661e256ff,21.312,T237,42C,off
03/13/2022 06:54:43,Chamber 2,28-041661e256ff,21.312,T237,42C,off
03/13/2022 06:55:03,Chamber 2,28-041661e256ff,21.312,T237,42C,off
03/13/2022 06:55:23,Chamber 2,28-041661e256ff,21.312,T237,42C,off
03/13/2022 06:55:43,Chamber 2,28-041661e256ff,21.312,T237,42C,off
03/13/2022 06:56:03,Chamber 2,28-041661e256ff,21.312,T237,42C,off
03/13/2022 06:56:23,Chamber 2,28-041661e256ff,21.312,T237,42C,off
03/13/2022 06:56:43,Chamber 2,28-041661e256ff,21.312,T237,42C,off
03/13/2022 06:57:03,Chamber 2,28-041661e256ff,21.312,T237,42C,off
03/13/2022 06:57:24,Chamber 2,28-041661e256ff,21.312,T237,42C,off
03/13/2022 06:57:43,Chamber 2,28-041661e256ff,21.312,T237,42C,off
03/13/2022 06:58:03,Chamber 2,28-041661e256ff,21.312,T237,42C,off
03/13/2022 06:58:23,Chamber 2,28-041661e256ff,21.312,T237,42C,off
03/13/2022 06:58:43,Chamber 2,28-041661e256ff,21.312,T237,42C,off
03/13/2022 06:59:03,Chamber 2,28-041661e256ff,21.312,T237,42C,off
03/13/2022 06:59:23,Chamber 2,28-041661e256ff,21.312,T237,42C,off
03/13/2022 06:59:43,Chamber 2,28-041661e256ff,21.312,T237,42C,off
03/13/2022 07:00:03,Chamber 2,28-041661e256ff,21.312,T237,42C,off
03/13/2022 07:00:23,Chamber 2,28-041661e256ff,21.25,T237,42C,off
03/13/2022 07:00:43,Chamber 2,28-041661e256ff,21.312,T237,42C,off
03/13/2022 07:01:03,Chamber 2,28-041661e256ff,21.312,T237,42C,off
03/13/2022 07:01:23,Chamber 2,28-041661e256ff,21.312,T237,42C,off
03/13/2022 07:01:43,Chamber 2,28-041661e256ff,21.312,T237,42C,off
03/13/2022 07:02:03,Chamber 2,28-041661e256ff,21.312,T237,42C,off
03/13/2022 07:02:23,Chamber 2,28-041661e256ff,21.25,T237,42C,off
03/13/2022 07:02:43,Chamber 2,28-041661e256ff,21.25,T237,42C,off
03/13/2022 07:03:03,Chamber 2,28-041661e256ff,21.25,T237,42C,off
03/13/2022 07:03:23,Chamber 2,28-041661e256ff,21.25,T237,42C,off
03/13/2022 07:03:43,Chamber 2,28-041661e256ff,21.25,T237,42C,off
03/13/2022 07:04:03,Chamber 2,28-041661e256ff,21.25,T237,42C,off
03/13/2022 07:04:23,Chamber 2,28-041661e256ff,21.25,T237,42C,off
03/13/2022 07:04:43,Chamber 2,28-041661e256ff,21.25,T237,42C,off
03/13/2022 07:05:03,Chamber 2,28-041661e256ff,21.25,T237,42C,off
03/13/2022 07:05:23,Chamber 2,28-041661e256ff,21.25,T237,42C,off
03/13/2022 07:05:43,Chamber 2,28-041661e256ff,21.25,T237,42C,off
03/13/2022 07:06:03,Chamber 2,28-041661e256ff,21.312,T237,42C,off
03/13/2022 07:06:23,Chamber 2,28-041661e256ff,21.312,T237,42C,off
03/13/2022 07:06:43,Chamber 2,28-041661e256ff,21.312,T237,42C,off
03/13/2022 07:07:03,Chamber 2,28-041661e256ff,21.312,T237,42C,off
03/13/2022 07:07:23,Chamber 2,28-041661e256ff,21.312,T237,42C,off
03/13/2022 07:07:43,Chamber 2,28-041661e256ff,21.312,T237,42C,off
03/13/2022 07:08:04,Chamber 2,28-041661e256ff,21.312,T237,42C,off
03/13/2022 07:08:23,Chamber 2,28-041661e256ff,21.25,T237,42C,off
03/13/2022 07:08:43,Chamber 2,28-041661e256ff,21.312,T237,42C,off
03/13/2022 07:09:03,Chamber 2,28-041661e256ff,21.25,T237,42C,off
03/13/2022 07:09:23,Chamber 2,28-041661e256ff,21.25,T237,42C,off
03/13/2022 07:09:43,Chamber 2,28-041661e256ff,21.25,T237,42C,off
03/13/2022 07:10:03,Chamber 2,28-041661e256ff,21.25,T237,42C,off
03/13/2022 07:10:23,Chamber 2,28-041661e256ff,21.25,T237,42C,off
03/13/2022 07:10:43,Chamber 2,28-041661e256ff,21.25,T237,42C,off
03/13/2022 07:11:03,Chamber 2,28-041661e256ff,21.25,T237,42C,off
03/13/2022 07:11:23,Chamber 2,28-041661e256ff,21.25,T237,42C,off
03/13/2022 07:11:43,Chamber 2,28-041661e256ff,21.25,T237,42C,off
03/13/2022 07:12:03,Chamber 2,28-041661e256ff,21.25,T237,42C,off
03/13/2022 07:12:23,Chamber 2,28-041661e256ff,21.25,T237,42C,off
03/13/2022 07:12:43,Chamber 2,28-041661e256ff,21.25,T237,42C,off
03/13/2022 07:13:03,Chamber 2,28-041661e256ff,21.25,T237,42C,off
03/13/2022 07:13:23,Chamber 2,28-041661e256ff,21.25,T237,42C,off
03/13/2022 07:13:43,Chamber 2,28-041661e256ff,21.25,T237,42C,off
03/13/2022 07:14:03,Chamber 2,28-041661e256ff,21.25,T237,42C,off
03/13/2022 07:14:23,Chamber 2,28-041661e256ff,21.25,T237,42C,off
03/13/2022 07:14:43,Chamber 2,28-041661e256ff,21.25,T237,42C,off
03/13/2022 07:15:03,Chamber 2,28-041661e256ff,21.312,T237,42C,off
03/13/2022 07:15:23,Chamber 2,28-041661e256ff,21.25,T237,42C,off
03/13/2022 07:15:43,Chamber 2,28-041661e256ff,21.312,T237,42C,off
03/13/2022 07:16:03,Chamber 2,28-041661e256ff,21.312,T237,42C,off
03/13/2022 07:16:23,Chamber 2,28-041661e256ff,21.312,T237,42C,off
03/13/2022 07:16:43,Chamber 2,28-041661e256ff,21.312,T237,42C,off
03/13/2022 07:17:03,Chamber 2,28-041661e256ff,21.25,T237,42C,off
03/13/2022 07:17:23,Chamber 2,28-041661e256ff,21.25,T237,42C,off
03/13/2022 07:17:43,Chamber 2,28-041661e256ff,21.25,T237,42C,off
03/13/2022 07:18:03,Chamber 2,28-041661e256ff,21.25,T237,42C,off
03/13/2022 07:18:23,Chamber 2,28-041661e256ff,21.25,T237,42C,off
03/13/2022 07:18:43,Chamber 2,28-041661e256ff,21.25,T237,42C,off
03/13/2022 07:19:03,Chamber 2,28-041661e256ff,21.25,T237,42C,off
03/13/2022 07:19:23,Chamber 2,28-041661e256ff,21.25,T237,42C,off
03/13/2022 07:19:43,Chamber 2,28-041661e256ff,21.25,T237,42C,off
03/13/2022 07:20:03,Chamber 2,28-041661e256ff,21.25,T237,42C,off
03/13/2022 07:20:23,Chamber 2,28-041661e256ff,21.25,T237,42C,off
03/13/2022 07:20:43,Chamber 2,28-041661e256ff,21.25,T237,42C,off
03/13/2022 07:21:03,Chamber 2,28-041661e256ff,21.25,T237,42C,off
03/13/2022 07:21:23,Chamber 2,28-041661e256ff,21.25,T237,42C,off
03/13/2022 07:21:43,Chamber 2,28-041661e256ff,21.25,T237,42C,off
03/13/2022 07:22:03,Chamber 2,28-041661e256ff,21.25,T237,42C,off
03/13/2022 07:22:23,Chamber 2,28-041661e256ff,21.25,T237,42C,off
03/13/2022 07:22:43,Chamber 2,28-041661e256ff,21.25,T237,42C,off
03/13/2022 07:23:03,Chamber 2,28-041661e256ff,21.25,T237,42C,off
03/13/2022 07:23:23,Chamber 2,28-041661e256ff,21.25,T237,42C,off
03/13/2022 07:23:43,Chamber 2,28-041661e256ff,21.25,T237,42C,off
03/13/2022 07:24:03,Chamber 2,28-041661e256ff,21.25,T237,42C,off
03/13/2022 07:24:23,Chamber 2,28-041661e256ff,21.25,T237,42C,off
03/13/2022 07:24:43,Chamber 2,28-041661e256ff,21.25,T237,42C,off
03/13/2022 07:25:03,Chamber 2,28-041661e256ff,21.25,T237,42C,off
03/13/2022 07:25:27,Chamber 2,28-041661e256ff,21.25,T237,42C,off
03/13/2022 07:25:43,Chamber 2,28-041661e256ff,21.25,T237,42C,off
03/13/2022 07:26:03,Chamber 2,28-041661e256ff,21.25,T237,42C,off
03/13/2022 07:26:23,Chamber 2,28-041661e256ff,21.25,T237,42C,off
03/13/2022 07:26:43,Chamber 2,28-041661e256ff,21.25,T237,42C,off
03/13/2022 07:27:03,Chamber 2,28-041661e256ff,21.25,T237,42C,off
03/13/2022 07:27:23,Chamber 2,28-041661e256ff,21.25,T237,42C,off
03/13/2022 07:27:43,Chamber 2,28-041661e256ff,21.25,T237,42C,off
03/13/2022 07:28:03,Chamber 2,28-041661e256ff,21.25,T237,42C,off
03/13/2022 07:28:23,Chamber 2,28-041661e256ff,21.25,T237,42C,off
03/13/2022 07:28:43,Chamber 2,28-041661e256ff,21.25,T237,42C,off
03/13/2022 07:29:03,Chamber 2,28-041661e256ff,21.25,T237,42C,off
03/13/2022 07:29:23,Chamber 2,28-041661e256ff,21.25,T237,42C,off
03/13/2022 07:29:43,Chamber 2,28-041661e256ff,21.25,T237,42C,off
03/13/2022 07:30:03,Chamber 2,28-041661e256ff,21.25,T237,42C,off
03/13/2022 07:30:23,Chamber 2,28-041661e256ff,21.25,T237,42C,off
03/13/2022 07:30:45,Chamber 2,28-041661e256ff,21.25,T237,42C,off
03/13/2022 07:31:03,Chamber 2,28-041661e256ff,21.25,T237,42C,off
03/13/2022 07:31:23,Chamber 2,28-041661e256ff,21.25,T237,42C,off
03/13/2022 07:31:43,Chamber 2,28-041661e256ff,21.25,T237,42C,off
03/13/2022 07:32:03,Chamber 2,28-041661e256ff,21.25,T237,42C,off
03/13/2022 07:32:23,Chamber 2,28-041661e256ff,21.25,T237,42C,off
03/13/2022 07:32:43,Chamber 2,28-041661e256ff,21.25,T237,42C,off
03/13/2022 07:33:03,Chamber 2,28-041661e256ff,21.187,T237,42C,off
03/13/2022 07:33:23,Chamber 2,28-041661e256ff,21.187,T237,42C,off
03/13/2022 07:33:44,Chamber 2,28-041661e256ff,21.25,T237,42C,off
03/13/2022 07:34:03,Chamber 2,28-041661e256ff,21.25,T237,42C,off
03/13/2022 07:34:23,Chamber 2,28-041661e256ff,21.187,T237,42C,off
03/13/2022 07:34:44,Chamber 2,28-041661e256ff,21.25,T237,42C,off
03/13/2022 07:35:03,Chamber 2,28-041661e256ff,21.25,T237,42C,off
03/13/2022 07:35:23,Chamber 2,28-041661e256ff,21.25,T237,42C,off
03/13/2022 07:35:43,Chamber 2,28-041661e256ff,21.25,T237,42C,off
03/13/2022 07:36:03,Chamber 2,28-041661e256ff,21.25,T237,42C,off
03/13/2022 07:36:23,Chamber 2,28-041661e256ff,21.25,T237,42C,off
03/13/2022 07:36:43,Chamber 2,28-041661e256ff,21.25,T237,42C,off
03/13/2022 07:37:03,Chamber 2,28-041661e256ff,21.25,T237,42C,off
03/13/2022 07:37:23,Chamber 2,28-041661e256ff,21.25,T237,42C,off
03/13/2022 07:37:43,Chamber 2,28-041661e256ff,21.25,T237,42C,off
03/13/2022 07:38:03,Chamber 2,28-041661e256ff,21.187,T237,42C,off
03/13/2022 07:38:23,Chamber 2,28-041661e256ff,21.187,T237,42C,off
03/13/2022 07:38:43,Chamber 2,28-041661e256ff,21.25,T237,42C,off
03/13/2022 07:39:03,Chamber 2,28-041661e256ff,21.187,T237,42C,off
03/13/2022 07:39:23,Chamber 2,28-041661e256ff,21.187,T237,42C,off
03/13/2022 07:39:43,Chamber 2,28-041661e256ff,21.187,T237,42C,off
03/13/2022 07:40:03,Chamber 2,28-041661e256ff,21.187,T237,42C,off
03/13/2022 07:40:23,Chamber 2,28-041661e256ff,21.187,T237,42C,off
03/13/2022 07:40:43,Chamber 2,28-041661e256ff,21.25,T237,42C,off
03/13/2022 07:41:03,Chamber 2,28-041661e256ff,21.187,T237,42C,off
03/13/2022 07:41:23,Chamber 2,28-041661e256ff,21.25,T237,42C,off
03/13/2022 07:41:43,Chamber 2,28-041661e256ff,21.187,T237,42C,off
03/13/2022 07:42:03,Chamber 2,28-041661e256ff,21.187,T237,42C,off
03/13/2022 07:42:23,Chamber 2,28-041661e256ff,21.187,T237,42C,off
03/13/2022 07:42:43,Chamber 2,28-041661e256ff,21.187,T237,42C,off
03/13/2022 07:43:03,Chamber 2,28-041661e256ff,21.187,T237,42C,off
03/13/2022 07:43:23,Chamber 2,28-041661e256ff,21.187,T237,42C,off
03/13/2022 07:43:43,Chamber 2,28-041661e256ff,21.187,T237,42C,off
03/13/2022 07:44:03,Chamber 2,28-041661e256ff,21.187,T237,42C,off
03/13/2022 07:44:23,Chamber 2,28-041661e256ff,21.187,T237,42C,off
03/13/2022 07:44:44,Chamber 2,28-041661e256ff,21.25,T237,42C,off
03/13/2022 07:45:03,Chamber 2,28-041661e256ff,21.25,T237,42C,off
03/13/2022 07:45:23,Chamber 2,28-041661e256ff,21.25,T237,42C,off
03/13/2022 07:45:43,Chamber 2,28-041661e256ff,21.187,T237,42C,off
03/13/2022 07:46:03,Chamber 2,28-041661e256ff,21.187,T237,42C,off
03/13/2022 07:46:23,Chamber 2,28-041661e256ff,21.187,T237,42C,off
03/13/2022 07:46:43,Chamber 2,28-041661e256ff,21.187,T237,42C,off
03/13/2022 07:47:03,Chamber 2,28-041661e256ff,21.187,T237,42C,off
03/13/2022 07:47:23,Chamber 2,28-041661e256ff,21.187,T237,42C,off
03/13/2022 07:47:44,Chamber 2,28-041661e256ff,21.187,T237,42C,off
03/13/2022 07:48:03,Chamber 2,28-041661e256ff,21.187,T237,42C,off
03/13/2022 07:48:23,Chamber 2,28-041661e256ff,21.187,T237,42C,off
03/13/2022 07:48:43,Chamber 2,28-041661e256ff,21.187,T237,42C,off
03/13/2022 07:49:04,Chamber 2,28-041661e256ff,21.25,T237,42C,off
03/13/2022 07:49:23,Chamber 2,28-041661e256ff,21.25,T237,42C,off
03/13/2022 07:49:44,Chamber 2,28-041661e256ff,21.25,T237,42C,off
03/13/2022 07:50:03,Chamber 2,28-041661e256ff,21.187,T237,42C,off
03/13/2022 07:50:23,Chamber 2,28-041661e256ff,21.187,T237,42C,off
03/13/2022 07:50:43,Chamber 2,28-041661e256ff,21.187,T237,42C,off
03/13/2022 07:51:03,Chamber 2,28-041661e256ff,21.187,T237,42C,off
03/13/2022 07:51:24,Chamber 2,28-041661e256ff,21.187,T237,42C,off
03/13/2022 07:51:43,Chamber 2,28-041661e256ff,21.187,T237,42C,off
03/13/2022 07:52:03,Chamber 2,28-041661e256ff,21.187,T237,42C,off
03/13/2022 07:52:23,Chamber 2,28-041661e256ff,21.187,T237,42C,off
03/13/2022 07:52:43,Chamber 2,28-041661e256ff,21.187,T237,42C,off
03/13/2022 07:53:03,Chamber 2,28-041661e256ff,21.187,T237,42C,off
03/13/2022 07:53:23,Chamber 2,28-041661e256ff,21.187,T237,42C,off
03/13/2022 07:53:43,Chamber 2,28-041661e256ff,21.187,T237,42C,off
03/13/2022 07:54:03,Chamber 2,28-041661e256ff,21.187,T237,42C,off
03/13/2022 07:54:23,Chamber 2,28-041661e256ff,21.187,T237,42C,off
03/13/2022 07:54:43,Chamber 2,28-041661e256ff,21.187,T237,42C,off
03/13/2022 07:55:03,Chamber 2,28-041661e256ff,21.187,T237,42C,off
03/13/2022 07:55:23,Chamber 2,28-041661e256ff,21.187,T237,42C,off
03/13/2022 07:55:43,Chamber 2,28-041661e256ff,21.187,T237,42C,off
03/13/2022 07:56:03,Chamber 2,28-041661e256ff,21.187,T237,42C,off
03/13/2022 07:56:23,Chamber 2,28-041661e256ff,21.187,T237,42C,off
03/13/2022 07:56:43,Chamber 2,28-041661e256ff,21.187,T237,42C,off
03/13/2022 07:57:07,Chamber 2,28-041661e256ff,21.187,T237,42C,off
03/13/2022 07:57:23,Chamber 2,28-041661e256ff,21.187,T237,42C,off
03/13/2022 07:57:43,Chamber 2,28-041661e256ff,21.187,T237,42C,off
03/13/2022 07:58:06,Chamber 2,28-041661e256ff,21.187,T237,42C,off
03/13/2022 07:58:23,Chamber 2,28-041661e256ff,21.187,T237,42C,off
03/13/2022 07:58:43,Chamber 2,28-041661e256ff,21.187,T237,42C,off
03/13/2022 07:59:04,Chamber 2,28-041661e256ff,21.187,T237,42C,off
03/13/2022 07:59:24,Chamber 2,28-041661e256ff,21.187,T237,42C,off
03/13/2022 07:59:43,Chamber 2,28-041661e256ff,21.187,T237,42C,off
03/13/2022 08:00:03,Chamber 2,28-041661e256ff,21.187,T237,42C,off
03/13/2022 08:00:23,Chamber 2,28-041661e256ff,21.187,T237,42C,off
03/13/2022 08:00:43,Chamber 2,28-041661e256ff,21.187,T237,42C,off
03/13/2022 08:01:03,Chamber 2,28-041661e256ff,21.187,T237,42C,off
03/13/2022 08:01:23,Chamber 2,28-041661e256ff,21.187,T237,42C,off
03/13/2022 08:01:43,Chamber 2,28-041661e256ff,21.187,T237,42C,off
03/13/2022 08:02:03,Chamber 2,28-041661e256ff,21.187,T237,42C,off
03/13/2022 08:02:23,Chamber 2,28-041661e256ff,21.187,T237,42C,off
03/13/2022 08:02:43,Chamber 2,28-041661e256ff,21.187,T237,42C,off
03/13/2022 08:03:03,Chamber 2,28-041661e256ff,21.187,T237,42C,off
03/13/2022 08:03:23,Chamber 2,28-041661e256ff,21.187,T237,42C,off
03/13/2022 08:03:43,Chamber 2,28-041661e256ff,21.187,T237,42C,off
03/13/2022 08:04:09,Chamber 2,28-041661e256ff,21.187,T237,42C,off
03/13/2022 08:04:23,Chamber 2,28-041661e256ff,21.187,T237,42C,off
03/13/2022 08:04:43,Chamber 2,28-041661e256ff,21.187,T237,42C,off
03/13/2022 08:05:03,Chamber 2,28-041661e256ff,21.187,T237,42C,off
03/13/2022 08:05:23,Chamber 2,28-041661e256ff,21.187,T237,42C,off
03/13/2022 08:05:43,Chamber 2,28-041661e256ff,21.187,T237,42C,off
03/13/2022 08:06:03,Chamber 2,28-041661e256ff,21.187,T237,42C,off
03/13/2022 08:06:23,Chamber 2,28-041661e256ff,21.187,T237,42C,off
03/13/2022 08:06:43,Chamber 2,28-041661e256ff,21.187,T237,42C,off
03/13/2022 08:07:03,Chamber 2,28-041661e256ff,21.187,T237,42C,off
03/13/2022 08:07:23,Chamber 2,28-041661e256ff,21.187,T237,42C,off
03/13/2022 08:07:43,Chamber 2,28-041661e256ff,21.187,T237,42C,off
03/13/2022 08:08:03,Chamber 2,28-041661e256ff,21.187,T237,42C,off
03/13/2022 08:08:23,Chamber 2,28-041661e256ff,21.187,T237,42C,off
03/13/2022 08:08:43,Chamber 2,28-041661e256ff,21.187,T237,42C,off
03/13/2022 08:09:03,Chamber 2,28-041661e256ff,21.187,T237,42C,off
03/13/2022 08:09:23,Chamber 2,28-041661e256ff,21.187,T237,42C,off
03/13/2022 08:09:43,Chamber 2,28-041661e256ff,21.187,T237,42C,off
03/13/2022 08:10:03,Chamber 2,28-041661e256ff,21.187,T237,42C,off
03/13/2022 08:10:23,Chamber 2,28-041661e256ff,21.187,T237,42C,off
03/13/2022 08:10:43,Chamber 2,28-041661e256ff,21.187,T237,42C,off
03/13/2022 08:11:03,Chamber 2,28-041661e256ff,21.187,T237,42C,off
03/13/2022 08:11:23,Chamber 2,28-041661e256ff,21.25,T237,42C,off
03/13/2022 08:11:43,Chamber 2,28-041661e256ff,21.25,T237,42C,off
03/13/2022 08:12:03,Chamber 2,28-041661e256ff,21.25,T237,42C,off
03/13/2022 08:12:23,Chamber 2,28-041661e256ff,21.25,T237,42C,off
03/13/2022 08:12:43,Chamber 2,28-041661e256ff,21.25,T237,42C,off
03/13/2022 08:13:03,Chamber 2,28-041661e256ff,21.25,T237,42C,off
03/13/2022 08:13:23,Chamber 2,28-041661e256ff,21.25,T237,42C,off
03/13/2022 08:13:43,Chamber 2,28-041661e256ff,21.25,T237,42C,off
03/13/2022 08:14:03,Chamber 2,28-041661e256ff,21.25,T237,42C,off
03/13/2022 08:14:23,Chamber 2,28-041661e256ff,21.25,T237,42C,off
03/13/2022 08:14:43,Chamber 2,28-041661e256ff,21.25,T237,42C,off
03/13/2022 08:15:03,Chamber 2,28-041661e256ff,21.25,T237,42C,off
03/13/2022 08:15:23,Chamber 2,28-041661e256ff,21.25,T237,42C,off
03/13/2022 08:15:44,Chamber 2,28-041661e256ff,21.25,T237,42C,off
03/13/2022 08:16:03,Chamber 2,28-041661e256ff,21.25,T237,42C,off
03/13/2022 08:16:23,Chamber 2,28-041661e256ff,21.25,T237,42C,off
03/13/2022 08:16:43,Chamber 2,28-041661e256ff,21.25,T237,42C,off
03/13/2022 08:17:03,Chamber 2,28-041661e256ff,21.25,T237,42C,off
03/13/2022 08:17:23,Chamber 2,28-041661e256ff,21.25,T237,42C,off
03/13/2022 08:17:43,Chamber 2,28-041661e256ff,21.25,T237,42C,off
03/13/2022 08:18:03,Chamber 2,28-041661e256ff,21.25,T237,42C,off
03/13/2022 08:18:23,Chamber 2,28-041661e256ff,21.25,T237,42C,off
03/13/2022 08:18:43,Chamber 2,28-041661e256ff,21.25,T237,42C,off
03/13/2022 08:19:03,Chamber 2,28-041661e256ff,21.25,T237,42C,off
03/13/2022 08:19:23,Chamber 2,28-041661e256ff,21.25,T237,42C,off
03/13/2022 08:19:43,Chamber 2,28-041661e256ff,21.25,T237,42C,off
03/13/2022 08:20:03,Chamber 2,28-041661e256ff,21.25,T237,42C,off
03/13/2022 08:20:23,Chamber 2,28-041661e256ff,21.25,T237,42C,off
03/13/2022 08:20:43,Chamber 2,28-041661e256ff,21.25,T237,42C,off
03/13/2022 08:21:03,Chamber 2,28-041661e256ff,21.25,T237,42C,off
03/13/2022 08:21:23,Chamber 2,28-041661e256ff,21.25,T237,42C,off
03/13/2022 08:21:43,Chamber 2,28-041661e256ff,21.25,T237,42C,off
03/13/2022 08:22:03,Chamber 2,28-041661e256ff,21.25,T237,42C,off
03/13/2022 08:22:23,Chamber 2,28-041661e256ff,21.25,T237,42C,off
03/13/2022 08:22:43,Chamber 2,28-041661e256ff,21.25,T237,42C,off
03/13/2022 08:23:03,Chamber 2,28-041661e256ff,21.25,T237,42C,off
03/13/2022 08:23:23,Chamber 2,28-041661e256ff,21.25,T237,42C,off
03/13/2022 08:23:43,Chamber 2,28-041661e256ff,21.312,T237,42C,off
03/13/2022 08:24:03,Chamber 2,28-041661e256ff,21.25,T237,42C,off
03/13/2022 08:24:23,Chamber 2,28-041661e256ff,21.25,T237,42C,off
03/13/2022 08:24:43,Chamber 2,28-041661e256ff,21.25,T237,42C,off
03/13/2022 08:25:03,Chamber 2,28-041661e256ff,21.312,T237,42C,off
03/13/2022 08:25:23,Chamber 2,28-041661e256ff,21.312,T237,42C,off
03/13/2022 08:25:43,Chamber 2,28-041661e256ff,21.312,T237,42C,off
03/13/2022 08:26:03,Chamber 2,28-041661e256ff,21.312,T237,42C,off
03/13/2022 08:26:23,Chamber 2,28-041661e256ff,21.312,T237,42C,off
03/13/2022 08:26:43,Chamber 2,28-041661e256ff,21.312,T237,42C,off
03/13/2022 08:27:03,Chamber 2,28-041661e256ff,21.312,T237,42C,off
03/13/2022 08:27:23,Chamber 2,28-041661e256ff,21.312,T237,42C,off
03/13/2022 08:27:43,Chamber 2,28-041661e256ff,21.312,T237,42C,off
03/13/2022 08:28:03,Chamber 2,28-041661e256ff,21.312,T237,42C,off
03/13/2022 08:28:23,Chamber 2,28-041661e256ff,21.312,T237,42C,off
03/13/2022 08:28:43,Chamber 2,28-041661e256ff,21.312,T237,42C,off
03/13/2022 08:29:03,Chamber 2,28-041661e256ff,21.312,T237,42C,off
03/13/2022 08:29:23,Chamber 2,28-041661e256ff,21.312,T237,42C,off
03/13/2022 08:29:43,Chamber 2,28-041661e256ff,21.312,T237,42C,off
03/13/2022 08:30:03,Chamber 2,28-041661e256ff,21.312,T237,42C,off
03/13/2022 08:30:23,Chamber 2,28-041661e256ff,21.312,T237,42C,off
03/13/2022 08:30:43,Chamber 2,28-041661e256ff,21.312,T237,42C,off
03/13/2022 08:31:03,Chamber 2,28-041661e256ff,21.312,T237,42C,off
03/13/2022 08:31:23,Chamber 2,28-041661e256ff,21.312,T237,42C,off
03/13/2022 08:31:43,Chamber 2,28-041661e256ff,21.312,T237,42C,off
03/13/2022 08:32:03,Chamber 2,28-041661e256ff,21.312,T237,42C,off
03/13/2022 08:32:23,Chamber 2,28-041661e256ff,21.312,T237,42C,off
03/13/2022 08:32:43,Chamber 2,28-041661e256ff,21.312,T237,42C,off
03/13/2022 08:33:03,Chamber 2,28-041661e256ff,21.312,T237,42C,off
03/13/2022 08:33:23,Chamber 2,28-041661e256ff,21.312,T237,42C,off
03/13/2022 08:33:43,Chamber 2,28-041661e256ff,21.312,T237,42C,off
03/13/2022 08:34:03,Chamber 2,28-041661e256ff,21.312,T237,42C,off
03/13/2022 08:34:23,Chamber 2,28-041661e256ff,21.312,T237,42C,off
03/13/2022 08:34:43,Chamber 2,28-041661e256ff,21.312,T237,42C,off
03/13/2022 08:35:03,Chamber 2,28-041661e256ff,21.312,T237,42C,off
03/13/2022 08:35:23,Chamber 2,28-041661e256ff,21.312,T237,42C,off
03/13/2022 08:35:43,Chamber 2,28-041661e256ff,21.312,T237,42C,off
03/13/2022 08:36:03,Chamber 2,28-041661e256ff,21.312,T237,42C,off
03/13/2022 08:36:23,Chamber 2,28-041661e256ff,21.312,T237,42C,off
03/13/2022 08:36:43,Chamber 2,28-041661e256ff,21.312,T237,42C,off
03/13/2022 08:37:03,Chamber 2,28-041661e256ff,21.312,T237,42C,off
03/13/2022 08:37:23,Chamber 2,28-041661e256ff,21.375,T237,42C,off
03/13/2022 08:37:43,Chamber 2,28-041661e256ff,21.375,T237,42C,off
03/13/2022 08:38:03,Chamber 2,28-041661e256ff,21.375,T237,42C,off
03/13/2022 08:38:23,Chamber 2,28-041661e256ff,21.375,T237,42C,off
03/13/2022 08:38:43,Chamber 2,28-041661e256ff,21.375,T237,42C,off
03/13/2022 08:39:03,Chamber 2,28-041661e256ff,21.375,T237,42C,off
03/13/2022 08:39:23,Chamber 2,28-041661e256ff,21.375,T237,42C,off
03/13/2022 08:39:43,Chamber 2,28-041661e256ff,21.375,T237,42C,off
03/13/2022 08:40:03,Chamber 2,28-041661e256ff,21.375,T237,42C,off
03/13/2022 08:40:23,Chamber 2,28-041661e256ff,21.375,T237,42C,off
03/13/2022 08:40:43,Chamber 2,28-041661e256ff,21.375,T237,42C,off
03/13/2022 08:41:03,Chamber 2,28-041661e256ff,21.375,T237,42C,off
03/13/2022 08:41:23,Chamber 2,28-041661e256ff,21.375,T237,42C,off
03/13/2022 08:41:43,Chamber 2,28-041661e256ff,21.375,T237,42C,off
03/13/2022 08:42:03,Chamber 2,28-041661e256ff,21.375,T237,42C,off
03/13/2022 08:42:23,Chamber 2,28-041661e256ff,21.375,T237,42C,off
03/13/2022 08:42:43,Chamber 2,28-041661e256ff,21.375,T237,42C,off
03/13/2022 08:43:03,Chamber 2,28-041661e256ff,21.375,T237,42C,off
03/13/2022 08:43:23,Chamber 2,28-041661e256ff,21.375,T237,42C,off
03/13/2022 08:43:43,Chamber 2,28-041661e256ff,21.375,T237,42C,off
03/13/2022 08:44:03,Chamber 2,28-041661e256ff,21.375,T237,42C,off
03/13/2022 08:44:23,Chamber 2,28-041661e256ff,21.375,T237,42C,off
03/13/2022 08:44:43,Chamber 2,28-041661e256ff,21.375,T237,42C,off
03/13/2022 08:45:03,Chamber 2,28-041661e256ff,21.375,T237,42C,off
03/13/2022 08:45:23,Chamber 2,28-041661e256ff,21.375,T237,42C,off
03/13/2022 08:45:43,Chamber 2,28-041661e256ff,21.375,T237,42C,off
03/13/2022 08:46:03,Chamber 2,28-041661e256ff,21.375,T237,42C,off
03/13/2022 08:46:23,Chamber 2,28-041661e256ff,21.375,T237,42C,off
03/13/2022 08:46:43,Chamber 2,28-041661e256ff,21.375,T237,42C,off
03/13/2022 08:47:03,Chamber 2,28-041661e256ff,21.375,T237,42C,off
03/13/2022 08:47:23,Chamber 2,28-041661e256ff,21.375,T237,42C,off
03/13/2022 08:47:43,Chamber 2,28-041661e256ff,21.375,T237,42C,off
03/13/2022 08:48:03,Chamber 2,28-041661e256ff,21.375,T237,42C,off
03/13/2022 08:48:23,Chamber 2,28-041661e256ff,21.375,T237,42C,off
03/13/2022 08:48:43,Chamber 2,28-041661e256ff,21.375,T237,42C,off
03/13/2022 08:49:03,Chamber 2,28-041661e256ff,21.437,T237,42C,off
03/13/2022 08:49:23,Chamber 2,28-041661e256ff,21.437,T237,42C,off
03/13/2022 08:49:43,Chamber 2,28-041661e256ff,21.437,T237,42C,off
03/13/2022 08:50:03,Chamber 2,28-041661e256ff,21.375,T237,42C,off
03/13/2022 08:50:23,Chamber 2,28-041661e256ff,21.375,T237,42C,off
03/13/2022 08:50:43,Chamber 2,28-041661e256ff,21.375,T237,42C,off
03/13/2022 08:51:03,Chamber 2,28-041661e256ff,21.375,T237,42C,off
03/13/2022 08:51:23,Chamber 2,28-041661e256ff,21.375,T237,42C,off
03/13/2022 08:51:43,Chamber 2,28-041661e256ff,21.375,T237,42C,off
03/13/2022 08:52:03,Chamber 2,28-041661e256ff,21.375,T237,42C,off
03/13/2022 08:52:23,Chamber 2,28-041661e256ff,21.375,T237,42C,off
03/13/2022 08:52:43,Chamber 2,28-041661e256ff,21.437,T237,42C,off
03/13/2022 08:53:03,Chamber 2,28-041661e256ff,21.437,T237,42C,off
03/13/2022 08:53:23,Chamber 2,28-041661e256ff,21.437,T237,42C,off
03/13/2022 08:53:43,Chamber 2,28-041661e256ff,21.437,T237,42C,off
03/13/2022 08:54:03,Chamber 2,28-041661e256ff,21.437,T237,42C,off
03/13/2022 08:54:23,Chamber 2,28-041661e256ff,21.437,T237,42C,off
03/13/2022 08:54:43,Chamber 2,28-041661e256ff,21.437,T237,42C,off
03/13/2022 08:55:03,Chamber 2,28-041661e256ff,21.437,T237,42C,off
03/13/2022 08:55:23,Chamber 2,28-041661e256ff,21.437,T237,42C,off
03/13/2022 08:55:43,Chamber 2,28-041661e256ff,21.437,T237,42C,off
03/13/2022 08:56:03,Chamber 2,28-041661e256ff,21.437,T237,42C,off
03/13/2022 08:56:23,Chamber 2,28-041661e256ff,21.437,T237,42C,off
03/13/2022 08:56:43,Chamber 2,28-041661e256ff,21.437,T237,42C,off
03/13/2022 08:57:03,Chamber 2,28-041661e256ff,21.437,T237,42C,off
03/13/2022 08:57:23,Chamber 2,28-041661e256ff,21.5,T237,42C,off
03/13/2022 08:57:43,Chamber 2,28-041661e256ff,21.5,T237,42C,off
03/13/2022 08:58:03,Chamber 2,28-041661e256ff,21.5,T237,42C,off
03/13/2022 08:58:23,Chamber 2,28-041661e256ff,21.5,T237,42C,off
03/13/2022 08:58:43,Chamber 2,28-041661e256ff,21.5,T237,42C,off
03/13/2022 08:59:03,Chamber 2,28-041661e256ff,21.5,T237,42C,off
03/13/2022 08:59:23,Chamber 2,28-041661e256ff,21.5,T237,42C,off
03/13/2022 08:59:43,Chamber 2,28-041661e256ff,21.5,T237,42C,off
03/13/2022 09:00:02,Chamber 2,28-041661e256ff,21.5,T237,42C,off
03/13/2022 09:00:23,Chamber 2,28-041661e256ff,21.5,T237,42C,off
03/13/2022 09:00:43,Chamber 2,28-041661e256ff,21.5,T237,42C,off
03/13/2022 09:01:02,Chamber 2,28-041661e256ff,21.5,T237,42C,off
03/13/2022 09:01:23,Chamber 2,28-041661e256ff,21.5,T237,42C,off
03/13/2022 09:01:43,Chamber 2,28-041661e256ff,21.5,T237,42C,off
03/13/2022 09:02:03,Chamber 2,28-041661e256ff,21.5,T237,42C,off
03/13/2022 09:02:22,Chamber 2,28-041661e256ff,21.5,T237,42C,off
03/13/2022 09:02:42,Chamber 2,28-041661e256ff,21.5,T237,42C,off
03/13/2022 09:03:02,Chamber 2,28-041661e256ff,21.5,T237,42C,off
03/13/2022 09:03:22,Chamber 2,28-041661e256ff,21.5,T237,42C,off
03/13/2022 09:03:42,Chamber 2,28-041661e256ff,21.5,T237,42C,off
03/13/2022 09:04:02,Chamber 2,28-041661e256ff,21.5,T237,42C,off
03/13/2022 09:04:22,Chamber 2,28-041661e256ff,21.5,T237,42C,off
03/13/2022 09:04:42,Chamber 2,28-041661e256ff,21.5,T237,42C,off
03/13/2022 09:05:02,Chamber 2,28-041661e256ff,21.5,T237,42C,off
03/13/2022 09:05:22,Chamber 2,28-041661e256ff,21.5,T237,42C,off
03/13/2022 09:05:42,Chamber 2,28-041661e256ff,21.5,T237,42C,off
03/13/2022 09:06:03,Chamber 2,28-041661e256ff,21.5,T237,42C,off
03/13/2022 09:06:22,Chamber 2,28-041661e256ff,21.5,T237,42C,off
03/13/2022 09:06:43,Chamber 2,28-041661e256ff,21.5,T237,42C,off
03/13/2022 09:07:03,Chamber 2,28-041661e256ff,21.562,T237,42C,off
03/13/2022 09:07:23,Chamber 2,28-041661e256ff,21.562,T237,42C,off
03/13/2022 09:07:42,Chamber 2,28-041661e256ff,21.562,T237,42C,off
03/13/2022 09:08:02,Chamber 2,28-041661e256ff,21.562,T237,42C,off
03/13/2022 09:08:22,Chamber 2,28-041661e256ff,21.562,T237,42C,off
03/13/2022 09:08:42,Chamber 2,28-041661e256ff,21.562,T237,42C,off
03/13/2022 09:09:02,Chamber 2,28-041661e256ff,21.562,T237,42C,off
03/13/2022 09:09:22,Chamber 2,28-041661e256ff,21.562,T237,42C,off
03/13/2022 09:09:42,Chamber 2,28-041661e256ff,21.562,T237,42C,off
03/13/2022 09:10:03,Chamber 2,28-041661e256ff,21.562,T237,42C,off
03/13/2022 09:10:22,Chamber 2,28-041661e256ff,21.562,T237,42C,off
03/13/2022 09:10:42,Chamber 2,28-041661e256ff,21.562,T237,42C,off
03/13/2022 09:11:02,Chamber 2,28-041661e256ff,21.562,T237,42C,off
03/13/2022 09:11:22,Chamber 2,28-041661e256ff,21.562,T237,42C,off
03/13/2022 09:11:42,Chamber 2,28-041661e256ff,21.562,T237,42C,off
03/13/2022 09:12:02,Chamber 2,28-041661e256ff,21.562,T237,42C,off
03/13/2022 09:12:22,Chamber 2,28-041661e256ff,21.625,T237,42C,off
03/13/2022 09:12:42,Chamber 2,28-041661e256ff,21.625,T237,42C,off
03/13/2022 09:13:03,Chamber 2,28-041661e256ff,21.625,T237,42C,off
03/13/2022 09:13:22,Chamber 2,28-041661e256ff,21.625,T237,42C,off
03/13/2022 09:13:42,Chamber 2,28-041661e256ff,21.625,T237,42C,off
03/13/2022 09:14:02,Chamber 2,28-041661e256ff,21.625,T237,42C,off
03/13/2022 09:14:22,Chamber 2,28-041661e256ff,21.625,T237,42C,off
03/13/2022 09:14:42,Chamber 2,28-041661e256ff,21.625,T237,42C,off
03/13/2022 09:15:02,Chamber 2,28-041661e256ff,21.625,T237,42C,off
03/13/2022 09:15:22,Chamber 2,28-041661e256ff,21.625,T237,42C,off
03/13/2022 09:15:42,Chamber 2,28-041661e256ff,21.625,T237,42C,off
03/13/2022 09:16:02,Chamber 2,28-041661e256ff,21.625,T237,42C,off
03/13/2022 09:16:22,Chamber 2,28-041661e256ff,21.687,T237,42C,off
03/13/2022 09:16:42,Chamber 2,28-041661e256ff,21.687,T237,42C,off
03/13/2022 09:17:02,Chamber 2,28-041661e256ff,21.625,T237,42C,off
03/13/2022 09:17:22,Chamber 2,28-041661e256ff,21.687,T237,42C,off
03/13/2022 09:17:42,Chamber 2,28-041661e256ff,21.687,T237,42C,off
03/13/2022 09:18:02,Chamber 2,28-041661e256ff,21.687,T237,42C,off
03/13/2022 09:18:22,Chamber 2,28-041661e256ff,21.687,T237,42C,off
03/13/2022 09:18:42,Chamber 2,28-041661e256ff,21.687,T237,42C,off
03/13/2022 09:19:02,Chamber 2,28-041661e256ff,21.687,T237,42C,off
03/13/2022 09:19:22,Chamber 2,28-041661e256ff,21.687,T237,42C,off
03/13/2022 09:19:42,Chamber 2,28-041661e256ff,21.687,T237,42C,off
03/13/2022 09:20:02,Chamber 2,28-041661e256ff,21.687,T237,42C,off
03/13/2022 09:20:22,Chamber 2,28-041661e256ff,21.687,T237,42C,off
03/13/2022 09:20:43,Chamber 2,28-041661e256ff,21.687,T237,42C,off
03/13/2022 09:21:02,Chamber 2,28-041661e256ff,21.687,T237,42C,off
03/13/2022 09:21:22,Chamber 2,28-041661e256ff,21.687,T237,42C,off
03/13/2022 09:21:42,Chamber 2,28-041661e256ff,21.687,T237,42C,off
03/13/2022 09:22:02,Chamber 2,28-041661e256ff,21.687,T237,42C,off
03/13/2022 09:22:22,Chamber 2,28-041661e256ff,21.687,T237,42C,off
03/13/2022 09:22:42,Chamber 2,28-041661e256ff,21.687,T237,42C,off
03/13/2022 09:23:02,Chamber 2,28-041661e256ff,21.75,T237,42C,off
03/13/2022 09:23:22,Chamber 2,28-041661e256ff,21.687,T237,42C,off
03/13/2022 09:23:42,Chamber 2,28-041661e256ff,21.75,T237,42C,off
03/13/2022 09:24:02,Chamber 2,28-041661e256ff,21.75,T237,42C,off
03/13/2022 09:24:23,Chamber 2,28-041661e256ff,21.75,T237,42C,off
03/13/2022 09:24:42,Chamber 2,28-041661e256ff,21.75,T237,42C,off
03/13/2022 09:25:03,Chamber 2,28-041661e256ff,21.75,T237,42C,off
03/13/2022 09:25:22,Chamber 2,28-041661e256ff,21.75,T237,42C,off
03/13/2022 09:25:42,Chamber 2,28-041661e256ff,21.75,T237,42C,off
03/13/2022 09:26:02,Chamber 2,28-041661e256ff,21.75,T237,42C,off
03/13/2022 09:26:22,Chamber 2,28-041661e256ff,21.75,T237,42C,off
03/13/2022 09:26:42,Chamber 2,28-041661e256ff,21.75,T237,42C,off
03/13/2022 09:27:02,Chamber 2,28-041661e256ff,21.75,T237,42C,off
03/13/2022 09:27:22,Chamber 2,28-041661e256ff,21.75,T237,42C,off
03/13/2022 09:27:42,Chamber 2,28-041661e256ff,21.75,T237,42C,off
03/13/2022 09:28:02,Chamber 2,28-041661e256ff,21.75,T237,42C,off
03/13/2022 09:28:22,Chamber 2,28-041661e256ff,21.75,T237,42C,off
03/13/2022 09:28:42,Chamber 2,28-041661e256ff,21.75,T237,42C,off
03/13/2022 09:29:03,Chamber 2,28-041661e256ff,21.75,T237,42C,off
03/13/2022 09:29:22,Chamber 2,28-041661e256ff,21.75,T237,42C,off
03/13/2022 09:29:42,Chamber 2,28-041661e256ff,21.75,T237,42C,off
03/13/2022 09:30:02,Chamber 2,28-041661e256ff,21.75,T237,42C,off
03/13/2022 09:30:22,Chamber 2,28-041661e256ff,21.75,T237,42C,off
03/13/2022 09:30:42,Chamber 2,28-041661e256ff,21.812,T237,42C,off
03/13/2022 09:31:02,Chamber 2,28-041661e256ff,21.812,T237,42C,off
03/13/2022 09:31:22,Chamber 2,28-041661e256ff,21.812,T237,42C,off
03/13/2022 09:31:42,Chamber 2,28-041661e256ff,21.812,T237,42C,off
03/13/2022 09:32:02,Chamber 2,28-041661e256ff,21.812,T237,42C,off
03/13/2022 09:32:23,Chamber 2,28-041661e256ff,21.812,T237,42C,off
03/13/2022 09:32:42,Chamber 2,28-041661e256ff,21.812,T237,42C,off
03/13/2022 09:33:02,Chamber 2,28-041661e256ff,21.812,T237,42C,off
03/13/2022 09:33:22,Chamber 2,28-041661e256ff,21.812,T237,42C,off
03/13/2022 09:33:42,Chamber 2,28-041661e256ff,21.812,T237,42C,off
03/13/2022 09:34:02,Chamber 2,28-041661e256ff,21.812,T237,42C,off
03/13/2022 09:34:22,Chamber 2,28-041661e256ff,21.875,T237,42C,off
03/13/2022 09:34:42,Chamber 2,28-041661e256ff,21.875,T237,42C,off
03/13/2022 09:35:02,Chamber 2,28-041661e256ff,21.875,T237,42C,off
03/13/2022 09:35:23,Chamber 2,28-041661e256ff,21.875,T237,42C,off
03/13/2022 09:35:42,Chamber 2,28-041661e256ff,21.875,T237,42C,off
03/13/2022 09:36:02,Chamber 2,28-041661e256ff,21.875,T237,42C,off
03/13/2022 09:36:22,Chamber 2,28-041661e256ff,21.875,T237,42C,off
03/13/2022 09:36:42,Chamber 2,28-041661e256ff,21.875,T237,42C,off
03/13/2022 09:37:02,Chamber 2,28-041661e256ff,21.875,T237,42C,off
03/13/2022 09:37:22,Chamber 2,28-041661e256ff,21.875,T237,42C,off
03/13/2022 09:37:42,Chamber 2,28-041661e256ff,21.875,T237,42C,off
03/13/2022 09:38:02,Chamber 2,28-041661e256ff,21.875,T237,42C,off
03/13/2022 09:38:22,Chamber 2,28-041661e256ff,21.875,T237,42C,off
03/13/2022 09:38:42,Chamber 2,28-041661e256ff,21.875,T237,42C,off
03/13/2022 09:39:02,Chamber 2,28-041661e256ff,21.875,T237,42C,off
03/13/2022 09:39:22,Chamber 2,28-041661e256ff,21.875,T237,42C,off
03/13/2022 09:39:42,Chamber 2,28-041661e256ff,21.875,T237,42C,off
03/13/2022 09:40:02,Chamber 2,28-041661e256ff,21.937,T237,42C,off
03/13/2022 09:40:22,Chamber 2,28-041661e256ff,21.937,T237,42C,off
03/13/2022 09:40:42,Chamber 2,28-041661e256ff,21.937,T237,42C,off
03/13/2022 09:41:02,Chamber 2,28-041661e256ff,21.875,T237,42C,off
03/13/2022 09:41:22,Chamber 2,28-041661e256ff,21.875,T237,42C,off
03/13/2022 09:41:42,Chamber 2,28-041661e256ff,21.937,T237,42C,off
03/13/2022 09:42:02,Chamber 2,28-041661e256ff,21.937,T237,42C,off
03/13/2022 09:42:22,Chamber 2,28-041661e256ff,21.937,T237,42C,off
03/13/2022 09:42:43,Chamber 2,28-041661e256ff,21.937,T237,42C,off
03/13/2022 09:43:02,Chamber 2,28-041661e256ff,21.937,T237,42C,off
03/13/2022 09:43:22,Chamber 2,28-041661e256ff,21.937,T237,42C,off
03/13/2022 09:43:42,Chamber 2,28-041661e256ff,21.937,T237,42C,off
03/13/2022 09:44:03,Chamber 2,28-041661e256ff,21.937,T237,42C,off
03/13/2022 09:44:23,Chamber 2,28-041661e256ff,21.937,T237,42C,off
03/13/2022 09:44:42,Chamber 2,28-041661e256ff,21.937,T237,42C,off
03/13/2022 09:45:02,Chamber 2,28-041661e256ff,21.937,T237,42C,off
03/13/2022 09:45:22,Chamber 2,28-041661e256ff,21.937,T237,42C,off
03/13/2022 09:45:42,Chamber 2,28-041661e256ff,21.937,T237,42C,off
03/13/2022 09:46:02,Chamber 2,28-041661e256ff,21.937,T237,42C,off
03/13/2022 09:46:22,Chamber 2,28-041661e256ff,21.937,T237,42C,off
03/13/2022 09:46:42,Chamber 2,28-041661e256ff,21.937,T237,42C,off
03/13/2022 09:47:02,Chamber 2,28-041661e256ff,21.937,T237,42C,off
03/13/2022 09:47:22,Chamber 2,28-041661e256ff,21.937,T237,42C,off
03/13/2022 09:47:42,Chamber 2,28-041661e256ff,21.937,T237,42C,off
03/13/2022 09:48:02,Chamber 2,28-041661e256ff,21.937,T237,42C,off
03/13/2022 09:48:22,Chamber 2,28-041661e256ff,21.937,T237,42C,off
03/13/2022 09:48:42,Chamber 2,28-041661e256ff,21.937,T237,42C,off
03/13/2022 09:49:02,Chamber 2,28-041661e256ff,22.0,T237,42C,off
03/13/2022 09:49:22,Chamber 2,28-041661e256ff,22.0,T237,42C,off
03/13/2022 09:49:42,Chamber 2,28-041661e256ff,22.0,T237,42C,off
03/13/2022 09:50:02,Chamber 2,28-041661e256ff,22.0,T237,42C,off
03/13/2022 09:50:22,Chamber 2,28-041661e256ff,22.0,T237,42C,off
03/13/2022 09:50:42,Chamber 2,28-041661e256ff,22.0,T237,42C,off
03/13/2022 09:51:02,Chamber 2,28-041661e256ff,22.0,T237,42C,off
03/13/2022 09:51:22,Chamber 2,28-041661e256ff,22.0,T237,42C,off
03/13/2022 09:51:42,Chamber 2,28-041661e256ff,22.0,T237,42C,off
03/13/2022 09:52:02,Chamber 2,28-041661e256ff,22.0,T237,42C,off
03/13/2022 09:52:22,Chamber 2,28-041661e256ff,22.0,T237,42C,off
03/13/2022 09:52:42,Chamber 2,28-041661e256ff,22.0,T237,42C,off
03/13/2022 09:53:02,Chamber 2,28-041661e256ff,22.0,T237,42C,off
03/13/2022 09:53:22,Chamber 2,28-041661e256ff,22.0,T237,42C,off
03/13/2022 09:53:42,Chamber 2,28-041661e256ff,22.0,T237,42C,off
03/13/2022 09:54:02,Chamber 2,28-041661e256ff,22.062,T237,42C,off
03/13/2022 09:54:22,Chamber 2,28-041661e256ff,22.062,T237,42C,off
03/13/2022 09:54:42,Chamber 2,28-041661e256ff,22.062,T237,42C,off
03/13/2022 09:55:02,Chamber 2,28-041661e256ff,22.062,T237,42C,off
03/13/2022 09:55:22,Chamber 2,28-041661e256ff,22.062,T237,42C,off
03/13/2022 09:55:42,Chamber 2,28-041661e256ff,22.062,T237,42C,off
03/13/2022 09:56:02,Chamber 2,28-041661e256ff,22.062,T237,42C,off
03/13/2022 09:56:22,Chamber 2,28-041661e256ff,22.062,T237,42C,off
03/13/2022 09:56:44,Chamber 2,28-041661e256ff,22.062,T237,42C,off
03/13/2022 09:57:03,Chamber 2,28-041661e256ff,22.062,T237,42C,off
03/13/2022 09:57:22,Chamber 2,28-041661e256ff,22.062,T237,42C,off
03/13/2022 09:57:42,Chamber 2,28-041661e256ff,22.062,T237,42C,off
03/13/2022 09:58:02,Chamber 2,28-041661e256ff,22.062,T237,42C,off
03/13/2022 09:58:23,Chamber 2,28-041661e256ff,22.062,T237,42C,off
03/13/2022 09:58:42,Chamber 2,28-041661e256ff,22.062,T237,42C,off
03/13/2022 09:59:02,Chamber 2,28-041661e256ff,22.062,T237,42C,off
03/13/2022 09:59:22,Chamber 2,28-041661e256ff,22.062,T237,42C,off
03/13/2022 09:59:42,Chamber 2,28-041661e256ff,22.062,T237,42C,off
03/13/2022 10:00:02,Chamber 2,28-041661e256ff,22.062,T237,42C,off
03/13/2022 10:00:22,Chamber 2,28-041661e256ff,22.062,T237,42C,off
03/13/2022 10:00:42,Chamber 2,28-041661e256ff,22.062,T237,42C,off
03/13/2022 10:01:02,Chamber 2,28-041661e256ff,22.062,T237,42C,off
03/13/2022 10:01:22,Chamber 2,28-041661e256ff,22.125,T237,42C,off
03/13/2022 10:01:42,Chamber 2,28-041661e256ff,22.125,T237,42C,off
03/13/2022 10:02:02,Chamber 2,28-041661e256ff,22.125,T237,42C,off
03/13/2022 10:02:23,Chamber 2,28-041661e256ff,22.125,T237,42C,off
03/13/2022 10:02:42,Chamber 2,28-041661e256ff,22.125,T237,42C,off
03/13/2022 10:03:02,Chamber 2,28-041661e256ff,22.125,T237,42C,off
03/13/2022 10:03:22,Chamber 2,28-041661e256ff,22.125,T237,42C,off
03/13/2022 10:03:42,Chamber 2,28-041661e256ff,22.125,T237,42C,off
03/13/2022 10:04:02,Chamber 2,28-041661e256ff,22.125,T237,42C,off
03/13/2022 10:04:22,Chamber 2,28-041661e256ff,22.125,T237,42C,off
03/13/2022 10:04:42,Chamber 2,28-041661e256ff,22.125,T237,42C,off
03/13/2022 10:05:02,Chamber 2,28-041661e256ff,22.125,T237,42C,off
03/13/2022 10:05:22,Chamber 2,28-041661e256ff,22.125,T237,42C,off
03/13/2022 10:05:42,Chamber 2,28-041661e256ff,22.125,T237,42C,off
03/13/2022 10:06:02,Chamber 2,28-041661e256ff,22.125,T237,42C,off
03/13/2022 10:06:22,Chamber 2,28-041661e256ff,22.125,T237,42C,off
03/13/2022 10:06:42,Chamber 2,28-041661e256ff,22.125,T237,42C,off
03/13/2022 10:07:02,Chamber 2,28-041661e256ff,22.125,T237,42C,off
03/13/2022 10:07:22,Chamber 2,28-041661e256ff,22.125,T237,42C,off
03/13/2022 10:07:42,Chamber 2,28-041661e256ff,22.125,T237,42C,off
03/13/2022 10:08:02,Chamber 2,28-041661e256ff,22.125,T237,42C,off
03/13/2022 10:08:22,Chamber 2,28-041661e256ff,22.125,T237,42C,off
03/13/2022 10:08:42,Chamber 2,28-041661e256ff,22.125,T237,42C,off
03/13/2022 10:09:02,Chamber 2,28-041661e256ff,22.125,T237,42C,off
03/13/2022 10:09:22,Chamber 2,28-041661e256ff,22.125,T237,42C,off
03/13/2022 10:09:42,Chamber 2,28-041661e256ff,22.125,T237,42C,off
03/13/2022 10:10:02,Chamber 2,28-041661e256ff,22.125,T237,42C,off
03/13/2022 10:10:22,Chamber 2,28-041661e256ff,22.125,T237,42C,off
03/13/2022 10:10:42,Chamber 2,28-041661e256ff,22.187,T237,42C,off
03/13/2022 10:11:02,Chamber 2,28-041661e256ff,22.187,T237,42C,off
03/13/2022 10:11:22,Chamber 2,28-041661e256ff,22.187,T237,42C,off
03/13/2022 10:11:42,Chamber 2,28-041661e256ff,22.187,T237,42C,off
03/13/2022 10:12:02,Chamber 2,28-041661e256ff,22.187,T237,42C,off
03/13/2022 10:12:22,Chamber 2,28-041661e256ff,22.187,T237,42C,off
03/13/2022 10:12:42,Chamber 2,28-041661e256ff,22.187,T237,42C,off
03/13/2022 10:13:03,Chamber 2,28-041661e256ff,22.187,T237,42C,off
03/13/2022 10:13:22,Chamber 2,28-041661e256ff,22.187,T237,42C,off
03/13/2022 10:13:43,Chamber 2,28-041661e256ff,22.187,T237,42C,off
03/13/2022 10:14:02,Chamber 2,28-041661e256ff,22.187,T237,42C,off
03/13/2022 10:14:22,Chamber 2,28-041661e256ff,22.187,T237,42C,off
03/13/2022 10:14:42,Chamber 2,28-041661e256ff,22.187,T237,42C,off
03/13/2022 10:15:02,Chamber 2,28-041661e256ff,22.187,T237,42C,off
03/13/2022 10:15:22,Chamber 2,28-041661e256ff,22.187,T237,42C,off
03/13/2022 10:15:42,Chamber 2,28-041661e256ff,22.187,T237,42C,off
03/13/2022 10:16:02,Chamber 2,28-041661e256ff,22.187,T237,42C,off
03/13/2022 10:16:22,Chamber 2,28-041661e256ff,22.187,T237,42C,off
03/13/2022 10:16:42,Chamber 2,28-041661e256ff,22.187,T237,42C,off
03/13/2022 10:17:02,Chamber 2,28-041661e256ff,22.187,T237,42C,off
03/13/2022 10:17:24,Chamber 2,28-041661e256ff,22.187,T237,42C,off
03/13/2022 10:17:42,Chamber 2,28-041661e256ff,22.187,T237,42C,off
03/13/2022 10:18:02,Chamber 2,28-041661e256ff,22.187,T237,42C,off
03/13/2022 10:18:22,Chamber 2,28-041661e256ff,22.187,T237,42C,off
03/13/2022 10:18:42,Chamber 2,28-041661e256ff,22.187,T237,42C,off
03/13/2022 10:19:02,Chamber 2,28-041661e256ff,22.187,T237,42C,off
03/13/2022 10:19:23,Chamber 2,28-041661e256ff,22.187,T237,42C,off
03/13/2022 10:19:42,Chamber 2,28-041661e256ff,22.187,T237,42C,off
03/13/2022 10:20:02,Chamber 2,28-041661e256ff,22.187,T237,42C,off
03/13/2022 10:20:22,Chamber 2,28-041661e256ff,22.187,T237,42C,off
03/13/2022 10:20:42,Chamber 2,28-041661e256ff,22.187,T237,42C,off
03/13/2022 10:21:02,Chamber 2,28-041661e256ff,22.187,T237,42C,off
03/13/2022 10:21:22,Chamber 2,28-041661e256ff,22.187,T237,42C,off
03/13/2022 10:21:42,Chamber 2,28-041661e256ff,22.187,T237,42C,off
03/13/2022 10:22:02,Chamber 2,28-041661e256ff,22.187,T237,42C,off
03/13/2022 10:22:25,Chamber 2,28-041661e256ff,22.187,T237,42C,off
03/13/2022 10:22:42,Chamber 2,28-041661e256ff,22.187,T237,42C,off
03/13/2022 10:23:02,Chamber 2,28-041661e256ff,22.187,T237,42C,off
03/13/2022 10:23:22,Chamber 2,28-041661e256ff,22.187,T237,42C,off
03/13/2022 10:23:42,Chamber 2,28-041661e256ff,22.25,T237,42C,off
03/13/2022 10:24:02,Chamber 2,28-041661e256ff,22.25,T237,42C,off
03/13/2022 10:24:22,Chamber 2,28-041661e256ff,22.25,T237,42C,off
03/13/2022 10:24:42,Chamber 2,28-041661e256ff,22.25,T237,42C,off
03/13/2022 10:25:02,Chamber 2,28-041661e256ff,22.25,T237,42C,off
03/13/2022 10:25:22,Chamber 2,28-041661e256ff,22.25,T237,42C,off
03/13/2022 10:25:44,Chamber 2,28-041661e256ff,22.25,T237,42C,off
03/13/2022 10:26:02,Chamber 2,28-041661e256ff,22.25,T237,42C,off
03/13/2022 10:26:22,Chamber 2,28-041661e256ff,22.25,T237,42C,off
03/13/2022 10:26:42,Chamber 2,28-041661e256ff,22.25,T237,42C,off
03/13/2022 10:27:03,Chamber 2,28-041661e256ff,22.25,T237,42C,off
03/13/2022 10:27:22,Chamber 2,28-041661e256ff,22.25,T237,42C,off
03/13/2022 10:27:42,Chamber 2,28-041661e256ff,22.25,T237,42C,off
03/13/2022 10:28:02,Chamber 2,28-041661e256ff,22.25,T237,42C,off
03/13/2022 10:28:22,Chamber 2,28-041661e256ff,22.25,T237,42C,off
03/13/2022 10:28:42,Chamber 2,28-041661e256ff,22.25,T237,42C,off
03/13/2022 10:29:02,Chamber 2,28-041661e256ff,22.25,T237,42C,off
03/13/2022 10:29:22,Chamber 2,28-041661e256ff,22.25,T237,42C,off
03/13/2022 10:29:44,Chamber 2,28-041661e256ff,22.25,T237,42C,off
03/13/2022 10:30:03,Chamber 2,28-041661e256ff,22.25,T237,42C,off
03/13/2022 10:30:22,Chamber 2,28-041661e256ff,22.25,T237,42C,off
03/13/2022 10:30:43,Chamber 2,28-041661e256ff,22.25,T237,42C,off
03/13/2022 10:31:02,Chamber 2,28-041661e256ff,22.25,T237,42C,off
03/13/2022 10:31:22,Chamber 2,28-041661e256ff,22.25,T237,42C,off
03/13/2022 10:31:42,Chamber 2,28-041661e256ff,22.25,T237,42C,off
03/13/2022 10:32:02,Chamber 2,28-041661e256ff,22.25,T237,42C,off
03/13/2022 10:32:22,Chamber 2,28-041661e256ff,22.312,T237,42C,off
03/13/2022 10:32:43,Chamber 2,28-041661e256ff,22.312,T237,42C,off
03/13/2022 10:33:02,Chamber 2,28-041661e256ff,22.312,T237,42C,off
03/13/2022 10:33:22,Chamber 2,28-041661e256ff,22.312,T237,42C,off
03/13/2022 10:33:42,Chamber 2,28-041661e256ff,22.312,T237,42C,off
03/13/2022 10:34:02,Chamber 2,28-041661e256ff,22.312,T237,42C,off
03/13/2022 10:34:22,Chamber 2,28-041661e256ff,22.312,T237,42C,off
03/13/2022 10:34:45,Chamber 2,28-041661e256ff,22.312,T237,42C,off
03/13/2022 10:35:02,Chamber 2,28-041661e256ff,22.312,T237,42C,off
03/13/2022 10:35:22,Chamber 2,28-041661e256ff,22.312,T237,42C,off
03/13/2022 10:35:42,Chamber 2,28-041661e256ff,22.312,T237,42C,off
03/13/2022 10:36:02,Chamber 2,28-041661e256ff,22.312,T237,42C,off
03/13/2022 10:36:22,Chamber 2,28-041661e256ff,22.312,T237,42C,off
03/13/2022 10:36:42,Chamber 2,28-041661e256ff,22.312,T237,42C,off
03/13/2022 10:37:05,Chamber 2,28-041661e256ff,22.312,T237,42C,off
03/13/2022 10:37:22,Chamber 2,28-041661e256ff,22.312,T237,42C,off
03/13/2022 10:37:42,Chamber 2,28-041661e256ff,22.312,T237,42C,off
03/13/2022 10:38:03,Chamber 2,28-041661e256ff,22.312,T237,42C,off
03/13/2022 10:38:22,Chamber 2,28-041661e256ff,22.312,T237,42C,off
03/13/2022 10:38:42,Chamber 2,28-041661e256ff,22.312,T237,42C,off
03/13/2022 10:39:02,Chamber 2,28-041661e256ff,22.312,T237,42C,off
03/13/2022 10:39:22,Chamber 2,28-041661e256ff,22.312,T237,42C,off
03/13/2022 10:39:42,Chamber 2,28-041661e256ff,22.312,T237,42C,off
03/13/2022 10:40:02,Chamber 2,28-041661e256ff,22.312,T237,42C,off
03/13/2022 10:40:22,Chamber 2,28-041661e256ff,22.312,T237,42C,off
03/13/2022 10:40:42,Chamber 2,28-041661e256ff,22.312,T237,42C,off
03/13/2022 10:41:02,Chamber 2,28-041661e256ff,22.312,T237,42C,off
03/13/2022 10:41:22,Chamber 2,28-041661e256ff,22.312,T237,42C,off
03/13/2022 10:41:42,Chamber 2,28-041661e256ff,22.312,T237,42C,off
03/13/2022 10:42:02,Chamber 2,28-041661e256ff,22.312,T237,42C,off
03/13/2022 10:42:22,Chamber 2,28-041661e256ff,22.312,T237,42C,off
03/13/2022 10:42:42,Chamber 2,28-041661e256ff,22.312,T237,42C,off
03/13/2022 10:43:02,Chamber 2,28-041661e256ff,22.312,T237,42C,off
03/13/2022 10:43:22,Chamber 2,28-041661e256ff,22.312,T237,42C,off
03/13/2022 10:43:42,Chamber 2,28-041661e256ff,22.375,T237,42C,off
03/13/2022 10:44:02,Chamber 2,28-041661e256ff,22.312,T237,42C,off
03/13/2022 10:44:22,Chamber 2,28-041661e256ff,22.312,T237,42C,off
03/13/2022 10:44:42,Chamber 2,28-041661e256ff,22.312,T237,42C,off
03/13/2022 10:45:02,Chamber 2,28-041661e256ff,22.312,T237,42C,off
03/13/2022 10:45:22,Chamber 2,28-041661e256ff,22.375,T237,42C,off
03/13/2022 10:45:42,Chamber 2,28-041661e256ff,22.312,T237,42C,off
03/13/2022 10:46:02,Chamber 2,28-041661e256ff,22.375,T237,42C,off
03/13/2022 10:46:22,Chamber 2,28-041661e256ff,22.375,T237,42C,off
03/13/2022 10:46:42,Chamber 2,28-041661e256ff,22.375,T237,42C,off
03/13/2022 10:47:02,Chamber 2,28-041661e256ff,22.375,T237,42C,off
03/13/2022 10:47:22,Chamber 2,28-041661e256ff,22.375,T237,42C,off
03/13/2022 10:47:42,Chamber 2,28-041661e256ff,22.375,T237,42C,off
03/13/2022 10:48:02,Chamber 2,28-041661e256ff,22.375,T237,42C,off
03/13/2022 10:48:22,Chamber 2,28-041661e256ff,22.375,T237,42C,off
03/13/2022 10:48:42,Chamber 2,28-041661e256ff,22.375,T237,42C,off
03/13/2022 10:49:02,Chamber 2,28-041661e256ff,22.375,T237,42C,off
03/13/2022 10:49:22,Chamber 2,28-041661e256ff,22.375,T237,42C,off
03/13/2022 10:49:42,Chamber 2,28-041661e256ff,22.375,T237,42C,off
03/13/2022 10:50:02,Chamber 2,28-041661e256ff,22.375,T237,42C,off
03/13/2022 10:50:22,Chamber 2,28-041661e256ff,22.375,T237,42C,off
03/13/2022 10:50:42,Chamber 2,28-041661e256ff,22.375,T237,42C,off
03/13/2022 10:51:02,Chamber 2,28-041661e256ff,22.375,T237,42C,off
03/13/2022 10:51:22,Chamber 2,28-041661e256ff,22.375,T237,42C,off
03/13/2022 10:51:42,Chamber 2,28-041661e256ff,22.375,T237,42C,off
03/13/2022 10:52:02,Chamber 2,28-041661e256ff,22.375,T237,42C,off
03/13/2022 10:52:22,Chamber 2,28-041661e256ff,22.375,T237,42C,off
03/13/2022 10:52:43,Chamber 2,28-041661e256ff,22.375,T237,42C,off
03/13/2022 10:53:02,Chamber 2,28-041661e256ff,22.375,T237,42C,off
03/13/2022 10:53:22,Chamber 2,28-041661e256ff,22.375,T237,42C,off
03/13/2022 10:53:43,Chamber 2,28-041661e256ff,22.375,T237,42C,off
03/13/2022 10:54:02,Chamber 2,28-041661e256ff,22.375,T237,42C,off
03/13/2022 10:54:22,Chamber 2,28-041661e256ff,22.375,T237,42C,off
03/13/2022 10:54:42,Chamber 2,28-041661e256ff,22.375,T237,42C,off
03/13/2022 10:55:02,Chamber 2,28-041661e256ff,22.375,T237,42C,off
03/13/2022 10:55:23,Chamber 2,28-041661e256ff,22.375,T237,42C,off
03/13/2022 10:55:42,Chamber 2,28-041661e256ff,22.375,T237,42C,off
03/13/2022 10:56:02,Chamber 2,28-041661e256ff,22.375,T237,42C,off
03/13/2022 10:56:23,Chamber 2,28-041661e256ff,22.375,T237,42C,off
03/13/2022 10:56:42,Chamber 2,28-041661e256ff,22.375,T237,42C,off
03/13/2022 10:57:02,Chamber 2,28-041661e256ff,22.375,T237,42C,off
03/13/2022 10:57:22,Chamber 2,28-041661e256ff,22.375,T237,42C,off
03/13/2022 10:57:42,Chamber 2,28-041661e256ff,22.375,T237,42C,off
03/13/2022 10:58:02,Chamber 2,28-041661e256ff,22.375,T237,42C,off
03/13/2022 10:58:22,Chamber 2,28-041661e256ff,22.375,T237,42C,off
03/13/2022 10:58:42,Chamber 2,28-041661e256ff,22.375,T237,42C,off
03/13/2022 10:59:02,Chamber 2,28-041661e256ff,22.375,T237,42C,off
03/13/2022 10:59:22,Chamber 2,28-041661e256ff,22.375,T237,42C,off
03/13/2022 10:59:42,Chamber 2,28-041661e256ff,22.375,T237,42C,off
03/13/2022 11:00:02,Chamber 2,28-041661e256ff,22.375,T237,42C,off
03/13/2022 11:00:23,Chamber 2,28-041661e256ff,22.375,T237,42C,off
03/13/2022 11:00:43,Chamber 2,28-041661e256ff,22.375,T237,42C,off
03/13/2022 11:01:03,Chamber 2,28-041661e256ff,22.375,T237,42C,off
03/13/2022 11:01:23,Chamber 2,28-041661e256ff,22.375,T237,42C,off
03/13/2022 11:01:43,Chamber 2,28-041661e256ff,22.375,T237,42C,off
03/13/2022 11:02:03,Chamber 2,28-041661e256ff,22.375,T237,42C,off
03/13/2022 11:02:23,Chamber 2,28-041661e256ff,22.375,T237,42C,off
03/13/2022 11:02:43,Chamber 2,28-041661e256ff,22.375,T237,42C,off
03/13/2022 11:03:03,Chamber 2,28-041661e256ff,22.375,T237,42C,off
03/13/2022 11:03:23,Chamber 2,28-041661e256ff,22.375,T237,42C,off
03/13/2022 11:03:43,Chamber 2,28-041661e256ff,22.375,T237,42C,off
03/13/2022 11:04:03,Chamber 2,28-041661e256ff,22.375,T237,42C,off
03/13/2022 11:04:23,Chamber 2,28-041661e256ff,22.375,T237,42C,off
03/13/2022 11:04:43,Chamber 2,28-041661e256ff,22.375,T237,42C,off
03/13/2022 11:05:03,Chamber 2,28-041661e256ff,22.437,T237,42C,off
03/13/2022 11:05:23,Chamber 2,28-041661e256ff,22.437,T237,42C,off
03/13/2022 11:05:43,Chamber 2,28-041661e256ff,22.437,T237,42C,off
03/13/2022 11:06:03,Chamber 2,28-041661e256ff,22.437,T237,42C,off
03/13/2022 11:06:23,Chamber 2,28-041661e256ff,22.437,T237,42C,off
03/13/2022 11:06:43,Chamber 2,28-041661e256ff,22.437,T237,42C,off
03/13/2022 11:07:03,Chamber 2,28-041661e256ff,22.437,T237,42C,off
03/13/2022 11:07:23,Chamber 2,28-041661e256ff,22.437,T237,42C,off
03/13/2022 11:07:43,Chamber 2,28-041661e256ff,22.437,T237,42C,off
03/13/2022 11:08:03,Chamber 2,28-041661e256ff,22.437,T237,42C,off
03/13/2022 11:08:23,Chamber 2,28-041661e256ff,22.437,T237,42C,off
03/13/2022 11:08:43,Chamber 2,28-041661e256ff,22.437,T237,42C,off
03/13/2022 11:09:03,Chamber 2,28-041661e256ff,22.437,T237,42C,off
03/13/2022 11:09:23,Chamber 2,28-041661e256ff,22.437,T237,42C,off
03/13/2022 11:09:43,Chamber 2,28-041661e256ff,22.437,T237,42C,off
03/13/2022 11:10:03,Chamber 2,28-041661e256ff,22.437,T237,42C,off
03/13/2022 11:10:23,Chamber 2,28-041661e256ff,22.437,T237,42C,off
03/13/2022 11:10:43,Chamber 2,28-041661e256ff,22.437,T237,42C,off
03/13/2022 11:11:03,Chamber 2,28-041661e256ff,22.437,T237,42C,off
03/13/2022 11:11:23,Chamber 2,28-041661e256ff,22.437,T237,42C,off
03/13/2022 11:11:43,Chamber 2,28-041661e256ff,22.437,T237,42C,off
03/13/2022 11:12:03,Chamber 2,28-041661e256ff,22.437,T237,42C,off
03/13/2022 11:12:24,Chamber 2,28-041661e256ff,22.437,T237,42C,off
03/13/2022 11:12:43,Chamber 2,28-041661e256ff,22.437,T237,42C,off
03/13/2022 11:13:03,Chamber 2,28-041661e256ff,22.437,T237,42C,off
03/13/2022 11:13:23,Chamber 2,28-041661e256ff,22.437,T237,42C,off
03/13/2022 11:13:43,Chamber 2,28-041661e256ff,22.437,T237,42C,off
03/13/2022 11:14:03,Chamber 2,28-041661e256ff,22.437,T237,42C,off
03/13/2022 11:14:23,Chamber 2,28-041661e256ff,22.437,T237,42C,off
03/13/2022 11:14:43,Chamber 2,28-041661e256ff,22.437,T237,42C,off
03/13/2022 11:15:03,Chamber 2,28-041661e256ff,22.437,T237,42C,off
03/13/2022 11:15:23,Chamber 2,28-041661e256ff,22.437,T237,42C,off
03/13/2022 11:15:43,Chamber 2,28-041661e256ff,22.437,T237,42C,off
03/13/2022 11:16:03,Chamber 2,28-041661e256ff,22.437,T237,42C,off
03/13/2022 11:16:24,Chamber 2,28-041661e256ff,22.437,T237,42C,off
03/13/2022 11:16:43,Chamber 2,28-041661e256ff,22.437,T237,42C,off
03/13/2022 11:17:03,Chamber 2,28-041661e256ff,22.437,T237,42C,off
03/13/2022 11:17:23,Chamber 2,28-041661e256ff,22.437,T237,42C,off
03/13/2022 11:17:43,Chamber 2,28-041661e256ff,22.437,T237,42C,off
03/13/2022 11:18:03,Chamber 2,28-041661e256ff,22.437,T237,42C,off
03/13/2022 11:18:23,Chamber 2,28-041661e256ff,22.437,T237,42C,off
03/13/2022 11:18:43,Chamber 2,28-041661e256ff,22.437,T237,42C,off
03/13/2022 11:19:03,Chamber 2,28-041661e256ff,22.437,T237,42C,off
03/13/2022 11:19:23,Chamber 2,28-041661e256ff,22.437,T237,42C,off
03/13/2022 11:19:43,Chamber 2,28-041661e256ff,22.437,T237,42C,off
03/13/2022 11:20:03,Chamber 2,28-041661e256ff,22.437,T237,42C,off
03/13/2022 11:20:23,Chamber 2,28-041661e256ff,22.437,T237,42C,off
03/13/2022 11:20:44,Chamber 2,28-041661e256ff,22.5,T237,42C,off
03/13/2022 11:21:03,Chamber 2,28-041661e256ff,22.437,T237,42C,off
03/13/2022 11:21:23,Chamber 2,28-041661e256ff,22.437,T237,42C,off
03/13/2022 11:21:43,Chamber 2,28-041661e256ff,22.437,T237,42C,off
03/13/2022 11:22:03,Chamber 2,28-041661e256ff,22.437,T237,42C,off
03/13/2022 11:22:23,Chamber 2,28-041661e256ff,22.437,T237,42C,off
03/13/2022 11:22:43,Chamber 2,28-041661e256ff,22.437,T237,42C,off
03/13/2022 11:23:03,Chamber 2,28-041661e256ff,22.437,T237,42C,off
03/13/2022 11:23:23,Chamber 2,28-041661e256ff,22.5,T237,42C,off
03/13/2022 11:23:43,Chamber 2,28-041661e256ff,22.5,T237,42C,off
03/13/2022 11:24:03,Chamber 2,28-041661e256ff,22.5,T237,42C,off
03/13/2022 11:24:23,Chamber 2,28-041661e256ff,22.5,T237,42C,off
03/13/2022 11:24:43,Chamber 2,28-041661e256ff,22.437,T237,42C,off
03/13/2022 11:25:03,Chamber 2,28-041661e256ff,22.5,T237,42C,off
03/13/2022 11:25:23,Chamber 2,28-041661e256ff,22.5,T237,42C,off
03/13/2022 11:25:43,Chamber 2,28-041661e256ff,22.5,T237,42C,off
03/13/2022 11:26:03,Chamber 2,28-041661e256ff,22.437,T237,42C,off
03/13/2022 11:26:23,Chamber 2,28-041661e256ff,22.437,T237,42C,off
03/13/2022 11:26:43,Chamber 2,28-041661e256ff,22.5,T237,42C,off
03/13/2022 11:27:03,Chamber 2,28-041661e256ff,22.5,T237,42C,off
03/13/2022 11:27:25,Chamber 2,28-041661e256ff,22.5,T237,42C,off
03/13/2022 11:27:43,Chamber 2,28-041661e256ff,22.5,T237,42C,off
03/13/2022 11:28:02,Chamber 2,28-041661e256ff,22.5,T237,42C,off
03/13/2022 11:28:23,Chamber 2,28-041661e256ff,22.5,T237,42C,off
03/13/2022 11:28:43,Chamber 2,28-041661e256ff,22.5,T237,42C,off
03/13/2022 11:29:03,Chamber 2,28-041661e256ff,22.5,T237,42C,off
03/13/2022 11:29:23,Chamber 2,28-041661e256ff,22.5,T237,42C,off
03/13/2022 11:29:43,Chamber 2,28-041661e256ff,22.5,T237,42C,off
03/13/2022 11:30:03,Chamber 2,28-041661e256ff,22.5,T237,42C,off
03/13/2022 11:30:23,Chamber 2,28-041661e256ff,22.5,T237,42C,off
03/13/2022 11:30:43,Chamber 2,28-041661e256ff,22.5,T237,42C,off
03/13/2022 11:31:04,Chamber 2,28-041661e256ff,22.5,T237,42C,off
03/13/2022 11:31:22,Chamber 2,28-041661e256ff,22.5,T237,42C,off
03/13/2022 11:31:43,Chamber 2,28-041661e256ff,22.5,T237,42C,off
03/13/2022 11:32:03,Chamber 2,28-041661e256ff,22.5,T237,42C,off
03/13/2022 11:32:23,Chamber 2,28-041661e256ff,22.5,T237,42C,off
03/13/2022 11:32:43,Chamber 2,28-041661e256ff,22.5,T237,42C,off
03/13/2022 11:33:03,Chamber 2,28-041661e256ff,22.5,T237,42C,off
03/13/2022 11:33:23,Chamber 2,28-041661e256ff,22.5,T237,42C,off
03/13/2022 11:33:43,Chamber 2,28-041661e256ff,22.5,T237,42C,off
03/13/2022 11:34:03,Chamber 2,28-041661e256ff,22.5,T237,42C,off
03/13/2022 11:34:23,Chamber 2,28-041661e256ff,22.5,T237,42C,off
03/13/2022 11:34:43,Chamber 2,28-041661e256ff,22.5,T237,42C,off
03/13/2022 11:35:03,Chamber 2,28-041661e256ff,22.5,T237,42C,off
03/13/2022 11:35:23,Chamber 2,28-041661e256ff,22.5,T237,42C,off
03/13/2022 11:35:43,Chamber 2,28-041661e256ff,22.5,T237,42C,off
03/13/2022 11:36:03,Chamber 2,28-041661e256ff,22.5,T237,42C,off
03/13/2022 11:36:23,Chamber 2,28-041661e256ff,22.5,T237,42C,off
03/13/2022 11:36:43,Chamber 2,28-041661e256ff,22.5,T237,42C,off
03/13/2022 11:37:03,Chamber 2,28-041661e256ff,22.5,T237,42C,off
03/13/2022 11:37:23,Chamber 2,28-041661e256ff,22.5,T237,42C,off
03/13/2022 11:37:43,Chamber 2,28-041661e256ff,22.5,T237,42C,off
03/13/2022 11:38:03,Chamber 2,28-041661e256ff,22.5,T237,42C,off
03/13/2022 11:38:23,Chamber 2,28-041661e256ff,22.5,T237,42C,off
03/13/2022 11:38:43,Chamber 2,28-041661e256ff,22.5,T237,42C,off
03/13/2022 11:39:03,Chamber 2,28-041661e256ff,22.562,T237,42C,off
03/13/2022 11:39:23,Chamber 2,28-041661e256ff,22.5,T237,42C,off
03/13/2022 11:39:42,Chamber 2,28-041661e256ff,22.562,T237,42C,off
03/13/2022 11:40:03,Chamber 2,28-041661e256ff,22.562,T237,42C,off
03/13/2022 11:40:23,Chamber 2,28-041661e256ff,22.562,T237,42C,off
03/13/2022 11:40:43,Chamber 2,28-041661e256ff,22.562,T237,42C,off
03/13/2022 11:41:03,Chamber 2,28-041661e256ff,22.562,T237,42C,off
03/13/2022 11:41:23,Chamber 2,28-041661e256ff,22.562,T237,42C,off
03/13/2022 11:41:43,Chamber 2,28-041661e256ff,22.562,T237,42C,off
03/13/2022 11:42:03,Chamber 2,28-041661e256ff,22.562,T237,42C,off
03/13/2022 11:42:23,Chamber 2,28-041661e256ff,22.562,T237,42C,off
03/13/2022 11:42:42,Chamber 2,28-041661e256ff,22.562,T237,42C,off
03/13/2022 11:43:03,Chamber 2,28-041661e256ff,22.562,T237,42C,off
03/13/2022 11:43:23,Chamber 2,28-041661e256ff,22.562,T237,42C,off
03/13/2022 11:43:43,Chamber 2,28-041661e256ff,22.562,T237,42C,off
03/13/2022 11:44:03,Chamber 2,28-041661e256ff,22.562,T237,42C,off
03/13/2022 11:44:23,Chamber 2,28-041661e256ff,22.562,T237,42C,off
03/13/2022 11:44:43,Chamber 2,28-041661e256ff,22.562,T237,42C,off
03/13/2022 11:45:03,Chamber 2,28-041661e256ff,22.562,T237,42C,off
03/13/2022 11:45:23,Chamber 2,28-041661e256ff,22.562,T237,42C,off
03/13/2022 11:45:43,Chamber 2,28-041661e256ff,22.562,T237,42C,off
03/13/2022 11:46:03,Chamber 2,28-041661e256ff,22.562,T237,42C,off
03/13/2022 11:46:23,Chamber 2,28-041661e256ff,22.562,T237,42C,off
03/13/2022 11:46:43,Chamber 2,28-041661e256ff,22.562,T237,42C,off
03/13/2022 11:47:03,Chamber 2,28-041661e256ff,22.562,T237,42C,off
03/13/2022 11:47:23,Chamber 2,28-041661e256ff,22.562,T237,42C,off
03/13/2022 11:47:43,Chamber 2,28-041661e256ff,22.562,T237,42C,off
03/13/2022 11:48:03,Chamber 2,28-041661e256ff,22.562,T237,42C,off
03/13/2022 11:48:23,Chamber 2,28-041661e256ff,22.562,T237,42C,off
03/13/2022 11:48:43,Chamber 2,28-041661e256ff,22.562,T237,42C,off
03/13/2022 11:49:03,Chamber 2,28-041661e256ff,22.562,T237,42C,off
03/13/2022 11:49:23,Chamber 2,28-041661e256ff,22.562,T237,42C,off
03/13/2022 11:49:43,Chamber 2,28-041661e256ff,22.562,T237,42C,off
03/13/2022 11:50:03,Chamber 2,28-041661e256ff,22.562,T237,42C,off
03/13/2022 11:50:23,Chamber 2,28-041661e256ff,22.562,T237,42C,off
03/13/2022 11:50:43,Chamber 2,28-041661e256ff,22.562,T237,42C,off
03/13/2022 11:51:03,Chamber 2,28-041661e256ff,22.562,T237,42C,off
03/13/2022 11:51:23,Chamber 2,28-041661e256ff,22.562,T237,42C,off
03/13/2022 11:51:43,Chamber 2,28-041661e256ff,22.562,T237,42C,off
03/13/2022 11:52:03,Chamber 2,28-041661e256ff,22.562,T237,42C,off
03/13/2022 11:52:23,Chamber 2,28-041661e256ff,22.562,T237,42C,off
03/13/2022 11:52:43,Chamber 2,28-041661e256ff,22.562,T237,42C,off
03/13/2022 11:53:03,Chamber 2,28-041661e256ff,22.562,T237,42C,off
03/13/2022 11:53:23,Chamber 2,28-041661e256ff,22.562,T237,42C,off
03/13/2022 11:53:43,Chamber 2,28-041661e256ff,22.562,T237,42C,off
03/13/2022 11:54:03,Chamber 2,28-041661e256ff,22.562,T237,42C,off
03/13/2022 11:54:23,Chamber 2,28-041661e256ff,22.562,T237,42C,off
03/13/2022 11:54:43,Chamber 2,28-041661e256ff,22.562,T237,42C,off
03/13/2022 11:55:03,Chamber 2,28-041661e256ff,22.562,T237,42C,off
03/13/2022 11:55:23,Chamber 2,28-041661e256ff,22.562,T237,42C,off
03/13/2022 11:55:43,Chamber 2,28-041661e256ff,22.562,T237,42C,off
03/13/2022 11:56:03,Chamber 2,28-041661e256ff,22.562,T237,42C,off
03/13/2022 11:56:23,Chamber 2,28-041661e256ff,22.562,T237,42C,off
03/13/2022 11:56:43,Chamber 2,28-041661e256ff,22.562,T237,42C,off
03/13/2022 11:57:03,Chamber 2,28-041661e256ff,22.562,T237,42C,off
03/13/2022 11:57:23,Chamber 2,28-041661e256ff,22.562,T237,42C,off
03/13/2022 11:57:43,Chamber 2,28-041661e256ff,22.562,T237,42C,off
03/13/2022 11:58:03,Chamber 2,28-041661e256ff,22.562,T237,42C,off
03/13/2022 11:58:23,Chamber 2,28-041661e256ff,22.562,T237,42C,off
03/13/2022 11:58:43,Chamber 2,28-041661e256ff,22.562,T237,42C,off
03/13/2022 11:59:03,Chamber 2,28-041661e256ff,22.562,T237,42C,off
03/13/2022 11:59:23,Chamber 2,28-041661e256ff,22.562,T237,42C,off
03/13/2022 11:59:43,Chamber 2,28-041661e256ff,22.562,T237,42C,off
03/13/2022 12:00:03,Chamber 2,28-041661e256ff,22.562,T237,42C,off
03/13/2022 12:00:23,Chamber 2,28-041661e256ff,22.562,T237,42C,off
03/13/2022 12:00:43,Chamber 2,28-041661e256ff,22.562,T237,42C,off
03/13/2022 12:01:03,Chamber 2,28-041661e256ff,22.562,T237,42C,off
03/13/2022 12:01:23,Chamber 2,28-041661e256ff,22.562,T237,42C,off
03/13/2022 12:01:43,Chamber 2,28-041661e256ff,22.562,T237,42C,off
03/13/2022 12:02:03,Chamber 2,28-041661e256ff,22.562,T237,42C,off
03/13/2022 12:02:23,Chamber 2,28-041661e256ff,22.562,T237,42C,off
03/13/2022 12:02:43,Chamber 2,28-041661e256ff,22.562,T237,42C,off
03/13/2022 12:03:03,Chamber 2,28-041661e256ff,22.562,T237,42C,off
03/13/2022 12:03:23,Chamber 2,28-041661e256ff,22.625,T237,42C,off
03/13/2022 12:03:43,Chamber 2,28-041661e256ff,22.625,T237,42C,off
03/13/2022 12:04:03,Chamber 2,28-041661e256ff,22.625,T237,42C,off
03/13/2022 12:04:24,Chamber 2,28-041661e256ff,22.625,T237,42C,off
03/13/2022 12:04:43,Chamber 2,28-041661e256ff,22.625,T237,42C,off
03/13/2022 12:05:03,Chamber 2,28-041661e256ff,22.625,T237,42C,off
03/13/2022 12:05:23,Chamber 2,28-041661e256ff,22.625,T237,42C,off
03/13/2022 12:05:43,Chamber 2,28-041661e256ff,22.625,T237,42C,off
03/13/2022 12:06:05,Chamber 2,28-041661e256ff,22.625,T237,42C,off
03/13/2022 12:06:23,Chamber 2,28-041661e256ff,22.625,T237,42C,off
03/13/2022 12:06:43,Chamber 2,28-041661e256ff,22.625,T237,42C,off
03/13/2022 12:07:03,Chamber 2,28-041661e256ff,22.625,T237,42C,off
03/13/2022 12:07:23,Chamber 2,28-041661e256ff,22.625,T237,42C,off
03/13/2022 12:07:43,Chamber 2,28-041661e256ff,22.625,T237,42C,off
03/13/2022 12:08:03,Chamber 2,28-041661e256ff,22.625,T237,42C,off
03/13/2022 12:08:23,Chamber 2,28-041661e256ff,22.625,T237,42C,off
03/13/2022 12:08:43,Chamber 2,28-041661e256ff,22.625,T237,42C,off
03/13/2022 12:09:03,Chamber 2,28-041661e256ff,22.625,T237,42C,off
03/13/2022 12:09:23,Chamber 2,28-041661e256ff,22.625,T237,42C,off
03/13/2022 12:09:43,Chamber 2,28-041661e256ff,22.625,T237,42C,off
03/13/2022 12:10:03,Chamber 2,28-041661e256ff,22.625,T237,42C,off
03/13/2022 12:10:23,Chamber 2,28-041661e256ff,22.625,T237,42C,off
03/13/2022 12:10:43,Chamber 2,28-041661e256ff,22.625,T237,42C,off
03/13/2022 12:11:03,Chamber 2,28-041661e256ff,22.625,T237,42C,off
03/13/2022 12:11:23,Chamber 2,28-041661e256ff,22.625,T237,42C,off
03/13/2022 12:11:43,Chamber 2,28-041661e256ff,22.625,T237,42C,off
03/13/2022 12:12:03,Chamber 2,28-041661e256ff,22.625,T237,42C,off
03/13/2022 12:12:23,Chamber 2,28-041661e256ff,22.625,T237,42C,off
03/13/2022 12:12:43,Chamber 2,28-041661e256ff,22.625,T237,42C,off
03/13/2022 12:13:03,Chamber 2,28-041661e256ff,22.625,T237,42C,off
03/13/2022 12:13:23,Chamber 2,28-041661e256ff,22.625,T237,42C,off
03/13/2022 12:13:43,Chamber 2,28-041661e256ff,22.625,T237,42C,off
03/13/2022 12:14:03,Chamber 2,28-041661e256ff,22.625,T237,42C,off
03/13/2022 12:14:23,Chamber 2,28-041661e256ff,22.625,T237,42C,off
03/13/2022 12:14:43,Chamber 2,28-041661e256ff,22.625,T237,42C,off
03/13/2022 12:15:03,Chamber 2,28-041661e256ff,22.625,T237,42C,off
03/13/2022 12:15:23,Chamber 2,28-041661e256ff,22.625,T237,42C,off
03/13/2022 12:15:43,Chamber 2,28-041661e256ff,22.625,T237,42C,off
03/13/2022 12:16:03,Chamber 2,28-041661e256ff,22.625,T237,42C,off
03/13/2022 12:16:23,Chamber 2,28-041661e256ff,22.625,T237,42C,off
03/13/2022 12:16:43,Chamber 2,28-041661e256ff,22.625,T237,42C,off
03/13/2022 12:17:03,Chamber 2,28-041661e256ff,22.625,T237,42C,off
03/13/2022 12:17:23,Chamber 2,28-041661e256ff,22.625,T237,42C,off
03/13/2022 12:17:43,Chamber 2,28-041661e256ff,22.625,T237,42C,off
03/13/2022 12:18:03,Chamber 2,28-041661e256ff,22.625,T237,42C,off
03/13/2022 12:18:23,Chamber 2,28-041661e256ff,22.625,T237,42C,off
03/13/2022 12:18:43,Chamber 2,28-041661e256ff,22.625,T237,42C,off
03/13/2022 12:19:03,Chamber 2,28-041661e256ff,22.625,T237,42C,off
03/13/2022 12:19:23,Chamber 2,28-041661e256ff,22.625,T237,42C,off
03/13/2022 12:19:43,Chamber 2,28-041661e256ff,22.625,T237,42C,off
03/13/2022 12:20:03,Chamber 2,28-041661e256ff,22.625,T237,42C,off
03/13/2022 12:20:23,Chamber 2,28-041661e256ff,22.625,T237,42C,off
03/13/2022 12:20:43,Chamber 2,28-041661e256ff,22.625,T237,42C,off
03/13/2022 12:21:03,Chamber 2,28-041661e256ff,22.625,T237,42C,off
03/13/2022 12:21:23,Chamber 2,28-041661e256ff,22.625,T237,42C,off
03/13/2022 12:21:43,Chamber 2,28-041661e256ff,22.625,T237,42C,off
03/13/2022 12:22:03,Chamber 2,28-041661e256ff,22.625,T237,42C,off
03/13/2022 12:22:23,Chamber 2,28-041661e256ff,22.625,T237,42C,off
03/13/2022 12:22:43,Chamber 2,28-041661e256ff,22.625,T237,42C,off
03/13/2022 12:23:03,Chamber 2,28-041661e256ff,22.625,T237,42C,off
03/13/2022 12:23:23,Chamber 2,28-041661e256ff,22.625,T237,42C,off
03/13/2022 12:23:43,Chamber 2,28-041661e256ff,22.625,T237,42C,off
03/13/2022 12:24:03,Chamber 2,28-041661e256ff,22.625,T237,42C,off
03/13/2022 12:24:23,Chamber 2,28-041661e256ff,22.687,T237,42C,off
03/13/2022 12:24:43,Chamber 2,28-041661e256ff,22.625,T237,42C,off
03/13/2022 12:25:03,Chamber 2,28-041661e256ff,22.625,T237,42C,off
03/13/2022 12:25:23,Chamber 2,28-041661e256ff,22.625,T237,42C,off
03/13/2022 12:25:43,Chamber 2,28-041661e256ff,22.687,T237,42C,off
03/13/2022 12:26:03,Chamber 2,28-041661e256ff,22.687,T237,42C,off
03/13/2022 12:26:23,Chamber 2,28-041661e256ff,22.625,T237,42C,off
03/13/2022 12:26:43,Chamber 2,28-041661e256ff,22.625,T237,42C,off
03/13/2022 12:27:03,Chamber 2,28-041661e256ff,22.625,T237,42C,off
03/13/2022 12:27:23,Chamber 2,28-041661e256ff,22.687,T237,42C,off
03/13/2022 12:27:43,Chamber 2,28-041661e256ff,22.687,T237,42C,off
03/13/2022 12:28:03,Chamber 2,28-041661e256ff,22.625,T237,42C,off
03/13/2022 12:28:23,Chamber 2,28-041661e256ff,22.625,T237,42C,off
03/13/2022 12:28:43,Chamber 2,28-041661e256ff,22.625,T237,42C,off
03/13/2022 12:29:03,Chamber 2,28-041661e256ff,22.687,T237,42C,off
03/13/2022 12:29:24,Chamber 2,28-041661e256ff,22.687,T237,42C,off
03/13/2022 12:29:43,Chamber 2,28-041661e256ff,22.687,T237,42C,off
03/13/2022 12:30:03,Chamber 2,28-041661e256ff,22.625,T237,42C,off
03/13/2022 12:30:23,Chamber 2,28-041661e256ff,22.687,T237,42C,off
03/13/2022 12:30:43,Chamber 2,28-041661e256ff,22.625,T237,42C,off
03/13/2022 12:31:03,Chamber 2,28-041661e256ff,22.625,T237,42C,off
03/13/2022 12:31:23,Chamber 2,28-041661e256ff,22.625,T237,42C,off
03/13/2022 12:31:43,Chamber 2,28-041661e256ff,22.625,T237,42C,off
03/13/2022 12:32:03,Chamber 2,28-041661e256ff,22.625,T237,42C,off
03/13/2022 12:32:23,Chamber 2,28-041661e256ff,22.687,T237,42C,off
03/13/2022 12:32:43,Chamber 2,28-041661e256ff,22.625,T237,42C,off
03/13/2022 12:33:03,Chamber 2,28-041661e256ff,22.625,T237,42C,off
03/13/2022 12:33:23,Chamber 2,28-041661e256ff,22.625,T237,42C,off
03/13/2022 12:33:43,Chamber 2,28-041661e256ff,22.625,T237,42C,off
03/13/2022 12:34:03,Chamber 2,28-041661e256ff,22.625,T237,42C,off
03/13/2022 12:34:23,Chamber 2,28-041661e256ff,22.625,T237,42C,off
03/13/2022 12:34:43,Chamber 2,28-041661e256ff,22.625,T237,42C,off
03/13/2022 12:35:03,Chamber 2,28-041661e256ff,22.625,T237,42C,off
03/13/2022 12:35:23,Chamber 2,28-041661e256ff,22.687,T237,42C,off
03/13/2022 12:35:43,Chamber 2,28-041661e256ff,22.687,T237,42C,off
03/13/2022 12:36:03,Chamber 2,28-041661e256ff,22.687,T237,42C,off
03/13/2022 12:36:23,Chamber 2,28-041661e256ff,22.687,T237,42C,off
03/13/2022 12:36:43,Chamber 2,28-041661e256ff,22.687,T237,42C,off
03/13/2022 12:37:03,Chamber 2,28-041661e256ff,22.687,T237,42C,off
03/13/2022 12:37:23,Chamber 2,28-041661e256ff,22.687,T237,42C,off
03/13/2022 12:37:43,Chamber 2,28-041661e256ff,22.687,T237,42C,off
03/13/2022 12:38:03,Chamber 2,28-041661e256ff,22.687,T237,42C,off
03/13/2022 12:38:23,Chamber 2,28-041661e256ff,22.687,T237,42C,off
03/13/2022 12:38:43,Chamber 2,28-041661e256ff,22.687,T237,42C,off
03/13/2022 12:39:03,Chamber 2,28-041661e256ff,22.687,T237,42C,off
03/13/2022 12:39:23,Chamber 2,28-041661e256ff,22.687,T237,42C,off
03/13/2022 12:39:43,Chamber 2,28-041661e256ff,22.687,T237,42C,off
03/13/2022 12:40:03,Chamber 2,28-041661e256ff,22.687,T237,42C,off
03/13/2022 12:40:23,Chamber 2,28-041661e256ff,22.687,T237,42C,off
03/13/2022 12:40:43,Chamber 2,28-041661e256ff,22.687,T237,42C,off
03/13/2022 12:41:03,Chamber 2,28-041661e256ff,22.687,T237,42C,off
03/13/2022 12:41:23,Chamber 2,28-041661e256ff,22.687,T237,42C,off
03/13/2022 12:41:43,Chamber 2,28-041661e256ff,22.687,T237,42C,off
03/13/2022 12:42:03,Chamber 2,28-041661e256ff,22.687,T237,42C,off
03/13/2022 12:42:24,Chamber 2,28-041661e256ff,22.687,T237,42C,off
03/13/2022 12:42:43,Chamber 2,28-041661e256ff,22.687,T237,42C,off
03/13/2022 12:43:03,Chamber 2,28-041661e256ff,22.687,T237,42C,off
03/13/2022 12:43:23,Chamber 2,28-041661e256ff,22.687,T237,42C,off
03/13/2022 12:43:43,Chamber 2,28-041661e256ff,22.687,T237,42C,off
03/13/2022 12:44:04,Chamber 2,28-041661e256ff,22.687,T237,42C,off
03/13/2022 12:44:23,Chamber 2,28-041661e256ff,22.687,T237,42C,off
03/13/2022 12:44:43,Chamber 2,28-041661e256ff,22.687,T237,42C,off
03/13/2022 12:45:03,Chamber 2,28-041661e256ff,22.687,T237,42C,off
03/13/2022 12:45:23,Chamber 2,28-041661e256ff,22.687,T237,42C,off
03/13/2022 12:45:43,Chamber 2,28-041661e256ff,22.687,T237,42C,off
03/13/2022 12:46:03,Chamber 2,28-041661e256ff,22.687,T237,42C,off
03/13/2022 12:46:23,Chamber 2,28-041661e256ff,22.687,T237,42C,off
03/13/2022 12:46:43,Chamber 2,28-041661e256ff,22.75,T237,42C,off
03/13/2022 12:47:03,Chamber 2,28-041661e256ff,22.687,T237,42C,off
03/13/2022 12:47:23,Chamber 2,28-041661e256ff,22.687,T237,42C,off
03/13/2022 12:47:43,Chamber 2,28-041661e256ff,22.687,T237,42C,off
03/13/2022 12:48:03,Chamber 2,28-041661e256ff,22.687,T237,42C,off
03/13/2022 12:48:23,Chamber 2,28-041661e256ff,22.687,T237,42C,off
03/13/2022 12:48:43,Chamber 2,28-041661e256ff,22.687,T237,42C,off
03/13/2022 12:49:03,Chamber 2,28-041661e256ff,22.687,T237,42C,off
03/13/2022 12:49:23,Chamber 2,28-041661e256ff,22.687,T237,42C,off
03/13/2022 12:49:43,Chamber 2,28-041661e256ff,22.687,T237,42C,off
03/13/2022 12:50:03,Chamber 2,28-041661e256ff,22.687,T237,42C,off
03/13/2022 12:50:23,Chamber 2,28-041661e256ff,22.687,T237,42C,off
03/13/2022 12:50:43,Chamber 2,28-041661e256ff,22.687,T237,42C,off
03/13/2022 12:51:03,Chamber 2,28-041661e256ff,22.687,T237,42C,off
03/13/2022 12:51:23,Chamber 2,28-041661e256ff,22.687,T237,42C,off
03/13/2022 12:51:43,Chamber 2,28-041661e256ff,22.687,T237,42C,off
03/13/2022 12:52:03,Chamber 2,28-041661e256ff,22.75,T237,42C,off
03/13/2022 12:52:23,Chamber 2,28-041661e256ff,22.75,T237,42C,off
03/13/2022 12:52:43,Chamber 2,28-041661e256ff,22.75,T237,42C,off
03/13/2022 12:53:03,Chamber 2,28-041661e256ff,22.75,T237,42C,off
03/13/2022 12:53:23,Chamber 2,28-041661e256ff,22.75,T237,42C,off
03/13/2022 12:53:43,Chamber 2,28-041661e256ff,22.75,T237,42C,off
03/13/2022 12:54:03,Chamber 2,28-041661e256ff,22.75,T237,42C,off
03/13/2022 12:54:23,Chamber 2,28-041661e256ff,22.75,T237,42C,off
03/13/2022 12:54:43,Chamber 2,28-041661e256ff,22.75,T237,42C,off
03/13/2022 12:55:04,Chamber 2,28-041661e256ff,22.75,T237,42C,off
03/13/2022 12:55:24,Chamber 2,28-041661e256ff,22.75,T237,42C,off
03/13/2022 12:55:43,Chamber 2,28-041661e256ff,22.75,T237,42C,off
03/13/2022 12:56:04,Chamber 2,28-041661e256ff,22.75,T237,42C,off
03/13/2022 12:56:23,Chamber 2,28-041661e256ff,22.75,T237,42C,off
03/13/2022 12:56:43,Chamber 2,28-041661e256ff,22.75,T237,42C,off
03/13/2022 12:57:03,Chamber 2,28-041661e256ff,22.75,T237,42C,off
03/13/2022 12:57:23,Chamber 2,28-041661e256ff,22.75,T237,42C,off
03/13/2022 12:57:44,Chamber 2,28-041661e256ff,22.75,T237,42C,off
03/13/2022 12:58:03,Chamber 2,28-041661e256ff,22.75,T237,42C,off
03/13/2022 12:58:25,Chamber 2,28-041661e256ff,22.812,T237,42C,off
03/13/2022 12:58:43,Chamber 2,28-041661e256ff,22.812,T237,42C,off
03/13/2022 12:59:03,Chamber 2,28-041661e256ff,22.812,T237,42C,off
03/13/2022 12:59:23,Chamber 2,28-041661e256ff,22.75,T237,42C,off
03/13/2022 12:59:43,Chamber 2,28-041661e256ff,22.75,T237,42C,off
03/13/2022 13:00:02,Chamber 2,28-041661e256ff,22.75,T237,42C,off
03/13/2022 13:00:23,Chamber 2,28-041661e256ff,22.812,T237,42C,off
03/13/2022 13:00:43,Chamber 2,28-041661e256ff,22.812,T237,42C,off
03/13/2022 13:01:03,Chamber 2,28-041661e256ff,22.812,T237,42C,off
03/13/2022 13:01:23,Chamber 2,28-041661e256ff,22.812,T237,42C,off
03/13/2022 13:01:43,Chamber 2,28-041661e256ff,22.812,T237,42C,off
03/13/2022 13:02:03,Chamber 2,28-041661e256ff,22.812,T237,42C,off
03/13/2022 13:02:23,Chamber 2,28-041661e256ff,22.812,T237,42C,off
03/13/2022 13:02:43,Chamber 2,28-041661e256ff,22.812,T237,42C,off
03/13/2022 13:03:03,Chamber 2,28-041661e256ff,22.812,T237,42C,off
03/13/2022 13:03:23,Chamber 2,28-041661e256ff,22.812,T237,42C,off
03/13/2022 13:03:43,Chamber 2,28-041661e256ff,22.812,T237,42C,off
03/13/2022 13:04:03,Chamber 2,28-041661e256ff,22.75,T237,42C,off
03/13/2022 13:04:23,Chamber 2,28-041661e256ff,22.812,T237,42C,off
03/13/2022 13:04:43,Chamber 2,28-041661e256ff,22.812,T237,42C,off
03/13/2022 13:05:03,Chamber 2,28-041661e256ff,22.812,T237,42C,off
03/13/2022 13:05:22,Chamber 2,28-041661e256ff,22.812,T237,42C,off
03/13/2022 13:05:43,Chamber 2,28-041661e256ff,22.75,T237,42C,off
03/13/2022 13:06:02,Chamber 2,28-041661e256ff,22.812,T237,42C,off
03/13/2022 13:06:23,Chamber 2,28-041661e256ff,22.812,T237,42C,off
03/13/2022 13:06:43,Chamber 2,28-041661e256ff,22.75,T237,42C,off
03/13/2022 13:07:10,Chamber 2,28-041661e256ff,22.75,T237,42C,off
03/13/2022 13:07:22,Chamber 2,28-041661e256ff,22.75,T237,42C,off
03/13/2022 13:07:43,Chamber 2,28-041661e256ff,22.75,T237,42C,off
03/13/2022 13:08:03,Chamber 2,28-041661e256ff,22.812,T237,42C,off
03/13/2022 13:08:23,Chamber 2,28-041661e256ff,22.75,T237,42C,off
03/13/2022 13:08:43,Chamber 2,28-041661e256ff,22.812,T237,42C,off
03/13/2022 13:09:02,Chamber 2,28-041661e256ff,22.812,T237,42C,off
03/13/2022 13:09:23,Chamber 2,28-041661e256ff,22.812,T237,42C,off
03/13/2022 13:09:43,Chamber 2,28-041661e256ff,22.812,T237,42C,off
03/13/2022 13:10:03,Chamber 2,28-041661e256ff,22.812,T237,42C,off
03/13/2022 13:10:23,Chamber 2,28-041661e256ff,22.812,T237,42C,off
03/13/2022 13:10:43,Chamber 2,28-041661e256ff,22.75,T237,42C,off
03/13/2022 13:11:03,Chamber 2,28-041661e256ff,22.812,T237,42C,off
03/13/2022 13:11:23,Chamber 2,28-041661e256ff,22.812,T237,42C,off
03/13/2022 13:11:43,Chamber 2,28-041661e256ff,22.812,T237,42C,off
03/13/2022 13:12:03,Chamber 2,28-041661e256ff,22.75,T237,42C,off
03/13/2022 13:12:22,Chamber 2,28-041661e256ff,22.812,T237,42C,off
03/13/2022 13:12:43,Chamber 2,28-041661e256ff,22.75,T237,42C,off
03/13/2022 13:13:03,Chamber 2,28-041661e256ff,22.812,T237,42C,off
03/13/2022 13:13:23,Chamber 2,28-041661e256ff,22.812,T237,42C,off
03/13/2022 13:13:43,Chamber 2,28-041661e256ff,22.812,T237,42C,off
03/13/2022 13:14:03,Chamber 2,28-041661e256ff,22.812,T237,42C,off
03/13/2022 13:14:23,Chamber 2,28-041661e256ff,22.812,T237,42C,off
03/13/2022 13:14:43,Chamber 2,28-041661e256ff,22.812,T237,42C,off
03/13/2022 13:15:03,Chamber 2,28-041661e256ff,22.812,T237,42C,off
03/13/2022 13:15:23,Chamber 2,28-041661e256ff,22.812,T237,42C,off
03/13/2022 13:15:43,Chamber 2,28-041661e256ff,22.812,T237,42C,off
03/13/2022 13:16:03,Chamber 2,28-041661e256ff,22.812,T237,42C,off
03/13/2022 13:16:23,Chamber 2,28-041661e256ff,22.812,T237,42C,off
03/13/2022 13:16:43,Chamber 2,28-041661e256ff,22.812,T237,42C,off
03/13/2022 13:17:03,Chamber 2,28-041661e256ff,22.812,T237,42C,off
03/13/2022 13:17:22,Chamber 2,28-041661e256ff,22.812,T237,42C,off
03/13/2022 13:17:43,Chamber 2,28-041661e256ff,22.812,T237,42C,off
03/13/2022 13:18:03,Chamber 2,28-041661e256ff,22.812,T237,42C,off
03/13/2022 13:18:23,Chamber 2,28-041661e256ff,22.812,T237,42C,off
03/13/2022 13:18:42,Chamber 2,28-041661e256ff,22.812,T237,42C,off
03/13/2022 13:19:03,Chamber 2,28-041661e256ff,22.812,T237,42C,off
03/13/2022 13:19:23,Chamber 2,28-041661e256ff,22.812,T237,42C,off
03/13/2022 13:19:43,Chamber 2,28-041661e256ff,22.812,T237,42C,off
03/13/2022 13:20:03,Chamber 2,28-041661e256ff,22.812,T237,42C,off
03/13/2022 13:20:23,Chamber 2,28-041661e256ff,22.812,T237,42C,off
03/13/2022 13:20:43,Chamber 2,28-041661e256ff,22.812,T237,42C,off
03/13/2022 13:21:03,Chamber 2,28-041661e256ff,22.812,T237,42C,off
03/13/2022 13:21:23,Chamber 2,28-041661e256ff,22.812,T237,42C,off
03/13/2022 13:21:43,Chamber 2,28-041661e256ff,22.812,T237,42C,off
03/13/2022 13:22:03,Chamber 2,28-041661e256ff,22.812,T237,42C,off
03/13/2022 13:22:23,Chamber 2,28-041661e256ff,22.812,T237,42C,off
03/13/2022 13:22:43,Chamber 2,28-041661e256ff,22.812,T237,42C,off
03/13/2022 13:23:03,Chamber 2,28-041661e256ff,22.812,T237,42C,off
03/13/2022 13:23:23,Chamber 2,28-041661e256ff,22.812,T237,42C,off
03/13/2022 13:23:43,Chamber 2,28-041661e256ff,22.812,T237,42C,off
03/13/2022 13:24:03,Chamber 2,28-041661e256ff,22.812,T237,42C,off
03/13/2022 13:24:22,Chamber 2,28-041661e256ff,22.812,T237,42C,off
03/13/2022 13:24:42,Chamber 2,28-041661e256ff,22.812,T237,42C,off
03/13/2022 13:25:03,Chamber 2,28-041661e256ff,22.812,T237,42C,off
03/13/2022 13:25:23,Chamber 2,28-041661e256ff,22.812,T237,42C,off
03/13/2022 13:25:43,Chamber 2,28-041661e256ff,22.812,T237,42C,off
03/13/2022 13:26:03,Chamber 2,28-041661e256ff,22.812,T237,42C,off
03/13/2022 13:26:23,Chamber 2,28-041661e256ff,22.812,T237,42C,off
03/13/2022 13:26:43,Chamber 2,28-041661e256ff,22.812,T237,42C,off
03/13/2022 13:27:03,Chamber 2,28-041661e256ff,22.812,T237,42C,off
03/13/2022 13:27:23,Chamber 2,28-041661e256ff,22.812,T237,42C,off
03/13/2022 13:27:43,Chamber 2,28-041661e256ff,22.812,T237,42C,off
03/13/2022 13:28:03,Chamber 2,28-041661e256ff,22.812,T237,42C,off
03/13/2022 13:28:23,Chamber 2,28-041661e256ff,22.812,T237,42C,off
03/13/2022 13:28:43,Chamber 2,28-041661e256ff,22.812,T237,42C,off
03/13/2022 13:29:03,Chamber 2,28-041661e256ff,22.812,T237,42C,off
03/13/2022 13:29:23,Chamber 2,28-041661e256ff,22.812,T237,42C,off
03/13/2022 13:29:43,Chamber 2,28-041661e256ff,22.812,T237,42C,off
03/13/2022 13:30:03,Chamber 2,28-041661e256ff,22.812,T237,42C,off
03/13/2022 13:30:23,Chamber 2,28-041661e256ff,22.812,T237,42C,off
03/13/2022 13:30:43,Chamber 2,28-041661e256ff,22.812,T237,42C,off
03/13/2022 13:31:03,Chamber 2,28-041661e256ff,22.812,T237,42C,off
03/13/2022 13:31:23,Chamber 2,28-041661e256ff,22.812,T237,42C,off
03/13/2022 13:31:43,Chamber 2,28-041661e256ff,22.812,T237,42C,off
03/13/2022 13:32:03,Chamber 2,28-041661e256ff,22.812,T237,42C,off
03/13/2022 13:32:23,Chamber 2,28-041661e256ff,22.812,T237,42C,off
03/13/2022 13:32:43,Chamber 2,28-041661e256ff,22.812,T237,42C,off
03/13/2022 13:33:03,Chamber 2,28-041661e256ff,22.812,T237,42C,off
03/13/2022 13:33:23,Chamber 2,28-041661e256ff,22.812,T237,42C,off
03/13/2022 13:33:43,Chamber 2,28-041661e256ff,22.812,T237,42C,off
03/13/2022 13:34:03,Chamber 2,28-041661e256ff,22.812,T237,42C,off
03/13/2022 13:34:23,Chamber 2,28-041661e256ff,22.812,T237,42C,off
03/13/2022 13:34:43,Chamber 2,28-041661e256ff,22.812,T237,42C,off
03/13/2022 13:35:03,Chamber 2,28-041661e256ff,22.812,T237,42C,off
03/13/2022 13:35:23,Chamber 2,28-041661e256ff,22.812,T237,42C,off
03/13/2022 13:35:43,Chamber 2,28-041661e256ff,22.812,T237,42C,off
03/13/2022 13:36:03,Chamber 2,28-041661e256ff,22.812,T237,42C,off
03/13/2022 13:36:23,Chamber 2,28-041661e256ff,22.812,T237,42C,off
03/13/2022 13:36:43,Chamber 2,28-041661e256ff,22.812,T237,42C,off
03/13/2022 13:37:03,Chamber 2,28-041661e256ff,22.812,T237,42C,off
03/13/2022 13:37:23,Chamber 2,28-041661e256ff,22.812,T237,42C,off
03/13/2022 13:37:43,Chamber 2,28-041661e256ff,22.812,T237,42C,off
03/13/2022 13:38:03,Chamber 2,28-041661e256ff,22.812,T237,42C,off
03/13/2022 13:38:23,Chamber 2,28-041661e256ff,22.812,T237,42C,off
03/13/2022 13:38:43,Chamber 2,28-041661e256ff,22.812,T237,42C,off
03/13/2022 13:39:03,Chamber 2,28-041661e256ff,22.812,T237,42C,off
03/13/2022 13:39:23,Chamber 2,28-041661e256ff,22.812,T237,42C,off
03/13/2022 13:39:43,Chamber 2,28-041661e256ff,22.812,T237,42C,off
03/13/2022 13:40:03,Chamber 2,28-041661e256ff,22.812,T237,42C,off
03/13/2022 13:40:23,Chamber 2,28-041661e256ff,22.812,T237,42C,off
03/13/2022 13:40:43,Chamber 2,28-041661e256ff,22.812,T237,42C,off
03/13/2022 13:41:02,Chamber 2,28-041661e256ff,22.812,T237,42C,off
03/13/2022 13:41:23,Chamber 2,28-041661e256ff,22.812,T237,42C,off
03/13/2022 13:41:43,Chamber 2,28-041661e256ff,22.812,T237,42C,off
03/13/2022 13:42:03,Chamber 2,28-041661e256ff,22.812,T237,42C,off
03/13/2022 13:42:22,Chamber 2,28-041661e256ff,22.812,T237,42C,off
03/13/2022 13:42:43,Chamber 2,28-041661e256ff,22.812,T237,42C,off
03/13/2022 13:43:03,Chamber 2,28-041661e256ff,22.812,T237,42C,off
03/13/2022 13:43:22,Chamber 2,28-041661e256ff,22.812,T237,42C,off
03/13/2022 13:43:43,Chamber 2,28-041661e256ff,22.812,T237,42C,off
03/13/2022 13:44:03,Chamber 2,28-041661e256ff,22.812,T237,42C,off
03/13/2022 13:44:23,Chamber 2,28-041661e256ff,22.812,T237,42C,off
03/13/2022 13:44:43,Chamber 2,28-041661e256ff,22.812,T237,42C,off
03/13/2022 13:45:03,Chamber 2,28-041661e256ff,22.812,T237,42C,off
03/13/2022 13:45:23,Chamber 2,28-041661e256ff,22.812,T237,42C,off
03/13/2022 13:45:45,Chamber 2,28-041661e256ff,22.812,T237,42C,off
03/13/2022 13:46:03,Chamber 2,28-041661e256ff,22.812,T237,42C,off
03/13/2022 13:46:23,Chamber 2,28-041661e256ff,22.812,T237,42C,off
03/13/2022 13:46:43,Chamber 2,28-041661e256ff,22.812,T237,42C,off
03/13/2022 13:47:03,Chamber 2,28-041661e256ff,22.812,T237,42C,off
03/13/2022 13:47:23,Chamber 2,28-041661e256ff,22.812,T237,42C,off
03/13/2022 13:47:43,Chamber 2,28-041661e256ff,22.812,T237,42C,off
03/13/2022 13:48:03,Chamber 2,28-041661e256ff,22.812,T237,42C,off
03/13/2022 13:48:23,Chamber 2,28-041661e256ff,22.812,T237,42C,off
03/13/2022 13:48:43,Chamber 2,28-041661e256ff,22.812,T237,42C,off
03/13/2022 13:49:03,Chamber 2,28-041661e256ff,22.812,T237,42C,off
03/13/2022 13:49:23,Chamber 2,28-041661e256ff,22.812,T237,42C,off
03/13/2022 13:49:43,Chamber 2,28-041661e256ff,22.812,T237,42C,off
03/13/2022 13:50:03,Chamber 2,28-041661e256ff,22.812,T237,42C,off
03/13/2022 13:50:24,Chamber 2,28-041661e256ff,22.812,T237,42C,off
03/13/2022 13:50:43,Chamber 2,28-041661e256ff,22.812,T237,42C,off
03/13/2022 13:51:03,Chamber 2,28-041661e256ff,22.812,T237,42C,off
03/13/2022 13:51:23,Chamber 2,28-041661e256ff,22.812,T237,42C,off
03/13/2022 13:51:43,Chamber 2,28-041661e256ff,22.812,T237,42C,off
03/13/2022 13:52:03,Chamber 2,28-041661e256ff,22.812,T237,42C,off
03/13/2022 13:52:23,Chamber 2,28-041661e256ff,22.812,T237,42C,off
03/13/2022 13:52:43,Chamber 2,28-041661e256ff,22.812,T237,42C,off
03/13/2022 13:53:04,Chamber 2,28-041661e256ff,22.812,T237,42C,off
03/13/2022 13:53:23,Chamber 2,28-041661e256ff,22.812,T237,42C,off
03/13/2022 13:53:43,Chamber 2,28-041661e256ff,22.812,T237,42C,off
03/13/2022 13:54:03,Chamber 2,28-041661e256ff,22.812,T237,42C,off
03/13/2022 13:54:23,Chamber 2,28-041661e256ff,22.812,T237,42C,off
03/13/2022 13:54:43,Chamber 2,28-041661e256ff,22.812,T237,42C,off
03/13/2022 13:55:03,Chamber 2,28-041661e256ff,22.812,T237,42C,off
03/13/2022 13:55:23,Chamber 2,28-041661e256ff,22.812,T237,42C,off
03/13/2022 13:55:43,Chamber 2,28-041661e256ff,22.812,T237,42C,off
03/13/2022 13:56:03,Chamber 2,28-041661e256ff,22.812,T237,42C,off
03/13/2022 13:56:23,Chamber 2,28-041661e256ff,22.812,T237,42C,off
03/13/2022 13:56:43,Chamber 2,28-041661e256ff,22.812,T237,42C,off
03/13/2022 13:57:03,Chamber 2,28-041661e256ff,22.812,T237,42C,off
03/13/2022 13:57:23,Chamber 2,28-041661e256ff,22.812,T237,42C,off
03/13/2022 13:57:43,Chamber 2,28-041661e256ff,22.812,T237,42C,off
03/13/2022 13:58:03,Chamber 2,28-041661e256ff,22.812,T237,42C,off
03/13/2022 13:58:23,Chamber 2,28-041661e256ff,22.812,T237,42C,off
03/13/2022 13:58:43,Chamber 2,28-041661e256ff,22.812,T237,42C,off
03/13/2022 13:59:03,Chamber 2,28-041661e256ff,22.812,T237,42C,off
03/13/2022 13:59:23,Chamber 2,28-041661e256ff,22.812,T237,42C,off
03/13/2022 13:59:43,Chamber 2,28-041661e256ff,22.812,T237,42C,off
03/13/2022 14:00:02,Chamber 2,28-041661e256ff,22.812,T237,42C,off
03/13/2022 14:00:22,Chamber 2,28-041661e256ff,22.812,T237,42C,off
03/13/2022 14:00:42,Chamber 2,28-041661e256ff,22.812,T237,42C,off
03/13/2022 14:01:02,Chamber 2,28-041661e256ff,22.812,T237,42C,off
03/13/2022 14:01:22,Chamber 2,28-041661e256ff,22.812,T237,42C,off
03/13/2022 14:01:42,Chamber 2,28-041661e256ff,22.812,T237,42C,off
03/13/2022 14:02:02,Chamber 2,28-041661e256ff,22.812,T237,42C,off
03/13/2022 14:02:22,Chamber 2,28-041661e256ff,22.812,T237,42C,off
03/13/2022 14:02:42,Chamber 2,28-041661e256ff,22.812,T237,42C,off
03/13/2022 14:03:02,Chamber 2,28-041661e256ff,22.812,T237,42C,off
03/13/2022 14:03:22,Chamber 2,28-041661e256ff,22.812,T237,42C,off
03/13/2022 14:03:42,Chamber 2,28-041661e256ff,22.812,T237,42C,off
03/13/2022 14:04:02,Chamber 2,28-041661e256ff,22.812,T237,42C,off
03/13/2022 14:04:22,Chamber 2,28-041661e256ff,22.812,T237,42C,off
03/13/2022 14:04:42,Chamber 2,28-041661e256ff,22.812,T237,42C,off
03/13/2022 14:05:02,Chamber 2,28-041661e256ff,22.812,T237,42C,off
03/13/2022 14:05:22,Chamber 2,28-041661e256ff,22.812,T237,42C,off
03/13/2022 14:05:42,Chamber 2,28-041661e256ff,22.812,T237,42C,off
03/13/2022 14:06:02,Chamber 2,28-041661e256ff,22.812,T237,42C,off
03/13/2022 14:06:22,Chamber 2,28-041661e256ff,22.812,T237,42C,off
03/13/2022 14:06:42,Chamber 2,28-041661e256ff,22.812,T237,42C,off
03/13/2022 14:07:02,Chamber 2,28-041661e256ff,22.812,T237,42C,off
03/13/2022 14:07:22,Chamber 2,28-041661e256ff,22.812,T237,42C,off
03/13/2022 14:07:42,Chamber 2,28-041661e256ff,22.812,T237,42C,off
03/13/2022 14:08:03,Chamber 2,28-041661e256ff,22.812,T237,42C,off
03/13/2022 14:08:22,Chamber 2,28-041661e256ff,22.812,T237,42C,off
03/13/2022 14:08:42,Chamber 2,28-041661e256ff,22.812,T237,42C,off
03/13/2022 14:09:02,Chamber 2,28-041661e256ff,22.812,T237,42C,off
03/13/2022 14:09:22,Chamber 2,28-041661e256ff,22.812,T237,42C,off
03/13/2022 14:09:42,Chamber 2,28-041661e256ff,22.812,T237,42C,off
03/13/2022 14:10:03,Chamber 2,28-041661e256ff,22.812,T237,42C,off
03/13/2022 14:10:22,Chamber 2,28-041661e256ff,22.812,T237,42C,off
03/13/2022 14:10:42,Chamber 2,28-041661e256ff,22.812,T237,42C,off
03/13/2022 14:11:02,Chamber 2,28-041661e256ff,22.812,T237,42C,off
03/13/2022 14:11:22,Chamber 2,28-041661e256ff,22.812,T237,42C,off
03/13/2022 14:11:42,Chamber 2,28-041661e256ff,22.812,T237,42C,off
03/13/2022 14:12:02,Chamber 2,28-041661e256ff,22.812,T237,42C,off
03/13/2022 14:12:22,Chamber 2,28-041661e256ff,22.812,T237,42C,off
03/13/2022 14:12:42,Chamber 2,28-041661e256ff,22.812,T237,42C,off
03/13/2022 14:13:02,Chamber 2,28-041661e256ff,22.812,T237,42C,off
03/13/2022 14:13:22,Chamber 2,28-041661e256ff,22.812,T237,42C,off
03/13/2022 14:13:42,Chamber 2,28-041661e256ff,22.812,T237,42C,off
03/13/2022 14:14:02,Chamber 2,28-041661e256ff,22.812,T237,42C,off
03/13/2022 14:14:22,Chamber 2,28-041661e256ff,22.812,T237,42C,off
03/13/2022 14:14:42,Chamber 2,28-041661e256ff,22.812,T237,42C,off
03/13/2022 14:15:02,Chamber 2,28-041661e256ff,22.812,T237,42C,off
03/13/2022 14:15:22,Chamber 2,28-041661e256ff,22.812,T237,42C,off
03/13/2022 14:15:42,Chamber 2,28-041661e256ff,22.812,T237,42C,off
03/13/2022 14:16:02,Chamber 2,28-041661e256ff,22.812,T237,42C,off
03/13/2022 14:16:22,Chamber 2,28-041661e256ff,22.812,T237,42C,off
03/13/2022 14:16:42,Chamber 2,28-041661e256ff,22.812,T237,42C,off
03/13/2022 14:17:02,Chamber 2,28-041661e256ff,22.812,T237,42C,off
03/13/2022 14:17:22,Chamber 2,28-041661e256ff,22.812,T237,42C,off
03/13/2022 14:17:43,Chamber 2,28-041661e256ff,22.812,T237,42C,off
03/13/2022 14:18:03,Chamber 2,28-041661e256ff,22.812,T237,42C,off
03/13/2022 14:18:22,Chamber 2,28-041661e256ff,22.812,T237,42C,off
03/13/2022 14:18:42,Chamber 2,28-041661e256ff,22.812,T237,42C,off
03/13/2022 14:19:02,Chamber 2,28-041661e256ff,22.812,T237,42C,off
03/13/2022 14:19:22,Chamber 2,28-041661e256ff,22.812,T237,42C,off
03/13/2022 14:19:42,Chamber 2,28-041661e256ff,22.812,T237,42C,off
03/13/2022 14:20:02,Chamber 2,28-041661e256ff,22.812,T237,42C,off
03/13/2022 14:20:23,Chamber 2,28-041661e256ff,22.812,T237,42C,off
03/13/2022 14:20:42,Chamber 2,28-041661e256ff,22.812,T237,42C,off
03/13/2022 14:21:02,Chamber 2,28-041661e256ff,22.812,T237,42C,off
03/13/2022 14:21:22,Chamber 2,28-041661e256ff,22.812,T237,42C,off
03/13/2022 14:21:42,Chamber 2,28-041661e256ff,22.812,T237,42C,off
03/13/2022 14:22:02,Chamber 2,28-041661e256ff,22.812,T237,42C,off
03/13/2022 14:22:22,Chamber 2,28-041661e256ff,22.812,T237,42C,off
03/13/2022 14:22:42,Chamber 2,28-041661e256ff,22.812,T237,42C,off
03/13/2022 14:23:02,Chamber 2,28-041661e256ff,22.812,T237,42C,off
03/13/2022 14:23:22,Chamber 2,28-041661e256ff,22.812,T237,42C,off
03/13/2022 14:23:42,Chamber 2,28-041661e256ff,22.812,T237,42C,off
03/13/2022 14:24:02,Chamber 2,28-041661e256ff,22.812,T237,42C,off
03/13/2022 14:24:22,Chamber 2,28-041661e256ff,22.812,T237,42C,off
03/13/2022 14:24:42,Chamber 2,28-041661e256ff,22.812,T237,42C,off
03/13/2022 14:25:02,Chamber 2,28-041661e256ff,22.812,T237,42C,off
03/13/2022 14:25:22,Chamber 2,28-041661e256ff,22.812,T237,42C,off
03/13/2022 14:25:44,Chamber 2,28-041661e256ff,22.812,T237,42C,off
03/13/2022 14:26:02,Chamber 2,28-041661e256ff,22.812,T237,42C,off
03/13/2022 14:26:22,Chamber 2,28-041661e256ff,22.812,T237,42C,off
03/13/2022 14:26:42,Chamber 2,28-041661e256ff,22.812,T237,42C,off
03/13/2022 14:27:02,Chamber 2,28-041661e256ff,22.812,T237,42C,off
03/13/2022 14:27:23,Chamber 2,28-041661e256ff,22.812,T237,42C,off
03/13/2022 14:27:45,Chamber 2,28-041661e256ff,22.812,T237,42C,off
03/13/2022 14:28:02,Chamber 2,28-041661e256ff,22.812,T237,42C,off
03/13/2022 14:28:22,Chamber 2,28-041661e256ff,22.812,T237,42C,off
03/13/2022 14:28:42,Chamber 2,28-041661e256ff,22.812,T237,42C,off
03/13/2022 14:29:04,Chamber 2,28-041661e256ff,22.812,T237,42C,off
03/13/2022 14:29:22,Chamber 2,28-041661e256ff,22.812,T237,42C,off
03/13/2022 14:29:42,Chamber 2,28-041661e256ff,22.812,T237,42C,off
03/13/2022 14:30:04,Chamber 2,28-041661e256ff,22.812,T237,42C,off
03/13/2022 14:30:22,Chamber 2,28-041661e256ff,22.812,T237,42C,off
03/13/2022 14:30:42,Chamber 2,28-041661e256ff,22.812,T237,42C,off
03/13/2022 14:31:02,Chamber 2,28-041661e256ff,22.812,T237,42C,off
03/13/2022 14:31:22,Chamber 2,28-041661e256ff,22.812,T237,42C,off
03/13/2022 14:31:42,Chamber 2,28-041661e256ff,22.812,T237,42C,off
03/13/2022 14:32:02,Chamber 2,28-041661e256ff,22.812,T237,42C,off
03/13/2022 14:32:22,Chamber 2,28-041661e256ff,22.812,T237,42C,off
03/13/2022 14:32:42,Chamber 2,28-041661e256ff,22.812,T237,42C,off
03/13/2022 14:33:02,Chamber 2,28-041661e256ff,22.812,T237,42C,off
03/13/2022 14:33:22,Chamber 2,28-041661e256ff,22.812,T237,42C,off
03/13/2022 14:33:42,Chamber 2,28-041661e256ff,22.812,T237,42C,off
03/13/2022 14:34:02,Chamber 2,28-041661e256ff,22.812,T237,42C,off
03/13/2022 14:34:22,Chamber 2,28-041661e256ff,22.812,T237,42C,off
03/13/2022 14:34:42,Chamber 2,28-041661e256ff,22.812,T237,42C,off
03/13/2022 14:35:02,Chamber 2,28-041661e256ff,22.812,T237,42C,off
03/13/2022 14:35:23,Chamber 2,28-041661e256ff,22.812,T237,42C,off
03/13/2022 14:35:42,Chamber 2,28-041661e256ff,22.812,T237,42C,off
03/13/2022 14:36:02,Chamber 2,28-041661e256ff,22.812,T237,42C,off
03/13/2022 14:36:22,Chamber 2,28-041661e256ff,22.812,T237,42C,off
03/13/2022 14:36:42,Chamber 2,28-041661e256ff,22.812,T237,42C,off
03/13/2022 14:37:02,Chamber 2,28-041661e256ff,22.812,T237,42C,off
03/13/2022 14:37:22,Chamber 2,28-041661e256ff,22.812,T237,42C,off
03/13/2022 14:37:42,Chamber 2,28-041661e256ff,22.812,T237,42C,off
03/13/2022 14:38:02,Chamber 2,28-041661e256ff,22.812,T237,42C,off
03/13/2022 14:38:22,Chamber 2,28-041661e256ff,22.812,T237,42C,off
03/13/2022 14:38:42,Chamber 2,28-041661e256ff,22.812,T237,42C,off
03/13/2022 14:39:02,Chamber 2,28-041661e256ff,22.812,T237,42C,off
03/13/2022 14:39:22,Chamber 2,28-041661e256ff,22.812,T237,42C,off
03/13/2022 14:39:42,Chamber 2,28-041661e256ff,22.812,T237,42C,off
03/13/2022 14:40:02,Chamber 2,28-041661e256ff,22.812,T237,42C,off
03/13/2022 14:40:22,Chamber 2,28-041661e256ff,22.812,T237,42C,off
03/13/2022 14:40:42,Chamber 2,28-041661e256ff,22.812,T237,42C,off
03/13/2022 14:41:02,Chamber 2,28-041661e256ff,22.812,T237,42C,off
03/13/2022 14:41:22,Chamber 2,28-041661e256ff,22.812,T237,42C,off
03/13/2022 14:41:42,Chamber 2,28-041661e256ff,22.812,T237,42C,off
03/13/2022 14:42:02,Chamber 2,28-041661e256ff,22.812,T237,42C,off
03/13/2022 14:42:22,Chamber 2,28-041661e256ff,22.812,T237,42C,off
03/13/2022 14:42:42,Chamber 2,28-041661e256ff,22.812,T237,42C,off
03/13/2022 14:43:02,Chamber 2,28-041661e256ff,22.812,T237,42C,off
03/13/2022 14:43:22,Chamber 2,28-041661e256ff,22.812,T237,42C,off
03/13/2022 14:43:42,Chamber 2,28-041661e256ff,22.812,T237,42C,off
03/13/2022 14:44:02,Chamber 2,28-041661e256ff,22.812,T237,42C,off
03/13/2022 14:44:22,Chamber 2,28-041661e256ff,22.812,T237,42C,off
03/13/2022 14:44:42,Chamber 2,28-041661e256ff,22.812,T237,42C,off
03/13/2022 14:45:02,Chamber 2,28-041661e256ff,22.812,T237,42C,off
03/13/2022 14:45:22,Chamber 2,28-041661e256ff,22.812,T237,42C,off
03/13/2022 14:45:42,Chamber 2,28-041661e256ff,22.812,T237,42C,off
03/13/2022 14:46:02,Chamber 2,28-041661e256ff,22.812,T237,42C,off
03/13/2022 14:46:22,Chamber 2,28-041661e256ff,22.812,T237,42C,off
03/13/2022 14:46:42,Chamber 2,28-041661e256ff,22.812,T237,42C,off
03/13/2022 14:47:02,Chamber 2,28-041661e256ff,22.812,T237,42C,off
03/13/2022 14:47:22,Chamber 2,28-041661e256ff,22.812,T237,42C,off
03/13/2022 14:47:42,Chamber 2,28-041661e256ff,22.812,T237,42C,off
03/13/2022 14:48:02,Chamber 2,28-041661e256ff,22.812,T237,42C,off
03/13/2022 14:48:22,Chamber 2,28-041661e256ff,22.812,T237,42C,off
03/13/2022 14:48:42,Chamber 2,28-041661e256ff,22.812,T237,42C,off
03/13/2022 14:49:02,Chamber 2,28-041661e256ff,22.812,T237,42C,off
03/13/2022 14:49:22,Chamber 2,28-041661e256ff,22.812,T237,42C,off
03/13/2022 14:49:42,Chamber 2,28-041661e256ff,22.812,T237,42C,off
03/13/2022 14:50:02,Chamber 2,28-041661e256ff,22.812,T237,42C,off
03/13/2022 14:50:23,Chamber 2,28-041661e256ff,22.812,T237,42C,off
03/13/2022 14:50:42,Chamber 2,28-041661e256ff,22.812,T237,42C,off
03/13/2022 14:51:02,Chamber 2,28-041661e256ff,22.812,T237,42C,off
03/13/2022 14:51:22,Chamber 2,28-041661e256ff,22.75,T237,42C,off
03/13/2022 14:51:43,Chamber 2,28-041661e256ff,22.75,T237,42C,off
03/13/2022 14:52:04,Chamber 2,28-041661e256ff,22.75,T237,42C,off
03/13/2022 14:52:22,Chamber 2,28-041661e256ff,22.812,T237,42C,off
03/13/2022 14:52:42,Chamber 2,28-041661e256ff,22.812,T237,42C,off
03/13/2022 14:53:02,Chamber 2,28-041661e256ff,22.75,T237,42C,off
03/13/2022 14:53:22,Chamber 2,28-041661e256ff,22.75,T237,42C,off
03/13/2022 14:53:43,Chamber 2,28-041661e256ff,22.75,T237,42C,off
03/13/2022 14:54:02,Chamber 2,28-041661e256ff,22.75,T237,42C,off
03/13/2022 14:54:22,Chamber 2,28-041661e256ff,22.75,T237,42C,off
03/13/2022 14:54:43,Chamber 2,28-041661e256ff,22.75,T237,42C,off
03/13/2022 14:55:02,Chamber 2,28-041661e256ff,22.75,T237,42C,off
03/13/2022 14:55:22,Chamber 2,28-041661e256ff,22.75,T237,42C,off
03/13/2022 14:55:42,Chamber 2,28-041661e256ff,22.75,T237,42C,off
03/13/2022 14:56:02,Chamber 2,28-041661e256ff,22.75,T237,42C,off
03/13/2022 14:56:22,Chamber 2,28-041661e256ff,22.75,T237,42C,off
03/13/2022 14:56:42,Chamber 2,28-041661e256ff,22.75,T237,42C,off
03/13/2022 14:57:02,Chamber 2,28-041661e256ff,22.812,T237,42C,off
03/13/2022 14:57:22,Chamber 2,28-041661e256ff,22.812,T237,42C,off
03/13/2022 14:57:42,Chamber 2,28-041661e256ff,22.812,T237,42C,off
03/13/2022 14:58:02,Chamber 2,28-041661e256ff,22.812,T237,42C,off
03/13/2022 14:58:22,Chamber 2,28-041661e256ff,22.812,T237,42C,off
03/13/2022 14:58:42,Chamber 2,28-041661e256ff,22.812,T237,42C,off
03/13/2022 14:59:02,Chamber 2,28-041661e256ff,22.812,T237,42C,off
03/13/2022 14:59:22,Chamber 2,28-041661e256ff,22.812,T237,42C,off
03/13/2022 14:59:42,Chamber 2,28-041661e256ff,22.812,T237,42C,off
03/13/2022 15:00:02,Chamber 2,28-041661e256ff,22.812,T237,42C,off
03/13/2022 15:00:23,Chamber 2,28-041661e256ff,22.812,T237,42C,off
03/13/2022 15:00:43,Chamber 2,28-041661e256ff,22.812,T237,42C,off
03/13/2022 15:01:03,Chamber 2,28-041661e256ff,22.812,T237,42C,off
03/13/2022 15:01:23,Chamber 2,28-041661e256ff,22.812,T237,42C,off
03/13/2022 15:01:43,Chamber 2,28-041661e256ff,22.812,T237,42C,off
03/13/2022 15:02:03,Chamber 2,28-041661e256ff,22.812,T237,42C,off
03/13/2022 15:02:23,Chamber 2,28-041661e256ff,22.812,T237,42C,off
03/13/2022 15:02:43,Chamber 2,28-041661e256ff,22.812,T237,42C,off
03/13/2022 15:03:03,Chamber 2,28-041661e256ff,22.812,T237,42C,off
03/13/2022 15:03:23,Chamber 2,28-041661e256ff,22.812,T237,42C,off
03/13/2022 15:03:43,Chamber 2,28-041661e256ff,22.812,T237,42C,off
03/13/2022 15:04:03,Chamber 2,28-041661e256ff,22.812,T237,42C,off
03/13/2022 15:04:23,Chamber 2,28-041661e256ff,22.812,T237,42C,off
03/13/2022 15:04:42,Chamber 2,28-041661e256ff,22.812,T237,42C,off
03/13/2022 15:05:03,Chamber 2,28-041661e256ff,22.812,T237,42C,off
03/13/2022 15:05:23,Chamber 2,28-041661e256ff,22.812,T237,42C,off
03/13/2022 15:05:43,Chamber 2,28-041661e256ff,22.812,T237,42C,off
03/13/2022 15:06:03,Chamber 2,28-041661e256ff,22.812,T237,42C,off
03/13/2022 15:06:23,Chamber 2,28-041661e256ff,22.812,T237,42C,off
03/13/2022 15:06:43,Chamber 2,28-041661e256ff,22.812,T237,42C,off
03/13/2022 15:07:03,Chamber 2,28-041661e256ff,22.812,T237,42C,off
03/13/2022 15:07:23,Chamber 2,28-041661e256ff,22.812,T237,42C,off
03/13/2022 15:07:43,Chamber 2,28-041661e256ff,22.812,T237,42C,off
03/13/2022 15:08:03,Chamber 2,28-041661e256ff,22.812,T237,42C,off
03/13/2022 15:08:23,Chamber 2,28-041661e256ff,22.812,T237,42C,off
03/13/2022 15:08:43,Chamber 2,28-041661e256ff,22.812,T237,42C,off
03/13/2022 15:09:03,Chamber 2,28-041661e256ff,22.812,T237,42C,off
03/13/2022 15:09:23,Chamber 2,28-041661e256ff,22.812,T237,42C,off
03/13/2022 15:09:43,Chamber 2,28-041661e256ff,22.812,T237,42C,off
03/13/2022 15:10:03,Chamber 2,28-041661e256ff,22.812,T237,42C,off
03/13/2022 15:10:23,Chamber 2,28-041661e256ff,22.812,T237,42C,off
03/13/2022 15:10:43,Chamber 2,28-041661e256ff,22.812,T237,42C,off
03/13/2022 15:11:03,Chamber 2,28-041661e256ff,22.812,T237,42C,off
03/13/2022 15:11:23,Chamber 2,28-041661e256ff,22.812,T237,42C,off
03/13/2022 15:11:43,Chamber 2,28-041661e256ff,22.812,T237,42C,off
03/13/2022 15:12:03,Chamber 2,28-041661e256ff,22.812,T237,42C,off
03/13/2022 15:12:23,Chamber 2,28-041661e256ff,22.812,T237,42C,off
03/13/2022 15:12:43,Chamber 2,28-041661e256ff,22.812,T237,42C,off
03/13/2022 15:13:03,Chamber 2,28-041661e256ff,22.812,T237,42C,off
03/13/2022 15:13:23,Chamber 2,28-041661e256ff,22.812,T237,42C,off
03/13/2022 15:13:43,Chamber 2,28-041661e256ff,22.812,T237,42C,off
03/13/2022 15:14:03,Chamber 2,28-041661e256ff,22.812,T237,42C,off
03/13/2022 15:14:23,Chamber 2,28-041661e256ff,22.812,T237,42C,off
03/13/2022 15:14:43,Chamber 2,28-041661e256ff,22.812,T237,42C,off
03/13/2022 15:15:03,Chamber 2,28-041661e256ff,22.812,T237,42C,off
03/13/2022 15:15:23,Chamber 2,28-041661e256ff,22.812,T237,42C,off
03/13/2022 15:15:43,Chamber 2,28-041661e256ff,22.812,T237,42C,off
03/13/2022 15:16:03,Chamber 2,28-041661e256ff,22.812,T237,42C,off
03/13/2022 15:16:23,Chamber 2,28-041661e256ff,22.812,T237,42C,off
03/13/2022 15:16:43,Chamber 2,28-041661e256ff,22.812,T237,42C,off
03/13/2022 15:17:03,Chamber 2,28-041661e256ff,22.812,T237,42C,off
03/13/2022 15:17:23,Chamber 2,28-041661e256ff,22.812,T237,42C,off
03/13/2022 15:17:43,Chamber 2,28-041661e256ff,22.75,T237,42C,off
03/13/2022 15:18:03,Chamber 2,28-041661e256ff,22.75,T237,42C,off
03/13/2022 15:18:23,Chamber 2,28-041661e256ff,22.75,T237,42C,off
03/13/2022 15:18:43,Chamber 2,28-041661e256ff,22.812,T237,42C,off
03/13/2022 15:19:03,Chamber 2,28-041661e256ff,22.812,T237,42C,off
03/13/2022 15:19:23,Chamber 2,28-041661e256ff,22.812,T237,42C,off
03/13/2022 15:19:43,Chamber 2,28-041661e256ff,22.812,T237,42C,off
03/13/2022 15:20:03,Chamber 2,28-041661e256ff,22.812,T237,42C,off
03/13/2022 15:20:23,Chamber 2,28-041661e256ff,22.812,T237,42C,off
03/13/2022 15:20:42,Chamber 2,28-041661e256ff,22.812,T237,42C,off
03/13/2022 15:21:03,Chamber 2,28-041661e256ff,22.812,T237,42C,off
03/13/2022 15:21:23,Chamber 2,28-041661e256ff,22.75,T237,42C,off
03/13/2022 15:21:43,Chamber 2,28-041661e256ff,22.812,T237,42C,off
03/13/2022 15:22:03,Chamber 2,28-041661e256ff,22.812,T237,42C,off
03/13/2022 15:22:23,Chamber 2,28-041661e256ff,22.812,T237,42C,off
03/13/2022 15:22:43,Chamber 2,28-041661e256ff,22.812,T237,42C,off
03/13/2022 15:23:03,Chamber 2,28-041661e256ff,22.812,T237,42C,off
03/13/2022 15:23:23,Chamber 2,28-041661e256ff,22.812,T237,42C,off
03/13/2022 15:23:43,Chamber 2,28-041661e256ff,22.812,T237,42C,off
03/13/2022 15:24:03,Chamber 2,28-041661e256ff,22.812,T237,42C,off
03/13/2022 15:24:23,Chamber 2,28-041661e256ff,22.812,T237,42C,off
03/13/2022 15:24:43,Chamber 2,28-041661e256ff,22.812,T237,42C,off
03/13/2022 15:25:03,Chamber 2,28-041661e256ff,22.812,T237,42C,off
03/13/2022 15:25:23,Chamber 2,28-041661e256ff,22.812,T237,42C,off
03/13/2022 15:25:43,Chamber 2,28-041661e256ff,22.812,T237,42C,off
03/13/2022 15:26:03,Chamber 2,28-041661e256ff,22.812,T237,42C,off
03/13/2022 15:26:23,Chamber 2,28-041661e256ff,22.812,T237,42C,off
03/13/2022 15:26:43,Chamber 2,28-041661e256ff,22.812,T237,42C,off
03/13/2022 15:27:03,Chamber 2,28-041661e256ff,22.812,T237,42C,off
03/13/2022 15:27:23,Chamber 2,28-041661e256ff,22.812,T237,42C,off
03/13/2022 15:27:43,Chamber 2,28-041661e256ff,22.812,T237,42C,off
03/13/2022 15:28:03,Chamber 2,28-041661e256ff,22.75,T237,42C,off
03/13/2022 15:28:23,Chamber 2,28-041661e256ff,22.75,T237,42C,off
03/13/2022 15:28:42,Chamber 2,28-041661e256ff,22.75,T237,42C,off
03/13/2022 15:29:03,Chamber 2,28-041661e256ff,22.75,T237,42C,off
03/13/2022 15:29:23,Chamber 2,28-041661e256ff,22.812,T237,42C,off
03/13/2022 15:29:43,Chamber 2,28-041661e256ff,22.812,T237,42C,off
03/13/2022 15:30:03,Chamber 2,28-041661e256ff,22.812,T237,42C,off
03/13/2022 15:30:23,Chamber 2,28-041661e256ff,22.812,T237,42C,off
03/13/2022 15:30:43,Chamber 2,28-041661e256ff,22.812,T237,42C,off
03/13/2022 15:31:03,Chamber 2,28-041661e256ff,22.812,T237,42C,off
03/13/2022 15:31:23,Chamber 2,28-041661e256ff,22.812,T237,42C,off
03/13/2022 15:31:43,Chamber 2,28-041661e256ff,22.812,T237,42C,off
03/13/2022 15:32:03,Chamber 2,28-041661e256ff,22.812,T237,42C,off
03/13/2022 15:32:23,Chamber 2,28-041661e256ff,22.812,T237,42C,off
03/13/2022 15:32:43,Chamber 2,28-041661e256ff,22.812,T237,42C,off
03/13/2022 15:33:03,Chamber 2,28-041661e256ff,22.812,T237,42C,off
03/13/2022 15:33:23,Chamber 2,28-041661e256ff,22.812,T237,42C,off
03/13/2022 15:33:43,Chamber 2,28-041661e256ff,22.812,T237,42C,off
03/13/2022 15:34:03,Chamber 2,28-041661e256ff,22.75,T237,42C,off
03/13/2022 15:34:23,Chamber 2,28-041661e256ff,22.812,T237,42C,off
03/13/2022 15:34:43,Chamber 2,28-041661e256ff,22.75,T237,42C,off
03/13/2022 15:35:03,Chamber 2,28-041661e256ff,22.812,T237,42C,off
03/13/2022 15:35:23,Chamber 2,28-041661e256ff,22.75,T237,42C,off
03/13/2022 15:35:43,Chamber 2,28-041661e256ff,22.75,T237,42C,off
03/13/2022 15:36:03,Chamber 2,28-041661e256ff,22.75,T237,42C,off
03/13/2022 15:36:23,Chamber 2,28-041661e256ff,22.75,T237,42C,off
03/13/2022 15:36:43,Chamber 2,28-041661e256ff,22.75,T237,42C,off
03/13/2022 15:37:03,Chamber 2,28-041661e256ff,22.75,T237,42C,off
03/13/2022 15:37:23,Chamber 2,28-041661e256ff,22.75,T237,42C,off
03/13/2022 15:37:43,Chamber 2,28-041661e256ff,22.75,T237,42C,off
03/13/2022 15:38:03,Chamber 2,28-041661e256ff,22.75,T237,42C,off
03/13/2022 15:38:23,Chamber 2,28-041661e256ff,22.75,T237,42C,off
03/13/2022 15:38:43,Chamber 2,28-041661e256ff,22.75,T237,42C,off
03/13/2022 15:39:03,Chamber 2,28-041661e256ff,22.75,T237,42C,off
03/13/2022 15:39:23,Chamber 2,28-041661e256ff,22.75,T237,42C,off
03/13/2022 15:39:42,Chamber 2,28-041661e256ff,22.75,T237,42C,off
03/13/2022 15:40:03,Chamber 2,28-041661e256ff,22.75,T237,42C,off
03/13/2022 15:40:23,Chamber 2,28-041661e256ff,22.75,T237,42C,off
03/13/2022 15:40:43,Chamber 2,28-041661e256ff,22.75,T237,42C,off
03/13/2022 15:41:03,Chamber 2,28-041661e256ff,22.812,T237,42C,off
03/13/2022 15:41:23,Chamber 2,28-041661e256ff,22.812,T237,42C,off
03/13/2022 15:41:43,Chamber 2,28-041661e256ff,22.812,T237,42C,off
03/13/2022 15:42:03,Chamber 2,28-041661e256ff,22.75,T237,42C,off
03/13/2022 15:42:23,Chamber 2,28-041661e256ff,22.812,T237,42C,off
03/13/2022 15:42:43,Chamber 2,28-041661e256ff,22.75,T237,42C,off
03/13/2022 15:43:03,Chamber 2,28-041661e256ff,22.75,T237,42C,off
03/13/2022 15:43:23,Chamber 2,28-041661e256ff,22.75,T237,42C,off
03/13/2022 15:43:43,Chamber 2,28-041661e256ff,22.75,T237,42C,off
03/13/2022 15:44:03,Chamber 2,28-041661e256ff,22.75,T237,42C,off
03/13/2022 15:44:23,Chamber 2,28-041661e256ff,22.812,T237,42C,off
03/13/2022 15:44:43,Chamber 2,28-041661e256ff,22.812,T237,42C,off
03/13/2022 15:45:03,Chamber 2,28-041661e256ff,22.812,T237,42C,off
03/13/2022 15:45:23,Chamber 2,28-041661e256ff,22.812,T237,42C,off
03/13/2022 15:45:43,Chamber 2,28-041661e256ff,22.812,T237,42C,off
03/13/2022 15:46:03,Chamber 2,28-041661e256ff,22.812,T237,42C,off
03/13/2022 15:46:23,Chamber 2,28-041661e256ff,22.812,T237,42C,off
03/13/2022 15:46:43,Chamber 2,28-041661e256ff,22.812,T237,42C,off
03/13/2022 15:47:03,Chamber 2,28-041661e256ff,22.812,T237,42C,off
03/13/2022 15:47:23,Chamber 2,28-041661e256ff,22.812,T237,42C,off
03/13/2022 15:47:43,Chamber 2,28-041661e256ff,22.812,T237,42C,off
03/13/2022 15:48:03,Chamber 2,28-041661e256ff,22.812,T237,42C,off
03/13/2022 15:48:23,Chamber 2,28-041661e256ff,22.812,T237,42C,off
03/13/2022 15:48:43,Chamber 2,28-041661e256ff,22.812,T237,42C,off
03/13/2022 15:49:03,Chamber 2,28-041661e256ff,22.812,T237,42C,off
03/13/2022 15:49:23,Chamber 2,28-041661e256ff,22.812,T237,42C,off
03/13/2022 15:49:43,Chamber 2,28-041661e256ff,22.812,T237,42C,off
03/13/2022 15:50:03,Chamber 2,28-041661e256ff,22.812,T237,42C,off
03/13/2022 15:50:23,Chamber 2,28-041661e256ff,22.812,T237,42C,off
03/13/2022 15:50:43,Chamber 2,28-041661e256ff,22.812,T237,42C,off
03/13/2022 15:51:03,Chamber 2,28-041661e256ff,22.812,T237,42C,off
03/13/2022 15:51:23,Chamber 2,28-041661e256ff,22.812,T237,42C,off
03/13/2022 15:51:43,Chamber 2,28-041661e256ff,22.812,T237,42C,off
03/13/2022 15:52:07,Chamber 2,28-041661e256ff,22.812,T237,42C,off
03/13/2022 15:52:23,Chamber 2,28-041661e256ff,22.812,T237,42C,off
03/13/2022 15:52:43,Chamber 2,28-041661e256ff,22.812,T237,42C,off
03/13/2022 15:53:03,Chamber 2,28-041661e256ff,22.812,T237,42C,off
03/13/2022 15:53:23,Chamber 2,28-041661e256ff,22.812,T237,42C,off
03/13/2022 15:53:44,Chamber 2,28-041661e256ff,22.812,T237,42C,off
03/13/2022 15:54:03,Chamber 2,28-041661e256ff,22.812,T237,42C,off
03/13/2022 15:54:23,Chamber 2,28-041661e256ff,22.812,T237,42C,off
03/13/2022 15:54:43,Chamber 2,28-041661e256ff,22.812,T237,42C,off
03/13/2022 15:55:03,Chamber 2,28-041661e256ff,22.812,T237,42C,off
03/13/2022 15:55:23,Chamber 2,28-041661e256ff,22.812,T237,42C,off
03/13/2022 15:55:43,Chamber 2,28-041661e256ff,22.812,T237,42C,off
03/13/2022 15:56:03,Chamber 2,28-041661e256ff,22.812,T237,42C,off
03/13/2022 15:56:23,Chamber 2,28-041661e256ff,22.812,T237,42C,off
03/13/2022 15:56:43,Chamber 2,28-041661e256ff,22.812,T237,42C,off
03/13/2022 15:57:02,Chamber 2,28-041661e256ff,22.812,T237,42C,off
03/13/2022 15:57:23,Chamber 2,28-041661e256ff,22.812,T237,42C,off
03/13/2022 15:57:43,Chamber 2,28-041661e256ff,22.812,T237,42C,off
03/13/2022 15:58:03,Chamber 2,28-041661e256ff,22.812,T237,42C,off
03/13/2022 15:58:23,Chamber 2,28-041661e256ff,22.812,T237,42C,off
03/13/2022 15:58:43,Chamber 2,28-041661e256ff,22.812,T237,42C,off
03/13/2022 15:59:03,Chamber 2,28-041661e256ff,22.812,T237,42C,off
03/13/2022 15:59:23,Chamber 2,28-041661e256ff,22.812,T237,42C,off
03/13/2022 15:59:43,Chamber 2,28-041661e256ff,22.812,T237,42C,off
03/13/2022 16:00:02,Chamber 2,28-041661e256ff,22.75,T237,42C,off
03/13/2022 16:00:22,Chamber 2,28-041661e256ff,22.812,T237,42C,off
03/13/2022 16:00:42,Chamber 2,28-041661e256ff,22.812,T237,42C,off
03/13/2022 16:01:02,Chamber 2,28-041661e256ff,22.812,T237,42C,off
03/13/2022 16:01:22,Chamber 2,28-041661e256ff,22.812,T237,42C,off
03/13/2022 16:01:42,Chamber 2,28-041661e256ff,22.812,T237,42C,off
03/13/2022 16:02:03,Chamber 2,28-041661e256ff,22.812,T237,42C,off
03/13/2022 16:02:22,Chamber 2,28-041661e256ff,22.75,T237,42C,off
03/13/2022 16:02:42,Chamber 2,28-041661e256ff,22.75,T237,42C,off
03/13/2022 16:03:02,Chamber 2,28-041661e256ff,22.75,T237,42C,off
03/13/2022 16:03:24,Chamber 2,28-041661e256ff,22.812,T237,42C,off
03/13/2022 16:03:42,Chamber 2,28-041661e256ff,22.812,T237,42C,off
03/13/2022 16:04:02,Chamber 2,28-041661e256ff,22.75,T237,42C,off
03/13/2022 16:04:22,Chamber 2,28-041661e256ff,22.75,T237,42C,off
03/13/2022 16:04:42,Chamber 2,28-041661e256ff,22.75,T237,42C,off
03/13/2022 16:05:02,Chamber 2,28-041661e256ff,22.812,T237,42C,off
03/13/2022 16:05:22,Chamber 2,28-041661e256ff,22.812,T237,42C,off
03/13/2022 16:05:42,Chamber 2,28-041661e256ff,22.812,T237,42C,off
03/13/2022 16:06:02,Chamber 2,28-041661e256ff,22.812,T237,42C,off
03/13/2022 16:06:22,Chamber 2,28-041661e256ff,22.812,T237,42C,off
03/13/2022 16:06:42,Chamber 2,28-041661e256ff,22.812,T237,42C,off
03/13/2022 16:07:02,Chamber 2,28-041661e256ff,22.812,T237,42C,off
03/13/2022 16:07:22,Chamber 2,28-041661e256ff,22.812,T237,42C,off
03/13/2022 16:07:42,Chamber 2,28-041661e256ff,22.812,T237,42C,off
03/13/2022 16:08:02,Chamber 2,28-041661e256ff,22.812,T237,42C,off
03/13/2022 16:08:23,Chamber 2,28-041661e256ff,22.812,T237,42C,off
03/13/2022 16:08:42,Chamber 2,28-041661e256ff,22.812,T237,42C,off
03/13/2022 16:09:02,Chamber 2,28-041661e256ff,22.812,T237,42C,off
03/13/2022 16:09:22,Chamber 2,28-041661e256ff,22.812,T237,42C,off
03/13/2022 16:09:42,Chamber 2,28-041661e256ff,22.812,T237,42C,off
03/13/2022 16:10:02,Chamber 2,28-041661e256ff,22.812,T237,42C,off
03/13/2022 16:10:22,Chamber 2,28-041661e256ff,22.812,T237,42C,off
03/13/2022 16:10:42,Chamber 2,28-041661e256ff,22.812,T237,42C,off
03/13/2022 16:11:02,Chamber 2,28-041661e256ff,22.812,T237,42C,off
03/13/2022 16:11:22,Chamber 2,28-041661e256ff,22.812,T237,42C,off
03/13/2022 16:11:42,Chamber 2,28-041661e256ff,22.812,T237,42C,off
03/13/2022 16:12:02,Chamber 2,28-041661e256ff,22.812,T237,42C,off
03/13/2022 16:12:22,Chamber 2,28-041661e256ff,22.812,T237,42C,off
03/13/2022 16:12:42,Chamber 2,28-041661e256ff,22.812,T237,42C,off
03/13/2022 16:13:02,Chamber 2,28-041661e256ff,22.812,T237,42C,off
03/13/2022 16:13:22,Chamber 2,28-041661e256ff,22.812,T237,42C,off
03/13/2022 16:13:42,Chamber 2,28-041661e256ff,22.812,T237,42C,off
03/13/2022 16:14:02,Chamber 2,28-041661e256ff,22.812,T237,42C,off
03/13/2022 16:14:22,Chamber 2,28-041661e256ff,22.812,T237,42C,off
03/13/2022 16:14:42,Chamber 2,28-041661e256ff,22.812,T237,42C,off
03/13/2022 16:15:02,Chamber 2,28-041661e256ff,22.812,T237,42C,off
03/13/2022 16:15:22,Chamber 2,28-041661e256ff,22.812,T237,42C,off
03/13/2022 16:15:42,Chamber 2,28-041661e256ff,22.812,T237,42C,off
03/13/2022 16:16:02,Chamber 2,28-041661e256ff,22.812,T237,42C,off
03/13/2022 16:16:22,Chamber 2,28-041661e256ff,22.812,T237,42C,off
03/13/2022 16:16:42,Chamber 2,28-041661e256ff,22.812,T237,42C,off
03/13/2022 16:17:02,Chamber 2,28-041661e256ff,22.75,T237,42C,off
03/13/2022 16:17:22,Chamber 2,28-041661e256ff,22.75,T237,42C,off
03/13/2022 16:17:42,Chamber 2,28-041661e256ff,22.75,T237,42C,off
03/13/2022 16:18:02,Chamber 2,28-041661e256ff,22.75,T237,42C,off
03/13/2022 16:18:22,Chamber 2,28-041661e256ff,22.812,T237,42C,off
03/13/2022 16:18:42,Chamber 2,28-041661e256ff,22.812,T237,42C,off
03/13/2022 16:19:02,Chamber 2,28-041661e256ff,22.75,T237,42C,off
03/13/2022 16:19:22,Chamber 2,28-041661e256ff,22.75,T237,42C,off
03/13/2022 16:19:43,Chamber 2,28-041661e256ff,22.75,T237,42C,off
03/13/2022 16:20:02,Chamber 2,28-041661e256ff,22.75,T237,42C,off
03/13/2022 16:20:22,Chamber 2,28-041661e256ff,22.75,T237,42C,off
03/13/2022 16:20:42,Chamber 2,28-041661e256ff,22.812,T237,42C,off
03/13/2022 16:21:02,Chamber 2,28-041661e256ff,22.812,T237,42C,off
03/13/2022 16:21:22,Chamber 2,28-041661e256ff,22.75,T237,42C,off
03/13/2022 16:21:42,Chamber 2,28-041661e256ff,22.812,T237,42C,off
03/13/2022 16:22:02,Chamber 2,28-041661e256ff,22.812,T237,42C,off
03/13/2022 16:22:22,Chamber 2,28-041661e256ff,22.812,T237,42C,off
03/13/2022 16:22:42,Chamber 2,28-041661e256ff,22.812,T237,42C,off
03/13/2022 16:23:03,Chamber 2,28-041661e256ff,22.812,T237,42C,off
03/13/2022 16:23:22,Chamber 2,28-041661e256ff,22.812,T237,42C,off
03/13/2022 16:23:42,Chamber 2,28-041661e256ff,22.812,T237,42C,off
03/13/2022 16:24:02,Chamber 2,28-041661e256ff,22.812,T237,42C,off
03/13/2022 16:24:22,Chamber 2,28-041661e256ff,22.812,T237,42C,off
03/13/2022 16:24:42,Chamber 2,28-041661e256ff,22.812,T237,42C,off
03/13/2022 16:25:02,Chamber 2,28-041661e256ff,22.812,T237,42C,off
03/13/2022 16:25:22,Chamber 2,28-041661e256ff,22.812,T237,42C,off
03/13/2022 16:25:42,Chamber 2,28-041661e256ff,22.812,T237,42C,off
03/13/2022 16:26:02,Chamber 2,28-041661e256ff,22.812,T237,42C,off
03/13/2022 16:26:22,Chamber 2,28-041661e256ff,22.812,T237,42C,off
03/13/2022 16:26:42,Chamber 2,28-041661e256ff,22.812,T237,42C,off
03/13/2022 16:27:02,Chamber 2,28-041661e256ff,22.812,T237,42C,off
03/13/2022 16:27:22,Chamber 2,28-041661e256ff,22.812,T237,42C,off
03/13/2022 16:27:42,Chamber 2,28-041661e256ff,22.812,T237,42C,off
03/13/2022 16:28:03,Chamber 2,28-041661e256ff,22.812,T237,42C,off
03/13/2022 16:28:22,Chamber 2,28-041661e256ff,22.812,T237,42C,off
03/13/2022 16:28:42,Chamber 2,28-041661e256ff,22.812,T237,42C,off
03/13/2022 16:29:02,Chamber 2,28-041661e256ff,22.812,T237,42C,off
03/13/2022 16:29:24,Chamber 2,28-041661e256ff,22.812,T237,42C,off
03/13/2022 16:29:42,Chamber 2,28-041661e256ff,22.812,T237,42C,off
03/13/2022 16:30:02,Chamber 2,28-041661e256ff,22.812,T237,42C,off
03/13/2022 16:30:22,Chamber 2,28-041661e256ff,22.812,T237,42C,off
03/13/2022 16:30:42,Chamber 2,28-041661e256ff,22.812,T237,42C,off
03/13/2022 16:31:02,Chamber 2,28-041661e256ff,22.812,T237,42C,off
03/13/2022 16:31:22,Chamber 2,28-041661e256ff,22.812,T237,42C,off
03/13/2022 16:31:42,Chamber 2,28-041661e256ff,22.75,T237,42C,off
03/13/2022 16:32:02,Chamber 2,28-041661e256ff,22.812,T237,42C,off
03/13/2022 16:32:22,Chamber 2,28-041661e256ff,22.812,T237,42C,off
03/13/2022 16:32:42,Chamber 2,28-041661e256ff,22.812,T237,42C,off
03/13/2022 16:33:02,Chamber 2,28-041661e256ff,22.812,T237,42C,off
03/13/2022 16:33:22,Chamber 2,28-041661e256ff,22.812,T237,42C,off
03/13/2022 16:33:42,Chamber 2,28-041661e256ff,22.812,T237,42C,off
03/13/2022 16:34:02,Chamber 2,28-041661e256ff,22.812,T237,42C,off
03/13/2022 16:34:22,Chamber 2,28-041661e256ff,22.812,T237,42C,off
03/13/2022 16:34:42,Chamber 2,28-041661e256ff,22.812,T237,42C,off
03/13/2022 16:35:02,Chamber 2,28-041661e256ff,22.812,T237,42C,off
03/13/2022 16:35:22,Chamber 2,28-041661e256ff,22.812,T237,42C,off
03/13/2022 16:35:42,Chamber 2,28-041661e256ff,22.812,T237,42C,off
03/13/2022 16:36:02,Chamber 2,28-041661e256ff,22.812,T237,42C,off
03/13/2022 16:36:22,Chamber 2,28-041661e256ff,22.812,T237,42C,off
03/13/2022 16:36:42,Chamber 2,28-041661e256ff,22.812,T237,42C,off
03/13/2022 16:37:02,Chamber 2,28-041661e256ff,22.812,T237,42C,off
03/13/2022 16:37:22,Chamber 2,28-041661e256ff,22.812,T237,42C,off
03/13/2022 16:37:42,Chamber 2,28-041661e256ff,22.812,T237,42C,off
03/13/2022 16:38:02,Chamber 2,28-041661e256ff,22.812,T237,42C,off
03/13/2022 16:38:23,Chamber 2,28-041661e256ff,22.812,T237,42C,off
03/13/2022 16:38:42,Chamber 2,28-041661e256ff,22.812,T237,42C,off
03/13/2022 16:39:02,Chamber 2,28-041661e256ff,22.75,T237,42C,off
03/13/2022 16:39:22,Chamber 2,28-041661e256ff,22.75,T237,42C,off
03/13/2022 16:39:43,Chamber 2,28-041661e256ff,22.812,T237,42C,off
03/13/2022 16:40:02,Chamber 2,28-041661e256ff,22.812,T237,42C,off
03/13/2022 16:40:22,Chamber 2,28-041661e256ff,22.812,T237,42C,off
03/13/2022 16:40:42,Chamber 2,28-041661e256ff,22.812,T237,42C,off
03/13/2022 16:41:02,Chamber 2,28-041661e256ff,22.812,T237,42C,off
03/13/2022 16:41:22,Chamber 2,28-041661e256ff,22.812,T237,42C,off
03/13/2022 16:41:42,Chamber 2,28-041661e256ff,22.812,T237,42C,off
03/13/2022 16:42:02,Chamber 2,28-041661e256ff,22.812,T237,42C,off
03/13/2022 16:42:22,Chamber 2,28-041661e256ff,22.812,T237,42C,off
03/13/2022 16:42:42,Chamber 2,28-041661e256ff,22.812,T237,42C,off
03/13/2022 16:43:02,Chamber 2,28-041661e256ff,22.812,T237,42C,off
03/13/2022 16:43:22,Chamber 2,28-041661e256ff,22.812,T237,42C,off
03/13/2022 16:43:42,Chamber 2,28-041661e256ff,22.812,T237,42C,off
03/13/2022 16:44:02,Chamber 2,28-041661e256ff,22.812,T237,42C,off
03/13/2022 16:44:22,Chamber 2,28-041661e256ff,22.812,T237,42C,off
03/13/2022 16:44:42,Chamber 2,28-041661e256ff,22.812,T237,42C,off
03/13/2022 16:45:02,Chamber 2,28-041661e256ff,22.812,T237,42C,off
03/13/2022 16:45:22,Chamber 2,28-041661e256ff,22.75,T237,42C,off
03/13/2022 16:45:42,Chamber 2,28-041661e256ff,22.812,T237,42C,off
03/13/2022 16:46:02,Chamber 2,28-041661e256ff,22.812,T237,42C,off
03/13/2022 16:46:23,Chamber 2,28-041661e256ff,22.812,T237,42C,off
03/13/2022 16:46:42,Chamber 2,28-041661e256ff,22.812,T237,42C,off
03/13/2022 16:47:02,Chamber 2,28-041661e256ff,22.812,T237,42C,off
03/13/2022 16:47:22,Chamber 2,28-041661e256ff,22.812,T237,42C,off
03/13/2022 16:47:42,Chamber 2,28-041661e256ff,22.812,T237,42C,off
03/13/2022 16:48:02,Chamber 2,28-041661e256ff,22.812,T237,42C,off
03/13/2022 16:48:22,Chamber 2,28-041661e256ff,22.812,T237,42C,off
03/13/2022 16:48:42,Chamber 2,28-041661e256ff,22.812,T237,42C,off
03/13/2022 16:49:02,Chamber 2,28-041661e256ff,22.812,T237,42C,off
03/13/2022 16:49:22,Chamber 2,28-041661e256ff,22.812,T237,42C,off
03/13/2022 16:49:42,Chamber 2,28-041661e256ff,22.812,T237,42C,off
03/13/2022 16:50:02,Chamber 2,28-041661e256ff,22.812,T237,42C,off
03/13/2022 16:50:22,Chamber 2,28-041661e256ff,22.812,T237,42C,off
03/13/2022 16:50:42,Chamber 2,28-041661e256ff,22.812,T237,42C,off
03/13/2022 16:51:02,Chamber 2,28-041661e256ff,22.812,T237,42C,off
03/13/2022 16:51:22,Chamber 2,28-041661e256ff,22.75,T237,42C,off
03/13/2022 16:51:42,Chamber 2,28-041661e256ff,22.75,T237,42C,off
03/13/2022 16:52:02,Chamber 2,28-041661e256ff,22.75,T237,42C,off
03/13/2022 16:52:23,Chamber 2,28-041661e256ff,22.812,T237,42C,off
03/13/2022 16:52:42,Chamber 2,28-041661e256ff,22.812,T237,42C,off
03/13/2022 16:53:02,Chamber 2,28-041661e256ff,22.812,T237,42C,off
03/13/2022 16:53:22,Chamber 2,28-041661e256ff,22.812,T237,42C,off
03/13/2022 16:53:42,Chamber 2,28-041661e256ff,22.812,T237,42C,off
03/13/2022 16:54:02,Chamber 2,28-041661e256ff,22.812,T237,42C,off
03/13/2022 16:54:22,Chamber 2,28-041661e256ff,22.812,T237,42C,off
03/13/2022 16:54:42,Chamber 2,28-041661e256ff,22.812,T237,42C,off
03/13/2022 16:55:02,Chamber 2,28-041661e256ff,22.812,T237,42C,off
03/13/2022 16:55:23,Chamber 2,28-041661e256ff,22.812,T237,42C,off
03/13/2022 16:55:43,Chamber 2,28-041661e256ff,22.812,T237,42C,off
03/13/2022 16:56:02,Chamber 2,28-041661e256ff,22.812,T237,42C,off
03/13/2022 16:56:23,Chamber 2,28-041661e256ff,22.812,T237,42C,off
03/13/2022 16:56:42,Chamber 2,28-041661e256ff,22.812,T237,42C,off
03/13/2022 16:57:02,Chamber 2,28-041661e256ff,22.812,T237,42C,off
03/13/2022 16:57:22,Chamber 2,28-041661e256ff,22.812,T237,42C,off
03/13/2022 16:57:42,Chamber 2,28-041661e256ff,22.812,T237,42C,off
03/13/2022 16:58:02,Chamber 2,28-041661e256ff,22.812,T237,42C,off
03/13/2022 16:58:22,Chamber 2,28-041661e256ff,22.812,T237,42C,off
03/13/2022 16:58:42,Chamber 2,28-041661e256ff,22.812,T237,42C,off
03/13/2022 16:59:02,Chamber 2,28-041661e256ff,22.812,T237,42C,off
03/13/2022 16:59:22,Chamber 2,28-041661e256ff,22.812,T237,42C,off
03/13/2022 16:59:43,Chamber 2,28-041661e256ff,22.812,T237,42C,off
03/13/2022 17:00:03,Chamber 2,28-041661e256ff,22.812,T237,42C,off
03/13/2022 17:00:23,Chamber 2,28-041661e256ff,22.812,T237,42C,off
03/13/2022 17:00:43,Chamber 2,28-041661e256ff,22.812,T237,42C,off
03/13/2022 17:01:03,Chamber 2,28-041661e256ff,22.812,T237,42C,off
03/13/2022 17:01:23,Chamber 2,28-041661e256ff,22.812,T237,42C,off
03/13/2022 17:01:43,Chamber 2,28-041661e256ff,22.812,T237,42C,off
03/13/2022 17:02:03,Chamber 2,28-041661e256ff,22.812,T237,42C,off
03/13/2022 17:02:23,Chamber 2,28-041661e256ff,22.812,T237,42C,off
03/13/2022 17:02:43,Chamber 2,28-041661e256ff,22.812,T237,42C,off
03/13/2022 17:03:03,Chamber 2,28-041661e256ff,22.75,T237,42C,off
03/13/2022 17:03:23,Chamber 2,28-041661e256ff,22.812,T237,42C,off
03/13/2022 17:03:43,Chamber 2,28-041661e256ff,22.812,T237,42C,off
03/13/2022 17:04:05,Chamber 2,28-041661e256ff,22.812,T237,42C,off
03/13/2022 17:04:23,Chamber 2,28-041661e256ff,22.812,T237,42C,off
03/13/2022 17:04:44,Chamber 2,28-041661e256ff,22.812,T237,42C,off
03/13/2022 17:05:03,Chamber 2,28-041661e256ff,22.812,T237,42C,off
03/13/2022 17:05:23,Chamber 2,28-041661e256ff,22.812,T237,42C,off
03/13/2022 17:05:43,Chamber 2,28-041661e256ff,22.812,T237,42C,off
03/13/2022 17:06:03,Chamber 2,28-041661e256ff,22.812,T237,42C,off
03/13/2022 17:06:23,Chamber 2,28-041661e256ff,22.812,T237,42C,off
03/13/2022 17:06:43,Chamber 2,28-041661e256ff,22.812,T237,42C,off
03/13/2022 17:07:03,Chamber 2,28-041661e256ff,22.812,T237,42C,off
03/13/2022 17:07:23,Chamber 2,28-041661e256ff,22.812,T237,42C,off
03/13/2022 17:07:43,Chamber 2,28-041661e256ff,22.812,T237,42C,off
03/13/2022 17:08:03,Chamber 2,28-041661e256ff,22.812,T237,42C,off
03/13/2022 17:08:23,Chamber 2,28-041661e256ff,22.812,T237,42C,off
03/13/2022 17:08:43,Chamber 2,28-041661e256ff,22.812,T237,42C,off
03/13/2022 17:09:03,Chamber 2,28-041661e256ff,22.812,T237,42C,off
03/13/2022 17:09:23,Chamber 2,28-041661e256ff,22.812,T237,42C,off
03/13/2022 17:09:43,Chamber 2,28-041661e256ff,22.812,T237,42C,off
03/13/2022 17:10:03,Chamber 2,28-041661e256ff,22.812,T237,42C,off
03/13/2022 17:10:23,Chamber 2,28-041661e256ff,22.812,T237,42C,off
03/13/2022 17:10:43,Chamber 2,28-041661e256ff,22.812,T237,42C,off
03/13/2022 17:11:03,Chamber 2,28-041661e256ff,22.812,T237,42C,off
03/13/2022 17:11:23,Chamber 2,28-041661e256ff,22.812,T237,42C,off
03/13/2022 17:11:43,Chamber 2,28-041661e256ff,22.812,T237,42C,off
03/13/2022 17:12:03,Chamber 2,28-041661e256ff,22.812,T237,42C,off
03/13/2022 17:12:23,Chamber 2,28-041661e256ff,22.812,T237,42C,off
03/13/2022 17:12:43,Chamber 2,28-041661e256ff,22.812,T237,42C,off
03/13/2022 17:13:03,Chamber 2,28-041661e256ff,22.812,T237,42C,off
03/13/2022 17:13:23,Chamber 2,28-041661e256ff,22.812,T237,42C,off
03/13/2022 17:13:43,Chamber 2,28-041661e256ff,22.812,T237,42C,off
03/13/2022 17:14:03,Chamber 2,28-041661e256ff,22.812,T237,42C,off
03/13/2022 17:14:23,Chamber 2,28-041661e256ff,22.812,T237,42C,off
03/13/2022 17:14:43,Chamber 2,28-041661e256ff,22.812,T237,42C,off
03/13/2022 17:15:03,Chamber 2,28-041661e256ff,22.812,T237,42C,off
03/13/2022 17:15:23,Chamber 2,28-041661e256ff,22.812,T237,42C,off
03/13/2022 17:15:43,Chamber 2,28-041661e256ff,22.812,T237,42C,off
03/13/2022 17:16:03,Chamber 2,28-041661e256ff,22.812,T237,42C,off
03/13/2022 17:16:23,Chamber 2,28-041661e256ff,22.812,T237,42C,off
03/13/2022 17:16:43,Chamber 2,28-041661e256ff,22.812,T237,42C,off
03/13/2022 17:17:03,Chamber 2,28-041661e256ff,22.812,T237,42C,off
03/13/2022 17:17:23,Chamber 2,28-041661e256ff,22.812,T237,42C,off
03/13/2022 17:17:43,Chamber 2,28-041661e256ff,22.812,T237,42C,off
03/13/2022 17:18:03,Chamber 2,28-041661e256ff,22.812,T237,42C,off
03/13/2022 17:18:23,Chamber 2,28-041661e256ff,22.812,T237,42C,off
03/13/2022 17:18:43,Chamber 2,28-041661e256ff,22.812,T237,42C,off
03/13/2022 17:19:03,Chamber 2,28-041661e256ff,22.812,T237,42C,off
03/13/2022 17:19:23,Chamber 2,28-041661e256ff,22.812,T237,42C,off
03/13/2022 17:19:43,Chamber 2,28-041661e256ff,22.812,T237,42C,off
03/13/2022 17:20:03,Chamber 2,28-041661e256ff,22.812,T237,42C,off
03/13/2022 17:20:23,Chamber 2,28-041661e256ff,22.812,T237,42C,off
03/13/2022 17:20:43,Chamber 2,28-041661e256ff,22.875,T237,42C,off
03/13/2022 17:21:03,Chamber 2,28-041661e256ff,22.812,T237,42C,off
03/13/2022 17:21:23,Chamber 2,28-041661e256ff,22.812,T237,42C,off
03/13/2022 17:21:43,Chamber 2,28-041661e256ff,22.812,T237,42C,off
03/13/2022 17:22:03,Chamber 2,28-041661e256ff,22.812,T237,42C,off
03/13/2022 17:22:23,Chamber 2,28-041661e256ff,22.812,T237,42C,off
03/13/2022 17:22:43,Chamber 2,28-041661e256ff,22.812,T237,42C,off
03/13/2022 17:23:03,Chamber 2,28-041661e256ff,22.875,T237,42C,off
03/13/2022 17:23:23,Chamber 2,28-041661e256ff,22.875,T237,42C,off
03/13/2022 17:23:43,Chamber 2,28-041661e256ff,22.875,T237,42C,off
03/13/2022 17:24:03,Chamber 2,28-041661e256ff,22.875,T237,42C,off
03/13/2022 17:24:23,Chamber 2,28-041661e256ff,22.875,T237,42C,off
03/13/2022 17:24:43,Chamber 2,28-041661e256ff,22.812,T237,42C,off
03/13/2022 17:25:03,Chamber 2,28-041661e256ff,22.812,T237,42C,off
03/13/2022 17:25:23,Chamber 2,28-041661e256ff,22.812,T237,42C,off
03/13/2022 17:25:43,Chamber 2,28-041661e256ff,22.812,T237,42C,off
03/13/2022 17:26:03,Chamber 2,28-041661e256ff,22.812,T237,42C,off
03/13/2022 17:26:23,Chamber 2,28-041661e256ff,22.812,T237,42C,off
03/13/2022 17:26:43,Chamber 2,28-041661e256ff,22.812,T237,42C,off
03/13/2022 17:27:03,Chamber 2,28-041661e256ff,22.812,T237,42C,off
03/13/2022 17:27:23,Chamber 2,28-041661e256ff,22.812,T237,42C,off
03/13/2022 17:27:43,Chamber 2,28-041661e256ff,22.812,T237,42C,off
03/13/2022 17:28:03,Chamber 2,28-041661e256ff,22.812,T237,42C,off
03/13/2022 17:28:23,Chamber 2,28-041661e256ff,22.812,T237,42C,off
03/13/2022 17:28:43,Chamber 2,28-041661e256ff,22.812,T237,42C,off
03/13/2022 17:29:03,Chamber 2,28-041661e256ff,22.812,T237,42C,off
03/13/2022 17:29:23,Chamber 2,28-041661e256ff,22.812,T237,42C,off
03/13/2022 17:29:43,Chamber 2,28-041661e256ff,22.812,T237,42C,off
03/13/2022 17:30:03,Chamber 2,28-041661e256ff,22.812,T237,42C,off
03/13/2022 17:30:23,Chamber 2,28-041661e256ff,22.812,T237,42C,off
03/13/2022 17:30:43,Chamber 2,28-041661e256ff,22.812,T237,42C,off
03/13/2022 17:31:03,Chamber 2,28-041661e256ff,22.812,T237,42C,off
03/13/2022 17:31:23,Chamber 2,28-041661e256ff,22.812,T237,42C,off
03/13/2022 17:31:43,Chamber 2,28-041661e256ff,22.812,T237,42C,off
03/13/2022 17:32:03,Chamber 2,28-041661e256ff,22.812,T237,42C,off
03/13/2022 17:32:23,Chamber 2,28-041661e256ff,22.812,T237,42C,off
03/13/2022 17:32:43,Chamber 2,28-041661e256ff,22.812,T237,42C,off
03/13/2022 17:33:03,Chamber 2,28-041661e256ff,22.812,T237,42C,off
03/13/2022 17:33:23,Chamber 2,28-041661e256ff,22.812,T237,42C,off
03/13/2022 17:33:43,Chamber 2,28-041661e256ff,22.812,T237,42C,off
03/13/2022 17:34:03,Chamber 2,28-041661e256ff,22.812,T237,42C,off
03/13/2022 17:34:23,Chamber 2,28-041661e256ff,22.812,T237,42C,off
03/13/2022 17:34:43,Chamber 2,28-041661e256ff,22.812,T237,42C,off
03/13/2022 17:35:03,Chamber 2,28-041661e256ff,22.812,T237,42C,off
03/13/2022 17:35:23,Chamber 2,28-041661e256ff,22.812,T237,42C,off
03/13/2022 17:35:43,Chamber 2,28-041661e256ff,22.812,T237,42C,off
03/13/2022 17:36:03,Chamber 2,28-041661e256ff,22.812,T237,42C,off
03/13/2022 17:36:23,Chamber 2,28-041661e256ff,22.812,T237,42C,off
03/13/2022 17:36:43,Chamber 2,28-041661e256ff,22.875,T237,42C,off
03/13/2022 17:37:03,Chamber 2,28-041661e256ff,22.812,T237,42C,off
03/13/2022 17:37:23,Chamber 2,28-041661e256ff,22.812,T237,42C,off
03/13/2022 17:37:43,Chamber 2,28-041661e256ff,22.812,T237,42C,off
03/13/2022 17:38:03,Chamber 2,28-041661e256ff,22.812,T237,42C,off
03/13/2022 17:38:23,Chamber 2,28-041661e256ff,22.812,T237,42C,off
03/13/2022 17:38:43,Chamber 2,28-041661e256ff,22.875,T237,42C,off
03/13/2022 17:39:03,Chamber 2,28-041661e256ff,22.812,T237,42C,off
03/13/2022 17:39:23,Chamber 2,28-041661e256ff,22.812,T237,42C,off
03/13/2022 17:39:43,Chamber 2,28-041661e256ff,22.812,T237,42C,off
03/13/2022 17:40:03,Chamber 2,28-041661e256ff,22.812,T237,42C,off
03/13/2022 17:40:24,Chamber 2,28-041661e256ff,22.812,T237,42C,off
03/13/2022 17:40:43,Chamber 2,28-041661e256ff,22.812,T237,42C,off
03/13/2022 17:41:03,Chamber 2,28-041661e256ff,22.812,T237,42C,off
03/13/2022 17:41:23,Chamber 2,28-041661e256ff,22.812,T237,42C,off
03/13/2022 17:41:43,Chamber 2,28-041661e256ff,22.812,T237,42C,off
03/13/2022 17:42:03,Chamber 2,28-041661e256ff,22.812,T237,42C,off
03/13/2022 17:42:23,Chamber 2,28-041661e256ff,22.812,T237,42C,off
03/13/2022 17:42:43,Chamber 2,28-041661e256ff,22.875,T237,42C,off
03/13/2022 17:43:03,Chamber 2,28-041661e256ff,22.875,T237,42C,off
03/13/2022 17:43:23,Chamber 2,28-041661e256ff,22.875,T237,42C,off
03/13/2022 17:43:43,Chamber 2,28-041661e256ff,22.812,T237,42C,off
03/13/2022 17:44:03,Chamber 2,28-041661e256ff,22.812,T237,42C,off
03/13/2022 17:44:23,Chamber 2,28-041661e256ff,22.812,T237,42C,off
03/13/2022 17:44:43,Chamber 2,28-041661e256ff,22.812,T237,42C,off
03/13/2022 17:45:03,Chamber 2,28-041661e256ff,22.875,T237,42C,off
03/13/2022 17:45:23,Chamber 2,28-041661e256ff,22.812,T237,42C,off
03/13/2022 17:45:43,Chamber 2,28-041661e256ff,22.812,T237,42C,off
03/13/2022 17:46:03,Chamber 2,28-041661e256ff,22.875,T237,42C,off
03/13/2022 17:46:23,Chamber 2,28-041661e256ff,22.812,T237,42C,off
03/13/2022 17:46:43,Chamber 2,28-041661e256ff,22.812,T237,42C,off
03/13/2022 17:47:03,Chamber 2,28-041661e256ff,22.812,T237,42C,off
03/13/2022 17:47:23,Chamber 2,28-041661e256ff,22.875,T237,42C,off
03/13/2022 17:47:43,Chamber 2,28-041661e256ff,22.812,T237,42C,off
03/13/2022 17:48:03,Chamber 2,28-041661e256ff,22.812,T237,42C,off
03/13/2022 17:48:23,Chamber 2,28-041661e256ff,22.812,T237,42C,off
03/13/2022 17:48:43,Chamber 2,28-041661e256ff,22.812,T237,42C,off
03/13/2022 17:49:03,Chamber 2,28-041661e256ff,22.812,T237,42C,off
03/13/2022 17:49:23,Chamber 2,28-041661e256ff,22.812,T237,42C,off
03/13/2022 17:49:43,Chamber 2,28-041661e256ff,22.812,T237,42C,off
03/13/2022 17:50:03,Chamber 2,28-041661e256ff,22.812,T237,42C,off
03/13/2022 17:50:23,Chamber 2,28-041661e256ff,22.875,T237,42C,off
03/13/2022 17:50:43,Chamber 2,28-041661e256ff,22.812,T237,42C,off
03/13/2022 17:51:03,Chamber 2,28-041661e256ff,22.812,T237,42C,off
03/13/2022 17:51:23,Chamber 2,28-041661e256ff,22.875,T237,42C,off
03/13/2022 17:51:43,Chamber 2,28-041661e256ff,22.875,T237,42C,off
03/13/2022 17:52:03,Chamber 2,28-041661e256ff,22.875,T237,42C,off
03/13/2022 17:52:23,Chamber 2,28-041661e256ff,22.875,T237,42C,off
03/13/2022 17:52:43,Chamber 2,28-041661e256ff,22.875,T237,42C,off
03/13/2022 17:53:05,Chamber 2,28-041661e256ff,22.875,T237,42C,off
03/13/2022 17:53:26,Chamber 2,28-041661e256ff,22.875,T237,42C,off
03/13/2022 17:53:43,Chamber 2,28-041661e256ff,22.875,T237,42C,off
03/13/2022 17:54:03,Chamber 2,28-041661e256ff,22.875,T237,42C,off
03/13/2022 17:54:23,Chamber 2,28-041661e256ff,22.875,T237,42C,off
03/13/2022 17:54:43,Chamber 2,28-041661e256ff,22.875,T237,42C,off
03/13/2022 17:55:03,Chamber 2,28-041661e256ff,22.875,T237,42C,off
03/13/2022 17:55:23,Chamber 2,28-041661e256ff,22.875,T237,42C,off
03/13/2022 17:55:43,Chamber 2,28-041661e256ff,22.875,T237,42C,off
03/13/2022 17:56:03,Chamber 2,28-041661e256ff,22.875,T237,42C,off
03/13/2022 17:56:24,Chamber 2,28-041661e256ff,22.875,T237,42C,off
03/13/2022 17:56:43,Chamber 2,28-041661e256ff,22.875,T237,42C,off
03/13/2022 17:57:03,Chamber 2,28-041661e256ff,22.875,T237,42C,off
03/13/2022 17:57:23,Chamber 2,28-041661e256ff,22.875,T237,42C,off
03/13/2022 17:57:43,Chamber 2,28-041661e256ff,22.875,T237,42C,off
03/13/2022 17:58:03,Chamber 2,28-041661e256ff,22.875,T237,42C,off
03/13/2022 17:58:23,Chamber 2,28-041661e256ff,22.875,T237,42C,off
03/13/2022 17:58:43,Chamber 2,28-041661e256ff,22.937,T237,42C,off
03/13/2022 17:59:03,Chamber 2,28-041661e256ff,22.937,T237,42C,off
03/13/2022 17:59:23,Chamber 2,28-041661e256ff,22.875,T237,42C,off
03/13/2022 17:59:43,Chamber 2,28-041661e256ff,22.875,T237,42C,off
03/13/2022 18:00:02,Chamber 2,28-041661e256ff,22.875,T237,42C,off
03/13/2022 18:00:22,Chamber 2,28-041661e256ff,22.875,T237,42C,off
03/13/2022 18:00:42,Chamber 2,28-041661e256ff,22.875,T237,42C,off
03/13/2022 18:01:02,Chamber 2,28-041661e256ff,22.875,T237,42C,off
03/13/2022 18:01:22,Chamber 2,28-041661e256ff,22.875,T237,42C,off
03/13/2022 18:01:43,Chamber 2,28-041661e256ff,22.875,T237,42C,off
03/13/2022 18:02:02,Chamber 2,28-041661e256ff,22.875,T237,42C,off
03/13/2022 18:02:23,Chamber 2,28-041661e256ff,22.875,T237,42C,off
03/13/2022 18:02:42,Chamber 2,28-041661e256ff,22.875,T237,42C,off
03/13/2022 18:03:02,Chamber 2,28-041661e256ff,22.875,T237,42C,off
03/13/2022 18:03:22,Chamber 2,28-041661e256ff,22.875,T237,42C,off
03/13/2022 18:03:42,Chamber 2,28-041661e256ff,22.875,T237,42C,off
03/13/2022 18:04:02,Chamber 2,28-041661e256ff,22.875,T237,42C,off
03/13/2022 18:04:22,Chamber 2,28-041661e256ff,22.875,T237,42C,off
03/13/2022 18:04:43,Chamber 2,28-041661e256ff,22.875,T237,42C,off
03/13/2022 18:05:02,Chamber 2,28-041661e256ff,22.875,T237,42C,off
03/13/2022 18:05:22,Chamber 2,28-041661e256ff,22.875,T237,42C,off
03/13/2022 18:05:42,Chamber 2,28-041661e256ff,22.875,T237,42C,off
03/13/2022 18:06:02,Chamber 2,28-041661e256ff,22.875,T237,42C,off
03/13/2022 18:06:22,Chamber 2,28-041661e256ff,22.875,T237,42C,off
03/13/2022 18:06:42,Chamber 2,28-041661e256ff,22.875,T237,42C,off
03/13/2022 18:07:02,Chamber 2,28-041661e256ff,22.875,T237,42C,off
03/13/2022 18:07:22,Chamber 2,28-041661e256ff,22.875,T237,42C,off
03/13/2022 18:07:42,Chamber 2,28-041661e256ff,22.875,T237,42C,off
03/13/2022 18:08:02,Chamber 2,28-041661e256ff,22.875,T237,42C,off
03/13/2022 18:08:22,Chamber 2,28-041661e256ff,22.875,T237,42C,off
03/13/2022 18:08:42,Chamber 2,28-041661e256ff,22.875,T237,42C,off
03/13/2022 18:09:02,Chamber 2,28-041661e256ff,22.937,T237,42C,off
03/13/2022 18:09:22,Chamber 2,28-041661e256ff,22.937,T237,42C,off
03/13/2022 18:09:43,Chamber 2,28-041661e256ff,22.937,T237,42C,off
03/13/2022 18:10:08,Chamber 2,28-041661e256ff,22.937,T237,42C,off
03/13/2022 18:10:22,Chamber 2,28-041661e256ff,22.937,T237,42C,off
03/13/2022 18:10:42,Chamber 2,28-041661e256ff,22.937,T237,42C,off
03/13/2022 18:11:02,Chamber 2,28-041661e256ff,22.937,T237,42C,off
03/13/2022 18:11:22,Chamber 2,28-041661e256ff,22.937,T237,42C,off
03/13/2022 18:11:42,Chamber 2,28-041661e256ff,22.937,T237,42C,off
03/13/2022 18:12:02,Chamber 2,28-041661e256ff,22.937,T237,42C,off
03/13/2022 18:12:22,Chamber 2,28-041661e256ff,22.937,T237,42C,off
03/13/2022 18:12:42,Chamber 2,28-041661e256ff,22.937,T237,42C,off
03/13/2022 18:13:02,Chamber 2,28-041661e256ff,22.875,T237,42C,off
03/13/2022 18:13:22,Chamber 2,28-041661e256ff,22.937,T237,42C,off
03/13/2022 18:13:42,Chamber 2,28-041661e256ff,22.875,T237,42C,off
03/13/2022 18:14:02,Chamber 2,28-041661e256ff,22.937,T237,42C,off
03/13/2022 18:14:22,Chamber 2,28-041661e256ff,22.937,T237,42C,off
03/13/2022 18:14:42,Chamber 2,28-041661e256ff,22.937,T237,42C,off
03/13/2022 18:15:02,Chamber 2,28-041661e256ff,22.937,T237,42C,off
03/13/2022 18:15:22,Chamber 2,28-041661e256ff,22.937,T237,42C,off
03/13/2022 18:15:42,Chamber 2,28-041661e256ff,22.937,T237,42C,off
03/13/2022 18:16:02,Chamber 2,28-041661e256ff,22.937,T237,42C,off
03/13/2022 18:16:22,Chamber 2,28-041661e256ff,22.937,T237,42C,off
03/13/2022 18:16:42,Chamber 2,28-041661e256ff,22.937,T237,42C,off
03/13/2022 18:17:02,Chamber 2,28-041661e256ff,22.937,T237,42C,off
03/13/2022 18:17:22,Chamber 2,28-041661e256ff,22.937,T237,42C,off
03/13/2022 18:17:42,Chamber 2,28-041661e256ff,22.937,T237,42C,off
03/13/2022 18:18:02,Chamber 2,28-041661e256ff,22.937,T237,42C,off
03/13/2022 18:18:22,Chamber 2,28-041661e256ff,22.937,T237,42C,off
03/13/2022 18:18:42,Chamber 2,28-041661e256ff,22.875,T237,42C,off
03/13/2022 18:19:02,Chamber 2,28-041661e256ff,22.937,T237,42C,off
03/13/2022 18:19:22,Chamber 2,28-041661e256ff,22.875,T237,42C,off
03/13/2022 18:19:42,Chamber 2,28-041661e256ff,22.937,T237,42C,off
03/13/2022 18:20:02,Chamber 2,28-041661e256ff,22.875,T237,42C,off
03/13/2022 18:20:23,Chamber 2,28-041661e256ff,22.875,T237,42C,off
03/13/2022 18:20:42,Chamber 2,28-041661e256ff,22.937,T237,42C,off
03/13/2022 18:21:03,Chamber 2,28-041661e256ff,22.937,T237,42C,off
03/13/2022 18:21:22,Chamber 2,28-041661e256ff,22.937,T237,42C,off
03/13/2022 18:21:42,Chamber 2,28-041661e256ff,22.937,T237,42C,off
03/13/2022 18:22:03,Chamber 2,28-041661e256ff,22.937,T237,42C,off
03/13/2022 18:22:22,Chamber 2,28-041661e256ff,22.875,T237,42C,off
03/13/2022 18:22:43,Chamber 2,28-041661e256ff,22.937,T237,42C,off
03/13/2022 18:23:02,Chamber 2,28-041661e256ff,22.937,T237,42C,off
03/13/2022 18:23:22,Chamber 2,28-041661e256ff,22.937,T237,42C,off
03/13/2022 18:23:42,Chamber 2,28-041661e256ff,22.937,T237,42C,off
03/13/2022 18:24:02,Chamber 2,28-041661e256ff,22.937,T237,42C,off
03/13/2022 18:24:22,Chamber 2,28-041661e256ff,22.937,T237,42C,off
03/13/2022 18:24:42,Chamber 2,28-041661e256ff,22.937,T237,42C,off
03/13/2022 18:25:02,Chamber 2,28-041661e256ff,22.937,T237,42C,off
03/13/2022 18:25:22,Chamber 2,28-041661e256ff,22.937,T237,42C,off
03/13/2022 18:25:42,Chamber 2,28-041661e256ff,22.937,T237,42C,off
03/13/2022 18:26:02,Chamber 2,28-041661e256ff,22.937,T237,42C,off
03/13/2022 18:26:22,Chamber 2,28-041661e256ff,22.937,T237,42C,off
03/13/2022 18:26:42,Chamber 2,28-041661e256ff,22.937,T237,42C,off
03/13/2022 18:27:02,Chamber 2,28-041661e256ff,22.937,T237,42C,off
03/13/2022 18:27:22,Chamber 2,28-041661e256ff,22.937,T237,42C,off
03/13/2022 18:27:42,Chamber 2,28-041661e256ff,22.937,T237,42C,off
03/13/2022 18:28:02,Chamber 2,28-041661e256ff,22.937,T237,42C,off
03/13/2022 18:28:22,Chamber 2,28-041661e256ff,22.937,T237,42C,off
03/13/2022 18:28:42,Chamber 2,28-041661e256ff,22.937,T237,42C,off
03/13/2022 18:29:02,Chamber 2,28-041661e256ff,22.937,T237,42C,off
03/13/2022 18:29:22,Chamber 2,28-041661e256ff,22.937,T237,42C,off
03/13/2022 18:29:42,Chamber 2,28-041661e256ff,22.937,T237,42C,off
03/13/2022 18:30:02,Chamber 2,28-041661e256ff,22.937,T237,42C,off
03/13/2022 18:30:22,Chamber 2,28-041661e256ff,22.937,T237,42C,off
03/13/2022 18:30:42,Chamber 2,28-041661e256ff,22.937,T237,42C,off
03/13/2022 18:31:02,Chamber 2,28-041661e256ff,22.937,T237,42C,off
03/13/2022 18:31:22,Chamber 2,28-041661e256ff,22.937,T237,42C,off
03/13/2022 18:31:42,Chamber 2,28-041661e256ff,22.937,T237,42C,off
03/13/2022 18:32:02,Chamber 2,28-041661e256ff,22.937,T237,42C,off
03/13/2022 18:32:22,Chamber 2,28-041661e256ff,22.937,T237,42C,off
03/13/2022 18:32:42,Chamber 2,28-041661e256ff,22.937,T237,42C,off
03/13/2022 18:33:03,Chamber 2,28-041661e256ff,22.937,T237,42C,off
03/13/2022 18:33:22,Chamber 2,28-041661e256ff,22.937,T237,42C,off
03/13/2022 18:33:42,Chamber 2,28-041661e256ff,22.937,T237,42C,off
03/13/2022 18:34:03,Chamber 2,28-041661e256ff,22.937,T237,42C,off
03/13/2022 18:34:23,Chamber 2,28-041661e256ff,23.0,T237,42C,off
03/13/2022 18:34:42,Chamber 2,28-041661e256ff,23.0,T237,42C,off
03/13/2022 18:35:02,Chamber 2,28-041661e256ff,22.937,T237,42C,off
03/13/2022 18:35:23,Chamber 2,28-041661e256ff,22.937,T237,42C,off
03/13/2022 18:35:42,Chamber 2,28-041661e256ff,22.937,T237,42C,off
03/13/2022 18:36:02,Chamber 2,28-041661e256ff,22.937,T237,42C,off
03/13/2022 18:36:22,Chamber 2,28-041661e256ff,22.937,T237,42C,off
03/13/2022 18:36:42,Chamber 2,28-041661e256ff,22.937,T237,42C,off
03/13/2022 18:37:02,Chamber 2,28-041661e256ff,22.937,T237,42C,off
03/13/2022 18:37:22,Chamber 2,28-041661e256ff,22.937,T237,42C,off
03/13/2022 18:37:42,Chamber 2,28-041661e256ff,22.937,T237,42C,off
03/13/2022 18:38:02,Chamber 2,28-041661e256ff,22.937,T237,42C,off
03/13/2022 18:38:22,Chamber 2,28-041661e256ff,22.937,T237,42C,off
03/13/2022 18:38:42,Chamber 2,28-041661e256ff,22.937,T237,42C,off
03/13/2022 18:39:02,Chamber 2,28-041661e256ff,22.937,T237,42C,off
03/13/2022 18:39:22,Chamber 2,28-041661e256ff,22.937,T237,42C,off
03/13/2022 18:39:42,Chamber 2,28-041661e256ff,22.937,T237,42C,off
03/13/2022 18:40:02,Chamber 2,28-041661e256ff,22.937,T237,42C,off
03/13/2022 18:40:22,Chamber 2,28-041661e256ff,22.937,T237,42C,off
03/13/2022 18:40:42,Chamber 2,28-041661e256ff,22.937,T237,42C,off
03/13/2022 18:41:02,Chamber 2,28-041661e256ff,22.937,T237,42C,off
03/13/2022 18:41:22,Chamber 2,28-041661e256ff,22.937,T237,42C,off
03/13/2022 18:41:42,Chamber 2,28-041661e256ff,22.937,T237,42C,off
03/13/2022 18:42:02,Chamber 2,28-041661e256ff,22.937,T237,42C,off
03/13/2022 18:42:22,Chamber 2,28-041661e256ff,22.937,T237,42C,off
03/13/2022 18:42:42,Chamber 2,28-041661e256ff,22.937,T237,42C,off
03/13/2022 18:43:02,Chamber 2,28-041661e256ff,22.937,T237,42C,off
03/13/2022 18:43:22,Chamber 2,28-041661e256ff,22.937,T237,42C,off
03/13/2022 18:43:42,Chamber 2,28-041661e256ff,22.937,T237,42C,off
03/13/2022 18:44:02,Chamber 2,28-041661e256ff,22.937,T237,42C,off
03/13/2022 18:44:23,Chamber 2,28-041661e256ff,22.937,T237,42C,off
03/13/2022 18:44:42,Chamber 2,28-041661e256ff,22.937,T237,42C,off
03/13/2022 18:45:02,Chamber 2,28-041661e256ff,22.937,T237,42C,off
03/13/2022 18:45:22,Chamber 2,28-041661e256ff,22.937,T237,42C,off
03/13/2022 18:45:42,Chamber 2,28-041661e256ff,22.937,T237,42C,off
03/13/2022 18:46:02,Chamber 2,28-041661e256ff,22.937,T237,42C,off
03/13/2022 18:46:22,Chamber 2,28-041661e256ff,22.937,T237,42C,off
03/13/2022 18:46:42,Chamber 2,28-041661e256ff,22.937,T237,42C,off
03/13/2022 18:47:02,Chamber 2,28-041661e256ff,22.937,T237,42C,off
03/13/2022 18:47:22,Chamber 2,28-041661e256ff,22.937,T237,42C,off
03/13/2022 18:47:42,Chamber 2,28-041661e256ff,22.937,T237,42C,off
03/13/2022 18:48:02,Chamber 2,28-041661e256ff,22.937,T237,42C,off
03/13/2022 18:48:22,Chamber 2,28-041661e256ff,22.937,T237,42C,off
03/13/2022 18:48:42,Chamber 2,28-041661e256ff,22.937,T237,42C,off
03/13/2022 18:49:02,Chamber 2,28-041661e256ff,22.937,T237,42C,off
03/13/2022 18:49:22,Chamber 2,28-041661e256ff,22.937,T237,42C,off
03/13/2022 18:49:42,Chamber 2,28-041661e256ff,22.937,T237,42C,off
03/13/2022 18:50:02,Chamber 2,28-041661e256ff,22.937,T237,42C,off
03/13/2022 18:50:22,Chamber 2,28-041661e256ff,22.937,T237,42C,off
03/13/2022 18:50:42,Chamber 2,28-041661e256ff,22.937,T237,42C,off
03/13/2022 18:51:02,Chamber 2,28-041661e256ff,22.937,T237,42C,off
03/13/2022 18:51:22,Chamber 2,28-041661e256ff,22.937,T237,42C,off
03/13/2022 18:51:42,Chamber 2,28-041661e256ff,22.937,T237,42C,off
03/13/2022 18:52:02,Chamber 2,28-041661e256ff,22.937,T237,42C,off
03/13/2022 18:52:22,Chamber 2,28-041661e256ff,22.937,T237,42C,off
03/13/2022 18:52:42,Chamber 2,28-041661e256ff,22.937,T237,42C,off
03/13/2022 18:53:02,Chamber 2,28-041661e256ff,22.937,T237,42C,off
03/13/2022 18:53:22,Chamber 2,28-041661e256ff,22.937,T237,42C,off
03/13/2022 18:53:42,Chamber 2,28-041661e256ff,22.937,T237,42C,off
03/13/2022 18:54:03,Chamber 2,28-041661e256ff,22.937,T237,42C,off
03/13/2022 18:54:22,Chamber 2,28-041661e256ff,22.937,T237,42C,off
03/13/2022 18:54:42,Chamber 2,28-041661e256ff,22.937,T237,42C,off
03/13/2022 18:55:02,Chamber 2,28-041661e256ff,22.937,T237,42C,off
03/13/2022 18:55:23,Chamber 2,28-041661e256ff,22.937,T237,42C,off
03/13/2022 18:55:42,Chamber 2,28-041661e256ff,22.937,T237,42C,off
03/13/2022 18:56:02,Chamber 2,28-041661e256ff,22.937,T237,42C,off
03/13/2022 18:56:22,Chamber 2,28-041661e256ff,22.937,T237,42C,off
03/13/2022 18:56:42,Chamber 2,28-041661e256ff,22.937,T237,42C,off
03/13/2022 18:57:04,Chamber 2,28-041661e256ff,22.937,T237,42C,off
03/13/2022 18:57:22,Chamber 2,28-041661e256ff,22.937,T237,42C,off
03/13/2022 18:57:42,Chamber 2,28-041661e256ff,22.937,T237,42C,off
03/13/2022 18:58:02,Chamber 2,28-041661e256ff,22.937,T237,42C,off
03/13/2022 18:58:22,Chamber 2,28-041661e256ff,22.937,T237,42C,off
03/13/2022 18:58:42,Chamber 2,28-041661e256ff,22.937,T237,42C,off
03/13/2022 18:59:02,Chamber 2,28-041661e256ff,22.937,T237,42C,off
03/13/2022 18:59:23,Chamber 2,28-041661e256ff,22.937,T237,42C,off
03/13/2022 18:59:42,Chamber 2,28-041661e256ff,22.937,T237,42C,off
03/13/2022 19:00:02,Chamber 2,28-041661e256ff,22.937,T237,42C,off
03/13/2022 19:00:22,Chamber 2,28-041661e256ff,22.937,T237,42C,off
03/13/2022 19:00:42,Chamber 2,28-041661e256ff,22.937,T237,42C,off
03/13/2022 19:01:02,Chamber 2,28-041661e256ff,22.937,T237,42C,off
03/13/2022 19:01:22,Chamber 2,28-041661e256ff,22.937,T237,42C,off
03/13/2022 19:01:42,Chamber 2,28-041661e256ff,22.937,T237,42C,off
03/13/2022 19:02:02,Chamber 2,28-041661e256ff,22.937,T237,42C,off
03/13/2022 19:02:22,Chamber 2,28-041661e256ff,22.937,T237,42C,off
03/13/2022 19:02:42,Chamber 2,28-041661e256ff,22.937,T237,42C,off
03/13/2022 19:03:02,Chamber 2,28-041661e256ff,22.937,T237,42C,off
03/13/2022 19:03:22,Chamber 2,28-041661e256ff,22.937,T237,42C,off
03/13/2022 19:03:42,Chamber 2,28-041661e256ff,22.937,T237,42C,off
03/13/2022 19:04:02,Chamber 2,28-041661e256ff,22.937,T237,42C,off
03/13/2022 19:04:22,Chamber 2,28-041661e256ff,22.937,T237,42C,off
03/13/2022 19:04:42,Chamber 2,28-041661e256ff,22.937,T237,42C,off
03/13/2022 19:05:03,Chamber 2,28-041661e256ff,22.937,T237,42C,off
03/13/2022 19:05:22,Chamber 2,28-041661e256ff,22.937,T237,42C,off
03/13/2022 19:05:42,Chamber 2,28-041661e256ff,22.937,T237,42C,off
03/13/2022 19:06:02,Chamber 2,28-041661e256ff,22.937,T237,42C,off
03/13/2022 19:06:22,Chamber 2,28-041661e256ff,22.937,T237,42C,off
03/13/2022 19:06:42,Chamber 2,28-041661e256ff,22.937,T237,42C,off
03/13/2022 19:07:02,Chamber 2,28-041661e256ff,22.937,T237,42C,off
03/13/2022 19:07:22,Chamber 2,28-041661e256ff,22.937,T237,42C,off
03/13/2022 19:07:42,Chamber 2,28-041661e256ff,22.937,T237,42C,off
03/13/2022 19:08:02,Chamber 2,28-041661e256ff,22.937,T237,42C,off
03/13/2022 19:08:22,Chamber 2,28-041661e256ff,22.937,T237,42C,off
03/13/2022 19:08:42,Chamber 2,28-041661e256ff,22.937,T237,42C,off
03/13/2022 19:09:02,Chamber 2,28-041661e256ff,22.937,T237,42C,off
03/13/2022 19:09:22,Chamber 2,28-041661e256ff,22.937,T237,42C,off
03/13/2022 19:09:43,Chamber 2,28-041661e256ff,22.937,T237,42C,off
03/13/2022 19:10:02,Chamber 2,28-041661e256ff,22.937,T237,42C,off
03/13/2022 19:10:23,Chamber 2,28-041661e256ff,22.937,T237,42C,off
03/13/2022 19:10:43,Chamber 2,28-041661e256ff,22.937,T237,42C,off
03/13/2022 19:11:02,Chamber 2,28-041661e256ff,22.937,T237,42C,off
03/13/2022 19:11:22,Chamber 2,28-041661e256ff,22.937,T237,42C,off
03/13/2022 19:11:42,Chamber 2,28-041661e256ff,23.0,T237,42C,off
03/13/2022 19:12:02,Chamber 2,28-041661e256ff,23.0,T237,42C,off
03/13/2022 19:12:22,Chamber 2,28-041661e256ff,22.937,T237,42C,off
03/13/2022 19:12:42,Chamber 2,28-041661e256ff,23.0,T237,42C,off
03/13/2022 19:13:03,Chamber 2,28-041661e256ff,23.0,T237,42C,off
03/13/2022 19:13:22,Chamber 2,28-041661e256ff,23.0,T237,42C,off
03/13/2022 19:13:42,Chamber 2,28-041661e256ff,23.0,T237,42C,off
03/13/2022 19:14:02,Chamber 2,28-041661e256ff,23.0,T237,42C,off
03/13/2022 19:14:22,Chamber 2,28-041661e256ff,23.0,T237,42C,off
03/13/2022 19:14:42,Chamber 2,28-041661e256ff,23.0,T237,42C,off
03/13/2022 19:15:02,Chamber 2,28-041661e256ff,23.0,T237,42C,off
03/13/2022 19:15:23,Chamber 2,28-041661e256ff,23.0,T237,42C,off
03/13/2022 19:15:42,Chamber 2,28-041661e256ff,23.0,T237,42C,off
03/13/2022 19:16:02,Chamber 2,28-041661e256ff,23.0,T237,42C,off
03/13/2022 19:16:22,Chamber 2,28-041661e256ff,23.0,T237,42C,off
03/13/2022 19:16:42,Chamber 2,28-041661e256ff,22.937,T237,42C,off
03/13/2022 19:17:02,Chamber 2,28-041661e256ff,22.937,T237,42C,off
03/13/2022 19:17:22,Chamber 2,28-041661e256ff,22.937,T237,42C,off
03/13/2022 19:17:43,Chamber 2,28-041661e256ff,22.937,T237,42C,off
03/13/2022 19:18:02,Chamber 2,28-041661e256ff,22.937,T237,42C,off
03/13/2022 19:18:23,Chamber 2,28-041661e256ff,23.0,T237,42C,off
03/13/2022 19:18:42,Chamber 2,28-041661e256ff,23.0,T237,42C,off
03/13/2022 19:19:02,Chamber 2,28-041661e256ff,23.0,T237,42C,off
03/13/2022 19:19:22,Chamber 2,28-041661e256ff,23.0,T237,42C,off
03/13/2022 19:19:42,Chamber 2,28-041661e256ff,22.937,T237,42C,off
03/13/2022 19:20:02,Chamber 2,28-041661e256ff,23.0,T237,42C,off
03/13/2022 19:20:22,Chamber 2,28-041661e256ff,23.0,T237,42C,off
03/13/2022 19:20:42,Chamber 2,28-041661e256ff,22.937,T237,42C,off
03/13/2022 19:21:03,Chamber 2,28-041661e256ff,22.937,T237,42C,off
03/13/2022 19:21:23,Chamber 2,28-041661e256ff,23.0,T237,42C,off
03/13/2022 19:21:42,Chamber 2,28-041661e256ff,23.0,T237,42C,off
03/13/2022 19:22:02,Chamber 2,28-041661e256ff,23.0,T237,42C,off
03/13/2022 19:22:22,Chamber 2,28-041661e256ff,23.0,T237,42C,off
03/13/2022 19:22:43,Chamber 2,28-041661e256ff,23.0,T237,42C,off
03/13/2022 19:23:02,Chamber 2,28-041661e256ff,23.0,T237,42C,off
03/13/2022 19:23:22,Chamber 2,28-041661e256ff,23.0,T237,42C,off
03/13/2022 19:23:42,Chamber 2,28-041661e256ff,23.0,T237,42C,off
03/13/2022 19:24:02,Chamber 2,28-041661e256ff,23.0,T237,42C,off
03/13/2022 19:24:23,Chamber 2,28-041661e256ff,23.0,T237,42C,off
03/13/2022 19:24:42,Chamber 2,28-041661e256ff,23.0,T237,42C,off
03/13/2022 19:25:02,Chamber 2,28-041661e256ff,23.0,T237,42C,off
03/13/2022 19:25:22,Chamber 2,28-041661e256ff,22.937,T237,42C,off
03/13/2022 19:25:42,Chamber 2,28-041661e256ff,23.0,T237,42C,off
03/13/2022 19:26:02,Chamber 2,28-041661e256ff,23.0,T237,42C,off
03/13/2022 19:26:22,Chamber 2,28-041661e256ff,23.0,T237,42C,off
03/13/2022 19:26:42,Chamber 2,28-041661e256ff,23.0,T237,42C,off
03/13/2022 19:27:02,Chamber 2,28-041661e256ff,23.0,T237,42C,off
03/13/2022 19:27:22,Chamber 2,28-041661e256ff,23.0,T237,42C,off
03/13/2022 19:27:42,Chamber 2,28-041661e256ff,23.0,T237,42C,off
03/13/2022 19:28:02,Chamber 2,28-041661e256ff,23.0,T237,42C,off
03/13/2022 19:28:22,Chamber 2,28-041661e256ff,23.0,T237,42C,off
03/13/2022 19:28:42,Chamber 2,28-041661e256ff,23.0,T237,42C,off
03/13/2022 19:29:02,Chamber 2,28-041661e256ff,23.0,T237,42C,off
03/13/2022 19:29:22,Chamber 2,28-041661e256ff,23.0,T237,42C,off
03/13/2022 19:29:42,Chamber 2,28-041661e256ff,23.0,T237,42C,off
03/13/2022 19:30:02,Chamber 2,28-041661e256ff,23.0,T237,42C,off
03/13/2022 19:30:22,Chamber 2,28-041661e256ff,23.0,T237,42C,off
03/13/2022 19:30:42,Chamber 2,28-041661e256ff,23.0,T237,42C,off
03/13/2022 19:31:02,Chamber 2,28-041661e256ff,23.0,T237,42C,off
03/13/2022 19:31:22,Chamber 2,28-041661e256ff,23.0,T237,42C,off
03/13/2022 19:31:43,Chamber 2,28-041661e256ff,23.0,T237,42C,off
03/13/2022 19:32:02,Chamber 2,28-041661e256ff,23.0,T237,42C,off
03/13/2022 19:32:22,Chamber 2,28-041661e256ff,23.0,T237,42C,off
03/13/2022 19:32:42,Chamber 2,28-041661e256ff,23.0,T237,42C,off
03/13/2022 19:33:02,Chamber 2,28-041661e256ff,23.0,T237,42C,off
03/13/2022 19:33:22,Chamber 2,28-041661e256ff,23.0,T237,42C,off
03/13/2022 19:33:45,Chamber 2,28-041661e256ff,23.0,T237,42C,off
03/13/2022 19:34:02,Chamber 2,28-041661e256ff,23.0,T237,42C,off
03/13/2022 19:34:22,Chamber 2,28-041661e256ff,23.0,T237,42C,off
03/13/2022 19:34:45,Chamber 2,28-041661e256ff,23.0,T237,42C,off
03/13/2022 19:35:02,Chamber 2,28-041661e256ff,23.0,T237,42C,off
03/13/2022 19:35:22,Chamber 2,28-041661e256ff,23.0,T237,42C,off
03/13/2022 19:35:42,Chamber 2,28-041661e256ff,23.0,T237,42C,off
03/13/2022 19:36:02,Chamber 2,28-041661e256ff,23.0,T237,42C,off
03/13/2022 19:36:22,Chamber 2,28-041661e256ff,23.0,T237,42C,off
03/13/2022 19:36:42,Chamber 2,28-041661e256ff,23.0,T237,42C,off
03/13/2022 19:37:02,Chamber 2,28-041661e256ff,23.0,T237,42C,off
03/13/2022 19:37:22,Chamber 2,28-041661e256ff,23.0,T237,42C,off
03/13/2022 19:37:42,Chamber 2,28-041661e256ff,23.0,T237,42C,off
03/13/2022 19:38:02,Chamber 2,28-041661e256ff,23.0,T237,42C,off
03/13/2022 19:38:22,Chamber 2,28-041661e256ff,23.0,T237,42C,off
03/13/2022 19:38:42,Chamber 2,28-041661e256ff,23.0,T237,42C,off
03/13/2022 19:39:02,Chamber 2,28-041661e256ff,23.0,T237,42C,off
03/13/2022 19:39:25,Chamber 2,28-041661e256ff,23.0,T237,42C,off
03/13/2022 19:39:42,Chamber 2,28-041661e256ff,23.0,T237,42C,off
03/13/2022 19:40:02,Chamber 2,28-041661e256ff,23.0,T237,42C,off
03/13/2022 19:40:23,Chamber 2,28-041661e256ff,23.0,T237,42C,off
03/13/2022 19:40:42,Chamber 2,28-041661e256ff,23.0,T237,42C,off
03/13/2022 19:41:02,Chamber 2,28-041661e256ff,23.0,T237,42C,off
03/13/2022 19:41:22,Chamber 2,28-041661e256ff,23.0,T237,42C,off
03/13/2022 19:41:42,Chamber 2,28-041661e256ff,23.0,T237,42C,off
03/13/2022 19:42:02,Chamber 2,28-041661e256ff,23.0,T237,42C,off
03/13/2022 19:42:23,Chamber 2,28-041661e256ff,23.0,T237,42C,off
03/13/2022 19:42:42,Chamber 2,28-041661e256ff,23.0,T237,42C,off
03/13/2022 19:43:02,Chamber 2,28-041661e256ff,23.0,T237,42C,off
03/13/2022 19:43:24,Chamber 2,28-041661e256ff,23.0,T237,42C,off
03/13/2022 19:43:42,Chamber 2,28-041661e256ff,23.0,T237,42C,off
03/13/2022 19:44:02,Chamber 2,28-041661e256ff,23.0,T237,42C,off
03/13/2022 19:44:22,Chamber 2,28-041661e256ff,23.0,T237,42C,off
03/13/2022 19:44:42,Chamber 2,28-041661e256ff,23.0,T237,42C,off
03/13/2022 19:45:02,Chamber 2,28-041661e256ff,23.0,T237,42C,off
03/13/2022 19:45:23,Chamber 2,28-041661e256ff,23.0,T237,42C,off
03/13/2022 19:45:42,Chamber 2,28-041661e256ff,23.0,T237,42C,off
03/13/2022 19:46:02,Chamber 2,28-041661e256ff,23.0,T237,42C,off
03/13/2022 19:46:23,Chamber 2,28-041661e256ff,23.0,T237,42C,off
03/13/2022 19:46:42,Chamber 2,28-041661e256ff,23.0,T237,42C,off
03/13/2022 19:47:02,Chamber 2,28-041661e256ff,23.0,T237,42C,off
03/13/2022 19:47:22,Chamber 2,28-041661e256ff,23.0,T237,42C,off
03/13/2022 19:47:43,Chamber 2,28-041661e256ff,23.0,T237,42C,off
03/13/2022 19:48:03,Chamber 2,28-041661e256ff,23.0,T237,42C,off
03/13/2022 19:48:22,Chamber 2,28-041661e256ff,23.0,T237,42C,off
03/13/2022 19:48:42,Chamber 2,28-041661e256ff,23.0,T237,42C,off
03/13/2022 19:49:02,Chamber 2,28-041661e256ff,23.0,T237,42C,off
03/13/2022 19:49:22,Chamber 2,28-041661e256ff,23.0,T237,42C,off
03/13/2022 19:49:43,Chamber 2,28-041661e256ff,23.0,T237,42C,off
03/13/2022 19:50:02,Chamber 2,28-041661e256ff,23.0,T237,42C,off
03/13/2022 19:50:22,Chamber 2,28-041661e256ff,23.0,T237,42C,off
03/13/2022 19:50:42,Chamber 2,28-041661e256ff,23.0,T237,42C,off
03/13/2022 19:51:02,Chamber 2,28-041661e256ff,23.0,T237,42C,off
03/13/2022 19:51:22,Chamber 2,28-041661e256ff,23.0,T237,42C,off
03/13/2022 19:51:42,Chamber 2,28-041661e256ff,23.0,T237,42C,off
03/13/2022 19:52:02,Chamber 2,28-041661e256ff,23.0,T237,42C,off
03/13/2022 19:52:22,Chamber 2,28-041661e256ff,23.0,T237,42C,off
03/13/2022 19:52:42,Chamber 2,28-041661e256ff,23.0,T237,42C,off
03/13/2022 19:53:02,Chamber 2,28-041661e256ff,23.0,T237,42C,off
03/13/2022 19:53:22,Chamber 2,28-041661e256ff,23.0,T237,42C,off
03/13/2022 19:53:42,Chamber 2,28-041661e256ff,23.0,T237,42C,off
03/13/2022 19:54:02,Chamber 2,28-041661e256ff,23.0,T237,42C,off
03/13/2022 19:54:22,Chamber 2,28-041661e256ff,23.0,T237,42C,off
03/13/2022 19:54:42,Chamber 2,28-041661e256ff,23.0,T237,42C,off
03/13/2022 19:55:02,Chamber 2,28-041661e256ff,23.0,T237,42C,off
03/13/2022 19:55:22,Chamber 2,28-041661e256ff,23.0,T237,42C,off
03/13/2022 19:55:42,Chamber 2,28-041661e256ff,23.0,T237,42C,off
03/13/2022 19:56:02,Chamber 2,28-041661e256ff,23.0,T237,42C,off
03/13/2022 19:56:22,Chamber 2,28-041661e256ff,23.0,T237,42C,off
03/13/2022 19:56:42,Chamber 2,28-041661e256ff,23.0,T237,42C,off
03/13/2022 19:57:02,Chamber 2,28-041661e256ff,23.0,T237,42C,off
03/13/2022 19:57:22,Chamber 2,28-041661e256ff,23.0,T237,42C,off
03/13/2022 19:57:42,Chamber 2,28-041661e256ff,23.0,T237,42C,off
03/13/2022 19:58:02,Chamber 2,28-041661e256ff,23.0,T237,42C,off
03/13/2022 19:58:22,Chamber 2,28-041661e256ff,23.0,T237,42C,off
03/13/2022 19:58:42,Chamber 2,28-041661e256ff,23.0,T237,42C,off
03/13/2022 19:59:02,Chamber 2,28-041661e256ff,23.0,T237,42C,off
03/13/2022 19:59:22,Chamber 2,28-041661e256ff,23.0,T237,42C,off
03/13/2022 19:59:42,Chamber 2,28-041661e256ff,23.0,T237,42C,off
03/13/2022 20:00:02,Chamber 2,28-041661e256ff,23.0,T237,42C,off
03/13/2022 20:00:22,Chamber 2,28-041661e256ff,23.0,T237,42C,off
03/13/2022 20:00:42,Chamber 2,28-041661e256ff,23.0,T237,42C,off
03/13/2022 20:01:02,Chamber 2,28-041661e256ff,23.0,T237,42C,off
03/13/2022 20:01:22,Chamber 2,28-041661e256ff,23.0,T237,42C,off
03/13/2022 20:01:42,Chamber 2,28-041661e256ff,23.0,T237,42C,off
03/13/2022 20:02:02,Chamber 2,28-041661e256ff,23.0,T237,42C,off
03/13/2022 20:02:23,Chamber 2,28-041661e256ff,23.0,T237,42C,off
03/13/2022 20:02:42,Chamber 2,28-041661e256ff,23.0,T237,42C,off
03/13/2022 20:03:02,Chamber 2,28-041661e256ff,23.0,T237,42C,off
03/13/2022 20:03:22,Chamber 2,28-041661e256ff,23.0,T237,42C,off
03/13/2022 20:03:42,Chamber 2,28-041661e256ff,23.0,T237,42C,off
03/13/2022 20:04:02,Chamber 2,28-041661e256ff,23.0,T237,42C,off
03/13/2022 20:04:23,Chamber 2,28-041661e256ff,23.0,T237,42C,off
03/13/2022 20:04:42,Chamber 2,28-041661e256ff,23.0,T237,42C,off
03/13/2022 20:05:02,Chamber 2,28-041661e256ff,23.0,T237,42C,off
03/13/2022 20:05:22,Chamber 2,28-041661e256ff,23.0,T237,42C,off
03/13/2022 20:05:42,Chamber 2,28-041661e256ff,23.0,T237,42C,off
03/13/2022 20:06:02,Chamber 2,28-041661e256ff,23.0,T237,42C,off
03/13/2022 20:06:22,Chamber 2,28-041661e256ff,23.0,T237,42C,off
03/13/2022 20:06:42,Chamber 2,28-041661e256ff,23.0,T237,42C,off
03/13/2022 20:07:02,Chamber 2,28-041661e256ff,23.0,T237,42C,off
03/13/2022 20:07:22,Chamber 2,28-041661e256ff,23.0,T237,42C,off
03/13/2022 20:07:42,Chamber 2,28-041661e256ff,23.0,T237,42C,off
03/13/2022 20:08:02,Chamber 2,28-041661e256ff,23.0,T237,42C,off
03/13/2022 20:08:22,Chamber 2,28-041661e256ff,23.0,T237,42C,off
03/13/2022 20:08:42,Chamber 2,28-041661e256ff,23.0,T237,42C,off
03/13/2022 20:09:02,Chamber 2,28-041661e256ff,23.0,T237,42C,off
03/13/2022 20:09:22,Chamber 2,28-041661e256ff,23.0,T237,42C,off
03/13/2022 20:09:42,Chamber 2,28-041661e256ff,23.0,T237,42C,off
03/13/2022 20:10:02,Chamber 2,28-041661e256ff,23.0,T237,42C,off
03/13/2022 20:10:22,Chamber 2,28-041661e256ff,23.0,T237,42C,off
03/13/2022 20:10:42,Chamber 2,28-041661e256ff,23.0,T237,42C,off
03/13/2022 20:11:02,Chamber 2,28-041661e256ff,23.0,T237,42C,off
03/13/2022 20:11:22,Chamber 2,28-041661e256ff,23.0,T237,42C,off
03/13/2022 20:11:42,Chamber 2,28-041661e256ff,23.0,T237,42C,off
03/13/2022 20:12:02,Chamber 2,28-041661e256ff,23.0,T237,42C,off
03/13/2022 20:12:22,Chamber 2,28-041661e256ff,23.0,T237,42C,off
03/13/2022 20:12:42,Chamber 2,28-041661e256ff,23.0,T237,42C,off
03/13/2022 20:13:02,Chamber 2,28-041661e256ff,23.0,T237,42C,off
03/13/2022 20:13:25,Chamber 2,28-041661e256ff,23.0,T237,42C,off
03/13/2022 20:13:42,Chamber 2,28-041661e256ff,23.0,T237,42C,off
03/13/2022 20:14:02,Chamber 2,28-041661e256ff,23.0,T237,42C,off
03/13/2022 20:14:22,Chamber 2,28-041661e256ff,23.0,T237,42C,off
03/13/2022 20:14:42,Chamber 2,28-041661e256ff,23.0,T237,42C,off
03/13/2022 20:15:02,Chamber 2,28-041661e256ff,23.0,T237,42C,off
03/13/2022 20:15:22,Chamber 2,28-041661e256ff,23.0,T237,42C,off
03/13/2022 20:15:42,Chamber 2,28-041661e256ff,23.0,T237,42C,off
03/13/2022 20:16:02,Chamber 2,28-041661e256ff,23.0,T237,42C,off
03/13/2022 20:16:22,Chamber 2,28-041661e256ff,23.0,T237,42C,off
03/13/2022 20:16:42,Chamber 2,28-041661e256ff,22.937,T237,42C,off
03/13/2022 20:17:02,Chamber 2,28-041661e256ff,22.937,T237,42C,off
03/13/2022 20:17:22,Chamber 2,28-041661e256ff,23.0,T237,42C,off
03/13/2022 20:17:43,Chamber 2,28-041661e256ff,23.0,T237,42C,off
03/13/2022 20:18:02,Chamber 2,28-041661e256ff,23.0,T237,42C,off
03/13/2022 20:18:22,Chamber 2,28-041661e256ff,23.0,T237,42C,off
03/13/2022 20:18:42,Chamber 2,28-041661e256ff,23.0,T237,42C,off
03/13/2022 20:19:02,Chamber 2,28-041661e256ff,23.0,T237,42C,off
03/13/2022 20:19:22,Chamber 2,28-041661e256ff,23.0,T237,42C,off
03/13/2022 20:19:42,Chamber 2,28-041661e256ff,23.0,T237,42C,off
03/13/2022 20:20:02,Chamber 2,28-041661e256ff,23.0,T237,42C,off
03/13/2022 20:20:22,Chamber 2,28-041661e256ff,23.0,T237,42C,off
03/13/2022 20:20:42,Chamber 2,28-041661e256ff,23.0,T237,42C,off
03/13/2022 20:21:02,Chamber 2,28-041661e256ff,23.0,T237,42C,off
03/13/2022 20:21:22,Chamber 2,28-041661e256ff,23.0,T237,42C,off
03/13/2022 20:21:42,Chamber 2,28-041661e256ff,23.0,T237,42C,off
03/13/2022 20:22:02,Chamber 2,28-041661e256ff,23.0,T237,42C,off
03/13/2022 20:22:22,Chamber 2,28-041661e256ff,23.0,T237,42C,off
03/13/2022 20:22:42,Chamber 2,28-041661e256ff,23.0,T237,42C,off
03/13/2022 20:23:02,Chamber 2,28-041661e256ff,23.0,T237,42C,off
03/13/2022 20:23:22,Chamber 2,28-041661e256ff,23.0,T237,42C,off
03/13/2022 20:23:42,Chamber 2,28-041661e256ff,23.0,T237,42C,off
03/13/2022 20:24:02,Chamber 2,28-041661e256ff,23.0,T237,42C,off
03/13/2022 20:24:22,Chamber 2,28-041661e256ff,23.0,T237,42C,off
03/13/2022 20:24:42,Chamber 2,28-041661e256ff,23.0,T237,42C,off
03/13/2022 20:25:02,Chamber 2,28-041661e256ff,23.0,T237,42C,off
03/13/2022 20:25:22,Chamber 2,28-041661e256ff,23.0,T237,42C,off
03/13/2022 20:25:42,Chamber 2,28-041661e256ff,23.0,T237,42C,off
03/13/2022 20:26:02,Chamber 2,28-041661e256ff,23.0,T237,42C,off
03/13/2022 20:26:22,Chamber 2,28-041661e256ff,23.0,T237,42C,off
03/13/2022 20:26:42,Chamber 2,28-041661e256ff,23.0,T237,42C,off
03/13/2022 20:27:02,Chamber 2,28-041661e256ff,23.0,T237,42C,off
03/13/2022 20:27:22,Chamber 2,28-041661e256ff,23.0,T237,42C,off
03/13/2022 20:27:42,Chamber 2,28-041661e256ff,23.0,T237,42C,off
03/13/2022 20:28:02,Chamber 2,28-041661e256ff,23.0,T237,42C,off
03/13/2022 20:28:22,Chamber 2,28-041661e256ff,23.0,T237,42C,off
03/13/2022 20:28:42,Chamber 2,28-041661e256ff,23.0,T237,42C,off
03/13/2022 20:29:02,Chamber 2,28-041661e256ff,23.0,T237,42C,off
03/13/2022 20:29:22,Chamber 2,28-041661e256ff,23.0,T237,42C,off
03/13/2022 20:29:42,Chamber 2,28-041661e256ff,23.0,T237,42C,off
03/13/2022 20:30:02,Chamber 2,28-041661e256ff,23.0,T237,42C,off
03/13/2022 20:30:22,Chamber 2,28-041661e256ff,23.0,T237,42C,off
03/13/2022 20:30:42,Chamber 2,28-041661e256ff,23.0,T237,42C,off
03/13/2022 20:31:02,Chamber 2,28-041661e256ff,23.0,T237,42C,off
03/13/2022 20:31:22,Chamber 2,28-041661e256ff,23.0,T237,42C,off
03/13/2022 20:31:42,Chamber 2,28-041661e256ff,23.0,T237,42C,off
03/13/2022 20:32:02,Chamber 2,28-041661e256ff,23.0,T237,42C,off
03/13/2022 20:32:22,Chamber 2,28-041661e256ff,23.0,T237,42C,off
03/13/2022 20:32:42,Chamber 2,28-041661e256ff,23.0,T237,42C,off
03/13/2022 20:33:02,Chamber 2,28-041661e256ff,23.0,T237,42C,off
03/13/2022 20:33:22,Chamber 2,28-041661e256ff,23.0,T237,42C,off
03/13/2022 20:33:42,Chamber 2,28-041661e256ff,23.0,T237,42C,off
03/13/2022 20:34:02,Chamber 2,28-041661e256ff,23.0,T237,42C,off
03/13/2022 20:34:22,Chamber 2,28-041661e256ff,23.0,T237,42C,off
03/13/2022 20:34:42,Chamber 2,28-041661e256ff,23.0,T237,42C,off
03/13/2022 20:35:02,Chamber 2,28-041661e256ff,23.0,T237,42C,off
03/13/2022 20:35:22,Chamber 2,28-041661e256ff,23.0,T237,42C,off
03/13/2022 20:35:42,Chamber 2,28-041661e256ff,23.0,T237,42C,off
03/13/2022 20:36:02,Chamber 2,28-041661e256ff,23.0,T237,42C,off
03/13/2022 20:36:22,Chamber 2,28-041661e256ff,23.0,T237,42C,off
03/13/2022 20:36:42,Chamber 2,28-041661e256ff,23.0,T237,42C,off
03/13/2022 20:37:02,Chamber 2,28-041661e256ff,23.0,T237,42C,off
03/13/2022 20:37:24,Chamber 2,28-041661e256ff,23.0,T237,42C,off
03/13/2022 20:37:42,Chamber 2,28-041661e256ff,23.0,T237,42C,off
03/13/2022 20:38:02,Chamber 2,28-041661e256ff,23.0,T237,42C,off
03/13/2022 20:38:22,Chamber 2,28-041661e256ff,22.937,T237,42C,off
03/13/2022 20:38:42,Chamber 2,28-041661e256ff,23.0,T237,42C,off
03/13/2022 20:39:02,Chamber 2,28-041661e256ff,22.937,T237,42C,off
03/13/2022 20:39:22,Chamber 2,28-041661e256ff,23.0,T237,42C,off
03/13/2022 20:39:42,Chamber 2,28-041661e256ff,23.0,T237,42C,off
03/13/2022 20:40:02,Chamber 2,28-041661e256ff,23.0,T237,42C,off
03/13/2022 20:40:22,Chamber 2,28-041661e256ff,23.0,T237,42C,off
03/13/2022 20:40:42,Chamber 2,28-041661e256ff,23.0,T237,42C,off
03/13/2022 20:41:02,Chamber 2,28-041661e256ff,23.0,T237,42C,off
03/13/2022 20:41:22,Chamber 2,28-041661e256ff,23.0,T237,42C,off
03/13/2022 20:41:42,Chamber 2,28-041661e256ff,23.0,T237,42C,off
03/13/2022 20:42:02,Chamber 2,28-041661e256ff,23.0,T237,42C,off
03/13/2022 20:42:22,Chamber 2,28-041661e256ff,23.0,T237,42C,off
03/13/2022 20:42:42,Chamber 2,28-041661e256ff,23.0,T237,42C,off
03/13/2022 20:43:02,Chamber 2,28-041661e256ff,23.0,T237,42C,off
03/13/2022 20:43:22,Chamber 2,28-041661e256ff,23.0,T237,42C,off
03/13/2022 20:43:42,Chamber 2,28-041661e256ff,23.0,T237,42C,off
03/13/2022 20:44:02,Chamber 2,28-041661e256ff,23.0,T237,42C,off
03/13/2022 20:44:22,Chamber 2,28-041661e256ff,23.0,T237,42C,off
03/13/2022 20:44:42,Chamber 2,28-041661e256ff,23.0,T237,42C,off
03/13/2022 20:45:02,Chamber 2,28-041661e256ff,23.0,T237,42C,off
03/13/2022 20:45:22,Chamber 2,28-041661e256ff,23.0,T237,42C,off
03/13/2022 20:45:42,Chamber 2,28-041661e256ff,23.0,T237,42C,off
03/13/2022 20:46:02,Chamber 2,28-041661e256ff,23.0,T237,42C,off
03/13/2022 20:46:22,Chamber 2,28-041661e256ff,23.0,T237,42C,off
03/13/2022 20:46:42,Chamber 2,28-041661e256ff,23.0,T237,42C,off
03/13/2022 20:47:02,Chamber 2,28-041661e256ff,23.0,T237,42C,off
03/13/2022 20:47:22,Chamber 2,28-041661e256ff,23.0,T237,42C,off
03/13/2022 20:47:42,Chamber 2,28-041661e256ff,23.0,T237,42C,off
03/13/2022 20:48:02,Chamber 2,28-041661e256ff,23.0,T237,42C,off
03/13/2022 20:48:22,Chamber 2,28-041661e256ff,23.0,T237,42C,off
03/13/2022 20:48:42,Chamber 2,28-041661e256ff,23.0,T237,42C,off
03/13/2022 20:49:02,Chamber 2,28-041661e256ff,22.937,T237,42C,off
03/13/2022 20:49:22,Chamber 2,28-041661e256ff,22.937,T237,42C,off
03/13/2022 20:49:42,Chamber 2,28-041661e256ff,22.937,T237,42C,off
03/13/2022 20:50:02,Chamber 2,28-041661e256ff,22.937,T237,42C,off
03/13/2022 20:50:22,Chamber 2,28-041661e256ff,22.937,T237,42C,off
03/13/2022 20:50:42,Chamber 2,28-041661e256ff,23.0,T237,42C,off
03/13/2022 20:51:02,Chamber 2,28-041661e256ff,22.937,T237,42C,off
03/13/2022 20:51:22,Chamber 2,28-041661e256ff,22.937,T237,42C,off
03/13/2022 20:51:42,Chamber 2,28-041661e256ff,22.937,T237,42C,off
03/13/2022 20:52:02,Chamber 2,28-041661e256ff,23.0,T237,42C,off
03/13/2022 20:52:22,Chamber 2,28-041661e256ff,22.937,T237,42C,off
03/13/2022 20:52:42,Chamber 2,28-041661e256ff,23.0,T237,42C,off
03/13/2022 20:53:02,Chamber 2,28-041661e256ff,22.937,T237,42C,off
03/13/2022 20:53:22,Chamber 2,28-041661e256ff,22.937,T237,42C,off
03/13/2022 20:53:42,Chamber 2,28-041661e256ff,23.0,T237,42C,off
03/13/2022 20:54:02,Chamber 2,28-041661e256ff,22.937,T237,42C,off
03/13/2022 20:54:22,Chamber 2,28-041661e256ff,22.937,T237,42C,off
03/13/2022 20:54:42,Chamber 2,28-041661e256ff,22.937,T237,42C,off
03/13/2022 20:55:03,Chamber 2,28-041661e256ff,23.0,T237,42C,off
03/13/2022 20:55:22,Chamber 2,28-041661e256ff,22.937,T237,42C,off
03/13/2022 20:55:42,Chamber 2,28-041661e256ff,22.937,T237,42C,off
03/13/2022 20:56:02,Chamber 2,28-041661e256ff,22.937,T237,42C,off
03/13/2022 20:56:22,Chamber 2,28-041661e256ff,22.937,T237,42C,off
03/13/2022 20:56:42,Chamber 2,28-041661e256ff,22.937,T237,42C,off
03/13/2022 20:57:02,Chamber 2,28-041661e256ff,22.937,T237,42C,off
03/13/2022 20:57:22,Chamber 2,28-041661e256ff,22.937,T237,42C,off
03/13/2022 20:57:42,Chamber 2,28-041661e256ff,22.937,T237,42C,off
03/13/2022 20:58:02,Chamber 2,28-041661e256ff,22.937,T237,42C,off
03/13/2022 20:58:22,Chamber 2,28-041661e256ff,22.937,T237,42C,off
03/13/2022 20:58:42,Chamber 2,28-041661e256ff,22.937,T237,42C,off
03/13/2022 20:59:02,Chamber 2,28-041661e256ff,22.937,T237,42C,off
03/13/2022 20:59:22,Chamber 2,28-041661e256ff,22.937,T237,42C,off
03/13/2022 20:59:42,Chamber 2,28-041661e256ff,22.937,T237,42C,off
03/13/2022 21:00:04,Chamber 2,28-041661e256ff,22.937,T237,42C,off
03/13/2022 21:00:22,Chamber 2,28-041661e256ff,22.937,T237,42C,off
03/13/2022 21:00:42,Chamber 2,28-041661e256ff,22.937,T237,42C,off
03/13/2022 21:01:02,Chamber 2,28-041661e256ff,22.937,T237,42C,off
03/13/2022 21:01:22,Chamber 2,28-041661e256ff,22.937,T237,42C,off
03/13/2022 21:01:42,Chamber 2,28-041661e256ff,22.937,T237,42C,off
03/13/2022 21:02:02,Chamber 2,28-041661e256ff,22.937,T237,42C,off
03/13/2022 21:02:22,Chamber 2,28-041661e256ff,22.937,T237,42C,off
03/13/2022 21:02:42,Chamber 2,28-041661e256ff,22.937,T237,42C,off
03/13/2022 21:03:02,Chamber 2,28-041661e256ff,22.937,T237,42C,off
03/13/2022 21:03:22,Chamber 2,28-041661e256ff,22.937,T237,42C,off
03/13/2022 21:03:42,Chamber 2,28-041661e256ff,22.937,T237,42C,off
03/13/2022 21:04:03,Chamber 2,28-041661e256ff,22.937,T237,42C,off
03/13/2022 21:04:22,Chamber 2,28-041661e256ff,22.937,T237,42C,off
03/13/2022 21:04:42,Chamber 2,28-041661e256ff,22.937,T237,42C,off
03/13/2022 21:05:02,Chamber 2,28-041661e256ff,22.937,T237,42C,off
03/13/2022 21:05:22,Chamber 2,28-041661e256ff,22.937,T237,42C,off
03/13/2022 21:05:43,Chamber 2,28-041661e256ff,22.937,T237,42C,off
03/13/2022 21:06:02,Chamber 2,28-041661e256ff,22.937,T237,42C,off
03/13/2022 21:06:22,Chamber 2,28-041661e256ff,22.937,T237,42C,off
03/13/2022 21:06:44,Chamber 2,28-041661e256ff,22.937,T237,42C,off
03/13/2022 21:07:02,Chamber 2,28-041661e256ff,22.937,T237,42C,off
03/13/2022 21:07:22,Chamber 2,28-041661e256ff,22.937,T237,42C,off
03/13/2022 21:07:42,Chamber 2,28-041661e256ff,22.937,T237,42C,off
03/13/2022 21:08:02,Chamber 2,28-041661e256ff,22.937,T237,42C,off
03/13/2022 21:08:22,Chamber 2,28-041661e256ff,22.937,T237,42C,off
03/13/2022 21:08:43,Chamber 2,28-041661e256ff,23.0,T237,42C,off
03/13/2022 21:09:02,Chamber 2,28-041661e256ff,22.937,T237,42C,off
03/13/2022 21:09:22,Chamber 2,28-041661e256ff,22.937,T237,42C,off
03/13/2022 21:09:42,Chamber 2,28-041661e256ff,22.937,T237,42C,off
03/13/2022 21:10:02,Chamber 2,28-041661e256ff,22.937,T237,42C,off
03/13/2022 21:10:22,Chamber 2,28-041661e256ff,22.937,T237,42C,off
03/13/2022 21:10:42,Chamber 2,28-041661e256ff,22.937,T237,42C,off
03/13/2022 21:11:02,Chamber 2,28-041661e256ff,22.937,T237,42C,off
03/13/2022 21:11:22,Chamber 2,28-041661e256ff,22.937,T237,42C,off
03/13/2022 21:11:42,Chamber 2,28-041661e256ff,22.937,T237,42C,off
03/13/2022 21:12:02,Chamber 2,28-041661e256ff,22.937,T237,42C,off
03/13/2022 21:12:22,Chamber 2,28-041661e256ff,22.937,T237,42C,off
03/13/2022 21:12:42,Chamber 2,28-041661e256ff,22.937,T237,42C,off
03/13/2022 21:13:02,Chamber 2,28-041661e256ff,22.937,T237,42C,off
03/13/2022 21:13:23,Chamber 2,28-041661e256ff,22.937,T237,42C,off
03/13/2022 21:13:42,Chamber 2,28-041661e256ff,22.937,T237,42C,off
03/13/2022 21:14:02,Chamber 2,28-041661e256ff,22.937,T237,42C,off
03/13/2022 21:14:22,Chamber 2,28-041661e256ff,22.937,T237,42C,off
03/13/2022 21:14:42,Chamber 2,28-041661e256ff,22.937,T237,42C,off
03/13/2022 21:15:02,Chamber 2,28-041661e256ff,22.937,T237,42C,off
03/13/2022 21:15:22,Chamber 2,28-041661e256ff,22.937,T237,42C,off
03/13/2022 21:15:42,Chamber 2,28-041661e256ff,22.937,T237,42C,off
03/13/2022 21:16:02,Chamber 2,28-041661e256ff,22.937,T237,42C,off
03/13/2022 21:16:22,Chamber 2,28-041661e256ff,22.937,T237,42C,off
03/13/2022 21:16:42,Chamber 2,28-041661e256ff,22.937,T237,42C,off
03/13/2022 21:17:02,Chamber 2,28-041661e256ff,22.937,T237,42C,off
03/13/2022 21:17:22,Chamber 2,28-041661e256ff,22.937,T237,42C,off
03/13/2022 21:17:42,Chamber 2,28-041661e256ff,22.937,T237,42C,off
03/13/2022 21:18:02,Chamber 2,28-041661e256ff,22.937,T237,42C,off
03/13/2022 21:18:22,Chamber 2,28-041661e256ff,22.937,T237,42C,off
03/13/2022 21:18:42,Chamber 2,28-041661e256ff,22.937,T237,42C,off
03/13/2022 21:19:02,Chamber 2,28-041661e256ff,22.937,T237,42C,off
03/13/2022 21:19:22,Chamber 2,28-041661e256ff,22.937,T237,42C,off
03/13/2022 21:19:42,Chamber 2,28-041661e256ff,22.937,T237,42C,off
03/13/2022 21:20:02,Chamber 2,28-041661e256ff,22.937,T237,42C,off
03/13/2022 21:20:22,Chamber 2,28-041661e256ff,22.937,T237,42C,off
03/13/2022 21:20:42,Chamber 2,28-041661e256ff,22.937,T237,42C,off
03/13/2022 21:21:02,Chamber 2,28-041661e256ff,22.937,T237,42C,off
03/13/2022 21:21:22,Chamber 2,28-041661e256ff,22.937,T237,42C,off
03/13/2022 21:21:42,Chamber 2,28-041661e256ff,23.0,T237,42C,off
03/13/2022 21:22:02,Chamber 2,28-041661e256ff,22.937,T237,42C,off
03/13/2022 21:22:22,Chamber 2,28-041661e256ff,23.0,T237,42C,off
03/13/2022 21:22:42,Chamber 2,28-041661e256ff,22.937,T237,42C,off
03/13/2022 21:23:02,Chamber 2,28-041661e256ff,22.937,T237,42C,off
03/13/2022 21:23:22,Chamber 2,28-041661e256ff,22.937,T237,42C,off
03/13/2022 21:23:42,Chamber 2,28-041661e256ff,22.937,T237,42C,off
03/13/2022 21:24:02,Chamber 2,28-041661e256ff,22.937,T237,42C,off
03/13/2022 21:24:22,Chamber 2,28-041661e256ff,22.937,T237,42C,off
03/13/2022 21:24:42,Chamber 2,28-041661e256ff,22.937,T237,42C,off
03/13/2022 21:25:02,Chamber 2,28-041661e256ff,22.937,T237,42C,off
03/13/2022 21:25:22,Chamber 2,28-041661e256ff,22.937,T237,42C,off
03/13/2022 21:25:42,Chamber 2,28-041661e256ff,22.937,T237,42C,off
03/13/2022 21:26:02,Chamber 2,28-041661e256ff,22.937,T237,42C,off
03/13/2022 21:26:22,Chamber 2,28-041661e256ff,22.937,T237,42C,off
03/13/2022 21:26:42,Chamber 2,28-041661e256ff,22.937,T237,42C,off
03/13/2022 21:27:02,Chamber 2,28-041661e256ff,22.937,T237,42C,off
03/13/2022 21:27:22,Chamber 2,28-041661e256ff,22.937,T237,42C,off
03/13/2022 21:27:42,Chamber 2,28-041661e256ff,22.937,T237,42C,off
03/13/2022 21:28:02,Chamber 2,28-041661e256ff,22.937,T237,42C,off
03/13/2022 21:28:23,Chamber 2,28-041661e256ff,22.937,T237,42C,off
03/13/2022 21:28:42,Chamber 2,28-041661e256ff,22.937,T237,42C,off
03/13/2022 21:29:02,Chamber 2,28-041661e256ff,22.937,T237,42C,off
03/13/2022 21:29:22,Chamber 2,28-041661e256ff,22.937,T237,42C,off
03/13/2022 21:29:43,Chamber 2,28-041661e256ff,22.937,T237,42C,off
03/13/2022 21:30:02,Chamber 2,28-041661e256ff,22.937,T237,42C,off
03/13/2022 21:30:22,Chamber 2,28-041661e256ff,22.937,T237,42C,off
03/13/2022 21:30:42,Chamber 2,28-041661e256ff,22.937,T237,42C,off
03/13/2022 21:31:02,Chamber 2,28-041661e256ff,22.937,T237,42C,off
03/13/2022 21:31:22,Chamber 2,28-041661e256ff,22.937,T237,42C,off
03/13/2022 21:31:42,Chamber 2,28-041661e256ff,22.937,T237,42C,off
03/13/2022 21:32:02,Chamber 2,28-041661e256ff,22.937,T237,42C,off
03/13/2022 21:32:22,Chamber 2,28-041661e256ff,22.937,T237,42C,off
03/13/2022 21:32:42,Chamber 2,28-041661e256ff,22.937,T237,42C,off
03/13/2022 21:33:02,Chamber 2,28-041661e256ff,22.937,T237,42C,off
03/13/2022 21:33:22,Chamber 2,28-041661e256ff,22.937,T237,42C,off
03/13/2022 21:33:42,Chamber 2,28-041661e256ff,22.937,T237,42C,off
03/13/2022 21:34:02,Chamber 2,28-041661e256ff,22.937,T237,42C,off
03/13/2022 21:34:22,Chamber 2,28-041661e256ff,22.937,T237,42C,off
03/13/2022 21:34:42,Chamber 2,28-041661e256ff,22.937,T237,42C,off
03/13/2022 21:35:02,Chamber 2,28-041661e256ff,22.937,T237,42C,off
03/13/2022 21:35:22,Chamber 2,28-041661e256ff,22.937,T237,42C,off
03/13/2022 21:35:42,Chamber 2,28-041661e256ff,22.937,T237,42C,off
03/13/2022 21:36:02,Chamber 2,28-041661e256ff,22.937,T237,42C,off
03/13/2022 21:36:22,Chamber 2,28-041661e256ff,22.937,T237,42C,off
03/13/2022 21:36:42,Chamber 2,28-041661e256ff,22.937,T237,42C,off
03/13/2022 21:37:02,Chamber 2,28-041661e256ff,22.937,T237,42C,off
03/13/2022 21:37:22,Chamber 2,28-041661e256ff,22.937,T237,42C,off
03/13/2022 21:37:42,Chamber 2,28-041661e256ff,22.937,T237,42C,off
03/13/2022 21:38:02,Chamber 2,28-041661e256ff,22.937,T237,42C,off
03/13/2022 21:38:22,Chamber 2,28-041661e256ff,22.937,T237,42C,off
03/13/2022 21:38:42,Chamber 2,28-041661e256ff,22.937,T237,42C,off
03/13/2022 21:39:02,Chamber 2,28-041661e256ff,22.937,T237,42C,off
03/13/2022 21:39:22,Chamber 2,28-041661e256ff,22.937,T237,42C,off
03/13/2022 21:39:42,Chamber 2,28-041661e256ff,22.937,T237,42C,off
03/13/2022 21:40:02,Chamber 2,28-041661e256ff,22.937,T237,42C,off
03/13/2022 21:40:22,Chamber 2,28-041661e256ff,22.937,T237,42C,off
03/13/2022 21:40:42,Chamber 2,28-041661e256ff,22.937,T237,42C,off
03/13/2022 21:41:02,Chamber 2,28-041661e256ff,22.937,T237,42C,off
03/13/2022 21:41:22,Chamber 2,28-041661e256ff,22.937,T237,42C,off
03/13/2022 21:41:42,Chamber 2,28-041661e256ff,22.937,T237,42C,off
03/13/2022 21:42:02,Chamber 2,28-041661e256ff,22.937,T237,42C,off
03/13/2022 21:42:22,Chamber 2,28-041661e256ff,22.937,T237,42C,off
03/13/2022 21:42:42,Chamber 2,28-041661e256ff,22.937,T237,42C,off
03/13/2022 21:43:02,Chamber 2,28-041661e256ff,22.937,T237,42C,off
03/13/2022 21:43:22,Chamber 2,28-041661e256ff,22.937,T237,42C,off
03/13/2022 21:43:42,Chamber 2,28-041661e256ff,22.937,T237,42C,off
03/13/2022 21:44:02,Chamber 2,28-041661e256ff,22.937,T237,42C,off
03/13/2022 21:44:22,Chamber 2,28-041661e256ff,22.937,T237,42C,off
03/13/2022 21:44:42,Chamber 2,28-041661e256ff,22.937,T237,42C,off
03/13/2022 21:45:02,Chamber 2,28-041661e256ff,22.937,T237,42C,off
03/13/2022 21:45:22,Chamber 2,28-041661e256ff,22.937,T237,42C,off
03/13/2022 21:45:42,Chamber 2,28-041661e256ff,22.937,T237,42C,off
03/13/2022 21:46:02,Chamber 2,28-041661e256ff,22.937,T237,42C,off
03/13/2022 21:46:22,Chamber 2,28-041661e256ff,22.937,T237,42C,off
03/13/2022 21:46:42,Chamber 2,28-041661e256ff,22.937,T237,42C,off
03/13/2022 21:47:02,Chamber 2,28-041661e256ff,22.937,T237,42C,off
03/13/2022 21:47:22,Chamber 2,28-041661e256ff,22.937,T237,42C,off
03/13/2022 21:47:42,Chamber 2,28-041661e256ff,22.937,T237,42C,off
03/13/2022 21:48:02,Chamber 2,28-041661e256ff,22.937,T237,42C,off
03/13/2022 21:48:22,Chamber 2,28-041661e256ff,22.937,T237,42C,off
03/13/2022 21:48:42,Chamber 2,28-041661e256ff,22.937,T237,42C,off
03/13/2022 21:49:06,Chamber 2,28-041661e256ff,22.937,T237,42C,off
03/13/2022 21:49:22,Chamber 2,28-041661e256ff,22.937,T237,42C,off
03/13/2022 21:49:42,Chamber 2,28-041661e256ff,22.937,T237,42C,off
03/13/2022 21:50:02,Chamber 2,28-041661e256ff,22.937,T237,42C,off
03/13/2022 21:50:22,Chamber 2,28-041661e256ff,22.937,T237,42C,off
03/13/2022 21:50:42,Chamber 2,28-041661e256ff,22.937,T237,42C,off
03/13/2022 21:51:04,Chamber 2,28-041661e256ff,22.937,T237,42C,off
03/13/2022 21:51:23,Chamber 2,28-041661e256ff,22.937,T237,42C,off
03/13/2022 21:51:43,Chamber 2,28-041661e256ff,22.937,T237,42C,off
03/13/2022 21:52:02,Chamber 2,28-041661e256ff,22.937,T237,42C,off
03/13/2022 21:52:22,Chamber 2,28-041661e256ff,22.937,T237,42C,off
03/13/2022 21:52:42,Chamber 2,28-041661e256ff,22.937,T237,42C,off
03/13/2022 21:53:02,Chamber 2,28-041661e256ff,22.937,T237,42C,off
03/13/2022 21:53:22,Chamber 2,28-041661e256ff,22.937,T237,42C,off
03/13/2022 21:53:42,Chamber 2,28-041661e256ff,22.937,T237,42C,off
03/13/2022 21:54:02,Chamber 2,28-041661e256ff,22.937,T237,42C,off
03/13/2022 21:54:22,Chamber 2,28-041661e256ff,22.937,T237,42C,off
03/13/2022 21:54:42,Chamber 2,28-041661e256ff,22.937,T237,42C,off
03/13/2022 21:55:03,Chamber 2,28-041661e256ff,22.937,T237,42C,off
03/13/2022 21:55:22,Chamber 2,28-041661e256ff,22.937,T237,42C,off
03/13/2022 21:55:42,Chamber 2,28-041661e256ff,22.937,T237,42C,off
03/13/2022 21:56:02,Chamber 2,28-041661e256ff,22.937,T237,42C,off
03/13/2022 21:56:22,Chamber 2,28-041661e256ff,22.937,T237,42C,off
03/13/2022 21:56:42,Chamber 2,28-041661e256ff,22.937,T237,42C,off
03/13/2022 21:57:02,Chamber 2,28-041661e256ff,22.937,T237,42C,off
03/13/2022 21:57:22,Chamber 2,28-041661e256ff,22.937,T237,42C,off
03/13/2022 21:57:42,Chamber 2,28-041661e256ff,22.937,T237,42C,off
03/13/2022 21:58:03,Chamber 2,28-041661e256ff,22.937,T237,42C,off
03/13/2022 21:58:22,Chamber 2,28-041661e256ff,22.937,T237,42C,off
03/13/2022 21:58:42,Chamber 2,28-041661e256ff,22.937,T237,42C,off
03/13/2022 21:59:02,Chamber 2,28-041661e256ff,22.937,T237,42C,off
03/13/2022 21:59:22,Chamber 2,28-041661e256ff,22.937,T237,42C,off
03/13/2022 21:59:42,Chamber 2,28-041661e256ff,22.937,T237,42C,off
03/13/2022 22:00:02,Chamber 2,28-041661e256ff,22.937,T237,42C,off
03/13/2022 22:00:22,Chamber 2,28-041661e256ff,22.937,T237,42C,off
03/13/2022 22:00:43,Chamber 2,28-041661e256ff,22.937,T237,42C,off
03/13/2022 22:01:03,Chamber 2,28-041661e256ff,22.937,T237,42C,off
03/13/2022 22:01:22,Chamber 2,28-041661e256ff,22.937,T237,42C,off
03/13/2022 22:01:42,Chamber 2,28-041661e256ff,22.937,T237,42C,off
03/13/2022 22:02:02,Chamber 2,28-041661e256ff,22.937,T237,42C,off
03/13/2022 22:02:22,Chamber 2,28-041661e256ff,22.937,T237,42C,off
03/13/2022 22:02:42,Chamber 2,28-041661e256ff,22.937,T237,42C,off
03/13/2022 22:03:02,Chamber 2,28-041661e256ff,22.937,T237,42C,off
03/13/2022 22:03:23,Chamber 2,28-041661e256ff,22.937,T237,42C,off
03/13/2022 22:03:42,Chamber 2,28-041661e256ff,22.937,T237,42C,off
03/13/2022 22:04:03,Chamber 2,28-041661e256ff,22.937,T237,42C,off
03/13/2022 22:04:22,Chamber 2,28-041661e256ff,22.937,T237,42C,off
03/13/2022 22:04:42,Chamber 2,28-041661e256ff,22.937,T237,42C,off
03/13/2022 22:05:02,Chamber 2,28-041661e256ff,22.937,T237,42C,off
03/13/2022 22:05:23,Chamber 2,28-041661e256ff,22.937,T237,42C,off
03/13/2022 22:05:42,Chamber 2,28-041661e256ff,22.937,T237,42C,off
03/13/2022 22:06:02,Chamber 2,28-041661e256ff,22.937,T237,42C,off
03/13/2022 22:06:23,Chamber 2,28-041661e256ff,22.937,T237,42C,off
03/13/2022 22:06:42,Chamber 2,28-041661e256ff,22.937,T237,42C,off
03/13/2022 22:07:02,Chamber 2,28-041661e256ff,22.937,T237,42C,off
03/13/2022 22:07:22,Chamber 2,28-041661e256ff,22.937,T237,42C,off
03/13/2022 22:07:42,Chamber 2,28-041661e256ff,22.937,T237,42C,off
03/13/2022 22:08:02,Chamber 2,28-041661e256ff,22.937,T237,42C,off
03/13/2022 22:08:22,Chamber 2,28-041661e256ff,22.937,T237,42C,off
03/13/2022 22:08:42,Chamber 2,28-041661e256ff,22.937,T237,42C,off
03/13/2022 22:09:02,Chamber 2,28-041661e256ff,22.875,T237,42C,off
03/13/2022 22:09:22,Chamber 2,28-041661e256ff,22.937,T237,42C,off
03/13/2022 22:09:45,Chamber 2,28-041661e256ff,22.937,T237,42C,off
03/13/2022 22:10:02,Chamber 2,28-041661e256ff,22.875,T237,42C,off
03/13/2022 22:10:22,Chamber 2,28-041661e256ff,22.937,T237,42C,off
03/13/2022 22:10:42,Chamber 2,28-041661e256ff,22.937,T237,42C,off
03/13/2022 22:11:02,Chamber 2,28-041661e256ff,22.875,T237,42C,off
03/13/2022 22:11:22,Chamber 2,28-041661e256ff,22.875,T237,42C,off
03/13/2022 22:11:42,Chamber 2,28-041661e256ff,22.937,T237,42C,off
03/13/2022 22:12:02,Chamber 2,28-041661e256ff,22.937,T237,42C,off
03/13/2022 22:12:22,Chamber 2,28-041661e256ff,22.937,T237,42C,off
03/13/2022 22:12:42,Chamber 2,28-041661e256ff,22.875,T237,42C,off
03/13/2022 22:13:02,Chamber 2,28-041661e256ff,22.875,T237,42C,off
03/13/2022 22:13:23,Chamber 2,28-041661e256ff,22.937,T237,42C,off
03/13/2022 22:13:42,Chamber 2,28-041661e256ff,22.875,T237,42C,off
03/13/2022 22:14:02,Chamber 2,28-041661e256ff,22.937,T237,42C,off
03/13/2022 22:14:22,Chamber 2,28-041661e256ff,22.937,T237,42C,off
03/13/2022 22:14:42,Chamber 2,28-041661e256ff,22.937,T237,42C,off
03/13/2022 22:15:02,Chamber 2,28-041661e256ff,22.875,T237,42C,off
03/13/2022 22:15:22,Chamber 2,28-041661e256ff,22.875,T237,42C,off
03/13/2022 22:15:42,Chamber 2,28-041661e256ff,22.875,T237,42C,off
03/13/2022 22:16:02,Chamber 2,28-041661e256ff,22.875,T237,42C,off
03/13/2022 22:16:22,Chamber 2,28-041661e256ff,22.875,T237,42C,off
03/13/2022 22:16:42,Chamber 2,28-041661e256ff,22.875,T237,42C,off
03/13/2022 22:17:02,Chamber 2,28-041661e256ff,22.875,T237,42C,off
03/13/2022 22:17:22,Chamber 2,28-041661e256ff,22.875,T237,42C,off
03/13/2022 22:17:43,Chamber 2,28-041661e256ff,22.937,T237,42C,off
03/13/2022 22:18:03,Chamber 2,28-041661e256ff,22.875,T237,42C,off
03/13/2022 22:18:22,Chamber 2,28-041661e256ff,22.875,T237,42C,off
03/13/2022 22:18:42,Chamber 2,28-041661e256ff,22.875,T237,42C,off
03/13/2022 22:19:02,Chamber 2,28-041661e256ff,22.875,T237,42C,off
03/13/2022 22:19:22,Chamber 2,28-041661e256ff,22.875,T237,42C,off
03/13/2022 22:19:42,Chamber 2,28-041661e256ff,22.875,T237,42C,off
03/13/2022 22:20:02,Chamber 2,28-041661e256ff,22.875,T237,42C,off
03/13/2022 22:20:22,Chamber 2,28-041661e256ff,22.875,T237,42C,off
03/13/2022 22:20:42,Chamber 2,28-041661e256ff,22.812,T237,42C,off
03/13/2022 22:21:02,Chamber 2,28-041661e256ff,22.812,T237,42C,off
03/13/2022 22:21:22,Chamber 2,28-041661e256ff,22.812,T237,42C,off
03/13/2022 22:21:42,Chamber 2,28-041661e256ff,22.812,T237,42C,off
03/13/2022 22:22:02,Chamber 2,28-041661e256ff,22.812,T237,42C,off
03/13/2022 22:22:22,Chamber 2,28-041661e256ff,22.812,T237,42C,off
03/13/2022 22:22:42,Chamber 2,28-041661e256ff,22.812,T237,42C,off
03/13/2022 22:23:02,Chamber 2,28-041661e256ff,22.812,T237,42C,off
03/13/2022 22:23:22,Chamber 2,28-041661e256ff,22.812,T237,42C,off
03/13/2022 22:23:42,Chamber 2,28-041661e256ff,22.812,T237,42C,off
03/13/2022 22:24:02,Chamber 2,28-041661e256ff,22.812,T237,42C,off
03/13/2022 22:24:22,Chamber 2,28-041661e256ff,22.812,T237,42C,off
03/13/2022 22:24:42,Chamber 2,28-041661e256ff,22.812,T237,42C,off
03/13/2022 22:25:02,Chamber 2,28-041661e256ff,22.812,T237,42C,off
03/13/2022 22:25:22,Chamber 2,28-041661e256ff,22.812,T237,42C,off
03/13/2022 22:25:42,Chamber 2,28-041661e256ff,22.812,T237,42C,off
03/13/2022 22:26:02,Chamber 2,28-041661e256ff,22.812,T237,42C,off
03/13/2022 22:26:22,Chamber 2,28-041661e256ff,22.812,T237,42C,off
03/13/2022 22:26:42,Chamber 2,28-041661e256ff,22.812,T237,42C,off
03/13/2022 22:27:02,Chamber 2,28-041661e256ff,22.812,T237,42C,off
03/13/2022 22:27:22,Chamber 2,28-041661e256ff,22.812,T237,42C,off
03/13/2022 22:27:42,Chamber 2,28-041661e256ff,22.812,T237,42C,off
03/13/2022 22:28:02,Chamber 2,28-041661e256ff,22.812,T237,42C,off
03/13/2022 22:28:22,Chamber 2,28-041661e256ff,22.812,T237,42C,off
03/13/2022 22:28:42,Chamber 2,28-041661e256ff,22.812,T237,42C,off
03/13/2022 22:29:02,Chamber 2,28-041661e256ff,22.812,T237,42C,off
03/13/2022 22:29:22,Chamber 2,28-041661e256ff,22.75,T237,42C,off
03/13/2022 22:29:42,Chamber 2,28-041661e256ff,22.75,T237,42C,off
03/13/2022 22:30:03,Chamber 2,28-041661e256ff,22.75,T237,42C,off
03/13/2022 22:30:22,Chamber 2,28-041661e256ff,22.75,T237,42C,off
03/13/2022 22:30:42,Chamber 2,28-041661e256ff,22.75,T237,42C,off
03/13/2022 22:31:02,Chamber 2,28-041661e256ff,22.75,T237,42C,off
03/13/2022 22:31:23,Chamber 2,28-041661e256ff,22.812,T237,42C,off
03/13/2022 22:31:42,Chamber 2,28-041661e256ff,22.812,T237,42C,off
03/13/2022 22:32:02,Chamber 2,28-041661e256ff,22.75,T237,42C,off
03/13/2022 22:32:22,Chamber 2,28-041661e256ff,22.75,T237,42C,off
03/13/2022 22:32:42,Chamber 2,28-041661e256ff,22.75,T237,42C,off
03/13/2022 22:33:02,Chamber 2,28-041661e256ff,22.75,T237,42C,off
03/13/2022 22:33:22,Chamber 2,28-041661e256ff,22.75,T237,42C,off
03/13/2022 22:33:42,Chamber 2,28-041661e256ff,22.75,T237,42C,off
03/13/2022 22:34:02,Chamber 2,28-041661e256ff,22.75,T237,42C,off
03/13/2022 22:34:22,Chamber 2,28-041661e256ff,22.75,T237,42C,off
03/13/2022 22:34:42,Chamber 2,28-041661e256ff,22.75,T237,42C,off
03/13/2022 22:35:02,Chamber 2,28-041661e256ff,22.75,T237,42C,off
03/13/2022 22:35:22,Chamber 2,28-041661e256ff,22.75,T237,42C,off
03/13/2022 22:35:42,Chamber 2,28-041661e256ff,22.75,T237,42C,off
03/13/2022 22:36:02,Chamber 2,28-041661e256ff,22.75,T237,42C,off
03/13/2022 22:36:22,Chamber 2,28-041661e256ff,22.75,T237,42C,off
03/13/2022 22:36:42,Chamber 2,28-041661e256ff,22.75,T237,42C,off
03/13/2022 22:37:02,Chamber 2,28-041661e256ff,22.75,T237,42C,off
03/13/2022 22:37:22,Chamber 2,28-041661e256ff,22.75,T237,42C,off
03/13/2022 22:37:42,Chamber 2,28-041661e256ff,22.75,T237,42C,off
03/13/2022 22:38:02,Chamber 2,28-041661e256ff,22.75,T237,42C,off
03/13/2022 22:38:22,Chamber 2,28-041661e256ff,22.75,T237,42C,off
03/13/2022 22:38:42,Chamber 2,28-041661e256ff,22.75,T237,42C,off
03/13/2022 22:39:02,Chamber 2,28-041661e256ff,22.75,T237,42C,off
03/13/2022 22:39:22,Chamber 2,28-041661e256ff,22.75,T237,42C,off
03/13/2022 22:39:42,Chamber 2,28-041661e256ff,22.75,T237,42C,off
03/13/2022 22:40:02,Chamber 2,28-041661e256ff,22.75,T237,42C,off
03/13/2022 22:40:22,Chamber 2,28-041661e256ff,22.75,T237,42C,off
03/13/2022 22:40:42,Chamber 2,28-041661e256ff,22.75,T237,42C,off
03/13/2022 22:41:02,Chamber 2,28-041661e256ff,22.75,T237,42C,off
03/13/2022 22:41:22,Chamber 2,28-041661e256ff,22.75,T237,42C,off
03/13/2022 22:41:42,Chamber 2,28-041661e256ff,22.75,T237,42C,off
03/13/2022 22:42:02,Chamber 2,28-041661e256ff,22.75,T237,42C,off
03/13/2022 22:42:22,Chamber 2,28-041661e256ff,22.75,T237,42C,off
03/13/2022 22:42:42,Chamber 2,28-041661e256ff,22.75,T237,42C,off
03/13/2022 22:43:02,Chamber 2,28-041661e256ff,22.75,T237,42C,off
03/13/2022 22:43:22,Chamber 2,28-041661e256ff,22.75,T237,42C,off
03/13/2022 22:43:42,Chamber 2,28-041661e256ff,22.75,T237,42C,off
03/13/2022 22:44:02,Chamber 2,28-041661e256ff,22.75,T237,42C,off
03/13/2022 22:44:22,Chamber 2,28-041661e256ff,22.75,T237,42C,off
03/13/2022 22:44:42,Chamber 2,28-041661e256ff,22.75,T237,42C,off
03/13/2022 22:45:02,Chamber 2,28-041661e256ff,22.75,T237,42C,off
03/13/2022 22:45:22,Chamber 2,28-041661e256ff,22.75,T237,42C,off
03/13/2022 22:45:42,Chamber 2,28-041661e256ff,22.75,T237,42C,off
03/13/2022 22:46:02,Chamber 2,28-041661e256ff,22.75,T237,42C,off
03/13/2022 22:46:22,Chamber 2,28-041661e256ff,22.75,T237,42C,off
03/13/2022 22:46:42,Chamber 2,28-041661e256ff,22.75,T237,42C,off
03/13/2022 22:47:02,Chamber 2,28-041661e256ff,22.75,T237,42C,off
03/13/2022 22:47:22,Chamber 2,28-041661e256ff,22.75,T237,42C,off
03/13/2022 22:47:43,Chamber 2,28-041661e256ff,22.75,T237,42C,off
03/13/2022 22:48:02,Chamber 2,28-041661e256ff,22.75,T237,42C,off
03/13/2022 22:48:22,Chamber 2,28-041661e256ff,22.75,T237,42C,off
03/13/2022 22:48:42,Chamber 2,28-041661e256ff,22.75,T237,42C,off
03/13/2022 22:49:02,Chamber 2,28-041661e256ff,22.75,T237,42C,off
03/13/2022 22:49:22,Chamber 2,28-041661e256ff,22.75,T237,42C,off
03/13/2022 22:49:42,Chamber 2,28-041661e256ff,22.75,T237,42C,off
03/13/2022 22:50:02,Chamber 2,28-041661e256ff,22.687,T237,42C,off
03/13/2022 22:50:22,Chamber 2,28-041661e256ff,22.687,T237,42C,off
03/13/2022 22:50:42,Chamber 2,28-041661e256ff,22.687,T237,42C,off
03/13/2022 22:51:02,Chamber 2,28-041661e256ff,22.75,T237,42C,off
03/13/2022 22:51:22,Chamber 2,28-041661e256ff,22.75,T237,42C,off
03/13/2022 22:51:42,Chamber 2,28-041661e256ff,22.687,T237,42C,off
03/13/2022 22:52:02,Chamber 2,28-041661e256ff,22.75,T237,42C,off
03/13/2022 22:52:22,Chamber 2,28-041661e256ff,22.75,T237,42C,off
03/13/2022 22:52:42,Chamber 2,28-041661e256ff,22.75,T237,42C,off
03/13/2022 22:53:02,Chamber 2,28-041661e256ff,22.687,T237,42C,off
03/13/2022 22:53:22,Chamber 2,28-041661e256ff,22.687,T237,42C,off
03/13/2022 22:53:42,Chamber 2,28-041661e256ff,22.75,T237,42C,off
03/13/2022 22:54:02,Chamber 2,28-041661e256ff,22.687,T237,42C,off
03/13/2022 22:54:22,Chamber 2,28-041661e256ff,22.75,T237,42C,off
03/13/2022 22:54:42,Chamber 2,28-041661e256ff,22.687,T237,42C,off
03/13/2022 22:55:02,Chamber 2,28-041661e256ff,22.75,T237,42C,off
03/13/2022 22:55:22,Chamber 2,28-041661e256ff,22.687,T237,42C,off
03/13/2022 22:55:42,Chamber 2,28-041661e256ff,22.75,T237,42C,off
03/13/2022 22:56:02,Chamber 2,28-041661e256ff,22.75,T237,42C,off
03/13/2022 22:56:23,Chamber 2,28-041661e256ff,22.687,T237,42C,off
03/13/2022 22:56:42,Chamber 2,28-041661e256ff,22.687,T237,42C,off
03/13/2022 22:57:02,Chamber 2,28-041661e256ff,22.75,T237,42C,off
03/13/2022 22:57:22,Chamber 2,28-041661e256ff,22.687,T237,42C,off
03/13/2022 22:57:42,Chamber 2,28-041661e256ff,22.687,T237,42C,off
03/13/2022 22:58:02,Chamber 2,28-041661e256ff,22.687,T237,42C,off
03/13/2022 22:58:22,Chamber 2,28-041661e256ff,22.687,T237,42C,off
03/13/2022 22:58:42,Chamber 2,28-041661e256ff,22.687,T237,42C,off
03/13/2022 22:59:02,Chamber 2,28-041661e256ff,22.687,T237,42C,off
03/13/2022 22:59:22,Chamber 2,28-041661e256ff,22.687,T237,42C,off
03/13/2022 22:59:42,Chamber 2,28-041661e256ff,22.687,T237,42C,off
03/13/2022 23:00:02,Chamber 2,28-041661e256ff,22.687,T237,42C,off
03/13/2022 23:00:22,Chamber 2,28-041661e256ff,22.687,T237,42C,off
03/13/2022 23:00:42,Chamber 2,28-041661e256ff,22.687,T237,42C,off
03/13/2022 23:01:03,Chamber 2,28-041661e256ff,22.687,T237,42C,off
03/13/2022 23:01:22,Chamber 2,28-041661e256ff,22.687,T237,42C,off
03/13/2022 23:01:42,Chamber 2,28-041661e256ff,22.687,T237,42C,off
03/13/2022 23:02:02,Chamber 2,28-041661e256ff,22.687,T237,42C,off
03/13/2022 23:02:22,Chamber 2,28-041661e256ff,22.687,T237,42C,off
03/13/2022 23:02:42,Chamber 2,28-041661e256ff,22.687,T237,42C,off
03/13/2022 23:03:03,Chamber 2,28-041661e256ff,22.687,T237,42C,off
03/13/2022 23:03:22,Chamber 2,28-041661e256ff,22.687,T237,42C,off
03/13/2022 23:03:42,Chamber 2,28-041661e256ff,22.687,T237,42C,off
03/13/2022 23:04:02,Chamber 2,28-041661e256ff,22.687,T237,42C,off
03/13/2022 23:04:22,Chamber 2,28-041661e256ff,22.687,T237,42C,off
03/13/2022 23:04:42,Chamber 2,28-041661e256ff,22.687,T237,42C,off
03/13/2022 23:05:02,Chamber 2,28-041661e256ff,22.687,T237,42C,off
03/13/2022 23:05:22,Chamber 2,28-041661e256ff,22.687,T237,42C,off
03/13/2022 23:05:42,Chamber 2,28-041661e256ff,22.687,T237,42C,off
03/13/2022 23:06:02,Chamber 2,28-041661e256ff,22.687,T237,42C,off
03/13/2022 23:06:22,Chamber 2,28-041661e256ff,22.687,T237,42C,off
03/13/2022 23:06:42,Chamber 2,28-041661e256ff,22.687,T237,42C,off
03/13/2022 23:07:02,Chamber 2,28-041661e256ff,22.687,T237,42C,off
03/13/2022 23:07:22,Chamber 2,28-041661e256ff,22.687,T237,42C,off
03/13/2022 23:07:42,Chamber 2,28-041661e256ff,22.687,T237,42C,off
03/13/2022 23:08:02,Chamber 2,28-041661e256ff,22.687,T237,42C,off
03/13/2022 23:08:22,Chamber 2,28-041661e256ff,22.687,T237,42C,off
03/13/2022 23:08:43,Chamber 2,28-041661e256ff,22.687,T237,42C,off
03/13/2022 23:09:02,Chamber 2,28-041661e256ff,22.687,T237,42C,off
03/13/2022 23:09:22,Chamber 2,28-041661e256ff,22.687,T237,42C,off
03/13/2022 23:09:42,Chamber 2,28-041661e256ff,22.687,T237,42C,off
03/13/2022 23:10:02,Chamber 2,28-041661e256ff,22.687,T237,42C,off
03/13/2022 23:10:22,Chamber 2,28-041661e256ff,22.687,T237,42C,off
03/13/2022 23:10:42,Chamber 2,28-041661e256ff,22.687,T237,42C,off
03/13/2022 23:11:02,Chamber 2,28-041661e256ff,22.687,T237,42C,off
03/13/2022 23:11:22,Chamber 2,28-041661e256ff,22.687,T237,42C,off
03/13/2022 23:11:42,Chamber 2,28-041661e256ff,22.687,T237,42C,off
03/13/2022 23:12:02,Chamber 2,28-041661e256ff,22.687,T237,42C,off
03/13/2022 23:12:22,Chamber 2,28-041661e256ff,22.687,T237,42C,off
03/13/2022 23:12:42,Chamber 2,28-041661e256ff,22.687,T237,42C,off
03/13/2022 23:13:06,Chamber 2,28-041661e256ff,22.687,T237,42C,off
03/13/2022 23:13:22,Chamber 2,28-041661e256ff,22.687,T237,42C,off
03/13/2022 23:13:42,Chamber 2,28-041661e256ff,22.687,T237,42C,off
03/13/2022 23:14:02,Chamber 2,28-041661e256ff,22.687,T237,42C,off
03/13/2022 23:14:22,Chamber 2,28-041661e256ff,22.687,T237,42C,off
03/13/2022 23:14:42,Chamber 2,28-041661e256ff,22.625,T237,42C,off
03/13/2022 23:15:02,Chamber 2,28-041661e256ff,22.625,T237,42C,off
03/13/2022 23:15:23,Chamber 2,28-041661e256ff,22.687,T237,42C,off
03/13/2022 23:15:42,Chamber 2,28-041661e256ff,22.625,T237,42C,off
03/13/2022 23:16:02,Chamber 2,28-041661e256ff,22.687,T237,42C,off
03/13/2022 23:16:22,Chamber 2,28-041661e256ff,22.625,T237,42C,off
03/13/2022 23:16:42,Chamber 2,28-041661e256ff,22.625,T237,42C,off
03/13/2022 23:17:02,Chamber 2,28-041661e256ff,22.625,T237,42C,off
03/13/2022 23:17:22,Chamber 2,28-041661e256ff,22.625,T237,42C,off
03/13/2022 23:17:42,Chamber 2,28-041661e256ff,22.625,T237,42C,off
03/13/2022 23:18:02,Chamber 2,28-041661e256ff,22.625,T237,42C,off
03/13/2022 23:18:22,Chamber 2,28-041661e256ff,22.687,T237,42C,off
03/13/2022 23:18:42,Chamber 2,28-041661e256ff,22.625,T237,42C,off
03/13/2022 23:19:02,Chamber 2,28-041661e256ff,22.625,T237,42C,off
03/13/2022 23:19:22,Chamber 2,28-041661e256ff,22.625,T237,42C,off
03/13/2022 23:19:42,Chamber 2,28-041661e256ff,22.625,T237,42C,off
03/13/2022 23:20:02,Chamber 2,28-041661e256ff,22.625,T237,42C,off
03/13/2022 23:20:22,Chamber 2,28-041661e256ff,22.625,T237,42C,off
03/13/2022 23:20:42,Chamber 2,28-041661e256ff,22.625,T237,42C,off
03/13/2022 23:21:02,Chamber 2,28-041661e256ff,22.625,T237,42C,off
03/13/2022 23:21:22,Chamber 2,28-041661e256ff,22.625,T237,42C,off
03/13/2022 23:21:42,Chamber 2,28-041661e256ff,22.625,T237,42C,off
03/13/2022 23:22:02,Chamber 2,28-041661e256ff,22.625,T237,42C,off
03/13/2022 23:22:22,Chamber 2,28-041661e256ff,22.625,T237,42C,off
03/13/2022 23:22:42,Chamber 2,28-041661e256ff,22.625,T237,42C,off
03/13/2022 23:23:02,Chamber 2,28-041661e256ff,22.625,T237,42C,off
03/13/2022 23:23:22,Chamber 2,28-041661e256ff,22.625,T237,42C,off
03/13/2022 23:23:42,Chamber 2,28-041661e256ff,22.625,T237,42C,off
03/13/2022 23:24:02,Chamber 2,28-041661e256ff,22.625,T237,42C,off
03/13/2022 23:24:22,Chamber 2,28-041661e256ff,22.625,T237,42C,off
03/13/2022 23:24:42,Chamber 2,28-041661e256ff,22.625,T237,42C,off
03/13/2022 23:25:03,Chamber 2,28-041661e256ff,22.625,T237,42C,off
03/13/2022 23:25:22,Chamber 2,28-041661e256ff,22.625,T237,42C,off
03/13/2022 23:25:42,Chamber 2,28-041661e256ff,22.625,T237,42C,off
03/13/2022 23:26:02,Chamber 2,28-041661e256ff,22.625,T237,42C,off
03/13/2022 23:26:22,Chamber 2,28-041661e256ff,22.625,T237,42C,off
03/13/2022 23:26:42,Chamber 2,28-041661e256ff,22.625,T237,42C,off
03/13/2022 23:27:02,Chamber 2,28-041661e256ff,22.625,T237,42C,off
03/13/2022 23:27:22,Chamber 2,28-041661e256ff,22.625,T237,42C,off
03/13/2022 23:27:42,Chamber 2,28-041661e256ff,22.625,T237,42C,off
03/13/2022 23:28:02,Chamber 2,28-041661e256ff,22.625,T237,42C,off
03/13/2022 23:28:22,Chamber 2,28-041661e256ff,22.625,T237,42C,off
03/13/2022 23:28:42,Chamber 2,28-041661e256ff,22.625,T237,42C,off
03/13/2022 23:29:02,Chamber 2,28-041661e256ff,22.625,T237,42C,off
03/13/2022 23:29:23,Chamber 2,28-041661e256ff,22.625,T237,42C,off
03/13/2022 23:29:42,Chamber 2,28-041661e256ff,22.625,T237,42C,off
03/13/2022 23:30:02,Chamber 2,28-041661e256ff,22.625,T237,42C,off
03/13/2022 23:30:22,Chamber 2,28-041661e256ff,22.687,T237,42C,off
03/13/2022 23:30:42,Chamber 2,28-041661e256ff,22.687,T237,42C,off
03/13/2022 23:31:02,Chamber 2,28-041661e256ff,22.687,T237,42C,off
03/13/2022 23:31:22,Chamber 2,28-041661e256ff,22.687,T237,42C,off
03/13/2022 23:31:42,Chamber 2,28-041661e256ff,22.687,T237,42C,off
03/13/2022 23:32:02,Chamber 2,28-041661e256ff,22.687,T237,42C,off
03/13/2022 23:32:22,Chamber 2,28-041661e256ff,22.687,T237,42C,off
03/13/2022 23:32:42,Chamber 2,28-041661e256ff,22.687,T237,42C,off
03/13/2022 23:33:02,Chamber 2,28-041661e256ff,22.687,T237,42C,off
03/13/2022 23:33:22,Chamber 2,28-041661e256ff,22.687,T237,42C,off
03/13/2022 23:33:43,Chamber 2,28-041661e256ff,22.687,T237,42C,off
03/13/2022 23:34:02,Chamber 2,28-041661e256ff,22.687,T237,42C,off
03/13/2022 23:34:22,Chamber 2,28-041661e256ff,22.687,T237,42C,off
03/13/2022 23:34:42,Chamber 2,28-041661e256ff,22.687,T237,42C,off
03/13/2022 23:35:02,Chamber 2,28-041661e256ff,22.687,T237,42C,off
03/13/2022 23:35:22,Chamber 2,28-041661e256ff,22.687,T237,42C,off
03/13/2022 23:35:42,Chamber 2,28-041661e256ff,22.687,T237,42C,off
03/13/2022 23:36:02,Chamber 2,28-041661e256ff,22.687,T237,42C,off
03/13/2022 23:36:22,Chamber 2,28-041661e256ff,22.687,T237,42C,off
03/13/2022 23:36:42,Chamber 2,28-041661e256ff,22.687,T237,42C,off
03/13/2022 23:37:02,Chamber 2,28-041661e256ff,22.687,T237,42C,off
03/13/2022 23:37:22,Chamber 2,28-041661e256ff,22.687,T237,42C,off
03/13/2022 23:37:42,Chamber 2,28-041661e256ff,22.687,T237,42C,off
03/13/2022 23:38:02,Chamber 2,28-041661e256ff,22.687,T237,42C,off
03/13/2022 23:38:22,Chamber 2,28-041661e256ff,22.625,T237,42C,off
03/13/2022 23:38:42,Chamber 2,28-041661e256ff,22.687,T237,42C,off
03/13/2022 23:39:02,Chamber 2,28-041661e256ff,22.625,T237,42C,off
03/13/2022 23:39:22,Chamber 2,28-041661e256ff,22.625,T237,42C,off
03/13/2022 23:39:42,Chamber 2,28-041661e256ff,22.687,T237,42C,off
03/13/2022 23:40:02,Chamber 2,28-041661e256ff,22.625,T237,42C,off
03/13/2022 23:40:22,Chamber 2,28-041661e256ff,22.625,T237,42C,off
03/13/2022 23:40:42,Chamber 2,28-041661e256ff,22.625,T237,42C,off
03/13/2022 23:41:02,Chamber 2,28-041661e256ff,22.625,T237,42C,off
03/13/2022 23:41:22,Chamber 2,28-041661e256ff,22.625,T237,42C,off
03/13/2022 23:41:42,Chamber 2,28-041661e256ff,22.625,T237,42C,off
03/13/2022 23:42:02,Chamber 2,28-041661e256ff,22.625,T237,42C,off
03/13/2022 23:42:22,Chamber 2,28-041661e256ff,22.687,T237,42C,off
03/13/2022 23:42:42,Chamber 2,28-041661e256ff,22.625,T237,42C,off
03/13/2022 23:43:02,Chamber 2,28-041661e256ff,22.625,T237,42C,off
03/13/2022 23:43:22,Chamber 2,28-041661e256ff,22.687,T237,42C,off
03/13/2022 23:43:44,Chamber 2,28-041661e256ff,22.687,T237,42C,off
03/13/2022 23:44:02,Chamber 2,28-041661e256ff,22.687,T237,42C,off
03/13/2022 23:44:22,Chamber 2,28-041661e256ff,22.687,T237,42C,off
03/13/2022 23:44:42,Chamber 2,28-041661e256ff,22.625,T237,42C,off
03/13/2022 23:45:02,Chamber 2,28-041661e256ff,22.625,T237,42C,off
03/13/2022 23:45:22,Chamber 2,28-041661e256ff,22.625,T237,42C,off
03/13/2022 23:45:42,Chamber 2,28-041661e256ff,22.625,T237,42C,off
03/13/2022 23:46:02,Chamber 2,28-041661e256ff,22.625,T237,42C,off
03/13/2022 23:46:22,Chamber 2,28-041661e256ff,22.625,T237,42C,off
03/13/2022 23:46:42,Chamber 2,28-041661e256ff,22.625,T237,42C,off
03/13/2022 23:47:02,Chamber 2,28-041661e256ff,22.625,T237,42C,off
03/13/2022 23:47:22,Chamber 2,28-041661e256ff,22.625,T237,42C,off
03/13/2022 23:47:42,Chamber 2,28-041661e256ff,22.625,T237,42C,off
03/13/2022 23:48:02,Chamber 2,28-041661e256ff,22.625,T237,42C,off
03/13/2022 23:48:22,Chamber 2,28-041661e256ff,22.625,T237,42C,off
03/13/2022 23:48:42,Chamber 2,28-041661e256ff,22.625,T237,42C,off
03/13/2022 23:49:02,Chamber 2,28-041661e256ff,22.625,T237,42C,off
03/13/2022 23:49:22,Chamber 2,28-041661e256ff,22.625,T237,42C,off
03/13/2022 23:49:42,Chamber 2,28-041661e256ff,22.687,T237,42C,off
03/13/2022 23:50:02,Chamber 2,28-041661e256ff,22.687,T237,42C,off
03/13/2022 23:50:23,Chamber 2,28-041661e256ff,22.687,T237,42C,off
03/13/2022 23:50:42,Chamber 2,28-041661e256ff,22.687,T237,42C,off
03/13/2022 23:51:02,Chamber 2,28-041661e256ff,22.687,T237,42C,off
03/13/2022 23:51:22,Chamber 2,28-041661e256ff,22.687,T237,42C,off
03/13/2022 23:51:42,Chamber 2,28-041661e256ff,22.687,T237,42C,off
03/13/2022 23:52:02,Chamber 2,28-041661e256ff,22.687,T237,42C,off
03/13/2022 23:52:23,Chamber 2,28-041661e256ff,22.687,T237,42C,off
03/13/2022 23:52:42,Chamber 2,28-041661e256ff,22.687,T237,42C,off
03/13/2022 23:53:02,Chamber 2,28-041661e256ff,22.625,T237,42C,off
03/13/2022 23:53:22,Chamber 2,28-041661e256ff,22.687,T237,42C,off
03/13/2022 23:53:42,Chamber 2,28-041661e256ff,22.687,T237,42C,off
03/13/2022 23:54:02,Chamber 2,28-041661e256ff,22.687,T237,42C,off
03/13/2022 23:54:24,Chamber 2,28-041661e256ff,22.687,T237,42C,off
03/13/2022 23:54:42,Chamber 2,28-041661e256ff,22.687,T237,42C,off
03/13/2022 23:55:02,Chamber 2,28-041661e256ff,22.687,T237,42C,off
03/13/2022 23:55:22,Chamber 2,28-041661e256ff,22.687,T237,42C,off
03/13/2022 23:55:42,Chamber 2,28-041661e256ff,22.687,T237,42C,off
03/13/2022 23:56:02,Chamber 2,28-041661e256ff,22.687,T237,42C,off
03/13/2022 23:56:22,Chamber 2,28-041661e256ff,22.625,T237,42C,off
03/13/2022 23:56:42,Chamber 2,28-041661e256ff,22.687,T237,42C,off
03/13/2022 23:57:02,Chamber 2,28-041661e256ff,22.625,T237,42C,off
03/13/2022 23:57:22,Chamber 2,28-041661e256ff,22.687,T237,42C,off
03/13/2022 23:57:42,Chamber 2,28-041661e256ff,22.625,T237,42C,off
03/13/2022 23:58:02,Chamber 2,28-041661e256ff,22.625,T237,42C,off
03/13/2022 23:58:22,Chamber 2,28-041661e256ff,22.625,T237,42C,off
03/13/2022 23:58:42,Chamber 2,28-041661e256ff,22.625,T237,42C,off
03/13/2022 23:59:02,Chamber 2,28-041661e256ff,22.687,T237,42C,off
03/13/2022 23:59:22,Chamber 2,28-041661e256ff,22.687,T237,42C,off
03/13/2022 23:59:42,Chamber 2,28-041661e256ff,22.687,T237,42C,off
