12/18/2021 00:00:04,Chamber 2,28-041661e256ff,26.875,T229,44C,off
12/18/2021 00:00:23,Chamber 2,28-041661e256ff,26.875,T229,44C,off
12/18/2021 00:00:43,Chamber 2,28-041661e256ff,26.875,T229,44C,off
12/18/2021 00:01:03,Chamber 2,28-041661e256ff,26.875,T229,44C,off
12/18/2021 00:01:25,Chamber 2,28-041661e256ff,26.875,T229,44C,off
12/18/2021 00:01:43,Chamber 2,28-041661e256ff,26.875,T229,44C,off
12/18/2021 00:02:03,Chamber 2,28-041661e256ff,26.875,T229,44C,off
12/18/2021 00:02:23,Chamber 2,28-041661e256ff,26.875,T229,44C,off
12/18/2021 00:02:43,Chamber 2,28-041661e256ff,26.812,T229,44C,off
12/18/2021 00:03:03,Chamber 2,28-041661e256ff,26.875,T229,44C,off
12/18/2021 00:03:23,Chamber 2,28-041661e256ff,26.812,T229,44C,off
12/18/2021 00:03:43,Chamber 2,28-041661e256ff,26.812,T229,44C,off
12/18/2021 00:04:05,Chamber 2,28-041661e256ff,26.875,T229,44C,off
12/18/2021 00:04:23,Chamber 2,28-041661e256ff,26.812,T229,44C,off
12/18/2021 00:04:43,Chamber 2,28-041661e256ff,26.812,T229,44C,off
12/18/2021 00:05:03,Chamber 2,28-041661e256ff,26.812,T229,44C,off
12/18/2021 00:05:23,Chamber 2,28-041661e256ff,26.812,T229,44C,off
12/18/2021 00:05:43,Chamber 2,28-041661e256ff,26.875,T229,44C,off
12/18/2021 00:06:03,Chamber 2,28-041661e256ff,26.812,T229,44C,off
12/18/2021 00:06:23,Chamber 2,28-041661e256ff,26.812,T229,44C,off
12/18/2021 00:06:43,Chamber 2,28-041661e256ff,26.875,T229,44C,off
12/18/2021 00:07:03,Chamber 2,28-041661e256ff,26.875,T229,44C,off
12/18/2021 00:07:23,Chamber 2,28-041661e256ff,26.812,T229,44C,off
12/18/2021 00:07:43,Chamber 2,28-041661e256ff,26.812,T229,44C,off
12/18/2021 00:08:03,Chamber 2,28-041661e256ff,26.812,T229,44C,off
12/18/2021 00:08:23,Chamber 2,28-041661e256ff,26.812,T229,44C,off
12/18/2021 00:08:43,Chamber 2,28-041661e256ff,26.812,T229,44C,off
12/18/2021 00:09:03,Chamber 2,28-041661e256ff,26.812,T229,44C,off
12/18/2021 00:09:23,Chamber 2,28-041661e256ff,26.812,T229,44C,off
12/18/2021 00:09:43,Chamber 2,28-041661e256ff,26.812,T229,44C,off
12/18/2021 00:10:03,Chamber 2,28-041661e256ff,26.875,T229,44C,off
12/18/2021 00:10:23,Chamber 2,28-041661e256ff,26.875,T229,44C,off
12/18/2021 00:10:43,Chamber 2,28-041661e256ff,26.812,T229,44C,off
12/18/2021 00:11:03,Chamber 2,28-041661e256ff,26.875,T229,44C,off
12/18/2021 00:11:23,Chamber 2,28-041661e256ff,26.812,T229,44C,off
12/18/2021 00:11:43,Chamber 2,28-041661e256ff,26.812,T229,44C,off
12/18/2021 00:12:03,Chamber 2,28-041661e256ff,26.875,T229,44C,off
12/18/2021 00:12:23,Chamber 2,28-041661e256ff,26.812,T229,44C,off
12/18/2021 00:12:44,Chamber 2,28-041661e256ff,26.875,T229,44C,off
12/18/2021 00:13:04,Chamber 2,28-041661e256ff,26.875,T229,44C,off
12/18/2021 00:13:24,Chamber 2,28-041661e256ff,26.875,T229,44C,off
12/18/2021 00:13:43,Chamber 2,28-041661e256ff,26.875,T229,44C,off
12/18/2021 00:14:03,Chamber 2,28-041661e256ff,26.812,T229,44C,off
12/18/2021 00:14:23,Chamber 2,28-041661e256ff,26.812,T229,44C,off
12/18/2021 00:14:43,Chamber 2,28-041661e256ff,26.812,T229,44C,off
12/18/2021 00:15:03,Chamber 2,28-041661e256ff,26.812,T229,44C,off
12/18/2021 00:15:23,Chamber 2,28-041661e256ff,26.812,T229,44C,off
12/18/2021 00:15:43,Chamber 2,28-041661e256ff,26.875,T229,44C,off
12/18/2021 00:16:03,Chamber 2,28-041661e256ff,26.875,T229,44C,off
12/18/2021 00:16:23,Chamber 2,28-041661e256ff,26.875,T229,44C,off
12/18/2021 00:16:47,Chamber 2,28-041661e256ff,26.875,T229,44C,off
12/18/2021 00:17:03,Chamber 2,28-041661e256ff,26.812,T229,44C,off
12/18/2021 00:17:23,Chamber 2,28-041661e256ff,26.812,T229,44C,off
12/18/2021 00:17:43,Chamber 2,28-041661e256ff,26.812,T229,44C,off
12/18/2021 00:18:03,Chamber 2,28-041661e256ff,26.875,T229,44C,off
12/18/2021 00:18:25,Chamber 2,28-041661e256ff,26.875,T229,44C,off
12/18/2021 00:18:43,Chamber 2,28-041661e256ff,26.875,T229,44C,off
12/18/2021 00:19:03,Chamber 2,28-041661e256ff,26.812,T229,44C,off
12/18/2021 00:19:23,Chamber 2,28-041661e256ff,26.812,T229,44C,off
12/18/2021 00:19:43,Chamber 2,28-041661e256ff,26.812,T229,44C,off
12/18/2021 00:20:04,Chamber 2,28-041661e256ff,26.812,T229,44C,off
12/18/2021 00:20:23,Chamber 2,28-041661e256ff,26.812,T229,44C,off
12/18/2021 00:20:43,Chamber 2,28-041661e256ff,26.812,T229,44C,off
12/18/2021 00:21:03,Chamber 2,28-041661e256ff,26.812,T229,44C,off
12/18/2021 00:21:23,Chamber 2,28-041661e256ff,26.875,T229,44C,off
12/18/2021 00:21:45,Chamber 2,28-041661e256ff,26.875,T229,44C,off
12/18/2021 00:22:04,Chamber 2,28-041661e256ff,26.875,T229,44C,off
12/18/2021 00:22:23,Chamber 2,28-041661e256ff,26.875,T229,44C,off
12/18/2021 00:22:43,Chamber 2,28-041661e256ff,26.812,T229,44C,off
12/18/2021 00:23:04,Chamber 2,28-041661e256ff,26.875,T229,44C,off
12/18/2021 00:23:23,Chamber 2,28-041661e256ff,26.875,T229,44C,off
12/18/2021 00:23:43,Chamber 2,28-041661e256ff,26.812,T229,44C,off
12/18/2021 00:24:03,Chamber 2,28-041661e256ff,26.812,T229,44C,off
12/18/2021 00:24:23,Chamber 2,28-041661e256ff,26.812,T229,44C,off
12/18/2021 00:24:44,Chamber 2,28-041661e256ff,26.875,T229,44C,off
12/18/2021 00:25:04,Chamber 2,28-041661e256ff,26.812,T229,44C,off
12/18/2021 00:25:23,Chamber 2,28-041661e256ff,26.875,T229,44C,off
12/18/2021 00:25:44,Chamber 2,28-041661e256ff,26.875,T229,44C,off
12/18/2021 00:26:03,Chamber 2,28-041661e256ff,26.812,T229,44C,off
12/18/2021 00:26:23,Chamber 2,28-041661e256ff,26.812,T229,44C,off
12/18/2021 00:26:43,Chamber 2,28-041661e256ff,26.812,T229,44C,off
12/18/2021 00:27:03,Chamber 2,28-041661e256ff,26.812,T229,44C,off
12/18/2021 00:27:24,Chamber 2,28-041661e256ff,26.875,T229,44C,off
12/18/2021 00:27:43,Chamber 2,28-041661e256ff,26.875,T229,44C,off
12/18/2021 00:28:03,Chamber 2,28-041661e256ff,26.812,T229,44C,off
12/18/2021 00:28:23,Chamber 2,28-041661e256ff,26.812,T229,44C,off
12/18/2021 00:28:43,Chamber 2,28-041661e256ff,26.812,T229,44C,off
12/18/2021 00:29:03,Chamber 2,28-041661e256ff,26.812,T229,44C,off
12/18/2021 00:29:23,Chamber 2,28-041661e256ff,26.812,T229,44C,off
12/18/2021 00:29:43,Chamber 2,28-041661e256ff,26.812,T229,44C,off
12/18/2021 00:30:03,Chamber 2,28-041661e256ff,26.812,T229,44C,off
12/18/2021 00:30:23,Chamber 2,28-041661e256ff,26.812,T229,44C,off
12/18/2021 00:30:43,Chamber 2,28-041661e256ff,26.812,T229,44C,off
12/18/2021 00:31:03,Chamber 2,28-041661e256ff,26.812,T229,44C,off
12/18/2021 00:31:23,Chamber 2,28-041661e256ff,26.812,T229,44C,off
12/18/2021 00:31:43,Chamber 2,28-041661e256ff,26.812,T229,44C,off
12/18/2021 00:32:03,Chamber 2,28-041661e256ff,26.812,T229,44C,off
12/18/2021 00:32:23,Chamber 2,28-041661e256ff,26.812,T229,44C,off
12/18/2021 00:32:43,Chamber 2,28-041661e256ff,26.812,T229,44C,off
12/18/2021 00:33:03,Chamber 2,28-041661e256ff,26.812,T229,44C,off
12/18/2021 00:33:23,Chamber 2,28-041661e256ff,26.812,T229,44C,off
12/18/2021 00:33:43,Chamber 2,28-041661e256ff,26.812,T229,44C,off
12/18/2021 00:34:03,Chamber 2,28-041661e256ff,26.812,T229,44C,off
12/18/2021 00:34:23,Chamber 2,28-041661e256ff,26.812,T229,44C,off
12/18/2021 00:34:43,Chamber 2,28-041661e256ff,26.812,T229,44C,off
12/18/2021 00:35:03,Chamber 2,28-041661e256ff,26.812,T229,44C,off
12/18/2021 00:35:23,Chamber 2,28-041661e256ff,26.812,T229,44C,off
12/18/2021 00:35:43,Chamber 2,28-041661e256ff,26.812,T229,44C,off
12/18/2021 00:36:03,Chamber 2,28-041661e256ff,26.812,T229,44C,off
12/18/2021 00:36:25,Chamber 2,28-041661e256ff,26.812,T229,44C,off
12/18/2021 00:36:43,Chamber 2,28-041661e256ff,26.812,T229,44C,off
12/18/2021 00:37:03,Chamber 2,28-041661e256ff,26.812,T229,44C,off
12/18/2021 00:37:24,Chamber 2,28-041661e256ff,26.812,T229,44C,off
12/18/2021 00:37:43,Chamber 2,28-041661e256ff,26.812,T229,44C,off
12/18/2021 00:38:03,Chamber 2,28-041661e256ff,26.812,T229,44C,off
12/18/2021 00:38:23,Chamber 2,28-041661e256ff,26.812,T229,44C,off
12/18/2021 00:38:43,Chamber 2,28-041661e256ff,26.812,T229,44C,off
12/18/2021 00:39:03,Chamber 2,28-041661e256ff,26.812,T229,44C,off
12/18/2021 00:39:26,Chamber 2,28-041661e256ff,26.812,T229,44C,off
12/18/2021 00:39:43,Chamber 2,28-041661e256ff,26.812,T229,44C,off
12/18/2021 00:40:03,Chamber 2,28-041661e256ff,26.812,T229,44C,off
12/18/2021 00:40:23,Chamber 2,28-041661e256ff,26.812,T229,44C,off
12/18/2021 00:40:43,Chamber 2,28-041661e256ff,26.812,T229,44C,off
12/18/2021 00:41:03,Chamber 2,28-041661e256ff,26.812,T229,44C,off
12/18/2021 00:41:23,Chamber 2,28-041661e256ff,26.812,T229,44C,off
12/18/2021 00:41:43,Chamber 2,28-041661e256ff,26.812,T229,44C,off
12/18/2021 00:42:03,Chamber 2,28-041661e256ff,26.812,T229,44C,off
12/18/2021 00:42:23,Chamber 2,28-041661e256ff,26.812,T229,44C,off
12/18/2021 00:42:43,Chamber 2,28-041661e256ff,26.812,T229,44C,off
12/18/2021 00:43:03,Chamber 2,28-041661e256ff,26.812,T229,44C,off
12/18/2021 00:43:24,Chamber 2,28-041661e256ff,26.812,T229,44C,off
12/18/2021 00:43:43,Chamber 2,28-041661e256ff,26.812,T229,44C,off
12/18/2021 00:44:03,Chamber 2,28-041661e256ff,26.812,T229,44C,off
12/18/2021 00:44:23,Chamber 2,28-041661e256ff,26.812,T229,44C,off
12/18/2021 00:44:43,Chamber 2,28-041661e256ff,26.812,T229,44C,off
12/18/2021 00:45:03,Chamber 2,28-041661e256ff,26.812,T229,44C,off
12/18/2021 00:45:23,Chamber 2,28-041661e256ff,26.812,T229,44C,off
12/18/2021 00:45:43,Chamber 2,28-041661e256ff,26.812,T229,44C,off
12/18/2021 00:46:03,Chamber 2,28-041661e256ff,26.812,T229,44C,off
12/18/2021 00:46:23,Chamber 2,28-041661e256ff,26.812,T229,44C,off
12/18/2021 00:46:43,Chamber 2,28-041661e256ff,26.812,T229,44C,off
12/18/2021 00:47:03,Chamber 2,28-041661e256ff,26.812,T229,44C,off
12/18/2021 00:47:23,Chamber 2,28-041661e256ff,26.812,T229,44C,off
12/18/2021 00:47:43,Chamber 2,28-041661e256ff,26.812,T229,44C,off
12/18/2021 00:48:03,Chamber 2,28-041661e256ff,26.812,T229,44C,off
12/18/2021 00:48:23,Chamber 2,28-041661e256ff,26.812,T229,44C,off
12/18/2021 00:48:43,Chamber 2,28-041661e256ff,26.812,T229,44C,off
12/18/2021 00:49:03,Chamber 2,28-041661e256ff,26.812,T229,44C,off
12/18/2021 00:49:23,Chamber 2,28-041661e256ff,26.812,T229,44C,off
12/18/2021 00:49:43,Chamber 2,28-041661e256ff,26.812,T229,44C,off
12/18/2021 00:50:03,Chamber 2,28-041661e256ff,26.812,T229,44C,off
12/18/2021 00:50:23,Chamber 2,28-041661e256ff,26.812,T229,44C,off
12/18/2021 00:50:43,Chamber 2,28-041661e256ff,26.812,T229,44C,off
12/18/2021 00:51:03,Chamber 2,28-041661e256ff,26.812,T229,44C,off
12/18/2021 00:51:23,Chamber 2,28-041661e256ff,26.812,T229,44C,off
12/18/2021 00:51:43,Chamber 2,28-041661e256ff,26.812,T229,44C,off
12/18/2021 00:52:03,Chamber 2,28-041661e256ff,26.812,T229,44C,off
12/18/2021 00:52:23,Chamber 2,28-041661e256ff,26.812,T229,44C,off
12/18/2021 00:52:43,Chamber 2,28-041661e256ff,26.812,T229,44C,off
12/18/2021 00:53:03,Chamber 2,28-041661e256ff,26.812,T229,44C,off
12/18/2021 00:53:23,Chamber 2,28-041661e256ff,26.812,T229,44C,off
12/18/2021 00:53:43,Chamber 2,28-041661e256ff,26.812,T229,44C,off
12/18/2021 00:54:03,Chamber 2,28-041661e256ff,26.812,T229,44C,off
12/18/2021 00:54:25,Chamber 2,28-041661e256ff,26.812,T229,44C,off
12/18/2021 00:54:43,Chamber 2,28-041661e256ff,26.812,T229,44C,off
12/18/2021 00:55:03,Chamber 2,28-041661e256ff,26.812,T229,44C,off
12/18/2021 00:55:23,Chamber 2,28-041661e256ff,26.812,T229,44C,off
12/18/2021 00:55:44,Chamber 2,28-041661e256ff,26.812,T229,44C,off
12/18/2021 00:56:03,Chamber 2,28-041661e256ff,26.812,T229,44C,off
12/18/2021 00:56:23,Chamber 2,28-041661e256ff,26.812,T229,44C,off
12/18/2021 00:56:43,Chamber 2,28-041661e256ff,26.812,T229,44C,off
12/18/2021 00:57:03,Chamber 2,28-041661e256ff,26.812,T229,44C,off
12/18/2021 00:57:23,Chamber 2,28-041661e256ff,26.812,T229,44C,off
12/18/2021 00:57:43,Chamber 2,28-041661e256ff,26.812,T229,44C,off
12/18/2021 00:58:03,Chamber 2,28-041661e256ff,26.812,T229,44C,off
12/18/2021 00:58:24,Chamber 2,28-041661e256ff,26.812,T229,44C,off
12/18/2021 00:58:43,Chamber 2,28-041661e256ff,26.812,T229,44C,off
12/18/2021 00:59:03,Chamber 2,28-041661e256ff,26.812,T229,44C,off
12/18/2021 00:59:25,Chamber 2,28-041661e256ff,26.812,T229,44C,off
12/18/2021 00:59:43,Chamber 2,28-041661e256ff,26.812,T229,44C,off
12/18/2021 01:00:03,Chamber 2,28-041661e256ff,26.812,T229,44C,off
12/18/2021 01:00:24,Chamber 2,28-041661e256ff,26.812,T229,44C,off
12/18/2021 01:00:43,Chamber 2,28-041661e256ff,26.812,T229,44C,off
12/18/2021 01:01:03,Chamber 2,28-041661e256ff,26.812,T229,44C,off
12/18/2021 01:01:23,Chamber 2,28-041661e256ff,26.812,T229,44C,off
12/18/2021 01:01:43,Chamber 2,28-041661e256ff,26.812,T229,44C,off
12/18/2021 01:02:03,Chamber 2,28-041661e256ff,26.812,T229,44C,off
12/18/2021 01:02:23,Chamber 2,28-041661e256ff,26.812,T229,44C,off
12/18/2021 01:02:43,Chamber 2,28-041661e256ff,26.812,T229,44C,off
12/18/2021 01:03:03,Chamber 2,28-041661e256ff,26.812,T229,44C,off
12/18/2021 01:03:23,Chamber 2,28-041661e256ff,26.812,T229,44C,off
12/18/2021 01:03:43,Chamber 2,28-041661e256ff,26.812,T229,44C,off
12/18/2021 01:04:03,Chamber 2,28-041661e256ff,26.812,T229,44C,off
12/18/2021 01:04:23,Chamber 2,28-041661e256ff,26.812,T229,44C,off
12/18/2021 01:04:43,Chamber 2,28-041661e256ff,26.812,T229,44C,off
12/18/2021 01:05:03,Chamber 2,28-041661e256ff,26.812,T229,44C,off
12/18/2021 01:05:23,Chamber 2,28-041661e256ff,26.812,T229,44C,off
12/18/2021 01:05:43,Chamber 2,28-041661e256ff,26.812,T229,44C,off
12/18/2021 01:06:03,Chamber 2,28-041661e256ff,26.812,T229,44C,off
12/18/2021 01:06:23,Chamber 2,28-041661e256ff,26.812,T229,44C,off
12/18/2021 01:06:43,Chamber 2,28-041661e256ff,26.812,T229,44C,off
12/18/2021 01:07:03,Chamber 2,28-041661e256ff,26.812,T229,44C,off
12/18/2021 01:07:23,Chamber 2,28-041661e256ff,26.812,T229,44C,off
12/18/2021 01:07:43,Chamber 2,28-041661e256ff,26.812,T229,44C,off
12/18/2021 01:08:03,Chamber 2,28-041661e256ff,26.812,T229,44C,off
12/18/2021 01:08:23,Chamber 2,28-041661e256ff,26.812,T229,44C,off
12/18/2021 01:08:43,Chamber 2,28-041661e256ff,26.812,T229,44C,off
12/18/2021 01:09:03,Chamber 2,28-041661e256ff,26.812,T229,44C,off
12/18/2021 01:09:23,Chamber 2,28-041661e256ff,26.812,T229,44C,off
12/18/2021 01:09:43,Chamber 2,28-041661e256ff,26.812,T229,44C,off
12/18/2021 01:10:03,Chamber 2,28-041661e256ff,26.812,T229,44C,off
12/18/2021 01:10:23,Chamber 2,28-041661e256ff,26.812,T229,44C,off
12/18/2021 01:10:43,Chamber 2,28-041661e256ff,26.812,T229,44C,off
12/18/2021 01:11:03,Chamber 2,28-041661e256ff,26.812,T229,44C,off
12/18/2021 01:11:23,Chamber 2,28-041661e256ff,26.812,T229,44C,off
12/18/2021 01:11:43,Chamber 2,28-041661e256ff,26.812,T229,44C,off
12/18/2021 01:12:03,Chamber 2,28-041661e256ff,26.812,T229,44C,off
12/18/2021 01:12:23,Chamber 2,28-041661e256ff,26.812,T229,44C,off
12/18/2021 01:12:43,Chamber 2,28-041661e256ff,26.812,T229,44C,off
12/18/2021 01:13:03,Chamber 2,28-041661e256ff,26.812,T229,44C,off
12/18/2021 01:13:24,Chamber 2,28-041661e256ff,26.812,T229,44C,off
12/18/2021 01:13:43,Chamber 2,28-041661e256ff,26.812,T229,44C,off
12/18/2021 01:14:03,Chamber 2,28-041661e256ff,26.812,T229,44C,off
12/18/2021 01:14:23,Chamber 2,28-041661e256ff,26.812,T229,44C,off
12/18/2021 01:14:43,Chamber 2,28-041661e256ff,26.812,T229,44C,off
12/18/2021 01:15:03,Chamber 2,28-041661e256ff,26.812,T229,44C,off
12/18/2021 01:15:24,Chamber 2,28-041661e256ff,26.812,T229,44C,off
12/18/2021 01:15:43,Chamber 2,28-041661e256ff,26.812,T229,44C,off
12/18/2021 01:16:03,Chamber 2,28-041661e256ff,26.812,T229,44C,off
12/18/2021 01:16:23,Chamber 2,28-041661e256ff,26.812,T229,44C,off
12/18/2021 01:16:44,Chamber 2,28-041661e256ff,26.812,T229,44C,off
12/18/2021 01:17:03,Chamber 2,28-041661e256ff,26.812,T229,44C,off
12/18/2021 01:17:23,Chamber 2,28-041661e256ff,26.812,T229,44C,off
12/18/2021 01:17:43,Chamber 2,28-041661e256ff,26.812,T229,44C,off
12/18/2021 01:18:04,Chamber 2,28-041661e256ff,26.812,T229,44C,off
12/18/2021 01:18:23,Chamber 2,28-041661e256ff,26.812,T229,44C,off
12/18/2021 01:18:43,Chamber 2,28-041661e256ff,26.812,T229,44C,off
12/18/2021 01:19:03,Chamber 2,28-041661e256ff,26.812,T229,44C,off
12/18/2021 01:19:23,Chamber 2,28-041661e256ff,26.812,T229,44C,off
12/18/2021 01:19:43,Chamber 2,28-041661e256ff,26.812,T229,44C,off
12/18/2021 01:20:03,Chamber 2,28-041661e256ff,26.812,T229,44C,off
12/18/2021 01:20:23,Chamber 2,28-041661e256ff,26.812,T229,44C,off
12/18/2021 01:20:43,Chamber 2,28-041661e256ff,26.812,T229,44C,off
12/18/2021 01:21:03,Chamber 2,28-041661e256ff,26.812,T229,44C,off
12/18/2021 01:21:23,Chamber 2,28-041661e256ff,26.812,T229,44C,off
12/18/2021 01:21:43,Chamber 2,28-041661e256ff,26.812,T229,44C,off
12/18/2021 01:22:03,Chamber 2,28-041661e256ff,26.812,T229,44C,off
12/18/2021 01:22:23,Chamber 2,28-041661e256ff,26.812,T229,44C,off
12/18/2021 01:22:43,Chamber 2,28-041661e256ff,26.812,T229,44C,off
12/18/2021 01:23:03,Chamber 2,28-041661e256ff,26.812,T229,44C,off
12/18/2021 01:23:23,Chamber 2,28-041661e256ff,26.812,T229,44C,off
12/18/2021 01:23:43,Chamber 2,28-041661e256ff,26.812,T229,44C,off
12/18/2021 01:24:03,Chamber 2,28-041661e256ff,26.812,T229,44C,off
12/18/2021 01:24:23,Chamber 2,28-041661e256ff,26.812,T229,44C,off
12/18/2021 01:24:43,Chamber 2,28-041661e256ff,26.812,T229,44C,off
12/18/2021 01:25:03,Chamber 2,28-041661e256ff,26.75,T229,44C,off
12/18/2021 01:25:23,Chamber 2,28-041661e256ff,26.812,T229,44C,off
12/18/2021 01:25:43,Chamber 2,28-041661e256ff,26.812,T229,44C,off
12/18/2021 01:26:03,Chamber 2,28-041661e256ff,26.812,T229,44C,off
12/18/2021 01:26:23,Chamber 2,28-041661e256ff,26.75,T229,44C,off
12/18/2021 01:26:43,Chamber 2,28-041661e256ff,26.75,T229,44C,off
12/18/2021 01:27:03,Chamber 2,28-041661e256ff,26.812,T229,44C,off
12/18/2021 01:27:23,Chamber 2,28-041661e256ff,26.812,T229,44C,off
12/18/2021 01:27:43,Chamber 2,28-041661e256ff,26.812,T229,44C,off
12/18/2021 01:28:03,Chamber 2,28-041661e256ff,26.812,T229,44C,off
12/18/2021 01:28:23,Chamber 2,28-041661e256ff,26.812,T229,44C,off
12/18/2021 01:28:43,Chamber 2,28-041661e256ff,26.812,T229,44C,off
12/18/2021 01:29:03,Chamber 2,28-041661e256ff,26.812,T229,44C,off
12/18/2021 01:29:23,Chamber 2,28-041661e256ff,26.812,T229,44C,off
12/18/2021 01:29:43,Chamber 2,28-041661e256ff,26.812,T229,44C,off
12/18/2021 01:30:03,Chamber 2,28-041661e256ff,26.812,T229,44C,off
12/18/2021 01:30:23,Chamber 2,28-041661e256ff,26.75,T229,44C,off
12/18/2021 01:30:43,Chamber 2,28-041661e256ff,26.812,T229,44C,off
12/18/2021 01:31:03,Chamber 2,28-041661e256ff,26.812,T229,44C,off
12/18/2021 01:31:23,Chamber 2,28-041661e256ff,26.812,T229,44C,off
12/18/2021 01:31:43,Chamber 2,28-041661e256ff,26.812,T229,44C,off
12/18/2021 01:32:03,Chamber 2,28-041661e256ff,26.75,T229,44C,off
12/18/2021 01:32:23,Chamber 2,28-041661e256ff,26.75,T229,44C,off
12/18/2021 01:32:43,Chamber 2,28-041661e256ff,26.812,T229,44C,off
12/18/2021 01:33:03,Chamber 2,28-041661e256ff,26.75,T229,44C,off
12/18/2021 01:33:23,Chamber 2,28-041661e256ff,26.812,T229,44C,off
12/18/2021 01:33:43,Chamber 2,28-041661e256ff,26.75,T229,44C,off
12/18/2021 01:34:03,Chamber 2,28-041661e256ff,26.812,T229,44C,off
12/18/2021 01:34:23,Chamber 2,28-041661e256ff,26.812,T229,44C,off
12/18/2021 01:34:43,Chamber 2,28-041661e256ff,26.812,T229,44C,off
12/18/2021 01:35:03,Chamber 2,28-041661e256ff,26.812,T229,44C,off
12/18/2021 01:35:23,Chamber 2,28-041661e256ff,26.812,T229,44C,off
12/18/2021 01:35:43,Chamber 2,28-041661e256ff,26.812,T229,44C,off
12/18/2021 01:36:03,Chamber 2,28-041661e256ff,26.75,T229,44C,off
12/18/2021 01:36:23,Chamber 2,28-041661e256ff,26.75,T229,44C,off
12/18/2021 01:36:43,Chamber 2,28-041661e256ff,26.812,T229,44C,off
12/18/2021 01:37:03,Chamber 2,28-041661e256ff,26.812,T229,44C,off
12/18/2021 01:37:23,Chamber 2,28-041661e256ff,26.75,T229,44C,off
12/18/2021 01:37:43,Chamber 2,28-041661e256ff,26.812,T229,44C,off
12/18/2021 01:38:03,Chamber 2,28-041661e256ff,26.75,T229,44C,off
12/18/2021 01:38:23,Chamber 2,28-041661e256ff,26.75,T229,44C,off
12/18/2021 01:38:43,Chamber 2,28-041661e256ff,26.75,T229,44C,off
12/18/2021 01:39:03,Chamber 2,28-041661e256ff,26.75,T229,44C,off
12/18/2021 01:39:23,Chamber 2,28-041661e256ff,26.75,T229,44C,off
12/18/2021 01:39:43,Chamber 2,28-041661e256ff,26.75,T229,44C,off
12/18/2021 01:40:03,Chamber 2,28-041661e256ff,26.75,T229,44C,off
12/18/2021 01:40:23,Chamber 2,28-041661e256ff,26.812,T229,44C,off
12/18/2021 01:40:43,Chamber 2,28-041661e256ff,26.75,T229,44C,off
12/18/2021 01:41:03,Chamber 2,28-041661e256ff,26.75,T229,44C,off
12/18/2021 01:41:23,Chamber 2,28-041661e256ff,26.75,T229,44C,off
12/18/2021 01:41:43,Chamber 2,28-041661e256ff,26.75,T229,44C,off
12/18/2021 01:42:03,Chamber 2,28-041661e256ff,26.75,T229,44C,off
12/18/2021 01:42:23,Chamber 2,28-041661e256ff,26.75,T229,44C,off
12/18/2021 01:42:43,Chamber 2,28-041661e256ff,26.75,T229,44C,off
12/18/2021 01:43:03,Chamber 2,28-041661e256ff,26.75,T229,44C,off
12/18/2021 01:43:23,Chamber 2,28-041661e256ff,26.75,T229,44C,off
12/18/2021 01:43:43,Chamber 2,28-041661e256ff,26.75,T229,44C,off
12/18/2021 01:44:03,Chamber 2,28-041661e256ff,26.75,T229,44C,off
12/18/2021 01:44:23,Chamber 2,28-041661e256ff,26.75,T229,44C,off
12/18/2021 01:44:43,Chamber 2,28-041661e256ff,26.75,T229,44C,off
12/18/2021 01:45:03,Chamber 2,28-041661e256ff,26.75,T229,44C,off
12/18/2021 01:45:23,Chamber 2,28-041661e256ff,26.75,T229,44C,off
12/18/2021 01:45:43,Chamber 2,28-041661e256ff,26.75,T229,44C,off
12/18/2021 01:46:03,Chamber 2,28-041661e256ff,26.75,T229,44C,off
12/18/2021 01:46:23,Chamber 2,28-041661e256ff,26.75,T229,44C,off
12/18/2021 01:46:44,Chamber 2,28-041661e256ff,26.75,T229,44C,off
12/18/2021 01:47:03,Chamber 2,28-041661e256ff,26.75,T229,44C,off
12/18/2021 01:47:26,Chamber 2,28-041661e256ff,26.75,T229,44C,off
12/18/2021 01:47:44,Chamber 2,28-041661e256ff,26.75,T229,44C,off
12/18/2021 01:48:03,Chamber 2,28-041661e256ff,26.75,T229,44C,off
12/18/2021 01:48:23,Chamber 2,28-041661e256ff,26.75,T229,44C,off
12/18/2021 01:48:43,Chamber 2,28-041661e256ff,26.75,T229,44C,off
12/18/2021 01:49:03,Chamber 2,28-041661e256ff,26.75,T229,44C,off
12/18/2021 01:49:23,Chamber 2,28-041661e256ff,26.75,T229,44C,off
12/18/2021 01:49:44,Chamber 2,28-041661e256ff,26.75,T229,44C,off
12/18/2021 01:50:03,Chamber 2,28-041661e256ff,26.75,T229,44C,off
12/18/2021 01:50:24,Chamber 2,28-041661e256ff,26.75,T229,44C,off
12/18/2021 01:50:43,Chamber 2,28-041661e256ff,26.75,T229,44C,off
12/18/2021 01:51:03,Chamber 2,28-041661e256ff,26.75,T229,44C,off
12/18/2021 01:51:23,Chamber 2,28-041661e256ff,26.75,T229,44C,off
12/18/2021 01:51:43,Chamber 2,28-041661e256ff,26.75,T229,44C,off
12/18/2021 01:52:03,Chamber 2,28-041661e256ff,26.75,T229,44C,off
12/18/2021 01:52:24,Chamber 2,28-041661e256ff,26.75,T229,44C,off
12/18/2021 01:52:43,Chamber 2,28-041661e256ff,26.75,T229,44C,off
12/18/2021 01:53:03,Chamber 2,28-041661e256ff,26.75,T229,44C,off
12/18/2021 01:53:23,Chamber 2,28-041661e256ff,26.75,T229,44C,off
12/18/2021 01:53:43,Chamber 2,28-041661e256ff,26.75,T229,44C,off
12/18/2021 01:54:03,Chamber 2,28-041661e256ff,26.75,T229,44C,off
12/18/2021 01:54:23,Chamber 2,28-041661e256ff,26.75,T229,44C,off
12/18/2021 01:54:43,Chamber 2,28-041661e256ff,26.75,T229,44C,off
12/18/2021 01:55:03,Chamber 2,28-041661e256ff,26.75,T229,44C,off
12/18/2021 01:55:23,Chamber 2,28-041661e256ff,26.75,T229,44C,off
12/18/2021 01:55:43,Chamber 2,28-041661e256ff,26.75,T229,44C,off
12/18/2021 01:56:04,Chamber 2,28-041661e256ff,26.75,T229,44C,off
12/18/2021 01:56:23,Chamber 2,28-041661e256ff,26.75,T229,44C,off
12/18/2021 01:56:43,Chamber 2,28-041661e256ff,26.75,T229,44C,off
12/18/2021 01:57:04,Chamber 2,28-041661e256ff,26.75,T229,44C,off
12/18/2021 01:57:23,Chamber 2,28-041661e256ff,26.75,T229,44C,off
12/18/2021 01:57:43,Chamber 2,28-041661e256ff,26.75,T229,44C,off
12/18/2021 01:58:03,Chamber 2,28-041661e256ff,26.75,T229,44C,off
12/18/2021 01:58:23,Chamber 2,28-041661e256ff,26.75,T229,44C,off
12/18/2021 01:58:43,Chamber 2,28-041661e256ff,26.75,T229,44C,off
12/18/2021 01:59:03,Chamber 2,28-041661e256ff,26.75,T229,44C,off
12/18/2021 01:59:23,Chamber 2,28-041661e256ff,26.75,T229,44C,off
12/18/2021 01:59:44,Chamber 2,28-041661e256ff,26.75,T229,44C,off
12/18/2021 02:00:03,Chamber 2,28-041661e256ff,26.75,T229,44C,off
12/18/2021 02:00:23,Chamber 2,28-041661e256ff,26.75,T229,44C,off
12/18/2021 02:00:43,Chamber 2,28-041661e256ff,26.75,T229,44C,off
12/18/2021 02:01:03,Chamber 2,28-041661e256ff,26.75,T229,44C,off
12/18/2021 02:01:23,Chamber 2,28-041661e256ff,26.75,T229,44C,off
12/18/2021 02:01:43,Chamber 2,28-041661e256ff,26.75,T229,44C,off
12/18/2021 02:02:03,Chamber 2,28-041661e256ff,26.75,T229,44C,off
12/18/2021 02:02:23,Chamber 2,28-041661e256ff,26.75,T229,44C,off
12/18/2021 02:02:43,Chamber 2,28-041661e256ff,26.75,T229,44C,off
12/18/2021 02:03:03,Chamber 2,28-041661e256ff,26.75,T229,44C,off
12/18/2021 02:03:23,Chamber 2,28-041661e256ff,26.75,T229,44C,off
12/18/2021 02:03:43,Chamber 2,28-041661e256ff,26.75,T229,44C,off
12/18/2021 02:04:03,Chamber 2,28-041661e256ff,26.75,T229,44C,off
12/18/2021 02:04:23,Chamber 2,28-041661e256ff,26.75,T229,44C,off
12/18/2021 02:04:43,Chamber 2,28-041661e256ff,26.75,T229,44C,off
12/18/2021 02:05:03,Chamber 2,28-041661e256ff,26.75,T229,44C,off
12/18/2021 02:05:24,Chamber 2,28-041661e256ff,26.75,T229,44C,off
12/18/2021 02:05:43,Chamber 2,28-041661e256ff,26.75,T229,44C,off
12/18/2021 02:06:03,Chamber 2,28-041661e256ff,26.75,T229,44C,off
12/18/2021 02:06:23,Chamber 2,28-041661e256ff,26.75,T229,44C,off
12/18/2021 02:06:45,Chamber 2,28-041661e256ff,26.75,T229,44C,off
12/18/2021 02:07:03,Chamber 2,28-041661e256ff,26.75,T229,44C,off
12/18/2021 02:07:23,Chamber 2,28-041661e256ff,26.75,T229,44C,off
12/18/2021 02:07:43,Chamber 2,28-041661e256ff,26.75,T229,44C,off
12/18/2021 02:08:03,Chamber 2,28-041661e256ff,26.75,T229,44C,off
12/18/2021 02:08:23,Chamber 2,28-041661e256ff,26.75,T229,44C,off
12/18/2021 02:08:43,Chamber 2,28-041661e256ff,26.75,T229,44C,off
12/18/2021 02:09:03,Chamber 2,28-041661e256ff,26.75,T229,44C,off
12/18/2021 02:09:25,Chamber 2,28-041661e256ff,26.75,T229,44C,off
12/18/2021 02:09:43,Chamber 2,28-041661e256ff,26.75,T229,44C,off
12/18/2021 02:10:03,Chamber 2,28-041661e256ff,26.75,T229,44C,off
12/18/2021 02:10:23,Chamber 2,28-041661e256ff,26.75,T229,44C,off
12/18/2021 02:10:43,Chamber 2,28-041661e256ff,26.75,T229,44C,off
12/18/2021 02:11:03,Chamber 2,28-041661e256ff,26.75,T229,44C,off
12/18/2021 02:11:23,Chamber 2,28-041661e256ff,26.75,T229,44C,off
12/18/2021 02:11:44,Chamber 2,28-041661e256ff,26.75,T229,44C,off
12/18/2021 02:12:03,Chamber 2,28-041661e256ff,26.75,T229,44C,off
12/18/2021 02:12:23,Chamber 2,28-041661e256ff,26.75,T229,44C,off
12/18/2021 02:12:43,Chamber 2,28-041661e256ff,26.75,T229,44C,off
12/18/2021 02:13:03,Chamber 2,28-041661e256ff,26.75,T229,44C,off
12/18/2021 02:13:23,Chamber 2,28-041661e256ff,26.75,T229,44C,off
12/18/2021 02:13:43,Chamber 2,28-041661e256ff,26.75,T229,44C,off
12/18/2021 02:14:03,Chamber 2,28-041661e256ff,26.75,T229,44C,off
12/18/2021 02:14:23,Chamber 2,28-041661e256ff,26.75,T229,44C,off
12/18/2021 02:14:43,Chamber 2,28-041661e256ff,26.75,T229,44C,off
12/18/2021 02:15:03,Chamber 2,28-041661e256ff,26.75,T229,44C,off
12/18/2021 02:15:23,Chamber 2,28-041661e256ff,26.75,T229,44C,off
12/18/2021 02:15:43,Chamber 2,28-041661e256ff,26.75,T229,44C,off
12/18/2021 02:16:03,Chamber 2,28-041661e256ff,26.75,T229,44C,off
12/18/2021 02:16:23,Chamber 2,28-041661e256ff,26.75,T229,44C,off
12/18/2021 02:16:43,Chamber 2,28-041661e256ff,26.75,T229,44C,off
12/18/2021 02:17:03,Chamber 2,28-041661e256ff,26.75,T229,44C,off
12/18/2021 02:17:23,Chamber 2,28-041661e256ff,26.75,T229,44C,off
12/18/2021 02:17:43,Chamber 2,28-041661e256ff,26.75,T229,44C,off
12/18/2021 02:18:03,Chamber 2,28-041661e256ff,26.75,T229,44C,off
12/18/2021 02:18:23,Chamber 2,28-041661e256ff,26.75,T229,44C,off
12/18/2021 02:18:43,Chamber 2,28-041661e256ff,26.75,T229,44C,off
12/18/2021 02:19:03,Chamber 2,28-041661e256ff,26.75,T229,44C,off
12/18/2021 02:19:23,Chamber 2,28-041661e256ff,26.75,T229,44C,off
12/18/2021 02:19:43,Chamber 2,28-041661e256ff,26.75,T229,44C,off
12/18/2021 02:20:03,Chamber 2,28-041661e256ff,26.75,T229,44C,off
12/18/2021 02:20:23,Chamber 2,28-041661e256ff,26.75,T229,44C,off
12/18/2021 02:20:43,Chamber 2,28-041661e256ff,26.75,T229,44C,off
12/18/2021 02:21:03,Chamber 2,28-041661e256ff,26.75,T229,44C,off
12/18/2021 02:21:23,Chamber 2,28-041661e256ff,26.75,T229,44C,off
12/18/2021 02:21:43,Chamber 2,28-041661e256ff,26.75,T229,44C,off
12/18/2021 02:22:04,Chamber 2,28-041661e256ff,26.75,T229,44C,off
12/18/2021 02:22:23,Chamber 2,28-041661e256ff,26.75,T229,44C,off
12/18/2021 02:22:43,Chamber 2,28-041661e256ff,26.75,T229,44C,off
12/18/2021 02:23:03,Chamber 2,28-041661e256ff,26.75,T229,44C,off
12/18/2021 02:23:23,Chamber 2,28-041661e256ff,26.75,T229,44C,off
12/18/2021 02:23:43,Chamber 2,28-041661e256ff,26.75,T229,44C,off
12/18/2021 02:24:03,Chamber 2,28-041661e256ff,26.75,T229,44C,off
12/18/2021 02:24:23,Chamber 2,28-041661e256ff,26.75,T229,44C,off
12/18/2021 02:24:43,Chamber 2,28-041661e256ff,26.75,T229,44C,off
12/18/2021 02:25:03,Chamber 2,28-041661e256ff,26.75,T229,44C,off
12/18/2021 02:25:23,Chamber 2,28-041661e256ff,26.75,T229,44C,off
12/18/2021 02:25:43,Chamber 2,28-041661e256ff,26.75,T229,44C,off
12/18/2021 02:26:03,Chamber 2,28-041661e256ff,26.75,T229,44C,off
12/18/2021 02:26:23,Chamber 2,28-041661e256ff,26.75,T229,44C,off
12/18/2021 02:26:43,Chamber 2,28-041661e256ff,26.75,T229,44C,off
12/18/2021 02:27:04,Chamber 2,28-041661e256ff,26.75,T229,44C,off
12/18/2021 02:27:23,Chamber 2,28-041661e256ff,26.75,T229,44C,off
12/18/2021 02:27:43,Chamber 2,28-041661e256ff,26.75,T229,44C,off
12/18/2021 02:28:05,Chamber 2,28-041661e256ff,26.75,T229,44C,off
12/18/2021 02:28:23,Chamber 2,28-041661e256ff,26.75,T229,44C,off
12/18/2021 02:28:43,Chamber 2,28-041661e256ff,26.75,T229,44C,off
12/18/2021 02:29:03,Chamber 2,28-041661e256ff,26.75,T229,44C,off
12/18/2021 02:29:23,Chamber 2,28-041661e256ff,26.75,T229,44C,off
12/18/2021 02:29:43,Chamber 2,28-041661e256ff,26.75,T229,44C,off
12/18/2021 02:30:03,Chamber 2,28-041661e256ff,26.75,T229,44C,off
12/18/2021 02:30:24,Chamber 2,28-041661e256ff,26.75,T229,44C,off
12/18/2021 02:30:43,Chamber 2,28-041661e256ff,26.75,T229,44C,off
12/18/2021 02:31:03,Chamber 2,28-041661e256ff,26.75,T229,44C,off
12/18/2021 02:31:23,Chamber 2,28-041661e256ff,26.75,T229,44C,off
12/18/2021 02:31:43,Chamber 2,28-041661e256ff,26.75,T229,44C,off
12/18/2021 02:32:03,Chamber 2,28-041661e256ff,26.75,T229,44C,off
12/18/2021 02:32:23,Chamber 2,28-041661e256ff,26.75,T229,44C,off
12/18/2021 02:32:43,Chamber 2,28-041661e256ff,26.75,T229,44C,off
12/18/2021 02:33:03,Chamber 2,28-041661e256ff,26.75,T229,44C,off
12/18/2021 02:33:23,Chamber 2,28-041661e256ff,26.75,T229,44C,off
12/18/2021 02:33:43,Chamber 2,28-041661e256ff,26.75,T229,44C,off
12/18/2021 02:34:03,Chamber 2,28-041661e256ff,26.75,T229,44C,off
12/18/2021 02:34:23,Chamber 2,28-041661e256ff,26.75,T229,44C,off
12/18/2021 02:34:43,Chamber 2,28-041661e256ff,26.75,T229,44C,off
12/18/2021 02:35:03,Chamber 2,28-041661e256ff,26.75,T229,44C,off
12/18/2021 02:35:23,Chamber 2,28-041661e256ff,26.75,T229,44C,off
12/18/2021 02:35:43,Chamber 2,28-041661e256ff,26.75,T229,44C,off
12/18/2021 02:36:03,Chamber 2,28-041661e256ff,26.75,T229,44C,off
12/18/2021 02:36:24,Chamber 2,28-041661e256ff,26.75,T229,44C,off
12/18/2021 02:36:43,Chamber 2,28-041661e256ff,26.75,T229,44C,off
12/18/2021 02:37:03,Chamber 2,28-041661e256ff,26.75,T229,44C,off
12/18/2021 02:37:23,Chamber 2,28-041661e256ff,26.75,T229,44C,off
12/18/2021 02:37:43,Chamber 2,28-041661e256ff,26.75,T229,44C,off
12/18/2021 02:38:03,Chamber 2,28-041661e256ff,26.75,T229,44C,off
12/18/2021 02:38:23,Chamber 2,28-041661e256ff,26.75,T229,44C,off
12/18/2021 02:38:43,Chamber 2,28-041661e256ff,26.75,T229,44C,off
12/18/2021 02:39:03,Chamber 2,28-041661e256ff,26.75,T229,44C,off
12/18/2021 02:39:23,Chamber 2,28-041661e256ff,26.75,T229,44C,off
12/18/2021 02:39:43,Chamber 2,28-041661e256ff,26.75,T229,44C,off
12/18/2021 02:40:03,Chamber 2,28-041661e256ff,26.75,T229,44C,off
12/18/2021 02:40:23,Chamber 2,28-041661e256ff,26.75,T229,44C,off
12/18/2021 02:40:43,Chamber 2,28-041661e256ff,26.75,T229,44C,off
12/18/2021 02:41:03,Chamber 2,28-041661e256ff,26.75,T229,44C,off
12/18/2021 02:41:23,Chamber 2,28-041661e256ff,26.75,T229,44C,off
12/18/2021 02:41:43,Chamber 2,28-041661e256ff,26.75,T229,44C,off
12/18/2021 02:42:03,Chamber 2,28-041661e256ff,26.75,T229,44C,off
12/18/2021 02:42:23,Chamber 2,28-041661e256ff,26.75,T229,44C,off
12/18/2021 02:42:43,Chamber 2,28-041661e256ff,26.75,T229,44C,off
12/18/2021 02:43:03,Chamber 2,28-041661e256ff,26.75,T229,44C,off
12/18/2021 02:43:23,Chamber 2,28-041661e256ff,26.75,T229,44C,off
12/18/2021 02:43:43,Chamber 2,28-041661e256ff,26.75,T229,44C,off
12/18/2021 02:44:03,Chamber 2,28-041661e256ff,26.75,T229,44C,off
12/18/2021 02:44:24,Chamber 2,28-041661e256ff,26.75,T229,44C,off
12/18/2021 02:44:43,Chamber 2,28-041661e256ff,26.75,T229,44C,off
12/18/2021 02:45:03,Chamber 2,28-041661e256ff,26.75,T229,44C,off
12/18/2021 02:45:23,Chamber 2,28-041661e256ff,26.75,T229,44C,off
12/18/2021 02:45:44,Chamber 2,28-041661e256ff,26.75,T229,44C,off
12/18/2021 02:46:03,Chamber 2,28-041661e256ff,26.75,T229,44C,off
12/18/2021 02:46:23,Chamber 2,28-041661e256ff,26.75,T229,44C,off
12/18/2021 02:46:43,Chamber 2,28-041661e256ff,26.75,T229,44C,off
12/18/2021 02:47:04,Chamber 2,28-041661e256ff,26.75,T229,44C,off
12/18/2021 02:47:24,Chamber 2,28-041661e256ff,26.75,T229,44C,off
12/18/2021 02:47:43,Chamber 2,28-041661e256ff,26.75,T229,44C,off
12/18/2021 02:48:03,Chamber 2,28-041661e256ff,26.75,T229,44C,off
12/18/2021 02:48:23,Chamber 2,28-041661e256ff,26.75,T229,44C,off
12/18/2021 02:48:43,Chamber 2,28-041661e256ff,26.75,T229,44C,off
12/18/2021 02:49:06,Chamber 2,28-041661e256ff,26.75,T229,44C,off
12/18/2021 02:49:23,Chamber 2,28-041661e256ff,26.75,T229,44C,off
12/18/2021 02:49:43,Chamber 2,28-041661e256ff,26.75,T229,44C,off
12/18/2021 02:50:03,Chamber 2,28-041661e256ff,26.75,T229,44C,off
12/18/2021 02:50:23,Chamber 2,28-041661e256ff,26.75,T229,44C,off
12/18/2021 02:50:44,Chamber 2,28-041661e256ff,26.75,T229,44C,off
12/18/2021 02:51:03,Chamber 2,28-041661e256ff,26.75,T229,44C,off
12/18/2021 02:51:23,Chamber 2,28-041661e256ff,26.75,T229,44C,off
12/18/2021 02:51:43,Chamber 2,28-041661e256ff,26.75,T229,44C,off
12/18/2021 02:52:03,Chamber 2,28-041661e256ff,26.75,T229,44C,off
12/18/2021 02:52:23,Chamber 2,28-041661e256ff,26.75,T229,44C,off
12/18/2021 02:52:43,Chamber 2,28-041661e256ff,26.75,T229,44C,off
12/18/2021 02:53:03,Chamber 2,28-041661e256ff,26.75,T229,44C,off
12/18/2021 02:53:23,Chamber 2,28-041661e256ff,26.75,T229,44C,off
12/18/2021 02:53:43,Chamber 2,28-041661e256ff,26.75,T229,44C,off
12/18/2021 02:54:03,Chamber 2,28-041661e256ff,26.75,T229,44C,off
12/18/2021 02:54:23,Chamber 2,28-041661e256ff,26.75,T229,44C,off
12/18/2021 02:54:43,Chamber 2,28-041661e256ff,26.75,T229,44C,off
12/18/2021 02:55:03,Chamber 2,28-041661e256ff,26.75,T229,44C,off
12/18/2021 02:55:23,Chamber 2,28-041661e256ff,26.75,T229,44C,off
12/18/2021 02:55:43,Chamber 2,28-041661e256ff,26.75,T229,44C,off
12/18/2021 02:56:03,Chamber 2,28-041661e256ff,26.75,T229,44C,off
12/18/2021 02:56:23,Chamber 2,28-041661e256ff,26.75,T229,44C,off
12/18/2021 02:56:43,Chamber 2,28-041661e256ff,26.75,T229,44C,off
12/18/2021 02:57:03,Chamber 2,28-041661e256ff,26.75,T229,44C,off
12/18/2021 02:57:23,Chamber 2,28-041661e256ff,26.75,T229,44C,off
12/18/2021 02:57:43,Chamber 2,28-041661e256ff,26.75,T229,44C,off
12/18/2021 02:58:03,Chamber 2,28-041661e256ff,26.75,T229,44C,off
12/18/2021 02:58:23,Chamber 2,28-041661e256ff,26.75,T229,44C,off
12/18/2021 02:58:43,Chamber 2,28-041661e256ff,26.75,T229,44C,off
12/18/2021 02:59:03,Chamber 2,28-041661e256ff,26.75,T229,44C,off
12/18/2021 02:59:23,Chamber 2,28-041661e256ff,26.75,T229,44C,off
12/18/2021 02:59:43,Chamber 2,28-041661e256ff,26.75,T229,44C,off
12/18/2021 03:00:03,Chamber 2,28-041661e256ff,26.75,T229,44C,off
12/18/2021 03:00:23,Chamber 2,28-041661e256ff,26.75,T229,44C,off
12/18/2021 03:00:44,Chamber 2,28-041661e256ff,26.75,T229,44C,off
12/18/2021 03:01:03,Chamber 2,28-041661e256ff,26.75,T229,44C,off
12/18/2021 03:01:23,Chamber 2,28-041661e256ff,26.75,T229,44C,off
12/18/2021 03:01:43,Chamber 2,28-041661e256ff,26.75,T229,44C,off
12/18/2021 03:02:03,Chamber 2,28-041661e256ff,26.75,T229,44C,off
12/18/2021 03:02:23,Chamber 2,28-041661e256ff,26.75,T229,44C,off
12/18/2021 03:02:43,Chamber 2,28-041661e256ff,26.75,T229,44C,off
12/18/2021 03:03:03,Chamber 2,28-041661e256ff,26.687,T229,44C,off
12/18/2021 03:03:23,Chamber 2,28-041661e256ff,26.75,T229,44C,off
12/18/2021 03:03:43,Chamber 2,28-041661e256ff,26.75,T229,44C,off
12/18/2021 03:04:03,Chamber 2,28-041661e256ff,26.75,T229,44C,off
12/18/2021 03:04:24,Chamber 2,28-041661e256ff,26.75,T229,44C,off
12/18/2021 03:04:43,Chamber 2,28-041661e256ff,26.75,T229,44C,off
12/18/2021 03:05:03,Chamber 2,28-041661e256ff,26.75,T229,44C,off
12/18/2021 03:05:23,Chamber 2,28-041661e256ff,26.75,T229,44C,off
12/18/2021 03:05:43,Chamber 2,28-041661e256ff,26.75,T229,44C,off
12/18/2021 03:06:03,Chamber 2,28-041661e256ff,26.75,T229,44C,off
12/18/2021 03:06:23,Chamber 2,28-041661e256ff,26.75,T229,44C,off
12/18/2021 03:06:43,Chamber 2,28-041661e256ff,26.75,T229,44C,off
12/18/2021 03:07:03,Chamber 2,28-041661e256ff,26.75,T229,44C,off
12/18/2021 03:07:23,Chamber 2,28-041661e256ff,26.75,T229,44C,off
12/18/2021 03:07:43,Chamber 2,28-041661e256ff,26.75,T229,44C,off
12/18/2021 03:08:03,Chamber 2,28-041661e256ff,26.75,T229,44C,off
12/18/2021 03:08:23,Chamber 2,28-041661e256ff,26.75,T229,44C,off
12/18/2021 03:08:43,Chamber 2,28-041661e256ff,26.75,T229,44C,off
12/18/2021 03:09:03,Chamber 2,28-041661e256ff,26.75,T229,44C,off
12/18/2021 03:09:23,Chamber 2,28-041661e256ff,26.75,T229,44C,off
12/18/2021 03:09:43,Chamber 2,28-041661e256ff,26.75,T229,44C,off
12/18/2021 03:10:03,Chamber 2,28-041661e256ff,26.75,T229,44C,off
12/18/2021 03:10:23,Chamber 2,28-041661e256ff,26.75,T229,44C,off
12/18/2021 03:10:43,Chamber 2,28-041661e256ff,26.687,T229,44C,off
12/18/2021 03:11:03,Chamber 2,28-041661e256ff,26.75,T229,44C,off
12/18/2021 03:11:23,Chamber 2,28-041661e256ff,26.687,T229,44C,off
12/18/2021 03:11:43,Chamber 2,28-041661e256ff,26.687,T229,44C,off
12/18/2021 03:12:03,Chamber 2,28-041661e256ff,26.75,T229,44C,off
12/18/2021 03:12:23,Chamber 2,28-041661e256ff,26.687,T229,44C,off
12/18/2021 03:12:43,Chamber 2,28-041661e256ff,26.687,T229,44C,off
12/18/2021 03:13:03,Chamber 2,28-041661e256ff,26.75,T229,44C,off
12/18/2021 03:13:23,Chamber 2,28-041661e256ff,26.687,T229,44C,off
12/18/2021 03:13:44,Chamber 2,28-041661e256ff,26.687,T229,44C,off
12/18/2021 03:14:03,Chamber 2,28-041661e256ff,26.75,T229,44C,off
12/18/2021 03:14:23,Chamber 2,28-041661e256ff,26.75,T229,44C,off
12/18/2021 03:14:43,Chamber 2,28-041661e256ff,26.687,T229,44C,off
12/18/2021 03:15:03,Chamber 2,28-041661e256ff,26.687,T229,44C,off
12/18/2021 03:15:23,Chamber 2,28-041661e256ff,26.687,T229,44C,off
12/18/2021 03:15:43,Chamber 2,28-041661e256ff,26.75,T229,44C,off
12/18/2021 03:16:03,Chamber 2,28-041661e256ff,26.687,T229,44C,off
12/18/2021 03:16:23,Chamber 2,28-041661e256ff,26.75,T229,44C,off
12/18/2021 03:16:43,Chamber 2,28-041661e256ff,26.75,T229,44C,off
12/18/2021 03:17:03,Chamber 2,28-041661e256ff,26.687,T229,44C,off
12/18/2021 03:17:24,Chamber 2,28-041661e256ff,26.75,T229,44C,off
12/18/2021 03:17:43,Chamber 2,28-041661e256ff,26.687,T229,44C,off
12/18/2021 03:18:04,Chamber 2,28-041661e256ff,26.75,T229,44C,off
12/18/2021 03:18:23,Chamber 2,28-041661e256ff,26.687,T229,44C,off
12/18/2021 03:18:44,Chamber 2,28-041661e256ff,26.75,T229,44C,off
12/18/2021 03:19:03,Chamber 2,28-041661e256ff,26.687,T229,44C,off
12/18/2021 03:19:23,Chamber 2,28-041661e256ff,26.75,T229,44C,off
12/18/2021 03:19:43,Chamber 2,28-041661e256ff,26.687,T229,44C,off
12/18/2021 03:20:03,Chamber 2,28-041661e256ff,26.75,T229,44C,off
12/18/2021 03:20:23,Chamber 2,28-041661e256ff,26.687,T229,44C,off
12/18/2021 03:20:43,Chamber 2,28-041661e256ff,26.687,T229,44C,off
12/18/2021 03:21:03,Chamber 2,28-041661e256ff,26.75,T229,44C,off
12/18/2021 03:21:23,Chamber 2,28-041661e256ff,26.75,T229,44C,off
12/18/2021 03:21:43,Chamber 2,28-041661e256ff,26.75,T229,44C,off
12/18/2021 03:22:03,Chamber 2,28-041661e256ff,26.75,T229,44C,off
12/18/2021 03:22:23,Chamber 2,28-041661e256ff,26.687,T229,44C,off
12/18/2021 03:22:44,Chamber 2,28-041661e256ff,26.75,T229,44C,off
12/18/2021 03:23:03,Chamber 2,28-041661e256ff,26.687,T229,44C,off
12/18/2021 03:23:23,Chamber 2,28-041661e256ff,26.687,T229,44C,off
12/18/2021 03:23:44,Chamber 2,28-041661e256ff,26.687,T229,44C,off
12/18/2021 03:24:03,Chamber 2,28-041661e256ff,26.687,T229,44C,off
12/18/2021 03:24:23,Chamber 2,28-041661e256ff,26.75,T229,44C,off
12/18/2021 03:24:43,Chamber 2,28-041661e256ff,26.687,T229,44C,off
12/18/2021 03:25:03,Chamber 2,28-041661e256ff,26.687,T229,44C,off
12/18/2021 03:25:23,Chamber 2,28-041661e256ff,26.687,T229,44C,off
12/18/2021 03:25:43,Chamber 2,28-041661e256ff,26.687,T229,44C,off
12/18/2021 03:26:03,Chamber 2,28-041661e256ff,26.687,T229,44C,off
12/18/2021 03:26:23,Chamber 2,28-041661e256ff,26.75,T229,44C,off
12/18/2021 03:26:43,Chamber 2,28-041661e256ff,26.687,T229,44C,off
12/18/2021 03:27:03,Chamber 2,28-041661e256ff,26.687,T229,44C,off
12/18/2021 03:27:23,Chamber 2,28-041661e256ff,26.687,T229,44C,off
12/18/2021 03:27:43,Chamber 2,28-041661e256ff,26.687,T229,44C,off
12/18/2021 03:28:03,Chamber 2,28-041661e256ff,26.687,T229,44C,off
12/18/2021 03:28:23,Chamber 2,28-041661e256ff,26.687,T229,44C,off
12/18/2021 03:28:43,Chamber 2,28-041661e256ff,26.687,T229,44C,off
12/18/2021 03:29:03,Chamber 2,28-041661e256ff,26.687,T229,44C,off
12/18/2021 03:29:23,Chamber 2,28-041661e256ff,26.687,T229,44C,off
12/18/2021 03:29:43,Chamber 2,28-041661e256ff,26.687,T229,44C,off
12/18/2021 03:30:04,Chamber 2,28-041661e256ff,26.687,T229,44C,off
12/18/2021 03:30:23,Chamber 2,28-041661e256ff,26.687,T229,44C,off
12/18/2021 03:30:44,Chamber 2,28-041661e256ff,26.687,T229,44C,off
12/18/2021 03:31:03,Chamber 2,28-041661e256ff,26.687,T229,44C,off
12/18/2021 03:31:23,Chamber 2,28-041661e256ff,26.687,T229,44C,off
12/18/2021 03:31:43,Chamber 2,28-041661e256ff,26.687,T229,44C,off
12/18/2021 03:32:03,Chamber 2,28-041661e256ff,26.687,T229,44C,off
12/18/2021 03:32:23,Chamber 2,28-041661e256ff,26.687,T229,44C,off
12/18/2021 03:32:43,Chamber 2,28-041661e256ff,26.687,T229,44C,off
12/18/2021 03:33:03,Chamber 2,28-041661e256ff,26.687,T229,44C,off
12/18/2021 03:33:23,Chamber 2,28-041661e256ff,26.687,T229,44C,off
12/18/2021 03:33:43,Chamber 2,28-041661e256ff,26.687,T229,44C,off
12/18/2021 03:34:03,Chamber 2,28-041661e256ff,26.687,T229,44C,off
12/18/2021 03:34:23,Chamber 2,28-041661e256ff,26.687,T229,44C,off
12/18/2021 03:34:43,Chamber 2,28-041661e256ff,26.687,T229,44C,off
12/18/2021 03:35:03,Chamber 2,28-041661e256ff,26.687,T229,44C,off
12/18/2021 03:35:23,Chamber 2,28-041661e256ff,26.687,T229,44C,off
12/18/2021 03:35:43,Chamber 2,28-041661e256ff,26.687,T229,44C,off
12/18/2021 03:36:03,Chamber 2,28-041661e256ff,26.687,T229,44C,off
12/18/2021 03:36:23,Chamber 2,28-041661e256ff,26.687,T229,44C,off
12/18/2021 03:36:45,Chamber 2,28-041661e256ff,26.75,T229,44C,off
12/18/2021 03:37:03,Chamber 2,28-041661e256ff,26.687,T229,44C,off
12/18/2021 03:37:23,Chamber 2,28-041661e256ff,26.687,T229,44C,off
12/18/2021 03:37:44,Chamber 2,28-041661e256ff,26.687,T229,44C,off
12/18/2021 03:38:03,Chamber 2,28-041661e256ff,26.687,T229,44C,off
12/18/2021 03:38:23,Chamber 2,28-041661e256ff,26.687,T229,44C,off
12/18/2021 03:38:43,Chamber 2,28-041661e256ff,26.687,T229,44C,off
12/18/2021 03:39:03,Chamber 2,28-041661e256ff,26.687,T229,44C,off
12/18/2021 03:39:24,Chamber 2,28-041661e256ff,26.687,T229,44C,off
12/18/2021 03:39:43,Chamber 2,28-041661e256ff,26.687,T229,44C,off
12/18/2021 03:40:03,Chamber 2,28-041661e256ff,26.687,T229,44C,off
12/18/2021 03:40:23,Chamber 2,28-041661e256ff,26.687,T229,44C,off
12/18/2021 03:40:43,Chamber 2,28-041661e256ff,26.687,T229,44C,off
12/18/2021 03:41:03,Chamber 2,28-041661e256ff,26.687,T229,44C,off
12/18/2021 03:41:24,Chamber 2,28-041661e256ff,26.687,T229,44C,off
12/18/2021 03:41:45,Chamber 2,28-041661e256ff,26.75,T229,44C,off
12/18/2021 03:42:04,Chamber 2,28-041661e256ff,26.687,T229,44C,off
12/18/2021 03:42:23,Chamber 2,28-041661e256ff,26.687,T229,44C,off
12/18/2021 03:42:43,Chamber 2,28-041661e256ff,26.687,T229,44C,off
12/18/2021 03:43:03,Chamber 2,28-041661e256ff,26.687,T229,44C,off
12/18/2021 03:43:23,Chamber 2,28-041661e256ff,26.687,T229,44C,off
12/18/2021 03:43:43,Chamber 2,28-041661e256ff,26.687,T229,44C,off
12/18/2021 03:44:03,Chamber 2,28-041661e256ff,26.687,T229,44C,off
12/18/2021 03:44:23,Chamber 2,28-041661e256ff,26.687,T229,44C,off
12/18/2021 03:44:43,Chamber 2,28-041661e256ff,26.687,T229,44C,off
12/18/2021 03:45:03,Chamber 2,28-041661e256ff,26.687,T229,44C,off
12/18/2021 03:45:23,Chamber 2,28-041661e256ff,26.687,T229,44C,off
12/18/2021 03:45:43,Chamber 2,28-041661e256ff,26.687,T229,44C,off
12/18/2021 03:46:03,Chamber 2,28-041661e256ff,26.687,T229,44C,off
12/18/2021 03:46:23,Chamber 2,28-041661e256ff,26.687,T229,44C,off
12/18/2021 03:46:43,Chamber 2,28-041661e256ff,26.687,T229,44C,off
12/18/2021 03:47:03,Chamber 2,28-041661e256ff,26.687,T229,44C,off
12/18/2021 03:47:23,Chamber 2,28-041661e256ff,26.687,T229,44C,off
12/18/2021 03:47:43,Chamber 2,28-041661e256ff,26.687,T229,44C,off
12/18/2021 03:48:03,Chamber 2,28-041661e256ff,26.687,T229,44C,off
12/18/2021 03:48:23,Chamber 2,28-041661e256ff,26.687,T229,44C,off
12/18/2021 03:48:43,Chamber 2,28-041661e256ff,26.687,T229,44C,off
12/18/2021 03:49:03,Chamber 2,28-041661e256ff,26.687,T229,44C,off
12/18/2021 03:49:23,Chamber 2,28-041661e256ff,26.687,T229,44C,off
12/18/2021 03:49:43,Chamber 2,28-041661e256ff,26.687,T229,44C,off
12/18/2021 03:50:03,Chamber 2,28-041661e256ff,26.687,T229,44C,off
12/18/2021 03:50:23,Chamber 2,28-041661e256ff,26.687,T229,44C,off
12/18/2021 03:50:43,Chamber 2,28-041661e256ff,26.687,T229,44C,off
12/18/2021 03:51:04,Chamber 2,28-041661e256ff,26.687,T229,44C,off
12/18/2021 03:51:23,Chamber 2,28-041661e256ff,26.687,T229,44C,off
12/18/2021 03:51:43,Chamber 2,28-041661e256ff,26.687,T229,44C,off
12/18/2021 03:52:04,Chamber 2,28-041661e256ff,26.687,T229,44C,off
12/18/2021 03:52:23,Chamber 2,28-041661e256ff,26.687,T229,44C,off
12/18/2021 03:52:45,Chamber 2,28-041661e256ff,26.687,T229,44C,off
12/18/2021 03:53:03,Chamber 2,28-041661e256ff,26.687,T229,44C,off
12/18/2021 03:53:23,Chamber 2,28-041661e256ff,26.687,T229,44C,off
12/18/2021 03:53:43,Chamber 2,28-041661e256ff,26.687,T229,44C,off
12/18/2021 03:54:03,Chamber 2,28-041661e256ff,26.687,T229,44C,off
12/18/2021 03:54:24,Chamber 2,28-041661e256ff,26.687,T229,44C,off
12/18/2021 03:54:43,Chamber 2,28-041661e256ff,26.687,T229,44C,off
12/18/2021 03:55:03,Chamber 2,28-041661e256ff,26.687,T229,44C,off
12/18/2021 03:55:23,Chamber 2,28-041661e256ff,26.687,T229,44C,off
12/18/2021 03:55:43,Chamber 2,28-041661e256ff,26.687,T229,44C,off
12/18/2021 03:56:03,Chamber 2,28-041661e256ff,26.687,T229,44C,off
12/18/2021 03:56:23,Chamber 2,28-041661e256ff,26.687,T229,44C,off
12/18/2021 03:56:43,Chamber 2,28-041661e256ff,26.687,T229,44C,off
12/18/2021 03:57:03,Chamber 2,28-041661e256ff,26.687,T229,44C,off
12/18/2021 03:57:23,Chamber 2,28-041661e256ff,26.687,T229,44C,off
12/18/2021 03:57:43,Chamber 2,28-041661e256ff,26.687,T229,44C,off
12/18/2021 03:58:03,Chamber 2,28-041661e256ff,26.687,T229,44C,off
12/18/2021 03:58:23,Chamber 2,28-041661e256ff,26.687,T229,44C,off
12/18/2021 03:58:43,Chamber 2,28-041661e256ff,26.687,T229,44C,off
12/18/2021 03:59:04,Chamber 2,28-041661e256ff,26.687,T229,44C,off
12/18/2021 03:59:23,Chamber 2,28-041661e256ff,26.687,T229,44C,off
12/18/2021 03:59:43,Chamber 2,28-041661e256ff,26.687,T229,44C,off
12/18/2021 04:00:03,Chamber 2,28-041661e256ff,26.687,T229,44C,off
12/18/2021 04:00:23,Chamber 2,28-041661e256ff,26.687,T229,44C,off
12/18/2021 04:00:43,Chamber 2,28-041661e256ff,26.687,T229,44C,off
12/18/2021 04:01:03,Chamber 2,28-041661e256ff,26.687,T229,44C,off
12/18/2021 04:01:23,Chamber 2,28-041661e256ff,26.687,T229,44C,off
12/18/2021 04:01:43,Chamber 2,28-041661e256ff,26.687,T229,44C,off
12/18/2021 04:02:03,Chamber 2,28-041661e256ff,26.687,T229,44C,off
12/18/2021 04:02:23,Chamber 2,28-041661e256ff,26.687,T229,44C,off
12/18/2021 04:02:43,Chamber 2,28-041661e256ff,26.687,T229,44C,off
12/18/2021 04:03:03,Chamber 2,28-041661e256ff,26.687,T229,44C,off
12/18/2021 04:03:23,Chamber 2,28-041661e256ff,26.687,T229,44C,off
12/18/2021 04:03:43,Chamber 2,28-041661e256ff,26.687,T229,44C,off
12/18/2021 04:04:03,Chamber 2,28-041661e256ff,26.687,T229,44C,off
12/18/2021 04:04:23,Chamber 2,28-041661e256ff,26.687,T229,44C,off
12/18/2021 04:04:43,Chamber 2,28-041661e256ff,26.687,T229,44C,off
12/18/2021 04:05:04,Chamber 2,28-041661e256ff,26.687,T229,44C,off
12/18/2021 04:05:23,Chamber 2,28-041661e256ff,26.687,T229,44C,off
12/18/2021 04:05:43,Chamber 2,28-041661e256ff,26.687,T229,44C,off
12/18/2021 04:06:03,Chamber 2,28-041661e256ff,26.687,T229,44C,off
12/18/2021 04:06:23,Chamber 2,28-041661e256ff,26.687,T229,44C,off
12/18/2021 04:06:43,Chamber 2,28-041661e256ff,26.687,T229,44C,off
12/18/2021 04:07:03,Chamber 2,28-041661e256ff,26.687,T229,44C,off
12/18/2021 04:07:23,Chamber 2,28-041661e256ff,26.687,T229,44C,off
12/18/2021 04:07:43,Chamber 2,28-041661e256ff,26.687,T229,44C,off
12/18/2021 04:08:04,Chamber 2,28-041661e256ff,26.687,T229,44C,off
12/18/2021 04:08:23,Chamber 2,28-041661e256ff,26.687,T229,44C,off
12/18/2021 04:08:43,Chamber 2,28-041661e256ff,26.687,T229,44C,off
12/18/2021 04:09:03,Chamber 2,28-041661e256ff,26.687,T229,44C,off
12/18/2021 04:09:23,Chamber 2,28-041661e256ff,26.687,T229,44C,off
12/18/2021 04:09:43,Chamber 2,28-041661e256ff,26.687,T229,44C,off
12/18/2021 04:10:04,Chamber 2,28-041661e256ff,26.687,T229,44C,off
12/18/2021 04:10:23,Chamber 2,28-041661e256ff,26.687,T229,44C,off
12/18/2021 04:10:43,Chamber 2,28-041661e256ff,26.687,T229,44C,off
12/18/2021 04:11:03,Chamber 2,28-041661e256ff,26.687,T229,44C,off
12/18/2021 04:11:24,Chamber 2,28-041661e256ff,26.687,T229,44C,off
12/18/2021 04:11:43,Chamber 2,28-041661e256ff,26.687,T229,44C,off
12/18/2021 04:12:03,Chamber 2,28-041661e256ff,26.687,T229,44C,off
12/18/2021 04:12:23,Chamber 2,28-041661e256ff,26.687,T229,44C,off
12/18/2021 04:12:43,Chamber 2,28-041661e256ff,26.687,T229,44C,off
12/18/2021 04:13:03,Chamber 2,28-041661e256ff,26.687,T229,44C,off
12/18/2021 04:13:23,Chamber 2,28-041661e256ff,26.687,T229,44C,off
12/18/2021 04:13:43,Chamber 2,28-041661e256ff,26.687,T229,44C,off
12/18/2021 04:14:03,Chamber 2,28-041661e256ff,26.687,T229,44C,off
12/18/2021 04:14:23,Chamber 2,28-041661e256ff,26.687,T229,44C,off
12/18/2021 04:14:43,Chamber 2,28-041661e256ff,26.687,T229,44C,off
12/18/2021 04:15:03,Chamber 2,28-041661e256ff,26.687,T229,44C,off
12/18/2021 04:15:23,Chamber 2,28-041661e256ff,26.687,T229,44C,off
12/18/2021 04:15:43,Chamber 2,28-041661e256ff,26.687,T229,44C,off
12/18/2021 04:16:03,Chamber 2,28-041661e256ff,26.687,T229,44C,off
12/18/2021 04:16:23,Chamber 2,28-041661e256ff,26.687,T229,44C,off
12/18/2021 04:16:43,Chamber 2,28-041661e256ff,26.687,T229,44C,off
12/18/2021 04:17:03,Chamber 2,28-041661e256ff,26.687,T229,44C,off
12/18/2021 04:17:23,Chamber 2,28-041661e256ff,26.687,T229,44C,off
12/18/2021 04:17:43,Chamber 2,28-041661e256ff,26.687,T229,44C,off
12/18/2021 04:18:03,Chamber 2,28-041661e256ff,26.687,T229,44C,off
12/18/2021 04:18:23,Chamber 2,28-041661e256ff,26.687,T229,44C,off
12/18/2021 04:18:43,Chamber 2,28-041661e256ff,26.687,T229,44C,off
12/18/2021 04:19:03,Chamber 2,28-041661e256ff,26.687,T229,44C,off
12/18/2021 04:19:23,Chamber 2,28-041661e256ff,26.687,T229,44C,off
12/18/2021 04:19:43,Chamber 2,28-041661e256ff,26.687,T229,44C,off
12/18/2021 04:20:03,Chamber 2,28-041661e256ff,26.687,T229,44C,off
12/18/2021 04:20:23,Chamber 2,28-041661e256ff,26.687,T229,44C,off
12/18/2021 04:20:43,Chamber 2,28-041661e256ff,26.687,T229,44C,off
12/18/2021 04:21:03,Chamber 2,28-041661e256ff,26.687,T229,44C,off
12/18/2021 04:21:23,Chamber 2,28-041661e256ff,26.687,T229,44C,off
12/18/2021 04:21:43,Chamber 2,28-041661e256ff,26.687,T229,44C,off
12/18/2021 04:22:03,Chamber 2,28-041661e256ff,26.687,T229,44C,off
12/18/2021 04:22:23,Chamber 2,28-041661e256ff,26.687,T229,44C,off
12/18/2021 04:22:43,Chamber 2,28-041661e256ff,26.687,T229,44C,off
12/18/2021 04:23:05,Chamber 2,28-041661e256ff,26.687,T229,44C,off
12/18/2021 04:23:25,Chamber 2,28-041661e256ff,26.687,T229,44C,off
12/18/2021 04:23:43,Chamber 2,28-041661e256ff,26.687,T229,44C,off
12/18/2021 04:24:04,Chamber 2,28-041661e256ff,26.687,T229,44C,off
12/18/2021 04:24:23,Chamber 2,28-041661e256ff,26.687,T229,44C,off
12/18/2021 04:24:43,Chamber 2,28-041661e256ff,26.687,T229,44C,off
12/18/2021 04:25:03,Chamber 2,28-041661e256ff,26.687,T229,44C,off
12/18/2021 04:25:23,Chamber 2,28-041661e256ff,26.687,T229,44C,off
12/18/2021 04:25:43,Chamber 2,28-041661e256ff,26.687,T229,44C,off
12/18/2021 04:26:03,Chamber 2,28-041661e256ff,26.687,T229,44C,off
12/18/2021 04:26:23,Chamber 2,28-041661e256ff,26.687,T229,44C,off
12/18/2021 04:26:43,Chamber 2,28-041661e256ff,26.687,T229,44C,off
12/18/2021 04:27:03,Chamber 2,28-041661e256ff,26.687,T229,44C,off
12/18/2021 04:27:23,Chamber 2,28-041661e256ff,26.687,T229,44C,off
12/18/2021 04:27:43,Chamber 2,28-041661e256ff,26.687,T229,44C,off
12/18/2021 04:28:03,Chamber 2,28-041661e256ff,26.687,T229,44C,off
12/18/2021 04:28:23,Chamber 2,28-041661e256ff,26.687,T229,44C,off
12/18/2021 04:28:43,Chamber 2,28-041661e256ff,26.687,T229,44C,off
12/18/2021 04:29:03,Chamber 2,28-041661e256ff,26.687,T229,44C,off
12/18/2021 04:29:23,Chamber 2,28-041661e256ff,26.687,T229,44C,off
12/18/2021 04:29:43,Chamber 2,28-041661e256ff,26.687,T229,44C,off
12/18/2021 04:30:03,Chamber 2,28-041661e256ff,26.687,T229,44C,off
12/18/2021 04:30:23,Chamber 2,28-041661e256ff,26.687,T229,44C,off
12/18/2021 04:30:43,Chamber 2,28-041661e256ff,26.687,T229,44C,off
12/18/2021 04:31:03,Chamber 2,28-041661e256ff,26.687,T229,44C,off
12/18/2021 04:31:23,Chamber 2,28-041661e256ff,26.687,T229,44C,off
12/18/2021 04:31:43,Chamber 2,28-041661e256ff,26.687,T229,44C,off
12/18/2021 04:32:03,Chamber 2,28-041661e256ff,26.687,T229,44C,off
12/18/2021 04:32:23,Chamber 2,28-041661e256ff,26.687,T229,44C,off
12/18/2021 04:32:45,Chamber 2,28-041661e256ff,26.687,T229,44C,off
12/18/2021 04:33:03,Chamber 2,28-041661e256ff,26.687,T229,44C,off
12/18/2021 04:33:23,Chamber 2,28-041661e256ff,26.687,T229,44C,off
12/18/2021 04:33:43,Chamber 2,28-041661e256ff,26.687,T229,44C,off
12/18/2021 04:34:03,Chamber 2,28-041661e256ff,26.687,T229,44C,off
12/18/2021 04:34:23,Chamber 2,28-041661e256ff,26.687,T229,44C,off
12/18/2021 04:34:44,Chamber 2,28-041661e256ff,26.687,T229,44C,off
12/18/2021 04:35:03,Chamber 2,28-041661e256ff,26.687,T229,44C,off
12/18/2021 04:35:24,Chamber 2,28-041661e256ff,26.687,T229,44C,off
12/18/2021 04:35:43,Chamber 2,28-041661e256ff,26.687,T229,44C,off
12/18/2021 04:36:03,Chamber 2,28-041661e256ff,26.687,T229,44C,off
12/18/2021 04:36:24,Chamber 2,28-041661e256ff,26.687,T229,44C,off
12/18/2021 04:36:43,Chamber 2,28-041661e256ff,26.687,T229,44C,off
12/18/2021 04:37:03,Chamber 2,28-041661e256ff,26.687,T229,44C,off
12/18/2021 04:37:23,Chamber 2,28-041661e256ff,26.687,T229,44C,off
12/18/2021 04:37:44,Chamber 2,28-041661e256ff,26.687,T229,44C,off
12/18/2021 04:38:03,Chamber 2,28-041661e256ff,26.687,T229,44C,off
12/18/2021 04:38:23,Chamber 2,28-041661e256ff,26.687,T229,44C,off
12/18/2021 04:38:43,Chamber 2,28-041661e256ff,26.687,T229,44C,off
12/18/2021 04:39:03,Chamber 2,28-041661e256ff,26.687,T229,44C,off
12/18/2021 04:39:23,Chamber 2,28-041661e256ff,26.687,T229,44C,off
12/18/2021 04:39:43,Chamber 2,28-041661e256ff,26.687,T229,44C,off
12/18/2021 04:40:04,Chamber 2,28-041661e256ff,26.687,T229,44C,off
12/18/2021 04:40:24,Chamber 2,28-041661e256ff,26.687,T229,44C,off
12/18/2021 04:40:43,Chamber 2,28-041661e256ff,26.687,T229,44C,off
12/18/2021 04:41:03,Chamber 2,28-041661e256ff,26.687,T229,44C,off
12/18/2021 04:41:23,Chamber 2,28-041661e256ff,26.687,T229,44C,off
12/18/2021 04:41:43,Chamber 2,28-041661e256ff,26.687,T229,44C,off
12/18/2021 04:42:03,Chamber 2,28-041661e256ff,26.687,T229,44C,off
12/18/2021 04:42:25,Chamber 2,28-041661e256ff,26.687,T229,44C,off
12/18/2021 04:42:43,Chamber 2,28-041661e256ff,26.687,T229,44C,off
12/18/2021 04:43:03,Chamber 2,28-041661e256ff,26.687,T229,44C,off
12/18/2021 04:43:23,Chamber 2,28-041661e256ff,26.687,T229,44C,off
12/18/2021 04:43:43,Chamber 2,28-041661e256ff,26.687,T229,44C,off
12/18/2021 04:44:03,Chamber 2,28-041661e256ff,26.687,T229,44C,off
12/18/2021 04:44:24,Chamber 2,28-041661e256ff,26.687,T229,44C,off
12/18/2021 04:44:43,Chamber 2,28-041661e256ff,26.687,T229,44C,off
12/18/2021 04:45:03,Chamber 2,28-041661e256ff,26.687,T229,44C,off
12/18/2021 04:45:23,Chamber 2,28-041661e256ff,26.687,T229,44C,off
12/18/2021 04:45:43,Chamber 2,28-041661e256ff,26.687,T229,44C,off
12/18/2021 04:46:05,Chamber 2,28-041661e256ff,26.687,T229,44C,off
12/18/2021 04:46:24,Chamber 2,28-041661e256ff,26.687,T229,44C,off
12/18/2021 04:46:43,Chamber 2,28-041661e256ff,26.687,T229,44C,off
12/18/2021 04:47:03,Chamber 2,28-041661e256ff,26.687,T229,44C,off
12/18/2021 04:47:23,Chamber 2,28-041661e256ff,26.687,T229,44C,off
12/18/2021 04:47:43,Chamber 2,28-041661e256ff,26.687,T229,44C,off
12/18/2021 04:48:04,Chamber 2,28-041661e256ff,26.687,T229,44C,off
12/18/2021 04:48:23,Chamber 2,28-041661e256ff,26.687,T229,44C,off
12/18/2021 04:48:43,Chamber 2,28-041661e256ff,26.687,T229,44C,off
12/18/2021 04:49:03,Chamber 2,28-041661e256ff,26.687,T229,44C,off
12/18/2021 04:49:23,Chamber 2,28-041661e256ff,26.687,T229,44C,off
12/18/2021 04:49:43,Chamber 2,28-041661e256ff,26.687,T229,44C,off
12/18/2021 04:50:03,Chamber 2,28-041661e256ff,26.687,T229,44C,off
12/18/2021 04:50:23,Chamber 2,28-041661e256ff,26.687,T229,44C,off
12/18/2021 04:50:43,Chamber 2,28-041661e256ff,26.687,T229,44C,off
12/18/2021 04:51:03,Chamber 2,28-041661e256ff,26.687,T229,44C,off
12/18/2021 04:51:23,Chamber 2,28-041661e256ff,26.687,T229,44C,off
12/18/2021 04:51:43,Chamber 2,28-041661e256ff,26.687,T229,44C,off
12/18/2021 04:52:03,Chamber 2,28-041661e256ff,26.687,T229,44C,off
12/18/2021 04:52:24,Chamber 2,28-041661e256ff,26.687,T229,44C,off
12/18/2021 04:52:43,Chamber 2,28-041661e256ff,26.687,T229,44C,off
12/18/2021 04:53:03,Chamber 2,28-041661e256ff,26.687,T229,44C,off
12/18/2021 04:53:23,Chamber 2,28-041661e256ff,26.687,T229,44C,off
12/18/2021 04:53:43,Chamber 2,28-041661e256ff,26.687,T229,44C,off
12/18/2021 04:54:03,Chamber 2,28-041661e256ff,26.687,T229,44C,off
12/18/2021 04:54:23,Chamber 2,28-041661e256ff,26.687,T229,44C,off
12/18/2021 04:54:43,Chamber 2,28-041661e256ff,26.687,T229,44C,off
12/18/2021 04:55:03,Chamber 2,28-041661e256ff,26.687,T229,44C,off
12/18/2021 04:55:23,Chamber 2,28-041661e256ff,26.687,T229,44C,off
12/18/2021 04:55:43,Chamber 2,28-041661e256ff,26.687,T229,44C,off
12/18/2021 04:56:04,Chamber 2,28-041661e256ff,26.687,T229,44C,off
12/18/2021 04:56:23,Chamber 2,28-041661e256ff,26.687,T229,44C,off
12/18/2021 04:56:43,Chamber 2,28-041661e256ff,26.687,T229,44C,off
12/18/2021 04:57:03,Chamber 2,28-041661e256ff,26.687,T229,44C,off
12/18/2021 04:57:23,Chamber 2,28-041661e256ff,26.687,T229,44C,off
12/18/2021 04:57:43,Chamber 2,28-041661e256ff,26.687,T229,44C,off
12/18/2021 04:58:03,Chamber 2,28-041661e256ff,26.687,T229,44C,off
12/18/2021 04:58:23,Chamber 2,28-041661e256ff,26.687,T229,44C,off
12/18/2021 04:58:43,Chamber 2,28-041661e256ff,26.687,T229,44C,off
12/18/2021 04:59:03,Chamber 2,28-041661e256ff,26.687,T229,44C,off
12/18/2021 04:59:23,Chamber 2,28-041661e256ff,26.687,T229,44C,off
12/18/2021 04:59:43,Chamber 2,28-041661e256ff,26.687,T229,44C,off
12/18/2021 05:00:03,Chamber 2,28-041661e256ff,26.687,T229,44C,off
12/18/2021 05:00:23,Chamber 2,28-041661e256ff,26.687,T229,44C,off
12/18/2021 05:00:43,Chamber 2,28-041661e256ff,26.687,T229,44C,off
12/18/2021 05:01:03,Chamber 2,28-041661e256ff,26.687,T229,44C,off
12/18/2021 05:01:23,Chamber 2,28-041661e256ff,26.687,T229,44C,off
12/18/2021 05:01:43,Chamber 2,28-041661e256ff,26.687,T229,44C,off
12/18/2021 05:02:03,Chamber 2,28-041661e256ff,26.687,T229,44C,off
12/18/2021 05:02:23,Chamber 2,28-041661e256ff,26.687,T229,44C,off
12/18/2021 05:02:43,Chamber 2,28-041661e256ff,26.687,T229,44C,off
12/18/2021 05:03:03,Chamber 2,28-041661e256ff,26.687,T229,44C,off
12/18/2021 05:03:23,Chamber 2,28-041661e256ff,26.687,T229,44C,off
12/18/2021 05:03:43,Chamber 2,28-041661e256ff,26.687,T229,44C,off
12/18/2021 05:04:03,Chamber 2,28-041661e256ff,26.687,T229,44C,off
12/18/2021 05:04:23,Chamber 2,28-041661e256ff,26.687,T229,44C,off
12/18/2021 05:04:43,Chamber 2,28-041661e256ff,26.687,T229,44C,off
12/18/2021 05:05:03,Chamber 2,28-041661e256ff,26.687,T229,44C,off
12/18/2021 05:05:23,Chamber 2,28-041661e256ff,26.687,T229,44C,off
12/18/2021 05:05:43,Chamber 2,28-041661e256ff,26.687,T229,44C,off
12/18/2021 05:06:03,Chamber 2,28-041661e256ff,26.687,T229,44C,off
12/18/2021 05:06:23,Chamber 2,28-041661e256ff,26.687,T229,44C,off
12/18/2021 05:06:43,Chamber 2,28-041661e256ff,26.687,T229,44C,off
12/18/2021 05:07:03,Chamber 2,28-041661e256ff,26.687,T229,44C,off
12/18/2021 05:07:23,Chamber 2,28-041661e256ff,26.687,T229,44C,off
12/18/2021 05:07:43,Chamber 2,28-041661e256ff,26.687,T229,44C,off
12/18/2021 05:08:03,Chamber 2,28-041661e256ff,26.687,T229,44C,off
12/18/2021 05:08:23,Chamber 2,28-041661e256ff,26.687,T229,44C,off
12/18/2021 05:08:43,Chamber 2,28-041661e256ff,26.687,T229,44C,off
12/18/2021 05:09:03,Chamber 2,28-041661e256ff,26.687,T229,44C,off
12/18/2021 05:09:23,Chamber 2,28-041661e256ff,26.625,T229,44C,off
12/18/2021 05:09:43,Chamber 2,28-041661e256ff,26.687,T229,44C,off
12/18/2021 05:10:03,Chamber 2,28-041661e256ff,26.687,T229,44C,off
12/18/2021 05:10:23,Chamber 2,28-041661e256ff,26.687,T229,44C,off
12/18/2021 05:10:43,Chamber 2,28-041661e256ff,26.687,T229,44C,off
12/18/2021 05:11:03,Chamber 2,28-041661e256ff,26.687,T229,44C,off
12/18/2021 05:11:23,Chamber 2,28-041661e256ff,26.687,T229,44C,off
12/18/2021 05:11:43,Chamber 2,28-041661e256ff,26.687,T229,44C,off
12/18/2021 05:12:03,Chamber 2,28-041661e256ff,26.687,T229,44C,off
12/18/2021 05:12:23,Chamber 2,28-041661e256ff,26.687,T229,44C,off
12/18/2021 05:12:43,Chamber 2,28-041661e256ff,26.687,T229,44C,off
12/18/2021 05:13:03,Chamber 2,28-041661e256ff,26.687,T229,44C,off
12/18/2021 05:13:23,Chamber 2,28-041661e256ff,26.687,T229,44C,off
12/18/2021 05:13:43,Chamber 2,28-041661e256ff,26.687,T229,44C,off
12/18/2021 05:14:03,Chamber 2,28-041661e256ff,26.687,T229,44C,off
12/18/2021 05:14:23,Chamber 2,28-041661e256ff,26.687,T229,44C,off
12/18/2021 05:14:43,Chamber 2,28-041661e256ff,26.687,T229,44C,off
12/18/2021 05:15:03,Chamber 2,28-041661e256ff,26.687,T229,44C,off
12/18/2021 05:15:23,Chamber 2,28-041661e256ff,26.687,T229,44C,off
12/18/2021 05:15:43,Chamber 2,28-041661e256ff,26.687,T229,44C,off
12/18/2021 05:16:03,Chamber 2,28-041661e256ff,26.687,T229,44C,off
12/18/2021 05:16:23,Chamber 2,28-041661e256ff,26.687,T229,44C,off
12/18/2021 05:16:43,Chamber 2,28-041661e256ff,26.687,T229,44C,off
12/18/2021 05:17:03,Chamber 2,28-041661e256ff,26.687,T229,44C,off
12/18/2021 05:17:23,Chamber 2,28-041661e256ff,26.687,T229,44C,off
12/18/2021 05:17:43,Chamber 2,28-041661e256ff,26.687,T229,44C,off
12/18/2021 05:18:03,Chamber 2,28-041661e256ff,26.687,T229,44C,off
12/18/2021 05:18:23,Chamber 2,28-041661e256ff,26.687,T229,44C,off
12/18/2021 05:18:43,Chamber 2,28-041661e256ff,26.687,T229,44C,off
12/18/2021 05:19:03,Chamber 2,28-041661e256ff,26.687,T229,44C,off
12/18/2021 05:19:23,Chamber 2,28-041661e256ff,26.687,T229,44C,off
12/18/2021 05:19:43,Chamber 2,28-041661e256ff,26.625,T229,44C,off
12/18/2021 05:20:03,Chamber 2,28-041661e256ff,26.687,T229,44C,off
12/18/2021 05:20:23,Chamber 2,28-041661e256ff,26.687,T229,44C,off
12/18/2021 05:20:43,Chamber 2,28-041661e256ff,26.625,T229,44C,off
12/18/2021 05:21:03,Chamber 2,28-041661e256ff,26.687,T229,44C,off
12/18/2021 05:21:23,Chamber 2,28-041661e256ff,26.687,T229,44C,off
12/18/2021 05:21:44,Chamber 2,28-041661e256ff,26.687,T229,44C,off
12/18/2021 05:22:03,Chamber 2,28-041661e256ff,26.625,T229,44C,off
12/18/2021 05:22:23,Chamber 2,28-041661e256ff,26.687,T229,44C,off
12/18/2021 05:22:43,Chamber 2,28-041661e256ff,26.687,T229,44C,off
12/18/2021 05:23:03,Chamber 2,28-041661e256ff,26.625,T229,44C,off
12/18/2021 05:23:23,Chamber 2,28-041661e256ff,26.687,T229,44C,off
12/18/2021 05:23:43,Chamber 2,28-041661e256ff,26.687,T229,44C,off
12/18/2021 05:24:03,Chamber 2,28-041661e256ff,26.625,T229,44C,off
12/18/2021 05:24:23,Chamber 2,28-041661e256ff,26.687,T229,44C,off
12/18/2021 05:24:43,Chamber 2,28-041661e256ff,26.687,T229,44C,off
12/18/2021 05:25:03,Chamber 2,28-041661e256ff,26.687,T229,44C,off
12/18/2021 05:25:23,Chamber 2,28-041661e256ff,26.625,T229,44C,off
12/18/2021 05:25:43,Chamber 2,28-041661e256ff,26.687,T229,44C,off
12/18/2021 05:26:03,Chamber 2,28-041661e256ff,26.687,T229,44C,off
12/18/2021 05:26:23,Chamber 2,28-041661e256ff,26.625,T229,44C,off
12/18/2021 05:26:43,Chamber 2,28-041661e256ff,26.687,T229,44C,off
12/18/2021 05:27:03,Chamber 2,28-041661e256ff,26.687,T229,44C,off
12/18/2021 05:27:23,Chamber 2,28-041661e256ff,26.687,T229,44C,off
12/18/2021 05:27:43,Chamber 2,28-041661e256ff,26.687,T229,44C,off
12/18/2021 05:28:03,Chamber 2,28-041661e256ff,26.687,T229,44C,off
12/18/2021 05:28:23,Chamber 2,28-041661e256ff,26.625,T229,44C,off
12/18/2021 05:28:43,Chamber 2,28-041661e256ff,26.687,T229,44C,off
12/18/2021 05:29:03,Chamber 2,28-041661e256ff,26.687,T229,44C,off
12/18/2021 05:29:23,Chamber 2,28-041661e256ff,26.625,T229,44C,off
12/18/2021 05:29:43,Chamber 2,28-041661e256ff,26.625,T229,44C,off
12/18/2021 05:30:03,Chamber 2,28-041661e256ff,26.687,T229,44C,off
12/18/2021 05:30:23,Chamber 2,28-041661e256ff,26.687,T229,44C,off
12/18/2021 05:30:43,Chamber 2,28-041661e256ff,26.687,T229,44C,off
12/18/2021 05:31:03,Chamber 2,28-041661e256ff,26.687,T229,44C,off
12/18/2021 05:31:23,Chamber 2,28-041661e256ff,26.625,T229,44C,off
12/18/2021 05:31:43,Chamber 2,28-041661e256ff,26.625,T229,44C,off
12/18/2021 05:32:03,Chamber 2,28-041661e256ff,26.625,T229,44C,off
12/18/2021 05:32:23,Chamber 2,28-041661e256ff,26.625,T229,44C,off
12/18/2021 05:32:43,Chamber 2,28-041661e256ff,26.625,T229,44C,off
12/18/2021 05:33:03,Chamber 2,28-041661e256ff,26.625,T229,44C,off
12/18/2021 05:33:23,Chamber 2,28-041661e256ff,26.687,T229,44C,off
12/18/2021 05:33:43,Chamber 2,28-041661e256ff,26.625,T229,44C,off
12/18/2021 05:34:03,Chamber 2,28-041661e256ff,26.687,T229,44C,off
12/18/2021 05:34:23,Chamber 2,28-041661e256ff,26.687,T229,44C,off
12/18/2021 05:34:43,Chamber 2,28-041661e256ff,26.625,T229,44C,off
12/18/2021 05:35:03,Chamber 2,28-041661e256ff,26.687,T229,44C,off
12/18/2021 05:35:23,Chamber 2,28-041661e256ff,26.687,T229,44C,off
12/18/2021 05:35:43,Chamber 2,28-041661e256ff,26.625,T229,44C,off
12/18/2021 05:36:03,Chamber 2,28-041661e256ff,26.687,T229,44C,off
12/18/2021 05:36:23,Chamber 2,28-041661e256ff,26.625,T229,44C,off
12/18/2021 05:36:43,Chamber 2,28-041661e256ff,26.687,T229,44C,off
12/18/2021 05:37:03,Chamber 2,28-041661e256ff,26.625,T229,44C,off
12/18/2021 05:37:23,Chamber 2,28-041661e256ff,26.625,T229,44C,off
12/18/2021 05:37:43,Chamber 2,28-041661e256ff,26.625,T229,44C,off
12/18/2021 05:38:03,Chamber 2,28-041661e256ff,26.625,T229,44C,off
12/18/2021 05:38:23,Chamber 2,28-041661e256ff,26.625,T229,44C,off
12/18/2021 05:38:43,Chamber 2,28-041661e256ff,26.625,T229,44C,off
12/18/2021 05:39:03,Chamber 2,28-041661e256ff,26.625,T229,44C,off
12/18/2021 05:39:23,Chamber 2,28-041661e256ff,26.625,T229,44C,off
12/18/2021 05:39:43,Chamber 2,28-041661e256ff,26.625,T229,44C,off
12/18/2021 05:40:03,Chamber 2,28-041661e256ff,26.625,T229,44C,off
12/18/2021 05:40:23,Chamber 2,28-041661e256ff,26.625,T229,44C,off
12/18/2021 05:40:43,Chamber 2,28-041661e256ff,26.625,T229,44C,off
12/18/2021 05:41:03,Chamber 2,28-041661e256ff,26.625,T229,44C,off
12/18/2021 05:41:23,Chamber 2,28-041661e256ff,26.625,T229,44C,off
12/18/2021 05:41:44,Chamber 2,28-041661e256ff,26.687,T229,44C,off
12/18/2021 05:42:03,Chamber 2,28-041661e256ff,26.625,T229,44C,off
12/18/2021 05:42:23,Chamber 2,28-041661e256ff,26.625,T229,44C,off
12/18/2021 05:42:43,Chamber 2,28-041661e256ff,26.625,T229,44C,off
12/18/2021 05:43:03,Chamber 2,28-041661e256ff,26.625,T229,44C,off
12/18/2021 05:43:23,Chamber 2,28-041661e256ff,26.625,T229,44C,off
12/18/2021 05:43:43,Chamber 2,28-041661e256ff,26.625,T229,44C,off
12/18/2021 05:44:03,Chamber 2,28-041661e256ff,26.625,T229,44C,off
12/18/2021 05:44:23,Chamber 2,28-041661e256ff,26.625,T229,44C,off
12/18/2021 05:44:43,Chamber 2,28-041661e256ff,26.625,T229,44C,off
12/18/2021 05:45:03,Chamber 2,28-041661e256ff,26.625,T229,44C,off
12/18/2021 05:45:23,Chamber 2,28-041661e256ff,26.625,T229,44C,off
12/18/2021 05:45:43,Chamber 2,28-041661e256ff,26.625,T229,44C,off
12/18/2021 05:46:03,Chamber 2,28-041661e256ff,26.625,T229,44C,off
12/18/2021 05:46:23,Chamber 2,28-041661e256ff,26.625,T229,44C,off
12/18/2021 05:46:43,Chamber 2,28-041661e256ff,26.625,T229,44C,off
12/18/2021 05:47:03,Chamber 2,28-041661e256ff,26.625,T229,44C,off
12/18/2021 05:47:23,Chamber 2,28-041661e256ff,26.625,T229,44C,off
12/18/2021 05:47:43,Chamber 2,28-041661e256ff,26.625,T229,44C,off
12/18/2021 05:48:03,Chamber 2,28-041661e256ff,26.625,T229,44C,off
12/18/2021 05:48:23,Chamber 2,28-041661e256ff,26.625,T229,44C,off
12/18/2021 05:48:43,Chamber 2,28-041661e256ff,26.625,T229,44C,off
12/18/2021 05:49:03,Chamber 2,28-041661e256ff,26.625,T229,44C,off
12/18/2021 05:49:23,Chamber 2,28-041661e256ff,26.625,T229,44C,off
12/18/2021 05:49:43,Chamber 2,28-041661e256ff,26.625,T229,44C,off
12/18/2021 05:50:03,Chamber 2,28-041661e256ff,26.625,T229,44C,off
12/18/2021 05:50:23,Chamber 2,28-041661e256ff,26.625,T229,44C,off
12/18/2021 05:50:43,Chamber 2,28-041661e256ff,26.625,T229,44C,off
12/18/2021 05:51:03,Chamber 2,28-041661e256ff,26.625,T229,44C,off
12/18/2021 05:51:23,Chamber 2,28-041661e256ff,26.625,T229,44C,off
12/18/2021 05:51:43,Chamber 2,28-041661e256ff,26.625,T229,44C,off
12/18/2021 05:52:03,Chamber 2,28-041661e256ff,26.625,T229,44C,off
12/18/2021 05:52:23,Chamber 2,28-041661e256ff,26.625,T229,44C,off
12/18/2021 05:52:43,Chamber 2,28-041661e256ff,26.625,T229,44C,off
12/18/2021 05:53:03,Chamber 2,28-041661e256ff,26.625,T229,44C,off
12/18/2021 05:53:23,Chamber 2,28-041661e256ff,26.625,T229,44C,off
12/18/2021 05:53:43,Chamber 2,28-041661e256ff,26.625,T229,44C,off
12/18/2021 05:54:03,Chamber 2,28-041661e256ff,26.625,T229,44C,off
12/18/2021 05:54:23,Chamber 2,28-041661e256ff,26.625,T229,44C,off
12/18/2021 05:54:43,Chamber 2,28-041661e256ff,26.625,T229,44C,off
12/18/2021 05:55:03,Chamber 2,28-041661e256ff,26.625,T229,44C,off
12/18/2021 05:55:23,Chamber 2,28-041661e256ff,26.625,T229,44C,off
12/18/2021 05:55:43,Chamber 2,28-041661e256ff,26.625,T229,44C,off
12/18/2021 05:56:03,Chamber 2,28-041661e256ff,26.625,T229,44C,off
12/18/2021 05:56:23,Chamber 2,28-041661e256ff,26.625,T229,44C,off
12/18/2021 05:56:43,Chamber 2,28-041661e256ff,26.625,T229,44C,off
12/18/2021 05:57:03,Chamber 2,28-041661e256ff,26.625,T229,44C,off
12/18/2021 05:57:23,Chamber 2,28-041661e256ff,26.625,T229,44C,off
12/18/2021 05:57:43,Chamber 2,28-041661e256ff,26.625,T229,44C,off
12/18/2021 05:58:04,Chamber 2,28-041661e256ff,26.625,T229,44C,off
12/18/2021 05:58:23,Chamber 2,28-041661e256ff,26.625,T229,44C,off
12/18/2021 05:58:43,Chamber 2,28-041661e256ff,26.625,T229,44C,off
12/18/2021 05:59:03,Chamber 2,28-041661e256ff,26.625,T229,44C,off
12/18/2021 05:59:23,Chamber 2,28-041661e256ff,26.625,T229,44C,off
12/18/2021 05:59:43,Chamber 2,28-041661e256ff,26.625,T229,44C,off
12/18/2021 06:00:03,Chamber 2,28-041661e256ff,26.625,T229,44C,off
12/18/2021 06:00:24,Chamber 2,28-041661e256ff,26.625,T229,44C,off
12/18/2021 06:00:43,Chamber 2,28-041661e256ff,26.625,T229,44C,off
12/18/2021 06:01:03,Chamber 2,28-041661e256ff,26.625,T229,44C,off
12/18/2021 06:01:23,Chamber 2,28-041661e256ff,26.625,T229,44C,off
12/18/2021 06:01:43,Chamber 2,28-041661e256ff,26.625,T229,44C,off
12/18/2021 06:02:03,Chamber 2,28-041661e256ff,26.625,T229,44C,off
12/18/2021 06:02:23,Chamber 2,28-041661e256ff,26.625,T229,44C,off
12/18/2021 06:02:43,Chamber 2,28-041661e256ff,26.625,T229,44C,off
12/18/2021 06:03:03,Chamber 2,28-041661e256ff,26.625,T229,44C,off
12/18/2021 06:03:24,Chamber 2,28-041661e256ff,26.625,T229,44C,off
12/18/2021 06:03:43,Chamber 2,28-041661e256ff,26.625,T229,44C,off
12/18/2021 06:04:03,Chamber 2,28-041661e256ff,26.625,T229,44C,off
12/18/2021 06:04:23,Chamber 2,28-041661e256ff,26.625,T229,44C,off
12/18/2021 06:04:43,Chamber 2,28-041661e256ff,26.625,T229,44C,off
12/18/2021 06:05:03,Chamber 2,28-041661e256ff,26.625,T229,44C,off
12/18/2021 06:05:23,Chamber 2,28-041661e256ff,26.625,T229,44C,off
12/18/2021 06:05:43,Chamber 2,28-041661e256ff,26.625,T229,44C,off
12/18/2021 06:06:04,Chamber 2,28-041661e256ff,26.625,T229,44C,off
12/18/2021 06:06:23,Chamber 2,28-041661e256ff,26.625,T229,44C,off
12/18/2021 06:06:44,Chamber 2,28-041661e256ff,26.625,T229,44C,off
12/18/2021 06:07:03,Chamber 2,28-041661e256ff,26.625,T229,44C,off
12/18/2021 06:07:23,Chamber 2,28-041661e256ff,26.625,T229,44C,off
12/18/2021 06:07:44,Chamber 2,28-041661e256ff,26.625,T229,44C,off
12/18/2021 06:08:04,Chamber 2,28-041661e256ff,26.625,T229,44C,off
12/18/2021 06:08:23,Chamber 2,28-041661e256ff,26.625,T229,44C,off
12/18/2021 06:08:43,Chamber 2,28-041661e256ff,26.625,T229,44C,off
12/18/2021 06:09:03,Chamber 2,28-041661e256ff,26.625,T229,44C,off
12/18/2021 06:09:23,Chamber 2,28-041661e256ff,26.625,T229,44C,off
12/18/2021 06:09:43,Chamber 2,28-041661e256ff,26.625,T229,44C,off
12/18/2021 06:10:03,Chamber 2,28-041661e256ff,26.625,T229,44C,off
12/18/2021 06:10:23,Chamber 2,28-041661e256ff,26.625,T229,44C,off
12/18/2021 06:10:43,Chamber 2,28-041661e256ff,26.625,T229,44C,off
12/18/2021 06:11:03,Chamber 2,28-041661e256ff,26.625,T229,44C,off
12/18/2021 06:11:23,Chamber 2,28-041661e256ff,26.625,T229,44C,off
12/18/2021 06:11:43,Chamber 2,28-041661e256ff,26.625,T229,44C,off
12/18/2021 06:12:03,Chamber 2,28-041661e256ff,26.625,T229,44C,off
12/18/2021 06:12:23,Chamber 2,28-041661e256ff,26.625,T229,44C,off
12/18/2021 06:12:43,Chamber 2,28-041661e256ff,26.625,T229,44C,off
12/18/2021 06:13:03,Chamber 2,28-041661e256ff,26.625,T229,44C,off
12/18/2021 06:13:23,Chamber 2,28-041661e256ff,26.625,T229,44C,off
12/18/2021 06:13:43,Chamber 2,28-041661e256ff,26.625,T229,44C,off
12/18/2021 06:14:03,Chamber 2,28-041661e256ff,26.625,T229,44C,off
12/18/2021 06:14:23,Chamber 2,28-041661e256ff,26.625,T229,44C,off
12/18/2021 06:14:43,Chamber 2,28-041661e256ff,26.625,T229,44C,off
12/18/2021 06:15:03,Chamber 2,28-041661e256ff,26.625,T229,44C,off
12/18/2021 06:15:23,Chamber 2,28-041661e256ff,26.625,T229,44C,off
12/18/2021 06:15:43,Chamber 2,28-041661e256ff,26.625,T229,44C,off
12/18/2021 06:16:03,Chamber 2,28-041661e256ff,26.625,T229,44C,off
12/18/2021 06:16:23,Chamber 2,28-041661e256ff,26.625,T229,44C,off
12/18/2021 06:16:43,Chamber 2,28-041661e256ff,26.625,T229,44C,off
12/18/2021 06:17:03,Chamber 2,28-041661e256ff,26.625,T229,44C,off
12/18/2021 06:17:24,Chamber 2,28-041661e256ff,26.625,T229,44C,off
12/18/2021 06:17:43,Chamber 2,28-041661e256ff,26.625,T229,44C,off
12/18/2021 06:18:03,Chamber 2,28-041661e256ff,26.625,T229,44C,off
12/18/2021 06:18:23,Chamber 2,28-041661e256ff,26.625,T229,44C,off
12/18/2021 06:18:43,Chamber 2,28-041661e256ff,26.625,T229,44C,off
12/18/2021 06:19:03,Chamber 2,28-041661e256ff,26.625,T229,44C,off
12/18/2021 06:19:23,Chamber 2,28-041661e256ff,26.625,T229,44C,off
12/18/2021 06:19:43,Chamber 2,28-041661e256ff,26.625,T229,44C,off
12/18/2021 06:20:03,Chamber 2,28-041661e256ff,26.625,T229,44C,off
12/18/2021 06:20:23,Chamber 2,28-041661e256ff,26.625,T229,44C,off
12/18/2021 06:20:43,Chamber 2,28-041661e256ff,26.625,T229,44C,off
12/18/2021 06:21:03,Chamber 2,28-041661e256ff,26.625,T229,44C,off
12/18/2021 06:21:23,Chamber 2,28-041661e256ff,26.625,T229,44C,off
12/18/2021 06:21:43,Chamber 2,28-041661e256ff,26.625,T229,44C,off
12/18/2021 06:22:03,Chamber 2,28-041661e256ff,26.625,T229,44C,off
12/18/2021 06:22:23,Chamber 2,28-041661e256ff,26.625,T229,44C,off
12/18/2021 06:22:43,Chamber 2,28-041661e256ff,26.625,T229,44C,off
12/18/2021 06:23:03,Chamber 2,28-041661e256ff,26.625,T229,44C,off
12/18/2021 06:23:23,Chamber 2,28-041661e256ff,26.625,T229,44C,off
12/18/2021 06:23:43,Chamber 2,28-041661e256ff,26.625,T229,44C,off
12/18/2021 06:24:03,Chamber 2,28-041661e256ff,26.625,T229,44C,off
12/18/2021 06:24:23,Chamber 2,28-041661e256ff,26.625,T229,44C,off
12/18/2021 06:24:43,Chamber 2,28-041661e256ff,26.625,T229,44C,off
12/18/2021 06:25:03,Chamber 2,28-041661e256ff,26.625,T229,44C,off
12/18/2021 06:25:23,Chamber 2,28-041661e256ff,26.625,T229,44C,off
12/18/2021 06:25:43,Chamber 2,28-041661e256ff,26.625,T229,44C,off
12/18/2021 06:26:03,Chamber 2,28-041661e256ff,26.625,T229,44C,off
12/18/2021 06:26:23,Chamber 2,28-041661e256ff,26.625,T229,44C,off
12/18/2021 06:26:43,Chamber 2,28-041661e256ff,26.625,T229,44C,off
12/18/2021 06:27:03,Chamber 2,28-041661e256ff,26.625,T229,44C,off
12/18/2021 06:27:23,Chamber 2,28-041661e256ff,26.625,T229,44C,off
12/18/2021 06:27:43,Chamber 2,28-041661e256ff,26.625,T229,44C,off
12/18/2021 06:28:03,Chamber 2,28-041661e256ff,26.625,T229,44C,off
12/18/2021 06:28:23,Chamber 2,28-041661e256ff,26.625,T229,44C,off
12/18/2021 06:28:43,Chamber 2,28-041661e256ff,26.625,T229,44C,off
12/18/2021 06:29:03,Chamber 2,28-041661e256ff,26.625,T229,44C,off
12/18/2021 06:29:23,Chamber 2,28-041661e256ff,26.625,T229,44C,off
12/18/2021 06:29:43,Chamber 2,28-041661e256ff,26.625,T229,44C,off
12/18/2021 06:30:03,Chamber 2,28-041661e256ff,26.625,T229,44C,off
12/18/2021 06:30:23,Chamber 2,28-041661e256ff,26.625,T229,44C,off
12/18/2021 06:30:44,Chamber 2,28-041661e256ff,26.625,T229,44C,off
12/18/2021 06:31:05,Chamber 2,28-041661e256ff,26.625,T229,44C,off
12/18/2021 06:31:23,Chamber 2,28-041661e256ff,26.625,T229,44C,off
12/18/2021 06:31:43,Chamber 2,28-041661e256ff,26.625,T229,44C,off
12/18/2021 06:32:04,Chamber 2,28-041661e256ff,26.625,T229,44C,off
12/18/2021 06:32:23,Chamber 2,28-041661e256ff,26.625,T229,44C,off
12/18/2021 06:32:43,Chamber 2,28-041661e256ff,26.625,T229,44C,off
12/18/2021 06:33:03,Chamber 2,28-041661e256ff,26.625,T229,44C,off
12/18/2021 06:33:25,Chamber 2,28-041661e256ff,26.625,T229,44C,off
12/18/2021 06:33:43,Chamber 2,28-041661e256ff,26.625,T229,44C,off
12/18/2021 06:34:03,Chamber 2,28-041661e256ff,26.625,T229,44C,off
12/18/2021 06:34:23,Chamber 2,28-041661e256ff,26.625,T229,44C,off
12/18/2021 06:34:43,Chamber 2,28-041661e256ff,26.625,T229,44C,off
12/18/2021 06:35:03,Chamber 2,28-041661e256ff,26.625,T229,44C,off
12/18/2021 06:35:23,Chamber 2,28-041661e256ff,26.625,T229,44C,off
12/18/2021 06:35:43,Chamber 2,28-041661e256ff,26.625,T229,44C,off
12/18/2021 06:36:03,Chamber 2,28-041661e256ff,26.625,T229,44C,off
12/18/2021 06:36:23,Chamber 2,28-041661e256ff,26.625,T229,44C,off
12/18/2021 06:36:43,Chamber 2,28-041661e256ff,26.625,T229,44C,off
12/18/2021 06:37:03,Chamber 2,28-041661e256ff,26.625,T229,44C,off
12/18/2021 06:37:23,Chamber 2,28-041661e256ff,26.625,T229,44C,off
12/18/2021 06:37:43,Chamber 2,28-041661e256ff,26.625,T229,44C,off
12/18/2021 06:38:03,Chamber 2,28-041661e256ff,26.625,T229,44C,off
12/18/2021 06:38:23,Chamber 2,28-041661e256ff,26.625,T229,44C,off
12/18/2021 06:38:43,Chamber 2,28-041661e256ff,26.625,T229,44C,off
12/18/2021 06:39:03,Chamber 2,28-041661e256ff,26.625,T229,44C,off
12/18/2021 06:39:23,Chamber 2,28-041661e256ff,26.625,T229,44C,off
12/18/2021 06:39:44,Chamber 2,28-041661e256ff,26.625,T229,44C,off
12/18/2021 06:40:03,Chamber 2,28-041661e256ff,26.625,T229,44C,off
12/18/2021 06:40:23,Chamber 2,28-041661e256ff,26.625,T229,44C,off
12/18/2021 06:40:43,Chamber 2,28-041661e256ff,26.625,T229,44C,off
12/18/2021 06:41:03,Chamber 2,28-041661e256ff,26.625,T229,44C,off
12/18/2021 06:41:23,Chamber 2,28-041661e256ff,26.562,T229,44C,off
12/18/2021 06:41:43,Chamber 2,28-041661e256ff,26.625,T229,44C,off
12/18/2021 06:42:03,Chamber 2,28-041661e256ff,26.625,T229,44C,off
12/18/2021 06:42:23,Chamber 2,28-041661e256ff,26.625,T229,44C,off
12/18/2021 06:42:43,Chamber 2,28-041661e256ff,26.625,T229,44C,off
12/18/2021 06:43:04,Chamber 2,28-041661e256ff,26.625,T229,44C,off
12/18/2021 06:43:23,Chamber 2,28-041661e256ff,26.625,T229,44C,off
12/18/2021 06:43:43,Chamber 2,28-041661e256ff,26.625,T229,44C,off
12/18/2021 06:44:03,Chamber 2,28-041661e256ff,26.625,T229,44C,off
12/18/2021 06:44:23,Chamber 2,28-041661e256ff,26.625,T229,44C,off
12/18/2021 06:44:43,Chamber 2,28-041661e256ff,26.625,T229,44C,off
12/18/2021 06:45:05,Chamber 2,28-041661e256ff,26.625,T229,44C,off
12/18/2021 06:45:23,Chamber 2,28-041661e256ff,26.625,T229,44C,off
12/18/2021 06:45:43,Chamber 2,28-041661e256ff,26.625,T229,44C,off
12/18/2021 06:46:03,Chamber 2,28-041661e256ff,26.625,T229,44C,off
12/18/2021 06:46:23,Chamber 2,28-041661e256ff,26.625,T229,44C,off
12/18/2021 06:46:43,Chamber 2,28-041661e256ff,26.625,T229,44C,off
12/18/2021 06:47:03,Chamber 2,28-041661e256ff,26.625,T229,44C,off
12/18/2021 06:47:23,Chamber 2,28-041661e256ff,26.625,T229,44C,off
12/18/2021 06:47:43,Chamber 2,28-041661e256ff,26.625,T229,44C,off
12/18/2021 06:48:03,Chamber 2,28-041661e256ff,26.625,T229,44C,off
12/18/2021 06:48:23,Chamber 2,28-041661e256ff,26.625,T229,44C,off
12/18/2021 06:48:43,Chamber 2,28-041661e256ff,26.625,T229,44C,off
12/18/2021 06:49:03,Chamber 2,28-041661e256ff,26.625,T229,44C,off
12/18/2021 06:49:23,Chamber 2,28-041661e256ff,26.625,T229,44C,off
12/18/2021 06:49:43,Chamber 2,28-041661e256ff,26.625,T229,44C,off
12/18/2021 06:50:03,Chamber 2,28-041661e256ff,26.625,T229,44C,off
12/18/2021 06:50:23,Chamber 2,28-041661e256ff,26.625,T229,44C,off
12/18/2021 06:50:43,Chamber 2,28-041661e256ff,26.625,T229,44C,off
12/18/2021 06:51:03,Chamber 2,28-041661e256ff,26.625,T229,44C,off
12/18/2021 06:51:23,Chamber 2,28-041661e256ff,26.625,T229,44C,off
12/18/2021 06:51:43,Chamber 2,28-041661e256ff,26.625,T229,44C,off
12/18/2021 06:52:03,Chamber 2,28-041661e256ff,26.625,T229,44C,off
12/18/2021 06:52:23,Chamber 2,28-041661e256ff,26.625,T229,44C,off
12/18/2021 06:52:43,Chamber 2,28-041661e256ff,26.625,T229,44C,off
12/18/2021 06:53:03,Chamber 2,28-041661e256ff,26.625,T229,44C,off
12/18/2021 06:53:23,Chamber 2,28-041661e256ff,26.625,T229,44C,off
12/18/2021 06:53:43,Chamber 2,28-041661e256ff,26.625,T229,44C,off
12/18/2021 06:54:03,Chamber 2,28-041661e256ff,26.625,T229,44C,off
12/18/2021 06:54:23,Chamber 2,28-041661e256ff,26.625,T229,44C,off
12/18/2021 06:54:43,Chamber 2,28-041661e256ff,26.625,T229,44C,off
12/18/2021 06:55:03,Chamber 2,28-041661e256ff,26.625,T229,44C,off
12/18/2021 06:55:23,Chamber 2,28-041661e256ff,26.562,T229,44C,off
12/18/2021 06:55:43,Chamber 2,28-041661e256ff,26.625,T229,44C,off
12/18/2021 06:56:03,Chamber 2,28-041661e256ff,26.625,T229,44C,off
12/18/2021 06:56:23,Chamber 2,28-041661e256ff,26.625,T229,44C,off
12/18/2021 06:56:43,Chamber 2,28-041661e256ff,26.625,T229,44C,off
12/18/2021 06:57:03,Chamber 2,28-041661e256ff,26.625,T229,44C,off
12/18/2021 06:57:23,Chamber 2,28-041661e256ff,26.625,T229,44C,off
12/18/2021 06:57:43,Chamber 2,28-041661e256ff,26.625,T229,44C,off
12/18/2021 06:58:03,Chamber 2,28-041661e256ff,26.625,T229,44C,off
12/18/2021 06:58:23,Chamber 2,28-041661e256ff,26.625,T229,44C,off
12/18/2021 06:58:43,Chamber 2,28-041661e256ff,26.625,T229,44C,off
12/18/2021 06:59:03,Chamber 2,28-041661e256ff,26.625,T229,44C,off
12/18/2021 06:59:23,Chamber 2,28-041661e256ff,26.625,T229,44C,off
12/18/2021 06:59:43,Chamber 2,28-041661e256ff,26.625,T229,44C,off
12/18/2021 07:00:03,Chamber 2,28-041661e256ff,26.625,T229,44C,off
12/18/2021 07:00:23,Chamber 2,28-041661e256ff,26.625,T229,44C,off
12/18/2021 07:00:43,Chamber 2,28-041661e256ff,26.625,T229,44C,off
12/18/2021 07:01:03,Chamber 2,28-041661e256ff,26.625,T229,44C,off
12/18/2021 07:01:23,Chamber 2,28-041661e256ff,26.625,T229,44C,off
12/18/2021 07:01:43,Chamber 2,28-041661e256ff,26.625,T229,44C,off
12/18/2021 07:02:03,Chamber 2,28-041661e256ff,26.625,T229,44C,off
12/18/2021 07:02:23,Chamber 2,28-041661e256ff,26.625,T229,44C,off
12/18/2021 07:02:43,Chamber 2,28-041661e256ff,26.625,T229,44C,off
12/18/2021 07:03:03,Chamber 2,28-041661e256ff,26.625,T229,44C,off
12/18/2021 07:03:23,Chamber 2,28-041661e256ff,26.562,T229,44C,off
12/18/2021 07:03:43,Chamber 2,28-041661e256ff,26.625,T229,44C,off
12/18/2021 07:04:03,Chamber 2,28-041661e256ff,26.562,T229,44C,off
12/18/2021 07:04:23,Chamber 2,28-041661e256ff,26.625,T229,44C,off
12/18/2021 07:04:43,Chamber 2,28-041661e256ff,26.562,T229,44C,off
12/18/2021 07:05:03,Chamber 2,28-041661e256ff,26.562,T229,44C,off
12/18/2021 07:05:23,Chamber 2,28-041661e256ff,26.562,T229,44C,off
12/18/2021 07:05:43,Chamber 2,28-041661e256ff,26.562,T229,44C,off
12/18/2021 07:06:03,Chamber 2,28-041661e256ff,26.562,T229,44C,off
12/18/2021 07:06:23,Chamber 2,28-041661e256ff,26.562,T229,44C,off
12/18/2021 07:06:43,Chamber 2,28-041661e256ff,26.562,T229,44C,off
12/18/2021 07:07:03,Chamber 2,28-041661e256ff,26.562,T229,44C,off
12/18/2021 07:07:23,Chamber 2,28-041661e256ff,26.562,T229,44C,off
12/18/2021 07:07:43,Chamber 2,28-041661e256ff,26.562,T229,44C,off
12/18/2021 07:08:03,Chamber 2,28-041661e256ff,26.562,T229,44C,off
12/18/2021 07:08:23,Chamber 2,28-041661e256ff,26.625,T229,44C,off
12/18/2021 07:08:43,Chamber 2,28-041661e256ff,26.562,T229,44C,off
12/18/2021 07:09:03,Chamber 2,28-041661e256ff,26.562,T229,44C,off
12/18/2021 07:09:23,Chamber 2,28-041661e256ff,26.562,T229,44C,off
12/18/2021 07:09:43,Chamber 2,28-041661e256ff,26.562,T229,44C,off
12/18/2021 07:10:03,Chamber 2,28-041661e256ff,26.562,T229,44C,off
12/18/2021 07:10:23,Chamber 2,28-041661e256ff,26.625,T229,44C,off
12/18/2021 07:10:43,Chamber 2,28-041661e256ff,26.562,T229,44C,off
12/18/2021 07:11:03,Chamber 2,28-041661e256ff,26.562,T229,44C,off
12/18/2021 07:11:23,Chamber 2,28-041661e256ff,26.562,T229,44C,off
12/18/2021 07:11:43,Chamber 2,28-041661e256ff,26.562,T229,44C,off
12/18/2021 07:12:03,Chamber 2,28-041661e256ff,26.562,T229,44C,off
12/18/2021 07:12:23,Chamber 2,28-041661e256ff,26.562,T229,44C,off
12/18/2021 07:12:43,Chamber 2,28-041661e256ff,26.562,T229,44C,off
12/18/2021 07:13:03,Chamber 2,28-041661e256ff,26.562,T229,44C,off
12/18/2021 07:13:23,Chamber 2,28-041661e256ff,26.562,T229,44C,off
12/18/2021 07:13:43,Chamber 2,28-041661e256ff,26.562,T229,44C,off
12/18/2021 07:14:03,Chamber 2,28-041661e256ff,26.562,T229,44C,off
12/18/2021 07:14:23,Chamber 2,28-041661e256ff,26.562,T229,44C,off
12/18/2021 07:14:44,Chamber 2,28-041661e256ff,26.562,T229,44C,off
12/18/2021 07:15:03,Chamber 2,28-041661e256ff,26.562,T229,44C,off
12/18/2021 07:15:23,Chamber 2,28-041661e256ff,26.562,T229,44C,off
12/18/2021 07:15:43,Chamber 2,28-041661e256ff,26.562,T229,44C,off
12/18/2021 07:16:03,Chamber 2,28-041661e256ff,26.562,T229,44C,off
12/18/2021 07:16:24,Chamber 2,28-041661e256ff,26.562,T229,44C,off
12/18/2021 07:16:43,Chamber 2,28-041661e256ff,26.562,T229,44C,off
12/18/2021 07:17:04,Chamber 2,28-041661e256ff,26.562,T229,44C,off
12/18/2021 07:17:23,Chamber 2,28-041661e256ff,26.562,T229,44C,off
12/18/2021 07:17:43,Chamber 2,28-041661e256ff,26.562,T229,44C,off
12/18/2021 07:18:03,Chamber 2,28-041661e256ff,26.562,T229,44C,off
12/18/2021 07:18:23,Chamber 2,28-041661e256ff,26.562,T229,44C,off
12/18/2021 07:18:43,Chamber 2,28-041661e256ff,26.562,T229,44C,off
12/18/2021 07:19:03,Chamber 2,28-041661e256ff,26.562,T229,44C,off
12/18/2021 07:19:23,Chamber 2,28-041661e256ff,26.562,T229,44C,off
12/18/2021 07:19:43,Chamber 2,28-041661e256ff,26.562,T229,44C,off
12/18/2021 07:20:03,Chamber 2,28-041661e256ff,26.562,T229,44C,off
12/18/2021 07:20:23,Chamber 2,28-041661e256ff,26.562,T229,44C,off
12/18/2021 07:20:45,Chamber 2,28-041661e256ff,26.625,T229,44C,off
12/18/2021 07:21:04,Chamber 2,28-041661e256ff,26.562,T229,44C,off
12/18/2021 07:21:23,Chamber 2,28-041661e256ff,26.562,T229,44C,off
12/18/2021 07:21:43,Chamber 2,28-041661e256ff,26.562,T229,44C,off
12/18/2021 07:22:03,Chamber 2,28-041661e256ff,26.562,T229,44C,off
12/18/2021 07:22:23,Chamber 2,28-041661e256ff,26.562,T229,44C,off
12/18/2021 07:22:43,Chamber 2,28-041661e256ff,26.625,T229,44C,off
12/18/2021 07:23:03,Chamber 2,28-041661e256ff,26.625,T229,44C,off
12/18/2021 07:23:23,Chamber 2,28-041661e256ff,26.625,T229,44C,off
12/18/2021 07:23:43,Chamber 2,28-041661e256ff,26.562,T229,44C,off
12/18/2021 07:24:03,Chamber 2,28-041661e256ff,26.562,T229,44C,off
12/18/2021 07:24:23,Chamber 2,28-041661e256ff,26.562,T229,44C,off
12/18/2021 07:24:43,Chamber 2,28-041661e256ff,26.562,T229,44C,off
12/18/2021 07:25:03,Chamber 2,28-041661e256ff,26.562,T229,44C,off
12/18/2021 07:25:23,Chamber 2,28-041661e256ff,26.562,T229,44C,off
12/18/2021 07:25:43,Chamber 2,28-041661e256ff,26.562,T229,44C,off
12/18/2021 07:26:03,Chamber 2,28-041661e256ff,26.562,T229,44C,off
12/18/2021 07:26:23,Chamber 2,28-041661e256ff,26.562,T229,44C,off
12/18/2021 07:26:43,Chamber 2,28-041661e256ff,26.562,T229,44C,off
12/18/2021 07:27:03,Chamber 2,28-041661e256ff,26.562,T229,44C,off
12/18/2021 07:27:24,Chamber 2,28-041661e256ff,26.625,T229,44C,off
12/18/2021 07:27:43,Chamber 2,28-041661e256ff,26.562,T229,44C,off
12/18/2021 07:28:04,Chamber 2,28-041661e256ff,26.625,T229,44C,off
12/18/2021 07:28:23,Chamber 2,28-041661e256ff,26.562,T229,44C,off
12/18/2021 07:28:43,Chamber 2,28-041661e256ff,26.562,T229,44C,off
12/18/2021 07:29:03,Chamber 2,28-041661e256ff,26.562,T229,44C,off
12/18/2021 07:29:23,Chamber 2,28-041661e256ff,26.562,T229,44C,off
12/18/2021 07:29:43,Chamber 2,28-041661e256ff,26.562,T229,44C,off
12/18/2021 07:30:03,Chamber 2,28-041661e256ff,26.562,T229,44C,off
12/18/2021 07:30:23,Chamber 2,28-041661e256ff,26.562,T229,44C,off
12/18/2021 07:30:43,Chamber 2,28-041661e256ff,26.562,T229,44C,off
12/18/2021 07:31:03,Chamber 2,28-041661e256ff,26.562,T229,44C,off
12/18/2021 07:31:23,Chamber 2,28-041661e256ff,26.562,T229,44C,off
12/18/2021 07:31:43,Chamber 2,28-041661e256ff,26.562,T229,44C,off
12/18/2021 07:32:03,Chamber 2,28-041661e256ff,26.562,T229,44C,off
12/18/2021 07:32:23,Chamber 2,28-041661e256ff,26.562,T229,44C,off
12/18/2021 07:32:43,Chamber 2,28-041661e256ff,26.562,T229,44C,off
12/18/2021 07:33:03,Chamber 2,28-041661e256ff,26.562,T229,44C,off
12/18/2021 07:33:23,Chamber 2,28-041661e256ff,26.562,T229,44C,off
12/18/2021 07:33:43,Chamber 2,28-041661e256ff,26.562,T229,44C,off
12/18/2021 07:34:03,Chamber 2,28-041661e256ff,26.562,T229,44C,off
12/18/2021 07:34:23,Chamber 2,28-041661e256ff,26.562,T229,44C,off
12/18/2021 07:34:43,Chamber 2,28-041661e256ff,26.562,T229,44C,off
12/18/2021 07:35:03,Chamber 2,28-041661e256ff,26.562,T229,44C,off
12/18/2021 07:35:23,Chamber 2,28-041661e256ff,26.562,T229,44C,off
12/18/2021 07:35:43,Chamber 2,28-041661e256ff,26.562,T229,44C,off
12/18/2021 07:36:03,Chamber 2,28-041661e256ff,26.562,T229,44C,off
12/18/2021 07:36:23,Chamber 2,28-041661e256ff,26.562,T229,44C,off
12/18/2021 07:36:43,Chamber 2,28-041661e256ff,26.562,T229,44C,off
12/18/2021 07:37:03,Chamber 2,28-041661e256ff,26.562,T229,44C,off
12/18/2021 07:37:23,Chamber 2,28-041661e256ff,26.562,T229,44C,off
12/18/2021 07:37:43,Chamber 2,28-041661e256ff,26.562,T229,44C,off
12/18/2021 07:38:03,Chamber 2,28-041661e256ff,26.562,T229,44C,off
12/18/2021 07:38:23,Chamber 2,28-041661e256ff,26.562,T229,44C,off
12/18/2021 07:38:44,Chamber 2,28-041661e256ff,26.562,T229,44C,off
12/18/2021 07:39:03,Chamber 2,28-041661e256ff,26.562,T229,44C,off
12/18/2021 07:39:23,Chamber 2,28-041661e256ff,26.562,T229,44C,off
12/18/2021 07:39:43,Chamber 2,28-041661e256ff,26.562,T229,44C,off
12/18/2021 07:40:03,Chamber 2,28-041661e256ff,26.562,T229,44C,off
12/18/2021 07:40:23,Chamber 2,28-041661e256ff,26.562,T229,44C,off
12/18/2021 07:40:43,Chamber 2,28-041661e256ff,26.562,T229,44C,off
12/18/2021 07:41:03,Chamber 2,28-041661e256ff,26.562,T229,44C,off
12/18/2021 07:41:23,Chamber 2,28-041661e256ff,26.562,T229,44C,off
12/18/2021 07:41:44,Chamber 2,28-041661e256ff,26.562,T229,44C,off
12/18/2021 07:42:03,Chamber 2,28-041661e256ff,26.562,T229,44C,off
12/18/2021 07:42:23,Chamber 2,28-041661e256ff,26.562,T229,44C,off
12/18/2021 07:42:43,Chamber 2,28-041661e256ff,26.562,T229,44C,off
12/18/2021 07:43:03,Chamber 2,28-041661e256ff,26.562,T229,44C,off
12/18/2021 07:43:23,Chamber 2,28-041661e256ff,26.562,T229,44C,off
12/18/2021 07:43:43,Chamber 2,28-041661e256ff,26.562,T229,44C,off
12/18/2021 07:44:03,Chamber 2,28-041661e256ff,26.562,T229,44C,off
12/18/2021 07:44:23,Chamber 2,28-041661e256ff,26.562,T229,44C,off
12/18/2021 07:44:43,Chamber 2,28-041661e256ff,26.562,T229,44C,off
12/18/2021 07:45:03,Chamber 2,28-041661e256ff,26.562,T229,44C,off
12/18/2021 07:45:23,Chamber 2,28-041661e256ff,26.562,T229,44C,off
12/18/2021 07:45:43,Chamber 2,28-041661e256ff,26.562,T229,44C,off
12/18/2021 07:46:03,Chamber 2,28-041661e256ff,26.562,T229,44C,off
12/18/2021 07:46:23,Chamber 2,28-041661e256ff,26.562,T229,44C,off
12/18/2021 07:46:43,Chamber 2,28-041661e256ff,26.562,T229,44C,off
12/18/2021 07:47:03,Chamber 2,28-041661e256ff,26.562,T229,44C,off
12/18/2021 07:47:23,Chamber 2,28-041661e256ff,26.562,T229,44C,off
12/18/2021 07:47:43,Chamber 2,28-041661e256ff,26.562,T229,44C,off
12/18/2021 07:48:03,Chamber 2,28-041661e256ff,26.562,T229,44C,off
12/18/2021 07:48:23,Chamber 2,28-041661e256ff,26.562,T229,44C,off
12/18/2021 07:48:43,Chamber 2,28-041661e256ff,26.562,T229,44C,off
12/18/2021 07:49:03,Chamber 2,28-041661e256ff,26.562,T229,44C,off
12/18/2021 07:49:23,Chamber 2,28-041661e256ff,26.562,T229,44C,off
12/18/2021 07:49:43,Chamber 2,28-041661e256ff,26.562,T229,44C,off
12/18/2021 07:50:04,Chamber 2,28-041661e256ff,26.562,T229,44C,off
12/18/2021 07:50:23,Chamber 2,28-041661e256ff,26.562,T229,44C,off
12/18/2021 07:50:43,Chamber 2,28-041661e256ff,26.562,T229,44C,off
12/18/2021 07:51:04,Chamber 2,28-041661e256ff,26.562,T229,44C,off
12/18/2021 07:51:23,Chamber 2,28-041661e256ff,26.562,T229,44C,off
12/18/2021 07:51:43,Chamber 2,28-041661e256ff,26.562,T229,44C,off
12/18/2021 07:52:03,Chamber 2,28-041661e256ff,26.562,T229,44C,off
12/18/2021 07:52:24,Chamber 2,28-041661e256ff,26.562,T229,44C,off
12/18/2021 07:52:43,Chamber 2,28-041661e256ff,26.562,T229,44C,off
12/18/2021 07:53:03,Chamber 2,28-041661e256ff,26.562,T229,44C,off
12/18/2021 07:53:23,Chamber 2,28-041661e256ff,26.562,T229,44C,off
12/18/2021 07:53:43,Chamber 2,28-041661e256ff,26.562,T229,44C,off
12/18/2021 07:54:04,Chamber 2,28-041661e256ff,26.562,T229,44C,off
12/18/2021 07:54:23,Chamber 2,28-041661e256ff,26.562,T229,44C,off
12/18/2021 07:54:43,Chamber 2,28-041661e256ff,26.562,T229,44C,off
12/18/2021 07:55:03,Chamber 2,28-041661e256ff,26.562,T229,44C,off
12/18/2021 07:55:23,Chamber 2,28-041661e256ff,26.562,T229,44C,off
12/18/2021 07:55:43,Chamber 2,28-041661e256ff,26.562,T229,44C,off
12/18/2021 07:56:03,Chamber 2,28-041661e256ff,26.562,T229,44C,off
12/18/2021 07:56:23,Chamber 2,28-041661e256ff,26.562,T229,44C,off
12/18/2021 07:56:44,Chamber 2,28-041661e256ff,26.562,T229,44C,off
12/18/2021 07:57:03,Chamber 2,28-041661e256ff,26.562,T229,44C,off
12/18/2021 07:57:23,Chamber 2,28-041661e256ff,26.562,T229,44C,off
12/18/2021 07:57:43,Chamber 2,28-041661e256ff,26.562,T229,44C,off
12/18/2021 07:58:03,Chamber 2,28-041661e256ff,26.562,T229,44C,off
12/18/2021 07:58:24,Chamber 2,28-041661e256ff,26.562,T229,44C,off
12/18/2021 07:58:43,Chamber 2,28-041661e256ff,26.562,T229,44C,off
12/18/2021 07:59:03,Chamber 2,28-041661e256ff,26.562,T229,44C,off
12/18/2021 07:59:23,Chamber 2,28-041661e256ff,26.562,T229,44C,off
12/18/2021 07:59:43,Chamber 2,28-041661e256ff,26.562,T229,44C,off
12/18/2021 08:00:03,Chamber 2,28-041661e256ff,26.562,T229,44C,off
12/18/2021 08:00:24,Chamber 2,28-041661e256ff,26.562,T229,44C,off
12/18/2021 08:00:43,Chamber 2,28-041661e256ff,26.562,T229,44C,off
12/18/2021 08:01:03,Chamber 2,28-041661e256ff,26.562,T229,44C,off
12/18/2021 08:01:23,Chamber 2,28-041661e256ff,26.562,T229,44C,off
12/18/2021 08:01:43,Chamber 2,28-041661e256ff,26.562,T229,44C,off
12/18/2021 08:02:03,Chamber 2,28-041661e256ff,26.562,T229,44C,off
12/18/2021 08:02:23,Chamber 2,28-041661e256ff,26.562,T229,44C,off
12/18/2021 08:02:43,Chamber 2,28-041661e256ff,26.562,T229,44C,off
12/18/2021 08:03:03,Chamber 2,28-041661e256ff,26.562,T229,44C,off
12/18/2021 08:03:23,Chamber 2,28-041661e256ff,26.562,T229,44C,off
12/18/2021 08:03:43,Chamber 2,28-041661e256ff,26.562,T229,44C,off
12/18/2021 08:04:03,Chamber 2,28-041661e256ff,26.562,T229,44C,off
12/18/2021 08:04:23,Chamber 2,28-041661e256ff,26.562,T229,44C,off
12/18/2021 08:04:43,Chamber 2,28-041661e256ff,26.562,T229,44C,off
12/18/2021 08:05:03,Chamber 2,28-041661e256ff,26.562,T229,44C,off
12/18/2021 08:05:23,Chamber 2,28-041661e256ff,26.562,T229,44C,off
12/18/2021 08:05:43,Chamber 2,28-041661e256ff,26.562,T229,44C,off
12/18/2021 08:06:03,Chamber 2,28-041661e256ff,26.562,T229,44C,off
12/18/2021 08:06:23,Chamber 2,28-041661e256ff,26.562,T229,44C,off
12/18/2021 08:06:43,Chamber 2,28-041661e256ff,26.562,T229,44C,off
12/18/2021 08:07:03,Chamber 2,28-041661e256ff,26.562,T229,44C,off
12/18/2021 08:07:23,Chamber 2,28-041661e256ff,26.562,T229,44C,off
12/18/2021 08:07:44,Chamber 2,28-041661e256ff,26.562,T229,44C,off
12/18/2021 08:08:03,Chamber 2,28-041661e256ff,26.562,T229,44C,off
12/18/2021 08:08:23,Chamber 2,28-041661e256ff,26.562,T229,44C,off
12/18/2021 08:08:43,Chamber 2,28-041661e256ff,26.562,T229,44C,off
12/18/2021 08:09:03,Chamber 2,28-041661e256ff,26.562,T229,44C,off
12/18/2021 08:09:23,Chamber 2,28-041661e256ff,26.562,T229,44C,off
12/18/2021 08:09:43,Chamber 2,28-041661e256ff,26.562,T229,44C,off
12/18/2021 08:10:04,Chamber 2,28-041661e256ff,26.562,T229,44C,off
12/18/2021 08:10:24,Chamber 2,28-041661e256ff,26.562,T229,44C,off
12/18/2021 08:10:43,Chamber 2,28-041661e256ff,26.562,T229,44C,off
12/18/2021 08:11:03,Chamber 2,28-041661e256ff,26.562,T229,44C,off
12/18/2021 08:11:23,Chamber 2,28-041661e256ff,26.562,T229,44C,off
12/18/2021 08:11:43,Chamber 2,28-041661e256ff,26.562,T229,44C,off
12/18/2021 08:12:03,Chamber 2,28-041661e256ff,26.562,T229,44C,off
12/18/2021 08:12:23,Chamber 2,28-041661e256ff,26.562,T229,44C,off
12/18/2021 08:12:43,Chamber 2,28-041661e256ff,26.562,T229,44C,off
12/18/2021 08:13:03,Chamber 2,28-041661e256ff,26.562,T229,44C,off
12/18/2021 08:13:24,Chamber 2,28-041661e256ff,26.562,T229,44C,off
12/18/2021 08:13:43,Chamber 2,28-041661e256ff,26.562,T229,44C,off
12/18/2021 08:14:03,Chamber 2,28-041661e256ff,26.562,T229,44C,off
12/18/2021 08:14:23,Chamber 2,28-041661e256ff,26.562,T229,44C,off
12/18/2021 08:14:44,Chamber 2,28-041661e256ff,26.562,T229,44C,off
12/18/2021 08:15:03,Chamber 2,28-041661e256ff,26.562,T229,44C,off
12/18/2021 08:15:23,Chamber 2,28-041661e256ff,26.562,T229,44C,off
12/18/2021 08:15:43,Chamber 2,28-041661e256ff,26.562,T229,44C,off
12/18/2021 08:16:03,Chamber 2,28-041661e256ff,26.562,T229,44C,off
12/18/2021 08:16:23,Chamber 2,28-041661e256ff,26.562,T229,44C,off
12/18/2021 08:16:43,Chamber 2,28-041661e256ff,26.562,T229,44C,off
12/18/2021 08:17:03,Chamber 2,28-041661e256ff,26.562,T229,44C,off
12/18/2021 08:17:24,Chamber 2,28-041661e256ff,26.562,T229,44C,off
12/18/2021 08:17:43,Chamber 2,28-041661e256ff,26.562,T229,44C,off
12/18/2021 08:18:03,Chamber 2,28-041661e256ff,26.562,T229,44C,off
12/18/2021 08:18:23,Chamber 2,28-041661e256ff,26.562,T229,44C,off
12/18/2021 08:18:45,Chamber 2,28-041661e256ff,26.562,T229,44C,off
12/18/2021 08:19:03,Chamber 2,28-041661e256ff,26.562,T229,44C,off
12/18/2021 08:19:23,Chamber 2,28-041661e256ff,26.562,T229,44C,off
12/18/2021 08:19:43,Chamber 2,28-041661e256ff,26.562,T229,44C,off
12/18/2021 08:20:03,Chamber 2,28-041661e256ff,26.562,T229,44C,off
12/18/2021 08:20:23,Chamber 2,28-041661e256ff,26.562,T229,44C,off
12/18/2021 08:20:43,Chamber 2,28-041661e256ff,26.562,T229,44C,off
12/18/2021 08:21:03,Chamber 2,28-041661e256ff,26.562,T229,44C,off
12/18/2021 08:21:23,Chamber 2,28-041661e256ff,26.562,T229,44C,off
12/18/2021 08:21:43,Chamber 2,28-041661e256ff,26.562,T229,44C,off
12/18/2021 08:22:03,Chamber 2,28-041661e256ff,26.562,T229,44C,off
12/18/2021 08:22:23,Chamber 2,28-041661e256ff,26.562,T229,44C,off
12/18/2021 08:22:44,Chamber 2,28-041661e256ff,26.562,T229,44C,off
12/18/2021 08:23:03,Chamber 2,28-041661e256ff,26.562,T229,44C,off
12/18/2021 08:23:23,Chamber 2,28-041661e256ff,26.562,T229,44C,off
12/18/2021 08:23:43,Chamber 2,28-041661e256ff,26.562,T229,44C,off
12/18/2021 08:24:03,Chamber 2,28-041661e256ff,26.562,T229,44C,off
12/18/2021 08:24:23,Chamber 2,28-041661e256ff,26.562,T229,44C,off
12/18/2021 08:24:43,Chamber 2,28-041661e256ff,26.562,T229,44C,off
12/18/2021 08:25:03,Chamber 2,28-041661e256ff,26.562,T229,44C,off
12/18/2021 08:25:23,Chamber 2,28-041661e256ff,26.562,T229,44C,off
12/18/2021 08:25:43,Chamber 2,28-041661e256ff,26.562,T229,44C,off
12/18/2021 08:26:03,Chamber 2,28-041661e256ff,26.562,T229,44C,off
12/18/2021 08:26:23,Chamber 2,28-041661e256ff,26.562,T229,44C,off
12/18/2021 08:26:43,Chamber 2,28-041661e256ff,26.562,T229,44C,off
12/18/2021 08:27:03,Chamber 2,28-041661e256ff,26.562,T229,44C,off
12/18/2021 08:27:23,Chamber 2,28-041661e256ff,26.562,T229,44C,off
12/18/2021 08:27:43,Chamber 2,28-041661e256ff,26.562,T229,44C,off
12/18/2021 08:28:03,Chamber 2,28-041661e256ff,26.562,T229,44C,off
12/18/2021 08:28:23,Chamber 2,28-041661e256ff,26.562,T229,44C,off
12/18/2021 08:28:43,Chamber 2,28-041661e256ff,26.562,T229,44C,off
12/18/2021 08:29:03,Chamber 2,28-041661e256ff,26.562,T229,44C,off
12/18/2021 08:29:23,Chamber 2,28-041661e256ff,26.562,T229,44C,off
12/18/2021 08:29:43,Chamber 2,28-041661e256ff,26.562,T229,44C,off
12/18/2021 08:30:03,Chamber 2,28-041661e256ff,26.562,T229,44C,off
12/18/2021 08:30:23,Chamber 2,28-041661e256ff,26.562,T229,44C,off
12/18/2021 08:30:43,Chamber 2,28-041661e256ff,26.562,T229,44C,off
12/18/2021 08:31:03,Chamber 2,28-041661e256ff,26.562,T229,44C,off
12/18/2021 08:31:23,Chamber 2,28-041661e256ff,26.562,T229,44C,off
12/18/2021 08:31:43,Chamber 2,28-041661e256ff,26.562,T229,44C,off
12/18/2021 08:32:03,Chamber 2,28-041661e256ff,26.562,T229,44C,off
12/18/2021 08:32:23,Chamber 2,28-041661e256ff,26.562,T229,44C,off
12/18/2021 08:32:43,Chamber 2,28-041661e256ff,26.5,T229,44C,off
12/18/2021 08:33:03,Chamber 2,28-041661e256ff,26.562,T229,44C,off
12/18/2021 08:33:23,Chamber 2,28-041661e256ff,26.562,T229,44C,off
12/18/2021 08:33:43,Chamber 2,28-041661e256ff,26.562,T229,44C,off
12/18/2021 08:34:03,Chamber 2,28-041661e256ff,26.562,T229,44C,off
12/18/2021 08:34:23,Chamber 2,28-041661e256ff,26.562,T229,44C,off
12/18/2021 08:34:43,Chamber 2,28-041661e256ff,26.562,T229,44C,off
12/18/2021 08:35:03,Chamber 2,28-041661e256ff,26.562,T229,44C,off
12/18/2021 08:35:23,Chamber 2,28-041661e256ff,26.562,T229,44C,off
12/18/2021 08:35:43,Chamber 2,28-041661e256ff,26.562,T229,44C,off
12/18/2021 08:36:03,Chamber 2,28-041661e256ff,26.562,T229,44C,off
12/18/2021 08:36:23,Chamber 2,28-041661e256ff,26.562,T229,44C,off
12/18/2021 08:36:43,Chamber 2,28-041661e256ff,26.562,T229,44C,off
12/18/2021 08:37:03,Chamber 2,28-041661e256ff,26.562,T229,44C,off
12/18/2021 08:37:23,Chamber 2,28-041661e256ff,26.562,T229,44C,off
12/18/2021 08:37:43,Chamber 2,28-041661e256ff,26.562,T229,44C,off
12/18/2021 08:38:03,Chamber 2,28-041661e256ff,26.5,T229,44C,off
12/18/2021 08:38:23,Chamber 2,28-041661e256ff,26.562,T229,44C,off
12/18/2021 08:38:43,Chamber 2,28-041661e256ff,26.562,T229,44C,off
12/18/2021 08:39:03,Chamber 2,28-041661e256ff,26.562,T229,44C,off
12/18/2021 08:39:23,Chamber 2,28-041661e256ff,26.562,T229,44C,off
12/18/2021 08:39:43,Chamber 2,28-041661e256ff,26.562,T229,44C,off
12/18/2021 08:40:03,Chamber 2,28-041661e256ff,26.562,T229,44C,off
12/18/2021 08:40:23,Chamber 2,28-041661e256ff,26.562,T229,44C,off
12/18/2021 08:40:43,Chamber 2,28-041661e256ff,26.5,T229,44C,off
12/18/2021 08:41:03,Chamber 2,28-041661e256ff,26.562,T229,44C,off
12/18/2021 08:41:23,Chamber 2,28-041661e256ff,26.562,T229,44C,off
12/18/2021 08:41:43,Chamber 2,28-041661e256ff,26.562,T229,44C,off
12/18/2021 08:42:03,Chamber 2,28-041661e256ff,26.562,T229,44C,off
12/18/2021 08:42:23,Chamber 2,28-041661e256ff,26.562,T229,44C,off
12/18/2021 08:42:43,Chamber 2,28-041661e256ff,26.562,T229,44C,off
12/18/2021 08:43:03,Chamber 2,28-041661e256ff,26.562,T229,44C,off
12/18/2021 08:43:23,Chamber 2,28-041661e256ff,26.562,T229,44C,off
12/18/2021 08:43:43,Chamber 2,28-041661e256ff,26.562,T229,44C,off
12/18/2021 08:44:04,Chamber 2,28-041661e256ff,26.562,T229,44C,off
12/18/2021 08:44:23,Chamber 2,28-041661e256ff,26.562,T229,44C,off
12/18/2021 08:44:43,Chamber 2,28-041661e256ff,26.562,T229,44C,off
12/18/2021 08:45:03,Chamber 2,28-041661e256ff,26.562,T229,44C,off
12/18/2021 08:45:23,Chamber 2,28-041661e256ff,26.562,T229,44C,off
12/18/2021 08:45:43,Chamber 2,28-041661e256ff,26.562,T229,44C,off
12/18/2021 08:46:04,Chamber 2,28-041661e256ff,26.562,T229,44C,off
12/18/2021 08:46:23,Chamber 2,28-041661e256ff,26.562,T229,44C,off
12/18/2021 08:46:43,Chamber 2,28-041661e256ff,26.562,T229,44C,off
12/18/2021 08:47:03,Chamber 2,28-041661e256ff,26.562,T229,44C,off
12/18/2021 08:47:23,Chamber 2,28-041661e256ff,26.562,T229,44C,off
12/18/2021 08:47:43,Chamber 2,28-041661e256ff,26.562,T229,44C,off
12/18/2021 08:48:03,Chamber 2,28-041661e256ff,26.562,T229,44C,off
12/18/2021 08:48:23,Chamber 2,28-041661e256ff,26.5,T229,44C,off
12/18/2021 08:48:43,Chamber 2,28-041661e256ff,26.562,T229,44C,off
12/18/2021 08:49:03,Chamber 2,28-041661e256ff,26.562,T229,44C,off
12/18/2021 08:49:24,Chamber 2,28-041661e256ff,26.562,T229,44C,off
12/18/2021 08:49:43,Chamber 2,28-041661e256ff,26.562,T229,44C,off
12/18/2021 08:50:03,Chamber 2,28-041661e256ff,26.562,T229,44C,off
12/18/2021 08:50:23,Chamber 2,28-041661e256ff,26.562,T229,44C,off
12/18/2021 08:50:43,Chamber 2,28-041661e256ff,26.562,T229,44C,off
12/18/2021 08:51:03,Chamber 2,28-041661e256ff,26.562,T229,44C,off
12/18/2021 08:51:23,Chamber 2,28-041661e256ff,26.562,T229,44C,off
12/18/2021 08:51:43,Chamber 2,28-041661e256ff,26.562,T229,44C,off
12/18/2021 08:52:04,Chamber 2,28-041661e256ff,26.562,T229,44C,off
12/18/2021 08:52:23,Chamber 2,28-041661e256ff,26.562,T229,44C,off
12/18/2021 08:52:43,Chamber 2,28-041661e256ff,26.562,T229,44C,off
12/18/2021 08:53:03,Chamber 2,28-041661e256ff,26.562,T229,44C,off
12/18/2021 08:53:23,Chamber 2,28-041661e256ff,26.562,T229,44C,off
12/18/2021 08:53:43,Chamber 2,28-041661e256ff,26.562,T229,44C,off
12/18/2021 08:54:03,Chamber 2,28-041661e256ff,26.562,T229,44C,off
12/18/2021 08:54:23,Chamber 2,28-041661e256ff,26.562,T229,44C,off
12/18/2021 08:54:43,Chamber 2,28-041661e256ff,26.562,T229,44C,off
12/18/2021 08:55:03,Chamber 2,28-041661e256ff,26.5,T229,44C,off
12/18/2021 08:55:23,Chamber 2,28-041661e256ff,26.5,T229,44C,off
12/18/2021 08:55:43,Chamber 2,28-041661e256ff,26.562,T229,44C,off
12/18/2021 08:56:03,Chamber 2,28-041661e256ff,26.562,T229,44C,off
12/18/2021 08:56:23,Chamber 2,28-041661e256ff,26.5,T229,44C,off
12/18/2021 08:56:43,Chamber 2,28-041661e256ff,26.5,T229,44C,off
12/18/2021 08:57:03,Chamber 2,28-041661e256ff,26.562,T229,44C,off
12/18/2021 08:57:23,Chamber 2,28-041661e256ff,26.5,T229,44C,off
12/18/2021 08:57:43,Chamber 2,28-041661e256ff,26.5,T229,44C,off
12/18/2021 08:58:03,Chamber 2,28-041661e256ff,26.5,T229,44C,off
12/18/2021 08:58:23,Chamber 2,28-041661e256ff,26.562,T229,44C,off
12/18/2021 08:58:43,Chamber 2,28-041661e256ff,26.5,T229,44C,off
12/18/2021 08:59:03,Chamber 2,28-041661e256ff,26.5,T229,44C,off
12/18/2021 08:59:23,Chamber 2,28-041661e256ff,26.562,T229,44C,off
12/18/2021 08:59:43,Chamber 2,28-041661e256ff,26.5,T229,44C,off
12/18/2021 09:00:03,Chamber 2,28-041661e256ff,26.562,T229,44C,off
12/18/2021 09:00:23,Chamber 2,28-041661e256ff,26.562,T229,44C,off
12/18/2021 09:00:43,Chamber 2,28-041661e256ff,26.562,T229,44C,off
12/18/2021 09:01:03,Chamber 2,28-041661e256ff,26.562,T229,44C,off
12/18/2021 09:01:23,Chamber 2,28-041661e256ff,26.562,T229,44C,off
12/18/2021 09:01:43,Chamber 2,28-041661e256ff,26.562,T229,44C,off
12/18/2021 09:02:03,Chamber 2,28-041661e256ff,26.5,T229,44C,off
12/18/2021 09:02:23,Chamber 2,28-041661e256ff,26.562,T229,44C,off
12/18/2021 09:02:43,Chamber 2,28-041661e256ff,26.562,T229,44C,off
12/18/2021 09:03:04,Chamber 2,28-041661e256ff,26.562,T229,44C,off
12/18/2021 09:03:23,Chamber 2,28-041661e256ff,26.562,T229,44C,off
12/18/2021 09:03:43,Chamber 2,28-041661e256ff,26.562,T229,44C,off
12/18/2021 09:04:03,Chamber 2,28-041661e256ff,26.5,T229,44C,off
12/18/2021 09:04:23,Chamber 2,28-041661e256ff,26.5,T229,44C,off
12/18/2021 09:04:43,Chamber 2,28-041661e256ff,26.5,T229,44C,off
12/18/2021 09:05:03,Chamber 2,28-041661e256ff,26.562,T229,44C,off
12/18/2021 09:05:23,Chamber 2,28-041661e256ff,26.5,T229,44C,off
12/18/2021 09:05:43,Chamber 2,28-041661e256ff,26.5,T229,44C,off
12/18/2021 09:06:03,Chamber 2,28-041661e256ff,26.5,T229,44C,off
12/18/2021 09:06:23,Chamber 2,28-041661e256ff,26.562,T229,44C,off
12/18/2021 09:06:43,Chamber 2,28-041661e256ff,26.562,T229,44C,off
12/18/2021 09:07:03,Chamber 2,28-041661e256ff,26.562,T229,44C,off
12/18/2021 09:07:23,Chamber 2,28-041661e256ff,26.562,T229,44C,off
12/18/2021 09:07:43,Chamber 2,28-041661e256ff,26.562,T229,44C,off
12/18/2021 09:08:03,Chamber 2,28-041661e256ff,26.562,T229,44C,off
12/18/2021 09:08:23,Chamber 2,28-041661e256ff,26.5,T229,44C,off
12/18/2021 09:08:43,Chamber 2,28-041661e256ff,26.5,T229,44C,off
12/18/2021 09:09:03,Chamber 2,28-041661e256ff,26.5,T229,44C,off
12/18/2021 09:09:23,Chamber 2,28-041661e256ff,26.5,T229,44C,off
12/18/2021 09:09:43,Chamber 2,28-041661e256ff,26.562,T229,44C,off
12/18/2021 09:10:03,Chamber 2,28-041661e256ff,26.562,T229,44C,off
12/18/2021 09:10:23,Chamber 2,28-041661e256ff,26.5,T229,44C,off
12/18/2021 09:10:43,Chamber 2,28-041661e256ff,26.5,T229,44C,off
12/18/2021 09:11:03,Chamber 2,28-041661e256ff,26.562,T229,44C,off
12/18/2021 09:11:23,Chamber 2,28-041661e256ff,26.5,T229,44C,off
12/18/2021 09:11:43,Chamber 2,28-041661e256ff,26.562,T229,44C,off
12/18/2021 09:12:03,Chamber 2,28-041661e256ff,26.5,T229,44C,off
12/18/2021 09:12:23,Chamber 2,28-041661e256ff,26.562,T229,44C,off
12/18/2021 09:12:43,Chamber 2,28-041661e256ff,26.562,T229,44C,off
12/18/2021 09:13:03,Chamber 2,28-041661e256ff,26.562,T229,44C,off
12/18/2021 09:13:23,Chamber 2,28-041661e256ff,26.562,T229,44C,off
12/18/2021 09:13:44,Chamber 2,28-041661e256ff,26.562,T229,44C,off
12/18/2021 09:14:03,Chamber 2,28-041661e256ff,26.562,T229,44C,off
12/18/2021 09:14:23,Chamber 2,28-041661e256ff,26.562,T229,44C,off
12/18/2021 09:14:43,Chamber 2,28-041661e256ff,26.562,T229,44C,off
12/18/2021 09:15:03,Chamber 2,28-041661e256ff,26.562,T229,44C,off
12/18/2021 09:15:23,Chamber 2,28-041661e256ff,26.562,T229,44C,off
12/18/2021 09:15:43,Chamber 2,28-041661e256ff,26.5,T229,44C,off
12/18/2021 09:16:03,Chamber 2,28-041661e256ff,26.5,T229,44C,off
12/18/2021 09:16:23,Chamber 2,28-041661e256ff,26.5,T229,44C,off
12/18/2021 09:16:43,Chamber 2,28-041661e256ff,26.562,T229,44C,off
12/18/2021 09:17:03,Chamber 2,28-041661e256ff,26.562,T229,44C,off
12/18/2021 09:17:23,Chamber 2,28-041661e256ff,26.5,T229,44C,off
12/18/2021 09:17:43,Chamber 2,28-041661e256ff,26.5,T229,44C,off
12/18/2021 09:18:04,Chamber 2,28-041661e256ff,26.562,T229,44C,off
12/18/2021 09:18:23,Chamber 2,28-041661e256ff,26.562,T229,44C,off
12/18/2021 09:18:43,Chamber 2,28-041661e256ff,26.562,T229,44C,off
12/18/2021 09:19:03,Chamber 2,28-041661e256ff,26.5,T229,44C,off
12/18/2021 09:19:23,Chamber 2,28-041661e256ff,26.562,T229,44C,off
12/18/2021 09:19:43,Chamber 2,28-041661e256ff,26.562,T229,44C,off
12/18/2021 09:20:03,Chamber 2,28-041661e256ff,26.5,T229,44C,off
12/18/2021 09:20:24,Chamber 2,28-041661e256ff,26.562,T229,44C,off
12/18/2021 09:20:43,Chamber 2,28-041661e256ff,26.562,T229,44C,off
12/18/2021 09:21:03,Chamber 2,28-041661e256ff,26.562,T229,44C,off
12/18/2021 09:21:23,Chamber 2,28-041661e256ff,26.562,T229,44C,off
12/18/2021 09:21:43,Chamber 2,28-041661e256ff,26.5,T229,44C,off
12/18/2021 09:22:04,Chamber 2,28-041661e256ff,26.562,T229,44C,off
12/18/2021 09:22:23,Chamber 2,28-041661e256ff,26.5,T229,44C,off
12/18/2021 09:22:43,Chamber 2,28-041661e256ff,26.5,T229,44C,off
12/18/2021 09:23:03,Chamber 2,28-041661e256ff,26.562,T229,44C,off
12/18/2021 09:23:24,Chamber 2,28-041661e256ff,26.562,T229,44C,off
12/18/2021 09:23:43,Chamber 2,28-041661e256ff,26.562,T229,44C,off
12/18/2021 09:24:04,Chamber 2,28-041661e256ff,26.562,T229,44C,off
12/18/2021 09:24:23,Chamber 2,28-041661e256ff,26.562,T229,44C,off
12/18/2021 09:24:43,Chamber 2,28-041661e256ff,26.562,T229,44C,off
12/18/2021 09:25:03,Chamber 2,28-041661e256ff,26.562,T229,44C,off
12/18/2021 09:25:23,Chamber 2,28-041661e256ff,26.562,T229,44C,off
12/18/2021 09:25:43,Chamber 2,28-041661e256ff,26.562,T229,44C,off
12/18/2021 09:26:03,Chamber 2,28-041661e256ff,26.562,T229,44C,off
12/18/2021 09:26:23,Chamber 2,28-041661e256ff,26.562,T229,44C,off
12/18/2021 09:26:43,Chamber 2,28-041661e256ff,26.5,T229,44C,off
12/18/2021 09:27:04,Chamber 2,28-041661e256ff,26.562,T229,44C,off
12/18/2021 09:27:23,Chamber 2,28-041661e256ff,26.562,T229,44C,off
12/18/2021 09:27:43,Chamber 2,28-041661e256ff,26.562,T229,44C,off
12/18/2021 09:28:03,Chamber 2,28-041661e256ff,26.562,T229,44C,off
12/18/2021 09:28:23,Chamber 2,28-041661e256ff,26.562,T229,44C,off
12/18/2021 09:28:43,Chamber 2,28-041661e256ff,26.562,T229,44C,off
12/18/2021 09:29:03,Chamber 2,28-041661e256ff,26.562,T229,44C,off
12/18/2021 09:29:24,Chamber 2,28-041661e256ff,26.562,T229,44C,off
12/18/2021 09:29:43,Chamber 2,28-041661e256ff,26.5,T229,44C,off
12/18/2021 09:30:03,Chamber 2,28-041661e256ff,26.562,T229,44C,off
12/18/2021 09:30:23,Chamber 2,28-041661e256ff,26.5,T229,44C,off
12/18/2021 09:30:43,Chamber 2,28-041661e256ff,26.562,T229,44C,off
12/18/2021 09:31:04,Chamber 2,28-041661e256ff,26.562,T229,44C,off
12/18/2021 09:31:23,Chamber 2,28-041661e256ff,26.562,T229,44C,off
12/18/2021 09:31:43,Chamber 2,28-041661e256ff,26.562,T229,44C,off
12/18/2021 09:32:03,Chamber 2,28-041661e256ff,26.5,T229,44C,off
12/18/2021 09:32:23,Chamber 2,28-041661e256ff,26.562,T229,44C,off
12/18/2021 09:32:43,Chamber 2,28-041661e256ff,26.562,T229,44C,off
12/18/2021 09:33:03,Chamber 2,28-041661e256ff,26.562,T229,44C,off
12/18/2021 09:33:23,Chamber 2,28-041661e256ff,26.562,T229,44C,off
12/18/2021 09:33:43,Chamber 2,28-041661e256ff,26.5,T229,44C,off
12/18/2021 09:34:03,Chamber 2,28-041661e256ff,26.562,T229,44C,off
12/18/2021 09:34:23,Chamber 2,28-041661e256ff,26.562,T229,44C,off
12/18/2021 09:34:43,Chamber 2,28-041661e256ff,26.562,T229,44C,off
12/18/2021 09:35:03,Chamber 2,28-041661e256ff,26.562,T229,44C,off
12/18/2021 09:35:23,Chamber 2,28-041661e256ff,26.562,T229,44C,off
12/18/2021 09:35:43,Chamber 2,28-041661e256ff,26.562,T229,44C,off
12/18/2021 09:36:03,Chamber 2,28-041661e256ff,26.562,T229,44C,off
12/18/2021 09:36:23,Chamber 2,28-041661e256ff,26.562,T229,44C,off
12/18/2021 09:36:43,Chamber 2,28-041661e256ff,26.562,T229,44C,off
12/18/2021 09:37:03,Chamber 2,28-041661e256ff,26.562,T229,44C,off
12/18/2021 09:37:23,Chamber 2,28-041661e256ff,26.562,T229,44C,off
12/18/2021 09:37:43,Chamber 2,28-041661e256ff,26.5,T229,44C,off
12/18/2021 09:38:03,Chamber 2,28-041661e256ff,26.562,T229,44C,off
12/18/2021 09:38:23,Chamber 2,28-041661e256ff,26.562,T229,44C,off
12/18/2021 09:38:43,Chamber 2,28-041661e256ff,26.562,T229,44C,off
12/18/2021 09:39:03,Chamber 2,28-041661e256ff,26.562,T229,44C,off
12/18/2021 09:39:23,Chamber 2,28-041661e256ff,26.5,T229,44C,off
12/18/2021 09:39:43,Chamber 2,28-041661e256ff,26.562,T229,44C,off
12/18/2021 09:40:03,Chamber 2,28-041661e256ff,26.562,T229,44C,off
12/18/2021 09:40:23,Chamber 2,28-041661e256ff,26.5,T229,44C,off
12/18/2021 09:40:43,Chamber 2,28-041661e256ff,26.562,T229,44C,off
12/18/2021 09:41:03,Chamber 2,28-041661e256ff,26.562,T229,44C,off
12/18/2021 09:41:23,Chamber 2,28-041661e256ff,26.5,T229,44C,off
12/18/2021 09:41:43,Chamber 2,28-041661e256ff,26.5,T229,44C,off
12/18/2021 09:42:03,Chamber 2,28-041661e256ff,26.562,T229,44C,off
12/18/2021 09:42:23,Chamber 2,28-041661e256ff,26.562,T229,44C,off
12/18/2021 09:42:43,Chamber 2,28-041661e256ff,26.562,T229,44C,off
12/18/2021 09:43:03,Chamber 2,28-041661e256ff,26.562,T229,44C,off
12/18/2021 09:43:23,Chamber 2,28-041661e256ff,26.562,T229,44C,off
12/18/2021 09:43:43,Chamber 2,28-041661e256ff,26.5,T229,44C,off
12/18/2021 09:44:03,Chamber 2,28-041661e256ff,26.562,T229,44C,off
12/18/2021 09:44:23,Chamber 2,28-041661e256ff,26.5,T229,44C,off
12/18/2021 09:44:43,Chamber 2,28-041661e256ff,26.5,T229,44C,off
12/18/2021 09:45:03,Chamber 2,28-041661e256ff,26.5,T229,44C,off
12/18/2021 09:45:23,Chamber 2,28-041661e256ff,26.562,T229,44C,off
12/18/2021 09:45:43,Chamber 2,28-041661e256ff,26.5,T229,44C,off
12/18/2021 09:46:03,Chamber 2,28-041661e256ff,26.562,T229,44C,off
12/18/2021 09:46:23,Chamber 2,28-041661e256ff,26.562,T229,44C,off
12/18/2021 09:46:43,Chamber 2,28-041661e256ff,26.5,T229,44C,off
12/18/2021 09:47:03,Chamber 2,28-041661e256ff,26.5,T229,44C,off
12/18/2021 09:47:23,Chamber 2,28-041661e256ff,26.562,T229,44C,off
12/18/2021 09:47:43,Chamber 2,28-041661e256ff,26.5,T229,44C,off
12/18/2021 09:48:03,Chamber 2,28-041661e256ff,26.5,T229,44C,off
12/18/2021 09:48:23,Chamber 2,28-041661e256ff,26.5,T229,44C,off
12/18/2021 09:48:43,Chamber 2,28-041661e256ff,26.5,T229,44C,off
12/18/2021 09:49:03,Chamber 2,28-041661e256ff,26.5,T229,44C,off
12/18/2021 09:49:23,Chamber 2,28-041661e256ff,26.5,T229,44C,off
12/18/2021 09:49:43,Chamber 2,28-041661e256ff,26.5,T229,44C,off
12/18/2021 09:50:03,Chamber 2,28-041661e256ff,26.5,T229,44C,off
12/18/2021 09:50:24,Chamber 2,28-041661e256ff,26.5,T229,44C,off
12/18/2021 09:50:43,Chamber 2,28-041661e256ff,26.5,T229,44C,off
12/18/2021 09:51:03,Chamber 2,28-041661e256ff,26.5,T229,44C,off
12/18/2021 09:51:23,Chamber 2,28-041661e256ff,26.562,T229,44C,off
12/18/2021 09:51:43,Chamber 2,28-041661e256ff,26.562,T229,44C,off
12/18/2021 09:52:03,Chamber 2,28-041661e256ff,26.562,T229,44C,off
12/18/2021 09:52:23,Chamber 2,28-041661e256ff,26.5,T229,44C,off
12/18/2021 09:52:43,Chamber 2,28-041661e256ff,26.5,T229,44C,off
12/18/2021 09:53:03,Chamber 2,28-041661e256ff,26.5,T229,44C,off
12/18/2021 09:53:23,Chamber 2,28-041661e256ff,26.5,T229,44C,off
12/18/2021 09:53:43,Chamber 2,28-041661e256ff,26.5,T229,44C,off
12/18/2021 09:54:03,Chamber 2,28-041661e256ff,26.5,T229,44C,off
12/18/2021 09:54:23,Chamber 2,28-041661e256ff,26.5,T229,44C,off
12/18/2021 09:54:43,Chamber 2,28-041661e256ff,26.5,T229,44C,off
12/18/2021 09:55:03,Chamber 2,28-041661e256ff,26.562,T229,44C,off
12/18/2021 09:55:23,Chamber 2,28-041661e256ff,26.5,T229,44C,off
12/18/2021 09:55:43,Chamber 2,28-041661e256ff,26.5,T229,44C,off
12/18/2021 09:56:03,Chamber 2,28-041661e256ff,26.5,T229,44C,off
12/18/2021 09:56:23,Chamber 2,28-041661e256ff,26.5,T229,44C,off
12/18/2021 09:56:43,Chamber 2,28-041661e256ff,26.5,T229,44C,off
12/18/2021 09:57:03,Chamber 2,28-041661e256ff,26.5,T229,44C,off
12/18/2021 09:57:23,Chamber 2,28-041661e256ff,26.562,T229,44C,off
12/18/2021 09:57:43,Chamber 2,28-041661e256ff,26.5,T229,44C,off
12/18/2021 09:58:03,Chamber 2,28-041661e256ff,26.562,T229,44C,off
12/18/2021 09:58:23,Chamber 2,28-041661e256ff,26.5,T229,44C,off
12/18/2021 09:58:44,Chamber 2,28-041661e256ff,26.562,T229,44C,off
12/18/2021 09:59:03,Chamber 2,28-041661e256ff,26.562,T229,44C,off
12/18/2021 09:59:23,Chamber 2,28-041661e256ff,26.5,T229,44C,off
12/18/2021 09:59:43,Chamber 2,28-041661e256ff,26.5,T229,44C,off
12/18/2021 10:00:03,Chamber 2,28-041661e256ff,26.5,T229,44C,off
12/18/2021 10:00:23,Chamber 2,28-041661e256ff,26.562,T229,44C,off
12/18/2021 10:00:43,Chamber 2,28-041661e256ff,26.5,T229,44C,off
12/18/2021 10:01:04,Chamber 2,28-041661e256ff,26.562,T229,44C,off
12/18/2021 10:01:23,Chamber 2,28-041661e256ff,26.562,T229,44C,off
12/18/2021 10:01:43,Chamber 2,28-041661e256ff,26.562,T229,44C,off
12/18/2021 10:02:03,Chamber 2,28-041661e256ff,26.562,T229,44C,off
12/18/2021 10:02:24,Chamber 2,28-041661e256ff,26.562,T229,44C,off
12/18/2021 10:02:43,Chamber 2,28-041661e256ff,26.562,T229,44C,off
12/18/2021 10:03:03,Chamber 2,28-041661e256ff,26.562,T229,44C,off
12/18/2021 10:03:23,Chamber 2,28-041661e256ff,26.5,T229,44C,off
12/18/2021 10:03:43,Chamber 2,28-041661e256ff,26.5,T229,44C,off
12/18/2021 10:04:03,Chamber 2,28-041661e256ff,26.5,T229,44C,off
12/18/2021 10:04:25,Chamber 2,28-041661e256ff,26.562,T229,44C,off
12/18/2021 10:04:45,Chamber 2,28-041661e256ff,26.562,T229,44C,off
12/18/2021 10:05:03,Chamber 2,28-041661e256ff,26.562,T229,44C,off
12/18/2021 10:05:23,Chamber 2,28-041661e256ff,26.562,T229,44C,off
12/18/2021 10:05:43,Chamber 2,28-041661e256ff,26.562,T229,44C,off
12/18/2021 10:06:03,Chamber 2,28-041661e256ff,26.562,T229,44C,off
12/18/2021 10:06:23,Chamber 2,28-041661e256ff,26.5,T229,44C,off
12/18/2021 10:06:43,Chamber 2,28-041661e256ff,26.5,T229,44C,off
12/18/2021 10:07:03,Chamber 2,28-041661e256ff,26.562,T229,44C,off
12/18/2021 10:07:23,Chamber 2,28-041661e256ff,26.562,T229,44C,off
12/18/2021 10:07:43,Chamber 2,28-041661e256ff,26.5,T229,44C,off
12/18/2021 10:08:03,Chamber 2,28-041661e256ff,26.562,T229,44C,off
12/18/2021 10:08:23,Chamber 2,28-041661e256ff,26.5,T229,44C,off
12/18/2021 10:08:43,Chamber 2,28-041661e256ff,26.5,T229,44C,off
12/18/2021 10:09:03,Chamber 2,28-041661e256ff,26.5,T229,44C,off
12/18/2021 10:09:23,Chamber 2,28-041661e256ff,26.562,T229,44C,off
12/18/2021 10:09:47,Chamber 2,28-041661e256ff,26.562,T229,44C,off
12/18/2021 10:10:05,Chamber 2,28-041661e256ff,26.5,T229,44C,off
12/18/2021 10:10:23,Chamber 2,28-041661e256ff,26.562,T229,44C,off
12/18/2021 10:10:43,Chamber 2,28-041661e256ff,26.562,T229,44C,off
12/18/2021 10:11:03,Chamber 2,28-041661e256ff,26.562,T229,44C,off
12/18/2021 10:11:23,Chamber 2,28-041661e256ff,26.562,T229,44C,off
12/18/2021 10:11:43,Chamber 2,28-041661e256ff,26.5,T229,44C,off
12/18/2021 10:12:03,Chamber 2,28-041661e256ff,26.5,T229,44C,off
12/18/2021 10:12:23,Chamber 2,28-041661e256ff,26.5,T229,44C,off
12/18/2021 10:12:43,Chamber 2,28-041661e256ff,26.5,T229,44C,off
12/18/2021 10:13:03,Chamber 2,28-041661e256ff,26.562,T229,44C,off
12/18/2021 10:13:23,Chamber 2,28-041661e256ff,26.562,T229,44C,off
12/18/2021 10:13:43,Chamber 2,28-041661e256ff,26.5,T229,44C,off
12/18/2021 10:14:03,Chamber 2,28-041661e256ff,26.5,T229,44C,off
12/18/2021 10:14:23,Chamber 2,28-041661e256ff,26.5,T229,44C,off
12/18/2021 10:14:43,Chamber 2,28-041661e256ff,26.5,T229,44C,off
12/18/2021 10:15:03,Chamber 2,28-041661e256ff,26.5,T229,44C,off
12/18/2021 10:15:23,Chamber 2,28-041661e256ff,26.5,T229,44C,off
12/18/2021 10:15:43,Chamber 2,28-041661e256ff,26.5,T229,44C,off
12/18/2021 10:16:03,Chamber 2,28-041661e256ff,26.5,T229,44C,off
12/18/2021 10:16:23,Chamber 2,28-041661e256ff,26.5,T229,44C,off
12/18/2021 10:16:43,Chamber 2,28-041661e256ff,26.5,T229,44C,off
12/18/2021 10:17:03,Chamber 2,28-041661e256ff,26.562,T229,44C,off
12/18/2021 10:17:23,Chamber 2,28-041661e256ff,26.5,T229,44C,off
12/18/2021 10:17:43,Chamber 2,28-041661e256ff,26.5,T229,44C,off
12/18/2021 10:18:03,Chamber 2,28-041661e256ff,26.5,T229,44C,off
12/18/2021 10:18:23,Chamber 2,28-041661e256ff,26.5,T229,44C,off
12/18/2021 10:18:43,Chamber 2,28-041661e256ff,26.5,T229,44C,off
12/18/2021 10:19:03,Chamber 2,28-041661e256ff,26.5,T229,44C,off
12/18/2021 10:19:23,Chamber 2,28-041661e256ff,26.5,T229,44C,off
12/18/2021 10:19:43,Chamber 2,28-041661e256ff,26.5,T229,44C,off
12/18/2021 10:20:03,Chamber 2,28-041661e256ff,26.5,T229,44C,off
12/18/2021 10:20:23,Chamber 2,28-041661e256ff,26.5,T229,44C,off
12/18/2021 10:20:43,Chamber 2,28-041661e256ff,26.5,T229,44C,off
12/18/2021 10:21:03,Chamber 2,28-041661e256ff,26.5,T229,44C,off
12/18/2021 10:21:23,Chamber 2,28-041661e256ff,26.5,T229,44C,off
12/18/2021 10:21:43,Chamber 2,28-041661e256ff,26.5,T229,44C,off
12/18/2021 10:22:03,Chamber 2,28-041661e256ff,26.5,T229,44C,off
12/18/2021 10:22:23,Chamber 2,28-041661e256ff,26.5,T229,44C,off
12/18/2021 10:22:43,Chamber 2,28-041661e256ff,26.5,T229,44C,off
12/18/2021 10:23:03,Chamber 2,28-041661e256ff,26.5,T229,44C,off
12/18/2021 10:23:23,Chamber 2,28-041661e256ff,26.5,T229,44C,off
12/18/2021 10:23:43,Chamber 2,28-041661e256ff,26.5,T229,44C,off
12/18/2021 10:24:03,Chamber 2,28-041661e256ff,26.5,T229,44C,off
12/18/2021 10:24:23,Chamber 2,28-041661e256ff,26.5,T229,44C,off
12/18/2021 10:24:43,Chamber 2,28-041661e256ff,26.5,T229,44C,off
12/18/2021 10:25:03,Chamber 2,28-041661e256ff,26.5,T229,44C,off
12/18/2021 10:25:23,Chamber 2,28-041661e256ff,26.5,T229,44C,off
12/18/2021 10:25:43,Chamber 2,28-041661e256ff,26.5,T229,44C,off
12/18/2021 10:26:03,Chamber 2,28-041661e256ff,26.5,T229,44C,off
12/18/2021 10:26:23,Chamber 2,28-041661e256ff,26.5,T229,44C,off
12/18/2021 10:26:43,Chamber 2,28-041661e256ff,26.5,T229,44C,off
12/18/2021 10:27:03,Chamber 2,28-041661e256ff,26.5,T229,44C,off
12/18/2021 10:27:23,Chamber 2,28-041661e256ff,26.5,T229,44C,off
12/18/2021 10:27:43,Chamber 2,28-041661e256ff,26.5,T229,44C,off
12/18/2021 10:28:03,Chamber 2,28-041661e256ff,26.5,T229,44C,off
12/18/2021 10:28:23,Chamber 2,28-041661e256ff,26.5,T229,44C,off
12/18/2021 10:28:44,Chamber 2,28-041661e256ff,26.5,T229,44C,off
12/18/2021 10:29:03,Chamber 2,28-041661e256ff,26.5,T229,44C,off
12/18/2021 10:29:23,Chamber 2,28-041661e256ff,26.5,T229,44C,off
12/18/2021 10:29:44,Chamber 2,28-041661e256ff,26.562,T229,44C,off
12/18/2021 10:30:03,Chamber 2,28-041661e256ff,26.5,T229,44C,off
12/18/2021 10:30:23,Chamber 2,28-041661e256ff,26.5,T229,44C,off
12/18/2021 10:30:43,Chamber 2,28-041661e256ff,26.5,T229,44C,off
12/18/2021 10:31:03,Chamber 2,28-041661e256ff,26.5,T229,44C,off
12/18/2021 10:31:23,Chamber 2,28-041661e256ff,26.5,T229,44C,off
12/18/2021 10:31:43,Chamber 2,28-041661e256ff,26.5,T229,44C,off
12/18/2021 10:32:03,Chamber 2,28-041661e256ff,26.5,T229,44C,off
12/18/2021 10:32:23,Chamber 2,28-041661e256ff,26.5,T229,44C,off
12/18/2021 10:32:43,Chamber 2,28-041661e256ff,26.5,T229,44C,off
12/18/2021 10:33:03,Chamber 2,28-041661e256ff,26.5,T229,44C,off
12/18/2021 10:33:23,Chamber 2,28-041661e256ff,26.562,T229,44C,off
12/18/2021 10:33:44,Chamber 2,28-041661e256ff,26.562,T229,44C,off
12/18/2021 10:34:03,Chamber 2,28-041661e256ff,26.5,T229,44C,off
12/18/2021 10:34:24,Chamber 2,28-041661e256ff,26.562,T229,44C,off
12/18/2021 10:34:43,Chamber 2,28-041661e256ff,26.5,T229,44C,off
12/18/2021 10:35:03,Chamber 2,28-041661e256ff,26.562,T229,44C,off
12/18/2021 10:35:23,Chamber 2,28-041661e256ff,26.5,T229,44C,off
12/18/2021 10:35:43,Chamber 2,28-041661e256ff,26.5,T229,44C,off
12/18/2021 10:36:03,Chamber 2,28-041661e256ff,26.5,T229,44C,off
12/18/2021 10:36:24,Chamber 2,28-041661e256ff,26.5,T229,44C,off
12/18/2021 10:36:43,Chamber 2,28-041661e256ff,26.5,T229,44C,off
12/18/2021 10:37:03,Chamber 2,28-041661e256ff,26.5,T229,44C,off
12/18/2021 10:37:23,Chamber 2,28-041661e256ff,26.5,T229,44C,off
12/18/2021 10:37:44,Chamber 2,28-041661e256ff,26.5,T229,44C,off
12/18/2021 10:38:03,Chamber 2,28-041661e256ff,26.5,T229,44C,off
12/18/2021 10:38:23,Chamber 2,28-041661e256ff,26.5,T229,44C,off
12/18/2021 10:38:43,Chamber 2,28-041661e256ff,26.5,T229,44C,off
12/18/2021 10:39:03,Chamber 2,28-041661e256ff,26.5,T229,44C,off
12/18/2021 10:39:23,Chamber 2,28-041661e256ff,26.5,T229,44C,off
12/18/2021 10:39:43,Chamber 2,28-041661e256ff,26.5,T229,44C,off
12/18/2021 10:40:03,Chamber 2,28-041661e256ff,26.5,T229,44C,off
12/18/2021 10:40:23,Chamber 2,28-041661e256ff,26.5,T229,44C,off
12/18/2021 10:40:43,Chamber 2,28-041661e256ff,26.5,T229,44C,off
12/18/2021 10:41:03,Chamber 2,28-041661e256ff,26.5,T229,44C,off
12/18/2021 10:41:24,Chamber 2,28-041661e256ff,26.5,T229,44C,off
12/18/2021 10:41:43,Chamber 2,28-041661e256ff,26.5,T229,44C,off
12/18/2021 10:42:03,Chamber 2,28-041661e256ff,26.5,T229,44C,off
12/18/2021 10:42:23,Chamber 2,28-041661e256ff,26.5,T229,44C,off
12/18/2021 10:42:43,Chamber 2,28-041661e256ff,26.5,T229,44C,off
12/18/2021 10:43:04,Chamber 2,28-041661e256ff,26.562,T229,44C,off
12/18/2021 10:43:23,Chamber 2,28-041661e256ff,26.5,T229,44C,off
12/18/2021 10:43:43,Chamber 2,28-041661e256ff,26.5,T229,44C,off
12/18/2021 10:44:03,Chamber 2,28-041661e256ff,26.5,T229,44C,off
12/18/2021 10:44:24,Chamber 2,28-041661e256ff,26.562,T229,44C,off
12/18/2021 10:44:43,Chamber 2,28-041661e256ff,26.5,T229,44C,off
12/18/2021 10:45:03,Chamber 2,28-041661e256ff,26.5,T229,44C,off
12/18/2021 10:45:24,Chamber 2,28-041661e256ff,26.562,T229,44C,off
12/18/2021 10:45:43,Chamber 2,28-041661e256ff,26.562,T229,44C,off
12/18/2021 10:46:03,Chamber 2,28-041661e256ff,26.562,T229,44C,off
12/18/2021 10:46:24,Chamber 2,28-041661e256ff,26.562,T229,44C,off
12/18/2021 10:46:45,Chamber 2,28-041661e256ff,26.562,T229,44C,off
12/18/2021 10:47:05,Chamber 2,28-041661e256ff,26.562,T229,44C,off
12/18/2021 10:47:23,Chamber 2,28-041661e256ff,26.562,T229,44C,off
12/18/2021 10:47:43,Chamber 2,28-041661e256ff,26.5,T229,44C,off
12/18/2021 10:48:03,Chamber 2,28-041661e256ff,26.562,T229,44C,off
12/18/2021 10:48:23,Chamber 2,28-041661e256ff,26.562,T229,44C,off
12/18/2021 10:48:43,Chamber 2,28-041661e256ff,26.562,T229,44C,off
12/18/2021 10:49:05,Chamber 2,28-041661e256ff,26.562,T229,44C,off
12/18/2021 10:49:23,Chamber 2,28-041661e256ff,26.562,T229,44C,off
12/18/2021 10:49:43,Chamber 2,28-041661e256ff,26.5,T229,44C,off
12/18/2021 10:50:03,Chamber 2,28-041661e256ff,26.562,T229,44C,off
12/18/2021 10:50:23,Chamber 2,28-041661e256ff,26.5,T229,44C,off
12/18/2021 10:50:43,Chamber 2,28-041661e256ff,26.5,T229,44C,off
12/18/2021 10:51:03,Chamber 2,28-041661e256ff,26.5,T229,44C,off
12/18/2021 10:51:23,Chamber 2,28-041661e256ff,26.562,T229,44C,off
12/18/2021 10:51:43,Chamber 2,28-041661e256ff,26.5,T229,44C,off
12/18/2021 10:52:03,Chamber 2,28-041661e256ff,26.562,T229,44C,off
12/18/2021 10:52:23,Chamber 2,28-041661e256ff,26.562,T229,44C,off
12/18/2021 10:52:43,Chamber 2,28-041661e256ff,26.5,T229,44C,off
12/18/2021 10:53:05,Chamber 2,28-041661e256ff,26.562,T229,44C,off
12/18/2021 10:53:23,Chamber 2,28-041661e256ff,26.562,T229,44C,off
12/18/2021 10:53:43,Chamber 2,28-041661e256ff,26.5,T229,44C,off
12/18/2021 10:54:03,Chamber 2,28-041661e256ff,26.5,T229,44C,off
12/18/2021 10:54:23,Chamber 2,28-041661e256ff,26.562,T229,44C,off
12/18/2021 10:54:43,Chamber 2,28-041661e256ff,26.5,T229,44C,off
12/18/2021 10:55:03,Chamber 2,28-041661e256ff,26.5,T229,44C,off
12/18/2021 10:55:23,Chamber 2,28-041661e256ff,26.5,T229,44C,off
12/18/2021 10:55:43,Chamber 2,28-041661e256ff,26.562,T229,44C,off
12/18/2021 10:56:03,Chamber 2,28-041661e256ff,26.5,T229,44C,off
12/18/2021 10:56:23,Chamber 2,28-041661e256ff,26.562,T229,44C,off
12/18/2021 10:56:43,Chamber 2,28-041661e256ff,26.562,T229,44C,off
12/18/2021 10:57:03,Chamber 2,28-041661e256ff,26.5,T229,44C,off
12/18/2021 10:57:23,Chamber 2,28-041661e256ff,26.562,T229,44C,off
12/18/2021 10:57:43,Chamber 2,28-041661e256ff,26.562,T229,44C,off
12/18/2021 10:58:05,Chamber 2,28-041661e256ff,26.562,T229,44C,off
12/18/2021 10:58:23,Chamber 2,28-041661e256ff,26.562,T229,44C,off
12/18/2021 10:58:43,Chamber 2,28-041661e256ff,26.5,T229,44C,off
12/18/2021 10:59:03,Chamber 2,28-041661e256ff,26.5,T229,44C,off
12/18/2021 10:59:24,Chamber 2,28-041661e256ff,26.562,T229,44C,off
12/18/2021 10:59:43,Chamber 2,28-041661e256ff,26.5,T229,44C,off
12/18/2021 11:00:03,Chamber 2,28-041661e256ff,26.5,T229,44C,off
12/18/2021 11:00:23,Chamber 2,28-041661e256ff,26.562,T229,44C,off
12/18/2021 11:00:43,Chamber 2,28-041661e256ff,26.5,T229,44C,off
12/18/2021 11:01:03,Chamber 2,28-041661e256ff,26.562,T229,44C,off
12/18/2021 11:01:23,Chamber 2,28-041661e256ff,26.5,T229,44C,off
12/18/2021 11:01:43,Chamber 2,28-041661e256ff,26.5,T229,44C,off
12/18/2021 11:02:03,Chamber 2,28-041661e256ff,26.5,T229,44C,off
12/18/2021 11:02:23,Chamber 2,28-041661e256ff,26.5,T229,44C,off
12/18/2021 11:02:43,Chamber 2,28-041661e256ff,26.562,T229,44C,off
12/18/2021 11:03:03,Chamber 2,28-041661e256ff,26.562,T229,44C,off
12/18/2021 11:03:23,Chamber 2,28-041661e256ff,26.5,T229,44C,off
12/18/2021 11:03:43,Chamber 2,28-041661e256ff,26.5,T229,44C,off
12/18/2021 11:04:03,Chamber 2,28-041661e256ff,26.562,T229,44C,off
12/18/2021 11:04:23,Chamber 2,28-041661e256ff,26.5,T229,44C,off
12/18/2021 11:04:43,Chamber 2,28-041661e256ff,26.5,T229,44C,off
12/18/2021 11:05:03,Chamber 2,28-041661e256ff,26.5,T229,44C,off
12/18/2021 11:05:23,Chamber 2,28-041661e256ff,26.562,T229,44C,off
12/18/2021 11:05:43,Chamber 2,28-041661e256ff,26.5,T229,44C,off
12/18/2021 11:06:03,Chamber 2,28-041661e256ff,26.5,T229,44C,off
12/18/2021 11:06:23,Chamber 2,28-041661e256ff,26.5,T229,44C,off
12/18/2021 11:06:43,Chamber 2,28-041661e256ff,26.5,T229,44C,off
12/18/2021 11:07:03,Chamber 2,28-041661e256ff,26.562,T229,44C,off
12/18/2021 11:07:23,Chamber 2,28-041661e256ff,26.5,T229,44C,off
12/18/2021 11:07:43,Chamber 2,28-041661e256ff,26.5,T229,44C,off
12/18/2021 11:08:03,Chamber 2,28-041661e256ff,26.5,T229,44C,off
12/18/2021 11:08:23,Chamber 2,28-041661e256ff,26.5,T229,44C,off
12/18/2021 11:08:43,Chamber 2,28-041661e256ff,26.5,T229,44C,off
12/18/2021 11:09:03,Chamber 2,28-041661e256ff,26.562,T229,44C,off
12/18/2021 11:09:23,Chamber 2,28-041661e256ff,26.5,T229,44C,off
12/18/2021 11:09:43,Chamber 2,28-041661e256ff,26.562,T229,44C,off
12/18/2021 11:10:03,Chamber 2,28-041661e256ff,26.562,T229,44C,off
12/18/2021 11:10:23,Chamber 2,28-041661e256ff,26.562,T229,44C,off
12/18/2021 11:10:43,Chamber 2,28-041661e256ff,26.562,T229,44C,off
12/18/2021 11:11:03,Chamber 2,28-041661e256ff,26.5,T229,44C,off
12/18/2021 11:11:23,Chamber 2,28-041661e256ff,26.562,T229,44C,off
12/18/2021 11:11:43,Chamber 2,28-041661e256ff,26.562,T229,44C,off
12/18/2021 11:12:03,Chamber 2,28-041661e256ff,26.562,T229,44C,off
12/18/2021 11:12:23,Chamber 2,28-041661e256ff,26.562,T229,44C,off
12/18/2021 11:12:43,Chamber 2,28-041661e256ff,26.562,T229,44C,off
12/18/2021 11:13:03,Chamber 2,28-041661e256ff,26.5,T229,44C,off
12/18/2021 11:13:23,Chamber 2,28-041661e256ff,26.562,T229,44C,off
12/18/2021 11:13:43,Chamber 2,28-041661e256ff,26.562,T229,44C,off
12/18/2021 11:14:03,Chamber 2,28-041661e256ff,26.562,T229,44C,off
12/18/2021 11:14:23,Chamber 2,28-041661e256ff,26.562,T229,44C,off
12/18/2021 11:14:43,Chamber 2,28-041661e256ff,26.562,T229,44C,off
12/18/2021 11:15:03,Chamber 2,28-041661e256ff,26.562,T229,44C,off
12/18/2021 11:15:23,Chamber 2,28-041661e256ff,26.562,T229,44C,off
12/18/2021 11:15:43,Chamber 2,28-041661e256ff,26.562,T229,44C,off
12/18/2021 11:16:03,Chamber 2,28-041661e256ff,26.562,T229,44C,off
12/18/2021 11:16:23,Chamber 2,28-041661e256ff,26.562,T229,44C,off
12/18/2021 11:16:43,Chamber 2,28-041661e256ff,26.562,T229,44C,off
12/18/2021 11:17:03,Chamber 2,28-041661e256ff,26.562,T229,44C,off
12/18/2021 11:17:23,Chamber 2,28-041661e256ff,26.562,T229,44C,off
12/18/2021 11:17:45,Chamber 2,28-041661e256ff,26.562,T229,44C,off
12/18/2021 11:18:03,Chamber 2,28-041661e256ff,26.562,T229,44C,off
12/18/2021 11:18:24,Chamber 2,28-041661e256ff,26.562,T229,44C,off
12/18/2021 11:18:43,Chamber 2,28-041661e256ff,26.562,T229,44C,off
12/18/2021 11:19:03,Chamber 2,28-041661e256ff,26.562,T229,44C,off
12/18/2021 11:19:23,Chamber 2,28-041661e256ff,26.562,T229,44C,off
12/18/2021 11:19:43,Chamber 2,28-041661e256ff,26.562,T229,44C,off
12/18/2021 11:20:03,Chamber 2,28-041661e256ff,26.562,T229,44C,off
12/18/2021 11:20:23,Chamber 2,28-041661e256ff,26.562,T229,44C,off
12/18/2021 11:20:43,Chamber 2,28-041661e256ff,26.562,T229,44C,off
12/18/2021 11:21:04,Chamber 2,28-041661e256ff,26.562,T229,44C,off
12/18/2021 11:21:23,Chamber 2,28-041661e256ff,26.562,T229,44C,off
12/18/2021 11:21:43,Chamber 2,28-041661e256ff,26.562,T229,44C,off
12/18/2021 11:22:03,Chamber 2,28-041661e256ff,26.562,T229,44C,off
12/18/2021 11:22:23,Chamber 2,28-041661e256ff,26.562,T229,44C,off
12/18/2021 11:22:43,Chamber 2,28-041661e256ff,26.562,T229,44C,off
12/18/2021 11:23:03,Chamber 2,28-041661e256ff,26.562,T229,44C,off
12/18/2021 11:23:23,Chamber 2,28-041661e256ff,26.562,T229,44C,off
12/18/2021 11:23:43,Chamber 2,28-041661e256ff,26.562,T229,44C,off
12/18/2021 11:24:03,Chamber 2,28-041661e256ff,26.562,T229,44C,off
12/18/2021 11:24:29,Chamber 2,28-041661e256ff,26.562,T229,44C,off
12/18/2021 11:24:45,Chamber 2,28-041661e256ff,26.562,T229,44C,off
12/18/2021 11:25:03,Chamber 2,28-041661e256ff,26.562,T229,44C,off
12/18/2021 11:25:23,Chamber 2,28-041661e256ff,26.562,T229,44C,off
12/18/2021 11:25:43,Chamber 2,28-041661e256ff,26.562,T229,44C,off
12/18/2021 11:26:03,Chamber 2,28-041661e256ff,26.562,T229,44C,off
12/18/2021 11:26:24,Chamber 2,28-041661e256ff,26.562,T229,44C,off
12/18/2021 11:26:43,Chamber 2,28-041661e256ff,26.562,T229,44C,off
12/18/2021 11:27:03,Chamber 2,28-041661e256ff,26.562,T229,44C,off
12/18/2021 11:27:23,Chamber 2,28-041661e256ff,26.562,T229,44C,off
12/18/2021 11:27:43,Chamber 2,28-041661e256ff,26.562,T229,44C,off
12/18/2021 11:28:03,Chamber 2,28-041661e256ff,26.562,T229,44C,off
12/18/2021 11:28:23,Chamber 2,28-041661e256ff,26.562,T229,44C,off
12/18/2021 11:28:43,Chamber 2,28-041661e256ff,26.562,T229,44C,off
12/18/2021 11:29:03,Chamber 2,28-041661e256ff,26.562,T229,44C,off
12/18/2021 11:29:23,Chamber 2,28-041661e256ff,26.562,T229,44C,off
12/18/2021 11:29:43,Chamber 2,28-041661e256ff,26.562,T229,44C,off
12/18/2021 11:30:03,Chamber 2,28-041661e256ff,26.562,T229,44C,off
12/18/2021 11:30:23,Chamber 2,28-041661e256ff,26.562,T229,44C,off
12/18/2021 11:30:43,Chamber 2,28-041661e256ff,26.562,T229,44C,off
12/18/2021 11:31:03,Chamber 2,28-041661e256ff,26.562,T229,44C,off
12/18/2021 11:31:23,Chamber 2,28-041661e256ff,26.562,T229,44C,off
12/18/2021 11:31:43,Chamber 2,28-041661e256ff,26.562,T229,44C,off
12/18/2021 11:32:03,Chamber 2,28-041661e256ff,26.562,T229,44C,off
12/18/2021 11:32:23,Chamber 2,28-041661e256ff,26.562,T229,44C,off
12/18/2021 11:32:46,Chamber 2,28-041661e256ff,26.562,T229,44C,off
12/18/2021 11:33:03,Chamber 2,28-041661e256ff,26.562,T229,44C,off
12/18/2021 11:33:23,Chamber 2,28-041661e256ff,26.562,T229,44C,off
12/18/2021 11:33:43,Chamber 2,28-041661e256ff,26.562,T229,44C,off
12/18/2021 11:34:03,Chamber 2,28-041661e256ff,26.562,T229,44C,off
12/18/2021 11:34:23,Chamber 2,28-041661e256ff,26.562,T229,44C,off
12/18/2021 11:34:43,Chamber 2,28-041661e256ff,26.562,T229,44C,off
12/18/2021 11:35:03,Chamber 2,28-041661e256ff,26.562,T229,44C,off
12/18/2021 11:35:23,Chamber 2,28-041661e256ff,26.562,T229,44C,off
12/18/2021 11:35:43,Chamber 2,28-041661e256ff,26.562,T229,44C,off
12/18/2021 11:36:03,Chamber 2,28-041661e256ff,26.562,T229,44C,off
12/18/2021 11:36:23,Chamber 2,28-041661e256ff,26.562,T229,44C,off
12/18/2021 11:36:43,Chamber 2,28-041661e256ff,26.562,T229,44C,off
12/18/2021 11:37:03,Chamber 2,28-041661e256ff,26.562,T229,44C,off
12/18/2021 11:37:23,Chamber 2,28-041661e256ff,26.562,T229,44C,off
12/18/2021 11:37:43,Chamber 2,28-041661e256ff,26.562,T229,44C,off
12/18/2021 11:38:03,Chamber 2,28-041661e256ff,26.562,T229,44C,off
12/18/2021 11:38:23,Chamber 2,28-041661e256ff,26.562,T229,44C,off
12/18/2021 11:38:43,Chamber 2,28-041661e256ff,26.562,T229,44C,off
12/18/2021 11:39:03,Chamber 2,28-041661e256ff,26.562,T229,44C,off
12/18/2021 11:39:23,Chamber 2,28-041661e256ff,26.562,T229,44C,off
12/18/2021 11:39:43,Chamber 2,28-041661e256ff,26.562,T229,44C,off
12/18/2021 11:40:03,Chamber 2,28-041661e256ff,26.562,T229,44C,off
12/18/2021 11:40:23,Chamber 2,28-041661e256ff,26.562,T229,44C,off
12/18/2021 11:40:43,Chamber 2,28-041661e256ff,26.562,T229,44C,off
12/18/2021 11:41:03,Chamber 2,28-041661e256ff,26.562,T229,44C,off
12/18/2021 11:41:23,Chamber 2,28-041661e256ff,26.562,T229,44C,off
12/18/2021 11:41:43,Chamber 2,28-041661e256ff,26.562,T229,44C,off
12/18/2021 11:42:03,Chamber 2,28-041661e256ff,26.562,T229,44C,off
12/18/2021 11:42:23,Chamber 2,28-041661e256ff,26.562,T229,44C,off
12/18/2021 11:42:43,Chamber 2,28-041661e256ff,26.562,T229,44C,off
12/18/2021 11:43:03,Chamber 2,28-041661e256ff,26.562,T229,44C,off
12/18/2021 11:43:24,Chamber 2,28-041661e256ff,26.562,T229,44C,off
12/18/2021 11:43:43,Chamber 2,28-041661e256ff,26.562,T229,44C,off
12/18/2021 11:44:03,Chamber 2,28-041661e256ff,26.562,T229,44C,off
12/18/2021 11:44:23,Chamber 2,28-041661e256ff,26.562,T229,44C,off
12/18/2021 11:44:43,Chamber 2,28-041661e256ff,26.562,T229,44C,off
12/18/2021 11:45:03,Chamber 2,28-041661e256ff,26.562,T229,44C,off
12/18/2021 11:45:23,Chamber 2,28-041661e256ff,26.562,T229,44C,off
12/18/2021 11:45:43,Chamber 2,28-041661e256ff,26.562,T229,44C,off
12/18/2021 11:46:03,Chamber 2,28-041661e256ff,26.562,T229,44C,off
12/18/2021 11:46:23,Chamber 2,28-041661e256ff,26.562,T229,44C,off
12/18/2021 11:46:43,Chamber 2,28-041661e256ff,26.562,T229,44C,off
12/18/2021 11:47:03,Chamber 2,28-041661e256ff,26.562,T229,44C,off
12/18/2021 11:47:23,Chamber 2,28-041661e256ff,26.562,T229,44C,off
12/18/2021 11:47:43,Chamber 2,28-041661e256ff,26.562,T229,44C,off
12/18/2021 11:48:03,Chamber 2,28-041661e256ff,26.562,T229,44C,off
12/18/2021 11:48:23,Chamber 2,28-041661e256ff,26.562,T229,44C,off
12/18/2021 11:48:43,Chamber 2,28-041661e256ff,26.562,T229,44C,off
12/18/2021 11:49:03,Chamber 2,28-041661e256ff,26.562,T229,44C,off
12/18/2021 11:49:23,Chamber 2,28-041661e256ff,26.562,T229,44C,off
12/18/2021 11:49:43,Chamber 2,28-041661e256ff,26.562,T229,44C,off
12/18/2021 11:50:03,Chamber 2,28-041661e256ff,26.562,T229,44C,off
12/18/2021 11:50:23,Chamber 2,28-041661e256ff,26.562,T229,44C,off
12/18/2021 11:50:43,Chamber 2,28-041661e256ff,26.562,T229,44C,off
12/18/2021 11:51:03,Chamber 2,28-041661e256ff,26.562,T229,44C,off
12/18/2021 11:51:23,Chamber 2,28-041661e256ff,26.562,T229,44C,off
12/18/2021 11:51:43,Chamber 2,28-041661e256ff,26.562,T229,44C,off
12/18/2021 11:52:03,Chamber 2,28-041661e256ff,26.562,T229,44C,off
12/18/2021 11:52:23,Chamber 2,28-041661e256ff,26.562,T229,44C,off
12/18/2021 11:52:43,Chamber 2,28-041661e256ff,26.562,T229,44C,off
12/18/2021 11:53:03,Chamber 2,28-041661e256ff,26.562,T229,44C,off
12/18/2021 11:53:23,Chamber 2,28-041661e256ff,26.562,T229,44C,off
12/18/2021 11:53:43,Chamber 2,28-041661e256ff,26.562,T229,44C,off
12/18/2021 11:54:03,Chamber 2,28-041661e256ff,26.562,T229,44C,off
12/18/2021 11:54:23,Chamber 2,28-041661e256ff,26.562,T229,44C,off
12/18/2021 11:54:43,Chamber 2,28-041661e256ff,26.562,T229,44C,off
12/18/2021 11:55:03,Chamber 2,28-041661e256ff,26.562,T229,44C,off
12/18/2021 11:55:24,Chamber 2,28-041661e256ff,26.625,T229,44C,off
12/18/2021 11:55:43,Chamber 2,28-041661e256ff,26.562,T229,44C,off
12/18/2021 11:56:03,Chamber 2,28-041661e256ff,26.562,T229,44C,off
12/18/2021 11:56:23,Chamber 2,28-041661e256ff,26.562,T229,44C,off
12/18/2021 11:56:43,Chamber 2,28-041661e256ff,26.562,T229,44C,off
12/18/2021 11:57:03,Chamber 2,28-041661e256ff,26.562,T229,44C,off
12/18/2021 11:57:23,Chamber 2,28-041661e256ff,26.562,T229,44C,off
12/18/2021 11:57:43,Chamber 2,28-041661e256ff,26.562,T229,44C,off
12/18/2021 11:58:03,Chamber 2,28-041661e256ff,26.562,T229,44C,off
12/18/2021 11:58:23,Chamber 2,28-041661e256ff,26.625,T229,44C,off
12/18/2021 11:58:43,Chamber 2,28-041661e256ff,26.562,T229,44C,off
12/18/2021 11:59:03,Chamber 2,28-041661e256ff,26.562,T229,44C,off
12/18/2021 11:59:23,Chamber 2,28-041661e256ff,26.562,T229,44C,off
12/18/2021 11:59:43,Chamber 2,28-041661e256ff,26.562,T229,44C,off
12/18/2021 12:00:03,Chamber 2,28-041661e256ff,26.562,T229,44C,off
12/18/2021 12:00:23,Chamber 2,28-041661e256ff,26.562,T229,44C,off
12/18/2021 12:00:43,Chamber 2,28-041661e256ff,26.625,T229,44C,off
12/18/2021 12:01:03,Chamber 2,28-041661e256ff,26.562,T229,44C,off
12/18/2021 12:01:23,Chamber 2,28-041661e256ff,26.562,T229,44C,off
12/18/2021 12:01:43,Chamber 2,28-041661e256ff,26.562,T229,44C,off
12/18/2021 12:02:03,Chamber 2,28-041661e256ff,26.562,T229,44C,off
12/18/2021 12:02:23,Chamber 2,28-041661e256ff,26.562,T229,44C,off
12/18/2021 12:02:43,Chamber 2,28-041661e256ff,26.562,T229,44C,off
12/18/2021 12:03:03,Chamber 2,28-041661e256ff,26.625,T229,44C,off
12/18/2021 12:03:23,Chamber 2,28-041661e256ff,26.562,T229,44C,off
12/18/2021 12:03:43,Chamber 2,28-041661e256ff,26.562,T229,44C,off
12/18/2021 12:04:03,Chamber 2,28-041661e256ff,26.562,T229,44C,off
12/18/2021 12:04:23,Chamber 2,28-041661e256ff,26.562,T229,44C,off
12/18/2021 12:04:43,Chamber 2,28-041661e256ff,26.562,T229,44C,off
12/18/2021 12:05:03,Chamber 2,28-041661e256ff,26.625,T229,44C,off
12/18/2021 12:05:23,Chamber 2,28-041661e256ff,26.562,T229,44C,off
12/18/2021 12:05:43,Chamber 2,28-041661e256ff,26.562,T229,44C,off
12/18/2021 12:06:03,Chamber 2,28-041661e256ff,26.562,T229,44C,off
12/18/2021 12:06:23,Chamber 2,28-041661e256ff,26.562,T229,44C,off
12/18/2021 12:06:43,Chamber 2,28-041661e256ff,26.625,T229,44C,off
12/18/2021 12:07:03,Chamber 2,28-041661e256ff,26.625,T229,44C,off
12/18/2021 12:07:23,Chamber 2,28-041661e256ff,26.562,T229,44C,off
12/18/2021 12:07:43,Chamber 2,28-041661e256ff,26.625,T229,44C,off
12/18/2021 12:08:03,Chamber 2,28-041661e256ff,26.625,T229,44C,off
12/18/2021 12:08:23,Chamber 2,28-041661e256ff,26.625,T229,44C,off
12/18/2021 12:08:43,Chamber 2,28-041661e256ff,26.625,T229,44C,off
12/18/2021 12:09:03,Chamber 2,28-041661e256ff,26.625,T229,44C,off
12/18/2021 12:09:23,Chamber 2,28-041661e256ff,26.625,T229,44C,off
12/18/2021 12:09:43,Chamber 2,28-041661e256ff,26.625,T229,44C,off
12/18/2021 12:10:03,Chamber 2,28-041661e256ff,26.625,T229,44C,off
12/18/2021 12:10:23,Chamber 2,28-041661e256ff,26.625,T229,44C,off
12/18/2021 12:10:43,Chamber 2,28-041661e256ff,26.625,T229,44C,off
12/18/2021 12:11:03,Chamber 2,28-041661e256ff,26.625,T229,44C,off
12/18/2021 12:11:23,Chamber 2,28-041661e256ff,26.625,T229,44C,off
12/18/2021 12:11:43,Chamber 2,28-041661e256ff,26.625,T229,44C,off
12/18/2021 12:12:03,Chamber 2,28-041661e256ff,26.625,T229,44C,off
12/18/2021 12:12:23,Chamber 2,28-041661e256ff,26.625,T229,44C,off
12/18/2021 12:12:43,Chamber 2,28-041661e256ff,26.625,T229,44C,off
12/18/2021 12:13:03,Chamber 2,28-041661e256ff,26.625,T229,44C,off
12/18/2021 12:13:23,Chamber 2,28-041661e256ff,26.625,T229,44C,off
12/18/2021 12:13:43,Chamber 2,28-041661e256ff,26.625,T229,44C,off
12/18/2021 12:14:03,Chamber 2,28-041661e256ff,26.625,T229,44C,off
12/18/2021 12:14:23,Chamber 2,28-041661e256ff,26.625,T229,44C,off
12/18/2021 12:14:43,Chamber 2,28-041661e256ff,26.625,T229,44C,off
12/18/2021 12:15:04,Chamber 2,28-041661e256ff,26.625,T229,44C,off
12/18/2021 12:15:23,Chamber 2,28-041661e256ff,26.625,T229,44C,off
12/18/2021 12:15:43,Chamber 2,28-041661e256ff,26.625,T229,44C,off
12/18/2021 12:16:03,Chamber 2,28-041661e256ff,26.625,T229,44C,off
12/18/2021 12:16:23,Chamber 2,28-041661e256ff,26.625,T229,44C,off
12/18/2021 12:16:43,Chamber 2,28-041661e256ff,26.625,T229,44C,off
12/18/2021 12:17:03,Chamber 2,28-041661e256ff,26.625,T229,44C,off
12/18/2021 12:17:23,Chamber 2,28-041661e256ff,26.625,T229,44C,off
12/18/2021 12:17:43,Chamber 2,28-041661e256ff,26.625,T229,44C,off
12/18/2021 12:18:03,Chamber 2,28-041661e256ff,26.625,T229,44C,off
12/18/2021 12:18:23,Chamber 2,28-041661e256ff,26.625,T229,44C,off
12/18/2021 12:18:43,Chamber 2,28-041661e256ff,26.625,T229,44C,off
12/18/2021 12:19:03,Chamber 2,28-041661e256ff,26.625,T229,44C,off
12/18/2021 12:19:23,Chamber 2,28-041661e256ff,26.625,T229,44C,off
12/18/2021 12:19:43,Chamber 2,28-041661e256ff,26.625,T229,44C,off
12/18/2021 12:20:03,Chamber 2,28-041661e256ff,26.625,T229,44C,off
12/18/2021 12:20:23,Chamber 2,28-041661e256ff,26.625,T229,44C,off
12/18/2021 12:20:43,Chamber 2,28-041661e256ff,26.625,T229,44C,off
12/18/2021 12:21:03,Chamber 2,28-041661e256ff,26.625,T229,44C,off
12/18/2021 12:21:23,Chamber 2,28-041661e256ff,26.625,T229,44C,off
12/18/2021 12:21:43,Chamber 2,28-041661e256ff,26.625,T229,44C,off
12/18/2021 12:22:03,Chamber 2,28-041661e256ff,26.625,T229,44C,off
12/18/2021 12:22:23,Chamber 2,28-041661e256ff,26.625,T229,44C,off
12/18/2021 12:22:43,Chamber 2,28-041661e256ff,26.625,T229,44C,off
12/18/2021 12:23:03,Chamber 2,28-041661e256ff,26.625,T229,44C,off
12/18/2021 12:23:23,Chamber 2,28-041661e256ff,26.625,T229,44C,off
12/18/2021 12:23:43,Chamber 2,28-041661e256ff,26.625,T229,44C,off
12/18/2021 12:24:03,Chamber 2,28-041661e256ff,26.625,T229,44C,off
12/18/2021 12:24:23,Chamber 2,28-041661e256ff,26.625,T229,44C,off
12/18/2021 12:24:43,Chamber 2,28-041661e256ff,26.625,T229,44C,off
12/18/2021 12:25:03,Chamber 2,28-041661e256ff,26.625,T229,44C,off
12/18/2021 12:25:23,Chamber 2,28-041661e256ff,26.625,T229,44C,off
12/18/2021 12:25:43,Chamber 2,28-041661e256ff,26.625,T229,44C,off
12/18/2021 12:26:03,Chamber 2,28-041661e256ff,26.625,T229,44C,off
12/18/2021 12:26:23,Chamber 2,28-041661e256ff,26.625,T229,44C,off
12/18/2021 12:26:43,Chamber 2,28-041661e256ff,26.625,T229,44C,off
12/18/2021 12:27:04,Chamber 2,28-041661e256ff,26.687,T229,44C,off
12/18/2021 12:27:23,Chamber 2,28-041661e256ff,26.625,T229,44C,off
12/18/2021 12:27:43,Chamber 2,28-041661e256ff,26.625,T229,44C,off
12/18/2021 12:28:03,Chamber 2,28-041661e256ff,26.625,T229,44C,off
12/18/2021 12:28:23,Chamber 2,28-041661e256ff,26.625,T229,44C,off
12/18/2021 12:28:43,Chamber 2,28-041661e256ff,26.687,T229,44C,off
12/18/2021 12:29:03,Chamber 2,28-041661e256ff,26.625,T229,44C,off
12/18/2021 12:29:23,Chamber 2,28-041661e256ff,26.687,T229,44C,off
12/18/2021 12:29:43,Chamber 2,28-041661e256ff,26.625,T229,44C,off
12/18/2021 12:30:03,Chamber 2,28-041661e256ff,26.625,T229,44C,off
12/18/2021 12:30:23,Chamber 2,28-041661e256ff,26.625,T229,44C,off
12/18/2021 12:30:43,Chamber 2,28-041661e256ff,26.625,T229,44C,off
12/18/2021 12:31:06,Chamber 2,28-041661e256ff,26.687,T229,44C,off
12/18/2021 12:31:23,Chamber 2,28-041661e256ff,26.687,T229,44C,off
12/18/2021 12:31:43,Chamber 2,28-041661e256ff,26.687,T229,44C,off
12/18/2021 12:32:03,Chamber 2,28-041661e256ff,26.687,T229,44C,off
12/18/2021 12:32:23,Chamber 2,28-041661e256ff,26.687,T229,44C,off
12/18/2021 12:32:43,Chamber 2,28-041661e256ff,26.687,T229,44C,off
12/18/2021 12:33:03,Chamber 2,28-041661e256ff,26.687,T229,44C,off
12/18/2021 12:33:23,Chamber 2,28-041661e256ff,26.687,T229,44C,off
12/18/2021 12:33:43,Chamber 2,28-041661e256ff,26.687,T229,44C,off
12/18/2021 12:34:03,Chamber 2,28-041661e256ff,26.687,T229,44C,off
12/18/2021 12:34:23,Chamber 2,28-041661e256ff,26.687,T229,44C,off
12/18/2021 12:34:43,Chamber 2,28-041661e256ff,26.687,T229,44C,off
12/18/2021 12:35:03,Chamber 2,28-041661e256ff,26.687,T229,44C,off
12/18/2021 12:35:23,Chamber 2,28-041661e256ff,26.687,T229,44C,off
12/18/2021 12:35:44,Chamber 2,28-041661e256ff,26.687,T229,44C,off
12/18/2021 12:36:03,Chamber 2,28-041661e256ff,26.687,T229,44C,off
12/18/2021 12:36:23,Chamber 2,28-041661e256ff,26.687,T229,44C,off
12/18/2021 12:36:43,Chamber 2,28-041661e256ff,26.687,T229,44C,off
12/18/2021 12:37:03,Chamber 2,28-041661e256ff,26.687,T229,44C,off
12/18/2021 12:37:23,Chamber 2,28-041661e256ff,26.687,T229,44C,off
12/18/2021 12:37:43,Chamber 2,28-041661e256ff,26.687,T229,44C,off
12/18/2021 12:38:03,Chamber 2,28-041661e256ff,26.687,T229,44C,off
12/18/2021 12:38:23,Chamber 2,28-041661e256ff,26.687,T229,44C,off
12/18/2021 12:38:43,Chamber 2,28-041661e256ff,26.687,T229,44C,off
12/18/2021 12:39:04,Chamber 2,28-041661e256ff,26.687,T229,44C,off
12/18/2021 12:39:23,Chamber 2,28-041661e256ff,26.687,T229,44C,off
12/18/2021 12:39:43,Chamber 2,28-041661e256ff,26.687,T229,44C,off
12/18/2021 12:40:03,Chamber 2,28-041661e256ff,26.687,T229,44C,off
12/18/2021 12:40:23,Chamber 2,28-041661e256ff,26.687,T229,44C,off
12/18/2021 12:40:43,Chamber 2,28-041661e256ff,26.687,T229,44C,off
12/18/2021 12:41:03,Chamber 2,28-041661e256ff,26.687,T229,44C,off
12/18/2021 12:41:23,Chamber 2,28-041661e256ff,26.687,T229,44C,off
12/18/2021 12:41:43,Chamber 2,28-041661e256ff,26.687,T229,44C,off
12/18/2021 12:42:03,Chamber 2,28-041661e256ff,26.687,T229,44C,off
12/18/2021 12:42:23,Chamber 2,28-041661e256ff,26.687,T229,44C,off
12/18/2021 12:42:43,Chamber 2,28-041661e256ff,26.687,T229,44C,off
12/18/2021 12:43:03,Chamber 2,28-041661e256ff,26.687,T229,44C,off
12/18/2021 12:43:23,Chamber 2,28-041661e256ff,26.687,T229,44C,off
12/18/2021 12:43:43,Chamber 2,28-041661e256ff,26.687,T229,44C,off
12/18/2021 12:44:03,Chamber 2,28-041661e256ff,26.687,T229,44C,off
12/18/2021 12:44:23,Chamber 2,28-041661e256ff,26.687,T229,44C,off
12/18/2021 12:44:43,Chamber 2,28-041661e256ff,26.687,T229,44C,off
12/18/2021 12:45:03,Chamber 2,28-041661e256ff,26.687,T229,44C,off
12/18/2021 12:45:23,Chamber 2,28-041661e256ff,26.687,T229,44C,off
12/18/2021 12:45:43,Chamber 2,28-041661e256ff,26.687,T229,44C,off
12/18/2021 12:46:03,Chamber 2,28-041661e256ff,26.687,T229,44C,off
12/18/2021 12:46:23,Chamber 2,28-041661e256ff,26.687,T229,44C,off
12/18/2021 12:46:43,Chamber 2,28-041661e256ff,26.687,T229,44C,off
12/18/2021 12:47:03,Chamber 2,28-041661e256ff,26.687,T229,44C,off
12/18/2021 12:47:23,Chamber 2,28-041661e256ff,26.687,T229,44C,off
12/18/2021 12:47:43,Chamber 2,28-041661e256ff,26.687,T229,44C,off
12/18/2021 12:48:03,Chamber 2,28-041661e256ff,26.687,T229,44C,off
12/18/2021 12:48:23,Chamber 2,28-041661e256ff,26.687,T229,44C,off
12/18/2021 12:48:43,Chamber 2,28-041661e256ff,26.687,T229,44C,off
12/18/2021 12:49:03,Chamber 2,28-041661e256ff,26.687,T229,44C,off
12/18/2021 12:49:23,Chamber 2,28-041661e256ff,26.687,T229,44C,off
12/18/2021 12:49:43,Chamber 2,28-041661e256ff,26.687,T229,44C,off
12/18/2021 12:50:03,Chamber 2,28-041661e256ff,26.687,T229,44C,off
12/18/2021 12:50:23,Chamber 2,28-041661e256ff,26.687,T229,44C,off
12/18/2021 12:50:43,Chamber 2,28-041661e256ff,26.687,T229,44C,off
12/18/2021 12:51:03,Chamber 2,28-041661e256ff,26.687,T229,44C,off
12/18/2021 12:51:23,Chamber 2,28-041661e256ff,26.687,T229,44C,off
12/18/2021 12:51:43,Chamber 2,28-041661e256ff,26.687,T229,44C,off
12/18/2021 12:52:03,Chamber 2,28-041661e256ff,26.687,T229,44C,off
12/18/2021 12:52:23,Chamber 2,28-041661e256ff,26.687,T229,44C,off
12/18/2021 12:52:43,Chamber 2,28-041661e256ff,26.687,T229,44C,off
12/18/2021 12:53:03,Chamber 2,28-041661e256ff,26.687,T229,44C,off
12/18/2021 12:53:23,Chamber 2,28-041661e256ff,26.687,T229,44C,off
12/18/2021 12:53:43,Chamber 2,28-041661e256ff,26.687,T229,44C,off
12/18/2021 12:54:03,Chamber 2,28-041661e256ff,26.687,T229,44C,off
12/18/2021 12:54:24,Chamber 2,28-041661e256ff,26.687,T229,44C,off
12/18/2021 12:54:43,Chamber 2,28-041661e256ff,26.687,T229,44C,off
12/18/2021 12:55:03,Chamber 2,28-041661e256ff,26.687,T229,44C,off
12/18/2021 12:55:23,Chamber 2,28-041661e256ff,26.687,T229,44C,off
12/18/2021 12:55:43,Chamber 2,28-041661e256ff,26.687,T229,44C,off
12/18/2021 12:56:03,Chamber 2,28-041661e256ff,26.687,T229,44C,off
12/18/2021 12:56:24,Chamber 2,28-041661e256ff,26.687,T229,44C,off
12/18/2021 12:56:43,Chamber 2,28-041661e256ff,26.687,T229,44C,off
12/18/2021 12:57:04,Chamber 2,28-041661e256ff,26.687,T229,44C,off
12/18/2021 12:57:23,Chamber 2,28-041661e256ff,26.687,T229,44C,off
12/18/2021 12:57:43,Chamber 2,28-041661e256ff,26.687,T229,44C,off
12/18/2021 12:58:03,Chamber 2,28-041661e256ff,26.687,T229,44C,off
12/18/2021 12:58:23,Chamber 2,28-041661e256ff,26.687,T229,44C,off
12/18/2021 12:58:43,Chamber 2,28-041661e256ff,26.687,T229,44C,off
12/18/2021 12:59:03,Chamber 2,28-041661e256ff,26.687,T229,44C,off
12/18/2021 12:59:23,Chamber 2,28-041661e256ff,26.687,T229,44C,off
12/18/2021 12:59:43,Chamber 2,28-041661e256ff,26.687,T229,44C,off
12/18/2021 13:00:02,Chamber 2,28-041661e256ff,26.687,T229,44C,off
12/18/2021 13:00:22,Chamber 2,28-041661e256ff,26.687,T229,44C,off
12/18/2021 13:00:42,Chamber 2,28-041661e256ff,26.687,T229,44C,off
12/18/2021 13:01:02,Chamber 2,28-041661e256ff,26.687,T229,44C,off
12/18/2021 13:01:22,Chamber 2,28-041661e256ff,26.687,T229,44C,off
12/18/2021 13:01:42,Chamber 2,28-041661e256ff,26.687,T229,44C,off
12/18/2021 13:02:02,Chamber 2,28-041661e256ff,26.687,T229,44C,off
12/18/2021 13:02:22,Chamber 2,28-041661e256ff,26.687,T229,44C,off
12/18/2021 13:02:42,Chamber 2,28-041661e256ff,26.75,T229,44C,off
12/18/2021 13:03:02,Chamber 2,28-041661e256ff,26.75,T229,44C,off
12/18/2021 13:03:22,Chamber 2,28-041661e256ff,26.75,T229,44C,off
12/18/2021 13:03:42,Chamber 2,28-041661e256ff,26.687,T229,44C,off
12/18/2021 13:04:02,Chamber 2,28-041661e256ff,26.687,T229,44C,off
12/18/2021 13:04:22,Chamber 2,28-041661e256ff,26.75,T229,44C,off
12/18/2021 13:04:42,Chamber 2,28-041661e256ff,26.75,T229,44C,off
12/18/2021 13:05:02,Chamber 2,28-041661e256ff,26.75,T229,44C,off
12/18/2021 13:05:23,Chamber 2,28-041661e256ff,26.687,T229,44C,off
12/18/2021 13:05:44,Chamber 2,28-041661e256ff,26.75,T229,44C,off
12/18/2021 13:06:02,Chamber 2,28-041661e256ff,26.75,T229,44C,off
12/18/2021 13:06:22,Chamber 2,28-041661e256ff,26.687,T229,44C,off
12/18/2021 13:06:42,Chamber 2,28-041661e256ff,26.75,T229,44C,off
12/18/2021 13:07:02,Chamber 2,28-041661e256ff,26.687,T229,44C,off
12/18/2021 13:07:22,Chamber 2,28-041661e256ff,26.687,T229,44C,off
12/18/2021 13:07:42,Chamber 2,28-041661e256ff,26.687,T229,44C,off
12/18/2021 13:08:02,Chamber 2,28-041661e256ff,26.75,T229,44C,off
12/18/2021 13:08:23,Chamber 2,28-041661e256ff,26.75,T229,44C,off
12/18/2021 13:08:42,Chamber 2,28-041661e256ff,26.75,T229,44C,off
12/18/2021 13:09:02,Chamber 2,28-041661e256ff,26.75,T229,44C,off
12/18/2021 13:09:24,Chamber 2,28-041661e256ff,26.75,T229,44C,off
12/18/2021 13:09:42,Chamber 2,28-041661e256ff,26.75,T229,44C,off
12/18/2021 13:10:02,Chamber 2,28-041661e256ff,26.75,T229,44C,off
12/18/2021 13:10:23,Chamber 2,28-041661e256ff,26.75,T229,44C,off
12/18/2021 13:10:42,Chamber 2,28-041661e256ff,26.75,T229,44C,off
12/18/2021 13:11:02,Chamber 2,28-041661e256ff,26.75,T229,44C,off
12/18/2021 13:11:22,Chamber 2,28-041661e256ff,26.75,T229,44C,off
12/18/2021 13:11:42,Chamber 2,28-041661e256ff,26.75,T229,44C,off
12/18/2021 13:12:02,Chamber 2,28-041661e256ff,26.75,T229,44C,off
12/18/2021 13:12:22,Chamber 2,28-041661e256ff,26.75,T229,44C,off
12/18/2021 13:12:43,Chamber 2,28-041661e256ff,26.75,T229,44C,off
12/18/2021 13:13:02,Chamber 2,28-041661e256ff,26.75,T229,44C,off
12/18/2021 13:13:22,Chamber 2,28-041661e256ff,26.75,T229,44C,off
12/18/2021 13:13:42,Chamber 2,28-041661e256ff,26.75,T229,44C,off
12/18/2021 13:14:02,Chamber 2,28-041661e256ff,26.75,T229,44C,off
12/18/2021 13:14:22,Chamber 2,28-041661e256ff,26.75,T229,44C,off
12/18/2021 13:14:47,Chamber 2,28-041661e256ff,26.75,T229,44C,off
12/18/2021 13:15:02,Chamber 2,28-041661e256ff,26.75,T229,44C,off
12/18/2021 13:15:22,Chamber 2,28-041661e256ff,26.75,T229,44C,off
12/18/2021 13:15:44,Chamber 2,28-041661e256ff,26.75,T229,44C,off
12/18/2021 13:16:02,Chamber 2,28-041661e256ff,26.75,T229,44C,off
12/18/2021 13:16:22,Chamber 2,28-041661e256ff,26.75,T229,44C,off
12/18/2021 13:16:42,Chamber 2,28-041661e256ff,26.75,T229,44C,off
12/18/2021 13:17:02,Chamber 2,28-041661e256ff,26.75,T229,44C,off
12/18/2021 13:17:22,Chamber 2,28-041661e256ff,26.75,T229,44C,off
12/18/2021 13:17:42,Chamber 2,28-041661e256ff,26.75,T229,44C,off
12/18/2021 13:18:03,Chamber 2,28-041661e256ff,26.75,T229,44C,off
12/18/2021 13:18:23,Chamber 2,28-041661e256ff,26.75,T229,44C,off
12/18/2021 13:18:42,Chamber 2,28-041661e256ff,26.75,T229,44C,off
12/18/2021 13:19:02,Chamber 2,28-041661e256ff,26.75,T229,44C,off
12/18/2021 13:19:22,Chamber 2,28-041661e256ff,26.75,T229,44C,off
12/18/2021 13:19:42,Chamber 2,28-041661e256ff,26.75,T229,44C,off
12/18/2021 13:20:02,Chamber 2,28-041661e256ff,26.75,T229,44C,off
12/18/2021 13:20:22,Chamber 2,28-041661e256ff,26.75,T229,44C,off
12/18/2021 13:20:42,Chamber 2,28-041661e256ff,26.75,T229,44C,off
12/18/2021 13:21:02,Chamber 2,28-041661e256ff,26.75,T229,44C,off
12/18/2021 13:21:22,Chamber 2,28-041661e256ff,26.75,T229,44C,off
12/18/2021 13:21:42,Chamber 2,28-041661e256ff,26.75,T229,44C,off
12/18/2021 13:22:02,Chamber 2,28-041661e256ff,26.75,T229,44C,off
12/18/2021 13:22:22,Chamber 2,28-041661e256ff,26.75,T229,44C,off
12/18/2021 13:22:43,Chamber 2,28-041661e256ff,26.75,T229,44C,off
12/18/2021 13:23:02,Chamber 2,28-041661e256ff,26.75,T229,44C,off
12/18/2021 13:23:23,Chamber 2,28-041661e256ff,26.75,T229,44C,off
12/18/2021 13:23:42,Chamber 2,28-041661e256ff,26.75,T229,44C,off
12/18/2021 13:24:02,Chamber 2,28-041661e256ff,26.75,T229,44C,off
12/18/2021 13:24:22,Chamber 2,28-041661e256ff,26.75,T229,44C,off
12/18/2021 13:24:42,Chamber 2,28-041661e256ff,26.75,T229,44C,off
12/18/2021 13:25:02,Chamber 2,28-041661e256ff,26.75,T229,44C,off
12/18/2021 13:25:22,Chamber 2,28-041661e256ff,26.75,T229,44C,off
12/18/2021 13:25:43,Chamber 2,28-041661e256ff,26.75,T229,44C,off
12/18/2021 13:26:02,Chamber 2,28-041661e256ff,26.75,T229,44C,off
12/18/2021 13:26:22,Chamber 2,28-041661e256ff,26.75,T229,44C,off
12/18/2021 13:26:42,Chamber 2,28-041661e256ff,26.75,T229,44C,off
12/18/2021 13:27:03,Chamber 2,28-041661e256ff,26.75,T229,44C,off
12/18/2021 13:27:22,Chamber 2,28-041661e256ff,26.75,T229,44C,off
12/18/2021 13:27:42,Chamber 2,28-041661e256ff,26.75,T229,44C,off
12/18/2021 13:28:02,Chamber 2,28-041661e256ff,26.75,T229,44C,off
12/18/2021 13:28:22,Chamber 2,28-041661e256ff,26.75,T229,44C,off
12/18/2021 13:28:42,Chamber 2,28-041661e256ff,26.75,T229,44C,off
12/18/2021 13:29:02,Chamber 2,28-041661e256ff,26.75,T229,44C,off
12/18/2021 13:29:22,Chamber 2,28-041661e256ff,26.75,T229,44C,off
12/18/2021 13:29:42,Chamber 2,28-041661e256ff,26.75,T229,44C,off
12/18/2021 13:30:02,Chamber 2,28-041661e256ff,26.75,T229,44C,off
12/18/2021 13:30:22,Chamber 2,28-041661e256ff,26.75,T229,44C,off
12/18/2021 13:30:42,Chamber 2,28-041661e256ff,26.75,T229,44C,off
12/18/2021 13:31:03,Chamber 2,28-041661e256ff,26.812,T229,44C,off
12/18/2021 13:31:23,Chamber 2,28-041661e256ff,26.75,T229,44C,off
12/18/2021 13:31:42,Chamber 2,28-041661e256ff,26.75,T229,44C,off
12/18/2021 13:32:02,Chamber 2,28-041661e256ff,26.75,T229,44C,off
12/18/2021 13:32:22,Chamber 2,28-041661e256ff,26.75,T229,44C,off
12/18/2021 13:32:42,Chamber 2,28-041661e256ff,26.75,T229,44C,off
12/18/2021 13:33:02,Chamber 2,28-041661e256ff,26.75,T229,44C,off
12/18/2021 13:33:22,Chamber 2,28-041661e256ff,26.75,T229,44C,off
12/18/2021 13:33:44,Chamber 2,28-041661e256ff,26.75,T229,44C,off
12/18/2021 13:34:02,Chamber 2,28-041661e256ff,26.75,T229,44C,off
12/18/2021 13:34:23,Chamber 2,28-041661e256ff,26.812,T229,44C,off
12/18/2021 13:34:42,Chamber 2,28-041661e256ff,26.75,T229,44C,off
12/18/2021 13:35:02,Chamber 2,28-041661e256ff,26.75,T229,44C,off
12/18/2021 13:35:22,Chamber 2,28-041661e256ff,26.75,T229,44C,off
12/18/2021 13:35:42,Chamber 2,28-041661e256ff,26.75,T229,44C,off
12/18/2021 13:36:02,Chamber 2,28-041661e256ff,26.75,T229,44C,off
12/18/2021 13:36:22,Chamber 2,28-041661e256ff,26.75,T229,44C,off
12/18/2021 13:36:42,Chamber 2,28-041661e256ff,26.75,T229,44C,off
12/18/2021 13:37:02,Chamber 2,28-041661e256ff,26.75,T229,44C,off
12/18/2021 13:37:22,Chamber 2,28-041661e256ff,26.75,T229,44C,off
12/18/2021 13:37:42,Chamber 2,28-041661e256ff,26.812,T229,44C,off
12/18/2021 13:38:02,Chamber 2,28-041661e256ff,26.812,T229,44C,off
12/18/2021 13:38:22,Chamber 2,28-041661e256ff,26.75,T229,44C,off
12/18/2021 13:38:42,Chamber 2,28-041661e256ff,26.75,T229,44C,off
12/18/2021 13:39:02,Chamber 2,28-041661e256ff,26.75,T229,44C,off
12/18/2021 13:39:22,Chamber 2,28-041661e256ff,26.75,T229,44C,off
12/18/2021 13:39:43,Chamber 2,28-041661e256ff,26.812,T229,44C,off
12/18/2021 13:40:02,Chamber 2,28-041661e256ff,26.75,T229,44C,off
12/18/2021 13:40:22,Chamber 2,28-041661e256ff,26.75,T229,44C,off
12/18/2021 13:40:42,Chamber 2,28-041661e256ff,26.812,T229,44C,off
12/18/2021 13:41:03,Chamber 2,28-041661e256ff,26.812,T229,44C,off
12/18/2021 13:41:23,Chamber 2,28-041661e256ff,26.812,T229,44C,off
12/18/2021 13:41:42,Chamber 2,28-041661e256ff,26.75,T229,44C,off
12/18/2021 13:42:04,Chamber 2,28-041661e256ff,26.75,T229,44C,off
12/18/2021 13:42:22,Chamber 2,28-041661e256ff,26.75,T229,44C,off
12/18/2021 13:42:43,Chamber 2,28-041661e256ff,26.812,T229,44C,off
12/18/2021 13:43:02,Chamber 2,28-041661e256ff,26.812,T229,44C,off
12/18/2021 13:43:22,Chamber 2,28-041661e256ff,26.812,T229,44C,off
12/18/2021 13:43:42,Chamber 2,28-041661e256ff,26.812,T229,44C,off
12/18/2021 13:44:02,Chamber 2,28-041661e256ff,26.812,T229,44C,off
12/18/2021 13:44:22,Chamber 2,28-041661e256ff,26.812,T229,44C,off
12/18/2021 13:44:42,Chamber 2,28-041661e256ff,26.75,T229,44C,off
12/18/2021 13:45:02,Chamber 2,28-041661e256ff,26.75,T229,44C,off
12/18/2021 13:45:22,Chamber 2,28-041661e256ff,26.812,T229,44C,off
12/18/2021 13:45:42,Chamber 2,28-041661e256ff,26.75,T229,44C,off
12/18/2021 13:46:02,Chamber 2,28-041661e256ff,26.812,T229,44C,off
12/18/2021 13:46:22,Chamber 2,28-041661e256ff,26.812,T229,44C,off
12/18/2021 13:46:42,Chamber 2,28-041661e256ff,26.812,T229,44C,off
12/18/2021 13:47:03,Chamber 2,28-041661e256ff,26.812,T229,44C,off
12/18/2021 13:47:22,Chamber 2,28-041661e256ff,26.812,T229,44C,off
12/18/2021 13:47:42,Chamber 2,28-041661e256ff,26.812,T229,44C,off
12/18/2021 13:48:02,Chamber 2,28-041661e256ff,26.812,T229,44C,off
12/18/2021 13:48:22,Chamber 2,28-041661e256ff,26.812,T229,44C,off
12/18/2021 13:48:42,Chamber 2,28-041661e256ff,26.812,T229,44C,off
12/18/2021 13:49:02,Chamber 2,28-041661e256ff,26.812,T229,44C,off
12/18/2021 13:49:23,Chamber 2,28-041661e256ff,26.812,T229,44C,off
12/18/2021 13:49:42,Chamber 2,28-041661e256ff,26.812,T229,44C,off
12/18/2021 13:50:02,Chamber 2,28-041661e256ff,26.812,T229,44C,off
12/18/2021 13:50:22,Chamber 2,28-041661e256ff,26.812,T229,44C,off
12/18/2021 13:50:42,Chamber 2,28-041661e256ff,26.812,T229,44C,off
12/18/2021 13:51:02,Chamber 2,28-041661e256ff,26.812,T229,44C,off
12/18/2021 13:51:23,Chamber 2,28-041661e256ff,26.812,T229,44C,off
12/18/2021 13:51:42,Chamber 2,28-041661e256ff,26.812,T229,44C,off
12/18/2021 13:52:02,Chamber 2,28-041661e256ff,26.812,T229,44C,off
12/18/2021 13:52:22,Chamber 2,28-041661e256ff,26.812,T229,44C,off
12/18/2021 13:52:42,Chamber 2,28-041661e256ff,26.812,T229,44C,off
12/18/2021 13:53:02,Chamber 2,28-041661e256ff,26.812,T229,44C,off
12/18/2021 13:53:22,Chamber 2,28-041661e256ff,26.812,T229,44C,off
12/18/2021 13:53:42,Chamber 2,28-041661e256ff,26.812,T229,44C,off
12/18/2021 13:54:05,Chamber 2,28-041661e256ff,26.812,T229,44C,off
12/18/2021 13:54:22,Chamber 2,28-041661e256ff,26.812,T229,44C,off
12/18/2021 13:54:43,Chamber 2,28-041661e256ff,26.812,T229,44C,off
12/18/2021 13:55:03,Chamber 2,28-041661e256ff,26.812,T229,44C,off
12/18/2021 13:55:22,Chamber 2,28-041661e256ff,26.812,T229,44C,off
12/18/2021 13:55:42,Chamber 2,28-041661e256ff,26.812,T229,44C,off
12/18/2021 13:56:02,Chamber 2,28-041661e256ff,26.812,T229,44C,off
12/18/2021 13:56:22,Chamber 2,28-041661e256ff,26.812,T229,44C,off
12/18/2021 13:56:42,Chamber 2,28-041661e256ff,26.812,T229,44C,off
12/18/2021 13:57:02,Chamber 2,28-041661e256ff,26.812,T229,44C,off
12/18/2021 13:57:22,Chamber 2,28-041661e256ff,26.812,T229,44C,off
12/18/2021 13:57:42,Chamber 2,28-041661e256ff,26.812,T229,44C,off
12/18/2021 13:58:02,Chamber 2,28-041661e256ff,26.812,T229,44C,off
12/18/2021 13:58:22,Chamber 2,28-041661e256ff,26.812,T229,44C,off
12/18/2021 13:58:42,Chamber 2,28-041661e256ff,26.812,T229,44C,off
12/18/2021 13:59:02,Chamber 2,28-041661e256ff,26.812,T229,44C,off
12/18/2021 13:59:22,Chamber 2,28-041661e256ff,26.812,T229,44C,off
12/18/2021 13:59:42,Chamber 2,28-041661e256ff,26.812,T229,44C,off
12/18/2021 14:00:03,Chamber 2,28-041661e256ff,26.812,T229,44C,off
12/18/2021 14:00:23,Chamber 2,28-041661e256ff,26.812,T229,44C,off
12/18/2021 14:00:43,Chamber 2,28-041661e256ff,26.812,T229,44C,off
12/18/2021 14:01:03,Chamber 2,28-041661e256ff,26.812,T229,44C,off
12/18/2021 14:01:23,Chamber 2,28-041661e256ff,26.812,T229,44C,off
12/18/2021 14:01:43,Chamber 2,28-041661e256ff,26.812,T229,44C,off
12/18/2021 14:02:03,Chamber 2,28-041661e256ff,26.812,T229,44C,off
12/18/2021 14:02:23,Chamber 2,28-041661e256ff,26.812,T229,44C,off
12/18/2021 14:02:43,Chamber 2,28-041661e256ff,26.812,T229,44C,off
12/18/2021 14:03:03,Chamber 2,28-041661e256ff,26.812,T229,44C,off
12/18/2021 14:03:23,Chamber 2,28-041661e256ff,26.812,T229,44C,off
12/18/2021 14:03:43,Chamber 2,28-041661e256ff,26.812,T229,44C,off
12/18/2021 14:04:03,Chamber 2,28-041661e256ff,26.812,T229,44C,off
12/18/2021 14:04:23,Chamber 2,28-041661e256ff,26.812,T229,44C,off
12/18/2021 14:04:43,Chamber 2,28-041661e256ff,26.812,T229,44C,off
12/18/2021 14:05:03,Chamber 2,28-041661e256ff,26.812,T229,44C,off
12/18/2021 14:05:23,Chamber 2,28-041661e256ff,26.812,T229,44C,off
12/18/2021 14:05:43,Chamber 2,28-041661e256ff,26.812,T229,44C,off
12/18/2021 14:06:03,Chamber 2,28-041661e256ff,26.812,T229,44C,off
12/18/2021 14:06:23,Chamber 2,28-041661e256ff,26.812,T229,44C,off
12/18/2021 14:06:43,Chamber 2,28-041661e256ff,26.812,T229,44C,off
12/18/2021 14:07:03,Chamber 2,28-041661e256ff,26.812,T229,44C,off
12/18/2021 14:07:23,Chamber 2,28-041661e256ff,26.812,T229,44C,off
12/18/2021 14:07:43,Chamber 2,28-041661e256ff,26.875,T229,44C,off
12/18/2021 14:08:03,Chamber 2,28-041661e256ff,26.812,T229,44C,off
12/18/2021 14:08:23,Chamber 2,28-041661e256ff,26.812,T229,44C,off
12/18/2021 14:08:43,Chamber 2,28-041661e256ff,26.812,T229,44C,off
12/18/2021 14:09:03,Chamber 2,28-041661e256ff,26.812,T229,44C,off
12/18/2021 14:09:23,Chamber 2,28-041661e256ff,26.812,T229,44C,off
12/18/2021 14:09:43,Chamber 2,28-041661e256ff,26.812,T229,44C,off
12/18/2021 14:10:03,Chamber 2,28-041661e256ff,26.812,T229,44C,off
12/18/2021 14:10:23,Chamber 2,28-041661e256ff,26.812,T229,44C,off
12/18/2021 14:10:43,Chamber 2,28-041661e256ff,26.875,T229,44C,off
12/18/2021 14:11:03,Chamber 2,28-041661e256ff,26.875,T229,44C,off
12/18/2021 14:11:23,Chamber 2,28-041661e256ff,26.875,T229,44C,off
12/18/2021 14:11:43,Chamber 2,28-041661e256ff,26.812,T229,44C,off
12/18/2021 14:12:03,Chamber 2,28-041661e256ff,26.812,T229,44C,off
12/18/2021 14:12:23,Chamber 2,28-041661e256ff,26.875,T229,44C,off
12/18/2021 14:12:43,Chamber 2,28-041661e256ff,26.875,T229,44C,off
12/18/2021 14:13:03,Chamber 2,28-041661e256ff,26.812,T229,44C,off
12/18/2021 14:13:23,Chamber 2,28-041661e256ff,26.812,T229,44C,off
12/18/2021 14:13:43,Chamber 2,28-041661e256ff,26.812,T229,44C,off
12/18/2021 14:14:03,Chamber 2,28-041661e256ff,26.875,T229,44C,off
12/18/2021 14:14:23,Chamber 2,28-041661e256ff,26.812,T229,44C,off
12/18/2021 14:14:44,Chamber 2,28-041661e256ff,26.875,T229,44C,off
12/18/2021 14:15:03,Chamber 2,28-041661e256ff,26.875,T229,44C,off
12/18/2021 14:15:23,Chamber 2,28-041661e256ff,26.875,T229,44C,off
12/18/2021 14:15:43,Chamber 2,28-041661e256ff,26.875,T229,44C,off
12/18/2021 14:16:04,Chamber 2,28-041661e256ff,26.875,T229,44C,off
12/18/2021 14:16:23,Chamber 2,28-041661e256ff,26.875,T229,44C,off
12/18/2021 14:16:43,Chamber 2,28-041661e256ff,26.875,T229,44C,off
12/18/2021 14:17:03,Chamber 2,28-041661e256ff,26.812,T229,44C,off
12/18/2021 14:17:23,Chamber 2,28-041661e256ff,26.875,T229,44C,off
12/18/2021 14:17:43,Chamber 2,28-041661e256ff,26.812,T229,44C,off
12/18/2021 14:18:03,Chamber 2,28-041661e256ff,26.875,T229,44C,off
12/18/2021 14:18:23,Chamber 2,28-041661e256ff,26.875,T229,44C,off
12/18/2021 14:18:43,Chamber 2,28-041661e256ff,26.875,T229,44C,off
12/18/2021 14:19:03,Chamber 2,28-041661e256ff,26.875,T229,44C,off
12/18/2021 14:19:24,Chamber 2,28-041661e256ff,26.875,T229,44C,off
12/18/2021 14:19:43,Chamber 2,28-041661e256ff,26.875,T229,44C,off
12/18/2021 14:20:03,Chamber 2,28-041661e256ff,26.875,T229,44C,off
12/18/2021 14:20:23,Chamber 2,28-041661e256ff,26.875,T229,44C,off
12/18/2021 14:20:43,Chamber 2,28-041661e256ff,26.875,T229,44C,off
12/18/2021 14:21:03,Chamber 2,28-041661e256ff,26.875,T229,44C,off
12/18/2021 14:21:23,Chamber 2,28-041661e256ff,26.875,T229,44C,off
12/18/2021 14:21:43,Chamber 2,28-041661e256ff,26.875,T229,44C,off
12/18/2021 14:22:03,Chamber 2,28-041661e256ff,26.875,T229,44C,off
12/18/2021 14:22:23,Chamber 2,28-041661e256ff,26.875,T229,44C,off
12/18/2021 14:22:43,Chamber 2,28-041661e256ff,26.875,T229,44C,off
12/18/2021 14:23:03,Chamber 2,28-041661e256ff,26.875,T229,44C,off
12/18/2021 14:23:23,Chamber 2,28-041661e256ff,26.875,T229,44C,off
12/18/2021 14:23:43,Chamber 2,28-041661e256ff,26.875,T229,44C,off
12/18/2021 14:24:03,Chamber 2,28-041661e256ff,26.875,T229,44C,off
12/18/2021 14:24:23,Chamber 2,28-041661e256ff,26.875,T229,44C,off
12/18/2021 14:24:43,Chamber 2,28-041661e256ff,26.875,T229,44C,off
12/18/2021 14:25:03,Chamber 2,28-041661e256ff,26.875,T229,44C,off
12/18/2021 14:25:23,Chamber 2,28-041661e256ff,26.875,T229,44C,off
12/18/2021 14:25:43,Chamber 2,28-041661e256ff,26.875,T229,44C,off
12/18/2021 14:26:03,Chamber 2,28-041661e256ff,26.875,T229,44C,off
12/18/2021 14:26:23,Chamber 2,28-041661e256ff,26.875,T229,44C,off
12/18/2021 14:26:43,Chamber 2,28-041661e256ff,26.875,T229,44C,off
12/18/2021 14:27:03,Chamber 2,28-041661e256ff,26.875,T229,44C,off
12/18/2021 14:27:23,Chamber 2,28-041661e256ff,26.875,T229,44C,off
12/18/2021 14:27:43,Chamber 2,28-041661e256ff,26.875,T229,44C,off
12/18/2021 14:28:04,Chamber 2,28-041661e256ff,26.875,T229,44C,off
12/18/2021 14:28:23,Chamber 2,28-041661e256ff,26.875,T229,44C,off
12/18/2021 14:28:43,Chamber 2,28-041661e256ff,26.875,T229,44C,off
12/18/2021 14:29:03,Chamber 2,28-041661e256ff,26.875,T229,44C,off
12/18/2021 14:29:23,Chamber 2,28-041661e256ff,26.875,T229,44C,off
12/18/2021 14:29:43,Chamber 2,28-041661e256ff,26.875,T229,44C,off
12/18/2021 14:30:03,Chamber 2,28-041661e256ff,26.875,T229,44C,off
12/18/2021 14:30:23,Chamber 2,28-041661e256ff,26.875,T229,44C,off
12/18/2021 14:30:43,Chamber 2,28-041661e256ff,26.875,T229,44C,off
12/18/2021 14:31:03,Chamber 2,28-041661e256ff,26.875,T229,44C,off
12/18/2021 14:31:23,Chamber 2,28-041661e256ff,26.875,T229,44C,off
12/18/2021 14:31:43,Chamber 2,28-041661e256ff,26.875,T229,44C,off
12/18/2021 14:32:03,Chamber 2,28-041661e256ff,26.875,T229,44C,off
12/18/2021 14:32:23,Chamber 2,28-041661e256ff,26.875,T229,44C,off
12/18/2021 14:32:43,Chamber 2,28-041661e256ff,26.875,T229,44C,off
12/18/2021 14:33:03,Chamber 2,28-041661e256ff,26.875,T229,44C,off
12/18/2021 14:33:23,Chamber 2,28-041661e256ff,26.875,T229,44C,off
12/18/2021 14:33:43,Chamber 2,28-041661e256ff,26.875,T229,44C,off
12/18/2021 14:34:03,Chamber 2,28-041661e256ff,26.875,T229,44C,off
12/18/2021 14:34:23,Chamber 2,28-041661e256ff,26.875,T229,44C,off
12/18/2021 14:34:44,Chamber 2,28-041661e256ff,26.875,T229,44C,off
12/18/2021 14:35:03,Chamber 2,28-041661e256ff,26.875,T229,44C,off
12/18/2021 14:35:23,Chamber 2,28-041661e256ff,26.875,T229,44C,off
12/18/2021 14:35:43,Chamber 2,28-041661e256ff,26.875,T229,44C,off
12/18/2021 14:36:03,Chamber 2,28-041661e256ff,26.875,T229,44C,off
12/18/2021 14:36:23,Chamber 2,28-041661e256ff,26.875,T229,44C,off
12/18/2021 14:36:43,Chamber 2,28-041661e256ff,26.875,T229,44C,off
12/18/2021 14:37:03,Chamber 2,28-041661e256ff,26.875,T229,44C,off
12/18/2021 14:37:23,Chamber 2,28-041661e256ff,26.875,T229,44C,off
12/18/2021 14:37:43,Chamber 2,28-041661e256ff,26.875,T229,44C,off
12/18/2021 14:38:03,Chamber 2,28-041661e256ff,26.875,T229,44C,off
12/18/2021 14:38:24,Chamber 2,28-041661e256ff,26.875,T229,44C,off
12/18/2021 14:38:43,Chamber 2,28-041661e256ff,26.875,T229,44C,off
12/18/2021 14:39:03,Chamber 2,28-041661e256ff,26.875,T229,44C,off
12/18/2021 14:39:24,Chamber 2,28-041661e256ff,26.875,T229,44C,off
12/18/2021 14:39:44,Chamber 2,28-041661e256ff,26.875,T229,44C,off
12/18/2021 14:40:03,Chamber 2,28-041661e256ff,26.875,T229,44C,off
12/18/2021 14:40:23,Chamber 2,28-041661e256ff,26.875,T229,44C,off
12/18/2021 14:40:43,Chamber 2,28-041661e256ff,26.875,T229,44C,off
12/18/2021 14:41:03,Chamber 2,28-041661e256ff,26.875,T229,44C,off
12/18/2021 14:41:23,Chamber 2,28-041661e256ff,26.875,T229,44C,off
12/18/2021 14:41:43,Chamber 2,28-041661e256ff,26.875,T229,44C,off
12/18/2021 14:42:03,Chamber 2,28-041661e256ff,26.875,T229,44C,off
12/18/2021 14:42:24,Chamber 2,28-041661e256ff,26.937,T229,44C,off
12/18/2021 14:42:43,Chamber 2,28-041661e256ff,26.875,T229,44C,off
12/18/2021 14:43:03,Chamber 2,28-041661e256ff,26.937,T229,44C,off
12/18/2021 14:43:23,Chamber 2,28-041661e256ff,26.937,T229,44C,off
12/18/2021 14:43:45,Chamber 2,28-041661e256ff,26.937,T229,44C,off
12/18/2021 14:44:03,Chamber 2,28-041661e256ff,26.875,T229,44C,off
12/18/2021 14:44:23,Chamber 2,28-041661e256ff,26.937,T229,44C,off
12/18/2021 14:44:43,Chamber 2,28-041661e256ff,26.875,T229,44C,off
12/18/2021 14:45:03,Chamber 2,28-041661e256ff,26.937,T229,44C,off
12/18/2021 14:45:25,Chamber 2,28-041661e256ff,26.937,T229,44C,off
12/18/2021 14:45:43,Chamber 2,28-041661e256ff,26.937,T229,44C,off
12/18/2021 14:46:04,Chamber 2,28-041661e256ff,26.937,T229,44C,off
12/18/2021 14:46:23,Chamber 2,28-041661e256ff,26.937,T229,44C,off
12/18/2021 14:46:43,Chamber 2,28-041661e256ff,26.937,T229,44C,off
12/18/2021 14:47:04,Chamber 2,28-041661e256ff,26.937,T229,44C,off
12/18/2021 14:47:23,Chamber 2,28-041661e256ff,26.937,T229,44C,off
12/18/2021 14:47:44,Chamber 2,28-041661e256ff,26.937,T229,44C,off
12/18/2021 14:48:03,Chamber 2,28-041661e256ff,26.937,T229,44C,off
12/18/2021 14:48:23,Chamber 2,28-041661e256ff,26.937,T229,44C,off
12/18/2021 14:48:43,Chamber 2,28-041661e256ff,26.937,T229,44C,off
12/18/2021 14:49:03,Chamber 2,28-041661e256ff,26.937,T229,44C,off
12/18/2021 14:49:23,Chamber 2,28-041661e256ff,26.937,T229,44C,off
12/18/2021 14:49:43,Chamber 2,28-041661e256ff,26.937,T229,44C,off
12/18/2021 14:50:03,Chamber 2,28-041661e256ff,26.937,T229,44C,off
12/18/2021 14:50:24,Chamber 2,28-041661e256ff,26.937,T229,44C,off
12/18/2021 14:50:43,Chamber 2,28-041661e256ff,26.937,T229,44C,off
12/18/2021 14:51:03,Chamber 2,28-041661e256ff,26.937,T229,44C,off
12/18/2021 14:51:23,Chamber 2,28-041661e256ff,26.937,T229,44C,off
12/18/2021 14:51:43,Chamber 2,28-041661e256ff,26.937,T229,44C,off
12/18/2021 14:52:03,Chamber 2,28-041661e256ff,26.937,T229,44C,off
12/18/2021 14:52:23,Chamber 2,28-041661e256ff,26.937,T229,44C,off
12/18/2021 14:52:43,Chamber 2,28-041661e256ff,26.937,T229,44C,off
12/18/2021 14:53:03,Chamber 2,28-041661e256ff,26.937,T229,44C,off
12/18/2021 14:53:23,Chamber 2,28-041661e256ff,26.937,T229,44C,off
12/18/2021 14:53:44,Chamber 2,28-041661e256ff,26.937,T229,44C,off
12/18/2021 14:54:03,Chamber 2,28-041661e256ff,26.937,T229,44C,off
12/18/2021 14:54:23,Chamber 2,28-041661e256ff,26.937,T229,44C,off
12/18/2021 14:54:43,Chamber 2,28-041661e256ff,26.937,T229,44C,off
12/18/2021 14:55:03,Chamber 2,28-041661e256ff,26.937,T229,44C,off
12/18/2021 14:55:23,Chamber 2,28-041661e256ff,26.937,T229,44C,off
12/18/2021 14:55:43,Chamber 2,28-041661e256ff,26.937,T229,44C,off
12/18/2021 14:56:03,Chamber 2,28-041661e256ff,26.937,T229,44C,off
12/18/2021 14:56:23,Chamber 2,28-041661e256ff,26.937,T229,44C,off
12/18/2021 14:56:43,Chamber 2,28-041661e256ff,26.937,T229,44C,off
12/18/2021 14:57:03,Chamber 2,28-041661e256ff,26.937,T229,44C,off
12/18/2021 14:57:23,Chamber 2,28-041661e256ff,26.937,T229,44C,off
12/18/2021 14:57:43,Chamber 2,28-041661e256ff,26.937,T229,44C,off
12/18/2021 14:58:03,Chamber 2,28-041661e256ff,26.937,T229,44C,off
12/18/2021 14:58:23,Chamber 2,28-041661e256ff,26.937,T229,44C,off
12/18/2021 14:58:43,Chamber 2,28-041661e256ff,26.937,T229,44C,off
12/18/2021 14:59:03,Chamber 2,28-041661e256ff,26.937,T229,44C,off
12/18/2021 14:59:23,Chamber 2,28-041661e256ff,26.937,T229,44C,off
12/18/2021 14:59:43,Chamber 2,28-041661e256ff,26.937,T229,44C,off
12/18/2021 15:00:03,Chamber 2,28-041661e256ff,26.937,T229,44C,off
12/18/2021 15:00:23,Chamber 2,28-041661e256ff,26.937,T229,44C,off
12/18/2021 15:00:43,Chamber 2,28-041661e256ff,26.937,T229,44C,off
12/18/2021 15:01:03,Chamber 2,28-041661e256ff,26.937,T229,44C,off
12/18/2021 15:01:23,Chamber 2,28-041661e256ff,26.937,T229,44C,off
12/18/2021 15:01:43,Chamber 2,28-041661e256ff,26.937,T229,44C,off
12/18/2021 15:02:03,Chamber 2,28-041661e256ff,26.937,T229,44C,off
12/18/2021 15:02:23,Chamber 2,28-041661e256ff,26.937,T229,44C,off
12/18/2021 15:02:43,Chamber 2,28-041661e256ff,26.937,T229,44C,off
12/18/2021 15:03:03,Chamber 2,28-041661e256ff,26.937,T229,44C,off
12/18/2021 15:03:23,Chamber 2,28-041661e256ff,26.937,T229,44C,off
12/18/2021 15:03:43,Chamber 2,28-041661e256ff,26.937,T229,44C,off
12/18/2021 15:04:03,Chamber 2,28-041661e256ff,26.937,T229,44C,off
12/18/2021 15:04:23,Chamber 2,28-041661e256ff,26.937,T229,44C,off
12/18/2021 15:04:43,Chamber 2,28-041661e256ff,26.937,T229,44C,off
12/18/2021 15:05:03,Chamber 2,28-041661e256ff,26.937,T229,44C,off
12/18/2021 15:05:23,Chamber 2,28-041661e256ff,26.937,T229,44C,off
12/18/2021 15:05:43,Chamber 2,28-041661e256ff,26.937,T229,44C,off
12/18/2021 15:06:03,Chamber 2,28-041661e256ff,26.937,T229,44C,off
12/18/2021 15:06:23,Chamber 2,28-041661e256ff,26.937,T229,44C,off
12/18/2021 15:06:43,Chamber 2,28-041661e256ff,26.937,T229,44C,off
12/18/2021 15:07:03,Chamber 2,28-041661e256ff,26.937,T229,44C,off
12/18/2021 15:07:23,Chamber 2,28-041661e256ff,26.937,T229,44C,off
12/18/2021 15:07:43,Chamber 2,28-041661e256ff,26.937,T229,44C,off
12/18/2021 15:08:03,Chamber 2,28-041661e256ff,26.937,T229,44C,off
12/18/2021 15:08:23,Chamber 2,28-041661e256ff,26.937,T229,44C,off
12/18/2021 15:08:43,Chamber 2,28-041661e256ff,26.937,T229,44C,off
12/18/2021 15:09:03,Chamber 2,28-041661e256ff,26.937,T229,44C,off
12/18/2021 15:09:23,Chamber 2,28-041661e256ff,26.937,T229,44C,off
12/18/2021 15:09:43,Chamber 2,28-041661e256ff,26.937,T229,44C,off
12/18/2021 15:10:03,Chamber 2,28-041661e256ff,26.937,T229,44C,off
12/18/2021 15:10:23,Chamber 2,28-041661e256ff,26.937,T229,44C,off
12/18/2021 15:10:43,Chamber 2,28-041661e256ff,26.937,T229,44C,off
12/18/2021 15:11:03,Chamber 2,28-041661e256ff,26.937,T229,44C,off
12/18/2021 15:11:23,Chamber 2,28-041661e256ff,26.937,T229,44C,off
12/18/2021 15:11:43,Chamber 2,28-041661e256ff,26.937,T229,44C,off
12/18/2021 15:12:03,Chamber 2,28-041661e256ff,26.937,T229,44C,off
12/18/2021 15:12:23,Chamber 2,28-041661e256ff,26.937,T229,44C,off
12/18/2021 15:12:45,Chamber 2,28-041661e256ff,26.937,T229,44C,off
12/18/2021 15:13:03,Chamber 2,28-041661e256ff,26.937,T229,44C,off
12/18/2021 15:13:23,Chamber 2,28-041661e256ff,26.937,T229,44C,off
12/18/2021 15:13:43,Chamber 2,28-041661e256ff,26.937,T229,44C,off
12/18/2021 15:14:03,Chamber 2,28-041661e256ff,26.937,T229,44C,off
12/18/2021 15:14:23,Chamber 2,28-041661e256ff,26.937,T229,44C,off
12/18/2021 15:14:43,Chamber 2,28-041661e256ff,26.937,T229,44C,off
12/18/2021 15:15:03,Chamber 2,28-041661e256ff,27.0,T229,44C,off
12/18/2021 15:15:23,Chamber 2,28-041661e256ff,27.0,T229,44C,off
12/18/2021 15:15:43,Chamber 2,28-041661e256ff,26.937,T229,44C,off
12/18/2021 15:16:03,Chamber 2,28-041661e256ff,27.0,T229,44C,off
12/18/2021 15:16:23,Chamber 2,28-041661e256ff,26.937,T229,44C,off
12/18/2021 15:16:43,Chamber 2,28-041661e256ff,27.0,T229,44C,off
12/18/2021 15:17:03,Chamber 2,28-041661e256ff,27.0,T229,44C,off
12/18/2021 15:17:23,Chamber 2,28-041661e256ff,27.0,T229,44C,off
12/18/2021 15:17:43,Chamber 2,28-041661e256ff,27.0,T229,44C,off
12/18/2021 15:18:03,Chamber 2,28-041661e256ff,27.0,T229,44C,off
12/18/2021 15:18:24,Chamber 2,28-041661e256ff,27.0,T229,44C,off
12/18/2021 15:18:43,Chamber 2,28-041661e256ff,27.0,T229,44C,off
12/18/2021 15:19:03,Chamber 2,28-041661e256ff,27.0,T229,44C,off
12/18/2021 15:19:23,Chamber 2,28-041661e256ff,27.0,T229,44C,off
12/18/2021 15:19:43,Chamber 2,28-041661e256ff,27.0,T229,44C,off
12/18/2021 15:20:03,Chamber 2,28-041661e256ff,27.0,T229,44C,off
12/18/2021 15:20:23,Chamber 2,28-041661e256ff,27.0,T229,44C,off
12/18/2021 15:20:43,Chamber 2,28-041661e256ff,27.0,T229,44C,off
12/18/2021 15:21:03,Chamber 2,28-041661e256ff,27.0,T229,44C,off
12/18/2021 15:21:24,Chamber 2,28-041661e256ff,27.0,T229,44C,off
12/18/2021 15:21:43,Chamber 2,28-041661e256ff,27.0,T229,44C,off
12/18/2021 15:22:03,Chamber 2,28-041661e256ff,27.0,T229,44C,off
12/18/2021 15:22:23,Chamber 2,28-041661e256ff,27.0,T229,44C,off
12/18/2021 15:22:43,Chamber 2,28-041661e256ff,27.0,T229,44C,off
12/18/2021 15:23:03,Chamber 2,28-041661e256ff,27.0,T229,44C,off
12/18/2021 15:23:23,Chamber 2,28-041661e256ff,27.0,T229,44C,off
12/18/2021 15:23:43,Chamber 2,28-041661e256ff,27.0,T229,44C,off
12/18/2021 15:24:03,Chamber 2,28-041661e256ff,27.0,T229,44C,off
12/18/2021 15:24:23,Chamber 2,28-041661e256ff,27.0,T229,44C,off
12/18/2021 15:24:43,Chamber 2,28-041661e256ff,27.0,T229,44C,off
12/18/2021 15:25:03,Chamber 2,28-041661e256ff,27.0,T229,44C,off
12/18/2021 15:25:23,Chamber 2,28-041661e256ff,27.0,T229,44C,off
12/18/2021 15:25:43,Chamber 2,28-041661e256ff,27.0,T229,44C,off
12/18/2021 15:26:03,Chamber 2,28-041661e256ff,27.0,T229,44C,off
12/18/2021 15:26:23,Chamber 2,28-041661e256ff,27.0,T229,44C,off
12/18/2021 15:26:43,Chamber 2,28-041661e256ff,27.0,T229,44C,off
12/18/2021 15:27:03,Chamber 2,28-041661e256ff,27.0,T229,44C,off
12/18/2021 15:27:23,Chamber 2,28-041661e256ff,27.0,T229,44C,off
12/18/2021 15:27:43,Chamber 2,28-041661e256ff,27.0,T229,44C,off
12/18/2021 15:28:03,Chamber 2,28-041661e256ff,27.0,T229,44C,off
12/18/2021 15:28:23,Chamber 2,28-041661e256ff,27.0,T229,44C,off
12/18/2021 15:28:43,Chamber 2,28-041661e256ff,27.0,T229,44C,off
12/18/2021 15:29:03,Chamber 2,28-041661e256ff,27.0,T229,44C,off
12/18/2021 15:29:23,Chamber 2,28-041661e256ff,27.0,T229,44C,off
12/18/2021 15:29:43,Chamber 2,28-041661e256ff,27.0,T229,44C,off
12/18/2021 15:30:04,Chamber 2,28-041661e256ff,27.0,T229,44C,off
12/18/2021 15:30:23,Chamber 2,28-041661e256ff,27.0,T229,44C,off
12/18/2021 15:30:43,Chamber 2,28-041661e256ff,27.0,T229,44C,off
12/18/2021 15:31:03,Chamber 2,28-041661e256ff,27.0,T229,44C,off
12/18/2021 15:31:23,Chamber 2,28-041661e256ff,27.0,T229,44C,off
12/18/2021 15:31:43,Chamber 2,28-041661e256ff,27.0,T229,44C,off
12/18/2021 15:32:03,Chamber 2,28-041661e256ff,27.0,T229,44C,off
12/18/2021 15:32:23,Chamber 2,28-041661e256ff,27.0,T229,44C,off
12/18/2021 15:32:43,Chamber 2,28-041661e256ff,27.0,T229,44C,off
12/18/2021 15:33:03,Chamber 2,28-041661e256ff,27.0,T229,44C,off
12/18/2021 15:33:23,Chamber 2,28-041661e256ff,27.0,T229,44C,off
12/18/2021 15:33:43,Chamber 2,28-041661e256ff,27.0,T229,44C,off
12/18/2021 15:34:03,Chamber 2,28-041661e256ff,27.0,T229,44C,off
12/18/2021 15:34:23,Chamber 2,28-041661e256ff,27.0,T229,44C,off
12/18/2021 15:34:43,Chamber 2,28-041661e256ff,27.0,T229,44C,off
12/18/2021 15:35:03,Chamber 2,28-041661e256ff,27.0,T229,44C,off
12/18/2021 15:35:23,Chamber 2,28-041661e256ff,27.0,T229,44C,off
12/18/2021 15:35:43,Chamber 2,28-041661e256ff,27.0,T229,44C,off
12/18/2021 15:36:03,Chamber 2,28-041661e256ff,27.0,T229,44C,off
12/18/2021 15:36:23,Chamber 2,28-041661e256ff,27.0,T229,44C,off
12/18/2021 15:36:43,Chamber 2,28-041661e256ff,27.0,T229,44C,off
12/18/2021 15:37:03,Chamber 2,28-041661e256ff,27.0,T229,44C,off
12/18/2021 15:37:23,Chamber 2,28-041661e256ff,27.0,T229,44C,off
12/18/2021 15:37:43,Chamber 2,28-041661e256ff,27.0,T229,44C,off
12/18/2021 15:38:03,Chamber 2,28-041661e256ff,27.0,T229,44C,off
12/18/2021 15:38:23,Chamber 2,28-041661e256ff,27.0,T229,44C,off
12/18/2021 15:38:43,Chamber 2,28-041661e256ff,27.0,T229,44C,off
12/18/2021 15:39:03,Chamber 2,28-041661e256ff,27.0,T229,44C,off
12/18/2021 15:39:23,Chamber 2,28-041661e256ff,27.0,T229,44C,off
12/18/2021 15:39:43,Chamber 2,28-041661e256ff,27.0,T229,44C,off
12/18/2021 15:40:03,Chamber 2,28-041661e256ff,27.0,T229,44C,off
12/18/2021 15:40:23,Chamber 2,28-041661e256ff,27.0,T229,44C,off
12/18/2021 15:40:43,Chamber 2,28-041661e256ff,27.0,T229,44C,off
12/18/2021 15:41:03,Chamber 2,28-041661e256ff,27.0,T229,44C,off
12/18/2021 15:41:23,Chamber 2,28-041661e256ff,27.0,T229,44C,off
12/18/2021 15:41:43,Chamber 2,28-041661e256ff,27.0,T229,44C,off
12/18/2021 15:42:03,Chamber 2,28-041661e256ff,27.0,T229,44C,off
12/18/2021 15:42:23,Chamber 2,28-041661e256ff,27.0,T229,44C,off
12/18/2021 15:42:43,Chamber 2,28-041661e256ff,27.0,T229,44C,off
12/18/2021 15:43:03,Chamber 2,28-041661e256ff,27.0,T229,44C,off
12/18/2021 15:43:23,Chamber 2,28-041661e256ff,27.0,T229,44C,off
12/18/2021 15:43:43,Chamber 2,28-041661e256ff,27.0,T229,44C,off
12/18/2021 15:44:03,Chamber 2,28-041661e256ff,27.0,T229,44C,off
12/18/2021 15:44:23,Chamber 2,28-041661e256ff,27.0,T229,44C,off
12/18/2021 15:44:43,Chamber 2,28-041661e256ff,27.0,T229,44C,off
12/18/2021 15:45:03,Chamber 2,28-041661e256ff,27.0,T229,44C,off
12/18/2021 15:45:23,Chamber 2,28-041661e256ff,27.0,T229,44C,off
12/18/2021 15:45:46,Chamber 2,28-041661e256ff,27.0,T229,44C,off
12/18/2021 15:46:03,Chamber 2,28-041661e256ff,27.0,T229,44C,off
12/18/2021 15:46:23,Chamber 2,28-041661e256ff,27.0,T229,44C,off
12/18/2021 15:46:43,Chamber 2,28-041661e256ff,27.0,T229,44C,off
12/18/2021 15:47:03,Chamber 2,28-041661e256ff,27.0,T229,44C,off
12/18/2021 15:47:23,Chamber 2,28-041661e256ff,27.0,T229,44C,off
12/18/2021 15:47:43,Chamber 2,28-041661e256ff,27.0,T229,44C,off
12/18/2021 15:48:03,Chamber 2,28-041661e256ff,27.0,T229,44C,off
12/18/2021 15:48:23,Chamber 2,28-041661e256ff,27.0,T229,44C,off
12/18/2021 15:48:43,Chamber 2,28-041661e256ff,27.0,T229,44C,off
12/18/2021 15:49:03,Chamber 2,28-041661e256ff,27.0,T229,44C,off
12/18/2021 15:49:23,Chamber 2,28-041661e256ff,27.0,T229,44C,off
12/18/2021 15:49:43,Chamber 2,28-041661e256ff,27.0,T229,44C,off
12/18/2021 15:50:03,Chamber 2,28-041661e256ff,27.0,T229,44C,off
12/18/2021 15:50:23,Chamber 2,28-041661e256ff,27.0,T229,44C,off
12/18/2021 15:50:43,Chamber 2,28-041661e256ff,27.0,T229,44C,off
12/18/2021 15:51:03,Chamber 2,28-041661e256ff,27.0,T229,44C,off
12/18/2021 15:51:24,Chamber 2,28-041661e256ff,27.0,T229,44C,off
12/18/2021 15:51:43,Chamber 2,28-041661e256ff,27.0,T229,44C,off
12/18/2021 15:52:03,Chamber 2,28-041661e256ff,27.0,T229,44C,off
12/18/2021 15:52:23,Chamber 2,28-041661e256ff,27.0,T229,44C,off
12/18/2021 15:52:43,Chamber 2,28-041661e256ff,27.0,T229,44C,off
12/18/2021 15:53:03,Chamber 2,28-041661e256ff,27.0,T229,44C,off
12/18/2021 15:53:23,Chamber 2,28-041661e256ff,27.0,T229,44C,off
12/18/2021 15:53:43,Chamber 2,28-041661e256ff,27.0,T229,44C,off
12/18/2021 15:54:03,Chamber 2,28-041661e256ff,27.0,T229,44C,off
12/18/2021 15:54:23,Chamber 2,28-041661e256ff,27.0,T229,44C,off
12/18/2021 15:54:43,Chamber 2,28-041661e256ff,27.0,T229,44C,off
12/18/2021 15:55:03,Chamber 2,28-041661e256ff,27.0,T229,44C,off
12/18/2021 15:55:23,Chamber 2,28-041661e256ff,27.0,T229,44C,off
12/18/2021 15:55:44,Chamber 2,28-041661e256ff,27.0,T229,44C,off
12/18/2021 15:56:03,Chamber 2,28-041661e256ff,27.0,T229,44C,off
12/18/2021 15:56:23,Chamber 2,28-041661e256ff,27.0,T229,44C,off
12/18/2021 15:56:43,Chamber 2,28-041661e256ff,27.0,T229,44C,off
12/18/2021 15:57:03,Chamber 2,28-041661e256ff,27.0,T229,44C,off
12/18/2021 15:57:23,Chamber 2,28-041661e256ff,27.0,T229,44C,off
12/18/2021 15:57:43,Chamber 2,28-041661e256ff,27.0,T229,44C,off
12/18/2021 15:58:03,Chamber 2,28-041661e256ff,27.0,T229,44C,off
12/18/2021 15:58:23,Chamber 2,28-041661e256ff,27.0,T229,44C,off
12/18/2021 15:58:43,Chamber 2,28-041661e256ff,27.0,T229,44C,off
12/18/2021 15:59:03,Chamber 2,28-041661e256ff,27.0,T229,44C,off
12/18/2021 15:59:23,Chamber 2,28-041661e256ff,27.0,T229,44C,off
12/18/2021 15:59:43,Chamber 2,28-041661e256ff,27.0,T229,44C,off
12/18/2021 16:00:02,Chamber 2,28-041661e256ff,27.0,T229,44C,off
12/18/2021 16:00:22,Chamber 2,28-041661e256ff,27.0,T229,44C,off
12/18/2021 16:00:42,Chamber 2,28-041661e256ff,27.0,T229,44C,off
12/18/2021 16:01:02,Chamber 2,28-041661e256ff,27.0,T229,44C,off
12/18/2021 16:01:22,Chamber 2,28-041661e256ff,27.0,T229,44C,off
12/18/2021 16:01:42,Chamber 2,28-041661e256ff,27.0,T229,44C,off
12/18/2021 16:02:02,Chamber 2,28-041661e256ff,27.0,T229,44C,off
12/18/2021 16:02:22,Chamber 2,28-041661e256ff,27.0,T229,44C,off
12/18/2021 16:02:42,Chamber 2,28-041661e256ff,27.0,T229,44C,off
12/18/2021 16:03:02,Chamber 2,28-041661e256ff,27.0,T229,44C,off
12/18/2021 16:03:22,Chamber 2,28-041661e256ff,27.0,T229,44C,off
12/18/2021 16:03:42,Chamber 2,28-041661e256ff,27.0,T229,44C,off
12/18/2021 16:04:02,Chamber 2,28-041661e256ff,27.0,T229,44C,off
12/18/2021 16:04:22,Chamber 2,28-041661e256ff,27.0,T229,44C,off
12/18/2021 16:04:42,Chamber 2,28-041661e256ff,27.0,T229,44C,off
12/18/2021 16:05:02,Chamber 2,28-041661e256ff,27.0,T229,44C,off
12/18/2021 16:05:22,Chamber 2,28-041661e256ff,27.0,T229,44C,off
12/18/2021 16:05:42,Chamber 2,28-041661e256ff,27.0,T229,44C,off
12/18/2021 16:06:02,Chamber 2,28-041661e256ff,27.0,T229,44C,off
12/18/2021 16:06:22,Chamber 2,28-041661e256ff,27.0,T229,44C,off
12/18/2021 16:06:42,Chamber 2,28-041661e256ff,27.0,T229,44C,off
12/18/2021 16:07:02,Chamber 2,28-041661e256ff,27.0,T229,44C,off
12/18/2021 16:07:22,Chamber 2,28-041661e256ff,27.0,T229,44C,off
12/18/2021 16:07:42,Chamber 2,28-041661e256ff,27.0,T229,44C,off
12/18/2021 16:08:02,Chamber 2,28-041661e256ff,27.0,T229,44C,off
12/18/2021 16:08:22,Chamber 2,28-041661e256ff,27.0,T229,44C,off
12/18/2021 16:08:44,Chamber 2,28-041661e256ff,27.0,T229,44C,off
12/18/2021 16:09:03,Chamber 2,28-041661e256ff,27.0,T229,44C,off
12/18/2021 16:09:22,Chamber 2,28-041661e256ff,27.0,T229,44C,off
12/18/2021 16:09:43,Chamber 2,28-041661e256ff,27.0,T229,44C,off
12/18/2021 16:10:02,Chamber 2,28-041661e256ff,27.0,T229,44C,off
12/18/2021 16:10:22,Chamber 2,28-041661e256ff,27.0,T229,44C,off
12/18/2021 16:10:42,Chamber 2,28-041661e256ff,27.0,T229,44C,off
12/18/2021 16:11:02,Chamber 2,28-041661e256ff,27.0,T229,44C,off
12/18/2021 16:11:22,Chamber 2,28-041661e256ff,27.0,T229,44C,off
12/18/2021 16:11:42,Chamber 2,28-041661e256ff,27.0,T229,44C,off
12/18/2021 16:12:04,Chamber 2,28-041661e256ff,27.0,T229,44C,off
12/18/2021 16:12:22,Chamber 2,28-041661e256ff,27.0,T229,44C,off
12/18/2021 16:12:42,Chamber 2,28-041661e256ff,27.0,T229,44C,off
12/18/2021 16:13:02,Chamber 2,28-041661e256ff,27.0,T229,44C,off
12/18/2021 16:13:22,Chamber 2,28-041661e256ff,27.0,T229,44C,off
12/18/2021 16:13:42,Chamber 2,28-041661e256ff,27.0,T229,44C,off
12/18/2021 16:14:02,Chamber 2,28-041661e256ff,27.0,T229,44C,off
12/18/2021 16:14:22,Chamber 2,28-041661e256ff,27.0,T229,44C,off
12/18/2021 16:14:42,Chamber 2,28-041661e256ff,27.0,T229,44C,off
12/18/2021 16:15:02,Chamber 2,28-041661e256ff,27.0,T229,44C,off
12/18/2021 16:15:22,Chamber 2,28-041661e256ff,27.0,T229,44C,off
12/18/2021 16:15:42,Chamber 2,28-041661e256ff,27.0,T229,44C,off
12/18/2021 16:16:03,Chamber 2,28-041661e256ff,27.062,T229,44C,off
12/18/2021 16:16:22,Chamber 2,28-041661e256ff,27.0,T229,44C,off
12/18/2021 16:16:42,Chamber 2,28-041661e256ff,27.0,T229,44C,off
12/18/2021 16:17:03,Chamber 2,28-041661e256ff,27.0,T229,44C,off
12/18/2021 16:17:24,Chamber 2,28-041661e256ff,27.0,T229,44C,off
12/18/2021 16:17:42,Chamber 2,28-041661e256ff,27.0,T229,44C,off
12/18/2021 16:18:02,Chamber 2,28-041661e256ff,27.0,T229,44C,off
12/18/2021 16:18:22,Chamber 2,28-041661e256ff,27.0,T229,44C,off
12/18/2021 16:18:42,Chamber 2,28-041661e256ff,27.0,T229,44C,off
12/18/2021 16:19:02,Chamber 2,28-041661e256ff,27.0,T229,44C,off
12/18/2021 16:19:22,Chamber 2,28-041661e256ff,27.0,T229,44C,off
12/18/2021 16:19:42,Chamber 2,28-041661e256ff,27.0,T229,44C,off
12/18/2021 16:20:03,Chamber 2,28-041661e256ff,27.0,T229,44C,off
12/18/2021 16:20:22,Chamber 2,28-041661e256ff,27.0,T229,44C,off
12/18/2021 16:20:42,Chamber 2,28-041661e256ff,27.0,T229,44C,off
12/18/2021 16:21:02,Chamber 2,28-041661e256ff,27.0,T229,44C,off
12/18/2021 16:21:22,Chamber 2,28-041661e256ff,27.0,T229,44C,off
12/18/2021 16:21:42,Chamber 2,28-041661e256ff,27.0,T229,44C,off
12/18/2021 16:22:02,Chamber 2,28-041661e256ff,27.0,T229,44C,off
12/18/2021 16:22:22,Chamber 2,28-041661e256ff,27.0,T229,44C,off
12/18/2021 16:22:42,Chamber 2,28-041661e256ff,27.0,T229,44C,off
12/18/2021 16:23:02,Chamber 2,28-041661e256ff,27.0,T229,44C,off
12/18/2021 16:23:22,Chamber 2,28-041661e256ff,27.0,T229,44C,off
12/18/2021 16:23:42,Chamber 2,28-041661e256ff,27.0,T229,44C,off
12/18/2021 16:24:02,Chamber 2,28-041661e256ff,27.0,T229,44C,off
12/18/2021 16:24:22,Chamber 2,28-041661e256ff,27.0,T229,44C,off
12/18/2021 16:24:42,Chamber 2,28-041661e256ff,27.0,T229,44C,off
12/18/2021 16:25:02,Chamber 2,28-041661e256ff,27.0,T229,44C,off
12/18/2021 16:25:22,Chamber 2,28-041661e256ff,27.0,T229,44C,off
12/18/2021 16:25:42,Chamber 2,28-041661e256ff,27.0,T229,44C,off
12/18/2021 16:26:03,Chamber 2,28-041661e256ff,27.0,T229,44C,off
12/18/2021 16:26:22,Chamber 2,28-041661e256ff,27.0,T229,44C,off
12/18/2021 16:26:42,Chamber 2,28-041661e256ff,27.0,T229,44C,off
12/18/2021 16:27:02,Chamber 2,28-041661e256ff,27.0,T229,44C,off
12/18/2021 16:27:22,Chamber 2,28-041661e256ff,27.0,T229,44C,off
12/18/2021 16:27:42,Chamber 2,28-041661e256ff,27.0,T229,44C,off
12/18/2021 16:28:03,Chamber 2,28-041661e256ff,27.0,T229,44C,off
12/18/2021 16:28:22,Chamber 2,28-041661e256ff,27.0,T229,44C,off
12/18/2021 16:28:42,Chamber 2,28-041661e256ff,27.0,T229,44C,off
12/18/2021 16:29:02,Chamber 2,28-041661e256ff,27.0,T229,44C,off
12/18/2021 16:29:22,Chamber 2,28-041661e256ff,27.0,T229,44C,off
12/18/2021 16:29:44,Chamber 2,28-041661e256ff,27.0,T229,44C,off
12/18/2021 16:30:02,Chamber 2,28-041661e256ff,27.0,T229,44C,off
12/18/2021 16:30:22,Chamber 2,28-041661e256ff,27.0,T229,44C,off
12/18/2021 16:30:42,Chamber 2,28-041661e256ff,27.0,T229,44C,off
12/18/2021 16:31:02,Chamber 2,28-041661e256ff,27.0,T229,44C,off
12/18/2021 16:31:22,Chamber 2,28-041661e256ff,27.0,T229,44C,off
12/18/2021 16:31:42,Chamber 2,28-041661e256ff,27.0,T229,44C,off
12/18/2021 16:32:03,Chamber 2,28-041661e256ff,27.062,T229,44C,off
12/18/2021 16:32:22,Chamber 2,28-041661e256ff,27.0,T229,44C,off
12/18/2021 16:32:42,Chamber 2,28-041661e256ff,27.0,T229,44C,off
12/18/2021 16:33:03,Chamber 2,28-041661e256ff,27.0,T229,44C,off
12/18/2021 16:33:22,Chamber 2,28-041661e256ff,27.062,T229,44C,off
12/18/2021 16:33:42,Chamber 2,28-041661e256ff,27.0,T229,44C,off
12/18/2021 16:34:02,Chamber 2,28-041661e256ff,27.0,T229,44C,off
12/18/2021 16:34:22,Chamber 2,28-041661e256ff,27.062,T229,44C,off
12/18/2021 16:34:43,Chamber 2,28-041661e256ff,27.062,T229,44C,off
12/18/2021 16:35:02,Chamber 2,28-041661e256ff,27.0,T229,44C,off
12/18/2021 16:35:22,Chamber 2,28-041661e256ff,27.0,T229,44C,off
12/18/2021 16:35:42,Chamber 2,28-041661e256ff,27.062,T229,44C,off
12/18/2021 16:36:02,Chamber 2,28-041661e256ff,27.0,T229,44C,off
12/18/2021 16:36:22,Chamber 2,28-041661e256ff,27.0,T229,44C,off
12/18/2021 16:36:42,Chamber 2,28-041661e256ff,27.062,T229,44C,off
12/18/2021 16:37:02,Chamber 2,28-041661e256ff,27.0,T229,44C,off
12/18/2021 16:37:22,Chamber 2,28-041661e256ff,27.062,T229,44C,off
12/18/2021 16:37:42,Chamber 2,28-041661e256ff,27.062,T229,44C,off
12/18/2021 16:38:03,Chamber 2,28-041661e256ff,27.062,T229,44C,off
12/18/2021 16:38:22,Chamber 2,28-041661e256ff,27.0,T229,44C,off
12/18/2021 16:38:42,Chamber 2,28-041661e256ff,27.0,T229,44C,off
12/18/2021 16:39:02,Chamber 2,28-041661e256ff,27.0,T229,44C,off
12/18/2021 16:39:22,Chamber 2,28-041661e256ff,27.0,T229,44C,off
12/18/2021 16:39:42,Chamber 2,28-041661e256ff,27.0,T229,44C,off
12/18/2021 16:40:03,Chamber 2,28-041661e256ff,27.0,T229,44C,off
12/18/2021 16:40:22,Chamber 2,28-041661e256ff,27.0,T229,44C,off
12/18/2021 16:40:42,Chamber 2,28-041661e256ff,27.0,T229,44C,off
12/18/2021 16:41:02,Chamber 2,28-041661e256ff,27.062,T229,44C,off
12/18/2021 16:41:22,Chamber 2,28-041661e256ff,27.0,T229,44C,off
12/18/2021 16:41:42,Chamber 2,28-041661e256ff,27.0,T229,44C,off
12/18/2021 16:42:02,Chamber 2,28-041661e256ff,27.0,T229,44C,off
12/18/2021 16:42:22,Chamber 2,28-041661e256ff,27.0,T229,44C,off
12/18/2021 16:42:42,Chamber 2,28-041661e256ff,27.0,T229,44C,off
12/18/2021 16:43:02,Chamber 2,28-041661e256ff,27.0,T229,44C,off
12/18/2021 16:43:23,Chamber 2,28-041661e256ff,27.0,T229,44C,off
12/18/2021 16:43:42,Chamber 2,28-041661e256ff,27.0,T229,44C,off
12/18/2021 16:44:02,Chamber 2,28-041661e256ff,27.0,T229,44C,off
12/18/2021 16:44:23,Chamber 2,28-041661e256ff,27.0,T229,44C,off
12/18/2021 16:44:42,Chamber 2,28-041661e256ff,27.0,T229,44C,off
12/18/2021 16:45:02,Chamber 2,28-041661e256ff,27.0,T229,44C,off
12/18/2021 16:45:22,Chamber 2,28-041661e256ff,27.0,T229,44C,off
12/18/2021 16:45:42,Chamber 2,28-041661e256ff,27.0,T229,44C,off
12/18/2021 16:46:02,Chamber 2,28-041661e256ff,27.0,T229,44C,off
12/18/2021 16:46:22,Chamber 2,28-041661e256ff,27.0,T229,44C,off
12/18/2021 16:46:43,Chamber 2,28-041661e256ff,27.0,T229,44C,off
12/18/2021 16:47:04,Chamber 2,28-041661e256ff,27.0,T229,44C,off
12/18/2021 16:47:22,Chamber 2,28-041661e256ff,27.0,T229,44C,off
12/18/2021 16:47:42,Chamber 2,28-041661e256ff,27.0,T229,44C,off
12/18/2021 16:48:02,Chamber 2,28-041661e256ff,27.0,T229,44C,off
12/18/2021 16:48:23,Chamber 2,28-041661e256ff,27.0,T229,44C,off
12/18/2021 16:48:42,Chamber 2,28-041661e256ff,27.0,T229,44C,off
12/18/2021 16:49:02,Chamber 2,28-041661e256ff,27.0,T229,44C,off
12/18/2021 16:49:22,Chamber 2,28-041661e256ff,27.0,T229,44C,off
12/18/2021 16:49:42,Chamber 2,28-041661e256ff,27.0,T229,44C,off
12/18/2021 16:50:02,Chamber 2,28-041661e256ff,27.0,T229,44C,off
12/18/2021 16:50:22,Chamber 2,28-041661e256ff,27.062,T229,44C,off
12/18/2021 16:50:42,Chamber 2,28-041661e256ff,27.0,T229,44C,off
12/18/2021 16:51:02,Chamber 2,28-041661e256ff,27.0,T229,44C,off
12/18/2021 16:51:22,Chamber 2,28-041661e256ff,27.0,T229,44C,off
12/18/2021 16:51:42,Chamber 2,28-041661e256ff,27.0,T229,44C,off
12/18/2021 16:52:02,Chamber 2,28-041661e256ff,27.0,T229,44C,off
12/18/2021 16:52:22,Chamber 2,28-041661e256ff,27.0,T229,44C,off
12/18/2021 16:52:42,Chamber 2,28-041661e256ff,27.0,T229,44C,off
12/18/2021 16:53:02,Chamber 2,28-041661e256ff,27.0,T229,44C,off
12/18/2021 16:53:22,Chamber 2,28-041661e256ff,27.0,T229,44C,off
12/18/2021 16:53:42,Chamber 2,28-041661e256ff,27.0,T229,44C,off
12/18/2021 16:54:02,Chamber 2,28-041661e256ff,27.0,T229,44C,off
12/18/2021 16:54:22,Chamber 2,28-041661e256ff,27.0,T229,44C,off
12/18/2021 16:54:42,Chamber 2,28-041661e256ff,27.0,T229,44C,off
12/18/2021 16:55:02,Chamber 2,28-041661e256ff,27.0,T229,44C,off
12/18/2021 16:55:22,Chamber 2,28-041661e256ff,27.0,T229,44C,off
12/18/2021 16:55:42,Chamber 2,28-041661e256ff,27.0,T229,44C,off
12/18/2021 16:56:02,Chamber 2,28-041661e256ff,27.0,T229,44C,off
12/18/2021 16:56:22,Chamber 2,28-041661e256ff,27.0,T229,44C,off
12/18/2021 16:56:42,Chamber 2,28-041661e256ff,27.0,T229,44C,off
12/18/2021 16:57:02,Chamber 2,28-041661e256ff,27.0,T229,44C,off
12/18/2021 16:57:22,Chamber 2,28-041661e256ff,27.0,T229,44C,off
12/18/2021 16:57:42,Chamber 2,28-041661e256ff,27.0,T229,44C,off
12/18/2021 16:58:02,Chamber 2,28-041661e256ff,27.0,T229,44C,off
12/18/2021 16:58:22,Chamber 2,28-041661e256ff,27.0,T229,44C,off
12/18/2021 16:58:42,Chamber 2,28-041661e256ff,27.0,T229,44C,off
12/18/2021 16:59:02,Chamber 2,28-041661e256ff,27.0,T229,44C,off
12/18/2021 16:59:22,Chamber 2,28-041661e256ff,27.0,T229,44C,off
12/18/2021 16:59:42,Chamber 2,28-041661e256ff,27.0,T229,44C,off
12/18/2021 17:00:03,Chamber 2,28-041661e256ff,27.0,T229,44C,off
12/18/2021 17:00:23,Chamber 2,28-041661e256ff,27.0,T229,44C,off
12/18/2021 17:00:43,Chamber 2,28-041661e256ff,27.0,T229,44C,off
12/18/2021 17:01:03,Chamber 2,28-041661e256ff,27.0,T229,44C,off
12/18/2021 17:01:23,Chamber 2,28-041661e256ff,27.0,T229,44C,off
12/18/2021 17:01:43,Chamber 2,28-041661e256ff,27.0,T229,44C,off
12/18/2021 17:02:03,Chamber 2,28-041661e256ff,27.0,T229,44C,off
12/18/2021 17:02:23,Chamber 2,28-041661e256ff,27.0,T229,44C,off
12/18/2021 17:02:43,Chamber 2,28-041661e256ff,27.0,T229,44C,off
12/18/2021 17:03:03,Chamber 2,28-041661e256ff,27.0,T229,44C,off
12/18/2021 17:03:23,Chamber 2,28-041661e256ff,27.0,T229,44C,off
12/18/2021 17:03:43,Chamber 2,28-041661e256ff,27.0,T229,44C,off
12/18/2021 17:04:03,Chamber 2,28-041661e256ff,27.062,T229,44C,off
12/18/2021 17:04:23,Chamber 2,28-041661e256ff,27.0,T229,44C,off
12/18/2021 17:04:44,Chamber 2,28-041661e256ff,27.0,T229,44C,off
12/18/2021 17:05:03,Chamber 2,28-041661e256ff,27.0,T229,44C,off
12/18/2021 17:05:23,Chamber 2,28-041661e256ff,27.0,T229,44C,off
12/18/2021 17:05:43,Chamber 2,28-041661e256ff,27.0,T229,44C,off
12/18/2021 17:06:03,Chamber 2,28-041661e256ff,27.0,T229,44C,off
12/18/2021 17:06:23,Chamber 2,28-041661e256ff,27.062,T229,44C,off
12/18/2021 17:06:43,Chamber 2,28-041661e256ff,27.062,T229,44C,off
12/18/2021 17:07:03,Chamber 2,28-041661e256ff,27.0,T229,44C,off
12/18/2021 17:07:23,Chamber 2,28-041661e256ff,27.0,T229,44C,off
12/18/2021 17:07:43,Chamber 2,28-041661e256ff,27.0,T229,44C,off
12/18/2021 17:08:03,Chamber 2,28-041661e256ff,27.0,T229,44C,off
12/18/2021 17:08:25,Chamber 2,28-041661e256ff,27.062,T229,44C,off
12/18/2021 17:08:43,Chamber 2,28-041661e256ff,27.062,T229,44C,off
12/18/2021 17:09:03,Chamber 2,28-041661e256ff,27.062,T229,44C,off
12/18/2021 17:09:23,Chamber 2,28-041661e256ff,27.062,T229,44C,off
12/18/2021 17:09:43,Chamber 2,28-041661e256ff,27.062,T229,44C,off
12/18/2021 17:10:03,Chamber 2,28-041661e256ff,27.0,T229,44C,off
12/18/2021 17:10:23,Chamber 2,28-041661e256ff,27.0,T229,44C,off
12/18/2021 17:10:43,Chamber 2,28-041661e256ff,27.062,T229,44C,off
12/18/2021 17:11:03,Chamber 2,28-041661e256ff,27.062,T229,44C,off
12/18/2021 17:11:23,Chamber 2,28-041661e256ff,27.0,T229,44C,off
12/18/2021 17:11:43,Chamber 2,28-041661e256ff,27.062,T229,44C,off
12/18/2021 17:12:03,Chamber 2,28-041661e256ff,27.0,T229,44C,off
12/18/2021 17:12:23,Chamber 2,28-041661e256ff,27.062,T229,44C,off
12/18/2021 17:12:44,Chamber 2,28-041661e256ff,27.062,T229,44C,off
12/18/2021 17:13:03,Chamber 2,28-041661e256ff,27.062,T229,44C,off
12/18/2021 17:13:23,Chamber 2,28-041661e256ff,27.062,T229,44C,off
12/18/2021 17:13:43,Chamber 2,28-041661e256ff,27.062,T229,44C,off
12/18/2021 17:14:03,Chamber 2,28-041661e256ff,27.062,T229,44C,off
12/18/2021 17:14:23,Chamber 2,28-041661e256ff,27.0,T229,44C,off
12/18/2021 17:14:43,Chamber 2,28-041661e256ff,27.062,T229,44C,off
12/18/2021 17:15:03,Chamber 2,28-041661e256ff,27.062,T229,44C,off
12/18/2021 17:15:23,Chamber 2,28-041661e256ff,27.062,T229,44C,off
12/18/2021 17:15:43,Chamber 2,28-041661e256ff,27.062,T229,44C,off
12/18/2021 17:16:03,Chamber 2,28-041661e256ff,27.062,T229,44C,off
12/18/2021 17:16:23,Chamber 2,28-041661e256ff,27.062,T229,44C,off
12/18/2021 17:16:43,Chamber 2,28-041661e256ff,27.062,T229,44C,off
12/18/2021 17:17:03,Chamber 2,28-041661e256ff,27.062,T229,44C,off
12/18/2021 17:17:23,Chamber 2,28-041661e256ff,27.062,T229,44C,off
12/18/2021 17:17:43,Chamber 2,28-041661e256ff,27.062,T229,44C,off
12/18/2021 17:18:03,Chamber 2,28-041661e256ff,27.062,T229,44C,off
12/18/2021 17:18:23,Chamber 2,28-041661e256ff,27.062,T229,44C,off
12/18/2021 17:18:43,Chamber 2,28-041661e256ff,27.062,T229,44C,off
12/18/2021 17:19:03,Chamber 2,28-041661e256ff,27.062,T229,44C,off
12/18/2021 17:19:23,Chamber 2,28-041661e256ff,27.062,T229,44C,off
12/18/2021 17:19:43,Chamber 2,28-041661e256ff,27.062,T229,44C,off
12/18/2021 17:20:03,Chamber 2,28-041661e256ff,27.062,T229,44C,off
12/18/2021 17:20:23,Chamber 2,28-041661e256ff,27.062,T229,44C,off
12/18/2021 17:20:43,Chamber 2,28-041661e256ff,27.062,T229,44C,off
12/18/2021 17:21:03,Chamber 2,28-041661e256ff,27.062,T229,44C,off
12/18/2021 17:21:23,Chamber 2,28-041661e256ff,27.062,T229,44C,off
12/18/2021 17:21:43,Chamber 2,28-041661e256ff,27.062,T229,44C,off
12/18/2021 17:22:04,Chamber 2,28-041661e256ff,27.062,T229,44C,off
12/18/2021 17:22:23,Chamber 2,28-041661e256ff,27.062,T229,44C,off
12/18/2021 17:22:44,Chamber 2,28-041661e256ff,27.062,T229,44C,off
12/18/2021 17:23:03,Chamber 2,28-041661e256ff,27.062,T229,44C,off
12/18/2021 17:23:26,Chamber 2,28-041661e256ff,27.062,T229,44C,off
12/18/2021 17:23:43,Chamber 2,28-041661e256ff,27.062,T229,44C,off
12/18/2021 17:24:03,Chamber 2,28-041661e256ff,27.062,T229,44C,off
12/18/2021 17:24:23,Chamber 2,28-041661e256ff,27.062,T229,44C,off
12/18/2021 17:24:43,Chamber 2,28-041661e256ff,27.062,T229,44C,off
12/18/2021 17:25:03,Chamber 2,28-041661e256ff,27.062,T229,44C,off
12/18/2021 17:25:23,Chamber 2,28-041661e256ff,27.062,T229,44C,off
12/18/2021 17:25:43,Chamber 2,28-041661e256ff,27.062,T229,44C,off
12/18/2021 17:26:03,Chamber 2,28-041661e256ff,27.062,T229,44C,off
12/18/2021 17:26:23,Chamber 2,28-041661e256ff,27.062,T229,44C,off
12/18/2021 17:26:43,Chamber 2,28-041661e256ff,27.062,T229,44C,off
12/18/2021 17:27:03,Chamber 2,28-041661e256ff,27.062,T229,44C,off
12/18/2021 17:27:23,Chamber 2,28-041661e256ff,27.062,T229,44C,off
12/18/2021 17:27:43,Chamber 2,28-041661e256ff,27.062,T229,44C,off
12/18/2021 17:28:03,Chamber 2,28-041661e256ff,27.062,T229,44C,off
12/18/2021 17:28:23,Chamber 2,28-041661e256ff,27.062,T229,44C,off
12/18/2021 17:28:43,Chamber 2,28-041661e256ff,27.062,T229,44C,off
12/18/2021 17:29:03,Chamber 2,28-041661e256ff,27.062,T229,44C,off
12/18/2021 17:29:23,Chamber 2,28-041661e256ff,27.062,T229,44C,off
12/18/2021 17:29:43,Chamber 2,28-041661e256ff,27.062,T229,44C,off
12/18/2021 17:30:03,Chamber 2,28-041661e256ff,27.062,T229,44C,off
12/18/2021 17:30:23,Chamber 2,28-041661e256ff,27.062,T229,44C,off
12/18/2021 17:30:43,Chamber 2,28-041661e256ff,27.062,T229,44C,off
12/18/2021 17:31:03,Chamber 2,28-041661e256ff,27.062,T229,44C,off
12/18/2021 17:31:23,Chamber 2,28-041661e256ff,27.062,T229,44C,off
12/18/2021 17:31:43,Chamber 2,28-041661e256ff,27.062,T229,44C,off
12/18/2021 17:32:03,Chamber 2,28-041661e256ff,27.062,T229,44C,off
12/18/2021 17:32:23,Chamber 2,28-041661e256ff,27.062,T229,44C,off
12/18/2021 17:32:43,Chamber 2,28-041661e256ff,27.062,T229,44C,off
12/18/2021 17:33:03,Chamber 2,28-041661e256ff,27.062,T229,44C,off
12/18/2021 17:33:23,Chamber 2,28-041661e256ff,27.062,T229,44C,off
12/18/2021 17:33:43,Chamber 2,28-041661e256ff,27.062,T229,44C,off
12/18/2021 17:34:03,Chamber 2,28-041661e256ff,27.062,T229,44C,off
12/18/2021 17:34:23,Chamber 2,28-041661e256ff,27.062,T229,44C,off
12/18/2021 17:34:43,Chamber 2,28-041661e256ff,27.062,T229,44C,off
12/18/2021 17:35:03,Chamber 2,28-041661e256ff,27.062,T229,44C,off
12/18/2021 17:35:23,Chamber 2,28-041661e256ff,27.062,T229,44C,off
12/18/2021 17:35:43,Chamber 2,28-041661e256ff,27.062,T229,44C,off
12/18/2021 17:36:04,Chamber 2,28-041661e256ff,27.062,T229,44C,off
12/18/2021 17:36:23,Chamber 2,28-041661e256ff,27.062,T229,44C,off
12/18/2021 17:36:43,Chamber 2,28-041661e256ff,27.062,T229,44C,off
12/18/2021 17:37:03,Chamber 2,28-041661e256ff,27.062,T229,44C,off
12/18/2021 17:37:23,Chamber 2,28-041661e256ff,27.062,T229,44C,off
12/18/2021 17:37:43,Chamber 2,28-041661e256ff,27.062,T229,44C,off
12/18/2021 17:38:03,Chamber 2,28-041661e256ff,27.062,T229,44C,off
12/18/2021 17:38:23,Chamber 2,28-041661e256ff,27.062,T229,44C,off
12/18/2021 17:38:43,Chamber 2,28-041661e256ff,27.062,T229,44C,off
12/18/2021 17:39:03,Chamber 2,28-041661e256ff,27.062,T229,44C,off
12/18/2021 17:39:23,Chamber 2,28-041661e256ff,27.062,T229,44C,off
12/18/2021 17:39:43,Chamber 2,28-041661e256ff,27.062,T229,44C,off
12/18/2021 17:40:05,Chamber 2,28-041661e256ff,27.062,T229,44C,off
12/18/2021 17:40:23,Chamber 2,28-041661e256ff,27.062,T229,44C,off
12/18/2021 17:40:43,Chamber 2,28-041661e256ff,27.062,T229,44C,off
12/18/2021 17:41:03,Chamber 2,28-041661e256ff,27.062,T229,44C,off
12/18/2021 17:41:23,Chamber 2,28-041661e256ff,27.062,T229,44C,off
12/18/2021 17:41:43,Chamber 2,28-041661e256ff,27.062,T229,44C,off
12/18/2021 17:42:03,Chamber 2,28-041661e256ff,27.062,T229,44C,off
12/18/2021 17:42:23,Chamber 2,28-041661e256ff,27.062,T229,44C,off
12/18/2021 17:42:43,Chamber 2,28-041661e256ff,27.062,T229,44C,off
12/18/2021 17:43:03,Chamber 2,28-041661e256ff,27.062,T229,44C,off
12/18/2021 17:43:24,Chamber 2,28-041661e256ff,27.062,T229,44C,off
12/18/2021 17:43:43,Chamber 2,28-041661e256ff,27.062,T229,44C,off
12/18/2021 17:44:03,Chamber 2,28-041661e256ff,27.062,T229,44C,off
12/18/2021 17:44:24,Chamber 2,28-041661e256ff,27.062,T229,44C,off
12/18/2021 17:44:43,Chamber 2,28-041661e256ff,27.062,T229,44C,off
12/18/2021 17:45:03,Chamber 2,28-041661e256ff,27.062,T229,44C,off
12/18/2021 17:45:23,Chamber 2,28-041661e256ff,27.062,T229,44C,off
12/18/2021 17:45:43,Chamber 2,28-041661e256ff,27.062,T229,44C,off
12/18/2021 17:46:03,Chamber 2,28-041661e256ff,27.062,T229,44C,off
12/18/2021 17:46:23,Chamber 2,28-041661e256ff,27.062,T229,44C,off
12/18/2021 17:46:43,Chamber 2,28-041661e256ff,27.062,T229,44C,off
12/18/2021 17:47:03,Chamber 2,28-041661e256ff,27.062,T229,44C,off
12/18/2021 17:47:23,Chamber 2,28-041661e256ff,27.062,T229,44C,off
12/18/2021 17:47:45,Chamber 2,28-041661e256ff,27.062,T229,44C,off
12/18/2021 17:48:03,Chamber 2,28-041661e256ff,27.062,T229,44C,off
12/18/2021 17:48:23,Chamber 2,28-041661e256ff,27.062,T229,44C,off
12/18/2021 17:48:43,Chamber 2,28-041661e256ff,27.062,T229,44C,off
12/18/2021 17:49:03,Chamber 2,28-041661e256ff,27.062,T229,44C,off
12/18/2021 17:49:23,Chamber 2,28-041661e256ff,27.062,T229,44C,off
12/18/2021 17:49:43,Chamber 2,28-041661e256ff,27.062,T229,44C,off
12/18/2021 17:50:03,Chamber 2,28-041661e256ff,27.062,T229,44C,off
12/18/2021 17:50:23,Chamber 2,28-041661e256ff,27.062,T229,44C,off
12/18/2021 17:50:43,Chamber 2,28-041661e256ff,27.062,T229,44C,off
12/18/2021 17:51:03,Chamber 2,28-041661e256ff,27.062,T229,44C,off
12/18/2021 17:51:23,Chamber 2,28-041661e256ff,27.062,T229,44C,off
12/18/2021 17:51:43,Chamber 2,28-041661e256ff,27.062,T229,44C,off
12/18/2021 17:52:03,Chamber 2,28-041661e256ff,27.062,T229,44C,off
12/18/2021 17:52:23,Chamber 2,28-041661e256ff,27.062,T229,44C,off
12/18/2021 17:52:43,Chamber 2,28-041661e256ff,27.062,T229,44C,off
12/18/2021 17:53:03,Chamber 2,28-041661e256ff,27.062,T229,44C,off
12/18/2021 17:53:23,Chamber 2,28-041661e256ff,27.062,T229,44C,off
12/18/2021 17:53:43,Chamber 2,28-041661e256ff,27.062,T229,44C,off
12/18/2021 17:54:03,Chamber 2,28-041661e256ff,27.062,T229,44C,off
12/18/2021 17:54:23,Chamber 2,28-041661e256ff,27.062,T229,44C,off
12/18/2021 17:54:43,Chamber 2,28-041661e256ff,27.062,T229,44C,off
12/18/2021 17:55:03,Chamber 2,28-041661e256ff,27.062,T229,44C,off
12/18/2021 17:55:23,Chamber 2,28-041661e256ff,27.062,T229,44C,off
12/18/2021 17:55:43,Chamber 2,28-041661e256ff,27.062,T229,44C,off
12/18/2021 17:56:03,Chamber 2,28-041661e256ff,27.062,T229,44C,off
12/18/2021 17:56:23,Chamber 2,28-041661e256ff,27.062,T229,44C,off
12/18/2021 17:56:43,Chamber 2,28-041661e256ff,27.062,T229,44C,off
12/18/2021 17:57:03,Chamber 2,28-041661e256ff,27.062,T229,44C,off
12/18/2021 17:57:23,Chamber 2,28-041661e256ff,27.062,T229,44C,off
12/18/2021 17:57:43,Chamber 2,28-041661e256ff,27.062,T229,44C,off
12/18/2021 17:58:03,Chamber 2,28-041661e256ff,27.062,T229,44C,off
12/18/2021 17:58:23,Chamber 2,28-041661e256ff,27.062,T229,44C,off
12/18/2021 17:58:43,Chamber 2,28-041661e256ff,27.062,T229,44C,off
12/18/2021 17:59:03,Chamber 2,28-041661e256ff,27.062,T229,44C,off
12/18/2021 17:59:23,Chamber 2,28-041661e256ff,27.062,T229,44C,off
12/18/2021 17:59:43,Chamber 2,28-041661e256ff,27.062,T229,44C,off
12/18/2021 18:00:02,Chamber 2,28-041661e256ff,27.062,T229,44C,off
12/18/2021 18:00:22,Chamber 2,28-041661e256ff,27.062,T229,44C,off
12/18/2021 18:00:42,Chamber 2,28-041661e256ff,27.062,T229,44C,off
12/18/2021 18:01:02,Chamber 2,28-041661e256ff,27.062,T229,44C,off
12/18/2021 18:01:22,Chamber 2,28-041661e256ff,27.062,T229,44C,off
12/18/2021 18:01:42,Chamber 2,28-041661e256ff,27.062,T229,44C,off
12/18/2021 18:02:02,Chamber 2,28-041661e256ff,27.062,T229,44C,off
12/18/2021 18:02:22,Chamber 2,28-041661e256ff,27.062,T229,44C,off
12/18/2021 18:02:42,Chamber 2,28-041661e256ff,27.062,T229,44C,off
12/18/2021 18:03:02,Chamber 2,28-041661e256ff,27.062,T229,44C,off
12/18/2021 18:03:22,Chamber 2,28-041661e256ff,27.062,T229,44C,off
12/18/2021 18:03:42,Chamber 2,28-041661e256ff,27.062,T229,44C,off
12/18/2021 18:04:02,Chamber 2,28-041661e256ff,27.062,T229,44C,off
12/18/2021 18:04:22,Chamber 2,28-041661e256ff,27.062,T229,44C,off
12/18/2021 18:04:42,Chamber 2,28-041661e256ff,27.0,T229,44C,off
12/18/2021 18:05:02,Chamber 2,28-041661e256ff,27.0,T229,44C,off
12/18/2021 18:05:22,Chamber 2,28-041661e256ff,27.062,T229,44C,off
12/18/2021 18:05:42,Chamber 2,28-041661e256ff,27.062,T229,44C,off
12/18/2021 18:06:04,Chamber 2,28-041661e256ff,27.062,T229,44C,off
12/18/2021 18:06:22,Chamber 2,28-041661e256ff,27.062,T229,44C,off
12/18/2021 18:06:42,Chamber 2,28-041661e256ff,27.0,T229,44C,off
12/18/2021 18:07:02,Chamber 2,28-041661e256ff,27.0,T229,44C,off
12/18/2021 18:07:22,Chamber 2,28-041661e256ff,27.0,T229,44C,off
12/18/2021 18:07:42,Chamber 2,28-041661e256ff,27.062,T229,44C,off
12/18/2021 18:08:02,Chamber 2,28-041661e256ff,27.0,T229,44C,off
12/18/2021 18:08:22,Chamber 2,28-041661e256ff,27.0,T229,44C,off
12/18/2021 18:08:43,Chamber 2,28-041661e256ff,27.062,T229,44C,off
12/18/2021 18:09:02,Chamber 2,28-041661e256ff,27.062,T229,44C,off
12/18/2021 18:09:23,Chamber 2,28-041661e256ff,27.062,T229,44C,off
12/18/2021 18:09:42,Chamber 2,28-041661e256ff,27.062,T229,44C,off
12/18/2021 18:10:02,Chamber 2,28-041661e256ff,27.0,T229,44C,off
12/18/2021 18:10:22,Chamber 2,28-041661e256ff,27.0,T229,44C,off
12/18/2021 18:10:42,Chamber 2,28-041661e256ff,27.0,T229,44C,off
12/18/2021 18:11:02,Chamber 2,28-041661e256ff,27.0,T229,44C,off
12/18/2021 18:11:22,Chamber 2,28-041661e256ff,27.062,T229,44C,off
12/18/2021 18:11:42,Chamber 2,28-041661e256ff,27.0,T229,44C,off
12/18/2021 18:12:02,Chamber 2,28-041661e256ff,27.0,T229,44C,off
12/18/2021 18:12:23,Chamber 2,28-041661e256ff,27.0,T229,44C,off
12/18/2021 18:12:42,Chamber 2,28-041661e256ff,27.0,T229,44C,off
12/18/2021 18:13:02,Chamber 2,28-041661e256ff,27.0,T229,44C,off
12/18/2021 18:13:22,Chamber 2,28-041661e256ff,27.0,T229,44C,off
12/18/2021 18:13:42,Chamber 2,28-041661e256ff,27.0,T229,44C,off
12/18/2021 18:14:02,Chamber 2,28-041661e256ff,27.0,T229,44C,off
12/18/2021 18:14:22,Chamber 2,28-041661e256ff,27.062,T229,44C,off
12/18/2021 18:14:42,Chamber 2,28-041661e256ff,27.0,T229,44C,off
12/18/2021 18:15:02,Chamber 2,28-041661e256ff,27.0,T229,44C,off
12/18/2021 18:15:22,Chamber 2,28-041661e256ff,27.0,T229,44C,off
12/18/2021 18:15:42,Chamber 2,28-041661e256ff,27.0,T229,44C,off
12/18/2021 18:16:02,Chamber 2,28-041661e256ff,27.0,T229,44C,off
12/18/2021 18:16:22,Chamber 2,28-041661e256ff,27.0,T229,44C,off
12/18/2021 18:16:42,Chamber 2,28-041661e256ff,27.0,T229,44C,off
12/18/2021 18:17:02,Chamber 2,28-041661e256ff,27.0,T229,44C,off
12/18/2021 18:17:22,Chamber 2,28-041661e256ff,27.0,T229,44C,off
12/18/2021 18:17:42,Chamber 2,28-041661e256ff,27.0,T229,44C,off
12/18/2021 18:18:02,Chamber 2,28-041661e256ff,27.0,T229,44C,off
12/18/2021 18:18:23,Chamber 2,28-041661e256ff,27.0,T229,44C,off
12/18/2021 18:18:42,Chamber 2,28-041661e256ff,27.0,T229,44C,off
12/18/2021 18:19:02,Chamber 2,28-041661e256ff,27.0,T229,44C,off
12/18/2021 18:19:22,Chamber 2,28-041661e256ff,27.0,T229,44C,off
12/18/2021 18:19:42,Chamber 2,28-041661e256ff,27.0,T229,44C,off
12/18/2021 18:20:03,Chamber 2,28-041661e256ff,27.0,T229,44C,off
12/18/2021 18:20:22,Chamber 2,28-041661e256ff,27.0,T229,44C,off
12/18/2021 18:20:42,Chamber 2,28-041661e256ff,27.0,T229,44C,off
12/18/2021 18:21:02,Chamber 2,28-041661e256ff,27.0,T229,44C,off
12/18/2021 18:21:22,Chamber 2,28-041661e256ff,27.062,T229,44C,off
12/18/2021 18:21:42,Chamber 2,28-041661e256ff,27.0,T229,44C,off
12/18/2021 18:22:02,Chamber 2,28-041661e256ff,27.0,T229,44C,off
12/18/2021 18:22:22,Chamber 2,28-041661e256ff,27.0,T229,44C,off
12/18/2021 18:22:42,Chamber 2,28-041661e256ff,27.0,T229,44C,off
12/18/2021 18:23:02,Chamber 2,28-041661e256ff,27.062,T229,44C,off
12/18/2021 18:23:22,Chamber 2,28-041661e256ff,27.0,T229,44C,off
12/18/2021 18:23:42,Chamber 2,28-041661e256ff,27.0,T229,44C,off
12/18/2021 18:24:02,Chamber 2,28-041661e256ff,27.0,T229,44C,off
12/18/2021 18:24:22,Chamber 2,28-041661e256ff,27.0,T229,44C,off
12/18/2021 18:24:42,Chamber 2,28-041661e256ff,27.0,T229,44C,off
12/18/2021 18:25:02,Chamber 2,28-041661e256ff,27.0,T229,44C,off
12/18/2021 18:25:23,Chamber 2,28-041661e256ff,27.062,T229,44C,off
12/18/2021 18:25:42,Chamber 2,28-041661e256ff,27.0,T229,44C,off
12/18/2021 18:26:02,Chamber 2,28-041661e256ff,27.0,T229,44C,off
12/18/2021 18:26:22,Chamber 2,28-041661e256ff,27.0,T229,44C,off
12/18/2021 18:26:42,Chamber 2,28-041661e256ff,27.0,T229,44C,off
12/18/2021 18:27:02,Chamber 2,28-041661e256ff,27.0,T229,44C,off
12/18/2021 18:27:22,Chamber 2,28-041661e256ff,27.0,T229,44C,off
12/18/2021 18:27:42,Chamber 2,28-041661e256ff,27.0,T229,44C,off
12/18/2021 18:28:02,Chamber 2,28-041661e256ff,27.0,T229,44C,off
12/18/2021 18:28:24,Chamber 2,28-041661e256ff,27.062,T229,44C,off
12/18/2021 18:28:42,Chamber 2,28-041661e256ff,27.0,T229,44C,off
12/18/2021 18:29:02,Chamber 2,28-041661e256ff,27.0,T229,44C,off
12/18/2021 18:29:22,Chamber 2,28-041661e256ff,27.0,T229,44C,off
12/18/2021 18:29:43,Chamber 2,28-041661e256ff,27.0,T229,44C,off
12/18/2021 18:30:02,Chamber 2,28-041661e256ff,27.0,T229,44C,off
12/18/2021 18:30:23,Chamber 2,28-041661e256ff,27.062,T229,44C,off
12/18/2021 18:30:42,Chamber 2,28-041661e256ff,27.0,T229,44C,off
12/18/2021 18:31:02,Chamber 2,28-041661e256ff,27.0,T229,44C,off
12/18/2021 18:31:22,Chamber 2,28-041661e256ff,27.0,T229,44C,off
12/18/2021 18:31:42,Chamber 2,28-041661e256ff,27.0,T229,44C,off
12/18/2021 18:32:02,Chamber 2,28-041661e256ff,27.062,T229,44C,off
12/18/2021 18:32:25,Chamber 2,28-041661e256ff,27.062,T229,44C,off
12/18/2021 18:32:42,Chamber 2,28-041661e256ff,27.0,T229,44C,off
12/18/2021 18:33:02,Chamber 2,28-041661e256ff,27.0,T229,44C,off
12/18/2021 18:33:23,Chamber 2,28-041661e256ff,27.062,T229,44C,off
12/18/2021 18:33:42,Chamber 2,28-041661e256ff,27.0,T229,44C,off
12/18/2021 18:34:02,Chamber 2,28-041661e256ff,27.0,T229,44C,off
12/18/2021 18:34:22,Chamber 2,28-041661e256ff,27.0,T229,44C,off
12/18/2021 18:34:43,Chamber 2,28-041661e256ff,27.062,T229,44C,off
12/18/2021 18:35:02,Chamber 2,28-041661e256ff,27.0,T229,44C,off
12/18/2021 18:35:22,Chamber 2,28-041661e256ff,27.0,T229,44C,off
12/18/2021 18:35:42,Chamber 2,28-041661e256ff,27.0,T229,44C,off
12/18/2021 18:36:02,Chamber 2,28-041661e256ff,27.0,T229,44C,off
12/18/2021 18:36:22,Chamber 2,28-041661e256ff,27.0,T229,44C,off
12/18/2021 18:36:42,Chamber 2,28-041661e256ff,27.0,T229,44C,off
12/18/2021 18:37:02,Chamber 2,28-041661e256ff,27.0,T229,44C,off
12/18/2021 18:37:22,Chamber 2,28-041661e256ff,27.0,T229,44C,off
12/18/2021 18:37:42,Chamber 2,28-041661e256ff,27.0,T229,44C,off
12/18/2021 18:38:02,Chamber 2,28-041661e256ff,27.0,T229,44C,off
12/18/2021 18:38:22,Chamber 2,28-041661e256ff,27.0,T229,44C,off
12/18/2021 18:38:43,Chamber 2,28-041661e256ff,27.0,T229,44C,off
12/18/2021 18:39:02,Chamber 2,28-041661e256ff,27.0,T229,44C,off
12/18/2021 18:39:22,Chamber 2,28-041661e256ff,27.0,T229,44C,off
12/18/2021 18:39:42,Chamber 2,28-041661e256ff,27.0,T229,44C,off
12/18/2021 18:40:02,Chamber 2,28-041661e256ff,27.0,T229,44C,off
12/18/2021 18:40:22,Chamber 2,28-041661e256ff,27.0,T229,44C,off
12/18/2021 18:40:42,Chamber 2,28-041661e256ff,27.0,T229,44C,off
12/18/2021 18:41:02,Chamber 2,28-041661e256ff,27.0,T229,44C,off
12/18/2021 18:41:22,Chamber 2,28-041661e256ff,27.0,T229,44C,off
12/18/2021 18:41:42,Chamber 2,28-041661e256ff,27.0,T229,44C,off
12/18/2021 18:42:02,Chamber 2,28-041661e256ff,27.0,T229,44C,off
12/18/2021 18:42:22,Chamber 2,28-041661e256ff,27.0,T229,44C,off
12/18/2021 18:42:42,Chamber 2,28-041661e256ff,27.0,T229,44C,off
12/18/2021 18:43:02,Chamber 2,28-041661e256ff,27.0,T229,44C,off
12/18/2021 18:43:22,Chamber 2,28-041661e256ff,27.0,T229,44C,off
12/18/2021 18:43:42,Chamber 2,28-041661e256ff,27.0,T229,44C,off
12/18/2021 18:44:02,Chamber 2,28-041661e256ff,27.0,T229,44C,off
12/18/2021 18:44:22,Chamber 2,28-041661e256ff,27.0,T229,44C,off
12/18/2021 18:44:42,Chamber 2,28-041661e256ff,27.0,T229,44C,off
12/18/2021 18:45:02,Chamber 2,28-041661e256ff,27.0,T229,44C,off
12/18/2021 18:45:22,Chamber 2,28-041661e256ff,27.0,T229,44C,off
12/18/2021 18:45:42,Chamber 2,28-041661e256ff,27.0,T229,44C,off
12/18/2021 18:46:02,Chamber 2,28-041661e256ff,27.0,T229,44C,off
12/18/2021 18:46:22,Chamber 2,28-041661e256ff,27.0,T229,44C,off
12/18/2021 18:46:42,Chamber 2,28-041661e256ff,27.0,T229,44C,off
12/18/2021 18:47:02,Chamber 2,28-041661e256ff,27.0,T229,44C,off
12/18/2021 18:47:22,Chamber 2,28-041661e256ff,27.0,T229,44C,off
12/18/2021 18:47:42,Chamber 2,28-041661e256ff,27.0,T229,44C,off
12/18/2021 18:48:03,Chamber 2,28-041661e256ff,27.0,T229,44C,off
12/18/2021 18:48:22,Chamber 2,28-041661e256ff,27.0,T229,44C,off
12/18/2021 18:48:42,Chamber 2,28-041661e256ff,27.0,T229,44C,off
12/18/2021 18:49:03,Chamber 2,28-041661e256ff,27.0,T229,44C,off
12/18/2021 18:49:22,Chamber 2,28-041661e256ff,27.0,T229,44C,off
12/18/2021 18:49:42,Chamber 2,28-041661e256ff,27.0,T229,44C,off
12/18/2021 18:50:03,Chamber 2,28-041661e256ff,27.0,T229,44C,off
12/18/2021 18:50:22,Chamber 2,28-041661e256ff,27.0,T229,44C,off
12/18/2021 18:50:42,Chamber 2,28-041661e256ff,27.0,T229,44C,off
12/18/2021 18:51:02,Chamber 2,28-041661e256ff,27.0,T229,44C,off
12/18/2021 18:51:24,Chamber 2,28-041661e256ff,27.0,T229,44C,off
12/18/2021 18:51:43,Chamber 2,28-041661e256ff,27.0,T229,44C,off
12/18/2021 18:52:02,Chamber 2,28-041661e256ff,27.0,T229,44C,off
12/18/2021 18:52:22,Chamber 2,28-041661e256ff,27.0,T229,44C,off
12/18/2021 18:52:42,Chamber 2,28-041661e256ff,27.0,T229,44C,off
12/18/2021 18:53:02,Chamber 2,28-041661e256ff,27.0,T229,44C,off
12/18/2021 18:53:22,Chamber 2,28-041661e256ff,27.0,T229,44C,off
12/18/2021 18:53:42,Chamber 2,28-041661e256ff,27.0,T229,44C,off
12/18/2021 18:54:02,Chamber 2,28-041661e256ff,27.0,T229,44C,off
12/18/2021 18:54:22,Chamber 2,28-041661e256ff,27.0,T229,44C,off
12/18/2021 18:54:42,Chamber 2,28-041661e256ff,27.0,T229,44C,off
12/18/2021 18:55:03,Chamber 2,28-041661e256ff,27.0,T229,44C,off
12/18/2021 18:55:22,Chamber 2,28-041661e256ff,27.0,T229,44C,off
12/18/2021 18:55:42,Chamber 2,28-041661e256ff,27.0,T229,44C,off
12/18/2021 18:56:03,Chamber 2,28-041661e256ff,27.0,T229,44C,off
12/18/2021 18:56:22,Chamber 2,28-041661e256ff,27.0,T229,44C,off
12/18/2021 18:56:42,Chamber 2,28-041661e256ff,27.0,T229,44C,off
12/18/2021 18:57:02,Chamber 2,28-041661e256ff,27.0,T229,44C,off
12/18/2021 18:57:22,Chamber 2,28-041661e256ff,27.0,T229,44C,off
12/18/2021 18:57:42,Chamber 2,28-041661e256ff,27.0,T229,44C,off
12/18/2021 18:58:02,Chamber 2,28-041661e256ff,27.0,T229,44C,off
12/18/2021 18:58:22,Chamber 2,28-041661e256ff,27.0,T229,44C,off
12/18/2021 18:58:42,Chamber 2,28-041661e256ff,27.0,T229,44C,off
12/18/2021 18:59:02,Chamber 2,28-041661e256ff,27.0,T229,44C,off
12/18/2021 18:59:22,Chamber 2,28-041661e256ff,27.0,T229,44C,off
12/18/2021 18:59:42,Chamber 2,28-041661e256ff,27.0,T229,44C,off
12/18/2021 19:00:02,Chamber 2,28-041661e256ff,27.0,T229,44C,off
12/18/2021 19:00:22,Chamber 2,28-041661e256ff,27.0,T229,44C,off
12/18/2021 19:00:42,Chamber 2,28-041661e256ff,27.0,T229,44C,off
12/18/2021 19:01:02,Chamber 2,28-041661e256ff,27.0,T229,44C,off
12/18/2021 19:01:24,Chamber 2,28-041661e256ff,27.0,T229,44C,off
12/18/2021 19:01:44,Chamber 2,28-041661e256ff,27.0,T229,44C,off
12/18/2021 19:02:02,Chamber 2,28-041661e256ff,27.0,T229,44C,off
12/18/2021 19:02:22,Chamber 2,28-041661e256ff,27.0,T229,44C,off
12/18/2021 19:02:42,Chamber 2,28-041661e256ff,27.0,T229,44C,off
12/18/2021 19:03:02,Chamber 2,28-041661e256ff,27.0,T229,44C,off
12/18/2021 19:03:24,Chamber 2,28-041661e256ff,27.0,T229,44C,off
12/18/2021 19:03:42,Chamber 2,28-041661e256ff,27.0,T229,44C,off
12/18/2021 19:04:02,Chamber 2,28-041661e256ff,27.0,T229,44C,off
12/18/2021 19:04:22,Chamber 2,28-041661e256ff,27.0,T229,44C,off
12/18/2021 19:04:42,Chamber 2,28-041661e256ff,27.0,T229,44C,off
12/18/2021 19:05:02,Chamber 2,28-041661e256ff,27.0,T229,44C,off
12/18/2021 19:05:22,Chamber 2,28-041661e256ff,27.0,T229,44C,off
12/18/2021 19:05:42,Chamber 2,28-041661e256ff,27.0,T229,44C,off
12/18/2021 19:06:02,Chamber 2,28-041661e256ff,27.0,T229,44C,off
12/18/2021 19:06:22,Chamber 2,28-041661e256ff,27.0,T229,44C,off
12/18/2021 19:06:42,Chamber 2,28-041661e256ff,27.0,T229,44C,off
12/18/2021 19:07:02,Chamber 2,28-041661e256ff,27.0,T229,44C,off
12/18/2021 19:07:22,Chamber 2,28-041661e256ff,27.0,T229,44C,off
12/18/2021 19:07:42,Chamber 2,28-041661e256ff,27.0,T229,44C,off
12/18/2021 19:08:02,Chamber 2,28-041661e256ff,27.0,T229,44C,off
12/18/2021 19:08:22,Chamber 2,28-041661e256ff,27.0,T229,44C,off
12/18/2021 19:08:42,Chamber 2,28-041661e256ff,27.0,T229,44C,off
12/18/2021 19:09:02,Chamber 2,28-041661e256ff,27.0,T229,44C,off
12/18/2021 19:09:23,Chamber 2,28-041661e256ff,27.0,T229,44C,off
12/18/2021 19:09:42,Chamber 2,28-041661e256ff,27.0,T229,44C,off
12/18/2021 19:10:04,Chamber 2,28-041661e256ff,27.0,T229,44C,off
12/18/2021 19:10:22,Chamber 2,28-041661e256ff,27.0,T229,44C,off
12/18/2021 19:10:42,Chamber 2,28-041661e256ff,27.0,T229,44C,off
12/18/2021 19:11:02,Chamber 2,28-041661e256ff,27.0,T229,44C,off
12/18/2021 19:11:22,Chamber 2,28-041661e256ff,27.0,T229,44C,off
12/18/2021 19:11:42,Chamber 2,28-041661e256ff,27.0,T229,44C,off
12/18/2021 19:12:02,Chamber 2,28-041661e256ff,27.0,T229,44C,off
12/18/2021 19:12:22,Chamber 2,28-041661e256ff,27.0,T229,44C,off
12/18/2021 19:12:42,Chamber 2,28-041661e256ff,27.0,T229,44C,off
12/18/2021 19:13:02,Chamber 2,28-041661e256ff,27.0,T229,44C,off
12/18/2021 19:13:22,Chamber 2,28-041661e256ff,27.0,T229,44C,off
12/18/2021 19:13:42,Chamber 2,28-041661e256ff,27.0,T229,44C,off
12/18/2021 19:14:02,Chamber 2,28-041661e256ff,27.0,T229,44C,off
12/18/2021 19:14:22,Chamber 2,28-041661e256ff,27.0,T229,44C,off
12/18/2021 19:14:42,Chamber 2,28-041661e256ff,27.0,T229,44C,off
12/18/2021 19:15:02,Chamber 2,28-041661e256ff,27.0,T229,44C,off
12/18/2021 19:15:22,Chamber 2,28-041661e256ff,27.0,T229,44C,off
12/18/2021 19:15:42,Chamber 2,28-041661e256ff,27.0,T229,44C,off
12/18/2021 19:16:02,Chamber 2,28-041661e256ff,27.0,T229,44C,off
12/18/2021 19:16:22,Chamber 2,28-041661e256ff,27.0,T229,44C,off
12/18/2021 19:16:46,Chamber 2,28-041661e256ff,27.0,T229,44C,off
12/18/2021 19:17:02,Chamber 2,28-041661e256ff,27.0,T229,44C,off
12/18/2021 19:17:22,Chamber 2,28-041661e256ff,27.0,T229,44C,off
12/18/2021 19:17:42,Chamber 2,28-041661e256ff,27.0,T229,44C,off
12/18/2021 19:18:02,Chamber 2,28-041661e256ff,27.0,T229,44C,off
12/18/2021 19:18:22,Chamber 2,28-041661e256ff,27.0,T229,44C,off
12/18/2021 19:18:42,Chamber 2,28-041661e256ff,27.0,T229,44C,off
12/18/2021 19:19:02,Chamber 2,28-041661e256ff,27.0,T229,44C,off
12/18/2021 19:19:22,Chamber 2,28-041661e256ff,27.0,T229,44C,off
12/18/2021 19:19:42,Chamber 2,28-041661e256ff,27.0,T229,44C,off
12/18/2021 19:20:02,Chamber 2,28-041661e256ff,27.0,T229,44C,off
12/18/2021 19:20:22,Chamber 2,28-041661e256ff,27.0,T229,44C,off
12/18/2021 19:20:42,Chamber 2,28-041661e256ff,27.0,T229,44C,off
12/18/2021 19:21:02,Chamber 2,28-041661e256ff,27.0,T229,44C,off
12/18/2021 19:21:22,Chamber 2,28-041661e256ff,27.0,T229,44C,off
12/18/2021 19:21:42,Chamber 2,28-041661e256ff,27.0,T229,44C,off
12/18/2021 19:22:02,Chamber 2,28-041661e256ff,27.0,T229,44C,off
12/18/2021 19:22:23,Chamber 2,28-041661e256ff,27.0,T229,44C,off
12/18/2021 19:22:44,Chamber 2,28-041661e256ff,27.0,T229,44C,off
12/18/2021 19:23:02,Chamber 2,28-041661e256ff,27.0,T229,44C,off
12/18/2021 19:23:22,Chamber 2,28-041661e256ff,27.0,T229,44C,off
12/18/2021 19:23:42,Chamber 2,28-041661e256ff,27.0,T229,44C,off
12/18/2021 19:24:02,Chamber 2,28-041661e256ff,27.0,T229,44C,off
12/18/2021 19:24:22,Chamber 2,28-041661e256ff,27.0,T229,44C,off
12/18/2021 19:24:42,Chamber 2,28-041661e256ff,27.0,T229,44C,off
12/18/2021 19:25:02,Chamber 2,28-041661e256ff,27.0,T229,44C,off
12/18/2021 19:25:23,Chamber 2,28-041661e256ff,27.0,T229,44C,off
12/18/2021 19:25:43,Chamber 2,28-041661e256ff,27.0,T229,44C,off
12/18/2021 19:26:02,Chamber 2,28-041661e256ff,27.0,T229,44C,off
12/18/2021 19:26:22,Chamber 2,28-041661e256ff,27.0,T229,44C,off
12/18/2021 19:26:42,Chamber 2,28-041661e256ff,27.0,T229,44C,off
12/18/2021 19:27:03,Chamber 2,28-041661e256ff,27.0,T229,44C,off
12/18/2021 19:27:22,Chamber 2,28-041661e256ff,27.0,T229,44C,off
12/18/2021 19:27:42,Chamber 2,28-041661e256ff,27.0,T229,44C,off
12/18/2021 19:28:02,Chamber 2,28-041661e256ff,27.0,T229,44C,off
12/18/2021 19:28:23,Chamber 2,28-041661e256ff,27.0,T229,44C,off
12/18/2021 19:28:42,Chamber 2,28-041661e256ff,27.0,T229,44C,off
12/18/2021 19:29:03,Chamber 2,28-041661e256ff,27.0,T229,44C,off
12/18/2021 19:29:22,Chamber 2,28-041661e256ff,27.0,T229,44C,off
12/18/2021 19:29:42,Chamber 2,28-041661e256ff,27.0,T229,44C,off
12/18/2021 19:30:02,Chamber 2,28-041661e256ff,27.0,T229,44C,off
12/18/2021 19:30:22,Chamber 2,28-041661e256ff,27.0,T229,44C,off
12/18/2021 19:30:42,Chamber 2,28-041661e256ff,27.0,T229,44C,off
12/18/2021 19:31:02,Chamber 2,28-041661e256ff,27.0,T229,44C,off
12/18/2021 19:31:22,Chamber 2,28-041661e256ff,27.0,T229,44C,off
12/18/2021 19:31:42,Chamber 2,28-041661e256ff,27.0,T229,44C,off
12/18/2021 19:32:02,Chamber 2,28-041661e256ff,27.0,T229,44C,off
12/18/2021 19:32:22,Chamber 2,28-041661e256ff,27.0,T229,44C,off
12/18/2021 19:32:42,Chamber 2,28-041661e256ff,27.0,T229,44C,off
12/18/2021 19:33:02,Chamber 2,28-041661e256ff,27.0,T229,44C,off
12/18/2021 19:33:22,Chamber 2,28-041661e256ff,27.0,T229,44C,off
12/18/2021 19:33:42,Chamber 2,28-041661e256ff,27.0,T229,44C,off
12/18/2021 19:34:02,Chamber 2,28-041661e256ff,27.0,T229,44C,off
12/18/2021 19:34:22,Chamber 2,28-041661e256ff,27.0,T229,44C,off
12/18/2021 19:34:44,Chamber 2,28-041661e256ff,27.0,T229,44C,off
12/18/2021 19:35:02,Chamber 2,28-041661e256ff,27.0,T229,44C,off
12/18/2021 19:35:22,Chamber 2,28-041661e256ff,27.0,T229,44C,off
12/18/2021 19:35:42,Chamber 2,28-041661e256ff,27.0,T229,44C,off
12/18/2021 19:36:02,Chamber 2,28-041661e256ff,27.0,T229,44C,off
12/18/2021 19:36:22,Chamber 2,28-041661e256ff,27.0,T229,44C,off
12/18/2021 19:36:43,Chamber 2,28-041661e256ff,27.0,T229,44C,off
12/18/2021 19:37:02,Chamber 2,28-041661e256ff,27.0,T229,44C,off
12/18/2021 19:37:22,Chamber 2,28-041661e256ff,27.0,T229,44C,off
12/18/2021 19:37:42,Chamber 2,28-041661e256ff,27.0,T229,44C,off
12/18/2021 19:38:02,Chamber 2,28-041661e256ff,27.0,T229,44C,off
12/18/2021 19:38:22,Chamber 2,28-041661e256ff,27.0,T229,44C,off
12/18/2021 19:38:42,Chamber 2,28-041661e256ff,27.0,T229,44C,off
12/18/2021 19:39:02,Chamber 2,28-041661e256ff,27.0,T229,44C,off
12/18/2021 19:39:22,Chamber 2,28-041661e256ff,27.0,T229,44C,off
12/18/2021 19:39:42,Chamber 2,28-041661e256ff,27.0,T229,44C,off
12/18/2021 19:40:03,Chamber 2,28-041661e256ff,27.0,T229,44C,off
12/18/2021 19:40:22,Chamber 2,28-041661e256ff,27.0,T229,44C,off
12/18/2021 19:40:42,Chamber 2,28-041661e256ff,27.0,T229,44C,off
12/18/2021 19:41:03,Chamber 2,28-041661e256ff,27.0,T229,44C,off
12/18/2021 19:41:22,Chamber 2,28-041661e256ff,27.0,T229,44C,off
12/18/2021 19:41:42,Chamber 2,28-041661e256ff,27.0,T229,44C,off
12/18/2021 19:42:02,Chamber 2,28-041661e256ff,27.0,T229,44C,off
12/18/2021 19:42:22,Chamber 2,28-041661e256ff,27.0,T229,44C,off
12/18/2021 19:42:43,Chamber 2,28-041661e256ff,27.0,T229,44C,off
12/18/2021 19:43:02,Chamber 2,28-041661e256ff,27.0,T229,44C,off
12/18/2021 19:43:22,Chamber 2,28-041661e256ff,27.0,T229,44C,off
12/18/2021 19:43:43,Chamber 2,28-041661e256ff,27.0,T229,44C,off
12/18/2021 19:44:02,Chamber 2,28-041661e256ff,27.0,T229,44C,off
12/18/2021 19:44:23,Chamber 2,28-041661e256ff,27.0,T229,44C,off
12/18/2021 19:44:42,Chamber 2,28-041661e256ff,27.0,T229,44C,off
12/18/2021 19:45:03,Chamber 2,28-041661e256ff,27.0,T229,44C,off
12/18/2021 19:45:22,Chamber 2,28-041661e256ff,27.0,T229,44C,off
12/18/2021 19:45:43,Chamber 2,28-041661e256ff,27.0,T229,44C,off
12/18/2021 19:46:02,Chamber 2,28-041661e256ff,27.0,T229,44C,off
12/18/2021 19:46:22,Chamber 2,28-041661e256ff,27.0,T229,44C,off
12/18/2021 19:46:42,Chamber 2,28-041661e256ff,27.0,T229,44C,off
12/18/2021 19:47:02,Chamber 2,28-041661e256ff,27.0,T229,44C,off
12/18/2021 19:47:22,Chamber 2,28-041661e256ff,27.0,T229,44C,off
12/18/2021 19:47:42,Chamber 2,28-041661e256ff,27.0,T229,44C,off
12/18/2021 19:48:02,Chamber 2,28-041661e256ff,27.0,T229,44C,off
12/18/2021 19:48:23,Chamber 2,28-041661e256ff,27.0,T229,44C,off
12/18/2021 19:48:42,Chamber 2,28-041661e256ff,27.0,T229,44C,off
12/18/2021 19:49:02,Chamber 2,28-041661e256ff,27.0,T229,44C,off
12/18/2021 19:49:23,Chamber 2,28-041661e256ff,27.0,T229,44C,off
12/18/2021 19:49:42,Chamber 2,28-041661e256ff,27.0,T229,44C,off
12/18/2021 19:50:02,Chamber 2,28-041661e256ff,27.0,T229,44C,off
12/18/2021 19:50:22,Chamber 2,28-041661e256ff,27.0,T229,44C,off
12/18/2021 19:50:42,Chamber 2,28-041661e256ff,27.0,T229,44C,off
12/18/2021 19:51:02,Chamber 2,28-041661e256ff,27.0,T229,44C,off
12/18/2021 19:51:22,Chamber 2,28-041661e256ff,27.0,T229,44C,off
12/18/2021 19:51:43,Chamber 2,28-041661e256ff,27.0,T229,44C,off
12/18/2021 19:52:02,Chamber 2,28-041661e256ff,27.0,T229,44C,off
12/18/2021 19:52:22,Chamber 2,28-041661e256ff,27.0,T229,44C,off
12/18/2021 19:52:42,Chamber 2,28-041661e256ff,27.0,T229,44C,off
12/18/2021 19:53:02,Chamber 2,28-041661e256ff,27.0,T229,44C,off
12/18/2021 19:53:22,Chamber 2,28-041661e256ff,27.0,T229,44C,off
12/18/2021 19:53:42,Chamber 2,28-041661e256ff,27.0,T229,44C,off
12/18/2021 19:54:02,Chamber 2,28-041661e256ff,27.0,T229,44C,off
12/18/2021 19:54:22,Chamber 2,28-041661e256ff,27.0,T229,44C,off
12/18/2021 19:54:42,Chamber 2,28-041661e256ff,27.0,T229,44C,off
12/18/2021 19:55:03,Chamber 2,28-041661e256ff,27.0,T229,44C,off
12/18/2021 19:55:22,Chamber 2,28-041661e256ff,27.0,T229,44C,off
12/18/2021 19:55:42,Chamber 2,28-041661e256ff,27.0,T229,44C,off
12/18/2021 19:56:02,Chamber 2,28-041661e256ff,27.0,T229,44C,off
12/18/2021 19:56:22,Chamber 2,28-041661e256ff,27.0,T229,44C,off
12/18/2021 19:56:42,Chamber 2,28-041661e256ff,27.0,T229,44C,off
12/18/2021 19:57:02,Chamber 2,28-041661e256ff,27.0,T229,44C,off
12/18/2021 19:57:22,Chamber 2,28-041661e256ff,27.0,T229,44C,off
12/18/2021 19:57:42,Chamber 2,28-041661e256ff,27.0,T229,44C,off
12/18/2021 19:58:02,Chamber 2,28-041661e256ff,27.0,T229,44C,off
12/18/2021 19:58:22,Chamber 2,28-041661e256ff,27.0,T229,44C,off
12/18/2021 19:58:42,Chamber 2,28-041661e256ff,27.0,T229,44C,off
12/18/2021 19:59:02,Chamber 2,28-041661e256ff,27.0,T229,44C,off
12/18/2021 19:59:22,Chamber 2,28-041661e256ff,27.0,T229,44C,off
12/18/2021 19:59:42,Chamber 2,28-041661e256ff,27.0,T229,44C,off
12/18/2021 20:00:02,Chamber 2,28-041661e256ff,27.0,T229,44C,off
12/18/2021 20:00:22,Chamber 2,28-041661e256ff,27.0,T229,44C,off
12/18/2021 20:00:42,Chamber 2,28-041661e256ff,27.0,T229,44C,off
12/18/2021 20:01:02,Chamber 2,28-041661e256ff,27.0,T229,44C,off
12/18/2021 20:01:22,Chamber 2,28-041661e256ff,27.0,T229,44C,off
12/18/2021 20:01:42,Chamber 2,28-041661e256ff,27.0,T229,44C,off
12/18/2021 20:02:02,Chamber 2,28-041661e256ff,27.0,T229,44C,off
12/18/2021 20:02:22,Chamber 2,28-041661e256ff,27.0,T229,44C,off
12/18/2021 20:02:42,Chamber 2,28-041661e256ff,27.0,T229,44C,off
12/18/2021 20:03:02,Chamber 2,28-041661e256ff,27.0,T229,44C,off
12/18/2021 20:03:22,Chamber 2,28-041661e256ff,27.0,T229,44C,off
12/18/2021 20:03:42,Chamber 2,28-041661e256ff,27.0,T229,44C,off
12/18/2021 20:04:02,Chamber 2,28-041661e256ff,27.0,T229,44C,off
12/18/2021 20:04:22,Chamber 2,28-041661e256ff,27.0,T229,44C,off
12/18/2021 20:04:42,Chamber 2,28-041661e256ff,27.0,T229,44C,off
12/18/2021 20:05:02,Chamber 2,28-041661e256ff,27.0,T229,44C,off
12/18/2021 20:05:22,Chamber 2,28-041661e256ff,27.0,T229,44C,off
12/18/2021 20:05:42,Chamber 2,28-041661e256ff,27.0,T229,44C,off
12/18/2021 20:06:02,Chamber 2,28-041661e256ff,27.0,T229,44C,off
12/18/2021 20:06:22,Chamber 2,28-041661e256ff,27.0,T229,44C,off
12/18/2021 20:06:42,Chamber 2,28-041661e256ff,27.0,T229,44C,off
12/18/2021 20:07:03,Chamber 2,28-041661e256ff,27.0,T229,44C,off
12/18/2021 20:07:23,Chamber 2,28-041661e256ff,27.0,T229,44C,off
12/18/2021 20:07:42,Chamber 2,28-041661e256ff,27.0,T229,44C,off
12/18/2021 20:08:02,Chamber 2,28-041661e256ff,27.0,T229,44C,off
12/18/2021 20:08:22,Chamber 2,28-041661e256ff,27.0,T229,44C,off
12/18/2021 20:08:42,Chamber 2,28-041661e256ff,27.0,T229,44C,off
12/18/2021 20:09:02,Chamber 2,28-041661e256ff,27.0,T229,44C,off
12/18/2021 20:09:22,Chamber 2,28-041661e256ff,27.0,T229,44C,off
12/18/2021 20:09:43,Chamber 2,28-041661e256ff,27.0,T229,44C,off
12/18/2021 20:10:02,Chamber 2,28-041661e256ff,27.0,T229,44C,off
12/18/2021 20:10:22,Chamber 2,28-041661e256ff,27.0,T229,44C,off
12/18/2021 20:10:42,Chamber 2,28-041661e256ff,27.0,T229,44C,off
12/18/2021 20:11:03,Chamber 2,28-041661e256ff,27.0,T229,44C,off
12/18/2021 20:11:22,Chamber 2,28-041661e256ff,27.0,T229,44C,off
12/18/2021 20:11:42,Chamber 2,28-041661e256ff,27.0,T229,44C,off
12/18/2021 20:12:02,Chamber 2,28-041661e256ff,27.0,T229,44C,off
12/18/2021 20:12:22,Chamber 2,28-041661e256ff,27.0,T229,44C,off
12/18/2021 20:12:42,Chamber 2,28-041661e256ff,27.0,T229,44C,off
12/18/2021 20:13:02,Chamber 2,28-041661e256ff,27.0,T229,44C,off
12/18/2021 20:13:22,Chamber 2,28-041661e256ff,27.0,T229,44C,off
12/18/2021 20:13:42,Chamber 2,28-041661e256ff,27.0,T229,44C,off
12/18/2021 20:14:03,Chamber 2,28-041661e256ff,27.0,T229,44C,off
12/18/2021 20:14:22,Chamber 2,28-041661e256ff,27.0,T229,44C,off
12/18/2021 20:14:42,Chamber 2,28-041661e256ff,27.0,T229,44C,off
12/18/2021 20:15:02,Chamber 2,28-041661e256ff,27.0,T229,44C,off
12/18/2021 20:15:22,Chamber 2,28-041661e256ff,27.0,T229,44C,off
12/18/2021 20:15:42,Chamber 2,28-041661e256ff,27.0,T229,44C,off
12/18/2021 20:16:02,Chamber 2,28-041661e256ff,27.0,T229,44C,off
12/18/2021 20:16:22,Chamber 2,28-041661e256ff,27.0,T229,44C,off
12/18/2021 20:16:42,Chamber 2,28-041661e256ff,27.0,T229,44C,off
12/18/2021 20:17:02,Chamber 2,28-041661e256ff,27.0,T229,44C,off
12/18/2021 20:17:22,Chamber 2,28-041661e256ff,27.0,T229,44C,off
12/18/2021 20:17:42,Chamber 2,28-041661e256ff,27.0,T229,44C,off
12/18/2021 20:18:02,Chamber 2,28-041661e256ff,27.0,T229,44C,off
12/18/2021 20:18:22,Chamber 2,28-041661e256ff,27.0,T229,44C,off
12/18/2021 20:18:42,Chamber 2,28-041661e256ff,27.0,T229,44C,off
12/18/2021 20:19:02,Chamber 2,28-041661e256ff,27.0,T229,44C,off
12/18/2021 20:19:22,Chamber 2,28-041661e256ff,27.0,T229,44C,off
12/18/2021 20:19:42,Chamber 2,28-041661e256ff,27.0,T229,44C,off
12/18/2021 20:20:02,Chamber 2,28-041661e256ff,27.0,T229,44C,off
12/18/2021 20:20:22,Chamber 2,28-041661e256ff,27.0,T229,44C,off
12/18/2021 20:20:42,Chamber 2,28-041661e256ff,27.0,T229,44C,off
12/18/2021 20:21:02,Chamber 2,28-041661e256ff,27.0,T229,44C,off
12/18/2021 20:21:22,Chamber 2,28-041661e256ff,27.0,T229,44C,off
12/18/2021 20:21:42,Chamber 2,28-041661e256ff,27.0,T229,44C,off
12/18/2021 20:22:02,Chamber 2,28-041661e256ff,27.0,T229,44C,off
12/18/2021 20:22:22,Chamber 2,28-041661e256ff,27.0,T229,44C,off
12/18/2021 20:22:42,Chamber 2,28-041661e256ff,27.0,T229,44C,off
12/18/2021 20:23:02,Chamber 2,28-041661e256ff,27.0,T229,44C,off
12/18/2021 20:23:22,Chamber 2,28-041661e256ff,27.0,T229,44C,off
12/18/2021 20:23:42,Chamber 2,28-041661e256ff,27.0,T229,44C,off
12/18/2021 20:24:02,Chamber 2,28-041661e256ff,27.0,T229,44C,off
12/18/2021 20:24:22,Chamber 2,28-041661e256ff,27.0,T229,44C,off
12/18/2021 20:24:42,Chamber 2,28-041661e256ff,27.0,T229,44C,off
12/18/2021 20:25:02,Chamber 2,28-041661e256ff,27.0,T229,44C,off
12/18/2021 20:25:22,Chamber 2,28-041661e256ff,27.0,T229,44C,off
12/18/2021 20:25:42,Chamber 2,28-041661e256ff,27.0,T229,44C,off
12/18/2021 20:26:04,Chamber 2,28-041661e256ff,27.0,T229,44C,off
12/18/2021 20:26:23,Chamber 2,28-041661e256ff,27.0,T229,44C,off
12/18/2021 20:26:42,Chamber 2,28-041661e256ff,27.0,T229,44C,off
12/18/2021 20:27:02,Chamber 2,28-041661e256ff,27.0,T229,44C,off
12/18/2021 20:27:22,Chamber 2,28-041661e256ff,27.0,T229,44C,off
12/18/2021 20:27:42,Chamber 2,28-041661e256ff,27.0,T229,44C,off
12/18/2021 20:28:02,Chamber 2,28-041661e256ff,27.0,T229,44C,off
12/18/2021 20:28:22,Chamber 2,28-041661e256ff,27.0,T229,44C,off
12/18/2021 20:28:42,Chamber 2,28-041661e256ff,27.0,T229,44C,off
12/18/2021 20:29:03,Chamber 2,28-041661e256ff,27.0,T229,44C,off
12/18/2021 20:29:22,Chamber 2,28-041661e256ff,27.0,T229,44C,off
12/18/2021 20:29:43,Chamber 2,28-041661e256ff,27.0,T229,44C,off
12/18/2021 20:30:02,Chamber 2,28-041661e256ff,27.0,T229,44C,off
12/18/2021 20:30:22,Chamber 2,28-041661e256ff,27.0,T229,44C,off
12/18/2021 20:30:42,Chamber 2,28-041661e256ff,27.0,T229,44C,off
12/18/2021 20:31:02,Chamber 2,28-041661e256ff,27.0,T229,44C,off
12/18/2021 20:31:22,Chamber 2,28-041661e256ff,27.0,T229,44C,off
12/18/2021 20:31:42,Chamber 2,28-041661e256ff,27.0,T229,44C,off
12/18/2021 20:32:02,Chamber 2,28-041661e256ff,27.0,T229,44C,off
12/18/2021 20:32:22,Chamber 2,28-041661e256ff,27.0,T229,44C,off
12/18/2021 20:32:42,Chamber 2,28-041661e256ff,27.0,T229,44C,off
12/18/2021 20:33:02,Chamber 2,28-041661e256ff,27.0,T229,44C,off
12/18/2021 20:33:22,Chamber 2,28-041661e256ff,27.0,T229,44C,off
12/18/2021 20:33:42,Chamber 2,28-041661e256ff,27.0,T229,44C,off
12/18/2021 20:34:02,Chamber 2,28-041661e256ff,27.0,T229,44C,off
12/18/2021 20:34:23,Chamber 2,28-041661e256ff,27.0,T229,44C,off
12/18/2021 20:34:42,Chamber 2,28-041661e256ff,27.0,T229,44C,off
12/18/2021 20:35:02,Chamber 2,28-041661e256ff,27.0,T229,44C,off
12/18/2021 20:35:22,Chamber 2,28-041661e256ff,27.0,T229,44C,off
12/18/2021 20:35:42,Chamber 2,28-041661e256ff,27.0,T229,44C,off
12/18/2021 20:36:02,Chamber 2,28-041661e256ff,27.0,T229,44C,off
12/18/2021 20:36:23,Chamber 2,28-041661e256ff,27.0,T229,44C,off
12/18/2021 20:36:42,Chamber 2,28-041661e256ff,27.0,T229,44C,off
12/18/2021 20:37:02,Chamber 2,28-041661e256ff,27.0,T229,44C,off
12/18/2021 20:37:23,Chamber 2,28-041661e256ff,27.0,T229,44C,off
12/18/2021 20:37:42,Chamber 2,28-041661e256ff,27.0,T229,44C,off
12/18/2021 20:38:02,Chamber 2,28-041661e256ff,27.0,T229,44C,off
12/18/2021 20:38:22,Chamber 2,28-041661e256ff,27.0,T229,44C,off
12/18/2021 20:38:42,Chamber 2,28-041661e256ff,27.0,T229,44C,off
12/18/2021 20:39:02,Chamber 2,28-041661e256ff,27.0,T229,44C,off
12/18/2021 20:39:24,Chamber 2,28-041661e256ff,27.0,T229,44C,off
12/18/2021 20:39:42,Chamber 2,28-041661e256ff,27.0,T229,44C,off
12/18/2021 20:40:02,Chamber 2,28-041661e256ff,27.0,T229,44C,off
12/18/2021 20:40:22,Chamber 2,28-041661e256ff,27.0,T229,44C,off
12/18/2021 20:40:44,Chamber 2,28-041661e256ff,27.0,T229,44C,off
12/18/2021 20:41:02,Chamber 2,28-041661e256ff,27.0,T229,44C,off
12/18/2021 20:41:22,Chamber 2,28-041661e256ff,27.0,T229,44C,off
12/18/2021 20:41:42,Chamber 2,28-041661e256ff,27.0,T229,44C,off
12/18/2021 20:42:02,Chamber 2,28-041661e256ff,27.0,T229,44C,off
12/18/2021 20:42:22,Chamber 2,28-041661e256ff,27.0,T229,44C,off
12/18/2021 20:42:42,Chamber 2,28-041661e256ff,27.0,T229,44C,off
12/18/2021 20:43:02,Chamber 2,28-041661e256ff,27.0,T229,44C,off
12/18/2021 20:43:23,Chamber 2,28-041661e256ff,27.0,T229,44C,off
12/18/2021 20:43:45,Chamber 2,28-041661e256ff,27.0,T229,44C,off
12/18/2021 20:44:02,Chamber 2,28-041661e256ff,27.0,T229,44C,off
12/18/2021 20:44:22,Chamber 2,28-041661e256ff,27.0,T229,44C,off
12/18/2021 20:44:42,Chamber 2,28-041661e256ff,27.0,T229,44C,off
12/18/2021 20:45:02,Chamber 2,28-041661e256ff,27.0,T229,44C,off
12/18/2021 20:45:22,Chamber 2,28-041661e256ff,27.0,T229,44C,off
12/18/2021 20:45:42,Chamber 2,28-041661e256ff,27.0,T229,44C,off
12/18/2021 20:46:02,Chamber 2,28-041661e256ff,27.0,T229,44C,off
12/18/2021 20:46:22,Chamber 2,28-041661e256ff,27.0,T229,44C,off
12/18/2021 20:46:42,Chamber 2,28-041661e256ff,27.0,T229,44C,off
12/18/2021 20:47:02,Chamber 2,28-041661e256ff,27.0,T229,44C,off
12/18/2021 20:47:22,Chamber 2,28-041661e256ff,27.0,T229,44C,off
12/18/2021 20:47:42,Chamber 2,28-041661e256ff,27.0,T229,44C,off
12/18/2021 20:48:02,Chamber 2,28-041661e256ff,27.0,T229,44C,off
12/18/2021 20:48:22,Chamber 2,28-041661e256ff,27.0,T229,44C,off
12/18/2021 20:48:42,Chamber 2,28-041661e256ff,27.0,T229,44C,off
12/18/2021 20:49:02,Chamber 2,28-041661e256ff,27.0,T229,44C,off
12/18/2021 20:49:22,Chamber 2,28-041661e256ff,27.0,T229,44C,off
12/18/2021 20:49:42,Chamber 2,28-041661e256ff,27.0,T229,44C,off
12/18/2021 20:50:02,Chamber 2,28-041661e256ff,27.0,T229,44C,off
12/18/2021 20:50:22,Chamber 2,28-041661e256ff,27.0,T229,44C,off
12/18/2021 20:50:42,Chamber 2,28-041661e256ff,27.0,T229,44C,off
12/18/2021 20:51:02,Chamber 2,28-041661e256ff,27.0,T229,44C,off
12/18/2021 20:51:22,Chamber 2,28-041661e256ff,27.0,T229,44C,off
12/18/2021 20:51:42,Chamber 2,28-041661e256ff,27.0,T229,44C,off
12/18/2021 20:52:02,Chamber 2,28-041661e256ff,27.0,T229,44C,off
12/18/2021 20:52:22,Chamber 2,28-041661e256ff,27.0,T229,44C,off
12/18/2021 20:52:42,Chamber 2,28-041661e256ff,27.0,T229,44C,off
12/18/2021 20:53:02,Chamber 2,28-041661e256ff,27.0,T229,44C,off
12/18/2021 20:53:22,Chamber 2,28-041661e256ff,27.0,T229,44C,off
12/18/2021 20:53:42,Chamber 2,28-041661e256ff,27.0,T229,44C,off
12/18/2021 20:54:02,Chamber 2,28-041661e256ff,27.0,T229,44C,off
12/18/2021 20:54:22,Chamber 2,28-041661e256ff,27.0,T229,44C,off
12/18/2021 20:54:42,Chamber 2,28-041661e256ff,27.0,T229,44C,off
12/18/2021 20:55:02,Chamber 2,28-041661e256ff,27.0,T229,44C,off
12/18/2021 20:55:22,Chamber 2,28-041661e256ff,27.0,T229,44C,off
12/18/2021 20:55:42,Chamber 2,28-041661e256ff,27.0,T229,44C,off
12/18/2021 20:56:02,Chamber 2,28-041661e256ff,27.0,T229,44C,off
12/18/2021 20:56:22,Chamber 2,28-041661e256ff,27.0,T229,44C,off
12/18/2021 20:56:42,Chamber 2,28-041661e256ff,27.0,T229,44C,off
12/18/2021 20:57:02,Chamber 2,28-041661e256ff,27.0,T229,44C,off
12/18/2021 20:57:22,Chamber 2,28-041661e256ff,27.0,T229,44C,off
12/18/2021 20:57:42,Chamber 2,28-041661e256ff,27.0,T229,44C,off
12/18/2021 20:58:02,Chamber 2,28-041661e256ff,27.0,T229,44C,off
12/18/2021 20:58:22,Chamber 2,28-041661e256ff,27.0,T229,44C,off
12/18/2021 20:58:42,Chamber 2,28-041661e256ff,27.0,T229,44C,off
12/18/2021 20:59:04,Chamber 2,28-041661e256ff,27.0,T229,44C,off
12/18/2021 20:59:22,Chamber 2,28-041661e256ff,27.0,T229,44C,off
12/18/2021 20:59:42,Chamber 2,28-041661e256ff,27.0,T229,44C,off
12/18/2021 21:00:02,Chamber 2,28-041661e256ff,27.0,T229,44C,off
12/18/2021 21:00:22,Chamber 2,28-041661e256ff,27.0,T229,44C,off
12/18/2021 21:00:42,Chamber 2,28-041661e256ff,27.0,T229,44C,off
12/18/2021 21:01:02,Chamber 2,28-041661e256ff,27.0,T229,44C,off
12/18/2021 21:01:22,Chamber 2,28-041661e256ff,27.0,T229,44C,off
12/18/2021 21:01:42,Chamber 2,28-041661e256ff,27.0,T229,44C,off
12/18/2021 21:02:03,Chamber 2,28-041661e256ff,27.0,T229,44C,off
12/18/2021 21:02:22,Chamber 2,28-041661e256ff,27.0,T229,44C,off
12/18/2021 21:02:42,Chamber 2,28-041661e256ff,27.0,T229,44C,off
12/18/2021 21:03:02,Chamber 2,28-041661e256ff,27.0,T229,44C,off
12/18/2021 21:03:22,Chamber 2,28-041661e256ff,27.0,T229,44C,off
12/18/2021 21:03:42,Chamber 2,28-041661e256ff,27.0,T229,44C,off
12/18/2021 21:04:02,Chamber 2,28-041661e256ff,27.0,T229,44C,off
12/18/2021 21:04:22,Chamber 2,28-041661e256ff,27.0,T229,44C,off
12/18/2021 21:04:42,Chamber 2,28-041661e256ff,27.0,T229,44C,off
12/18/2021 21:05:02,Chamber 2,28-041661e256ff,27.0,T229,44C,off
12/18/2021 21:05:22,Chamber 2,28-041661e256ff,27.0,T229,44C,off
12/18/2021 21:05:42,Chamber 2,28-041661e256ff,27.0,T229,44C,off
12/18/2021 21:06:02,Chamber 2,28-041661e256ff,27.0,T229,44C,off
12/18/2021 21:06:22,Chamber 2,28-041661e256ff,27.0,T229,44C,off
12/18/2021 21:06:42,Chamber 2,28-041661e256ff,27.0,T229,44C,off
12/18/2021 21:07:02,Chamber 2,28-041661e256ff,27.0,T229,44C,off
12/18/2021 21:07:22,Chamber 2,28-041661e256ff,27.0,T229,44C,off
12/18/2021 21:07:42,Chamber 2,28-041661e256ff,27.0,T229,44C,off
12/18/2021 21:08:02,Chamber 2,28-041661e256ff,27.0,T229,44C,off
12/18/2021 21:08:22,Chamber 2,28-041661e256ff,27.0,T229,44C,off
12/18/2021 21:08:42,Chamber 2,28-041661e256ff,27.0,T229,44C,off
12/18/2021 21:09:02,Chamber 2,28-041661e256ff,27.0,T229,44C,off
12/18/2021 21:09:22,Chamber 2,28-041661e256ff,27.0,T229,44C,off
12/18/2021 21:09:43,Chamber 2,28-041661e256ff,27.0,T229,44C,off
12/18/2021 21:10:02,Chamber 2,28-041661e256ff,27.0,T229,44C,off
12/18/2021 21:10:22,Chamber 2,28-041661e256ff,27.0,T229,44C,off
12/18/2021 21:10:42,Chamber 2,28-041661e256ff,27.0,T229,44C,off
12/18/2021 21:11:02,Chamber 2,28-041661e256ff,27.0,T229,44C,off
12/18/2021 21:11:25,Chamber 2,28-041661e256ff,27.0,T229,44C,off
12/18/2021 21:11:42,Chamber 2,28-041661e256ff,27.0,T229,44C,off
12/18/2021 21:12:02,Chamber 2,28-041661e256ff,27.0,T229,44C,off
12/18/2021 21:12:22,Chamber 2,28-041661e256ff,27.0,T229,44C,off
12/18/2021 21:12:42,Chamber 2,28-041661e256ff,27.0,T229,44C,off
12/18/2021 21:13:02,Chamber 2,28-041661e256ff,27.0,T229,44C,off
12/18/2021 21:13:22,Chamber 2,28-041661e256ff,27.0,T229,44C,off
12/18/2021 21:13:42,Chamber 2,28-041661e256ff,27.0,T229,44C,off
12/18/2021 21:14:02,Chamber 2,28-041661e256ff,27.0,T229,44C,off
12/18/2021 21:14:22,Chamber 2,28-041661e256ff,27.0,T229,44C,off
12/18/2021 21:14:42,Chamber 2,28-041661e256ff,27.0,T229,44C,off
12/18/2021 21:15:02,Chamber 2,28-041661e256ff,27.0,T229,44C,off
12/18/2021 21:15:22,Chamber 2,28-041661e256ff,27.0,T229,44C,off
12/18/2021 21:15:42,Chamber 2,28-041661e256ff,27.0,T229,44C,off
12/18/2021 21:16:03,Chamber 2,28-041661e256ff,27.0,T229,44C,off
12/18/2021 21:16:22,Chamber 2,28-041661e256ff,27.0,T229,44C,off
12/18/2021 21:16:42,Chamber 2,28-041661e256ff,27.0,T229,44C,off
12/18/2021 21:17:02,Chamber 2,28-041661e256ff,27.0,T229,44C,off
12/18/2021 21:17:22,Chamber 2,28-041661e256ff,27.0,T229,44C,off
12/18/2021 21:17:42,Chamber 2,28-041661e256ff,27.0,T229,44C,off
12/18/2021 21:18:02,Chamber 2,28-041661e256ff,27.0,T229,44C,off
12/18/2021 21:18:22,Chamber 2,28-041661e256ff,27.0,T229,44C,off
12/18/2021 21:18:42,Chamber 2,28-041661e256ff,27.0,T229,44C,off
12/18/2021 21:19:02,Chamber 2,28-041661e256ff,27.0,T229,44C,off
12/18/2021 21:19:22,Chamber 2,28-041661e256ff,27.0,T229,44C,off
12/18/2021 21:19:42,Chamber 2,28-041661e256ff,27.0,T229,44C,off
12/18/2021 21:20:02,Chamber 2,28-041661e256ff,27.0,T229,44C,off
12/18/2021 21:20:22,Chamber 2,28-041661e256ff,27.0,T229,44C,off
12/18/2021 21:20:43,Chamber 2,28-041661e256ff,27.0,T229,44C,off
12/18/2021 21:21:02,Chamber 2,28-041661e256ff,27.0,T229,44C,off
12/18/2021 21:21:22,Chamber 2,28-041661e256ff,27.0,T229,44C,off
12/18/2021 21:21:42,Chamber 2,28-041661e256ff,27.0,T229,44C,off
12/18/2021 21:22:02,Chamber 2,28-041661e256ff,27.0,T229,44C,off
12/18/2021 21:22:22,Chamber 2,28-041661e256ff,27.0,T229,44C,off
12/18/2021 21:22:42,Chamber 2,28-041661e256ff,27.0,T229,44C,off
12/18/2021 21:23:03,Chamber 2,28-041661e256ff,27.0,T229,44C,off
12/18/2021 21:23:22,Chamber 2,28-041661e256ff,27.0,T229,44C,off
12/18/2021 21:23:42,Chamber 2,28-041661e256ff,27.0,T229,44C,off
12/18/2021 21:24:03,Chamber 2,28-041661e256ff,27.0,T229,44C,off
12/18/2021 21:24:22,Chamber 2,28-041661e256ff,27.0,T229,44C,off
12/18/2021 21:24:43,Chamber 2,28-041661e256ff,27.0,T229,44C,off
12/18/2021 21:25:02,Chamber 2,28-041661e256ff,27.0,T229,44C,off
12/18/2021 21:25:23,Chamber 2,28-041661e256ff,27.0,T229,44C,off
12/18/2021 21:25:42,Chamber 2,28-041661e256ff,27.0,T229,44C,off
12/18/2021 21:26:02,Chamber 2,28-041661e256ff,27.0,T229,44C,off
12/18/2021 21:26:22,Chamber 2,28-041661e256ff,27.0,T229,44C,off
12/18/2021 21:26:42,Chamber 2,28-041661e256ff,27.0,T229,44C,off
12/18/2021 21:27:02,Chamber 2,28-041661e256ff,27.0,T229,44C,off
12/18/2021 21:27:22,Chamber 2,28-041661e256ff,26.937,T229,44C,off
12/18/2021 21:27:42,Chamber 2,28-041661e256ff,26.937,T229,44C,off
12/18/2021 21:28:02,Chamber 2,28-041661e256ff,26.937,T229,44C,off
12/18/2021 21:28:22,Chamber 2,28-041661e256ff,27.0,T229,44C,off
12/18/2021 21:28:42,Chamber 2,28-041661e256ff,26.937,T229,44C,off
12/18/2021 21:29:02,Chamber 2,28-041661e256ff,27.0,T229,44C,off
12/18/2021 21:29:22,Chamber 2,28-041661e256ff,26.937,T229,44C,off
12/18/2021 21:29:42,Chamber 2,28-041661e256ff,27.0,T229,44C,off
12/18/2021 21:30:02,Chamber 2,28-041661e256ff,27.0,T229,44C,off
12/18/2021 21:30:24,Chamber 2,28-041661e256ff,26.937,T229,44C,off
12/18/2021 21:30:42,Chamber 2,28-041661e256ff,27.0,T229,44C,off
12/18/2021 21:31:02,Chamber 2,28-041661e256ff,27.0,T229,44C,off
12/18/2021 21:31:22,Chamber 2,28-041661e256ff,27.0,T229,44C,off
12/18/2021 21:31:44,Chamber 2,28-041661e256ff,26.937,T229,44C,off
12/18/2021 21:32:02,Chamber 2,28-041661e256ff,27.0,T229,44C,off
12/18/2021 21:32:22,Chamber 2,28-041661e256ff,26.937,T229,44C,off
12/18/2021 21:32:42,Chamber 2,28-041661e256ff,26.937,T229,44C,off
12/18/2021 21:33:03,Chamber 2,28-041661e256ff,26.937,T229,44C,off
12/18/2021 21:33:24,Chamber 2,28-041661e256ff,26.937,T229,44C,off
12/18/2021 21:33:42,Chamber 2,28-041661e256ff,26.937,T229,44C,off
12/18/2021 21:34:02,Chamber 2,28-041661e256ff,27.0,T229,44C,off
12/18/2021 21:34:24,Chamber 2,28-041661e256ff,27.0,T229,44C,off
12/18/2021 21:34:42,Chamber 2,28-041661e256ff,27.0,T229,44C,off
12/18/2021 21:35:02,Chamber 2,28-041661e256ff,27.0,T229,44C,off
12/18/2021 21:35:24,Chamber 2,28-041661e256ff,27.0,T229,44C,off
12/18/2021 21:35:42,Chamber 2,28-041661e256ff,27.0,T229,44C,off
12/18/2021 21:36:02,Chamber 2,28-041661e256ff,26.937,T229,44C,off
12/18/2021 21:36:22,Chamber 2,28-041661e256ff,26.937,T229,44C,off
12/18/2021 21:36:42,Chamber 2,28-041661e256ff,27.0,T229,44C,off
12/18/2021 21:37:02,Chamber 2,28-041661e256ff,27.0,T229,44C,off
12/18/2021 21:37:22,Chamber 2,28-041661e256ff,26.937,T229,44C,off
12/18/2021 21:37:42,Chamber 2,28-041661e256ff,27.0,T229,44C,off
12/18/2021 21:38:02,Chamber 2,28-041661e256ff,27.0,T229,44C,off
12/18/2021 21:38:22,Chamber 2,28-041661e256ff,26.937,T229,44C,off
12/18/2021 21:38:42,Chamber 2,28-041661e256ff,27.0,T229,44C,off
12/18/2021 21:39:02,Chamber 2,28-041661e256ff,27.0,T229,44C,off
12/18/2021 21:39:22,Chamber 2,28-041661e256ff,26.937,T229,44C,off
12/18/2021 21:39:42,Chamber 2,28-041661e256ff,26.937,T229,44C,off
12/18/2021 21:40:02,Chamber 2,28-041661e256ff,26.937,T229,44C,off
12/18/2021 21:40:22,Chamber 2,28-041661e256ff,26.937,T229,44C,off
12/18/2021 21:40:42,Chamber 2,28-041661e256ff,26.937,T229,44C,off
12/18/2021 21:41:02,Chamber 2,28-041661e256ff,27.0,T229,44C,off
12/18/2021 21:41:25,Chamber 2,28-041661e256ff,27.0,T229,44C,off
12/18/2021 21:41:42,Chamber 2,28-041661e256ff,27.0,T229,44C,off
12/18/2021 21:42:02,Chamber 2,28-041661e256ff,27.0,T229,44C,off
12/18/2021 21:42:22,Chamber 2,28-041661e256ff,27.0,T229,44C,off
12/18/2021 21:42:42,Chamber 2,28-041661e256ff,27.0,T229,44C,off
12/18/2021 21:43:02,Chamber 2,28-041661e256ff,27.0,T229,44C,off
12/18/2021 21:43:22,Chamber 2,28-041661e256ff,26.937,T229,44C,off
12/18/2021 21:43:42,Chamber 2,28-041661e256ff,27.0,T229,44C,off
12/18/2021 21:44:02,Chamber 2,28-041661e256ff,27.0,T229,44C,off
12/18/2021 21:44:22,Chamber 2,28-041661e256ff,26.937,T229,44C,off
12/18/2021 21:44:42,Chamber 2,28-041661e256ff,26.937,T229,44C,off
12/18/2021 21:45:02,Chamber 2,28-041661e256ff,27.0,T229,44C,off
12/18/2021 21:45:22,Chamber 2,28-041661e256ff,27.0,T229,44C,off
12/18/2021 21:45:43,Chamber 2,28-041661e256ff,27.0,T229,44C,off
12/18/2021 21:46:02,Chamber 2,28-041661e256ff,27.0,T229,44C,off
12/18/2021 21:46:24,Chamber 2,28-041661e256ff,27.0,T229,44C,off
12/18/2021 21:46:43,Chamber 2,28-041661e256ff,26.937,T229,44C,off
12/18/2021 21:47:02,Chamber 2,28-041661e256ff,26.937,T229,44C,off
12/18/2021 21:47:22,Chamber 2,28-041661e256ff,26.937,T229,44C,off
12/18/2021 21:47:42,Chamber 2,28-041661e256ff,27.0,T229,44C,off
12/18/2021 21:48:03,Chamber 2,28-041661e256ff,27.0,T229,44C,off
12/18/2021 21:48:22,Chamber 2,28-041661e256ff,27.0,T229,44C,off
12/18/2021 21:48:42,Chamber 2,28-041661e256ff,26.937,T229,44C,off
12/18/2021 21:49:02,Chamber 2,28-041661e256ff,26.937,T229,44C,off
12/18/2021 21:49:23,Chamber 2,28-041661e256ff,26.937,T229,44C,off
12/18/2021 21:49:43,Chamber 2,28-041661e256ff,26.937,T229,44C,off
12/18/2021 21:50:03,Chamber 2,28-041661e256ff,26.937,T229,44C,off
12/18/2021 21:50:22,Chamber 2,28-041661e256ff,26.937,T229,44C,off
12/18/2021 21:50:44,Chamber 2,28-041661e256ff,27.0,T229,44C,off
12/18/2021 21:51:02,Chamber 2,28-041661e256ff,27.0,T229,44C,off
12/18/2021 21:51:22,Chamber 2,28-041661e256ff,27.0,T229,44C,off
12/18/2021 21:51:42,Chamber 2,28-041661e256ff,27.0,T229,44C,off
12/18/2021 21:52:03,Chamber 2,28-041661e256ff,27.0,T229,44C,off
12/18/2021 21:52:22,Chamber 2,28-041661e256ff,27.0,T229,44C,off
12/18/2021 21:52:42,Chamber 2,28-041661e256ff,27.0,T229,44C,off
12/18/2021 21:53:02,Chamber 2,28-041661e256ff,26.937,T229,44C,off
12/18/2021 21:53:22,Chamber 2,28-041661e256ff,27.0,T229,44C,off
12/18/2021 21:53:42,Chamber 2,28-041661e256ff,27.0,T229,44C,off
12/18/2021 21:54:02,Chamber 2,28-041661e256ff,26.937,T229,44C,off
12/18/2021 21:54:22,Chamber 2,28-041661e256ff,26.937,T229,44C,off
12/18/2021 21:54:42,Chamber 2,28-041661e256ff,27.0,T229,44C,off
12/18/2021 21:55:02,Chamber 2,28-041661e256ff,27.0,T229,44C,off
12/18/2021 21:55:22,Chamber 2,28-041661e256ff,26.937,T229,44C,off
12/18/2021 21:55:44,Chamber 2,28-041661e256ff,27.0,T229,44C,off
12/18/2021 21:56:02,Chamber 2,28-041661e256ff,27.0,T229,44C,off
12/18/2021 21:56:22,Chamber 2,28-041661e256ff,27.0,T229,44C,off
12/18/2021 21:56:43,Chamber 2,28-041661e256ff,27.0,T229,44C,off
12/18/2021 21:57:03,Chamber 2,28-041661e256ff,27.0,T229,44C,off
12/18/2021 21:57:22,Chamber 2,28-041661e256ff,26.937,T229,44C,off
12/18/2021 21:57:42,Chamber 2,28-041661e256ff,26.937,T229,44C,off
12/18/2021 21:58:02,Chamber 2,28-041661e256ff,26.937,T229,44C,off
12/18/2021 21:58:22,Chamber 2,28-041661e256ff,26.937,T229,44C,off
12/18/2021 21:58:42,Chamber 2,28-041661e256ff,26.937,T229,44C,off
12/18/2021 21:59:02,Chamber 2,28-041661e256ff,26.937,T229,44C,off
12/18/2021 21:59:22,Chamber 2,28-041661e256ff,27.0,T229,44C,off
12/18/2021 21:59:42,Chamber 2,28-041661e256ff,27.0,T229,44C,off
12/18/2021 22:00:02,Chamber 2,28-041661e256ff,26.937,T229,44C,off
12/18/2021 22:00:22,Chamber 2,28-041661e256ff,26.937,T229,44C,off
12/18/2021 22:00:42,Chamber 2,28-041661e256ff,26.937,T229,44C,off
12/18/2021 22:01:02,Chamber 2,28-041661e256ff,27.0,T229,44C,off
12/18/2021 22:01:22,Chamber 2,28-041661e256ff,26.937,T229,44C,off
12/18/2021 22:01:42,Chamber 2,28-041661e256ff,26.937,T229,44C,off
12/18/2021 22:02:02,Chamber 2,28-041661e256ff,27.0,T229,44C,off
12/18/2021 22:02:22,Chamber 2,28-041661e256ff,26.937,T229,44C,off
12/18/2021 22:02:42,Chamber 2,28-041661e256ff,26.937,T229,44C,off
12/18/2021 22:03:03,Chamber 2,28-041661e256ff,26.937,T229,44C,off
12/18/2021 22:03:22,Chamber 2,28-041661e256ff,26.937,T229,44C,off
12/18/2021 22:03:42,Chamber 2,28-041661e256ff,26.937,T229,44C,off
12/18/2021 22:04:02,Chamber 2,28-041661e256ff,26.937,T229,44C,off
12/18/2021 22:04:22,Chamber 2,28-041661e256ff,26.937,T229,44C,off
12/18/2021 22:04:42,Chamber 2,28-041661e256ff,26.937,T229,44C,off
12/18/2021 22:05:02,Chamber 2,28-041661e256ff,26.937,T229,44C,off
12/18/2021 22:05:22,Chamber 2,28-041661e256ff,26.937,T229,44C,off
12/18/2021 22:05:42,Chamber 2,28-041661e256ff,26.937,T229,44C,off
12/18/2021 22:06:02,Chamber 2,28-041661e256ff,27.0,T229,44C,off
12/18/2021 22:06:22,Chamber 2,28-041661e256ff,26.937,T229,44C,off
12/18/2021 22:06:42,Chamber 2,28-041661e256ff,26.937,T229,44C,off
12/18/2021 22:07:02,Chamber 2,28-041661e256ff,27.0,T229,44C,off
12/18/2021 22:07:22,Chamber 2,28-041661e256ff,26.937,T229,44C,off
12/18/2021 22:07:42,Chamber 2,28-041661e256ff,26.937,T229,44C,off
12/18/2021 22:08:02,Chamber 2,28-041661e256ff,27.0,T229,44C,off
12/18/2021 22:08:22,Chamber 2,28-041661e256ff,27.0,T229,44C,off
12/18/2021 22:08:42,Chamber 2,28-041661e256ff,27.0,T229,44C,off
12/18/2021 22:09:02,Chamber 2,28-041661e256ff,26.937,T229,44C,off
12/18/2021 22:09:22,Chamber 2,28-041661e256ff,26.937,T229,44C,off
12/18/2021 22:09:42,Chamber 2,28-041661e256ff,26.937,T229,44C,off
12/18/2021 22:10:02,Chamber 2,28-041661e256ff,26.937,T229,44C,off
12/18/2021 22:10:22,Chamber 2,28-041661e256ff,26.937,T229,44C,off
12/18/2021 22:10:42,Chamber 2,28-041661e256ff,26.937,T229,44C,off
12/18/2021 22:11:02,Chamber 2,28-041661e256ff,27.0,T229,44C,off
12/18/2021 22:11:22,Chamber 2,28-041661e256ff,26.937,T229,44C,off
12/18/2021 22:11:44,Chamber 2,28-041661e256ff,27.0,T229,44C,off
12/18/2021 22:12:02,Chamber 2,28-041661e256ff,27.0,T229,44C,off
12/18/2021 22:12:22,Chamber 2,28-041661e256ff,27.0,T229,44C,off
12/18/2021 22:12:42,Chamber 2,28-041661e256ff,27.0,T229,44C,off
12/18/2021 22:13:02,Chamber 2,28-041661e256ff,27.0,T229,44C,off
12/18/2021 22:13:22,Chamber 2,28-041661e256ff,27.0,T229,44C,off
12/18/2021 22:13:42,Chamber 2,28-041661e256ff,27.0,T229,44C,off
12/18/2021 22:14:02,Chamber 2,28-041661e256ff,27.0,T229,44C,off
12/18/2021 22:14:22,Chamber 2,28-041661e256ff,27.0,T229,44C,off
12/18/2021 22:14:42,Chamber 2,28-041661e256ff,27.0,T229,44C,off
12/18/2021 22:15:02,Chamber 2,28-041661e256ff,27.0,T229,44C,off
12/18/2021 22:15:22,Chamber 2,28-041661e256ff,27.0,T229,44C,off
12/18/2021 22:15:42,Chamber 2,28-041661e256ff,27.0,T229,44C,off
12/18/2021 22:16:04,Chamber 2,28-041661e256ff,27.0,T229,44C,off
12/18/2021 22:16:23,Chamber 2,28-041661e256ff,27.0,T229,44C,off
12/18/2021 22:16:43,Chamber 2,28-041661e256ff,27.0,T229,44C,off
12/18/2021 22:17:03,Chamber 2,28-041661e256ff,27.0,T229,44C,off
12/18/2021 22:17:23,Chamber 2,28-041661e256ff,27.0,T229,44C,off
12/18/2021 22:17:42,Chamber 2,28-041661e256ff,27.0,T229,44C,off
12/18/2021 22:18:02,Chamber 2,28-041661e256ff,27.0,T229,44C,off
12/18/2021 22:18:22,Chamber 2,28-041661e256ff,27.0,T229,44C,off
12/18/2021 22:18:43,Chamber 2,28-041661e256ff,27.0,T229,44C,off
12/18/2021 22:19:02,Chamber 2,28-041661e256ff,27.0,T229,44C,off
12/18/2021 22:19:22,Chamber 2,28-041661e256ff,27.0,T229,44C,off
12/18/2021 22:19:44,Chamber 2,28-041661e256ff,27.0,T229,44C,off
12/18/2021 22:20:03,Chamber 2,28-041661e256ff,27.0,T229,44C,off
12/18/2021 22:20:22,Chamber 2,28-041661e256ff,27.0,T229,44C,off
12/18/2021 22:20:42,Chamber 2,28-041661e256ff,27.0,T229,44C,off
12/18/2021 22:21:02,Chamber 2,28-041661e256ff,27.0,T229,44C,off
12/18/2021 22:21:22,Chamber 2,28-041661e256ff,27.0,T229,44C,off
12/18/2021 22:21:42,Chamber 2,28-041661e256ff,27.0,T229,44C,off
12/18/2021 22:22:02,Chamber 2,28-041661e256ff,27.0,T229,44C,off
12/18/2021 22:22:22,Chamber 2,28-041661e256ff,27.0,T229,44C,off
12/18/2021 22:22:42,Chamber 2,28-041661e256ff,27.0,T229,44C,off
12/18/2021 22:23:02,Chamber 2,28-041661e256ff,27.0,T229,44C,off
12/18/2021 22:23:22,Chamber 2,28-041661e256ff,27.0,T229,44C,off
12/18/2021 22:23:42,Chamber 2,28-041661e256ff,27.0,T229,44C,off
12/18/2021 22:24:02,Chamber 2,28-041661e256ff,27.0,T229,44C,off
12/18/2021 22:24:22,Chamber 2,28-041661e256ff,27.0,T229,44C,off
12/18/2021 22:24:43,Chamber 2,28-041661e256ff,27.0,T229,44C,off
12/18/2021 22:25:02,Chamber 2,28-041661e256ff,27.0,T229,44C,off
12/18/2021 22:25:22,Chamber 2,28-041661e256ff,27.0,T229,44C,off
12/18/2021 22:25:42,Chamber 2,28-041661e256ff,27.0,T229,44C,off
12/18/2021 22:26:02,Chamber 2,28-041661e256ff,27.0,T229,44C,off
12/18/2021 22:26:22,Chamber 2,28-041661e256ff,27.0,T229,44C,off
12/18/2021 22:26:42,Chamber 2,28-041661e256ff,27.0,T229,44C,off
12/18/2021 22:27:02,Chamber 2,28-041661e256ff,27.0,T229,44C,off
12/18/2021 22:27:22,Chamber 2,28-041661e256ff,27.0,T229,44C,off
12/18/2021 22:27:42,Chamber 2,28-041661e256ff,27.0,T229,44C,off
12/18/2021 22:28:02,Chamber 2,28-041661e256ff,27.0,T229,44C,off
12/18/2021 22:28:22,Chamber 2,28-041661e256ff,27.0,T229,44C,off
12/18/2021 22:28:42,Chamber 2,28-041661e256ff,27.0,T229,44C,off
12/18/2021 22:29:03,Chamber 2,28-041661e256ff,27.0,T229,44C,off
12/18/2021 22:29:22,Chamber 2,28-041661e256ff,27.0,T229,44C,off
12/18/2021 22:29:42,Chamber 2,28-041661e256ff,27.0,T229,44C,off
12/18/2021 22:30:02,Chamber 2,28-041661e256ff,27.0,T229,44C,off
12/18/2021 22:30:22,Chamber 2,28-041661e256ff,27.0,T229,44C,off
12/18/2021 22:30:42,Chamber 2,28-041661e256ff,27.0,T229,44C,off
12/18/2021 22:31:02,Chamber 2,28-041661e256ff,27.0,T229,44C,off
12/18/2021 22:31:22,Chamber 2,28-041661e256ff,27.0,T229,44C,off
12/18/2021 22:31:42,Chamber 2,28-041661e256ff,27.0,T229,44C,off
12/18/2021 22:32:03,Chamber 2,28-041661e256ff,27.0,T229,44C,off
12/18/2021 22:32:22,Chamber 2,28-041661e256ff,27.0,T229,44C,off
12/18/2021 22:32:42,Chamber 2,28-041661e256ff,27.0,T229,44C,off
12/18/2021 22:33:02,Chamber 2,28-041661e256ff,27.0,T229,44C,off
12/18/2021 22:33:22,Chamber 2,28-041661e256ff,27.0,T229,44C,off
12/18/2021 22:33:42,Chamber 2,28-041661e256ff,27.0,T229,44C,off
12/18/2021 22:34:02,Chamber 2,28-041661e256ff,27.0,T229,44C,off
12/18/2021 22:34:23,Chamber 2,28-041661e256ff,27.0,T229,44C,off
12/18/2021 22:34:42,Chamber 2,28-041661e256ff,27.0,T229,44C,off
12/18/2021 22:35:02,Chamber 2,28-041661e256ff,27.0,T229,44C,off
12/18/2021 22:35:22,Chamber 2,28-041661e256ff,27.0,T229,44C,off
12/18/2021 22:35:42,Chamber 2,28-041661e256ff,27.0,T229,44C,off
12/18/2021 22:36:02,Chamber 2,28-041661e256ff,27.0,T229,44C,off
12/18/2021 22:36:22,Chamber 2,28-041661e256ff,27.0,T229,44C,off
12/18/2021 22:36:42,Chamber 2,28-041661e256ff,27.0,T229,44C,off
12/18/2021 22:37:02,Chamber 2,28-041661e256ff,27.0,T229,44C,off
12/18/2021 22:37:22,Chamber 2,28-041661e256ff,27.0,T229,44C,off
12/18/2021 22:37:42,Chamber 2,28-041661e256ff,27.0,T229,44C,off
12/18/2021 22:38:03,Chamber 2,28-041661e256ff,27.0,T229,44C,off
12/18/2021 22:38:23,Chamber 2,28-041661e256ff,27.0,T229,44C,off
12/18/2021 22:38:42,Chamber 2,28-041661e256ff,27.0,T229,44C,off
12/18/2021 22:39:02,Chamber 2,28-041661e256ff,27.0,T229,44C,off
12/18/2021 22:39:23,Chamber 2,28-041661e256ff,27.0,T229,44C,off
12/18/2021 22:39:42,Chamber 2,28-041661e256ff,27.0,T229,44C,off
12/18/2021 22:40:02,Chamber 2,28-041661e256ff,27.0,T229,44C,off
12/18/2021 22:40:22,Chamber 2,28-041661e256ff,27.0,T229,44C,off
12/18/2021 22:40:42,Chamber 2,28-041661e256ff,27.0,T229,44C,off
12/18/2021 22:41:02,Chamber 2,28-041661e256ff,27.0,T229,44C,off
12/18/2021 22:41:22,Chamber 2,28-041661e256ff,27.0,T229,44C,off
12/18/2021 22:41:43,Chamber 2,28-041661e256ff,27.0,T229,44C,off
12/18/2021 22:42:02,Chamber 2,28-041661e256ff,27.0,T229,44C,off
12/18/2021 22:42:22,Chamber 2,28-041661e256ff,27.0,T229,44C,off
12/18/2021 22:42:42,Chamber 2,28-041661e256ff,27.0,T229,44C,off
12/18/2021 22:43:02,Chamber 2,28-041661e256ff,27.0,T229,44C,off
12/18/2021 22:43:22,Chamber 2,28-041661e256ff,27.0,T229,44C,off
12/18/2021 22:43:42,Chamber 2,28-041661e256ff,27.0,T229,44C,off
12/18/2021 22:44:03,Chamber 2,28-041661e256ff,27.0,T229,44C,off
12/18/2021 22:44:22,Chamber 2,28-041661e256ff,27.0,T229,44C,off
12/18/2021 22:44:42,Chamber 2,28-041661e256ff,27.0,T229,44C,off
12/18/2021 22:45:02,Chamber 2,28-041661e256ff,27.0,T229,44C,off
12/18/2021 22:45:22,Chamber 2,28-041661e256ff,27.0,T229,44C,off
12/18/2021 22:45:42,Chamber 2,28-041661e256ff,27.0,T229,44C,off
12/18/2021 22:46:02,Chamber 2,28-041661e256ff,27.0,T229,44C,off
12/18/2021 22:46:23,Chamber 2,28-041661e256ff,27.0,T229,44C,off
12/18/2021 22:46:42,Chamber 2,28-041661e256ff,27.0,T229,44C,off
12/18/2021 22:47:02,Chamber 2,28-041661e256ff,27.0,T229,44C,off
12/18/2021 22:47:23,Chamber 2,28-041661e256ff,27.0,T229,44C,off
12/18/2021 22:47:42,Chamber 2,28-041661e256ff,27.0,T229,44C,off
12/18/2021 22:48:02,Chamber 2,28-041661e256ff,27.0,T229,44C,off
12/18/2021 22:48:22,Chamber 2,28-041661e256ff,27.0,T229,44C,off
12/18/2021 22:48:42,Chamber 2,28-041661e256ff,27.0,T229,44C,off
12/18/2021 22:49:02,Chamber 2,28-041661e256ff,27.0,T229,44C,off
12/18/2021 22:49:22,Chamber 2,28-041661e256ff,27.0,T229,44C,off
12/18/2021 22:49:44,Chamber 2,28-041661e256ff,27.0,T229,44C,off
12/18/2021 22:50:02,Chamber 2,28-041661e256ff,27.0,T229,44C,off
12/18/2021 22:50:24,Chamber 2,28-041661e256ff,27.0,T229,44C,off
12/18/2021 22:50:42,Chamber 2,28-041661e256ff,27.0,T229,44C,off
12/18/2021 22:51:02,Chamber 2,28-041661e256ff,27.0,T229,44C,off
12/18/2021 22:51:22,Chamber 2,28-041661e256ff,27.0,T229,44C,off
12/18/2021 22:51:42,Chamber 2,28-041661e256ff,27.0,T229,44C,off
12/18/2021 22:52:03,Chamber 2,28-041661e256ff,27.0,T229,44C,off
12/18/2021 22:52:22,Chamber 2,28-041661e256ff,27.0,T229,44C,off
12/18/2021 22:52:42,Chamber 2,28-041661e256ff,27.0,T229,44C,off
12/18/2021 22:53:02,Chamber 2,28-041661e256ff,27.0,T229,44C,off
12/18/2021 22:53:23,Chamber 2,28-041661e256ff,27.0,T229,44C,off
12/18/2021 22:53:42,Chamber 2,28-041661e256ff,27.0,T229,44C,off
12/18/2021 22:54:02,Chamber 2,28-041661e256ff,27.0,T229,44C,off
12/18/2021 22:54:22,Chamber 2,28-041661e256ff,27.0,T229,44C,off
12/18/2021 22:54:43,Chamber 2,28-041661e256ff,27.0,T229,44C,off
12/18/2021 22:55:04,Chamber 2,28-041661e256ff,27.0,T229,44C,off
12/18/2021 22:55:22,Chamber 2,28-041661e256ff,27.0,T229,44C,off
12/18/2021 22:55:43,Chamber 2,28-041661e256ff,27.0,T229,44C,off
12/18/2021 22:56:02,Chamber 2,28-041661e256ff,27.0,T229,44C,off
12/18/2021 22:56:22,Chamber 2,28-041661e256ff,27.0,T229,44C,off
12/18/2021 22:56:42,Chamber 2,28-041661e256ff,27.0,T229,44C,off
12/18/2021 22:57:02,Chamber 2,28-041661e256ff,27.0,T229,44C,off
12/18/2021 22:57:22,Chamber 2,28-041661e256ff,27.0,T229,44C,off
12/18/2021 22:57:42,Chamber 2,28-041661e256ff,27.0,T229,44C,off
12/18/2021 22:58:02,Chamber 2,28-041661e256ff,27.0,T229,44C,off
12/18/2021 22:58:22,Chamber 2,28-041661e256ff,27.0,T229,44C,off
12/18/2021 22:58:42,Chamber 2,28-041661e256ff,27.0,T229,44C,off
12/18/2021 22:59:02,Chamber 2,28-041661e256ff,27.0,T229,44C,off
12/18/2021 22:59:22,Chamber 2,28-041661e256ff,27.0,T229,44C,off
12/18/2021 22:59:42,Chamber 2,28-041661e256ff,27.0,T229,44C,off
12/18/2021 23:00:02,Chamber 2,28-041661e256ff,27.0,T229,44C,off
12/18/2021 23:00:22,Chamber 2,28-041661e256ff,27.0,T229,44C,off
12/18/2021 23:00:42,Chamber 2,28-041661e256ff,27.0,T229,44C,off
12/18/2021 23:01:02,Chamber 2,28-041661e256ff,27.0,T229,44C,off
12/18/2021 23:01:22,Chamber 2,28-041661e256ff,27.0,T229,44C,off
12/18/2021 23:01:42,Chamber 2,28-041661e256ff,27.0,T229,44C,off
12/18/2021 23:02:02,Chamber 2,28-041661e256ff,27.0,T229,44C,off
12/18/2021 23:02:22,Chamber 2,28-041661e256ff,27.0,T229,44C,off
12/18/2021 23:02:42,Chamber 2,28-041661e256ff,27.0,T229,44C,off
12/18/2021 23:03:03,Chamber 2,28-041661e256ff,27.0,T229,44C,off
12/18/2021 23:03:22,Chamber 2,28-041661e256ff,27.0,T229,44C,off
12/18/2021 23:03:42,Chamber 2,28-041661e256ff,27.0,T229,44C,off
12/18/2021 23:04:02,Chamber 2,28-041661e256ff,27.0,T229,44C,off
12/18/2021 23:04:23,Chamber 2,28-041661e256ff,27.0,T229,44C,off
12/18/2021 23:04:42,Chamber 2,28-041661e256ff,27.0,T229,44C,off
12/18/2021 23:05:02,Chamber 2,28-041661e256ff,27.0,T229,44C,off
12/18/2021 23:05:22,Chamber 2,28-041661e256ff,27.0,T229,44C,off
12/18/2021 23:05:42,Chamber 2,28-041661e256ff,27.0,T229,44C,off
12/18/2021 23:06:02,Chamber 2,28-041661e256ff,27.0,T229,44C,off
12/18/2021 23:06:23,Chamber 2,28-041661e256ff,27.0,T229,44C,off
12/18/2021 23:06:42,Chamber 2,28-041661e256ff,27.0,T229,44C,off
12/18/2021 23:07:02,Chamber 2,28-041661e256ff,27.0,T229,44C,off
12/18/2021 23:07:22,Chamber 2,28-041661e256ff,27.0,T229,44C,off
12/18/2021 23:07:43,Chamber 2,28-041661e256ff,27.0,T229,44C,off
12/18/2021 23:08:02,Chamber 2,28-041661e256ff,27.0,T229,44C,off
12/18/2021 23:08:22,Chamber 2,28-041661e256ff,27.0,T229,44C,off
12/18/2021 23:08:42,Chamber 2,28-041661e256ff,27.0,T229,44C,off
12/18/2021 23:09:02,Chamber 2,28-041661e256ff,27.0,T229,44C,off
12/18/2021 23:09:22,Chamber 2,28-041661e256ff,27.0,T229,44C,off
12/18/2021 23:09:42,Chamber 2,28-041661e256ff,27.0,T229,44C,off
12/18/2021 23:10:06,Chamber 2,28-041661e256ff,27.0,T229,44C,off
12/18/2021 23:10:22,Chamber 2,28-041661e256ff,27.0,T229,44C,off
12/18/2021 23:10:43,Chamber 2,28-041661e256ff,27.0,T229,44C,off
12/18/2021 23:11:02,Chamber 2,28-041661e256ff,27.0,T229,44C,off
12/18/2021 23:11:22,Chamber 2,28-041661e256ff,27.0,T229,44C,off
12/18/2021 23:11:42,Chamber 2,28-041661e256ff,27.0,T229,44C,off
12/18/2021 23:12:02,Chamber 2,28-041661e256ff,27.0,T229,44C,off
12/18/2021 23:12:22,Chamber 2,28-041661e256ff,27.0,T229,44C,off
12/18/2021 23:12:42,Chamber 2,28-041661e256ff,27.0,T229,44C,off
12/18/2021 23:13:02,Chamber 2,28-041661e256ff,27.0,T229,44C,off
12/18/2021 23:13:22,Chamber 2,28-041661e256ff,27.0,T229,44C,off
12/18/2021 23:13:42,Chamber 2,28-041661e256ff,27.0,T229,44C,off
12/18/2021 23:14:02,Chamber 2,28-041661e256ff,27.0,T229,44C,off
12/18/2021 23:14:22,Chamber 2,28-041661e256ff,27.0,T229,44C,off
12/18/2021 23:14:42,Chamber 2,28-041661e256ff,27.0,T229,44C,off
12/18/2021 23:15:02,Chamber 2,28-041661e256ff,27.0,T229,44C,off
12/18/2021 23:15:23,Chamber 2,28-041661e256ff,27.0,T229,44C,off
12/18/2021 23:15:42,Chamber 2,28-041661e256ff,27.0,T229,44C,off
12/18/2021 23:16:02,Chamber 2,28-041661e256ff,27.0,T229,44C,off
12/18/2021 23:16:22,Chamber 2,28-041661e256ff,27.0,T229,44C,off
12/18/2021 23:16:42,Chamber 2,28-041661e256ff,27.0,T229,44C,off
12/18/2021 23:17:03,Chamber 2,28-041661e256ff,27.0,T229,44C,off
12/18/2021 23:17:22,Chamber 2,28-041661e256ff,27.0,T229,44C,off
12/18/2021 23:17:42,Chamber 2,28-041661e256ff,27.0,T229,44C,off
12/18/2021 23:18:02,Chamber 2,28-041661e256ff,27.0,T229,44C,off
12/18/2021 23:18:22,Chamber 2,28-041661e256ff,27.0,T229,44C,off
12/18/2021 23:18:42,Chamber 2,28-041661e256ff,27.0,T229,44C,off
12/18/2021 23:19:02,Chamber 2,28-041661e256ff,27.0,T229,44C,off
12/18/2021 23:19:22,Chamber 2,28-041661e256ff,27.0,T229,44C,off
12/18/2021 23:19:42,Chamber 2,28-041661e256ff,27.0,T229,44C,off
12/18/2021 23:20:02,Chamber 2,28-041661e256ff,27.0,T229,44C,off
12/18/2021 23:20:22,Chamber 2,28-041661e256ff,27.0,T229,44C,off
12/18/2021 23:20:42,Chamber 2,28-041661e256ff,27.0,T229,44C,off
12/18/2021 23:21:02,Chamber 2,28-041661e256ff,27.0,T229,44C,off
12/18/2021 23:21:22,Chamber 2,28-041661e256ff,27.0,T229,44C,off
12/18/2021 23:21:43,Chamber 2,28-041661e256ff,27.0,T229,44C,off
12/18/2021 23:22:02,Chamber 2,28-041661e256ff,26.937,T229,44C,off
12/18/2021 23:22:22,Chamber 2,28-041661e256ff,27.0,T229,44C,off
12/18/2021 23:22:42,Chamber 2,28-041661e256ff,27.0,T229,44C,off
12/18/2021 23:23:02,Chamber 2,28-041661e256ff,26.937,T229,44C,off
12/18/2021 23:23:22,Chamber 2,28-041661e256ff,27.0,T229,44C,off
12/18/2021 23:23:42,Chamber 2,28-041661e256ff,26.937,T229,44C,off
12/18/2021 23:24:02,Chamber 2,28-041661e256ff,26.937,T229,44C,off
12/18/2021 23:24:22,Chamber 2,28-041661e256ff,26.937,T229,44C,off
12/18/2021 23:24:42,Chamber 2,28-041661e256ff,26.937,T229,44C,off
12/18/2021 23:25:03,Chamber 2,28-041661e256ff,27.0,T229,44C,off
12/18/2021 23:25:22,Chamber 2,28-041661e256ff,26.937,T229,44C,off
12/18/2021 23:25:42,Chamber 2,28-041661e256ff,26.937,T229,44C,off
12/18/2021 23:26:05,Chamber 2,28-041661e256ff,27.0,T229,44C,off
12/18/2021 23:26:22,Chamber 2,28-041661e256ff,26.937,T229,44C,off
12/18/2021 23:26:42,Chamber 2,28-041661e256ff,26.937,T229,44C,off
12/18/2021 23:27:02,Chamber 2,28-041661e256ff,26.937,T229,44C,off
12/18/2021 23:27:22,Chamber 2,28-041661e256ff,26.937,T229,44C,off
12/18/2021 23:27:42,Chamber 2,28-041661e256ff,27.0,T229,44C,off
12/18/2021 23:28:03,Chamber 2,28-041661e256ff,27.0,T229,44C,off
12/18/2021 23:28:22,Chamber 2,28-041661e256ff,26.937,T229,44C,off
12/18/2021 23:28:43,Chamber 2,28-041661e256ff,27.0,T229,44C,off
12/18/2021 23:29:02,Chamber 2,28-041661e256ff,26.937,T229,44C,off
12/18/2021 23:29:23,Chamber 2,28-041661e256ff,26.937,T229,44C,off
12/18/2021 23:29:42,Chamber 2,28-041661e256ff,26.937,T229,44C,off
12/18/2021 23:30:02,Chamber 2,28-041661e256ff,26.937,T229,44C,off
12/18/2021 23:30:22,Chamber 2,28-041661e256ff,26.937,T229,44C,off
12/18/2021 23:30:42,Chamber 2,28-041661e256ff,26.937,T229,44C,off
12/18/2021 23:31:02,Chamber 2,28-041661e256ff,26.937,T229,44C,off
12/18/2021 23:31:22,Chamber 2,28-041661e256ff,26.937,T229,44C,off
12/18/2021 23:31:45,Chamber 2,28-041661e256ff,26.937,T229,44C,off
12/18/2021 23:32:02,Chamber 2,28-041661e256ff,26.937,T229,44C,off
12/18/2021 23:32:22,Chamber 2,28-041661e256ff,26.937,T229,44C,off
12/18/2021 23:32:42,Chamber 2,28-041661e256ff,26.937,T229,44C,off
12/18/2021 23:33:03,Chamber 2,28-041661e256ff,26.937,T229,44C,off
12/18/2021 23:33:22,Chamber 2,28-041661e256ff,26.937,T229,44C,off
12/18/2021 23:33:42,Chamber 2,28-041661e256ff,26.937,T229,44C,off
12/18/2021 23:34:03,Chamber 2,28-041661e256ff,26.937,T229,44C,off
12/18/2021 23:34:23,Chamber 2,28-041661e256ff,26.937,T229,44C,off
12/18/2021 23:34:42,Chamber 2,28-041661e256ff,26.937,T229,44C,off
12/18/2021 23:35:02,Chamber 2,28-041661e256ff,26.937,T229,44C,off
12/18/2021 23:35:22,Chamber 2,28-041661e256ff,26.937,T229,44C,off
12/18/2021 23:35:42,Chamber 2,28-041661e256ff,26.937,T229,44C,off
12/18/2021 23:36:02,Chamber 2,28-041661e256ff,26.937,T229,44C,off
12/18/2021 23:36:22,Chamber 2,28-041661e256ff,26.937,T229,44C,off
12/18/2021 23:36:42,Chamber 2,28-041661e256ff,26.937,T229,44C,off
12/18/2021 23:37:02,Chamber 2,28-041661e256ff,26.937,T229,44C,off
12/18/2021 23:37:23,Chamber 2,28-041661e256ff,26.937,T229,44C,off
12/18/2021 23:37:42,Chamber 2,28-041661e256ff,26.937,T229,44C,off
12/18/2021 23:38:02,Chamber 2,28-041661e256ff,26.937,T229,44C,off
12/18/2021 23:38:22,Chamber 2,28-041661e256ff,26.937,T229,44C,off
12/18/2021 23:38:42,Chamber 2,28-041661e256ff,26.937,T229,44C,off
12/18/2021 23:39:02,Chamber 2,28-041661e256ff,26.937,T229,44C,off
12/18/2021 23:39:22,Chamber 2,28-041661e256ff,26.937,T229,44C,off
12/18/2021 23:39:43,Chamber 2,28-041661e256ff,26.937,T229,44C,off
12/18/2021 23:40:02,Chamber 2,28-041661e256ff,26.937,T229,44C,off
12/18/2021 23:40:22,Chamber 2,28-041661e256ff,26.937,T229,44C,off
12/18/2021 23:40:42,Chamber 2,28-041661e256ff,26.937,T229,44C,off
12/18/2021 23:41:02,Chamber 2,28-041661e256ff,26.937,T229,44C,off
12/18/2021 23:41:23,Chamber 2,28-041661e256ff,26.937,T229,44C,off
12/18/2021 23:41:42,Chamber 2,28-041661e256ff,26.937,T229,44C,off
12/18/2021 23:42:02,Chamber 2,28-041661e256ff,26.937,T229,44C,off
12/18/2021 23:42:22,Chamber 2,28-041661e256ff,26.937,T229,44C,off
12/18/2021 23:42:42,Chamber 2,28-041661e256ff,26.937,T229,44C,off
12/18/2021 23:43:02,Chamber 2,28-041661e256ff,26.937,T229,44C,off
12/18/2021 23:43:22,Chamber 2,28-041661e256ff,26.937,T229,44C,off
12/18/2021 23:43:42,Chamber 2,28-041661e256ff,26.937,T229,44C,off
12/18/2021 23:44:02,Chamber 2,28-041661e256ff,26.937,T229,44C,off
12/18/2021 23:44:22,Chamber 2,28-041661e256ff,26.937,T229,44C,off
12/18/2021 23:44:42,Chamber 2,28-041661e256ff,26.937,T229,44C,off
12/18/2021 23:45:02,Chamber 2,28-041661e256ff,26.937,T229,44C,off
12/18/2021 23:45:22,Chamber 2,28-041661e256ff,26.937,T229,44C,off
12/18/2021 23:45:42,Chamber 2,28-041661e256ff,26.937,T229,44C,off
12/18/2021 23:46:02,Chamber 2,28-041661e256ff,26.937,T229,44C,off
12/18/2021 23:46:22,Chamber 2,28-041661e256ff,26.937,T229,44C,off
12/18/2021 23:46:42,Chamber 2,28-041661e256ff,26.937,T229,44C,off
12/18/2021 23:47:02,Chamber 2,28-041661e256ff,26.937,T229,44C,off
12/18/2021 23:47:22,Chamber 2,28-041661e256ff,26.937,T229,44C,off
12/18/2021 23:47:42,Chamber 2,28-041661e256ff,26.937,T229,44C,off
12/18/2021 23:48:02,Chamber 2,28-041661e256ff,26.937,T229,44C,off
12/18/2021 23:48:23,Chamber 2,28-041661e256ff,26.937,T229,44C,off
12/18/2021 23:48:42,Chamber 2,28-041661e256ff,26.937,T229,44C,off
12/18/2021 23:49:02,Chamber 2,28-041661e256ff,26.937,T229,44C,off
12/18/2021 23:49:22,Chamber 2,28-041661e256ff,26.937,T229,44C,off
12/18/2021 23:49:42,Chamber 2,28-041661e256ff,26.937,T229,44C,off
12/18/2021 23:50:02,Chamber 2,28-041661e256ff,26.937,T229,44C,off
12/18/2021 23:50:22,Chamber 2,28-041661e256ff,26.937,T229,44C,off
12/18/2021 23:50:42,Chamber 2,28-041661e256ff,26.937,T229,44C,off
12/18/2021 23:51:02,Chamber 2,28-041661e256ff,26.937,T229,44C,off
12/18/2021 23:51:23,Chamber 2,28-041661e256ff,26.937,T229,44C,off
12/18/2021 23:51:43,Chamber 2,28-041661e256ff,26.937,T229,44C,off
12/18/2021 23:52:02,Chamber 2,28-041661e256ff,26.937,T229,44C,off
12/18/2021 23:52:22,Chamber 2,28-041661e256ff,26.937,T229,44C,off
12/18/2021 23:52:42,Chamber 2,28-041661e256ff,26.937,T229,44C,off
12/18/2021 23:53:02,Chamber 2,28-041661e256ff,26.937,T229,44C,off
12/18/2021 23:53:22,Chamber 2,28-041661e256ff,26.937,T229,44C,off
12/18/2021 23:53:42,Chamber 2,28-041661e256ff,26.937,T229,44C,off
12/18/2021 23:54:02,Chamber 2,28-041661e256ff,26.937,T229,44C,off
12/18/2021 23:54:22,Chamber 2,28-041661e256ff,26.937,T229,44C,off
12/18/2021 23:54:42,Chamber 2,28-041661e256ff,26.937,T229,44C,off
12/18/2021 23:55:03,Chamber 2,28-041661e256ff,26.937,T229,44C,off
12/18/2021 23:55:22,Chamber 2,28-041661e256ff,26.937,T229,44C,off
12/18/2021 23:55:42,Chamber 2,28-041661e256ff,26.937,T229,44C,off
12/18/2021 23:56:02,Chamber 2,28-041661e256ff,26.937,T229,44C,off
12/18/2021 23:56:22,Chamber 2,28-041661e256ff,26.937,T229,44C,off
12/18/2021 23:56:42,Chamber 2,28-041661e256ff,26.937,T229,44C,off
12/18/2021 23:57:03,Chamber 2,28-041661e256ff,26.937,T229,44C,off
12/18/2021 23:57:22,Chamber 2,28-041661e256ff,26.937,T229,44C,off
12/18/2021 23:57:42,Chamber 2,28-041661e256ff,26.937,T229,44C,off
12/18/2021 23:58:02,Chamber 2,28-041661e256ff,26.937,T229,44C,off
12/18/2021 23:58:22,Chamber 2,28-041661e256ff,26.937,T229,44C,off
12/18/2021 23:58:42,Chamber 2,28-041661e256ff,26.937,T229,44C,off
12/18/2021 23:59:02,Chamber 2,28-041661e256ff,26.937,T229,44C,off
12/18/2021 23:59:22,Chamber 2,28-041661e256ff,26.937,T229,44C,off
12/18/2021 23:59:42,Chamber 2,28-041661e256ff,26.937,T229,44C,off
