04/17/2022 00:00:02,Chamber 2,28-041661e256ff,28.937,T247,40C,off
04/17/2022 00:00:22,Chamber 2,28-041661e256ff,28.875,T247,40C,off
04/17/2022 00:00:42,Chamber 2,28-041661e256ff,28.937,T247,40C,off
04/17/2022 00:01:02,Chamber 2,28-041661e256ff,28.875,T247,40C,off
04/17/2022 00:01:22,Chamber 2,28-041661e256ff,28.937,T247,40C,off
04/17/2022 00:01:42,Chamber 2,28-041661e256ff,28.937,T247,40C,off
04/17/2022 00:02:02,Chamber 2,28-041661e256ff,28.875,T247,40C,off
04/17/2022 00:02:22,Chamber 2,28-041661e256ff,28.937,T247,40C,off
04/17/2022 00:02:42,Chamber 2,28-041661e256ff,28.875,T247,40C,off
04/17/2022 00:03:02,Chamber 2,28-041661e256ff,28.937,T247,40C,off
04/17/2022 00:03:22,Chamber 2,28-041661e256ff,28.937,T247,40C,off
04/17/2022 00:03:42,Chamber 2,28-041661e256ff,28.937,T247,40C,off
04/17/2022 00:04:02,Chamber 2,28-041661e256ff,28.937,T247,40C,off
04/17/2022 00:04:22,Chamber 2,28-041661e256ff,28.937,T247,40C,off
04/17/2022 00:04:42,Chamber 2,28-041661e256ff,28.937,T247,40C,off
04/17/2022 00:05:02,Chamber 2,28-041661e256ff,28.937,T247,40C,off
04/17/2022 00:05:22,Chamber 2,28-041661e256ff,28.937,T247,40C,off
04/17/2022 00:05:43,Chamber 2,28-041661e256ff,28.937,T247,40C,off
04/17/2022 00:06:02,Chamber 2,28-041661e256ff,28.875,T247,40C,off
04/17/2022 00:06:22,Chamber 2,28-041661e256ff,28.937,T247,40C,off
04/17/2022 00:06:42,Chamber 2,28-041661e256ff,28.937,T247,40C,off
04/17/2022 00:07:02,Chamber 2,28-041661e256ff,28.875,T247,40C,off
04/17/2022 00:07:23,Chamber 2,28-041661e256ff,28.937,T247,40C,off
04/17/2022 00:07:42,Chamber 2,28-041661e256ff,28.937,T247,40C,off
04/17/2022 00:08:02,Chamber 2,28-041661e256ff,28.937,T247,40C,off
04/17/2022 00:08:22,Chamber 2,28-041661e256ff,28.937,T247,40C,off
04/17/2022 00:08:42,Chamber 2,28-041661e256ff,28.937,T247,40C,off
04/17/2022 00:09:02,Chamber 2,28-041661e256ff,28.937,T247,40C,off
04/17/2022 00:09:23,Chamber 2,28-041661e256ff,28.937,T247,40C,off
04/17/2022 00:09:42,Chamber 2,28-041661e256ff,28.937,T247,40C,off
04/17/2022 00:10:02,Chamber 2,28-041661e256ff,28.875,T247,40C,off
04/17/2022 00:10:22,Chamber 2,28-041661e256ff,28.937,T247,40C,off
04/17/2022 00:10:42,Chamber 2,28-041661e256ff,28.937,T247,40C,off
04/17/2022 00:11:02,Chamber 2,28-041661e256ff,28.937,T247,40C,off
04/17/2022 00:11:22,Chamber 2,28-041661e256ff,28.937,T247,40C,off
04/17/2022 00:11:42,Chamber 2,28-041661e256ff,28.875,T247,40C,off
04/17/2022 00:12:02,Chamber 2,28-041661e256ff,28.875,T247,40C,off
04/17/2022 00:12:22,Chamber 2,28-041661e256ff,28.937,T247,40C,off
04/17/2022 00:12:42,Chamber 2,28-041661e256ff,28.937,T247,40C,off
04/17/2022 00:13:02,Chamber 2,28-041661e256ff,28.875,T247,40C,off
04/17/2022 00:13:22,Chamber 2,28-041661e256ff,28.937,T247,40C,off
04/17/2022 00:13:42,Chamber 2,28-041661e256ff,28.937,T247,40C,off
04/17/2022 00:14:04,Chamber 2,28-041661e256ff,28.937,T247,40C,off
04/17/2022 00:14:22,Chamber 2,28-041661e256ff,28.937,T247,40C,off
04/17/2022 00:14:42,Chamber 2,28-041661e256ff,28.937,T247,40C,off
04/17/2022 00:15:02,Chamber 2,28-041661e256ff,28.937,T247,40C,off
04/17/2022 00:15:22,Chamber 2,28-041661e256ff,28.875,T247,40C,off
04/17/2022 00:15:42,Chamber 2,28-041661e256ff,28.937,T247,40C,off
04/17/2022 00:16:02,Chamber 2,28-041661e256ff,28.937,T247,40C,off
04/17/2022 00:16:22,Chamber 2,28-041661e256ff,28.937,T247,40C,off
04/17/2022 00:16:42,Chamber 2,28-041661e256ff,28.937,T247,40C,off
04/17/2022 00:17:02,Chamber 2,28-041661e256ff,28.937,T247,40C,off
04/17/2022 00:17:22,Chamber 2,28-041661e256ff,28.937,T247,40C,off
04/17/2022 00:17:42,Chamber 2,28-041661e256ff,28.937,T247,40C,off
04/17/2022 00:18:02,Chamber 2,28-041661e256ff,28.875,T247,40C,off
04/17/2022 00:18:22,Chamber 2,28-041661e256ff,28.937,T247,40C,off
04/17/2022 00:18:42,Chamber 2,28-041661e256ff,28.937,T247,40C,off
04/17/2022 00:19:02,Chamber 2,28-041661e256ff,28.937,T247,40C,off
04/17/2022 00:19:22,Chamber 2,28-041661e256ff,28.937,T247,40C,off
04/17/2022 00:19:42,Chamber 2,28-041661e256ff,28.937,T247,40C,off
04/17/2022 00:20:02,Chamber 2,28-041661e256ff,28.937,T247,40C,off
04/17/2022 00:20:22,Chamber 2,28-041661e256ff,28.937,T247,40C,off
04/17/2022 00:20:42,Chamber 2,28-041661e256ff,28.875,T247,40C,off
04/17/2022 00:21:02,Chamber 2,28-041661e256ff,28.937,T247,40C,off
04/17/2022 00:21:22,Chamber 2,28-041661e256ff,28.937,T247,40C,off
04/17/2022 00:21:42,Chamber 2,28-041661e256ff,28.875,T247,40C,off
04/17/2022 00:22:02,Chamber 2,28-041661e256ff,28.937,T247,40C,off
04/17/2022 00:22:22,Chamber 2,28-041661e256ff,28.875,T247,40C,off
04/17/2022 00:22:42,Chamber 2,28-041661e256ff,28.875,T247,40C,off
04/17/2022 00:23:02,Chamber 2,28-041661e256ff,28.937,T247,40C,off
04/17/2022 00:23:22,Chamber 2,28-041661e256ff,28.875,T247,40C,off
04/17/2022 00:23:42,Chamber 2,28-041661e256ff,28.875,T247,40C,off
04/17/2022 00:24:02,Chamber 2,28-041661e256ff,28.875,T247,40C,off
04/17/2022 00:24:22,Chamber 2,28-041661e256ff,28.875,T247,40C,off
04/17/2022 00:24:42,Chamber 2,28-041661e256ff,28.937,T247,40C,off
04/17/2022 00:25:02,Chamber 2,28-041661e256ff,28.937,T247,40C,off
04/17/2022 00:25:22,Chamber 2,28-041661e256ff,28.875,T247,40C,off
04/17/2022 00:25:42,Chamber 2,28-041661e256ff,28.875,T247,40C,off
04/17/2022 00:26:02,Chamber 2,28-041661e256ff,28.937,T247,40C,off
04/17/2022 00:26:22,Chamber 2,28-041661e256ff,28.937,T247,40C,off
04/17/2022 00:26:42,Chamber 2,28-041661e256ff,28.875,T247,40C,off
04/17/2022 00:27:02,Chamber 2,28-041661e256ff,28.875,T247,40C,off
04/17/2022 00:27:22,Chamber 2,28-041661e256ff,28.937,T247,40C,off
04/17/2022 00:27:43,Chamber 2,28-041661e256ff,28.937,T247,40C,off
04/17/2022 00:28:02,Chamber 2,28-041661e256ff,28.937,T247,40C,off
04/17/2022 00:28:22,Chamber 2,28-041661e256ff,28.937,T247,40C,off
04/17/2022 00:28:42,Chamber 2,28-041661e256ff,28.937,T247,40C,off
04/17/2022 00:29:02,Chamber 2,28-041661e256ff,28.937,T247,40C,off
04/17/2022 00:29:22,Chamber 2,28-041661e256ff,28.875,T247,40C,off
04/17/2022 00:29:43,Chamber 2,28-041661e256ff,28.937,T247,40C,off
04/17/2022 00:30:02,Chamber 2,28-041661e256ff,28.937,T247,40C,off
04/17/2022 00:30:22,Chamber 2,28-041661e256ff,28.875,T247,40C,off
04/17/2022 00:30:42,Chamber 2,28-041661e256ff,28.937,T247,40C,off
04/17/2022 00:31:02,Chamber 2,28-041661e256ff,28.937,T247,40C,off
04/17/2022 00:31:22,Chamber 2,28-041661e256ff,28.875,T247,40C,off
04/17/2022 00:31:42,Chamber 2,28-041661e256ff,28.875,T247,40C,off
04/17/2022 00:32:02,Chamber 2,28-041661e256ff,28.937,T247,40C,off
04/17/2022 00:32:22,Chamber 2,28-041661e256ff,28.937,T247,40C,off
04/17/2022 00:32:42,Chamber 2,28-041661e256ff,28.937,T247,40C,off
04/17/2022 00:33:02,Chamber 2,28-041661e256ff,28.937,T247,40C,off
04/17/2022 00:33:22,Chamber 2,28-041661e256ff,28.875,T247,40C,off
04/17/2022 00:33:42,Chamber 2,28-041661e256ff,28.937,T247,40C,off
04/17/2022 00:34:02,Chamber 2,28-041661e256ff,28.875,T247,40C,off
04/17/2022 00:34:22,Chamber 2,28-041661e256ff,28.937,T247,40C,off
04/17/2022 00:34:42,Chamber 2,28-041661e256ff,28.937,T247,40C,off
04/17/2022 00:35:02,Chamber 2,28-041661e256ff,28.875,T247,40C,off
04/17/2022 00:35:22,Chamber 2,28-041661e256ff,28.875,T247,40C,off
04/17/2022 00:35:42,Chamber 2,28-041661e256ff,28.875,T247,40C,off
04/17/2022 00:36:02,Chamber 2,28-041661e256ff,28.875,T247,40C,off
04/17/2022 00:36:22,Chamber 2,28-041661e256ff,28.875,T247,40C,off
04/17/2022 00:36:42,Chamber 2,28-041661e256ff,28.937,T247,40C,off
04/17/2022 00:37:02,Chamber 2,28-041661e256ff,28.875,T247,40C,off
04/17/2022 00:37:22,Chamber 2,28-041661e256ff,28.937,T247,40C,off
04/17/2022 00:37:42,Chamber 2,28-041661e256ff,28.937,T247,40C,off
04/17/2022 00:38:02,Chamber 2,28-041661e256ff,28.875,T247,40C,off
04/17/2022 00:38:22,Chamber 2,28-041661e256ff,28.937,T247,40C,off
04/17/2022 00:38:42,Chamber 2,28-041661e256ff,28.875,T247,40C,off
04/17/2022 00:39:03,Chamber 2,28-041661e256ff,28.937,T247,40C,off
04/17/2022 00:39:22,Chamber 2,28-041661e256ff,28.875,T247,40C,off
04/17/2022 00:39:42,Chamber 2,28-041661e256ff,28.937,T247,40C,off
04/17/2022 00:40:02,Chamber 2,28-041661e256ff,28.937,T247,40C,off
04/17/2022 00:40:22,Chamber 2,28-041661e256ff,28.875,T247,40C,off
04/17/2022 00:40:42,Chamber 2,28-041661e256ff,28.875,T247,40C,off
04/17/2022 00:41:03,Chamber 2,28-041661e256ff,28.937,T247,40C,off
04/17/2022 00:41:22,Chamber 2,28-041661e256ff,28.875,T247,40C,off
04/17/2022 00:41:42,Chamber 2,28-041661e256ff,28.875,T247,40C,off
04/17/2022 00:42:02,Chamber 2,28-041661e256ff,28.875,T247,40C,off
04/17/2022 00:42:22,Chamber 2,28-041661e256ff,28.937,T247,40C,off
04/17/2022 00:42:42,Chamber 2,28-041661e256ff,28.937,T247,40C,off
04/17/2022 00:43:02,Chamber 2,28-041661e256ff,28.875,T247,40C,off
04/17/2022 00:43:22,Chamber 2,28-041661e256ff,28.937,T247,40C,off
04/17/2022 00:43:42,Chamber 2,28-041661e256ff,28.875,T247,40C,off
04/17/2022 00:44:02,Chamber 2,28-041661e256ff,28.875,T247,40C,off
04/17/2022 00:44:22,Chamber 2,28-041661e256ff,28.937,T247,40C,off
04/17/2022 00:44:42,Chamber 2,28-041661e256ff,28.937,T247,40C,off
04/17/2022 00:45:02,Chamber 2,28-041661e256ff,28.937,T247,40C,off
04/17/2022 00:45:22,Chamber 2,28-041661e256ff,28.875,T247,40C,off
04/17/2022 00:45:42,Chamber 2,28-041661e256ff,28.875,T247,40C,off
04/17/2022 00:46:02,Chamber 2,28-041661e256ff,28.875,T247,40C,off
04/17/2022 00:46:22,Chamber 2,28-041661e256ff,28.875,T247,40C,off
04/17/2022 00:46:43,Chamber 2,28-041661e256ff,28.875,T247,40C,off
04/17/2022 00:47:02,Chamber 2,28-041661e256ff,28.875,T247,40C,off
04/17/2022 00:47:22,Chamber 2,28-041661e256ff,28.875,T247,40C,off
04/17/2022 00:47:42,Chamber 2,28-041661e256ff,28.875,T247,40C,off
04/17/2022 00:48:02,Chamber 2,28-041661e256ff,28.875,T247,40C,off
04/17/2022 00:48:22,Chamber 2,28-041661e256ff,28.875,T247,40C,off
04/17/2022 00:48:42,Chamber 2,28-041661e256ff,28.875,T247,40C,off
04/17/2022 00:49:03,Chamber 2,28-041661e256ff,28.937,T247,40C,off
04/17/2022 00:49:23,Chamber 2,28-041661e256ff,28.875,T247,40C,off
04/17/2022 00:49:42,Chamber 2,28-041661e256ff,28.875,T247,40C,off
04/17/2022 00:50:02,Chamber 2,28-041661e256ff,28.875,T247,40C,off
04/17/2022 00:50:22,Chamber 2,28-041661e256ff,28.937,T247,40C,off
04/17/2022 00:50:42,Chamber 2,28-041661e256ff,28.875,T247,40C,off
04/17/2022 00:51:02,Chamber 2,28-041661e256ff,28.875,T247,40C,off
04/17/2022 00:51:22,Chamber 2,28-041661e256ff,28.875,T247,40C,off
04/17/2022 00:51:42,Chamber 2,28-041661e256ff,28.875,T247,40C,off
04/17/2022 00:52:02,Chamber 2,28-041661e256ff,28.875,T247,40C,off
04/17/2022 00:52:22,Chamber 2,28-041661e256ff,28.875,T247,40C,off
04/17/2022 00:52:42,Chamber 2,28-041661e256ff,28.875,T247,40C,off
04/17/2022 00:53:02,Chamber 2,28-041661e256ff,28.875,T247,40C,off
04/17/2022 00:53:22,Chamber 2,28-041661e256ff,28.875,T247,40C,off
04/17/2022 00:53:42,Chamber 2,28-041661e256ff,28.875,T247,40C,off
04/17/2022 00:54:02,Chamber 2,28-041661e256ff,28.875,T247,40C,off
04/17/2022 00:54:22,Chamber 2,28-041661e256ff,28.875,T247,40C,off
04/17/2022 00:54:42,Chamber 2,28-041661e256ff,28.875,T247,40C,off
04/17/2022 00:55:02,Chamber 2,28-041661e256ff,28.875,T247,40C,off
04/17/2022 00:55:22,Chamber 2,28-041661e256ff,28.875,T247,40C,off
04/17/2022 00:55:42,Chamber 2,28-041661e256ff,28.875,T247,40C,off
04/17/2022 00:56:02,Chamber 2,28-041661e256ff,28.875,T247,40C,off
04/17/2022 00:56:22,Chamber 2,28-041661e256ff,28.875,T247,40C,off
04/17/2022 00:56:42,Chamber 2,28-041661e256ff,28.875,T247,40C,off
04/17/2022 00:57:02,Chamber 2,28-041661e256ff,28.875,T247,40C,off
04/17/2022 00:57:22,Chamber 2,28-041661e256ff,28.875,T247,40C,off
04/17/2022 00:57:42,Chamber 2,28-041661e256ff,28.875,T247,40C,off
04/17/2022 00:58:02,Chamber 2,28-041661e256ff,28.875,T247,40C,off
04/17/2022 00:58:22,Chamber 2,28-041661e256ff,28.875,T247,40C,off
04/17/2022 00:58:42,Chamber 2,28-041661e256ff,28.875,T247,40C,off
04/17/2022 00:59:02,Chamber 2,28-041661e256ff,28.875,T247,40C,off
04/17/2022 00:59:22,Chamber 2,28-041661e256ff,28.875,T247,40C,off
04/17/2022 00:59:42,Chamber 2,28-041661e256ff,28.875,T247,40C,off
04/17/2022 01:00:02,Chamber 2,28-041661e256ff,28.875,T247,40C,off
04/17/2022 01:00:22,Chamber 2,28-041661e256ff,28.875,T247,40C,off
04/17/2022 01:00:42,Chamber 2,28-041661e256ff,28.875,T247,40C,off
04/17/2022 01:01:02,Chamber 2,28-041661e256ff,28.875,T247,40C,off
04/17/2022 01:01:22,Chamber 2,28-041661e256ff,28.875,T247,40C,off
04/17/2022 01:01:42,Chamber 2,28-041661e256ff,28.875,T247,40C,off
04/17/2022 01:02:02,Chamber 2,28-041661e256ff,28.875,T247,40C,off
04/17/2022 01:02:22,Chamber 2,28-041661e256ff,28.875,T247,40C,off
04/17/2022 01:02:42,Chamber 2,28-041661e256ff,28.875,T247,40C,off
04/17/2022 01:03:02,Chamber 2,28-041661e256ff,28.875,T247,40C,off
04/17/2022 01:03:22,Chamber 2,28-041661e256ff,28.875,T247,40C,off
04/17/2022 01:03:42,Chamber 2,28-041661e256ff,28.875,T247,40C,off
04/17/2022 01:04:02,Chamber 2,28-041661e256ff,28.875,T247,40C,off
04/17/2022 01:04:22,Chamber 2,28-041661e256ff,28.875,T247,40C,off
04/17/2022 01:04:42,Chamber 2,28-041661e256ff,28.875,T247,40C,off
04/17/2022 01:05:02,Chamber 2,28-041661e256ff,28.875,T247,40C,off
04/17/2022 01:05:22,Chamber 2,28-041661e256ff,28.875,T247,40C,off
04/17/2022 01:05:42,Chamber 2,28-041661e256ff,28.875,T247,40C,off
04/17/2022 01:06:02,Chamber 2,28-041661e256ff,28.875,T247,40C,off
04/17/2022 01:06:22,Chamber 2,28-041661e256ff,28.875,T247,40C,off
04/17/2022 01:06:43,Chamber 2,28-041661e256ff,28.875,T247,40C,off
04/17/2022 01:07:02,Chamber 2,28-041661e256ff,28.875,T247,40C,off
04/17/2022 01:07:22,Chamber 2,28-041661e256ff,28.875,T247,40C,off
04/17/2022 01:07:42,Chamber 2,28-041661e256ff,28.875,T247,40C,off
04/17/2022 01:08:02,Chamber 2,28-041661e256ff,28.875,T247,40C,off
04/17/2022 01:08:22,Chamber 2,28-041661e256ff,28.875,T247,40C,off
04/17/2022 01:08:42,Chamber 2,28-041661e256ff,28.875,T247,40C,off
04/17/2022 01:09:03,Chamber 2,28-041661e256ff,28.875,T247,40C,off
04/17/2022 01:09:22,Chamber 2,28-041661e256ff,28.875,T247,40C,off
04/17/2022 01:09:42,Chamber 2,28-041661e256ff,28.875,T247,40C,off
04/17/2022 01:10:02,Chamber 2,28-041661e256ff,28.875,T247,40C,off
04/17/2022 01:10:23,Chamber 2,28-041661e256ff,28.875,T247,40C,off
04/17/2022 01:10:42,Chamber 2,28-041661e256ff,28.875,T247,40C,off
04/17/2022 01:11:02,Chamber 2,28-041661e256ff,28.875,T247,40C,off
04/17/2022 01:11:23,Chamber 2,28-041661e256ff,28.875,T247,40C,off
04/17/2022 01:11:42,Chamber 2,28-041661e256ff,28.875,T247,40C,off
04/17/2022 01:12:02,Chamber 2,28-041661e256ff,28.875,T247,40C,off
04/17/2022 01:12:22,Chamber 2,28-041661e256ff,28.875,T247,40C,off
04/17/2022 01:12:42,Chamber 2,28-041661e256ff,28.875,T247,40C,off
04/17/2022 01:13:02,Chamber 2,28-041661e256ff,28.875,T247,40C,off
04/17/2022 01:13:22,Chamber 2,28-041661e256ff,28.875,T247,40C,off
04/17/2022 01:13:42,Chamber 2,28-041661e256ff,28.875,T247,40C,off
04/17/2022 01:14:02,Chamber 2,28-041661e256ff,28.875,T247,40C,off
04/17/2022 01:14:22,Chamber 2,28-041661e256ff,28.875,T247,40C,off
04/17/2022 01:14:42,Chamber 2,28-041661e256ff,28.875,T247,40C,off
04/17/2022 01:15:02,Chamber 2,28-041661e256ff,28.875,T247,40C,off
04/17/2022 01:15:22,Chamber 2,28-041661e256ff,28.875,T247,40C,off
04/17/2022 01:15:42,Chamber 2,28-041661e256ff,28.875,T247,40C,off
04/17/2022 01:16:02,Chamber 2,28-041661e256ff,28.875,T247,40C,off
04/17/2022 01:16:22,Chamber 2,28-041661e256ff,28.875,T247,40C,off
04/17/2022 01:16:43,Chamber 2,28-041661e256ff,28.875,T247,40C,off
04/17/2022 01:17:02,Chamber 2,28-041661e256ff,28.875,T247,40C,off
04/17/2022 01:17:23,Chamber 2,28-041661e256ff,28.875,T247,40C,off
04/17/2022 01:17:42,Chamber 2,28-041661e256ff,28.875,T247,40C,off
04/17/2022 01:18:02,Chamber 2,28-041661e256ff,28.875,T247,40C,off
04/17/2022 01:18:22,Chamber 2,28-041661e256ff,28.875,T247,40C,off
04/17/2022 01:18:42,Chamber 2,28-041661e256ff,28.875,T247,40C,off
04/17/2022 01:19:03,Chamber 2,28-041661e256ff,28.875,T247,40C,off
04/17/2022 01:19:22,Chamber 2,28-041661e256ff,28.875,T247,40C,off
04/17/2022 01:19:42,Chamber 2,28-041661e256ff,28.875,T247,40C,off
04/17/2022 01:20:02,Chamber 2,28-041661e256ff,28.875,T247,40C,off
04/17/2022 01:20:22,Chamber 2,28-041661e256ff,28.875,T247,40C,off
04/17/2022 01:20:42,Chamber 2,28-041661e256ff,28.875,T247,40C,off
04/17/2022 01:21:02,Chamber 2,28-041661e256ff,28.875,T247,40C,off
04/17/2022 01:21:22,Chamber 2,28-041661e256ff,28.875,T247,40C,off
04/17/2022 01:21:43,Chamber 2,28-041661e256ff,28.875,T247,40C,off
04/17/2022 01:22:05,Chamber 2,28-041661e256ff,28.875,T247,40C,off
04/17/2022 01:22:22,Chamber 2,28-041661e256ff,28.875,T247,40C,off
04/17/2022 01:22:43,Chamber 2,28-041661e256ff,28.875,T247,40C,off
04/17/2022 01:23:02,Chamber 2,28-041661e256ff,28.875,T247,40C,off
04/17/2022 01:23:22,Chamber 2,28-041661e256ff,28.875,T247,40C,off
04/17/2022 01:23:42,Chamber 2,28-041661e256ff,28.875,T247,40C,off
04/17/2022 01:24:02,Chamber 2,28-041661e256ff,28.875,T247,40C,off
04/17/2022 01:24:22,Chamber 2,28-041661e256ff,28.875,T247,40C,off
04/17/2022 01:24:42,Chamber 2,28-041661e256ff,28.875,T247,40C,off
04/17/2022 01:25:02,Chamber 2,28-041661e256ff,28.875,T247,40C,off
04/17/2022 01:25:22,Chamber 2,28-041661e256ff,28.875,T247,40C,off
04/17/2022 01:25:42,Chamber 2,28-041661e256ff,28.875,T247,40C,off
04/17/2022 01:26:02,Chamber 2,28-041661e256ff,28.875,T247,40C,off
04/17/2022 01:26:24,Chamber 2,28-041661e256ff,28.875,T247,40C,off
04/17/2022 01:26:42,Chamber 2,28-041661e256ff,28.875,T247,40C,off
04/17/2022 01:27:02,Chamber 2,28-041661e256ff,28.875,T247,40C,off
04/17/2022 01:27:22,Chamber 2,28-041661e256ff,28.875,T247,40C,off
04/17/2022 01:27:42,Chamber 2,28-041661e256ff,28.875,T247,40C,off
04/17/2022 01:28:03,Chamber 2,28-041661e256ff,28.875,T247,40C,off
04/17/2022 01:28:23,Chamber 2,28-041661e256ff,28.875,T247,40C,off
04/17/2022 01:28:42,Chamber 2,28-041661e256ff,28.875,T247,40C,off
04/17/2022 01:29:02,Chamber 2,28-041661e256ff,28.875,T247,40C,off
04/17/2022 01:29:22,Chamber 2,28-041661e256ff,28.875,T247,40C,off
04/17/2022 01:29:42,Chamber 2,28-041661e256ff,28.875,T247,40C,off
04/17/2022 01:30:02,Chamber 2,28-041661e256ff,28.875,T247,40C,off
04/17/2022 01:30:22,Chamber 2,28-041661e256ff,28.875,T247,40C,off
04/17/2022 01:30:42,Chamber 2,28-041661e256ff,28.875,T247,40C,off
04/17/2022 01:31:02,Chamber 2,28-041661e256ff,28.875,T247,40C,off
04/17/2022 01:31:22,Chamber 2,28-041661e256ff,28.875,T247,40C,off
04/17/2022 01:31:42,Chamber 2,28-041661e256ff,28.875,T247,40C,off
04/17/2022 01:32:02,Chamber 2,28-041661e256ff,28.875,T247,40C,off
04/17/2022 01:32:22,Chamber 2,28-041661e256ff,28.875,T247,40C,off
04/17/2022 01:32:42,Chamber 2,28-041661e256ff,28.875,T247,40C,off
04/17/2022 01:33:02,Chamber 2,28-041661e256ff,28.875,T247,40C,off
04/17/2022 01:33:22,Chamber 2,28-041661e256ff,28.875,T247,40C,off
04/17/2022 01:33:42,Chamber 2,28-041661e256ff,28.875,T247,40C,off
04/17/2022 01:34:02,Chamber 2,28-041661e256ff,28.875,T247,40C,off
04/17/2022 01:34:22,Chamber 2,28-041661e256ff,28.875,T247,40C,off
04/17/2022 01:34:42,Chamber 2,28-041661e256ff,28.875,T247,40C,off
04/17/2022 01:35:02,Chamber 2,28-041661e256ff,28.875,T247,40C,off
04/17/2022 01:35:22,Chamber 2,28-041661e256ff,28.875,T247,40C,off
04/17/2022 01:35:42,Chamber 2,28-041661e256ff,28.875,T247,40C,off
04/17/2022 01:36:02,Chamber 2,28-041661e256ff,28.875,T247,40C,off
04/17/2022 01:36:22,Chamber 2,28-041661e256ff,28.875,T247,40C,off
04/17/2022 01:36:42,Chamber 2,28-041661e256ff,28.875,T247,40C,off
04/17/2022 01:37:02,Chamber 2,28-041661e256ff,28.875,T247,40C,off
04/17/2022 01:37:22,Chamber 2,28-041661e256ff,28.875,T247,40C,off
04/17/2022 01:37:42,Chamber 2,28-041661e256ff,28.875,T247,40C,off
04/17/2022 01:38:02,Chamber 2,28-041661e256ff,28.875,T247,40C,off
04/17/2022 01:38:22,Chamber 2,28-041661e256ff,28.875,T247,40C,off
04/17/2022 01:38:42,Chamber 2,28-041661e256ff,28.875,T247,40C,off
04/17/2022 01:39:02,Chamber 2,28-041661e256ff,28.812,T247,40C,off
04/17/2022 01:39:22,Chamber 2,28-041661e256ff,28.875,T247,40C,off
04/17/2022 01:39:42,Chamber 2,28-041661e256ff,28.875,T247,40C,off
04/17/2022 01:40:03,Chamber 2,28-041661e256ff,28.875,T247,40C,off
04/17/2022 01:40:22,Chamber 2,28-041661e256ff,28.875,T247,40C,off
04/17/2022 01:40:42,Chamber 2,28-041661e256ff,28.812,T247,40C,off
04/17/2022 01:41:02,Chamber 2,28-041661e256ff,28.875,T247,40C,off
04/17/2022 01:41:22,Chamber 2,28-041661e256ff,28.875,T247,40C,off
04/17/2022 01:41:43,Chamber 2,28-041661e256ff,28.875,T247,40C,off
04/17/2022 01:42:02,Chamber 2,28-041661e256ff,28.812,T247,40C,off
04/17/2022 01:42:22,Chamber 2,28-041661e256ff,28.812,T247,40C,off
04/17/2022 01:42:42,Chamber 2,28-041661e256ff,28.812,T247,40C,off
04/17/2022 01:43:02,Chamber 2,28-041661e256ff,28.875,T247,40C,off
04/17/2022 01:43:22,Chamber 2,28-041661e256ff,28.812,T247,40C,off
04/17/2022 01:43:42,Chamber 2,28-041661e256ff,28.812,T247,40C,off
04/17/2022 01:44:02,Chamber 2,28-041661e256ff,28.875,T247,40C,off
04/17/2022 01:44:22,Chamber 2,28-041661e256ff,28.812,T247,40C,off
04/17/2022 01:44:42,Chamber 2,28-041661e256ff,28.875,T247,40C,off
04/17/2022 01:45:02,Chamber 2,28-041661e256ff,28.812,T247,40C,off
04/17/2022 01:45:22,Chamber 2,28-041661e256ff,28.812,T247,40C,off
04/17/2022 01:45:42,Chamber 2,28-041661e256ff,28.812,T247,40C,off
04/17/2022 01:46:02,Chamber 2,28-041661e256ff,28.812,T247,40C,off
04/17/2022 01:46:22,Chamber 2,28-041661e256ff,28.812,T247,40C,off
04/17/2022 01:46:42,Chamber 2,28-041661e256ff,28.812,T247,40C,off
04/17/2022 01:47:02,Chamber 2,28-041661e256ff,28.812,T247,40C,off
04/17/2022 01:47:22,Chamber 2,28-041661e256ff,28.875,T247,40C,off
04/17/2022 01:47:42,Chamber 2,28-041661e256ff,28.812,T247,40C,off
04/17/2022 01:48:02,Chamber 2,28-041661e256ff,28.875,T247,40C,off
04/17/2022 01:48:22,Chamber 2,28-041661e256ff,28.812,T247,40C,off
04/17/2022 01:48:42,Chamber 2,28-041661e256ff,28.812,T247,40C,off
04/17/2022 01:49:02,Chamber 2,28-041661e256ff,28.812,T247,40C,off
04/17/2022 01:49:22,Chamber 2,28-041661e256ff,28.812,T247,40C,off
04/17/2022 01:49:42,Chamber 2,28-041661e256ff,28.812,T247,40C,off
04/17/2022 01:50:02,Chamber 2,28-041661e256ff,28.812,T247,40C,off
04/17/2022 01:50:22,Chamber 2,28-041661e256ff,28.812,T247,40C,off
04/17/2022 01:50:42,Chamber 2,28-041661e256ff,28.812,T247,40C,off
04/17/2022 01:51:02,Chamber 2,28-041661e256ff,28.812,T247,40C,off
04/17/2022 01:51:22,Chamber 2,28-041661e256ff,28.812,T247,40C,off
04/17/2022 01:51:42,Chamber 2,28-041661e256ff,28.812,T247,40C,off
04/17/2022 01:52:02,Chamber 2,28-041661e256ff,28.812,T247,40C,off
04/17/2022 01:52:23,Chamber 2,28-041661e256ff,28.812,T247,40C,off
04/17/2022 01:52:42,Chamber 2,28-041661e256ff,28.812,T247,40C,off
04/17/2022 01:53:02,Chamber 2,28-041661e256ff,28.812,T247,40C,off
04/17/2022 01:53:22,Chamber 2,28-041661e256ff,28.812,T247,40C,off
04/17/2022 01:53:42,Chamber 2,28-041661e256ff,28.812,T247,40C,off
04/17/2022 01:54:02,Chamber 2,28-041661e256ff,28.812,T247,40C,off
04/17/2022 01:54:22,Chamber 2,28-041661e256ff,28.812,T247,40C,off
04/17/2022 01:54:42,Chamber 2,28-041661e256ff,28.812,T247,40C,off
04/17/2022 01:55:02,Chamber 2,28-041661e256ff,28.812,T247,40C,off
04/17/2022 01:55:22,Chamber 2,28-041661e256ff,28.812,T247,40C,off
04/17/2022 01:55:43,Chamber 2,28-041661e256ff,28.812,T247,40C,off
04/17/2022 01:56:02,Chamber 2,28-041661e256ff,28.812,T247,40C,off
04/17/2022 01:56:22,Chamber 2,28-041661e256ff,28.812,T247,40C,off
04/17/2022 01:56:42,Chamber 2,28-041661e256ff,28.812,T247,40C,off
04/17/2022 01:57:02,Chamber 2,28-041661e256ff,28.812,T247,40C,off
04/17/2022 01:57:22,Chamber 2,28-041661e256ff,28.812,T247,40C,off
04/17/2022 01:57:42,Chamber 2,28-041661e256ff,28.812,T247,40C,off
04/17/2022 01:58:02,Chamber 2,28-041661e256ff,28.812,T247,40C,off
04/17/2022 01:58:22,Chamber 2,28-041661e256ff,28.812,T247,40C,off
04/17/2022 01:58:42,Chamber 2,28-041661e256ff,28.812,T247,40C,off
04/17/2022 01:59:02,Chamber 2,28-041661e256ff,28.812,T247,40C,off
04/17/2022 01:59:22,Chamber 2,28-041661e256ff,28.812,T247,40C,off
04/17/2022 01:59:42,Chamber 2,28-041661e256ff,28.812,T247,40C,off
04/17/2022 02:00:02,Chamber 2,28-041661e256ff,28.812,T247,40C,off
04/17/2022 02:00:22,Chamber 2,28-041661e256ff,28.812,T247,40C,off
04/17/2022 02:00:42,Chamber 2,28-041661e256ff,28.812,T247,40C,off
04/17/2022 02:01:02,Chamber 2,28-041661e256ff,28.812,T247,40C,off
04/17/2022 02:01:22,Chamber 2,28-041661e256ff,28.812,T247,40C,off
04/17/2022 02:01:42,Chamber 2,28-041661e256ff,28.812,T247,40C,off
04/17/2022 02:02:02,Chamber 2,28-041661e256ff,28.812,T247,40C,off
04/17/2022 02:02:22,Chamber 2,28-041661e256ff,28.812,T247,40C,off
04/17/2022 02:02:42,Chamber 2,28-041661e256ff,28.812,T247,40C,off
04/17/2022 02:03:02,Chamber 2,28-041661e256ff,28.812,T247,40C,off
04/17/2022 02:03:22,Chamber 2,28-041661e256ff,28.812,T247,40C,off
04/17/2022 02:03:42,Chamber 2,28-041661e256ff,28.812,T247,40C,off
04/17/2022 02:04:02,Chamber 2,28-041661e256ff,28.812,T247,40C,off
04/17/2022 02:04:22,Chamber 2,28-041661e256ff,28.812,T247,40C,off
04/17/2022 02:04:42,Chamber 2,28-041661e256ff,28.812,T247,40C,off
04/17/2022 02:05:02,Chamber 2,28-041661e256ff,28.812,T247,40C,off
04/17/2022 02:05:22,Chamber 2,28-041661e256ff,28.812,T247,40C,off
04/17/2022 02:05:42,Chamber 2,28-041661e256ff,28.812,T247,40C,off
04/17/2022 02:06:02,Chamber 2,28-041661e256ff,28.812,T247,40C,off
04/17/2022 02:06:22,Chamber 2,28-041661e256ff,28.812,T247,40C,off
04/17/2022 02:06:42,Chamber 2,28-041661e256ff,28.812,T247,40C,off
04/17/2022 02:07:02,Chamber 2,28-041661e256ff,28.812,T247,40C,off
04/17/2022 02:07:22,Chamber 2,28-041661e256ff,28.812,T247,40C,off
04/17/2022 02:07:42,Chamber 2,28-041661e256ff,28.812,T247,40C,off
04/17/2022 02:08:02,Chamber 2,28-041661e256ff,28.812,T247,40C,off
04/17/2022 02:08:22,Chamber 2,28-041661e256ff,28.812,T247,40C,off
04/17/2022 02:08:42,Chamber 2,28-041661e256ff,28.812,T247,40C,off
04/17/2022 02:09:02,Chamber 2,28-041661e256ff,28.812,T247,40C,off
04/17/2022 02:09:22,Chamber 2,28-041661e256ff,28.812,T247,40C,off
04/17/2022 02:09:42,Chamber 2,28-041661e256ff,28.812,T247,40C,off
04/17/2022 02:10:02,Chamber 2,28-041661e256ff,28.812,T247,40C,off
04/17/2022 02:10:22,Chamber 2,28-041661e256ff,28.812,T247,40C,off
04/17/2022 02:10:42,Chamber 2,28-041661e256ff,28.812,T247,40C,off
04/17/2022 02:11:02,Chamber 2,28-041661e256ff,28.812,T247,40C,off
04/17/2022 02:11:22,Chamber 2,28-041661e256ff,28.812,T247,40C,off
04/17/2022 02:11:42,Chamber 2,28-041661e256ff,28.812,T247,40C,off
04/17/2022 02:12:02,Chamber 2,28-041661e256ff,28.812,T247,40C,off
04/17/2022 02:12:22,Chamber 2,28-041661e256ff,28.812,T247,40C,off
04/17/2022 02:12:42,Chamber 2,28-041661e256ff,28.812,T247,40C,off
04/17/2022 02:13:02,Chamber 2,28-041661e256ff,28.812,T247,40C,off
04/17/2022 02:13:22,Chamber 2,28-041661e256ff,28.812,T247,40C,off
04/17/2022 02:13:42,Chamber 2,28-041661e256ff,28.812,T247,40C,off
04/17/2022 02:14:02,Chamber 2,28-041661e256ff,28.812,T247,40C,off
04/17/2022 02:14:22,Chamber 2,28-041661e256ff,28.812,T247,40C,off
04/17/2022 02:14:42,Chamber 2,28-041661e256ff,28.812,T247,40C,off
04/17/2022 02:15:02,Chamber 2,28-041661e256ff,28.812,T247,40C,off
04/17/2022 02:15:22,Chamber 2,28-041661e256ff,28.812,T247,40C,off
04/17/2022 02:15:43,Chamber 2,28-041661e256ff,28.812,T247,40C,off
04/17/2022 02:16:02,Chamber 2,28-041661e256ff,28.812,T247,40C,off
04/17/2022 02:16:22,Chamber 2,28-041661e256ff,28.812,T247,40C,off
04/17/2022 02:16:42,Chamber 2,28-041661e256ff,28.812,T247,40C,off
04/17/2022 02:17:02,Chamber 2,28-041661e256ff,28.812,T247,40C,off
04/17/2022 02:17:22,Chamber 2,28-041661e256ff,28.812,T247,40C,off
04/17/2022 02:17:42,Chamber 2,28-041661e256ff,28.812,T247,40C,off
04/17/2022 02:18:02,Chamber 2,28-041661e256ff,28.812,T247,40C,off
04/17/2022 02:18:22,Chamber 2,28-041661e256ff,28.812,T247,40C,off
04/17/2022 02:18:42,Chamber 2,28-041661e256ff,28.812,T247,40C,off
04/17/2022 02:19:02,Chamber 2,28-041661e256ff,28.812,T247,40C,off
04/17/2022 02:19:22,Chamber 2,28-041661e256ff,28.812,T247,40C,off
04/17/2022 02:19:42,Chamber 2,28-041661e256ff,28.812,T247,40C,off
04/17/2022 02:20:02,Chamber 2,28-041661e256ff,28.812,T247,40C,off
04/17/2022 02:20:22,Chamber 2,28-041661e256ff,28.812,T247,40C,off
04/17/2022 02:20:42,Chamber 2,28-041661e256ff,28.812,T247,40C,off
04/17/2022 02:21:02,Chamber 2,28-041661e256ff,28.75,T247,40C,off
04/17/2022 02:21:22,Chamber 2,28-041661e256ff,28.812,T247,40C,off
04/17/2022 02:21:42,Chamber 2,28-041661e256ff,28.812,T247,40C,off
04/17/2022 02:22:02,Chamber 2,28-041661e256ff,28.812,T247,40C,off
04/17/2022 02:22:22,Chamber 2,28-041661e256ff,28.812,T247,40C,off
04/17/2022 02:22:42,Chamber 2,28-041661e256ff,28.812,T247,40C,off
04/17/2022 02:23:02,Chamber 2,28-041661e256ff,28.75,T247,40C,off
04/17/2022 02:23:22,Chamber 2,28-041661e256ff,28.812,T247,40C,off
04/17/2022 02:23:42,Chamber 2,28-041661e256ff,28.75,T247,40C,off
04/17/2022 02:24:02,Chamber 2,28-041661e256ff,28.812,T247,40C,off
04/17/2022 02:24:22,Chamber 2,28-041661e256ff,28.75,T247,40C,off
04/17/2022 02:24:42,Chamber 2,28-041661e256ff,28.812,T247,40C,off
04/17/2022 02:25:02,Chamber 2,28-041661e256ff,28.812,T247,40C,off
04/17/2022 02:25:22,Chamber 2,28-041661e256ff,28.812,T247,40C,off
04/17/2022 02:25:42,Chamber 2,28-041661e256ff,28.75,T247,40C,off
04/17/2022 02:26:02,Chamber 2,28-041661e256ff,28.75,T247,40C,off
04/17/2022 02:26:22,Chamber 2,28-041661e256ff,28.75,T247,40C,off
04/17/2022 02:26:42,Chamber 2,28-041661e256ff,28.75,T247,40C,off
04/17/2022 02:27:02,Chamber 2,28-041661e256ff,28.75,T247,40C,off
04/17/2022 02:27:22,Chamber 2,28-041661e256ff,28.75,T247,40C,off
04/17/2022 02:27:42,Chamber 2,28-041661e256ff,28.75,T247,40C,off
04/17/2022 02:28:02,Chamber 2,28-041661e256ff,28.75,T247,40C,off
04/17/2022 02:28:22,Chamber 2,28-041661e256ff,28.75,T247,40C,off
04/17/2022 02:28:42,Chamber 2,28-041661e256ff,28.75,T247,40C,off
04/17/2022 02:29:02,Chamber 2,28-041661e256ff,28.75,T247,40C,off
04/17/2022 02:29:22,Chamber 2,28-041661e256ff,28.75,T247,40C,off
04/17/2022 02:29:42,Chamber 2,28-041661e256ff,28.75,T247,40C,off
04/17/2022 02:30:02,Chamber 2,28-041661e256ff,28.75,T247,40C,off
04/17/2022 02:30:22,Chamber 2,28-041661e256ff,28.75,T247,40C,off
04/17/2022 02:30:42,Chamber 2,28-041661e256ff,28.75,T247,40C,off
04/17/2022 02:31:02,Chamber 2,28-041661e256ff,28.75,T247,40C,off
04/17/2022 02:31:22,Chamber 2,28-041661e256ff,28.75,T247,40C,off
04/17/2022 02:31:42,Chamber 2,28-041661e256ff,28.75,T247,40C,off
04/17/2022 02:32:02,Chamber 2,28-041661e256ff,28.75,T247,40C,off
04/17/2022 02:32:22,Chamber 2,28-041661e256ff,28.75,T247,40C,off
04/17/2022 02:32:42,Chamber 2,28-041661e256ff,28.75,T247,40C,off
04/17/2022 02:33:02,Chamber 2,28-041661e256ff,28.75,T247,40C,off
04/17/2022 02:33:22,Chamber 2,28-041661e256ff,28.75,T247,40C,off
04/17/2022 02:33:42,Chamber 2,28-041661e256ff,28.75,T247,40C,off
04/17/2022 02:34:02,Chamber 2,28-041661e256ff,28.75,T247,40C,off
04/17/2022 02:34:22,Chamber 2,28-041661e256ff,28.75,T247,40C,off
04/17/2022 02:34:42,Chamber 2,28-041661e256ff,28.75,T247,40C,off
04/17/2022 02:35:02,Chamber 2,28-041661e256ff,28.75,T247,40C,off
04/17/2022 02:35:22,Chamber 2,28-041661e256ff,28.75,T247,40C,off
04/17/2022 02:35:42,Chamber 2,28-041661e256ff,28.75,T247,40C,off
04/17/2022 02:36:02,Chamber 2,28-041661e256ff,28.75,T247,40C,off
04/17/2022 02:36:22,Chamber 2,28-041661e256ff,28.75,T247,40C,off
04/17/2022 02:36:42,Chamber 2,28-041661e256ff,28.75,T247,40C,off
04/17/2022 02:37:02,Chamber 2,28-041661e256ff,28.75,T247,40C,off
04/17/2022 02:37:22,Chamber 2,28-041661e256ff,28.75,T247,40C,off
04/17/2022 02:37:42,Chamber 2,28-041661e256ff,28.75,T247,40C,off
04/17/2022 02:38:02,Chamber 2,28-041661e256ff,28.75,T247,40C,off
04/17/2022 02:38:24,Chamber 2,28-041661e256ff,28.75,T247,40C,off
04/17/2022 02:38:42,Chamber 2,28-041661e256ff,28.75,T247,40C,off
04/17/2022 02:39:02,Chamber 2,28-041661e256ff,28.75,T247,40C,off
04/17/2022 02:39:22,Chamber 2,28-041661e256ff,28.75,T247,40C,off
04/17/2022 02:39:42,Chamber 2,28-041661e256ff,28.75,T247,40C,off
04/17/2022 02:40:02,Chamber 2,28-041661e256ff,28.75,T247,40C,off
04/17/2022 02:40:22,Chamber 2,28-041661e256ff,28.75,T247,40C,off
04/17/2022 02:40:42,Chamber 2,28-041661e256ff,28.75,T247,40C,off
04/17/2022 02:41:02,Chamber 2,28-041661e256ff,28.75,T247,40C,off
04/17/2022 02:41:22,Chamber 2,28-041661e256ff,28.75,T247,40C,off
04/17/2022 02:41:42,Chamber 2,28-041661e256ff,28.75,T247,40C,off
04/17/2022 02:42:02,Chamber 2,28-041661e256ff,28.75,T247,40C,off
04/17/2022 02:42:22,Chamber 2,28-041661e256ff,28.75,T247,40C,off
04/17/2022 02:42:42,Chamber 2,28-041661e256ff,28.75,T247,40C,off
04/17/2022 02:43:02,Chamber 2,28-041661e256ff,28.75,T247,40C,off
04/17/2022 02:43:22,Chamber 2,28-041661e256ff,28.75,T247,40C,off
04/17/2022 02:43:42,Chamber 2,28-041661e256ff,28.75,T247,40C,off
04/17/2022 02:44:02,Chamber 2,28-041661e256ff,28.75,T247,40C,off
04/17/2022 02:44:22,Chamber 2,28-041661e256ff,28.75,T247,40C,off
04/17/2022 02:44:42,Chamber 2,28-041661e256ff,28.75,T247,40C,off
04/17/2022 02:45:02,Chamber 2,28-041661e256ff,28.75,T247,40C,off
04/17/2022 02:45:22,Chamber 2,28-041661e256ff,28.75,T247,40C,off
04/17/2022 02:45:42,Chamber 2,28-041661e256ff,28.75,T247,40C,off
04/17/2022 02:46:06,Chamber 2,28-041661e256ff,28.75,T247,40C,off
04/17/2022 02:46:22,Chamber 2,28-041661e256ff,28.75,T247,40C,off
04/17/2022 02:46:42,Chamber 2,28-041661e256ff,28.75,T247,40C,off
04/17/2022 02:47:02,Chamber 2,28-041661e256ff,28.75,T247,40C,off
04/17/2022 02:47:22,Chamber 2,28-041661e256ff,28.75,T247,40C,off
04/17/2022 02:47:42,Chamber 2,28-041661e256ff,28.75,T247,40C,off
04/17/2022 02:48:02,Chamber 2,28-041661e256ff,28.75,T247,40C,off
04/17/2022 02:48:22,Chamber 2,28-041661e256ff,28.75,T247,40C,off
04/17/2022 02:48:42,Chamber 2,28-041661e256ff,28.75,T247,40C,off
04/17/2022 02:49:02,Chamber 2,28-041661e256ff,28.75,T247,40C,off
04/17/2022 02:49:22,Chamber 2,28-041661e256ff,28.75,T247,40C,off
04/17/2022 02:49:42,Chamber 2,28-041661e256ff,28.75,T247,40C,off
04/17/2022 02:50:02,Chamber 2,28-041661e256ff,28.75,T247,40C,off
04/17/2022 02:50:22,Chamber 2,28-041661e256ff,28.75,T247,40C,off
04/17/2022 02:50:42,Chamber 2,28-041661e256ff,28.75,T247,40C,off
04/17/2022 02:51:02,Chamber 2,28-041661e256ff,28.75,T247,40C,off
04/17/2022 02:51:22,Chamber 2,28-041661e256ff,28.75,T247,40C,off
04/17/2022 02:51:42,Chamber 2,28-041661e256ff,28.75,T247,40C,off
04/17/2022 02:52:02,Chamber 2,28-041661e256ff,28.75,T247,40C,off
04/17/2022 02:52:22,Chamber 2,28-041661e256ff,28.75,T247,40C,off
04/17/2022 02:52:42,Chamber 2,28-041661e256ff,28.75,T247,40C,off
04/17/2022 02:53:02,Chamber 2,28-041661e256ff,28.75,T247,40C,off
04/17/2022 02:53:22,Chamber 2,28-041661e256ff,28.75,T247,40C,off
04/17/2022 02:53:42,Chamber 2,28-041661e256ff,28.75,T247,40C,off
04/17/2022 02:54:02,Chamber 2,28-041661e256ff,28.75,T247,40C,off
04/17/2022 02:54:22,Chamber 2,28-041661e256ff,28.75,T247,40C,off
04/17/2022 02:54:42,Chamber 2,28-041661e256ff,28.75,T247,40C,off
04/17/2022 02:55:02,Chamber 2,28-041661e256ff,28.75,T247,40C,off
04/17/2022 02:55:22,Chamber 2,28-041661e256ff,28.75,T247,40C,off
04/17/2022 02:55:42,Chamber 2,28-041661e256ff,28.75,T247,40C,off
04/17/2022 02:56:02,Chamber 2,28-041661e256ff,28.75,T247,40C,off
04/17/2022 02:56:22,Chamber 2,28-041661e256ff,28.75,T247,40C,off
04/17/2022 02:56:42,Chamber 2,28-041661e256ff,28.687,T247,40C,off
04/17/2022 02:57:02,Chamber 2,28-041661e256ff,28.687,T247,40C,off
04/17/2022 02:57:22,Chamber 2,28-041661e256ff,28.75,T247,40C,off
04/17/2022 02:57:42,Chamber 2,28-041661e256ff,28.75,T247,40C,off
04/17/2022 02:58:02,Chamber 2,28-041661e256ff,28.687,T247,40C,off
04/17/2022 02:58:22,Chamber 2,28-041661e256ff,28.687,T247,40C,off
04/17/2022 02:58:43,Chamber 2,28-041661e256ff,28.75,T247,40C,off
04/17/2022 02:59:02,Chamber 2,28-041661e256ff,28.687,T247,40C,off
04/17/2022 02:59:23,Chamber 2,28-041661e256ff,28.75,T247,40C,off
04/17/2022 02:59:42,Chamber 2,28-041661e256ff,28.687,T247,40C,off
04/17/2022 03:00:03,Chamber 2,28-041661e256ff,28.687,T247,40C,off
04/17/2022 03:00:23,Chamber 2,28-041661e256ff,28.687,T247,40C,off
04/17/2022 03:00:43,Chamber 2,28-041661e256ff,28.687,T247,40C,off
04/17/2022 03:01:03,Chamber 2,28-041661e256ff,28.687,T247,40C,off
04/17/2022 03:01:23,Chamber 2,28-041661e256ff,28.687,T247,40C,off
04/17/2022 03:01:43,Chamber 2,28-041661e256ff,28.687,T247,40C,off
04/17/2022 03:02:03,Chamber 2,28-041661e256ff,28.687,T247,40C,off
04/17/2022 03:02:23,Chamber 2,28-041661e256ff,28.687,T247,40C,off
04/17/2022 03:02:43,Chamber 2,28-041661e256ff,28.687,T247,40C,off
04/17/2022 03:03:03,Chamber 2,28-041661e256ff,28.687,T247,40C,off
04/17/2022 03:03:23,Chamber 2,28-041661e256ff,28.687,T247,40C,off
04/17/2022 03:03:43,Chamber 2,28-041661e256ff,28.687,T247,40C,off
04/17/2022 03:04:03,Chamber 2,28-041661e256ff,28.687,T247,40C,off
04/17/2022 03:04:23,Chamber 2,28-041661e256ff,28.687,T247,40C,off
04/17/2022 03:04:43,Chamber 2,28-041661e256ff,28.687,T247,40C,off
04/17/2022 03:05:03,Chamber 2,28-041661e256ff,28.687,T247,40C,off
04/17/2022 03:05:24,Chamber 2,28-041661e256ff,28.687,T247,40C,off
04/17/2022 03:05:43,Chamber 2,28-041661e256ff,28.687,T247,40C,off
04/17/2022 03:06:03,Chamber 2,28-041661e256ff,28.687,T247,40C,off
04/17/2022 03:06:23,Chamber 2,28-041661e256ff,28.687,T247,40C,off
04/17/2022 03:06:43,Chamber 2,28-041661e256ff,28.687,T247,40C,off
04/17/2022 03:07:03,Chamber 2,28-041661e256ff,28.687,T247,40C,off
04/17/2022 03:07:23,Chamber 2,28-041661e256ff,28.687,T247,40C,off
04/17/2022 03:07:43,Chamber 2,28-041661e256ff,28.687,T247,40C,off
04/17/2022 03:08:03,Chamber 2,28-041661e256ff,28.687,T247,40C,off
04/17/2022 03:08:23,Chamber 2,28-041661e256ff,28.687,T247,40C,off
04/17/2022 03:08:43,Chamber 2,28-041661e256ff,28.687,T247,40C,off
04/17/2022 03:09:05,Chamber 2,28-041661e256ff,28.687,T247,40C,off
04/17/2022 03:09:23,Chamber 2,28-041661e256ff,28.687,T247,40C,off
04/17/2022 03:09:43,Chamber 2,28-041661e256ff,28.687,T247,40C,off
04/17/2022 03:10:03,Chamber 2,28-041661e256ff,28.687,T247,40C,off
04/17/2022 03:10:23,Chamber 2,28-041661e256ff,28.687,T247,40C,off
04/17/2022 03:10:43,Chamber 2,28-041661e256ff,28.687,T247,40C,off
04/17/2022 03:11:03,Chamber 2,28-041661e256ff,28.687,T247,40C,off
04/17/2022 03:11:23,Chamber 2,28-041661e256ff,28.687,T247,40C,off
04/17/2022 03:11:43,Chamber 2,28-041661e256ff,28.687,T247,40C,off
04/17/2022 03:12:03,Chamber 2,28-041661e256ff,28.687,T247,40C,off
04/17/2022 03:12:23,Chamber 2,28-041661e256ff,28.687,T247,40C,off
04/17/2022 03:12:43,Chamber 2,28-041661e256ff,28.687,T247,40C,off
04/17/2022 03:13:03,Chamber 2,28-041661e256ff,28.687,T247,40C,off
04/17/2022 03:13:23,Chamber 2,28-041661e256ff,28.687,T247,40C,off
04/17/2022 03:13:43,Chamber 2,28-041661e256ff,28.687,T247,40C,off
04/17/2022 03:14:03,Chamber 2,28-041661e256ff,28.687,T247,40C,off
04/17/2022 03:14:23,Chamber 2,28-041661e256ff,28.687,T247,40C,off
04/17/2022 03:14:43,Chamber 2,28-041661e256ff,28.687,T247,40C,off
04/17/2022 03:15:03,Chamber 2,28-041661e256ff,28.687,T247,40C,off
04/17/2022 03:15:23,Chamber 2,28-041661e256ff,28.687,T247,40C,off
04/17/2022 03:15:43,Chamber 2,28-041661e256ff,28.687,T247,40C,off
04/17/2022 03:16:03,Chamber 2,28-041661e256ff,28.687,T247,40C,off
04/17/2022 03:16:23,Chamber 2,28-041661e256ff,28.687,T247,40C,off
04/17/2022 03:16:43,Chamber 2,28-041661e256ff,28.687,T247,40C,off
04/17/2022 03:17:03,Chamber 2,28-041661e256ff,28.687,T247,40C,off
04/17/2022 03:17:23,Chamber 2,28-041661e256ff,28.687,T247,40C,off
04/17/2022 03:17:43,Chamber 2,28-041661e256ff,28.687,T247,40C,off
04/17/2022 03:18:03,Chamber 2,28-041661e256ff,28.687,T247,40C,off
04/17/2022 03:18:23,Chamber 2,28-041661e256ff,28.687,T247,40C,off
04/17/2022 03:18:43,Chamber 2,28-041661e256ff,28.687,T247,40C,off
04/17/2022 03:19:03,Chamber 2,28-041661e256ff,28.687,T247,40C,off
04/17/2022 03:19:23,Chamber 2,28-041661e256ff,28.687,T247,40C,off
04/17/2022 03:19:43,Chamber 2,28-041661e256ff,28.687,T247,40C,off
04/17/2022 03:20:03,Chamber 2,28-041661e256ff,28.687,T247,40C,off
04/17/2022 03:20:23,Chamber 2,28-041661e256ff,28.687,T247,40C,off
04/17/2022 03:20:43,Chamber 2,28-041661e256ff,28.687,T247,40C,off
04/17/2022 03:21:03,Chamber 2,28-041661e256ff,28.687,T247,40C,off
04/17/2022 03:21:23,Chamber 2,28-041661e256ff,28.687,T247,40C,off
04/17/2022 03:21:43,Chamber 2,28-041661e256ff,28.687,T247,40C,off
04/17/2022 03:22:03,Chamber 2,28-041661e256ff,28.687,T247,40C,off
04/17/2022 03:22:23,Chamber 2,28-041661e256ff,28.687,T247,40C,off
04/17/2022 03:22:43,Chamber 2,28-041661e256ff,28.687,T247,40C,off
04/17/2022 03:23:03,Chamber 2,28-041661e256ff,28.687,T247,40C,off
04/17/2022 03:23:23,Chamber 2,28-041661e256ff,28.687,T247,40C,off
04/17/2022 03:23:43,Chamber 2,28-041661e256ff,28.687,T247,40C,off
04/17/2022 03:24:03,Chamber 2,28-041661e256ff,28.687,T247,40C,off
04/17/2022 03:24:23,Chamber 2,28-041661e256ff,28.625,T247,40C,off
04/17/2022 03:24:43,Chamber 2,28-041661e256ff,28.687,T247,40C,off
04/17/2022 03:25:03,Chamber 2,28-041661e256ff,28.687,T247,40C,off
04/17/2022 03:25:23,Chamber 2,28-041661e256ff,28.625,T247,40C,off
04/17/2022 03:25:44,Chamber 2,28-041661e256ff,28.625,T247,40C,off
04/17/2022 03:26:03,Chamber 2,28-041661e256ff,28.625,T247,40C,off
04/17/2022 03:26:23,Chamber 2,28-041661e256ff,28.625,T247,40C,off
04/17/2022 03:26:43,Chamber 2,28-041661e256ff,28.625,T247,40C,off
04/17/2022 03:27:03,Chamber 2,28-041661e256ff,28.687,T247,40C,off
04/17/2022 03:27:23,Chamber 2,28-041661e256ff,28.625,T247,40C,off
04/17/2022 03:27:43,Chamber 2,28-041661e256ff,28.687,T247,40C,off
04/17/2022 03:28:03,Chamber 2,28-041661e256ff,28.625,T247,40C,off
04/17/2022 03:28:23,Chamber 2,28-041661e256ff,28.625,T247,40C,off
04/17/2022 03:28:43,Chamber 2,28-041661e256ff,28.625,T247,40C,off
04/17/2022 03:29:03,Chamber 2,28-041661e256ff,28.625,T247,40C,off
04/17/2022 03:29:23,Chamber 2,28-041661e256ff,28.625,T247,40C,off
04/17/2022 03:29:43,Chamber 2,28-041661e256ff,28.625,T247,40C,off
04/17/2022 03:30:03,Chamber 2,28-041661e256ff,28.625,T247,40C,off
04/17/2022 03:30:23,Chamber 2,28-041661e256ff,28.625,T247,40C,off
04/17/2022 03:30:43,Chamber 2,28-041661e256ff,28.625,T247,40C,off
04/17/2022 03:31:03,Chamber 2,28-041661e256ff,28.625,T247,40C,off
04/17/2022 03:31:23,Chamber 2,28-041661e256ff,28.625,T247,40C,off
04/17/2022 03:31:43,Chamber 2,28-041661e256ff,28.625,T247,40C,off
04/17/2022 03:32:03,Chamber 2,28-041661e256ff,28.625,T247,40C,off
04/17/2022 03:32:23,Chamber 2,28-041661e256ff,28.625,T247,40C,off
04/17/2022 03:32:43,Chamber 2,28-041661e256ff,28.625,T247,40C,off
04/17/2022 03:33:03,Chamber 2,28-041661e256ff,28.625,T247,40C,off
04/17/2022 03:33:23,Chamber 2,28-041661e256ff,28.625,T247,40C,off
04/17/2022 03:33:43,Chamber 2,28-041661e256ff,28.625,T247,40C,off
04/17/2022 03:34:03,Chamber 2,28-041661e256ff,28.625,T247,40C,off
04/17/2022 03:34:23,Chamber 2,28-041661e256ff,28.625,T247,40C,off
04/17/2022 03:34:43,Chamber 2,28-041661e256ff,28.625,T247,40C,off
04/17/2022 03:35:03,Chamber 2,28-041661e256ff,28.625,T247,40C,off
04/17/2022 03:35:23,Chamber 2,28-041661e256ff,28.625,T247,40C,off
04/17/2022 03:35:43,Chamber 2,28-041661e256ff,28.625,T247,40C,off
04/17/2022 03:36:03,Chamber 2,28-041661e256ff,28.625,T247,40C,off
04/17/2022 03:36:23,Chamber 2,28-041661e256ff,28.625,T247,40C,off
04/17/2022 03:36:43,Chamber 2,28-041661e256ff,28.625,T247,40C,off
04/17/2022 03:37:03,Chamber 2,28-041661e256ff,28.625,T247,40C,off
04/17/2022 03:37:23,Chamber 2,28-041661e256ff,28.625,T247,40C,off
04/17/2022 03:37:43,Chamber 2,28-041661e256ff,28.625,T247,40C,off
04/17/2022 03:38:03,Chamber 2,28-041661e256ff,28.625,T247,40C,off
04/17/2022 03:38:23,Chamber 2,28-041661e256ff,28.625,T247,40C,off
04/17/2022 03:38:43,Chamber 2,28-041661e256ff,28.625,T247,40C,off
04/17/2022 03:39:03,Chamber 2,28-041661e256ff,28.625,T247,40C,off
04/17/2022 03:39:23,Chamber 2,28-041661e256ff,28.625,T247,40C,off
04/17/2022 03:39:43,Chamber 2,28-041661e256ff,28.625,T247,40C,off
04/17/2022 03:40:03,Chamber 2,28-041661e256ff,28.625,T247,40C,off
04/17/2022 03:40:23,Chamber 2,28-041661e256ff,28.625,T247,40C,off
04/17/2022 03:40:43,Chamber 2,28-041661e256ff,28.625,T247,40C,off
04/17/2022 03:41:03,Chamber 2,28-041661e256ff,28.625,T247,40C,off
04/17/2022 03:41:25,Chamber 2,28-041661e256ff,28.625,T247,40C,off
04/17/2022 03:41:43,Chamber 2,28-041661e256ff,28.625,T247,40C,off
04/17/2022 03:42:03,Chamber 2,28-041661e256ff,28.625,T247,40C,off
04/17/2022 03:42:23,Chamber 2,28-041661e256ff,28.625,T247,40C,off
04/17/2022 03:42:43,Chamber 2,28-041661e256ff,28.625,T247,40C,off
04/17/2022 03:43:03,Chamber 2,28-041661e256ff,28.625,T247,40C,off
04/17/2022 03:43:23,Chamber 2,28-041661e256ff,28.625,T247,40C,off
04/17/2022 03:43:43,Chamber 2,28-041661e256ff,28.625,T247,40C,off
04/17/2022 03:44:03,Chamber 2,28-041661e256ff,28.625,T247,40C,off
04/17/2022 03:44:23,Chamber 2,28-041661e256ff,28.625,T247,40C,off
04/17/2022 03:44:43,Chamber 2,28-041661e256ff,28.625,T247,40C,off
04/17/2022 03:45:03,Chamber 2,28-041661e256ff,28.625,T247,40C,off
04/17/2022 03:45:23,Chamber 2,28-041661e256ff,28.562,T247,40C,off
04/17/2022 03:45:43,Chamber 2,28-041661e256ff,28.625,T247,40C,off
04/17/2022 03:46:03,Chamber 2,28-041661e256ff,28.562,T247,40C,off
04/17/2022 03:46:23,Chamber 2,28-041661e256ff,28.562,T247,40C,off
04/17/2022 03:46:43,Chamber 2,28-041661e256ff,28.625,T247,40C,off
04/17/2022 03:47:03,Chamber 2,28-041661e256ff,28.562,T247,40C,off
04/17/2022 03:47:23,Chamber 2,28-041661e256ff,28.562,T247,40C,off
04/17/2022 03:47:43,Chamber 2,28-041661e256ff,28.625,T247,40C,off
04/17/2022 03:48:03,Chamber 2,28-041661e256ff,28.625,T247,40C,off
04/17/2022 03:48:23,Chamber 2,28-041661e256ff,28.562,T247,40C,off
04/17/2022 03:48:43,Chamber 2,28-041661e256ff,28.562,T247,40C,off
04/17/2022 03:49:03,Chamber 2,28-041661e256ff,28.562,T247,40C,off
04/17/2022 03:49:23,Chamber 2,28-041661e256ff,28.562,T247,40C,off
04/17/2022 03:49:43,Chamber 2,28-041661e256ff,28.562,T247,40C,off
04/17/2022 03:50:03,Chamber 2,28-041661e256ff,28.562,T247,40C,off
04/17/2022 03:50:23,Chamber 2,28-041661e256ff,28.562,T247,40C,off
04/17/2022 03:50:43,Chamber 2,28-041661e256ff,28.562,T247,40C,off
04/17/2022 03:51:03,Chamber 2,28-041661e256ff,28.562,T247,40C,off
04/17/2022 03:51:23,Chamber 2,28-041661e256ff,28.562,T247,40C,off
04/17/2022 03:51:43,Chamber 2,28-041661e256ff,28.562,T247,40C,off
04/17/2022 03:52:03,Chamber 2,28-041661e256ff,28.562,T247,40C,off
04/17/2022 03:52:23,Chamber 2,28-041661e256ff,28.562,T247,40C,off
04/17/2022 03:52:43,Chamber 2,28-041661e256ff,28.562,T247,40C,off
04/17/2022 03:53:03,Chamber 2,28-041661e256ff,28.562,T247,40C,off
04/17/2022 03:53:25,Chamber 2,28-041661e256ff,28.562,T247,40C,off
04/17/2022 03:53:43,Chamber 2,28-041661e256ff,28.562,T247,40C,off
04/17/2022 03:54:03,Chamber 2,28-041661e256ff,28.562,T247,40C,off
04/17/2022 03:54:23,Chamber 2,28-041661e256ff,28.562,T247,40C,off
04/17/2022 03:54:43,Chamber 2,28-041661e256ff,28.562,T247,40C,off
04/17/2022 03:55:03,Chamber 2,28-041661e256ff,28.562,T247,40C,off
04/17/2022 03:55:23,Chamber 2,28-041661e256ff,28.562,T247,40C,off
04/17/2022 03:55:43,Chamber 2,28-041661e256ff,28.562,T247,40C,off
04/17/2022 03:56:03,Chamber 2,28-041661e256ff,28.562,T247,40C,off
04/17/2022 03:56:23,Chamber 2,28-041661e256ff,28.562,T247,40C,off
04/17/2022 03:56:43,Chamber 2,28-041661e256ff,28.562,T247,40C,off
04/17/2022 03:57:03,Chamber 2,28-041661e256ff,28.562,T247,40C,off
04/17/2022 03:57:23,Chamber 2,28-041661e256ff,28.562,T247,40C,off
04/17/2022 03:57:43,Chamber 2,28-041661e256ff,28.562,T247,40C,off
04/17/2022 03:58:03,Chamber 2,28-041661e256ff,28.562,T247,40C,off
04/17/2022 03:58:23,Chamber 2,28-041661e256ff,28.562,T247,40C,off
04/17/2022 03:58:43,Chamber 2,28-041661e256ff,28.562,T247,40C,off
04/17/2022 03:59:03,Chamber 2,28-041661e256ff,28.562,T247,40C,off
04/17/2022 03:59:23,Chamber 2,28-041661e256ff,28.562,T247,40C,off
04/17/2022 03:59:43,Chamber 2,28-041661e256ff,28.562,T247,40C,off
04/17/2022 04:00:02,Chamber 2,28-041661e256ff,28.562,T247,40C,off
04/17/2022 04:00:22,Chamber 2,28-041661e256ff,28.562,T247,40C,off
04/17/2022 04:00:42,Chamber 2,28-041661e256ff,28.562,T247,40C,off
04/17/2022 04:01:02,Chamber 2,28-041661e256ff,28.562,T247,40C,off
04/17/2022 04:01:22,Chamber 2,28-041661e256ff,28.562,T247,40C,off
04/17/2022 04:01:42,Chamber 2,28-041661e256ff,28.562,T247,40C,off
04/17/2022 04:02:02,Chamber 2,28-041661e256ff,28.562,T247,40C,off
04/17/2022 04:02:22,Chamber 2,28-041661e256ff,28.562,T247,40C,off
04/17/2022 04:02:42,Chamber 2,28-041661e256ff,28.562,T247,40C,off
04/17/2022 04:03:02,Chamber 2,28-041661e256ff,28.562,T247,40C,off
04/17/2022 04:03:22,Chamber 2,28-041661e256ff,28.562,T247,40C,off
04/17/2022 04:03:42,Chamber 2,28-041661e256ff,28.562,T247,40C,off
04/17/2022 04:04:02,Chamber 2,28-041661e256ff,28.562,T247,40C,off
04/17/2022 04:04:22,Chamber 2,28-041661e256ff,28.562,T247,40C,off
04/17/2022 04:04:42,Chamber 2,28-041661e256ff,28.562,T247,40C,off
04/17/2022 04:05:02,Chamber 2,28-041661e256ff,28.562,T247,40C,off
04/17/2022 04:05:22,Chamber 2,28-041661e256ff,28.562,T247,40C,off
04/17/2022 04:05:42,Chamber 2,28-041661e256ff,28.562,T247,40C,off
04/17/2022 04:06:02,Chamber 2,28-041661e256ff,28.562,T247,40C,off
04/17/2022 04:06:22,Chamber 2,28-041661e256ff,28.562,T247,40C,off
04/17/2022 04:06:42,Chamber 2,28-041661e256ff,28.562,T247,40C,off
04/17/2022 04:07:02,Chamber 2,28-041661e256ff,28.562,T247,40C,off
04/17/2022 04:07:22,Chamber 2,28-041661e256ff,28.5,T247,40C,off
04/17/2022 04:07:42,Chamber 2,28-041661e256ff,28.5,T247,40C,off
04/17/2022 04:08:02,Chamber 2,28-041661e256ff,28.5,T247,40C,off
04/17/2022 04:08:22,Chamber 2,28-041661e256ff,28.5,T247,40C,off
04/17/2022 04:08:42,Chamber 2,28-041661e256ff,28.5,T247,40C,off
04/17/2022 04:09:02,Chamber 2,28-041661e256ff,28.5,T247,40C,off
04/17/2022 04:09:22,Chamber 2,28-041661e256ff,28.5,T247,40C,off
04/17/2022 04:09:42,Chamber 2,28-041661e256ff,28.5,T247,40C,off
04/17/2022 04:10:02,Chamber 2,28-041661e256ff,28.5,T247,40C,off
04/17/2022 04:10:22,Chamber 2,28-041661e256ff,28.5,T247,40C,off
04/17/2022 04:10:42,Chamber 2,28-041661e256ff,28.5,T247,40C,off
04/17/2022 04:11:02,Chamber 2,28-041661e256ff,28.5,T247,40C,off
04/17/2022 04:11:22,Chamber 2,28-041661e256ff,28.5,T247,40C,off
04/17/2022 04:11:42,Chamber 2,28-041661e256ff,28.5,T247,40C,off
04/17/2022 04:12:02,Chamber 2,28-041661e256ff,28.5,T247,40C,off
04/17/2022 04:12:22,Chamber 2,28-041661e256ff,28.5,T247,40C,off
04/17/2022 04:12:43,Chamber 2,28-041661e256ff,28.5,T247,40C,off
04/17/2022 04:13:02,Chamber 2,28-041661e256ff,28.5,T247,40C,off
04/17/2022 04:13:22,Chamber 2,28-041661e256ff,28.5,T247,40C,off
04/17/2022 04:13:42,Chamber 2,28-041661e256ff,28.5,T247,40C,off
04/17/2022 04:14:02,Chamber 2,28-041661e256ff,28.5,T247,40C,off
04/17/2022 04:14:22,Chamber 2,28-041661e256ff,28.5,T247,40C,off
04/17/2022 04:14:42,Chamber 2,28-041661e256ff,28.5,T247,40C,off
04/17/2022 04:15:02,Chamber 2,28-041661e256ff,28.5,T247,40C,off
04/17/2022 04:15:22,Chamber 2,28-041661e256ff,28.5,T247,40C,off
04/17/2022 04:15:42,Chamber 2,28-041661e256ff,28.5,T247,40C,off
04/17/2022 04:16:02,Chamber 2,28-041661e256ff,28.5,T247,40C,off
04/17/2022 04:16:22,Chamber 2,28-041661e256ff,28.5,T247,40C,off
04/17/2022 04:16:42,Chamber 2,28-041661e256ff,28.5,T247,40C,off
04/17/2022 04:17:02,Chamber 2,28-041661e256ff,28.5,T247,40C,off
04/17/2022 04:17:22,Chamber 2,28-041661e256ff,28.5,T247,40C,off
04/17/2022 04:17:42,Chamber 2,28-041661e256ff,28.5,T247,40C,off
04/17/2022 04:18:02,Chamber 2,28-041661e256ff,28.5,T247,40C,off
04/17/2022 04:18:22,Chamber 2,28-041661e256ff,28.5,T247,40C,off
04/17/2022 04:18:42,Chamber 2,28-041661e256ff,28.5,T247,40C,off
04/17/2022 04:19:02,Chamber 2,28-041661e256ff,28.5,T247,40C,off
04/17/2022 04:19:22,Chamber 2,28-041661e256ff,28.5,T247,40C,off
04/17/2022 04:19:42,Chamber 2,28-041661e256ff,28.5,T247,40C,off
04/17/2022 04:20:03,Chamber 2,28-041661e256ff,28.5,T247,40C,off
04/17/2022 04:20:23,Chamber 2,28-041661e256ff,28.5,T247,40C,off
04/17/2022 04:20:42,Chamber 2,28-041661e256ff,28.5,T247,40C,off
04/17/2022 04:21:03,Chamber 2,28-041661e256ff,28.5,T247,40C,off
04/17/2022 04:21:22,Chamber 2,28-041661e256ff,28.5,T247,40C,off
04/17/2022 04:21:43,Chamber 2,28-041661e256ff,28.5,T247,40C,off
04/17/2022 04:22:02,Chamber 2,28-041661e256ff,28.5,T247,40C,off
04/17/2022 04:22:22,Chamber 2,28-041661e256ff,28.5,T247,40C,off
04/17/2022 04:22:42,Chamber 2,28-041661e256ff,28.5,T247,40C,off
04/17/2022 04:23:02,Chamber 2,28-041661e256ff,28.437,T247,40C,off
04/17/2022 04:23:22,Chamber 2,28-041661e256ff,28.5,T247,40C,off
04/17/2022 04:23:42,Chamber 2,28-041661e256ff,28.5,T247,40C,off
04/17/2022 04:24:02,Chamber 2,28-041661e256ff,28.5,T247,40C,off
04/17/2022 04:24:22,Chamber 2,28-041661e256ff,28.437,T247,40C,off
04/17/2022 04:24:42,Chamber 2,28-041661e256ff,28.437,T247,40C,off
04/17/2022 04:25:02,Chamber 2,28-041661e256ff,28.437,T247,40C,off
04/17/2022 04:25:22,Chamber 2,28-041661e256ff,28.437,T247,40C,off
04/17/2022 04:25:42,Chamber 2,28-041661e256ff,28.437,T247,40C,off
04/17/2022 04:26:02,Chamber 2,28-041661e256ff,28.437,T247,40C,off
04/17/2022 04:26:22,Chamber 2,28-041661e256ff,28.437,T247,40C,off
04/17/2022 04:26:42,Chamber 2,28-041661e256ff,28.437,T247,40C,off
04/17/2022 04:27:02,Chamber 2,28-041661e256ff,28.437,T247,40C,off
04/17/2022 04:27:23,Chamber 2,28-041661e256ff,28.437,T247,40C,off
04/17/2022 04:27:42,Chamber 2,28-041661e256ff,28.437,T247,40C,off
04/17/2022 04:28:02,Chamber 2,28-041661e256ff,28.437,T247,40C,off
04/17/2022 04:28:22,Chamber 2,28-041661e256ff,28.437,T247,40C,off
04/17/2022 04:28:42,Chamber 2,28-041661e256ff,28.437,T247,40C,off
04/17/2022 04:29:02,Chamber 2,28-041661e256ff,28.437,T247,40C,off
04/17/2022 04:29:22,Chamber 2,28-041661e256ff,28.437,T247,40C,off
04/17/2022 04:29:42,Chamber 2,28-041661e256ff,28.437,T247,40C,off
04/17/2022 04:30:02,Chamber 2,28-041661e256ff,28.437,T247,40C,off
04/17/2022 04:30:22,Chamber 2,28-041661e256ff,28.437,T247,40C,off
04/17/2022 04:30:42,Chamber 2,28-041661e256ff,28.437,T247,40C,off
04/17/2022 04:31:02,Chamber 2,28-041661e256ff,28.437,T247,40C,off
04/17/2022 04:31:22,Chamber 2,28-041661e256ff,28.437,T247,40C,off
04/17/2022 04:31:42,Chamber 2,28-041661e256ff,28.437,T247,40C,off
04/17/2022 04:32:02,Chamber 2,28-041661e256ff,28.437,T247,40C,off
04/17/2022 04:32:22,Chamber 2,28-041661e256ff,28.437,T247,40C,off
04/17/2022 04:32:42,Chamber 2,28-041661e256ff,28.437,T247,40C,off
04/17/2022 04:33:02,Chamber 2,28-041661e256ff,28.437,T247,40C,off
04/17/2022 04:33:22,Chamber 2,28-041661e256ff,28.437,T247,40C,off
04/17/2022 04:33:42,Chamber 2,28-041661e256ff,28.437,T247,40C,off
04/17/2022 04:34:02,Chamber 2,28-041661e256ff,28.437,T247,40C,off
04/17/2022 04:34:22,Chamber 2,28-041661e256ff,28.437,T247,40C,off
04/17/2022 04:34:42,Chamber 2,28-041661e256ff,28.437,T247,40C,off
04/17/2022 04:35:02,Chamber 2,28-041661e256ff,28.437,T247,40C,off
04/17/2022 04:35:22,Chamber 2,28-041661e256ff,28.437,T247,40C,off
04/17/2022 04:35:42,Chamber 2,28-041661e256ff,28.437,T247,40C,off
04/17/2022 04:36:02,Chamber 2,28-041661e256ff,28.437,T247,40C,off
04/17/2022 04:36:22,Chamber 2,28-041661e256ff,28.437,T247,40C,off
04/17/2022 04:36:42,Chamber 2,28-041661e256ff,28.437,T247,40C,off
04/17/2022 04:37:02,Chamber 2,28-041661e256ff,28.437,T247,40C,off
04/17/2022 04:37:22,Chamber 2,28-041661e256ff,28.437,T247,40C,off
04/17/2022 04:37:42,Chamber 2,28-041661e256ff,28.437,T247,40C,off
04/17/2022 04:38:02,Chamber 2,28-041661e256ff,28.437,T247,40C,off
04/17/2022 04:38:22,Chamber 2,28-041661e256ff,28.437,T247,40C,off
04/17/2022 04:38:42,Chamber 2,28-041661e256ff,28.437,T247,40C,off
04/17/2022 04:39:02,Chamber 2,28-041661e256ff,28.437,T247,40C,off
04/17/2022 04:39:22,Chamber 2,28-041661e256ff,28.437,T247,40C,off
04/17/2022 04:39:42,Chamber 2,28-041661e256ff,28.437,T247,40C,off
04/17/2022 04:40:02,Chamber 2,28-041661e256ff,28.437,T247,40C,off
04/17/2022 04:40:22,Chamber 2,28-041661e256ff,28.437,T247,40C,off
04/17/2022 04:40:42,Chamber 2,28-041661e256ff,28.437,T247,40C,off
04/17/2022 04:41:02,Chamber 2,28-041661e256ff,28.437,T247,40C,off
04/17/2022 04:41:22,Chamber 2,28-041661e256ff,28.437,T247,40C,off
04/17/2022 04:41:42,Chamber 2,28-041661e256ff,28.437,T247,40C,off
04/17/2022 04:42:02,Chamber 2,28-041661e256ff,28.437,T247,40C,off
04/17/2022 04:42:22,Chamber 2,28-041661e256ff,28.437,T247,40C,off
04/17/2022 04:42:42,Chamber 2,28-041661e256ff,28.437,T247,40C,off
04/17/2022 04:43:02,Chamber 2,28-041661e256ff,28.437,T247,40C,off
04/17/2022 04:43:22,Chamber 2,28-041661e256ff,28.437,T247,40C,off
04/17/2022 04:43:42,Chamber 2,28-041661e256ff,28.437,T247,40C,off
04/17/2022 04:44:02,Chamber 2,28-041661e256ff,28.375,T247,40C,off
04/17/2022 04:44:22,Chamber 2,28-041661e256ff,28.437,T247,40C,off
04/17/2022 04:44:42,Chamber 2,28-041661e256ff,28.437,T247,40C,off
04/17/2022 04:45:02,Chamber 2,28-041661e256ff,28.375,T247,40C,off
04/17/2022 04:45:22,Chamber 2,28-041661e256ff,28.375,T247,40C,off
04/17/2022 04:45:42,Chamber 2,28-041661e256ff,28.375,T247,40C,off
04/17/2022 04:46:02,Chamber 2,28-041661e256ff,28.437,T247,40C,off
04/17/2022 04:46:22,Chamber 2,28-041661e256ff,28.437,T247,40C,off
04/17/2022 04:46:42,Chamber 2,28-041661e256ff,28.375,T247,40C,off
04/17/2022 04:47:02,Chamber 2,28-041661e256ff,28.375,T247,40C,off
04/17/2022 04:47:22,Chamber 2,28-041661e256ff,28.375,T247,40C,off
04/17/2022 04:47:42,Chamber 2,28-041661e256ff,28.375,T247,40C,off
04/17/2022 04:48:02,Chamber 2,28-041661e256ff,28.375,T247,40C,off
04/17/2022 04:48:22,Chamber 2,28-041661e256ff,28.375,T247,40C,off
04/17/2022 04:48:42,Chamber 2,28-041661e256ff,28.375,T247,40C,off
04/17/2022 04:49:02,Chamber 2,28-041661e256ff,28.375,T247,40C,off
04/17/2022 04:49:22,Chamber 2,28-041661e256ff,28.375,T247,40C,off
04/17/2022 04:49:42,Chamber 2,28-041661e256ff,28.375,T247,40C,off
04/17/2022 04:50:02,Chamber 2,28-041661e256ff,28.375,T247,40C,off
04/17/2022 04:50:22,Chamber 2,28-041661e256ff,28.375,T247,40C,off
04/17/2022 04:50:42,Chamber 2,28-041661e256ff,28.375,T247,40C,off
04/17/2022 04:51:02,Chamber 2,28-041661e256ff,28.375,T247,40C,off
04/17/2022 04:51:22,Chamber 2,28-041661e256ff,28.375,T247,40C,off
04/17/2022 04:51:42,Chamber 2,28-041661e256ff,28.375,T247,40C,off
04/17/2022 04:52:02,Chamber 2,28-041661e256ff,28.375,T247,40C,off
04/17/2022 04:52:22,Chamber 2,28-041661e256ff,28.375,T247,40C,off
04/17/2022 04:52:42,Chamber 2,28-041661e256ff,28.375,T247,40C,off
04/17/2022 04:53:03,Chamber 2,28-041661e256ff,28.375,T247,40C,off
04/17/2022 04:53:22,Chamber 2,28-041661e256ff,28.375,T247,40C,off
04/17/2022 04:53:42,Chamber 2,28-041661e256ff,28.375,T247,40C,off
04/17/2022 04:54:03,Chamber 2,28-041661e256ff,28.375,T247,40C,off
04/17/2022 04:54:22,Chamber 2,28-041661e256ff,28.375,T247,40C,off
04/17/2022 04:54:42,Chamber 2,28-041661e256ff,28.375,T247,40C,off
04/17/2022 04:55:02,Chamber 2,28-041661e256ff,28.375,T247,40C,off
04/17/2022 04:55:23,Chamber 2,28-041661e256ff,28.375,T247,40C,off
04/17/2022 04:55:43,Chamber 2,28-041661e256ff,28.375,T247,40C,off
04/17/2022 04:56:02,Chamber 2,28-041661e256ff,28.375,T247,40C,off
04/17/2022 04:56:22,Chamber 2,28-041661e256ff,28.375,T247,40C,off
04/17/2022 04:56:43,Chamber 2,28-041661e256ff,28.375,T247,40C,off
04/17/2022 04:57:02,Chamber 2,28-041661e256ff,28.375,T247,40C,off
04/17/2022 04:57:22,Chamber 2,28-041661e256ff,28.375,T247,40C,off
04/17/2022 04:57:42,Chamber 2,28-041661e256ff,28.375,T247,40C,off
04/17/2022 04:58:02,Chamber 2,28-041661e256ff,28.375,T247,40C,off
04/17/2022 04:58:22,Chamber 2,28-041661e256ff,28.375,T247,40C,off
04/17/2022 04:58:42,Chamber 2,28-041661e256ff,28.375,T247,40C,off
04/17/2022 04:59:02,Chamber 2,28-041661e256ff,28.375,T247,40C,off
04/17/2022 04:59:22,Chamber 2,28-041661e256ff,28.375,T247,40C,off
04/17/2022 04:59:42,Chamber 2,28-041661e256ff,28.375,T247,40C,off
04/17/2022 05:00:02,Chamber 2,28-041661e256ff,28.375,T247,40C,off
04/17/2022 05:00:22,Chamber 2,28-041661e256ff,28.375,T247,40C,off
04/17/2022 05:00:42,Chamber 2,28-041661e256ff,28.312,T247,40C,off
04/17/2022 05:01:02,Chamber 2,28-041661e256ff,28.375,T247,40C,off
04/17/2022 05:01:22,Chamber 2,28-041661e256ff,28.375,T247,40C,off
04/17/2022 05:01:42,Chamber 2,28-041661e256ff,28.312,T247,40C,off
04/17/2022 05:02:02,Chamber 2,28-041661e256ff,28.312,T247,40C,off
04/17/2022 05:02:22,Chamber 2,28-041661e256ff,28.375,T247,40C,off
04/17/2022 05:02:42,Chamber 2,28-041661e256ff,28.312,T247,40C,off
04/17/2022 05:03:02,Chamber 2,28-041661e256ff,28.375,T247,40C,off
04/17/2022 05:03:22,Chamber 2,28-041661e256ff,28.312,T247,40C,off
04/17/2022 05:03:42,Chamber 2,28-041661e256ff,28.312,T247,40C,off
04/17/2022 05:04:02,Chamber 2,28-041661e256ff,28.312,T247,40C,off
04/17/2022 05:04:22,Chamber 2,28-041661e256ff,28.312,T247,40C,off
04/17/2022 05:04:42,Chamber 2,28-041661e256ff,28.312,T247,40C,off
04/17/2022 05:05:02,Chamber 2,28-041661e256ff,28.312,T247,40C,off
04/17/2022 05:05:22,Chamber 2,28-041661e256ff,28.312,T247,40C,off
04/17/2022 05:05:42,Chamber 2,28-041661e256ff,28.312,T247,40C,off
04/17/2022 05:06:02,Chamber 2,28-041661e256ff,28.312,T247,40C,off
04/17/2022 05:06:25,Chamber 2,28-041661e256ff,28.312,T247,40C,off
04/17/2022 05:06:42,Chamber 2,28-041661e256ff,28.312,T247,40C,off
04/17/2022 05:07:02,Chamber 2,28-041661e256ff,28.312,T247,40C,off
04/17/2022 05:07:22,Chamber 2,28-041661e256ff,28.312,T247,40C,off
04/17/2022 05:07:42,Chamber 2,28-041661e256ff,28.312,T247,40C,off
04/17/2022 05:08:05,Chamber 2,28-041661e256ff,28.375,T247,40C,off
04/17/2022 05:08:22,Chamber 2,28-041661e256ff,28.312,T247,40C,off
04/17/2022 05:08:42,Chamber 2,28-041661e256ff,28.312,T247,40C,off
04/17/2022 05:09:02,Chamber 2,28-041661e256ff,28.312,T247,40C,off
04/17/2022 05:09:22,Chamber 2,28-041661e256ff,28.312,T247,40C,off
04/17/2022 05:09:43,Chamber 2,28-041661e256ff,28.312,T247,40C,off
04/17/2022 05:10:02,Chamber 2,28-041661e256ff,28.312,T247,40C,off
04/17/2022 05:10:22,Chamber 2,28-041661e256ff,28.312,T247,40C,off
04/17/2022 05:10:42,Chamber 2,28-041661e256ff,28.312,T247,40C,off
04/17/2022 05:11:02,Chamber 2,28-041661e256ff,28.312,T247,40C,off
04/17/2022 05:11:22,Chamber 2,28-041661e256ff,28.312,T247,40C,off
04/17/2022 05:11:42,Chamber 2,28-041661e256ff,28.312,T247,40C,off
04/17/2022 05:12:02,Chamber 2,28-041661e256ff,28.312,T247,40C,off
04/17/2022 05:12:22,Chamber 2,28-041661e256ff,28.312,T247,40C,off
04/17/2022 05:12:42,Chamber 2,28-041661e256ff,28.312,T247,40C,off
04/17/2022 05:13:02,Chamber 2,28-041661e256ff,28.312,T247,40C,off
04/17/2022 05:13:22,Chamber 2,28-041661e256ff,28.312,T247,40C,off
04/17/2022 05:13:42,Chamber 2,28-041661e256ff,28.312,T247,40C,off
04/17/2022 05:14:02,Chamber 2,28-041661e256ff,28.312,T247,40C,off
04/17/2022 05:14:23,Chamber 2,28-041661e256ff,28.312,T247,40C,off
04/17/2022 05:14:42,Chamber 2,28-041661e256ff,28.312,T247,40C,off
04/17/2022 05:15:03,Chamber 2,28-041661e256ff,28.312,T247,40C,off
04/17/2022 05:15:23,Chamber 2,28-041661e256ff,28.312,T247,40C,off
04/17/2022 05:15:42,Chamber 2,28-041661e256ff,28.312,T247,40C,off
04/17/2022 05:16:02,Chamber 2,28-041661e256ff,28.312,T247,40C,off
04/17/2022 05:16:23,Chamber 2,28-041661e256ff,28.312,T247,40C,off
04/17/2022 05:16:42,Chamber 2,28-041661e256ff,28.312,T247,40C,off
04/17/2022 05:17:02,Chamber 2,28-041661e256ff,28.312,T247,40C,off
04/17/2022 05:17:22,Chamber 2,28-041661e256ff,28.312,T247,40C,off
04/17/2022 05:17:42,Chamber 2,28-041661e256ff,28.312,T247,40C,off
04/17/2022 05:18:02,Chamber 2,28-041661e256ff,28.312,T247,40C,off
04/17/2022 05:18:22,Chamber 2,28-041661e256ff,28.312,T247,40C,off
04/17/2022 05:18:42,Chamber 2,28-041661e256ff,28.312,T247,40C,off
04/17/2022 05:19:02,Chamber 2,28-041661e256ff,28.312,T247,40C,off
04/17/2022 05:19:22,Chamber 2,28-041661e256ff,28.312,T247,40C,off
04/17/2022 05:19:42,Chamber 2,28-041661e256ff,28.312,T247,40C,off
04/17/2022 05:20:02,Chamber 2,28-041661e256ff,28.312,T247,40C,off
04/17/2022 05:20:22,Chamber 2,28-041661e256ff,28.312,T247,40C,off
04/17/2022 05:20:42,Chamber 2,28-041661e256ff,28.312,T247,40C,off
04/17/2022 05:21:02,Chamber 2,28-041661e256ff,28.312,T247,40C,off
04/17/2022 05:21:22,Chamber 2,28-041661e256ff,28.312,T247,40C,off
04/17/2022 05:21:42,Chamber 2,28-041661e256ff,28.312,T247,40C,off
04/17/2022 05:22:02,Chamber 2,28-041661e256ff,28.25,T247,40C,off
04/17/2022 05:22:22,Chamber 2,28-041661e256ff,28.25,T247,40C,off
04/17/2022 05:22:42,Chamber 2,28-041661e256ff,28.25,T247,40C,off
04/17/2022 05:23:02,Chamber 2,28-041661e256ff,28.25,T247,40C,off
04/17/2022 05:23:22,Chamber 2,28-041661e256ff,28.25,T247,40C,off
04/17/2022 05:23:42,Chamber 2,28-041661e256ff,28.25,T247,40C,off
04/17/2022 05:24:02,Chamber 2,28-041661e256ff,28.312,T247,40C,off
04/17/2022 05:24:22,Chamber 2,28-041661e256ff,28.25,T247,40C,off
04/17/2022 05:24:42,Chamber 2,28-041661e256ff,28.25,T247,40C,off
04/17/2022 05:25:02,Chamber 2,28-041661e256ff,28.25,T247,40C,off
04/17/2022 05:25:22,Chamber 2,28-041661e256ff,28.25,T247,40C,off
04/17/2022 05:25:42,Chamber 2,28-041661e256ff,28.25,T247,40C,off
04/17/2022 05:26:02,Chamber 2,28-041661e256ff,28.25,T247,40C,off
04/17/2022 05:26:22,Chamber 2,28-041661e256ff,28.25,T247,40C,off
04/17/2022 05:26:42,Chamber 2,28-041661e256ff,28.25,T247,40C,off
04/17/2022 05:27:02,Chamber 2,28-041661e256ff,28.25,T247,40C,off
04/17/2022 05:27:22,Chamber 2,28-041661e256ff,28.25,T247,40C,off
04/17/2022 05:27:42,Chamber 2,28-041661e256ff,28.25,T247,40C,off
04/17/2022 05:28:02,Chamber 2,28-041661e256ff,28.25,T247,40C,off
04/17/2022 05:28:22,Chamber 2,28-041661e256ff,28.25,T247,40C,off
04/17/2022 05:28:42,Chamber 2,28-041661e256ff,28.25,T247,40C,off
04/17/2022 05:29:02,Chamber 2,28-041661e256ff,28.25,T247,40C,off
04/17/2022 05:29:22,Chamber 2,28-041661e256ff,28.25,T247,40C,off
04/17/2022 05:29:42,Chamber 2,28-041661e256ff,28.25,T247,40C,off
04/17/2022 05:30:02,Chamber 2,28-041661e256ff,28.25,T247,40C,off
04/17/2022 05:30:22,Chamber 2,28-041661e256ff,28.25,T247,40C,off
04/17/2022 05:30:42,Chamber 2,28-041661e256ff,28.25,T247,40C,off
04/17/2022 05:31:02,Chamber 2,28-041661e256ff,28.25,T247,40C,off
04/17/2022 05:31:22,Chamber 2,28-041661e256ff,28.25,T247,40C,off
04/17/2022 05:31:42,Chamber 2,28-041661e256ff,28.25,T247,40C,off
04/17/2022 05:32:02,Chamber 2,28-041661e256ff,28.25,T247,40C,off
04/17/2022 05:32:22,Chamber 2,28-041661e256ff,28.25,T247,40C,off
04/17/2022 05:32:42,Chamber 2,28-041661e256ff,28.25,T247,40C,off
04/17/2022 05:33:02,Chamber 2,28-041661e256ff,28.25,T247,40C,off
04/17/2022 05:33:22,Chamber 2,28-041661e256ff,28.25,T247,40C,off
04/17/2022 05:33:42,Chamber 2,28-041661e256ff,28.25,T247,40C,off
04/17/2022 05:34:02,Chamber 2,28-041661e256ff,28.25,T247,40C,off
04/17/2022 05:34:22,Chamber 2,28-041661e256ff,28.25,T247,40C,off
04/17/2022 05:34:42,Chamber 2,28-041661e256ff,28.25,T247,40C,off
04/17/2022 05:35:02,Chamber 2,28-041661e256ff,28.25,T247,40C,off
04/17/2022 05:35:22,Chamber 2,28-041661e256ff,28.25,T247,40C,off
04/17/2022 05:35:42,Chamber 2,28-041661e256ff,28.25,T247,40C,off
04/17/2022 05:36:02,Chamber 2,28-041661e256ff,28.25,T247,40C,off
04/17/2022 05:36:22,Chamber 2,28-041661e256ff,28.25,T247,40C,off
04/17/2022 05:36:42,Chamber 2,28-041661e256ff,28.25,T247,40C,off
04/17/2022 05:37:02,Chamber 2,28-041661e256ff,28.25,T247,40C,off
04/17/2022 05:37:22,Chamber 2,28-041661e256ff,28.25,T247,40C,off
04/17/2022 05:37:42,Chamber 2,28-041661e256ff,28.25,T247,40C,off
04/17/2022 05:38:02,Chamber 2,28-041661e256ff,28.25,T247,40C,off
04/17/2022 05:38:22,Chamber 2,28-041661e256ff,28.25,T247,40C,off
04/17/2022 05:38:42,Chamber 2,28-041661e256ff,28.25,T247,40C,off
04/17/2022 05:39:02,Chamber 2,28-041661e256ff,28.25,T247,40C,off
04/17/2022 05:39:22,Chamber 2,28-041661e256ff,28.25,T247,40C,off
04/17/2022 05:39:42,Chamber 2,28-041661e256ff,28.187,T247,40C,off
04/17/2022 05:40:02,Chamber 2,28-041661e256ff,28.25,T247,40C,off
04/17/2022 05:40:22,Chamber 2,28-041661e256ff,28.187,T247,40C,off
04/17/2022 05:40:42,Chamber 2,28-041661e256ff,28.187,T247,40C,off
04/17/2022 05:41:02,Chamber 2,28-041661e256ff,28.187,T247,40C,off
04/17/2022 05:41:22,Chamber 2,28-041661e256ff,28.187,T247,40C,off
04/17/2022 05:41:42,Chamber 2,28-041661e256ff,28.187,T247,40C,off
04/17/2022 05:42:02,Chamber 2,28-041661e256ff,28.187,T247,40C,off
04/17/2022 05:42:22,Chamber 2,28-041661e256ff,28.187,T247,40C,off
04/17/2022 05:42:42,Chamber 2,28-041661e256ff,28.187,T247,40C,off
04/17/2022 05:43:02,Chamber 2,28-041661e256ff,28.187,T247,40C,off
04/17/2022 05:43:22,Chamber 2,28-041661e256ff,28.187,T247,40C,off
04/17/2022 05:43:42,Chamber 2,28-041661e256ff,28.187,T247,40C,off
04/17/2022 05:44:02,Chamber 2,28-041661e256ff,28.187,T247,40C,off
04/17/2022 05:44:22,Chamber 2,28-041661e256ff,28.187,T247,40C,off
04/17/2022 05:44:42,Chamber 2,28-041661e256ff,28.187,T247,40C,off
04/17/2022 05:45:02,Chamber 2,28-041661e256ff,28.187,T247,40C,off
04/17/2022 05:45:22,Chamber 2,28-041661e256ff,28.187,T247,40C,off
04/17/2022 05:45:42,Chamber 2,28-041661e256ff,28.187,T247,40C,off
04/17/2022 05:46:02,Chamber 2,28-041661e256ff,28.187,T247,40C,off
04/17/2022 05:46:22,Chamber 2,28-041661e256ff,28.187,T247,40C,off
04/17/2022 05:46:43,Chamber 2,28-041661e256ff,28.187,T247,40C,off
04/17/2022 05:47:02,Chamber 2,28-041661e256ff,28.187,T247,40C,off
04/17/2022 05:47:22,Chamber 2,28-041661e256ff,28.187,T247,40C,off
04/17/2022 05:47:42,Chamber 2,28-041661e256ff,28.187,T247,40C,off
04/17/2022 05:48:02,Chamber 2,28-041661e256ff,28.187,T247,40C,off
04/17/2022 05:48:22,Chamber 2,28-041661e256ff,28.187,T247,40C,off
04/17/2022 05:48:43,Chamber 2,28-041661e256ff,28.187,T247,40C,off
04/17/2022 05:49:02,Chamber 2,28-041661e256ff,28.187,T247,40C,off
04/17/2022 05:49:22,Chamber 2,28-041661e256ff,28.187,T247,40C,off
04/17/2022 05:49:42,Chamber 2,28-041661e256ff,28.187,T247,40C,off
04/17/2022 05:50:02,Chamber 2,28-041661e256ff,28.187,T247,40C,off
04/17/2022 05:50:22,Chamber 2,28-041661e256ff,28.187,T247,40C,off
04/17/2022 05:50:42,Chamber 2,28-041661e256ff,28.187,T247,40C,off
04/17/2022 05:51:04,Chamber 2,28-041661e256ff,28.187,T247,40C,off
04/17/2022 05:51:22,Chamber 2,28-041661e256ff,28.187,T247,40C,off
04/17/2022 05:51:42,Chamber 2,28-041661e256ff,28.187,T247,40C,off
04/17/2022 05:52:02,Chamber 2,28-041661e256ff,28.187,T247,40C,off
04/17/2022 05:52:24,Chamber 2,28-041661e256ff,28.187,T247,40C,off
04/17/2022 05:52:42,Chamber 2,28-041661e256ff,28.187,T247,40C,off
04/17/2022 05:53:03,Chamber 2,28-041661e256ff,28.187,T247,40C,off
04/17/2022 05:53:22,Chamber 2,28-041661e256ff,28.187,T247,40C,off
04/17/2022 05:53:42,Chamber 2,28-041661e256ff,28.187,T247,40C,off
04/17/2022 05:54:02,Chamber 2,28-041661e256ff,28.187,T247,40C,off
04/17/2022 05:54:22,Chamber 2,28-041661e256ff,28.187,T247,40C,off
04/17/2022 05:54:42,Chamber 2,28-041661e256ff,28.187,T247,40C,off
04/17/2022 05:55:02,Chamber 2,28-041661e256ff,28.187,T247,40C,off
04/17/2022 05:55:22,Chamber 2,28-041661e256ff,28.187,T247,40C,off
04/17/2022 05:55:42,Chamber 2,28-041661e256ff,28.187,T247,40C,off
04/17/2022 05:56:02,Chamber 2,28-041661e256ff,28.187,T247,40C,off
04/17/2022 05:56:22,Chamber 2,28-041661e256ff,28.187,T247,40C,off
04/17/2022 05:56:42,Chamber 2,28-041661e256ff,28.187,T247,40C,off
04/17/2022 05:57:02,Chamber 2,28-041661e256ff,28.187,T247,40C,off
04/17/2022 05:57:22,Chamber 2,28-041661e256ff,28.187,T247,40C,off
04/17/2022 05:57:42,Chamber 2,28-041661e256ff,28.187,T247,40C,off
04/17/2022 05:58:02,Chamber 2,28-041661e256ff,28.187,T247,40C,off
04/17/2022 05:58:22,Chamber 2,28-041661e256ff,28.187,T247,40C,off
04/17/2022 05:58:42,Chamber 2,28-041661e256ff,28.187,T247,40C,off
04/17/2022 05:59:02,Chamber 2,28-041661e256ff,28.187,T247,40C,off
04/17/2022 05:59:22,Chamber 2,28-041661e256ff,28.125,T247,40C,off
04/17/2022 05:59:42,Chamber 2,28-041661e256ff,28.187,T247,40C,off
04/17/2022 06:00:04,Chamber 2,28-041661e256ff,28.187,T247,40C,off
04/17/2022 06:00:23,Chamber 2,28-041661e256ff,28.187,T247,40C,off
04/17/2022 06:00:43,Chamber 2,28-041661e256ff,28.187,T247,40C,off
04/17/2022 06:01:03,Chamber 2,28-041661e256ff,28.125,T247,40C,off
04/17/2022 06:01:23,Chamber 2,28-041661e256ff,28.125,T247,40C,off
04/17/2022 06:01:43,Chamber 2,28-041661e256ff,28.125,T247,40C,off
04/17/2022 06:02:03,Chamber 2,28-041661e256ff,28.125,T247,40C,off
04/17/2022 06:02:23,Chamber 2,28-041661e256ff,28.125,T247,40C,off
04/17/2022 06:02:43,Chamber 2,28-041661e256ff,28.125,T247,40C,off
04/17/2022 06:03:03,Chamber 2,28-041661e256ff,28.125,T247,40C,off
04/17/2022 06:03:23,Chamber 2,28-041661e256ff,28.125,T247,40C,off
04/17/2022 06:03:43,Chamber 2,28-041661e256ff,28.125,T247,40C,off
04/17/2022 06:04:03,Chamber 2,28-041661e256ff,28.125,T247,40C,off
04/17/2022 06:04:23,Chamber 2,28-041661e256ff,28.125,T247,40C,off
04/17/2022 06:04:43,Chamber 2,28-041661e256ff,28.125,T247,40C,off
04/17/2022 06:05:03,Chamber 2,28-041661e256ff,28.125,T247,40C,off
04/17/2022 06:05:23,Chamber 2,28-041661e256ff,28.125,T247,40C,off
04/17/2022 06:05:43,Chamber 2,28-041661e256ff,28.125,T247,40C,off
04/17/2022 06:06:03,Chamber 2,28-041661e256ff,28.125,T247,40C,off
04/17/2022 06:06:23,Chamber 2,28-041661e256ff,28.125,T247,40C,off
04/17/2022 06:06:43,Chamber 2,28-041661e256ff,28.125,T247,40C,off
04/17/2022 06:07:03,Chamber 2,28-041661e256ff,28.125,T247,40C,off
04/17/2022 06:07:23,Chamber 2,28-041661e256ff,28.125,T247,40C,off
04/17/2022 06:07:43,Chamber 2,28-041661e256ff,28.125,T247,40C,off
04/17/2022 06:08:03,Chamber 2,28-041661e256ff,28.125,T247,40C,off
04/17/2022 06:08:23,Chamber 2,28-041661e256ff,28.125,T247,40C,off
04/17/2022 06:08:43,Chamber 2,28-041661e256ff,28.125,T247,40C,off
04/17/2022 06:09:03,Chamber 2,28-041661e256ff,28.125,T247,40C,off
04/17/2022 06:09:23,Chamber 2,28-041661e256ff,28.125,T247,40C,off
04/17/2022 06:09:43,Chamber 2,28-041661e256ff,28.125,T247,40C,off
04/17/2022 06:10:03,Chamber 2,28-041661e256ff,28.125,T247,40C,off
04/17/2022 06:10:23,Chamber 2,28-041661e256ff,28.125,T247,40C,off
04/17/2022 06:10:43,Chamber 2,28-041661e256ff,28.125,T247,40C,off
04/17/2022 06:11:03,Chamber 2,28-041661e256ff,28.125,T247,40C,off
04/17/2022 06:11:23,Chamber 2,28-041661e256ff,28.125,T247,40C,off
04/17/2022 06:11:43,Chamber 2,28-041661e256ff,28.125,T247,40C,off
04/17/2022 06:12:03,Chamber 2,28-041661e256ff,28.125,T247,40C,off
04/17/2022 06:12:23,Chamber 2,28-041661e256ff,28.125,T247,40C,off
04/17/2022 06:12:43,Chamber 2,28-041661e256ff,28.125,T247,40C,off
04/17/2022 06:13:03,Chamber 2,28-041661e256ff,28.125,T247,40C,off
04/17/2022 06:13:23,Chamber 2,28-041661e256ff,28.125,T247,40C,off
04/17/2022 06:13:43,Chamber 2,28-041661e256ff,28.125,T247,40C,off
04/17/2022 06:14:03,Chamber 2,28-041661e256ff,28.125,T247,40C,off
04/17/2022 06:14:23,Chamber 2,28-041661e256ff,28.125,T247,40C,off
04/17/2022 06:14:43,Chamber 2,28-041661e256ff,28.125,T247,40C,off
04/17/2022 06:15:03,Chamber 2,28-041661e256ff,28.125,T247,40C,off
04/17/2022 06:15:23,Chamber 2,28-041661e256ff,28.125,T247,40C,off
04/17/2022 06:15:43,Chamber 2,28-041661e256ff,28.125,T247,40C,off
04/17/2022 06:16:03,Chamber 2,28-041661e256ff,28.125,T247,40C,off
04/17/2022 06:16:23,Chamber 2,28-041661e256ff,28.125,T247,40C,off
04/17/2022 06:16:43,Chamber 2,28-041661e256ff,28.125,T247,40C,off
04/17/2022 06:17:03,Chamber 2,28-041661e256ff,28.125,T247,40C,off
04/17/2022 06:17:23,Chamber 2,28-041661e256ff,28.125,T247,40C,off
04/17/2022 06:17:43,Chamber 2,28-041661e256ff,28.125,T247,40C,off
04/17/2022 06:18:03,Chamber 2,28-041661e256ff,28.125,T247,40C,off
04/17/2022 06:18:23,Chamber 2,28-041661e256ff,28.125,T247,40C,off
04/17/2022 06:18:43,Chamber 2,28-041661e256ff,28.062,T247,40C,off
04/17/2022 06:19:03,Chamber 2,28-041661e256ff,28.125,T247,40C,off
04/17/2022 06:19:23,Chamber 2,28-041661e256ff,28.125,T247,40C,off
04/17/2022 06:19:43,Chamber 2,28-041661e256ff,28.125,T247,40C,off
04/17/2022 06:20:03,Chamber 2,28-041661e256ff,28.125,T247,40C,off
04/17/2022 06:20:23,Chamber 2,28-041661e256ff,28.125,T247,40C,off
04/17/2022 06:20:43,Chamber 2,28-041661e256ff,28.062,T247,40C,off
04/17/2022 06:21:03,Chamber 2,28-041661e256ff,28.125,T247,40C,off
04/17/2022 06:21:23,Chamber 2,28-041661e256ff,28.062,T247,40C,off
04/17/2022 06:21:43,Chamber 2,28-041661e256ff,28.062,T247,40C,off
04/17/2022 06:22:03,Chamber 2,28-041661e256ff,28.062,T247,40C,off
04/17/2022 06:22:23,Chamber 2,28-041661e256ff,28.062,T247,40C,off
04/17/2022 06:22:43,Chamber 2,28-041661e256ff,28.062,T247,40C,off
04/17/2022 06:23:03,Chamber 2,28-041661e256ff,28.062,T247,40C,off
04/17/2022 06:23:23,Chamber 2,28-041661e256ff,28.062,T247,40C,off
04/17/2022 06:23:43,Chamber 2,28-041661e256ff,28.062,T247,40C,off
04/17/2022 06:24:03,Chamber 2,28-041661e256ff,28.062,T247,40C,off
04/17/2022 06:24:23,Chamber 2,28-041661e256ff,28.062,T247,40C,off
04/17/2022 06:24:43,Chamber 2,28-041661e256ff,28.062,T247,40C,off
04/17/2022 06:25:03,Chamber 2,28-041661e256ff,28.062,T247,40C,off
04/17/2022 06:25:23,Chamber 2,28-041661e256ff,28.062,T247,40C,off
04/17/2022 06:25:43,Chamber 2,28-041661e256ff,28.062,T247,40C,off
04/17/2022 06:26:03,Chamber 2,28-041661e256ff,28.062,T247,40C,off
04/17/2022 06:26:23,Chamber 2,28-041661e256ff,28.062,T247,40C,off
04/17/2022 06:26:43,Chamber 2,28-041661e256ff,28.062,T247,40C,off
04/17/2022 06:27:03,Chamber 2,28-041661e256ff,28.062,T247,40C,off
04/17/2022 06:27:23,Chamber 2,28-041661e256ff,28.062,T247,40C,off
04/17/2022 06:27:43,Chamber 2,28-041661e256ff,28.062,T247,40C,off
04/17/2022 06:28:03,Chamber 2,28-041661e256ff,28.062,T247,40C,off
04/17/2022 06:28:23,Chamber 2,28-041661e256ff,28.062,T247,40C,off
04/17/2022 06:28:43,Chamber 2,28-041661e256ff,28.062,T247,40C,off
04/17/2022 06:29:03,Chamber 2,28-041661e256ff,28.062,T247,40C,off
04/17/2022 06:29:23,Chamber 2,28-041661e256ff,28.062,T247,40C,off
04/17/2022 06:29:43,Chamber 2,28-041661e256ff,28.062,T247,40C,off
04/17/2022 06:30:03,Chamber 2,28-041661e256ff,28.062,T247,40C,off
04/17/2022 06:30:23,Chamber 2,28-041661e256ff,28.062,T247,40C,off
04/17/2022 06:30:43,Chamber 2,28-041661e256ff,28.062,T247,40C,off
04/17/2022 06:31:03,Chamber 2,28-041661e256ff,28.062,T247,40C,off
04/17/2022 06:31:23,Chamber 2,28-041661e256ff,28.062,T247,40C,off
04/17/2022 06:31:43,Chamber 2,28-041661e256ff,28.062,T247,40C,off
04/17/2022 06:32:03,Chamber 2,28-041661e256ff,28.062,T247,40C,off
04/17/2022 06:32:23,Chamber 2,28-041661e256ff,28.062,T247,40C,off
04/17/2022 06:32:43,Chamber 2,28-041661e256ff,28.062,T247,40C,off
04/17/2022 06:33:03,Chamber 2,28-041661e256ff,28.062,T247,40C,off
04/17/2022 06:33:23,Chamber 2,28-041661e256ff,28.062,T247,40C,off
04/17/2022 06:33:43,Chamber 2,28-041661e256ff,28.062,T247,40C,off
04/17/2022 06:34:03,Chamber 2,28-041661e256ff,28.062,T247,40C,off
04/17/2022 06:34:23,Chamber 2,28-041661e256ff,28.062,T247,40C,off
04/17/2022 06:34:43,Chamber 2,28-041661e256ff,28.062,T247,40C,off
04/17/2022 06:35:03,Chamber 2,28-041661e256ff,28.062,T247,40C,off
04/17/2022 06:35:24,Chamber 2,28-041661e256ff,28.062,T247,40C,off
04/17/2022 06:35:43,Chamber 2,28-041661e256ff,28.062,T247,40C,off
04/17/2022 06:36:03,Chamber 2,28-041661e256ff,28.062,T247,40C,off
04/17/2022 06:36:23,Chamber 2,28-041661e256ff,28.062,T247,40C,off
04/17/2022 06:36:43,Chamber 2,28-041661e256ff,28.062,T247,40C,off
04/17/2022 06:37:03,Chamber 2,28-041661e256ff,28.062,T247,40C,off
04/17/2022 06:37:23,Chamber 2,28-041661e256ff,28.062,T247,40C,off
04/17/2022 06:37:43,Chamber 2,28-041661e256ff,28.062,T247,40C,off
04/17/2022 06:38:03,Chamber 2,28-041661e256ff,28.062,T247,40C,off
04/17/2022 06:38:23,Chamber 2,28-041661e256ff,28.062,T247,40C,off
04/17/2022 06:38:43,Chamber 2,28-041661e256ff,28.062,T247,40C,off
04/17/2022 06:39:03,Chamber 2,28-041661e256ff,28.062,T247,40C,off
04/17/2022 06:39:23,Chamber 2,28-041661e256ff,28.062,T247,40C,off
04/17/2022 06:39:43,Chamber 2,28-041661e256ff,28.062,T247,40C,off
04/17/2022 06:40:03,Chamber 2,28-041661e256ff,28.062,T247,40C,off
04/17/2022 06:40:23,Chamber 2,28-041661e256ff,28.062,T247,40C,off
04/17/2022 06:40:43,Chamber 2,28-041661e256ff,28.062,T247,40C,off
04/17/2022 06:41:03,Chamber 2,28-041661e256ff,28.062,T247,40C,off
04/17/2022 06:41:23,Chamber 2,28-041661e256ff,28.062,T247,40C,off
04/17/2022 06:41:43,Chamber 2,28-041661e256ff,28.062,T247,40C,off
04/17/2022 06:42:03,Chamber 2,28-041661e256ff,28.125,T247,40C,off
04/17/2022 06:42:23,Chamber 2,28-041661e256ff,28.062,T247,40C,off
04/17/2022 06:42:43,Chamber 2,28-041661e256ff,28.062,T247,40C,off
04/17/2022 06:43:03,Chamber 2,28-041661e256ff,28.125,T247,40C,off
04/17/2022 06:43:23,Chamber 2,28-041661e256ff,28.125,T247,40C,off
04/17/2022 06:43:43,Chamber 2,28-041661e256ff,28.125,T247,40C,off
04/17/2022 06:44:03,Chamber 2,28-041661e256ff,28.125,T247,40C,off
04/17/2022 06:44:23,Chamber 2,28-041661e256ff,28.125,T247,40C,off
04/17/2022 06:44:43,Chamber 2,28-041661e256ff,28.125,T247,40C,off
04/17/2022 06:45:03,Chamber 2,28-041661e256ff,28.125,T247,40C,off
04/17/2022 06:45:23,Chamber 2,28-041661e256ff,28.125,T247,40C,off
04/17/2022 06:45:43,Chamber 2,28-041661e256ff,28.125,T247,40C,off
04/17/2022 06:46:03,Chamber 2,28-041661e256ff,28.125,T247,40C,off
04/17/2022 06:46:23,Chamber 2,28-041661e256ff,28.125,T247,40C,off
04/17/2022 06:46:43,Chamber 2,28-041661e256ff,28.125,T247,40C,off
04/17/2022 06:47:03,Chamber 2,28-041661e256ff,28.125,T247,40C,off
04/17/2022 06:47:23,Chamber 2,28-041661e256ff,28.125,T247,40C,off
04/17/2022 06:47:43,Chamber 2,28-041661e256ff,28.125,T247,40C,off
04/17/2022 06:48:03,Chamber 2,28-041661e256ff,28.125,T247,40C,off
04/17/2022 06:48:23,Chamber 2,28-041661e256ff,28.125,T247,40C,off
04/17/2022 06:48:43,Chamber 2,28-041661e256ff,28.125,T247,40C,off
04/17/2022 06:49:03,Chamber 2,28-041661e256ff,28.125,T247,40C,off
04/17/2022 06:49:23,Chamber 2,28-041661e256ff,28.125,T247,40C,off
04/17/2022 06:49:43,Chamber 2,28-041661e256ff,28.125,T247,40C,off
04/17/2022 06:50:03,Chamber 2,28-041661e256ff,28.125,T247,40C,off
04/17/2022 06:50:23,Chamber 2,28-041661e256ff,28.125,T247,40C,off
04/17/2022 06:50:43,Chamber 2,28-041661e256ff,28.125,T247,40C,off
04/17/2022 06:51:03,Chamber 2,28-041661e256ff,28.125,T247,40C,off
04/17/2022 06:51:23,Chamber 2,28-041661e256ff,28.125,T247,40C,off
04/17/2022 06:51:43,Chamber 2,28-041661e256ff,28.125,T247,40C,off
04/17/2022 06:52:03,Chamber 2,28-041661e256ff,28.125,T247,40C,off
04/17/2022 06:52:23,Chamber 2,28-041661e256ff,28.125,T247,40C,off
04/17/2022 06:52:43,Chamber 2,28-041661e256ff,28.125,T247,40C,off
04/17/2022 06:53:03,Chamber 2,28-041661e256ff,28.125,T247,40C,off
04/17/2022 06:53:23,Chamber 2,28-041661e256ff,28.125,T247,40C,off
04/17/2022 06:53:43,Chamber 2,28-041661e256ff,28.125,T247,40C,off
04/17/2022 06:54:03,Chamber 2,28-041661e256ff,28.125,T247,40C,off
04/17/2022 06:54:23,Chamber 2,28-041661e256ff,28.125,T247,40C,off
04/17/2022 06:54:43,Chamber 2,28-041661e256ff,28.125,T247,40C,off
04/17/2022 06:55:03,Chamber 2,28-041661e256ff,28.125,T247,40C,off
04/17/2022 06:55:23,Chamber 2,28-041661e256ff,28.125,T247,40C,off
04/17/2022 06:55:43,Chamber 2,28-041661e256ff,28.125,T247,40C,off
04/17/2022 06:56:03,Chamber 2,28-041661e256ff,28.125,T247,40C,off
04/17/2022 06:56:23,Chamber 2,28-041661e256ff,28.125,T247,40C,off
04/17/2022 06:56:43,Chamber 2,28-041661e256ff,28.125,T247,40C,off
04/17/2022 06:57:03,Chamber 2,28-041661e256ff,28.125,T247,40C,off
04/17/2022 06:57:23,Chamber 2,28-041661e256ff,28.125,T247,40C,off
04/17/2022 06:57:43,Chamber 2,28-041661e256ff,28.125,T247,40C,off
04/17/2022 06:58:03,Chamber 2,28-041661e256ff,28.125,T247,40C,off
04/17/2022 06:58:23,Chamber 2,28-041661e256ff,28.125,T247,40C,off
04/17/2022 06:58:43,Chamber 2,28-041661e256ff,28.125,T247,40C,off
04/17/2022 06:59:03,Chamber 2,28-041661e256ff,28.125,T247,40C,off
04/17/2022 06:59:23,Chamber 2,28-041661e256ff,28.125,T247,40C,off
04/17/2022 06:59:43,Chamber 2,28-041661e256ff,28.125,T247,40C,off
04/17/2022 07:00:03,Chamber 2,28-041661e256ff,28.125,T247,40C,off
04/17/2022 07:00:23,Chamber 2,28-041661e256ff,28.125,T247,40C,off
04/17/2022 07:00:43,Chamber 2,28-041661e256ff,28.125,T247,40C,off
04/17/2022 07:01:03,Chamber 2,28-041661e256ff,28.187,T247,40C,off
04/17/2022 07:01:23,Chamber 2,28-041661e256ff,28.187,T247,40C,off
04/17/2022 07:01:43,Chamber 2,28-041661e256ff,28.187,T247,40C,off
04/17/2022 07:02:03,Chamber 2,28-041661e256ff,28.187,T247,40C,off
04/17/2022 07:02:23,Chamber 2,28-041661e256ff,28.125,T247,40C,off
04/17/2022 07:02:43,Chamber 2,28-041661e256ff,28.187,T247,40C,off
04/17/2022 07:03:03,Chamber 2,28-041661e256ff,28.187,T247,40C,off
04/17/2022 07:03:23,Chamber 2,28-041661e256ff,28.187,T247,40C,off
04/17/2022 07:03:43,Chamber 2,28-041661e256ff,28.187,T247,40C,off
04/17/2022 07:04:03,Chamber 2,28-041661e256ff,28.187,T247,40C,off
04/17/2022 07:04:23,Chamber 2,28-041661e256ff,28.187,T247,40C,off
04/17/2022 07:04:43,Chamber 2,28-041661e256ff,28.187,T247,40C,off
04/17/2022 07:05:03,Chamber 2,28-041661e256ff,28.187,T247,40C,off
04/17/2022 07:05:23,Chamber 2,28-041661e256ff,28.187,T247,40C,off
04/17/2022 07:05:43,Chamber 2,28-041661e256ff,28.187,T247,40C,off
04/17/2022 07:06:03,Chamber 2,28-041661e256ff,28.187,T247,40C,off
04/17/2022 07:06:23,Chamber 2,28-041661e256ff,28.187,T247,40C,off
04/17/2022 07:06:43,Chamber 2,28-041661e256ff,28.187,T247,40C,off
04/17/2022 07:07:03,Chamber 2,28-041661e256ff,28.187,T247,40C,off
04/17/2022 07:07:23,Chamber 2,28-041661e256ff,28.187,T247,40C,off
04/17/2022 07:07:44,Chamber 2,28-041661e256ff,28.187,T247,40C,off
04/17/2022 07:08:03,Chamber 2,28-041661e256ff,28.187,T247,40C,off
04/17/2022 07:08:23,Chamber 2,28-041661e256ff,28.187,T247,40C,off
04/17/2022 07:08:43,Chamber 2,28-041661e256ff,28.187,T247,40C,off
04/17/2022 07:09:04,Chamber 2,28-041661e256ff,28.187,T247,40C,off
04/17/2022 07:09:23,Chamber 2,28-041661e256ff,28.187,T247,40C,off
04/17/2022 07:09:43,Chamber 2,28-041661e256ff,28.187,T247,40C,off
04/17/2022 07:10:03,Chamber 2,28-041661e256ff,28.187,T247,40C,off
04/17/2022 07:10:23,Chamber 2,28-041661e256ff,28.187,T247,40C,off
04/17/2022 07:10:43,Chamber 2,28-041661e256ff,28.187,T247,40C,off
04/17/2022 07:11:03,Chamber 2,28-041661e256ff,28.187,T247,40C,off
04/17/2022 07:11:23,Chamber 2,28-041661e256ff,28.187,T247,40C,off
04/17/2022 07:11:43,Chamber 2,28-041661e256ff,28.187,T247,40C,off
04/17/2022 07:12:03,Chamber 2,28-041661e256ff,28.187,T247,40C,off
04/17/2022 07:12:23,Chamber 2,28-041661e256ff,28.187,T247,40C,off
04/17/2022 07:12:43,Chamber 2,28-041661e256ff,28.187,T247,40C,off
04/17/2022 07:13:03,Chamber 2,28-041661e256ff,28.187,T247,40C,off
04/17/2022 07:13:23,Chamber 2,28-041661e256ff,28.187,T247,40C,off
04/17/2022 07:13:43,Chamber 2,28-041661e256ff,28.187,T247,40C,off
04/17/2022 07:14:03,Chamber 2,28-041661e256ff,28.187,T247,40C,off
04/17/2022 07:14:23,Chamber 2,28-041661e256ff,28.187,T247,40C,off
04/17/2022 07:14:43,Chamber 2,28-041661e256ff,28.187,T247,40C,off
04/17/2022 07:15:03,Chamber 2,28-041661e256ff,28.187,T247,40C,off
04/17/2022 07:15:23,Chamber 2,28-041661e256ff,28.187,T247,40C,off
04/17/2022 07:15:43,Chamber 2,28-041661e256ff,28.187,T247,40C,off
04/17/2022 07:16:03,Chamber 2,28-041661e256ff,28.187,T247,40C,off
04/17/2022 07:16:23,Chamber 2,28-041661e256ff,28.187,T247,40C,off
04/17/2022 07:16:43,Chamber 2,28-041661e256ff,28.187,T247,40C,off
04/17/2022 07:17:03,Chamber 2,28-041661e256ff,28.187,T247,40C,off
04/17/2022 07:17:23,Chamber 2,28-041661e256ff,28.187,T247,40C,off
04/17/2022 07:17:43,Chamber 2,28-041661e256ff,28.187,T247,40C,off
04/17/2022 07:18:03,Chamber 2,28-041661e256ff,28.187,T247,40C,off
04/17/2022 07:18:23,Chamber 2,28-041661e256ff,28.187,T247,40C,off
04/17/2022 07:18:43,Chamber 2,28-041661e256ff,28.187,T247,40C,off
04/17/2022 07:19:03,Chamber 2,28-041661e256ff,28.187,T247,40C,off
04/17/2022 07:19:23,Chamber 2,28-041661e256ff,28.187,T247,40C,off
04/17/2022 07:19:43,Chamber 2,28-041661e256ff,28.187,T247,40C,off
04/17/2022 07:20:03,Chamber 2,28-041661e256ff,28.187,T247,40C,off
04/17/2022 07:20:24,Chamber 2,28-041661e256ff,28.187,T247,40C,off
04/17/2022 07:20:43,Chamber 2,28-041661e256ff,28.187,T247,40C,off
04/17/2022 07:21:03,Chamber 2,28-041661e256ff,28.187,T247,40C,off
04/17/2022 07:21:24,Chamber 2,28-041661e256ff,28.25,T247,40C,off
04/17/2022 07:21:43,Chamber 2,28-041661e256ff,28.187,T247,40C,off
04/17/2022 07:22:03,Chamber 2,28-041661e256ff,28.187,T247,40C,off
04/17/2022 07:22:23,Chamber 2,28-041661e256ff,28.187,T247,40C,off
04/17/2022 07:22:44,Chamber 2,28-041661e256ff,28.25,T247,40C,off
04/17/2022 07:23:03,Chamber 2,28-041661e256ff,28.25,T247,40C,off
04/17/2022 07:23:23,Chamber 2,28-041661e256ff,28.187,T247,40C,off
04/17/2022 07:23:43,Chamber 2,28-041661e256ff,28.187,T247,40C,off
04/17/2022 07:24:03,Chamber 2,28-041661e256ff,28.187,T247,40C,off
04/17/2022 07:24:23,Chamber 2,28-041661e256ff,28.187,T247,40C,off
04/17/2022 07:24:43,Chamber 2,28-041661e256ff,28.187,T247,40C,off
04/17/2022 07:25:04,Chamber 2,28-041661e256ff,28.187,T247,40C,off
04/17/2022 07:25:23,Chamber 2,28-041661e256ff,28.187,T247,40C,off
04/17/2022 07:25:43,Chamber 2,28-041661e256ff,28.187,T247,40C,off
04/17/2022 07:26:03,Chamber 2,28-041661e256ff,28.187,T247,40C,off
04/17/2022 07:26:23,Chamber 2,28-041661e256ff,28.187,T247,40C,off
04/17/2022 07:26:44,Chamber 2,28-041661e256ff,28.25,T247,40C,off
04/17/2022 07:27:03,Chamber 2,28-041661e256ff,28.187,T247,40C,off
04/17/2022 07:27:25,Chamber 2,28-041661e256ff,28.25,T247,40C,off
04/17/2022 07:27:43,Chamber 2,28-041661e256ff,28.187,T247,40C,off
04/17/2022 07:28:03,Chamber 2,28-041661e256ff,28.187,T247,40C,off
04/17/2022 07:28:23,Chamber 2,28-041661e256ff,28.187,T247,40C,off
04/17/2022 07:28:43,Chamber 2,28-041661e256ff,28.187,T247,40C,off
04/17/2022 07:29:03,Chamber 2,28-041661e256ff,28.187,T247,40C,off
04/17/2022 07:29:23,Chamber 2,28-041661e256ff,28.187,T247,40C,off
04/17/2022 07:29:43,Chamber 2,28-041661e256ff,28.187,T247,40C,off
04/17/2022 07:30:03,Chamber 2,28-041661e256ff,28.187,T247,40C,off
04/17/2022 07:30:23,Chamber 2,28-041661e256ff,28.187,T247,40C,off
04/17/2022 07:30:43,Chamber 2,28-041661e256ff,28.187,T247,40C,off
04/17/2022 07:31:04,Chamber 2,28-041661e256ff,28.187,T247,40C,off
04/17/2022 07:31:23,Chamber 2,28-041661e256ff,28.187,T247,40C,off
04/17/2022 07:31:43,Chamber 2,28-041661e256ff,28.187,T247,40C,off
04/17/2022 07:32:03,Chamber 2,28-041661e256ff,28.25,T247,40C,off
04/17/2022 07:32:23,Chamber 2,28-041661e256ff,28.187,T247,40C,off
04/17/2022 07:32:43,Chamber 2,28-041661e256ff,28.25,T247,40C,off
04/17/2022 07:33:03,Chamber 2,28-041661e256ff,28.25,T247,40C,off
04/17/2022 07:33:23,Chamber 2,28-041661e256ff,28.187,T247,40C,off
04/17/2022 07:33:43,Chamber 2,28-041661e256ff,28.187,T247,40C,off
04/17/2022 07:34:03,Chamber 2,28-041661e256ff,28.187,T247,40C,off
04/17/2022 07:34:23,Chamber 2,28-041661e256ff,28.25,T247,40C,off
04/17/2022 07:34:43,Chamber 2,28-041661e256ff,28.187,T247,40C,off
04/17/2022 07:35:03,Chamber 2,28-041661e256ff,28.187,T247,40C,off
04/17/2022 07:35:23,Chamber 2,28-041661e256ff,28.25,T247,40C,off
04/17/2022 07:35:43,Chamber 2,28-041661e256ff,28.187,T247,40C,off
04/17/2022 07:36:03,Chamber 2,28-041661e256ff,28.187,T247,40C,off
04/17/2022 07:36:23,Chamber 2,28-041661e256ff,28.25,T247,40C,off
04/17/2022 07:36:43,Chamber 2,28-041661e256ff,28.187,T247,40C,off
04/17/2022 07:37:03,Chamber 2,28-041661e256ff,28.187,T247,40C,off
04/17/2022 07:37:23,Chamber 2,28-041661e256ff,28.187,T247,40C,off
04/17/2022 07:37:43,Chamber 2,28-041661e256ff,28.187,T247,40C,off
04/17/2022 07:38:03,Chamber 2,28-041661e256ff,28.187,T247,40C,off
04/17/2022 07:38:23,Chamber 2,28-041661e256ff,28.25,T247,40C,off
04/17/2022 07:38:43,Chamber 2,28-041661e256ff,28.25,T247,40C,off
04/17/2022 07:39:03,Chamber 2,28-041661e256ff,28.187,T247,40C,off
04/17/2022 07:39:23,Chamber 2,28-041661e256ff,28.187,T247,40C,off
04/17/2022 07:39:43,Chamber 2,28-041661e256ff,28.187,T247,40C,off
04/17/2022 07:40:03,Chamber 2,28-041661e256ff,28.187,T247,40C,off
04/17/2022 07:40:23,Chamber 2,28-041661e256ff,28.187,T247,40C,off
04/17/2022 07:40:43,Chamber 2,28-041661e256ff,28.187,T247,40C,off
04/17/2022 07:41:03,Chamber 2,28-041661e256ff,28.187,T247,40C,off
04/17/2022 07:41:23,Chamber 2,28-041661e256ff,28.187,T247,40C,off
04/17/2022 07:41:43,Chamber 2,28-041661e256ff,28.187,T247,40C,off
04/17/2022 07:42:03,Chamber 2,28-041661e256ff,28.187,T247,40C,off
04/17/2022 07:42:23,Chamber 2,28-041661e256ff,28.187,T247,40C,off
04/17/2022 07:42:43,Chamber 2,28-041661e256ff,28.187,T247,40C,off
04/17/2022 07:43:03,Chamber 2,28-041661e256ff,28.187,T247,40C,off
04/17/2022 07:43:23,Chamber 2,28-041661e256ff,28.187,T247,40C,off
04/17/2022 07:43:43,Chamber 2,28-041661e256ff,28.187,T247,40C,off
04/17/2022 07:44:03,Chamber 2,28-041661e256ff,28.187,T247,40C,off
04/17/2022 07:44:23,Chamber 2,28-041661e256ff,28.187,T247,40C,off
04/17/2022 07:44:43,Chamber 2,28-041661e256ff,28.187,T247,40C,off
04/17/2022 07:45:03,Chamber 2,28-041661e256ff,28.187,T247,40C,off
04/17/2022 07:45:23,Chamber 2,28-041661e256ff,28.187,T247,40C,off
04/17/2022 07:45:43,Chamber 2,28-041661e256ff,28.187,T247,40C,off
04/17/2022 07:46:03,Chamber 2,28-041661e256ff,28.187,T247,40C,off
04/17/2022 07:46:23,Chamber 2,28-041661e256ff,28.187,T247,40C,off
04/17/2022 07:46:43,Chamber 2,28-041661e256ff,28.187,T247,40C,off
04/17/2022 07:47:03,Chamber 2,28-041661e256ff,28.187,T247,40C,off
04/17/2022 07:47:23,Chamber 2,28-041661e256ff,28.187,T247,40C,off
04/17/2022 07:47:43,Chamber 2,28-041661e256ff,28.187,T247,40C,off
04/17/2022 07:48:03,Chamber 2,28-041661e256ff,28.187,T247,40C,off
04/17/2022 07:48:23,Chamber 2,28-041661e256ff,28.187,T247,40C,off
04/17/2022 07:48:43,Chamber 2,28-041661e256ff,28.187,T247,40C,off
04/17/2022 07:49:03,Chamber 2,28-041661e256ff,28.187,T247,40C,off
04/17/2022 07:49:23,Chamber 2,28-041661e256ff,28.187,T247,40C,off
04/17/2022 07:49:43,Chamber 2,28-041661e256ff,28.187,T247,40C,off
04/17/2022 07:50:03,Chamber 2,28-041661e256ff,28.187,T247,40C,off
04/17/2022 07:50:23,Chamber 2,28-041661e256ff,28.187,T247,40C,off
04/17/2022 07:50:43,Chamber 2,28-041661e256ff,28.187,T247,40C,off
04/17/2022 07:51:03,Chamber 2,28-041661e256ff,28.187,T247,40C,off
04/17/2022 07:51:23,Chamber 2,28-041661e256ff,28.187,T247,40C,off
04/17/2022 07:51:43,Chamber 2,28-041661e256ff,28.187,T247,40C,off
04/17/2022 07:52:03,Chamber 2,28-041661e256ff,28.187,T247,40C,off
04/17/2022 07:52:23,Chamber 2,28-041661e256ff,28.187,T247,40C,off
04/17/2022 07:52:43,Chamber 2,28-041661e256ff,28.187,T247,40C,off
04/17/2022 07:53:03,Chamber 2,28-041661e256ff,28.187,T247,40C,off
04/17/2022 07:53:23,Chamber 2,28-041661e256ff,28.187,T247,40C,off
04/17/2022 07:53:43,Chamber 2,28-041661e256ff,28.187,T247,40C,off
04/17/2022 07:54:03,Chamber 2,28-041661e256ff,28.187,T247,40C,off
04/17/2022 07:54:23,Chamber 2,28-041661e256ff,28.187,T247,40C,off
04/17/2022 07:54:43,Chamber 2,28-041661e256ff,28.187,T247,40C,off
04/17/2022 07:55:03,Chamber 2,28-041661e256ff,28.187,T247,40C,off
04/17/2022 07:55:23,Chamber 2,28-041661e256ff,28.187,T247,40C,off
04/17/2022 07:55:43,Chamber 2,28-041661e256ff,28.187,T247,40C,off
04/17/2022 07:56:03,Chamber 2,28-041661e256ff,28.187,T247,40C,off
04/17/2022 07:56:23,Chamber 2,28-041661e256ff,28.187,T247,40C,off
04/17/2022 07:56:46,Chamber 2,28-041661e256ff,28.187,T247,40C,off
04/17/2022 07:57:03,Chamber 2,28-041661e256ff,28.187,T247,40C,off
04/17/2022 07:57:23,Chamber 2,28-041661e256ff,28.187,T247,40C,off
04/17/2022 07:57:43,Chamber 2,28-041661e256ff,28.187,T247,40C,off
04/17/2022 07:58:03,Chamber 2,28-041661e256ff,28.187,T247,40C,off
04/17/2022 07:58:23,Chamber 2,28-041661e256ff,28.187,T247,40C,off
04/17/2022 07:58:44,Chamber 2,28-041661e256ff,28.187,T247,40C,off
04/17/2022 07:59:03,Chamber 2,28-041661e256ff,28.187,T247,40C,off
04/17/2022 07:59:23,Chamber 2,28-041661e256ff,28.187,T247,40C,off
04/17/2022 07:59:43,Chamber 2,28-041661e256ff,28.187,T247,40C,off
04/17/2022 08:00:03,Chamber 2,28-041661e256ff,28.187,T247,40C,off
04/17/2022 08:00:23,Chamber 2,28-041661e256ff,28.187,T247,40C,off
04/17/2022 08:00:44,Chamber 2,28-041661e256ff,28.187,T247,40C,off
04/17/2022 08:01:03,Chamber 2,28-041661e256ff,28.187,T247,40C,off
04/17/2022 08:01:24,Chamber 2,28-041661e256ff,28.187,T247,40C,off
04/17/2022 08:01:43,Chamber 2,28-041661e256ff,28.187,T247,40C,off
04/17/2022 08:02:03,Chamber 2,28-041661e256ff,28.187,T247,40C,off
04/17/2022 08:02:23,Chamber 2,28-041661e256ff,28.187,T247,40C,off
04/17/2022 08:02:43,Chamber 2,28-041661e256ff,28.187,T247,40C,off
04/17/2022 08:03:03,Chamber 2,28-041661e256ff,28.187,T247,40C,off
04/17/2022 08:03:23,Chamber 2,28-041661e256ff,28.187,T247,40C,off
04/17/2022 08:03:43,Chamber 2,28-041661e256ff,28.187,T247,40C,off
04/17/2022 08:04:03,Chamber 2,28-041661e256ff,28.187,T247,40C,off
04/17/2022 08:04:23,Chamber 2,28-041661e256ff,28.187,T247,40C,off
04/17/2022 08:04:43,Chamber 2,28-041661e256ff,28.187,T247,40C,off
04/17/2022 08:05:03,Chamber 2,28-041661e256ff,28.187,T247,40C,off
04/17/2022 08:05:23,Chamber 2,28-041661e256ff,28.187,T247,40C,off
04/17/2022 08:05:45,Chamber 2,28-041661e256ff,28.187,T247,40C,off
04/17/2022 08:06:03,Chamber 2,28-041661e256ff,28.187,T247,40C,off
04/17/2022 08:06:23,Chamber 2,28-041661e256ff,28.187,T247,40C,off
04/17/2022 08:06:43,Chamber 2,28-041661e256ff,28.187,T247,40C,off
04/17/2022 08:07:03,Chamber 2,28-041661e256ff,28.187,T247,40C,off
04/17/2022 08:07:24,Chamber 2,28-041661e256ff,28.187,T247,40C,off
04/17/2022 08:07:44,Chamber 2,28-041661e256ff,28.187,T247,40C,off
04/17/2022 08:08:03,Chamber 2,28-041661e256ff,28.187,T247,40C,off
04/17/2022 08:08:23,Chamber 2,28-041661e256ff,28.187,T247,40C,off
04/17/2022 08:08:43,Chamber 2,28-041661e256ff,28.187,T247,40C,off
04/17/2022 08:09:04,Chamber 2,28-041661e256ff,28.187,T247,40C,off
04/17/2022 08:09:24,Chamber 2,28-041661e256ff,28.187,T247,40C,off
04/17/2022 08:09:44,Chamber 2,28-041661e256ff,28.187,T247,40C,off
04/17/2022 08:10:03,Chamber 2,28-041661e256ff,28.187,T247,40C,off
04/17/2022 08:10:23,Chamber 2,28-041661e256ff,28.187,T247,40C,off
04/17/2022 08:10:43,Chamber 2,28-041661e256ff,28.187,T247,40C,off
04/17/2022 08:11:03,Chamber 2,28-041661e256ff,28.187,T247,40C,off
04/17/2022 08:11:24,Chamber 2,28-041661e256ff,28.187,T247,40C,off
04/17/2022 08:11:44,Chamber 2,28-041661e256ff,28.187,T247,40C,off
04/17/2022 08:12:03,Chamber 2,28-041661e256ff,28.187,T247,40C,off
04/17/2022 08:12:23,Chamber 2,28-041661e256ff,28.187,T247,40C,off
04/17/2022 08:12:43,Chamber 2,28-041661e256ff,28.187,T247,40C,off
04/17/2022 08:13:03,Chamber 2,28-041661e256ff,28.187,T247,40C,off
04/17/2022 08:13:23,Chamber 2,28-041661e256ff,28.187,T247,40C,off
04/17/2022 08:13:43,Chamber 2,28-041661e256ff,28.187,T247,40C,off
04/17/2022 08:14:03,Chamber 2,28-041661e256ff,28.187,T247,40C,off
04/17/2022 08:14:23,Chamber 2,28-041661e256ff,28.187,T247,40C,off
04/17/2022 08:14:43,Chamber 2,28-041661e256ff,28.187,T247,40C,off
04/17/2022 08:15:03,Chamber 2,28-041661e256ff,28.187,T247,40C,off
04/17/2022 08:15:23,Chamber 2,28-041661e256ff,28.187,T247,40C,off
04/17/2022 08:15:43,Chamber 2,28-041661e256ff,28.187,T247,40C,off
04/17/2022 08:16:03,Chamber 2,28-041661e256ff,28.187,T247,40C,off
04/17/2022 08:16:24,Chamber 2,28-041661e256ff,28.187,T247,40C,off
04/17/2022 08:16:43,Chamber 2,28-041661e256ff,28.187,T247,40C,off
04/17/2022 08:17:04,Chamber 2,28-041661e256ff,28.187,T247,40C,off
04/17/2022 08:17:24,Chamber 2,28-041661e256ff,28.25,T247,40C,off
04/17/2022 08:17:43,Chamber 2,28-041661e256ff,28.187,T247,40C,off
04/17/2022 08:18:03,Chamber 2,28-041661e256ff,28.25,T247,40C,off
04/17/2022 08:18:23,Chamber 2,28-041661e256ff,28.187,T247,40C,off
04/17/2022 08:18:43,Chamber 2,28-041661e256ff,28.25,T247,40C,off
04/17/2022 08:19:03,Chamber 2,28-041661e256ff,28.25,T247,40C,off
04/17/2022 08:19:23,Chamber 2,28-041661e256ff,28.25,T247,40C,off
04/17/2022 08:19:43,Chamber 2,28-041661e256ff,28.25,T247,40C,off
04/17/2022 08:20:03,Chamber 2,28-041661e256ff,28.25,T247,40C,off
04/17/2022 08:20:23,Chamber 2,28-041661e256ff,28.25,T247,40C,off
04/17/2022 08:20:43,Chamber 2,28-041661e256ff,28.25,T247,40C,off
04/17/2022 08:21:04,Chamber 2,28-041661e256ff,28.25,T247,40C,off
04/17/2022 08:21:24,Chamber 2,28-041661e256ff,28.25,T247,40C,off
04/17/2022 08:21:43,Chamber 2,28-041661e256ff,28.25,T247,40C,off
04/17/2022 08:22:03,Chamber 2,28-041661e256ff,28.25,T247,40C,off
04/17/2022 08:22:23,Chamber 2,28-041661e256ff,28.25,T247,40C,off
04/17/2022 08:22:43,Chamber 2,28-041661e256ff,28.25,T247,40C,off
04/17/2022 08:23:03,Chamber 2,28-041661e256ff,28.25,T247,40C,off
04/17/2022 08:23:23,Chamber 2,28-041661e256ff,28.25,T247,40C,off
04/17/2022 08:23:43,Chamber 2,28-041661e256ff,28.25,T247,40C,off
04/17/2022 08:24:03,Chamber 2,28-041661e256ff,28.25,T247,40C,off
04/17/2022 08:24:23,Chamber 2,28-041661e256ff,28.25,T247,40C,off
04/17/2022 08:24:43,Chamber 2,28-041661e256ff,28.25,T247,40C,off
04/17/2022 08:25:03,Chamber 2,28-041661e256ff,28.25,T247,40C,off
04/17/2022 08:25:23,Chamber 2,28-041661e256ff,28.25,T247,40C,off
04/17/2022 08:25:43,Chamber 2,28-041661e256ff,28.25,T247,40C,off
04/17/2022 08:26:03,Chamber 2,28-041661e256ff,28.25,T247,40C,off
04/17/2022 08:26:23,Chamber 2,28-041661e256ff,28.25,T247,40C,off
04/17/2022 08:26:43,Chamber 2,28-041661e256ff,28.25,T247,40C,off
04/17/2022 08:27:03,Chamber 2,28-041661e256ff,28.25,T247,40C,off
04/17/2022 08:27:23,Chamber 2,28-041661e256ff,28.25,T247,40C,off
04/17/2022 08:27:43,Chamber 2,28-041661e256ff,28.25,T247,40C,off
04/17/2022 08:28:03,Chamber 2,28-041661e256ff,28.25,T247,40C,off
04/17/2022 08:28:23,Chamber 2,28-041661e256ff,28.25,T247,40C,off
04/17/2022 08:28:43,Chamber 2,28-041661e256ff,28.25,T247,40C,off
04/17/2022 08:29:04,Chamber 2,28-041661e256ff,28.25,T247,40C,off
04/17/2022 08:29:23,Chamber 2,28-041661e256ff,28.25,T247,40C,off
04/17/2022 08:29:43,Chamber 2,28-041661e256ff,28.25,T247,40C,off
04/17/2022 08:30:03,Chamber 2,28-041661e256ff,28.25,T247,40C,off
04/17/2022 08:30:23,Chamber 2,28-041661e256ff,28.25,T247,40C,off
04/17/2022 08:30:43,Chamber 2,28-041661e256ff,28.25,T247,40C,off
04/17/2022 08:31:03,Chamber 2,28-041661e256ff,28.25,T247,40C,off
04/17/2022 08:31:23,Chamber 2,28-041661e256ff,28.25,T247,40C,off
04/17/2022 08:31:43,Chamber 2,28-041661e256ff,28.25,T247,40C,off
04/17/2022 08:32:03,Chamber 2,28-041661e256ff,28.25,T247,40C,off
04/17/2022 08:32:23,Chamber 2,28-041661e256ff,28.25,T247,40C,off
04/17/2022 08:32:43,Chamber 2,28-041661e256ff,28.25,T247,40C,off
04/17/2022 08:33:03,Chamber 2,28-041661e256ff,28.25,T247,40C,off
04/17/2022 08:33:23,Chamber 2,28-041661e256ff,28.25,T247,40C,off
04/17/2022 08:33:43,Chamber 2,28-041661e256ff,28.25,T247,40C,off
04/17/2022 08:34:03,Chamber 2,28-041661e256ff,28.25,T247,40C,off
04/17/2022 08:34:24,Chamber 2,28-041661e256ff,28.312,T247,40C,off
04/17/2022 08:34:43,Chamber 2,28-041661e256ff,28.25,T247,40C,off
04/17/2022 08:35:03,Chamber 2,28-041661e256ff,28.25,T247,40C,off
04/17/2022 08:35:23,Chamber 2,28-041661e256ff,28.25,T247,40C,off
04/17/2022 08:35:43,Chamber 2,28-041661e256ff,28.25,T247,40C,off
04/17/2022 08:36:03,Chamber 2,28-041661e256ff,28.312,T247,40C,off
04/17/2022 08:36:23,Chamber 2,28-041661e256ff,28.312,T247,40C,off
04/17/2022 08:36:43,Chamber 2,28-041661e256ff,28.312,T247,40C,off
04/17/2022 08:37:03,Chamber 2,28-041661e256ff,28.312,T247,40C,off
04/17/2022 08:37:23,Chamber 2,28-041661e256ff,28.312,T247,40C,off
04/17/2022 08:37:43,Chamber 2,28-041661e256ff,28.25,T247,40C,off
04/17/2022 08:38:03,Chamber 2,28-041661e256ff,28.312,T247,40C,off
04/17/2022 08:38:23,Chamber 2,28-041661e256ff,28.312,T247,40C,off
04/17/2022 08:38:43,Chamber 2,28-041661e256ff,28.312,T247,40C,off
04/17/2022 08:39:03,Chamber 2,28-041661e256ff,28.312,T247,40C,off
04/17/2022 08:39:23,Chamber 2,28-041661e256ff,28.312,T247,40C,off
04/17/2022 08:39:43,Chamber 2,28-041661e256ff,28.312,T247,40C,off
04/17/2022 08:40:03,Chamber 2,28-041661e256ff,28.312,T247,40C,off
04/17/2022 08:40:24,Chamber 2,28-041661e256ff,28.312,T247,40C,off
04/17/2022 08:40:44,Chamber 2,28-041661e256ff,28.312,T247,40C,off
04/17/2022 08:41:04,Chamber 2,28-041661e256ff,28.312,T247,40C,off
04/17/2022 08:41:23,Chamber 2,28-041661e256ff,28.312,T247,40C,off
04/17/2022 08:41:43,Chamber 2,28-041661e256ff,28.312,T247,40C,off
04/17/2022 08:42:03,Chamber 2,28-041661e256ff,28.312,T247,40C,off
04/17/2022 08:42:23,Chamber 2,28-041661e256ff,28.312,T247,40C,off
04/17/2022 08:42:43,Chamber 2,28-041661e256ff,28.312,T247,40C,off
04/17/2022 08:43:03,Chamber 2,28-041661e256ff,28.312,T247,40C,off
04/17/2022 08:43:23,Chamber 2,28-041661e256ff,28.312,T247,40C,off
04/17/2022 08:43:44,Chamber 2,28-041661e256ff,28.312,T247,40C,off
04/17/2022 08:44:04,Chamber 2,28-041661e256ff,28.312,T247,40C,off
04/17/2022 08:44:23,Chamber 2,28-041661e256ff,28.312,T247,40C,off
04/17/2022 08:44:43,Chamber 2,28-041661e256ff,28.312,T247,40C,off
04/17/2022 08:45:03,Chamber 2,28-041661e256ff,28.312,T247,40C,off
04/17/2022 08:45:23,Chamber 2,28-041661e256ff,28.312,T247,40C,off
04/17/2022 08:45:44,Chamber 2,28-041661e256ff,28.312,T247,40C,off
04/17/2022 08:46:04,Chamber 2,28-041661e256ff,28.312,T247,40C,off
04/17/2022 08:46:23,Chamber 2,28-041661e256ff,28.312,T247,40C,off
04/17/2022 08:46:43,Chamber 2,28-041661e256ff,28.312,T247,40C,off
04/17/2022 08:47:03,Chamber 2,28-041661e256ff,28.312,T247,40C,off
04/17/2022 08:47:23,Chamber 2,28-041661e256ff,28.312,T247,40C,off
04/17/2022 08:47:43,Chamber 2,28-041661e256ff,28.312,T247,40C,off
04/17/2022 08:48:03,Chamber 2,28-041661e256ff,28.312,T247,40C,off
04/17/2022 08:48:24,Chamber 2,28-041661e256ff,28.375,T247,40C,off
04/17/2022 08:48:44,Chamber 2,28-041661e256ff,28.375,T247,40C,off
04/17/2022 08:49:03,Chamber 2,28-041661e256ff,28.312,T247,40C,off
04/17/2022 08:49:23,Chamber 2,28-041661e256ff,28.375,T247,40C,off
04/17/2022 08:49:43,Chamber 2,28-041661e256ff,28.375,T247,40C,off
04/17/2022 08:50:04,Chamber 2,28-041661e256ff,28.375,T247,40C,off
04/17/2022 08:50:23,Chamber 2,28-041661e256ff,28.312,T247,40C,off
04/17/2022 08:50:43,Chamber 2,28-041661e256ff,28.375,T247,40C,off
04/17/2022 08:51:03,Chamber 2,28-041661e256ff,28.375,T247,40C,off
04/17/2022 08:51:23,Chamber 2,28-041661e256ff,28.375,T247,40C,off
04/17/2022 08:51:43,Chamber 2,28-041661e256ff,28.375,T247,40C,off
04/17/2022 08:52:03,Chamber 2,28-041661e256ff,28.375,T247,40C,off
04/17/2022 08:52:23,Chamber 2,28-041661e256ff,28.375,T247,40C,off
04/17/2022 08:52:43,Chamber 2,28-041661e256ff,28.375,T247,40C,off
04/17/2022 08:53:03,Chamber 2,28-041661e256ff,28.375,T247,40C,off
04/17/2022 08:53:23,Chamber 2,28-041661e256ff,28.375,T247,40C,off
04/17/2022 08:53:43,Chamber 2,28-041661e256ff,28.375,T247,40C,off
04/17/2022 08:54:03,Chamber 2,28-041661e256ff,28.375,T247,40C,off
04/17/2022 08:54:23,Chamber 2,28-041661e256ff,28.375,T247,40C,off
04/17/2022 08:54:43,Chamber 2,28-041661e256ff,28.375,T247,40C,off
04/17/2022 08:55:03,Chamber 2,28-041661e256ff,28.375,T247,40C,off
04/17/2022 08:55:23,Chamber 2,28-041661e256ff,28.375,T247,40C,off
04/17/2022 08:55:43,Chamber 2,28-041661e256ff,28.375,T247,40C,off
04/17/2022 08:56:03,Chamber 2,28-041661e256ff,28.375,T247,40C,off
04/17/2022 08:56:23,Chamber 2,28-041661e256ff,28.375,T247,40C,off
04/17/2022 08:56:43,Chamber 2,28-041661e256ff,28.375,T247,40C,off
04/17/2022 08:57:05,Chamber 2,28-041661e256ff,28.375,T247,40C,off
04/17/2022 08:57:23,Chamber 2,28-041661e256ff,28.375,T247,40C,off
04/17/2022 08:57:43,Chamber 2,28-041661e256ff,28.375,T247,40C,off
04/17/2022 08:58:03,Chamber 2,28-041661e256ff,28.375,T247,40C,off
04/17/2022 08:58:23,Chamber 2,28-041661e256ff,28.375,T247,40C,off
04/17/2022 08:58:43,Chamber 2,28-041661e256ff,28.375,T247,40C,off
04/17/2022 08:59:04,Chamber 2,28-041661e256ff,28.375,T247,40C,off
04/17/2022 08:59:23,Chamber 2,28-041661e256ff,28.375,T247,40C,off
04/17/2022 08:59:43,Chamber 2,28-041661e256ff,28.375,T247,40C,off
04/17/2022 09:00:03,Chamber 2,28-041661e256ff,28.375,T247,40C,off
04/17/2022 09:00:23,Chamber 2,28-041661e256ff,28.375,T247,40C,off
04/17/2022 09:00:43,Chamber 2,28-041661e256ff,28.375,T247,40C,off
04/17/2022 09:01:03,Chamber 2,28-041661e256ff,28.375,T247,40C,off
04/17/2022 09:01:23,Chamber 2,28-041661e256ff,28.375,T247,40C,off
04/17/2022 09:01:43,Chamber 2,28-041661e256ff,28.375,T247,40C,off
04/17/2022 09:02:04,Chamber 2,28-041661e256ff,28.437,T247,40C,off
04/17/2022 09:02:23,Chamber 2,28-041661e256ff,28.437,T247,40C,off
04/17/2022 09:02:44,Chamber 2,28-041661e256ff,28.437,T247,40C,off
04/17/2022 09:03:03,Chamber 2,28-041661e256ff,28.375,T247,40C,off
04/17/2022 09:03:23,Chamber 2,28-041661e256ff,28.437,T247,40C,off
04/17/2022 09:03:43,Chamber 2,28-041661e256ff,28.375,T247,40C,off
04/17/2022 09:04:03,Chamber 2,28-041661e256ff,28.437,T247,40C,off
04/17/2022 09:04:25,Chamber 2,28-041661e256ff,28.437,T247,40C,off
04/17/2022 09:04:43,Chamber 2,28-041661e256ff,28.437,T247,40C,off
04/17/2022 09:05:03,Chamber 2,28-041661e256ff,28.437,T247,40C,off
04/17/2022 09:05:23,Chamber 2,28-041661e256ff,28.437,T247,40C,off
04/17/2022 09:05:43,Chamber 2,28-041661e256ff,28.437,T247,40C,off
04/17/2022 09:06:04,Chamber 2,28-041661e256ff,28.437,T247,40C,off
04/17/2022 09:06:23,Chamber 2,28-041661e256ff,28.437,T247,40C,off
04/17/2022 09:06:44,Chamber 2,28-041661e256ff,28.437,T247,40C,off
04/17/2022 09:07:03,Chamber 2,28-041661e256ff,28.437,T247,40C,off
04/17/2022 09:07:23,Chamber 2,28-041661e256ff,28.437,T247,40C,off
04/17/2022 09:07:43,Chamber 2,28-041661e256ff,28.437,T247,40C,off
04/17/2022 09:08:04,Chamber 2,28-041661e256ff,28.437,T247,40C,off
04/17/2022 09:08:24,Chamber 2,28-041661e256ff,28.437,T247,40C,off
04/17/2022 09:08:44,Chamber 2,28-041661e256ff,28.437,T247,40C,off
04/17/2022 09:09:03,Chamber 2,28-041661e256ff,28.437,T247,40C,off
04/17/2022 09:09:23,Chamber 2,28-041661e256ff,28.437,T247,40C,off
04/17/2022 09:09:43,Chamber 2,28-041661e256ff,28.437,T247,40C,off
04/17/2022 09:10:03,Chamber 2,28-041661e256ff,28.437,T247,40C,off
04/17/2022 09:10:24,Chamber 2,28-041661e256ff,28.437,T247,40C,off
04/17/2022 09:10:43,Chamber 2,28-041661e256ff,28.437,T247,40C,off
04/17/2022 09:11:04,Chamber 2,28-041661e256ff,28.437,T247,40C,off
04/17/2022 09:11:23,Chamber 2,28-041661e256ff,28.437,T247,40C,off
04/17/2022 09:11:43,Chamber 2,28-041661e256ff,28.437,T247,40C,off
04/17/2022 09:12:03,Chamber 2,28-041661e256ff,28.437,T247,40C,off
04/17/2022 09:12:23,Chamber 2,28-041661e256ff,28.437,T247,40C,off
04/17/2022 09:12:43,Chamber 2,28-041661e256ff,28.437,T247,40C,off
04/17/2022 09:13:04,Chamber 2,28-041661e256ff,28.437,T247,40C,off
04/17/2022 09:13:23,Chamber 2,28-041661e256ff,28.437,T247,40C,off
04/17/2022 09:13:44,Chamber 2,28-041661e256ff,28.437,T247,40C,off
04/17/2022 09:14:03,Chamber 2,28-041661e256ff,28.437,T247,40C,off
04/17/2022 09:14:23,Chamber 2,28-041661e256ff,28.437,T247,40C,off
04/17/2022 09:14:43,Chamber 2,28-041661e256ff,28.437,T247,40C,off
04/17/2022 09:15:04,Chamber 2,28-041661e256ff,28.437,T247,40C,off
04/17/2022 09:15:24,Chamber 2,28-041661e256ff,28.5,T247,40C,off
04/17/2022 09:15:43,Chamber 2,28-041661e256ff,28.437,T247,40C,off
04/17/2022 09:16:03,Chamber 2,28-041661e256ff,28.437,T247,40C,off
04/17/2022 09:16:23,Chamber 2,28-041661e256ff,28.5,T247,40C,off
04/17/2022 09:16:43,Chamber 2,28-041661e256ff,28.437,T247,40C,off
04/17/2022 09:17:04,Chamber 2,28-041661e256ff,28.5,T247,40C,off
04/17/2022 09:17:23,Chamber 2,28-041661e256ff,28.5,T247,40C,off
04/17/2022 09:17:43,Chamber 2,28-041661e256ff,28.5,T247,40C,off
04/17/2022 09:18:03,Chamber 2,28-041661e256ff,28.5,T247,40C,off
04/17/2022 09:18:24,Chamber 2,28-041661e256ff,28.5,T247,40C,off
04/17/2022 09:18:43,Chamber 2,28-041661e256ff,28.5,T247,40C,off
04/17/2022 09:19:03,Chamber 2,28-041661e256ff,28.5,T247,40C,off
04/17/2022 09:19:24,Chamber 2,28-041661e256ff,28.5,T247,40C,off
04/17/2022 09:19:43,Chamber 2,28-041661e256ff,28.5,T247,40C,off
04/17/2022 09:20:03,Chamber 2,28-041661e256ff,28.5,T247,40C,off
04/17/2022 09:20:24,Chamber 2,28-041661e256ff,28.5,T247,40C,off
04/17/2022 09:20:44,Chamber 2,28-041661e256ff,28.5,T247,40C,off
04/17/2022 09:21:03,Chamber 2,28-041661e256ff,28.5,T247,40C,off
04/17/2022 09:21:24,Chamber 2,28-041661e256ff,28.5,T247,40C,off
04/17/2022 09:21:43,Chamber 2,28-041661e256ff,28.5,T247,40C,off
04/17/2022 09:22:04,Chamber 2,28-041661e256ff,28.5,T247,40C,off
04/17/2022 09:22:23,Chamber 2,28-041661e256ff,28.5,T247,40C,off
04/17/2022 09:22:43,Chamber 2,28-041661e256ff,28.5,T247,40C,off
04/17/2022 09:23:03,Chamber 2,28-041661e256ff,28.5,T247,40C,off
04/17/2022 09:23:23,Chamber 2,28-041661e256ff,28.5,T247,40C,off
04/17/2022 09:23:43,Chamber 2,28-041661e256ff,28.5,T247,40C,off
04/17/2022 09:24:03,Chamber 2,28-041661e256ff,28.5,T247,40C,off
04/17/2022 09:24:23,Chamber 2,28-041661e256ff,28.5,T247,40C,off
04/17/2022 09:24:43,Chamber 2,28-041661e256ff,28.5,T247,40C,off
04/17/2022 09:25:03,Chamber 2,28-041661e256ff,28.5,T247,40C,off
04/17/2022 09:25:24,Chamber 2,28-041661e256ff,28.5,T247,40C,off
04/17/2022 09:25:43,Chamber 2,28-041661e256ff,28.5,T247,40C,off
04/17/2022 09:26:03,Chamber 2,28-041661e256ff,28.5,T247,40C,off
04/17/2022 09:26:23,Chamber 2,28-041661e256ff,28.5,T247,40C,off
04/17/2022 09:26:43,Chamber 2,28-041661e256ff,28.5,T247,40C,off
04/17/2022 09:27:03,Chamber 2,28-041661e256ff,28.5,T247,40C,off
04/17/2022 09:27:23,Chamber 2,28-041661e256ff,28.5,T247,40C,off
04/17/2022 09:27:43,Chamber 2,28-041661e256ff,28.5,T247,40C,off
04/17/2022 09:28:03,Chamber 2,28-041661e256ff,28.562,T247,40C,off
04/17/2022 09:28:23,Chamber 2,28-041661e256ff,28.5,T247,40C,off
04/17/2022 09:28:43,Chamber 2,28-041661e256ff,28.562,T247,40C,off
04/17/2022 09:29:03,Chamber 2,28-041661e256ff,28.562,T247,40C,off
04/17/2022 09:29:23,Chamber 2,28-041661e256ff,28.5,T247,40C,off
04/17/2022 09:29:43,Chamber 2,28-041661e256ff,28.5,T247,40C,off
04/17/2022 09:30:03,Chamber 2,28-041661e256ff,28.5,T247,40C,off
04/17/2022 09:30:23,Chamber 2,28-041661e256ff,28.5,T247,40C,off
04/17/2022 09:30:43,Chamber 2,28-041661e256ff,28.562,T247,40C,off
04/17/2022 09:31:03,Chamber 2,28-041661e256ff,28.562,T247,40C,off
04/17/2022 09:31:23,Chamber 2,28-041661e256ff,28.562,T247,40C,off
04/17/2022 09:31:43,Chamber 2,28-041661e256ff,28.562,T247,40C,off
04/17/2022 09:32:03,Chamber 2,28-041661e256ff,28.562,T247,40C,off
04/17/2022 09:32:23,Chamber 2,28-041661e256ff,28.562,T247,40C,off
04/17/2022 09:32:43,Chamber 2,28-041661e256ff,28.562,T247,40C,off
04/17/2022 09:33:03,Chamber 2,28-041661e256ff,28.562,T247,40C,off
04/17/2022 09:33:23,Chamber 2,28-041661e256ff,28.562,T247,40C,off
04/17/2022 09:33:43,Chamber 2,28-041661e256ff,28.562,T247,40C,off
04/17/2022 09:34:03,Chamber 2,28-041661e256ff,28.562,T247,40C,off
04/17/2022 09:34:23,Chamber 2,28-041661e256ff,28.562,T247,40C,off
04/17/2022 09:34:43,Chamber 2,28-041661e256ff,28.562,T247,40C,off
04/17/2022 09:35:03,Chamber 2,28-041661e256ff,28.562,T247,40C,off
04/17/2022 09:35:23,Chamber 2,28-041661e256ff,28.562,T247,40C,off
04/17/2022 09:35:43,Chamber 2,28-041661e256ff,28.562,T247,40C,off
04/17/2022 09:36:03,Chamber 2,28-041661e256ff,28.562,T247,40C,off
04/17/2022 09:36:23,Chamber 2,28-041661e256ff,28.562,T247,40C,off
04/17/2022 09:36:43,Chamber 2,28-041661e256ff,28.562,T247,40C,off
04/17/2022 09:37:03,Chamber 2,28-041661e256ff,28.562,T247,40C,off
04/17/2022 09:37:25,Chamber 2,28-041661e256ff,28.562,T247,40C,off
04/17/2022 09:37:44,Chamber 2,28-041661e256ff,28.562,T247,40C,off
04/17/2022 09:38:03,Chamber 2,28-041661e256ff,28.562,T247,40C,off
04/17/2022 09:38:23,Chamber 2,28-041661e256ff,28.562,T247,40C,off
04/17/2022 09:38:43,Chamber 2,28-041661e256ff,28.562,T247,40C,off
04/17/2022 09:39:03,Chamber 2,28-041661e256ff,28.562,T247,40C,off
04/17/2022 09:39:23,Chamber 2,28-041661e256ff,28.562,T247,40C,off
04/17/2022 09:39:43,Chamber 2,28-041661e256ff,28.562,T247,40C,off
04/17/2022 09:40:03,Chamber 2,28-041661e256ff,28.562,T247,40C,off
04/17/2022 09:40:23,Chamber 2,28-041661e256ff,28.562,T247,40C,off
04/17/2022 09:40:45,Chamber 2,28-041661e256ff,28.562,T247,40C,off
04/17/2022 09:41:03,Chamber 2,28-041661e256ff,28.562,T247,40C,off
04/17/2022 09:41:25,Chamber 2,28-041661e256ff,28.625,T247,40C,off
04/17/2022 09:41:43,Chamber 2,28-041661e256ff,28.562,T247,40C,off
04/17/2022 09:42:03,Chamber 2,28-041661e256ff,28.562,T247,40C,off
04/17/2022 09:42:23,Chamber 2,28-041661e256ff,28.562,T247,40C,off
04/17/2022 09:42:43,Chamber 2,28-041661e256ff,28.562,T247,40C,off
04/17/2022 09:43:04,Chamber 2,28-041661e256ff,28.625,T247,40C,off
04/17/2022 09:43:24,Chamber 2,28-041661e256ff,28.625,T247,40C,off
04/17/2022 09:43:43,Chamber 2,28-041661e256ff,28.562,T247,40C,off
04/17/2022 09:44:03,Chamber 2,28-041661e256ff,28.562,T247,40C,off
04/17/2022 09:44:23,Chamber 2,28-041661e256ff,28.562,T247,40C,off
04/17/2022 09:44:43,Chamber 2,28-041661e256ff,28.562,T247,40C,off
04/17/2022 09:45:03,Chamber 2,28-041661e256ff,28.625,T247,40C,off
04/17/2022 09:45:24,Chamber 2,28-041661e256ff,28.625,T247,40C,off
04/17/2022 09:45:44,Chamber 2,28-041661e256ff,28.625,T247,40C,off
04/17/2022 09:46:03,Chamber 2,28-041661e256ff,28.562,T247,40C,off
04/17/2022 09:46:23,Chamber 2,28-041661e256ff,28.625,T247,40C,off
04/17/2022 09:46:43,Chamber 2,28-041661e256ff,28.625,T247,40C,off
04/17/2022 09:47:03,Chamber 2,28-041661e256ff,28.562,T247,40C,off
04/17/2022 09:47:23,Chamber 2,28-041661e256ff,28.625,T247,40C,off
04/17/2022 09:47:43,Chamber 2,28-041661e256ff,28.562,T247,40C,off
04/17/2022 09:48:03,Chamber 2,28-041661e256ff,28.625,T247,40C,off
04/17/2022 09:48:23,Chamber 2,28-041661e256ff,28.625,T247,40C,off
04/17/2022 09:48:43,Chamber 2,28-041661e256ff,28.625,T247,40C,off
04/17/2022 09:49:03,Chamber 2,28-041661e256ff,28.625,T247,40C,off
04/17/2022 09:49:25,Chamber 2,28-041661e256ff,28.625,T247,40C,off
04/17/2022 09:49:44,Chamber 2,28-041661e256ff,28.625,T247,40C,off
04/17/2022 09:50:03,Chamber 2,28-041661e256ff,28.625,T247,40C,off
04/17/2022 09:50:23,Chamber 2,28-041661e256ff,28.625,T247,40C,off
04/17/2022 09:50:43,Chamber 2,28-041661e256ff,28.625,T247,40C,off
04/17/2022 09:51:03,Chamber 2,28-041661e256ff,28.625,T247,40C,off
04/17/2022 09:51:23,Chamber 2,28-041661e256ff,28.625,T247,40C,off
04/17/2022 09:51:43,Chamber 2,28-041661e256ff,28.625,T247,40C,off
04/17/2022 09:52:04,Chamber 2,28-041661e256ff,28.625,T247,40C,off
04/17/2022 09:52:23,Chamber 2,28-041661e256ff,28.625,T247,40C,off
04/17/2022 09:52:43,Chamber 2,28-041661e256ff,28.625,T247,40C,off
04/17/2022 09:53:03,Chamber 2,28-041661e256ff,28.625,T247,40C,off
04/17/2022 09:53:23,Chamber 2,28-041661e256ff,28.625,T247,40C,off
04/17/2022 09:53:43,Chamber 2,28-041661e256ff,28.625,T247,40C,off
04/17/2022 09:54:03,Chamber 2,28-041661e256ff,28.625,T247,40C,off
04/17/2022 09:54:23,Chamber 2,28-041661e256ff,28.625,T247,40C,off
04/17/2022 09:54:43,Chamber 2,28-041661e256ff,28.625,T247,40C,off
04/17/2022 09:55:03,Chamber 2,28-041661e256ff,28.625,T247,40C,off
04/17/2022 09:55:23,Chamber 2,28-041661e256ff,28.625,T247,40C,off
04/17/2022 09:55:43,Chamber 2,28-041661e256ff,28.625,T247,40C,off
04/17/2022 09:56:03,Chamber 2,28-041661e256ff,28.625,T247,40C,off
04/17/2022 09:56:23,Chamber 2,28-041661e256ff,28.625,T247,40C,off
04/17/2022 09:56:43,Chamber 2,28-041661e256ff,28.625,T247,40C,off
04/17/2022 09:57:03,Chamber 2,28-041661e256ff,28.625,T247,40C,off
04/17/2022 09:57:23,Chamber 2,28-041661e256ff,28.625,T247,40C,off
04/17/2022 09:57:43,Chamber 2,28-041661e256ff,28.625,T247,40C,off
04/17/2022 09:58:03,Chamber 2,28-041661e256ff,28.625,T247,40C,off
04/17/2022 09:58:24,Chamber 2,28-041661e256ff,28.687,T247,40C,off
04/17/2022 09:58:43,Chamber 2,28-041661e256ff,28.687,T247,40C,off
04/17/2022 09:59:03,Chamber 2,28-041661e256ff,28.625,T247,40C,off
04/17/2022 09:59:24,Chamber 2,28-041661e256ff,28.625,T247,40C,off
04/17/2022 09:59:43,Chamber 2,28-041661e256ff,28.687,T247,40C,off
04/17/2022 10:00:03,Chamber 2,28-041661e256ff,28.625,T247,40C,off
04/17/2022 10:00:25,Chamber 2,28-041661e256ff,28.687,T247,40C,off
04/17/2022 10:00:43,Chamber 2,28-041661e256ff,28.625,T247,40C,off
04/17/2022 10:01:03,Chamber 2,28-041661e256ff,28.625,T247,40C,off
04/17/2022 10:01:23,Chamber 2,28-041661e256ff,28.687,T247,40C,off
04/17/2022 10:01:43,Chamber 2,28-041661e256ff,28.687,T247,40C,off
04/17/2022 10:02:05,Chamber 2,28-041661e256ff,28.687,T247,40C,off
04/17/2022 10:02:23,Chamber 2,28-041661e256ff,28.687,T247,40C,off
04/17/2022 10:02:43,Chamber 2,28-041661e256ff,28.687,T247,40C,off
04/17/2022 10:03:03,Chamber 2,28-041661e256ff,28.687,T247,40C,off
04/17/2022 10:03:23,Chamber 2,28-041661e256ff,28.687,T247,40C,off
04/17/2022 10:03:43,Chamber 2,28-041661e256ff,28.687,T247,40C,off
04/17/2022 10:04:03,Chamber 2,28-041661e256ff,28.687,T247,40C,off
04/17/2022 10:04:23,Chamber 2,28-041661e256ff,28.687,T247,40C,off
04/17/2022 10:04:43,Chamber 2,28-041661e256ff,28.687,T247,40C,off
04/17/2022 10:05:03,Chamber 2,28-041661e256ff,28.687,T247,40C,off
04/17/2022 10:05:23,Chamber 2,28-041661e256ff,28.687,T247,40C,off
04/17/2022 10:05:43,Chamber 2,28-041661e256ff,28.687,T247,40C,off
04/17/2022 10:06:03,Chamber 2,28-041661e256ff,28.687,T247,40C,off
04/17/2022 10:06:23,Chamber 2,28-041661e256ff,28.687,T247,40C,off
04/17/2022 10:06:43,Chamber 2,28-041661e256ff,28.687,T247,40C,off
04/17/2022 10:07:03,Chamber 2,28-041661e256ff,28.687,T247,40C,off
04/17/2022 10:07:24,Chamber 2,28-041661e256ff,28.687,T247,40C,off
04/17/2022 10:07:43,Chamber 2,28-041661e256ff,28.687,T247,40C,off
04/17/2022 10:08:03,Chamber 2,28-041661e256ff,28.687,T247,40C,off
04/17/2022 10:08:23,Chamber 2,28-041661e256ff,28.687,T247,40C,off
04/17/2022 10:08:43,Chamber 2,28-041661e256ff,28.687,T247,40C,off
04/17/2022 10:09:05,Chamber 2,28-041661e256ff,28.687,T247,40C,off
04/17/2022 10:09:23,Chamber 2,28-041661e256ff,28.687,T247,40C,off
04/17/2022 10:09:43,Chamber 2,28-041661e256ff,28.687,T247,40C,off
04/17/2022 10:10:03,Chamber 2,28-041661e256ff,28.687,T247,40C,off
04/17/2022 10:10:24,Chamber 2,28-041661e256ff,28.687,T247,40C,off
04/17/2022 10:10:43,Chamber 2,28-041661e256ff,28.687,T247,40C,off
04/17/2022 10:11:03,Chamber 2,28-041661e256ff,28.687,T247,40C,off
04/17/2022 10:11:23,Chamber 2,28-041661e256ff,28.687,T247,40C,off
04/17/2022 10:11:43,Chamber 2,28-041661e256ff,28.687,T247,40C,off
04/17/2022 10:12:05,Chamber 2,28-041661e256ff,28.687,T247,40C,off
04/17/2022 10:12:23,Chamber 2,28-041661e256ff,28.687,T247,40C,off
04/17/2022 10:12:43,Chamber 2,28-041661e256ff,28.687,T247,40C,off
04/17/2022 10:13:03,Chamber 2,28-041661e256ff,28.687,T247,40C,off
04/17/2022 10:13:23,Chamber 2,28-041661e256ff,28.687,T247,40C,off
04/17/2022 10:13:43,Chamber 2,28-041661e256ff,28.687,T247,40C,off
04/17/2022 10:14:03,Chamber 2,28-041661e256ff,28.687,T247,40C,off
04/17/2022 10:14:24,Chamber 2,28-041661e256ff,28.687,T247,40C,off
04/17/2022 10:14:43,Chamber 2,28-041661e256ff,28.687,T247,40C,off
04/17/2022 10:15:03,Chamber 2,28-041661e256ff,28.687,T247,40C,off
04/17/2022 10:15:24,Chamber 2,28-041661e256ff,28.687,T247,40C,off
04/17/2022 10:15:43,Chamber 2,28-041661e256ff,28.687,T247,40C,off
04/17/2022 10:16:03,Chamber 2,28-041661e256ff,28.687,T247,40C,off
04/17/2022 10:16:23,Chamber 2,28-041661e256ff,28.687,T247,40C,off
04/17/2022 10:16:43,Chamber 2,28-041661e256ff,28.687,T247,40C,off
04/17/2022 10:17:03,Chamber 2,28-041661e256ff,28.687,T247,40C,off
04/17/2022 10:17:23,Chamber 2,28-041661e256ff,28.687,T247,40C,off
04/17/2022 10:17:43,Chamber 2,28-041661e256ff,28.687,T247,40C,off
04/17/2022 10:18:03,Chamber 2,28-041661e256ff,28.687,T247,40C,off
04/17/2022 10:18:24,Chamber 2,28-041661e256ff,28.687,T247,40C,off
04/17/2022 10:18:43,Chamber 2,28-041661e256ff,28.687,T247,40C,off
04/17/2022 10:19:05,Chamber 2,28-041661e256ff,28.75,T247,40C,off
04/17/2022 10:19:25,Chamber 2,28-041661e256ff,28.75,T247,40C,off
04/17/2022 10:19:43,Chamber 2,28-041661e256ff,28.687,T247,40C,off
04/17/2022 10:20:04,Chamber 2,28-041661e256ff,28.75,T247,40C,off
04/17/2022 10:20:23,Chamber 2,28-041661e256ff,28.687,T247,40C,off
04/17/2022 10:20:43,Chamber 2,28-041661e256ff,28.687,T247,40C,off
04/17/2022 10:21:03,Chamber 2,28-041661e256ff,28.75,T247,40C,off
04/17/2022 10:21:23,Chamber 2,28-041661e256ff,28.687,T247,40C,off
04/17/2022 10:21:43,Chamber 2,28-041661e256ff,28.687,T247,40C,off
04/17/2022 10:22:03,Chamber 2,28-041661e256ff,28.687,T247,40C,off
04/17/2022 10:22:23,Chamber 2,28-041661e256ff,28.75,T247,40C,off
04/17/2022 10:22:44,Chamber 2,28-041661e256ff,28.75,T247,40C,off
04/17/2022 10:23:03,Chamber 2,28-041661e256ff,28.75,T247,40C,off
04/17/2022 10:23:25,Chamber 2,28-041661e256ff,28.75,T247,40C,off
04/17/2022 10:23:43,Chamber 2,28-041661e256ff,28.687,T247,40C,off
04/17/2022 10:24:03,Chamber 2,28-041661e256ff,28.75,T247,40C,off
04/17/2022 10:24:23,Chamber 2,28-041661e256ff,28.687,T247,40C,off
04/17/2022 10:24:44,Chamber 2,28-041661e256ff,28.75,T247,40C,off
04/17/2022 10:25:03,Chamber 2,28-041661e256ff,28.75,T247,40C,off
04/17/2022 10:25:23,Chamber 2,28-041661e256ff,28.75,T247,40C,off
04/17/2022 10:25:44,Chamber 2,28-041661e256ff,28.75,T247,40C,off
04/17/2022 10:26:03,Chamber 2,28-041661e256ff,28.75,T247,40C,off
04/17/2022 10:26:23,Chamber 2,28-041661e256ff,28.75,T247,40C,off
04/17/2022 10:26:43,Chamber 2,28-041661e256ff,28.75,T247,40C,off
04/17/2022 10:27:03,Chamber 2,28-041661e256ff,28.75,T247,40C,off
04/17/2022 10:27:23,Chamber 2,28-041661e256ff,28.75,T247,40C,off
04/17/2022 10:27:43,Chamber 2,28-041661e256ff,28.75,T247,40C,off
04/17/2022 10:28:03,Chamber 2,28-041661e256ff,28.75,T247,40C,off
04/17/2022 10:28:23,Chamber 2,28-041661e256ff,28.75,T247,40C,off
04/17/2022 10:28:43,Chamber 2,28-041661e256ff,28.75,T247,40C,off
04/17/2022 10:29:03,Chamber 2,28-041661e256ff,28.75,T247,40C,off
04/17/2022 10:29:23,Chamber 2,28-041661e256ff,28.75,T247,40C,off
04/17/2022 10:29:43,Chamber 2,28-041661e256ff,28.75,T247,40C,off
04/17/2022 10:30:04,Chamber 2,28-041661e256ff,28.75,T247,40C,off
04/17/2022 10:30:24,Chamber 2,28-041661e256ff,28.75,T247,40C,off
04/17/2022 10:30:43,Chamber 2,28-041661e256ff,28.75,T247,40C,off
04/17/2022 10:31:03,Chamber 2,28-041661e256ff,28.75,T247,40C,off
04/17/2022 10:31:23,Chamber 2,28-041661e256ff,28.75,T247,40C,off
04/17/2022 10:31:43,Chamber 2,28-041661e256ff,28.75,T247,40C,off
04/17/2022 10:32:03,Chamber 2,28-041661e256ff,28.75,T247,40C,off
04/17/2022 10:32:23,Chamber 2,28-041661e256ff,28.75,T247,40C,off
04/17/2022 10:32:43,Chamber 2,28-041661e256ff,28.75,T247,40C,off
04/17/2022 10:33:03,Chamber 2,28-041661e256ff,28.75,T247,40C,off
04/17/2022 10:33:23,Chamber 2,28-041661e256ff,28.75,T247,40C,off
04/17/2022 10:33:43,Chamber 2,28-041661e256ff,28.75,T247,40C,off
04/17/2022 10:34:03,Chamber 2,28-041661e256ff,28.75,T247,40C,off
04/17/2022 10:34:23,Chamber 2,28-041661e256ff,28.75,T247,40C,off
04/17/2022 10:34:43,Chamber 2,28-041661e256ff,28.75,T247,40C,off
04/17/2022 10:35:03,Chamber 2,28-041661e256ff,28.75,T247,40C,off
04/17/2022 10:35:23,Chamber 2,28-041661e256ff,28.75,T247,40C,off
04/17/2022 10:35:43,Chamber 2,28-041661e256ff,28.75,T247,40C,off
04/17/2022 10:36:03,Chamber 2,28-041661e256ff,28.75,T247,40C,off
04/17/2022 10:36:23,Chamber 2,28-041661e256ff,28.75,T247,40C,off
04/17/2022 10:36:43,Chamber 2,28-041661e256ff,28.75,T247,40C,off
04/17/2022 10:37:03,Chamber 2,28-041661e256ff,28.75,T247,40C,off
04/17/2022 10:37:23,Chamber 2,28-041661e256ff,28.75,T247,40C,off
04/17/2022 10:37:43,Chamber 2,28-041661e256ff,28.75,T247,40C,off
04/17/2022 10:38:03,Chamber 2,28-041661e256ff,28.75,T247,40C,off
04/17/2022 10:38:23,Chamber 2,28-041661e256ff,28.75,T247,40C,off
04/17/2022 10:38:43,Chamber 2,28-041661e256ff,28.75,T247,40C,off
04/17/2022 10:39:03,Chamber 2,28-041661e256ff,28.75,T247,40C,off
04/17/2022 10:39:23,Chamber 2,28-041661e256ff,28.75,T247,40C,off
04/17/2022 10:39:43,Chamber 2,28-041661e256ff,28.75,T247,40C,off
04/17/2022 10:40:03,Chamber 2,28-041661e256ff,28.75,T247,40C,off
04/17/2022 10:40:23,Chamber 2,28-041661e256ff,28.75,T247,40C,off
04/17/2022 10:40:43,Chamber 2,28-041661e256ff,28.75,T247,40C,off
04/17/2022 10:41:03,Chamber 2,28-041661e256ff,28.75,T247,40C,off
04/17/2022 10:41:23,Chamber 2,28-041661e256ff,28.75,T247,40C,off
04/17/2022 10:41:43,Chamber 2,28-041661e256ff,28.75,T247,40C,off
04/17/2022 10:42:03,Chamber 2,28-041661e256ff,28.75,T247,40C,off
04/17/2022 10:42:23,Chamber 2,28-041661e256ff,28.75,T247,40C,off
04/17/2022 10:42:43,Chamber 2,28-041661e256ff,28.75,T247,40C,off
04/17/2022 10:43:03,Chamber 2,28-041661e256ff,28.75,T247,40C,off
04/17/2022 10:43:23,Chamber 2,28-041661e256ff,28.75,T247,40C,off
04/17/2022 10:43:43,Chamber 2,28-041661e256ff,28.75,T247,40C,off
04/17/2022 10:44:03,Chamber 2,28-041661e256ff,28.75,T247,40C,off
04/17/2022 10:44:23,Chamber 2,28-041661e256ff,28.75,T247,40C,off
04/17/2022 10:44:43,Chamber 2,28-041661e256ff,28.75,T247,40C,off
04/17/2022 10:45:03,Chamber 2,28-041661e256ff,28.75,T247,40C,off
04/17/2022 10:45:23,Chamber 2,28-041661e256ff,28.75,T247,40C,off
04/17/2022 10:45:43,Chamber 2,28-041661e256ff,28.75,T247,40C,off
04/17/2022 10:46:03,Chamber 2,28-041661e256ff,28.75,T247,40C,off
04/17/2022 10:46:23,Chamber 2,28-041661e256ff,28.75,T247,40C,off
04/17/2022 10:46:43,Chamber 2,28-041661e256ff,28.75,T247,40C,off
04/17/2022 10:47:03,Chamber 2,28-041661e256ff,28.75,T247,40C,off
04/17/2022 10:47:23,Chamber 2,28-041661e256ff,28.75,T247,40C,off
04/17/2022 10:47:43,Chamber 2,28-041661e256ff,28.75,T247,40C,off
04/17/2022 10:48:03,Chamber 2,28-041661e256ff,28.75,T247,40C,off
04/17/2022 10:48:23,Chamber 2,28-041661e256ff,28.75,T247,40C,off
04/17/2022 10:48:43,Chamber 2,28-041661e256ff,28.75,T247,40C,off
04/17/2022 10:49:03,Chamber 2,28-041661e256ff,28.75,T247,40C,off
04/17/2022 10:49:23,Chamber 2,28-041661e256ff,28.75,T247,40C,off
04/17/2022 10:49:43,Chamber 2,28-041661e256ff,28.75,T247,40C,off
04/17/2022 10:50:03,Chamber 2,28-041661e256ff,28.75,T247,40C,off
04/17/2022 10:50:23,Chamber 2,28-041661e256ff,28.75,T247,40C,off
04/17/2022 10:50:43,Chamber 2,28-041661e256ff,28.75,T247,40C,off
04/17/2022 10:51:03,Chamber 2,28-041661e256ff,28.75,T247,40C,off
04/17/2022 10:51:23,Chamber 2,28-041661e256ff,28.75,T247,40C,off
04/17/2022 10:51:43,Chamber 2,28-041661e256ff,28.75,T247,40C,off
04/17/2022 10:52:03,Chamber 2,28-041661e256ff,28.75,T247,40C,off
04/17/2022 10:52:23,Chamber 2,28-041661e256ff,28.75,T247,40C,off
04/17/2022 10:52:43,Chamber 2,28-041661e256ff,28.75,T247,40C,off
04/17/2022 10:53:03,Chamber 2,28-041661e256ff,28.75,T247,40C,off
04/17/2022 10:53:23,Chamber 2,28-041661e256ff,28.75,T247,40C,off
04/17/2022 10:53:43,Chamber 2,28-041661e256ff,28.75,T247,40C,off
04/17/2022 10:54:03,Chamber 2,28-041661e256ff,28.812,T247,40C,off
04/17/2022 10:54:23,Chamber 2,28-041661e256ff,28.75,T247,40C,off
04/17/2022 10:54:43,Chamber 2,28-041661e256ff,28.75,T247,40C,off
04/17/2022 10:55:03,Chamber 2,28-041661e256ff,28.75,T247,40C,off
04/17/2022 10:55:23,Chamber 2,28-041661e256ff,28.75,T247,40C,off
04/17/2022 10:55:43,Chamber 2,28-041661e256ff,28.75,T247,40C,off
04/17/2022 10:56:03,Chamber 2,28-041661e256ff,28.75,T247,40C,off
04/17/2022 10:56:23,Chamber 2,28-041661e256ff,28.75,T247,40C,off
04/17/2022 10:56:43,Chamber 2,28-041661e256ff,28.812,T247,40C,off
04/17/2022 10:57:03,Chamber 2,28-041661e256ff,28.75,T247,40C,off
04/17/2022 10:57:23,Chamber 2,28-041661e256ff,28.75,T247,40C,off
04/17/2022 10:57:43,Chamber 2,28-041661e256ff,28.75,T247,40C,off
04/17/2022 10:58:03,Chamber 2,28-041661e256ff,28.812,T247,40C,off
04/17/2022 10:58:23,Chamber 2,28-041661e256ff,28.75,T247,40C,off
04/17/2022 10:58:43,Chamber 2,28-041661e256ff,28.75,T247,40C,off
04/17/2022 10:59:03,Chamber 2,28-041661e256ff,28.75,T247,40C,off
04/17/2022 10:59:23,Chamber 2,28-041661e256ff,28.75,T247,40C,off
04/17/2022 10:59:43,Chamber 2,28-041661e256ff,28.75,T247,40C,off
04/17/2022 11:00:02,Chamber 2,28-041661e256ff,28.75,T247,40C,off
04/17/2022 11:00:22,Chamber 2,28-041661e256ff,28.75,T247,40C,off
04/17/2022 11:00:42,Chamber 2,28-041661e256ff,28.75,T247,40C,off
04/17/2022 11:01:02,Chamber 2,28-041661e256ff,28.75,T247,40C,off
04/17/2022 11:01:22,Chamber 2,28-041661e256ff,28.75,T247,40C,off
04/17/2022 11:01:42,Chamber 2,28-041661e256ff,28.75,T247,40C,off
04/17/2022 11:02:02,Chamber 2,28-041661e256ff,28.75,T247,40C,off
04/17/2022 11:02:22,Chamber 2,28-041661e256ff,28.75,T247,40C,off
04/17/2022 11:02:42,Chamber 2,28-041661e256ff,28.812,T247,40C,off
04/17/2022 11:03:02,Chamber 2,28-041661e256ff,28.75,T247,40C,off
04/17/2022 11:03:22,Chamber 2,28-041661e256ff,28.75,T247,40C,off
04/17/2022 11:03:42,Chamber 2,28-041661e256ff,28.812,T247,40C,off
04/17/2022 11:04:02,Chamber 2,28-041661e256ff,28.75,T247,40C,off
04/17/2022 11:04:22,Chamber 2,28-041661e256ff,28.812,T247,40C,off
04/17/2022 11:04:42,Chamber 2,28-041661e256ff,28.75,T247,40C,off
04/17/2022 11:05:02,Chamber 2,28-041661e256ff,28.812,T247,40C,off
04/17/2022 11:05:22,Chamber 2,28-041661e256ff,28.75,T247,40C,off
04/17/2022 11:05:42,Chamber 2,28-041661e256ff,28.812,T247,40C,off
04/17/2022 11:06:02,Chamber 2,28-041661e256ff,28.812,T247,40C,off
04/17/2022 11:06:22,Chamber 2,28-041661e256ff,28.812,T247,40C,off
04/17/2022 11:06:42,Chamber 2,28-041661e256ff,28.812,T247,40C,off
04/17/2022 11:07:02,Chamber 2,28-041661e256ff,28.812,T247,40C,off
04/17/2022 11:07:22,Chamber 2,28-041661e256ff,28.812,T247,40C,off
04/17/2022 11:07:42,Chamber 2,28-041661e256ff,28.812,T247,40C,off
04/17/2022 11:08:02,Chamber 2,28-041661e256ff,28.812,T247,40C,off
04/17/2022 11:08:22,Chamber 2,28-041661e256ff,28.812,T247,40C,off
04/17/2022 11:08:42,Chamber 2,28-041661e256ff,28.812,T247,40C,off
04/17/2022 11:09:02,Chamber 2,28-041661e256ff,28.812,T247,40C,off
04/17/2022 11:09:22,Chamber 2,28-041661e256ff,28.812,T247,40C,off
04/17/2022 11:09:42,Chamber 2,28-041661e256ff,28.812,T247,40C,off
04/17/2022 11:10:02,Chamber 2,28-041661e256ff,28.812,T247,40C,off
04/17/2022 11:10:22,Chamber 2,28-041661e256ff,28.812,T247,40C,off
04/17/2022 11:10:42,Chamber 2,28-041661e256ff,28.812,T247,40C,off
04/17/2022 11:11:02,Chamber 2,28-041661e256ff,28.812,T247,40C,off
04/17/2022 11:11:22,Chamber 2,28-041661e256ff,28.812,T247,40C,off
04/17/2022 11:11:42,Chamber 2,28-041661e256ff,28.812,T247,40C,off
04/17/2022 11:12:02,Chamber 2,28-041661e256ff,28.812,T247,40C,off
04/17/2022 11:12:22,Chamber 2,28-041661e256ff,28.812,T247,40C,off
04/17/2022 11:12:42,Chamber 2,28-041661e256ff,28.812,T247,40C,off
04/17/2022 11:13:02,Chamber 2,28-041661e256ff,28.812,T247,40C,off
04/17/2022 11:13:22,Chamber 2,28-041661e256ff,28.812,T247,40C,off
04/17/2022 11:13:42,Chamber 2,28-041661e256ff,28.812,T247,40C,off
04/17/2022 11:14:02,Chamber 2,28-041661e256ff,28.812,T247,40C,off
04/17/2022 11:14:22,Chamber 2,28-041661e256ff,28.812,T247,40C,off
04/17/2022 11:14:42,Chamber 2,28-041661e256ff,28.812,T247,40C,off
04/17/2022 11:15:02,Chamber 2,28-041661e256ff,28.812,T247,40C,off
04/17/2022 11:15:22,Chamber 2,28-041661e256ff,28.812,T247,40C,off
04/17/2022 11:15:42,Chamber 2,28-041661e256ff,28.812,T247,40C,off
04/17/2022 11:16:02,Chamber 2,28-041661e256ff,28.812,T247,40C,off
04/17/2022 11:16:22,Chamber 2,28-041661e256ff,28.812,T247,40C,off
04/17/2022 11:16:42,Chamber 2,28-041661e256ff,28.812,T247,40C,off
04/17/2022 11:17:02,Chamber 2,28-041661e256ff,28.812,T247,40C,off
04/17/2022 11:17:22,Chamber 2,28-041661e256ff,28.812,T247,40C,off
04/17/2022 11:17:42,Chamber 2,28-041661e256ff,28.812,T247,40C,off
04/17/2022 11:18:02,Chamber 2,28-041661e256ff,28.812,T247,40C,off
04/17/2022 11:18:22,Chamber 2,28-041661e256ff,28.812,T247,40C,off
04/17/2022 11:18:42,Chamber 2,28-041661e256ff,28.812,T247,40C,off
04/17/2022 11:19:02,Chamber 2,28-041661e256ff,28.812,T247,40C,off
04/17/2022 11:19:22,Chamber 2,28-041661e256ff,28.812,T247,40C,off
04/17/2022 11:19:42,Chamber 2,28-041661e256ff,28.812,T247,40C,off
04/17/2022 11:20:02,Chamber 2,28-041661e256ff,28.812,T247,40C,off
04/17/2022 11:20:22,Chamber 2,28-041661e256ff,28.812,T247,40C,off
04/17/2022 11:20:42,Chamber 2,28-041661e256ff,28.812,T247,40C,off
04/17/2022 11:21:02,Chamber 2,28-041661e256ff,28.812,T247,40C,off
04/17/2022 11:21:22,Chamber 2,28-041661e256ff,28.875,T247,40C,off
04/17/2022 11:21:42,Chamber 2,28-041661e256ff,28.812,T247,40C,off
04/17/2022 11:22:02,Chamber 2,28-041661e256ff,28.875,T247,40C,off
04/17/2022 11:22:22,Chamber 2,28-041661e256ff,28.812,T247,40C,off
04/17/2022 11:22:42,Chamber 2,28-041661e256ff,28.812,T247,40C,off
04/17/2022 11:23:02,Chamber 2,28-041661e256ff,28.875,T247,40C,off
04/17/2022 11:23:22,Chamber 2,28-041661e256ff,28.875,T247,40C,off
04/17/2022 11:23:42,Chamber 2,28-041661e256ff,28.875,T247,40C,off
04/17/2022 11:24:02,Chamber 2,28-041661e256ff,28.875,T247,40C,off
04/17/2022 11:24:22,Chamber 2,28-041661e256ff,28.875,T247,40C,off
04/17/2022 11:24:42,Chamber 2,28-041661e256ff,28.875,T247,40C,off
04/17/2022 11:25:02,Chamber 2,28-041661e256ff,28.875,T247,40C,off
04/17/2022 11:25:22,Chamber 2,28-041661e256ff,28.875,T247,40C,off
04/17/2022 11:25:42,Chamber 2,28-041661e256ff,28.875,T247,40C,off
04/17/2022 11:26:02,Chamber 2,28-041661e256ff,28.875,T247,40C,off
04/17/2022 11:26:22,Chamber 2,28-041661e256ff,28.875,T247,40C,off
04/17/2022 11:26:42,Chamber 2,28-041661e256ff,28.875,T247,40C,off
04/17/2022 11:27:02,Chamber 2,28-041661e256ff,28.875,T247,40C,off
04/17/2022 11:27:22,Chamber 2,28-041661e256ff,28.875,T247,40C,off
04/17/2022 11:27:42,Chamber 2,28-041661e256ff,28.875,T247,40C,off
04/17/2022 11:28:02,Chamber 2,28-041661e256ff,28.875,T247,40C,off
04/17/2022 11:28:22,Chamber 2,28-041661e256ff,28.875,T247,40C,off
04/17/2022 11:28:42,Chamber 2,28-041661e256ff,28.875,T247,40C,off
04/17/2022 11:29:02,Chamber 2,28-041661e256ff,28.875,T247,40C,off
04/17/2022 11:29:22,Chamber 2,28-041661e256ff,28.875,T247,40C,off
04/17/2022 11:29:42,Chamber 2,28-041661e256ff,28.875,T247,40C,off
04/17/2022 11:30:02,Chamber 2,28-041661e256ff,28.875,T247,40C,off
04/17/2022 11:30:22,Chamber 2,28-041661e256ff,28.875,T247,40C,off
04/17/2022 11:30:42,Chamber 2,28-041661e256ff,28.875,T247,40C,off
04/17/2022 11:31:02,Chamber 2,28-041661e256ff,28.875,T247,40C,off
04/17/2022 11:31:22,Chamber 2,28-041661e256ff,28.875,T247,40C,off
04/17/2022 11:31:42,Chamber 2,28-041661e256ff,28.875,T247,40C,off
04/17/2022 11:32:02,Chamber 2,28-041661e256ff,28.875,T247,40C,off
04/17/2022 11:32:22,Chamber 2,28-041661e256ff,28.875,T247,40C,off
04/17/2022 11:32:42,Chamber 2,28-041661e256ff,28.875,T247,40C,off
04/17/2022 11:33:02,Chamber 2,28-041661e256ff,28.875,T247,40C,off
04/17/2022 11:33:22,Chamber 2,28-041661e256ff,28.875,T247,40C,off
04/17/2022 11:33:42,Chamber 2,28-041661e256ff,28.875,T247,40C,off
04/17/2022 11:34:02,Chamber 2,28-041661e256ff,28.875,T247,40C,off
04/17/2022 11:34:22,Chamber 2,28-041661e256ff,28.875,T247,40C,off
04/17/2022 11:34:42,Chamber 2,28-041661e256ff,28.875,T247,40C,off
04/17/2022 11:35:02,Chamber 2,28-041661e256ff,28.875,T247,40C,off
04/17/2022 11:35:22,Chamber 2,28-041661e256ff,28.875,T247,40C,off
04/17/2022 11:35:42,Chamber 2,28-041661e256ff,28.875,T247,40C,off
04/17/2022 11:36:02,Chamber 2,28-041661e256ff,28.875,T247,40C,off
04/17/2022 11:36:22,Chamber 2,28-041661e256ff,28.875,T247,40C,off
04/17/2022 11:36:42,Chamber 2,28-041661e256ff,28.875,T247,40C,off
04/17/2022 11:37:02,Chamber 2,28-041661e256ff,28.875,T247,40C,off
04/17/2022 11:37:22,Chamber 2,28-041661e256ff,28.875,T247,40C,off
04/17/2022 11:37:42,Chamber 2,28-041661e256ff,28.875,T247,40C,off
04/17/2022 11:38:02,Chamber 2,28-041661e256ff,28.875,T247,40C,off
04/17/2022 11:38:22,Chamber 2,28-041661e256ff,28.875,T247,40C,off
04/17/2022 11:38:42,Chamber 2,28-041661e256ff,28.875,T247,40C,off
04/17/2022 11:39:02,Chamber 2,28-041661e256ff,28.875,T247,40C,off
04/17/2022 11:39:22,Chamber 2,28-041661e256ff,28.875,T247,40C,off
04/17/2022 11:39:42,Chamber 2,28-041661e256ff,28.875,T247,40C,off
04/17/2022 11:40:02,Chamber 2,28-041661e256ff,28.875,T247,40C,off
04/17/2022 11:40:22,Chamber 2,28-041661e256ff,28.875,T247,40C,off
04/17/2022 11:40:42,Chamber 2,28-041661e256ff,28.875,T247,40C,off
04/17/2022 11:41:02,Chamber 2,28-041661e256ff,28.875,T247,40C,off
04/17/2022 11:41:22,Chamber 2,28-041661e256ff,28.875,T247,40C,off
04/17/2022 11:41:42,Chamber 2,28-041661e256ff,28.875,T247,40C,off
04/17/2022 11:42:02,Chamber 2,28-041661e256ff,28.875,T247,40C,off
04/17/2022 11:42:22,Chamber 2,28-041661e256ff,28.875,T247,40C,off
04/17/2022 11:42:42,Chamber 2,28-041661e256ff,28.875,T247,40C,off
04/17/2022 11:43:02,Chamber 2,28-041661e256ff,28.875,T247,40C,off
04/17/2022 11:43:22,Chamber 2,28-041661e256ff,28.875,T247,40C,off
04/17/2022 11:43:42,Chamber 2,28-041661e256ff,28.937,T247,40C,off
04/17/2022 11:44:02,Chamber 2,28-041661e256ff,28.937,T247,40C,off
04/17/2022 11:44:22,Chamber 2,28-041661e256ff,28.875,T247,40C,off
04/17/2022 11:44:42,Chamber 2,28-041661e256ff,28.875,T247,40C,off
04/17/2022 11:45:02,Chamber 2,28-041661e256ff,28.937,T247,40C,off
04/17/2022 11:45:22,Chamber 2,28-041661e256ff,28.937,T247,40C,off
04/17/2022 11:45:42,Chamber 2,28-041661e256ff,28.937,T247,40C,off
04/17/2022 11:46:02,Chamber 2,28-041661e256ff,28.937,T247,40C,off
04/17/2022 11:46:22,Chamber 2,28-041661e256ff,28.937,T247,40C,off
04/17/2022 11:46:42,Chamber 2,28-041661e256ff,28.937,T247,40C,off
04/17/2022 11:47:02,Chamber 2,28-041661e256ff,28.937,T247,40C,off
04/17/2022 11:47:22,Chamber 2,28-041661e256ff,28.937,T247,40C,off
04/17/2022 11:47:42,Chamber 2,28-041661e256ff,28.937,T247,40C,off
04/17/2022 11:48:02,Chamber 2,28-041661e256ff,28.937,T247,40C,off
04/17/2022 11:48:22,Chamber 2,28-041661e256ff,28.937,T247,40C,off
04/17/2022 11:48:42,Chamber 2,28-041661e256ff,28.937,T247,40C,off
04/17/2022 11:49:02,Chamber 2,28-041661e256ff,28.937,T247,40C,off
04/17/2022 11:49:22,Chamber 2,28-041661e256ff,28.937,T247,40C,off
04/17/2022 11:49:42,Chamber 2,28-041661e256ff,28.937,T247,40C,off
04/17/2022 11:50:02,Chamber 2,28-041661e256ff,28.937,T247,40C,off
04/17/2022 11:50:22,Chamber 2,28-041661e256ff,28.937,T247,40C,off
04/17/2022 11:50:42,Chamber 2,28-041661e256ff,28.937,T247,40C,off
04/17/2022 11:51:02,Chamber 2,28-041661e256ff,28.937,T247,40C,off
04/17/2022 11:51:22,Chamber 2,28-041661e256ff,28.937,T247,40C,off
04/17/2022 11:51:42,Chamber 2,28-041661e256ff,28.937,T247,40C,off
04/17/2022 11:52:02,Chamber 2,28-041661e256ff,28.937,T247,40C,off
04/17/2022 11:52:22,Chamber 2,28-041661e256ff,28.937,T247,40C,off
04/17/2022 11:52:42,Chamber 2,28-041661e256ff,28.937,T247,40C,off
04/17/2022 11:53:02,Chamber 2,28-041661e256ff,28.937,T247,40C,off
04/17/2022 11:53:22,Chamber 2,28-041661e256ff,28.937,T247,40C,off
04/17/2022 11:53:42,Chamber 2,28-041661e256ff,28.937,T247,40C,off
04/17/2022 11:54:02,Chamber 2,28-041661e256ff,28.937,T247,40C,off
04/17/2022 11:54:22,Chamber 2,28-041661e256ff,28.937,T247,40C,off
04/17/2022 11:54:42,Chamber 2,28-041661e256ff,28.937,T247,40C,off
04/17/2022 11:55:03,Chamber 2,28-041661e256ff,28.937,T247,40C,off
04/17/2022 11:55:22,Chamber 2,28-041661e256ff,28.937,T247,40C,off
04/17/2022 11:55:43,Chamber 2,28-041661e256ff,28.937,T247,40C,off
04/17/2022 11:56:02,Chamber 2,28-041661e256ff,28.937,T247,40C,off
04/17/2022 11:56:22,Chamber 2,28-041661e256ff,28.937,T247,40C,off
04/17/2022 11:56:42,Chamber 2,28-041661e256ff,28.937,T247,40C,off
04/17/2022 11:57:02,Chamber 2,28-041661e256ff,28.937,T247,40C,off
04/17/2022 11:57:22,Chamber 2,28-041661e256ff,28.937,T247,40C,off
04/17/2022 11:57:42,Chamber 2,28-041661e256ff,28.937,T247,40C,off
04/17/2022 11:58:02,Chamber 2,28-041661e256ff,28.937,T247,40C,off
04/17/2022 11:58:24,Chamber 2,28-041661e256ff,28.937,T247,40C,off
04/17/2022 11:58:42,Chamber 2,28-041661e256ff,28.937,T247,40C,off
04/17/2022 11:59:02,Chamber 2,28-041661e256ff,28.937,T247,40C,off
04/17/2022 11:59:22,Chamber 2,28-041661e256ff,28.937,T247,40C,off
04/17/2022 11:59:42,Chamber 2,28-041661e256ff,28.937,T247,40C,off
04/17/2022 12:00:02,Chamber 2,28-041661e256ff,28.937,T247,40C,off
04/17/2022 12:00:22,Chamber 2,28-041661e256ff,28.937,T247,40C,off
04/17/2022 12:00:42,Chamber 2,28-041661e256ff,28.937,T247,40C,off
04/17/2022 12:01:02,Chamber 2,28-041661e256ff,28.937,T247,40C,off
04/17/2022 12:01:22,Chamber 2,28-041661e256ff,28.937,T247,40C,off
04/17/2022 12:01:42,Chamber 2,28-041661e256ff,28.937,T247,40C,off
04/17/2022 12:02:02,Chamber 2,28-041661e256ff,28.937,T247,40C,off
04/17/2022 12:02:22,Chamber 2,28-041661e256ff,28.937,T247,40C,off
04/17/2022 12:02:42,Chamber 2,28-041661e256ff,28.937,T247,40C,off
04/17/2022 12:03:02,Chamber 2,28-041661e256ff,28.937,T247,40C,off
04/17/2022 12:03:22,Chamber 2,28-041661e256ff,28.937,T247,40C,off
04/17/2022 12:03:42,Chamber 2,28-041661e256ff,29.0,T247,40C,off
04/17/2022 12:04:02,Chamber 2,28-041661e256ff,29.0,T247,40C,off
04/17/2022 12:04:22,Chamber 2,28-041661e256ff,28.937,T247,40C,off
04/17/2022 12:04:42,Chamber 2,28-041661e256ff,28.937,T247,40C,off
04/17/2022 12:05:02,Chamber 2,28-041661e256ff,29.0,T247,40C,off
04/17/2022 12:05:22,Chamber 2,28-041661e256ff,29.0,T247,40C,off
04/17/2022 12:05:42,Chamber 2,28-041661e256ff,29.0,T247,40C,off
04/17/2022 12:06:02,Chamber 2,28-041661e256ff,29.0,T247,40C,off
04/17/2022 12:06:22,Chamber 2,28-041661e256ff,29.0,T247,40C,off
04/17/2022 12:06:42,Chamber 2,28-041661e256ff,29.0,T247,40C,off
04/17/2022 12:07:02,Chamber 2,28-041661e256ff,29.0,T247,40C,off
04/17/2022 12:07:22,Chamber 2,28-041661e256ff,29.0,T247,40C,off
04/17/2022 12:07:42,Chamber 2,28-041661e256ff,29.0,T247,40C,off
04/17/2022 12:08:02,Chamber 2,28-041661e256ff,29.0,T247,40C,off
04/17/2022 12:08:22,Chamber 2,28-041661e256ff,29.0,T247,40C,off
04/17/2022 12:08:42,Chamber 2,28-041661e256ff,29.0,T247,40C,off
04/17/2022 12:09:02,Chamber 2,28-041661e256ff,29.0,T247,40C,off
04/17/2022 12:09:22,Chamber 2,28-041661e256ff,29.0,T247,40C,off
04/17/2022 12:09:42,Chamber 2,28-041661e256ff,29.0,T247,40C,off
04/17/2022 12:10:02,Chamber 2,28-041661e256ff,29.0,T247,40C,off
04/17/2022 12:10:22,Chamber 2,28-041661e256ff,29.0,T247,40C,off
04/17/2022 12:10:42,Chamber 2,28-041661e256ff,29.0,T247,40C,off
04/17/2022 12:11:02,Chamber 2,28-041661e256ff,29.0,T247,40C,off
04/17/2022 12:11:22,Chamber 2,28-041661e256ff,29.0,T247,40C,off
04/17/2022 12:11:42,Chamber 2,28-041661e256ff,29.0,T247,40C,off
04/17/2022 12:12:02,Chamber 2,28-041661e256ff,29.0,T247,40C,off
04/17/2022 12:12:22,Chamber 2,28-041661e256ff,29.0,T247,40C,off
04/17/2022 12:12:42,Chamber 2,28-041661e256ff,29.0,T247,40C,off
04/17/2022 12:13:02,Chamber 2,28-041661e256ff,29.0,T247,40C,off
04/17/2022 12:13:22,Chamber 2,28-041661e256ff,29.0,T247,40C,off
04/17/2022 12:13:42,Chamber 2,28-041661e256ff,29.0,T247,40C,off
04/17/2022 12:14:02,Chamber 2,28-041661e256ff,29.0,T247,40C,off
04/17/2022 12:14:22,Chamber 2,28-041661e256ff,29.0,T247,40C,off
04/17/2022 12:14:42,Chamber 2,28-041661e256ff,29.0,T247,40C,off
04/17/2022 12:15:02,Chamber 2,28-041661e256ff,29.0,T247,40C,off
04/17/2022 12:15:22,Chamber 2,28-041661e256ff,29.0,T247,40C,off
04/17/2022 12:15:42,Chamber 2,28-041661e256ff,29.0,T247,40C,off
04/17/2022 12:16:02,Chamber 2,28-041661e256ff,29.0,T247,40C,off
04/17/2022 12:16:22,Chamber 2,28-041661e256ff,29.0,T247,40C,off
04/17/2022 12:16:42,Chamber 2,28-041661e256ff,29.0,T247,40C,off
04/17/2022 12:17:02,Chamber 2,28-041661e256ff,29.0,T247,40C,off
04/17/2022 12:17:23,Chamber 2,28-041661e256ff,29.0,T247,40C,off
04/17/2022 12:17:44,Chamber 2,28-041661e256ff,29.0,T247,40C,off
04/17/2022 12:18:02,Chamber 2,28-041661e256ff,29.0,T247,40C,off
04/17/2022 12:18:23,Chamber 2,28-041661e256ff,29.0,T247,40C,off
04/17/2022 12:18:42,Chamber 2,28-041661e256ff,29.0,T247,40C,off
04/17/2022 12:19:03,Chamber 2,28-041661e256ff,29.0,T247,40C,off
04/17/2022 12:19:22,Chamber 2,28-041661e256ff,29.0,T247,40C,off
04/17/2022 12:19:42,Chamber 2,28-041661e256ff,29.0,T247,40C,off
04/17/2022 12:20:02,Chamber 2,28-041661e256ff,29.0,T247,40C,off
04/17/2022 12:20:22,Chamber 2,28-041661e256ff,29.0,T247,40C,off
04/17/2022 12:20:42,Chamber 2,28-041661e256ff,29.0,T247,40C,off
04/17/2022 12:21:03,Chamber 2,28-041661e256ff,29.0,T247,40C,off
04/17/2022 12:21:22,Chamber 2,28-041661e256ff,29.0,T247,40C,off
04/17/2022 12:21:43,Chamber 2,28-041661e256ff,29.0,T247,40C,off
04/17/2022 12:22:02,Chamber 2,28-041661e256ff,29.0,T247,40C,off
04/17/2022 12:22:22,Chamber 2,28-041661e256ff,29.0,T247,40C,off
04/17/2022 12:22:42,Chamber 2,28-041661e256ff,29.0,T247,40C,off
04/17/2022 12:23:02,Chamber 2,28-041661e256ff,29.0,T247,40C,off
04/17/2022 12:23:24,Chamber 2,28-041661e256ff,29.0,T247,40C,off
04/17/2022 12:23:42,Chamber 2,28-041661e256ff,29.0,T247,40C,off
04/17/2022 12:24:02,Chamber 2,28-041661e256ff,29.0,T247,40C,off
04/17/2022 12:24:25,Chamber 2,28-041661e256ff,29.0,T247,40C,off
04/17/2022 12:24:42,Chamber 2,28-041661e256ff,29.0,T247,40C,off
04/17/2022 12:25:03,Chamber 2,28-041661e256ff,29.0,T247,40C,off
04/17/2022 12:25:22,Chamber 2,28-041661e256ff,29.0,T247,40C,off
04/17/2022 12:25:42,Chamber 2,28-041661e256ff,29.0,T247,40C,off
04/17/2022 12:26:02,Chamber 2,28-041661e256ff,29.0,T247,40C,off
04/17/2022 12:26:22,Chamber 2,28-041661e256ff,29.0,T247,40C,off
04/17/2022 12:26:42,Chamber 2,28-041661e256ff,29.0,T247,40C,off
04/17/2022 12:27:04,Chamber 2,28-041661e256ff,29.0,T247,40C,off
04/17/2022 12:27:22,Chamber 2,28-041661e256ff,29.0,T247,40C,off
04/17/2022 12:27:42,Chamber 2,28-041661e256ff,29.0,T247,40C,off
04/17/2022 12:28:02,Chamber 2,28-041661e256ff,29.0,T247,40C,off
04/17/2022 12:28:26,Chamber 2,28-041661e256ff,29.062,T247,40C,off
04/17/2022 12:28:42,Chamber 2,28-041661e256ff,29.0,T247,40C,off
04/17/2022 12:29:02,Chamber 2,28-041661e256ff,29.0,T247,40C,off
04/17/2022 12:29:22,Chamber 2,28-041661e256ff,29.0,T247,40C,off
04/17/2022 12:29:42,Chamber 2,28-041661e256ff,29.0,T247,40C,off
04/17/2022 12:30:02,Chamber 2,28-041661e256ff,29.0,T247,40C,off
04/17/2022 12:30:22,Chamber 2,28-041661e256ff,29.0,T247,40C,off
04/17/2022 12:30:42,Chamber 2,28-041661e256ff,29.0,T247,40C,off
04/17/2022 12:31:03,Chamber 2,28-041661e256ff,29.0,T247,40C,off
04/17/2022 12:31:22,Chamber 2,28-041661e256ff,29.0,T247,40C,off
04/17/2022 12:31:42,Chamber 2,28-041661e256ff,29.0,T247,40C,off
04/17/2022 12:32:02,Chamber 2,28-041661e256ff,29.0,T247,40C,off
04/17/2022 12:32:22,Chamber 2,28-041661e256ff,29.0,T247,40C,off
04/17/2022 12:32:42,Chamber 2,28-041661e256ff,29.062,T247,40C,off
04/17/2022 12:33:02,Chamber 2,28-041661e256ff,29.062,T247,40C,off
04/17/2022 12:33:22,Chamber 2,28-041661e256ff,29.0,T247,40C,off
04/17/2022 12:33:42,Chamber 2,28-041661e256ff,29.0,T247,40C,off
04/17/2022 12:34:03,Chamber 2,28-041661e256ff,29.062,T247,40C,off
04/17/2022 12:34:22,Chamber 2,28-041661e256ff,29.0,T247,40C,off
04/17/2022 12:34:43,Chamber 2,28-041661e256ff,29.062,T247,40C,off
04/17/2022 12:35:02,Chamber 2,28-041661e256ff,29.062,T247,40C,off
04/17/2022 12:35:22,Chamber 2,28-041661e256ff,29.0,T247,40C,off
04/17/2022 12:35:42,Chamber 2,28-041661e256ff,29.062,T247,40C,off
04/17/2022 12:36:02,Chamber 2,28-041661e256ff,29.062,T247,40C,off
04/17/2022 12:36:22,Chamber 2,28-041661e256ff,29.0,T247,40C,off
04/17/2022 12:36:42,Chamber 2,28-041661e256ff,29.062,T247,40C,off
04/17/2022 12:37:02,Chamber 2,28-041661e256ff,29.0,T247,40C,off
04/17/2022 12:37:22,Chamber 2,28-041661e256ff,29.062,T247,40C,off
04/17/2022 12:37:42,Chamber 2,28-041661e256ff,29.062,T247,40C,off
04/17/2022 12:38:02,Chamber 2,28-041661e256ff,29.062,T247,40C,off
04/17/2022 12:38:24,Chamber 2,28-041661e256ff,29.062,T247,40C,off
04/17/2022 12:38:42,Chamber 2,28-041661e256ff,29.062,T247,40C,off
04/17/2022 12:39:02,Chamber 2,28-041661e256ff,29.062,T247,40C,off
04/17/2022 12:39:23,Chamber 2,28-041661e256ff,29.062,T247,40C,off
04/17/2022 12:39:42,Chamber 2,28-041661e256ff,29.062,T247,40C,off
04/17/2022 12:40:02,Chamber 2,28-041661e256ff,29.062,T247,40C,off
04/17/2022 12:40:26,Chamber 2,28-041661e256ff,29.062,T247,40C,off
04/17/2022 12:40:42,Chamber 2,28-041661e256ff,29.062,T247,40C,off
04/17/2022 12:41:02,Chamber 2,28-041661e256ff,29.062,T247,40C,off
04/17/2022 12:41:22,Chamber 2,28-041661e256ff,29.062,T247,40C,off
04/17/2022 12:41:43,Chamber 2,28-041661e256ff,29.062,T247,40C,off
04/17/2022 12:42:03,Chamber 2,28-041661e256ff,29.062,T247,40C,off
04/17/2022 12:42:25,Chamber 2,28-041661e256ff,29.062,T247,40C,off
04/17/2022 12:42:42,Chamber 2,28-041661e256ff,29.062,T247,40C,off
04/17/2022 12:43:02,Chamber 2,28-041661e256ff,29.062,T247,40C,off
04/17/2022 12:43:22,Chamber 2,28-041661e256ff,29.062,T247,40C,off
04/17/2022 12:43:42,Chamber 2,28-041661e256ff,29.062,T247,40C,off
04/17/2022 12:44:02,Chamber 2,28-041661e256ff,29.062,T247,40C,off
04/17/2022 12:44:22,Chamber 2,28-041661e256ff,29.062,T247,40C,off
04/17/2022 12:44:42,Chamber 2,28-041661e256ff,29.062,T247,40C,off
04/17/2022 12:45:02,Chamber 2,28-041661e256ff,29.062,T247,40C,off
04/17/2022 12:45:22,Chamber 2,28-041661e256ff,29.062,T247,40C,off
04/17/2022 12:45:42,Chamber 2,28-041661e256ff,29.062,T247,40C,off
04/17/2022 12:46:03,Chamber 2,28-041661e256ff,29.062,T247,40C,off
04/17/2022 12:46:23,Chamber 2,28-041661e256ff,29.062,T247,40C,off
04/17/2022 12:46:42,Chamber 2,28-041661e256ff,29.062,T247,40C,off
04/17/2022 12:47:02,Chamber 2,28-041661e256ff,29.062,T247,40C,off
04/17/2022 12:47:22,Chamber 2,28-041661e256ff,29.062,T247,40C,off
04/17/2022 12:47:42,Chamber 2,28-041661e256ff,29.062,T247,40C,off
04/17/2022 12:48:02,Chamber 2,28-041661e256ff,29.062,T247,40C,off
04/17/2022 12:48:22,Chamber 2,28-041661e256ff,29.062,T247,40C,off
04/17/2022 12:48:42,Chamber 2,28-041661e256ff,29.062,T247,40C,off
04/17/2022 12:49:02,Chamber 2,28-041661e256ff,29.062,T247,40C,off
04/17/2022 12:49:22,Chamber 2,28-041661e256ff,29.062,T247,40C,off
04/17/2022 12:49:42,Chamber 2,28-041661e256ff,29.062,T247,40C,off
04/17/2022 12:50:02,Chamber 2,28-041661e256ff,29.062,T247,40C,off
04/17/2022 12:50:22,Chamber 2,28-041661e256ff,29.062,T247,40C,off
04/17/2022 12:50:42,Chamber 2,28-041661e256ff,29.062,T247,40C,off
04/17/2022 12:51:02,Chamber 2,28-041661e256ff,29.062,T247,40C,off
04/17/2022 12:51:22,Chamber 2,28-041661e256ff,29.062,T247,40C,off
04/17/2022 12:51:42,Chamber 2,28-041661e256ff,29.062,T247,40C,off
04/17/2022 12:52:02,Chamber 2,28-041661e256ff,29.062,T247,40C,off
04/17/2022 12:52:23,Chamber 2,28-041661e256ff,29.062,T247,40C,off
04/17/2022 12:52:42,Chamber 2,28-041661e256ff,29.062,T247,40C,off
04/17/2022 12:53:04,Chamber 2,28-041661e256ff,29.062,T247,40C,off
04/17/2022 12:53:22,Chamber 2,28-041661e256ff,29.062,T247,40C,off
04/17/2022 12:53:42,Chamber 2,28-041661e256ff,29.062,T247,40C,off
04/17/2022 12:54:02,Chamber 2,28-041661e256ff,29.062,T247,40C,off
04/17/2022 12:54:22,Chamber 2,28-041661e256ff,29.062,T247,40C,off
04/17/2022 12:54:42,Chamber 2,28-041661e256ff,29.062,T247,40C,off
04/17/2022 12:55:02,Chamber 2,28-041661e256ff,29.062,T247,40C,off
04/17/2022 12:55:22,Chamber 2,28-041661e256ff,29.062,T247,40C,off
04/17/2022 12:55:42,Chamber 2,28-041661e256ff,29.062,T247,40C,off
04/17/2022 12:56:02,Chamber 2,28-041661e256ff,29.062,T247,40C,off
04/17/2022 12:56:22,Chamber 2,28-041661e256ff,29.062,T247,40C,off
04/17/2022 12:56:42,Chamber 2,28-041661e256ff,29.062,T247,40C,off
04/17/2022 12:57:02,Chamber 2,28-041661e256ff,29.062,T247,40C,off
04/17/2022 12:57:22,Chamber 2,28-041661e256ff,29.062,T247,40C,off
04/17/2022 12:57:43,Chamber 2,28-041661e256ff,29.062,T247,40C,off
04/17/2022 12:58:02,Chamber 2,28-041661e256ff,29.062,T247,40C,off
04/17/2022 12:58:22,Chamber 2,28-041661e256ff,29.062,T247,40C,off
04/17/2022 12:58:42,Chamber 2,28-041661e256ff,29.062,T247,40C,off
04/17/2022 12:59:02,Chamber 2,28-041661e256ff,29.062,T247,40C,off
04/17/2022 12:59:23,Chamber 2,28-041661e256ff,29.125,T247,40C,off
04/17/2022 12:59:42,Chamber 2,28-041661e256ff,29.062,T247,40C,off
04/17/2022 13:00:03,Chamber 2,28-041661e256ff,29.125,T247,40C,off
04/17/2022 13:00:23,Chamber 2,28-041661e256ff,29.125,T247,40C,off
04/17/2022 13:00:42,Chamber 2,28-041661e256ff,29.125,T247,40C,off
04/17/2022 13:01:04,Chamber 2,28-041661e256ff,29.125,T247,40C,off
04/17/2022 13:01:22,Chamber 2,28-041661e256ff,29.125,T247,40C,off
04/17/2022 13:01:42,Chamber 2,28-041661e256ff,29.125,T247,40C,off
04/17/2022 13:02:02,Chamber 2,28-041661e256ff,29.125,T247,40C,off
04/17/2022 13:02:22,Chamber 2,28-041661e256ff,29.125,T247,40C,off
04/17/2022 13:02:42,Chamber 2,28-041661e256ff,29.125,T247,40C,off
04/17/2022 13:03:02,Chamber 2,28-041661e256ff,29.125,T247,40C,off
04/17/2022 13:03:22,Chamber 2,28-041661e256ff,29.125,T247,40C,off
04/17/2022 13:03:42,Chamber 2,28-041661e256ff,29.125,T247,40C,off
04/17/2022 13:04:02,Chamber 2,28-041661e256ff,29.125,T247,40C,off
04/17/2022 13:04:22,Chamber 2,28-041661e256ff,29.125,T247,40C,off
04/17/2022 13:04:42,Chamber 2,28-041661e256ff,29.125,T247,40C,off
04/17/2022 13:05:02,Chamber 2,28-041661e256ff,29.125,T247,40C,off
04/17/2022 13:05:22,Chamber 2,28-041661e256ff,29.125,T247,40C,off
04/17/2022 13:05:43,Chamber 2,28-041661e256ff,29.125,T247,40C,off
04/17/2022 13:06:02,Chamber 2,28-041661e256ff,29.125,T247,40C,off
04/17/2022 13:06:22,Chamber 2,28-041661e256ff,29.125,T247,40C,off
04/17/2022 13:06:42,Chamber 2,28-041661e256ff,29.125,T247,40C,off
04/17/2022 13:07:03,Chamber 2,28-041661e256ff,29.125,T247,40C,off
04/17/2022 13:07:22,Chamber 2,28-041661e256ff,29.125,T247,40C,off
04/17/2022 13:07:42,Chamber 2,28-041661e256ff,29.125,T247,40C,off
04/17/2022 13:08:05,Chamber 2,28-041661e256ff,29.125,T247,40C,off
04/17/2022 13:08:22,Chamber 2,28-041661e256ff,29.125,T247,40C,off
04/17/2022 13:08:42,Chamber 2,28-041661e256ff,29.125,T247,40C,off
04/17/2022 13:09:02,Chamber 2,28-041661e256ff,29.125,T247,40C,off
04/17/2022 13:09:22,Chamber 2,28-041661e256ff,29.125,T247,40C,off
04/17/2022 13:09:45,Chamber 2,28-041661e256ff,29.125,T247,40C,off
04/17/2022 13:10:02,Chamber 2,28-041661e256ff,29.125,T247,40C,off
04/17/2022 13:10:22,Chamber 2,28-041661e256ff,29.125,T247,40C,off
04/17/2022 13:10:43,Chamber 2,28-041661e256ff,29.125,T247,40C,off
04/17/2022 13:11:02,Chamber 2,28-041661e256ff,29.125,T247,40C,off
04/17/2022 13:11:22,Chamber 2,28-041661e256ff,29.125,T247,40C,off
04/17/2022 13:11:42,Chamber 2,28-041661e256ff,29.125,T247,40C,off
04/17/2022 13:12:02,Chamber 2,28-041661e256ff,29.125,T247,40C,off
04/17/2022 13:12:22,Chamber 2,28-041661e256ff,29.125,T247,40C,off
04/17/2022 13:12:42,Chamber 2,28-041661e256ff,29.125,T247,40C,off
04/17/2022 13:13:05,Chamber 2,28-041661e256ff,29.125,T247,40C,off
04/17/2022 13:13:22,Chamber 2,28-041661e256ff,29.125,T247,40C,off
04/17/2022 13:13:43,Chamber 2,28-041661e256ff,29.125,T247,40C,off
04/17/2022 13:14:03,Chamber 2,28-041661e256ff,29.125,T247,40C,off
04/17/2022 13:14:22,Chamber 2,28-041661e256ff,29.125,T247,40C,off
04/17/2022 13:14:42,Chamber 2,28-041661e256ff,29.125,T247,40C,off
04/17/2022 13:15:03,Chamber 2,28-041661e256ff,29.125,T247,40C,off
04/17/2022 13:15:24,Chamber 2,28-041661e256ff,29.125,T247,40C,off
04/17/2022 13:15:42,Chamber 2,28-041661e256ff,29.125,T247,40C,off
04/17/2022 13:16:02,Chamber 2,28-041661e256ff,29.125,T247,40C,off
04/17/2022 13:16:23,Chamber 2,28-041661e256ff,29.125,T247,40C,off
04/17/2022 13:16:42,Chamber 2,28-041661e256ff,29.125,T247,40C,off
04/17/2022 13:17:02,Chamber 2,28-041661e256ff,29.125,T247,40C,off
04/17/2022 13:17:22,Chamber 2,28-041661e256ff,29.125,T247,40C,off
04/17/2022 13:17:42,Chamber 2,28-041661e256ff,29.125,T247,40C,off
04/17/2022 13:18:03,Chamber 2,28-041661e256ff,29.125,T247,40C,off
04/17/2022 13:18:22,Chamber 2,28-041661e256ff,29.125,T247,40C,off
04/17/2022 13:18:42,Chamber 2,28-041661e256ff,29.125,T247,40C,off
04/17/2022 13:19:03,Chamber 2,28-041661e256ff,29.187,T247,40C,off
04/17/2022 13:19:22,Chamber 2,28-041661e256ff,29.187,T247,40C,off
04/17/2022 13:19:42,Chamber 2,28-041661e256ff,29.187,T247,40C,off
04/17/2022 13:20:02,Chamber 2,28-041661e256ff,29.187,T247,40C,off
04/17/2022 13:20:22,Chamber 2,28-041661e256ff,29.125,T247,40C,off
04/17/2022 13:20:42,Chamber 2,28-041661e256ff,29.125,T247,40C,off
04/17/2022 13:21:02,Chamber 2,28-041661e256ff,29.187,T247,40C,off
04/17/2022 13:21:22,Chamber 2,28-041661e256ff,29.125,T247,40C,off
04/17/2022 13:21:42,Chamber 2,28-041661e256ff,29.125,T247,40C,off
04/17/2022 13:22:02,Chamber 2,28-041661e256ff,29.187,T247,40C,off
04/17/2022 13:22:22,Chamber 2,28-041661e256ff,29.187,T247,40C,off
04/17/2022 13:22:43,Chamber 2,28-041661e256ff,29.187,T247,40C,off
04/17/2022 13:23:03,Chamber 2,28-041661e256ff,29.187,T247,40C,off
04/17/2022 13:23:23,Chamber 2,28-041661e256ff,29.187,T247,40C,off
04/17/2022 13:23:42,Chamber 2,28-041661e256ff,29.187,T247,40C,off
04/17/2022 13:24:02,Chamber 2,28-041661e256ff,29.187,T247,40C,off
04/17/2022 13:24:23,Chamber 2,28-041661e256ff,29.187,T247,40C,off
04/17/2022 13:24:42,Chamber 2,28-041661e256ff,29.187,T247,40C,off
04/17/2022 13:25:02,Chamber 2,28-041661e256ff,29.187,T247,40C,off
04/17/2022 13:25:22,Chamber 2,28-041661e256ff,29.187,T247,40C,off
04/17/2022 13:25:42,Chamber 2,28-041661e256ff,29.187,T247,40C,off
04/17/2022 13:26:02,Chamber 2,28-041661e256ff,29.187,T247,40C,off
04/17/2022 13:26:22,Chamber 2,28-041661e256ff,29.187,T247,40C,off
04/17/2022 13:26:42,Chamber 2,28-041661e256ff,29.187,T247,40C,off
04/17/2022 13:27:02,Chamber 2,28-041661e256ff,29.187,T247,40C,off
04/17/2022 13:27:22,Chamber 2,28-041661e256ff,29.187,T247,40C,off
04/17/2022 13:27:42,Chamber 2,28-041661e256ff,29.187,T247,40C,off
04/17/2022 13:28:02,Chamber 2,28-041661e256ff,29.187,T247,40C,off
04/17/2022 13:28:22,Chamber 2,28-041661e256ff,29.187,T247,40C,off
04/17/2022 13:28:42,Chamber 2,28-041661e256ff,29.187,T247,40C,off
04/17/2022 13:29:02,Chamber 2,28-041661e256ff,29.187,T247,40C,off
04/17/2022 13:29:22,Chamber 2,28-041661e256ff,29.187,T247,40C,off
04/17/2022 13:29:42,Chamber 2,28-041661e256ff,29.187,T247,40C,off
04/17/2022 13:30:03,Chamber 2,28-041661e256ff,29.187,T247,40C,off
04/17/2022 13:30:22,Chamber 2,28-041661e256ff,29.187,T247,40C,off
04/17/2022 13:30:42,Chamber 2,28-041661e256ff,29.187,T247,40C,off
04/17/2022 13:31:02,Chamber 2,28-041661e256ff,29.187,T247,40C,off
04/17/2022 13:31:22,Chamber 2,28-041661e256ff,29.187,T247,40C,off
04/17/2022 13:31:44,Chamber 2,28-041661e256ff,29.187,T247,40C,off
04/17/2022 13:32:02,Chamber 2,28-041661e256ff,29.187,T247,40C,off
04/17/2022 13:32:22,Chamber 2,28-041661e256ff,29.187,T247,40C,off
04/17/2022 13:32:42,Chamber 2,28-041661e256ff,29.187,T247,40C,off
04/17/2022 13:33:03,Chamber 2,28-041661e256ff,29.187,T247,40C,off
04/17/2022 13:33:22,Chamber 2,28-041661e256ff,29.187,T247,40C,off
04/17/2022 13:33:42,Chamber 2,28-041661e256ff,29.187,T247,40C,off
04/17/2022 13:34:02,Chamber 2,28-041661e256ff,29.187,T247,40C,off
04/17/2022 13:34:22,Chamber 2,28-041661e256ff,29.187,T247,40C,off
04/17/2022 13:34:42,Chamber 2,28-041661e256ff,29.187,T247,40C,off
04/17/2022 13:35:02,Chamber 2,28-041661e256ff,29.187,T247,40C,off
04/17/2022 13:35:22,Chamber 2,28-041661e256ff,29.187,T247,40C,off
04/17/2022 13:35:42,Chamber 2,28-041661e256ff,29.187,T247,40C,off
04/17/2022 13:36:02,Chamber 2,28-041661e256ff,29.187,T247,40C,off
04/17/2022 13:36:23,Chamber 2,28-041661e256ff,29.187,T247,40C,off
04/17/2022 13:36:42,Chamber 2,28-041661e256ff,29.187,T247,40C,off
04/17/2022 13:37:02,Chamber 2,28-041661e256ff,29.187,T247,40C,off
04/17/2022 13:37:22,Chamber 2,28-041661e256ff,29.187,T247,40C,off
04/17/2022 13:37:42,Chamber 2,28-041661e256ff,29.187,T247,40C,off
04/17/2022 13:38:02,Chamber 2,28-041661e256ff,29.187,T247,40C,off
04/17/2022 13:38:22,Chamber 2,28-041661e256ff,29.187,T247,40C,off
04/17/2022 13:38:45,Chamber 2,28-041661e256ff,29.187,T247,40C,off
04/17/2022 13:39:02,Chamber 2,28-041661e256ff,29.187,T247,40C,off
04/17/2022 13:39:22,Chamber 2,28-041661e256ff,29.187,T247,40C,off
04/17/2022 13:39:43,Chamber 2,28-041661e256ff,29.187,T247,40C,off
04/17/2022 13:40:02,Chamber 2,28-041661e256ff,29.187,T247,40C,off
04/17/2022 13:40:24,Chamber 2,28-041661e256ff,29.187,T247,40C,off
04/17/2022 13:40:43,Chamber 2,28-041661e256ff,29.187,T247,40C,off
04/17/2022 13:41:02,Chamber 2,28-041661e256ff,29.187,T247,40C,off
04/17/2022 13:41:23,Chamber 2,28-041661e256ff,29.187,T247,40C,off
04/17/2022 13:41:42,Chamber 2,28-041661e256ff,29.187,T247,40C,off
04/17/2022 13:42:02,Chamber 2,28-041661e256ff,29.187,T247,40C,off
04/17/2022 13:42:22,Chamber 2,28-041661e256ff,29.187,T247,40C,off
04/17/2022 13:42:42,Chamber 2,28-041661e256ff,29.187,T247,40C,off
04/17/2022 13:43:03,Chamber 2,28-041661e256ff,29.187,T247,40C,off
04/17/2022 13:43:22,Chamber 2,28-041661e256ff,29.187,T247,40C,off
04/17/2022 13:43:42,Chamber 2,28-041661e256ff,29.187,T247,40C,off
04/17/2022 13:44:02,Chamber 2,28-041661e256ff,29.187,T247,40C,off
04/17/2022 13:44:22,Chamber 2,28-041661e256ff,29.187,T247,40C,off
04/17/2022 13:44:42,Chamber 2,28-041661e256ff,29.187,T247,40C,off
04/17/2022 13:45:02,Chamber 2,28-041661e256ff,29.187,T247,40C,off
04/17/2022 13:45:22,Chamber 2,28-041661e256ff,29.187,T247,40C,off
04/17/2022 13:45:42,Chamber 2,28-041661e256ff,29.187,T247,40C,off
04/17/2022 13:46:02,Chamber 2,28-041661e256ff,29.187,T247,40C,off
04/17/2022 13:46:22,Chamber 2,28-041661e256ff,29.187,T247,40C,off
04/17/2022 13:46:42,Chamber 2,28-041661e256ff,29.187,T247,40C,off
04/17/2022 13:47:02,Chamber 2,28-041661e256ff,29.187,T247,40C,off
04/17/2022 13:47:22,Chamber 2,28-041661e256ff,29.187,T247,40C,off
04/17/2022 13:47:43,Chamber 2,28-041661e256ff,29.187,T247,40C,off
04/17/2022 13:48:02,Chamber 2,28-041661e256ff,29.187,T247,40C,off
04/17/2022 13:48:22,Chamber 2,28-041661e256ff,29.187,T247,40C,off
04/17/2022 13:48:42,Chamber 2,28-041661e256ff,29.187,T247,40C,off
04/17/2022 13:49:02,Chamber 2,28-041661e256ff,29.187,T247,40C,off
04/17/2022 13:49:23,Chamber 2,28-041661e256ff,29.187,T247,40C,off
04/17/2022 13:49:42,Chamber 2,28-041661e256ff,29.187,T247,40C,off
04/17/2022 13:50:02,Chamber 2,28-041661e256ff,29.187,T247,40C,off
04/17/2022 13:50:22,Chamber 2,28-041661e256ff,29.187,T247,40C,off
04/17/2022 13:50:43,Chamber 2,28-041661e256ff,29.187,T247,40C,off
04/17/2022 13:51:02,Chamber 2,28-041661e256ff,29.187,T247,40C,off
04/17/2022 13:51:23,Chamber 2,28-041661e256ff,29.187,T247,40C,off
04/17/2022 13:51:42,Chamber 2,28-041661e256ff,29.187,T247,40C,off
04/17/2022 13:52:02,Chamber 2,28-041661e256ff,29.187,T247,40C,off
04/17/2022 13:52:22,Chamber 2,28-041661e256ff,29.187,T247,40C,off
04/17/2022 13:52:42,Chamber 2,28-041661e256ff,29.187,T247,40C,off
04/17/2022 13:53:02,Chamber 2,28-041661e256ff,29.187,T247,40C,off
04/17/2022 13:53:23,Chamber 2,28-041661e256ff,29.187,T247,40C,off
04/17/2022 13:53:42,Chamber 2,28-041661e256ff,29.187,T247,40C,off
04/17/2022 13:54:02,Chamber 2,28-041661e256ff,29.187,T247,40C,off
04/17/2022 13:54:22,Chamber 2,28-041661e256ff,29.187,T247,40C,off
04/17/2022 13:54:43,Chamber 2,28-041661e256ff,29.187,T247,40C,off
04/17/2022 13:55:02,Chamber 2,28-041661e256ff,29.187,T247,40C,off
04/17/2022 13:55:22,Chamber 2,28-041661e256ff,29.187,T247,40C,off
04/17/2022 13:55:42,Chamber 2,28-041661e256ff,29.187,T247,40C,off
04/17/2022 13:56:03,Chamber 2,28-041661e256ff,29.187,T247,40C,off
04/17/2022 13:56:22,Chamber 2,28-041661e256ff,29.187,T247,40C,off
04/17/2022 13:56:42,Chamber 2,28-041661e256ff,29.187,T247,40C,off
04/17/2022 13:57:02,Chamber 2,28-041661e256ff,29.187,T247,40C,off
04/17/2022 13:57:23,Chamber 2,28-041661e256ff,29.187,T247,40C,off
04/17/2022 13:57:42,Chamber 2,28-041661e256ff,29.187,T247,40C,off
04/17/2022 13:58:04,Chamber 2,28-041661e256ff,29.187,T247,40C,off
04/17/2022 13:58:22,Chamber 2,28-041661e256ff,29.187,T247,40C,off
04/17/2022 13:58:42,Chamber 2,28-041661e256ff,29.187,T247,40C,off
04/17/2022 13:59:02,Chamber 2,28-041661e256ff,29.187,T247,40C,off
04/17/2022 13:59:23,Chamber 2,28-041661e256ff,29.187,T247,40C,off
04/17/2022 13:59:42,Chamber 2,28-041661e256ff,29.187,T247,40C,off
04/17/2022 14:00:02,Chamber 2,28-041661e256ff,29.187,T247,40C,off
04/17/2022 14:00:23,Chamber 2,28-041661e256ff,29.187,T247,40C,off
04/17/2022 14:00:44,Chamber 2,28-041661e256ff,29.187,T247,40C,off
04/17/2022 14:01:02,Chamber 2,28-041661e256ff,29.187,T247,40C,off
04/17/2022 14:01:22,Chamber 2,28-041661e256ff,29.187,T247,40C,off
04/17/2022 14:01:42,Chamber 2,28-041661e256ff,29.187,T247,40C,off
04/17/2022 14:02:02,Chamber 2,28-041661e256ff,29.187,T247,40C,off
04/17/2022 14:02:22,Chamber 2,28-041661e256ff,29.187,T247,40C,off
04/17/2022 14:02:43,Chamber 2,28-041661e256ff,29.187,T247,40C,off
04/17/2022 14:03:02,Chamber 2,28-041661e256ff,29.187,T247,40C,off
04/17/2022 14:03:22,Chamber 2,28-041661e256ff,29.187,T247,40C,off
04/17/2022 14:03:42,Chamber 2,28-041661e256ff,29.187,T247,40C,off
04/17/2022 14:04:02,Chamber 2,28-041661e256ff,29.187,T247,40C,off
04/17/2022 14:04:22,Chamber 2,28-041661e256ff,29.187,T247,40C,off
04/17/2022 14:04:42,Chamber 2,28-041661e256ff,29.187,T247,40C,off
04/17/2022 14:05:02,Chamber 2,28-041661e256ff,29.187,T247,40C,off
04/17/2022 14:05:22,Chamber 2,28-041661e256ff,29.187,T247,40C,off
04/17/2022 14:05:42,Chamber 2,28-041661e256ff,29.187,T247,40C,off
04/17/2022 14:06:02,Chamber 2,28-041661e256ff,29.125,T247,40C,off
04/17/2022 14:06:22,Chamber 2,28-041661e256ff,29.125,T247,40C,off
04/17/2022 14:06:42,Chamber 2,28-041661e256ff,29.125,T247,40C,off
04/17/2022 14:07:02,Chamber 2,28-041661e256ff,29.125,T247,40C,off
04/17/2022 14:07:23,Chamber 2,28-041661e256ff,29.125,T247,40C,off
04/17/2022 14:07:42,Chamber 2,28-041661e256ff,29.125,T247,40C,off
04/17/2022 14:08:03,Chamber 2,28-041661e256ff,29.125,T247,40C,off
04/17/2022 14:08:22,Chamber 2,28-041661e256ff,29.125,T247,40C,off
04/17/2022 14:08:42,Chamber 2,28-041661e256ff,29.125,T247,40C,off
04/17/2022 14:09:04,Chamber 2,28-041661e256ff,29.125,T247,40C,off
04/17/2022 14:09:22,Chamber 2,28-041661e256ff,29.125,T247,40C,off
04/17/2022 14:09:42,Chamber 2,28-041661e256ff,29.125,T247,40C,off
04/17/2022 14:10:03,Chamber 2,28-041661e256ff,29.125,T247,40C,off
04/17/2022 14:10:22,Chamber 2,28-041661e256ff,29.125,T247,40C,off
04/17/2022 14:10:42,Chamber 2,28-041661e256ff,29.125,T247,40C,off
04/17/2022 14:11:03,Chamber 2,28-041661e256ff,29.125,T247,40C,off
04/17/2022 14:11:22,Chamber 2,28-041661e256ff,29.125,T247,40C,off
04/17/2022 14:11:42,Chamber 2,28-041661e256ff,29.125,T247,40C,off
04/17/2022 14:12:02,Chamber 2,28-041661e256ff,29.125,T247,40C,off
04/17/2022 14:12:22,Chamber 2,28-041661e256ff,29.125,T247,40C,off
04/17/2022 14:12:42,Chamber 2,28-041661e256ff,29.125,T247,40C,off
04/17/2022 14:13:02,Chamber 2,28-041661e256ff,29.125,T247,40C,off
04/17/2022 14:13:22,Chamber 2,28-041661e256ff,29.125,T247,40C,off
04/17/2022 14:13:42,Chamber 2,28-041661e256ff,29.125,T247,40C,off
04/17/2022 14:14:02,Chamber 2,28-041661e256ff,29.125,T247,40C,off
04/17/2022 14:14:22,Chamber 2,28-041661e256ff,29.125,T247,40C,off
04/17/2022 14:14:42,Chamber 2,28-041661e256ff,29.125,T247,40C,off
04/17/2022 14:15:02,Chamber 2,28-041661e256ff,29.125,T247,40C,off
04/17/2022 14:15:22,Chamber 2,28-041661e256ff,29.187,T247,40C,off
04/17/2022 14:15:42,Chamber 2,28-041661e256ff,29.187,T247,40C,off
04/17/2022 14:16:03,Chamber 2,28-041661e256ff,29.187,T247,40C,off
04/17/2022 14:16:22,Chamber 2,28-041661e256ff,29.187,T247,40C,off
04/17/2022 14:16:42,Chamber 2,28-041661e256ff,29.125,T247,40C,off
04/17/2022 14:17:02,Chamber 2,28-041661e256ff,29.187,T247,40C,off
04/17/2022 14:17:23,Chamber 2,28-041661e256ff,29.187,T247,40C,off
04/17/2022 14:17:42,Chamber 2,28-041661e256ff,29.125,T247,40C,off
04/17/2022 14:18:02,Chamber 2,28-041661e256ff,29.187,T247,40C,off
04/17/2022 14:18:22,Chamber 2,28-041661e256ff,29.187,T247,40C,off
04/17/2022 14:18:42,Chamber 2,28-041661e256ff,29.187,T247,40C,off
04/17/2022 14:19:02,Chamber 2,28-041661e256ff,29.187,T247,40C,off
04/17/2022 14:19:22,Chamber 2,28-041661e256ff,29.187,T247,40C,off
04/17/2022 14:19:42,Chamber 2,28-041661e256ff,29.187,T247,40C,off
04/17/2022 14:20:02,Chamber 2,28-041661e256ff,29.187,T247,40C,off
04/17/2022 14:20:22,Chamber 2,28-041661e256ff,29.187,T247,40C,off
04/17/2022 14:20:42,Chamber 2,28-041661e256ff,29.187,T247,40C,off
04/17/2022 14:21:02,Chamber 2,28-041661e256ff,29.187,T247,40C,off
04/17/2022 14:21:22,Chamber 2,28-041661e256ff,29.187,T247,40C,off
04/17/2022 14:21:42,Chamber 2,28-041661e256ff,29.187,T247,40C,off
04/17/2022 14:22:02,Chamber 2,28-041661e256ff,29.187,T247,40C,off
04/17/2022 14:22:22,Chamber 2,28-041661e256ff,29.187,T247,40C,off
04/17/2022 14:22:43,Chamber 2,28-041661e256ff,29.187,T247,40C,off
04/17/2022 14:23:02,Chamber 2,28-041661e256ff,29.187,T247,40C,off
04/17/2022 14:23:22,Chamber 2,28-041661e256ff,29.187,T247,40C,off
04/17/2022 14:23:42,Chamber 2,28-041661e256ff,29.187,T247,40C,off
04/17/2022 14:24:02,Chamber 2,28-041661e256ff,29.187,T247,40C,off
04/17/2022 14:24:23,Chamber 2,28-041661e256ff,29.187,T247,40C,off
04/17/2022 14:24:42,Chamber 2,28-041661e256ff,29.187,T247,40C,off
04/17/2022 14:25:02,Chamber 2,28-041661e256ff,29.187,T247,40C,off
04/17/2022 14:25:22,Chamber 2,28-041661e256ff,29.187,T247,40C,off
04/17/2022 14:25:42,Chamber 2,28-041661e256ff,29.187,T247,40C,off
04/17/2022 14:26:03,Chamber 2,28-041661e256ff,29.187,T247,40C,off
04/17/2022 14:26:22,Chamber 2,28-041661e256ff,29.187,T247,40C,off
04/17/2022 14:26:42,Chamber 2,28-041661e256ff,29.187,T247,40C,off
04/17/2022 14:27:02,Chamber 2,28-041661e256ff,29.187,T247,40C,off
04/17/2022 14:27:22,Chamber 2,28-041661e256ff,29.187,T247,40C,off
04/17/2022 14:27:42,Chamber 2,28-041661e256ff,29.187,T247,40C,off
04/17/2022 14:28:02,Chamber 2,28-041661e256ff,29.187,T247,40C,off
04/17/2022 14:28:22,Chamber 2,28-041661e256ff,29.187,T247,40C,off
04/17/2022 14:28:42,Chamber 2,28-041661e256ff,29.187,T247,40C,off
04/17/2022 14:29:02,Chamber 2,28-041661e256ff,29.187,T247,40C,off
04/17/2022 14:29:23,Chamber 2,28-041661e256ff,29.187,T247,40C,off
04/17/2022 14:29:43,Chamber 2,28-041661e256ff,29.187,T247,40C,off
04/17/2022 14:30:02,Chamber 2,28-041661e256ff,29.187,T247,40C,off
04/17/2022 14:30:23,Chamber 2,28-041661e256ff,29.187,T247,40C,off
04/17/2022 14:30:42,Chamber 2,28-041661e256ff,29.187,T247,40C,off
04/17/2022 14:31:02,Chamber 2,28-041661e256ff,29.187,T247,40C,off
04/17/2022 14:31:22,Chamber 2,28-041661e256ff,29.187,T247,40C,off
04/17/2022 14:31:42,Chamber 2,28-041661e256ff,29.187,T247,40C,off
04/17/2022 14:32:02,Chamber 2,28-041661e256ff,29.187,T247,40C,off
04/17/2022 14:32:22,Chamber 2,28-041661e256ff,29.187,T247,40C,off
04/17/2022 14:32:42,Chamber 2,28-041661e256ff,29.187,T247,40C,off
04/17/2022 14:33:02,Chamber 2,28-041661e256ff,29.187,T247,40C,off
04/17/2022 14:33:22,Chamber 2,28-041661e256ff,29.187,T247,40C,off
04/17/2022 14:33:42,Chamber 2,28-041661e256ff,29.187,T247,40C,off
04/17/2022 14:34:02,Chamber 2,28-041661e256ff,29.25,T247,40C,off
04/17/2022 14:34:22,Chamber 2,28-041661e256ff,29.187,T247,40C,off
04/17/2022 14:34:42,Chamber 2,28-041661e256ff,29.187,T247,40C,off
04/17/2022 14:35:03,Chamber 2,28-041661e256ff,29.25,T247,40C,off
04/17/2022 14:35:22,Chamber 2,28-041661e256ff,29.25,T247,40C,off
04/17/2022 14:35:42,Chamber 2,28-041661e256ff,29.25,T247,40C,off
04/17/2022 14:36:02,Chamber 2,28-041661e256ff,29.25,T247,40C,off
04/17/2022 14:36:22,Chamber 2,28-041661e256ff,29.25,T247,40C,off
04/17/2022 14:36:42,Chamber 2,28-041661e256ff,29.25,T247,40C,off
04/17/2022 14:37:03,Chamber 2,28-041661e256ff,29.25,T247,40C,off
04/17/2022 14:37:23,Chamber 2,28-041661e256ff,29.25,T247,40C,off
04/17/2022 14:37:42,Chamber 2,28-041661e256ff,29.25,T247,40C,off
04/17/2022 14:38:02,Chamber 2,28-041661e256ff,29.25,T247,40C,off
04/17/2022 14:38:22,Chamber 2,28-041661e256ff,29.25,T247,40C,off
04/17/2022 14:38:42,Chamber 2,28-041661e256ff,29.25,T247,40C,off
04/17/2022 14:39:02,Chamber 2,28-041661e256ff,29.25,T247,40C,off
04/17/2022 14:39:23,Chamber 2,28-041661e256ff,29.25,T247,40C,off
04/17/2022 14:39:42,Chamber 2,28-041661e256ff,29.25,T247,40C,off
04/17/2022 14:40:02,Chamber 2,28-041661e256ff,29.25,T247,40C,off
04/17/2022 14:40:22,Chamber 2,28-041661e256ff,29.25,T247,40C,off
04/17/2022 14:40:42,Chamber 2,28-041661e256ff,29.25,T247,40C,off
04/17/2022 14:41:02,Chamber 2,28-041661e256ff,29.25,T247,40C,off
04/17/2022 14:41:22,Chamber 2,28-041661e256ff,29.25,T247,40C,off
04/17/2022 14:41:42,Chamber 2,28-041661e256ff,29.25,T247,40C,off
04/17/2022 14:42:02,Chamber 2,28-041661e256ff,29.25,T247,40C,off
04/17/2022 14:42:22,Chamber 2,28-041661e256ff,29.25,T247,40C,off
04/17/2022 14:42:42,Chamber 2,28-041661e256ff,29.25,T247,40C,off
04/17/2022 14:43:02,Chamber 2,28-041661e256ff,29.25,T247,40C,off
04/17/2022 14:43:22,Chamber 2,28-041661e256ff,29.25,T247,40C,off
04/17/2022 14:43:42,Chamber 2,28-041661e256ff,29.25,T247,40C,off
04/17/2022 14:44:02,Chamber 2,28-041661e256ff,29.25,T247,40C,off
04/17/2022 14:44:22,Chamber 2,28-041661e256ff,29.25,T247,40C,off
04/17/2022 14:44:42,Chamber 2,28-041661e256ff,29.25,T247,40C,off
04/17/2022 14:45:02,Chamber 2,28-041661e256ff,29.25,T247,40C,off
04/17/2022 14:45:22,Chamber 2,28-041661e256ff,29.25,T247,40C,off
04/17/2022 14:45:42,Chamber 2,28-041661e256ff,29.25,T247,40C,off
04/17/2022 14:46:02,Chamber 2,28-041661e256ff,29.25,T247,40C,off
04/17/2022 14:46:22,Chamber 2,28-041661e256ff,29.25,T247,40C,off
04/17/2022 14:46:42,Chamber 2,28-041661e256ff,29.25,T247,40C,off
04/17/2022 14:47:02,Chamber 2,28-041661e256ff,29.25,T247,40C,off
04/17/2022 14:47:22,Chamber 2,28-041661e256ff,29.25,T247,40C,off
04/17/2022 14:47:42,Chamber 2,28-041661e256ff,29.25,T247,40C,off
04/17/2022 14:48:02,Chamber 2,28-041661e256ff,29.25,T247,40C,off
04/17/2022 14:48:22,Chamber 2,28-041661e256ff,29.25,T247,40C,off
04/17/2022 14:48:42,Chamber 2,28-041661e256ff,29.25,T247,40C,off
04/17/2022 14:49:02,Chamber 2,28-041661e256ff,29.25,T247,40C,off
04/17/2022 14:49:22,Chamber 2,28-041661e256ff,29.25,T247,40C,off
04/17/2022 14:49:42,Chamber 2,28-041661e256ff,29.25,T247,40C,off
04/17/2022 14:50:02,Chamber 2,28-041661e256ff,29.25,T247,40C,off
04/17/2022 14:50:22,Chamber 2,28-041661e256ff,29.25,T247,40C,off
04/17/2022 14:50:42,Chamber 2,28-041661e256ff,29.25,T247,40C,off
04/17/2022 14:51:02,Chamber 2,28-041661e256ff,29.25,T247,40C,off
04/17/2022 14:51:22,Chamber 2,28-041661e256ff,29.25,T247,40C,off
04/17/2022 14:51:42,Chamber 2,28-041661e256ff,29.25,T247,40C,off
04/17/2022 14:52:02,Chamber 2,28-041661e256ff,29.25,T247,40C,off
04/17/2022 14:52:22,Chamber 2,28-041661e256ff,29.25,T247,40C,off
04/17/2022 14:52:42,Chamber 2,28-041661e256ff,29.25,T247,40C,off
04/17/2022 14:53:04,Chamber 2,28-041661e256ff,29.25,T247,40C,off
04/17/2022 14:53:22,Chamber 2,28-041661e256ff,29.25,T247,40C,off
04/17/2022 14:53:42,Chamber 2,28-041661e256ff,29.25,T247,40C,off
04/17/2022 14:54:02,Chamber 2,28-041661e256ff,29.25,T247,40C,off
04/17/2022 14:54:23,Chamber 2,28-041661e256ff,29.25,T247,40C,off
04/17/2022 14:54:42,Chamber 2,28-041661e256ff,29.25,T247,40C,off
04/17/2022 14:55:03,Chamber 2,28-041661e256ff,29.25,T247,40C,off
04/17/2022 14:55:22,Chamber 2,28-041661e256ff,29.25,T247,40C,off
04/17/2022 14:55:42,Chamber 2,28-041661e256ff,29.25,T247,40C,off
04/17/2022 14:56:02,Chamber 2,28-041661e256ff,29.25,T247,40C,off
04/17/2022 14:56:22,Chamber 2,28-041661e256ff,29.25,T247,40C,off
04/17/2022 14:56:42,Chamber 2,28-041661e256ff,29.25,T247,40C,off
04/17/2022 14:57:02,Chamber 2,28-041661e256ff,29.25,T247,40C,off
04/17/2022 14:57:23,Chamber 2,28-041661e256ff,29.25,T247,40C,off
04/17/2022 14:57:42,Chamber 2,28-041661e256ff,29.25,T247,40C,off
04/17/2022 14:58:02,Chamber 2,28-041661e256ff,29.25,T247,40C,off
04/17/2022 14:58:22,Chamber 2,28-041661e256ff,29.25,T247,40C,off
04/17/2022 14:58:42,Chamber 2,28-041661e256ff,29.25,T247,40C,off
04/17/2022 14:59:02,Chamber 2,28-041661e256ff,29.25,T247,40C,off
04/17/2022 14:59:22,Chamber 2,28-041661e256ff,29.25,T247,40C,off
04/17/2022 14:59:44,Chamber 2,28-041661e256ff,29.312,T247,40C,off
04/17/2022 15:00:02,Chamber 2,28-041661e256ff,29.25,T247,40C,off
04/17/2022 15:00:22,Chamber 2,28-041661e256ff,29.25,T247,40C,off
04/17/2022 15:00:43,Chamber 2,28-041661e256ff,29.312,T247,40C,off
04/17/2022 15:01:02,Chamber 2,28-041661e256ff,29.25,T247,40C,off
04/17/2022 15:01:22,Chamber 2,28-041661e256ff,29.25,T247,40C,off
04/17/2022 15:01:43,Chamber 2,28-041661e256ff,29.312,T247,40C,off
04/17/2022 15:02:02,Chamber 2,28-041661e256ff,29.312,T247,40C,off
04/17/2022 15:02:22,Chamber 2,28-041661e256ff,29.25,T247,40C,off
04/17/2022 15:02:42,Chamber 2,28-041661e256ff,29.312,T247,40C,off
04/17/2022 15:03:02,Chamber 2,28-041661e256ff,29.25,T247,40C,off
04/17/2022 15:03:22,Chamber 2,28-041661e256ff,29.312,T247,40C,off
04/17/2022 15:03:43,Chamber 2,28-041661e256ff,29.312,T247,40C,off
04/17/2022 15:04:02,Chamber 2,28-041661e256ff,29.25,T247,40C,off
04/17/2022 15:04:23,Chamber 2,28-041661e256ff,29.25,T247,40C,off
04/17/2022 15:04:43,Chamber 2,28-041661e256ff,29.25,T247,40C,off
04/17/2022 15:05:02,Chamber 2,28-041661e256ff,29.25,T247,40C,off
04/17/2022 15:05:22,Chamber 2,28-041661e256ff,29.25,T247,40C,off
04/17/2022 15:05:42,Chamber 2,28-041661e256ff,29.25,T247,40C,off
04/17/2022 15:06:02,Chamber 2,28-041661e256ff,29.25,T247,40C,off
04/17/2022 15:06:22,Chamber 2,28-041661e256ff,29.25,T247,40C,off
04/17/2022 15:06:42,Chamber 2,28-041661e256ff,29.25,T247,40C,off
04/17/2022 15:07:02,Chamber 2,28-041661e256ff,29.312,T247,40C,off
04/17/2022 15:07:22,Chamber 2,28-041661e256ff,29.25,T247,40C,off
04/17/2022 15:07:42,Chamber 2,28-041661e256ff,29.25,T247,40C,off
04/17/2022 15:08:02,Chamber 2,28-041661e256ff,29.25,T247,40C,off
04/17/2022 15:08:22,Chamber 2,28-041661e256ff,29.25,T247,40C,off
04/17/2022 15:08:42,Chamber 2,28-041661e256ff,29.25,T247,40C,off
04/17/2022 15:09:03,Chamber 2,28-041661e256ff,29.25,T247,40C,off
04/17/2022 15:09:23,Chamber 2,28-041661e256ff,29.25,T247,40C,off
04/17/2022 15:09:42,Chamber 2,28-041661e256ff,29.25,T247,40C,off
04/17/2022 15:10:03,Chamber 2,28-041661e256ff,29.25,T247,40C,off
04/17/2022 15:10:22,Chamber 2,28-041661e256ff,29.25,T247,40C,off
04/17/2022 15:10:42,Chamber 2,28-041661e256ff,29.25,T247,40C,off
04/17/2022 15:11:02,Chamber 2,28-041661e256ff,29.25,T247,40C,off
04/17/2022 15:11:22,Chamber 2,28-041661e256ff,29.25,T247,40C,off
04/17/2022 15:11:42,Chamber 2,28-041661e256ff,29.25,T247,40C,off
04/17/2022 15:12:02,Chamber 2,28-041661e256ff,29.25,T247,40C,off
04/17/2022 15:12:22,Chamber 2,28-041661e256ff,29.25,T247,40C,off
04/17/2022 15:12:42,Chamber 2,28-041661e256ff,29.25,T247,40C,off
04/17/2022 15:13:03,Chamber 2,28-041661e256ff,29.25,T247,40C,off
04/17/2022 15:13:22,Chamber 2,28-041661e256ff,29.25,T247,40C,off
04/17/2022 15:13:42,Chamber 2,28-041661e256ff,29.312,T247,40C,off
04/17/2022 15:14:02,Chamber 2,28-041661e256ff,29.25,T247,40C,off
04/17/2022 15:14:22,Chamber 2,28-041661e256ff,29.312,T247,40C,off
04/17/2022 15:14:42,Chamber 2,28-041661e256ff,29.312,T247,40C,off
04/17/2022 15:15:02,Chamber 2,28-041661e256ff,29.312,T247,40C,off
04/17/2022 15:15:22,Chamber 2,28-041661e256ff,29.312,T247,40C,off
04/17/2022 15:15:43,Chamber 2,28-041661e256ff,29.312,T247,40C,off
04/17/2022 15:16:03,Chamber 2,28-041661e256ff,29.312,T247,40C,off
04/17/2022 15:16:22,Chamber 2,28-041661e256ff,29.312,T247,40C,off
04/17/2022 15:16:43,Chamber 2,28-041661e256ff,29.312,T247,40C,off
04/17/2022 15:17:02,Chamber 2,28-041661e256ff,29.312,T247,40C,off
04/17/2022 15:17:22,Chamber 2,28-041661e256ff,29.312,T247,40C,off
04/17/2022 15:17:42,Chamber 2,28-041661e256ff,29.312,T247,40C,off
04/17/2022 15:18:02,Chamber 2,28-041661e256ff,29.312,T247,40C,off
04/17/2022 15:18:22,Chamber 2,28-041661e256ff,29.312,T247,40C,off
04/17/2022 15:18:42,Chamber 2,28-041661e256ff,29.312,T247,40C,off
04/17/2022 15:19:02,Chamber 2,28-041661e256ff,29.312,T247,40C,off
04/17/2022 15:19:23,Chamber 2,28-041661e256ff,29.312,T247,40C,off
04/17/2022 15:19:42,Chamber 2,28-041661e256ff,29.312,T247,40C,off
04/17/2022 15:20:02,Chamber 2,28-041661e256ff,29.312,T247,40C,off
04/17/2022 15:20:22,Chamber 2,28-041661e256ff,29.312,T247,40C,off
04/17/2022 15:20:42,Chamber 2,28-041661e256ff,29.312,T247,40C,off
04/17/2022 15:21:02,Chamber 2,28-041661e256ff,29.312,T247,40C,off
04/17/2022 15:21:22,Chamber 2,28-041661e256ff,29.312,T247,40C,off
04/17/2022 15:21:42,Chamber 2,28-041661e256ff,29.312,T247,40C,off
04/17/2022 15:22:02,Chamber 2,28-041661e256ff,29.312,T247,40C,off
04/17/2022 15:22:22,Chamber 2,28-041661e256ff,29.312,T247,40C,off
04/17/2022 15:22:42,Chamber 2,28-041661e256ff,29.312,T247,40C,off
04/17/2022 15:23:02,Chamber 2,28-041661e256ff,29.312,T247,40C,off
04/17/2022 15:23:22,Chamber 2,28-041661e256ff,29.312,T247,40C,off
04/17/2022 15:23:42,Chamber 2,28-041661e256ff,29.312,T247,40C,off
04/17/2022 15:24:02,Chamber 2,28-041661e256ff,29.312,T247,40C,off
04/17/2022 15:24:22,Chamber 2,28-041661e256ff,29.312,T247,40C,off
04/17/2022 15:24:42,Chamber 2,28-041661e256ff,29.312,T247,40C,off
04/17/2022 15:25:02,Chamber 2,28-041661e256ff,29.312,T247,40C,off
04/17/2022 15:25:22,Chamber 2,28-041661e256ff,29.312,T247,40C,off
04/17/2022 15:25:42,Chamber 2,28-041661e256ff,29.312,T247,40C,off
04/17/2022 15:26:03,Chamber 2,28-041661e256ff,29.312,T247,40C,off
04/17/2022 15:26:22,Chamber 2,28-041661e256ff,29.312,T247,40C,off
04/17/2022 15:26:43,Chamber 2,28-041661e256ff,29.312,T247,40C,off
04/17/2022 15:27:02,Chamber 2,28-041661e256ff,29.312,T247,40C,off
04/17/2022 15:27:22,Chamber 2,28-041661e256ff,29.312,T247,40C,off
04/17/2022 15:27:42,Chamber 2,28-041661e256ff,29.312,T247,40C,off
04/17/2022 15:28:02,Chamber 2,28-041661e256ff,29.312,T247,40C,off
04/17/2022 15:28:24,Chamber 2,28-041661e256ff,29.312,T247,40C,off
04/17/2022 15:28:42,Chamber 2,28-041661e256ff,29.312,T247,40C,off
04/17/2022 15:29:02,Chamber 2,28-041661e256ff,29.312,T247,40C,off
04/17/2022 15:29:23,Chamber 2,28-041661e256ff,29.312,T247,40C,off
04/17/2022 15:29:42,Chamber 2,28-041661e256ff,29.312,T247,40C,off
04/17/2022 15:30:02,Chamber 2,28-041661e256ff,29.312,T247,40C,off
04/17/2022 15:30:22,Chamber 2,28-041661e256ff,29.312,T247,40C,off
04/17/2022 15:30:42,Chamber 2,28-041661e256ff,29.312,T247,40C,off
04/17/2022 15:31:02,Chamber 2,28-041661e256ff,29.312,T247,40C,off
04/17/2022 15:31:22,Chamber 2,28-041661e256ff,29.312,T247,40C,off
04/17/2022 15:31:42,Chamber 2,28-041661e256ff,29.312,T247,40C,off
04/17/2022 15:32:05,Chamber 2,28-041661e256ff,29.312,T247,40C,off
04/17/2022 15:32:23,Chamber 2,28-041661e256ff,29.312,T247,40C,off
04/17/2022 15:32:42,Chamber 2,28-041661e256ff,29.312,T247,40C,off
04/17/2022 15:33:04,Chamber 2,28-041661e256ff,29.375,T247,40C,off
04/17/2022 15:33:22,Chamber 2,28-041661e256ff,29.375,T247,40C,off
04/17/2022 15:33:43,Chamber 2,28-041661e256ff,29.312,T247,40C,off
04/17/2022 15:34:04,Chamber 2,28-041661e256ff,29.312,T247,40C,off
04/17/2022 15:34:22,Chamber 2,28-041661e256ff,29.312,T247,40C,off
04/17/2022 15:34:42,Chamber 2,28-041661e256ff,29.312,T247,40C,off
04/17/2022 15:35:02,Chamber 2,28-041661e256ff,29.312,T247,40C,off
04/17/2022 15:35:24,Chamber 2,28-041661e256ff,29.312,T247,40C,off
04/17/2022 15:35:42,Chamber 2,28-041661e256ff,29.312,T247,40C,off
04/17/2022 15:36:02,Chamber 2,28-041661e256ff,29.312,T247,40C,off
04/17/2022 15:36:22,Chamber 2,28-041661e256ff,29.312,T247,40C,off
04/17/2022 15:36:42,Chamber 2,28-041661e256ff,29.312,T247,40C,off
04/17/2022 15:37:02,Chamber 2,28-041661e256ff,29.312,T247,40C,off
04/17/2022 15:37:22,Chamber 2,28-041661e256ff,29.312,T247,40C,off
04/17/2022 15:37:42,Chamber 2,28-041661e256ff,29.312,T247,40C,off
04/17/2022 15:38:05,Chamber 2,28-041661e256ff,29.375,T247,40C,off
04/17/2022 15:38:23,Chamber 2,28-041661e256ff,29.375,T247,40C,off
04/17/2022 15:38:42,Chamber 2,28-041661e256ff,29.312,T247,40C,off
04/17/2022 15:39:02,Chamber 2,28-041661e256ff,29.312,T247,40C,off
04/17/2022 15:39:22,Chamber 2,28-041661e256ff,29.312,T247,40C,off
04/17/2022 15:39:42,Chamber 2,28-041661e256ff,29.312,T247,40C,off
04/17/2022 15:40:03,Chamber 2,28-041661e256ff,29.375,T247,40C,off
04/17/2022 15:40:22,Chamber 2,28-041661e256ff,29.312,T247,40C,off
04/17/2022 15:40:42,Chamber 2,28-041661e256ff,29.375,T247,40C,off
04/17/2022 15:41:04,Chamber 2,28-041661e256ff,29.375,T247,40C,off
04/17/2022 15:41:22,Chamber 2,28-041661e256ff,29.312,T247,40C,off
04/17/2022 15:41:42,Chamber 2,28-041661e256ff,29.375,T247,40C,off
04/17/2022 15:42:02,Chamber 2,28-041661e256ff,29.375,T247,40C,off
04/17/2022 15:42:22,Chamber 2,28-041661e256ff,29.312,T247,40C,off
04/17/2022 15:42:42,Chamber 2,28-041661e256ff,29.375,T247,40C,off
04/17/2022 15:43:02,Chamber 2,28-041661e256ff,29.312,T247,40C,off
04/17/2022 15:43:22,Chamber 2,28-041661e256ff,29.312,T247,40C,off
04/17/2022 15:43:42,Chamber 2,28-041661e256ff,29.375,T247,40C,off
04/17/2022 15:44:02,Chamber 2,28-041661e256ff,29.375,T247,40C,off
04/17/2022 15:44:22,Chamber 2,28-041661e256ff,29.375,T247,40C,off
04/17/2022 15:44:43,Chamber 2,28-041661e256ff,29.375,T247,40C,off
04/17/2022 15:45:02,Chamber 2,28-041661e256ff,29.375,T247,40C,off
04/17/2022 15:45:23,Chamber 2,28-041661e256ff,29.375,T247,40C,off
04/17/2022 15:45:42,Chamber 2,28-041661e256ff,29.375,T247,40C,off
04/17/2022 15:46:02,Chamber 2,28-041661e256ff,29.375,T247,40C,off
04/17/2022 15:46:23,Chamber 2,28-041661e256ff,29.375,T247,40C,off
04/17/2022 15:46:42,Chamber 2,28-041661e256ff,29.375,T247,40C,off
04/17/2022 15:47:02,Chamber 2,28-041661e256ff,29.375,T247,40C,off
04/17/2022 15:47:22,Chamber 2,28-041661e256ff,29.375,T247,40C,off
04/17/2022 15:47:42,Chamber 2,28-041661e256ff,29.375,T247,40C,off
04/17/2022 15:48:02,Chamber 2,28-041661e256ff,29.375,T247,40C,off
04/17/2022 15:48:22,Chamber 2,28-041661e256ff,29.375,T247,40C,off
04/17/2022 15:48:43,Chamber 2,28-041661e256ff,29.375,T247,40C,off
04/17/2022 15:49:02,Chamber 2,28-041661e256ff,29.375,T247,40C,off
04/17/2022 15:49:22,Chamber 2,28-041661e256ff,29.375,T247,40C,off
04/17/2022 15:49:43,Chamber 2,28-041661e256ff,29.375,T247,40C,off
04/17/2022 15:50:02,Chamber 2,28-041661e256ff,29.375,T247,40C,off
04/17/2022 15:50:22,Chamber 2,28-041661e256ff,29.375,T247,40C,off
04/17/2022 15:50:42,Chamber 2,28-041661e256ff,29.375,T247,40C,off
04/17/2022 15:51:02,Chamber 2,28-041661e256ff,29.375,T247,40C,off
04/17/2022 15:51:22,Chamber 2,28-041661e256ff,29.375,T247,40C,off
04/17/2022 15:51:42,Chamber 2,28-041661e256ff,29.375,T247,40C,off
04/17/2022 15:52:02,Chamber 2,28-041661e256ff,29.375,T247,40C,off
04/17/2022 15:52:23,Chamber 2,28-041661e256ff,29.375,T247,40C,off
04/17/2022 15:52:42,Chamber 2,28-041661e256ff,29.375,T247,40C,off
04/17/2022 15:53:03,Chamber 2,28-041661e256ff,29.375,T247,40C,off
04/17/2022 15:53:22,Chamber 2,28-041661e256ff,29.375,T247,40C,off
04/17/2022 15:53:42,Chamber 2,28-041661e256ff,29.375,T247,40C,off
04/17/2022 15:54:02,Chamber 2,28-041661e256ff,29.375,T247,40C,off
04/17/2022 15:54:22,Chamber 2,28-041661e256ff,29.375,T247,40C,off
04/17/2022 15:54:42,Chamber 2,28-041661e256ff,29.375,T247,40C,off
04/17/2022 15:55:02,Chamber 2,28-041661e256ff,29.375,T247,40C,off
04/17/2022 15:55:22,Chamber 2,28-041661e256ff,29.375,T247,40C,off
04/17/2022 15:55:44,Chamber 2,28-041661e256ff,29.375,T247,40C,off
04/17/2022 15:56:02,Chamber 2,28-041661e256ff,29.375,T247,40C,off
04/17/2022 15:56:22,Chamber 2,28-041661e256ff,29.375,T247,40C,off
04/17/2022 15:56:42,Chamber 2,28-041661e256ff,29.375,T247,40C,off
04/17/2022 15:57:02,Chamber 2,28-041661e256ff,29.375,T247,40C,off
04/17/2022 15:57:24,Chamber 2,28-041661e256ff,29.375,T247,40C,off
04/17/2022 15:57:42,Chamber 2,28-041661e256ff,29.375,T247,40C,off
04/17/2022 15:58:02,Chamber 2,28-041661e256ff,29.375,T247,40C,off
04/17/2022 15:58:22,Chamber 2,28-041661e256ff,29.375,T247,40C,off
04/17/2022 15:58:42,Chamber 2,28-041661e256ff,29.375,T247,40C,off
04/17/2022 15:59:03,Chamber 2,28-041661e256ff,29.375,T247,40C,off
04/17/2022 15:59:22,Chamber 2,28-041661e256ff,29.375,T247,40C,off
04/17/2022 15:59:42,Chamber 2,28-041661e256ff,29.375,T247,40C,off
04/17/2022 16:00:03,Chamber 2,28-041661e256ff,29.375,T247,40C,off
04/17/2022 16:00:23,Chamber 2,28-041661e256ff,29.375,T247,40C,off
04/17/2022 16:00:43,Chamber 2,28-041661e256ff,29.375,T247,40C,off
04/17/2022 16:01:03,Chamber 2,28-041661e256ff,29.375,T247,40C,off
04/17/2022 16:01:23,Chamber 2,28-041661e256ff,29.375,T247,40C,off
04/17/2022 16:01:43,Chamber 2,28-041661e256ff,29.375,T247,40C,off
04/17/2022 16:02:03,Chamber 2,28-041661e256ff,29.375,T247,40C,off
04/17/2022 16:02:23,Chamber 2,28-041661e256ff,29.375,T247,40C,off
04/17/2022 16:02:43,Chamber 2,28-041661e256ff,29.375,T247,40C,off
04/17/2022 16:03:03,Chamber 2,28-041661e256ff,29.375,T247,40C,off
04/17/2022 16:03:23,Chamber 2,28-041661e256ff,29.375,T247,40C,off
04/17/2022 16:03:43,Chamber 2,28-041661e256ff,29.375,T247,40C,off
04/17/2022 16:04:03,Chamber 2,28-041661e256ff,29.375,T247,40C,off
04/17/2022 16:04:23,Chamber 2,28-041661e256ff,29.375,T247,40C,off
04/17/2022 16:04:43,Chamber 2,28-041661e256ff,29.375,T247,40C,off
04/17/2022 16:05:03,Chamber 2,28-041661e256ff,29.375,T247,40C,off
04/17/2022 16:05:23,Chamber 2,28-041661e256ff,29.375,T247,40C,off
04/17/2022 16:05:43,Chamber 2,28-041661e256ff,29.375,T247,40C,off
04/17/2022 16:06:03,Chamber 2,28-041661e256ff,29.375,T247,40C,off
04/17/2022 16:06:23,Chamber 2,28-041661e256ff,29.375,T247,40C,off
04/17/2022 16:06:43,Chamber 2,28-041661e256ff,29.375,T247,40C,off
04/17/2022 16:07:03,Chamber 2,28-041661e256ff,29.375,T247,40C,off
04/17/2022 16:07:23,Chamber 2,28-041661e256ff,29.375,T247,40C,off
04/17/2022 16:07:43,Chamber 2,28-041661e256ff,29.375,T247,40C,off
04/17/2022 16:08:03,Chamber 2,28-041661e256ff,29.375,T247,40C,off
04/17/2022 16:08:23,Chamber 2,28-041661e256ff,29.375,T247,40C,off
04/17/2022 16:08:43,Chamber 2,28-041661e256ff,29.375,T247,40C,off
04/17/2022 16:09:03,Chamber 2,28-041661e256ff,29.375,T247,40C,off
04/17/2022 16:09:23,Chamber 2,28-041661e256ff,29.375,T247,40C,off
04/17/2022 16:09:43,Chamber 2,28-041661e256ff,29.375,T247,40C,off
04/17/2022 16:10:03,Chamber 2,28-041661e256ff,29.375,T247,40C,off
04/17/2022 16:10:23,Chamber 2,28-041661e256ff,29.375,T247,40C,off
04/17/2022 16:10:43,Chamber 2,28-041661e256ff,29.375,T247,40C,off
04/17/2022 16:11:03,Chamber 2,28-041661e256ff,29.375,T247,40C,off
04/17/2022 16:11:23,Chamber 2,28-041661e256ff,29.375,T247,40C,off
04/17/2022 16:11:43,Chamber 2,28-041661e256ff,29.375,T247,40C,off
04/17/2022 16:12:03,Chamber 2,28-041661e256ff,29.375,T247,40C,off
04/17/2022 16:12:23,Chamber 2,28-041661e256ff,29.375,T247,40C,off
04/17/2022 16:12:43,Chamber 2,28-041661e256ff,29.375,T247,40C,off
04/17/2022 16:13:03,Chamber 2,28-041661e256ff,29.375,T247,40C,off
04/17/2022 16:13:23,Chamber 2,28-041661e256ff,29.375,T247,40C,off
04/17/2022 16:13:43,Chamber 2,28-041661e256ff,29.375,T247,40C,off
04/17/2022 16:14:03,Chamber 2,28-041661e256ff,29.375,T247,40C,off
04/17/2022 16:14:23,Chamber 2,28-041661e256ff,29.375,T247,40C,off
04/17/2022 16:14:43,Chamber 2,28-041661e256ff,29.375,T247,40C,off
04/17/2022 16:15:03,Chamber 2,28-041661e256ff,29.375,T247,40C,off
04/17/2022 16:15:23,Chamber 2,28-041661e256ff,29.375,T247,40C,off
04/17/2022 16:15:43,Chamber 2,28-041661e256ff,29.375,T247,40C,off
04/17/2022 16:16:03,Chamber 2,28-041661e256ff,29.375,T247,40C,off
04/17/2022 16:16:23,Chamber 2,28-041661e256ff,29.375,T247,40C,off
04/17/2022 16:16:43,Chamber 2,28-041661e256ff,29.375,T247,40C,off
04/17/2022 16:17:03,Chamber 2,28-041661e256ff,29.375,T247,40C,off
04/17/2022 16:17:23,Chamber 2,28-041661e256ff,29.375,T247,40C,off
04/17/2022 16:17:45,Chamber 2,28-041661e256ff,29.375,T247,40C,off
04/17/2022 16:18:03,Chamber 2,28-041661e256ff,29.375,T247,40C,off
04/17/2022 16:18:23,Chamber 2,28-041661e256ff,29.375,T247,40C,off
04/17/2022 16:18:46,Chamber 2,28-041661e256ff,29.375,T247,40C,off
04/17/2022 16:19:03,Chamber 2,28-041661e256ff,29.375,T247,40C,off
04/17/2022 16:19:23,Chamber 2,28-041661e256ff,29.375,T247,40C,off
04/17/2022 16:19:43,Chamber 2,28-041661e256ff,29.375,T247,40C,off
04/17/2022 16:20:03,Chamber 2,28-041661e256ff,29.375,T247,40C,off
04/17/2022 16:20:23,Chamber 2,28-041661e256ff,29.375,T247,40C,off
04/17/2022 16:20:43,Chamber 2,28-041661e256ff,29.375,T247,40C,off
04/17/2022 16:21:03,Chamber 2,28-041661e256ff,29.375,T247,40C,off
04/17/2022 16:21:23,Chamber 2,28-041661e256ff,29.375,T247,40C,off
04/17/2022 16:21:45,Chamber 2,28-041661e256ff,29.375,T247,40C,off
04/17/2022 16:22:05,Chamber 2,28-041661e256ff,29.375,T247,40C,off
04/17/2022 16:22:23,Chamber 2,28-041661e256ff,29.375,T247,40C,off
04/17/2022 16:22:43,Chamber 2,28-041661e256ff,29.375,T247,40C,off
04/17/2022 16:23:03,Chamber 2,28-041661e256ff,29.375,T247,40C,off
04/17/2022 16:23:23,Chamber 2,28-041661e256ff,29.375,T247,40C,off
04/17/2022 16:23:43,Chamber 2,28-041661e256ff,29.375,T247,40C,off
04/17/2022 16:24:03,Chamber 2,28-041661e256ff,29.375,T247,40C,off
04/17/2022 16:24:23,Chamber 2,28-041661e256ff,29.375,T247,40C,off
04/17/2022 16:24:43,Chamber 2,28-041661e256ff,29.375,T247,40C,off
04/17/2022 16:25:03,Chamber 2,28-041661e256ff,29.375,T247,40C,off
04/17/2022 16:25:23,Chamber 2,28-041661e256ff,29.375,T247,40C,off
04/17/2022 16:25:43,Chamber 2,28-041661e256ff,29.375,T247,40C,off
04/17/2022 16:26:03,Chamber 2,28-041661e256ff,29.375,T247,40C,off
04/17/2022 16:26:23,Chamber 2,28-041661e256ff,29.375,T247,40C,off
04/17/2022 16:26:43,Chamber 2,28-041661e256ff,29.375,T247,40C,off
04/17/2022 16:27:03,Chamber 2,28-041661e256ff,29.375,T247,40C,off
04/17/2022 16:27:23,Chamber 2,28-041661e256ff,29.375,T247,40C,off
04/17/2022 16:27:43,Chamber 2,28-041661e256ff,29.375,T247,40C,off
04/17/2022 16:28:03,Chamber 2,28-041661e256ff,29.375,T247,40C,off
04/17/2022 16:28:23,Chamber 2,28-041661e256ff,29.375,T247,40C,off
04/17/2022 16:28:43,Chamber 2,28-041661e256ff,29.375,T247,40C,off
04/17/2022 16:29:03,Chamber 2,28-041661e256ff,29.375,T247,40C,off
04/17/2022 16:29:23,Chamber 2,28-041661e256ff,29.375,T247,40C,off
04/17/2022 16:29:43,Chamber 2,28-041661e256ff,29.375,T247,40C,off
04/17/2022 16:30:04,Chamber 2,28-041661e256ff,29.375,T247,40C,off
04/17/2022 16:30:23,Chamber 2,28-041661e256ff,29.375,T247,40C,off
04/17/2022 16:30:43,Chamber 2,28-041661e256ff,29.375,T247,40C,off
04/17/2022 16:31:03,Chamber 2,28-041661e256ff,29.375,T247,40C,off
04/17/2022 16:31:23,Chamber 2,28-041661e256ff,29.375,T247,40C,off
04/17/2022 16:31:43,Chamber 2,28-041661e256ff,29.375,T247,40C,off
04/17/2022 16:32:03,Chamber 2,28-041661e256ff,29.375,T247,40C,off
04/17/2022 16:32:23,Chamber 2,28-041661e256ff,29.375,T247,40C,off
04/17/2022 16:32:43,Chamber 2,28-041661e256ff,29.375,T247,40C,off
04/17/2022 16:33:03,Chamber 2,28-041661e256ff,29.375,T247,40C,off
04/17/2022 16:33:23,Chamber 2,28-041661e256ff,29.375,T247,40C,off
04/17/2022 16:33:43,Chamber 2,28-041661e256ff,29.375,T247,40C,off
04/17/2022 16:34:03,Chamber 2,28-041661e256ff,29.375,T247,40C,off
04/17/2022 16:34:23,Chamber 2,28-041661e256ff,29.375,T247,40C,off
04/17/2022 16:34:43,Chamber 2,28-041661e256ff,29.375,T247,40C,off
04/17/2022 16:35:03,Chamber 2,28-041661e256ff,29.375,T247,40C,off
04/17/2022 16:35:23,Chamber 2,28-041661e256ff,29.375,T247,40C,off
04/17/2022 16:35:43,Chamber 2,28-041661e256ff,29.375,T247,40C,off
04/17/2022 16:36:03,Chamber 2,28-041661e256ff,29.437,T247,40C,off
04/17/2022 16:36:23,Chamber 2,28-041661e256ff,29.437,T247,40C,off
04/17/2022 16:36:43,Chamber 2,28-041661e256ff,29.437,T247,40C,off
04/17/2022 16:37:03,Chamber 2,28-041661e256ff,29.375,T247,40C,off
04/17/2022 16:37:23,Chamber 2,28-041661e256ff,29.375,T247,40C,off
04/17/2022 16:37:43,Chamber 2,28-041661e256ff,29.375,T247,40C,off
04/17/2022 16:38:03,Chamber 2,28-041661e256ff,29.375,T247,40C,off
04/17/2022 16:38:23,Chamber 2,28-041661e256ff,29.375,T247,40C,off
04/17/2022 16:38:43,Chamber 2,28-041661e256ff,29.375,T247,40C,off
04/17/2022 16:39:03,Chamber 2,28-041661e256ff,29.375,T247,40C,off
04/17/2022 16:39:23,Chamber 2,28-041661e256ff,29.375,T247,40C,off
04/17/2022 16:39:43,Chamber 2,28-041661e256ff,29.375,T247,40C,off
04/17/2022 16:40:03,Chamber 2,28-041661e256ff,29.375,T247,40C,off
04/17/2022 16:40:23,Chamber 2,28-041661e256ff,29.375,T247,40C,off
04/17/2022 16:40:43,Chamber 2,28-041661e256ff,29.375,T247,40C,off
04/17/2022 16:41:03,Chamber 2,28-041661e256ff,29.375,T247,40C,off
04/17/2022 16:41:23,Chamber 2,28-041661e256ff,29.375,T247,40C,off
04/17/2022 16:41:43,Chamber 2,28-041661e256ff,29.375,T247,40C,off
04/17/2022 16:42:03,Chamber 2,28-041661e256ff,29.375,T247,40C,off
04/17/2022 16:42:23,Chamber 2,28-041661e256ff,29.375,T247,40C,off
04/17/2022 16:42:43,Chamber 2,28-041661e256ff,29.375,T247,40C,off
04/17/2022 16:43:03,Chamber 2,28-041661e256ff,29.375,T247,40C,off
04/17/2022 16:43:23,Chamber 2,28-041661e256ff,29.375,T247,40C,off
04/17/2022 16:43:43,Chamber 2,28-041661e256ff,29.375,T247,40C,off
04/17/2022 16:44:03,Chamber 2,28-041661e256ff,29.375,T247,40C,off
04/17/2022 16:44:23,Chamber 2,28-041661e256ff,29.375,T247,40C,off
04/17/2022 16:44:43,Chamber 2,28-041661e256ff,29.375,T247,40C,off
04/17/2022 16:45:03,Chamber 2,28-041661e256ff,29.375,T247,40C,off
04/17/2022 16:45:23,Chamber 2,28-041661e256ff,29.375,T247,40C,off
04/17/2022 16:45:43,Chamber 2,28-041661e256ff,29.375,T247,40C,off
04/17/2022 16:46:03,Chamber 2,28-041661e256ff,29.375,T247,40C,off
04/17/2022 16:46:23,Chamber 2,28-041661e256ff,29.375,T247,40C,off
04/17/2022 16:46:43,Chamber 2,28-041661e256ff,29.375,T247,40C,off
04/17/2022 16:47:03,Chamber 2,28-041661e256ff,29.375,T247,40C,off
04/17/2022 16:47:23,Chamber 2,28-041661e256ff,29.375,T247,40C,off
04/17/2022 16:47:43,Chamber 2,28-041661e256ff,29.375,T247,40C,off
04/17/2022 16:48:04,Chamber 2,28-041661e256ff,29.375,T247,40C,off
04/17/2022 16:48:23,Chamber 2,28-041661e256ff,29.375,T247,40C,off
04/17/2022 16:48:43,Chamber 2,28-041661e256ff,29.375,T247,40C,off
04/17/2022 16:49:03,Chamber 2,28-041661e256ff,29.375,T247,40C,off
04/17/2022 16:49:23,Chamber 2,28-041661e256ff,29.375,T247,40C,off
04/17/2022 16:49:43,Chamber 2,28-041661e256ff,29.375,T247,40C,off
04/17/2022 16:50:03,Chamber 2,28-041661e256ff,29.375,T247,40C,off
04/17/2022 16:50:23,Chamber 2,28-041661e256ff,29.375,T247,40C,off
04/17/2022 16:50:43,Chamber 2,28-041661e256ff,29.375,T247,40C,off
04/17/2022 16:51:03,Chamber 2,28-041661e256ff,29.375,T247,40C,off
04/17/2022 16:51:23,Chamber 2,28-041661e256ff,29.375,T247,40C,off
04/17/2022 16:51:44,Chamber 2,28-041661e256ff,29.375,T247,40C,off
04/17/2022 16:52:03,Chamber 2,28-041661e256ff,29.375,T247,40C,off
04/17/2022 16:52:23,Chamber 2,28-041661e256ff,29.375,T247,40C,off
04/17/2022 16:52:43,Chamber 2,28-041661e256ff,29.375,T247,40C,off
04/17/2022 16:53:03,Chamber 2,28-041661e256ff,29.375,T247,40C,off
04/17/2022 16:53:23,Chamber 2,28-041661e256ff,29.375,T247,40C,off
04/17/2022 16:53:43,Chamber 2,28-041661e256ff,29.375,T247,40C,off
04/17/2022 16:54:03,Chamber 2,28-041661e256ff,29.375,T247,40C,off
04/17/2022 16:54:23,Chamber 2,28-041661e256ff,29.375,T247,40C,off
04/17/2022 16:54:43,Chamber 2,28-041661e256ff,29.375,T247,40C,off
04/17/2022 16:55:03,Chamber 2,28-041661e256ff,29.375,T247,40C,off
04/17/2022 16:55:23,Chamber 2,28-041661e256ff,29.375,T247,40C,off
04/17/2022 16:55:43,Chamber 2,28-041661e256ff,29.375,T247,40C,off
04/17/2022 16:56:03,Chamber 2,28-041661e256ff,29.375,T247,40C,off
04/17/2022 16:56:23,Chamber 2,28-041661e256ff,29.375,T247,40C,off
04/17/2022 16:56:43,Chamber 2,28-041661e256ff,29.375,T247,40C,off
04/17/2022 16:57:03,Chamber 2,28-041661e256ff,29.375,T247,40C,off
04/17/2022 16:57:23,Chamber 2,28-041661e256ff,29.375,T247,40C,off
04/17/2022 16:57:43,Chamber 2,28-041661e256ff,29.375,T247,40C,off
04/17/2022 16:58:03,Chamber 2,28-041661e256ff,29.375,T247,40C,off
04/17/2022 16:58:23,Chamber 2,28-041661e256ff,29.375,T247,40C,off
04/17/2022 16:58:43,Chamber 2,28-041661e256ff,29.375,T247,40C,off
04/17/2022 16:59:03,Chamber 2,28-041661e256ff,29.375,T247,40C,off
04/17/2022 16:59:23,Chamber 2,28-041661e256ff,29.375,T247,40C,off
04/17/2022 16:59:43,Chamber 2,28-041661e256ff,29.375,T247,40C,off
04/17/2022 17:00:03,Chamber 2,28-041661e256ff,29.375,T247,40C,off
04/17/2022 17:00:24,Chamber 2,28-041661e256ff,29.375,T247,40C,off
04/17/2022 17:00:43,Chamber 2,28-041661e256ff,29.375,T247,40C,off
04/17/2022 17:01:03,Chamber 2,28-041661e256ff,29.375,T247,40C,off
04/17/2022 17:01:23,Chamber 2,28-041661e256ff,29.375,T247,40C,off
04/17/2022 17:01:43,Chamber 2,28-041661e256ff,29.375,T247,40C,off
04/17/2022 17:02:04,Chamber 2,28-041661e256ff,29.375,T247,40C,off
04/17/2022 17:02:23,Chamber 2,28-041661e256ff,29.375,T247,40C,off
04/17/2022 17:02:43,Chamber 2,28-041661e256ff,29.375,T247,40C,off
04/17/2022 17:03:03,Chamber 2,28-041661e256ff,29.375,T247,40C,off
04/17/2022 17:03:23,Chamber 2,28-041661e256ff,29.375,T247,40C,off
04/17/2022 17:03:43,Chamber 2,28-041661e256ff,29.375,T247,40C,off
04/17/2022 17:04:03,Chamber 2,28-041661e256ff,29.375,T247,40C,off
04/17/2022 17:04:23,Chamber 2,28-041661e256ff,29.375,T247,40C,off
04/17/2022 17:04:43,Chamber 2,28-041661e256ff,29.375,T247,40C,off
04/17/2022 17:05:03,Chamber 2,28-041661e256ff,29.375,T247,40C,off
04/17/2022 17:05:23,Chamber 2,28-041661e256ff,29.375,T247,40C,off
04/17/2022 17:05:43,Chamber 2,28-041661e256ff,29.375,T247,40C,off
04/17/2022 17:06:03,Chamber 2,28-041661e256ff,29.375,T247,40C,off
04/17/2022 17:06:23,Chamber 2,28-041661e256ff,29.375,T247,40C,off
04/17/2022 17:06:44,Chamber 2,28-041661e256ff,29.375,T247,40C,off
04/17/2022 17:07:03,Chamber 2,28-041661e256ff,29.375,T247,40C,off
04/17/2022 17:07:23,Chamber 2,28-041661e256ff,29.375,T247,40C,off
04/17/2022 17:07:43,Chamber 2,28-041661e256ff,29.375,T247,40C,off
04/17/2022 17:08:04,Chamber 2,28-041661e256ff,29.375,T247,40C,off
04/17/2022 17:08:23,Chamber 2,28-041661e256ff,29.375,T247,40C,off
04/17/2022 17:08:44,Chamber 2,28-041661e256ff,29.375,T247,40C,off
04/17/2022 17:09:03,Chamber 2,28-041661e256ff,29.375,T247,40C,off
04/17/2022 17:09:23,Chamber 2,28-041661e256ff,29.375,T247,40C,off
04/17/2022 17:09:43,Chamber 2,28-041661e256ff,29.375,T247,40C,off
04/17/2022 17:10:03,Chamber 2,28-041661e256ff,29.375,T247,40C,off
04/17/2022 17:10:23,Chamber 2,28-041661e256ff,29.375,T247,40C,off
04/17/2022 17:10:43,Chamber 2,28-041661e256ff,29.375,T247,40C,off
04/17/2022 17:11:03,Chamber 2,28-041661e256ff,29.312,T247,40C,off
04/17/2022 17:11:23,Chamber 2,28-041661e256ff,29.375,T247,40C,off
04/17/2022 17:11:44,Chamber 2,28-041661e256ff,29.375,T247,40C,off
04/17/2022 17:12:03,Chamber 2,28-041661e256ff,29.375,T247,40C,off
04/17/2022 17:12:23,Chamber 2,28-041661e256ff,29.375,T247,40C,off
04/17/2022 17:12:43,Chamber 2,28-041661e256ff,29.375,T247,40C,off
04/17/2022 17:13:03,Chamber 2,28-041661e256ff,29.375,T247,40C,off
04/17/2022 17:13:23,Chamber 2,28-041661e256ff,29.375,T247,40C,off
04/17/2022 17:13:43,Chamber 2,28-041661e256ff,29.375,T247,40C,off
04/17/2022 17:14:04,Chamber 2,28-041661e256ff,29.375,T247,40C,off
04/17/2022 17:14:23,Chamber 2,28-041661e256ff,29.375,T247,40C,off
04/17/2022 17:14:43,Chamber 2,28-041661e256ff,29.375,T247,40C,off
04/17/2022 17:15:03,Chamber 2,28-041661e256ff,29.375,T247,40C,off
04/17/2022 17:15:23,Chamber 2,28-041661e256ff,29.375,T247,40C,off
04/17/2022 17:15:43,Chamber 2,28-041661e256ff,29.375,T247,40C,off
04/17/2022 17:16:03,Chamber 2,28-041661e256ff,29.375,T247,40C,off
04/17/2022 17:16:24,Chamber 2,28-041661e256ff,29.375,T247,40C,off
04/17/2022 17:16:43,Chamber 2,28-041661e256ff,29.375,T247,40C,off
04/17/2022 17:17:03,Chamber 2,28-041661e256ff,29.375,T247,40C,off
04/17/2022 17:17:23,Chamber 2,28-041661e256ff,29.375,T247,40C,off
04/17/2022 17:17:43,Chamber 2,28-041661e256ff,29.375,T247,40C,off
04/17/2022 17:18:03,Chamber 2,28-041661e256ff,29.375,T247,40C,off
04/17/2022 17:18:23,Chamber 2,28-041661e256ff,29.375,T247,40C,off
04/17/2022 17:18:43,Chamber 2,28-041661e256ff,29.375,T247,40C,off
04/17/2022 17:19:03,Chamber 2,28-041661e256ff,29.375,T247,40C,off
04/17/2022 17:19:23,Chamber 2,28-041661e256ff,29.375,T247,40C,off
04/17/2022 17:19:43,Chamber 2,28-041661e256ff,29.375,T247,40C,off
04/17/2022 17:20:03,Chamber 2,28-041661e256ff,29.375,T247,40C,off
04/17/2022 17:20:23,Chamber 2,28-041661e256ff,29.375,T247,40C,off
04/17/2022 17:20:43,Chamber 2,28-041661e256ff,29.375,T247,40C,off
04/17/2022 17:21:03,Chamber 2,28-041661e256ff,29.375,T247,40C,off
04/17/2022 17:21:23,Chamber 2,28-041661e256ff,29.375,T247,40C,off
04/17/2022 17:21:43,Chamber 2,28-041661e256ff,29.375,T247,40C,off
04/17/2022 17:22:03,Chamber 2,28-041661e256ff,29.312,T247,40C,off
04/17/2022 17:22:23,Chamber 2,28-041661e256ff,29.375,T247,40C,off
04/17/2022 17:22:43,Chamber 2,28-041661e256ff,29.375,T247,40C,off
04/17/2022 17:23:03,Chamber 2,28-041661e256ff,29.375,T247,40C,off
04/17/2022 17:23:23,Chamber 2,28-041661e256ff,29.375,T247,40C,off
04/17/2022 17:23:43,Chamber 2,28-041661e256ff,29.375,T247,40C,off
04/17/2022 17:24:03,Chamber 2,28-041661e256ff,29.375,T247,40C,off
04/17/2022 17:24:23,Chamber 2,28-041661e256ff,29.375,T247,40C,off
04/17/2022 17:24:43,Chamber 2,28-041661e256ff,29.375,T247,40C,off
04/17/2022 17:25:03,Chamber 2,28-041661e256ff,29.375,T247,40C,off
04/17/2022 17:25:23,Chamber 2,28-041661e256ff,29.375,T247,40C,off
04/17/2022 17:25:43,Chamber 2,28-041661e256ff,29.375,T247,40C,off
04/17/2022 17:26:03,Chamber 2,28-041661e256ff,29.375,T247,40C,off
04/17/2022 17:26:23,Chamber 2,28-041661e256ff,29.375,T247,40C,off
04/17/2022 17:26:43,Chamber 2,28-041661e256ff,29.375,T247,40C,off
04/17/2022 17:27:03,Chamber 2,28-041661e256ff,29.375,T247,40C,off
04/17/2022 17:27:23,Chamber 2,28-041661e256ff,29.375,T247,40C,off
04/17/2022 17:27:43,Chamber 2,28-041661e256ff,29.375,T247,40C,off
04/17/2022 17:28:03,Chamber 2,28-041661e256ff,29.375,T247,40C,off
04/17/2022 17:28:23,Chamber 2,28-041661e256ff,29.375,T247,40C,off
04/17/2022 17:28:43,Chamber 2,28-041661e256ff,29.375,T247,40C,off
04/17/2022 17:29:03,Chamber 2,28-041661e256ff,29.375,T247,40C,off
04/17/2022 17:29:23,Chamber 2,28-041661e256ff,29.375,T247,40C,off
04/17/2022 17:29:43,Chamber 2,28-041661e256ff,29.375,T247,40C,off
04/17/2022 17:30:03,Chamber 2,28-041661e256ff,29.375,T247,40C,off
04/17/2022 17:30:23,Chamber 2,28-041661e256ff,29.375,T247,40C,off
04/17/2022 17:30:43,Chamber 2,28-041661e256ff,29.375,T247,40C,off
04/17/2022 17:31:03,Chamber 2,28-041661e256ff,29.375,T247,40C,off
04/17/2022 17:31:23,Chamber 2,28-041661e256ff,29.375,T247,40C,off
04/17/2022 17:31:43,Chamber 2,28-041661e256ff,29.375,T247,40C,off
04/17/2022 17:32:04,Chamber 2,28-041661e256ff,29.375,T247,40C,off
04/17/2022 17:32:24,Chamber 2,28-041661e256ff,29.375,T247,40C,off
04/17/2022 17:32:43,Chamber 2,28-041661e256ff,29.375,T247,40C,off
04/17/2022 17:33:03,Chamber 2,28-041661e256ff,29.375,T247,40C,off
04/17/2022 17:33:23,Chamber 2,28-041661e256ff,29.375,T247,40C,off
04/17/2022 17:33:43,Chamber 2,28-041661e256ff,29.375,T247,40C,off
04/17/2022 17:34:03,Chamber 2,28-041661e256ff,29.375,T247,40C,off
04/17/2022 17:34:23,Chamber 2,28-041661e256ff,29.375,T247,40C,off
04/17/2022 17:34:43,Chamber 2,28-041661e256ff,29.375,T247,40C,off
04/17/2022 17:35:03,Chamber 2,28-041661e256ff,29.375,T247,40C,off
04/17/2022 17:35:25,Chamber 2,28-041661e256ff,29.375,T247,40C,off
04/17/2022 17:35:44,Chamber 2,28-041661e256ff,29.375,T247,40C,off
04/17/2022 17:36:04,Chamber 2,28-041661e256ff,29.375,T247,40C,off
04/17/2022 17:36:24,Chamber 2,28-041661e256ff,29.375,T247,40C,off
04/17/2022 17:36:43,Chamber 2,28-041661e256ff,29.375,T247,40C,off
04/17/2022 17:37:04,Chamber 2,28-041661e256ff,29.375,T247,40C,off
04/17/2022 17:37:23,Chamber 2,28-041661e256ff,29.375,T247,40C,off
04/17/2022 17:37:43,Chamber 2,28-041661e256ff,29.375,T247,40C,off
04/17/2022 17:38:03,Chamber 2,28-041661e256ff,29.312,T247,40C,off
04/17/2022 17:38:23,Chamber 2,28-041661e256ff,29.375,T247,40C,off
04/17/2022 17:38:43,Chamber 2,28-041661e256ff,29.375,T247,40C,off
04/17/2022 17:39:03,Chamber 2,28-041661e256ff,29.375,T247,40C,off
04/17/2022 17:39:23,Chamber 2,28-041661e256ff,29.375,T247,40C,off
04/17/2022 17:39:43,Chamber 2,28-041661e256ff,29.375,T247,40C,off
04/17/2022 17:40:03,Chamber 2,28-041661e256ff,29.375,T247,40C,off
04/17/2022 17:40:23,Chamber 2,28-041661e256ff,29.375,T247,40C,off
04/17/2022 17:40:43,Chamber 2,28-041661e256ff,29.312,T247,40C,off
04/17/2022 17:41:03,Chamber 2,28-041661e256ff,29.375,T247,40C,off
04/17/2022 17:41:23,Chamber 2,28-041661e256ff,29.312,T247,40C,off
04/17/2022 17:41:45,Chamber 2,28-041661e256ff,29.375,T247,40C,off
04/17/2022 17:42:03,Chamber 2,28-041661e256ff,29.375,T247,40C,off
04/17/2022 17:42:23,Chamber 2,28-041661e256ff,29.312,T247,40C,off
04/17/2022 17:42:43,Chamber 2,28-041661e256ff,29.375,T247,40C,off
04/17/2022 17:43:03,Chamber 2,28-041661e256ff,29.312,T247,40C,off
04/17/2022 17:43:23,Chamber 2,28-041661e256ff,29.375,T247,40C,off
04/17/2022 17:43:43,Chamber 2,28-041661e256ff,29.375,T247,40C,off
04/17/2022 17:44:03,Chamber 2,28-041661e256ff,29.375,T247,40C,off
04/17/2022 17:44:23,Chamber 2,28-041661e256ff,29.375,T247,40C,off
04/17/2022 17:44:43,Chamber 2,28-041661e256ff,29.375,T247,40C,off
04/17/2022 17:45:04,Chamber 2,28-041661e256ff,29.375,T247,40C,off
04/17/2022 17:45:25,Chamber 2,28-041661e256ff,29.375,T247,40C,off
04/17/2022 17:45:43,Chamber 2,28-041661e256ff,29.375,T247,40C,off
04/17/2022 17:46:03,Chamber 2,28-041661e256ff,29.375,T247,40C,off
04/17/2022 17:46:23,Chamber 2,28-041661e256ff,29.375,T247,40C,off
04/17/2022 17:46:44,Chamber 2,28-041661e256ff,29.375,T247,40C,off
04/17/2022 17:47:04,Chamber 2,28-041661e256ff,29.375,T247,40C,off
04/17/2022 17:47:23,Chamber 2,28-041661e256ff,29.375,T247,40C,off
04/17/2022 17:47:43,Chamber 2,28-041661e256ff,29.375,T247,40C,off
04/17/2022 17:48:03,Chamber 2,28-041661e256ff,29.375,T247,40C,off
04/17/2022 17:48:23,Chamber 2,28-041661e256ff,29.375,T247,40C,off
04/17/2022 17:48:43,Chamber 2,28-041661e256ff,29.375,T247,40C,off
04/17/2022 17:49:03,Chamber 2,28-041661e256ff,29.375,T247,40C,off
04/17/2022 17:49:23,Chamber 2,28-041661e256ff,29.375,T247,40C,off
04/17/2022 17:49:43,Chamber 2,28-041661e256ff,29.375,T247,40C,off
04/17/2022 17:50:03,Chamber 2,28-041661e256ff,29.375,T247,40C,off
04/17/2022 17:50:23,Chamber 2,28-041661e256ff,29.312,T247,40C,off
04/17/2022 17:50:43,Chamber 2,28-041661e256ff,29.375,T247,40C,off
04/17/2022 17:51:03,Chamber 2,28-041661e256ff,29.375,T247,40C,off
04/17/2022 17:51:23,Chamber 2,28-041661e256ff,29.375,T247,40C,off
04/17/2022 17:51:43,Chamber 2,28-041661e256ff,29.375,T247,40C,off
04/17/2022 17:52:03,Chamber 2,28-041661e256ff,29.312,T247,40C,off
04/17/2022 17:52:23,Chamber 2,28-041661e256ff,29.375,T247,40C,off
04/17/2022 17:52:43,Chamber 2,28-041661e256ff,29.312,T247,40C,off
04/17/2022 17:53:03,Chamber 2,28-041661e256ff,29.312,T247,40C,off
04/17/2022 17:53:23,Chamber 2,28-041661e256ff,29.312,T247,40C,off
04/17/2022 17:53:44,Chamber 2,28-041661e256ff,29.375,T247,40C,off
04/17/2022 17:54:03,Chamber 2,28-041661e256ff,29.375,T247,40C,off
04/17/2022 17:54:23,Chamber 2,28-041661e256ff,29.312,T247,40C,off
04/17/2022 17:54:43,Chamber 2,28-041661e256ff,29.312,T247,40C,off
04/17/2022 17:55:03,Chamber 2,28-041661e256ff,29.312,T247,40C,off
04/17/2022 17:55:23,Chamber 2,28-041661e256ff,29.312,T247,40C,off
04/17/2022 17:55:43,Chamber 2,28-041661e256ff,29.312,T247,40C,off
04/17/2022 17:56:04,Chamber 2,28-041661e256ff,29.375,T247,40C,off
04/17/2022 17:56:23,Chamber 2,28-041661e256ff,29.312,T247,40C,off
04/17/2022 17:56:43,Chamber 2,28-041661e256ff,29.312,T247,40C,off
04/17/2022 17:57:04,Chamber 2,28-041661e256ff,29.375,T247,40C,off
04/17/2022 17:57:23,Chamber 2,28-041661e256ff,29.312,T247,40C,off
04/17/2022 17:57:44,Chamber 2,28-041661e256ff,29.375,T247,40C,off
04/17/2022 17:58:04,Chamber 2,28-041661e256ff,29.312,T247,40C,off
04/17/2022 17:58:23,Chamber 2,28-041661e256ff,29.312,T247,40C,off
04/17/2022 17:58:43,Chamber 2,28-041661e256ff,29.312,T247,40C,off
04/17/2022 17:59:03,Chamber 2,28-041661e256ff,29.312,T247,40C,off
04/17/2022 17:59:23,Chamber 2,28-041661e256ff,29.312,T247,40C,off
04/17/2022 17:59:45,Chamber 2,28-041661e256ff,29.375,T247,40C,off
04/17/2022 18:00:03,Chamber 2,28-041661e256ff,29.312,T247,40C,off
04/17/2022 18:00:24,Chamber 2,28-041661e256ff,29.312,T247,40C,off
04/17/2022 18:00:43,Chamber 2,28-041661e256ff,29.312,T247,40C,off
04/17/2022 18:01:03,Chamber 2,28-041661e256ff,29.312,T247,40C,off
04/17/2022 18:01:23,Chamber 2,28-041661e256ff,29.375,T247,40C,off
04/17/2022 18:01:43,Chamber 2,28-041661e256ff,29.312,T247,40C,off
04/17/2022 18:02:03,Chamber 2,28-041661e256ff,29.312,T247,40C,off
04/17/2022 18:02:25,Chamber 2,28-041661e256ff,29.375,T247,40C,off
04/17/2022 18:02:43,Chamber 2,28-041661e256ff,29.375,T247,40C,off
04/17/2022 18:03:03,Chamber 2,28-041661e256ff,29.375,T247,40C,off
04/17/2022 18:03:23,Chamber 2,28-041661e256ff,29.312,T247,40C,off
04/17/2022 18:03:43,Chamber 2,28-041661e256ff,29.312,T247,40C,off
04/17/2022 18:04:03,Chamber 2,28-041661e256ff,29.312,T247,40C,off
04/17/2022 18:04:24,Chamber 2,28-041661e256ff,29.375,T247,40C,off
04/17/2022 18:04:43,Chamber 2,28-041661e256ff,29.375,T247,40C,off
04/17/2022 18:05:03,Chamber 2,28-041661e256ff,29.375,T247,40C,off
04/17/2022 18:05:24,Chamber 2,28-041661e256ff,29.375,T247,40C,off
04/17/2022 18:05:44,Chamber 2,28-041661e256ff,29.375,T247,40C,off
04/17/2022 18:06:03,Chamber 2,28-041661e256ff,29.312,T247,40C,off
04/17/2022 18:06:23,Chamber 2,28-041661e256ff,29.375,T247,40C,off
04/17/2022 18:06:43,Chamber 2,28-041661e256ff,29.312,T247,40C,off
04/17/2022 18:07:03,Chamber 2,28-041661e256ff,29.312,T247,40C,off
04/17/2022 18:07:23,Chamber 2,28-041661e256ff,29.375,T247,40C,off
04/17/2022 18:07:44,Chamber 2,28-041661e256ff,29.312,T247,40C,off
04/17/2022 18:08:04,Chamber 2,28-041661e256ff,29.375,T247,40C,off
04/17/2022 18:08:25,Chamber 2,28-041661e256ff,29.375,T247,40C,off
04/17/2022 18:08:43,Chamber 2,28-041661e256ff,29.375,T247,40C,off
04/17/2022 18:09:03,Chamber 2,28-041661e256ff,29.375,T247,40C,off
04/17/2022 18:09:24,Chamber 2,28-041661e256ff,29.375,T247,40C,off
04/17/2022 18:09:43,Chamber 2,28-041661e256ff,29.375,T247,40C,off
04/17/2022 18:10:03,Chamber 2,28-041661e256ff,29.375,T247,40C,off
04/17/2022 18:10:24,Chamber 2,28-041661e256ff,29.375,T247,40C,off
04/17/2022 18:10:44,Chamber 2,28-041661e256ff,29.375,T247,40C,off
04/17/2022 18:11:03,Chamber 2,28-041661e256ff,29.375,T247,40C,off
04/17/2022 18:11:23,Chamber 2,28-041661e256ff,29.375,T247,40C,off
04/17/2022 18:11:44,Chamber 2,28-041661e256ff,29.375,T247,40C,off
04/17/2022 18:12:03,Chamber 2,28-041661e256ff,29.375,T247,40C,off
04/17/2022 18:12:24,Chamber 2,28-041661e256ff,29.375,T247,40C,off
04/17/2022 18:12:43,Chamber 2,28-041661e256ff,29.375,T247,40C,off
04/17/2022 18:13:03,Chamber 2,28-041661e256ff,29.375,T247,40C,off
04/17/2022 18:13:23,Chamber 2,28-041661e256ff,29.312,T247,40C,off
04/17/2022 18:13:44,Chamber 2,28-041661e256ff,29.375,T247,40C,off
04/17/2022 18:14:03,Chamber 2,28-041661e256ff,29.375,T247,40C,off
04/17/2022 18:14:23,Chamber 2,28-041661e256ff,29.375,T247,40C,off
04/17/2022 18:14:44,Chamber 2,28-041661e256ff,29.375,T247,40C,off
04/17/2022 18:15:03,Chamber 2,28-041661e256ff,29.375,T247,40C,off
04/17/2022 18:15:23,Chamber 2,28-041661e256ff,29.375,T247,40C,off
04/17/2022 18:15:43,Chamber 2,28-041661e256ff,29.375,T247,40C,off
04/17/2022 18:16:03,Chamber 2,28-041661e256ff,29.375,T247,40C,off
04/17/2022 18:16:23,Chamber 2,28-041661e256ff,29.375,T247,40C,off
04/17/2022 18:16:43,Chamber 2,28-041661e256ff,29.375,T247,40C,off
04/17/2022 18:17:04,Chamber 2,28-041661e256ff,29.375,T247,40C,off
04/17/2022 18:17:23,Chamber 2,28-041661e256ff,29.312,T247,40C,off
04/17/2022 18:17:43,Chamber 2,28-041661e256ff,29.375,T247,40C,off
04/17/2022 18:18:04,Chamber 2,28-041661e256ff,29.375,T247,40C,off
04/17/2022 18:18:23,Chamber 2,28-041661e256ff,29.375,T247,40C,off
04/17/2022 18:18:43,Chamber 2,28-041661e256ff,29.375,T247,40C,off
04/17/2022 18:19:03,Chamber 2,28-041661e256ff,29.375,T247,40C,off
04/17/2022 18:19:24,Chamber 2,28-041661e256ff,29.375,T247,40C,off
04/17/2022 18:19:43,Chamber 2,28-041661e256ff,29.312,T247,40C,off
04/17/2022 18:20:03,Chamber 2,28-041661e256ff,29.312,T247,40C,off
04/17/2022 18:20:24,Chamber 2,28-041661e256ff,29.375,T247,40C,off
04/17/2022 18:20:43,Chamber 2,28-041661e256ff,29.375,T247,40C,off
04/17/2022 18:21:03,Chamber 2,28-041661e256ff,29.312,T247,40C,off
04/17/2022 18:21:24,Chamber 2,28-041661e256ff,29.375,T247,40C,off
04/17/2022 18:21:43,Chamber 2,28-041661e256ff,29.375,T247,40C,off
04/17/2022 18:22:03,Chamber 2,28-041661e256ff,29.375,T247,40C,off
04/17/2022 18:22:23,Chamber 2,28-041661e256ff,29.375,T247,40C,off
04/17/2022 18:22:43,Chamber 2,28-041661e256ff,29.375,T247,40C,off
04/17/2022 18:23:04,Chamber 2,28-041661e256ff,29.375,T247,40C,off
04/17/2022 18:23:24,Chamber 2,28-041661e256ff,29.375,T247,40C,off
04/17/2022 18:23:43,Chamber 2,28-041661e256ff,29.375,T247,40C,off
04/17/2022 18:24:03,Chamber 2,28-041661e256ff,29.375,T247,40C,off
04/17/2022 18:24:24,Chamber 2,28-041661e256ff,29.375,T247,40C,off
04/17/2022 18:24:43,Chamber 2,28-041661e256ff,29.375,T247,40C,off
04/17/2022 18:25:03,Chamber 2,28-041661e256ff,29.375,T247,40C,off
04/17/2022 18:25:24,Chamber 2,28-041661e256ff,29.375,T247,40C,off
04/17/2022 18:25:43,Chamber 2,28-041661e256ff,29.375,T247,40C,off
04/17/2022 18:26:03,Chamber 2,28-041661e256ff,29.375,T247,40C,off
04/17/2022 18:26:23,Chamber 2,28-041661e256ff,29.312,T247,40C,off
04/17/2022 18:26:43,Chamber 2,28-041661e256ff,29.312,T247,40C,off
04/17/2022 18:27:03,Chamber 2,28-041661e256ff,29.375,T247,40C,off
04/17/2022 18:27:23,Chamber 2,28-041661e256ff,29.312,T247,40C,off
04/17/2022 18:27:43,Chamber 2,28-041661e256ff,29.375,T247,40C,off
04/17/2022 18:28:03,Chamber 2,28-041661e256ff,29.312,T247,40C,off
04/17/2022 18:28:23,Chamber 2,28-041661e256ff,29.375,T247,40C,off
04/17/2022 18:28:43,Chamber 2,28-041661e256ff,29.312,T247,40C,off
04/17/2022 18:29:05,Chamber 2,28-041661e256ff,29.375,T247,40C,off
04/17/2022 18:29:24,Chamber 2,28-041661e256ff,29.375,T247,40C,off
04/17/2022 18:29:44,Chamber 2,28-041661e256ff,29.375,T247,40C,off
04/17/2022 18:30:03,Chamber 2,28-041661e256ff,29.375,T247,40C,off
04/17/2022 18:30:24,Chamber 2,28-041661e256ff,29.375,T247,40C,off
04/17/2022 18:30:43,Chamber 2,28-041661e256ff,29.375,T247,40C,off
04/17/2022 18:31:03,Chamber 2,28-041661e256ff,29.375,T247,40C,off
04/17/2022 18:31:24,Chamber 2,28-041661e256ff,29.375,T247,40C,off
04/17/2022 18:31:43,Chamber 2,28-041661e256ff,29.375,T247,40C,off
04/17/2022 18:32:03,Chamber 2,28-041661e256ff,29.312,T247,40C,off
04/17/2022 18:32:23,Chamber 2,28-041661e256ff,29.312,T247,40C,off
04/17/2022 18:32:43,Chamber 2,28-041661e256ff,29.312,T247,40C,off
04/17/2022 18:33:03,Chamber 2,28-041661e256ff,29.312,T247,40C,off
04/17/2022 18:33:25,Chamber 2,28-041661e256ff,29.375,T247,40C,off
04/17/2022 18:33:43,Chamber 2,28-041661e256ff,29.312,T247,40C,off
04/17/2022 18:34:04,Chamber 2,28-041661e256ff,29.312,T247,40C,off
04/17/2022 18:34:24,Chamber 2,28-041661e256ff,29.375,T247,40C,off
04/17/2022 18:34:45,Chamber 2,28-041661e256ff,29.375,T247,40C,off
04/17/2022 18:35:03,Chamber 2,28-041661e256ff,29.312,T247,40C,off
04/17/2022 18:35:23,Chamber 2,28-041661e256ff,29.312,T247,40C,off
04/17/2022 18:35:43,Chamber 2,28-041661e256ff,29.312,T247,40C,off
04/17/2022 18:36:03,Chamber 2,28-041661e256ff,29.312,T247,40C,off
04/17/2022 18:36:23,Chamber 2,28-041661e256ff,29.312,T247,40C,off
04/17/2022 18:36:43,Chamber 2,28-041661e256ff,29.312,T247,40C,off
04/17/2022 18:37:03,Chamber 2,28-041661e256ff,29.312,T247,40C,off
04/17/2022 18:37:23,Chamber 2,28-041661e256ff,29.312,T247,40C,off
04/17/2022 18:37:43,Chamber 2,28-041661e256ff,29.312,T247,40C,off
04/17/2022 18:38:03,Chamber 2,28-041661e256ff,29.312,T247,40C,off
04/17/2022 18:38:23,Chamber 2,28-041661e256ff,29.312,T247,40C,off
04/17/2022 18:38:43,Chamber 2,28-041661e256ff,29.312,T247,40C,off
04/17/2022 18:39:03,Chamber 2,28-041661e256ff,29.312,T247,40C,off
04/17/2022 18:39:23,Chamber 2,28-041661e256ff,29.312,T247,40C,off
04/17/2022 18:39:43,Chamber 2,28-041661e256ff,29.312,T247,40C,off
04/17/2022 18:40:04,Chamber 2,28-041661e256ff,29.312,T247,40C,off
04/17/2022 18:40:23,Chamber 2,28-041661e256ff,29.312,T247,40C,off
04/17/2022 18:40:45,Chamber 2,28-041661e256ff,29.312,T247,40C,off
04/17/2022 18:41:03,Chamber 2,28-041661e256ff,29.312,T247,40C,off
04/17/2022 18:41:23,Chamber 2,28-041661e256ff,29.312,T247,40C,off
04/17/2022 18:41:43,Chamber 2,28-041661e256ff,29.312,T247,40C,off
04/17/2022 18:42:04,Chamber 2,28-041661e256ff,29.312,T247,40C,off
04/17/2022 18:42:23,Chamber 2,28-041661e256ff,29.312,T247,40C,off
04/17/2022 18:42:43,Chamber 2,28-041661e256ff,29.312,T247,40C,off
04/17/2022 18:43:04,Chamber 2,28-041661e256ff,29.312,T247,40C,off
04/17/2022 18:43:25,Chamber 2,28-041661e256ff,29.312,T247,40C,off
04/17/2022 18:43:43,Chamber 2,28-041661e256ff,29.312,T247,40C,off
04/17/2022 18:44:04,Chamber 2,28-041661e256ff,29.312,T247,40C,off
04/17/2022 18:44:23,Chamber 2,28-041661e256ff,29.312,T247,40C,off
04/17/2022 18:44:43,Chamber 2,28-041661e256ff,29.312,T247,40C,off
04/17/2022 18:45:03,Chamber 2,28-041661e256ff,29.312,T247,40C,off
04/17/2022 18:45:23,Chamber 2,28-041661e256ff,29.312,T247,40C,off
04/17/2022 18:45:43,Chamber 2,28-041661e256ff,29.312,T247,40C,off
04/17/2022 18:46:03,Chamber 2,28-041661e256ff,29.312,T247,40C,off
04/17/2022 18:46:23,Chamber 2,28-041661e256ff,29.312,T247,40C,off
04/17/2022 18:46:44,Chamber 2,28-041661e256ff,29.312,T247,40C,off
04/17/2022 18:47:03,Chamber 2,28-041661e256ff,29.312,T247,40C,off
04/17/2022 18:47:23,Chamber 2,28-041661e256ff,29.312,T247,40C,off
04/17/2022 18:47:43,Chamber 2,28-041661e256ff,29.312,T247,40C,off
04/17/2022 18:48:03,Chamber 2,28-041661e256ff,29.312,T247,40C,off
04/17/2022 18:48:23,Chamber 2,28-041661e256ff,29.312,T247,40C,off
04/17/2022 18:48:43,Chamber 2,28-041661e256ff,29.312,T247,40C,off
04/17/2022 18:49:03,Chamber 2,28-041661e256ff,29.312,T247,40C,off
04/17/2022 18:49:23,Chamber 2,28-041661e256ff,29.312,T247,40C,off
04/17/2022 18:49:43,Chamber 2,28-041661e256ff,29.312,T247,40C,off
04/17/2022 18:50:03,Chamber 2,28-041661e256ff,29.312,T247,40C,off
04/17/2022 18:50:23,Chamber 2,28-041661e256ff,29.312,T247,40C,off
04/17/2022 18:50:43,Chamber 2,28-041661e256ff,29.312,T247,40C,off
04/17/2022 18:51:03,Chamber 2,28-041661e256ff,29.312,T247,40C,off
04/17/2022 18:51:23,Chamber 2,28-041661e256ff,29.312,T247,40C,off
04/17/2022 18:51:43,Chamber 2,28-041661e256ff,29.312,T247,40C,off
04/17/2022 18:52:03,Chamber 2,28-041661e256ff,29.312,T247,40C,off
04/17/2022 18:52:23,Chamber 2,28-041661e256ff,29.312,T247,40C,off
04/17/2022 18:52:46,Chamber 2,28-041661e256ff,29.312,T247,40C,off
04/17/2022 18:53:03,Chamber 2,28-041661e256ff,29.312,T247,40C,off
04/17/2022 18:53:23,Chamber 2,28-041661e256ff,29.312,T247,40C,off
04/17/2022 18:53:43,Chamber 2,28-041661e256ff,29.312,T247,40C,off
04/17/2022 18:54:03,Chamber 2,28-041661e256ff,29.312,T247,40C,off
04/17/2022 18:54:23,Chamber 2,28-041661e256ff,29.312,T247,40C,off
04/17/2022 18:54:43,Chamber 2,28-041661e256ff,29.312,T247,40C,off
04/17/2022 18:55:03,Chamber 2,28-041661e256ff,29.312,T247,40C,off
04/17/2022 18:55:23,Chamber 2,28-041661e256ff,29.312,T247,40C,off
04/17/2022 18:55:43,Chamber 2,28-041661e256ff,29.312,T247,40C,off
04/17/2022 18:56:03,Chamber 2,28-041661e256ff,29.312,T247,40C,off
04/17/2022 18:56:23,Chamber 2,28-041661e256ff,29.312,T247,40C,off
04/17/2022 18:56:43,Chamber 2,28-041661e256ff,29.312,T247,40C,off
04/17/2022 18:57:03,Chamber 2,28-041661e256ff,29.312,T247,40C,off
04/17/2022 18:57:25,Chamber 2,28-041661e256ff,29.312,T247,40C,off
04/17/2022 18:57:43,Chamber 2,28-041661e256ff,29.312,T247,40C,off
04/17/2022 18:58:03,Chamber 2,28-041661e256ff,29.312,T247,40C,off
04/17/2022 18:58:23,Chamber 2,28-041661e256ff,29.312,T247,40C,off
04/17/2022 18:58:44,Chamber 2,28-041661e256ff,29.312,T247,40C,off
04/17/2022 18:59:03,Chamber 2,28-041661e256ff,29.312,T247,40C,off
04/17/2022 18:59:23,Chamber 2,28-041661e256ff,29.312,T247,40C,off
04/17/2022 18:59:43,Chamber 2,28-041661e256ff,29.312,T247,40C,off
04/17/2022 19:00:02,Chamber 2,28-041661e256ff,29.312,T247,40C,off
04/17/2022 19:00:22,Chamber 2,28-041661e256ff,29.312,T247,40C,off
04/17/2022 19:00:42,Chamber 2,28-041661e256ff,29.312,T247,40C,off
04/17/2022 19:01:02,Chamber 2,28-041661e256ff,29.312,T247,40C,off
04/17/2022 19:01:22,Chamber 2,28-041661e256ff,29.312,T247,40C,off
04/17/2022 19:01:42,Chamber 2,28-041661e256ff,29.312,T247,40C,off
04/17/2022 19:02:02,Chamber 2,28-041661e256ff,29.312,T247,40C,off
04/17/2022 19:02:22,Chamber 2,28-041661e256ff,29.312,T247,40C,off
04/17/2022 19:02:43,Chamber 2,28-041661e256ff,29.312,T247,40C,off
04/17/2022 19:03:02,Chamber 2,28-041661e256ff,29.312,T247,40C,off
04/17/2022 19:03:22,Chamber 2,28-041661e256ff,29.312,T247,40C,off
04/17/2022 19:03:42,Chamber 2,28-041661e256ff,29.312,T247,40C,off
04/17/2022 19:04:02,Chamber 2,28-041661e256ff,29.312,T247,40C,off
04/17/2022 19:04:22,Chamber 2,28-041661e256ff,29.312,T247,40C,off
04/17/2022 19:04:42,Chamber 2,28-041661e256ff,29.312,T247,40C,off
04/17/2022 19:05:03,Chamber 2,28-041661e256ff,29.312,T247,40C,off
04/17/2022 19:05:24,Chamber 2,28-041661e256ff,29.312,T247,40C,off
04/17/2022 19:05:44,Chamber 2,28-041661e256ff,29.312,T247,40C,off
04/17/2022 19:06:02,Chamber 2,28-041661e256ff,29.312,T247,40C,off
04/17/2022 19:06:22,Chamber 2,28-041661e256ff,29.312,T247,40C,off
04/17/2022 19:06:42,Chamber 2,28-041661e256ff,29.312,T247,40C,off
04/17/2022 19:07:02,Chamber 2,28-041661e256ff,29.312,T247,40C,off
04/17/2022 19:07:22,Chamber 2,28-041661e256ff,29.312,T247,40C,off
04/17/2022 19:07:43,Chamber 2,28-041661e256ff,29.312,T247,40C,off
04/17/2022 19:08:02,Chamber 2,28-041661e256ff,29.312,T247,40C,off
04/17/2022 19:08:22,Chamber 2,28-041661e256ff,29.312,T247,40C,off
04/17/2022 19:08:43,Chamber 2,28-041661e256ff,29.312,T247,40C,off
04/17/2022 19:09:02,Chamber 2,28-041661e256ff,29.312,T247,40C,off
04/17/2022 19:09:22,Chamber 2,28-041661e256ff,29.312,T247,40C,off
04/17/2022 19:09:42,Chamber 2,28-041661e256ff,29.312,T247,40C,off
04/17/2022 19:10:02,Chamber 2,28-041661e256ff,29.312,T247,40C,off
04/17/2022 19:10:22,Chamber 2,28-041661e256ff,29.312,T247,40C,off
04/17/2022 19:10:43,Chamber 2,28-041661e256ff,29.312,T247,40C,off
04/17/2022 19:11:04,Chamber 2,28-041661e256ff,29.312,T247,40C,off
04/17/2022 19:11:22,Chamber 2,28-041661e256ff,29.312,T247,40C,off
04/17/2022 19:11:43,Chamber 2,28-041661e256ff,29.312,T247,40C,off
04/17/2022 19:12:02,Chamber 2,28-041661e256ff,29.312,T247,40C,off
04/17/2022 19:12:22,Chamber 2,28-041661e256ff,29.312,T247,40C,off
04/17/2022 19:12:42,Chamber 2,28-041661e256ff,29.312,T247,40C,off
04/17/2022 19:13:02,Chamber 2,28-041661e256ff,29.312,T247,40C,off
04/17/2022 19:13:22,Chamber 2,28-041661e256ff,29.312,T247,40C,off
04/17/2022 19:13:42,Chamber 2,28-041661e256ff,29.25,T247,40C,off
04/17/2022 19:14:02,Chamber 2,28-041661e256ff,29.312,T247,40C,off
04/17/2022 19:14:22,Chamber 2,28-041661e256ff,29.312,T247,40C,off
04/17/2022 19:14:43,Chamber 2,28-041661e256ff,29.312,T247,40C,off
04/17/2022 19:15:02,Chamber 2,28-041661e256ff,29.312,T247,40C,off
04/17/2022 19:15:22,Chamber 2,28-041661e256ff,29.25,T247,40C,off
04/17/2022 19:15:42,Chamber 2,28-041661e256ff,29.25,T247,40C,off
04/17/2022 19:16:02,Chamber 2,28-041661e256ff,29.25,T247,40C,off
04/17/2022 19:16:22,Chamber 2,28-041661e256ff,29.25,T247,40C,off
04/17/2022 19:16:42,Chamber 2,28-041661e256ff,29.312,T247,40C,off
04/17/2022 19:17:04,Chamber 2,28-041661e256ff,29.312,T247,40C,off
04/17/2022 19:17:22,Chamber 2,28-041661e256ff,29.312,T247,40C,off
04/17/2022 19:17:42,Chamber 2,28-041661e256ff,29.312,T247,40C,off
04/17/2022 19:18:03,Chamber 2,28-041661e256ff,29.25,T247,40C,off
04/17/2022 19:18:22,Chamber 2,28-041661e256ff,29.25,T247,40C,off
04/17/2022 19:18:43,Chamber 2,28-041661e256ff,29.312,T247,40C,off
04/17/2022 19:19:02,Chamber 2,28-041661e256ff,29.25,T247,40C,off
04/17/2022 19:19:22,Chamber 2,28-041661e256ff,29.25,T247,40C,off
04/17/2022 19:19:44,Chamber 2,28-041661e256ff,29.312,T247,40C,off
04/17/2022 19:20:02,Chamber 2,28-041661e256ff,29.25,T247,40C,off
04/17/2022 19:20:23,Chamber 2,28-041661e256ff,29.25,T247,40C,off
04/17/2022 19:20:42,Chamber 2,28-041661e256ff,29.25,T247,40C,off
04/17/2022 19:21:03,Chamber 2,28-041661e256ff,29.25,T247,40C,off
04/17/2022 19:21:22,Chamber 2,28-041661e256ff,29.25,T247,40C,off
04/17/2022 19:21:42,Chamber 2,28-041661e256ff,29.25,T247,40C,off
04/17/2022 19:22:02,Chamber 2,28-041661e256ff,29.25,T247,40C,off
04/17/2022 19:22:22,Chamber 2,28-041661e256ff,29.25,T247,40C,off
04/17/2022 19:22:42,Chamber 2,28-041661e256ff,29.25,T247,40C,off
04/17/2022 19:23:02,Chamber 2,28-041661e256ff,29.25,T247,40C,off
04/17/2022 19:23:22,Chamber 2,28-041661e256ff,29.25,T247,40C,off
04/17/2022 19:23:42,Chamber 2,28-041661e256ff,29.25,T247,40C,off
04/17/2022 19:24:02,Chamber 2,28-041661e256ff,29.25,T247,40C,off
04/17/2022 19:24:22,Chamber 2,28-041661e256ff,29.25,T247,40C,off
04/17/2022 19:24:42,Chamber 2,28-041661e256ff,29.25,T247,40C,off
04/17/2022 19:25:02,Chamber 2,28-041661e256ff,29.25,T247,40C,off
04/17/2022 19:25:22,Chamber 2,28-041661e256ff,29.25,T247,40C,off
04/17/2022 19:25:42,Chamber 2,28-041661e256ff,29.25,T247,40C,off
04/17/2022 19:26:02,Chamber 2,28-041661e256ff,29.25,T247,40C,off
04/17/2022 19:26:22,Chamber 2,28-041661e256ff,29.25,T247,40C,off
04/17/2022 19:26:42,Chamber 2,28-041661e256ff,29.25,T247,40C,off
04/17/2022 19:27:02,Chamber 2,28-041661e256ff,29.25,T247,40C,off
04/17/2022 19:27:23,Chamber 2,28-041661e256ff,29.25,T247,40C,off
04/17/2022 19:27:44,Chamber 2,28-041661e256ff,29.25,T247,40C,off
04/17/2022 19:28:02,Chamber 2,28-041661e256ff,29.25,T247,40C,off
04/17/2022 19:28:22,Chamber 2,28-041661e256ff,29.25,T247,40C,off
04/17/2022 19:28:42,Chamber 2,28-041661e256ff,29.25,T247,40C,off
04/17/2022 19:29:02,Chamber 2,28-041661e256ff,29.25,T247,40C,off
04/17/2022 19:29:22,Chamber 2,28-041661e256ff,29.25,T247,40C,off
04/17/2022 19:29:42,Chamber 2,28-041661e256ff,29.25,T247,40C,off
04/17/2022 19:30:02,Chamber 2,28-041661e256ff,29.25,T247,40C,off
04/17/2022 19:30:22,Chamber 2,28-041661e256ff,29.25,T247,40C,off
04/17/2022 19:30:42,Chamber 2,28-041661e256ff,29.25,T247,40C,off
04/17/2022 19:31:02,Chamber 2,28-041661e256ff,29.25,T247,40C,off
04/17/2022 19:31:22,Chamber 2,28-041661e256ff,29.25,T247,40C,off
04/17/2022 19:31:42,Chamber 2,28-041661e256ff,29.25,T247,40C,off
04/17/2022 19:32:02,Chamber 2,28-041661e256ff,29.25,T247,40C,off
04/17/2022 19:32:22,Chamber 2,28-041661e256ff,29.25,T247,40C,off
04/17/2022 19:32:42,Chamber 2,28-041661e256ff,29.25,T247,40C,off
04/17/2022 19:33:04,Chamber 2,28-041661e256ff,29.25,T247,40C,off
04/17/2022 19:33:22,Chamber 2,28-041661e256ff,29.25,T247,40C,off
04/17/2022 19:33:42,Chamber 2,28-041661e256ff,29.25,T247,40C,off
04/17/2022 19:34:04,Chamber 2,28-041661e256ff,29.25,T247,40C,off
04/17/2022 19:34:22,Chamber 2,28-041661e256ff,29.25,T247,40C,off
04/17/2022 19:34:43,Chamber 2,28-041661e256ff,29.25,T247,40C,off
04/17/2022 19:35:02,Chamber 2,28-041661e256ff,29.25,T247,40C,off
04/17/2022 19:35:22,Chamber 2,28-041661e256ff,29.25,T247,40C,off
04/17/2022 19:35:43,Chamber 2,28-041661e256ff,29.25,T247,40C,off
04/17/2022 19:36:02,Chamber 2,28-041661e256ff,29.25,T247,40C,off
04/17/2022 19:36:22,Chamber 2,28-041661e256ff,29.25,T247,40C,off
04/17/2022 19:36:42,Chamber 2,28-041661e256ff,29.25,T247,40C,off
04/17/2022 19:37:02,Chamber 2,28-041661e256ff,29.25,T247,40C,off
04/17/2022 19:37:22,Chamber 2,28-041661e256ff,29.25,T247,40C,off
04/17/2022 19:37:42,Chamber 2,28-041661e256ff,29.25,T247,40C,off
04/17/2022 19:38:02,Chamber 2,28-041661e256ff,29.25,T247,40C,off
04/17/2022 19:38:22,Chamber 2,28-041661e256ff,29.25,T247,40C,off
04/17/2022 19:38:42,Chamber 2,28-041661e256ff,29.25,T247,40C,off
04/17/2022 19:39:02,Chamber 2,28-041661e256ff,29.25,T247,40C,off
04/17/2022 19:39:22,Chamber 2,28-041661e256ff,29.25,T247,40C,off
04/17/2022 19:39:42,Chamber 2,28-041661e256ff,29.25,T247,40C,off
04/17/2022 19:40:02,Chamber 2,28-041661e256ff,29.25,T247,40C,off
04/17/2022 19:40:23,Chamber 2,28-041661e256ff,29.25,T247,40C,off
04/17/2022 19:40:42,Chamber 2,28-041661e256ff,29.25,T247,40C,off
04/17/2022 19:41:03,Chamber 2,28-041661e256ff,29.25,T247,40C,off
04/17/2022 19:41:24,Chamber 2,28-041661e256ff,29.25,T247,40C,off
04/17/2022 19:41:42,Chamber 2,28-041661e256ff,29.25,T247,40C,off
04/17/2022 19:42:02,Chamber 2,28-041661e256ff,29.25,T247,40C,off
04/17/2022 19:42:22,Chamber 2,28-041661e256ff,29.25,T247,40C,off
04/17/2022 19:42:42,Chamber 2,28-041661e256ff,29.25,T247,40C,off
04/17/2022 19:43:02,Chamber 2,28-041661e256ff,29.25,T247,40C,off
04/17/2022 19:43:22,Chamber 2,28-041661e256ff,29.25,T247,40C,off
04/17/2022 19:43:42,Chamber 2,28-041661e256ff,29.25,T247,40C,off
04/17/2022 19:44:02,Chamber 2,28-041661e256ff,29.25,T247,40C,off
04/17/2022 19:44:24,Chamber 2,28-041661e256ff,29.25,T247,40C,off
04/17/2022 19:44:42,Chamber 2,28-041661e256ff,29.25,T247,40C,off
04/17/2022 19:45:02,Chamber 2,28-041661e256ff,29.25,T247,40C,off
04/17/2022 19:45:23,Chamber 2,28-041661e256ff,29.25,T247,40C,off
04/17/2022 19:45:42,Chamber 2,28-041661e256ff,29.25,T247,40C,off
04/17/2022 19:46:02,Chamber 2,28-041661e256ff,29.25,T247,40C,off
04/17/2022 19:46:22,Chamber 2,28-041661e256ff,29.25,T247,40C,off
04/17/2022 19:46:42,Chamber 2,28-041661e256ff,29.25,T247,40C,off
04/17/2022 19:47:02,Chamber 2,28-041661e256ff,29.25,T247,40C,off
04/17/2022 19:47:22,Chamber 2,28-041661e256ff,29.25,T247,40C,off
04/17/2022 19:47:42,Chamber 2,28-041661e256ff,29.25,T247,40C,off
04/17/2022 19:48:02,Chamber 2,28-041661e256ff,29.25,T247,40C,off
04/17/2022 19:48:22,Chamber 2,28-041661e256ff,29.25,T247,40C,off
04/17/2022 19:48:42,Chamber 2,28-041661e256ff,29.25,T247,40C,off
04/17/2022 19:49:03,Chamber 2,28-041661e256ff,29.25,T247,40C,off
04/17/2022 19:49:22,Chamber 2,28-041661e256ff,29.25,T247,40C,off
04/17/2022 19:49:42,Chamber 2,28-041661e256ff,29.25,T247,40C,off
04/17/2022 19:50:03,Chamber 2,28-041661e256ff,29.25,T247,40C,off
04/17/2022 19:50:22,Chamber 2,28-041661e256ff,29.25,T247,40C,off
04/17/2022 19:50:42,Chamber 2,28-041661e256ff,29.25,T247,40C,off
04/17/2022 19:51:02,Chamber 2,28-041661e256ff,29.25,T247,40C,off
04/17/2022 19:51:22,Chamber 2,28-041661e256ff,29.25,T247,40C,off
04/17/2022 19:51:42,Chamber 2,28-041661e256ff,29.25,T247,40C,off
04/17/2022 19:52:02,Chamber 2,28-041661e256ff,29.25,T247,40C,off
04/17/2022 19:52:22,Chamber 2,28-041661e256ff,29.25,T247,40C,off
04/17/2022 19:52:42,Chamber 2,28-041661e256ff,29.25,T247,40C,off
04/17/2022 19:53:02,Chamber 2,28-041661e256ff,29.25,T247,40C,off
04/17/2022 19:53:22,Chamber 2,28-041661e256ff,29.25,T247,40C,off
04/17/2022 19:53:42,Chamber 2,28-041661e256ff,29.25,T247,40C,off
04/17/2022 19:54:02,Chamber 2,28-041661e256ff,29.25,T247,40C,off
04/17/2022 19:54:22,Chamber 2,28-041661e256ff,29.25,T247,40C,off
04/17/2022 19:54:42,Chamber 2,28-041661e256ff,29.25,T247,40C,off
04/17/2022 19:55:02,Chamber 2,28-041661e256ff,29.25,T247,40C,off
04/17/2022 19:55:22,Chamber 2,28-041661e256ff,29.25,T247,40C,off
04/17/2022 19:55:42,Chamber 2,28-041661e256ff,29.25,T247,40C,off
04/17/2022 19:56:02,Chamber 2,28-041661e256ff,29.25,T247,40C,off
04/17/2022 19:56:22,Chamber 2,28-041661e256ff,29.25,T247,40C,off
04/17/2022 19:56:42,Chamber 2,28-041661e256ff,29.25,T247,40C,off
04/17/2022 19:57:02,Chamber 2,28-041661e256ff,29.25,T247,40C,off
04/17/2022 19:57:22,Chamber 2,28-041661e256ff,29.25,T247,40C,off
04/17/2022 19:57:43,Chamber 2,28-041661e256ff,29.25,T247,40C,off
04/17/2022 19:58:02,Chamber 2,28-041661e256ff,29.25,T247,40C,off
04/17/2022 19:58:22,Chamber 2,28-041661e256ff,29.25,T247,40C,off
04/17/2022 19:58:44,Chamber 2,28-041661e256ff,29.25,T247,40C,off
04/17/2022 19:59:02,Chamber 2,28-041661e256ff,29.25,T247,40C,off
04/17/2022 19:59:22,Chamber 2,28-041661e256ff,29.25,T247,40C,off
04/17/2022 19:59:43,Chamber 2,28-041661e256ff,29.25,T247,40C,off
04/17/2022 20:00:02,Chamber 2,28-041661e256ff,29.25,T247,40C,off
04/17/2022 20:00:22,Chamber 2,28-041661e256ff,29.25,T247,40C,off
04/17/2022 20:00:42,Chamber 2,28-041661e256ff,29.312,T247,40C,off
04/17/2022 20:01:02,Chamber 2,28-041661e256ff,29.312,T247,40C,off
04/17/2022 20:01:22,Chamber 2,28-041661e256ff,29.312,T247,40C,off
04/17/2022 20:01:42,Chamber 2,28-041661e256ff,29.312,T247,40C,off
04/17/2022 20:02:02,Chamber 2,28-041661e256ff,29.312,T247,40C,off
04/17/2022 20:02:22,Chamber 2,28-041661e256ff,29.312,T247,40C,off
04/17/2022 20:02:42,Chamber 2,28-041661e256ff,29.312,T247,40C,off
04/17/2022 20:03:02,Chamber 2,28-041661e256ff,29.312,T247,40C,off
04/17/2022 20:03:22,Chamber 2,28-041661e256ff,29.312,T247,40C,off
04/17/2022 20:03:42,Chamber 2,28-041661e256ff,29.312,T247,40C,off
04/17/2022 20:04:02,Chamber 2,28-041661e256ff,29.312,T247,40C,off
04/17/2022 20:04:22,Chamber 2,28-041661e256ff,29.312,T247,40C,off
04/17/2022 20:04:42,Chamber 2,28-041661e256ff,29.312,T247,40C,off
04/17/2022 20:05:02,Chamber 2,28-041661e256ff,29.312,T247,40C,off
04/17/2022 20:05:22,Chamber 2,28-041661e256ff,29.312,T247,40C,off
04/17/2022 20:05:42,Chamber 2,28-041661e256ff,29.312,T247,40C,off
04/17/2022 20:06:02,Chamber 2,28-041661e256ff,29.312,T247,40C,off
04/17/2022 20:06:22,Chamber 2,28-041661e256ff,29.312,T247,40C,off
04/17/2022 20:06:42,Chamber 2,28-041661e256ff,29.312,T247,40C,off
04/17/2022 20:07:02,Chamber 2,28-041661e256ff,29.312,T247,40C,off
04/17/2022 20:07:22,Chamber 2,28-041661e256ff,29.312,T247,40C,off
04/17/2022 20:07:42,Chamber 2,28-041661e256ff,29.312,T247,40C,off
04/17/2022 20:08:02,Chamber 2,28-041661e256ff,29.312,T247,40C,off
04/17/2022 20:08:22,Chamber 2,28-041661e256ff,29.312,T247,40C,off
04/17/2022 20:08:42,Chamber 2,28-041661e256ff,29.312,T247,40C,off
04/17/2022 20:09:02,Chamber 2,28-041661e256ff,29.312,T247,40C,off
04/17/2022 20:09:22,Chamber 2,28-041661e256ff,29.312,T247,40C,off
04/17/2022 20:09:42,Chamber 2,28-041661e256ff,29.312,T247,40C,off
04/17/2022 20:10:02,Chamber 2,28-041661e256ff,29.312,T247,40C,off
04/17/2022 20:10:22,Chamber 2,28-041661e256ff,29.25,T247,40C,off
04/17/2022 20:10:42,Chamber 2,28-041661e256ff,29.25,T247,40C,off
04/17/2022 20:11:02,Chamber 2,28-041661e256ff,29.25,T247,40C,off
04/17/2022 20:11:22,Chamber 2,28-041661e256ff,29.25,T247,40C,off
04/17/2022 20:11:42,Chamber 2,28-041661e256ff,29.25,T247,40C,off
04/17/2022 20:12:02,Chamber 2,28-041661e256ff,29.25,T247,40C,off
04/17/2022 20:12:22,Chamber 2,28-041661e256ff,29.25,T247,40C,off
04/17/2022 20:12:42,Chamber 2,28-041661e256ff,29.25,T247,40C,off
04/17/2022 20:13:03,Chamber 2,28-041661e256ff,29.25,T247,40C,off
04/17/2022 20:13:24,Chamber 2,28-041661e256ff,29.25,T247,40C,off
04/17/2022 20:13:42,Chamber 2,28-041661e256ff,29.25,T247,40C,off
04/17/2022 20:14:02,Chamber 2,28-041661e256ff,29.25,T247,40C,off
04/17/2022 20:14:22,Chamber 2,28-041661e256ff,29.25,T247,40C,off
04/17/2022 20:14:42,Chamber 2,28-041661e256ff,29.25,T247,40C,off
04/17/2022 20:15:02,Chamber 2,28-041661e256ff,29.25,T247,40C,off
04/17/2022 20:15:22,Chamber 2,28-041661e256ff,29.25,T247,40C,off
04/17/2022 20:15:42,Chamber 2,28-041661e256ff,29.25,T247,40C,off
04/17/2022 20:16:02,Chamber 2,28-041661e256ff,29.25,T247,40C,off
04/17/2022 20:16:22,Chamber 2,28-041661e256ff,29.25,T247,40C,off
04/17/2022 20:16:42,Chamber 2,28-041661e256ff,29.25,T247,40C,off
04/17/2022 20:17:02,Chamber 2,28-041661e256ff,29.25,T247,40C,off
04/17/2022 20:17:22,Chamber 2,28-041661e256ff,29.25,T247,40C,off
04/17/2022 20:17:42,Chamber 2,28-041661e256ff,29.25,T247,40C,off
04/17/2022 20:18:02,Chamber 2,28-041661e256ff,29.25,T247,40C,off
04/17/2022 20:18:22,Chamber 2,28-041661e256ff,29.25,T247,40C,off
04/17/2022 20:18:42,Chamber 2,28-041661e256ff,29.25,T247,40C,off
04/17/2022 20:19:02,Chamber 2,28-041661e256ff,29.187,T247,40C,off
04/17/2022 20:19:22,Chamber 2,28-041661e256ff,29.25,T247,40C,off
04/17/2022 20:19:42,Chamber 2,28-041661e256ff,29.187,T247,40C,off
04/17/2022 20:20:02,Chamber 2,28-041661e256ff,29.25,T247,40C,off
04/17/2022 20:20:22,Chamber 2,28-041661e256ff,29.187,T247,40C,off
04/17/2022 20:20:42,Chamber 2,28-041661e256ff,29.187,T247,40C,off
04/17/2022 20:21:02,Chamber 2,28-041661e256ff,29.187,T247,40C,off
04/17/2022 20:21:22,Chamber 2,28-041661e256ff,29.187,T247,40C,off
04/17/2022 20:21:42,Chamber 2,28-041661e256ff,29.187,T247,40C,off
04/17/2022 20:22:02,Chamber 2,28-041661e256ff,29.187,T247,40C,off
04/17/2022 20:22:22,Chamber 2,28-041661e256ff,29.187,T247,40C,off
04/17/2022 20:22:42,Chamber 2,28-041661e256ff,29.187,T247,40C,off
04/17/2022 20:23:02,Chamber 2,28-041661e256ff,29.187,T247,40C,off
04/17/2022 20:23:22,Chamber 2,28-041661e256ff,29.187,T247,40C,off
04/17/2022 20:23:42,Chamber 2,28-041661e256ff,29.187,T247,40C,off
04/17/2022 20:24:03,Chamber 2,28-041661e256ff,29.187,T247,40C,off
04/17/2022 20:24:22,Chamber 2,28-041661e256ff,29.187,T247,40C,off
04/17/2022 20:24:42,Chamber 2,28-041661e256ff,29.187,T247,40C,off
04/17/2022 20:25:02,Chamber 2,28-041661e256ff,29.187,T247,40C,off
04/17/2022 20:25:22,Chamber 2,28-041661e256ff,29.187,T247,40C,off
04/17/2022 20:25:42,Chamber 2,28-041661e256ff,29.187,T247,40C,off
04/17/2022 20:26:02,Chamber 2,28-041661e256ff,29.187,T247,40C,off
04/17/2022 20:26:23,Chamber 2,28-041661e256ff,29.187,T247,40C,off
04/17/2022 20:26:42,Chamber 2,28-041661e256ff,29.187,T247,40C,off
04/17/2022 20:27:03,Chamber 2,28-041661e256ff,29.187,T247,40C,off
04/17/2022 20:27:22,Chamber 2,28-041661e256ff,29.187,T247,40C,off
04/17/2022 20:27:42,Chamber 2,28-041661e256ff,29.187,T247,40C,off
04/17/2022 20:28:03,Chamber 2,28-041661e256ff,29.187,T247,40C,off
04/17/2022 20:28:22,Chamber 2,28-041661e256ff,29.187,T247,40C,off
04/17/2022 20:28:42,Chamber 2,28-041661e256ff,29.187,T247,40C,off
04/17/2022 20:29:02,Chamber 2,28-041661e256ff,29.187,T247,40C,off
04/17/2022 20:29:22,Chamber 2,28-041661e256ff,29.187,T247,40C,off
04/17/2022 20:29:42,Chamber 2,28-041661e256ff,29.187,T247,40C,off
04/17/2022 20:30:02,Chamber 2,28-041661e256ff,29.187,T247,40C,off
04/17/2022 20:30:22,Chamber 2,28-041661e256ff,29.187,T247,40C,off
04/17/2022 20:30:43,Chamber 2,28-041661e256ff,29.187,T247,40C,off
04/17/2022 20:31:02,Chamber 2,28-041661e256ff,29.187,T247,40C,off
04/17/2022 20:31:23,Chamber 2,28-041661e256ff,29.187,T247,40C,off
04/17/2022 20:31:42,Chamber 2,28-041661e256ff,29.187,T247,40C,off
04/17/2022 20:32:02,Chamber 2,28-041661e256ff,29.187,T247,40C,off
04/17/2022 20:32:22,Chamber 2,28-041661e256ff,29.187,T247,40C,off
04/17/2022 20:32:42,Chamber 2,28-041661e256ff,29.187,T247,40C,off
04/17/2022 20:33:02,Chamber 2,28-041661e256ff,29.187,T247,40C,off
04/17/2022 20:33:22,Chamber 2,28-041661e256ff,29.187,T247,40C,off
04/17/2022 20:33:42,Chamber 2,28-041661e256ff,29.187,T247,40C,off
04/17/2022 20:34:02,Chamber 2,28-041661e256ff,29.187,T247,40C,off
04/17/2022 20:34:22,Chamber 2,28-041661e256ff,29.187,T247,40C,off
04/17/2022 20:34:42,Chamber 2,28-041661e256ff,29.187,T247,40C,off
04/17/2022 20:35:02,Chamber 2,28-041661e256ff,29.187,T247,40C,off
04/17/2022 20:35:22,Chamber 2,28-041661e256ff,29.187,T247,40C,off
04/17/2022 20:35:42,Chamber 2,28-041661e256ff,29.187,T247,40C,off
04/17/2022 20:36:02,Chamber 2,28-041661e256ff,29.187,T247,40C,off
04/17/2022 20:36:22,Chamber 2,28-041661e256ff,29.187,T247,40C,off
04/17/2022 20:36:42,Chamber 2,28-041661e256ff,29.187,T247,40C,off
04/17/2022 20:37:02,Chamber 2,28-041661e256ff,29.125,T247,40C,off
04/17/2022 20:37:22,Chamber 2,28-041661e256ff,29.187,T247,40C,off
04/17/2022 20:37:42,Chamber 2,28-041661e256ff,29.187,T247,40C,off
04/17/2022 20:38:02,Chamber 2,28-041661e256ff,29.125,T247,40C,off
04/17/2022 20:38:22,Chamber 2,28-041661e256ff,29.125,T247,40C,off
04/17/2022 20:38:44,Chamber 2,28-041661e256ff,29.187,T247,40C,off
04/17/2022 20:39:02,Chamber 2,28-041661e256ff,29.125,T247,40C,off
04/17/2022 20:39:22,Chamber 2,28-041661e256ff,29.125,T247,40C,off
04/17/2022 20:39:42,Chamber 2,28-041661e256ff,29.125,T247,40C,off
04/17/2022 20:40:02,Chamber 2,28-041661e256ff,29.125,T247,40C,off
04/17/2022 20:40:22,Chamber 2,28-041661e256ff,29.125,T247,40C,off
04/17/2022 20:40:42,Chamber 2,28-041661e256ff,29.125,T247,40C,off
04/17/2022 20:41:02,Chamber 2,28-041661e256ff,29.125,T247,40C,off
04/17/2022 20:41:22,Chamber 2,28-041661e256ff,29.125,T247,40C,off
04/17/2022 20:41:42,Chamber 2,28-041661e256ff,29.125,T247,40C,off
04/17/2022 20:42:02,Chamber 2,28-041661e256ff,29.125,T247,40C,off
04/17/2022 20:42:24,Chamber 2,28-041661e256ff,29.125,T247,40C,off
04/17/2022 20:42:42,Chamber 2,28-041661e256ff,29.125,T247,40C,off
04/17/2022 20:43:02,Chamber 2,28-041661e256ff,29.125,T247,40C,off
04/17/2022 20:43:22,Chamber 2,28-041661e256ff,29.125,T247,40C,off
04/17/2022 20:43:42,Chamber 2,28-041661e256ff,29.125,T247,40C,off
04/17/2022 20:44:02,Chamber 2,28-041661e256ff,29.125,T247,40C,off
04/17/2022 20:44:22,Chamber 2,28-041661e256ff,29.125,T247,40C,off
04/17/2022 20:44:42,Chamber 2,28-041661e256ff,29.125,T247,40C,off
04/17/2022 20:45:03,Chamber 2,28-041661e256ff,29.125,T247,40C,off
04/17/2022 20:45:22,Chamber 2,28-041661e256ff,29.125,T247,40C,off
04/17/2022 20:45:42,Chamber 2,28-041661e256ff,29.125,T247,40C,off
04/17/2022 20:46:02,Chamber 2,28-041661e256ff,29.125,T247,40C,off
04/17/2022 20:46:22,Chamber 2,28-041661e256ff,29.125,T247,40C,off
04/17/2022 20:46:42,Chamber 2,28-041661e256ff,29.125,T247,40C,off
04/17/2022 20:47:02,Chamber 2,28-041661e256ff,29.062,T247,40C,off
04/17/2022 20:47:22,Chamber 2,28-041661e256ff,29.062,T247,40C,off
04/17/2022 20:47:42,Chamber 2,28-041661e256ff,29.062,T247,40C,off
04/17/2022 20:48:02,Chamber 2,28-041661e256ff,29.062,T247,40C,off
04/17/2022 20:48:22,Chamber 2,28-041661e256ff,29.062,T247,40C,off
04/17/2022 20:48:42,Chamber 2,28-041661e256ff,29.062,T247,40C,off
04/17/2022 20:49:02,Chamber 2,28-041661e256ff,29.062,T247,40C,off
04/17/2022 20:49:22,Chamber 2,28-041661e256ff,29.062,T247,40C,off
04/17/2022 20:49:42,Chamber 2,28-041661e256ff,29.062,T247,40C,off
04/17/2022 20:50:02,Chamber 2,28-041661e256ff,29.062,T247,40C,off
04/17/2022 20:50:22,Chamber 2,28-041661e256ff,29.062,T247,40C,off
04/17/2022 20:50:42,Chamber 2,28-041661e256ff,29.062,T247,40C,off
04/17/2022 20:51:02,Chamber 2,28-041661e256ff,29.062,T247,40C,off
04/17/2022 20:51:22,Chamber 2,28-041661e256ff,29.062,T247,40C,off
04/17/2022 20:51:42,Chamber 2,28-041661e256ff,29.062,T247,40C,off
04/17/2022 20:52:02,Chamber 2,28-041661e256ff,29.062,T247,40C,off
04/17/2022 20:52:22,Chamber 2,28-041661e256ff,29.062,T247,40C,off
04/17/2022 20:52:42,Chamber 2,28-041661e256ff,29.062,T247,40C,off
04/17/2022 20:53:02,Chamber 2,28-041661e256ff,29.062,T247,40C,off
04/17/2022 20:53:22,Chamber 2,28-041661e256ff,29.062,T247,40C,off
04/17/2022 20:53:42,Chamber 2,28-041661e256ff,29.062,T247,40C,off
04/17/2022 20:54:02,Chamber 2,28-041661e256ff,29.062,T247,40C,off
04/17/2022 20:54:22,Chamber 2,28-041661e256ff,29.062,T247,40C,off
04/17/2022 20:54:42,Chamber 2,28-041661e256ff,29.062,T247,40C,off
04/17/2022 20:55:02,Chamber 2,28-041661e256ff,29.0,T247,40C,off
04/17/2022 20:55:22,Chamber 2,28-041661e256ff,29.0,T247,40C,off
04/17/2022 20:55:42,Chamber 2,28-041661e256ff,29.0,T247,40C,off
04/17/2022 20:56:02,Chamber 2,28-041661e256ff,29.0,T247,40C,off
04/17/2022 20:56:22,Chamber 2,28-041661e256ff,29.0,T247,40C,off
04/17/2022 20:56:42,Chamber 2,28-041661e256ff,29.0,T247,40C,off
04/17/2022 20:57:02,Chamber 2,28-041661e256ff,29.0,T247,40C,off
04/17/2022 20:57:22,Chamber 2,28-041661e256ff,29.0,T247,40C,off
04/17/2022 20:57:42,Chamber 2,28-041661e256ff,29.0,T247,40C,off
04/17/2022 20:58:02,Chamber 2,28-041661e256ff,29.0,T247,40C,off
04/17/2022 20:58:22,Chamber 2,28-041661e256ff,29.0,T247,40C,off
04/17/2022 20:58:42,Chamber 2,28-041661e256ff,29.0,T247,40C,off
04/17/2022 20:59:02,Chamber 2,28-041661e256ff,29.0,T247,40C,off
04/17/2022 20:59:22,Chamber 2,28-041661e256ff,29.0,T247,40C,off
04/17/2022 20:59:42,Chamber 2,28-041661e256ff,29.0,T247,40C,off
04/17/2022 21:00:03,Chamber 2,28-041661e256ff,29.0,T247,40C,off
04/17/2022 21:00:23,Chamber 2,28-041661e256ff,29.0,T247,40C,off
04/17/2022 21:00:43,Chamber 2,28-041661e256ff,29.0,T247,40C,off
04/17/2022 21:01:03,Chamber 2,28-041661e256ff,29.0,T247,40C,off
04/17/2022 21:01:23,Chamber 2,28-041661e256ff,29.0,T247,40C,off
04/17/2022 21:01:43,Chamber 2,28-041661e256ff,29.0,T247,40C,off
04/17/2022 21:02:03,Chamber 2,28-041661e256ff,29.0,T247,40C,off
04/17/2022 21:02:23,Chamber 2,28-041661e256ff,29.0,T247,40C,off
04/17/2022 21:02:43,Chamber 2,28-041661e256ff,29.0,T247,40C,off
04/17/2022 21:03:03,Chamber 2,28-041661e256ff,29.0,T247,40C,off
04/17/2022 21:03:23,Chamber 2,28-041661e256ff,29.0,T247,40C,off
04/17/2022 21:03:43,Chamber 2,28-041661e256ff,29.0,T247,40C,off
04/17/2022 21:04:03,Chamber 2,28-041661e256ff,28.937,T247,40C,off
04/17/2022 21:04:23,Chamber 2,28-041661e256ff,28.937,T247,40C,off
04/17/2022 21:04:43,Chamber 2,28-041661e256ff,28.937,T247,40C,off
04/17/2022 21:05:03,Chamber 2,28-041661e256ff,28.937,T247,40C,off
04/17/2022 21:05:23,Chamber 2,28-041661e256ff,28.937,T247,40C,off
04/17/2022 21:05:43,Chamber 2,28-041661e256ff,28.937,T247,40C,off
04/17/2022 21:06:03,Chamber 2,28-041661e256ff,28.937,T247,40C,off
04/17/2022 21:06:23,Chamber 2,28-041661e256ff,28.937,T247,40C,off
04/17/2022 21:06:43,Chamber 2,28-041661e256ff,28.937,T247,40C,off
04/17/2022 21:07:03,Chamber 2,28-041661e256ff,28.937,T247,40C,off
04/17/2022 21:07:23,Chamber 2,28-041661e256ff,28.937,T247,40C,off
04/17/2022 21:07:43,Chamber 2,28-041661e256ff,28.937,T247,40C,off
04/17/2022 21:08:03,Chamber 2,28-041661e256ff,28.937,T247,40C,off
04/17/2022 21:08:23,Chamber 2,28-041661e256ff,28.937,T247,40C,off
04/17/2022 21:08:43,Chamber 2,28-041661e256ff,28.937,T247,40C,off
04/17/2022 21:09:03,Chamber 2,28-041661e256ff,28.937,T247,40C,off
04/17/2022 21:09:23,Chamber 2,28-041661e256ff,28.937,T247,40C,off
04/17/2022 21:09:43,Chamber 2,28-041661e256ff,28.937,T247,40C,off
04/17/2022 21:10:03,Chamber 2,28-041661e256ff,28.937,T247,40C,off
04/17/2022 21:10:23,Chamber 2,28-041661e256ff,28.937,T247,40C,off
04/17/2022 21:10:43,Chamber 2,28-041661e256ff,28.937,T247,40C,off
04/17/2022 21:11:03,Chamber 2,28-041661e256ff,28.937,T247,40C,off
04/17/2022 21:11:23,Chamber 2,28-041661e256ff,28.937,T247,40C,off
04/17/2022 21:11:43,Chamber 2,28-041661e256ff,28.875,T247,40C,off
04/17/2022 21:12:03,Chamber 2,28-041661e256ff,28.937,T247,40C,off
04/17/2022 21:12:23,Chamber 2,28-041661e256ff,28.937,T247,40C,off
04/17/2022 21:12:43,Chamber 2,28-041661e256ff,28.937,T247,40C,off
04/17/2022 21:13:03,Chamber 2,28-041661e256ff,28.875,T247,40C,off
04/17/2022 21:13:23,Chamber 2,28-041661e256ff,28.937,T247,40C,off
04/17/2022 21:13:43,Chamber 2,28-041661e256ff,28.875,T247,40C,off
04/17/2022 21:14:03,Chamber 2,28-041661e256ff,28.875,T247,40C,off
04/17/2022 21:14:23,Chamber 2,28-041661e256ff,28.875,T247,40C,off
04/17/2022 21:14:43,Chamber 2,28-041661e256ff,28.875,T247,40C,off
04/17/2022 21:15:03,Chamber 2,28-041661e256ff,28.875,T247,40C,off
04/17/2022 21:15:23,Chamber 2,28-041661e256ff,28.875,T247,40C,off
04/17/2022 21:15:43,Chamber 2,28-041661e256ff,28.875,T247,40C,off
04/17/2022 21:16:03,Chamber 2,28-041661e256ff,28.875,T247,40C,off
04/17/2022 21:16:23,Chamber 2,28-041661e256ff,28.875,T247,40C,off
04/17/2022 21:16:43,Chamber 2,28-041661e256ff,28.875,T247,40C,off
04/17/2022 21:17:03,Chamber 2,28-041661e256ff,28.875,T247,40C,off
04/17/2022 21:17:23,Chamber 2,28-041661e256ff,28.875,T247,40C,off
04/17/2022 21:17:43,Chamber 2,28-041661e256ff,28.875,T247,40C,off
04/17/2022 21:18:03,Chamber 2,28-041661e256ff,28.875,T247,40C,off
04/17/2022 21:18:23,Chamber 2,28-041661e256ff,28.875,T247,40C,off
04/17/2022 21:18:43,Chamber 2,28-041661e256ff,28.875,T247,40C,off
04/17/2022 21:19:03,Chamber 2,28-041661e256ff,28.875,T247,40C,off
04/17/2022 21:19:23,Chamber 2,28-041661e256ff,28.875,T247,40C,off
04/17/2022 21:19:43,Chamber 2,28-041661e256ff,28.875,T247,40C,off
04/17/2022 21:20:03,Chamber 2,28-041661e256ff,28.875,T247,40C,off
04/17/2022 21:20:23,Chamber 2,28-041661e256ff,28.875,T247,40C,off
04/17/2022 21:20:43,Chamber 2,28-041661e256ff,28.875,T247,40C,off
04/17/2022 21:21:03,Chamber 2,28-041661e256ff,28.875,T247,40C,off
04/17/2022 21:21:24,Chamber 2,28-041661e256ff,28.875,T247,40C,off
04/17/2022 21:21:43,Chamber 2,28-041661e256ff,28.875,T247,40C,off
04/17/2022 21:22:03,Chamber 2,28-041661e256ff,28.875,T247,40C,off
04/17/2022 21:22:23,Chamber 2,28-041661e256ff,28.875,T247,40C,off
04/17/2022 21:22:43,Chamber 2,28-041661e256ff,28.875,T247,40C,off
04/17/2022 21:23:03,Chamber 2,28-041661e256ff,28.875,T247,40C,off
04/17/2022 21:23:23,Chamber 2,28-041661e256ff,28.875,T247,40C,off
04/17/2022 21:23:43,Chamber 2,28-041661e256ff,28.875,T247,40C,off
04/17/2022 21:24:03,Chamber 2,28-041661e256ff,28.875,T247,40C,off
04/17/2022 21:24:23,Chamber 2,28-041661e256ff,28.875,T247,40C,off
04/17/2022 21:24:44,Chamber 2,28-041661e256ff,28.875,T247,40C,off
04/17/2022 21:25:03,Chamber 2,28-041661e256ff,28.875,T247,40C,off
04/17/2022 21:25:23,Chamber 2,28-041661e256ff,28.875,T247,40C,off
04/17/2022 21:25:43,Chamber 2,28-041661e256ff,28.875,T247,40C,off
04/17/2022 21:26:03,Chamber 2,28-041661e256ff,28.875,T247,40C,off
04/17/2022 21:26:23,Chamber 2,28-041661e256ff,28.875,T247,40C,off
04/17/2022 21:26:43,Chamber 2,28-041661e256ff,28.875,T247,40C,off
04/17/2022 21:27:03,Chamber 2,28-041661e256ff,28.875,T247,40C,off
04/17/2022 21:27:23,Chamber 2,28-041661e256ff,28.875,T247,40C,off
04/17/2022 21:27:43,Chamber 2,28-041661e256ff,28.875,T247,40C,off
04/17/2022 21:28:03,Chamber 2,28-041661e256ff,28.812,T247,40C,off
04/17/2022 21:28:23,Chamber 2,28-041661e256ff,28.875,T247,40C,off
04/17/2022 21:28:43,Chamber 2,28-041661e256ff,28.875,T247,40C,off
04/17/2022 21:29:03,Chamber 2,28-041661e256ff,28.875,T247,40C,off
04/17/2022 21:29:23,Chamber 2,28-041661e256ff,28.812,T247,40C,off
04/17/2022 21:29:43,Chamber 2,28-041661e256ff,28.812,T247,40C,off
04/17/2022 21:30:03,Chamber 2,28-041661e256ff,28.812,T247,40C,off
04/17/2022 21:30:23,Chamber 2,28-041661e256ff,28.812,T247,40C,off
04/17/2022 21:30:43,Chamber 2,28-041661e256ff,28.812,T247,40C,off
04/17/2022 21:31:03,Chamber 2,28-041661e256ff,28.812,T247,40C,off
04/17/2022 21:31:23,Chamber 2,28-041661e256ff,28.812,T247,40C,off
04/17/2022 21:31:43,Chamber 2,28-041661e256ff,28.812,T247,40C,off
04/17/2022 21:32:03,Chamber 2,28-041661e256ff,28.812,T247,40C,off
04/17/2022 21:32:23,Chamber 2,28-041661e256ff,28.812,T247,40C,off
04/17/2022 21:32:43,Chamber 2,28-041661e256ff,28.812,T247,40C,off
04/17/2022 21:33:03,Chamber 2,28-041661e256ff,28.812,T247,40C,off
04/17/2022 21:33:23,Chamber 2,28-041661e256ff,28.812,T247,40C,off
04/17/2022 21:33:43,Chamber 2,28-041661e256ff,28.812,T247,40C,off
04/17/2022 21:34:03,Chamber 2,28-041661e256ff,28.812,T247,40C,off
04/17/2022 21:34:23,Chamber 2,28-041661e256ff,28.812,T247,40C,off
04/17/2022 21:34:43,Chamber 2,28-041661e256ff,28.812,T247,40C,off
04/17/2022 21:35:05,Chamber 2,28-041661e256ff,28.812,T247,40C,off
04/17/2022 21:35:23,Chamber 2,28-041661e256ff,28.812,T247,40C,off
04/17/2022 21:35:43,Chamber 2,28-041661e256ff,28.812,T247,40C,off
04/17/2022 21:36:03,Chamber 2,28-041661e256ff,28.812,T247,40C,off
04/17/2022 21:36:23,Chamber 2,28-041661e256ff,28.812,T247,40C,off
04/17/2022 21:36:43,Chamber 2,28-041661e256ff,28.812,T247,40C,off
04/17/2022 21:37:03,Chamber 2,28-041661e256ff,28.812,T247,40C,off
04/17/2022 21:37:23,Chamber 2,28-041661e256ff,28.812,T247,40C,off
04/17/2022 21:37:43,Chamber 2,28-041661e256ff,28.812,T247,40C,off
04/17/2022 21:38:03,Chamber 2,28-041661e256ff,28.812,T247,40C,off
04/17/2022 21:38:23,Chamber 2,28-041661e256ff,28.812,T247,40C,off
04/17/2022 21:38:43,Chamber 2,28-041661e256ff,28.812,T247,40C,off
04/17/2022 21:39:03,Chamber 2,28-041661e256ff,28.812,T247,40C,off
04/17/2022 21:39:23,Chamber 2,28-041661e256ff,28.812,T247,40C,off
04/17/2022 21:39:43,Chamber 2,28-041661e256ff,28.812,T247,40C,off
04/17/2022 21:40:03,Chamber 2,28-041661e256ff,28.812,T247,40C,off
04/17/2022 21:40:23,Chamber 2,28-041661e256ff,28.812,T247,40C,off
04/17/2022 21:40:43,Chamber 2,28-041661e256ff,28.812,T247,40C,off
04/17/2022 21:41:04,Chamber 2,28-041661e256ff,28.812,T247,40C,off
04/17/2022 21:41:23,Chamber 2,28-041661e256ff,28.812,T247,40C,off
04/17/2022 21:41:43,Chamber 2,28-041661e256ff,28.812,T247,40C,off
04/17/2022 21:42:03,Chamber 2,28-041661e256ff,28.812,T247,40C,off
04/17/2022 21:42:23,Chamber 2,28-041661e256ff,28.812,T247,40C,off
04/17/2022 21:42:43,Chamber 2,28-041661e256ff,28.812,T247,40C,off
04/17/2022 21:43:04,Chamber 2,28-041661e256ff,28.812,T247,40C,off
04/17/2022 21:43:23,Chamber 2,28-041661e256ff,28.812,T247,40C,off
04/17/2022 21:43:43,Chamber 2,28-041661e256ff,28.812,T247,40C,off
04/17/2022 21:44:03,Chamber 2,28-041661e256ff,28.812,T247,40C,off
04/17/2022 21:44:23,Chamber 2,28-041661e256ff,28.812,T247,40C,off
04/17/2022 21:44:44,Chamber 2,28-041661e256ff,28.812,T247,40C,off
04/17/2022 21:45:03,Chamber 2,28-041661e256ff,28.812,T247,40C,off
04/17/2022 21:45:23,Chamber 2,28-041661e256ff,28.812,T247,40C,off
04/17/2022 21:45:43,Chamber 2,28-041661e256ff,28.812,T247,40C,off
04/17/2022 21:46:03,Chamber 2,28-041661e256ff,28.812,T247,40C,off
04/17/2022 21:46:23,Chamber 2,28-041661e256ff,28.812,T247,40C,off
04/17/2022 21:46:43,Chamber 2,28-041661e256ff,28.812,T247,40C,off
04/17/2022 21:47:03,Chamber 2,28-041661e256ff,28.812,T247,40C,off
04/17/2022 21:47:23,Chamber 2,28-041661e256ff,28.812,T247,40C,off
04/17/2022 21:47:43,Chamber 2,28-041661e256ff,28.812,T247,40C,off
04/17/2022 21:48:03,Chamber 2,28-041661e256ff,28.812,T247,40C,off
04/17/2022 21:48:23,Chamber 2,28-041661e256ff,28.812,T247,40C,off
04/17/2022 21:48:43,Chamber 2,28-041661e256ff,28.812,T247,40C,off
04/17/2022 21:49:03,Chamber 2,28-041661e256ff,28.812,T247,40C,off
04/17/2022 21:49:23,Chamber 2,28-041661e256ff,28.812,T247,40C,off
04/17/2022 21:49:43,Chamber 2,28-041661e256ff,28.812,T247,40C,off
04/17/2022 21:50:03,Chamber 2,28-041661e256ff,28.812,T247,40C,off
04/17/2022 21:50:23,Chamber 2,28-041661e256ff,28.812,T247,40C,off
04/17/2022 21:50:43,Chamber 2,28-041661e256ff,28.812,T247,40C,off
04/17/2022 21:51:03,Chamber 2,28-041661e256ff,28.75,T247,40C,off
04/17/2022 21:51:23,Chamber 2,28-041661e256ff,28.812,T247,40C,off
04/17/2022 21:51:43,Chamber 2,28-041661e256ff,28.812,T247,40C,off
04/17/2022 21:52:03,Chamber 2,28-041661e256ff,28.812,T247,40C,off
04/17/2022 21:52:23,Chamber 2,28-041661e256ff,28.75,T247,40C,off
04/17/2022 21:52:43,Chamber 2,28-041661e256ff,28.812,T247,40C,off
04/17/2022 21:53:03,Chamber 2,28-041661e256ff,28.812,T247,40C,off
04/17/2022 21:53:23,Chamber 2,28-041661e256ff,28.75,T247,40C,off
04/17/2022 21:53:43,Chamber 2,28-041661e256ff,28.75,T247,40C,off
04/17/2022 21:54:03,Chamber 2,28-041661e256ff,28.75,T247,40C,off
04/17/2022 21:54:23,Chamber 2,28-041661e256ff,28.812,T247,40C,off
04/17/2022 21:54:43,Chamber 2,28-041661e256ff,28.75,T247,40C,off
04/17/2022 21:55:03,Chamber 2,28-041661e256ff,28.75,T247,40C,off
04/17/2022 21:55:23,Chamber 2,28-041661e256ff,28.75,T247,40C,off
04/17/2022 21:55:43,Chamber 2,28-041661e256ff,28.75,T247,40C,off
04/17/2022 21:56:03,Chamber 2,28-041661e256ff,28.75,T247,40C,off
04/17/2022 21:56:23,Chamber 2,28-041661e256ff,28.75,T247,40C,off
04/17/2022 21:56:43,Chamber 2,28-041661e256ff,28.75,T247,40C,off
04/17/2022 21:57:03,Chamber 2,28-041661e256ff,28.75,T247,40C,off
04/17/2022 21:57:23,Chamber 2,28-041661e256ff,28.75,T247,40C,off
04/17/2022 21:57:43,Chamber 2,28-041661e256ff,28.75,T247,40C,off
04/17/2022 21:58:03,Chamber 2,28-041661e256ff,28.75,T247,40C,off
04/17/2022 21:58:23,Chamber 2,28-041661e256ff,28.75,T247,40C,off
04/17/2022 21:58:43,Chamber 2,28-041661e256ff,28.75,T247,40C,off
04/17/2022 21:59:03,Chamber 2,28-041661e256ff,28.75,T247,40C,off
04/17/2022 21:59:23,Chamber 2,28-041661e256ff,28.75,T247,40C,off
04/17/2022 21:59:43,Chamber 2,28-041661e256ff,28.75,T247,40C,off
04/17/2022 22:00:04,Chamber 2,28-041661e256ff,28.75,T247,40C,off
04/17/2022 22:00:23,Chamber 2,28-041661e256ff,28.75,T247,40C,off
04/17/2022 22:00:43,Chamber 2,28-041661e256ff,28.75,T247,40C,off
04/17/2022 22:01:05,Chamber 2,28-041661e256ff,28.75,T247,40C,off
04/17/2022 22:01:23,Chamber 2,28-041661e256ff,28.75,T247,40C,off
04/17/2022 22:01:44,Chamber 2,28-041661e256ff,28.75,T247,40C,off
04/17/2022 22:02:03,Chamber 2,28-041661e256ff,28.75,T247,40C,off
04/17/2022 22:02:23,Chamber 2,28-041661e256ff,28.75,T247,40C,off
04/17/2022 22:02:43,Chamber 2,28-041661e256ff,28.75,T247,40C,off
04/17/2022 22:03:03,Chamber 2,28-041661e256ff,28.75,T247,40C,off
04/17/2022 22:03:23,Chamber 2,28-041661e256ff,28.75,T247,40C,off
04/17/2022 22:03:43,Chamber 2,28-041661e256ff,28.75,T247,40C,off
04/17/2022 22:04:03,Chamber 2,28-041661e256ff,28.75,T247,40C,off
04/17/2022 22:04:23,Chamber 2,28-041661e256ff,28.75,T247,40C,off
04/17/2022 22:04:43,Chamber 2,28-041661e256ff,28.75,T247,40C,off
04/17/2022 22:05:03,Chamber 2,28-041661e256ff,28.75,T247,40C,off
04/17/2022 22:05:24,Chamber 2,28-041661e256ff,28.75,T247,40C,off
04/17/2022 22:05:43,Chamber 2,28-041661e256ff,28.75,T247,40C,off
04/17/2022 22:06:03,Chamber 2,28-041661e256ff,28.75,T247,40C,off
04/17/2022 22:06:23,Chamber 2,28-041661e256ff,28.75,T247,40C,off
04/17/2022 22:06:43,Chamber 2,28-041661e256ff,28.75,T247,40C,off
04/17/2022 22:07:03,Chamber 2,28-041661e256ff,28.75,T247,40C,off
04/17/2022 22:07:23,Chamber 2,28-041661e256ff,28.75,T247,40C,off
04/17/2022 22:07:43,Chamber 2,28-041661e256ff,28.75,T247,40C,off
04/17/2022 22:08:03,Chamber 2,28-041661e256ff,28.75,T247,40C,off
04/17/2022 22:08:23,Chamber 2,28-041661e256ff,28.75,T247,40C,off
04/17/2022 22:08:43,Chamber 2,28-041661e256ff,28.75,T247,40C,off
04/17/2022 22:09:03,Chamber 2,28-041661e256ff,28.75,T247,40C,off
04/17/2022 22:09:23,Chamber 2,28-041661e256ff,28.75,T247,40C,off
04/17/2022 22:09:43,Chamber 2,28-041661e256ff,28.75,T247,40C,off
04/17/2022 22:10:03,Chamber 2,28-041661e256ff,28.75,T247,40C,off
04/17/2022 22:10:23,Chamber 2,28-041661e256ff,28.75,T247,40C,off
04/17/2022 22:10:43,Chamber 2,28-041661e256ff,28.75,T247,40C,off
04/17/2022 22:11:03,Chamber 2,28-041661e256ff,28.75,T247,40C,off
04/17/2022 22:11:23,Chamber 2,28-041661e256ff,28.75,T247,40C,off
04/17/2022 22:11:43,Chamber 2,28-041661e256ff,28.75,T247,40C,off
04/17/2022 22:12:03,Chamber 2,28-041661e256ff,28.75,T247,40C,off
04/17/2022 22:12:23,Chamber 2,28-041661e256ff,28.75,T247,40C,off
04/17/2022 22:12:43,Chamber 2,28-041661e256ff,28.75,T247,40C,off
04/17/2022 22:13:03,Chamber 2,28-041661e256ff,28.75,T247,40C,off
04/17/2022 22:13:23,Chamber 2,28-041661e256ff,28.75,T247,40C,off
04/17/2022 22:13:43,Chamber 2,28-041661e256ff,28.75,T247,40C,off
04/17/2022 22:14:04,Chamber 2,28-041661e256ff,28.75,T247,40C,off
04/17/2022 22:14:23,Chamber 2,28-041661e256ff,28.75,T247,40C,off
04/17/2022 22:14:43,Chamber 2,28-041661e256ff,28.75,T247,40C,off
04/17/2022 22:15:03,Chamber 2,28-041661e256ff,28.75,T247,40C,off
04/17/2022 22:15:23,Chamber 2,28-041661e256ff,28.75,T247,40C,off
04/17/2022 22:15:43,Chamber 2,28-041661e256ff,28.75,T247,40C,off
04/17/2022 22:16:03,Chamber 2,28-041661e256ff,28.75,T247,40C,off
04/17/2022 22:16:23,Chamber 2,28-041661e256ff,28.75,T247,40C,off
04/17/2022 22:16:44,Chamber 2,28-041661e256ff,28.75,T247,40C,off
04/17/2022 22:17:03,Chamber 2,28-041661e256ff,28.75,T247,40C,off
04/17/2022 22:17:23,Chamber 2,28-041661e256ff,28.75,T247,40C,off
04/17/2022 22:17:43,Chamber 2,28-041661e256ff,28.75,T247,40C,off
04/17/2022 22:18:03,Chamber 2,28-041661e256ff,28.75,T247,40C,off
04/17/2022 22:18:23,Chamber 2,28-041661e256ff,28.75,T247,40C,off
04/17/2022 22:18:43,Chamber 2,28-041661e256ff,28.75,T247,40C,off
04/17/2022 22:19:03,Chamber 2,28-041661e256ff,28.75,T247,40C,off
04/17/2022 22:19:23,Chamber 2,28-041661e256ff,28.75,T247,40C,off
04/17/2022 22:19:43,Chamber 2,28-041661e256ff,28.687,T247,40C,off
04/17/2022 22:20:03,Chamber 2,28-041661e256ff,28.75,T247,40C,off
04/17/2022 22:20:23,Chamber 2,28-041661e256ff,28.687,T247,40C,off
04/17/2022 22:20:44,Chamber 2,28-041661e256ff,28.75,T247,40C,off
04/17/2022 22:21:03,Chamber 2,28-041661e256ff,28.687,T247,40C,off
04/17/2022 22:21:24,Chamber 2,28-041661e256ff,28.75,T247,40C,off
04/17/2022 22:21:43,Chamber 2,28-041661e256ff,28.75,T247,40C,off
04/17/2022 22:22:04,Chamber 2,28-041661e256ff,28.75,T247,40C,off
04/17/2022 22:22:23,Chamber 2,28-041661e256ff,28.687,T247,40C,off
04/17/2022 22:22:43,Chamber 2,28-041661e256ff,28.687,T247,40C,off
04/17/2022 22:23:03,Chamber 2,28-041661e256ff,28.687,T247,40C,off
04/17/2022 22:23:23,Chamber 2,28-041661e256ff,28.687,T247,40C,off
04/17/2022 22:23:43,Chamber 2,28-041661e256ff,28.687,T247,40C,off
04/17/2022 22:24:03,Chamber 2,28-041661e256ff,28.687,T247,40C,off
04/17/2022 22:24:23,Chamber 2,28-041661e256ff,28.687,T247,40C,off
04/17/2022 22:24:43,Chamber 2,28-041661e256ff,28.687,T247,40C,off
04/17/2022 22:25:03,Chamber 2,28-041661e256ff,28.687,T247,40C,off
04/17/2022 22:25:23,Chamber 2,28-041661e256ff,28.687,T247,40C,off
04/17/2022 22:25:43,Chamber 2,28-041661e256ff,28.687,T247,40C,off
04/17/2022 22:26:03,Chamber 2,28-041661e256ff,28.687,T247,40C,off
04/17/2022 22:26:23,Chamber 2,28-041661e256ff,28.687,T247,40C,off
04/17/2022 22:26:43,Chamber 2,28-041661e256ff,28.687,T247,40C,off
04/17/2022 22:27:03,Chamber 2,28-041661e256ff,28.687,T247,40C,off
04/17/2022 22:27:23,Chamber 2,28-041661e256ff,28.687,T247,40C,off
04/17/2022 22:27:43,Chamber 2,28-041661e256ff,28.687,T247,40C,off
04/17/2022 22:28:03,Chamber 2,28-041661e256ff,28.687,T247,40C,off
04/17/2022 22:28:23,Chamber 2,28-041661e256ff,28.687,T247,40C,off
04/17/2022 22:28:43,Chamber 2,28-041661e256ff,28.687,T247,40C,off
04/17/2022 22:29:03,Chamber 2,28-041661e256ff,28.687,T247,40C,off
04/17/2022 22:29:23,Chamber 2,28-041661e256ff,28.687,T247,40C,off
04/17/2022 22:29:43,Chamber 2,28-041661e256ff,28.687,T247,40C,off
04/17/2022 22:30:03,Chamber 2,28-041661e256ff,28.687,T247,40C,off
04/17/2022 22:30:23,Chamber 2,28-041661e256ff,28.687,T247,40C,off
04/17/2022 22:30:44,Chamber 2,28-041661e256ff,28.687,T247,40C,off
04/17/2022 22:31:03,Chamber 2,28-041661e256ff,28.687,T247,40C,off
04/17/2022 22:31:23,Chamber 2,28-041661e256ff,28.687,T247,40C,off
04/17/2022 22:31:43,Chamber 2,28-041661e256ff,28.687,T247,40C,off
04/17/2022 22:32:03,Chamber 2,28-041661e256ff,28.687,T247,40C,off
04/17/2022 22:32:23,Chamber 2,28-041661e256ff,28.687,T247,40C,off
04/17/2022 22:32:43,Chamber 2,28-041661e256ff,28.687,T247,40C,off
04/17/2022 22:33:03,Chamber 2,28-041661e256ff,28.687,T247,40C,off
04/17/2022 22:33:23,Chamber 2,28-041661e256ff,28.687,T247,40C,off
04/17/2022 22:33:43,Chamber 2,28-041661e256ff,28.687,T247,40C,off
04/17/2022 22:34:03,Chamber 2,28-041661e256ff,28.687,T247,40C,off
04/17/2022 22:34:24,Chamber 2,28-041661e256ff,28.687,T247,40C,off
04/17/2022 22:34:43,Chamber 2,28-041661e256ff,28.687,T247,40C,off
04/17/2022 22:35:03,Chamber 2,28-041661e256ff,28.687,T247,40C,off
04/17/2022 22:35:23,Chamber 2,28-041661e256ff,28.687,T247,40C,off
04/17/2022 22:35:43,Chamber 2,28-041661e256ff,28.687,T247,40C,off
04/17/2022 22:36:03,Chamber 2,28-041661e256ff,28.687,T247,40C,off
04/17/2022 22:36:23,Chamber 2,28-041661e256ff,28.687,T247,40C,off
04/17/2022 22:36:43,Chamber 2,28-041661e256ff,28.687,T247,40C,off
04/17/2022 22:37:03,Chamber 2,28-041661e256ff,28.687,T247,40C,off
04/17/2022 22:37:23,Chamber 2,28-041661e256ff,28.687,T247,40C,off
04/17/2022 22:37:43,Chamber 2,28-041661e256ff,28.687,T247,40C,off
04/17/2022 22:38:03,Chamber 2,28-041661e256ff,28.687,T247,40C,off
04/17/2022 22:38:23,Chamber 2,28-041661e256ff,28.687,T247,40C,off
04/17/2022 22:38:43,Chamber 2,28-041661e256ff,28.687,T247,40C,off
04/17/2022 22:39:03,Chamber 2,28-041661e256ff,28.687,T247,40C,off
04/17/2022 22:39:23,Chamber 2,28-041661e256ff,28.687,T247,40C,off
04/17/2022 22:39:43,Chamber 2,28-041661e256ff,28.687,T247,40C,off
04/17/2022 22:40:03,Chamber 2,28-041661e256ff,28.687,T247,40C,off
04/17/2022 22:40:23,Chamber 2,28-041661e256ff,28.687,T247,40C,off
04/17/2022 22:40:43,Chamber 2,28-041661e256ff,28.687,T247,40C,off
04/17/2022 22:41:03,Chamber 2,28-041661e256ff,28.687,T247,40C,off
04/17/2022 22:41:23,Chamber 2,28-041661e256ff,28.687,T247,40C,off
04/17/2022 22:41:43,Chamber 2,28-041661e256ff,28.687,T247,40C,off
04/17/2022 22:42:03,Chamber 2,28-041661e256ff,28.687,T247,40C,off
04/17/2022 22:42:23,Chamber 2,28-041661e256ff,28.687,T247,40C,off
04/17/2022 22:42:43,Chamber 2,28-041661e256ff,28.687,T247,40C,off
04/17/2022 22:43:03,Chamber 2,28-041661e256ff,28.687,T247,40C,off
04/17/2022 22:43:23,Chamber 2,28-041661e256ff,28.687,T247,40C,off
04/17/2022 22:43:43,Chamber 2,28-041661e256ff,28.687,T247,40C,off
04/17/2022 22:44:03,Chamber 2,28-041661e256ff,28.687,T247,40C,off
04/17/2022 22:44:23,Chamber 2,28-041661e256ff,28.687,T247,40C,off
04/17/2022 22:44:43,Chamber 2,28-041661e256ff,28.687,T247,40C,off
04/17/2022 22:45:03,Chamber 2,28-041661e256ff,28.687,T247,40C,off
04/17/2022 22:45:23,Chamber 2,28-041661e256ff,28.687,T247,40C,off
04/17/2022 22:45:43,Chamber 2,28-041661e256ff,28.687,T247,40C,off
04/17/2022 22:46:03,Chamber 2,28-041661e256ff,28.687,T247,40C,off
04/17/2022 22:46:23,Chamber 2,28-041661e256ff,28.687,T247,40C,off
04/17/2022 22:46:43,Chamber 2,28-041661e256ff,28.625,T247,40C,off
04/17/2022 22:47:03,Chamber 2,28-041661e256ff,28.687,T247,40C,off
04/17/2022 22:47:23,Chamber 2,28-041661e256ff,28.687,T247,40C,off
04/17/2022 22:47:43,Chamber 2,28-041661e256ff,28.687,T247,40C,off
04/17/2022 22:48:03,Chamber 2,28-041661e256ff,28.687,T247,40C,off
04/17/2022 22:48:23,Chamber 2,28-041661e256ff,28.687,T247,40C,off
04/17/2022 22:48:43,Chamber 2,28-041661e256ff,28.687,T247,40C,off
04/17/2022 22:49:03,Chamber 2,28-041661e256ff,28.687,T247,40C,off
04/17/2022 22:49:23,Chamber 2,28-041661e256ff,28.625,T247,40C,off
04/17/2022 22:49:43,Chamber 2,28-041661e256ff,28.687,T247,40C,off
04/17/2022 22:50:03,Chamber 2,28-041661e256ff,28.687,T247,40C,off
04/17/2022 22:50:23,Chamber 2,28-041661e256ff,28.625,T247,40C,off
04/17/2022 22:50:43,Chamber 2,28-041661e256ff,28.687,T247,40C,off
04/17/2022 22:51:03,Chamber 2,28-041661e256ff,28.687,T247,40C,off
04/17/2022 22:51:23,Chamber 2,28-041661e256ff,28.687,T247,40C,off
04/17/2022 22:51:43,Chamber 2,28-041661e256ff,28.625,T247,40C,off
04/17/2022 22:52:03,Chamber 2,28-041661e256ff,28.625,T247,40C,off
04/17/2022 22:52:23,Chamber 2,28-041661e256ff,28.625,T247,40C,off
04/17/2022 22:52:43,Chamber 2,28-041661e256ff,28.687,T247,40C,off
04/17/2022 22:53:03,Chamber 2,28-041661e256ff,28.687,T247,40C,off
04/17/2022 22:53:23,Chamber 2,28-041661e256ff,28.625,T247,40C,off
04/17/2022 22:53:43,Chamber 2,28-041661e256ff,28.625,T247,40C,off
04/17/2022 22:54:03,Chamber 2,28-041661e256ff,28.687,T247,40C,off
04/17/2022 22:54:23,Chamber 2,28-041661e256ff,28.625,T247,40C,off
04/17/2022 22:54:43,Chamber 2,28-041661e256ff,28.625,T247,40C,off
04/17/2022 22:55:03,Chamber 2,28-041661e256ff,28.625,T247,40C,off
04/17/2022 22:55:23,Chamber 2,28-041661e256ff,28.625,T247,40C,off
04/17/2022 22:55:43,Chamber 2,28-041661e256ff,28.625,T247,40C,off
04/17/2022 22:56:03,Chamber 2,28-041661e256ff,28.687,T247,40C,off
04/17/2022 22:56:23,Chamber 2,28-041661e256ff,28.625,T247,40C,off
04/17/2022 22:56:43,Chamber 2,28-041661e256ff,28.687,T247,40C,off
04/17/2022 22:57:03,Chamber 2,28-041661e256ff,28.687,T247,40C,off
04/17/2022 22:57:23,Chamber 2,28-041661e256ff,28.687,T247,40C,off
04/17/2022 22:57:43,Chamber 2,28-041661e256ff,28.625,T247,40C,off
04/17/2022 22:58:03,Chamber 2,28-041661e256ff,28.625,T247,40C,off
04/17/2022 22:58:23,Chamber 2,28-041661e256ff,28.687,T247,40C,off
04/17/2022 22:58:43,Chamber 2,28-041661e256ff,28.687,T247,40C,off
04/17/2022 22:59:03,Chamber 2,28-041661e256ff,28.687,T247,40C,off
04/17/2022 22:59:23,Chamber 2,28-041661e256ff,28.625,T247,40C,off
04/17/2022 22:59:44,Chamber 2,28-041661e256ff,28.687,T247,40C,off
04/17/2022 23:00:02,Chamber 2,28-041661e256ff,28.625,T247,40C,off
04/17/2022 23:00:22,Chamber 2,28-041661e256ff,28.625,T247,40C,off
04/17/2022 23:00:42,Chamber 2,28-041661e256ff,28.625,T247,40C,off
04/17/2022 23:01:02,Chamber 2,28-041661e256ff,28.625,T247,40C,off
04/17/2022 23:01:22,Chamber 2,28-041661e256ff,28.625,T247,40C,off
04/17/2022 23:01:42,Chamber 2,28-041661e256ff,28.687,T247,40C,off
04/17/2022 23:02:02,Chamber 2,28-041661e256ff,28.625,T247,40C,off
04/17/2022 23:02:22,Chamber 2,28-041661e256ff,28.625,T247,40C,off
04/17/2022 23:02:42,Chamber 2,28-041661e256ff,28.687,T247,40C,off
04/17/2022 23:03:02,Chamber 2,28-041661e256ff,28.687,T247,40C,off
04/17/2022 23:03:22,Chamber 2,28-041661e256ff,28.625,T247,40C,off
04/17/2022 23:03:42,Chamber 2,28-041661e256ff,28.687,T247,40C,off
04/17/2022 23:04:02,Chamber 2,28-041661e256ff,28.687,T247,40C,off
04/17/2022 23:04:22,Chamber 2,28-041661e256ff,28.687,T247,40C,off
04/17/2022 23:04:42,Chamber 2,28-041661e256ff,28.625,T247,40C,off
04/17/2022 23:05:02,Chamber 2,28-041661e256ff,28.687,T247,40C,off
04/17/2022 23:05:22,Chamber 2,28-041661e256ff,28.687,T247,40C,off
04/17/2022 23:05:42,Chamber 2,28-041661e256ff,28.687,T247,40C,off
04/17/2022 23:06:02,Chamber 2,28-041661e256ff,28.687,T247,40C,off
04/17/2022 23:06:22,Chamber 2,28-041661e256ff,28.687,T247,40C,off
04/17/2022 23:06:42,Chamber 2,28-041661e256ff,28.687,T247,40C,off
04/17/2022 23:07:02,Chamber 2,28-041661e256ff,28.687,T247,40C,off
04/17/2022 23:07:22,Chamber 2,28-041661e256ff,28.687,T247,40C,off
04/17/2022 23:07:42,Chamber 2,28-041661e256ff,28.687,T247,40C,off
04/17/2022 23:08:02,Chamber 2,28-041661e256ff,28.625,T247,40C,off
04/17/2022 23:08:22,Chamber 2,28-041661e256ff,28.625,T247,40C,off
04/17/2022 23:08:42,Chamber 2,28-041661e256ff,28.687,T247,40C,off
04/17/2022 23:09:02,Chamber 2,28-041661e256ff,28.687,T247,40C,off
04/17/2022 23:09:22,Chamber 2,28-041661e256ff,28.625,T247,40C,off
04/17/2022 23:09:42,Chamber 2,28-041661e256ff,28.687,T247,40C,off
04/17/2022 23:10:02,Chamber 2,28-041661e256ff,28.687,T247,40C,off
04/17/2022 23:10:22,Chamber 2,28-041661e256ff,28.687,T247,40C,off
04/17/2022 23:10:42,Chamber 2,28-041661e256ff,28.687,T247,40C,off
04/17/2022 23:11:02,Chamber 2,28-041661e256ff,28.687,T247,40C,off
04/17/2022 23:11:22,Chamber 2,28-041661e256ff,28.687,T247,40C,off
04/17/2022 23:11:42,Chamber 2,28-041661e256ff,28.687,T247,40C,off
04/17/2022 23:12:02,Chamber 2,28-041661e256ff,28.687,T247,40C,off
04/17/2022 23:12:22,Chamber 2,28-041661e256ff,28.687,T247,40C,off
04/17/2022 23:12:42,Chamber 2,28-041661e256ff,28.687,T247,40C,off
04/17/2022 23:13:02,Chamber 2,28-041661e256ff,28.687,T247,40C,off
04/17/2022 23:13:22,Chamber 2,28-041661e256ff,28.687,T247,40C,off
04/17/2022 23:13:42,Chamber 2,28-041661e256ff,28.687,T247,40C,off
04/17/2022 23:14:02,Chamber 2,28-041661e256ff,28.687,T247,40C,off
04/17/2022 23:14:22,Chamber 2,28-041661e256ff,28.687,T247,40C,off
04/17/2022 23:14:42,Chamber 2,28-041661e256ff,28.687,T247,40C,off
04/17/2022 23:15:02,Chamber 2,28-041661e256ff,28.687,T247,40C,off
04/17/2022 23:15:22,Chamber 2,28-041661e256ff,28.687,T247,40C,off
04/17/2022 23:15:42,Chamber 2,28-041661e256ff,28.687,T247,40C,off
04/17/2022 23:16:02,Chamber 2,28-041661e256ff,28.687,T247,40C,off
04/17/2022 23:16:22,Chamber 2,28-041661e256ff,28.687,T247,40C,off
04/17/2022 23:16:42,Chamber 2,28-041661e256ff,28.687,T247,40C,off
04/17/2022 23:17:02,Chamber 2,28-041661e256ff,28.687,T247,40C,off
04/17/2022 23:17:22,Chamber 2,28-041661e256ff,28.687,T247,40C,off
04/17/2022 23:17:42,Chamber 2,28-041661e256ff,28.687,T247,40C,off
04/17/2022 23:18:02,Chamber 2,28-041661e256ff,28.687,T247,40C,off
04/17/2022 23:18:22,Chamber 2,28-041661e256ff,28.687,T247,40C,off
04/17/2022 23:18:42,Chamber 2,28-041661e256ff,28.687,T247,40C,off
04/17/2022 23:19:02,Chamber 2,28-041661e256ff,28.687,T247,40C,off
04/17/2022 23:19:22,Chamber 2,28-041661e256ff,28.687,T247,40C,off
04/17/2022 23:19:42,Chamber 2,28-041661e256ff,28.687,T247,40C,off
04/17/2022 23:20:02,Chamber 2,28-041661e256ff,28.687,T247,40C,off
04/17/2022 23:20:22,Chamber 2,28-041661e256ff,28.687,T247,40C,off
04/17/2022 23:20:42,Chamber 2,28-041661e256ff,28.687,T247,40C,off
04/17/2022 23:21:02,Chamber 2,28-041661e256ff,28.687,T247,40C,off
04/17/2022 23:21:22,Chamber 2,28-041661e256ff,28.687,T247,40C,off
04/17/2022 23:21:42,Chamber 2,28-041661e256ff,28.687,T247,40C,off
04/17/2022 23:22:03,Chamber 2,28-041661e256ff,28.687,T247,40C,off
04/17/2022 23:22:22,Chamber 2,28-041661e256ff,28.687,T247,40C,off
04/17/2022 23:22:42,Chamber 2,28-041661e256ff,28.687,T247,40C,off
04/17/2022 23:23:02,Chamber 2,28-041661e256ff,28.687,T247,40C,off
04/17/2022 23:23:22,Chamber 2,28-041661e256ff,28.687,T247,40C,off
04/17/2022 23:23:42,Chamber 2,28-041661e256ff,28.687,T247,40C,off
04/17/2022 23:24:02,Chamber 2,28-041661e256ff,28.687,T247,40C,off
04/17/2022 23:24:22,Chamber 2,28-041661e256ff,28.687,T247,40C,off
04/17/2022 23:24:42,Chamber 2,28-041661e256ff,28.687,T247,40C,off
04/17/2022 23:25:02,Chamber 2,28-041661e256ff,28.687,T247,40C,off
04/17/2022 23:25:22,Chamber 2,28-041661e256ff,28.687,T247,40C,off
04/17/2022 23:25:42,Chamber 2,28-041661e256ff,28.687,T247,40C,off
04/17/2022 23:26:02,Chamber 2,28-041661e256ff,28.687,T247,40C,off
04/17/2022 23:26:22,Chamber 2,28-041661e256ff,28.687,T247,40C,off
04/17/2022 23:26:42,Chamber 2,28-041661e256ff,28.687,T247,40C,off
04/17/2022 23:27:02,Chamber 2,28-041661e256ff,28.687,T247,40C,off
04/17/2022 23:27:22,Chamber 2,28-041661e256ff,28.687,T247,40C,off
04/17/2022 23:27:42,Chamber 2,28-041661e256ff,28.687,T247,40C,off
04/17/2022 23:28:02,Chamber 2,28-041661e256ff,28.687,T247,40C,off
04/17/2022 23:28:22,Chamber 2,28-041661e256ff,28.687,T247,40C,off
04/17/2022 23:28:42,Chamber 2,28-041661e256ff,28.687,T247,40C,off
04/17/2022 23:29:02,Chamber 2,28-041661e256ff,28.687,T247,40C,off
04/17/2022 23:29:22,Chamber 2,28-041661e256ff,28.687,T247,40C,off
04/17/2022 23:29:42,Chamber 2,28-041661e256ff,28.687,T247,40C,off
04/17/2022 23:30:02,Chamber 2,28-041661e256ff,28.687,T247,40C,off
04/17/2022 23:30:22,Chamber 2,28-041661e256ff,28.687,T247,40C,off
04/17/2022 23:30:42,Chamber 2,28-041661e256ff,28.687,T247,40C,off
04/17/2022 23:31:02,Chamber 2,28-041661e256ff,28.687,T247,40C,off
04/17/2022 23:31:22,Chamber 2,28-041661e256ff,28.687,T247,40C,off
04/17/2022 23:31:42,Chamber 2,28-041661e256ff,28.687,T247,40C,off
04/17/2022 23:32:02,Chamber 2,28-041661e256ff,28.687,T247,40C,off
04/17/2022 23:32:22,Chamber 2,28-041661e256ff,28.687,T247,40C,off
04/17/2022 23:32:42,Chamber 2,28-041661e256ff,28.687,T247,40C,off
04/17/2022 23:33:02,Chamber 2,28-041661e256ff,28.687,T247,40C,off
04/17/2022 23:33:22,Chamber 2,28-041661e256ff,28.687,T247,40C,off
04/17/2022 23:33:42,Chamber 2,28-041661e256ff,28.687,T247,40C,off
04/17/2022 23:34:02,Chamber 2,28-041661e256ff,28.687,T247,40C,off
04/17/2022 23:34:22,Chamber 2,28-041661e256ff,28.687,T247,40C,off
04/17/2022 23:34:42,Chamber 2,28-041661e256ff,28.687,T247,40C,off
04/17/2022 23:35:02,Chamber 2,28-041661e256ff,28.687,T247,40C,off
04/17/2022 23:35:22,Chamber 2,28-041661e256ff,28.687,T247,40C,off
04/17/2022 23:35:42,Chamber 2,28-041661e256ff,28.687,T247,40C,off
04/17/2022 23:36:02,Chamber 2,28-041661e256ff,28.625,T247,40C,off
04/17/2022 23:36:22,Chamber 2,28-041661e256ff,28.687,T247,40C,off
04/17/2022 23:36:42,Chamber 2,28-041661e256ff,28.687,T247,40C,off
04/17/2022 23:37:02,Chamber 2,28-041661e256ff,28.687,T247,40C,off
04/17/2022 23:37:23,Chamber 2,28-041661e256ff,28.687,T247,40C,off
04/17/2022 23:37:42,Chamber 2,28-041661e256ff,28.687,T247,40C,off
04/17/2022 23:38:02,Chamber 2,28-041661e256ff,28.687,T247,40C,off
04/17/2022 23:38:22,Chamber 2,28-041661e256ff,28.687,T247,40C,off
04/17/2022 23:38:42,Chamber 2,28-041661e256ff,28.687,T247,40C,off
04/17/2022 23:39:02,Chamber 2,28-041661e256ff,28.687,T247,40C,off
04/17/2022 23:39:22,Chamber 2,28-041661e256ff,28.687,T247,40C,off
04/17/2022 23:39:42,Chamber 2,28-041661e256ff,28.687,T247,40C,off
04/17/2022 23:40:02,Chamber 2,28-041661e256ff,28.687,T247,40C,off
04/17/2022 23:40:22,Chamber 2,28-041661e256ff,28.687,T247,40C,off
04/17/2022 23:40:42,Chamber 2,28-041661e256ff,28.625,T247,40C,off
04/17/2022 23:41:02,Chamber 2,28-041661e256ff,28.625,T247,40C,off
04/17/2022 23:41:22,Chamber 2,28-041661e256ff,28.625,T247,40C,off
04/17/2022 23:41:42,Chamber 2,28-041661e256ff,28.625,T247,40C,off
04/17/2022 23:42:02,Chamber 2,28-041661e256ff,28.625,T247,40C,off
04/17/2022 23:42:22,Chamber 2,28-041661e256ff,28.625,T247,40C,off
04/17/2022 23:42:42,Chamber 2,28-041661e256ff,28.625,T247,40C,off
04/17/2022 23:43:02,Chamber 2,28-041661e256ff,28.625,T247,40C,off
04/17/2022 23:43:23,Chamber 2,28-041661e256ff,28.625,T247,40C,off
04/17/2022 23:43:42,Chamber 2,28-041661e256ff,28.687,T247,40C,off
04/17/2022 23:44:02,Chamber 2,28-041661e256ff,28.625,T247,40C,off
04/17/2022 23:44:22,Chamber 2,28-041661e256ff,28.625,T247,40C,off
04/17/2022 23:44:42,Chamber 2,28-041661e256ff,28.625,T247,40C,off
04/17/2022 23:45:02,Chamber 2,28-041661e256ff,28.625,T247,40C,off
04/17/2022 23:45:22,Chamber 2,28-041661e256ff,28.625,T247,40C,off
04/17/2022 23:45:42,Chamber 2,28-041661e256ff,28.625,T247,40C,off
04/17/2022 23:46:02,Chamber 2,28-041661e256ff,28.625,T247,40C,off
04/17/2022 23:46:22,Chamber 2,28-041661e256ff,28.625,T247,40C,off
04/17/2022 23:46:42,Chamber 2,28-041661e256ff,28.625,T247,40C,off
04/17/2022 23:47:02,Chamber 2,28-041661e256ff,28.625,T247,40C,off
04/17/2022 23:47:22,Chamber 2,28-041661e256ff,28.625,T247,40C,off
04/17/2022 23:47:42,Chamber 2,28-041661e256ff,28.625,T247,40C,off
04/17/2022 23:48:02,Chamber 2,28-041661e256ff,28.625,T247,40C,off
04/17/2022 23:48:22,Chamber 2,28-041661e256ff,28.625,T247,40C,off
04/17/2022 23:48:43,Chamber 2,28-041661e256ff,28.625,T247,40C,off
04/17/2022 23:49:02,Chamber 2,28-041661e256ff,28.625,T247,40C,off
04/17/2022 23:49:22,Chamber 2,28-041661e256ff,28.625,T247,40C,off
04/17/2022 23:49:42,Chamber 2,28-041661e256ff,28.625,T247,40C,off
04/17/2022 23:50:02,Chamber 2,28-041661e256ff,28.625,T247,40C,off
04/17/2022 23:50:22,Chamber 2,28-041661e256ff,28.625,T247,40C,off
04/17/2022 23:50:42,Chamber 2,28-041661e256ff,28.625,T247,40C,off
04/17/2022 23:51:02,Chamber 2,28-041661e256ff,28.625,T247,40C,off
04/17/2022 23:51:22,Chamber 2,28-041661e256ff,28.625,T247,40C,off
04/17/2022 23:51:42,Chamber 2,28-041661e256ff,28.625,T247,40C,off
04/17/2022 23:52:02,Chamber 2,28-041661e256ff,28.625,T247,40C,off
04/17/2022 23:52:22,Chamber 2,28-041661e256ff,28.625,T247,40C,off
04/17/2022 23:52:42,Chamber 2,28-041661e256ff,28.625,T247,40C,off
04/17/2022 23:53:02,Chamber 2,28-041661e256ff,28.625,T247,40C,off
04/17/2022 23:53:23,Chamber 2,28-041661e256ff,28.625,T247,40C,off
04/17/2022 23:53:42,Chamber 2,28-041661e256ff,28.625,T247,40C,off
04/17/2022 23:54:02,Chamber 2,28-041661e256ff,28.625,T247,40C,off
04/17/2022 23:54:22,Chamber 2,28-041661e256ff,28.625,T247,40C,off
04/17/2022 23:54:42,Chamber 2,28-041661e256ff,28.625,T247,40C,off
04/17/2022 23:55:02,Chamber 2,28-041661e256ff,28.625,T247,40C,off
04/17/2022 23:55:22,Chamber 2,28-041661e256ff,28.625,T247,40C,off
04/17/2022 23:55:42,Chamber 2,28-041661e256ff,28.625,T247,40C,off
04/17/2022 23:56:02,Chamber 2,28-041661e256ff,28.625,T247,40C,off
04/17/2022 23:56:22,Chamber 2,28-041661e256ff,28.625,T247,40C,off
04/17/2022 23:56:42,Chamber 2,28-041661e256ff,28.625,T247,40C,off
04/17/2022 23:57:02,Chamber 2,28-041661e256ff,28.625,T247,40C,off
04/17/2022 23:57:22,Chamber 2,28-041661e256ff,28.625,T247,40C,off
04/17/2022 23:57:42,Chamber 2,28-041661e256ff,28.625,T247,40C,off
04/17/2022 23:58:02,Chamber 2,28-041661e256ff,28.625,T247,40C,off
04/17/2022 23:58:22,Chamber 2,28-041661e256ff,28.625,T247,40C,off
04/17/2022 23:58:42,Chamber 2,28-041661e256ff,28.625,T247,40C,off
04/17/2022 23:59:02,Chamber 2,28-041661e256ff,28.625,T247,40C,off
04/17/2022 23:59:22,Chamber 2,28-041661e256ff,28.625,T247,40C,off
04/17/2022 23:59:42,Chamber 2,28-041661e256ff,28.625,T247,40C,off
