04/20/2023 00:00:02,Chamber 4,28-031662252cff,25.75,T263,30C,off
04/20/2023 00:00:22,Chamber 4,28-031662252cff,25.75,T263,30C,off
04/20/2023 00:00:42,Chamber 4,28-031662252cff,25.75,T263,30C,off
04/20/2023 00:01:02,Chamber 4,28-031662252cff,25.75,T263,30C,off
04/20/2023 00:01:22,Chamber 4,28-031662252cff,25.75,T263,30C,off
04/20/2023 00:01:42,Chamber 4,28-031662252cff,25.75,T263,30C,off
04/20/2023 00:02:02,Chamber 4,28-031662252cff,25.75,T263,30C,off
04/20/2023 00:02:22,Chamber 4,28-031662252cff,25.75,T263,30C,off
04/20/2023 00:02:42,Chamber 4,28-031662252cff,25.75,T263,30C,off
04/20/2023 00:03:02,Chamber 4,28-031662252cff,25.75,T263,30C,off
04/20/2023 00:03:22,Chamber 4,28-031662252cff,25.75,T263,30C,off
04/20/2023 00:03:42,Chamber 4,28-031662252cff,25.75,T263,30C,off
04/20/2023 00:04:02,Chamber 4,28-031662252cff,25.75,T263,30C,off
04/20/2023 00:04:22,Chamber 4,28-031662252cff,25.75,T263,30C,off
04/20/2023 00:04:42,Chamber 4,28-031662252cff,25.75,T263,30C,off
04/20/2023 00:05:02,Chamber 4,28-031662252cff,25.75,T263,30C,off
04/20/2023 00:05:22,Chamber 4,28-031662252cff,25.75,T263,30C,off
04/20/2023 00:05:42,Chamber 4,28-031662252cff,25.75,T263,30C,off
04/20/2023 00:06:02,Chamber 4,28-031662252cff,25.75,T263,30C,off
04/20/2023 00:06:22,Chamber 4,28-031662252cff,25.75,T263,30C,off
04/20/2023 00:06:42,Chamber 4,28-031662252cff,25.75,T263,30C,off
04/20/2023 00:07:02,Chamber 4,28-031662252cff,25.75,T263,30C,off
04/20/2023 00:07:22,Chamber 4,28-031662252cff,25.75,T263,30C,off
04/20/2023 00:07:42,Chamber 4,28-031662252cff,25.75,T263,30C,off
04/20/2023 00:08:02,Chamber 4,28-031662252cff,25.75,T263,30C,off
04/20/2023 00:08:22,Chamber 4,28-031662252cff,25.75,T263,30C,off
04/20/2023 00:08:42,Chamber 4,28-031662252cff,25.75,T263,30C,off
04/20/2023 00:09:02,Chamber 4,28-031662252cff,25.75,T263,30C,off
04/20/2023 00:09:22,Chamber 4,28-031662252cff,25.75,T263,30C,off
04/20/2023 00:09:42,Chamber 4,28-031662252cff,25.75,T263,30C,off
04/20/2023 00:10:02,Chamber 4,28-031662252cff,25.687,T263,30C,off
04/20/2023 00:10:22,Chamber 4,28-031662252cff,25.75,T263,30C,off
04/20/2023 00:10:42,Chamber 4,28-031662252cff,25.75,T263,30C,off
04/20/2023 00:11:02,Chamber 4,28-031662252cff,25.75,T263,30C,off
04/20/2023 00:11:22,Chamber 4,28-031662252cff,25.75,T263,30C,off
04/20/2023 00:11:42,Chamber 4,28-031662252cff,25.75,T263,30C,off
04/20/2023 00:12:02,Chamber 4,28-031662252cff,25.75,T263,30C,off
04/20/2023 00:12:22,Chamber 4,28-031662252cff,25.687,T263,30C,off
04/20/2023 00:12:42,Chamber 4,28-031662252cff,25.687,T263,30C,off
04/20/2023 00:13:02,Chamber 4,28-031662252cff,25.75,T263,30C,off
04/20/2023 00:13:22,Chamber 4,28-031662252cff,25.75,T263,30C,off
04/20/2023 00:13:42,Chamber 4,28-031662252cff,25.75,T263,30C,off
04/20/2023 00:14:02,Chamber 4,28-031662252cff,25.75,T263,30C,off
04/20/2023 00:14:22,Chamber 4,28-031662252cff,25.75,T263,30C,off
04/20/2023 00:14:42,Chamber 4,28-031662252cff,25.687,T263,30C,off
04/20/2023 00:15:02,Chamber 4,28-031662252cff,25.687,T263,30C,off
04/20/2023 00:15:23,Chamber 4,28-031662252cff,25.75,T263,30C,off
04/20/2023 00:15:42,Chamber 4,28-031662252cff,25.75,T263,30C,off
04/20/2023 00:16:02,Chamber 4,28-031662252cff,25.687,T263,30C,off
04/20/2023 00:16:23,Chamber 4,28-031662252cff,25.75,T263,30C,off
04/20/2023 00:16:42,Chamber 4,28-031662252cff,25.75,T263,30C,off
04/20/2023 00:17:02,Chamber 4,28-031662252cff,25.687,T263,30C,off
04/20/2023 00:17:22,Chamber 4,28-031662252cff,25.687,T263,30C,off
04/20/2023 00:17:42,Chamber 4,28-031662252cff,25.687,T263,30C,off
04/20/2023 00:18:02,Chamber 4,28-031662252cff,25.687,T263,30C,off
04/20/2023 00:18:22,Chamber 4,28-031662252cff,25.687,T263,30C,off
04/20/2023 00:18:42,Chamber 4,28-031662252cff,25.687,T263,30C,off
04/20/2023 00:19:02,Chamber 4,28-031662252cff,25.75,T263,30C,off
04/20/2023 00:19:22,Chamber 4,28-031662252cff,25.75,T263,30C,off
04/20/2023 00:19:42,Chamber 4,28-031662252cff,25.75,T263,30C,off
04/20/2023 00:20:02,Chamber 4,28-031662252cff,25.687,T263,30C,off
04/20/2023 00:20:22,Chamber 4,28-031662252cff,25.687,T263,30C,off
04/20/2023 00:20:42,Chamber 4,28-031662252cff,25.687,T263,30C,off
04/20/2023 00:21:02,Chamber 4,28-031662252cff,25.75,T263,30C,off
04/20/2023 00:21:22,Chamber 4,28-031662252cff,25.75,T263,30C,off
04/20/2023 00:21:42,Chamber 4,28-031662252cff,25.75,T263,30C,off
04/20/2023 00:22:02,Chamber 4,28-031662252cff,25.75,T263,30C,off
04/20/2023 00:22:22,Chamber 4,28-031662252cff,25.75,T263,30C,off
04/20/2023 00:22:42,Chamber 4,28-031662252cff,25.75,T263,30C,off
04/20/2023 00:23:02,Chamber 4,28-031662252cff,25.75,T263,30C,off
04/20/2023 00:23:22,Chamber 4,28-031662252cff,25.75,T263,30C,off
04/20/2023 00:23:42,Chamber 4,28-031662252cff,25.75,T263,30C,off
04/20/2023 00:24:02,Chamber 4,28-031662252cff,25.75,T263,30C,off
04/20/2023 00:24:22,Chamber 4,28-031662252cff,25.75,T263,30C,off
04/20/2023 00:24:42,Chamber 4,28-031662252cff,25.75,T263,30C,off
04/20/2023 00:25:02,Chamber 4,28-031662252cff,25.75,T263,30C,off
04/20/2023 00:25:22,Chamber 4,28-031662252cff,25.687,T263,30C,off
04/20/2023 00:25:42,Chamber 4,28-031662252cff,25.687,T263,30C,off
04/20/2023 00:26:02,Chamber 4,28-031662252cff,25.687,T263,30C,off
04/20/2023 00:26:22,Chamber 4,28-031662252cff,25.687,T263,30C,off
04/20/2023 00:26:42,Chamber 4,28-031662252cff,25.687,T263,30C,off
04/20/2023 00:27:02,Chamber 4,28-031662252cff,25.687,T263,30C,off
04/20/2023 00:27:22,Chamber 4,28-031662252cff,25.687,T263,30C,off
04/20/2023 00:27:42,Chamber 4,28-031662252cff,25.687,T263,30C,off
04/20/2023 00:28:02,Chamber 4,28-031662252cff,25.687,T263,30C,off
04/20/2023 00:28:22,Chamber 4,28-031662252cff,25.687,T263,30C,off
04/20/2023 00:28:42,Chamber 4,28-031662252cff,25.687,T263,30C,off
04/20/2023 00:29:02,Chamber 4,28-031662252cff,25.687,T263,30C,off
04/20/2023 00:29:22,Chamber 4,28-031662252cff,25.687,T263,30C,off
04/20/2023 00:29:42,Chamber 4,28-031662252cff,25.687,T263,30C,off
04/20/2023 00:30:02,Chamber 4,28-031662252cff,25.687,T263,30C,off
04/20/2023 00:30:22,Chamber 4,28-031662252cff,25.687,T263,30C,off
04/20/2023 00:30:42,Chamber 4,28-031662252cff,25.687,T263,30C,off
04/20/2023 00:31:02,Chamber 4,28-031662252cff,25.687,T263,30C,off
04/20/2023 00:31:22,Chamber 4,28-031662252cff,25.687,T263,30C,off
04/20/2023 00:31:42,Chamber 4,28-031662252cff,25.687,T263,30C,off
04/20/2023 00:32:02,Chamber 4,28-031662252cff,25.687,T263,30C,off
04/20/2023 00:32:22,Chamber 4,28-031662252cff,25.687,T263,30C,off
04/20/2023 00:32:42,Chamber 4,28-031662252cff,25.687,T263,30C,off
04/20/2023 00:33:02,Chamber 4,28-031662252cff,25.687,T263,30C,off
04/20/2023 00:33:22,Chamber 4,28-031662252cff,25.687,T263,30C,off
04/20/2023 00:33:42,Chamber 4,28-031662252cff,25.687,T263,30C,off
04/20/2023 00:34:02,Chamber 4,28-031662252cff,25.687,T263,30C,off
04/20/2023 00:34:22,Chamber 4,28-031662252cff,25.687,T263,30C,off
04/20/2023 00:34:42,Chamber 4,28-031662252cff,25.687,T263,30C,off
04/20/2023 00:35:02,Chamber 4,28-031662252cff,25.687,T263,30C,off
04/20/2023 00:35:22,Chamber 4,28-031662252cff,25.687,T263,30C,off
04/20/2023 00:35:42,Chamber 4,28-031662252cff,25.687,T263,30C,off
04/20/2023 00:36:02,Chamber 4,28-031662252cff,25.687,T263,30C,off
04/20/2023 00:36:22,Chamber 4,28-031662252cff,25.687,T263,30C,off
04/20/2023 00:36:42,Chamber 4,28-031662252cff,25.687,T263,30C,off
04/20/2023 00:37:02,Chamber 4,28-031662252cff,25.687,T263,30C,off
04/20/2023 00:37:22,Chamber 4,28-031662252cff,25.687,T263,30C,off
04/20/2023 00:37:42,Chamber 4,28-031662252cff,25.687,T263,30C,off
04/20/2023 00:38:02,Chamber 4,28-031662252cff,25.687,T263,30C,off
04/20/2023 00:38:22,Chamber 4,28-031662252cff,25.687,T263,30C,off
04/20/2023 00:38:42,Chamber 4,28-031662252cff,25.687,T263,30C,off
04/20/2023 00:39:02,Chamber 4,28-031662252cff,25.687,T263,30C,off
04/20/2023 00:39:22,Chamber 4,28-031662252cff,25.687,T263,30C,off
04/20/2023 00:39:42,Chamber 4,28-031662252cff,25.687,T263,30C,off
04/20/2023 00:40:02,Chamber 4,28-031662252cff,25.687,T263,30C,off
04/20/2023 00:40:22,Chamber 4,28-031662252cff,25.687,T263,30C,off
04/20/2023 00:40:42,Chamber 4,28-031662252cff,25.687,T263,30C,off
04/20/2023 00:41:02,Chamber 4,28-031662252cff,25.687,T263,30C,off
04/20/2023 00:41:22,Chamber 4,28-031662252cff,25.687,T263,30C,off
04/20/2023 00:41:42,Chamber 4,28-031662252cff,25.687,T263,30C,off
04/20/2023 00:42:02,Chamber 4,28-031662252cff,25.687,T263,30C,off
04/20/2023 00:42:22,Chamber 4,28-031662252cff,25.687,T263,30C,off
04/20/2023 00:42:42,Chamber 4,28-031662252cff,25.687,T263,30C,off
04/20/2023 00:43:02,Chamber 4,28-031662252cff,25.687,T263,30C,off
04/20/2023 00:43:22,Chamber 4,28-031662252cff,25.687,T263,30C,off
04/20/2023 00:43:42,Chamber 4,28-031662252cff,25.687,T263,30C,off
04/20/2023 00:44:02,Chamber 4,28-031662252cff,25.687,T263,30C,off
04/20/2023 00:44:22,Chamber 4,28-031662252cff,25.687,T263,30C,off
04/20/2023 00:44:42,Chamber 4,28-031662252cff,25.687,T263,30C,off
04/20/2023 00:45:02,Chamber 4,28-031662252cff,25.687,T263,30C,off
04/20/2023 00:45:22,Chamber 4,28-031662252cff,25.687,T263,30C,off
04/20/2023 00:45:42,Chamber 4,28-031662252cff,25.687,T263,30C,off
04/20/2023 00:46:02,Chamber 4,28-031662252cff,25.687,T263,30C,off
04/20/2023 00:46:22,Chamber 4,28-031662252cff,25.687,T263,30C,off
04/20/2023 00:46:42,Chamber 4,28-031662252cff,25.687,T263,30C,off
04/20/2023 00:47:02,Chamber 4,28-031662252cff,25.687,T263,30C,off
04/20/2023 00:47:22,Chamber 4,28-031662252cff,25.687,T263,30C,off
04/20/2023 00:47:42,Chamber 4,28-031662252cff,25.687,T263,30C,off
04/20/2023 00:48:02,Chamber 4,28-031662252cff,25.687,T263,30C,off
04/20/2023 00:48:22,Chamber 4,28-031662252cff,25.687,T263,30C,off
04/20/2023 00:48:42,Chamber 4,28-031662252cff,25.687,T263,30C,off
04/20/2023 00:49:02,Chamber 4,28-031662252cff,25.687,T263,30C,off
04/20/2023 00:49:22,Chamber 4,28-031662252cff,25.687,T263,30C,off
04/20/2023 00:49:42,Chamber 4,28-031662252cff,25.687,T263,30C,off
04/20/2023 00:50:02,Chamber 4,28-031662252cff,25.687,T263,30C,off
04/20/2023 00:50:22,Chamber 4,28-031662252cff,25.687,T263,30C,off
04/20/2023 00:50:42,Chamber 4,28-031662252cff,25.687,T263,30C,off
04/20/2023 00:51:02,Chamber 4,28-031662252cff,25.687,T263,30C,off
04/20/2023 00:51:22,Chamber 4,28-031662252cff,25.687,T263,30C,off
04/20/2023 00:51:42,Chamber 4,28-031662252cff,25.687,T263,30C,off
04/20/2023 00:52:02,Chamber 4,28-031662252cff,25.687,T263,30C,off
04/20/2023 00:52:22,Chamber 4,28-031662252cff,25.687,T263,30C,off
04/20/2023 00:52:42,Chamber 4,28-031662252cff,25.687,T263,30C,off
04/20/2023 00:53:02,Chamber 4,28-031662252cff,25.687,T263,30C,off
04/20/2023 00:53:22,Chamber 4,28-031662252cff,25.687,T263,30C,off
04/20/2023 00:53:42,Chamber 4,28-031662252cff,25.687,T263,30C,off
04/20/2023 00:54:02,Chamber 4,28-031662252cff,25.687,T263,30C,off
04/20/2023 00:54:22,Chamber 4,28-031662252cff,25.687,T263,30C,off
04/20/2023 00:54:42,Chamber 4,28-031662252cff,25.687,T263,30C,off
04/20/2023 00:55:02,Chamber 4,28-031662252cff,25.687,T263,30C,off
04/20/2023 00:55:22,Chamber 4,28-031662252cff,25.687,T263,30C,off
04/20/2023 00:55:42,Chamber 4,28-031662252cff,25.687,T263,30C,off
04/20/2023 00:56:02,Chamber 4,28-031662252cff,25.687,T263,30C,off
04/20/2023 00:56:22,Chamber 4,28-031662252cff,25.687,T263,30C,off
04/20/2023 00:56:42,Chamber 4,28-031662252cff,25.687,T263,30C,off
04/20/2023 00:57:02,Chamber 4,28-031662252cff,25.687,T263,30C,off
04/20/2023 00:57:22,Chamber 4,28-031662252cff,25.687,T263,30C,off
04/20/2023 00:57:42,Chamber 4,28-031662252cff,25.687,T263,30C,off
04/20/2023 00:58:02,Chamber 4,28-031662252cff,25.687,T263,30C,off
04/20/2023 00:58:22,Chamber 4,28-031662252cff,25.687,T263,30C,off
04/20/2023 00:58:42,Chamber 4,28-031662252cff,25.687,T263,30C,off
04/20/2023 00:59:02,Chamber 4,28-031662252cff,25.687,T263,30C,off
04/20/2023 00:59:22,Chamber 4,28-031662252cff,25.687,T263,30C,off
04/20/2023 00:59:42,Chamber 4,28-031662252cff,25.687,T263,30C,off
04/20/2023 01:00:02,Chamber 4,28-031662252cff,25.687,T263,30C,off
04/20/2023 01:00:22,Chamber 4,28-031662252cff,25.687,T263,30C,off
04/20/2023 01:00:42,Chamber 4,28-031662252cff,25.687,T263,30C,off
04/20/2023 01:01:02,Chamber 4,28-031662252cff,25.687,T263,30C,off
04/20/2023 01:01:22,Chamber 4,28-031662252cff,25.687,T263,30C,off
04/20/2023 01:01:43,Chamber 4,28-031662252cff,25.687,T263,30C,off
04/20/2023 01:02:02,Chamber 4,28-031662252cff,25.687,T263,30C,off
04/20/2023 01:02:22,Chamber 4,28-031662252cff,25.687,T263,30C,off
04/20/2023 01:02:42,Chamber 4,28-031662252cff,25.687,T263,30C,off
04/20/2023 01:03:02,Chamber 4,28-031662252cff,25.687,T263,30C,off
04/20/2023 01:03:22,Chamber 4,28-031662252cff,25.687,T263,30C,off
04/20/2023 01:03:42,Chamber 4,28-031662252cff,25.687,T263,30C,off
04/20/2023 01:04:02,Chamber 4,28-031662252cff,25.625,T263,30C,off
04/20/2023 01:04:22,Chamber 4,28-031662252cff,25.687,T263,30C,off
04/20/2023 01:04:42,Chamber 4,28-031662252cff,25.687,T263,30C,off
04/20/2023 01:05:02,Chamber 4,28-031662252cff,25.687,T263,30C,off
04/20/2023 01:05:22,Chamber 4,28-031662252cff,25.625,T263,30C,off
04/20/2023 01:05:42,Chamber 4,28-031662252cff,25.625,T263,30C,off
04/20/2023 01:06:02,Chamber 4,28-031662252cff,25.625,T263,30C,off
04/20/2023 01:06:22,Chamber 4,28-031662252cff,25.625,T263,30C,off
04/20/2023 01:06:42,Chamber 4,28-031662252cff,25.625,T263,30C,off
04/20/2023 01:07:02,Chamber 4,28-031662252cff,25.687,T263,30C,off
04/20/2023 01:07:22,Chamber 4,28-031662252cff,25.625,T263,30C,off
04/20/2023 01:07:42,Chamber 4,28-031662252cff,25.625,T263,30C,off
04/20/2023 01:08:02,Chamber 4,28-031662252cff,25.625,T263,30C,off
04/20/2023 01:08:22,Chamber 4,28-031662252cff,25.625,T263,30C,off
04/20/2023 01:08:42,Chamber 4,28-031662252cff,25.625,T263,30C,off
04/20/2023 01:09:02,Chamber 4,28-031662252cff,25.625,T263,30C,off
04/20/2023 01:09:22,Chamber 4,28-031662252cff,25.625,T263,30C,off
04/20/2023 01:09:42,Chamber 4,28-031662252cff,25.625,T263,30C,off
04/20/2023 01:10:02,Chamber 4,28-031662252cff,25.625,T263,30C,off
04/20/2023 01:10:22,Chamber 4,28-031662252cff,25.625,T263,30C,off
04/20/2023 01:10:42,Chamber 4,28-031662252cff,25.625,T263,30C,off
04/20/2023 01:11:02,Chamber 4,28-031662252cff,25.625,T263,30C,off
04/20/2023 01:11:22,Chamber 4,28-031662252cff,25.625,T263,30C,off
04/20/2023 01:11:42,Chamber 4,28-031662252cff,25.625,T263,30C,off
04/20/2023 01:12:02,Chamber 4,28-031662252cff,25.625,T263,30C,off
04/20/2023 01:12:22,Chamber 4,28-031662252cff,25.625,T263,30C,off
04/20/2023 01:12:42,Chamber 4,28-031662252cff,25.625,T263,30C,off
04/20/2023 01:13:02,Chamber 4,28-031662252cff,25.625,T263,30C,off
04/20/2023 01:13:22,Chamber 4,28-031662252cff,25.625,T263,30C,off
04/20/2023 01:13:42,Chamber 4,28-031662252cff,25.625,T263,30C,off
04/20/2023 01:14:02,Chamber 4,28-031662252cff,25.625,T263,30C,off
04/20/2023 01:14:22,Chamber 4,28-031662252cff,25.625,T263,30C,off
04/20/2023 01:14:42,Chamber 4,28-031662252cff,25.625,T263,30C,off
04/20/2023 01:15:02,Chamber 4,28-031662252cff,25.625,T263,30C,off
04/20/2023 01:15:22,Chamber 4,28-031662252cff,25.625,T263,30C,off
04/20/2023 01:15:42,Chamber 4,28-031662252cff,25.625,T263,30C,off
04/20/2023 01:16:02,Chamber 4,28-031662252cff,25.625,T263,30C,off
04/20/2023 01:16:22,Chamber 4,28-031662252cff,25.625,T263,30C,off
04/20/2023 01:16:42,Chamber 4,28-031662252cff,25.625,T263,30C,off
04/20/2023 01:17:02,Chamber 4,28-031662252cff,25.625,T263,30C,off
04/20/2023 01:17:22,Chamber 4,28-031662252cff,25.625,T263,30C,off
04/20/2023 01:17:42,Chamber 4,28-031662252cff,25.625,T263,30C,off
04/20/2023 01:18:02,Chamber 4,28-031662252cff,25.625,T263,30C,off
04/20/2023 01:18:22,Chamber 4,28-031662252cff,25.625,T263,30C,off
04/20/2023 01:18:42,Chamber 4,28-031662252cff,25.625,T263,30C,off
04/20/2023 01:19:02,Chamber 4,28-031662252cff,25.625,T263,30C,off
04/20/2023 01:19:22,Chamber 4,28-031662252cff,25.625,T263,30C,off
04/20/2023 01:19:42,Chamber 4,28-031662252cff,25.625,T263,30C,off
04/20/2023 01:20:02,Chamber 4,28-031662252cff,25.625,T263,30C,off
04/20/2023 01:20:22,Chamber 4,28-031662252cff,25.625,T263,30C,off
04/20/2023 01:20:42,Chamber 4,28-031662252cff,25.625,T263,30C,off
04/20/2023 01:21:02,Chamber 4,28-031662252cff,25.625,T263,30C,off
04/20/2023 01:21:22,Chamber 4,28-031662252cff,25.625,T263,30C,off
04/20/2023 01:21:42,Chamber 4,28-031662252cff,25.625,T263,30C,off
04/20/2023 01:22:02,Chamber 4,28-031662252cff,25.625,T263,30C,off
04/20/2023 01:22:22,Chamber 4,28-031662252cff,25.625,T263,30C,off
04/20/2023 01:22:42,Chamber 4,28-031662252cff,25.625,T263,30C,off
04/20/2023 01:23:02,Chamber 4,28-031662252cff,25.625,T263,30C,off
04/20/2023 01:23:22,Chamber 4,28-031662252cff,25.625,T263,30C,off
04/20/2023 01:23:42,Chamber 4,28-031662252cff,25.625,T263,30C,off
04/20/2023 01:24:02,Chamber 4,28-031662252cff,25.625,T263,30C,off
04/20/2023 01:24:22,Chamber 4,28-031662252cff,25.625,T263,30C,off
04/20/2023 01:24:42,Chamber 4,28-031662252cff,25.625,T263,30C,off
04/20/2023 01:25:02,Chamber 4,28-031662252cff,25.625,T263,30C,off
04/20/2023 01:25:22,Chamber 4,28-031662252cff,25.625,T263,30C,off
04/20/2023 01:25:42,Chamber 4,28-031662252cff,25.625,T263,30C,off
04/20/2023 01:26:02,Chamber 4,28-031662252cff,25.625,T263,30C,off
04/20/2023 01:26:22,Chamber 4,28-031662252cff,25.625,T263,30C,off
04/20/2023 01:26:42,Chamber 4,28-031662252cff,25.625,T263,30C,off
04/20/2023 01:27:02,Chamber 4,28-031662252cff,25.625,T263,30C,off
04/20/2023 01:27:23,Chamber 4,28-031662252cff,25.625,T263,30C,off
04/20/2023 01:27:42,Chamber 4,28-031662252cff,25.625,T263,30C,off
04/20/2023 01:28:02,Chamber 4,28-031662252cff,25.625,T263,30C,off
04/20/2023 01:28:23,Chamber 4,28-031662252cff,25.625,T263,30C,off
04/20/2023 01:28:42,Chamber 4,28-031662252cff,25.625,T263,30C,off
04/20/2023 01:29:02,Chamber 4,28-031662252cff,25.625,T263,30C,off
04/20/2023 01:29:22,Chamber 4,28-031662252cff,25.625,T263,30C,off
04/20/2023 01:29:42,Chamber 4,28-031662252cff,25.625,T263,30C,off
04/20/2023 01:30:02,Chamber 4,28-031662252cff,25.625,T263,30C,off
04/20/2023 01:30:22,Chamber 4,28-031662252cff,25.625,T263,30C,off
04/20/2023 01:30:42,Chamber 4,28-031662252cff,25.625,T263,30C,off
04/20/2023 01:31:02,Chamber 4,28-031662252cff,25.625,T263,30C,off
04/20/2023 01:31:22,Chamber 4,28-031662252cff,25.625,T263,30C,off
04/20/2023 01:31:42,Chamber 4,28-031662252cff,25.625,T263,30C,off
04/20/2023 01:32:02,Chamber 4,28-031662252cff,25.625,T263,30C,off
04/20/2023 01:32:22,Chamber 4,28-031662252cff,25.625,T263,30C,off
04/20/2023 01:32:42,Chamber 4,28-031662252cff,25.625,T263,30C,off
04/20/2023 01:33:02,Chamber 4,28-031662252cff,25.625,T263,30C,off
04/20/2023 01:33:22,Chamber 4,28-031662252cff,25.625,T263,30C,off
04/20/2023 01:33:42,Chamber 4,28-031662252cff,25.625,T263,30C,off
04/20/2023 01:34:02,Chamber 4,28-031662252cff,25.625,T263,30C,off
04/20/2023 01:34:22,Chamber 4,28-031662252cff,25.625,T263,30C,off
04/20/2023 01:34:42,Chamber 4,28-031662252cff,25.562,T263,30C,off
04/20/2023 01:35:02,Chamber 4,28-031662252cff,25.625,T263,30C,off
04/20/2023 01:35:22,Chamber 4,28-031662252cff,25.625,T263,30C,off
04/20/2023 01:35:42,Chamber 4,28-031662252cff,25.625,T263,30C,off
04/20/2023 01:36:02,Chamber 4,28-031662252cff,25.625,T263,30C,off
04/20/2023 01:36:22,Chamber 4,28-031662252cff,25.625,T263,30C,off
04/20/2023 01:36:42,Chamber 4,28-031662252cff,25.625,T263,30C,off
04/20/2023 01:37:02,Chamber 4,28-031662252cff,25.625,T263,30C,off
04/20/2023 01:37:22,Chamber 4,28-031662252cff,25.625,T263,30C,off
04/20/2023 01:37:42,Chamber 4,28-031662252cff,25.625,T263,30C,off
04/20/2023 01:38:02,Chamber 4,28-031662252cff,25.625,T263,30C,off
04/20/2023 01:38:22,Chamber 4,28-031662252cff,25.562,T263,30C,off
04/20/2023 01:38:42,Chamber 4,28-031662252cff,25.562,T263,30C,off
04/20/2023 01:39:02,Chamber 4,28-031662252cff,25.562,T263,30C,off
04/20/2023 01:39:22,Chamber 4,28-031662252cff,25.562,T263,30C,off
04/20/2023 01:39:42,Chamber 4,28-031662252cff,25.625,T263,30C,off
04/20/2023 01:40:02,Chamber 4,28-031662252cff,25.625,T263,30C,off
04/20/2023 01:40:22,Chamber 4,28-031662252cff,25.625,T263,30C,off
04/20/2023 01:40:42,Chamber 4,28-031662252cff,25.625,T263,30C,off
04/20/2023 01:41:02,Chamber 4,28-031662252cff,25.562,T263,30C,off
04/20/2023 01:41:22,Chamber 4,28-031662252cff,25.562,T263,30C,off
04/20/2023 01:41:43,Chamber 4,28-031662252cff,25.625,T263,30C,off
04/20/2023 01:42:02,Chamber 4,28-031662252cff,25.562,T263,30C,off
04/20/2023 01:42:22,Chamber 4,28-031662252cff,25.562,T263,30C,off
04/20/2023 01:42:42,Chamber 4,28-031662252cff,25.562,T263,30C,off
04/20/2023 01:43:02,Chamber 4,28-031662252cff,25.562,T263,30C,off
04/20/2023 01:43:22,Chamber 4,28-031662252cff,25.562,T263,30C,off
04/20/2023 01:43:42,Chamber 4,28-031662252cff,25.562,T263,30C,off
04/20/2023 01:44:02,Chamber 4,28-031662252cff,25.562,T263,30C,off
04/20/2023 01:44:22,Chamber 4,28-031662252cff,25.562,T263,30C,off
04/20/2023 01:44:42,Chamber 4,28-031662252cff,25.562,T263,30C,off
04/20/2023 01:45:02,Chamber 4,28-031662252cff,25.562,T263,30C,off
04/20/2023 01:45:22,Chamber 4,28-031662252cff,25.562,T263,30C,off
04/20/2023 01:45:42,Chamber 4,28-031662252cff,25.562,T263,30C,off
04/20/2023 01:46:02,Chamber 4,28-031662252cff,25.562,T263,30C,off
04/20/2023 01:46:22,Chamber 4,28-031662252cff,25.562,T263,30C,off
04/20/2023 01:46:42,Chamber 4,28-031662252cff,25.562,T263,30C,off
04/20/2023 01:47:02,Chamber 4,28-031662252cff,25.562,T263,30C,off
04/20/2023 01:47:22,Chamber 4,28-031662252cff,25.562,T263,30C,off
04/20/2023 01:47:42,Chamber 4,28-031662252cff,25.562,T263,30C,off
04/20/2023 01:48:02,Chamber 4,28-031662252cff,25.562,T263,30C,off
04/20/2023 01:48:22,Chamber 4,28-031662252cff,25.562,T263,30C,off
04/20/2023 01:48:42,Chamber 4,28-031662252cff,25.562,T263,30C,off
04/20/2023 01:49:02,Chamber 4,28-031662252cff,25.562,T263,30C,off
04/20/2023 01:49:22,Chamber 4,28-031662252cff,25.562,T263,30C,off
04/20/2023 01:49:42,Chamber 4,28-031662252cff,25.562,T263,30C,off
04/20/2023 01:50:02,Chamber 4,28-031662252cff,25.562,T263,30C,off
04/20/2023 01:50:22,Chamber 4,28-031662252cff,25.562,T263,30C,off
04/20/2023 01:50:42,Chamber 4,28-031662252cff,25.562,T263,30C,off
04/20/2023 01:51:02,Chamber 4,28-031662252cff,25.562,T263,30C,off
04/20/2023 01:51:22,Chamber 4,28-031662252cff,25.562,T263,30C,off
04/20/2023 01:51:42,Chamber 4,28-031662252cff,25.562,T263,30C,off
04/20/2023 01:52:02,Chamber 4,28-031662252cff,25.562,T263,30C,off
04/20/2023 01:52:22,Chamber 4,28-031662252cff,25.562,T263,30C,off
04/20/2023 01:52:42,Chamber 4,28-031662252cff,25.562,T263,30C,off
04/20/2023 01:53:02,Chamber 4,28-031662252cff,25.562,T263,30C,off
04/20/2023 01:53:22,Chamber 4,28-031662252cff,25.625,T263,30C,off
04/20/2023 01:53:42,Chamber 4,28-031662252cff,25.562,T263,30C,off
04/20/2023 01:54:02,Chamber 4,28-031662252cff,25.625,T263,30C,off
04/20/2023 01:54:22,Chamber 4,28-031662252cff,25.562,T263,30C,off
04/20/2023 01:54:42,Chamber 4,28-031662252cff,25.562,T263,30C,off
04/20/2023 01:55:02,Chamber 4,28-031662252cff,25.562,T263,30C,off
04/20/2023 01:55:22,Chamber 4,28-031662252cff,25.562,T263,30C,off
04/20/2023 01:55:42,Chamber 4,28-031662252cff,25.562,T263,30C,off
04/20/2023 01:56:02,Chamber 4,28-031662252cff,25.562,T263,30C,off
04/20/2023 01:56:22,Chamber 4,28-031662252cff,25.562,T263,30C,off
04/20/2023 01:56:42,Chamber 4,28-031662252cff,25.562,T263,30C,off
04/20/2023 01:57:02,Chamber 4,28-031662252cff,25.562,T263,30C,off
04/20/2023 01:57:22,Chamber 4,28-031662252cff,25.562,T263,30C,off
04/20/2023 01:57:42,Chamber 4,28-031662252cff,25.562,T263,30C,off
04/20/2023 01:58:02,Chamber 4,28-031662252cff,25.562,T263,30C,off
04/20/2023 01:58:22,Chamber 4,28-031662252cff,25.562,T263,30C,off
04/20/2023 01:58:42,Chamber 4,28-031662252cff,25.562,T263,30C,off
04/20/2023 01:59:02,Chamber 4,28-031662252cff,25.625,T263,30C,off
04/20/2023 01:59:22,Chamber 4,28-031662252cff,25.625,T263,30C,off
04/20/2023 01:59:42,Chamber 4,28-031662252cff,25.562,T263,30C,off
04/20/2023 02:00:02,Chamber 4,28-031662252cff,25.562,T263,30C,off
04/20/2023 02:00:22,Chamber 4,28-031662252cff,25.562,T263,30C,off
04/20/2023 02:00:42,Chamber 4,28-031662252cff,25.625,T263,30C,off
04/20/2023 02:01:02,Chamber 4,28-031662252cff,25.625,T263,30C,off
04/20/2023 02:01:22,Chamber 4,28-031662252cff,25.562,T263,30C,off
04/20/2023 02:01:42,Chamber 4,28-031662252cff,25.625,T263,30C,off
04/20/2023 02:02:02,Chamber 4,28-031662252cff,25.625,T263,30C,off
04/20/2023 02:02:22,Chamber 4,28-031662252cff,25.625,T263,30C,off
04/20/2023 02:02:42,Chamber 4,28-031662252cff,25.625,T263,30C,off
04/20/2023 02:03:02,Chamber 4,28-031662252cff,25.625,T263,30C,off
04/20/2023 02:03:22,Chamber 4,28-031662252cff,25.625,T263,30C,off
04/20/2023 02:03:42,Chamber 4,28-031662252cff,25.625,T263,30C,off
04/20/2023 02:04:02,Chamber 4,28-031662252cff,25.625,T263,30C,off
04/20/2023 02:04:22,Chamber 4,28-031662252cff,25.625,T263,30C,off
04/20/2023 02:04:42,Chamber 4,28-031662252cff,25.625,T263,30C,off
04/20/2023 02:05:02,Chamber 4,28-031662252cff,25.562,T263,30C,off
04/20/2023 02:05:22,Chamber 4,28-031662252cff,25.562,T263,30C,off
04/20/2023 02:05:42,Chamber 4,28-031662252cff,25.562,T263,30C,off
04/20/2023 02:06:02,Chamber 4,28-031662252cff,25.562,T263,30C,off
04/20/2023 02:06:22,Chamber 4,28-031662252cff,25.562,T263,30C,off
04/20/2023 02:06:42,Chamber 4,28-031662252cff,25.562,T263,30C,off
04/20/2023 02:07:02,Chamber 4,28-031662252cff,25.625,T263,30C,off
04/20/2023 02:07:22,Chamber 4,28-031662252cff,25.562,T263,30C,off
04/20/2023 02:07:42,Chamber 4,28-031662252cff,25.562,T263,30C,off
04/20/2023 02:08:02,Chamber 4,28-031662252cff,25.625,T263,30C,off
04/20/2023 02:08:22,Chamber 4,28-031662252cff,25.562,T263,30C,off
04/20/2023 02:08:42,Chamber 4,28-031662252cff,25.562,T263,30C,off
04/20/2023 02:09:02,Chamber 4,28-031662252cff,25.625,T263,30C,off
04/20/2023 02:09:22,Chamber 4,28-031662252cff,25.625,T263,30C,off
04/20/2023 02:09:42,Chamber 4,28-031662252cff,25.562,T263,30C,off
04/20/2023 02:10:02,Chamber 4,28-031662252cff,25.562,T263,30C,off
04/20/2023 02:10:22,Chamber 4,28-031662252cff,25.625,T263,30C,off
04/20/2023 02:10:42,Chamber 4,28-031662252cff,25.562,T263,30C,off
04/20/2023 02:11:02,Chamber 4,28-031662252cff,25.625,T263,30C,off
04/20/2023 02:11:22,Chamber 4,28-031662252cff,25.562,T263,30C,off
04/20/2023 02:11:42,Chamber 4,28-031662252cff,25.562,T263,30C,off
04/20/2023 02:12:02,Chamber 4,28-031662252cff,25.562,T263,30C,off
04/20/2023 02:12:22,Chamber 4,28-031662252cff,25.625,T263,30C,off
04/20/2023 02:12:42,Chamber 4,28-031662252cff,25.562,T263,30C,off
04/20/2023 02:13:02,Chamber 4,28-031662252cff,25.562,T263,30C,off
04/20/2023 02:13:23,Chamber 4,28-031662252cff,25.625,T263,30C,off
04/20/2023 02:13:42,Chamber 4,28-031662252cff,25.562,T263,30C,off
04/20/2023 02:14:02,Chamber 4,28-031662252cff,25.562,T263,30C,off
04/20/2023 02:14:22,Chamber 4,28-031662252cff,25.562,T263,30C,off
04/20/2023 02:14:42,Chamber 4,28-031662252cff,25.562,T263,30C,off
04/20/2023 02:15:02,Chamber 4,28-031662252cff,25.562,T263,30C,off
04/20/2023 02:15:22,Chamber 4,28-031662252cff,25.562,T263,30C,off
04/20/2023 02:15:42,Chamber 4,28-031662252cff,25.562,T263,30C,off
04/20/2023 02:16:02,Chamber 4,28-031662252cff,25.562,T263,30C,off
04/20/2023 02:16:22,Chamber 4,28-031662252cff,25.562,T263,30C,off
04/20/2023 02:16:42,Chamber 4,28-031662252cff,25.562,T263,30C,off
04/20/2023 02:17:02,Chamber 4,28-031662252cff,25.562,T263,30C,off
04/20/2023 02:17:22,Chamber 4,28-031662252cff,25.562,T263,30C,off
04/20/2023 02:17:42,Chamber 4,28-031662252cff,25.562,T263,30C,off
04/20/2023 02:18:02,Chamber 4,28-031662252cff,25.562,T263,30C,off
04/20/2023 02:18:22,Chamber 4,28-031662252cff,25.562,T263,30C,off
04/20/2023 02:18:42,Chamber 4,28-031662252cff,25.562,T263,30C,off
04/20/2023 02:19:02,Chamber 4,28-031662252cff,25.562,T263,30C,off
04/20/2023 02:19:22,Chamber 4,28-031662252cff,25.562,T263,30C,off
04/20/2023 02:19:42,Chamber 4,28-031662252cff,25.562,T263,30C,off
04/20/2023 02:20:02,Chamber 4,28-031662252cff,25.562,T263,30C,off
04/20/2023 02:20:22,Chamber 4,28-031662252cff,25.562,T263,30C,off
04/20/2023 02:20:42,Chamber 4,28-031662252cff,25.562,T263,30C,off
04/20/2023 02:21:02,Chamber 4,28-031662252cff,25.562,T263,30C,off
04/20/2023 02:21:22,Chamber 4,28-031662252cff,25.562,T263,30C,off
04/20/2023 02:21:42,Chamber 4,28-031662252cff,25.562,T263,30C,off
04/20/2023 02:22:02,Chamber 4,28-031662252cff,25.562,T263,30C,off
04/20/2023 02:22:22,Chamber 4,28-031662252cff,25.562,T263,30C,off
04/20/2023 02:22:42,Chamber 4,28-031662252cff,25.562,T263,30C,off
04/20/2023 02:23:02,Chamber 4,28-031662252cff,25.562,T263,30C,off
04/20/2023 02:23:22,Chamber 4,28-031662252cff,25.562,T263,30C,off
04/20/2023 02:23:42,Chamber 4,28-031662252cff,25.562,T263,30C,off
04/20/2023 02:24:02,Chamber 4,28-031662252cff,25.562,T263,30C,off
04/20/2023 02:24:22,Chamber 4,28-031662252cff,25.562,T263,30C,off
04/20/2023 02:24:42,Chamber 4,28-031662252cff,25.562,T263,30C,off
04/20/2023 02:25:02,Chamber 4,28-031662252cff,25.562,T263,30C,off
04/20/2023 02:25:22,Chamber 4,28-031662252cff,25.562,T263,30C,off
04/20/2023 02:25:42,Chamber 4,28-031662252cff,25.562,T263,30C,off
04/20/2023 02:26:02,Chamber 4,28-031662252cff,25.562,T263,30C,off
04/20/2023 02:26:22,Chamber 4,28-031662252cff,25.562,T263,30C,off
04/20/2023 02:26:42,Chamber 4,28-031662252cff,25.5,T263,30C,off
04/20/2023 02:27:02,Chamber 4,28-031662252cff,25.562,T263,30C,off
04/20/2023 02:27:22,Chamber 4,28-031662252cff,25.5,T263,30C,off
04/20/2023 02:27:42,Chamber 4,28-031662252cff,25.5,T263,30C,off
04/20/2023 02:28:02,Chamber 4,28-031662252cff,25.5,T263,30C,off
04/20/2023 02:28:22,Chamber 4,28-031662252cff,25.5,T263,30C,off
04/20/2023 02:28:42,Chamber 4,28-031662252cff,25.5,T263,30C,off
04/20/2023 02:29:02,Chamber 4,28-031662252cff,25.5,T263,30C,off
04/20/2023 02:29:22,Chamber 4,28-031662252cff,25.5,T263,30C,off
04/20/2023 02:29:42,Chamber 4,28-031662252cff,25.5,T263,30C,off
04/20/2023 02:30:02,Chamber 4,28-031662252cff,25.5,T263,30C,off
04/20/2023 02:30:22,Chamber 4,28-031662252cff,25.5,T263,30C,off
04/20/2023 02:30:42,Chamber 4,28-031662252cff,25.5,T263,30C,off
04/20/2023 02:31:02,Chamber 4,28-031662252cff,25.5,T263,30C,off
04/20/2023 02:31:22,Chamber 4,28-031662252cff,25.5,T263,30C,off
04/20/2023 02:31:42,Chamber 4,28-031662252cff,25.5,T263,30C,off
04/20/2023 02:32:02,Chamber 4,28-031662252cff,25.5,T263,30C,off
04/20/2023 02:32:22,Chamber 4,28-031662252cff,25.5,T263,30C,off
04/20/2023 02:32:42,Chamber 4,28-031662252cff,25.5,T263,30C,off
04/20/2023 02:33:02,Chamber 4,28-031662252cff,25.5,T263,30C,off
04/20/2023 02:33:22,Chamber 4,28-031662252cff,25.5,T263,30C,off
04/20/2023 02:33:42,Chamber 4,28-031662252cff,25.5,T263,30C,off
04/20/2023 02:34:02,Chamber 4,28-031662252cff,25.5,T263,30C,off
04/20/2023 02:34:22,Chamber 4,28-031662252cff,25.5,T263,30C,off
04/20/2023 02:34:42,Chamber 4,28-031662252cff,25.5,T263,30C,off
04/20/2023 02:35:02,Chamber 4,28-031662252cff,25.5,T263,30C,off
04/20/2023 02:35:22,Chamber 4,28-031662252cff,25.5,T263,30C,off
04/20/2023 02:35:42,Chamber 4,28-031662252cff,25.5,T263,30C,off
04/20/2023 02:36:02,Chamber 4,28-031662252cff,25.5,T263,30C,off
04/20/2023 02:36:22,Chamber 4,28-031662252cff,25.5,T263,30C,off
04/20/2023 02:36:42,Chamber 4,28-031662252cff,25.5,T263,30C,off
04/20/2023 02:37:02,Chamber 4,28-031662252cff,25.5,T263,30C,off
04/20/2023 02:37:22,Chamber 4,28-031662252cff,25.5,T263,30C,off
04/20/2023 02:37:42,Chamber 4,28-031662252cff,25.5,T263,30C,off
04/20/2023 02:38:02,Chamber 4,28-031662252cff,25.5,T263,30C,off
04/20/2023 02:38:22,Chamber 4,28-031662252cff,25.5,T263,30C,off
04/20/2023 02:38:42,Chamber 4,28-031662252cff,25.5,T263,30C,off
04/20/2023 02:39:02,Chamber 4,28-031662252cff,25.5,T263,30C,off
04/20/2023 02:39:22,Chamber 4,28-031662252cff,25.5,T263,30C,off
04/20/2023 02:39:42,Chamber 4,28-031662252cff,25.5,T263,30C,off
04/20/2023 02:40:02,Chamber 4,28-031662252cff,25.5,T263,30C,off
04/20/2023 02:40:22,Chamber 4,28-031662252cff,25.5,T263,30C,off
04/20/2023 02:40:42,Chamber 4,28-031662252cff,25.5,T263,30C,off
04/20/2023 02:41:02,Chamber 4,28-031662252cff,25.5,T263,30C,off
04/20/2023 02:41:22,Chamber 4,28-031662252cff,25.5,T263,30C,off
04/20/2023 02:41:42,Chamber 4,28-031662252cff,25.5,T263,30C,off
04/20/2023 02:42:02,Chamber 4,28-031662252cff,25.5,T263,30C,off
04/20/2023 02:42:22,Chamber 4,28-031662252cff,25.5,T263,30C,off
04/20/2023 02:42:42,Chamber 4,28-031662252cff,25.5,T263,30C,off
04/20/2023 02:43:02,Chamber 4,28-031662252cff,25.5,T263,30C,off
04/20/2023 02:43:23,Chamber 4,28-031662252cff,25.5,T263,30C,off
04/20/2023 02:43:42,Chamber 4,28-031662252cff,25.5,T263,30C,off
04/20/2023 02:44:02,Chamber 4,28-031662252cff,25.5,T263,30C,off
04/20/2023 02:44:22,Chamber 4,28-031662252cff,25.5,T263,30C,off
04/20/2023 02:44:42,Chamber 4,28-031662252cff,25.5,T263,30C,off
04/20/2023 02:45:02,Chamber 4,28-031662252cff,25.5,T263,30C,off
04/20/2023 02:45:22,Chamber 4,28-031662252cff,25.5,T263,30C,off
04/20/2023 02:45:42,Chamber 4,28-031662252cff,25.5,T263,30C,off
04/20/2023 02:46:02,Chamber 4,28-031662252cff,25.5,T263,30C,off
04/20/2023 02:46:22,Chamber 4,28-031662252cff,25.5,T263,30C,off
04/20/2023 02:46:42,Chamber 4,28-031662252cff,25.5,T263,30C,off
04/20/2023 02:47:02,Chamber 4,28-031662252cff,25.5,T263,30C,off
04/20/2023 02:47:22,Chamber 4,28-031662252cff,25.5,T263,30C,off
04/20/2023 02:47:42,Chamber 4,28-031662252cff,25.5,T263,30C,off
04/20/2023 02:48:02,Chamber 4,28-031662252cff,25.5,T263,30C,off
04/20/2023 02:48:22,Chamber 4,28-031662252cff,25.5,T263,30C,off
04/20/2023 02:48:42,Chamber 4,28-031662252cff,25.5,T263,30C,off
04/20/2023 02:49:02,Chamber 4,28-031662252cff,25.5,T263,30C,off
04/20/2023 02:49:22,Chamber 4,28-031662252cff,25.5,T263,30C,off
04/20/2023 02:49:42,Chamber 4,28-031662252cff,25.5,T263,30C,off
04/20/2023 02:50:02,Chamber 4,28-031662252cff,25.5,T263,30C,off
04/20/2023 02:50:22,Chamber 4,28-031662252cff,25.5,T263,30C,off
04/20/2023 02:50:42,Chamber 4,28-031662252cff,25.5,T263,30C,off
04/20/2023 02:51:02,Chamber 4,28-031662252cff,25.5,T263,30C,off
04/20/2023 02:51:22,Chamber 4,28-031662252cff,25.5,T263,30C,off
04/20/2023 02:51:42,Chamber 4,28-031662252cff,25.5,T263,30C,off
04/20/2023 02:52:02,Chamber 4,28-031662252cff,25.5,T263,30C,off
04/20/2023 02:52:22,Chamber 4,28-031662252cff,25.5,T263,30C,off
04/20/2023 02:52:42,Chamber 4,28-031662252cff,25.5,T263,30C,off
04/20/2023 02:53:02,Chamber 4,28-031662252cff,25.5,T263,30C,off
04/20/2023 02:53:22,Chamber 4,28-031662252cff,25.5,T263,30C,off
04/20/2023 02:53:42,Chamber 4,28-031662252cff,25.5,T263,30C,off
04/20/2023 02:54:02,Chamber 4,28-031662252cff,25.5,T263,30C,off
04/20/2023 02:54:22,Chamber 4,28-031662252cff,25.5,T263,30C,off
04/20/2023 02:54:42,Chamber 4,28-031662252cff,25.5,T263,30C,off
04/20/2023 02:55:02,Chamber 4,28-031662252cff,25.5,T263,30C,off
04/20/2023 02:55:22,Chamber 4,28-031662252cff,25.5,T263,30C,off
04/20/2023 02:55:42,Chamber 4,28-031662252cff,25.5,T263,30C,off
04/20/2023 02:56:02,Chamber 4,28-031662252cff,25.5,T263,30C,off
04/20/2023 02:56:22,Chamber 4,28-031662252cff,25.5,T263,30C,off
04/20/2023 02:56:42,Chamber 4,28-031662252cff,25.5,T263,30C,off
04/20/2023 02:57:02,Chamber 4,28-031662252cff,25.5,T263,30C,off
04/20/2023 02:57:22,Chamber 4,28-031662252cff,25.5,T263,30C,off
04/20/2023 02:57:42,Chamber 4,28-031662252cff,25.5,T263,30C,off
04/20/2023 02:58:02,Chamber 4,28-031662252cff,25.5,T263,30C,off
04/20/2023 02:58:22,Chamber 4,28-031662252cff,25.5,T263,30C,off
04/20/2023 02:58:42,Chamber 4,28-031662252cff,25.5,T263,30C,off
04/20/2023 02:59:02,Chamber 4,28-031662252cff,25.5,T263,30C,off
04/20/2023 02:59:22,Chamber 4,28-031662252cff,25.5,T263,30C,off
04/20/2023 02:59:42,Chamber 4,28-031662252cff,25.5,T263,30C,off
04/20/2023 03:00:02,Chamber 4,28-031662252cff,25.5,T263,30C,off
04/20/2023 03:00:22,Chamber 4,28-031662252cff,25.5,T263,30C,off
04/20/2023 03:00:42,Chamber 4,28-031662252cff,25.437,T263,30C,off
04/20/2023 03:01:02,Chamber 4,28-031662252cff,25.5,T263,30C,off
04/20/2023 03:01:22,Chamber 4,28-031662252cff,25.5,T263,30C,off
04/20/2023 03:01:42,Chamber 4,28-031662252cff,25.5,T263,30C,off
04/20/2023 03:02:02,Chamber 4,28-031662252cff,25.5,T263,30C,off
04/20/2023 03:02:22,Chamber 4,28-031662252cff,25.437,T263,30C,off
04/20/2023 03:02:42,Chamber 4,28-031662252cff,25.437,T263,30C,off
04/20/2023 03:03:02,Chamber 4,28-031662252cff,25.437,T263,30C,off
04/20/2023 03:03:22,Chamber 4,28-031662252cff,25.437,T263,30C,off
04/20/2023 03:03:42,Chamber 4,28-031662252cff,25.437,T263,30C,off
04/20/2023 03:04:02,Chamber 4,28-031662252cff,25.437,T263,30C,off
04/20/2023 03:04:22,Chamber 4,28-031662252cff,25.437,T263,30C,off
04/20/2023 03:04:42,Chamber 4,28-031662252cff,25.437,T263,30C,off
04/20/2023 03:05:02,Chamber 4,28-031662252cff,25.437,T263,30C,off
04/20/2023 03:05:22,Chamber 4,28-031662252cff,25.437,T263,30C,off
04/20/2023 03:05:42,Chamber 4,28-031662252cff,25.437,T263,30C,off
04/20/2023 03:06:02,Chamber 4,28-031662252cff,25.437,T263,30C,off
04/20/2023 03:06:22,Chamber 4,28-031662252cff,25.437,T263,30C,off
04/20/2023 03:06:42,Chamber 4,28-031662252cff,25.437,T263,30C,off
04/20/2023 03:07:02,Chamber 4,28-031662252cff,25.437,T263,30C,off
04/20/2023 03:07:22,Chamber 4,28-031662252cff,25.437,T263,30C,off
04/20/2023 03:07:42,Chamber 4,28-031662252cff,25.437,T263,30C,off
04/20/2023 03:08:02,Chamber 4,28-031662252cff,25.437,T263,30C,off
04/20/2023 03:08:22,Chamber 4,28-031662252cff,25.437,T263,30C,off
04/20/2023 03:08:42,Chamber 4,28-031662252cff,25.437,T263,30C,off
04/20/2023 03:09:02,Chamber 4,28-031662252cff,25.437,T263,30C,off
04/20/2023 03:09:22,Chamber 4,28-031662252cff,25.5,T263,30C,off
04/20/2023 03:09:42,Chamber 4,28-031662252cff,25.437,T263,30C,off
04/20/2023 03:10:02,Chamber 4,28-031662252cff,25.437,T263,30C,off
04/20/2023 03:10:22,Chamber 4,28-031662252cff,25.437,T263,30C,off
04/20/2023 03:10:42,Chamber 4,28-031662252cff,25.437,T263,30C,off
04/20/2023 03:11:02,Chamber 4,28-031662252cff,25.437,T263,30C,off
04/20/2023 03:11:22,Chamber 4,28-031662252cff,25.437,T263,30C,off
04/20/2023 03:11:42,Chamber 4,28-031662252cff,25.437,T263,30C,off
04/20/2023 03:12:02,Chamber 4,28-031662252cff,25.437,T263,30C,off
04/20/2023 03:12:22,Chamber 4,28-031662252cff,25.437,T263,30C,off
04/20/2023 03:12:42,Chamber 4,28-031662252cff,25.437,T263,30C,off
04/20/2023 03:13:02,Chamber 4,28-031662252cff,25.437,T263,30C,off
04/20/2023 03:13:22,Chamber 4,28-031662252cff,25.437,T263,30C,off
04/20/2023 03:13:42,Chamber 4,28-031662252cff,25.437,T263,30C,off
04/20/2023 03:14:02,Chamber 4,28-031662252cff,25.437,T263,30C,off
04/20/2023 03:14:22,Chamber 4,28-031662252cff,25.437,T263,30C,off
04/20/2023 03:14:42,Chamber 4,28-031662252cff,25.437,T263,30C,off
04/20/2023 03:15:02,Chamber 4,28-031662252cff,25.437,T263,30C,off
04/20/2023 03:15:22,Chamber 4,28-031662252cff,25.437,T263,30C,off
04/20/2023 03:15:42,Chamber 4,28-031662252cff,25.437,T263,30C,off
04/20/2023 03:16:02,Chamber 4,28-031662252cff,25.437,T263,30C,off
04/20/2023 03:16:22,Chamber 4,28-031662252cff,25.437,T263,30C,off
04/20/2023 03:16:42,Chamber 4,28-031662252cff,25.437,T263,30C,off
04/20/2023 03:17:02,Chamber 4,28-031662252cff,25.437,T263,30C,off
04/20/2023 03:17:22,Chamber 4,28-031662252cff,25.437,T263,30C,off
04/20/2023 03:17:42,Chamber 4,28-031662252cff,25.437,T263,30C,off
04/20/2023 03:18:02,Chamber 4,28-031662252cff,25.437,T263,30C,off
04/20/2023 03:18:22,Chamber 4,28-031662252cff,25.437,T263,30C,off
04/20/2023 03:18:42,Chamber 4,28-031662252cff,25.437,T263,30C,off
04/20/2023 03:19:02,Chamber 4,28-031662252cff,25.437,T263,30C,off
04/20/2023 03:19:22,Chamber 4,28-031662252cff,25.437,T263,30C,off
04/20/2023 03:19:42,Chamber 4,28-031662252cff,25.437,T263,30C,off
04/20/2023 03:20:02,Chamber 4,28-031662252cff,25.437,T263,30C,off
04/20/2023 03:20:22,Chamber 4,28-031662252cff,25.437,T263,30C,off
04/20/2023 03:20:42,Chamber 4,28-031662252cff,25.437,T263,30C,off
04/20/2023 03:21:02,Chamber 4,28-031662252cff,25.437,T263,30C,off
04/20/2023 03:21:22,Chamber 4,28-031662252cff,25.437,T263,30C,off
04/20/2023 03:21:42,Chamber 4,28-031662252cff,25.437,T263,30C,off
04/20/2023 03:22:02,Chamber 4,28-031662252cff,25.437,T263,30C,off
04/20/2023 03:22:22,Chamber 4,28-031662252cff,25.437,T263,30C,off
04/20/2023 03:22:42,Chamber 4,28-031662252cff,25.437,T263,30C,off
04/20/2023 03:23:02,Chamber 4,28-031662252cff,25.437,T263,30C,off
04/20/2023 03:23:22,Chamber 4,28-031662252cff,25.437,T263,30C,off
04/20/2023 03:23:42,Chamber 4,28-031662252cff,25.437,T263,30C,off
04/20/2023 03:24:02,Chamber 4,28-031662252cff,25.437,T263,30C,off
04/20/2023 03:24:22,Chamber 4,28-031662252cff,25.437,T263,30C,off
04/20/2023 03:24:42,Chamber 4,28-031662252cff,25.437,T263,30C,off
04/20/2023 03:25:02,Chamber 4,28-031662252cff,25.437,T263,30C,off
04/20/2023 03:25:22,Chamber 4,28-031662252cff,25.437,T263,30C,off
04/20/2023 03:25:42,Chamber 4,28-031662252cff,25.437,T263,30C,off
04/20/2023 03:26:02,Chamber 4,28-031662252cff,25.437,T263,30C,off
04/20/2023 03:26:22,Chamber 4,28-031662252cff,25.437,T263,30C,off
04/20/2023 03:26:42,Chamber 4,28-031662252cff,25.437,T263,30C,off
04/20/2023 03:27:02,Chamber 4,28-031662252cff,25.437,T263,30C,off
04/20/2023 03:27:22,Chamber 4,28-031662252cff,25.437,T263,30C,off
04/20/2023 03:27:42,Chamber 4,28-031662252cff,25.437,T263,30C,off
04/20/2023 03:28:02,Chamber 4,28-031662252cff,25.437,T263,30C,off
04/20/2023 03:28:22,Chamber 4,28-031662252cff,25.437,T263,30C,off
04/20/2023 03:28:42,Chamber 4,28-031662252cff,25.437,T263,30C,off
04/20/2023 03:29:02,Chamber 4,28-031662252cff,25.437,T263,30C,off
04/20/2023 03:29:22,Chamber 4,28-031662252cff,25.437,T263,30C,off
04/20/2023 03:29:42,Chamber 4,28-031662252cff,25.437,T263,30C,off
04/20/2023 03:30:02,Chamber 4,28-031662252cff,25.437,T263,30C,off
04/20/2023 03:30:22,Chamber 4,28-031662252cff,25.437,T263,30C,off
04/20/2023 03:30:42,Chamber 4,28-031662252cff,25.437,T263,30C,off
04/20/2023 03:31:02,Chamber 4,28-031662252cff,25.437,T263,30C,off
04/20/2023 03:31:22,Chamber 4,28-031662252cff,25.437,T263,30C,off
04/20/2023 03:31:42,Chamber 4,28-031662252cff,25.437,T263,30C,off
04/20/2023 03:32:02,Chamber 4,28-031662252cff,25.437,T263,30C,off
04/20/2023 03:32:22,Chamber 4,28-031662252cff,25.437,T263,30C,off
04/20/2023 03:32:42,Chamber 4,28-031662252cff,25.437,T263,30C,off
04/20/2023 03:33:02,Chamber 4,28-031662252cff,25.437,T263,30C,off
04/20/2023 03:33:22,Chamber 4,28-031662252cff,25.437,T263,30C,off
04/20/2023 03:33:42,Chamber 4,28-031662252cff,25.437,T263,30C,off
04/20/2023 03:34:02,Chamber 4,28-031662252cff,25.437,T263,30C,off
04/20/2023 03:34:22,Chamber 4,28-031662252cff,25.437,T263,30C,off
04/20/2023 03:34:42,Chamber 4,28-031662252cff,25.437,T263,30C,off
04/20/2023 03:35:02,Chamber 4,28-031662252cff,25.437,T263,30C,off
04/20/2023 03:35:22,Chamber 4,28-031662252cff,25.437,T263,30C,off
04/20/2023 03:35:42,Chamber 4,28-031662252cff,25.437,T263,30C,off
04/20/2023 03:36:02,Chamber 4,28-031662252cff,25.437,T263,30C,off
04/20/2023 03:36:22,Chamber 4,28-031662252cff,25.437,T263,30C,off
04/20/2023 03:36:42,Chamber 4,28-031662252cff,25.437,T263,30C,off
04/20/2023 03:37:02,Chamber 4,28-031662252cff,25.437,T263,30C,off
04/20/2023 03:37:22,Chamber 4,28-031662252cff,25.437,T263,30C,off
04/20/2023 03:37:42,Chamber 4,28-031662252cff,25.437,T263,30C,off
04/20/2023 03:38:02,Chamber 4,28-031662252cff,25.437,T263,30C,off
04/20/2023 03:38:22,Chamber 4,28-031662252cff,25.437,T263,30C,off
04/20/2023 03:38:42,Chamber 4,28-031662252cff,25.437,T263,30C,off
04/20/2023 03:39:02,Chamber 4,28-031662252cff,25.437,T263,30C,off
04/20/2023 03:39:22,Chamber 4,28-031662252cff,25.437,T263,30C,off
04/20/2023 03:39:42,Chamber 4,28-031662252cff,25.437,T263,30C,off
04/20/2023 03:40:02,Chamber 4,28-031662252cff,25.437,T263,30C,off
04/20/2023 03:40:22,Chamber 4,28-031662252cff,25.437,T263,30C,off
04/20/2023 03:40:42,Chamber 4,28-031662252cff,25.437,T263,30C,off
04/20/2023 03:41:02,Chamber 4,28-031662252cff,25.437,T263,30C,off
04/20/2023 03:41:22,Chamber 4,28-031662252cff,25.437,T263,30C,off
04/20/2023 03:41:42,Chamber 4,28-031662252cff,25.437,T263,30C,off
04/20/2023 03:42:02,Chamber 4,28-031662252cff,25.437,T263,30C,off
04/20/2023 03:42:22,Chamber 4,28-031662252cff,25.375,T263,30C,off
04/20/2023 03:42:42,Chamber 4,28-031662252cff,25.437,T263,30C,off
04/20/2023 03:43:02,Chamber 4,28-031662252cff,25.437,T263,30C,off
04/20/2023 03:43:22,Chamber 4,28-031662252cff,25.375,T263,30C,off
04/20/2023 03:43:42,Chamber 4,28-031662252cff,25.437,T263,30C,off
04/20/2023 03:44:03,Chamber 4,28-031662252cff,25.375,T263,30C,off
04/20/2023 03:44:22,Chamber 4,28-031662252cff,25.375,T263,30C,off
04/20/2023 03:44:42,Chamber 4,28-031662252cff,25.437,T263,30C,off
04/20/2023 03:45:02,Chamber 4,28-031662252cff,25.375,T263,30C,off
04/20/2023 03:45:22,Chamber 4,28-031662252cff,25.437,T263,30C,off
04/20/2023 03:45:42,Chamber 4,28-031662252cff,25.437,T263,30C,off
04/20/2023 03:46:02,Chamber 4,28-031662252cff,25.375,T263,30C,off
04/20/2023 03:46:22,Chamber 4,28-031662252cff,25.375,T263,30C,off
04/20/2023 03:46:42,Chamber 4,28-031662252cff,25.375,T263,30C,off
04/20/2023 03:47:02,Chamber 4,28-031662252cff,25.375,T263,30C,off
04/20/2023 03:47:22,Chamber 4,28-031662252cff,25.375,T263,30C,off
04/20/2023 03:47:42,Chamber 4,28-031662252cff,25.375,T263,30C,off
04/20/2023 03:48:03,Chamber 4,28-031662252cff,25.375,T263,30C,off
04/20/2023 03:48:22,Chamber 4,28-031662252cff,25.375,T263,30C,off
04/20/2023 03:48:42,Chamber 4,28-031662252cff,25.375,T263,30C,off
04/20/2023 03:49:02,Chamber 4,28-031662252cff,25.375,T263,30C,off
04/20/2023 03:49:22,Chamber 4,28-031662252cff,25.375,T263,30C,off
04/20/2023 03:49:42,Chamber 4,28-031662252cff,25.375,T263,30C,off
04/20/2023 03:50:02,Chamber 4,28-031662252cff,25.375,T263,30C,off
04/20/2023 03:50:22,Chamber 4,28-031662252cff,25.375,T263,30C,off
04/20/2023 03:50:42,Chamber 4,28-031662252cff,25.375,T263,30C,off
04/20/2023 03:51:02,Chamber 4,28-031662252cff,25.375,T263,30C,off
04/20/2023 03:51:23,Chamber 4,28-031662252cff,25.375,T263,30C,off
04/20/2023 03:51:42,Chamber 4,28-031662252cff,25.375,T263,30C,off
04/20/2023 03:52:02,Chamber 4,28-031662252cff,25.375,T263,30C,off
04/20/2023 03:52:22,Chamber 4,28-031662252cff,25.375,T263,30C,off
04/20/2023 03:52:42,Chamber 4,28-031662252cff,25.375,T263,30C,off
04/20/2023 03:53:02,Chamber 4,28-031662252cff,25.375,T263,30C,off
04/20/2023 03:53:22,Chamber 4,28-031662252cff,25.375,T263,30C,off
04/20/2023 03:53:43,Chamber 4,28-031662252cff,25.375,T263,30C,off
04/20/2023 03:54:02,Chamber 4,28-031662252cff,25.375,T263,30C,off
04/20/2023 03:54:22,Chamber 4,28-031662252cff,25.375,T263,30C,off
04/20/2023 03:54:42,Chamber 4,28-031662252cff,25.375,T263,30C,off
04/20/2023 03:55:02,Chamber 4,28-031662252cff,25.375,T263,30C,off
04/20/2023 03:55:22,Chamber 4,28-031662252cff,25.375,T263,30C,off
04/20/2023 03:55:43,Chamber 4,28-031662252cff,25.375,T263,30C,off
04/20/2023 03:56:02,Chamber 4,28-031662252cff,25.375,T263,30C,off
04/20/2023 03:56:22,Chamber 4,28-031662252cff,25.375,T263,30C,off
04/20/2023 03:56:42,Chamber 4,28-031662252cff,25.375,T263,30C,off
04/20/2023 03:57:02,Chamber 4,28-031662252cff,25.375,T263,30C,off
04/20/2023 03:57:22,Chamber 4,28-031662252cff,25.375,T263,30C,off
04/20/2023 03:57:42,Chamber 4,28-031662252cff,25.375,T263,30C,off
04/20/2023 03:58:02,Chamber 4,28-031662252cff,25.375,T263,30C,off
04/20/2023 03:58:22,Chamber 4,28-031662252cff,25.375,T263,30C,off
04/20/2023 03:58:42,Chamber 4,28-031662252cff,25.375,T263,30C,off
04/20/2023 03:59:02,Chamber 4,28-031662252cff,25.375,T263,30C,off
04/20/2023 03:59:22,Chamber 4,28-031662252cff,25.375,T263,30C,off
04/20/2023 03:59:42,Chamber 4,28-031662252cff,25.375,T263,30C,off
04/20/2023 04:00:03,Chamber 4,28-031662252cff,25.375,T263,30C,off
04/20/2023 04:00:23,Chamber 4,28-031662252cff,25.375,T263,30C,off
04/20/2023 04:00:43,Chamber 4,28-031662252cff,25.375,T263,30C,off
04/20/2023 04:01:03,Chamber 4,28-031662252cff,25.375,T263,30C,off
04/20/2023 04:01:23,Chamber 4,28-031662252cff,25.375,T263,30C,off
04/20/2023 04:01:44,Chamber 4,28-031662252cff,25.375,T263,30C,off
04/20/2023 04:02:03,Chamber 4,28-031662252cff,25.375,T263,30C,off
04/20/2023 04:02:23,Chamber 4,28-031662252cff,25.375,T263,30C,off
04/20/2023 04:02:43,Chamber 4,28-031662252cff,25.375,T263,30C,off
04/20/2023 04:03:03,Chamber 4,28-031662252cff,25.375,T263,30C,off
04/20/2023 04:03:23,Chamber 4,28-031662252cff,25.375,T263,30C,off
04/20/2023 04:03:43,Chamber 4,28-031662252cff,25.375,T263,30C,off
04/20/2023 04:04:03,Chamber 4,28-031662252cff,25.375,T263,30C,off
04/20/2023 04:04:23,Chamber 4,28-031662252cff,25.375,T263,30C,off
04/20/2023 04:04:43,Chamber 4,28-031662252cff,25.375,T263,30C,off
04/20/2023 04:05:03,Chamber 4,28-031662252cff,25.375,T263,30C,off
04/20/2023 04:05:23,Chamber 4,28-031662252cff,25.375,T263,30C,off
04/20/2023 04:05:43,Chamber 4,28-031662252cff,25.375,T263,30C,off
04/20/2023 04:06:03,Chamber 4,28-031662252cff,25.375,T263,30C,off
04/20/2023 04:06:23,Chamber 4,28-031662252cff,25.375,T263,30C,off
04/20/2023 04:06:43,Chamber 4,28-031662252cff,25.375,T263,30C,off
04/20/2023 04:07:03,Chamber 4,28-031662252cff,25.375,T263,30C,off
04/20/2023 04:07:23,Chamber 4,28-031662252cff,25.375,T263,30C,off
04/20/2023 04:07:43,Chamber 4,28-031662252cff,25.375,T263,30C,off
04/20/2023 04:08:03,Chamber 4,28-031662252cff,25.375,T263,30C,off
04/20/2023 04:08:24,Chamber 4,28-031662252cff,25.375,T263,30C,off
04/20/2023 04:08:43,Chamber 4,28-031662252cff,25.375,T263,30C,off
04/20/2023 04:09:03,Chamber 4,28-031662252cff,25.375,T263,30C,off
04/20/2023 04:09:23,Chamber 4,28-031662252cff,25.375,T263,30C,off
04/20/2023 04:09:43,Chamber 4,28-031662252cff,25.375,T263,30C,off
04/20/2023 04:10:03,Chamber 4,28-031662252cff,25.375,T263,30C,off
04/20/2023 04:10:23,Chamber 4,28-031662252cff,25.375,T263,30C,off
04/20/2023 04:10:43,Chamber 4,28-031662252cff,25.375,T263,30C,off
04/20/2023 04:11:03,Chamber 4,28-031662252cff,25.375,T263,30C,off
04/20/2023 04:11:23,Chamber 4,28-031662252cff,25.375,T263,30C,off
04/20/2023 04:11:43,Chamber 4,28-031662252cff,25.375,T263,30C,off
04/20/2023 04:12:03,Chamber 4,28-031662252cff,25.375,T263,30C,off
04/20/2023 04:12:23,Chamber 4,28-031662252cff,25.375,T263,30C,off
04/20/2023 04:12:43,Chamber 4,28-031662252cff,25.375,T263,30C,off
04/20/2023 04:13:03,Chamber 4,28-031662252cff,25.375,T263,30C,off
04/20/2023 04:13:23,Chamber 4,28-031662252cff,25.375,T263,30C,off
04/20/2023 04:13:43,Chamber 4,28-031662252cff,25.375,T263,30C,off
04/20/2023 04:14:03,Chamber 4,28-031662252cff,25.375,T263,30C,off
04/20/2023 04:14:23,Chamber 4,28-031662252cff,25.312,T263,30C,off
04/20/2023 04:14:43,Chamber 4,28-031662252cff,25.312,T263,30C,off
04/20/2023 04:15:03,Chamber 4,28-031662252cff,25.375,T263,30C,off
04/20/2023 04:15:23,Chamber 4,28-031662252cff,25.375,T263,30C,off
04/20/2023 04:15:43,Chamber 4,28-031662252cff,25.375,T263,30C,off
04/20/2023 04:16:03,Chamber 4,28-031662252cff,25.375,T263,30C,off
04/20/2023 04:16:23,Chamber 4,28-031662252cff,25.375,T263,30C,off
04/20/2023 04:16:43,Chamber 4,28-031662252cff,25.375,T263,30C,off
04/20/2023 04:17:03,Chamber 4,28-031662252cff,25.375,T263,30C,off
04/20/2023 04:17:23,Chamber 4,28-031662252cff,25.375,T263,30C,off
04/20/2023 04:17:43,Chamber 4,28-031662252cff,25.375,T263,30C,off
04/20/2023 04:18:03,Chamber 4,28-031662252cff,25.375,T263,30C,off
04/20/2023 04:18:23,Chamber 4,28-031662252cff,25.375,T263,30C,off
04/20/2023 04:18:43,Chamber 4,28-031662252cff,25.375,T263,30C,off
04/20/2023 04:19:03,Chamber 4,28-031662252cff,25.375,T263,30C,off
04/20/2023 04:19:23,Chamber 4,28-031662252cff,25.312,T263,30C,off
04/20/2023 04:19:43,Chamber 4,28-031662252cff,25.312,T263,30C,off
04/20/2023 04:20:03,Chamber 4,28-031662252cff,25.312,T263,30C,off
04/20/2023 04:20:23,Chamber 4,28-031662252cff,25.312,T263,30C,off
04/20/2023 04:20:43,Chamber 4,28-031662252cff,25.312,T263,30C,off
04/20/2023 04:21:03,Chamber 4,28-031662252cff,25.312,T263,30C,off
04/20/2023 04:21:24,Chamber 4,28-031662252cff,25.312,T263,30C,off
04/20/2023 04:21:43,Chamber 4,28-031662252cff,25.312,T263,30C,off
04/20/2023 04:22:03,Chamber 4,28-031662252cff,25.312,T263,30C,off
04/20/2023 04:22:23,Chamber 4,28-031662252cff,25.312,T263,30C,off
04/20/2023 04:22:43,Chamber 4,28-031662252cff,25.312,T263,30C,off
04/20/2023 04:23:03,Chamber 4,28-031662252cff,25.312,T263,30C,off
04/20/2023 04:23:23,Chamber 4,28-031662252cff,25.312,T263,30C,off
04/20/2023 04:23:43,Chamber 4,28-031662252cff,25.312,T263,30C,off
04/20/2023 04:24:03,Chamber 4,28-031662252cff,25.312,T263,30C,off
04/20/2023 04:24:23,Chamber 4,28-031662252cff,25.312,T263,30C,off
04/20/2023 04:24:43,Chamber 4,28-031662252cff,25.312,T263,30C,off
04/20/2023 04:25:03,Chamber 4,28-031662252cff,25.312,T263,30C,off
04/20/2023 04:25:23,Chamber 4,28-031662252cff,25.312,T263,30C,off
04/20/2023 04:25:43,Chamber 4,28-031662252cff,25.312,T263,30C,off
04/20/2023 04:26:03,Chamber 4,28-031662252cff,25.312,T263,30C,off
04/20/2023 04:26:23,Chamber 4,28-031662252cff,25.312,T263,30C,off
04/20/2023 04:26:43,Chamber 4,28-031662252cff,25.312,T263,30C,off
04/20/2023 04:27:03,Chamber 4,28-031662252cff,25.312,T263,30C,off
04/20/2023 04:27:23,Chamber 4,28-031662252cff,25.312,T263,30C,off
04/20/2023 04:27:43,Chamber 4,28-031662252cff,25.312,T263,30C,off
04/20/2023 04:28:03,Chamber 4,28-031662252cff,25.312,T263,30C,off
04/20/2023 04:28:23,Chamber 4,28-031662252cff,25.312,T263,30C,off
04/20/2023 04:28:43,Chamber 4,28-031662252cff,25.312,T263,30C,off
04/20/2023 04:29:03,Chamber 4,28-031662252cff,25.312,T263,30C,off
04/20/2023 04:29:23,Chamber 4,28-031662252cff,25.312,T263,30C,off
04/20/2023 04:29:43,Chamber 4,28-031662252cff,25.312,T263,30C,off
04/20/2023 04:30:03,Chamber 4,28-031662252cff,25.312,T263,30C,off
04/20/2023 04:30:23,Chamber 4,28-031662252cff,25.312,T263,30C,off
04/20/2023 04:30:43,Chamber 4,28-031662252cff,25.312,T263,30C,off
04/20/2023 04:31:03,Chamber 4,28-031662252cff,25.312,T263,30C,off
04/20/2023 04:31:23,Chamber 4,28-031662252cff,25.312,T263,30C,off
04/20/2023 04:31:43,Chamber 4,28-031662252cff,25.312,T263,30C,off
04/20/2023 04:32:03,Chamber 4,28-031662252cff,25.312,T263,30C,off
04/20/2023 04:32:23,Chamber 4,28-031662252cff,25.312,T263,30C,off
04/20/2023 04:32:43,Chamber 4,28-031662252cff,25.312,T263,30C,off
04/20/2023 04:33:03,Chamber 4,28-031662252cff,25.312,T263,30C,off
04/20/2023 04:33:23,Chamber 4,28-031662252cff,25.312,T263,30C,off
04/20/2023 04:33:43,Chamber 4,28-031662252cff,25.312,T263,30C,off
04/20/2023 04:34:03,Chamber 4,28-031662252cff,25.312,T263,30C,off
04/20/2023 04:34:23,Chamber 4,28-031662252cff,25.312,T263,30C,off
04/20/2023 04:34:43,Chamber 4,28-031662252cff,25.25,T263,30C,off
04/20/2023 04:35:03,Chamber 4,28-031662252cff,25.25,T263,30C,off
04/20/2023 04:35:23,Chamber 4,28-031662252cff,25.312,T263,30C,off
04/20/2023 04:35:43,Chamber 4,28-031662252cff,25.25,T263,30C,off
04/20/2023 04:36:03,Chamber 4,28-031662252cff,25.25,T263,30C,off
04/20/2023 04:36:23,Chamber 4,28-031662252cff,25.25,T263,30C,off
04/20/2023 04:36:43,Chamber 4,28-031662252cff,25.25,T263,30C,off
04/20/2023 04:37:03,Chamber 4,28-031662252cff,25.25,T263,30C,off
04/20/2023 04:37:24,Chamber 4,28-031662252cff,25.25,T263,30C,off
04/20/2023 04:37:43,Chamber 4,28-031662252cff,25.25,T263,30C,off
04/20/2023 04:38:03,Chamber 4,28-031662252cff,25.25,T263,30C,off
04/20/2023 04:38:23,Chamber 4,28-031662252cff,25.25,T263,30C,off
04/20/2023 04:38:43,Chamber 4,28-031662252cff,25.25,T263,30C,off
04/20/2023 04:39:03,Chamber 4,28-031662252cff,25.25,T263,30C,off
04/20/2023 04:39:23,Chamber 4,28-031662252cff,25.25,T263,30C,off
04/20/2023 04:39:43,Chamber 4,28-031662252cff,25.25,T263,30C,off
04/20/2023 04:40:03,Chamber 4,28-031662252cff,25.25,T263,30C,off
04/20/2023 04:40:23,Chamber 4,28-031662252cff,25.25,T263,30C,off
04/20/2023 04:40:43,Chamber 4,28-031662252cff,25.25,T263,30C,off
04/20/2023 04:41:03,Chamber 4,28-031662252cff,25.25,T263,30C,off
04/20/2023 04:41:23,Chamber 4,28-031662252cff,25.25,T263,30C,off
04/20/2023 04:41:43,Chamber 4,28-031662252cff,25.25,T263,30C,off
04/20/2023 04:42:03,Chamber 4,28-031662252cff,25.25,T263,30C,off
04/20/2023 04:42:23,Chamber 4,28-031662252cff,25.25,T263,30C,off
04/20/2023 04:42:43,Chamber 4,28-031662252cff,25.25,T263,30C,off
04/20/2023 04:43:03,Chamber 4,28-031662252cff,25.25,T263,30C,off
04/20/2023 04:43:23,Chamber 4,28-031662252cff,25.25,T263,30C,off
04/20/2023 04:43:43,Chamber 4,28-031662252cff,25.25,T263,30C,off
04/20/2023 04:44:03,Chamber 4,28-031662252cff,25.25,T263,30C,off
04/20/2023 04:44:23,Chamber 4,28-031662252cff,25.25,T263,30C,off
04/20/2023 04:44:43,Chamber 4,28-031662252cff,25.25,T263,30C,off
04/20/2023 04:45:03,Chamber 4,28-031662252cff,25.25,T263,30C,off
04/20/2023 04:45:23,Chamber 4,28-031662252cff,25.25,T263,30C,off
04/20/2023 04:45:43,Chamber 4,28-031662252cff,25.25,T263,30C,off
04/20/2023 04:46:03,Chamber 4,28-031662252cff,25.25,T263,30C,off
04/20/2023 04:46:23,Chamber 4,28-031662252cff,25.25,T263,30C,off
04/20/2023 04:46:43,Chamber 4,28-031662252cff,25.25,T263,30C,off
04/20/2023 04:47:03,Chamber 4,28-031662252cff,25.25,T263,30C,off
04/20/2023 04:47:23,Chamber 4,28-031662252cff,25.25,T263,30C,off
04/20/2023 04:47:43,Chamber 4,28-031662252cff,25.25,T263,30C,off
04/20/2023 04:48:03,Chamber 4,28-031662252cff,25.25,T263,30C,off
04/20/2023 04:48:23,Chamber 4,28-031662252cff,25.25,T263,30C,off
04/20/2023 04:48:43,Chamber 4,28-031662252cff,25.25,T263,30C,off
04/20/2023 04:49:03,Chamber 4,28-031662252cff,25.25,T263,30C,off
04/20/2023 04:49:23,Chamber 4,28-031662252cff,25.25,T263,30C,off
04/20/2023 04:49:43,Chamber 4,28-031662252cff,25.25,T263,30C,off
04/20/2023 04:50:03,Chamber 4,28-031662252cff,25.25,T263,30C,off
04/20/2023 04:50:23,Chamber 4,28-031662252cff,25.25,T263,30C,off
04/20/2023 04:50:43,Chamber 4,28-031662252cff,25.187,T263,30C,off
04/20/2023 04:51:03,Chamber 4,28-031662252cff,25.187,T263,30C,off
04/20/2023 04:51:23,Chamber 4,28-031662252cff,25.25,T263,30C,off
04/20/2023 04:51:43,Chamber 4,28-031662252cff,25.25,T263,30C,off
04/20/2023 04:52:03,Chamber 4,28-031662252cff,25.25,T263,30C,off
04/20/2023 04:52:23,Chamber 4,28-031662252cff,25.187,T263,30C,off
04/20/2023 04:52:44,Chamber 4,28-031662252cff,25.25,T263,30C,off
04/20/2023 04:53:03,Chamber 4,28-031662252cff,25.25,T263,30C,off
04/20/2023 04:53:23,Chamber 4,28-031662252cff,25.187,T263,30C,off
04/20/2023 04:53:43,Chamber 4,28-031662252cff,25.187,T263,30C,off
04/20/2023 04:54:03,Chamber 4,28-031662252cff,25.187,T263,30C,off
04/20/2023 04:54:23,Chamber 4,28-031662252cff,25.25,T263,30C,off
04/20/2023 04:54:43,Chamber 4,28-031662252cff,25.187,T263,30C,off
04/20/2023 04:55:04,Chamber 4,28-031662252cff,25.25,T263,30C,off
04/20/2023 04:55:23,Chamber 4,28-031662252cff,25.187,T263,30C,off
04/20/2023 04:55:43,Chamber 4,28-031662252cff,25.187,T263,30C,off
04/20/2023 04:56:03,Chamber 4,28-031662252cff,25.187,T263,30C,off
04/20/2023 04:56:23,Chamber 4,28-031662252cff,25.187,T263,30C,off
04/20/2023 04:56:43,Chamber 4,28-031662252cff,25.187,T263,30C,off
04/20/2023 04:57:03,Chamber 4,28-031662252cff,25.187,T263,30C,off
04/20/2023 04:57:23,Chamber 4,28-031662252cff,25.187,T263,30C,off
04/20/2023 04:57:43,Chamber 4,28-031662252cff,25.187,T263,30C,off
04/20/2023 04:58:03,Chamber 4,28-031662252cff,25.187,T263,30C,off
04/20/2023 04:58:23,Chamber 4,28-031662252cff,25.187,T263,30C,off
04/20/2023 04:58:43,Chamber 4,28-031662252cff,25.187,T263,30C,off
04/20/2023 04:59:03,Chamber 4,28-031662252cff,25.187,T263,30C,off
04/20/2023 04:59:23,Chamber 4,28-031662252cff,25.187,T263,30C,off
04/20/2023 04:59:43,Chamber 4,28-031662252cff,25.187,T263,30C,off
04/20/2023 05:00:02,Chamber 4,28-031662252cff,25.187,T263,30C,off
04/20/2023 05:00:22,Chamber 4,28-031662252cff,25.187,T263,30C,off
04/20/2023 05:00:42,Chamber 4,28-031662252cff,25.187,T263,30C,off
04/20/2023 05:01:02,Chamber 4,28-031662252cff,25.187,T263,30C,off
04/20/2023 05:01:22,Chamber 4,28-031662252cff,25.187,T263,30C,off
04/20/2023 05:01:42,Chamber 4,28-031662252cff,25.187,T263,30C,off
04/20/2023 05:02:02,Chamber 4,28-031662252cff,25.187,T263,30C,off
04/20/2023 05:02:22,Chamber 4,28-031662252cff,25.187,T263,30C,off
04/20/2023 05:02:42,Chamber 4,28-031662252cff,25.187,T263,30C,off
04/20/2023 05:03:02,Chamber 4,28-031662252cff,25.187,T263,30C,off
04/20/2023 05:03:22,Chamber 4,28-031662252cff,25.187,T263,30C,off
04/20/2023 05:03:42,Chamber 4,28-031662252cff,25.187,T263,30C,off
04/20/2023 05:04:02,Chamber 4,28-031662252cff,25.187,T263,30C,off
04/20/2023 05:04:22,Chamber 4,28-031662252cff,25.187,T263,30C,off
04/20/2023 05:04:42,Chamber 4,28-031662252cff,25.187,T263,30C,off
04/20/2023 05:05:02,Chamber 4,28-031662252cff,25.187,T263,30C,off
04/20/2023 05:05:22,Chamber 4,28-031662252cff,25.187,T263,30C,off
04/20/2023 05:05:42,Chamber 4,28-031662252cff,25.187,T263,30C,off
04/20/2023 05:06:02,Chamber 4,28-031662252cff,25.187,T263,30C,off
04/20/2023 05:06:22,Chamber 4,28-031662252cff,25.187,T263,30C,off
04/20/2023 05:06:42,Chamber 4,28-031662252cff,25.187,T263,30C,off
04/20/2023 05:07:03,Chamber 4,28-031662252cff,25.187,T263,30C,off
04/20/2023 05:07:22,Chamber 4,28-031662252cff,25.187,T263,30C,off
04/20/2023 05:07:42,Chamber 4,28-031662252cff,25.187,T263,30C,off
04/20/2023 05:08:03,Chamber 4,28-031662252cff,25.187,T263,30C,off
04/20/2023 05:08:22,Chamber 4,28-031662252cff,25.187,T263,30C,off
04/20/2023 05:08:42,Chamber 4,28-031662252cff,25.187,T263,30C,off
04/20/2023 05:09:02,Chamber 4,28-031662252cff,25.187,T263,30C,off
04/20/2023 05:09:22,Chamber 4,28-031662252cff,25.187,T263,30C,off
04/20/2023 05:09:42,Chamber 4,28-031662252cff,25.187,T263,30C,off
04/20/2023 05:10:02,Chamber 4,28-031662252cff,25.187,T263,30C,off
04/20/2023 05:10:22,Chamber 4,28-031662252cff,25.187,T263,30C,off
04/20/2023 05:10:42,Chamber 4,28-031662252cff,25.187,T263,30C,off
04/20/2023 05:11:02,Chamber 4,28-031662252cff,25.187,T263,30C,off
04/20/2023 05:11:22,Chamber 4,28-031662252cff,25.187,T263,30C,off
04/20/2023 05:11:42,Chamber 4,28-031662252cff,25.187,T263,30C,off
04/20/2023 05:12:03,Chamber 4,28-031662252cff,25.187,T263,30C,off
04/20/2023 05:12:22,Chamber 4,28-031662252cff,25.187,T263,30C,off
04/20/2023 05:12:42,Chamber 4,28-031662252cff,25.187,T263,30C,off
04/20/2023 05:13:02,Chamber 4,28-031662252cff,25.187,T263,30C,off
04/20/2023 05:13:22,Chamber 4,28-031662252cff,25.187,T263,30C,off
04/20/2023 05:13:42,Chamber 4,28-031662252cff,25.187,T263,30C,off
04/20/2023 05:14:02,Chamber 4,28-031662252cff,25.187,T263,30C,off
04/20/2023 05:14:22,Chamber 4,28-031662252cff,25.187,T263,30C,off
04/20/2023 05:14:42,Chamber 4,28-031662252cff,25.187,T263,30C,off
04/20/2023 05:15:02,Chamber 4,28-031662252cff,25.187,T263,30C,off
04/20/2023 05:15:22,Chamber 4,28-031662252cff,25.187,T263,30C,off
04/20/2023 05:15:42,Chamber 4,28-031662252cff,25.187,T263,30C,off
04/20/2023 05:16:02,Chamber 4,28-031662252cff,25.187,T263,30C,off
04/20/2023 05:16:23,Chamber 4,28-031662252cff,25.187,T263,30C,off
04/20/2023 05:16:42,Chamber 4,28-031662252cff,25.187,T263,30C,off
04/20/2023 05:17:02,Chamber 4,28-031662252cff,25.187,T263,30C,off
04/20/2023 05:17:22,Chamber 4,28-031662252cff,25.187,T263,30C,off
04/20/2023 05:17:42,Chamber 4,28-031662252cff,25.125,T263,30C,off
04/20/2023 05:18:02,Chamber 4,28-031662252cff,25.125,T263,30C,off
04/20/2023 05:18:22,Chamber 4,28-031662252cff,25.125,T263,30C,off
04/20/2023 05:18:42,Chamber 4,28-031662252cff,25.125,T263,30C,off
04/20/2023 05:19:02,Chamber 4,28-031662252cff,25.187,T263,30C,off
04/20/2023 05:19:22,Chamber 4,28-031662252cff,25.125,T263,30C,off
04/20/2023 05:19:42,Chamber 4,28-031662252cff,25.125,T263,30C,off
04/20/2023 05:20:02,Chamber 4,28-031662252cff,25.187,T263,30C,off
04/20/2023 05:20:22,Chamber 4,28-031662252cff,25.187,T263,30C,off
04/20/2023 05:20:42,Chamber 4,28-031662252cff,25.125,T263,30C,off
04/20/2023 05:21:02,Chamber 4,28-031662252cff,25.125,T263,30C,off
04/20/2023 05:21:22,Chamber 4,28-031662252cff,25.125,T263,30C,off
04/20/2023 05:21:42,Chamber 4,28-031662252cff,25.125,T263,30C,off
04/20/2023 05:22:02,Chamber 4,28-031662252cff,25.125,T263,30C,off
04/20/2023 05:22:22,Chamber 4,28-031662252cff,25.125,T263,30C,off
04/20/2023 05:22:42,Chamber 4,28-031662252cff,25.187,T263,30C,off
04/20/2023 05:23:02,Chamber 4,28-031662252cff,25.125,T263,30C,off
04/20/2023 05:23:22,Chamber 4,28-031662252cff,25.125,T263,30C,off
04/20/2023 05:23:42,Chamber 4,28-031662252cff,25.125,T263,30C,off
04/20/2023 05:24:02,Chamber 4,28-031662252cff,25.125,T263,30C,off
04/20/2023 05:24:22,Chamber 4,28-031662252cff,25.125,T263,30C,off
04/20/2023 05:24:42,Chamber 4,28-031662252cff,25.125,T263,30C,off
04/20/2023 05:25:02,Chamber 4,28-031662252cff,25.125,T263,30C,off
04/20/2023 05:25:22,Chamber 4,28-031662252cff,25.125,T263,30C,off
04/20/2023 05:25:42,Chamber 4,28-031662252cff,25.125,T263,30C,off
04/20/2023 05:26:02,Chamber 4,28-031662252cff,25.125,T263,30C,off
04/20/2023 05:26:22,Chamber 4,28-031662252cff,25.125,T263,30C,off
04/20/2023 05:26:42,Chamber 4,28-031662252cff,25.125,T263,30C,off
04/20/2023 05:27:02,Chamber 4,28-031662252cff,25.125,T263,30C,off
04/20/2023 05:27:22,Chamber 4,28-031662252cff,25.125,T263,30C,off
04/20/2023 05:27:42,Chamber 4,28-031662252cff,25.125,T263,30C,off
04/20/2023 05:28:02,Chamber 4,28-031662252cff,25.125,T263,30C,off
04/20/2023 05:28:22,Chamber 4,28-031662252cff,25.125,T263,30C,off
04/20/2023 05:28:42,Chamber 4,28-031662252cff,25.125,T263,30C,off
04/20/2023 05:29:02,Chamber 4,28-031662252cff,25.125,T263,30C,off
04/20/2023 05:29:22,Chamber 4,28-031662252cff,25.125,T263,30C,off
04/20/2023 05:29:42,Chamber 4,28-031662252cff,25.125,T263,30C,off
04/20/2023 05:30:02,Chamber 4,28-031662252cff,25.125,T263,30C,off
04/20/2023 05:30:22,Chamber 4,28-031662252cff,25.125,T263,30C,off
04/20/2023 05:30:42,Chamber 4,28-031662252cff,25.125,T263,30C,off
04/20/2023 05:31:02,Chamber 4,28-031662252cff,25.125,T263,30C,off
04/20/2023 05:31:22,Chamber 4,28-031662252cff,25.125,T263,30C,off
04/20/2023 05:31:42,Chamber 4,28-031662252cff,25.125,T263,30C,off
04/20/2023 05:32:02,Chamber 4,28-031662252cff,25.125,T263,30C,off
04/20/2023 05:32:22,Chamber 4,28-031662252cff,25.125,T263,30C,off
04/20/2023 05:32:42,Chamber 4,28-031662252cff,25.125,T263,30C,off
04/20/2023 05:33:02,Chamber 4,28-031662252cff,25.125,T263,30C,off
04/20/2023 05:33:22,Chamber 4,28-031662252cff,25.125,T263,30C,off
04/20/2023 05:33:42,Chamber 4,28-031662252cff,25.125,T263,30C,off
04/20/2023 05:34:03,Chamber 4,28-031662252cff,25.125,T263,30C,off
04/20/2023 05:34:22,Chamber 4,28-031662252cff,25.125,T263,30C,off
04/20/2023 05:34:42,Chamber 4,28-031662252cff,25.062,T263,30C,off
04/20/2023 05:35:02,Chamber 4,28-031662252cff,25.062,T263,30C,off
04/20/2023 05:35:22,Chamber 4,28-031662252cff,25.062,T263,30C,off
04/20/2023 05:35:42,Chamber 4,28-031662252cff,25.062,T263,30C,off
04/20/2023 05:36:02,Chamber 4,28-031662252cff,25.125,T263,30C,off
04/20/2023 05:36:22,Chamber 4,28-031662252cff,25.125,T263,30C,off
04/20/2023 05:36:42,Chamber 4,28-031662252cff,25.125,T263,30C,off
04/20/2023 05:37:02,Chamber 4,28-031662252cff,25.062,T263,30C,off
04/20/2023 05:37:22,Chamber 4,28-031662252cff,25.125,T263,30C,off
04/20/2023 05:37:42,Chamber 4,28-031662252cff,25.062,T263,30C,off
04/20/2023 05:38:02,Chamber 4,28-031662252cff,25.062,T263,30C,off
04/20/2023 05:38:22,Chamber 4,28-031662252cff,25.062,T263,30C,off
04/20/2023 05:38:42,Chamber 4,28-031662252cff,25.062,T263,30C,off
04/20/2023 05:39:02,Chamber 4,28-031662252cff,25.062,T263,30C,off
04/20/2023 05:39:22,Chamber 4,28-031662252cff,25.062,T263,30C,off
04/20/2023 05:39:42,Chamber 4,28-031662252cff,25.062,T263,30C,off
04/20/2023 05:40:02,Chamber 4,28-031662252cff,25.062,T263,30C,off
04/20/2023 05:40:22,Chamber 4,28-031662252cff,25.062,T263,30C,off
04/20/2023 05:40:42,Chamber 4,28-031662252cff,25.062,T263,30C,off
04/20/2023 05:41:02,Chamber 4,28-031662252cff,25.062,T263,30C,off
04/20/2023 05:41:22,Chamber 4,28-031662252cff,25.062,T263,30C,off
04/20/2023 05:41:42,Chamber 4,28-031662252cff,25.062,T263,30C,off
04/20/2023 05:42:02,Chamber 4,28-031662252cff,25.062,T263,30C,off
04/20/2023 05:42:22,Chamber 4,28-031662252cff,25.062,T263,30C,off
04/20/2023 05:42:42,Chamber 4,28-031662252cff,25.062,T263,30C,off
04/20/2023 05:43:02,Chamber 4,28-031662252cff,25.062,T263,30C,off
04/20/2023 05:43:22,Chamber 4,28-031662252cff,25.062,T263,30C,off
04/20/2023 05:43:42,Chamber 4,28-031662252cff,25.062,T263,30C,off
04/20/2023 05:44:02,Chamber 4,28-031662252cff,25.062,T263,30C,off
04/20/2023 05:44:22,Chamber 4,28-031662252cff,25.062,T263,30C,off
04/20/2023 05:44:42,Chamber 4,28-031662252cff,25.062,T263,30C,off
04/20/2023 05:45:02,Chamber 4,28-031662252cff,25.062,T263,30C,off
04/20/2023 05:45:22,Chamber 4,28-031662252cff,25.062,T263,30C,off
04/20/2023 05:45:42,Chamber 4,28-031662252cff,25.062,T263,30C,off
04/20/2023 05:46:02,Chamber 4,28-031662252cff,25.062,T263,30C,off
04/20/2023 05:46:22,Chamber 4,28-031662252cff,25.062,T263,30C,off
04/20/2023 05:46:42,Chamber 4,28-031662252cff,25.062,T263,30C,off
04/20/2023 05:47:02,Chamber 4,28-031662252cff,25.062,T263,30C,off
04/20/2023 05:47:22,Chamber 4,28-031662252cff,25.062,T263,30C,off
04/20/2023 05:47:42,Chamber 4,28-031662252cff,25.062,T263,30C,off
04/20/2023 05:48:02,Chamber 4,28-031662252cff,25.062,T263,30C,off
04/20/2023 05:48:22,Chamber 4,28-031662252cff,25.062,T263,30C,off
04/20/2023 05:48:42,Chamber 4,28-031662252cff,25.062,T263,30C,off
04/20/2023 05:49:02,Chamber 4,28-031662252cff,25.062,T263,30C,off
04/20/2023 05:49:22,Chamber 4,28-031662252cff,25.062,T263,30C,off
04/20/2023 05:49:42,Chamber 4,28-031662252cff,25.062,T263,30C,off
04/20/2023 05:50:02,Chamber 4,28-031662252cff,25.062,T263,30C,off
04/20/2023 05:50:22,Chamber 4,28-031662252cff,25.062,T263,30C,off
04/20/2023 05:50:42,Chamber 4,28-031662252cff,25.062,T263,30C,off
04/20/2023 05:51:02,Chamber 4,28-031662252cff,25.062,T263,30C,off
04/20/2023 05:51:22,Chamber 4,28-031662252cff,25.062,T263,30C,off
04/20/2023 05:51:42,Chamber 4,28-031662252cff,25.062,T263,30C,off
04/20/2023 05:52:02,Chamber 4,28-031662252cff,25.062,T263,30C,off
04/20/2023 05:52:22,Chamber 4,28-031662252cff,25.062,T263,30C,off
04/20/2023 05:52:42,Chamber 4,28-031662252cff,25.062,T263,30C,off
04/20/2023 05:53:02,Chamber 4,28-031662252cff,25.062,T263,30C,off
04/20/2023 05:53:22,Chamber 4,28-031662252cff,25.062,T263,30C,off
04/20/2023 05:53:42,Chamber 4,28-031662252cff,25.062,T263,30C,off
04/20/2023 05:54:02,Chamber 4,28-031662252cff,25.062,T263,30C,off
04/20/2023 05:54:22,Chamber 4,28-031662252cff,25.062,T263,30C,off
04/20/2023 05:54:42,Chamber 4,28-031662252cff,25.062,T263,30C,off
04/20/2023 05:55:02,Chamber 4,28-031662252cff,25.062,T263,30C,off
04/20/2023 05:55:22,Chamber 4,28-031662252cff,25.062,T263,30C,off
04/20/2023 05:55:42,Chamber 4,28-031662252cff,25.062,T263,30C,off
04/20/2023 05:56:02,Chamber 4,28-031662252cff,25.062,T263,30C,off
04/20/2023 05:56:22,Chamber 4,28-031662252cff,25.062,T263,30C,off
04/20/2023 05:56:42,Chamber 4,28-031662252cff,25.062,T263,30C,off
04/20/2023 05:57:02,Chamber 4,28-031662252cff,25.062,T263,30C,off
04/20/2023 05:57:22,Chamber 4,28-031662252cff,25.062,T263,30C,off
04/20/2023 05:57:42,Chamber 4,28-031662252cff,25.062,T263,30C,off
04/20/2023 05:58:02,Chamber 4,28-031662252cff,25.062,T263,30C,off
04/20/2023 05:58:22,Chamber 4,28-031662252cff,25.062,T263,30C,off
04/20/2023 05:58:42,Chamber 4,28-031662252cff,25.062,T263,30C,off
04/20/2023 05:59:02,Chamber 4,28-031662252cff,25.062,T263,30C,off
04/20/2023 05:59:22,Chamber 4,28-031662252cff,25.062,T263,30C,off
04/20/2023 05:59:42,Chamber 4,28-031662252cff,25.062,T263,30C,off
04/20/2023 06:00:03,Chamber 4,28-031662252cff,25.062,T263,30C,off
04/20/2023 06:00:23,Chamber 4,28-031662252cff,25.062,T263,30C,off
04/20/2023 06:00:43,Chamber 4,28-031662252cff,25.062,T263,30C,off
04/20/2023 06:01:03,Chamber 4,28-031662252cff,25.062,T263,30C,off
04/20/2023 06:01:23,Chamber 4,28-031662252cff,25.062,T263,30C,off
04/20/2023 06:01:43,Chamber 4,28-031662252cff,25.062,T263,30C,off
04/20/2023 06:02:03,Chamber 4,28-031662252cff,25.062,T263,30C,off
04/20/2023 06:02:23,Chamber 4,28-031662252cff,25.062,T263,30C,off
04/20/2023 06:02:43,Chamber 4,28-031662252cff,25.062,T263,30C,off
04/20/2023 06:03:03,Chamber 4,28-031662252cff,25.062,T263,30C,off
04/20/2023 06:03:23,Chamber 4,28-031662252cff,25.062,T263,30C,off
04/20/2023 06:03:43,Chamber 4,28-031662252cff,25.062,T263,30C,off
04/20/2023 06:04:03,Chamber 4,28-031662252cff,25.062,T263,30C,off
04/20/2023 06:04:23,Chamber 4,28-031662252cff,25.062,T263,30C,off
04/20/2023 06:04:43,Chamber 4,28-031662252cff,25.062,T263,30C,off
04/20/2023 06:05:03,Chamber 4,28-031662252cff,25.062,T263,30C,off
04/20/2023 06:05:23,Chamber 4,28-031662252cff,25.062,T263,30C,off
04/20/2023 06:05:43,Chamber 4,28-031662252cff,25.062,T263,30C,off
04/20/2023 06:06:03,Chamber 4,28-031662252cff,25.062,T263,30C,off
04/20/2023 06:06:23,Chamber 4,28-031662252cff,25.062,T263,30C,off
04/20/2023 06:06:43,Chamber 4,28-031662252cff,25.062,T263,30C,off
04/20/2023 06:07:03,Chamber 4,28-031662252cff,25.062,T263,30C,off
04/20/2023 06:07:23,Chamber 4,28-031662252cff,25.0,T263,30C,off
04/20/2023 06:07:43,Chamber 4,28-031662252cff,25.062,T263,30C,off
04/20/2023 06:08:03,Chamber 4,28-031662252cff,25.062,T263,30C,off
04/20/2023 06:08:23,Chamber 4,28-031662252cff,25.062,T263,30C,off
04/20/2023 06:08:43,Chamber 4,28-031662252cff,25.062,T263,30C,off
04/20/2023 06:09:03,Chamber 4,28-031662252cff,25.0,T263,30C,off
04/20/2023 06:09:23,Chamber 4,28-031662252cff,25.0,T263,30C,off
04/20/2023 06:09:43,Chamber 4,28-031662252cff,25.0,T263,30C,off
04/20/2023 06:10:03,Chamber 4,28-031662252cff,25.0,T263,30C,off
04/20/2023 06:10:23,Chamber 4,28-031662252cff,25.0,T263,30C,off
04/20/2023 06:10:43,Chamber 4,28-031662252cff,25.0,T263,30C,off
04/20/2023 06:11:03,Chamber 4,28-031662252cff,25.0,T263,30C,off
04/20/2023 06:11:23,Chamber 4,28-031662252cff,25.0,T263,30C,off
04/20/2023 06:11:43,Chamber 4,28-031662252cff,25.0,T263,30C,off
04/20/2023 06:12:03,Chamber 4,28-031662252cff,25.0,T263,30C,off
04/20/2023 06:12:23,Chamber 4,28-031662252cff,25.0,T263,30C,off
04/20/2023 06:12:43,Chamber 4,28-031662252cff,25.0,T263,30C,off
04/20/2023 06:13:03,Chamber 4,28-031662252cff,25.0,T263,30C,off
04/20/2023 06:13:23,Chamber 4,28-031662252cff,25.0,T263,30C,off
04/20/2023 06:13:43,Chamber 4,28-031662252cff,25.0,T263,30C,off
04/20/2023 06:14:03,Chamber 4,28-031662252cff,25.0,T263,30C,off
04/20/2023 06:14:23,Chamber 4,28-031662252cff,25.0,T263,30C,off
04/20/2023 06:14:43,Chamber 4,28-031662252cff,25.0,T263,30C,off
04/20/2023 06:15:03,Chamber 4,28-031662252cff,25.0,T263,30C,off
04/20/2023 06:15:23,Chamber 4,28-031662252cff,25.0,T263,30C,off
04/20/2023 06:15:43,Chamber 4,28-031662252cff,25.0,T263,30C,off
04/20/2023 06:16:03,Chamber 4,28-031662252cff,25.0,T263,30C,off
04/20/2023 06:16:23,Chamber 4,28-031662252cff,25.0,T263,30C,off
04/20/2023 06:16:43,Chamber 4,28-031662252cff,25.0,T263,30C,off
04/20/2023 06:17:03,Chamber 4,28-031662252cff,25.0,T263,30C,off
04/20/2023 06:17:23,Chamber 4,28-031662252cff,25.0,T263,30C,off
04/20/2023 06:17:43,Chamber 4,28-031662252cff,25.0,T263,30C,off
04/20/2023 06:18:03,Chamber 4,28-031662252cff,25.0,T263,30C,off
04/20/2023 06:18:23,Chamber 4,28-031662252cff,25.0,T263,30C,off
04/20/2023 06:18:43,Chamber 4,28-031662252cff,25.0,T263,30C,off
04/20/2023 06:19:03,Chamber 4,28-031662252cff,25.0,T263,30C,off
04/20/2023 06:19:23,Chamber 4,28-031662252cff,25.0,T263,30C,off
04/20/2023 06:19:43,Chamber 4,28-031662252cff,25.0,T263,30C,off
04/20/2023 06:20:03,Chamber 4,28-031662252cff,25.0,T263,30C,off
04/20/2023 06:20:24,Chamber 4,28-031662252cff,25.0,T263,30C,off
04/20/2023 06:20:43,Chamber 4,28-031662252cff,25.0,T263,30C,off
04/20/2023 06:21:03,Chamber 4,28-031662252cff,25.0,T263,30C,off
04/20/2023 06:21:23,Chamber 4,28-031662252cff,25.0,T263,30C,off
04/20/2023 06:21:43,Chamber 4,28-031662252cff,25.0,T263,30C,off
04/20/2023 06:22:03,Chamber 4,28-031662252cff,25.0,T263,30C,off
04/20/2023 06:22:23,Chamber 4,28-031662252cff,25.0,T263,30C,off
04/20/2023 06:22:43,Chamber 4,28-031662252cff,25.0,T263,30C,off
04/20/2023 06:23:03,Chamber 4,28-031662252cff,25.0,T263,30C,off
04/20/2023 06:23:23,Chamber 4,28-031662252cff,25.0,T263,30C,off
04/20/2023 06:23:43,Chamber 4,28-031662252cff,25.062,T263,30C,off
04/20/2023 06:24:03,Chamber 4,28-031662252cff,25.062,T263,30C,off
04/20/2023 06:24:23,Chamber 4,28-031662252cff,25.125,T263,30C,off
04/20/2023 06:24:43,Chamber 4,28-031662252cff,25.125,T263,30C,off
04/20/2023 06:25:03,Chamber 4,28-031662252cff,25.125,T263,30C,off
04/20/2023 06:25:23,Chamber 4,28-031662252cff,25.187,T263,30C,off
04/20/2023 06:25:43,Chamber 4,28-031662252cff,25.187,T263,30C,off
04/20/2023 06:26:03,Chamber 4,28-031662252cff,25.187,T263,30C,off
04/20/2023 06:26:23,Chamber 4,28-031662252cff,25.25,T263,30C,off
04/20/2023 06:26:43,Chamber 4,28-031662252cff,25.25,T263,30C,off
04/20/2023 06:27:03,Chamber 4,28-031662252cff,25.25,T263,30C,off
04/20/2023 06:27:23,Chamber 4,28-031662252cff,25.25,T263,30C,off
04/20/2023 06:27:43,Chamber 4,28-031662252cff,25.312,T263,30C,off
04/20/2023 06:28:03,Chamber 4,28-031662252cff,25.312,T263,30C,off
04/20/2023 06:28:23,Chamber 4,28-031662252cff,25.312,T263,30C,off
04/20/2023 06:28:43,Chamber 4,28-031662252cff,25.312,T263,30C,off
04/20/2023 06:29:03,Chamber 4,28-031662252cff,25.312,T263,30C,off
04/20/2023 06:29:23,Chamber 4,28-031662252cff,25.312,T263,30C,off
04/20/2023 06:29:43,Chamber 4,28-031662252cff,25.375,T263,30C,off
04/20/2023 06:30:03,Chamber 4,28-031662252cff,25.375,T263,30C,off
04/20/2023 06:30:23,Chamber 4,28-031662252cff,25.375,T263,30C,off
04/20/2023 06:30:43,Chamber 4,28-031662252cff,25.375,T263,30C,off
04/20/2023 06:31:03,Chamber 4,28-031662252cff,25.375,T263,30C,off
04/20/2023 06:31:24,Chamber 4,28-031662252cff,25.375,T263,30C,off
04/20/2023 06:31:43,Chamber 4,28-031662252cff,25.437,T263,30C,off
04/20/2023 06:32:03,Chamber 4,28-031662252cff,25.375,T263,30C,off
04/20/2023 06:32:23,Chamber 4,28-031662252cff,25.437,T263,30C,off
04/20/2023 06:32:44,Chamber 4,28-031662252cff,25.437,T263,30C,off
04/20/2023 06:33:03,Chamber 4,28-031662252cff,25.437,T263,30C,off
04/20/2023 06:33:23,Chamber 4,28-031662252cff,25.437,T263,30C,off
04/20/2023 06:33:43,Chamber 4,28-031662252cff,25.437,T263,30C,off
04/20/2023 06:34:03,Chamber 4,28-031662252cff,25.437,T263,30C,off
04/20/2023 06:34:23,Chamber 4,28-031662252cff,25.437,T263,30C,off
04/20/2023 06:34:43,Chamber 4,28-031662252cff,25.437,T263,30C,off
04/20/2023 06:35:03,Chamber 4,28-031662252cff,25.5,T263,30C,off
04/20/2023 06:35:23,Chamber 4,28-031662252cff,25.437,T263,30C,off
04/20/2023 06:35:43,Chamber 4,28-031662252cff,25.5,T263,30C,off
04/20/2023 06:36:03,Chamber 4,28-031662252cff,25.5,T263,30C,off
04/20/2023 06:36:23,Chamber 4,28-031662252cff,25.5,T263,30C,off
04/20/2023 06:36:43,Chamber 4,28-031662252cff,25.5,T263,30C,off
04/20/2023 06:37:03,Chamber 4,28-031662252cff,25.5,T263,30C,off
04/20/2023 06:37:23,Chamber 4,28-031662252cff,25.5,T263,30C,off
04/20/2023 06:37:43,Chamber 4,28-031662252cff,25.5,T263,30C,off
04/20/2023 06:38:03,Chamber 4,28-031662252cff,25.5,T263,30C,off
04/20/2023 06:38:23,Chamber 4,28-031662252cff,25.5,T263,30C,off
04/20/2023 06:38:43,Chamber 4,28-031662252cff,25.5,T263,30C,off
04/20/2023 06:39:03,Chamber 4,28-031662252cff,25.5,T263,30C,off
04/20/2023 06:39:23,Chamber 4,28-031662252cff,25.5,T263,30C,off
04/20/2023 06:39:43,Chamber 4,28-031662252cff,25.5,T263,30C,off
04/20/2023 06:40:03,Chamber 4,28-031662252cff,25.5,T263,30C,off
04/20/2023 06:40:23,Chamber 4,28-031662252cff,25.5,T263,30C,off
04/20/2023 06:40:43,Chamber 4,28-031662252cff,25.5,T263,30C,off
04/20/2023 06:41:04,Chamber 4,28-031662252cff,25.5,T263,30C,off
04/20/2023 06:41:24,Chamber 4,28-031662252cff,25.562,T263,30C,off
04/20/2023 06:41:44,Chamber 4,28-031662252cff,25.562,T263,30C,off
04/20/2023 06:42:03,Chamber 4,28-031662252cff,25.562,T263,30C,off
04/20/2023 06:42:23,Chamber 4,28-031662252cff,25.562,T263,30C,off
04/20/2023 06:42:44,Chamber 4,28-031662252cff,25.562,T263,30C,off
04/20/2023 06:43:04,Chamber 4,28-031662252cff,25.562,T263,30C,off
04/20/2023 06:43:23,Chamber 4,28-031662252cff,25.562,T263,30C,off
04/20/2023 06:43:43,Chamber 4,28-031662252cff,25.562,T263,30C,off
04/20/2023 06:44:05,Chamber 4,28-031662252cff,25.562,T263,30C,off
04/20/2023 06:44:23,Chamber 4,28-031662252cff,25.562,T263,30C,off
04/20/2023 06:44:43,Chamber 4,28-031662252cff,25.562,T263,30C,off
04/20/2023 06:45:03,Chamber 4,28-031662252cff,25.562,T263,30C,off
04/20/2023 06:45:23,Chamber 4,28-031662252cff,25.562,T263,30C,off
04/20/2023 06:45:43,Chamber 4,28-031662252cff,25.562,T263,30C,off
04/20/2023 06:46:03,Chamber 4,28-031662252cff,25.562,T263,30C,off
04/20/2023 06:46:23,Chamber 4,28-031662252cff,25.625,T263,30C,off
04/20/2023 06:46:43,Chamber 4,28-031662252cff,25.625,T263,30C,off
04/20/2023 06:47:03,Chamber 4,28-031662252cff,25.625,T263,30C,off
04/20/2023 06:47:23,Chamber 4,28-031662252cff,25.625,T263,30C,off
04/20/2023 06:47:43,Chamber 4,28-031662252cff,25.625,T263,30C,off
04/20/2023 06:48:03,Chamber 4,28-031662252cff,25.625,T263,30C,off
04/20/2023 06:48:23,Chamber 4,28-031662252cff,25.625,T263,30C,off
04/20/2023 06:48:43,Chamber 4,28-031662252cff,25.625,T263,30C,off
04/20/2023 06:49:03,Chamber 4,28-031662252cff,25.625,T263,30C,off
04/20/2023 06:49:23,Chamber 4,28-031662252cff,25.625,T263,30C,off
04/20/2023 06:49:43,Chamber 4,28-031662252cff,25.625,T263,30C,off
04/20/2023 06:50:03,Chamber 4,28-031662252cff,25.625,T263,30C,off
04/20/2023 06:50:23,Chamber 4,28-031662252cff,25.625,T263,30C,off
04/20/2023 06:50:43,Chamber 4,28-031662252cff,25.625,T263,30C,off
04/20/2023 06:51:03,Chamber 4,28-031662252cff,25.625,T263,30C,off
04/20/2023 06:51:23,Chamber 4,28-031662252cff,25.625,T263,30C,off
04/20/2023 06:51:43,Chamber 4,28-031662252cff,25.625,T263,30C,off
04/20/2023 06:52:03,Chamber 4,28-031662252cff,25.625,T263,30C,off
04/20/2023 06:52:23,Chamber 4,28-031662252cff,25.625,T263,30C,off
04/20/2023 06:52:43,Chamber 4,28-031662252cff,25.687,T263,30C,off
04/20/2023 06:53:03,Chamber 4,28-031662252cff,25.687,T263,30C,off
04/20/2023 06:53:23,Chamber 4,28-031662252cff,25.687,T263,30C,off
04/20/2023 06:53:43,Chamber 4,28-031662252cff,25.687,T263,30C,off
04/20/2023 06:54:03,Chamber 4,28-031662252cff,25.687,T263,30C,off
04/20/2023 06:54:23,Chamber 4,28-031662252cff,25.687,T263,30C,off
04/20/2023 06:54:43,Chamber 4,28-031662252cff,25.687,T263,30C,off
04/20/2023 06:55:03,Chamber 4,28-031662252cff,25.687,T263,30C,off
04/20/2023 06:55:23,Chamber 4,28-031662252cff,25.687,T263,30C,off
04/20/2023 06:55:43,Chamber 4,28-031662252cff,25.687,T263,30C,off
04/20/2023 06:56:03,Chamber 4,28-031662252cff,25.687,T263,30C,off
04/20/2023 06:56:23,Chamber 4,28-031662252cff,25.687,T263,30C,off
04/20/2023 06:56:44,Chamber 4,28-031662252cff,25.687,T263,30C,off
04/20/2023 06:57:03,Chamber 4,28-031662252cff,25.687,T263,30C,off
04/20/2023 06:57:23,Chamber 4,28-031662252cff,25.687,T263,30C,off
04/20/2023 06:57:43,Chamber 4,28-031662252cff,25.687,T263,30C,off
04/20/2023 06:58:03,Chamber 4,28-031662252cff,25.687,T263,30C,off
04/20/2023 06:58:23,Chamber 4,28-031662252cff,25.687,T263,30C,off
04/20/2023 06:58:43,Chamber 4,28-031662252cff,25.687,T263,30C,off
04/20/2023 06:59:03,Chamber 4,28-031662252cff,25.687,T263,30C,off
04/20/2023 06:59:23,Chamber 4,28-031662252cff,25.687,T263,30C,off
04/20/2023 06:59:43,Chamber 4,28-031662252cff,25.687,T263,30C,off
04/20/2023 07:00:02,Chamber 4,28-031662252cff,25.687,T263,30C,off
04/20/2023 07:00:22,Chamber 4,28-031662252cff,25.75,T263,30C,off
04/20/2023 07:00:42,Chamber 4,28-031662252cff,25.75,T263,30C,off
04/20/2023 07:01:02,Chamber 4,28-031662252cff,25.687,T263,30C,off
04/20/2023 07:01:22,Chamber 4,28-031662252cff,25.75,T263,30C,off
04/20/2023 07:01:42,Chamber 4,28-031662252cff,25.75,T263,30C,off
04/20/2023 07:02:02,Chamber 4,28-031662252cff,25.75,T263,30C,off
04/20/2023 07:02:22,Chamber 4,28-031662252cff,25.75,T263,30C,off
04/20/2023 07:02:42,Chamber 4,28-031662252cff,25.75,T263,30C,off
04/20/2023 07:03:02,Chamber 4,28-031662252cff,25.75,T263,30C,off
04/20/2023 07:03:22,Chamber 4,28-031662252cff,25.75,T263,30C,off
04/20/2023 07:03:42,Chamber 4,28-031662252cff,25.75,T263,30C,off
04/20/2023 07:04:02,Chamber 4,28-031662252cff,25.75,T263,30C,off
04/20/2023 07:04:22,Chamber 4,28-031662252cff,25.75,T263,30C,off
04/20/2023 07:04:42,Chamber 4,28-031662252cff,25.75,T263,30C,off
04/20/2023 07:05:02,Chamber 4,28-031662252cff,25.75,T263,30C,off
04/20/2023 07:05:22,Chamber 4,28-031662252cff,25.75,T263,30C,off
04/20/2023 07:05:42,Chamber 4,28-031662252cff,25.75,T263,30C,off
04/20/2023 07:06:02,Chamber 4,28-031662252cff,25.75,T263,30C,off
04/20/2023 07:06:22,Chamber 4,28-031662252cff,25.75,T263,30C,off
04/20/2023 07:06:42,Chamber 4,28-031662252cff,25.75,T263,30C,off
04/20/2023 07:07:02,Chamber 4,28-031662252cff,25.75,T263,30C,off
04/20/2023 07:07:23,Chamber 4,28-031662252cff,25.812,T263,30C,off
04/20/2023 07:07:42,Chamber 4,28-031662252cff,25.812,T263,30C,off
04/20/2023 07:08:02,Chamber 4,28-031662252cff,25.812,T263,30C,off
04/20/2023 07:08:22,Chamber 4,28-031662252cff,25.812,T263,30C,off
04/20/2023 07:08:42,Chamber 4,28-031662252cff,25.812,T263,30C,off
04/20/2023 07:09:02,Chamber 4,28-031662252cff,25.812,T263,30C,off
04/20/2023 07:09:22,Chamber 4,28-031662252cff,25.812,T263,30C,off
04/20/2023 07:09:42,Chamber 4,28-031662252cff,25.812,T263,30C,off
04/20/2023 07:10:02,Chamber 4,28-031662252cff,25.812,T263,30C,off
04/20/2023 07:10:22,Chamber 4,28-031662252cff,25.812,T263,30C,off
04/20/2023 07:10:42,Chamber 4,28-031662252cff,25.812,T263,30C,off
04/20/2023 07:11:02,Chamber 4,28-031662252cff,25.812,T263,30C,off
04/20/2023 07:11:22,Chamber 4,28-031662252cff,25.812,T263,30C,off
04/20/2023 07:11:42,Chamber 4,28-031662252cff,25.812,T263,30C,off
04/20/2023 07:12:02,Chamber 4,28-031662252cff,25.812,T263,30C,off
04/20/2023 07:12:22,Chamber 4,28-031662252cff,25.812,T263,30C,off
04/20/2023 07:12:42,Chamber 4,28-031662252cff,25.812,T263,30C,off
04/20/2023 07:13:02,Chamber 4,28-031662252cff,25.812,T263,30C,off
04/20/2023 07:13:22,Chamber 4,28-031662252cff,25.812,T263,30C,off
04/20/2023 07:13:42,Chamber 4,28-031662252cff,25.812,T263,30C,off
04/20/2023 07:14:02,Chamber 4,28-031662252cff,25.812,T263,30C,off
04/20/2023 07:14:22,Chamber 4,28-031662252cff,25.812,T263,30C,off
04/20/2023 07:14:42,Chamber 4,28-031662252cff,25.812,T263,30C,off
04/20/2023 07:15:02,Chamber 4,28-031662252cff,25.812,T263,30C,off
04/20/2023 07:15:22,Chamber 4,28-031662252cff,25.812,T263,30C,off
04/20/2023 07:15:42,Chamber 4,28-031662252cff,25.812,T263,30C,off
04/20/2023 07:16:02,Chamber 4,28-031662252cff,25.812,T263,30C,off
04/20/2023 07:16:22,Chamber 4,28-031662252cff,25.812,T263,30C,off
04/20/2023 07:16:42,Chamber 4,28-031662252cff,25.812,T263,30C,off
04/20/2023 07:17:03,Chamber 4,28-031662252cff,25.812,T263,30C,off
04/20/2023 07:17:22,Chamber 4,28-031662252cff,25.812,T263,30C,off
04/20/2023 07:17:42,Chamber 4,28-031662252cff,25.812,T263,30C,off
04/20/2023 07:18:02,Chamber 4,28-031662252cff,25.812,T263,30C,off
04/20/2023 07:18:22,Chamber 4,28-031662252cff,25.812,T263,30C,off
04/20/2023 07:18:42,Chamber 4,28-031662252cff,25.812,T263,30C,off
04/20/2023 07:19:02,Chamber 4,28-031662252cff,25.812,T263,30C,off
04/20/2023 07:19:22,Chamber 4,28-031662252cff,25.812,T263,30C,off
04/20/2023 07:19:42,Chamber 4,28-031662252cff,25.812,T263,30C,off
04/20/2023 07:20:02,Chamber 4,28-031662252cff,25.812,T263,30C,off
04/20/2023 07:20:23,Chamber 4,28-031662252cff,25.812,T263,30C,off
04/20/2023 07:20:42,Chamber 4,28-031662252cff,25.812,T263,30C,off
04/20/2023 07:21:02,Chamber 4,28-031662252cff,25.812,T263,30C,off
04/20/2023 07:21:24,Chamber 4,28-031662252cff,25.812,T263,30C,off
04/20/2023 07:21:42,Chamber 4,28-031662252cff,25.812,T263,30C,off
04/20/2023 07:22:03,Chamber 4,28-031662252cff,25.812,T263,30C,off
04/20/2023 07:22:22,Chamber 4,28-031662252cff,25.812,T263,30C,off
04/20/2023 07:22:42,Chamber 4,28-031662252cff,25.812,T263,30C,off
04/20/2023 07:23:02,Chamber 4,28-031662252cff,25.812,T263,30C,off
04/20/2023 07:23:22,Chamber 4,28-031662252cff,25.812,T263,30C,off
04/20/2023 07:23:42,Chamber 4,28-031662252cff,25.812,T263,30C,off
04/20/2023 07:24:02,Chamber 4,28-031662252cff,25.812,T263,30C,off
04/20/2023 07:24:22,Chamber 4,28-031662252cff,25.812,T263,30C,off
04/20/2023 07:24:42,Chamber 4,28-031662252cff,25.812,T263,30C,off
04/20/2023 07:25:02,Chamber 4,28-031662252cff,25.812,T263,30C,off
04/20/2023 07:25:22,Chamber 4,28-031662252cff,25.812,T263,30C,off
04/20/2023 07:25:42,Chamber 4,28-031662252cff,25.812,T263,30C,off
04/20/2023 07:26:02,Chamber 4,28-031662252cff,25.812,T263,30C,off
04/20/2023 07:26:22,Chamber 4,28-031662252cff,25.812,T263,30C,off
04/20/2023 07:26:42,Chamber 4,28-031662252cff,25.812,T263,30C,off
04/20/2023 07:27:02,Chamber 4,28-031662252cff,25.812,T263,30C,off
04/20/2023 07:27:22,Chamber 4,28-031662252cff,25.812,T263,30C,off
04/20/2023 07:27:42,Chamber 4,28-031662252cff,25.812,T263,30C,off
04/20/2023 07:28:02,Chamber 4,28-031662252cff,25.812,T263,30C,off
04/20/2023 07:28:22,Chamber 4,28-031662252cff,25.812,T263,30C,off
04/20/2023 07:28:42,Chamber 4,28-031662252cff,25.812,T263,30C,off
04/20/2023 07:29:02,Chamber 4,28-031662252cff,25.812,T263,30C,off
04/20/2023 07:29:22,Chamber 4,28-031662252cff,25.812,T263,30C,off
04/20/2023 07:29:42,Chamber 4,28-031662252cff,25.812,T263,30C,off
04/20/2023 07:30:02,Chamber 4,28-031662252cff,25.812,T263,30C,off
04/20/2023 07:30:22,Chamber 4,28-031662252cff,25.812,T263,30C,off
04/20/2023 07:30:42,Chamber 4,28-031662252cff,25.812,T263,30C,off
04/20/2023 07:31:02,Chamber 4,28-031662252cff,25.812,T263,30C,off
04/20/2023 07:31:22,Chamber 4,28-031662252cff,25.812,T263,30C,off
04/20/2023 07:31:44,Chamber 4,28-031662252cff,25.812,T263,30C,off
04/20/2023 07:32:02,Chamber 4,28-031662252cff,25.812,T263,30C,off
04/20/2023 07:32:22,Chamber 4,28-031662252cff,25.812,T263,30C,off
04/20/2023 07:32:42,Chamber 4,28-031662252cff,25.812,T263,30C,off
04/20/2023 07:33:02,Chamber 4,28-031662252cff,25.875,T263,30C,off
04/20/2023 07:33:22,Chamber 4,28-031662252cff,25.875,T263,30C,off
04/20/2023 07:33:42,Chamber 4,28-031662252cff,25.875,T263,30C,off
04/20/2023 07:34:02,Chamber 4,28-031662252cff,25.875,T263,30C,off
04/20/2023 07:34:22,Chamber 4,28-031662252cff,25.812,T263,30C,off
04/20/2023 07:34:42,Chamber 4,28-031662252cff,25.812,T263,30C,off
04/20/2023 07:35:02,Chamber 4,28-031662252cff,25.812,T263,30C,off
04/20/2023 07:35:22,Chamber 4,28-031662252cff,25.875,T263,30C,off
04/20/2023 07:35:42,Chamber 4,28-031662252cff,25.812,T263,30C,off
04/20/2023 07:36:02,Chamber 4,28-031662252cff,25.812,T263,30C,off
04/20/2023 07:36:22,Chamber 4,28-031662252cff,25.812,T263,30C,off
04/20/2023 07:36:42,Chamber 4,28-031662252cff,25.812,T263,30C,off
04/20/2023 07:37:02,Chamber 4,28-031662252cff,25.812,T263,30C,off
04/20/2023 07:37:22,Chamber 4,28-031662252cff,25.812,T263,30C,off
04/20/2023 07:37:42,Chamber 4,28-031662252cff,25.812,T263,30C,off
04/20/2023 07:38:02,Chamber 4,28-031662252cff,25.812,T263,30C,off
04/20/2023 07:38:22,Chamber 4,28-031662252cff,25.875,T263,30C,off
04/20/2023 07:38:42,Chamber 4,28-031662252cff,25.875,T263,30C,off
04/20/2023 07:39:02,Chamber 4,28-031662252cff,25.812,T263,30C,off
04/20/2023 07:39:22,Chamber 4,28-031662252cff,25.812,T263,30C,off
04/20/2023 07:39:42,Chamber 4,28-031662252cff,25.812,T263,30C,off
04/20/2023 07:40:02,Chamber 4,28-031662252cff,25.812,T263,30C,off
04/20/2023 07:40:22,Chamber 4,28-031662252cff,25.812,T263,30C,off
04/20/2023 07:40:42,Chamber 4,28-031662252cff,25.812,T263,30C,off
04/20/2023 07:41:02,Chamber 4,28-031662252cff,25.812,T263,30C,off
04/20/2023 07:41:22,Chamber 4,28-031662252cff,25.812,T263,30C,off
04/20/2023 07:41:42,Chamber 4,28-031662252cff,25.812,T263,30C,off
04/20/2023 07:42:02,Chamber 4,28-031662252cff,25.812,T263,30C,off
04/20/2023 07:42:22,Chamber 4,28-031662252cff,25.812,T263,30C,off
04/20/2023 07:42:42,Chamber 4,28-031662252cff,25.875,T263,30C,off
04/20/2023 07:43:02,Chamber 4,28-031662252cff,25.812,T263,30C,off
04/20/2023 07:43:22,Chamber 4,28-031662252cff,25.812,T263,30C,off
04/20/2023 07:43:42,Chamber 4,28-031662252cff,25.875,T263,30C,off
04/20/2023 07:44:02,Chamber 4,28-031662252cff,25.875,T263,30C,off
04/20/2023 07:44:22,Chamber 4,28-031662252cff,25.875,T263,30C,off
04/20/2023 07:44:42,Chamber 4,28-031662252cff,25.875,T263,30C,off
04/20/2023 07:45:02,Chamber 4,28-031662252cff,25.875,T263,30C,off
04/20/2023 07:45:23,Chamber 4,28-031662252cff,25.875,T263,30C,off
04/20/2023 07:45:42,Chamber 4,28-031662252cff,25.875,T263,30C,off
04/20/2023 07:46:02,Chamber 4,28-031662252cff,25.875,T263,30C,off
04/20/2023 07:46:23,Chamber 4,28-031662252cff,25.875,T263,30C,off
04/20/2023 07:46:42,Chamber 4,28-031662252cff,25.875,T263,30C,off
04/20/2023 07:47:02,Chamber 4,28-031662252cff,25.875,T263,30C,off
04/20/2023 07:47:22,Chamber 4,28-031662252cff,25.875,T263,30C,off
04/20/2023 07:47:42,Chamber 4,28-031662252cff,25.875,T263,30C,off
04/20/2023 07:48:02,Chamber 4,28-031662252cff,25.875,T263,30C,off
04/20/2023 07:48:22,Chamber 4,28-031662252cff,25.875,T263,30C,off
04/20/2023 07:48:42,Chamber 4,28-031662252cff,25.875,T263,30C,off
04/20/2023 07:49:02,Chamber 4,28-031662252cff,25.875,T263,30C,off
04/20/2023 07:49:22,Chamber 4,28-031662252cff,25.875,T263,30C,off
04/20/2023 07:49:42,Chamber 4,28-031662252cff,25.875,T263,30C,off
04/20/2023 07:50:02,Chamber 4,28-031662252cff,25.875,T263,30C,off
04/20/2023 07:50:22,Chamber 4,28-031662252cff,25.875,T263,30C,off
04/20/2023 07:50:42,Chamber 4,28-031662252cff,25.875,T263,30C,off
04/20/2023 07:51:02,Chamber 4,28-031662252cff,25.875,T263,30C,off
04/20/2023 07:51:22,Chamber 4,28-031662252cff,25.875,T263,30C,off
04/20/2023 07:51:42,Chamber 4,28-031662252cff,25.875,T263,30C,off
04/20/2023 07:52:02,Chamber 4,28-031662252cff,25.875,T263,30C,off
04/20/2023 07:52:22,Chamber 4,28-031662252cff,25.875,T263,30C,off
04/20/2023 07:52:42,Chamber 4,28-031662252cff,25.875,T263,30C,off
04/20/2023 07:53:02,Chamber 4,28-031662252cff,25.875,T263,30C,off
04/20/2023 07:53:24,Chamber 4,28-031662252cff,25.875,T263,30C,off
04/20/2023 07:53:42,Chamber 4,28-031662252cff,25.875,T263,30C,off
04/20/2023 07:54:02,Chamber 4,28-031662252cff,25.875,T263,30C,off
04/20/2023 07:54:22,Chamber 4,28-031662252cff,25.875,T263,30C,off
04/20/2023 07:54:42,Chamber 4,28-031662252cff,25.875,T263,30C,off
04/20/2023 07:55:02,Chamber 4,28-031662252cff,25.875,T263,30C,off
04/20/2023 07:55:22,Chamber 4,28-031662252cff,25.875,T263,30C,off
04/20/2023 07:55:42,Chamber 4,28-031662252cff,25.875,T263,30C,off
04/20/2023 07:56:02,Chamber 4,28-031662252cff,25.875,T263,30C,off
04/20/2023 07:56:22,Chamber 4,28-031662252cff,25.875,T263,30C,off
04/20/2023 07:56:42,Chamber 4,28-031662252cff,25.875,T263,30C,off
04/20/2023 07:57:02,Chamber 4,28-031662252cff,25.875,T263,30C,off
04/20/2023 07:57:22,Chamber 4,28-031662252cff,25.875,T263,30C,off
04/20/2023 07:57:42,Chamber 4,28-031662252cff,25.875,T263,30C,off
04/20/2023 07:58:02,Chamber 4,28-031662252cff,25.875,T263,30C,off
04/20/2023 07:58:22,Chamber 4,28-031662252cff,25.875,T263,30C,off
04/20/2023 07:58:42,Chamber 4,28-031662252cff,25.875,T263,30C,off
04/20/2023 07:59:02,Chamber 4,28-031662252cff,25.875,T263,30C,off
04/20/2023 07:59:22,Chamber 4,28-031662252cff,25.875,T263,30C,off
04/20/2023 07:59:42,Chamber 4,28-031662252cff,25.875,T263,30C,off
04/20/2023 08:00:02,Chamber 4,28-031662252cff,25.875,T263,30C,off
04/20/2023 08:00:22,Chamber 4,28-031662252cff,25.875,T263,30C,off
04/20/2023 08:00:43,Chamber 4,28-031662252cff,25.875,T263,30C,off
04/20/2023 08:01:02,Chamber 4,28-031662252cff,25.875,T263,30C,off
04/20/2023 08:01:22,Chamber 4,28-031662252cff,25.875,T263,30C,off
04/20/2023 08:01:42,Chamber 4,28-031662252cff,25.875,T263,30C,off
04/20/2023 08:02:02,Chamber 4,28-031662252cff,25.875,T263,30C,off
04/20/2023 08:02:23,Chamber 4,28-031662252cff,25.875,T263,30C,off
04/20/2023 08:02:42,Chamber 4,28-031662252cff,25.875,T263,30C,off
04/20/2023 08:03:02,Chamber 4,28-031662252cff,25.875,T263,30C,off
04/20/2023 08:03:22,Chamber 4,28-031662252cff,25.875,T263,30C,off
04/20/2023 08:03:42,Chamber 4,28-031662252cff,25.875,T263,30C,off
04/20/2023 08:04:02,Chamber 4,28-031662252cff,25.875,T263,30C,off
04/20/2023 08:04:22,Chamber 4,28-031662252cff,25.875,T263,30C,off
04/20/2023 08:04:42,Chamber 4,28-031662252cff,25.875,T263,30C,off
04/20/2023 08:05:02,Chamber 4,28-031662252cff,25.875,T263,30C,off
04/20/2023 08:05:22,Chamber 4,28-031662252cff,25.875,T263,30C,off
04/20/2023 08:05:42,Chamber 4,28-031662252cff,25.875,T263,30C,off
04/20/2023 08:06:02,Chamber 4,28-031662252cff,25.812,T263,30C,off
04/20/2023 08:06:22,Chamber 4,28-031662252cff,25.875,T263,30C,off
04/20/2023 08:06:42,Chamber 4,28-031662252cff,25.875,T263,30C,off
04/20/2023 08:07:02,Chamber 4,28-031662252cff,25.875,T263,30C,off
04/20/2023 08:07:22,Chamber 4,28-031662252cff,25.875,T263,30C,off
04/20/2023 08:07:42,Chamber 4,28-031662252cff,25.812,T263,30C,off
04/20/2023 08:08:02,Chamber 4,28-031662252cff,25.875,T263,30C,off
04/20/2023 08:08:22,Chamber 4,28-031662252cff,25.875,T263,30C,off
04/20/2023 08:08:42,Chamber 4,28-031662252cff,25.875,T263,30C,off
04/20/2023 08:09:02,Chamber 4,28-031662252cff,25.875,T263,30C,off
04/20/2023 08:09:22,Chamber 4,28-031662252cff,25.875,T263,30C,off
04/20/2023 08:09:42,Chamber 4,28-031662252cff,25.875,T263,30C,off
04/20/2023 08:10:02,Chamber 4,28-031662252cff,25.875,T263,30C,off
04/20/2023 08:10:22,Chamber 4,28-031662252cff,25.875,T263,30C,off
04/20/2023 08:10:42,Chamber 4,28-031662252cff,25.875,T263,30C,off
04/20/2023 08:11:02,Chamber 4,28-031662252cff,25.875,T263,30C,off
04/20/2023 08:11:22,Chamber 4,28-031662252cff,25.875,T263,30C,off
04/20/2023 08:11:42,Chamber 4,28-031662252cff,25.875,T263,30C,off
04/20/2023 08:12:02,Chamber 4,28-031662252cff,25.875,T263,30C,off
04/20/2023 08:12:22,Chamber 4,28-031662252cff,25.875,T263,30C,off
04/20/2023 08:12:42,Chamber 4,28-031662252cff,25.875,T263,30C,off
04/20/2023 08:13:02,Chamber 4,28-031662252cff,25.875,T263,30C,off
04/20/2023 08:13:22,Chamber 4,28-031662252cff,25.875,T263,30C,off
04/20/2023 08:13:42,Chamber 4,28-031662252cff,25.937,T263,30C,off
04/20/2023 08:14:02,Chamber 4,28-031662252cff,25.937,T263,30C,off
04/20/2023 08:14:22,Chamber 4,28-031662252cff,25.937,T263,30C,off
04/20/2023 08:14:42,Chamber 4,28-031662252cff,25.937,T263,30C,off
04/20/2023 08:15:02,Chamber 4,28-031662252cff,25.937,T263,30C,off
04/20/2023 08:15:22,Chamber 4,28-031662252cff,25.937,T263,30C,off
04/20/2023 08:15:42,Chamber 4,28-031662252cff,25.937,T263,30C,off
04/20/2023 08:16:02,Chamber 4,28-031662252cff,25.937,T263,30C,off
04/20/2023 08:16:22,Chamber 4,28-031662252cff,25.937,T263,30C,off
04/20/2023 08:16:42,Chamber 4,28-031662252cff,25.937,T263,30C,off
04/20/2023 08:17:02,Chamber 4,28-031662252cff,25.937,T263,30C,off
04/20/2023 08:17:22,Chamber 4,28-031662252cff,25.937,T263,30C,off
04/20/2023 08:17:42,Chamber 4,28-031662252cff,25.937,T263,30C,off
04/20/2023 08:18:02,Chamber 4,28-031662252cff,25.937,T263,30C,off
04/20/2023 08:18:22,Chamber 4,28-031662252cff,25.937,T263,30C,off
04/20/2023 08:18:42,Chamber 4,28-031662252cff,25.937,T263,30C,off
04/20/2023 08:19:02,Chamber 4,28-031662252cff,26.0,T263,30C,off
04/20/2023 08:19:22,Chamber 4,28-031662252cff,26.0,T263,30C,off
04/20/2023 08:19:42,Chamber 4,28-031662252cff,26.0,T263,30C,off
04/20/2023 08:20:02,Chamber 4,28-031662252cff,26.0,T263,30C,off
04/20/2023 08:20:22,Chamber 4,28-031662252cff,26.0,T263,30C,off
04/20/2023 08:20:42,Chamber 4,28-031662252cff,26.0,T263,30C,off
04/20/2023 08:21:02,Chamber 4,28-031662252cff,26.0,T263,30C,off
04/20/2023 08:21:22,Chamber 4,28-031662252cff,26.0,T263,30C,off
04/20/2023 08:21:42,Chamber 4,28-031662252cff,26.0,T263,30C,off
04/20/2023 08:22:02,Chamber 4,28-031662252cff,25.937,T263,30C,off
04/20/2023 08:22:22,Chamber 4,28-031662252cff,25.937,T263,30C,off
04/20/2023 08:22:42,Chamber 4,28-031662252cff,25.937,T263,30C,off
04/20/2023 08:23:02,Chamber 4,28-031662252cff,26.0,T263,30C,off
04/20/2023 08:23:22,Chamber 4,28-031662252cff,26.0,T263,30C,off
04/20/2023 08:23:42,Chamber 4,28-031662252cff,26.0,T263,30C,off
04/20/2023 08:24:02,Chamber 4,28-031662252cff,26.0,T263,30C,off
04/20/2023 08:24:22,Chamber 4,28-031662252cff,26.0,T263,30C,off
04/20/2023 08:24:42,Chamber 4,28-031662252cff,26.0,T263,30C,off
04/20/2023 08:25:02,Chamber 4,28-031662252cff,26.0,T263,30C,off
04/20/2023 08:25:23,Chamber 4,28-031662252cff,26.062,T263,30C,off
04/20/2023 08:25:42,Chamber 4,28-031662252cff,26.062,T263,30C,off
04/20/2023 08:26:02,Chamber 4,28-031662252cff,26.062,T263,30C,off
04/20/2023 08:26:22,Chamber 4,28-031662252cff,26.062,T263,30C,off
04/20/2023 08:26:42,Chamber 4,28-031662252cff,26.062,T263,30C,off
04/20/2023 08:27:02,Chamber 4,28-031662252cff,26.062,T263,30C,off
04/20/2023 08:27:22,Chamber 4,28-031662252cff,26.062,T263,30C,off
04/20/2023 08:27:42,Chamber 4,28-031662252cff,26.062,T263,30C,off
04/20/2023 08:28:02,Chamber 4,28-031662252cff,26.062,T263,30C,off
04/20/2023 08:28:22,Chamber 4,28-031662252cff,26.062,T263,30C,off
04/20/2023 08:28:42,Chamber 4,28-031662252cff,26.062,T263,30C,off
04/20/2023 08:29:02,Chamber 4,28-031662252cff,26.062,T263,30C,off
04/20/2023 08:29:22,Chamber 4,28-031662252cff,26.125,T263,30C,off
04/20/2023 08:29:43,Chamber 4,28-031662252cff,26.125,T263,30C,off
04/20/2023 08:30:02,Chamber 4,28-031662252cff,26.125,T263,30C,off
04/20/2023 08:30:22,Chamber 4,28-031662252cff,26.125,T263,30C,off
04/20/2023 08:30:42,Chamber 4,28-031662252cff,26.125,T263,30C,off
04/20/2023 08:31:02,Chamber 4,28-031662252cff,26.125,T263,30C,off
04/20/2023 08:31:22,Chamber 4,28-031662252cff,26.125,T263,30C,off
04/20/2023 08:31:42,Chamber 4,28-031662252cff,26.125,T263,30C,off
04/20/2023 08:32:02,Chamber 4,28-031662252cff,26.125,T263,30C,off
04/20/2023 08:32:23,Chamber 4,28-031662252cff,26.125,T263,30C,off
04/20/2023 08:32:42,Chamber 4,28-031662252cff,26.125,T263,30C,off
04/20/2023 08:33:02,Chamber 4,28-031662252cff,26.125,T263,30C,off
04/20/2023 08:33:22,Chamber 4,28-031662252cff,26.125,T263,30C,off
04/20/2023 08:33:42,Chamber 4,28-031662252cff,26.125,T263,30C,off
04/20/2023 08:34:02,Chamber 4,28-031662252cff,26.125,T263,30C,off
04/20/2023 08:34:22,Chamber 4,28-031662252cff,26.125,T263,30C,off
04/20/2023 08:34:42,Chamber 4,28-031662252cff,26.125,T263,30C,off
04/20/2023 08:35:02,Chamber 4,28-031662252cff,26.125,T263,30C,off
04/20/2023 08:35:22,Chamber 4,28-031662252cff,26.125,T263,30C,off
04/20/2023 08:35:42,Chamber 4,28-031662252cff,26.125,T263,30C,off
04/20/2023 08:36:02,Chamber 4,28-031662252cff,26.125,T263,30C,off
04/20/2023 08:36:22,Chamber 4,28-031662252cff,26.187,T263,30C,off
04/20/2023 08:36:42,Chamber 4,28-031662252cff,26.187,T263,30C,off
04/20/2023 08:37:02,Chamber 4,28-031662252cff,26.187,T263,30C,off
04/20/2023 08:37:22,Chamber 4,28-031662252cff,26.187,T263,30C,off
04/20/2023 08:37:42,Chamber 4,28-031662252cff,26.187,T263,30C,off
04/20/2023 08:38:02,Chamber 4,28-031662252cff,26.187,T263,30C,off
04/20/2023 08:38:22,Chamber 4,28-031662252cff,26.187,T263,30C,off
04/20/2023 08:38:42,Chamber 4,28-031662252cff,26.187,T263,30C,off
04/20/2023 08:39:02,Chamber 4,28-031662252cff,26.187,T263,30C,off
04/20/2023 08:39:22,Chamber 4,28-031662252cff,26.187,T263,30C,off
04/20/2023 08:39:42,Chamber 4,28-031662252cff,26.187,T263,30C,off
04/20/2023 08:40:03,Chamber 4,28-031662252cff,26.187,T263,30C,off
04/20/2023 08:40:22,Chamber 4,28-031662252cff,26.187,T263,30C,off
04/20/2023 08:40:42,Chamber 4,28-031662252cff,26.125,T263,30C,off
04/20/2023 08:41:02,Chamber 4,28-031662252cff,26.125,T263,30C,off
04/20/2023 08:41:22,Chamber 4,28-031662252cff,26.125,T263,30C,off
04/20/2023 08:41:42,Chamber 4,28-031662252cff,26.125,T263,30C,off
04/20/2023 08:42:02,Chamber 4,28-031662252cff,26.125,T263,30C,off
04/20/2023 08:42:22,Chamber 4,28-031662252cff,26.125,T263,30C,off
04/20/2023 08:42:43,Chamber 4,28-031662252cff,26.062,T263,30C,off
04/20/2023 08:43:02,Chamber 4,28-031662252cff,26.062,T263,30C,off
04/20/2023 08:43:22,Chamber 4,28-031662252cff,26.062,T263,30C,off
04/20/2023 08:43:43,Chamber 4,28-031662252cff,26.062,T263,30C,off
04/20/2023 08:44:04,Chamber 4,28-031662252cff,26.062,T263,30C,off
04/20/2023 08:44:22,Chamber 4,28-031662252cff,26.062,T263,30C,off
04/20/2023 08:44:42,Chamber 4,28-031662252cff,26.062,T263,30C,off
04/20/2023 08:45:02,Chamber 4,28-031662252cff,26.062,T263,30C,off
04/20/2023 08:45:22,Chamber 4,28-031662252cff,26.062,T263,30C,off
04/20/2023 08:45:42,Chamber 4,28-031662252cff,26.062,T263,30C,off
04/20/2023 08:46:02,Chamber 4,28-031662252cff,26.062,T263,30C,off
04/20/2023 08:46:22,Chamber 4,28-031662252cff,26.062,T263,30C,off
04/20/2023 08:46:42,Chamber 4,28-031662252cff,26.062,T263,30C,off
04/20/2023 08:47:02,Chamber 4,28-031662252cff,26.062,T263,30C,off
04/20/2023 08:47:22,Chamber 4,28-031662252cff,26.062,T263,30C,off
04/20/2023 08:47:42,Chamber 4,28-031662252cff,26.062,T263,30C,off
04/20/2023 08:48:02,Chamber 4,28-031662252cff,26.125,T263,30C,off
04/20/2023 08:48:22,Chamber 4,28-031662252cff,26.125,T263,30C,off
04/20/2023 08:48:42,Chamber 4,28-031662252cff,26.125,T263,30C,off
04/20/2023 08:49:02,Chamber 4,28-031662252cff,26.125,T263,30C,off
04/20/2023 08:49:22,Chamber 4,28-031662252cff,26.125,T263,30C,off
04/20/2023 08:49:42,Chamber 4,28-031662252cff,26.187,T263,30C,off
04/20/2023 08:50:02,Chamber 4,28-031662252cff,26.187,T263,30C,off
04/20/2023 08:50:22,Chamber 4,28-031662252cff,26.187,T263,30C,off
04/20/2023 08:50:42,Chamber 4,28-031662252cff,26.187,T263,30C,off
04/20/2023 08:51:02,Chamber 4,28-031662252cff,26.187,T263,30C,off
04/20/2023 08:51:22,Chamber 4,28-031662252cff,26.187,T263,30C,off
04/20/2023 08:51:42,Chamber 4,28-031662252cff,26.187,T263,30C,off
04/20/2023 08:52:02,Chamber 4,28-031662252cff,26.187,T263,30C,off
04/20/2023 08:52:22,Chamber 4,28-031662252cff,26.187,T263,30C,off
04/20/2023 08:52:42,Chamber 4,28-031662252cff,26.187,T263,30C,off
04/20/2023 08:53:02,Chamber 4,28-031662252cff,26.187,T263,30C,off
04/20/2023 08:53:22,Chamber 4,28-031662252cff,26.25,T263,30C,off
04/20/2023 08:53:42,Chamber 4,28-031662252cff,26.25,T263,30C,off
04/20/2023 08:54:02,Chamber 4,28-031662252cff,26.25,T263,30C,off
04/20/2023 08:54:22,Chamber 4,28-031662252cff,26.25,T263,30C,off
04/20/2023 08:54:42,Chamber 4,28-031662252cff,26.25,T263,30C,off
04/20/2023 08:55:02,Chamber 4,28-031662252cff,26.25,T263,30C,off
04/20/2023 08:55:22,Chamber 4,28-031662252cff,26.25,T263,30C,off
04/20/2023 08:55:42,Chamber 4,28-031662252cff,26.25,T263,30C,off
04/20/2023 08:56:02,Chamber 4,28-031662252cff,26.25,T263,30C,off
04/20/2023 08:56:22,Chamber 4,28-031662252cff,26.312,T263,30C,off
04/20/2023 08:56:42,Chamber 4,28-031662252cff,26.312,T263,30C,off
04/20/2023 08:57:02,Chamber 4,28-031662252cff,26.312,T263,30C,off
04/20/2023 08:57:22,Chamber 4,28-031662252cff,26.312,T263,30C,off
04/20/2023 08:57:42,Chamber 4,28-031662252cff,26.312,T263,30C,off
04/20/2023 08:58:02,Chamber 4,28-031662252cff,26.312,T263,30C,off
04/20/2023 08:58:22,Chamber 4,28-031662252cff,26.312,T263,30C,off
04/20/2023 08:58:42,Chamber 4,28-031662252cff,26.312,T263,30C,off
04/20/2023 08:59:02,Chamber 4,28-031662252cff,26.312,T263,30C,off
04/20/2023 08:59:22,Chamber 4,28-031662252cff,26.312,T263,30C,off
04/20/2023 08:59:42,Chamber 4,28-031662252cff,26.312,T263,30C,off
04/20/2023 09:00:02,Chamber 4,28-031662252cff,26.312,T263,30C,off
04/20/2023 09:00:22,Chamber 4,28-031662252cff,26.312,T263,30C,off
04/20/2023 09:00:42,Chamber 4,28-031662252cff,26.312,T263,30C,off
04/20/2023 09:01:02,Chamber 4,28-031662252cff,26.312,T263,30C,off
04/20/2023 09:01:22,Chamber 4,28-031662252cff,26.312,T263,30C,off
04/20/2023 09:01:42,Chamber 4,28-031662252cff,26.312,T263,30C,off
04/20/2023 09:02:02,Chamber 4,28-031662252cff,26.312,T263,30C,off
04/20/2023 09:02:22,Chamber 4,28-031662252cff,26.312,T263,30C,off
04/20/2023 09:02:42,Chamber 4,28-031662252cff,26.375,T263,30C,off
04/20/2023 09:03:02,Chamber 4,28-031662252cff,26.375,T263,30C,off
04/20/2023 09:03:22,Chamber 4,28-031662252cff,26.375,T263,30C,off
04/20/2023 09:03:42,Chamber 4,28-031662252cff,26.375,T263,30C,off
04/20/2023 09:04:02,Chamber 4,28-031662252cff,26.375,T263,30C,off
04/20/2023 09:04:22,Chamber 4,28-031662252cff,26.375,T263,30C,off
04/20/2023 09:04:42,Chamber 4,28-031662252cff,26.375,T263,30C,off
04/20/2023 09:05:02,Chamber 4,28-031662252cff,26.375,T263,30C,off
04/20/2023 09:05:22,Chamber 4,28-031662252cff,26.375,T263,30C,off
04/20/2023 09:05:42,Chamber 4,28-031662252cff,26.375,T263,30C,off
04/20/2023 09:06:02,Chamber 4,28-031662252cff,26.375,T263,30C,off
04/20/2023 09:06:22,Chamber 4,28-031662252cff,26.375,T263,30C,off
04/20/2023 09:06:42,Chamber 4,28-031662252cff,26.375,T263,30C,off
04/20/2023 09:07:02,Chamber 4,28-031662252cff,26.375,T263,30C,off
04/20/2023 09:07:22,Chamber 4,28-031662252cff,26.375,T263,30C,off
04/20/2023 09:07:42,Chamber 4,28-031662252cff,26.375,T263,30C,off
04/20/2023 09:08:02,Chamber 4,28-031662252cff,26.375,T263,30C,off
04/20/2023 09:08:22,Chamber 4,28-031662252cff,26.375,T263,30C,off
04/20/2023 09:08:42,Chamber 4,28-031662252cff,26.437,T263,30C,off
04/20/2023 09:09:02,Chamber 4,28-031662252cff,26.437,T263,30C,off
04/20/2023 09:09:22,Chamber 4,28-031662252cff,26.437,T263,30C,off
04/20/2023 09:09:42,Chamber 4,28-031662252cff,26.437,T263,30C,off
04/20/2023 09:10:02,Chamber 4,28-031662252cff,26.437,T263,30C,off
04/20/2023 09:10:22,Chamber 4,28-031662252cff,26.437,T263,30C,off
04/20/2023 09:10:42,Chamber 4,28-031662252cff,26.437,T263,30C,off
04/20/2023 09:11:02,Chamber 4,28-031662252cff,26.437,T263,30C,off
04/20/2023 09:11:22,Chamber 4,28-031662252cff,26.437,T263,30C,off
04/20/2023 09:11:42,Chamber 4,28-031662252cff,26.437,T263,30C,off
04/20/2023 09:12:02,Chamber 4,28-031662252cff,26.437,T263,30C,off
04/20/2023 09:12:23,Chamber 4,28-031662252cff,26.437,T263,30C,off
04/20/2023 09:12:42,Chamber 4,28-031662252cff,26.437,T263,30C,off
04/20/2023 09:13:02,Chamber 4,28-031662252cff,26.437,T263,30C,off
04/20/2023 09:13:22,Chamber 4,28-031662252cff,26.437,T263,30C,off
04/20/2023 09:13:42,Chamber 4,28-031662252cff,26.437,T263,30C,off
04/20/2023 09:14:02,Chamber 4,28-031662252cff,26.437,T263,30C,off
04/20/2023 09:14:22,Chamber 4,28-031662252cff,26.437,T263,30C,off
