12/15/2021 00:00:02,Chamber 4,28-031662252cff,25.375,T234,27C,off
12/15/2021 00:00:22,Chamber 4,28-031662252cff,25.375,T234,27C,off
12/15/2021 00:00:42,Chamber 4,28-031662252cff,25.375,T234,27C,off
12/15/2021 00:01:02,Chamber 4,28-031662252cff,25.375,T234,27C,off
12/15/2021 00:01:22,Chamber 4,28-031662252cff,25.375,T234,27C,off
12/15/2021 00:01:42,Chamber 4,28-031662252cff,25.375,T234,27C,off
12/15/2021 00:02:02,Chamber 4,28-031662252cff,25.375,T234,27C,off
12/15/2021 00:02:22,Chamber 4,28-031662252cff,25.375,T234,27C,off
12/15/2021 00:02:42,Chamber 4,28-031662252cff,25.375,T234,27C,off
12/15/2021 00:03:02,Chamber 4,28-031662252cff,25.375,T234,27C,off
12/15/2021 00:03:22,Chamber 4,28-031662252cff,25.375,T234,27C,off
12/15/2021 00:03:42,Chamber 4,28-031662252cff,25.375,T234,27C,off
12/15/2021 00:04:02,Chamber 4,28-031662252cff,25.375,T234,27C,off
12/15/2021 00:04:22,Chamber 4,28-031662252cff,25.375,T234,27C,off
12/15/2021 00:04:42,Chamber 4,28-031662252cff,25.375,T234,27C,off
12/15/2021 00:05:02,Chamber 4,28-031662252cff,25.375,T234,27C,off
12/15/2021 00:05:22,Chamber 4,28-031662252cff,25.375,T234,27C,off
12/15/2021 00:05:42,Chamber 4,28-031662252cff,25.375,T234,27C,off
12/15/2021 00:06:03,Chamber 4,28-031662252cff,25.375,T234,27C,off
12/15/2021 00:06:22,Chamber 4,28-031662252cff,25.375,T234,27C,off
12/15/2021 00:06:42,Chamber 4,28-031662252cff,25.375,T234,27C,off
12/15/2021 00:07:02,Chamber 4,28-031662252cff,25.375,T234,27C,off
12/15/2021 00:07:22,Chamber 4,28-031662252cff,25.375,T234,27C,off
12/15/2021 00:07:42,Chamber 4,28-031662252cff,25.375,T234,27C,off
12/15/2021 00:08:02,Chamber 4,28-031662252cff,25.375,T234,27C,off
12/15/2021 00:08:22,Chamber 4,28-031662252cff,25.375,T234,27C,off
12/15/2021 00:08:42,Chamber 4,28-031662252cff,25.375,T234,27C,off
12/15/2021 00:09:02,Chamber 4,28-031662252cff,25.375,T234,27C,off
12/15/2021 00:09:22,Chamber 4,28-031662252cff,25.375,T234,27C,off
12/15/2021 00:09:42,Chamber 4,28-031662252cff,25.375,T234,27C,off
12/15/2021 00:10:02,Chamber 4,28-031662252cff,25.375,T234,27C,off
12/15/2021 00:10:22,Chamber 4,28-031662252cff,25.375,T234,27C,off
12/15/2021 00:10:42,Chamber 4,28-031662252cff,25.375,T234,27C,off
12/15/2021 00:11:02,Chamber 4,28-031662252cff,25.375,T234,27C,off
12/15/2021 00:11:22,Chamber 4,28-031662252cff,25.375,T234,27C,off
12/15/2021 00:11:42,Chamber 4,28-031662252cff,25.375,T234,27C,off
12/15/2021 00:12:02,Chamber 4,28-031662252cff,25.375,T234,27C,off
12/15/2021 00:12:22,Chamber 4,28-031662252cff,25.375,T234,27C,off
12/15/2021 00:12:42,Chamber 4,28-031662252cff,25.375,T234,27C,off
12/15/2021 00:13:02,Chamber 4,28-031662252cff,25.375,T234,27C,off
12/15/2021 00:13:22,Chamber 4,28-031662252cff,25.375,T234,27C,off
12/15/2021 00:13:42,Chamber 4,28-031662252cff,25.375,T234,27C,off
12/15/2021 00:14:02,Chamber 4,28-031662252cff,25.375,T234,27C,off
12/15/2021 00:14:22,Chamber 4,28-031662252cff,25.375,T234,27C,off
12/15/2021 00:14:42,Chamber 4,28-031662252cff,25.375,T234,27C,off
12/15/2021 00:15:02,Chamber 4,28-031662252cff,25.375,T234,27C,off
12/15/2021 00:15:22,Chamber 4,28-031662252cff,25.375,T234,27C,off
12/15/2021 00:15:42,Chamber 4,28-031662252cff,25.375,T234,27C,off
12/15/2021 00:16:02,Chamber 4,28-031662252cff,25.375,T234,27C,off
12/15/2021 00:16:22,Chamber 4,28-031662252cff,25.375,T234,27C,off
12/15/2021 00:16:42,Chamber 4,28-031662252cff,25.375,T234,27C,off
12/15/2021 00:17:02,Chamber 4,28-031662252cff,25.375,T234,27C,off
12/15/2021 00:17:22,Chamber 4,28-031662252cff,25.375,T234,27C,off
12/15/2021 00:17:42,Chamber 4,28-031662252cff,25.375,T234,27C,off
12/15/2021 00:18:02,Chamber 4,28-031662252cff,25.375,T234,27C,off
12/15/2021 00:18:22,Chamber 4,28-031662252cff,25.375,T234,27C,off
12/15/2021 00:18:42,Chamber 4,28-031662252cff,25.375,T234,27C,off
12/15/2021 00:19:02,Chamber 4,28-031662252cff,25.375,T234,27C,off
12/15/2021 00:19:22,Chamber 4,28-031662252cff,25.375,T234,27C,off
12/15/2021 00:19:42,Chamber 4,28-031662252cff,25.375,T234,27C,off
12/15/2021 00:20:02,Chamber 4,28-031662252cff,25.375,T234,27C,off
12/15/2021 00:20:22,Chamber 4,28-031662252cff,25.375,T234,27C,off
12/15/2021 00:20:42,Chamber 4,28-031662252cff,25.375,T234,27C,off
12/15/2021 00:21:02,Chamber 4,28-031662252cff,25.375,T234,27C,off
12/15/2021 00:21:22,Chamber 4,28-031662252cff,25.375,T234,27C,off
12/15/2021 00:21:42,Chamber 4,28-031662252cff,25.375,T234,27C,off
12/15/2021 00:22:02,Chamber 4,28-031662252cff,25.375,T234,27C,off
12/15/2021 00:22:22,Chamber 4,28-031662252cff,25.375,T234,27C,off
12/15/2021 00:22:42,Chamber 4,28-031662252cff,25.375,T234,27C,off
12/15/2021 00:23:02,Chamber 4,28-031662252cff,25.375,T234,27C,off
12/15/2021 00:23:22,Chamber 4,28-031662252cff,25.375,T234,27C,off
12/15/2021 00:23:42,Chamber 4,28-031662252cff,25.375,T234,27C,off
12/15/2021 00:24:02,Chamber 4,28-031662252cff,25.375,T234,27C,off
12/15/2021 00:24:22,Chamber 4,28-031662252cff,25.375,T234,27C,off
12/15/2021 00:24:42,Chamber 4,28-031662252cff,25.375,T234,27C,off
12/15/2021 00:25:02,Chamber 4,28-031662252cff,25.375,T234,27C,off
12/15/2021 00:25:22,Chamber 4,28-031662252cff,25.375,T234,27C,off
12/15/2021 00:25:42,Chamber 4,28-031662252cff,25.375,T234,27C,off
12/15/2021 00:26:02,Chamber 4,28-031662252cff,25.375,T234,27C,off
12/15/2021 00:26:22,Chamber 4,28-031662252cff,25.375,T234,27C,off
12/15/2021 00:26:42,Chamber 4,28-031662252cff,25.375,T234,27C,off
12/15/2021 00:27:02,Chamber 4,28-031662252cff,25.375,T234,27C,off
12/15/2021 00:27:22,Chamber 4,28-031662252cff,25.375,T234,27C,off
12/15/2021 00:27:42,Chamber 4,28-031662252cff,25.375,T234,27C,off
12/15/2021 00:28:02,Chamber 4,28-031662252cff,25.375,T234,27C,off
12/15/2021 00:28:22,Chamber 4,28-031662252cff,25.375,T234,27C,off
12/15/2021 00:28:42,Chamber 4,28-031662252cff,25.375,T234,27C,off
12/15/2021 00:29:02,Chamber 4,28-031662252cff,25.375,T234,27C,off
12/15/2021 00:29:22,Chamber 4,28-031662252cff,25.375,T234,27C,off
12/15/2021 00:29:42,Chamber 4,28-031662252cff,25.375,T234,27C,off
12/15/2021 00:30:02,Chamber 4,28-031662252cff,25.375,T234,27C,off
12/15/2021 00:30:22,Chamber 4,28-031662252cff,25.375,T234,27C,off
12/15/2021 00:30:42,Chamber 4,28-031662252cff,25.375,T234,27C,off
12/15/2021 00:31:02,Chamber 4,28-031662252cff,25.375,T234,27C,off
12/15/2021 00:31:22,Chamber 4,28-031662252cff,25.375,T234,27C,off
12/15/2021 00:31:42,Chamber 4,28-031662252cff,25.375,T234,27C,off
12/15/2021 00:32:02,Chamber 4,28-031662252cff,25.375,T234,27C,off
12/15/2021 00:32:22,Chamber 4,28-031662252cff,25.375,T234,27C,off
12/15/2021 00:32:42,Chamber 4,28-031662252cff,25.375,T234,27C,off
12/15/2021 00:33:02,Chamber 4,28-031662252cff,25.375,T234,27C,off
12/15/2021 00:33:22,Chamber 4,28-031662252cff,25.375,T234,27C,off
12/15/2021 00:33:42,Chamber 4,28-031662252cff,25.375,T234,27C,off
12/15/2021 00:34:02,Chamber 4,28-031662252cff,25.375,T234,27C,off
12/15/2021 00:34:22,Chamber 4,28-031662252cff,25.375,T234,27C,off
12/15/2021 00:34:42,Chamber 4,28-031662252cff,25.375,T234,27C,off
12/15/2021 00:35:02,Chamber 4,28-031662252cff,25.375,T234,27C,off
12/15/2021 00:35:22,Chamber 4,28-031662252cff,25.375,T234,27C,off
12/15/2021 00:35:42,Chamber 4,28-031662252cff,25.375,T234,27C,off
12/15/2021 00:36:02,Chamber 4,28-031662252cff,25.375,T234,27C,off
12/15/2021 00:36:22,Chamber 4,28-031662252cff,25.375,T234,27C,off
12/15/2021 00:36:42,Chamber 4,28-031662252cff,25.375,T234,27C,off
12/15/2021 00:37:02,Chamber 4,28-031662252cff,25.375,T234,27C,off
12/15/2021 00:37:22,Chamber 4,28-031662252cff,25.375,T234,27C,off
12/15/2021 00:37:42,Chamber 4,28-031662252cff,25.375,T234,27C,off
12/15/2021 00:38:02,Chamber 4,28-031662252cff,25.375,T234,27C,off
12/15/2021 00:38:22,Chamber 4,28-031662252cff,25.375,T234,27C,off
12/15/2021 00:38:42,Chamber 4,28-031662252cff,25.375,T234,27C,off
12/15/2021 00:39:02,Chamber 4,28-031662252cff,25.375,T234,27C,off
12/15/2021 00:39:22,Chamber 4,28-031662252cff,25.375,T234,27C,off
12/15/2021 00:39:42,Chamber 4,28-031662252cff,25.375,T234,27C,off
12/15/2021 00:40:02,Chamber 4,28-031662252cff,25.375,T234,27C,off
12/15/2021 00:40:22,Chamber 4,28-031662252cff,25.375,T234,27C,off
12/15/2021 00:40:42,Chamber 4,28-031662252cff,25.375,T234,27C,off
12/15/2021 00:41:02,Chamber 4,28-031662252cff,25.375,T234,27C,off
12/15/2021 00:41:22,Chamber 4,28-031662252cff,25.375,T234,27C,off
12/15/2021 00:41:42,Chamber 4,28-031662252cff,25.375,T234,27C,off
12/15/2021 00:42:02,Chamber 4,28-031662252cff,25.375,T234,27C,off
12/15/2021 00:42:22,Chamber 4,28-031662252cff,25.375,T234,27C,off
12/15/2021 00:42:42,Chamber 4,28-031662252cff,25.375,T234,27C,off
12/15/2021 00:43:02,Chamber 4,28-031662252cff,25.375,T234,27C,off
12/15/2021 00:43:22,Chamber 4,28-031662252cff,25.375,T234,27C,off
12/15/2021 00:43:42,Chamber 4,28-031662252cff,25.375,T234,27C,off
12/15/2021 00:44:02,Chamber 4,28-031662252cff,25.375,T234,27C,off
12/15/2021 00:44:23,Chamber 4,28-031662252cff,25.375,T234,27C,off
12/15/2021 00:44:42,Chamber 4,28-031662252cff,25.375,T234,27C,off
12/15/2021 00:45:02,Chamber 4,28-031662252cff,25.375,T234,27C,off
12/15/2021 00:45:22,Chamber 4,28-031662252cff,25.375,T234,27C,off
12/15/2021 00:45:42,Chamber 4,28-031662252cff,25.375,T234,27C,off
12/15/2021 00:46:03,Chamber 4,28-031662252cff,25.375,T234,27C,off
12/15/2021 00:46:22,Chamber 4,28-031662252cff,25.375,T234,27C,off
12/15/2021 00:46:42,Chamber 4,28-031662252cff,25.375,T234,27C,off
12/15/2021 00:47:02,Chamber 4,28-031662252cff,25.375,T234,27C,off
12/15/2021 00:47:22,Chamber 4,28-031662252cff,25.375,T234,27C,off
12/15/2021 00:47:42,Chamber 4,28-031662252cff,25.375,T234,27C,off
12/15/2021 00:48:02,Chamber 4,28-031662252cff,25.375,T234,27C,off
12/15/2021 00:48:22,Chamber 4,28-031662252cff,25.375,T234,27C,off
12/15/2021 00:48:42,Chamber 4,28-031662252cff,25.375,T234,27C,off
12/15/2021 00:49:02,Chamber 4,28-031662252cff,25.375,T234,27C,off
12/15/2021 00:49:22,Chamber 4,28-031662252cff,25.375,T234,27C,off
12/15/2021 00:49:42,Chamber 4,28-031662252cff,25.375,T234,27C,off
12/15/2021 00:50:02,Chamber 4,28-031662252cff,25.375,T234,27C,off
12/15/2021 00:50:22,Chamber 4,28-031662252cff,25.375,T234,27C,off
12/15/2021 00:50:42,Chamber 4,28-031662252cff,25.375,T234,27C,off
12/15/2021 00:51:02,Chamber 4,28-031662252cff,25.375,T234,27C,off
12/15/2021 00:51:22,Chamber 4,28-031662252cff,25.375,T234,27C,off
12/15/2021 00:51:42,Chamber 4,28-031662252cff,25.375,T234,27C,off
12/15/2021 00:52:02,Chamber 4,28-031662252cff,25.375,T234,27C,off
12/15/2021 00:52:23,Chamber 4,28-031662252cff,25.375,T234,27C,off
12/15/2021 00:52:42,Chamber 4,28-031662252cff,25.375,T234,27C,off
12/15/2021 00:53:02,Chamber 4,28-031662252cff,25.375,T234,27C,off
12/15/2021 00:53:22,Chamber 4,28-031662252cff,25.375,T234,27C,off
12/15/2021 00:53:42,Chamber 4,28-031662252cff,25.375,T234,27C,off
12/15/2021 00:54:02,Chamber 4,28-031662252cff,25.375,T234,27C,off
12/15/2021 00:54:22,Chamber 4,28-031662252cff,25.375,T234,27C,off
12/15/2021 00:54:42,Chamber 4,28-031662252cff,25.375,T234,27C,off
12/15/2021 00:55:02,Chamber 4,28-031662252cff,25.375,T234,27C,off
12/15/2021 00:55:22,Chamber 4,28-031662252cff,25.375,T234,27C,off
12/15/2021 00:55:42,Chamber 4,28-031662252cff,25.375,T234,27C,off
12/15/2021 00:56:02,Chamber 4,28-031662252cff,25.375,T234,27C,off
12/15/2021 00:56:22,Chamber 4,28-031662252cff,25.375,T234,27C,off
12/15/2021 00:56:42,Chamber 4,28-031662252cff,25.375,T234,27C,off
12/15/2021 00:57:02,Chamber 4,28-031662252cff,25.375,T234,27C,off
12/15/2021 00:57:22,Chamber 4,28-031662252cff,25.375,T234,27C,off
12/15/2021 00:57:42,Chamber 4,28-031662252cff,25.375,T234,27C,off
12/15/2021 00:58:02,Chamber 4,28-031662252cff,25.375,T234,27C,off
12/15/2021 00:58:22,Chamber 4,28-031662252cff,25.375,T234,27C,off
12/15/2021 00:58:42,Chamber 4,28-031662252cff,25.375,T234,27C,off
12/15/2021 00:59:02,Chamber 4,28-031662252cff,25.375,T234,27C,off
12/15/2021 00:59:22,Chamber 4,28-031662252cff,25.375,T234,27C,off
12/15/2021 00:59:42,Chamber 4,28-031662252cff,25.375,T234,27C,off
12/15/2021 01:00:02,Chamber 4,28-031662252cff,25.375,T234,27C,off
12/15/2021 01:00:22,Chamber 4,28-031662252cff,25.375,T234,27C,off
12/15/2021 01:00:42,Chamber 4,28-031662252cff,25.375,T234,27C,off
12/15/2021 01:01:02,Chamber 4,28-031662252cff,25.375,T234,27C,off
12/15/2021 01:01:22,Chamber 4,28-031662252cff,25.375,T234,27C,off
12/15/2021 01:01:42,Chamber 4,28-031662252cff,25.375,T234,27C,off
12/15/2021 01:02:02,Chamber 4,28-031662252cff,25.375,T234,27C,off
12/15/2021 01:02:22,Chamber 4,28-031662252cff,25.375,T234,27C,off
12/15/2021 01:02:42,Chamber 4,28-031662252cff,25.375,T234,27C,off
12/15/2021 01:03:02,Chamber 4,28-031662252cff,25.375,T234,27C,off
12/15/2021 01:03:22,Chamber 4,28-031662252cff,25.375,T234,27C,off
12/15/2021 01:03:42,Chamber 4,28-031662252cff,25.375,T234,27C,off
12/15/2021 01:04:02,Chamber 4,28-031662252cff,25.375,T234,27C,off
12/15/2021 01:04:22,Chamber 4,28-031662252cff,25.375,T234,27C,off
12/15/2021 01:04:42,Chamber 4,28-031662252cff,25.375,T234,27C,off
12/15/2021 01:05:02,Chamber 4,28-031662252cff,25.375,T234,27C,off
12/15/2021 01:05:22,Chamber 4,28-031662252cff,25.375,T234,27C,off
12/15/2021 01:05:42,Chamber 4,28-031662252cff,25.375,T234,27C,off
12/15/2021 01:06:02,Chamber 4,28-031662252cff,25.375,T234,27C,off
12/15/2021 01:06:22,Chamber 4,28-031662252cff,25.375,T234,27C,off
12/15/2021 01:06:42,Chamber 4,28-031662252cff,25.375,T234,27C,off
12/15/2021 01:07:02,Chamber 4,28-031662252cff,25.375,T234,27C,off
12/15/2021 01:07:22,Chamber 4,28-031662252cff,25.375,T234,27C,off
12/15/2021 01:07:42,Chamber 4,28-031662252cff,25.375,T234,27C,off
12/15/2021 01:08:02,Chamber 4,28-031662252cff,25.375,T234,27C,off
12/15/2021 01:08:22,Chamber 4,28-031662252cff,25.375,T234,27C,off
12/15/2021 01:08:42,Chamber 4,28-031662252cff,25.375,T234,27C,off
12/15/2021 01:09:02,Chamber 4,28-031662252cff,25.375,T234,27C,off
12/15/2021 01:09:22,Chamber 4,28-031662252cff,25.375,T234,27C,off
12/15/2021 01:09:42,Chamber 4,28-031662252cff,25.375,T234,27C,off
12/15/2021 01:10:02,Chamber 4,28-031662252cff,25.375,T234,27C,off
12/15/2021 01:10:22,Chamber 4,28-031662252cff,25.375,T234,27C,off
12/15/2021 01:10:42,Chamber 4,28-031662252cff,25.375,T234,27C,off
12/15/2021 01:11:02,Chamber 4,28-031662252cff,25.375,T234,27C,off
12/15/2021 01:11:22,Chamber 4,28-031662252cff,25.375,T234,27C,off
12/15/2021 01:11:42,Chamber 4,28-031662252cff,25.375,T234,27C,off
12/15/2021 01:12:02,Chamber 4,28-031662252cff,25.375,T234,27C,off
12/15/2021 01:12:22,Chamber 4,28-031662252cff,25.375,T234,27C,off
12/15/2021 01:12:42,Chamber 4,28-031662252cff,25.375,T234,27C,off
12/15/2021 01:13:02,Chamber 4,28-031662252cff,25.375,T234,27C,off
12/15/2021 01:13:22,Chamber 4,28-031662252cff,25.375,T234,27C,off
12/15/2021 01:13:42,Chamber 4,28-031662252cff,25.375,T234,27C,off
12/15/2021 01:14:02,Chamber 4,28-031662252cff,25.375,T234,27C,off
12/15/2021 01:14:22,Chamber 4,28-031662252cff,25.375,T234,27C,off
12/15/2021 01:14:42,Chamber 4,28-031662252cff,25.375,T234,27C,off
12/15/2021 01:15:02,Chamber 4,28-031662252cff,25.375,T234,27C,off
12/15/2021 01:15:22,Chamber 4,28-031662252cff,25.375,T234,27C,off
12/15/2021 01:15:42,Chamber 4,28-031662252cff,25.375,T234,27C,off
12/15/2021 01:16:02,Chamber 4,28-031662252cff,25.375,T234,27C,off
12/15/2021 01:16:22,Chamber 4,28-031662252cff,25.375,T234,27C,off
12/15/2021 01:16:42,Chamber 4,28-031662252cff,25.375,T234,27C,off
12/15/2021 01:17:02,Chamber 4,28-031662252cff,25.375,T234,27C,off
12/15/2021 01:17:22,Chamber 4,28-031662252cff,25.375,T234,27C,off
12/15/2021 01:17:42,Chamber 4,28-031662252cff,25.375,T234,27C,off
12/15/2021 01:18:02,Chamber 4,28-031662252cff,25.375,T234,27C,off
12/15/2021 01:18:22,Chamber 4,28-031662252cff,25.375,T234,27C,off
12/15/2021 01:18:42,Chamber 4,28-031662252cff,25.375,T234,27C,off
12/15/2021 01:19:02,Chamber 4,28-031662252cff,25.375,T234,27C,off
12/15/2021 01:19:22,Chamber 4,28-031662252cff,25.375,T234,27C,off
12/15/2021 01:19:42,Chamber 4,28-031662252cff,25.375,T234,27C,off
12/15/2021 01:20:02,Chamber 4,28-031662252cff,25.375,T234,27C,off
12/15/2021 01:20:22,Chamber 4,28-031662252cff,25.375,T234,27C,off
12/15/2021 01:20:42,Chamber 4,28-031662252cff,25.375,T234,27C,off
12/15/2021 01:21:02,Chamber 4,28-031662252cff,25.375,T234,27C,off
12/15/2021 01:21:22,Chamber 4,28-031662252cff,25.375,T234,27C,off
12/15/2021 01:21:42,Chamber 4,28-031662252cff,25.375,T234,27C,off
12/15/2021 01:22:02,Chamber 4,28-031662252cff,25.375,T234,27C,off
12/15/2021 01:22:22,Chamber 4,28-031662252cff,25.375,T234,27C,off
12/15/2021 01:22:42,Chamber 4,28-031662252cff,25.375,T234,27C,off
12/15/2021 01:23:02,Chamber 4,28-031662252cff,25.375,T234,27C,off
12/15/2021 01:23:22,Chamber 4,28-031662252cff,25.375,T234,27C,off
12/15/2021 01:23:42,Chamber 4,28-031662252cff,25.375,T234,27C,off
12/15/2021 01:24:02,Chamber 4,28-031662252cff,25.375,T234,27C,off
12/15/2021 01:24:22,Chamber 4,28-031662252cff,25.375,T234,27C,off
12/15/2021 01:24:42,Chamber 4,28-031662252cff,25.375,T234,27C,off
12/15/2021 01:25:02,Chamber 4,28-031662252cff,25.375,T234,27C,off
12/15/2021 01:25:22,Chamber 4,28-031662252cff,25.375,T234,27C,off
12/15/2021 01:25:42,Chamber 4,28-031662252cff,25.375,T234,27C,off
12/15/2021 01:26:02,Chamber 4,28-031662252cff,25.375,T234,27C,off
12/15/2021 01:26:22,Chamber 4,28-031662252cff,25.375,T234,27C,off
12/15/2021 01:26:42,Chamber 4,28-031662252cff,25.375,T234,27C,off
12/15/2021 01:27:02,Chamber 4,28-031662252cff,25.375,T234,27C,off
12/15/2021 01:27:22,Chamber 4,28-031662252cff,25.375,T234,27C,off
12/15/2021 01:27:42,Chamber 4,28-031662252cff,25.375,T234,27C,off
12/15/2021 01:28:02,Chamber 4,28-031662252cff,25.375,T234,27C,off
12/15/2021 01:28:22,Chamber 4,28-031662252cff,25.375,T234,27C,off
12/15/2021 01:28:42,Chamber 4,28-031662252cff,25.375,T234,27C,off
12/15/2021 01:29:02,Chamber 4,28-031662252cff,25.375,T234,27C,off
12/15/2021 01:29:22,Chamber 4,28-031662252cff,25.375,T234,27C,off
12/15/2021 01:29:42,Chamber 4,28-031662252cff,25.375,T234,27C,off
12/15/2021 01:30:02,Chamber 4,28-031662252cff,25.375,T234,27C,off
12/15/2021 01:30:22,Chamber 4,28-031662252cff,25.375,T234,27C,off
12/15/2021 01:30:42,Chamber 4,28-031662252cff,25.375,T234,27C,off
12/15/2021 01:31:02,Chamber 4,28-031662252cff,25.375,T234,27C,off
12/15/2021 01:31:22,Chamber 4,28-031662252cff,25.375,T234,27C,off
12/15/2021 01:31:42,Chamber 4,28-031662252cff,25.375,T234,27C,off
12/15/2021 01:32:02,Chamber 4,28-031662252cff,25.375,T234,27C,off
12/15/2021 01:32:22,Chamber 4,28-031662252cff,25.375,T234,27C,off
12/15/2021 01:32:42,Chamber 4,28-031662252cff,25.375,T234,27C,off
12/15/2021 01:33:02,Chamber 4,28-031662252cff,25.375,T234,27C,off
12/15/2021 01:33:22,Chamber 4,28-031662252cff,25.375,T234,27C,off
12/15/2021 01:33:42,Chamber 4,28-031662252cff,25.375,T234,27C,off
12/15/2021 01:34:02,Chamber 4,28-031662252cff,25.375,T234,27C,off
12/15/2021 01:34:22,Chamber 4,28-031662252cff,25.375,T234,27C,off
12/15/2021 01:34:42,Chamber 4,28-031662252cff,25.375,T234,27C,off
12/15/2021 01:35:02,Chamber 4,28-031662252cff,25.375,T234,27C,off
12/15/2021 01:35:22,Chamber 4,28-031662252cff,25.375,T234,27C,off
12/15/2021 01:35:42,Chamber 4,28-031662252cff,25.375,T234,27C,off
12/15/2021 01:36:02,Chamber 4,28-031662252cff,25.375,T234,27C,off
12/15/2021 01:36:22,Chamber 4,28-031662252cff,25.375,T234,27C,off
12/15/2021 01:36:42,Chamber 4,28-031662252cff,25.375,T234,27C,off
12/15/2021 01:37:02,Chamber 4,28-031662252cff,25.375,T234,27C,off
12/15/2021 01:37:22,Chamber 4,28-031662252cff,25.375,T234,27C,off
12/15/2021 01:37:42,Chamber 4,28-031662252cff,25.375,T234,27C,off
12/15/2021 01:38:02,Chamber 4,28-031662252cff,25.375,T234,27C,off
12/15/2021 01:38:22,Chamber 4,28-031662252cff,25.375,T234,27C,off
12/15/2021 01:38:42,Chamber 4,28-031662252cff,25.375,T234,27C,off
12/15/2021 01:39:02,Chamber 4,28-031662252cff,25.375,T234,27C,off
12/15/2021 01:39:22,Chamber 4,28-031662252cff,25.375,T234,27C,off
12/15/2021 01:39:42,Chamber 4,28-031662252cff,25.375,T234,27C,off
12/15/2021 01:40:02,Chamber 4,28-031662252cff,25.375,T234,27C,off
12/15/2021 01:40:22,Chamber 4,28-031662252cff,25.375,T234,27C,off
12/15/2021 01:40:43,Chamber 4,28-031662252cff,25.312,T234,27C,off
12/15/2021 01:41:02,Chamber 4,28-031662252cff,25.312,T234,27C,off
12/15/2021 01:41:22,Chamber 4,28-031662252cff,25.312,T234,27C,off
12/15/2021 01:41:42,Chamber 4,28-031662252cff,25.375,T234,27C,off
12/15/2021 01:42:02,Chamber 4,28-031662252cff,25.375,T234,27C,off
12/15/2021 01:42:22,Chamber 4,28-031662252cff,25.312,T234,27C,off
12/15/2021 01:42:42,Chamber 4,28-031662252cff,25.312,T234,27C,off
12/15/2021 01:43:02,Chamber 4,28-031662252cff,25.375,T234,27C,off
12/15/2021 01:43:22,Chamber 4,28-031662252cff,25.375,T234,27C,off
12/15/2021 01:43:42,Chamber 4,28-031662252cff,25.375,T234,27C,off
12/15/2021 01:44:02,Chamber 4,28-031662252cff,25.375,T234,27C,off
12/15/2021 01:44:22,Chamber 4,28-031662252cff,25.375,T234,27C,off
12/15/2021 01:44:43,Chamber 4,28-031662252cff,25.375,T234,27C,off
12/15/2021 01:45:02,Chamber 4,28-031662252cff,25.375,T234,27C,off
12/15/2021 01:45:23,Chamber 4,28-031662252cff,25.375,T234,27C,off
12/15/2021 01:45:42,Chamber 4,28-031662252cff,25.375,T234,27C,off
12/15/2021 01:46:02,Chamber 4,28-031662252cff,25.375,T234,27C,off
12/15/2021 01:46:22,Chamber 4,28-031662252cff,25.375,T234,27C,off
12/15/2021 01:46:42,Chamber 4,28-031662252cff,25.375,T234,27C,off
12/15/2021 01:47:02,Chamber 4,28-031662252cff,25.375,T234,27C,off
12/15/2021 01:47:22,Chamber 4,28-031662252cff,25.375,T234,27C,off
12/15/2021 01:47:42,Chamber 4,28-031662252cff,25.312,T234,27C,off
12/15/2021 01:48:02,Chamber 4,28-031662252cff,25.312,T234,27C,off
12/15/2021 01:48:22,Chamber 4,28-031662252cff,25.312,T234,27C,off
12/15/2021 01:48:42,Chamber 4,28-031662252cff,25.312,T234,27C,off
12/15/2021 01:49:02,Chamber 4,28-031662252cff,25.375,T234,27C,off
12/15/2021 01:49:22,Chamber 4,28-031662252cff,25.375,T234,27C,off
12/15/2021 01:49:42,Chamber 4,28-031662252cff,25.375,T234,27C,off
12/15/2021 01:50:02,Chamber 4,28-031662252cff,25.312,T234,27C,off
12/15/2021 01:50:22,Chamber 4,28-031662252cff,25.312,T234,27C,off
12/15/2021 01:50:42,Chamber 4,28-031662252cff,25.312,T234,27C,off
12/15/2021 01:51:02,Chamber 4,28-031662252cff,25.312,T234,27C,off
12/15/2021 01:51:22,Chamber 4,28-031662252cff,25.312,T234,27C,off
12/15/2021 01:51:42,Chamber 4,28-031662252cff,25.312,T234,27C,off
12/15/2021 01:52:02,Chamber 4,28-031662252cff,25.312,T234,27C,off
12/15/2021 01:52:22,Chamber 4,28-031662252cff,25.312,T234,27C,off
12/15/2021 01:52:42,Chamber 4,28-031662252cff,25.312,T234,27C,off
12/15/2021 01:53:02,Chamber 4,28-031662252cff,25.375,T234,27C,off
12/15/2021 01:53:22,Chamber 4,28-031662252cff,25.312,T234,27C,off
12/15/2021 01:53:42,Chamber 4,28-031662252cff,25.312,T234,27C,off
12/15/2021 01:54:02,Chamber 4,28-031662252cff,25.312,T234,27C,off
12/15/2021 01:54:22,Chamber 4,28-031662252cff,25.312,T234,27C,off
12/15/2021 01:54:42,Chamber 4,28-031662252cff,25.312,T234,27C,off
12/15/2021 01:55:02,Chamber 4,28-031662252cff,25.312,T234,27C,off
12/15/2021 01:55:22,Chamber 4,28-031662252cff,25.312,T234,27C,off
12/15/2021 01:55:42,Chamber 4,28-031662252cff,25.312,T234,27C,off
12/15/2021 01:56:02,Chamber 4,28-031662252cff,25.312,T234,27C,off
12/15/2021 01:56:22,Chamber 4,28-031662252cff,25.312,T234,27C,off
12/15/2021 01:56:42,Chamber 4,28-031662252cff,25.312,T234,27C,off
12/15/2021 01:57:02,Chamber 4,28-031662252cff,25.312,T234,27C,off
12/15/2021 01:57:22,Chamber 4,28-031662252cff,25.312,T234,27C,off
12/15/2021 01:57:42,Chamber 4,28-031662252cff,25.312,T234,27C,off
12/15/2021 01:58:02,Chamber 4,28-031662252cff,25.312,T234,27C,off
12/15/2021 01:58:22,Chamber 4,28-031662252cff,25.312,T234,27C,off
12/15/2021 01:58:42,Chamber 4,28-031662252cff,25.312,T234,27C,off
12/15/2021 01:59:02,Chamber 4,28-031662252cff,25.312,T234,27C,off
12/15/2021 01:59:22,Chamber 4,28-031662252cff,25.312,T234,27C,off
12/15/2021 01:59:42,Chamber 4,28-031662252cff,25.312,T234,27C,off
12/15/2021 02:00:02,Chamber 4,28-031662252cff,25.312,T234,27C,off
12/15/2021 02:00:22,Chamber 4,28-031662252cff,25.312,T234,27C,off
12/15/2021 02:00:42,Chamber 4,28-031662252cff,25.312,T234,27C,off
12/15/2021 02:01:02,Chamber 4,28-031662252cff,25.312,T234,27C,off
12/15/2021 02:01:22,Chamber 4,28-031662252cff,25.312,T234,27C,off
12/15/2021 02:01:42,Chamber 4,28-031662252cff,25.312,T234,27C,off
12/15/2021 02:02:02,Chamber 4,28-031662252cff,25.312,T234,27C,off
12/15/2021 02:02:22,Chamber 4,28-031662252cff,25.312,T234,27C,off
12/15/2021 02:02:42,Chamber 4,28-031662252cff,25.312,T234,27C,off
12/15/2021 02:03:02,Chamber 4,28-031662252cff,25.312,T234,27C,off
12/15/2021 02:03:22,Chamber 4,28-031662252cff,25.312,T234,27C,off
12/15/2021 02:03:42,Chamber 4,28-031662252cff,25.312,T234,27C,off
12/15/2021 02:04:02,Chamber 4,28-031662252cff,25.312,T234,27C,off
12/15/2021 02:04:22,Chamber 4,28-031662252cff,25.312,T234,27C,off
12/15/2021 02:04:42,Chamber 4,28-031662252cff,25.312,T234,27C,off
12/15/2021 02:05:02,Chamber 4,28-031662252cff,25.312,T234,27C,off
12/15/2021 02:05:22,Chamber 4,28-031662252cff,25.312,T234,27C,off
12/15/2021 02:05:42,Chamber 4,28-031662252cff,25.312,T234,27C,off
12/15/2021 02:06:02,Chamber 4,28-031662252cff,25.312,T234,27C,off
12/15/2021 02:06:22,Chamber 4,28-031662252cff,25.312,T234,27C,off
12/15/2021 02:06:42,Chamber 4,28-031662252cff,25.312,T234,27C,off
12/15/2021 02:07:02,Chamber 4,28-031662252cff,25.312,T234,27C,off
12/15/2021 02:07:22,Chamber 4,28-031662252cff,25.312,T234,27C,off
12/15/2021 02:07:42,Chamber 4,28-031662252cff,25.312,T234,27C,off
12/15/2021 02:08:02,Chamber 4,28-031662252cff,25.312,T234,27C,off
12/15/2021 02:08:22,Chamber 4,28-031662252cff,25.312,T234,27C,off
12/15/2021 02:08:42,Chamber 4,28-031662252cff,25.312,T234,27C,off
12/15/2021 02:09:02,Chamber 4,28-031662252cff,25.312,T234,27C,off
12/15/2021 02:09:22,Chamber 4,28-031662252cff,25.312,T234,27C,off
12/15/2021 02:09:42,Chamber 4,28-031662252cff,25.312,T234,27C,off
12/15/2021 02:10:02,Chamber 4,28-031662252cff,25.312,T234,27C,off
12/15/2021 02:10:22,Chamber 4,28-031662252cff,25.312,T234,27C,off
12/15/2021 02:10:42,Chamber 4,28-031662252cff,25.312,T234,27C,off
12/15/2021 02:11:02,Chamber 4,28-031662252cff,25.312,T234,27C,off
12/15/2021 02:11:22,Chamber 4,28-031662252cff,25.312,T234,27C,off
12/15/2021 02:11:42,Chamber 4,28-031662252cff,25.312,T234,27C,off
12/15/2021 02:12:02,Chamber 4,28-031662252cff,25.312,T234,27C,off
12/15/2021 02:12:22,Chamber 4,28-031662252cff,25.312,T234,27C,off
12/15/2021 02:12:42,Chamber 4,28-031662252cff,25.312,T234,27C,off
12/15/2021 02:13:02,Chamber 4,28-031662252cff,25.312,T234,27C,off
12/15/2021 02:13:22,Chamber 4,28-031662252cff,25.312,T234,27C,off
12/15/2021 02:13:42,Chamber 4,28-031662252cff,25.312,T234,27C,off
12/15/2021 02:14:02,Chamber 4,28-031662252cff,25.312,T234,27C,off
12/15/2021 02:14:22,Chamber 4,28-031662252cff,25.312,T234,27C,off
12/15/2021 02:14:42,Chamber 4,28-031662252cff,25.312,T234,27C,off
12/15/2021 02:15:02,Chamber 4,28-031662252cff,25.312,T234,27C,off
12/15/2021 02:15:22,Chamber 4,28-031662252cff,25.312,T234,27C,off
12/15/2021 02:15:42,Chamber 4,28-031662252cff,25.312,T234,27C,off
12/15/2021 02:16:02,Chamber 4,28-031662252cff,25.312,T234,27C,off
12/15/2021 02:16:22,Chamber 4,28-031662252cff,25.312,T234,27C,off
12/15/2021 02:16:42,Chamber 4,28-031662252cff,25.312,T234,27C,off
12/15/2021 02:17:02,Chamber 4,28-031662252cff,25.312,T234,27C,off
12/15/2021 02:17:22,Chamber 4,28-031662252cff,25.312,T234,27C,off
12/15/2021 02:17:42,Chamber 4,28-031662252cff,25.312,T234,27C,off
12/15/2021 02:18:02,Chamber 4,28-031662252cff,25.312,T234,27C,off
12/15/2021 02:18:22,Chamber 4,28-031662252cff,25.312,T234,27C,off
12/15/2021 02:18:42,Chamber 4,28-031662252cff,25.312,T234,27C,off
12/15/2021 02:19:02,Chamber 4,28-031662252cff,25.312,T234,27C,off
12/15/2021 02:19:22,Chamber 4,28-031662252cff,25.312,T234,27C,off
12/15/2021 02:19:42,Chamber 4,28-031662252cff,25.312,T234,27C,off
12/15/2021 02:20:02,Chamber 4,28-031662252cff,25.312,T234,27C,off
12/15/2021 02:20:22,Chamber 4,28-031662252cff,25.312,T234,27C,off
12/15/2021 02:20:42,Chamber 4,28-031662252cff,25.312,T234,27C,off
12/15/2021 02:21:02,Chamber 4,28-031662252cff,25.312,T234,27C,off
12/15/2021 02:21:22,Chamber 4,28-031662252cff,25.312,T234,27C,off
12/15/2021 02:21:42,Chamber 4,28-031662252cff,25.312,T234,27C,off
12/15/2021 02:22:02,Chamber 4,28-031662252cff,25.312,T234,27C,off
12/15/2021 02:22:22,Chamber 4,28-031662252cff,25.312,T234,27C,off
12/15/2021 02:22:42,Chamber 4,28-031662252cff,25.312,T234,27C,off
12/15/2021 02:23:02,Chamber 4,28-031662252cff,25.312,T234,27C,off
12/15/2021 02:23:22,Chamber 4,28-031662252cff,25.312,T234,27C,off
12/15/2021 02:23:42,Chamber 4,28-031662252cff,25.312,T234,27C,off
12/15/2021 02:24:02,Chamber 4,28-031662252cff,25.312,T234,27C,off
12/15/2021 02:24:22,Chamber 4,28-031662252cff,25.312,T234,27C,off
12/15/2021 02:24:42,Chamber 4,28-031662252cff,25.312,T234,27C,off
12/15/2021 02:25:02,Chamber 4,28-031662252cff,25.312,T234,27C,off
12/15/2021 02:25:22,Chamber 4,28-031662252cff,25.312,T234,27C,off
12/15/2021 02:25:42,Chamber 4,28-031662252cff,25.312,T234,27C,off
12/15/2021 02:26:02,Chamber 4,28-031662252cff,25.312,T234,27C,off
12/15/2021 02:26:22,Chamber 4,28-031662252cff,25.312,T234,27C,off
12/15/2021 02:26:42,Chamber 4,28-031662252cff,25.312,T234,27C,off
12/15/2021 02:27:02,Chamber 4,28-031662252cff,25.312,T234,27C,off
12/15/2021 02:27:22,Chamber 4,28-031662252cff,25.312,T234,27C,off
12/15/2021 02:27:42,Chamber 4,28-031662252cff,25.312,T234,27C,off
12/15/2021 02:28:02,Chamber 4,28-031662252cff,25.312,T234,27C,off
12/15/2021 02:28:22,Chamber 4,28-031662252cff,25.312,T234,27C,off
12/15/2021 02:28:42,Chamber 4,28-031662252cff,25.312,T234,27C,off
12/15/2021 02:29:02,Chamber 4,28-031662252cff,25.312,T234,27C,off
12/15/2021 02:29:22,Chamber 4,28-031662252cff,25.312,T234,27C,off
12/15/2021 02:29:42,Chamber 4,28-031662252cff,25.312,T234,27C,off
12/15/2021 02:30:02,Chamber 4,28-031662252cff,25.312,T234,27C,off
12/15/2021 02:30:22,Chamber 4,28-031662252cff,25.312,T234,27C,off
12/15/2021 02:30:42,Chamber 4,28-031662252cff,25.312,T234,27C,off
12/15/2021 02:31:02,Chamber 4,28-031662252cff,25.312,T234,27C,off
12/15/2021 02:31:22,Chamber 4,28-031662252cff,25.312,T234,27C,off
12/15/2021 02:31:42,Chamber 4,28-031662252cff,25.312,T234,27C,off
12/15/2021 02:32:02,Chamber 4,28-031662252cff,25.312,T234,27C,off
12/15/2021 02:32:22,Chamber 4,28-031662252cff,25.312,T234,27C,off
12/15/2021 02:32:42,Chamber 4,28-031662252cff,25.312,T234,27C,off
12/15/2021 02:33:02,Chamber 4,28-031662252cff,25.312,T234,27C,off
12/15/2021 02:33:22,Chamber 4,28-031662252cff,25.312,T234,27C,off
12/15/2021 02:33:42,Chamber 4,28-031662252cff,25.312,T234,27C,off
12/15/2021 02:34:02,Chamber 4,28-031662252cff,25.312,T234,27C,off
12/15/2021 02:34:22,Chamber 4,28-031662252cff,25.312,T234,27C,off
12/15/2021 02:34:42,Chamber 4,28-031662252cff,25.312,T234,27C,off
12/15/2021 02:35:02,Chamber 4,28-031662252cff,25.312,T234,27C,off
12/15/2021 02:35:22,Chamber 4,28-031662252cff,25.312,T234,27C,off
12/15/2021 02:35:42,Chamber 4,28-031662252cff,25.312,T234,27C,off
12/15/2021 02:36:02,Chamber 4,28-031662252cff,25.312,T234,27C,off
12/15/2021 02:36:23,Chamber 4,28-031662252cff,25.312,T234,27C,off
12/15/2021 02:36:43,Chamber 4,28-031662252cff,25.312,T234,27C,off
12/15/2021 02:37:02,Chamber 4,28-031662252cff,25.312,T234,27C,off
12/15/2021 02:37:23,Chamber 4,28-031662252cff,25.312,T234,27C,off
12/15/2021 02:37:42,Chamber 4,28-031662252cff,25.312,T234,27C,off
12/15/2021 02:38:02,Chamber 4,28-031662252cff,25.312,T234,27C,off
12/15/2021 02:38:22,Chamber 4,28-031662252cff,25.312,T234,27C,off
12/15/2021 02:38:42,Chamber 4,28-031662252cff,25.312,T234,27C,off
12/15/2021 02:39:02,Chamber 4,28-031662252cff,25.312,T234,27C,off
12/15/2021 02:39:22,Chamber 4,28-031662252cff,25.312,T234,27C,off
12/15/2021 02:39:42,Chamber 4,28-031662252cff,25.312,T234,27C,off
12/15/2021 02:40:02,Chamber 4,28-031662252cff,25.312,T234,27C,off
12/15/2021 02:40:22,Chamber 4,28-031662252cff,25.312,T234,27C,off
12/15/2021 02:40:42,Chamber 4,28-031662252cff,25.312,T234,27C,off
12/15/2021 02:41:02,Chamber 4,28-031662252cff,25.312,T234,27C,off
12/15/2021 02:41:22,Chamber 4,28-031662252cff,25.312,T234,27C,off
12/15/2021 02:41:42,Chamber 4,28-031662252cff,25.312,T234,27C,off
12/15/2021 02:42:02,Chamber 4,28-031662252cff,25.312,T234,27C,off
12/15/2021 02:42:22,Chamber 4,28-031662252cff,25.312,T234,27C,off
12/15/2021 02:42:42,Chamber 4,28-031662252cff,25.312,T234,27C,off
12/15/2021 02:43:02,Chamber 4,28-031662252cff,25.312,T234,27C,off
12/15/2021 02:43:22,Chamber 4,28-031662252cff,25.25,T234,27C,off
12/15/2021 02:43:42,Chamber 4,28-031662252cff,25.312,T234,27C,off
12/15/2021 02:44:02,Chamber 4,28-031662252cff,25.312,T234,27C,off
12/15/2021 02:44:22,Chamber 4,28-031662252cff,25.25,T234,27C,off
12/15/2021 02:44:42,Chamber 4,28-031662252cff,25.312,T234,27C,off
12/15/2021 02:45:02,Chamber 4,28-031662252cff,25.312,T234,27C,off
12/15/2021 02:45:22,Chamber 4,28-031662252cff,25.312,T234,27C,off
12/15/2021 02:45:42,Chamber 4,28-031662252cff,25.25,T234,27C,off
12/15/2021 02:46:02,Chamber 4,28-031662252cff,25.25,T234,27C,off
12/15/2021 02:46:22,Chamber 4,28-031662252cff,25.25,T234,27C,off
12/15/2021 02:46:42,Chamber 4,28-031662252cff,25.25,T234,27C,off
12/15/2021 02:47:02,Chamber 4,28-031662252cff,25.25,T234,27C,off
12/15/2021 02:47:22,Chamber 4,28-031662252cff,25.312,T234,27C,off
12/15/2021 02:47:42,Chamber 4,28-031662252cff,25.25,T234,27C,off
12/15/2021 02:48:02,Chamber 4,28-031662252cff,25.25,T234,27C,off
12/15/2021 02:48:22,Chamber 4,28-031662252cff,25.312,T234,27C,off
12/15/2021 02:48:42,Chamber 4,28-031662252cff,25.312,T234,27C,off
12/15/2021 02:49:02,Chamber 4,28-031662252cff,25.25,T234,27C,off
12/15/2021 02:49:22,Chamber 4,28-031662252cff,25.25,T234,27C,off
12/15/2021 02:49:42,Chamber 4,28-031662252cff,25.25,T234,27C,off
12/15/2021 02:50:02,Chamber 4,28-031662252cff,25.25,T234,27C,off
12/15/2021 02:50:22,Chamber 4,28-031662252cff,25.25,T234,27C,off
12/15/2021 02:50:42,Chamber 4,28-031662252cff,25.25,T234,27C,off
12/15/2021 02:51:02,Chamber 4,28-031662252cff,25.25,T234,27C,off
12/15/2021 02:51:22,Chamber 4,28-031662252cff,25.25,T234,27C,off
12/15/2021 02:51:42,Chamber 4,28-031662252cff,25.25,T234,27C,off
12/15/2021 02:52:02,Chamber 4,28-031662252cff,25.25,T234,27C,off
12/15/2021 02:52:22,Chamber 4,28-031662252cff,25.25,T234,27C,off
12/15/2021 02:52:42,Chamber 4,28-031662252cff,25.25,T234,27C,off
12/15/2021 02:53:02,Chamber 4,28-031662252cff,25.25,T234,27C,off
12/15/2021 02:53:22,Chamber 4,28-031662252cff,25.25,T234,27C,off
12/15/2021 02:53:42,Chamber 4,28-031662252cff,25.25,T234,27C,off
12/15/2021 02:54:02,Chamber 4,28-031662252cff,25.25,T234,27C,off
12/15/2021 02:54:22,Chamber 4,28-031662252cff,25.25,T234,27C,off
12/15/2021 02:54:42,Chamber 4,28-031662252cff,25.25,T234,27C,off
12/15/2021 02:55:02,Chamber 4,28-031662252cff,25.25,T234,27C,off
12/15/2021 02:55:22,Chamber 4,28-031662252cff,25.25,T234,27C,off
12/15/2021 02:55:42,Chamber 4,28-031662252cff,25.25,T234,27C,off
12/15/2021 02:56:02,Chamber 4,28-031662252cff,25.25,T234,27C,off
12/15/2021 02:56:22,Chamber 4,28-031662252cff,25.25,T234,27C,off
12/15/2021 02:56:42,Chamber 4,28-031662252cff,25.25,T234,27C,off
12/15/2021 02:57:02,Chamber 4,28-031662252cff,25.25,T234,27C,off
12/15/2021 02:57:22,Chamber 4,28-031662252cff,25.25,T234,27C,off
12/15/2021 02:57:42,Chamber 4,28-031662252cff,25.25,T234,27C,off
12/15/2021 02:58:02,Chamber 4,28-031662252cff,25.25,T234,27C,off
12/15/2021 02:58:22,Chamber 4,28-031662252cff,25.25,T234,27C,off
12/15/2021 02:58:42,Chamber 4,28-031662252cff,25.25,T234,27C,off
12/15/2021 02:59:02,Chamber 4,28-031662252cff,25.25,T234,27C,off
12/15/2021 02:59:22,Chamber 4,28-031662252cff,25.25,T234,27C,off
12/15/2021 02:59:42,Chamber 4,28-031662252cff,25.25,T234,27C,off
12/15/2021 03:00:02,Chamber 4,28-031662252cff,25.25,T234,27C,off
12/15/2021 03:00:22,Chamber 4,28-031662252cff,25.25,T234,27C,off
12/15/2021 03:00:42,Chamber 4,28-031662252cff,25.25,T234,27C,off
12/15/2021 03:01:02,Chamber 4,28-031662252cff,25.25,T234,27C,off
12/15/2021 03:01:22,Chamber 4,28-031662252cff,25.25,T234,27C,off
12/15/2021 03:01:42,Chamber 4,28-031662252cff,25.25,T234,27C,off
12/15/2021 03:02:02,Chamber 4,28-031662252cff,25.25,T234,27C,off
12/15/2021 03:02:22,Chamber 4,28-031662252cff,25.25,T234,27C,off
12/15/2021 03:02:42,Chamber 4,28-031662252cff,25.25,T234,27C,off
12/15/2021 03:03:02,Chamber 4,28-031662252cff,25.25,T234,27C,off
12/15/2021 03:03:22,Chamber 4,28-031662252cff,25.25,T234,27C,off
12/15/2021 03:03:42,Chamber 4,28-031662252cff,25.25,T234,27C,off
12/15/2021 03:04:02,Chamber 4,28-031662252cff,25.25,T234,27C,off
12/15/2021 03:04:22,Chamber 4,28-031662252cff,25.25,T234,27C,off
12/15/2021 03:04:42,Chamber 4,28-031662252cff,25.25,T234,27C,off
12/15/2021 03:05:03,Chamber 4,28-031662252cff,25.25,T234,27C,off
12/15/2021 03:05:22,Chamber 4,28-031662252cff,25.25,T234,27C,off
12/15/2021 03:05:42,Chamber 4,28-031662252cff,25.25,T234,27C,off
12/15/2021 03:06:02,Chamber 4,28-031662252cff,25.25,T234,27C,off
12/15/2021 03:06:22,Chamber 4,28-031662252cff,25.25,T234,27C,off
12/15/2021 03:06:42,Chamber 4,28-031662252cff,25.25,T234,27C,off
12/15/2021 03:07:02,Chamber 4,28-031662252cff,25.25,T234,27C,off
12/15/2021 03:07:22,Chamber 4,28-031662252cff,25.25,T234,27C,off
12/15/2021 03:07:42,Chamber 4,28-031662252cff,25.25,T234,27C,off
12/15/2021 03:08:02,Chamber 4,28-031662252cff,25.25,T234,27C,off
12/15/2021 03:08:22,Chamber 4,28-031662252cff,25.25,T234,27C,off
12/15/2021 03:08:42,Chamber 4,28-031662252cff,25.25,T234,27C,off
12/15/2021 03:09:02,Chamber 4,28-031662252cff,25.25,T234,27C,off
12/15/2021 03:09:22,Chamber 4,28-031662252cff,25.25,T234,27C,off
12/15/2021 03:09:42,Chamber 4,28-031662252cff,25.25,T234,27C,off
12/15/2021 03:10:02,Chamber 4,28-031662252cff,25.25,T234,27C,off
12/15/2021 03:10:22,Chamber 4,28-031662252cff,25.25,T234,27C,off
12/15/2021 03:10:42,Chamber 4,28-031662252cff,25.25,T234,27C,off
12/15/2021 03:11:02,Chamber 4,28-031662252cff,25.25,T234,27C,off
12/15/2021 03:11:22,Chamber 4,28-031662252cff,25.25,T234,27C,off
12/15/2021 03:11:42,Chamber 4,28-031662252cff,25.25,T234,27C,off
12/15/2021 03:12:02,Chamber 4,28-031662252cff,25.25,T234,27C,off
12/15/2021 03:12:22,Chamber 4,28-031662252cff,25.25,T234,27C,off
12/15/2021 03:12:42,Chamber 4,28-031662252cff,25.25,T234,27C,off
12/15/2021 03:13:02,Chamber 4,28-031662252cff,25.25,T234,27C,off
12/15/2021 03:13:22,Chamber 4,28-031662252cff,25.25,T234,27C,off
12/15/2021 03:13:42,Chamber 4,28-031662252cff,25.25,T234,27C,off
12/15/2021 03:14:03,Chamber 4,28-031662252cff,25.25,T234,27C,off
12/15/2021 03:14:22,Chamber 4,28-031662252cff,25.25,T234,27C,off
12/15/2021 03:14:42,Chamber 4,28-031662252cff,25.25,T234,27C,off
12/15/2021 03:15:02,Chamber 4,28-031662252cff,25.25,T234,27C,off
12/15/2021 03:15:23,Chamber 4,28-031662252cff,25.25,T234,27C,off
12/15/2021 03:15:42,Chamber 4,28-031662252cff,25.25,T234,27C,off
12/15/2021 03:16:02,Chamber 4,28-031662252cff,25.25,T234,27C,off
12/15/2021 03:16:22,Chamber 4,28-031662252cff,25.25,T234,27C,off
12/15/2021 03:16:42,Chamber 4,28-031662252cff,25.25,T234,27C,off
12/15/2021 03:17:02,Chamber 4,28-031662252cff,25.25,T234,27C,off
12/15/2021 03:17:23,Chamber 4,28-031662252cff,25.25,T234,27C,off
12/15/2021 03:17:42,Chamber 4,28-031662252cff,25.25,T234,27C,off
12/15/2021 03:18:02,Chamber 4,28-031662252cff,25.25,T234,27C,off
12/15/2021 03:18:22,Chamber 4,28-031662252cff,25.25,T234,27C,off
12/15/2021 03:18:42,Chamber 4,28-031662252cff,25.25,T234,27C,off
12/15/2021 03:19:02,Chamber 4,28-031662252cff,25.25,T234,27C,off
12/15/2021 03:19:22,Chamber 4,28-031662252cff,25.25,T234,27C,off
12/15/2021 03:19:43,Chamber 4,28-031662252cff,25.25,T234,27C,off
12/15/2021 03:20:02,Chamber 4,28-031662252cff,25.25,T234,27C,off
12/15/2021 03:20:22,Chamber 4,28-031662252cff,25.25,T234,27C,off
12/15/2021 03:20:42,Chamber 4,28-031662252cff,25.25,T234,27C,off
12/15/2021 03:21:02,Chamber 4,28-031662252cff,25.25,T234,27C,off
12/15/2021 03:21:22,Chamber 4,28-031662252cff,25.25,T234,27C,off
12/15/2021 03:21:42,Chamber 4,28-031662252cff,25.25,T234,27C,off
12/15/2021 03:22:02,Chamber 4,28-031662252cff,25.25,T234,27C,off
12/15/2021 03:22:22,Chamber 4,28-031662252cff,25.25,T234,27C,off
12/15/2021 03:22:42,Chamber 4,28-031662252cff,25.25,T234,27C,off
12/15/2021 03:23:02,Chamber 4,28-031662252cff,25.25,T234,27C,off
12/15/2021 03:23:22,Chamber 4,28-031662252cff,25.25,T234,27C,off
12/15/2021 03:23:42,Chamber 4,28-031662252cff,25.25,T234,27C,off
12/15/2021 03:24:02,Chamber 4,28-031662252cff,25.25,T234,27C,off
12/15/2021 03:24:22,Chamber 4,28-031662252cff,25.25,T234,27C,off
12/15/2021 03:24:42,Chamber 4,28-031662252cff,25.25,T234,27C,off
12/15/2021 03:25:02,Chamber 4,28-031662252cff,25.25,T234,27C,off
12/15/2021 03:25:22,Chamber 4,28-031662252cff,25.25,T234,27C,off
12/15/2021 03:25:42,Chamber 4,28-031662252cff,25.187,T234,27C,off
12/15/2021 03:26:02,Chamber 4,28-031662252cff,25.25,T234,27C,off
12/15/2021 03:26:22,Chamber 4,28-031662252cff,25.25,T234,27C,off
12/15/2021 03:26:42,Chamber 4,28-031662252cff,25.25,T234,27C,off
12/15/2021 03:27:02,Chamber 4,28-031662252cff,25.25,T234,27C,off
12/15/2021 03:27:22,Chamber 4,28-031662252cff,25.25,T234,27C,off
12/15/2021 03:27:42,Chamber 4,28-031662252cff,25.187,T234,27C,off
12/15/2021 03:28:02,Chamber 4,28-031662252cff,25.25,T234,27C,off
12/15/2021 03:28:22,Chamber 4,28-031662252cff,25.25,T234,27C,off
12/15/2021 03:28:42,Chamber 4,28-031662252cff,25.25,T234,27C,off
12/15/2021 03:29:02,Chamber 4,28-031662252cff,25.25,T234,27C,off
12/15/2021 03:29:22,Chamber 4,28-031662252cff,25.25,T234,27C,off
12/15/2021 03:29:42,Chamber 4,28-031662252cff,25.187,T234,27C,off
12/15/2021 03:30:02,Chamber 4,28-031662252cff,25.25,T234,27C,off
12/15/2021 03:30:22,Chamber 4,28-031662252cff,25.187,T234,27C,off
12/15/2021 03:30:42,Chamber 4,28-031662252cff,25.25,T234,27C,off
12/15/2021 03:31:02,Chamber 4,28-031662252cff,25.25,T234,27C,off
12/15/2021 03:31:22,Chamber 4,28-031662252cff,25.25,T234,27C,off
12/15/2021 03:31:42,Chamber 4,28-031662252cff,25.25,T234,27C,off
12/15/2021 03:32:02,Chamber 4,28-031662252cff,25.187,T234,27C,off
12/15/2021 03:32:22,Chamber 4,28-031662252cff,25.25,T234,27C,off
12/15/2021 03:32:42,Chamber 4,28-031662252cff,25.187,T234,27C,off
12/15/2021 03:33:02,Chamber 4,28-031662252cff,25.187,T234,27C,off
12/15/2021 03:33:22,Chamber 4,28-031662252cff,25.187,T234,27C,off
12/15/2021 03:33:42,Chamber 4,28-031662252cff,25.187,T234,27C,off
12/15/2021 03:34:02,Chamber 4,28-031662252cff,25.187,T234,27C,off
12/15/2021 03:34:22,Chamber 4,28-031662252cff,25.187,T234,27C,off
12/15/2021 03:34:42,Chamber 4,28-031662252cff,25.187,T234,27C,off
12/15/2021 03:35:02,Chamber 4,28-031662252cff,25.187,T234,27C,off
12/15/2021 03:35:22,Chamber 4,28-031662252cff,25.187,T234,27C,off
12/15/2021 03:35:42,Chamber 4,28-031662252cff,25.187,T234,27C,off
12/15/2021 03:36:02,Chamber 4,28-031662252cff,25.187,T234,27C,off
12/15/2021 03:36:22,Chamber 4,28-031662252cff,25.187,T234,27C,off
12/15/2021 03:36:42,Chamber 4,28-031662252cff,25.25,T234,27C,off
12/15/2021 03:37:02,Chamber 4,28-031662252cff,25.25,T234,27C,off
12/15/2021 03:37:22,Chamber 4,28-031662252cff,25.187,T234,27C,off
12/15/2021 03:37:42,Chamber 4,28-031662252cff,25.187,T234,27C,off
12/15/2021 03:38:02,Chamber 4,28-031662252cff,25.187,T234,27C,off
12/15/2021 03:38:22,Chamber 4,28-031662252cff,25.187,T234,27C,off
12/15/2021 03:38:42,Chamber 4,28-031662252cff,25.25,T234,27C,off
12/15/2021 03:39:02,Chamber 4,28-031662252cff,25.187,T234,27C,off
12/15/2021 03:39:22,Chamber 4,28-031662252cff,25.187,T234,27C,off
12/15/2021 03:39:42,Chamber 4,28-031662252cff,25.187,T234,27C,off
12/15/2021 03:40:02,Chamber 4,28-031662252cff,25.187,T234,27C,off
12/15/2021 03:40:22,Chamber 4,28-031662252cff,25.187,T234,27C,off
12/15/2021 03:40:42,Chamber 4,28-031662252cff,25.187,T234,27C,off
12/15/2021 03:41:02,Chamber 4,28-031662252cff,25.187,T234,27C,off
12/15/2021 03:41:22,Chamber 4,28-031662252cff,25.187,T234,27C,off
12/15/2021 03:41:42,Chamber 4,28-031662252cff,25.187,T234,27C,off
12/15/2021 03:42:02,Chamber 4,28-031662252cff,25.187,T234,27C,off
12/15/2021 03:42:22,Chamber 4,28-031662252cff,25.187,T234,27C,off
12/15/2021 03:42:42,Chamber 4,28-031662252cff,25.187,T234,27C,off
12/15/2021 03:43:02,Chamber 4,28-031662252cff,25.187,T234,27C,off
12/15/2021 03:43:22,Chamber 4,28-031662252cff,25.187,T234,27C,off
12/15/2021 03:43:42,Chamber 4,28-031662252cff,25.187,T234,27C,off
12/15/2021 03:44:02,Chamber 4,28-031662252cff,25.187,T234,27C,off
12/15/2021 03:44:22,Chamber 4,28-031662252cff,25.187,T234,27C,off
12/15/2021 03:44:42,Chamber 4,28-031662252cff,25.187,T234,27C,off
12/15/2021 03:45:02,Chamber 4,28-031662252cff,25.187,T234,27C,off
12/15/2021 03:45:22,Chamber 4,28-031662252cff,25.187,T234,27C,off
12/15/2021 03:45:42,Chamber 4,28-031662252cff,25.187,T234,27C,off
12/15/2021 03:46:02,Chamber 4,28-031662252cff,25.187,T234,27C,off
12/15/2021 03:46:22,Chamber 4,28-031662252cff,25.187,T234,27C,off
12/15/2021 03:46:42,Chamber 4,28-031662252cff,25.187,T234,27C,off
12/15/2021 03:47:02,Chamber 4,28-031662252cff,25.187,T234,27C,off
12/15/2021 03:47:22,Chamber 4,28-031662252cff,25.187,T234,27C,off
12/15/2021 03:47:42,Chamber 4,28-031662252cff,25.187,T234,27C,off
12/15/2021 03:48:02,Chamber 4,28-031662252cff,25.187,T234,27C,off
12/15/2021 03:48:22,Chamber 4,28-031662252cff,25.187,T234,27C,off
12/15/2021 03:48:42,Chamber 4,28-031662252cff,25.187,T234,27C,off
12/15/2021 03:49:02,Chamber 4,28-031662252cff,25.187,T234,27C,off
12/15/2021 03:49:22,Chamber 4,28-031662252cff,25.187,T234,27C,off
12/15/2021 03:49:42,Chamber 4,28-031662252cff,25.187,T234,27C,off
12/15/2021 03:50:02,Chamber 4,28-031662252cff,25.187,T234,27C,off
12/15/2021 03:50:22,Chamber 4,28-031662252cff,25.187,T234,27C,off
12/15/2021 03:50:42,Chamber 4,28-031662252cff,25.187,T234,27C,off
12/15/2021 03:51:02,Chamber 4,28-031662252cff,25.187,T234,27C,off
12/15/2021 03:51:22,Chamber 4,28-031662252cff,25.187,T234,27C,off
12/15/2021 03:51:42,Chamber 4,28-031662252cff,25.187,T234,27C,off
12/15/2021 03:52:02,Chamber 4,28-031662252cff,25.187,T234,27C,off
12/15/2021 03:52:22,Chamber 4,28-031662252cff,25.187,T234,27C,off
12/15/2021 03:52:42,Chamber 4,28-031662252cff,25.187,T234,27C,off
12/15/2021 03:53:02,Chamber 4,28-031662252cff,25.187,T234,27C,off
12/15/2021 03:53:22,Chamber 4,28-031662252cff,25.187,T234,27C,off
12/15/2021 03:53:42,Chamber 4,28-031662252cff,25.187,T234,27C,off
12/15/2021 03:54:02,Chamber 4,28-031662252cff,25.187,T234,27C,off
12/15/2021 03:54:22,Chamber 4,28-031662252cff,25.187,T234,27C,off
12/15/2021 03:54:42,Chamber 4,28-031662252cff,25.187,T234,27C,off
12/15/2021 03:55:02,Chamber 4,28-031662252cff,25.187,T234,27C,off
12/15/2021 03:55:22,Chamber 4,28-031662252cff,25.187,T234,27C,off
12/15/2021 03:55:42,Chamber 4,28-031662252cff,25.187,T234,27C,off
12/15/2021 03:56:02,Chamber 4,28-031662252cff,25.187,T234,27C,off
12/15/2021 03:56:22,Chamber 4,28-031662252cff,25.187,T234,27C,off
12/15/2021 03:56:42,Chamber 4,28-031662252cff,25.187,T234,27C,off
12/15/2021 03:57:02,Chamber 4,28-031662252cff,25.187,T234,27C,off
12/15/2021 03:57:22,Chamber 4,28-031662252cff,25.187,T234,27C,off
12/15/2021 03:57:42,Chamber 4,28-031662252cff,25.187,T234,27C,off
12/15/2021 03:58:02,Chamber 4,28-031662252cff,25.187,T234,27C,off
12/15/2021 03:58:22,Chamber 4,28-031662252cff,25.187,T234,27C,off
12/15/2021 03:58:42,Chamber 4,28-031662252cff,25.187,T234,27C,off
12/15/2021 03:59:02,Chamber 4,28-031662252cff,25.187,T234,27C,off
12/15/2021 03:59:22,Chamber 4,28-031662252cff,25.187,T234,27C,off
12/15/2021 03:59:42,Chamber 4,28-031662252cff,25.187,T234,27C,off
12/15/2021 04:00:02,Chamber 4,28-031662252cff,25.187,T234,27C,off
12/15/2021 04:00:22,Chamber 4,28-031662252cff,25.187,T234,27C,off
12/15/2021 04:00:42,Chamber 4,28-031662252cff,25.187,T234,27C,off
12/15/2021 04:01:02,Chamber 4,28-031662252cff,25.187,T234,27C,off
12/15/2021 04:01:22,Chamber 4,28-031662252cff,25.187,T234,27C,off
12/15/2021 04:01:42,Chamber 4,28-031662252cff,25.187,T234,27C,off
12/15/2021 04:02:02,Chamber 4,28-031662252cff,25.187,T234,27C,off
12/15/2021 04:02:22,Chamber 4,28-031662252cff,25.187,T234,27C,off
12/15/2021 04:02:42,Chamber 4,28-031662252cff,25.187,T234,27C,off
12/15/2021 04:03:02,Chamber 4,28-031662252cff,25.187,T234,27C,off
12/15/2021 04:03:22,Chamber 4,28-031662252cff,25.187,T234,27C,off
12/15/2021 04:03:42,Chamber 4,28-031662252cff,25.187,T234,27C,off
12/15/2021 04:04:02,Chamber 4,28-031662252cff,25.187,T234,27C,off
12/15/2021 04:04:22,Chamber 4,28-031662252cff,25.187,T234,27C,off
12/15/2021 04:04:42,Chamber 4,28-031662252cff,25.187,T234,27C,off
12/15/2021 04:05:02,Chamber 4,28-031662252cff,25.187,T234,27C,off
12/15/2021 04:05:22,Chamber 4,28-031662252cff,25.187,T234,27C,off
12/15/2021 04:05:42,Chamber 4,28-031662252cff,25.187,T234,27C,off
12/15/2021 04:06:02,Chamber 4,28-031662252cff,25.187,T234,27C,off
12/15/2021 04:06:22,Chamber 4,28-031662252cff,25.187,T234,27C,off
12/15/2021 04:06:42,Chamber 4,28-031662252cff,25.187,T234,27C,off
12/15/2021 04:07:02,Chamber 4,28-031662252cff,25.187,T234,27C,off
12/15/2021 04:07:22,Chamber 4,28-031662252cff,25.187,T234,27C,off
12/15/2021 04:07:42,Chamber 4,28-031662252cff,25.187,T234,27C,off
12/15/2021 04:08:02,Chamber 4,28-031662252cff,25.187,T234,27C,off
12/15/2021 04:08:22,Chamber 4,28-031662252cff,25.187,T234,27C,off
12/15/2021 04:08:42,Chamber 4,28-031662252cff,25.187,T234,27C,off
12/15/2021 04:09:02,Chamber 4,28-031662252cff,25.125,T234,27C,off
12/15/2021 04:09:22,Chamber 4,28-031662252cff,25.187,T234,27C,off
12/15/2021 04:09:42,Chamber 4,28-031662252cff,25.125,T234,27C,off
12/15/2021 04:10:02,Chamber 4,28-031662252cff,25.125,T234,27C,off
12/15/2021 04:10:22,Chamber 4,28-031662252cff,25.125,T234,27C,off
12/15/2021 04:10:42,Chamber 4,28-031662252cff,25.125,T234,27C,off
12/15/2021 04:11:02,Chamber 4,28-031662252cff,25.125,T234,27C,off
12/15/2021 04:11:22,Chamber 4,28-031662252cff,25.187,T234,27C,off
12/15/2021 04:11:42,Chamber 4,28-031662252cff,25.125,T234,27C,off
12/15/2021 04:12:02,Chamber 4,28-031662252cff,25.125,T234,27C,off
12/15/2021 04:12:22,Chamber 4,28-031662252cff,25.125,T234,27C,off
12/15/2021 04:12:42,Chamber 4,28-031662252cff,25.125,T234,27C,off
12/15/2021 04:13:02,Chamber 4,28-031662252cff,25.125,T234,27C,off
12/15/2021 04:13:22,Chamber 4,28-031662252cff,25.125,T234,27C,off
12/15/2021 04:13:42,Chamber 4,28-031662252cff,25.187,T234,27C,off
12/15/2021 04:14:02,Chamber 4,28-031662252cff,25.125,T234,27C,off
12/15/2021 04:14:22,Chamber 4,28-031662252cff,25.125,T234,27C,off
12/15/2021 04:14:42,Chamber 4,28-031662252cff,25.125,T234,27C,off
12/15/2021 04:15:02,Chamber 4,28-031662252cff,25.125,T234,27C,off
12/15/2021 04:15:22,Chamber 4,28-031662252cff,25.125,T234,27C,off
12/15/2021 04:15:42,Chamber 4,28-031662252cff,25.125,T234,27C,off
12/15/2021 04:16:02,Chamber 4,28-031662252cff,25.125,T234,27C,off
12/15/2021 04:16:22,Chamber 4,28-031662252cff,25.125,T234,27C,off
12/15/2021 04:16:42,Chamber 4,28-031662252cff,25.125,T234,27C,off
12/15/2021 04:17:02,Chamber 4,28-031662252cff,25.125,T234,27C,off
12/15/2021 04:17:22,Chamber 4,28-031662252cff,25.125,T234,27C,off
12/15/2021 04:17:42,Chamber 4,28-031662252cff,25.125,T234,27C,off
12/15/2021 04:18:02,Chamber 4,28-031662252cff,25.125,T234,27C,off
12/15/2021 04:18:22,Chamber 4,28-031662252cff,25.125,T234,27C,off
12/15/2021 04:18:42,Chamber 4,28-031662252cff,25.125,T234,27C,off
12/15/2021 04:19:02,Chamber 4,28-031662252cff,25.125,T234,27C,off
12/15/2021 04:19:22,Chamber 4,28-031662252cff,25.125,T234,27C,off
12/15/2021 04:19:42,Chamber 4,28-031662252cff,25.125,T234,27C,off
12/15/2021 04:20:02,Chamber 4,28-031662252cff,25.125,T234,27C,off
12/15/2021 04:20:22,Chamber 4,28-031662252cff,25.125,T234,27C,off
12/15/2021 04:20:42,Chamber 4,28-031662252cff,25.125,T234,27C,off
12/15/2021 04:21:02,Chamber 4,28-031662252cff,25.125,T234,27C,off
12/15/2021 04:21:22,Chamber 4,28-031662252cff,25.125,T234,27C,off
12/15/2021 04:21:42,Chamber 4,28-031662252cff,25.125,T234,27C,off
12/15/2021 04:22:02,Chamber 4,28-031662252cff,25.125,T234,27C,off
12/15/2021 04:22:22,Chamber 4,28-031662252cff,25.125,T234,27C,off
12/15/2021 04:22:42,Chamber 4,28-031662252cff,25.125,T234,27C,off
12/15/2021 04:23:02,Chamber 4,28-031662252cff,25.125,T234,27C,off
12/15/2021 04:23:22,Chamber 4,28-031662252cff,25.125,T234,27C,off
12/15/2021 04:23:42,Chamber 4,28-031662252cff,25.125,T234,27C,off
12/15/2021 04:24:02,Chamber 4,28-031662252cff,25.125,T234,27C,off
12/15/2021 04:24:22,Chamber 4,28-031662252cff,25.125,T234,27C,off
12/15/2021 04:24:42,Chamber 4,28-031662252cff,25.125,T234,27C,off
12/15/2021 04:25:02,Chamber 4,28-031662252cff,25.125,T234,27C,off
12/15/2021 04:25:22,Chamber 4,28-031662252cff,25.125,T234,27C,off
12/15/2021 04:25:42,Chamber 4,28-031662252cff,25.125,T234,27C,off
12/15/2021 04:26:02,Chamber 4,28-031662252cff,25.125,T234,27C,off
12/15/2021 04:26:22,Chamber 4,28-031662252cff,25.125,T234,27C,off
12/15/2021 04:26:42,Chamber 4,28-031662252cff,25.125,T234,27C,off
12/15/2021 04:27:02,Chamber 4,28-031662252cff,25.125,T234,27C,off
12/15/2021 04:27:22,Chamber 4,28-031662252cff,25.125,T234,27C,off
12/15/2021 04:27:42,Chamber 4,28-031662252cff,25.125,T234,27C,off
12/15/2021 04:28:02,Chamber 4,28-031662252cff,25.125,T234,27C,off
12/15/2021 04:28:22,Chamber 4,28-031662252cff,25.125,T234,27C,off
12/15/2021 04:28:42,Chamber 4,28-031662252cff,25.125,T234,27C,off
12/15/2021 04:29:02,Chamber 4,28-031662252cff,25.125,T234,27C,off
12/15/2021 04:29:22,Chamber 4,28-031662252cff,25.125,T234,27C,off
12/15/2021 04:29:42,Chamber 4,28-031662252cff,25.125,T234,27C,off
12/15/2021 04:30:02,Chamber 4,28-031662252cff,25.125,T234,27C,off
12/15/2021 04:30:22,Chamber 4,28-031662252cff,25.125,T234,27C,off
12/15/2021 04:30:42,Chamber 4,28-031662252cff,25.125,T234,27C,off
12/15/2021 04:31:02,Chamber 4,28-031662252cff,25.125,T234,27C,off
12/15/2021 04:31:22,Chamber 4,28-031662252cff,25.125,T234,27C,off
12/15/2021 04:31:42,Chamber 4,28-031662252cff,25.125,T234,27C,off
12/15/2021 04:32:02,Chamber 4,28-031662252cff,25.125,T234,27C,off
12/15/2021 04:32:22,Chamber 4,28-031662252cff,25.125,T234,27C,off
12/15/2021 04:32:42,Chamber 4,28-031662252cff,25.125,T234,27C,off
12/15/2021 04:33:02,Chamber 4,28-031662252cff,25.125,T234,27C,off
12/15/2021 04:33:22,Chamber 4,28-031662252cff,25.125,T234,27C,off
12/15/2021 04:33:42,Chamber 4,28-031662252cff,25.125,T234,27C,off
12/15/2021 04:34:02,Chamber 4,28-031662252cff,25.125,T234,27C,off
12/15/2021 04:34:22,Chamber 4,28-031662252cff,25.125,T234,27C,off
12/15/2021 04:34:42,Chamber 4,28-031662252cff,25.125,T234,27C,off
12/15/2021 04:35:03,Chamber 4,28-031662252cff,25.125,T234,27C,off
12/15/2021 04:35:22,Chamber 4,28-031662252cff,25.125,T234,27C,off
12/15/2021 04:35:42,Chamber 4,28-031662252cff,25.125,T234,27C,off
12/15/2021 04:36:02,Chamber 4,28-031662252cff,25.125,T234,27C,off
12/15/2021 04:36:22,Chamber 4,28-031662252cff,25.125,T234,27C,off
12/15/2021 04:36:42,Chamber 4,28-031662252cff,25.125,T234,27C,off
12/15/2021 04:37:02,Chamber 4,28-031662252cff,25.125,T234,27C,off
12/15/2021 04:37:22,Chamber 4,28-031662252cff,25.125,T234,27C,off
12/15/2021 04:37:42,Chamber 4,28-031662252cff,25.125,T234,27C,off
12/15/2021 04:38:02,Chamber 4,28-031662252cff,25.125,T234,27C,off
12/15/2021 04:38:22,Chamber 4,28-031662252cff,25.125,T234,27C,off
12/15/2021 04:38:42,Chamber 4,28-031662252cff,25.125,T234,27C,off
12/15/2021 04:39:02,Chamber 4,28-031662252cff,25.125,T234,27C,off
12/15/2021 04:39:22,Chamber 4,28-031662252cff,25.125,T234,27C,off
12/15/2021 04:39:42,Chamber 4,28-031662252cff,25.125,T234,27C,off
12/15/2021 04:40:02,Chamber 4,28-031662252cff,25.125,T234,27C,off
12/15/2021 04:40:22,Chamber 4,28-031662252cff,25.125,T234,27C,off
12/15/2021 04:40:42,Chamber 4,28-031662252cff,25.125,T234,27C,off
12/15/2021 04:41:02,Chamber 4,28-031662252cff,25.125,T234,27C,off
12/15/2021 04:41:22,Chamber 4,28-031662252cff,25.125,T234,27C,off
12/15/2021 04:41:42,Chamber 4,28-031662252cff,25.125,T234,27C,off
12/15/2021 04:42:02,Chamber 4,28-031662252cff,25.125,T234,27C,off
12/15/2021 04:42:22,Chamber 4,28-031662252cff,25.125,T234,27C,off
12/15/2021 04:42:42,Chamber 4,28-031662252cff,25.125,T234,27C,off
12/15/2021 04:43:02,Chamber 4,28-031662252cff,25.125,T234,27C,off
12/15/2021 04:43:22,Chamber 4,28-031662252cff,25.125,T234,27C,off
12/15/2021 04:43:42,Chamber 4,28-031662252cff,25.125,T234,27C,off
12/15/2021 04:44:02,Chamber 4,28-031662252cff,25.125,T234,27C,off
12/15/2021 04:44:22,Chamber 4,28-031662252cff,25.125,T234,27C,off
12/15/2021 04:44:42,Chamber 4,28-031662252cff,25.125,T234,27C,off
12/15/2021 04:45:02,Chamber 4,28-031662252cff,25.125,T234,27C,off
12/15/2021 04:45:22,Chamber 4,28-031662252cff,25.125,T234,27C,off
12/15/2021 04:45:42,Chamber 4,28-031662252cff,25.125,T234,27C,off
12/15/2021 04:46:02,Chamber 4,28-031662252cff,25.125,T234,27C,off
12/15/2021 04:46:22,Chamber 4,28-031662252cff,25.125,T234,27C,off
12/15/2021 04:46:42,Chamber 4,28-031662252cff,25.125,T234,27C,off
12/15/2021 04:47:02,Chamber 4,28-031662252cff,25.125,T234,27C,off
12/15/2021 04:47:22,Chamber 4,28-031662252cff,25.125,T234,27C,off
12/15/2021 04:47:42,Chamber 4,28-031662252cff,25.062,T234,27C,off
12/15/2021 04:48:02,Chamber 4,28-031662252cff,25.125,T234,27C,off
12/15/2021 04:48:22,Chamber 4,28-031662252cff,25.125,T234,27C,off
12/15/2021 04:48:42,Chamber 4,28-031662252cff,25.125,T234,27C,off
12/15/2021 04:49:02,Chamber 4,28-031662252cff,25.125,T234,27C,off
12/15/2021 04:49:22,Chamber 4,28-031662252cff,25.125,T234,27C,off
12/15/2021 04:49:42,Chamber 4,28-031662252cff,25.125,T234,27C,off
12/15/2021 04:50:02,Chamber 4,28-031662252cff,25.062,T234,27C,off
12/15/2021 04:50:22,Chamber 4,28-031662252cff,25.062,T234,27C,off
12/15/2021 04:50:42,Chamber 4,28-031662252cff,25.125,T234,27C,off
12/15/2021 04:51:02,Chamber 4,28-031662252cff,25.125,T234,27C,off
12/15/2021 04:51:22,Chamber 4,28-031662252cff,25.125,T234,27C,off
12/15/2021 04:51:42,Chamber 4,28-031662252cff,25.062,T234,27C,off
12/15/2021 04:52:02,Chamber 4,28-031662252cff,25.062,T234,27C,off
12/15/2021 04:52:22,Chamber 4,28-031662252cff,25.125,T234,27C,off
12/15/2021 04:52:43,Chamber 4,28-031662252cff,25.062,T234,27C,off
12/15/2021 04:53:02,Chamber 4,28-031662252cff,25.062,T234,27C,off
12/15/2021 04:53:22,Chamber 4,28-031662252cff,25.125,T234,27C,off
12/15/2021 04:53:42,Chamber 4,28-031662252cff,25.062,T234,27C,off
12/15/2021 04:54:02,Chamber 4,28-031662252cff,25.125,T234,27C,off
12/15/2021 04:54:22,Chamber 4,28-031662252cff,25.062,T234,27C,off
12/15/2021 04:54:42,Chamber 4,28-031662252cff,25.062,T234,27C,off
12/15/2021 04:55:02,Chamber 4,28-031662252cff,25.125,T234,27C,off
12/15/2021 04:55:22,Chamber 4,28-031662252cff,25.062,T234,27C,off
12/15/2021 04:55:42,Chamber 4,28-031662252cff,25.062,T234,27C,off
12/15/2021 04:56:02,Chamber 4,28-031662252cff,25.062,T234,27C,off
12/15/2021 04:56:22,Chamber 4,28-031662252cff,25.062,T234,27C,off
12/15/2021 04:56:42,Chamber 4,28-031662252cff,25.062,T234,27C,off
12/15/2021 04:57:02,Chamber 4,28-031662252cff,25.062,T234,27C,off
12/15/2021 04:57:22,Chamber 4,28-031662252cff,25.062,T234,27C,off
12/15/2021 04:57:42,Chamber 4,28-031662252cff,25.062,T234,27C,off
12/15/2021 04:58:02,Chamber 4,28-031662252cff,25.062,T234,27C,off
12/15/2021 04:58:22,Chamber 4,28-031662252cff,25.062,T234,27C,off
12/15/2021 04:58:42,Chamber 4,28-031662252cff,25.062,T234,27C,off
12/15/2021 04:59:02,Chamber 4,28-031662252cff,25.062,T234,27C,off
12/15/2021 04:59:22,Chamber 4,28-031662252cff,25.062,T234,27C,off
12/15/2021 04:59:42,Chamber 4,28-031662252cff,25.062,T234,27C,off
12/15/2021 05:00:02,Chamber 4,28-031662252cff,25.062,T234,27C,off
12/15/2021 05:00:22,Chamber 4,28-031662252cff,25.062,T234,27C,off
12/15/2021 05:00:42,Chamber 4,28-031662252cff,25.062,T234,27C,off
12/15/2021 05:01:02,Chamber 4,28-031662252cff,25.062,T234,27C,off
12/15/2021 05:01:22,Chamber 4,28-031662252cff,25.062,T234,27C,off
12/15/2021 05:01:42,Chamber 4,28-031662252cff,25.062,T234,27C,off
12/15/2021 05:02:02,Chamber 4,28-031662252cff,25.062,T234,27C,off
12/15/2021 05:02:22,Chamber 4,28-031662252cff,25.062,T234,27C,off
12/15/2021 05:02:43,Chamber 4,28-031662252cff,25.062,T234,27C,off
12/15/2021 05:03:02,Chamber 4,28-031662252cff,25.062,T234,27C,off
12/15/2021 05:03:22,Chamber 4,28-031662252cff,25.062,T234,27C,off
12/15/2021 05:03:42,Chamber 4,28-031662252cff,25.062,T234,27C,off
12/15/2021 05:04:02,Chamber 4,28-031662252cff,25.062,T234,27C,off
12/15/2021 05:04:22,Chamber 4,28-031662252cff,25.062,T234,27C,off
12/15/2021 05:04:42,Chamber 4,28-031662252cff,25.062,T234,27C,off
12/15/2021 05:05:02,Chamber 4,28-031662252cff,25.062,T234,27C,off
12/15/2021 05:05:22,Chamber 4,28-031662252cff,25.062,T234,27C,off
12/15/2021 05:05:42,Chamber 4,28-031662252cff,25.062,T234,27C,off
12/15/2021 05:06:02,Chamber 4,28-031662252cff,25.062,T234,27C,off
12/15/2021 05:06:23,Chamber 4,28-031662252cff,25.062,T234,27C,off
12/15/2021 05:06:42,Chamber 4,28-031662252cff,25.062,T234,27C,off
12/15/2021 05:07:02,Chamber 4,28-031662252cff,25.062,T234,27C,off
12/15/2021 05:07:22,Chamber 4,28-031662252cff,25.062,T234,27C,off
12/15/2021 05:07:42,Chamber 4,28-031662252cff,25.062,T234,27C,off
12/15/2021 05:08:02,Chamber 4,28-031662252cff,25.062,T234,27C,off
12/15/2021 05:08:22,Chamber 4,28-031662252cff,25.062,T234,27C,off
12/15/2021 05:08:42,Chamber 4,28-031662252cff,25.062,T234,27C,off
12/15/2021 05:09:02,Chamber 4,28-031662252cff,25.062,T234,27C,off
12/15/2021 05:09:22,Chamber 4,28-031662252cff,25.062,T234,27C,off
12/15/2021 05:09:42,Chamber 4,28-031662252cff,25.062,T234,27C,off
12/15/2021 05:10:02,Chamber 4,28-031662252cff,25.062,T234,27C,off
12/15/2021 05:10:22,Chamber 4,28-031662252cff,25.062,T234,27C,off
12/15/2021 05:10:42,Chamber 4,28-031662252cff,25.062,T234,27C,off
12/15/2021 05:11:02,Chamber 4,28-031662252cff,25.062,T234,27C,off
12/15/2021 05:11:22,Chamber 4,28-031662252cff,25.062,T234,27C,off
12/15/2021 05:11:42,Chamber 4,28-031662252cff,25.062,T234,27C,off
12/15/2021 05:12:02,Chamber 4,28-031662252cff,25.062,T234,27C,off
12/15/2021 05:12:22,Chamber 4,28-031662252cff,25.062,T234,27C,off
12/15/2021 05:12:42,Chamber 4,28-031662252cff,25.062,T234,27C,off
12/15/2021 05:13:02,Chamber 4,28-031662252cff,25.062,T234,27C,off
12/15/2021 05:13:22,Chamber 4,28-031662252cff,25.062,T234,27C,off
12/15/2021 05:13:42,Chamber 4,28-031662252cff,25.062,T234,27C,off
12/15/2021 05:14:02,Chamber 4,28-031662252cff,25.062,T234,27C,off
12/15/2021 05:14:22,Chamber 4,28-031662252cff,25.062,T234,27C,off
12/15/2021 05:14:42,Chamber 4,28-031662252cff,25.062,T234,27C,off
12/15/2021 05:15:02,Chamber 4,28-031662252cff,25.062,T234,27C,off
12/15/2021 05:15:22,Chamber 4,28-031662252cff,25.062,T234,27C,off
12/15/2021 05:15:42,Chamber 4,28-031662252cff,25.062,T234,27C,off
12/15/2021 05:16:02,Chamber 4,28-031662252cff,25.062,T234,27C,off
12/15/2021 05:16:22,Chamber 4,28-031662252cff,25.062,T234,27C,off
12/15/2021 05:16:42,Chamber 4,28-031662252cff,25.062,T234,27C,off
12/15/2021 05:17:03,Chamber 4,28-031662252cff,25.062,T234,27C,off
12/15/2021 05:17:22,Chamber 4,28-031662252cff,25.062,T234,27C,off
12/15/2021 05:17:42,Chamber 4,28-031662252cff,25.062,T234,27C,off
12/15/2021 05:18:03,Chamber 4,28-031662252cff,25.062,T234,27C,off
12/15/2021 05:18:22,Chamber 4,28-031662252cff,25.062,T234,27C,off
12/15/2021 05:18:42,Chamber 4,28-031662252cff,25.062,T234,27C,off
12/15/2021 05:19:02,Chamber 4,28-031662252cff,25.062,T234,27C,off
12/15/2021 05:19:23,Chamber 4,28-031662252cff,25.062,T234,27C,off
12/15/2021 05:19:43,Chamber 4,28-031662252cff,25.062,T234,27C,off
12/15/2021 05:20:03,Chamber 4,28-031662252cff,25.062,T234,27C,off
12/15/2021 05:20:22,Chamber 4,28-031662252cff,25.062,T234,27C,off
12/15/2021 05:20:42,Chamber 4,28-031662252cff,25.062,T234,27C,off
12/15/2021 05:21:02,Chamber 4,28-031662252cff,25.062,T234,27C,off
12/15/2021 05:21:22,Chamber 4,28-031662252cff,25.062,T234,27C,off
12/15/2021 05:21:42,Chamber 4,28-031662252cff,25.062,T234,27C,off
12/15/2021 05:22:02,Chamber 4,28-031662252cff,25.062,T234,27C,off
12/15/2021 05:22:22,Chamber 4,28-031662252cff,25.062,T234,27C,off
12/15/2021 05:22:42,Chamber 4,28-031662252cff,25.062,T234,27C,off
12/15/2021 05:23:02,Chamber 4,28-031662252cff,25.062,T234,27C,off
12/15/2021 05:23:22,Chamber 4,28-031662252cff,25.062,T234,27C,off
12/15/2021 05:23:43,Chamber 4,28-031662252cff,25.062,T234,27C,off
12/15/2021 05:24:02,Chamber 4,28-031662252cff,25.062,T234,27C,off
12/15/2021 05:24:22,Chamber 4,28-031662252cff,25.062,T234,27C,off
12/15/2021 05:24:42,Chamber 4,28-031662252cff,25.0,T234,27C,off
12/15/2021 05:25:02,Chamber 4,28-031662252cff,25.062,T234,27C,off
12/15/2021 05:25:22,Chamber 4,28-031662252cff,25.062,T234,27C,off
12/15/2021 05:25:42,Chamber 4,28-031662252cff,25.062,T234,27C,off
12/15/2021 05:26:02,Chamber 4,28-031662252cff,25.062,T234,27C,off
12/15/2021 05:26:22,Chamber 4,28-031662252cff,25.0,T234,27C,off
12/15/2021 05:26:42,Chamber 4,28-031662252cff,25.062,T234,27C,off
12/15/2021 05:27:02,Chamber 4,28-031662252cff,25.062,T234,27C,off
12/15/2021 05:27:22,Chamber 4,28-031662252cff,25.062,T234,27C,off
12/15/2021 05:27:42,Chamber 4,28-031662252cff,25.062,T234,27C,off
12/15/2021 05:28:02,Chamber 4,28-031662252cff,25.062,T234,27C,off
12/15/2021 05:28:22,Chamber 4,28-031662252cff,25.0,T234,27C,off
12/15/2021 05:28:42,Chamber 4,28-031662252cff,25.062,T234,27C,off
12/15/2021 05:29:02,Chamber 4,28-031662252cff,25.0,T234,27C,off
12/15/2021 05:29:22,Chamber 4,28-031662252cff,25.0,T234,27C,off
12/15/2021 05:29:42,Chamber 4,28-031662252cff,25.0,T234,27C,off
12/15/2021 05:30:02,Chamber 4,28-031662252cff,25.062,T234,27C,off
12/15/2021 05:30:22,Chamber 4,28-031662252cff,25.0,T234,27C,off
12/15/2021 05:30:42,Chamber 4,28-031662252cff,25.0,T234,27C,off
12/15/2021 05:31:02,Chamber 4,28-031662252cff,25.062,T234,27C,off
12/15/2021 05:31:22,Chamber 4,28-031662252cff,25.0,T234,27C,off
12/15/2021 05:31:42,Chamber 4,28-031662252cff,25.062,T234,27C,off
12/15/2021 05:32:02,Chamber 4,28-031662252cff,25.0,T234,27C,off
12/15/2021 05:32:22,Chamber 4,28-031662252cff,25.062,T234,27C,off
12/15/2021 05:32:42,Chamber 4,28-031662252cff,25.0,T234,27C,off
12/15/2021 05:33:02,Chamber 4,28-031662252cff,25.0,T234,27C,off
12/15/2021 05:33:22,Chamber 4,28-031662252cff,25.062,T234,27C,off
12/15/2021 05:33:42,Chamber 4,28-031662252cff,25.0,T234,27C,off
12/15/2021 05:34:02,Chamber 4,28-031662252cff,25.0,T234,27C,off
12/15/2021 05:34:22,Chamber 4,28-031662252cff,25.0,T234,27C,off
12/15/2021 05:34:42,Chamber 4,28-031662252cff,25.0,T234,27C,off
12/15/2021 05:35:02,Chamber 4,28-031662252cff,25.0,T234,27C,off
12/15/2021 05:35:22,Chamber 4,28-031662252cff,25.0,T234,27C,off
12/15/2021 05:35:42,Chamber 4,28-031662252cff,25.0,T234,27C,off
12/15/2021 05:36:02,Chamber 4,28-031662252cff,25.0,T234,27C,off
12/15/2021 05:36:22,Chamber 4,28-031662252cff,25.0,T234,27C,off
12/15/2021 05:36:42,Chamber 4,28-031662252cff,25.0,T234,27C,off
12/15/2021 05:37:02,Chamber 4,28-031662252cff,25.0,T234,27C,off
12/15/2021 05:37:22,Chamber 4,28-031662252cff,25.0,T234,27C,off
12/15/2021 05:37:42,Chamber 4,28-031662252cff,25.0,T234,27C,off
12/15/2021 05:38:02,Chamber 4,28-031662252cff,25.0,T234,27C,off
12/15/2021 05:38:22,Chamber 4,28-031662252cff,25.0,T234,27C,off
12/15/2021 05:38:42,Chamber 4,28-031662252cff,25.062,T234,27C,off
12/15/2021 05:39:02,Chamber 4,28-031662252cff,25.0,T234,27C,off
12/15/2021 05:39:22,Chamber 4,28-031662252cff,25.0,T234,27C,off
12/15/2021 05:39:42,Chamber 4,28-031662252cff,25.0,T234,27C,off
12/15/2021 05:40:02,Chamber 4,28-031662252cff,25.0,T234,27C,off
12/15/2021 05:40:22,Chamber 4,28-031662252cff,25.0,T234,27C,off
12/15/2021 05:40:42,Chamber 4,28-031662252cff,25.0,T234,27C,off
12/15/2021 05:41:02,Chamber 4,28-031662252cff,25.0,T234,27C,off
12/15/2021 05:41:22,Chamber 4,28-031662252cff,25.0,T234,27C,off
12/15/2021 05:41:42,Chamber 4,28-031662252cff,25.0,T234,27C,off
12/15/2021 05:42:02,Chamber 4,28-031662252cff,25.0,T234,27C,off
12/15/2021 05:42:22,Chamber 4,28-031662252cff,25.0,T234,27C,off
12/15/2021 05:42:42,Chamber 4,28-031662252cff,25.0,T234,27C,off
12/15/2021 05:43:02,Chamber 4,28-031662252cff,25.0,T234,27C,off
12/15/2021 05:43:22,Chamber 4,28-031662252cff,25.0,T234,27C,off
12/15/2021 05:43:42,Chamber 4,28-031662252cff,25.0,T234,27C,off
12/15/2021 05:44:02,Chamber 4,28-031662252cff,25.0,T234,27C,off
12/15/2021 05:44:22,Chamber 4,28-031662252cff,25.0,T234,27C,off
12/15/2021 05:44:42,Chamber 4,28-031662252cff,25.0,T234,27C,off
12/15/2021 05:45:02,Chamber 4,28-031662252cff,25.0,T234,27C,off
12/15/2021 05:45:22,Chamber 4,28-031662252cff,25.0,T234,27C,off
12/15/2021 05:45:42,Chamber 4,28-031662252cff,25.0,T234,27C,off
12/15/2021 05:46:02,Chamber 4,28-031662252cff,25.0,T234,27C,off
12/15/2021 05:46:22,Chamber 4,28-031662252cff,25.0,T234,27C,off
12/15/2021 05:46:42,Chamber 4,28-031662252cff,25.0,T234,27C,off
12/15/2021 05:47:02,Chamber 4,28-031662252cff,25.0,T234,27C,off
12/15/2021 05:47:22,Chamber 4,28-031662252cff,25.0,T234,27C,off
12/15/2021 05:47:42,Chamber 4,28-031662252cff,25.0,T234,27C,off
12/15/2021 05:48:02,Chamber 4,28-031662252cff,25.0,T234,27C,off
12/15/2021 05:48:22,Chamber 4,28-031662252cff,25.0,T234,27C,off
12/15/2021 05:48:42,Chamber 4,28-031662252cff,25.0,T234,27C,off
12/15/2021 05:49:02,Chamber 4,28-031662252cff,25.0,T234,27C,off
12/15/2021 05:49:22,Chamber 4,28-031662252cff,25.0,T234,27C,off
12/15/2021 05:49:42,Chamber 4,28-031662252cff,25.0,T234,27C,off
12/15/2021 05:50:02,Chamber 4,28-031662252cff,25.0,T234,27C,off
12/15/2021 05:50:22,Chamber 4,28-031662252cff,25.0,T234,27C,off
12/15/2021 05:50:42,Chamber 4,28-031662252cff,25.0,T234,27C,off
12/15/2021 05:51:02,Chamber 4,28-031662252cff,25.0,T234,27C,off
12/15/2021 05:51:22,Chamber 4,28-031662252cff,25.0,T234,27C,off
12/15/2021 05:51:42,Chamber 4,28-031662252cff,25.0,T234,27C,off
12/15/2021 05:52:02,Chamber 4,28-031662252cff,25.0,T234,27C,off
12/15/2021 05:52:22,Chamber 4,28-031662252cff,25.0,T234,27C,off
12/15/2021 05:52:42,Chamber 4,28-031662252cff,25.0,T234,27C,off
12/15/2021 05:53:02,Chamber 4,28-031662252cff,25.0,T234,27C,off
12/15/2021 05:53:22,Chamber 4,28-031662252cff,25.0,T234,27C,off
12/15/2021 05:53:42,Chamber 4,28-031662252cff,25.0,T234,27C,off
12/15/2021 05:54:02,Chamber 4,28-031662252cff,25.0,T234,27C,off
12/15/2021 05:54:22,Chamber 4,28-031662252cff,25.0,T234,27C,off
12/15/2021 05:54:42,Chamber 4,28-031662252cff,25.0,T234,27C,off
12/15/2021 05:55:02,Chamber 4,28-031662252cff,25.0,T234,27C,off
12/15/2021 05:55:22,Chamber 4,28-031662252cff,25.0,T234,27C,off
12/15/2021 05:55:42,Chamber 4,28-031662252cff,25.0,T234,27C,off
12/15/2021 05:56:02,Chamber 4,28-031662252cff,25.0,T234,27C,off
12/15/2021 05:56:23,Chamber 4,28-031662252cff,25.0,T234,27C,off
12/15/2021 05:56:42,Chamber 4,28-031662252cff,25.0,T234,27C,off
12/15/2021 05:57:02,Chamber 4,28-031662252cff,25.0,T234,27C,off
12/15/2021 05:57:22,Chamber 4,28-031662252cff,25.0,T234,27C,off
12/15/2021 05:57:42,Chamber 4,28-031662252cff,25.0,T234,27C,off
12/15/2021 05:58:03,Chamber 4,28-031662252cff,25.0,T234,27C,off
12/15/2021 05:58:22,Chamber 4,28-031662252cff,25.0,T234,27C,off
12/15/2021 05:58:42,Chamber 4,28-031662252cff,25.0,T234,27C,off
12/15/2021 05:59:02,Chamber 4,28-031662252cff,25.0,T234,27C,off
12/15/2021 05:59:22,Chamber 4,28-031662252cff,25.0,T234,27C,off
12/15/2021 05:59:42,Chamber 4,28-031662252cff,25.0,T234,27C,off
12/15/2021 06:00:02,Chamber 4,28-031662252cff,25.0,T234,27C,off
12/15/2021 06:00:22,Chamber 4,28-031662252cff,25.0,T234,27C,off
12/15/2021 06:00:42,Chamber 4,28-031662252cff,25.0,T234,27C,off
12/15/2021 06:01:02,Chamber 4,28-031662252cff,25.0,T234,27C,off
12/15/2021 06:01:22,Chamber 4,28-031662252cff,25.0,T234,27C,off
12/15/2021 06:01:42,Chamber 4,28-031662252cff,25.0,T234,27C,off
12/15/2021 06:02:02,Chamber 4,28-031662252cff,25.0,T234,27C,off
12/15/2021 06:02:22,Chamber 4,28-031662252cff,25.0,T234,27C,off
12/15/2021 06:02:42,Chamber 4,28-031662252cff,25.0,T234,27C,off
12/15/2021 06:03:02,Chamber 4,28-031662252cff,25.0,T234,27C,off
12/15/2021 06:03:22,Chamber 4,28-031662252cff,25.0,T234,27C,off
12/15/2021 06:03:42,Chamber 4,28-031662252cff,25.0,T234,27C,off
12/15/2021 06:04:02,Chamber 4,28-031662252cff,25.0,T234,27C,off
12/15/2021 06:04:22,Chamber 4,28-031662252cff,25.0,T234,27C,off
12/15/2021 06:04:42,Chamber 4,28-031662252cff,25.0,T234,27C,off
12/15/2021 06:05:02,Chamber 4,28-031662252cff,25.0,T234,27C,off
12/15/2021 06:05:22,Chamber 4,28-031662252cff,25.0,T234,27C,off
12/15/2021 06:05:42,Chamber 4,28-031662252cff,25.0,T234,27C,off
12/15/2021 06:06:02,Chamber 4,28-031662252cff,25.0,T234,27C,off
12/15/2021 06:06:22,Chamber 4,28-031662252cff,25.0,T234,27C,off
12/15/2021 06:06:42,Chamber 4,28-031662252cff,25.0,T234,27C,off
12/15/2021 06:07:02,Chamber 4,28-031662252cff,25.0,T234,27C,off
12/15/2021 06:07:22,Chamber 4,28-031662252cff,25.0,T234,27C,off
12/15/2021 06:07:42,Chamber 4,28-031662252cff,25.0,T234,27C,off
12/15/2021 06:08:02,Chamber 4,28-031662252cff,25.0,T234,27C,off
12/15/2021 06:08:22,Chamber 4,28-031662252cff,25.0,T234,27C,off
12/15/2021 06:08:42,Chamber 4,28-031662252cff,25.0,T234,27C,off
12/15/2021 06:09:02,Chamber 4,28-031662252cff,25.0,T234,27C,off
12/15/2021 06:09:23,Chamber 4,28-031662252cff,25.0,T234,27C,off
12/15/2021 06:09:42,Chamber 4,28-031662252cff,25.0,T234,27C,off
12/15/2021 06:10:02,Chamber 4,28-031662252cff,25.0,T234,27C,off
12/15/2021 06:10:22,Chamber 4,28-031662252cff,25.0,T234,27C,off
12/15/2021 06:10:42,Chamber 4,28-031662252cff,25.0,T234,27C,off
12/15/2021 06:11:02,Chamber 4,28-031662252cff,25.0,T234,27C,off
12/15/2021 06:11:22,Chamber 4,28-031662252cff,25.0,T234,27C,off
12/15/2021 06:11:42,Chamber 4,28-031662252cff,25.0,T234,27C,off
12/15/2021 06:12:02,Chamber 4,28-031662252cff,25.0,T234,27C,off
12/15/2021 06:12:22,Chamber 4,28-031662252cff,25.0,T234,27C,off
12/15/2021 06:12:42,Chamber 4,28-031662252cff,25.0,T234,27C,off
12/15/2021 06:13:02,Chamber 4,28-031662252cff,25.0,T234,27C,off
12/15/2021 06:13:22,Chamber 4,28-031662252cff,25.0,T234,27C,off
12/15/2021 06:13:42,Chamber 4,28-031662252cff,25.0,T234,27C,off
12/15/2021 06:14:02,Chamber 4,28-031662252cff,25.0,T234,27C,off
12/15/2021 06:14:22,Chamber 4,28-031662252cff,25.0,T234,27C,off
12/15/2021 06:14:42,Chamber 4,28-031662252cff,25.0,T234,27C,off
12/15/2021 06:15:02,Chamber 4,28-031662252cff,25.0,T234,27C,off
12/15/2021 06:15:22,Chamber 4,28-031662252cff,25.0,T234,27C,off
12/15/2021 06:15:42,Chamber 4,28-031662252cff,25.0,T234,27C,off
12/15/2021 06:16:05,Chamber 4,28-031662252cff,25.0,T234,27C,off
12/15/2021 06:16:22,Chamber 4,28-031662252cff,25.0,T234,27C,off
12/15/2021 06:16:42,Chamber 4,28-031662252cff,25.0,T234,27C,off
12/15/2021 06:17:02,Chamber 4,28-031662252cff,25.0,T234,27C,off
12/15/2021 06:17:22,Chamber 4,28-031662252cff,25.0,T234,27C,off
12/15/2021 06:17:42,Chamber 4,28-031662252cff,25.0,T234,27C,off
12/15/2021 06:18:02,Chamber 4,28-031662252cff,25.0,T234,27C,off
12/15/2021 06:18:22,Chamber 4,28-031662252cff,25.0,T234,27C,off
12/15/2021 06:18:42,Chamber 4,28-031662252cff,25.0,T234,27C,off
12/15/2021 06:19:02,Chamber 4,28-031662252cff,25.0,T234,27C,off
12/15/2021 06:19:22,Chamber 4,28-031662252cff,25.0,T234,27C,off
12/15/2021 06:19:42,Chamber 4,28-031662252cff,25.0,T234,27C,off
12/15/2021 06:20:02,Chamber 4,28-031662252cff,25.0,T234,27C,off
12/15/2021 06:20:22,Chamber 4,28-031662252cff,25.0,T234,27C,off
12/15/2021 06:20:42,Chamber 4,28-031662252cff,25.0,T234,27C,off
12/15/2021 06:21:02,Chamber 4,28-031662252cff,25.0,T234,27C,off
12/15/2021 06:21:22,Chamber 4,28-031662252cff,25.0,T234,27C,off
12/15/2021 06:21:42,Chamber 4,28-031662252cff,25.0,T234,27C,off
12/15/2021 06:22:02,Chamber 4,28-031662252cff,25.0,T234,27C,off
12/15/2021 06:22:23,Chamber 4,28-031662252cff,25.0,T234,27C,off
12/15/2021 06:22:42,Chamber 4,28-031662252cff,25.0,T234,27C,off
12/15/2021 06:23:02,Chamber 4,28-031662252cff,25.0,T234,27C,off
12/15/2021 06:23:22,Chamber 4,28-031662252cff,25.0,T234,27C,off
12/15/2021 06:23:42,Chamber 4,28-031662252cff,25.0,T234,27C,off
12/15/2021 06:24:02,Chamber 4,28-031662252cff,25.0,T234,27C,off
12/15/2021 06:24:22,Chamber 4,28-031662252cff,25.0,T234,27C,off
12/15/2021 06:24:42,Chamber 4,28-031662252cff,25.0,T234,27C,off
12/15/2021 06:25:02,Chamber 4,28-031662252cff,25.0,T234,27C,off
12/15/2021 06:25:22,Chamber 4,28-031662252cff,25.0,T234,27C,off
12/15/2021 06:25:42,Chamber 4,28-031662252cff,25.0,T234,27C,off
12/15/2021 06:26:02,Chamber 4,28-031662252cff,25.0,T234,27C,off
12/15/2021 06:26:22,Chamber 4,28-031662252cff,25.0,T234,27C,off
12/15/2021 06:26:42,Chamber 4,28-031662252cff,25.0,T234,27C,off
12/15/2021 06:27:02,Chamber 4,28-031662252cff,24.937,T234,27C,off
12/15/2021 06:27:22,Chamber 4,28-031662252cff,25.0,T234,27C,off
12/15/2021 06:27:42,Chamber 4,28-031662252cff,24.937,T234,27C,off
12/15/2021 06:28:02,Chamber 4,28-031662252cff,24.937,T234,27C,off
12/15/2021 06:28:22,Chamber 4,28-031662252cff,24.937,T234,27C,off
12/15/2021 06:28:42,Chamber 4,28-031662252cff,25.0,T234,27C,off
12/15/2021 06:29:02,Chamber 4,28-031662252cff,24.937,T234,27C,off
12/15/2021 06:29:22,Chamber 4,28-031662252cff,25.0,T234,27C,off
12/15/2021 06:29:43,Chamber 4,28-031662252cff,25.0,T234,27C,off
12/15/2021 06:30:02,Chamber 4,28-031662252cff,25.0,T234,27C,off
12/15/2021 06:30:22,Chamber 4,28-031662252cff,25.0,T234,27C,off
12/15/2021 06:30:42,Chamber 4,28-031662252cff,25.0,T234,27C,off
12/15/2021 06:31:03,Chamber 4,28-031662252cff,25.0,T234,27C,off
12/15/2021 06:31:22,Chamber 4,28-031662252cff,24.937,T234,27C,off
12/15/2021 06:31:42,Chamber 4,28-031662252cff,24.937,T234,27C,off
12/15/2021 06:32:02,Chamber 4,28-031662252cff,25.0,T234,27C,off
12/15/2021 06:32:22,Chamber 4,28-031662252cff,24.937,T234,27C,off
12/15/2021 06:32:42,Chamber 4,28-031662252cff,25.0,T234,27C,off
12/15/2021 06:33:02,Chamber 4,28-031662252cff,24.937,T234,27C,off
12/15/2021 06:33:22,Chamber 4,28-031662252cff,24.937,T234,27C,off
12/15/2021 06:33:42,Chamber 4,28-031662252cff,24.937,T234,27C,off
12/15/2021 06:34:02,Chamber 4,28-031662252cff,24.937,T234,27C,off
12/15/2021 06:34:22,Chamber 4,28-031662252cff,24.937,T234,27C,off
12/15/2021 06:34:42,Chamber 4,28-031662252cff,24.937,T234,27C,off
12/15/2021 06:35:02,Chamber 4,28-031662252cff,25.0,T234,27C,off
12/15/2021 06:35:22,Chamber 4,28-031662252cff,24.937,T234,27C,off
12/15/2021 06:35:42,Chamber 4,28-031662252cff,24.937,T234,27C,off
12/15/2021 06:36:02,Chamber 4,28-031662252cff,24.937,T234,27C,off
12/15/2021 06:36:22,Chamber 4,28-031662252cff,24.937,T234,27C,off
12/15/2021 06:36:42,Chamber 4,28-031662252cff,24.937,T234,27C,off
12/15/2021 06:37:02,Chamber 4,28-031662252cff,24.937,T234,27C,off
12/15/2021 06:37:22,Chamber 4,28-031662252cff,24.937,T234,27C,off
12/15/2021 06:37:42,Chamber 4,28-031662252cff,24.937,T234,27C,off
12/15/2021 06:38:02,Chamber 4,28-031662252cff,24.937,T234,27C,off
12/15/2021 06:38:22,Chamber 4,28-031662252cff,24.937,T234,27C,off
12/15/2021 06:38:42,Chamber 4,28-031662252cff,24.937,T234,27C,off
12/15/2021 06:39:02,Chamber 4,28-031662252cff,24.937,T234,27C,off
12/15/2021 06:39:22,Chamber 4,28-031662252cff,24.937,T234,27C,off
12/15/2021 06:39:42,Chamber 4,28-031662252cff,24.937,T234,27C,off
12/15/2021 06:40:02,Chamber 4,28-031662252cff,24.937,T234,27C,off
12/15/2021 06:40:22,Chamber 4,28-031662252cff,24.937,T234,27C,off
12/15/2021 06:40:42,Chamber 4,28-031662252cff,24.937,T234,27C,off
12/15/2021 06:41:02,Chamber 4,28-031662252cff,24.937,T234,27C,off
12/15/2021 06:41:22,Chamber 4,28-031662252cff,24.937,T234,27C,off
12/15/2021 06:41:42,Chamber 4,28-031662252cff,24.937,T234,27C,off
12/15/2021 06:42:02,Chamber 4,28-031662252cff,24.937,T234,27C,off
12/15/2021 06:42:22,Chamber 4,28-031662252cff,24.937,T234,27C,off
12/15/2021 06:42:42,Chamber 4,28-031662252cff,24.937,T234,27C,off
12/15/2021 06:43:02,Chamber 4,28-031662252cff,24.937,T234,27C,off
12/15/2021 06:43:22,Chamber 4,28-031662252cff,24.937,T234,27C,off
12/15/2021 06:43:42,Chamber 4,28-031662252cff,24.937,T234,27C,off
12/15/2021 06:44:02,Chamber 4,28-031662252cff,24.937,T234,27C,off
12/15/2021 06:44:22,Chamber 4,28-031662252cff,24.937,T234,27C,off
12/15/2021 06:44:42,Chamber 4,28-031662252cff,24.937,T234,27C,off
12/15/2021 06:45:02,Chamber 4,28-031662252cff,24.937,T234,27C,off
12/15/2021 06:45:22,Chamber 4,28-031662252cff,24.937,T234,27C,off
12/15/2021 06:45:42,Chamber 4,28-031662252cff,24.937,T234,27C,off
12/15/2021 06:46:02,Chamber 4,28-031662252cff,24.937,T234,27C,off
12/15/2021 06:46:22,Chamber 4,28-031662252cff,24.937,T234,27C,off
12/15/2021 06:46:42,Chamber 4,28-031662252cff,24.937,T234,27C,off
12/15/2021 06:47:02,Chamber 4,28-031662252cff,24.937,T234,27C,off
12/15/2021 06:47:22,Chamber 4,28-031662252cff,24.937,T234,27C,off
12/15/2021 06:47:42,Chamber 4,28-031662252cff,24.937,T234,27C,off
12/15/2021 06:48:02,Chamber 4,28-031662252cff,24.937,T234,27C,off
12/15/2021 06:48:22,Chamber 4,28-031662252cff,24.937,T234,27C,off
12/15/2021 06:48:42,Chamber 4,28-031662252cff,24.937,T234,27C,off
12/15/2021 06:49:02,Chamber 4,28-031662252cff,24.937,T234,27C,off
12/15/2021 06:49:22,Chamber 4,28-031662252cff,24.937,T234,27C,off
12/15/2021 06:49:42,Chamber 4,28-031662252cff,24.937,T234,27C,off
12/15/2021 06:50:02,Chamber 4,28-031662252cff,24.937,T234,27C,off
12/15/2021 06:50:22,Chamber 4,28-031662252cff,24.937,T234,27C,off
12/15/2021 06:50:42,Chamber 4,28-031662252cff,24.937,T234,27C,off
12/15/2021 06:51:02,Chamber 4,28-031662252cff,24.937,T234,27C,off
12/15/2021 06:51:22,Chamber 4,28-031662252cff,24.937,T234,27C,off
12/15/2021 06:51:42,Chamber 4,28-031662252cff,24.937,T234,27C,off
12/15/2021 06:52:02,Chamber 4,28-031662252cff,24.937,T234,27C,off
12/15/2021 06:52:22,Chamber 4,28-031662252cff,24.937,T234,27C,off
12/15/2021 06:52:42,Chamber 4,28-031662252cff,24.937,T234,27C,off
12/15/2021 06:53:02,Chamber 4,28-031662252cff,24.937,T234,27C,off
12/15/2021 06:53:22,Chamber 4,28-031662252cff,24.937,T234,27C,off
12/15/2021 06:53:42,Chamber 4,28-031662252cff,24.937,T234,27C,off
12/15/2021 06:54:02,Chamber 4,28-031662252cff,24.937,T234,27C,off
12/15/2021 06:54:22,Chamber 4,28-031662252cff,24.937,T234,27C,off
12/15/2021 06:54:42,Chamber 4,28-031662252cff,24.937,T234,27C,off
12/15/2021 06:55:02,Chamber 4,28-031662252cff,24.937,T234,27C,off
12/15/2021 06:55:22,Chamber 4,28-031662252cff,24.937,T234,27C,off
12/15/2021 06:55:42,Chamber 4,28-031662252cff,24.937,T234,27C,off
12/15/2021 06:56:02,Chamber 4,28-031662252cff,24.937,T234,27C,off
12/15/2021 06:56:22,Chamber 4,28-031662252cff,24.937,T234,27C,off
12/15/2021 06:56:42,Chamber 4,28-031662252cff,24.937,T234,27C,off
12/15/2021 06:57:02,Chamber 4,28-031662252cff,24.937,T234,27C,off
12/15/2021 06:57:22,Chamber 4,28-031662252cff,24.937,T234,27C,off
12/15/2021 06:57:42,Chamber 4,28-031662252cff,24.937,T234,27C,off
12/15/2021 06:58:02,Chamber 4,28-031662252cff,24.937,T234,27C,off
12/15/2021 06:58:22,Chamber 4,28-031662252cff,24.937,T234,27C,off
12/15/2021 06:58:42,Chamber 4,28-031662252cff,24.937,T234,27C,off
12/15/2021 06:59:02,Chamber 4,28-031662252cff,24.937,T234,27C,off
12/15/2021 06:59:22,Chamber 4,28-031662252cff,24.937,T234,27C,off
12/15/2021 06:59:42,Chamber 4,28-031662252cff,24.937,T234,27C,off
12/15/2021 07:00:03,Chamber 4,28-031662252cff,24.937,T234,27C,off
12/15/2021 07:00:23,Chamber 4,28-031662252cff,24.937,T234,27C,off
12/15/2021 07:00:43,Chamber 4,28-031662252cff,24.937,T234,27C,off
12/15/2021 07:01:03,Chamber 4,28-031662252cff,24.937,T234,27C,off
12/15/2021 07:01:23,Chamber 4,28-031662252cff,24.937,T234,27C,off
12/15/2021 07:01:43,Chamber 4,28-031662252cff,24.937,T234,27C,off
12/15/2021 07:02:03,Chamber 4,28-031662252cff,24.937,T234,27C,off
12/15/2021 07:02:23,Chamber 4,28-031662252cff,24.937,T234,27C,off
12/15/2021 07:02:43,Chamber 4,28-031662252cff,24.937,T234,27C,off
12/15/2021 07:03:03,Chamber 4,28-031662252cff,24.937,T234,27C,off
12/15/2021 07:03:23,Chamber 4,28-031662252cff,24.937,T234,27C,off
12/15/2021 07:03:43,Chamber 4,28-031662252cff,24.937,T234,27C,off
12/15/2021 07:04:03,Chamber 4,28-031662252cff,24.937,T234,27C,off
12/15/2021 07:04:23,Chamber 4,28-031662252cff,24.937,T234,27C,off
12/15/2021 07:04:43,Chamber 4,28-031662252cff,24.937,T234,27C,off
12/15/2021 07:05:03,Chamber 4,28-031662252cff,24.937,T234,27C,off
12/15/2021 07:05:23,Chamber 4,28-031662252cff,24.937,T234,27C,off
12/15/2021 07:05:43,Chamber 4,28-031662252cff,24.937,T234,27C,off
12/15/2021 07:06:03,Chamber 4,28-031662252cff,24.937,T234,27C,off
12/15/2021 07:06:23,Chamber 4,28-031662252cff,24.937,T234,27C,off
12/15/2021 07:06:43,Chamber 4,28-031662252cff,24.937,T234,27C,off
12/15/2021 07:07:03,Chamber 4,28-031662252cff,24.937,T234,27C,off
12/15/2021 07:07:23,Chamber 4,28-031662252cff,24.937,T234,27C,off
12/15/2021 07:07:43,Chamber 4,28-031662252cff,24.937,T234,27C,off
12/15/2021 07:08:03,Chamber 4,28-031662252cff,24.937,T234,27C,off
12/15/2021 07:08:23,Chamber 4,28-031662252cff,24.937,T234,27C,off
12/15/2021 07:08:43,Chamber 4,28-031662252cff,24.937,T234,27C,off
12/15/2021 07:09:03,Chamber 4,28-031662252cff,24.937,T234,27C,off
12/15/2021 07:09:23,Chamber 4,28-031662252cff,24.937,T234,27C,off
12/15/2021 07:09:43,Chamber 4,28-031662252cff,24.937,T234,27C,off
12/15/2021 07:10:03,Chamber 4,28-031662252cff,24.937,T234,27C,off
12/15/2021 07:10:23,Chamber 4,28-031662252cff,24.937,T234,27C,off
12/15/2021 07:10:43,Chamber 4,28-031662252cff,24.937,T234,27C,off
12/15/2021 07:11:03,Chamber 4,28-031662252cff,24.937,T234,27C,off
12/15/2021 07:11:23,Chamber 4,28-031662252cff,24.937,T234,27C,off
12/15/2021 07:11:43,Chamber 4,28-031662252cff,24.937,T234,27C,off
12/15/2021 07:12:03,Chamber 4,28-031662252cff,24.937,T234,27C,off
12/15/2021 07:12:23,Chamber 4,28-031662252cff,24.937,T234,27C,off
12/15/2021 07:12:43,Chamber 4,28-031662252cff,24.937,T234,27C,off
12/15/2021 07:13:03,Chamber 4,28-031662252cff,24.937,T234,27C,off
12/15/2021 07:13:23,Chamber 4,28-031662252cff,24.937,T234,27C,off
12/15/2021 07:13:43,Chamber 4,28-031662252cff,24.937,T234,27C,off
12/15/2021 07:14:03,Chamber 4,28-031662252cff,24.937,T234,27C,off
12/15/2021 07:14:23,Chamber 4,28-031662252cff,24.937,T234,27C,off
12/15/2021 07:14:43,Chamber 4,28-031662252cff,24.937,T234,27C,off
12/15/2021 07:15:03,Chamber 4,28-031662252cff,24.937,T234,27C,off
12/15/2021 07:15:23,Chamber 4,28-031662252cff,24.937,T234,27C,off
12/15/2021 07:15:44,Chamber 4,28-031662252cff,24.937,T234,27C,off
12/15/2021 07:16:03,Chamber 4,28-031662252cff,24.937,T234,27C,off
12/15/2021 07:16:23,Chamber 4,28-031662252cff,24.937,T234,27C,off
12/15/2021 07:16:43,Chamber 4,28-031662252cff,24.937,T234,27C,off
12/15/2021 07:17:03,Chamber 4,28-031662252cff,24.937,T234,27C,off
12/15/2021 07:17:23,Chamber 4,28-031662252cff,24.875,T234,27C,off
12/15/2021 07:17:43,Chamber 4,28-031662252cff,24.937,T234,27C,off
12/15/2021 07:18:03,Chamber 4,28-031662252cff,24.937,T234,27C,off
12/15/2021 07:18:23,Chamber 4,28-031662252cff,24.937,T234,27C,off
12/15/2021 07:18:43,Chamber 4,28-031662252cff,24.937,T234,27C,off
12/15/2021 07:19:03,Chamber 4,28-031662252cff,24.937,T234,27C,off
12/15/2021 07:19:23,Chamber 4,28-031662252cff,24.937,T234,27C,off
12/15/2021 07:19:43,Chamber 4,28-031662252cff,24.937,T234,27C,off
12/15/2021 07:20:03,Chamber 4,28-031662252cff,24.937,T234,27C,off
12/15/2021 07:20:23,Chamber 4,28-031662252cff,24.937,T234,27C,off
12/15/2021 07:20:43,Chamber 4,28-031662252cff,24.937,T234,27C,off
12/15/2021 07:21:03,Chamber 4,28-031662252cff,24.937,T234,27C,off
12/15/2021 07:21:23,Chamber 4,28-031662252cff,24.937,T234,27C,off
12/15/2021 07:21:43,Chamber 4,28-031662252cff,24.937,T234,27C,off
12/15/2021 07:22:03,Chamber 4,28-031662252cff,24.937,T234,27C,off
12/15/2021 07:22:23,Chamber 4,28-031662252cff,24.937,T234,27C,off
12/15/2021 07:22:43,Chamber 4,28-031662252cff,24.937,T234,27C,off
12/15/2021 07:23:03,Chamber 4,28-031662252cff,24.875,T234,27C,off
12/15/2021 07:23:23,Chamber 4,28-031662252cff,24.937,T234,27C,off
12/15/2021 07:23:43,Chamber 4,28-031662252cff,24.937,T234,27C,off
12/15/2021 07:24:03,Chamber 4,28-031662252cff,24.937,T234,27C,off
12/15/2021 07:24:23,Chamber 4,28-031662252cff,24.937,T234,27C,off
12/15/2021 07:24:43,Chamber 4,28-031662252cff,24.937,T234,27C,off
12/15/2021 07:25:03,Chamber 4,28-031662252cff,24.937,T234,27C,off
12/15/2021 07:25:23,Chamber 4,28-031662252cff,24.937,T234,27C,off
12/15/2021 07:25:43,Chamber 4,28-031662252cff,24.937,T234,27C,off
12/15/2021 07:26:03,Chamber 4,28-031662252cff,24.937,T234,27C,off
12/15/2021 07:26:23,Chamber 4,28-031662252cff,24.937,T234,27C,off
12/15/2021 07:26:43,Chamber 4,28-031662252cff,24.937,T234,27C,off
12/15/2021 07:27:03,Chamber 4,28-031662252cff,24.937,T234,27C,off
12/15/2021 07:27:23,Chamber 4,28-031662252cff,24.937,T234,27C,off
12/15/2021 07:27:43,Chamber 4,28-031662252cff,24.937,T234,27C,off
12/15/2021 07:28:03,Chamber 4,28-031662252cff,24.937,T234,27C,off
12/15/2021 07:28:23,Chamber 4,28-031662252cff,24.937,T234,27C,off
12/15/2021 07:28:43,Chamber 4,28-031662252cff,24.937,T234,27C,off
12/15/2021 07:29:03,Chamber 4,28-031662252cff,24.937,T234,27C,off
12/15/2021 07:29:23,Chamber 4,28-031662252cff,24.937,T234,27C,off
12/15/2021 07:29:43,Chamber 4,28-031662252cff,24.937,T234,27C,off
12/15/2021 07:30:03,Chamber 4,28-031662252cff,24.937,T234,27C,off
12/15/2021 07:30:23,Chamber 4,28-031662252cff,24.937,T234,27C,off
12/15/2021 07:30:43,Chamber 4,28-031662252cff,24.937,T234,27C,off
12/15/2021 07:31:03,Chamber 4,28-031662252cff,24.937,T234,27C,off
12/15/2021 07:31:23,Chamber 4,28-031662252cff,24.937,T234,27C,off
12/15/2021 07:31:43,Chamber 4,28-031662252cff,24.937,T234,27C,off
12/15/2021 07:32:03,Chamber 4,28-031662252cff,24.937,T234,27C,off
12/15/2021 07:32:23,Chamber 4,28-031662252cff,24.937,T234,27C,off
12/15/2021 07:32:43,Chamber 4,28-031662252cff,24.937,T234,27C,off
12/15/2021 07:33:03,Chamber 4,28-031662252cff,24.937,T234,27C,off
12/15/2021 07:33:23,Chamber 4,28-031662252cff,24.937,T234,27C,off
12/15/2021 07:33:43,Chamber 4,28-031662252cff,24.937,T234,27C,off
12/15/2021 07:34:03,Chamber 4,28-031662252cff,24.937,T234,27C,off
12/15/2021 07:34:23,Chamber 4,28-031662252cff,24.937,T234,27C,off
12/15/2021 07:34:43,Chamber 4,28-031662252cff,24.937,T234,27C,off
12/15/2021 07:35:03,Chamber 4,28-031662252cff,24.937,T234,27C,off
12/15/2021 07:35:23,Chamber 4,28-031662252cff,24.937,T234,27C,off
12/15/2021 07:35:43,Chamber 4,28-031662252cff,24.937,T234,27C,off
12/15/2021 07:36:03,Chamber 4,28-031662252cff,24.937,T234,27C,off
12/15/2021 07:36:23,Chamber 4,28-031662252cff,24.937,T234,27C,off
12/15/2021 07:36:43,Chamber 4,28-031662252cff,24.937,T234,27C,off
12/15/2021 07:37:03,Chamber 4,28-031662252cff,24.937,T234,27C,off
12/15/2021 07:37:23,Chamber 4,28-031662252cff,24.937,T234,27C,off
12/15/2021 07:37:43,Chamber 4,28-031662252cff,24.937,T234,27C,off
12/15/2021 07:38:03,Chamber 4,28-031662252cff,24.937,T234,27C,off
12/15/2021 07:38:23,Chamber 4,28-031662252cff,24.937,T234,27C,off
12/15/2021 07:38:43,Chamber 4,28-031662252cff,24.937,T234,27C,off
12/15/2021 07:39:03,Chamber 4,28-031662252cff,24.937,T234,27C,off
12/15/2021 07:39:23,Chamber 4,28-031662252cff,24.937,T234,27C,off
12/15/2021 07:39:43,Chamber 4,28-031662252cff,24.937,T234,27C,off
12/15/2021 07:40:03,Chamber 4,28-031662252cff,24.937,T234,27C,off
12/15/2021 07:40:23,Chamber 4,28-031662252cff,24.937,T234,27C,off
12/15/2021 07:40:43,Chamber 4,28-031662252cff,24.937,T234,27C,off
12/15/2021 07:41:03,Chamber 4,28-031662252cff,24.937,T234,27C,off
12/15/2021 07:41:23,Chamber 4,28-031662252cff,24.937,T234,27C,off
12/15/2021 07:41:43,Chamber 4,28-031662252cff,24.937,T234,27C,off
12/15/2021 07:42:03,Chamber 4,28-031662252cff,24.937,T234,27C,off
12/15/2021 07:42:23,Chamber 4,28-031662252cff,24.937,T234,27C,off
12/15/2021 07:42:43,Chamber 4,28-031662252cff,24.937,T234,27C,off
12/15/2021 07:43:03,Chamber 4,28-031662252cff,24.937,T234,27C,off
12/15/2021 07:43:23,Chamber 4,28-031662252cff,24.937,T234,27C,off
12/15/2021 07:43:43,Chamber 4,28-031662252cff,24.937,T234,27C,off
12/15/2021 07:44:03,Chamber 4,28-031662252cff,24.937,T234,27C,off
12/15/2021 07:44:23,Chamber 4,28-031662252cff,24.937,T234,27C,off
12/15/2021 07:44:43,Chamber 4,28-031662252cff,24.937,T234,27C,off
12/15/2021 07:45:03,Chamber 4,28-031662252cff,24.937,T234,27C,off
12/15/2021 07:45:23,Chamber 4,28-031662252cff,24.937,T234,27C,off
12/15/2021 07:45:43,Chamber 4,28-031662252cff,24.937,T234,27C,off
12/15/2021 07:46:03,Chamber 4,28-031662252cff,24.937,T234,27C,off
12/15/2021 07:46:23,Chamber 4,28-031662252cff,24.937,T234,27C,off
12/15/2021 07:46:43,Chamber 4,28-031662252cff,24.937,T234,27C,off
12/15/2021 07:47:03,Chamber 4,28-031662252cff,24.937,T234,27C,off
12/15/2021 07:47:23,Chamber 4,28-031662252cff,24.937,T234,27C,off
12/15/2021 07:47:43,Chamber 4,28-031662252cff,24.937,T234,27C,off
12/15/2021 07:48:03,Chamber 4,28-031662252cff,24.937,T234,27C,off
12/15/2021 07:48:23,Chamber 4,28-031662252cff,24.937,T234,27C,off
12/15/2021 07:48:43,Chamber 4,28-031662252cff,24.937,T234,27C,off
12/15/2021 07:49:03,Chamber 4,28-031662252cff,24.937,T234,27C,off
12/15/2021 07:49:23,Chamber 4,28-031662252cff,24.937,T234,27C,off
12/15/2021 07:49:43,Chamber 4,28-031662252cff,24.937,T234,27C,off
12/15/2021 07:50:03,Chamber 4,28-031662252cff,24.937,T234,27C,off
12/15/2021 07:50:23,Chamber 4,28-031662252cff,24.937,T234,27C,off
12/15/2021 07:50:43,Chamber 4,28-031662252cff,24.937,T234,27C,off
12/15/2021 07:51:03,Chamber 4,28-031662252cff,24.937,T234,27C,off
12/15/2021 07:51:23,Chamber 4,28-031662252cff,24.937,T234,27C,off
12/15/2021 07:51:43,Chamber 4,28-031662252cff,24.937,T234,27C,off
12/15/2021 07:52:03,Chamber 4,28-031662252cff,24.937,T234,27C,off
12/15/2021 07:52:23,Chamber 4,28-031662252cff,24.937,T234,27C,off
12/15/2021 07:52:43,Chamber 4,28-031662252cff,24.937,T234,27C,off
12/15/2021 07:53:03,Chamber 4,28-031662252cff,24.937,T234,27C,off
12/15/2021 07:53:23,Chamber 4,28-031662252cff,24.937,T234,27C,off
12/15/2021 07:53:43,Chamber 4,28-031662252cff,24.937,T234,27C,off
12/15/2021 07:54:03,Chamber 4,28-031662252cff,24.937,T234,27C,off
12/15/2021 07:54:23,Chamber 4,28-031662252cff,24.937,T234,27C,off
12/15/2021 07:54:43,Chamber 4,28-031662252cff,24.937,T234,27C,off
12/15/2021 07:55:03,Chamber 4,28-031662252cff,24.937,T234,27C,off
12/15/2021 07:55:23,Chamber 4,28-031662252cff,24.937,T234,27C,off
12/15/2021 07:55:43,Chamber 4,28-031662252cff,24.937,T234,27C,off
12/15/2021 07:56:03,Chamber 4,28-031662252cff,24.937,T234,27C,off
12/15/2021 07:56:23,Chamber 4,28-031662252cff,24.937,T234,27C,off
12/15/2021 07:56:43,Chamber 4,28-031662252cff,24.937,T234,27C,off
12/15/2021 07:57:03,Chamber 4,28-031662252cff,24.937,T234,27C,off
12/15/2021 07:57:23,Chamber 4,28-031662252cff,24.937,T234,27C,off
12/15/2021 07:57:43,Chamber 4,28-031662252cff,24.937,T234,27C,off
12/15/2021 07:58:03,Chamber 4,28-031662252cff,24.937,T234,27C,off
12/15/2021 07:58:23,Chamber 4,28-031662252cff,24.937,T234,27C,off
12/15/2021 07:58:43,Chamber 4,28-031662252cff,24.937,T234,27C,off
12/15/2021 07:59:03,Chamber 4,28-031662252cff,24.937,T234,27C,off
12/15/2021 07:59:23,Chamber 4,28-031662252cff,24.937,T234,27C,off
12/15/2021 07:59:43,Chamber 4,28-031662252cff,24.937,T234,27C,off
12/15/2021 08:00:02,Chamber 4,28-031662252cff,24.937,T234,27C,off
12/15/2021 08:00:22,Chamber 4,28-031662252cff,24.937,T234,27C,off
12/15/2021 08:00:42,Chamber 4,28-031662252cff,24.937,T234,27C,off
12/15/2021 08:01:02,Chamber 4,28-031662252cff,24.937,T234,27C,off
12/15/2021 08:01:22,Chamber 4,28-031662252cff,24.937,T234,27C,off
12/15/2021 08:01:42,Chamber 4,28-031662252cff,24.937,T234,27C,off
12/15/2021 08:02:02,Chamber 4,28-031662252cff,24.937,T234,27C,off
12/15/2021 08:02:22,Chamber 4,28-031662252cff,24.937,T234,27C,off
12/15/2021 08:02:42,Chamber 4,28-031662252cff,24.937,T234,27C,off
12/15/2021 08:03:02,Chamber 4,28-031662252cff,24.937,T234,27C,off
12/15/2021 08:03:22,Chamber 4,28-031662252cff,24.937,T234,27C,off
12/15/2021 08:03:42,Chamber 4,28-031662252cff,24.937,T234,27C,off
12/15/2021 08:04:02,Chamber 4,28-031662252cff,24.937,T234,27C,off
12/15/2021 08:04:22,Chamber 4,28-031662252cff,24.937,T234,27C,off
12/15/2021 08:04:42,Chamber 4,28-031662252cff,24.937,T234,27C,off
12/15/2021 08:05:02,Chamber 4,28-031662252cff,24.937,T234,27C,off
12/15/2021 08:05:22,Chamber 4,28-031662252cff,24.937,T234,27C,off
12/15/2021 08:05:42,Chamber 4,28-031662252cff,24.937,T234,27C,off
12/15/2021 08:06:02,Chamber 4,28-031662252cff,24.937,T234,27C,off
12/15/2021 08:06:22,Chamber 4,28-031662252cff,24.937,T234,27C,off
12/15/2021 08:06:42,Chamber 4,28-031662252cff,24.937,T234,27C,off
12/15/2021 08:07:02,Chamber 4,28-031662252cff,24.937,T234,27C,off
12/15/2021 08:07:22,Chamber 4,28-031662252cff,24.875,T234,27C,off
12/15/2021 08:07:42,Chamber 4,28-031662252cff,24.937,T234,27C,off
12/15/2021 08:08:02,Chamber 4,28-031662252cff,24.937,T234,27C,off
12/15/2021 08:08:22,Chamber 4,28-031662252cff,24.937,T234,27C,off
12/15/2021 08:08:42,Chamber 4,28-031662252cff,24.937,T234,27C,off
12/15/2021 08:09:02,Chamber 4,28-031662252cff,24.937,T234,27C,off
12/15/2021 08:09:22,Chamber 4,28-031662252cff,24.937,T234,27C,off
12/15/2021 08:09:42,Chamber 4,28-031662252cff,24.937,T234,27C,off
12/15/2021 08:10:02,Chamber 4,28-031662252cff,24.937,T234,27C,off
12/15/2021 08:10:22,Chamber 4,28-031662252cff,24.937,T234,27C,off
12/15/2021 08:10:42,Chamber 4,28-031662252cff,24.937,T234,27C,off
12/15/2021 08:11:02,Chamber 4,28-031662252cff,24.937,T234,27C,off
12/15/2021 08:11:22,Chamber 4,28-031662252cff,24.937,T234,27C,off
12/15/2021 08:11:42,Chamber 4,28-031662252cff,24.937,T234,27C,off
12/15/2021 08:12:02,Chamber 4,28-031662252cff,24.937,T234,27C,off
12/15/2021 08:12:22,Chamber 4,28-031662252cff,24.937,T234,27C,off
12/15/2021 08:12:42,Chamber 4,28-031662252cff,24.937,T234,27C,off
12/15/2021 08:13:02,Chamber 4,28-031662252cff,24.937,T234,27C,off
12/15/2021 08:13:22,Chamber 4,28-031662252cff,24.937,T234,27C,off
12/15/2021 08:13:42,Chamber 4,28-031662252cff,24.937,T234,27C,off
12/15/2021 08:14:02,Chamber 4,28-031662252cff,24.937,T234,27C,off
12/15/2021 08:14:22,Chamber 4,28-031662252cff,24.937,T234,27C,off
12/15/2021 08:14:42,Chamber 4,28-031662252cff,24.937,T234,27C,off
12/15/2021 08:15:02,Chamber 4,28-031662252cff,24.937,T234,27C,off
12/15/2021 08:15:22,Chamber 4,28-031662252cff,24.937,T234,27C,off
12/15/2021 08:15:42,Chamber 4,28-031662252cff,24.937,T234,27C,off
12/15/2021 08:16:02,Chamber 4,28-031662252cff,24.937,T234,27C,off
12/15/2021 08:16:22,Chamber 4,28-031662252cff,24.937,T234,27C,off
12/15/2021 08:16:42,Chamber 4,28-031662252cff,24.937,T234,27C,off
12/15/2021 08:17:02,Chamber 4,28-031662252cff,24.937,T234,27C,off
12/15/2021 08:17:22,Chamber 4,28-031662252cff,24.937,T234,27C,off
12/15/2021 08:17:42,Chamber 4,28-031662252cff,24.937,T234,27C,off
12/15/2021 08:18:02,Chamber 4,28-031662252cff,24.937,T234,27C,off
12/15/2021 08:18:22,Chamber 4,28-031662252cff,24.937,T234,27C,off
12/15/2021 08:18:42,Chamber 4,28-031662252cff,24.937,T234,27C,off
12/15/2021 08:19:02,Chamber 4,28-031662252cff,24.937,T234,27C,off
12/15/2021 08:19:22,Chamber 4,28-031662252cff,24.937,T234,27C,off
12/15/2021 08:19:42,Chamber 4,28-031662252cff,24.937,T234,27C,off
12/15/2021 08:20:02,Chamber 4,28-031662252cff,24.937,T234,27C,off
12/15/2021 08:20:22,Chamber 4,28-031662252cff,24.937,T234,27C,off
12/15/2021 08:20:42,Chamber 4,28-031662252cff,24.937,T234,27C,off
12/15/2021 08:21:03,Chamber 4,28-031662252cff,24.937,T234,27C,off
12/15/2021 08:21:22,Chamber 4,28-031662252cff,24.937,T234,27C,off
12/15/2021 08:21:42,Chamber 4,28-031662252cff,24.937,T234,27C,off
12/15/2021 08:22:02,Chamber 4,28-031662252cff,24.937,T234,27C,off
12/15/2021 08:22:22,Chamber 4,28-031662252cff,24.937,T234,27C,off
12/15/2021 08:22:42,Chamber 4,28-031662252cff,24.937,T234,27C,off
12/15/2021 08:23:02,Chamber 4,28-031662252cff,24.937,T234,27C,off
12/15/2021 08:23:22,Chamber 4,28-031662252cff,24.937,T234,27C,off
12/15/2021 08:23:42,Chamber 4,28-031662252cff,24.937,T234,27C,off
12/15/2021 08:24:02,Chamber 4,28-031662252cff,24.937,T234,27C,off
12/15/2021 08:24:22,Chamber 4,28-031662252cff,24.937,T234,27C,off
12/15/2021 08:24:42,Chamber 4,28-031662252cff,24.937,T234,27C,off
12/15/2021 08:25:02,Chamber 4,28-031662252cff,24.937,T234,27C,off
12/15/2021 08:25:22,Chamber 4,28-031662252cff,24.937,T234,27C,off
12/15/2021 08:25:42,Chamber 4,28-031662252cff,24.937,T234,27C,off
12/15/2021 08:26:02,Chamber 4,28-031662252cff,24.937,T234,27C,off
12/15/2021 08:26:22,Chamber 4,28-031662252cff,24.937,T234,27C,off
12/15/2021 08:26:42,Chamber 4,28-031662252cff,24.937,T234,27C,off
12/15/2021 08:27:02,Chamber 4,28-031662252cff,24.937,T234,27C,off
12/15/2021 08:27:22,Chamber 4,28-031662252cff,24.937,T234,27C,off
12/15/2021 08:27:42,Chamber 4,28-031662252cff,24.937,T234,27C,off
12/15/2021 08:28:02,Chamber 4,28-031662252cff,24.937,T234,27C,off
12/15/2021 08:28:22,Chamber 4,28-031662252cff,24.937,T234,27C,off
12/15/2021 08:28:42,Chamber 4,28-031662252cff,24.937,T234,27C,off
12/15/2021 08:29:02,Chamber 4,28-031662252cff,24.937,T234,27C,off
12/15/2021 08:29:22,Chamber 4,28-031662252cff,24.937,T234,27C,off
12/15/2021 08:29:42,Chamber 4,28-031662252cff,24.937,T234,27C,off
12/15/2021 08:30:02,Chamber 4,28-031662252cff,24.937,T234,27C,off
12/15/2021 08:30:22,Chamber 4,28-031662252cff,24.937,T234,27C,off
12/15/2021 08:30:42,Chamber 4,28-031662252cff,24.937,T234,27C,off
12/15/2021 08:31:02,Chamber 4,28-031662252cff,24.937,T234,27C,off
12/15/2021 08:31:22,Chamber 4,28-031662252cff,24.937,T234,27C,off
12/15/2021 08:31:42,Chamber 4,28-031662252cff,24.937,T234,27C,off
12/15/2021 08:32:02,Chamber 4,28-031662252cff,24.937,T234,27C,off
12/15/2021 08:32:22,Chamber 4,28-031662252cff,24.937,T234,27C,off
12/15/2021 08:32:42,Chamber 4,28-031662252cff,24.937,T234,27C,off
12/15/2021 08:33:02,Chamber 4,28-031662252cff,24.937,T234,27C,off
12/15/2021 08:33:22,Chamber 4,28-031662252cff,24.937,T234,27C,off
12/15/2021 08:33:42,Chamber 4,28-031662252cff,24.937,T234,27C,off
12/15/2021 08:34:02,Chamber 4,28-031662252cff,24.937,T234,27C,off
12/15/2021 08:34:22,Chamber 4,28-031662252cff,24.937,T234,27C,off
12/15/2021 08:34:42,Chamber 4,28-031662252cff,24.937,T234,27C,off
12/15/2021 08:35:02,Chamber 4,28-031662252cff,24.937,T234,27C,off
12/15/2021 08:35:22,Chamber 4,28-031662252cff,24.937,T234,27C,off
12/15/2021 08:35:42,Chamber 4,28-031662252cff,24.937,T234,27C,off
12/15/2021 08:36:02,Chamber 4,28-031662252cff,24.937,T234,27C,off
12/15/2021 08:36:22,Chamber 4,28-031662252cff,24.937,T234,27C,off
12/15/2021 08:36:42,Chamber 4,28-031662252cff,24.937,T234,27C,off
12/15/2021 08:37:02,Chamber 4,28-031662252cff,24.937,T234,27C,off
12/15/2021 08:37:22,Chamber 4,28-031662252cff,24.937,T234,27C,off
12/15/2021 08:37:42,Chamber 4,28-031662252cff,24.937,T234,27C,off
12/15/2021 08:38:02,Chamber 4,28-031662252cff,24.937,T234,27C,off
12/15/2021 08:38:22,Chamber 4,28-031662252cff,24.875,T234,27C,off
12/15/2021 08:38:42,Chamber 4,28-031662252cff,24.937,T234,27C,off
12/15/2021 08:39:02,Chamber 4,28-031662252cff,24.937,T234,27C,off
12/15/2021 08:39:22,Chamber 4,28-031662252cff,24.937,T234,27C,off
12/15/2021 08:39:42,Chamber 4,28-031662252cff,24.937,T234,27C,off
12/15/2021 08:40:02,Chamber 4,28-031662252cff,24.937,T234,27C,off
12/15/2021 08:40:22,Chamber 4,28-031662252cff,24.937,T234,27C,off
12/15/2021 08:40:42,Chamber 4,28-031662252cff,24.937,T234,27C,off
12/15/2021 08:41:02,Chamber 4,28-031662252cff,24.875,T234,27C,off
12/15/2021 08:41:22,Chamber 4,28-031662252cff,24.937,T234,27C,off
12/15/2021 08:41:42,Chamber 4,28-031662252cff,24.875,T234,27C,off
12/15/2021 08:42:02,Chamber 4,28-031662252cff,24.875,T234,27C,off
12/15/2021 08:42:22,Chamber 4,28-031662252cff,24.875,T234,27C,off
12/15/2021 08:42:42,Chamber 4,28-031662252cff,24.875,T234,27C,off
12/15/2021 08:43:02,Chamber 4,28-031662252cff,24.937,T234,27C,off
12/15/2021 08:43:22,Chamber 4,28-031662252cff,24.875,T234,27C,off
12/15/2021 08:43:42,Chamber 4,28-031662252cff,24.875,T234,27C,off
12/15/2021 08:44:02,Chamber 4,28-031662252cff,24.875,T234,27C,off
12/15/2021 08:44:22,Chamber 4,28-031662252cff,24.875,T234,27C,off
12/15/2021 08:44:42,Chamber 4,28-031662252cff,24.875,T234,27C,off
12/15/2021 08:45:02,Chamber 4,28-031662252cff,24.875,T234,27C,off
12/15/2021 08:45:22,Chamber 4,28-031662252cff,24.875,T234,27C,off
12/15/2021 08:45:42,Chamber 4,28-031662252cff,24.875,T234,27C,off
12/15/2021 08:46:02,Chamber 4,28-031662252cff,24.875,T234,27C,off
12/15/2021 08:46:22,Chamber 4,28-031662252cff,24.875,T234,27C,off
12/15/2021 08:46:42,Chamber 4,28-031662252cff,24.875,T234,27C,off
12/15/2021 08:47:02,Chamber 4,28-031662252cff,24.875,T234,27C,off
12/15/2021 08:47:22,Chamber 4,28-031662252cff,24.875,T234,27C,off
12/15/2021 08:47:42,Chamber 4,28-031662252cff,24.875,T234,27C,off
12/15/2021 08:48:02,Chamber 4,28-031662252cff,24.875,T234,27C,off
12/15/2021 08:48:22,Chamber 4,28-031662252cff,24.875,T234,27C,off
12/15/2021 08:48:42,Chamber 4,28-031662252cff,24.875,T234,27C,off
12/15/2021 08:49:02,Chamber 4,28-031662252cff,24.875,T234,27C,off
12/15/2021 08:49:22,Chamber 4,28-031662252cff,24.875,T234,27C,off
12/15/2021 08:49:42,Chamber 4,28-031662252cff,24.875,T234,27C,off
12/15/2021 08:50:02,Chamber 4,28-031662252cff,24.875,T234,27C,off
12/15/2021 08:50:22,Chamber 4,28-031662252cff,24.875,T234,27C,off
12/15/2021 08:50:42,Chamber 4,28-031662252cff,24.875,T234,27C,off
12/15/2021 08:51:02,Chamber 4,28-031662252cff,24.875,T234,27C,off
12/15/2021 08:51:22,Chamber 4,28-031662252cff,24.875,T234,27C,off
12/15/2021 08:51:42,Chamber 4,28-031662252cff,24.875,T234,27C,off
12/15/2021 08:52:02,Chamber 4,28-031662252cff,24.875,T234,27C,off
12/15/2021 08:52:22,Chamber 4,28-031662252cff,24.875,T234,27C,off
12/15/2021 08:52:43,Chamber 4,28-031662252cff,24.875,T234,27C,off
12/15/2021 08:53:02,Chamber 4,28-031662252cff,24.875,T234,27C,off
12/15/2021 08:53:22,Chamber 4,28-031662252cff,24.875,T234,27C,off
12/15/2021 08:53:42,Chamber 4,28-031662252cff,24.875,T234,27C,off
12/15/2021 08:54:02,Chamber 4,28-031662252cff,24.875,T234,27C,off
12/15/2021 08:54:22,Chamber 4,28-031662252cff,24.875,T234,27C,off
12/15/2021 08:54:42,Chamber 4,28-031662252cff,24.875,T234,27C,off
12/15/2021 08:55:02,Chamber 4,28-031662252cff,24.875,T234,27C,off
12/15/2021 08:55:22,Chamber 4,28-031662252cff,24.875,T234,27C,off
12/15/2021 08:55:42,Chamber 4,28-031662252cff,24.875,T234,27C,off
12/15/2021 08:56:02,Chamber 4,28-031662252cff,24.875,T234,27C,off
12/15/2021 08:56:22,Chamber 4,28-031662252cff,24.875,T234,27C,off
12/15/2021 08:56:42,Chamber 4,28-031662252cff,24.875,T234,27C,off
12/15/2021 08:57:02,Chamber 4,28-031662252cff,24.875,T234,27C,off
12/15/2021 08:57:22,Chamber 4,28-031662252cff,24.875,T234,27C,off
12/15/2021 08:57:42,Chamber 4,28-031662252cff,24.875,T234,27C,off
12/15/2021 08:58:02,Chamber 4,28-031662252cff,24.875,T234,27C,off
12/15/2021 08:58:22,Chamber 4,28-031662252cff,24.875,T234,27C,off
12/15/2021 08:58:42,Chamber 4,28-031662252cff,24.875,T234,27C,off
12/15/2021 08:59:02,Chamber 4,28-031662252cff,24.875,T234,27C,off
12/15/2021 08:59:22,Chamber 4,28-031662252cff,24.875,T234,27C,off
12/15/2021 08:59:42,Chamber 4,28-031662252cff,24.875,T234,27C,off
12/15/2021 09:00:03,Chamber 4,28-031662252cff,24.875,T234,27C,off
12/15/2021 09:00:23,Chamber 4,28-031662252cff,24.875,T234,27C,off
12/15/2021 09:00:43,Chamber 4,28-031662252cff,24.875,T234,27C,off
12/15/2021 09:01:03,Chamber 4,28-031662252cff,24.875,T234,27C,off
12/15/2021 09:01:23,Chamber 4,28-031662252cff,24.875,T234,27C,off
12/15/2021 09:01:43,Chamber 4,28-031662252cff,24.875,T234,27C,off
12/15/2021 09:02:03,Chamber 4,28-031662252cff,24.875,T234,27C,off
12/15/2021 09:02:23,Chamber 4,28-031662252cff,24.875,T234,27C,off
12/15/2021 09:02:43,Chamber 4,28-031662252cff,24.875,T234,27C,off
12/15/2021 09:03:03,Chamber 4,28-031662252cff,24.875,T234,27C,off
12/15/2021 09:03:23,Chamber 4,28-031662252cff,24.875,T234,27C,off
12/15/2021 09:03:43,Chamber 4,28-031662252cff,24.875,T234,27C,off
12/15/2021 09:04:03,Chamber 4,28-031662252cff,24.875,T234,27C,off
12/15/2021 09:04:23,Chamber 4,28-031662252cff,24.875,T234,27C,off
12/15/2021 09:04:43,Chamber 4,28-031662252cff,24.875,T234,27C,off
12/15/2021 09:05:03,Chamber 4,28-031662252cff,24.875,T234,27C,off
12/15/2021 09:05:23,Chamber 4,28-031662252cff,24.875,T234,27C,off
12/15/2021 09:05:43,Chamber 4,28-031662252cff,24.875,T234,27C,off
12/15/2021 09:06:03,Chamber 4,28-031662252cff,24.875,T234,27C,off
12/15/2021 09:06:23,Chamber 4,28-031662252cff,24.875,T234,27C,off
12/15/2021 09:06:43,Chamber 4,28-031662252cff,24.875,T234,27C,off
12/15/2021 09:07:03,Chamber 4,28-031662252cff,24.875,T234,27C,off
12/15/2021 09:07:23,Chamber 4,28-031662252cff,24.875,T234,27C,off
12/15/2021 09:07:43,Chamber 4,28-031662252cff,24.875,T234,27C,off
12/15/2021 09:08:03,Chamber 4,28-031662252cff,24.875,T234,27C,off
12/15/2021 09:08:23,Chamber 4,28-031662252cff,24.875,T234,27C,off
12/15/2021 09:08:43,Chamber 4,28-031662252cff,24.875,T234,27C,off
12/15/2021 09:09:03,Chamber 4,28-031662252cff,24.875,T234,27C,off
12/15/2021 09:09:23,Chamber 4,28-031662252cff,24.875,T234,27C,off
12/15/2021 09:09:43,Chamber 4,28-031662252cff,24.875,T234,27C,off
12/15/2021 09:10:03,Chamber 4,28-031662252cff,24.875,T234,27C,off
12/15/2021 09:10:23,Chamber 4,28-031662252cff,24.875,T234,27C,off
12/15/2021 09:10:43,Chamber 4,28-031662252cff,24.875,T234,27C,off
12/15/2021 09:11:03,Chamber 4,28-031662252cff,24.875,T234,27C,off
12/15/2021 09:11:23,Chamber 4,28-031662252cff,24.875,T234,27C,off
12/15/2021 09:11:43,Chamber 4,28-031662252cff,24.875,T234,27C,off
12/15/2021 09:12:03,Chamber 4,28-031662252cff,24.875,T234,27C,off
12/15/2021 09:12:23,Chamber 4,28-031662252cff,24.875,T234,27C,off
12/15/2021 09:12:43,Chamber 4,28-031662252cff,24.875,T234,27C,off
12/15/2021 09:13:03,Chamber 4,28-031662252cff,24.875,T234,27C,off
12/15/2021 09:13:23,Chamber 4,28-031662252cff,24.875,T234,27C,off
12/15/2021 09:13:43,Chamber 4,28-031662252cff,24.875,T234,27C,off
12/15/2021 09:14:03,Chamber 4,28-031662252cff,24.875,T234,27C,off
12/15/2021 09:14:23,Chamber 4,28-031662252cff,24.875,T234,27C,off
12/15/2021 09:14:43,Chamber 4,28-031662252cff,24.875,T234,27C,off
12/15/2021 09:15:03,Chamber 4,28-031662252cff,24.875,T234,27C,off
12/15/2021 09:15:23,Chamber 4,28-031662252cff,24.875,T234,27C,off
12/15/2021 09:15:43,Chamber 4,28-031662252cff,24.875,T234,27C,off
12/15/2021 09:16:03,Chamber 4,28-031662252cff,24.875,T234,27C,off
12/15/2021 09:16:23,Chamber 4,28-031662252cff,24.875,T234,27C,off
12/15/2021 09:16:43,Chamber 4,28-031662252cff,24.875,T234,27C,off
12/15/2021 09:17:03,Chamber 4,28-031662252cff,24.875,T234,27C,off
12/15/2021 09:17:23,Chamber 4,28-031662252cff,24.875,T234,27C,off
12/15/2021 09:17:43,Chamber 4,28-031662252cff,24.875,T234,27C,off
12/15/2021 09:18:03,Chamber 4,28-031662252cff,24.875,T234,27C,off
12/15/2021 09:18:23,Chamber 4,28-031662252cff,24.937,T234,27C,off
12/15/2021 09:18:43,Chamber 4,28-031662252cff,24.875,T234,27C,off
12/15/2021 09:19:03,Chamber 4,28-031662252cff,24.937,T234,27C,off
12/15/2021 09:19:23,Chamber 4,28-031662252cff,24.875,T234,27C,off
12/15/2021 09:19:43,Chamber 4,28-031662252cff,24.937,T234,27C,off
12/15/2021 09:20:03,Chamber 4,28-031662252cff,24.875,T234,27C,off
12/15/2021 09:20:23,Chamber 4,28-031662252cff,24.875,T234,27C,off
12/15/2021 09:20:43,Chamber 4,28-031662252cff,24.875,T234,27C,off
12/15/2021 09:21:03,Chamber 4,28-031662252cff,24.937,T234,27C,off
12/15/2021 09:21:23,Chamber 4,28-031662252cff,24.937,T234,27C,off
12/15/2021 09:21:43,Chamber 4,28-031662252cff,24.937,T234,27C,off
12/15/2021 09:22:03,Chamber 4,28-031662252cff,24.875,T234,27C,off
12/15/2021 09:22:23,Chamber 4,28-031662252cff,24.937,T234,27C,off
12/15/2021 09:22:43,Chamber 4,28-031662252cff,24.937,T234,27C,off
12/15/2021 09:23:03,Chamber 4,28-031662252cff,24.875,T234,27C,off
12/15/2021 09:23:23,Chamber 4,28-031662252cff,24.937,T234,27C,off
12/15/2021 09:23:43,Chamber 4,28-031662252cff,24.937,T234,27C,off
12/15/2021 09:24:03,Chamber 4,28-031662252cff,24.937,T234,27C,off
12/15/2021 09:24:23,Chamber 4,28-031662252cff,24.937,T234,27C,off
12/15/2021 09:24:43,Chamber 4,28-031662252cff,24.937,T234,27C,off
12/15/2021 09:25:03,Chamber 4,28-031662252cff,24.937,T234,27C,off
12/15/2021 09:25:23,Chamber 4,28-031662252cff,24.937,T234,27C,off
12/15/2021 09:25:43,Chamber 4,28-031662252cff,24.937,T234,27C,off
12/15/2021 09:26:03,Chamber 4,28-031662252cff,24.937,T234,27C,off
12/15/2021 09:26:23,Chamber 4,28-031662252cff,24.937,T234,27C,off
12/15/2021 09:26:43,Chamber 4,28-031662252cff,24.937,T234,27C,off
12/15/2021 09:27:03,Chamber 4,28-031662252cff,24.937,T234,27C,off
12/15/2021 09:27:23,Chamber 4,28-031662252cff,24.875,T234,27C,off
12/15/2021 09:27:43,Chamber 4,28-031662252cff,24.937,T234,27C,off
12/15/2021 09:28:03,Chamber 4,28-031662252cff,24.937,T234,27C,off
12/15/2021 09:28:23,Chamber 4,28-031662252cff,24.937,T234,27C,off
12/15/2021 09:28:43,Chamber 4,28-031662252cff,24.937,T234,27C,off
12/15/2021 09:29:03,Chamber 4,28-031662252cff,24.937,T234,27C,off
12/15/2021 09:29:23,Chamber 4,28-031662252cff,24.937,T234,27C,off
12/15/2021 09:29:43,Chamber 4,28-031662252cff,24.937,T234,27C,off
12/15/2021 09:30:03,Chamber 4,28-031662252cff,24.937,T234,27C,off
12/15/2021 09:30:23,Chamber 4,28-031662252cff,24.937,T234,27C,off
12/15/2021 09:30:43,Chamber 4,28-031662252cff,24.937,T234,27C,off
12/15/2021 09:31:03,Chamber 4,28-031662252cff,24.937,T234,27C,off
12/15/2021 09:31:23,Chamber 4,28-031662252cff,24.937,T234,27C,off
12/15/2021 09:31:43,Chamber 4,28-031662252cff,24.937,T234,27C,off
12/15/2021 09:32:03,Chamber 4,28-031662252cff,24.937,T234,27C,off
12/15/2021 09:32:23,Chamber 4,28-031662252cff,24.937,T234,27C,off
12/15/2021 09:32:43,Chamber 4,28-031662252cff,24.937,T234,27C,off
12/15/2021 09:33:03,Chamber 4,28-031662252cff,24.937,T234,27C,off
12/15/2021 09:33:23,Chamber 4,28-031662252cff,24.937,T234,27C,off
12/15/2021 09:33:43,Chamber 4,28-031662252cff,24.937,T234,27C,off
12/15/2021 09:34:03,Chamber 4,28-031662252cff,24.937,T234,27C,off
12/15/2021 09:34:23,Chamber 4,28-031662252cff,24.937,T234,27C,off
12/15/2021 09:34:43,Chamber 4,28-031662252cff,24.937,T234,27C,off
12/15/2021 09:35:03,Chamber 4,28-031662252cff,24.937,T234,27C,off
12/15/2021 09:35:23,Chamber 4,28-031662252cff,24.937,T234,27C,off
12/15/2021 09:35:43,Chamber 4,28-031662252cff,24.937,T234,27C,off
12/15/2021 09:36:03,Chamber 4,28-031662252cff,24.937,T234,27C,off
12/15/2021 09:36:23,Chamber 4,28-031662252cff,24.937,T234,27C,off
12/15/2021 09:36:43,Chamber 4,28-031662252cff,24.937,T234,27C,off
12/15/2021 09:37:03,Chamber 4,28-031662252cff,24.937,T234,27C,off
12/15/2021 09:37:23,Chamber 4,28-031662252cff,24.937,T234,27C,off
12/15/2021 09:37:43,Chamber 4,28-031662252cff,24.937,T234,27C,off
12/15/2021 09:38:03,Chamber 4,28-031662252cff,24.937,T234,27C,off
12/15/2021 09:38:26,Chamber 4,28-031662252cff,24.937,T234,27C,off
12/15/2021 09:38:43,Chamber 4,28-031662252cff,24.937,T234,27C,off
12/15/2021 09:39:03,Chamber 4,28-031662252cff,24.937,T234,27C,off
12/15/2021 09:39:23,Chamber 4,28-031662252cff,24.937,T234,27C,off
12/15/2021 09:39:43,Chamber 4,28-031662252cff,24.937,T234,27C,off
12/15/2021 09:40:03,Chamber 4,28-031662252cff,24.937,T234,27C,off
12/15/2021 09:40:23,Chamber 4,28-031662252cff,24.937,T234,27C,off
12/15/2021 09:40:43,Chamber 4,28-031662252cff,24.937,T234,27C,off
12/15/2021 09:41:03,Chamber 4,28-031662252cff,24.937,T234,27C,off
12/15/2021 09:41:23,Chamber 4,28-031662252cff,24.937,T234,27C,off
12/15/2021 09:41:43,Chamber 4,28-031662252cff,24.937,T234,27C,off
12/15/2021 09:42:03,Chamber 4,28-031662252cff,24.937,T234,27C,off
12/15/2021 09:42:23,Chamber 4,28-031662252cff,24.937,T234,27C,off
12/15/2021 09:42:43,Chamber 4,28-031662252cff,24.937,T234,27C,off
12/15/2021 09:43:03,Chamber 4,28-031662252cff,24.937,T234,27C,off
12/15/2021 09:43:23,Chamber 4,28-031662252cff,24.937,T234,27C,off
12/15/2021 09:43:43,Chamber 4,28-031662252cff,24.937,T234,27C,off
12/15/2021 09:44:03,Chamber 4,28-031662252cff,24.937,T234,27C,off
12/15/2021 09:44:23,Chamber 4,28-031662252cff,24.937,T234,27C,off
12/15/2021 09:44:43,Chamber 4,28-031662252cff,24.937,T234,27C,off
12/15/2021 09:45:03,Chamber 4,28-031662252cff,24.937,T234,27C,off
12/15/2021 09:45:23,Chamber 4,28-031662252cff,24.937,T234,27C,off
12/15/2021 09:45:43,Chamber 4,28-031662252cff,24.937,T234,27C,off
12/15/2021 09:46:03,Chamber 4,28-031662252cff,24.937,T234,27C,off
12/15/2021 09:46:23,Chamber 4,28-031662252cff,24.937,T234,27C,off
12/15/2021 09:46:43,Chamber 4,28-031662252cff,24.937,T234,27C,off
12/15/2021 09:47:03,Chamber 4,28-031662252cff,24.937,T234,27C,off
12/15/2021 09:47:23,Chamber 4,28-031662252cff,24.937,T234,27C,off
12/15/2021 09:47:43,Chamber 4,28-031662252cff,24.937,T234,27C,off
12/15/2021 09:48:03,Chamber 4,28-031662252cff,24.937,T234,27C,off
12/15/2021 09:48:23,Chamber 4,28-031662252cff,24.937,T234,27C,off
12/15/2021 09:48:43,Chamber 4,28-031662252cff,24.937,T234,27C,off
12/15/2021 09:49:03,Chamber 4,28-031662252cff,24.937,T234,27C,off
12/15/2021 09:49:23,Chamber 4,28-031662252cff,24.937,T234,27C,off
12/15/2021 09:49:43,Chamber 4,28-031662252cff,24.937,T234,27C,off
12/15/2021 09:50:03,Chamber 4,28-031662252cff,24.937,T234,27C,off
12/15/2021 09:50:23,Chamber 4,28-031662252cff,24.937,T234,27C,off
12/15/2021 09:50:43,Chamber 4,28-031662252cff,24.937,T234,27C,off
12/15/2021 09:51:03,Chamber 4,28-031662252cff,24.937,T234,27C,off
12/15/2021 09:51:23,Chamber 4,28-031662252cff,24.937,T234,27C,off
12/15/2021 09:51:43,Chamber 4,28-031662252cff,24.937,T234,27C,off
12/15/2021 09:52:03,Chamber 4,28-031662252cff,24.937,T234,27C,off
12/15/2021 09:52:23,Chamber 4,28-031662252cff,25.0,T234,27C,off
12/15/2021 09:52:43,Chamber 4,28-031662252cff,24.937,T234,27C,off
12/15/2021 09:53:03,Chamber 4,28-031662252cff,24.937,T234,27C,off
12/15/2021 09:53:23,Chamber 4,28-031662252cff,24.937,T234,27C,off
12/15/2021 09:53:43,Chamber 4,28-031662252cff,24.937,T234,27C,off
12/15/2021 09:54:03,Chamber 4,28-031662252cff,24.937,T234,27C,off
12/15/2021 09:54:23,Chamber 4,28-031662252cff,24.937,T234,27C,off
12/15/2021 09:54:43,Chamber 4,28-031662252cff,25.0,T234,27C,off
12/15/2021 09:55:03,Chamber 4,28-031662252cff,24.937,T234,27C,off
12/15/2021 09:55:23,Chamber 4,28-031662252cff,24.937,T234,27C,off
12/15/2021 09:55:43,Chamber 4,28-031662252cff,25.0,T234,27C,off
12/15/2021 09:56:03,Chamber 4,28-031662252cff,25.0,T234,27C,off
12/15/2021 09:56:23,Chamber 4,28-031662252cff,24.937,T234,27C,off
12/15/2021 09:56:43,Chamber 4,28-031662252cff,24.937,T234,27C,off
12/15/2021 09:57:03,Chamber 4,28-031662252cff,25.0,T234,27C,off
12/15/2021 09:57:23,Chamber 4,28-031662252cff,25.0,T234,27C,off
12/15/2021 09:57:43,Chamber 4,28-031662252cff,25.0,T234,27C,off
12/15/2021 09:58:03,Chamber 4,28-031662252cff,25.0,T234,27C,off
12/15/2021 09:58:23,Chamber 4,28-031662252cff,25.0,T234,27C,off
12/15/2021 09:58:43,Chamber 4,28-031662252cff,25.0,T234,27C,off
12/15/2021 09:59:03,Chamber 4,28-031662252cff,25.0,T234,27C,off
12/15/2021 09:59:23,Chamber 4,28-031662252cff,25.0,T234,27C,off
12/15/2021 09:59:43,Chamber 4,28-031662252cff,25.0,T234,27C,off
12/15/2021 10:00:02,Chamber 4,28-031662252cff,25.0,T234,27C,off
12/15/2021 10:00:22,Chamber 4,28-031662252cff,25.0,T234,27C,off
12/15/2021 10:00:42,Chamber 4,28-031662252cff,25.0,T234,27C,off
12/15/2021 10:01:02,Chamber 4,28-031662252cff,25.0,T234,27C,off
12/15/2021 10:01:22,Chamber 4,28-031662252cff,25.0,T234,27C,off
12/15/2021 10:01:42,Chamber 4,28-031662252cff,25.0,T234,27C,off
12/15/2021 10:02:02,Chamber 4,28-031662252cff,25.0,T234,27C,off
12/15/2021 10:02:22,Chamber 4,28-031662252cff,25.0,T234,27C,off
12/15/2021 10:02:42,Chamber 4,28-031662252cff,25.0,T234,27C,off
12/15/2021 10:03:02,Chamber 4,28-031662252cff,25.0,T234,27C,off
12/15/2021 10:03:22,Chamber 4,28-031662252cff,25.0,T234,27C,off
12/15/2021 10:03:42,Chamber 4,28-031662252cff,25.0,T234,27C,off
12/15/2021 10:04:02,Chamber 4,28-031662252cff,25.0,T234,27C,off
12/15/2021 10:04:22,Chamber 4,28-031662252cff,25.0,T234,27C,off
12/15/2021 10:04:42,Chamber 4,28-031662252cff,25.0,T234,27C,off
12/15/2021 10:05:02,Chamber 4,28-031662252cff,25.0,T234,27C,off
12/15/2021 10:05:22,Chamber 4,28-031662252cff,25.0,T234,27C,off
12/15/2021 10:05:42,Chamber 4,28-031662252cff,25.0,T234,27C,off
12/15/2021 10:06:03,Chamber 4,28-031662252cff,25.0,T234,27C,off
12/15/2021 10:06:22,Chamber 4,28-031662252cff,25.0,T234,27C,off
12/15/2021 10:06:42,Chamber 4,28-031662252cff,25.0,T234,27C,off
12/15/2021 10:07:02,Chamber 4,28-031662252cff,25.0,T234,27C,off
12/15/2021 10:07:22,Chamber 4,28-031662252cff,25.0,T234,27C,off
12/15/2021 10:07:42,Chamber 4,28-031662252cff,25.0,T234,27C,off
12/15/2021 10:08:02,Chamber 4,28-031662252cff,25.0,T234,27C,off
12/15/2021 10:08:22,Chamber 4,28-031662252cff,25.0,T234,27C,off
12/15/2021 10:08:42,Chamber 4,28-031662252cff,25.0,T234,27C,off
12/15/2021 10:09:02,Chamber 4,28-031662252cff,25.0,T234,27C,off
12/15/2021 10:09:22,Chamber 4,28-031662252cff,25.0,T234,27C,off
12/15/2021 10:09:42,Chamber 4,28-031662252cff,25.0,T234,27C,off
12/15/2021 10:10:02,Chamber 4,28-031662252cff,25.0,T234,27C,off
12/15/2021 10:10:22,Chamber 4,28-031662252cff,25.0,T234,27C,off
12/15/2021 10:10:42,Chamber 4,28-031662252cff,25.0,T234,27C,off
12/15/2021 10:11:02,Chamber 4,28-031662252cff,25.0,T234,27C,off
12/15/2021 10:11:22,Chamber 4,28-031662252cff,25.0,T234,27C,off
12/15/2021 10:11:42,Chamber 4,28-031662252cff,25.0,T234,27C,off
12/15/2021 10:12:02,Chamber 4,28-031662252cff,25.0,T234,27C,off
12/15/2021 10:12:22,Chamber 4,28-031662252cff,25.0,T234,27C,off
12/15/2021 10:12:42,Chamber 4,28-031662252cff,25.0,T234,27C,off
12/15/2021 10:13:02,Chamber 4,28-031662252cff,25.0,T234,27C,off
12/15/2021 10:13:22,Chamber 4,28-031662252cff,25.0,T234,27C,off
12/15/2021 10:13:42,Chamber 4,28-031662252cff,25.0,T234,27C,off
12/15/2021 10:14:02,Chamber 4,28-031662252cff,25.0,T234,27C,off
12/15/2021 10:14:22,Chamber 4,28-031662252cff,25.0,T234,27C,off
12/15/2021 10:14:42,Chamber 4,28-031662252cff,25.0,T234,27C,off
12/15/2021 10:15:02,Chamber 4,28-031662252cff,25.0,T234,27C,off
12/15/2021 10:15:22,Chamber 4,28-031662252cff,25.0,T234,27C,off
12/15/2021 10:15:42,Chamber 4,28-031662252cff,25.0,T234,27C,off
12/15/2021 10:16:02,Chamber 4,28-031662252cff,25.0,T234,27C,off
12/15/2021 10:16:22,Chamber 4,28-031662252cff,25.0,T234,27C,off
12/15/2021 10:16:42,Chamber 4,28-031662252cff,25.0,T234,27C,off
12/15/2021 10:17:02,Chamber 4,28-031662252cff,25.0,T234,27C,off
12/15/2021 10:17:22,Chamber 4,28-031662252cff,25.0,T234,27C,off
12/15/2021 10:17:42,Chamber 4,28-031662252cff,25.0,T234,27C,off
12/15/2021 10:18:02,Chamber 4,28-031662252cff,25.0,T234,27C,off
12/15/2021 10:18:22,Chamber 4,28-031662252cff,25.0,T234,27C,off
12/15/2021 10:18:42,Chamber 4,28-031662252cff,25.0,T234,27C,off
12/15/2021 10:19:02,Chamber 4,28-031662252cff,25.0,T234,27C,off
12/15/2021 10:19:22,Chamber 4,28-031662252cff,25.0,T234,27C,off
12/15/2021 10:19:42,Chamber 4,28-031662252cff,25.0,T234,27C,off
12/15/2021 10:20:02,Chamber 4,28-031662252cff,25.0,T234,27C,off
12/15/2021 10:20:22,Chamber 4,28-031662252cff,25.0,T234,27C,off
12/15/2021 10:20:42,Chamber 4,28-031662252cff,25.0,T234,27C,off
12/15/2021 10:21:02,Chamber 4,28-031662252cff,25.0,T234,27C,off
12/15/2021 10:21:22,Chamber 4,28-031662252cff,25.0,T234,27C,off
12/15/2021 10:21:42,Chamber 4,28-031662252cff,25.0,T234,27C,off
12/15/2021 10:22:02,Chamber 4,28-031662252cff,25.0,T234,27C,off
12/15/2021 10:22:22,Chamber 4,28-031662252cff,25.062,T234,27C,off
12/15/2021 10:22:42,Chamber 4,28-031662252cff,25.0,T234,27C,off
12/15/2021 10:23:02,Chamber 4,28-031662252cff,25.0,T234,27C,off
12/15/2021 10:23:22,Chamber 4,28-031662252cff,25.0,T234,27C,off
12/15/2021 10:23:42,Chamber 4,28-031662252cff,25.0,T234,27C,off
12/15/2021 10:24:02,Chamber 4,28-031662252cff,25.062,T234,27C,off
12/15/2021 10:24:22,Chamber 4,28-031662252cff,25.062,T234,27C,off
12/15/2021 10:24:42,Chamber 4,28-031662252cff,25.0,T234,27C,off
12/15/2021 10:25:02,Chamber 4,28-031662252cff,25.062,T234,27C,off
12/15/2021 10:25:22,Chamber 4,28-031662252cff,25.062,T234,27C,off
12/15/2021 10:25:42,Chamber 4,28-031662252cff,25.0,T234,27C,off
12/15/2021 10:26:02,Chamber 4,28-031662252cff,25.062,T234,27C,off
12/15/2021 10:26:22,Chamber 4,28-031662252cff,25.062,T234,27C,off
12/15/2021 10:26:42,Chamber 4,28-031662252cff,25.062,T234,27C,off
12/15/2021 10:27:03,Chamber 4,28-031662252cff,25.062,T234,27C,off
12/15/2021 10:27:22,Chamber 4,28-031662252cff,25.062,T234,27C,off
12/15/2021 10:27:42,Chamber 4,28-031662252cff,25.062,T234,27C,off
12/15/2021 10:28:02,Chamber 4,28-031662252cff,25.062,T234,27C,off
12/15/2021 10:28:22,Chamber 4,28-031662252cff,25.062,T234,27C,off
12/15/2021 10:28:42,Chamber 4,28-031662252cff,25.062,T234,27C,off
12/15/2021 10:29:02,Chamber 4,28-031662252cff,25.062,T234,27C,off
12/15/2021 10:29:22,Chamber 4,28-031662252cff,25.062,T234,27C,off
12/15/2021 10:29:42,Chamber 4,28-031662252cff,25.062,T234,27C,off
12/15/2021 10:30:02,Chamber 4,28-031662252cff,25.062,T234,27C,off
12/15/2021 10:30:22,Chamber 4,28-031662252cff,25.062,T234,27C,off
12/15/2021 10:30:43,Chamber 4,28-031662252cff,25.062,T234,27C,off
12/15/2021 10:31:02,Chamber 4,28-031662252cff,25.062,T234,27C,off
12/15/2021 10:31:22,Chamber 4,28-031662252cff,25.062,T234,27C,off
12/15/2021 10:31:42,Chamber 4,28-031662252cff,25.062,T234,27C,off
12/15/2021 10:32:02,Chamber 4,28-031662252cff,25.062,T234,27C,off
12/15/2021 10:32:22,Chamber 4,28-031662252cff,25.062,T234,27C,off
12/15/2021 10:32:42,Chamber 4,28-031662252cff,25.062,T234,27C,off
12/15/2021 10:33:02,Chamber 4,28-031662252cff,25.062,T234,27C,off
12/15/2021 10:33:22,Chamber 4,28-031662252cff,25.062,T234,27C,off
12/15/2021 10:33:42,Chamber 4,28-031662252cff,25.062,T234,27C,off
12/15/2021 10:34:02,Chamber 4,28-031662252cff,25.062,T234,27C,off
12/15/2021 10:34:22,Chamber 4,28-031662252cff,25.062,T234,27C,off
12/15/2021 10:34:42,Chamber 4,28-031662252cff,25.062,T234,27C,off
12/15/2021 10:35:02,Chamber 4,28-031662252cff,25.062,T234,27C,off
12/15/2021 10:35:22,Chamber 4,28-031662252cff,25.062,T234,27C,off
12/15/2021 10:35:42,Chamber 4,28-031662252cff,25.062,T234,27C,off
12/15/2021 10:36:02,Chamber 4,28-031662252cff,25.062,T234,27C,off
12/15/2021 10:36:22,Chamber 4,28-031662252cff,25.062,T234,27C,off
12/15/2021 10:36:42,Chamber 4,28-031662252cff,25.062,T234,27C,off
12/15/2021 10:37:02,Chamber 4,28-031662252cff,25.062,T234,27C,off
12/15/2021 10:37:22,Chamber 4,28-031662252cff,25.062,T234,27C,off
12/15/2021 10:37:42,Chamber 4,28-031662252cff,25.062,T234,27C,off
12/15/2021 10:38:02,Chamber 4,28-031662252cff,25.062,T234,27C,off
12/15/2021 10:38:22,Chamber 4,28-031662252cff,25.062,T234,27C,off
12/15/2021 10:38:42,Chamber 4,28-031662252cff,25.062,T234,27C,off
12/15/2021 10:39:02,Chamber 4,28-031662252cff,25.062,T234,27C,off
12/15/2021 10:39:22,Chamber 4,28-031662252cff,25.062,T234,27C,off
12/15/2021 10:39:42,Chamber 4,28-031662252cff,25.062,T234,27C,off
12/15/2021 10:40:02,Chamber 4,28-031662252cff,25.062,T234,27C,off
12/15/2021 10:40:22,Chamber 4,28-031662252cff,25.062,T234,27C,off
12/15/2021 10:40:42,Chamber 4,28-031662252cff,25.062,T234,27C,off
12/15/2021 10:41:02,Chamber 4,28-031662252cff,25.062,T234,27C,off
12/15/2021 10:41:22,Chamber 4,28-031662252cff,25.062,T234,27C,off
12/15/2021 10:41:42,Chamber 4,28-031662252cff,25.062,T234,27C,off
12/15/2021 10:42:02,Chamber 4,28-031662252cff,25.062,T234,27C,off
12/15/2021 10:42:22,Chamber 4,28-031662252cff,25.062,T234,27C,off
12/15/2021 10:42:42,Chamber 4,28-031662252cff,25.062,T234,27C,off
12/15/2021 10:43:02,Chamber 4,28-031662252cff,25.062,T234,27C,off
12/15/2021 10:43:22,Chamber 4,28-031662252cff,25.062,T234,27C,off
12/15/2021 10:43:42,Chamber 4,28-031662252cff,25.062,T234,27C,off
12/15/2021 10:44:02,Chamber 4,28-031662252cff,25.062,T234,27C,off
12/15/2021 10:44:22,Chamber 4,28-031662252cff,25.062,T234,27C,off
12/15/2021 10:44:42,Chamber 4,28-031662252cff,25.062,T234,27C,off
12/15/2021 10:45:02,Chamber 4,28-031662252cff,25.062,T234,27C,off
12/15/2021 10:45:22,Chamber 4,28-031662252cff,25.062,T234,27C,off
12/15/2021 10:45:42,Chamber 4,28-031662252cff,25.062,T234,27C,off
12/15/2021 10:46:02,Chamber 4,28-031662252cff,25.062,T234,27C,off
12/15/2021 10:46:22,Chamber 4,28-031662252cff,25.062,T234,27C,off
12/15/2021 10:46:42,Chamber 4,28-031662252cff,25.062,T234,27C,off
12/15/2021 10:47:02,Chamber 4,28-031662252cff,25.062,T234,27C,off
12/15/2021 10:47:22,Chamber 4,28-031662252cff,25.062,T234,27C,off
12/15/2021 10:47:42,Chamber 4,28-031662252cff,25.062,T234,27C,off
12/15/2021 10:48:02,Chamber 4,28-031662252cff,25.062,T234,27C,off
12/15/2021 10:48:22,Chamber 4,28-031662252cff,25.062,T234,27C,off
12/15/2021 10:48:42,Chamber 4,28-031662252cff,25.062,T234,27C,off
12/15/2021 10:49:02,Chamber 4,28-031662252cff,25.062,T234,27C,off
12/15/2021 10:49:22,Chamber 4,28-031662252cff,25.062,T234,27C,off
12/15/2021 10:49:42,Chamber 4,28-031662252cff,25.062,T234,27C,off
12/15/2021 10:50:02,Chamber 4,28-031662252cff,25.062,T234,27C,off
12/15/2021 10:50:22,Chamber 4,28-031662252cff,25.062,T234,27C,off
12/15/2021 10:50:42,Chamber 4,28-031662252cff,25.062,T234,27C,off
12/15/2021 10:51:02,Chamber 4,28-031662252cff,25.062,T234,27C,off
12/15/2021 10:51:22,Chamber 4,28-031662252cff,25.062,T234,27C,off
12/15/2021 10:51:42,Chamber 4,28-031662252cff,25.062,T234,27C,off
12/15/2021 10:52:02,Chamber 4,28-031662252cff,25.062,T234,27C,off
12/15/2021 10:52:22,Chamber 4,28-031662252cff,25.062,T234,27C,off
12/15/2021 10:52:42,Chamber 4,28-031662252cff,25.062,T234,27C,off
12/15/2021 10:53:02,Chamber 4,28-031662252cff,25.062,T234,27C,off
12/15/2021 10:53:22,Chamber 4,28-031662252cff,25.062,T234,27C,off
12/15/2021 10:53:42,Chamber 4,28-031662252cff,25.062,T234,27C,off
12/15/2021 10:54:02,Chamber 4,28-031662252cff,25.062,T234,27C,off
12/15/2021 10:54:22,Chamber 4,28-031662252cff,25.062,T234,27C,off
12/15/2021 10:54:42,Chamber 4,28-031662252cff,25.062,T234,27C,off
12/15/2021 10:55:02,Chamber 4,28-031662252cff,25.062,T234,27C,off
12/15/2021 10:55:22,Chamber 4,28-031662252cff,25.062,T234,27C,off
12/15/2021 10:55:42,Chamber 4,28-031662252cff,25.062,T234,27C,off
12/15/2021 10:56:02,Chamber 4,28-031662252cff,25.062,T234,27C,off
12/15/2021 10:56:22,Chamber 4,28-031662252cff,25.062,T234,27C,off
12/15/2021 10:56:42,Chamber 4,28-031662252cff,25.062,T234,27C,off
12/15/2021 10:57:02,Chamber 4,28-031662252cff,25.062,T234,27C,off
12/15/2021 10:57:22,Chamber 4,28-031662252cff,25.062,T234,27C,off
12/15/2021 10:57:42,Chamber 4,28-031662252cff,25.062,T234,27C,off
12/15/2021 10:58:02,Chamber 4,28-031662252cff,25.062,T234,27C,off
12/15/2021 10:58:22,Chamber 4,28-031662252cff,25.062,T234,27C,off
12/15/2021 10:58:42,Chamber 4,28-031662252cff,25.062,T234,27C,off
12/15/2021 10:59:02,Chamber 4,28-031662252cff,25.062,T234,27C,off
12/15/2021 10:59:22,Chamber 4,28-031662252cff,25.062,T234,27C,off
12/15/2021 10:59:42,Chamber 4,28-031662252cff,25.062,T234,27C,off
12/15/2021 11:00:03,Chamber 4,28-031662252cff,25.062,T234,27C,off
12/15/2021 11:00:23,Chamber 4,28-031662252cff,25.062,T234,27C,off
12/15/2021 11:00:43,Chamber 4,28-031662252cff,25.062,T234,27C,off
12/15/2021 11:01:03,Chamber 4,28-031662252cff,25.062,T234,27C,off
12/15/2021 11:01:23,Chamber 4,28-031662252cff,25.062,T234,27C,off
12/15/2021 11:01:43,Chamber 4,28-031662252cff,25.062,T234,27C,off
12/15/2021 11:02:03,Chamber 4,28-031662252cff,25.062,T234,27C,off
12/15/2021 11:02:23,Chamber 4,28-031662252cff,25.125,T234,27C,off
12/15/2021 11:02:43,Chamber 4,28-031662252cff,25.062,T234,27C,off
12/15/2021 11:03:03,Chamber 4,28-031662252cff,25.062,T234,27C,off
12/15/2021 11:03:23,Chamber 4,28-031662252cff,25.125,T234,27C,off
12/15/2021 11:03:43,Chamber 4,28-031662252cff,25.062,T234,27C,off
12/15/2021 11:04:03,Chamber 4,28-031662252cff,25.062,T234,27C,off
12/15/2021 11:04:23,Chamber 4,28-031662252cff,25.062,T234,27C,off
12/15/2021 11:04:43,Chamber 4,28-031662252cff,25.125,T234,27C,off
12/15/2021 11:05:03,Chamber 4,28-031662252cff,25.062,T234,27C,off
12/15/2021 11:05:23,Chamber 4,28-031662252cff,25.125,T234,27C,off
12/15/2021 11:05:43,Chamber 4,28-031662252cff,25.062,T234,27C,off
12/15/2021 11:06:03,Chamber 4,28-031662252cff,25.125,T234,27C,off
12/15/2021 11:06:23,Chamber 4,28-031662252cff,25.125,T234,27C,off
12/15/2021 11:06:43,Chamber 4,28-031662252cff,25.062,T234,27C,off
12/15/2021 11:07:03,Chamber 4,28-031662252cff,25.062,T234,27C,off
12/15/2021 11:07:23,Chamber 4,28-031662252cff,25.062,T234,27C,off
12/15/2021 11:07:43,Chamber 4,28-031662252cff,25.125,T234,27C,off
12/15/2021 11:08:03,Chamber 4,28-031662252cff,25.062,T234,27C,off
12/15/2021 11:08:23,Chamber 4,28-031662252cff,25.125,T234,27C,off
12/15/2021 11:08:43,Chamber 4,28-031662252cff,25.062,T234,27C,off
12/15/2021 11:09:03,Chamber 4,28-031662252cff,25.125,T234,27C,off
12/15/2021 11:09:23,Chamber 4,28-031662252cff,25.125,T234,27C,off
12/15/2021 11:09:43,Chamber 4,28-031662252cff,25.125,T234,27C,off
12/15/2021 11:10:03,Chamber 4,28-031662252cff,25.062,T234,27C,off
12/15/2021 11:10:23,Chamber 4,28-031662252cff,25.062,T234,27C,off
12/15/2021 11:10:43,Chamber 4,28-031662252cff,25.062,T234,27C,off
12/15/2021 11:11:03,Chamber 4,28-031662252cff,25.062,T234,27C,off
12/15/2021 11:11:23,Chamber 4,28-031662252cff,25.062,T234,27C,off
12/15/2021 11:11:43,Chamber 4,28-031662252cff,25.062,T234,27C,off
12/15/2021 11:12:03,Chamber 4,28-031662252cff,25.125,T234,27C,off
12/15/2021 11:12:23,Chamber 4,28-031662252cff,25.125,T234,27C,off
12/15/2021 11:12:43,Chamber 4,28-031662252cff,25.062,T234,27C,off
12/15/2021 11:13:03,Chamber 4,28-031662252cff,25.062,T234,27C,off
12/15/2021 11:13:23,Chamber 4,28-031662252cff,25.062,T234,27C,off
12/15/2021 11:13:43,Chamber 4,28-031662252cff,25.062,T234,27C,off
12/15/2021 11:14:03,Chamber 4,28-031662252cff,25.062,T234,27C,off
12/15/2021 11:14:23,Chamber 4,28-031662252cff,25.125,T234,27C,off
12/15/2021 11:14:43,Chamber 4,28-031662252cff,25.062,T234,27C,off
12/15/2021 11:15:03,Chamber 4,28-031662252cff,25.062,T234,27C,off
12/15/2021 11:15:23,Chamber 4,28-031662252cff,25.062,T234,27C,off
12/15/2021 11:15:43,Chamber 4,28-031662252cff,25.062,T234,27C,off
12/15/2021 11:16:03,Chamber 4,28-031662252cff,25.062,T234,27C,off
12/15/2021 11:16:23,Chamber 4,28-031662252cff,25.125,T234,27C,off
12/15/2021 11:16:43,Chamber 4,28-031662252cff,25.125,T234,27C,off
12/15/2021 11:17:03,Chamber 4,28-031662252cff,25.125,T234,27C,off
12/15/2021 11:17:23,Chamber 4,28-031662252cff,25.062,T234,27C,off
12/15/2021 11:17:43,Chamber 4,28-031662252cff,25.062,T234,27C,off
12/15/2021 11:18:03,Chamber 4,28-031662252cff,25.062,T234,27C,off
12/15/2021 11:18:23,Chamber 4,28-031662252cff,25.125,T234,27C,off
12/15/2021 11:18:43,Chamber 4,28-031662252cff,25.062,T234,27C,off
12/15/2021 11:19:03,Chamber 4,28-031662252cff,25.062,T234,27C,off
12/15/2021 11:19:23,Chamber 4,28-031662252cff,25.125,T234,27C,off
12/15/2021 11:19:43,Chamber 4,28-031662252cff,25.125,T234,27C,off
12/15/2021 11:20:03,Chamber 4,28-031662252cff,25.125,T234,27C,off
12/15/2021 11:20:23,Chamber 4,28-031662252cff,25.062,T234,27C,off
12/15/2021 11:20:43,Chamber 4,28-031662252cff,25.062,T234,27C,off
12/15/2021 11:21:03,Chamber 4,28-031662252cff,25.062,T234,27C,off
12/15/2021 11:21:23,Chamber 4,28-031662252cff,25.062,T234,27C,off
12/15/2021 11:21:43,Chamber 4,28-031662252cff,25.062,T234,27C,off
12/15/2021 11:22:03,Chamber 4,28-031662252cff,25.125,T234,27C,off
12/15/2021 11:22:23,Chamber 4,28-031662252cff,25.125,T234,27C,off
12/15/2021 11:22:43,Chamber 4,28-031662252cff,25.125,T234,27C,off
12/15/2021 11:23:03,Chamber 4,28-031662252cff,25.062,T234,27C,off
12/15/2021 11:23:23,Chamber 4,28-031662252cff,25.125,T234,27C,off
12/15/2021 11:23:43,Chamber 4,28-031662252cff,25.125,T234,27C,off
12/15/2021 11:24:03,Chamber 4,28-031662252cff,25.125,T234,27C,off
12/15/2021 11:24:23,Chamber 4,28-031662252cff,25.125,T234,27C,off
12/15/2021 11:24:43,Chamber 4,28-031662252cff,25.062,T234,27C,off
12/15/2021 11:25:03,Chamber 4,28-031662252cff,25.125,T234,27C,off
12/15/2021 11:25:23,Chamber 4,28-031662252cff,25.125,T234,27C,off
12/15/2021 11:25:43,Chamber 4,28-031662252cff,25.125,T234,27C,off
12/15/2021 11:26:03,Chamber 4,28-031662252cff,25.062,T234,27C,off
12/15/2021 11:26:23,Chamber 4,28-031662252cff,25.125,T234,27C,off
12/15/2021 11:26:43,Chamber 4,28-031662252cff,25.125,T234,27C,off
12/15/2021 11:27:03,Chamber 4,28-031662252cff,25.125,T234,27C,off
12/15/2021 11:27:23,Chamber 4,28-031662252cff,25.125,T234,27C,off
12/15/2021 11:27:43,Chamber 4,28-031662252cff,25.125,T234,27C,off
12/15/2021 11:28:03,Chamber 4,28-031662252cff,25.125,T234,27C,off
12/15/2021 11:28:24,Chamber 4,28-031662252cff,25.125,T234,27C,off
12/15/2021 11:28:43,Chamber 4,28-031662252cff,25.125,T234,27C,off
12/15/2021 11:29:03,Chamber 4,28-031662252cff,25.062,T234,27C,off
12/15/2021 11:29:23,Chamber 4,28-031662252cff,25.125,T234,27C,off
12/15/2021 11:29:43,Chamber 4,28-031662252cff,25.125,T234,27C,off
12/15/2021 11:30:03,Chamber 4,28-031662252cff,25.125,T234,27C,off
12/15/2021 11:30:24,Chamber 4,28-031662252cff,25.125,T234,27C,off
12/15/2021 11:30:43,Chamber 4,28-031662252cff,25.125,T234,27C,off
12/15/2021 11:31:03,Chamber 4,28-031662252cff,25.125,T234,27C,off
12/15/2021 11:31:23,Chamber 4,28-031662252cff,25.125,T234,27C,off
12/15/2021 11:31:43,Chamber 4,28-031662252cff,25.125,T234,27C,off
12/15/2021 11:32:03,Chamber 4,28-031662252cff,25.125,T234,27C,off
12/15/2021 11:32:24,Chamber 4,28-031662252cff,25.125,T234,27C,off
12/15/2021 11:32:43,Chamber 4,28-031662252cff,25.125,T234,27C,off
12/15/2021 11:33:03,Chamber 4,28-031662252cff,25.125,T234,27C,off
12/15/2021 11:33:23,Chamber 4,28-031662252cff,25.125,T234,27C,off
12/15/2021 11:33:44,Chamber 4,28-031662252cff,25.125,T234,27C,off
12/15/2021 11:34:03,Chamber 4,28-031662252cff,25.125,T234,27C,off
12/15/2021 11:34:23,Chamber 4,28-031662252cff,25.125,T234,27C,off
12/15/2021 11:34:43,Chamber 4,28-031662252cff,25.125,T234,27C,off
12/15/2021 11:35:04,Chamber 4,28-031662252cff,25.125,T234,27C,off
12/15/2021 11:35:23,Chamber 4,28-031662252cff,25.125,T234,27C,off
12/15/2021 11:35:43,Chamber 4,28-031662252cff,25.125,T234,27C,off
12/15/2021 11:36:03,Chamber 4,28-031662252cff,25.125,T234,27C,off
12/15/2021 11:36:23,Chamber 4,28-031662252cff,25.125,T234,27C,off
12/15/2021 11:36:43,Chamber 4,28-031662252cff,25.125,T234,27C,off
12/15/2021 11:37:04,Chamber 4,28-031662252cff,25.125,T234,27C,off
12/15/2021 11:37:23,Chamber 4,28-031662252cff,25.125,T234,27C,off
12/15/2021 11:37:43,Chamber 4,28-031662252cff,25.125,T234,27C,off
12/15/2021 11:38:03,Chamber 4,28-031662252cff,25.125,T234,27C,off
12/15/2021 11:38:23,Chamber 4,28-031662252cff,25.125,T234,27C,off
12/15/2021 11:38:43,Chamber 4,28-031662252cff,25.125,T234,27C,off
12/15/2021 11:39:03,Chamber 4,28-031662252cff,25.125,T234,27C,off
12/15/2021 11:39:23,Chamber 4,28-031662252cff,25.125,T234,27C,off
12/15/2021 11:39:43,Chamber 4,28-031662252cff,25.125,T234,27C,off
12/15/2021 11:40:03,Chamber 4,28-031662252cff,25.125,T234,27C,off
12/15/2021 11:40:23,Chamber 4,28-031662252cff,25.125,T234,27C,off
12/15/2021 11:40:43,Chamber 4,28-031662252cff,25.125,T234,27C,off
12/15/2021 11:41:03,Chamber 4,28-031662252cff,25.125,T234,27C,off
12/15/2021 11:41:23,Chamber 4,28-031662252cff,25.125,T234,27C,off
12/15/2021 11:41:43,Chamber 4,28-031662252cff,25.125,T234,27C,off
12/15/2021 11:42:03,Chamber 4,28-031662252cff,25.125,T234,27C,off
12/15/2021 11:42:23,Chamber 4,28-031662252cff,25.125,T234,27C,off
12/15/2021 11:42:43,Chamber 4,28-031662252cff,25.125,T234,27C,off
12/15/2021 11:43:03,Chamber 4,28-031662252cff,25.125,T234,27C,off
12/15/2021 11:43:23,Chamber 4,28-031662252cff,25.125,T234,27C,off
12/15/2021 11:43:43,Chamber 4,28-031662252cff,25.125,T234,27C,off
12/15/2021 11:44:03,Chamber 4,28-031662252cff,25.125,T234,27C,off
12/15/2021 11:44:23,Chamber 4,28-031662252cff,25.125,T234,27C,off
12/15/2021 11:44:43,Chamber 4,28-031662252cff,25.125,T234,27C,off
12/15/2021 11:45:03,Chamber 4,28-031662252cff,25.125,T234,27C,off
12/15/2021 11:45:23,Chamber 4,28-031662252cff,25.125,T234,27C,off
12/15/2021 11:45:43,Chamber 4,28-031662252cff,25.125,T234,27C,off
12/15/2021 11:46:04,Chamber 4,28-031662252cff,25.125,T234,27C,off
12/15/2021 11:46:23,Chamber 4,28-031662252cff,25.125,T234,27C,off
12/15/2021 11:46:43,Chamber 4,28-031662252cff,25.125,T234,27C,off
12/15/2021 11:47:03,Chamber 4,28-031662252cff,25.125,T234,27C,off
12/15/2021 11:47:23,Chamber 4,28-031662252cff,25.125,T234,27C,off
12/15/2021 11:47:43,Chamber 4,28-031662252cff,25.125,T234,27C,off
12/15/2021 11:48:03,Chamber 4,28-031662252cff,25.125,T234,27C,off
12/15/2021 11:48:23,Chamber 4,28-031662252cff,25.125,T234,27C,off
12/15/2021 11:48:43,Chamber 4,28-031662252cff,25.125,T234,27C,off
12/15/2021 11:49:03,Chamber 4,28-031662252cff,25.125,T234,27C,off
12/15/2021 11:49:23,Chamber 4,28-031662252cff,25.125,T234,27C,off
12/15/2021 11:49:43,Chamber 4,28-031662252cff,25.125,T234,27C,off
12/15/2021 11:50:03,Chamber 4,28-031662252cff,25.125,T234,27C,off
12/15/2021 11:50:23,Chamber 4,28-031662252cff,25.125,T234,27C,off
12/15/2021 11:50:43,Chamber 4,28-031662252cff,25.125,T234,27C,off
12/15/2021 11:51:03,Chamber 4,28-031662252cff,25.125,T234,27C,off
12/15/2021 11:51:23,Chamber 4,28-031662252cff,25.125,T234,27C,off
12/15/2021 11:51:43,Chamber 4,28-031662252cff,25.125,T234,27C,off
12/15/2021 11:52:03,Chamber 4,28-031662252cff,25.125,T234,27C,off
12/15/2021 11:52:23,Chamber 4,28-031662252cff,25.125,T234,27C,off
12/15/2021 11:52:43,Chamber 4,28-031662252cff,25.125,T234,27C,off
12/15/2021 11:53:03,Chamber 4,28-031662252cff,25.125,T234,27C,off
12/15/2021 11:53:23,Chamber 4,28-031662252cff,25.125,T234,27C,off
12/15/2021 11:53:43,Chamber 4,28-031662252cff,25.125,T234,27C,off
12/15/2021 11:54:03,Chamber 4,28-031662252cff,25.125,T234,27C,off
12/15/2021 11:54:23,Chamber 4,28-031662252cff,25.125,T234,27C,off
12/15/2021 11:54:43,Chamber 4,28-031662252cff,25.125,T234,27C,off
12/15/2021 11:55:03,Chamber 4,28-031662252cff,25.125,T234,27C,off
12/15/2021 11:55:23,Chamber 4,28-031662252cff,25.125,T234,27C,off
12/15/2021 11:55:43,Chamber 4,28-031662252cff,25.125,T234,27C,off
12/15/2021 11:56:03,Chamber 4,28-031662252cff,25.125,T234,27C,off
12/15/2021 11:56:23,Chamber 4,28-031662252cff,25.125,T234,27C,off
12/15/2021 11:56:43,Chamber 4,28-031662252cff,25.125,T234,27C,off
12/15/2021 11:57:03,Chamber 4,28-031662252cff,25.125,T234,27C,off
12/15/2021 11:57:23,Chamber 4,28-031662252cff,25.125,T234,27C,off
12/15/2021 11:57:43,Chamber 4,28-031662252cff,25.125,T234,27C,off
12/15/2021 11:58:03,Chamber 4,28-031662252cff,25.125,T234,27C,off
12/15/2021 11:58:23,Chamber 4,28-031662252cff,25.125,T234,27C,off
12/15/2021 11:58:43,Chamber 4,28-031662252cff,25.125,T234,27C,off
12/15/2021 11:59:03,Chamber 4,28-031662252cff,25.125,T234,27C,off
12/15/2021 11:59:23,Chamber 4,28-031662252cff,25.125,T234,27C,off
12/15/2021 11:59:43,Chamber 4,28-031662252cff,25.125,T234,27C,off
12/15/2021 12:00:02,Chamber 4,28-031662252cff,25.125,T234,27C,off
12/15/2021 12:00:22,Chamber 4,28-031662252cff,25.125,T234,27C,off
12/15/2021 12:00:42,Chamber 4,28-031662252cff,25.125,T234,27C,off
12/15/2021 12:01:02,Chamber 4,28-031662252cff,25.125,T234,27C,off
12/15/2021 12:01:22,Chamber 4,28-031662252cff,25.125,T234,27C,off
12/15/2021 12:01:42,Chamber 4,28-031662252cff,25.125,T234,27C,off
12/15/2021 12:02:02,Chamber 4,28-031662252cff,25.125,T234,27C,off
12/15/2021 12:02:22,Chamber 4,28-031662252cff,25.125,T234,27C,off
12/15/2021 12:02:42,Chamber 4,28-031662252cff,25.125,T234,27C,off
12/15/2021 12:03:02,Chamber 4,28-031662252cff,25.125,T234,27C,off
12/15/2021 12:03:22,Chamber 4,28-031662252cff,25.125,T234,27C,off
12/15/2021 12:03:42,Chamber 4,28-031662252cff,25.125,T234,27C,off
12/15/2021 12:04:02,Chamber 4,28-031662252cff,25.125,T234,27C,off
12/15/2021 12:04:22,Chamber 4,28-031662252cff,25.125,T234,27C,off
12/15/2021 12:04:42,Chamber 4,28-031662252cff,25.125,T234,27C,off
12/15/2021 12:05:02,Chamber 4,28-031662252cff,25.125,T234,27C,off
12/15/2021 12:05:22,Chamber 4,28-031662252cff,25.125,T234,27C,off
12/15/2021 12:05:42,Chamber 4,28-031662252cff,25.125,T234,27C,off
12/15/2021 12:06:02,Chamber 4,28-031662252cff,25.125,T234,27C,off
12/15/2021 12:06:23,Chamber 4,28-031662252cff,25.125,T234,27C,off
12/15/2021 12:06:42,Chamber 4,28-031662252cff,25.125,T234,27C,off
12/15/2021 12:07:02,Chamber 4,28-031662252cff,25.125,T234,27C,off
12/15/2021 12:07:22,Chamber 4,28-031662252cff,25.125,T234,27C,off
12/15/2021 12:07:42,Chamber 4,28-031662252cff,25.125,T234,27C,off
12/15/2021 12:08:02,Chamber 4,28-031662252cff,25.125,T234,27C,off
12/15/2021 12:08:22,Chamber 4,28-031662252cff,25.125,T234,27C,off
12/15/2021 12:08:42,Chamber 4,28-031662252cff,25.125,T234,27C,off
12/15/2021 12:09:02,Chamber 4,28-031662252cff,25.125,T234,27C,off
12/15/2021 12:09:22,Chamber 4,28-031662252cff,25.125,T234,27C,off
12/15/2021 12:09:42,Chamber 4,28-031662252cff,25.125,T234,27C,off
12/15/2021 12:10:02,Chamber 4,28-031662252cff,25.125,T234,27C,off
12/15/2021 12:10:22,Chamber 4,28-031662252cff,25.125,T234,27C,off
12/15/2021 12:10:42,Chamber 4,28-031662252cff,25.125,T234,27C,off
12/15/2021 12:11:02,Chamber 4,28-031662252cff,25.125,T234,27C,off
12/15/2021 12:11:22,Chamber 4,28-031662252cff,25.125,T234,27C,off
12/15/2021 12:11:43,Chamber 4,28-031662252cff,25.125,T234,27C,off
12/15/2021 12:12:02,Chamber 4,28-031662252cff,25.125,T234,27C,off
12/15/2021 12:12:22,Chamber 4,28-031662252cff,25.125,T234,27C,off
12/15/2021 12:12:42,Chamber 4,28-031662252cff,25.125,T234,27C,off
12/15/2021 12:13:02,Chamber 4,28-031662252cff,25.125,T234,27C,off
12/15/2021 12:13:22,Chamber 4,28-031662252cff,25.125,T234,27C,off
12/15/2021 12:13:42,Chamber 4,28-031662252cff,25.125,T234,27C,off
12/15/2021 12:14:02,Chamber 4,28-031662252cff,25.125,T234,27C,off
12/15/2021 12:14:22,Chamber 4,28-031662252cff,25.125,T234,27C,off
12/15/2021 12:14:42,Chamber 4,28-031662252cff,25.125,T234,27C,off
12/15/2021 12:15:02,Chamber 4,28-031662252cff,25.125,T234,27C,off
12/15/2021 12:15:22,Chamber 4,28-031662252cff,25.125,T234,27C,off
12/15/2021 12:15:42,Chamber 4,28-031662252cff,25.125,T234,27C,off
12/15/2021 12:16:02,Chamber 4,28-031662252cff,25.125,T234,27C,off
12/15/2021 12:16:22,Chamber 4,28-031662252cff,25.125,T234,27C,off
12/15/2021 12:16:42,Chamber 4,28-031662252cff,25.125,T234,27C,off
12/15/2021 12:17:02,Chamber 4,28-031662252cff,25.125,T234,27C,off
12/15/2021 12:17:22,Chamber 4,28-031662252cff,25.125,T234,27C,off
12/15/2021 12:17:42,Chamber 4,28-031662252cff,25.125,T234,27C,off
12/15/2021 12:18:02,Chamber 4,28-031662252cff,25.125,T234,27C,off
12/15/2021 12:18:22,Chamber 4,28-031662252cff,25.125,T234,27C,off
12/15/2021 12:18:42,Chamber 4,28-031662252cff,25.125,T234,27C,off
12/15/2021 12:19:02,Chamber 4,28-031662252cff,25.125,T234,27C,off
12/15/2021 12:19:22,Chamber 4,28-031662252cff,25.125,T234,27C,off
12/15/2021 12:19:42,Chamber 4,28-031662252cff,25.125,T234,27C,off
12/15/2021 12:20:02,Chamber 4,28-031662252cff,25.125,T234,27C,off
12/15/2021 12:20:22,Chamber 4,28-031662252cff,25.125,T234,27C,off
12/15/2021 12:20:42,Chamber 4,28-031662252cff,25.125,T234,27C,off
12/15/2021 12:21:02,Chamber 4,28-031662252cff,25.125,T234,27C,off
12/15/2021 12:21:22,Chamber 4,28-031662252cff,25.125,T234,27C,off
12/15/2021 12:21:42,Chamber 4,28-031662252cff,25.125,T234,27C,off
12/15/2021 12:22:02,Chamber 4,28-031662252cff,25.125,T234,27C,off
12/15/2021 12:22:22,Chamber 4,28-031662252cff,25.125,T234,27C,off
12/15/2021 12:22:42,Chamber 4,28-031662252cff,25.125,T234,27C,off
12/15/2021 12:23:02,Chamber 4,28-031662252cff,25.125,T234,27C,off
12/15/2021 12:23:22,Chamber 4,28-031662252cff,25.125,T234,27C,off
12/15/2021 12:23:42,Chamber 4,28-031662252cff,25.125,T234,27C,off
12/15/2021 12:24:02,Chamber 4,28-031662252cff,25.125,T234,27C,off
12/15/2021 12:24:22,Chamber 4,28-031662252cff,25.125,T234,27C,off
12/15/2021 12:24:42,Chamber 4,28-031662252cff,25.125,T234,27C,off
12/15/2021 12:25:02,Chamber 4,28-031662252cff,25.125,T234,27C,off
12/15/2021 12:25:22,Chamber 4,28-031662252cff,25.125,T234,27C,off
12/15/2021 12:25:42,Chamber 4,28-031662252cff,25.125,T234,27C,off
12/15/2021 12:26:02,Chamber 4,28-031662252cff,25.125,T234,27C,off
12/15/2021 12:26:22,Chamber 4,28-031662252cff,25.125,T234,27C,off
12/15/2021 12:26:42,Chamber 4,28-031662252cff,25.125,T234,27C,off
12/15/2021 12:27:02,Chamber 4,28-031662252cff,25.125,T234,27C,off
12/15/2021 12:27:22,Chamber 4,28-031662252cff,25.125,T234,27C,off
12/15/2021 12:27:42,Chamber 4,28-031662252cff,25.125,T234,27C,off
12/15/2021 12:28:02,Chamber 4,28-031662252cff,25.125,T234,27C,off
12/15/2021 12:28:22,Chamber 4,28-031662252cff,25.125,T234,27C,off
12/15/2021 12:28:42,Chamber 4,28-031662252cff,25.125,T234,27C,off
12/15/2021 12:29:02,Chamber 4,28-031662252cff,25.125,T234,27C,off
12/15/2021 12:29:22,Chamber 4,28-031662252cff,25.125,T234,27C,off
12/15/2021 12:29:42,Chamber 4,28-031662252cff,25.187,T234,27C,off
12/15/2021 12:30:02,Chamber 4,28-031662252cff,25.187,T234,27C,off
12/15/2021 12:30:23,Chamber 4,28-031662252cff,25.187,T234,27C,off
12/15/2021 12:30:42,Chamber 4,28-031662252cff,25.125,T234,27C,off
12/15/2021 12:31:02,Chamber 4,28-031662252cff,25.125,T234,27C,off
12/15/2021 12:31:22,Chamber 4,28-031662252cff,25.125,T234,27C,off
12/15/2021 12:31:42,Chamber 4,28-031662252cff,25.125,T234,27C,off
12/15/2021 12:32:02,Chamber 4,28-031662252cff,25.125,T234,27C,off
12/15/2021 12:32:22,Chamber 4,28-031662252cff,25.125,T234,27C,off
12/15/2021 12:32:42,Chamber 4,28-031662252cff,25.187,T234,27C,off
12/15/2021 12:33:02,Chamber 4,28-031662252cff,25.187,T234,27C,off
12/15/2021 12:33:22,Chamber 4,28-031662252cff,25.187,T234,27C,off
12/15/2021 12:33:42,Chamber 4,28-031662252cff,25.187,T234,27C,off
12/15/2021 12:34:02,Chamber 4,28-031662252cff,25.187,T234,27C,off
12/15/2021 12:34:22,Chamber 4,28-031662252cff,25.187,T234,27C,off
12/15/2021 12:34:42,Chamber 4,28-031662252cff,25.187,T234,27C,off
12/15/2021 12:35:02,Chamber 4,28-031662252cff,25.187,T234,27C,off
12/15/2021 12:35:22,Chamber 4,28-031662252cff,25.187,T234,27C,off
12/15/2021 12:35:42,Chamber 4,28-031662252cff,25.187,T234,27C,off
12/15/2021 12:36:02,Chamber 4,28-031662252cff,25.187,T234,27C,off
12/15/2021 12:36:22,Chamber 4,28-031662252cff,25.187,T234,27C,off
12/15/2021 12:36:42,Chamber 4,28-031662252cff,25.187,T234,27C,off
12/15/2021 12:37:02,Chamber 4,28-031662252cff,25.187,T234,27C,off
12/15/2021 12:37:22,Chamber 4,28-031662252cff,25.187,T234,27C,off
12/15/2021 12:37:42,Chamber 4,28-031662252cff,25.187,T234,27C,off
12/15/2021 12:38:02,Chamber 4,28-031662252cff,25.187,T234,27C,off
12/15/2021 12:38:22,Chamber 4,28-031662252cff,25.187,T234,27C,off
12/15/2021 12:38:42,Chamber 4,28-031662252cff,25.187,T234,27C,off
12/15/2021 12:39:02,Chamber 4,28-031662252cff,25.187,T234,27C,off
12/15/2021 12:39:22,Chamber 4,28-031662252cff,25.187,T234,27C,off
12/15/2021 12:39:42,Chamber 4,28-031662252cff,25.187,T234,27C,off
12/15/2021 12:40:02,Chamber 4,28-031662252cff,25.187,T234,27C,off
12/15/2021 12:40:22,Chamber 4,28-031662252cff,25.187,T234,27C,off
12/15/2021 12:40:42,Chamber 4,28-031662252cff,25.187,T234,27C,off
12/15/2021 12:41:02,Chamber 4,28-031662252cff,25.187,T234,27C,off
12/15/2021 12:41:22,Chamber 4,28-031662252cff,25.187,T234,27C,off
12/15/2021 12:41:42,Chamber 4,28-031662252cff,25.187,T234,27C,off
12/15/2021 12:42:02,Chamber 4,28-031662252cff,25.187,T234,27C,off
12/15/2021 12:42:22,Chamber 4,28-031662252cff,25.187,T234,27C,off
12/15/2021 12:42:42,Chamber 4,28-031662252cff,25.187,T234,27C,off
12/15/2021 12:43:02,Chamber 4,28-031662252cff,25.187,T234,27C,off
12/15/2021 12:43:22,Chamber 4,28-031662252cff,25.187,T234,27C,off
12/15/2021 12:43:42,Chamber 4,28-031662252cff,25.187,T234,27C,off
12/15/2021 12:44:02,Chamber 4,28-031662252cff,25.187,T234,27C,off
12/15/2021 12:44:22,Chamber 4,28-031662252cff,25.187,T234,27C,off
12/15/2021 12:44:42,Chamber 4,28-031662252cff,25.187,T234,27C,off
12/15/2021 12:45:02,Chamber 4,28-031662252cff,25.187,T234,27C,off
12/15/2021 12:45:22,Chamber 4,28-031662252cff,25.187,T234,27C,off
12/15/2021 12:45:42,Chamber 4,28-031662252cff,25.187,T234,27C,off
12/15/2021 12:46:02,Chamber 4,28-031662252cff,25.187,T234,27C,off
12/15/2021 12:46:22,Chamber 4,28-031662252cff,25.187,T234,27C,off
12/15/2021 12:46:42,Chamber 4,28-031662252cff,25.187,T234,27C,off
12/15/2021 12:47:02,Chamber 4,28-031662252cff,25.187,T234,27C,off
12/15/2021 12:47:22,Chamber 4,28-031662252cff,25.187,T234,27C,off
12/15/2021 12:47:42,Chamber 4,28-031662252cff,25.187,T234,27C,off
12/15/2021 12:48:02,Chamber 4,28-031662252cff,25.187,T234,27C,off
12/15/2021 12:48:22,Chamber 4,28-031662252cff,25.187,T234,27C,off
12/15/2021 12:48:42,Chamber 4,28-031662252cff,25.187,T234,27C,off
12/15/2021 12:49:02,Chamber 4,28-031662252cff,25.187,T234,27C,off
12/15/2021 12:49:22,Chamber 4,28-031662252cff,25.25,T234,27C,off
12/15/2021 12:49:42,Chamber 4,28-031662252cff,25.187,T234,27C,off
12/15/2021 12:50:02,Chamber 4,28-031662252cff,25.187,T234,27C,off
12/15/2021 12:50:22,Chamber 4,28-031662252cff,25.25,T234,27C,off
12/15/2021 12:50:42,Chamber 4,28-031662252cff,25.25,T234,27C,off
12/15/2021 12:51:02,Chamber 4,28-031662252cff,25.25,T234,27C,off
12/15/2021 12:51:22,Chamber 4,28-031662252cff,25.25,T234,27C,off
12/15/2021 12:51:42,Chamber 4,28-031662252cff,25.25,T234,27C,off
12/15/2021 12:52:02,Chamber 4,28-031662252cff,25.25,T234,27C,off
12/15/2021 12:52:22,Chamber 4,28-031662252cff,25.25,T234,27C,off
12/15/2021 12:52:42,Chamber 4,28-031662252cff,25.25,T234,27C,off
12/15/2021 12:53:02,Chamber 4,28-031662252cff,25.25,T234,27C,off
12/15/2021 12:53:22,Chamber 4,28-031662252cff,25.25,T234,27C,off
12/15/2021 12:53:42,Chamber 4,28-031662252cff,25.25,T234,27C,off
12/15/2021 12:54:02,Chamber 4,28-031662252cff,25.25,T234,27C,off
12/15/2021 12:54:22,Chamber 4,28-031662252cff,25.25,T234,27C,off
12/15/2021 12:54:42,Chamber 4,28-031662252cff,25.25,T234,27C,off
12/15/2021 12:55:02,Chamber 4,28-031662252cff,25.25,T234,27C,off
12/15/2021 12:55:22,Chamber 4,28-031662252cff,25.25,T234,27C,off
12/15/2021 12:55:42,Chamber 4,28-031662252cff,25.25,T234,27C,off
12/15/2021 12:56:02,Chamber 4,28-031662252cff,25.25,T234,27C,off
12/15/2021 12:56:22,Chamber 4,28-031662252cff,25.25,T234,27C,off
12/15/2021 12:56:42,Chamber 4,28-031662252cff,25.25,T234,27C,off
12/15/2021 12:57:02,Chamber 4,28-031662252cff,25.25,T234,27C,off
12/15/2021 12:57:22,Chamber 4,28-031662252cff,25.25,T234,27C,off
12/15/2021 12:57:42,Chamber 4,28-031662252cff,25.25,T234,27C,off
12/15/2021 12:58:02,Chamber 4,28-031662252cff,25.25,T234,27C,off
12/15/2021 12:58:23,Chamber 4,28-031662252cff,25.25,T234,27C,off
12/15/2021 12:58:42,Chamber 4,28-031662252cff,25.25,T234,27C,off
12/15/2021 12:59:02,Chamber 4,28-031662252cff,25.25,T234,27C,off
12/15/2021 12:59:22,Chamber 4,28-031662252cff,25.25,T234,27C,off
12/15/2021 12:59:42,Chamber 4,28-031662252cff,25.25,T234,27C,off
12/15/2021 13:00:03,Chamber 4,28-031662252cff,25.25,T234,27C,off
12/15/2021 13:00:23,Chamber 4,28-031662252cff,25.25,T234,27C,off
12/15/2021 13:00:43,Chamber 4,28-031662252cff,25.25,T234,27C,off
12/15/2021 13:01:03,Chamber 4,28-031662252cff,25.25,T234,27C,off
12/15/2021 13:01:23,Chamber 4,28-031662252cff,25.25,T234,27C,off
12/15/2021 13:01:43,Chamber 4,28-031662252cff,25.25,T234,27C,off
12/15/2021 13:02:03,Chamber 4,28-031662252cff,25.25,T234,27C,off
12/15/2021 13:02:23,Chamber 4,28-031662252cff,25.25,T234,27C,off
12/15/2021 13:02:43,Chamber 4,28-031662252cff,25.25,T234,27C,off
12/15/2021 13:03:03,Chamber 4,28-031662252cff,25.25,T234,27C,off
12/15/2021 13:03:23,Chamber 4,28-031662252cff,25.25,T234,27C,off
12/15/2021 13:03:43,Chamber 4,28-031662252cff,25.25,T234,27C,off
12/15/2021 13:04:03,Chamber 4,28-031662252cff,25.25,T234,27C,off
12/15/2021 13:04:23,Chamber 4,28-031662252cff,25.25,T234,27C,off
12/15/2021 13:04:43,Chamber 4,28-031662252cff,25.25,T234,27C,off
12/15/2021 13:05:03,Chamber 4,28-031662252cff,25.25,T234,27C,off
12/15/2021 13:05:23,Chamber 4,28-031662252cff,25.25,T234,27C,off
12/15/2021 13:05:43,Chamber 4,28-031662252cff,25.25,T234,27C,off
12/15/2021 13:06:03,Chamber 4,28-031662252cff,25.25,T234,27C,off
12/15/2021 13:06:23,Chamber 4,28-031662252cff,25.25,T234,27C,off
12/15/2021 13:06:43,Chamber 4,28-031662252cff,25.25,T234,27C,off
12/15/2021 13:07:03,Chamber 4,28-031662252cff,25.25,T234,27C,off
12/15/2021 13:07:23,Chamber 4,28-031662252cff,25.25,T234,27C,off
12/15/2021 13:07:43,Chamber 4,28-031662252cff,25.25,T234,27C,off
12/15/2021 13:08:03,Chamber 4,28-031662252cff,25.25,T234,27C,off
12/15/2021 13:08:23,Chamber 4,28-031662252cff,25.25,T234,27C,off
12/15/2021 13:08:43,Chamber 4,28-031662252cff,25.25,T234,27C,off
12/15/2021 13:09:03,Chamber 4,28-031662252cff,25.25,T234,27C,off
12/15/2021 13:09:23,Chamber 4,28-031662252cff,25.25,T234,27C,off
12/15/2021 13:09:43,Chamber 4,28-031662252cff,25.25,T234,27C,off
12/15/2021 13:10:03,Chamber 4,28-031662252cff,25.25,T234,27C,off
12/15/2021 13:10:23,Chamber 4,28-031662252cff,25.25,T234,27C,off
12/15/2021 13:10:43,Chamber 4,28-031662252cff,25.25,T234,27C,off
12/15/2021 13:11:03,Chamber 4,28-031662252cff,25.25,T234,27C,off
12/15/2021 13:11:23,Chamber 4,28-031662252cff,25.25,T234,27C,off
12/15/2021 13:11:43,Chamber 4,28-031662252cff,25.25,T234,27C,off
12/15/2021 13:12:03,Chamber 4,28-031662252cff,25.25,T234,27C,off
12/15/2021 13:12:23,Chamber 4,28-031662252cff,25.25,T234,27C,off
12/15/2021 13:12:43,Chamber 4,28-031662252cff,25.25,T234,27C,off
12/15/2021 13:13:03,Chamber 4,28-031662252cff,25.25,T234,27C,off
12/15/2021 13:13:23,Chamber 4,28-031662252cff,25.25,T234,27C,off
12/15/2021 13:13:43,Chamber 4,28-031662252cff,25.25,T234,27C,off
12/15/2021 13:14:03,Chamber 4,28-031662252cff,25.25,T234,27C,off
12/15/2021 13:14:23,Chamber 4,28-031662252cff,25.25,T234,27C,off
12/15/2021 13:14:43,Chamber 4,28-031662252cff,25.25,T234,27C,off
12/15/2021 13:15:03,Chamber 4,28-031662252cff,25.25,T234,27C,off
12/15/2021 13:15:23,Chamber 4,28-031662252cff,25.25,T234,27C,off
12/15/2021 13:15:43,Chamber 4,28-031662252cff,25.25,T234,27C,off
12/15/2021 13:16:03,Chamber 4,28-031662252cff,25.25,T234,27C,off
12/15/2021 13:16:23,Chamber 4,28-031662252cff,25.25,T234,27C,off
12/15/2021 13:16:43,Chamber 4,28-031662252cff,25.25,T234,27C,off
12/15/2021 13:17:03,Chamber 4,28-031662252cff,25.25,T234,27C,off
12/15/2021 13:17:23,Chamber 4,28-031662252cff,25.25,T234,27C,off
12/15/2021 13:17:43,Chamber 4,28-031662252cff,25.25,T234,27C,off
12/15/2021 13:18:03,Chamber 4,28-031662252cff,25.25,T234,27C,off
12/15/2021 13:18:23,Chamber 4,28-031662252cff,25.25,T234,27C,off
12/15/2021 13:18:43,Chamber 4,28-031662252cff,25.25,T234,27C,off
12/15/2021 13:19:03,Chamber 4,28-031662252cff,25.25,T234,27C,off
12/15/2021 13:19:23,Chamber 4,28-031662252cff,25.25,T234,27C,off
12/15/2021 13:19:43,Chamber 4,28-031662252cff,25.312,T234,27C,off
12/15/2021 13:20:03,Chamber 4,28-031662252cff,25.312,T234,27C,off
12/15/2021 13:20:23,Chamber 4,28-031662252cff,25.25,T234,27C,off
12/15/2021 13:20:43,Chamber 4,28-031662252cff,25.312,T234,27C,off
12/15/2021 13:21:03,Chamber 4,28-031662252cff,25.25,T234,27C,off
12/15/2021 13:21:23,Chamber 4,28-031662252cff,25.25,T234,27C,off
12/15/2021 13:21:43,Chamber 4,28-031662252cff,25.312,T234,27C,off
12/15/2021 13:22:03,Chamber 4,28-031662252cff,25.312,T234,27C,off
12/15/2021 13:22:23,Chamber 4,28-031662252cff,25.312,T234,27C,off
12/15/2021 13:22:43,Chamber 4,28-031662252cff,25.312,T234,27C,off
12/15/2021 13:23:03,Chamber 4,28-031662252cff,25.312,T234,27C,off
12/15/2021 13:23:23,Chamber 4,28-031662252cff,25.312,T234,27C,off
12/15/2021 13:23:43,Chamber 4,28-031662252cff,25.312,T234,27C,off
12/15/2021 13:24:03,Chamber 4,28-031662252cff,25.312,T234,27C,off
12/15/2021 13:24:23,Chamber 4,28-031662252cff,25.312,T234,27C,off
12/15/2021 13:24:43,Chamber 4,28-031662252cff,25.312,T234,27C,off
12/15/2021 13:25:03,Chamber 4,28-031662252cff,25.312,T234,27C,off
12/15/2021 13:25:23,Chamber 4,28-031662252cff,25.312,T234,27C,off
12/15/2021 13:25:43,Chamber 4,28-031662252cff,25.312,T234,27C,off
12/15/2021 13:26:03,Chamber 4,28-031662252cff,25.312,T234,27C,off
12/15/2021 13:26:23,Chamber 4,28-031662252cff,25.312,T234,27C,off
12/15/2021 13:26:43,Chamber 4,28-031662252cff,25.312,T234,27C,off
12/15/2021 13:27:03,Chamber 4,28-031662252cff,25.312,T234,27C,off
12/15/2021 13:27:23,Chamber 4,28-031662252cff,25.312,T234,27C,off
12/15/2021 13:27:43,Chamber 4,28-031662252cff,25.312,T234,27C,off
12/15/2021 13:28:03,Chamber 4,28-031662252cff,25.312,T234,27C,off
12/15/2021 13:28:23,Chamber 4,28-031662252cff,25.312,T234,27C,off
12/15/2021 13:28:43,Chamber 4,28-031662252cff,25.312,T234,27C,off
12/15/2021 13:29:03,Chamber 4,28-031662252cff,25.312,T234,27C,off
12/15/2021 13:29:23,Chamber 4,28-031662252cff,25.312,T234,27C,off
12/15/2021 13:29:43,Chamber 4,28-031662252cff,25.312,T234,27C,off
12/15/2021 13:30:03,Chamber 4,28-031662252cff,25.312,T234,27C,off
12/15/2021 13:30:23,Chamber 4,28-031662252cff,25.312,T234,27C,off
12/15/2021 13:30:43,Chamber 4,28-031662252cff,25.312,T234,27C,off
12/15/2021 13:31:03,Chamber 4,28-031662252cff,25.312,T234,27C,off
12/15/2021 13:31:23,Chamber 4,28-031662252cff,25.312,T234,27C,off
12/15/2021 13:31:43,Chamber 4,28-031662252cff,25.312,T234,27C,off
12/15/2021 13:32:03,Chamber 4,28-031662252cff,25.312,T234,27C,off
12/15/2021 13:32:23,Chamber 4,28-031662252cff,25.312,T234,27C,off
12/15/2021 13:32:43,Chamber 4,28-031662252cff,25.312,T234,27C,off
12/15/2021 13:33:03,Chamber 4,28-031662252cff,25.312,T234,27C,off
12/15/2021 13:33:23,Chamber 4,28-031662252cff,25.312,T234,27C,off
12/15/2021 13:33:43,Chamber 4,28-031662252cff,25.312,T234,27C,off
12/15/2021 13:34:03,Chamber 4,28-031662252cff,25.312,T234,27C,off
12/15/2021 13:34:23,Chamber 4,28-031662252cff,25.312,T234,27C,off
12/15/2021 13:34:43,Chamber 4,28-031662252cff,25.312,T234,27C,off
12/15/2021 13:35:03,Chamber 4,28-031662252cff,25.312,T234,27C,off
12/15/2021 13:35:23,Chamber 4,28-031662252cff,25.312,T234,27C,off
12/15/2021 13:35:43,Chamber 4,28-031662252cff,25.312,T234,27C,off
12/15/2021 13:36:03,Chamber 4,28-031662252cff,25.312,T234,27C,off
12/15/2021 13:36:23,Chamber 4,28-031662252cff,25.312,T234,27C,off
12/15/2021 13:36:43,Chamber 4,28-031662252cff,25.312,T234,27C,off
12/15/2021 13:37:03,Chamber 4,28-031662252cff,25.312,T234,27C,off
12/15/2021 13:37:23,Chamber 4,28-031662252cff,25.312,T234,27C,off
12/15/2021 13:37:43,Chamber 4,28-031662252cff,25.312,T234,27C,off
12/15/2021 13:38:03,Chamber 4,28-031662252cff,25.312,T234,27C,off
12/15/2021 13:38:23,Chamber 4,28-031662252cff,25.312,T234,27C,off
12/15/2021 13:38:43,Chamber 4,28-031662252cff,25.312,T234,27C,off
12/15/2021 13:39:03,Chamber 4,28-031662252cff,25.312,T234,27C,off
12/15/2021 13:39:23,Chamber 4,28-031662252cff,25.312,T234,27C,off
12/15/2021 13:39:43,Chamber 4,28-031662252cff,25.312,T234,27C,off
12/15/2021 13:40:03,Chamber 4,28-031662252cff,25.312,T234,27C,off
12/15/2021 13:40:23,Chamber 4,28-031662252cff,25.312,T234,27C,off
12/15/2021 13:40:43,Chamber 4,28-031662252cff,25.375,T234,27C,off
12/15/2021 13:41:03,Chamber 4,28-031662252cff,25.312,T234,27C,off
12/15/2021 13:41:23,Chamber 4,28-031662252cff,25.375,T234,27C,off
12/15/2021 13:41:43,Chamber 4,28-031662252cff,25.312,T234,27C,off
12/15/2021 13:42:03,Chamber 4,28-031662252cff,25.312,T234,27C,off
12/15/2021 13:42:23,Chamber 4,28-031662252cff,25.375,T234,27C,off
12/15/2021 13:42:43,Chamber 4,28-031662252cff,25.375,T234,27C,off
12/15/2021 13:43:03,Chamber 4,28-031662252cff,25.375,T234,27C,off
12/15/2021 13:43:23,Chamber 4,28-031662252cff,25.375,T234,27C,off
12/15/2021 13:43:43,Chamber 4,28-031662252cff,25.375,T234,27C,off
12/15/2021 13:44:03,Chamber 4,28-031662252cff,25.375,T234,27C,off
12/15/2021 13:44:23,Chamber 4,28-031662252cff,25.375,T234,27C,off
12/15/2021 13:44:43,Chamber 4,28-031662252cff,25.375,T234,27C,off
12/15/2021 13:45:03,Chamber 4,28-031662252cff,25.375,T234,27C,off
12/15/2021 13:45:23,Chamber 4,28-031662252cff,25.375,T234,27C,off
12/15/2021 13:45:43,Chamber 4,28-031662252cff,25.375,T234,27C,off
12/15/2021 13:46:03,Chamber 4,28-031662252cff,25.375,T234,27C,off
12/15/2021 13:46:23,Chamber 4,28-031662252cff,25.375,T234,27C,off
12/15/2021 13:46:43,Chamber 4,28-031662252cff,25.375,T234,27C,off
12/15/2021 13:47:03,Chamber 4,28-031662252cff,25.375,T234,27C,off
12/15/2021 13:47:23,Chamber 4,28-031662252cff,25.375,T234,27C,off
12/15/2021 13:47:44,Chamber 4,28-031662252cff,25.375,T234,27C,off
12/15/2021 13:48:03,Chamber 4,28-031662252cff,25.375,T234,27C,off
12/15/2021 13:48:23,Chamber 4,28-031662252cff,25.375,T234,27C,off
12/15/2021 13:48:43,Chamber 4,28-031662252cff,25.375,T234,27C,off
12/15/2021 13:49:03,Chamber 4,28-031662252cff,25.375,T234,27C,off
12/15/2021 13:49:23,Chamber 4,28-031662252cff,25.375,T234,27C,off
12/15/2021 13:49:43,Chamber 4,28-031662252cff,25.375,T234,27C,off
12/15/2021 13:50:03,Chamber 4,28-031662252cff,25.375,T234,27C,off
12/15/2021 13:50:23,Chamber 4,28-031662252cff,25.375,T234,27C,off
12/15/2021 13:50:43,Chamber 4,28-031662252cff,25.375,T234,27C,off
12/15/2021 13:51:03,Chamber 4,28-031662252cff,25.375,T234,27C,off
12/15/2021 13:51:23,Chamber 4,28-031662252cff,25.375,T234,27C,off
12/15/2021 13:51:43,Chamber 4,28-031662252cff,25.375,T234,27C,off
12/15/2021 13:52:03,Chamber 4,28-031662252cff,25.375,T234,27C,off
12/15/2021 13:52:23,Chamber 4,28-031662252cff,25.375,T234,27C,off
12/15/2021 13:52:43,Chamber 4,28-031662252cff,25.375,T234,27C,off
12/15/2021 13:53:03,Chamber 4,28-031662252cff,25.375,T234,27C,off
12/15/2021 13:53:23,Chamber 4,28-031662252cff,25.375,T234,27C,off
12/15/2021 13:53:43,Chamber 4,28-031662252cff,25.375,T234,27C,off
12/15/2021 13:54:03,Chamber 4,28-031662252cff,25.375,T234,27C,off
12/15/2021 13:54:23,Chamber 4,28-031662252cff,25.375,T234,27C,off
12/15/2021 13:54:43,Chamber 4,28-031662252cff,25.375,T234,27C,off
12/15/2021 13:55:03,Chamber 4,28-031662252cff,25.375,T234,27C,off
12/15/2021 13:55:23,Chamber 4,28-031662252cff,25.375,T234,27C,off
12/15/2021 13:55:43,Chamber 4,28-031662252cff,25.375,T234,27C,off
12/15/2021 13:56:03,Chamber 4,28-031662252cff,25.375,T234,27C,off
12/15/2021 13:56:23,Chamber 4,28-031662252cff,25.375,T234,27C,off
12/15/2021 13:56:43,Chamber 4,28-031662252cff,25.375,T234,27C,off
12/15/2021 13:57:03,Chamber 4,28-031662252cff,25.375,T234,27C,off
12/15/2021 13:57:23,Chamber 4,28-031662252cff,25.375,T234,27C,off
12/15/2021 13:57:43,Chamber 4,28-031662252cff,25.375,T234,27C,off
12/15/2021 13:58:03,Chamber 4,28-031662252cff,25.375,T234,27C,off
12/15/2021 13:58:23,Chamber 4,28-031662252cff,25.375,T234,27C,off
12/15/2021 13:58:43,Chamber 4,28-031662252cff,25.375,T234,27C,off
12/15/2021 13:59:03,Chamber 4,28-031662252cff,25.375,T234,27C,off
12/15/2021 13:59:23,Chamber 4,28-031662252cff,25.375,T234,27C,off
12/15/2021 13:59:43,Chamber 4,28-031662252cff,25.375,T234,27C,off
12/15/2021 14:00:02,Chamber 4,28-031662252cff,25.375,T234,27C,off
12/15/2021 14:00:22,Chamber 4,28-031662252cff,25.375,T234,27C,off
12/15/2021 14:00:42,Chamber 4,28-031662252cff,25.375,T234,27C,off
12/15/2021 14:01:02,Chamber 4,28-031662252cff,25.375,T234,27C,off
12/15/2021 14:01:22,Chamber 4,28-031662252cff,25.375,T234,27C,off
12/15/2021 14:01:42,Chamber 4,28-031662252cff,25.375,T234,27C,off
12/15/2021 14:02:02,Chamber 4,28-031662252cff,25.375,T234,27C,off
12/15/2021 14:02:22,Chamber 4,28-031662252cff,25.375,T234,27C,off
12/15/2021 14:02:42,Chamber 4,28-031662252cff,25.375,T234,27C,off
12/15/2021 14:03:02,Chamber 4,28-031662252cff,25.375,T234,27C,off
12/15/2021 14:03:22,Chamber 4,28-031662252cff,25.375,T234,27C,off
12/15/2021 14:03:42,Chamber 4,28-031662252cff,25.375,T234,27C,off
12/15/2021 14:04:02,Chamber 4,28-031662252cff,25.375,T234,27C,off
12/15/2021 14:04:22,Chamber 4,28-031662252cff,25.375,T234,27C,off
12/15/2021 14:04:42,Chamber 4,28-031662252cff,25.375,T234,27C,off
12/15/2021 14:05:02,Chamber 4,28-031662252cff,25.375,T234,27C,off
12/15/2021 14:05:22,Chamber 4,28-031662252cff,25.375,T234,27C,off
12/15/2021 14:05:42,Chamber 4,28-031662252cff,25.375,T234,27C,off
12/15/2021 14:06:02,Chamber 4,28-031662252cff,25.375,T234,27C,off
12/15/2021 14:06:22,Chamber 4,28-031662252cff,25.375,T234,27C,off
12/15/2021 14:06:42,Chamber 4,28-031662252cff,25.375,T234,27C,off
12/15/2021 14:07:02,Chamber 4,28-031662252cff,25.375,T234,27C,off
12/15/2021 14:07:22,Chamber 4,28-031662252cff,25.375,T234,27C,off
12/15/2021 14:07:42,Chamber 4,28-031662252cff,25.375,T234,27C,off
12/15/2021 14:08:02,Chamber 4,28-031662252cff,25.375,T234,27C,off
12/15/2021 14:08:22,Chamber 4,28-031662252cff,25.375,T234,27C,off
12/15/2021 14:08:42,Chamber 4,28-031662252cff,25.375,T234,27C,off
12/15/2021 14:09:02,Chamber 4,28-031662252cff,25.375,T234,27C,off
12/15/2021 14:09:22,Chamber 4,28-031662252cff,25.375,T234,27C,off
12/15/2021 14:09:42,Chamber 4,28-031662252cff,25.375,T234,27C,off
12/15/2021 14:10:02,Chamber 4,28-031662252cff,25.375,T234,27C,off
12/15/2021 14:10:22,Chamber 4,28-031662252cff,25.375,T234,27C,off
12/15/2021 14:10:42,Chamber 4,28-031662252cff,25.375,T234,27C,off
12/15/2021 14:11:02,Chamber 4,28-031662252cff,25.375,T234,27C,off
12/15/2021 14:11:22,Chamber 4,28-031662252cff,25.375,T234,27C,off
12/15/2021 14:11:42,Chamber 4,28-031662252cff,25.375,T234,27C,off
12/15/2021 14:12:02,Chamber 4,28-031662252cff,25.375,T234,27C,off
12/15/2021 14:12:22,Chamber 4,28-031662252cff,25.375,T234,27C,off
12/15/2021 14:12:42,Chamber 4,28-031662252cff,25.375,T234,27C,off
12/15/2021 14:13:02,Chamber 4,28-031662252cff,25.375,T234,27C,off
12/15/2021 14:13:22,Chamber 4,28-031662252cff,25.375,T234,27C,off
12/15/2021 14:13:42,Chamber 4,28-031662252cff,25.375,T234,27C,off
12/15/2021 14:14:02,Chamber 4,28-031662252cff,25.375,T234,27C,off
12/15/2021 14:14:22,Chamber 4,28-031662252cff,25.375,T234,27C,off
12/15/2021 14:14:42,Chamber 4,28-031662252cff,25.375,T234,27C,off
12/15/2021 14:15:02,Chamber 4,28-031662252cff,25.375,T234,27C,off
12/15/2021 14:15:22,Chamber 4,28-031662252cff,25.375,T234,27C,off
12/15/2021 14:15:42,Chamber 4,28-031662252cff,25.375,T234,27C,off
12/15/2021 14:16:02,Chamber 4,28-031662252cff,25.375,T234,27C,off
12/15/2021 14:16:22,Chamber 4,28-031662252cff,25.375,T234,27C,off
12/15/2021 14:16:42,Chamber 4,28-031662252cff,25.375,T234,27C,off
12/15/2021 14:17:02,Chamber 4,28-031662252cff,25.375,T234,27C,off
12/15/2021 14:17:22,Chamber 4,28-031662252cff,25.375,T234,27C,off
12/15/2021 14:17:42,Chamber 4,28-031662252cff,25.375,T234,27C,off
12/15/2021 14:18:02,Chamber 4,28-031662252cff,25.375,T234,27C,off
12/15/2021 14:18:23,Chamber 4,28-031662252cff,25.375,T234,27C,off
12/15/2021 14:18:42,Chamber 4,28-031662252cff,25.375,T234,27C,off
12/15/2021 14:19:02,Chamber 4,28-031662252cff,25.375,T234,27C,off
12/15/2021 14:19:22,Chamber 4,28-031662252cff,25.375,T234,27C,off
12/15/2021 14:19:42,Chamber 4,28-031662252cff,25.375,T234,27C,off
12/15/2021 14:20:02,Chamber 4,28-031662252cff,25.375,T234,27C,off
12/15/2021 14:20:22,Chamber 4,28-031662252cff,25.375,T234,27C,off
12/15/2021 14:20:42,Chamber 4,28-031662252cff,25.375,T234,27C,off
12/15/2021 14:21:02,Chamber 4,28-031662252cff,25.375,T234,27C,off
12/15/2021 14:21:22,Chamber 4,28-031662252cff,25.375,T234,27C,off
12/15/2021 14:21:42,Chamber 4,28-031662252cff,25.375,T234,27C,off
12/15/2021 14:22:02,Chamber 4,28-031662252cff,25.375,T234,27C,off
12/15/2021 14:22:22,Chamber 4,28-031662252cff,25.375,T234,27C,off
12/15/2021 14:22:42,Chamber 4,28-031662252cff,25.375,T234,27C,off
12/15/2021 14:23:02,Chamber 4,28-031662252cff,25.375,T234,27C,off
12/15/2021 14:23:22,Chamber 4,28-031662252cff,25.375,T234,27C,off
12/15/2021 14:23:42,Chamber 4,28-031662252cff,25.375,T234,27C,off
12/15/2021 14:24:02,Chamber 4,28-031662252cff,25.375,T234,27C,off
12/15/2021 14:24:22,Chamber 4,28-031662252cff,25.375,T234,27C,off
12/15/2021 14:24:42,Chamber 4,28-031662252cff,25.375,T234,27C,off
12/15/2021 14:25:02,Chamber 4,28-031662252cff,25.375,T234,27C,off
12/15/2021 14:25:22,Chamber 4,28-031662252cff,25.375,T234,27C,off
12/15/2021 14:25:42,Chamber 4,28-031662252cff,25.437,T234,27C,off
12/15/2021 14:26:02,Chamber 4,28-031662252cff,25.375,T234,27C,off
12/15/2021 14:26:22,Chamber 4,28-031662252cff,25.375,T234,27C,off
12/15/2021 14:26:42,Chamber 4,28-031662252cff,25.375,T234,27C,off
12/15/2021 14:27:02,Chamber 4,28-031662252cff,25.375,T234,27C,off
12/15/2021 14:27:22,Chamber 4,28-031662252cff,25.375,T234,27C,off
12/15/2021 14:27:42,Chamber 4,28-031662252cff,25.375,T234,27C,off
12/15/2021 14:28:02,Chamber 4,28-031662252cff,25.375,T234,27C,off
12/15/2021 14:28:22,Chamber 4,28-031662252cff,25.375,T234,27C,off
12/15/2021 14:28:42,Chamber 4,28-031662252cff,25.437,T234,27C,off
12/15/2021 14:29:02,Chamber 4,28-031662252cff,25.375,T234,27C,off
12/15/2021 14:29:22,Chamber 4,28-031662252cff,25.375,T234,27C,off
12/15/2021 14:29:42,Chamber 4,28-031662252cff,25.437,T234,27C,off
12/15/2021 14:30:02,Chamber 4,28-031662252cff,25.437,T234,27C,off
12/15/2021 14:30:22,Chamber 4,28-031662252cff,25.437,T234,27C,off
12/15/2021 14:30:42,Chamber 4,28-031662252cff,25.375,T234,27C,off
12/15/2021 14:31:02,Chamber 4,28-031662252cff,25.437,T234,27C,off
12/15/2021 14:31:22,Chamber 4,28-031662252cff,25.375,T234,27C,off
12/15/2021 14:31:42,Chamber 4,28-031662252cff,25.437,T234,27C,off
12/15/2021 14:32:02,Chamber 4,28-031662252cff,25.375,T234,27C,off
12/15/2021 14:32:22,Chamber 4,28-031662252cff,25.375,T234,27C,off
12/15/2021 14:32:42,Chamber 4,28-031662252cff,25.375,T234,27C,off
12/15/2021 14:33:02,Chamber 4,28-031662252cff,25.437,T234,27C,off
12/15/2021 14:33:22,Chamber 4,28-031662252cff,25.437,T234,27C,off
12/15/2021 14:33:42,Chamber 4,28-031662252cff,25.437,T234,27C,off
12/15/2021 14:34:02,Chamber 4,28-031662252cff,25.375,T234,27C,off
12/15/2021 14:34:22,Chamber 4,28-031662252cff,25.437,T234,27C,off
12/15/2021 14:34:42,Chamber 4,28-031662252cff,25.375,T234,27C,off
12/15/2021 14:35:02,Chamber 4,28-031662252cff,25.437,T234,27C,off
12/15/2021 14:35:22,Chamber 4,28-031662252cff,25.375,T234,27C,off
12/15/2021 14:35:42,Chamber 4,28-031662252cff,25.437,T234,27C,off
12/15/2021 14:36:02,Chamber 4,28-031662252cff,25.375,T234,27C,off
12/15/2021 14:36:22,Chamber 4,28-031662252cff,25.437,T234,27C,off
12/15/2021 14:36:42,Chamber 4,28-031662252cff,25.437,T234,27C,off
12/15/2021 14:37:02,Chamber 4,28-031662252cff,25.437,T234,27C,off
12/15/2021 14:37:22,Chamber 4,28-031662252cff,25.437,T234,27C,off
12/15/2021 14:37:42,Chamber 4,28-031662252cff,25.437,T234,27C,off
12/15/2021 14:38:02,Chamber 4,28-031662252cff,25.437,T234,27C,off
12/15/2021 14:38:22,Chamber 4,28-031662252cff,25.437,T234,27C,off
12/15/2021 14:38:42,Chamber 4,28-031662252cff,25.437,T234,27C,off
12/15/2021 14:39:02,Chamber 4,28-031662252cff,25.375,T234,27C,off
12/15/2021 14:39:22,Chamber 4,28-031662252cff,25.437,T234,27C,off
12/15/2021 14:39:42,Chamber 4,28-031662252cff,25.437,T234,27C,off
12/15/2021 14:40:03,Chamber 4,28-031662252cff,25.437,T234,27C,off
12/15/2021 14:40:22,Chamber 4,28-031662252cff,25.437,T234,27C,off
12/15/2021 14:40:42,Chamber 4,28-031662252cff,25.437,T234,27C,off
12/15/2021 14:41:02,Chamber 4,28-031662252cff,25.437,T234,27C,off
12/15/2021 14:41:22,Chamber 4,28-031662252cff,25.437,T234,27C,off
12/15/2021 14:41:42,Chamber 4,28-031662252cff,25.437,T234,27C,off
12/15/2021 14:42:02,Chamber 4,28-031662252cff,25.437,T234,27C,off
12/15/2021 14:42:22,Chamber 4,28-031662252cff,25.437,T234,27C,off
12/15/2021 14:42:42,Chamber 4,28-031662252cff,25.437,T234,27C,off
12/15/2021 14:43:02,Chamber 4,28-031662252cff,25.437,T234,27C,off
12/15/2021 14:43:22,Chamber 4,28-031662252cff,25.437,T234,27C,off
12/15/2021 14:43:42,Chamber 4,28-031662252cff,25.437,T234,27C,off
12/15/2021 14:44:02,Chamber 4,28-031662252cff,25.437,T234,27C,off
12/15/2021 14:44:22,Chamber 4,28-031662252cff,25.437,T234,27C,off
12/15/2021 14:44:42,Chamber 4,28-031662252cff,25.437,T234,27C,off
12/15/2021 14:45:02,Chamber 4,28-031662252cff,25.437,T234,27C,off
12/15/2021 14:45:22,Chamber 4,28-031662252cff,25.437,T234,27C,off
12/15/2021 14:45:42,Chamber 4,28-031662252cff,25.437,T234,27C,off
12/15/2021 14:46:02,Chamber 4,28-031662252cff,25.437,T234,27C,off
12/15/2021 14:46:22,Chamber 4,28-031662252cff,25.437,T234,27C,off
12/15/2021 14:46:42,Chamber 4,28-031662252cff,25.437,T234,27C,off
12/15/2021 14:47:02,Chamber 4,28-031662252cff,25.437,T234,27C,off
12/15/2021 14:47:22,Chamber 4,28-031662252cff,25.437,T234,27C,off
12/15/2021 14:47:42,Chamber 4,28-031662252cff,25.437,T234,27C,off
12/15/2021 14:48:02,Chamber 4,28-031662252cff,25.437,T234,27C,off
12/15/2021 14:48:22,Chamber 4,28-031662252cff,25.437,T234,27C,off
12/15/2021 14:48:42,Chamber 4,28-031662252cff,25.437,T234,27C,off
12/15/2021 14:49:02,Chamber 4,28-031662252cff,25.437,T234,27C,off
12/15/2021 14:49:22,Chamber 4,28-031662252cff,25.437,T234,27C,off
12/15/2021 14:49:42,Chamber 4,28-031662252cff,25.437,T234,27C,off
12/15/2021 14:50:02,Chamber 4,28-031662252cff,25.437,T234,27C,off
12/15/2021 14:50:22,Chamber 4,28-031662252cff,25.437,T234,27C,off
12/15/2021 14:50:42,Chamber 4,28-031662252cff,25.437,T234,27C,off
12/15/2021 14:51:02,Chamber 4,28-031662252cff,25.437,T234,27C,off
12/15/2021 14:51:22,Chamber 4,28-031662252cff,25.437,T234,27C,off
12/15/2021 14:51:42,Chamber 4,28-031662252cff,25.437,T234,27C,off
12/15/2021 14:52:02,Chamber 4,28-031662252cff,25.437,T234,27C,off
12/15/2021 14:52:22,Chamber 4,28-031662252cff,25.437,T234,27C,off
12/15/2021 14:52:42,Chamber 4,28-031662252cff,25.437,T234,27C,off
12/15/2021 14:53:02,Chamber 4,28-031662252cff,25.437,T234,27C,off
12/15/2021 14:53:22,Chamber 4,28-031662252cff,25.437,T234,27C,off
12/15/2021 14:53:42,Chamber 4,28-031662252cff,25.437,T234,27C,off
12/15/2021 14:54:02,Chamber 4,28-031662252cff,25.437,T234,27C,off
12/15/2021 14:54:22,Chamber 4,28-031662252cff,25.437,T234,27C,off
12/15/2021 14:54:42,Chamber 4,28-031662252cff,25.437,T234,27C,off
12/15/2021 14:55:03,Chamber 4,28-031662252cff,25.437,T234,27C,off
12/15/2021 14:55:22,Chamber 4,28-031662252cff,25.437,T234,27C,off
12/15/2021 14:55:42,Chamber 4,28-031662252cff,25.437,T234,27C,off
12/15/2021 14:56:03,Chamber 4,28-031662252cff,25.437,T234,27C,off
12/15/2021 14:56:22,Chamber 4,28-031662252cff,25.437,T234,27C,off
12/15/2021 14:56:42,Chamber 4,28-031662252cff,25.437,T234,27C,off
12/15/2021 14:57:02,Chamber 4,28-031662252cff,25.437,T234,27C,off
12/15/2021 14:57:22,Chamber 4,28-031662252cff,25.437,T234,27C,off
12/15/2021 14:57:42,Chamber 4,28-031662252cff,25.437,T234,27C,off
12/15/2021 14:58:02,Chamber 4,28-031662252cff,25.437,T234,27C,off
12/15/2021 14:58:22,Chamber 4,28-031662252cff,25.437,T234,27C,off
12/15/2021 14:58:42,Chamber 4,28-031662252cff,25.437,T234,27C,off
12/15/2021 14:59:02,Chamber 4,28-031662252cff,25.437,T234,27C,off
12/15/2021 14:59:22,Chamber 4,28-031662252cff,25.437,T234,27C,off
12/15/2021 14:59:42,Chamber 4,28-031662252cff,25.437,T234,27C,off
12/15/2021 15:00:03,Chamber 4,28-031662252cff,25.437,T234,27C,off
12/15/2021 15:00:23,Chamber 4,28-031662252cff,25.437,T234,27C,off
12/15/2021 15:00:43,Chamber 4,28-031662252cff,25.437,T234,27C,off
12/15/2021 15:01:03,Chamber 4,28-031662252cff,25.437,T234,27C,off
12/15/2021 15:01:23,Chamber 4,28-031662252cff,25.437,T234,27C,off
12/15/2021 15:01:43,Chamber 4,28-031662252cff,25.437,T234,27C,off
12/15/2021 15:02:03,Chamber 4,28-031662252cff,25.437,T234,27C,off
12/15/2021 15:02:23,Chamber 4,28-031662252cff,25.437,T234,27C,off
12/15/2021 15:02:43,Chamber 4,28-031662252cff,25.437,T234,27C,off
12/15/2021 15:03:03,Chamber 4,28-031662252cff,25.437,T234,27C,off
12/15/2021 15:03:23,Chamber 4,28-031662252cff,25.437,T234,27C,off
12/15/2021 15:03:43,Chamber 4,28-031662252cff,25.437,T234,27C,off
12/15/2021 15:04:03,Chamber 4,28-031662252cff,25.437,T234,27C,off
12/15/2021 15:04:23,Chamber 4,28-031662252cff,25.437,T234,27C,off
12/15/2021 15:04:43,Chamber 4,28-031662252cff,25.437,T234,27C,off
12/15/2021 15:05:03,Chamber 4,28-031662252cff,25.437,T234,27C,off
12/15/2021 15:05:23,Chamber 4,28-031662252cff,25.437,T234,27C,off
12/15/2021 15:05:43,Chamber 4,28-031662252cff,25.437,T234,27C,off
12/15/2021 15:06:03,Chamber 4,28-031662252cff,25.437,T234,27C,off
12/15/2021 15:06:23,Chamber 4,28-031662252cff,25.437,T234,27C,off
12/15/2021 15:06:43,Chamber 4,28-031662252cff,25.437,T234,27C,off
12/15/2021 15:07:03,Chamber 4,28-031662252cff,25.437,T234,27C,off
12/15/2021 15:07:23,Chamber 4,28-031662252cff,25.437,T234,27C,off
12/15/2021 15:07:43,Chamber 4,28-031662252cff,25.437,T234,27C,off
12/15/2021 15:08:03,Chamber 4,28-031662252cff,25.437,T234,27C,off
12/15/2021 15:08:23,Chamber 4,28-031662252cff,25.437,T234,27C,off
12/15/2021 15:08:43,Chamber 4,28-031662252cff,25.437,T234,27C,off
12/15/2021 15:09:03,Chamber 4,28-031662252cff,25.437,T234,27C,off
12/15/2021 15:09:23,Chamber 4,28-031662252cff,25.5,T234,27C,off
12/15/2021 15:09:43,Chamber 4,28-031662252cff,25.437,T234,27C,off
12/15/2021 15:10:03,Chamber 4,28-031662252cff,25.437,T234,27C,off
12/15/2021 15:10:23,Chamber 4,28-031662252cff,25.437,T234,27C,off
12/15/2021 15:10:43,Chamber 4,28-031662252cff,25.5,T234,27C,off
12/15/2021 15:11:03,Chamber 4,28-031662252cff,25.437,T234,27C,off
12/15/2021 15:11:23,Chamber 4,28-031662252cff,25.437,T234,27C,off
12/15/2021 15:11:43,Chamber 4,28-031662252cff,25.437,T234,27C,off
12/15/2021 15:12:03,Chamber 4,28-031662252cff,25.5,T234,27C,off
12/15/2021 15:12:23,Chamber 4,28-031662252cff,25.437,T234,27C,off
12/15/2021 15:12:43,Chamber 4,28-031662252cff,25.437,T234,27C,off
12/15/2021 15:13:03,Chamber 4,28-031662252cff,25.437,T234,27C,off
12/15/2021 15:13:23,Chamber 4,28-031662252cff,25.437,T234,27C,off
12/15/2021 15:13:43,Chamber 4,28-031662252cff,25.437,T234,27C,off
12/15/2021 15:14:03,Chamber 4,28-031662252cff,25.437,T234,27C,off
12/15/2021 15:14:23,Chamber 4,28-031662252cff,25.5,T234,27C,off
12/15/2021 15:14:43,Chamber 4,28-031662252cff,25.437,T234,27C,off
12/15/2021 15:15:03,Chamber 4,28-031662252cff,25.437,T234,27C,off
12/15/2021 15:15:23,Chamber 4,28-031662252cff,25.437,T234,27C,off
12/15/2021 15:15:43,Chamber 4,28-031662252cff,25.437,T234,27C,off
12/15/2021 15:16:03,Chamber 4,28-031662252cff,25.5,T234,27C,off
12/15/2021 15:16:23,Chamber 4,28-031662252cff,25.437,T234,27C,off
12/15/2021 15:16:43,Chamber 4,28-031662252cff,25.5,T234,27C,off
12/15/2021 15:17:03,Chamber 4,28-031662252cff,25.437,T234,27C,off
12/15/2021 15:17:23,Chamber 4,28-031662252cff,25.437,T234,27C,off
12/15/2021 15:17:43,Chamber 4,28-031662252cff,25.5,T234,27C,off
12/15/2021 15:18:03,Chamber 4,28-031662252cff,25.5,T234,27C,off
12/15/2021 15:18:23,Chamber 4,28-031662252cff,25.5,T234,27C,off
12/15/2021 15:18:43,Chamber 4,28-031662252cff,25.437,T234,27C,off
12/15/2021 15:19:03,Chamber 4,28-031662252cff,25.5,T234,27C,off
12/15/2021 15:19:23,Chamber 4,28-031662252cff,25.5,T234,27C,off
12/15/2021 15:19:43,Chamber 4,28-031662252cff,25.5,T234,27C,off
12/15/2021 15:20:03,Chamber 4,28-031662252cff,25.5,T234,27C,off
12/15/2021 15:20:23,Chamber 4,28-031662252cff,25.5,T234,27C,off
12/15/2021 15:20:43,Chamber 4,28-031662252cff,25.437,T234,27C,off
12/15/2021 15:21:03,Chamber 4,28-031662252cff,25.5,T234,27C,off
12/15/2021 15:21:23,Chamber 4,28-031662252cff,25.5,T234,27C,off
12/15/2021 15:21:43,Chamber 4,28-031662252cff,25.5,T234,27C,off
12/15/2021 15:22:03,Chamber 4,28-031662252cff,25.5,T234,27C,off
12/15/2021 15:22:23,Chamber 4,28-031662252cff,25.5,T234,27C,off
12/15/2021 15:22:43,Chamber 4,28-031662252cff,25.5,T234,27C,off
12/15/2021 15:23:03,Chamber 4,28-031662252cff,25.5,T234,27C,off
12/15/2021 15:23:23,Chamber 4,28-031662252cff,25.5,T234,27C,off
12/15/2021 15:23:43,Chamber 4,28-031662252cff,25.5,T234,27C,off
12/15/2021 15:24:03,Chamber 4,28-031662252cff,25.5,T234,27C,off
12/15/2021 15:24:23,Chamber 4,28-031662252cff,25.5,T234,27C,off
12/15/2021 15:24:43,Chamber 4,28-031662252cff,25.5,T234,27C,off
12/15/2021 15:25:03,Chamber 4,28-031662252cff,25.5,T234,27C,off
12/15/2021 15:25:23,Chamber 4,28-031662252cff,25.5,T234,27C,off
12/15/2021 15:25:43,Chamber 4,28-031662252cff,25.5,T234,27C,off
12/15/2021 15:26:03,Chamber 4,28-031662252cff,25.5,T234,27C,off
12/15/2021 15:26:23,Chamber 4,28-031662252cff,25.5,T234,27C,off
12/15/2021 15:26:43,Chamber 4,28-031662252cff,25.5,T234,27C,off
12/15/2021 15:27:03,Chamber 4,28-031662252cff,25.5,T234,27C,off
12/15/2021 15:27:23,Chamber 4,28-031662252cff,25.5,T234,27C,off
12/15/2021 15:27:43,Chamber 4,28-031662252cff,25.5,T234,27C,off
12/15/2021 15:28:03,Chamber 4,28-031662252cff,25.5,T234,27C,off
12/15/2021 15:28:23,Chamber 4,28-031662252cff,25.5,T234,27C,off
12/15/2021 15:28:43,Chamber 4,28-031662252cff,25.5,T234,27C,off
12/15/2021 15:29:03,Chamber 4,28-031662252cff,25.5,T234,27C,off
12/15/2021 15:29:23,Chamber 4,28-031662252cff,25.5,T234,27C,off
12/15/2021 15:29:43,Chamber 4,28-031662252cff,25.5,T234,27C,off
12/15/2021 15:30:03,Chamber 4,28-031662252cff,25.562,T234,27C,off
12/15/2021 15:30:23,Chamber 4,28-031662252cff,25.562,T234,27C,off
12/15/2021 15:30:43,Chamber 4,28-031662252cff,25.5,T234,27C,off
12/15/2021 15:31:03,Chamber 4,28-031662252cff,25.562,T234,27C,off
12/15/2021 15:31:23,Chamber 4,28-031662252cff,25.562,T234,27C,off
12/15/2021 15:31:43,Chamber 4,28-031662252cff,25.562,T234,27C,off
12/15/2021 15:32:03,Chamber 4,28-031662252cff,25.562,T234,27C,off
12/15/2021 15:32:23,Chamber 4,28-031662252cff,25.562,T234,27C,off
12/15/2021 15:32:43,Chamber 4,28-031662252cff,25.562,T234,27C,off
12/15/2021 15:33:03,Chamber 4,28-031662252cff,25.562,T234,27C,off
12/15/2021 15:33:23,Chamber 4,28-031662252cff,25.562,T234,27C,off
12/15/2021 15:33:43,Chamber 4,28-031662252cff,25.562,T234,27C,off
12/15/2021 15:34:03,Chamber 4,28-031662252cff,25.562,T234,27C,off
12/15/2021 15:34:23,Chamber 4,28-031662252cff,25.562,T234,27C,off
12/15/2021 15:34:43,Chamber 4,28-031662252cff,25.562,T234,27C,off
12/15/2021 15:35:03,Chamber 4,28-031662252cff,25.562,T234,27C,off
12/15/2021 15:35:23,Chamber 4,28-031662252cff,25.562,T234,27C,off
12/15/2021 15:35:43,Chamber 4,28-031662252cff,25.562,T234,27C,off
12/15/2021 15:36:03,Chamber 4,28-031662252cff,25.562,T234,27C,off
12/15/2021 15:36:23,Chamber 4,28-031662252cff,25.562,T234,27C,off
12/15/2021 15:36:43,Chamber 4,28-031662252cff,25.562,T234,27C,off
12/15/2021 15:37:03,Chamber 4,28-031662252cff,25.625,T234,27C,off
12/15/2021 15:37:23,Chamber 4,28-031662252cff,25.625,T234,27C,off
12/15/2021 15:37:43,Chamber 4,28-031662252cff,25.625,T234,27C,off
12/15/2021 15:38:03,Chamber 4,28-031662252cff,25.625,T234,27C,off
12/15/2021 15:38:23,Chamber 4,28-031662252cff,25.625,T234,27C,off
12/15/2021 15:38:43,Chamber 4,28-031662252cff,25.625,T234,27C,off
12/15/2021 15:39:03,Chamber 4,28-031662252cff,25.625,T234,27C,off
12/15/2021 15:39:23,Chamber 4,28-031662252cff,25.625,T234,27C,off
12/15/2021 15:39:43,Chamber 4,28-031662252cff,25.625,T234,27C,off
12/15/2021 15:40:03,Chamber 4,28-031662252cff,25.625,T234,27C,off
12/15/2021 15:40:23,Chamber 4,28-031662252cff,25.625,T234,27C,off
12/15/2021 15:40:43,Chamber 4,28-031662252cff,25.625,T234,27C,off
12/15/2021 15:41:03,Chamber 4,28-031662252cff,25.625,T234,27C,off
12/15/2021 15:41:23,Chamber 4,28-031662252cff,25.625,T234,27C,off
12/15/2021 15:41:43,Chamber 4,28-031662252cff,25.687,T234,27C,off
12/15/2021 15:42:03,Chamber 4,28-031662252cff,25.687,T234,27C,off
12/15/2021 15:42:23,Chamber 4,28-031662252cff,25.687,T234,27C,off
12/15/2021 15:42:43,Chamber 4,28-031662252cff,25.687,T234,27C,off
12/15/2021 15:43:03,Chamber 4,28-031662252cff,25.687,T234,27C,off
12/15/2021 15:43:23,Chamber 4,28-031662252cff,25.687,T234,27C,off
12/15/2021 15:43:43,Chamber 4,28-031662252cff,25.687,T234,27C,off
12/15/2021 15:44:03,Chamber 4,28-031662252cff,25.687,T234,27C,off
12/15/2021 15:44:23,Chamber 4,28-031662252cff,25.687,T234,27C,off
12/15/2021 15:44:43,Chamber 4,28-031662252cff,25.687,T234,27C,off
12/15/2021 15:45:03,Chamber 4,28-031662252cff,25.687,T234,27C,off
12/15/2021 15:45:23,Chamber 4,28-031662252cff,25.687,T234,27C,off
12/15/2021 15:45:43,Chamber 4,28-031662252cff,25.687,T234,27C,off
12/15/2021 15:46:03,Chamber 4,28-031662252cff,25.687,T234,27C,off
12/15/2021 15:46:23,Chamber 4,28-031662252cff,25.687,T234,27C,off
12/15/2021 15:46:43,Chamber 4,28-031662252cff,25.687,T234,27C,off
12/15/2021 15:47:03,Chamber 4,28-031662252cff,25.687,T234,27C,off
12/15/2021 15:47:23,Chamber 4,28-031662252cff,25.687,T234,27C,off
12/15/2021 15:47:43,Chamber 4,28-031662252cff,25.687,T234,27C,off
12/15/2021 15:48:03,Chamber 4,28-031662252cff,25.687,T234,27C,off
12/15/2021 15:48:23,Chamber 4,28-031662252cff,25.687,T234,27C,off
12/15/2021 15:48:43,Chamber 4,28-031662252cff,25.687,T234,27C,off
12/15/2021 15:49:03,Chamber 4,28-031662252cff,25.687,T234,27C,off
12/15/2021 15:49:23,Chamber 4,28-031662252cff,25.687,T234,27C,off
12/15/2021 15:49:43,Chamber 4,28-031662252cff,25.687,T234,27C,off
12/15/2021 15:50:03,Chamber 4,28-031662252cff,25.687,T234,27C,off
12/15/2021 15:50:23,Chamber 4,28-031662252cff,25.687,T234,27C,off
12/15/2021 15:50:43,Chamber 4,28-031662252cff,25.687,T234,27C,off
12/15/2021 15:51:03,Chamber 4,28-031662252cff,25.687,T234,27C,off
12/15/2021 15:51:23,Chamber 4,28-031662252cff,25.687,T234,27C,off
12/15/2021 15:51:43,Chamber 4,28-031662252cff,25.687,T234,27C,off
12/15/2021 15:52:03,Chamber 4,28-031662252cff,25.687,T234,27C,off
12/15/2021 15:52:23,Chamber 4,28-031662252cff,25.687,T234,27C,off
12/15/2021 15:52:43,Chamber 4,28-031662252cff,25.687,T234,27C,off
12/15/2021 15:53:03,Chamber 4,28-031662252cff,25.687,T234,27C,off
12/15/2021 15:53:23,Chamber 4,28-031662252cff,25.687,T234,27C,off
12/15/2021 15:53:43,Chamber 4,28-031662252cff,25.687,T234,27C,off
12/15/2021 15:54:03,Chamber 4,28-031662252cff,25.687,T234,27C,off
12/15/2021 15:54:23,Chamber 4,28-031662252cff,25.687,T234,27C,off
12/15/2021 15:54:43,Chamber 4,28-031662252cff,25.687,T234,27C,off
12/15/2021 15:55:03,Chamber 4,28-031662252cff,25.687,T234,27C,off
12/15/2021 15:55:23,Chamber 4,28-031662252cff,25.687,T234,27C,off
12/15/2021 15:55:43,Chamber 4,28-031662252cff,25.687,T234,27C,off
12/15/2021 15:56:03,Chamber 4,28-031662252cff,25.687,T234,27C,off
12/15/2021 15:56:23,Chamber 4,28-031662252cff,25.625,T234,27C,off
12/15/2021 15:56:43,Chamber 4,28-031662252cff,25.687,T234,27C,off
12/15/2021 15:57:03,Chamber 4,28-031662252cff,25.687,T234,27C,off
12/15/2021 15:57:23,Chamber 4,28-031662252cff,25.687,T234,27C,off
12/15/2021 15:57:43,Chamber 4,28-031662252cff,25.687,T234,27C,off
12/15/2021 15:58:03,Chamber 4,28-031662252cff,25.687,T234,27C,off
12/15/2021 15:58:23,Chamber 4,28-031662252cff,25.687,T234,27C,off
12/15/2021 15:58:43,Chamber 4,28-031662252cff,25.687,T234,27C,off
12/15/2021 15:59:03,Chamber 4,28-031662252cff,25.687,T234,27C,off
12/15/2021 15:59:23,Chamber 4,28-031662252cff,25.687,T234,27C,off
12/15/2021 15:59:43,Chamber 4,28-031662252cff,25.687,T234,27C,off
12/15/2021 16:00:03,Chamber 4,28-031662252cff,25.687,T234,27C,off
12/15/2021 16:00:22,Chamber 4,28-031662252cff,25.687,T234,27C,off
12/15/2021 16:00:42,Chamber 4,28-031662252cff,25.687,T234,27C,off
12/15/2021 16:01:02,Chamber 4,28-031662252cff,25.687,T234,27C,off
12/15/2021 16:01:22,Chamber 4,28-031662252cff,25.687,T234,27C,off
12/15/2021 16:01:42,Chamber 4,28-031662252cff,25.687,T234,27C,off
12/15/2021 16:02:02,Chamber 4,28-031662252cff,25.687,T234,27C,off
12/15/2021 16:02:22,Chamber 4,28-031662252cff,25.687,T234,27C,off
12/15/2021 16:02:42,Chamber 4,28-031662252cff,25.687,T234,27C,off
12/15/2021 16:03:02,Chamber 4,28-031662252cff,25.687,T234,27C,off
12/15/2021 16:03:22,Chamber 4,28-031662252cff,25.687,T234,27C,off
12/15/2021 16:03:42,Chamber 4,28-031662252cff,25.687,T234,27C,off
12/15/2021 16:04:02,Chamber 4,28-031662252cff,25.687,T234,27C,off
12/15/2021 16:04:22,Chamber 4,28-031662252cff,25.687,T234,27C,off
12/15/2021 16:04:42,Chamber 4,28-031662252cff,25.687,T234,27C,off
12/15/2021 16:05:02,Chamber 4,28-031662252cff,25.687,T234,27C,off
12/15/2021 16:05:22,Chamber 4,28-031662252cff,25.687,T234,27C,off
12/15/2021 16:05:42,Chamber 4,28-031662252cff,25.687,T234,27C,off
12/15/2021 16:06:02,Chamber 4,28-031662252cff,25.687,T234,27C,off
12/15/2021 16:06:22,Chamber 4,28-031662252cff,25.687,T234,27C,off
12/15/2021 16:06:42,Chamber 4,28-031662252cff,25.687,T234,27C,off
12/15/2021 16:07:02,Chamber 4,28-031662252cff,25.687,T234,27C,off
12/15/2021 16:07:22,Chamber 4,28-031662252cff,25.687,T234,27C,off
12/15/2021 16:07:42,Chamber 4,28-031662252cff,25.687,T234,27C,off
12/15/2021 16:08:02,Chamber 4,28-031662252cff,25.687,T234,27C,off
12/15/2021 16:08:22,Chamber 4,28-031662252cff,25.687,T234,27C,off
12/15/2021 16:08:42,Chamber 4,28-031662252cff,25.687,T234,27C,off
12/15/2021 16:09:02,Chamber 4,28-031662252cff,25.687,T234,27C,off
12/15/2021 16:09:22,Chamber 4,28-031662252cff,25.687,T234,27C,off
12/15/2021 16:09:42,Chamber 4,28-031662252cff,25.687,T234,27C,off
12/15/2021 16:10:02,Chamber 4,28-031662252cff,25.75,T234,27C,off
12/15/2021 16:10:22,Chamber 4,28-031662252cff,25.687,T234,27C,off
12/15/2021 16:10:42,Chamber 4,28-031662252cff,25.687,T234,27C,off
12/15/2021 16:11:02,Chamber 4,28-031662252cff,25.75,T234,27C,off
12/15/2021 16:11:22,Chamber 4,28-031662252cff,25.687,T234,27C,off
12/15/2021 16:11:42,Chamber 4,28-031662252cff,25.687,T234,27C,off
12/15/2021 16:12:02,Chamber 4,28-031662252cff,25.75,T234,27C,off
12/15/2021 16:12:22,Chamber 4,28-031662252cff,25.687,T234,27C,off
12/15/2021 16:12:42,Chamber 4,28-031662252cff,25.687,T234,27C,off
12/15/2021 16:13:02,Chamber 4,28-031662252cff,25.687,T234,27C,off
12/15/2021 16:13:22,Chamber 4,28-031662252cff,25.75,T234,27C,off
12/15/2021 16:13:42,Chamber 4,28-031662252cff,25.75,T234,27C,off
12/15/2021 16:14:02,Chamber 4,28-031662252cff,25.75,T234,27C,off
12/15/2021 16:14:22,Chamber 4,28-031662252cff,25.687,T234,27C,off
12/15/2021 16:14:42,Chamber 4,28-031662252cff,25.75,T234,27C,off
12/15/2021 16:15:02,Chamber 4,28-031662252cff,25.75,T234,27C,off
12/15/2021 16:15:22,Chamber 4,28-031662252cff,25.75,T234,27C,off
12/15/2021 16:15:42,Chamber 4,28-031662252cff,25.75,T234,27C,off
12/15/2021 16:16:02,Chamber 4,28-031662252cff,25.75,T234,27C,off
12/15/2021 16:16:22,Chamber 4,28-031662252cff,25.75,T234,27C,off
12/15/2021 16:16:42,Chamber 4,28-031662252cff,25.75,T234,27C,off
12/15/2021 16:17:02,Chamber 4,28-031662252cff,25.75,T234,27C,off
12/15/2021 16:17:22,Chamber 4,28-031662252cff,25.75,T234,27C,off
12/15/2021 16:17:42,Chamber 4,28-031662252cff,25.75,T234,27C,off
12/15/2021 16:18:02,Chamber 4,28-031662252cff,25.75,T234,27C,off
12/15/2021 16:18:22,Chamber 4,28-031662252cff,25.75,T234,27C,off
12/15/2021 16:18:42,Chamber 4,28-031662252cff,25.75,T234,27C,off
12/15/2021 16:19:02,Chamber 4,28-031662252cff,25.75,T234,27C,off
12/15/2021 16:19:22,Chamber 4,28-031662252cff,25.75,T234,27C,off
12/15/2021 16:19:42,Chamber 4,28-031662252cff,25.75,T234,27C,off
12/15/2021 16:20:02,Chamber 4,28-031662252cff,25.75,T234,27C,off
12/15/2021 16:20:22,Chamber 4,28-031662252cff,25.75,T234,27C,off
12/15/2021 16:20:42,Chamber 4,28-031662252cff,25.75,T234,27C,off
12/15/2021 16:21:02,Chamber 4,28-031662252cff,25.75,T234,27C,off
12/15/2021 16:21:22,Chamber 4,28-031662252cff,25.75,T234,27C,off
12/15/2021 16:21:42,Chamber 4,28-031662252cff,25.75,T234,27C,off
12/15/2021 16:22:02,Chamber 4,28-031662252cff,25.75,T234,27C,off
12/15/2021 16:22:22,Chamber 4,28-031662252cff,25.75,T234,27C,off
12/15/2021 16:22:42,Chamber 4,28-031662252cff,25.75,T234,27C,off
12/15/2021 16:23:02,Chamber 4,28-031662252cff,25.75,T234,27C,off
12/15/2021 16:23:22,Chamber 4,28-031662252cff,25.75,T234,27C,off
12/15/2021 16:23:42,Chamber 4,28-031662252cff,25.75,T234,27C,off
12/15/2021 16:24:02,Chamber 4,28-031662252cff,25.75,T234,27C,off
12/15/2021 16:24:22,Chamber 4,28-031662252cff,25.75,T234,27C,off
12/15/2021 16:24:42,Chamber 4,28-031662252cff,25.75,T234,27C,off
12/15/2021 16:25:02,Chamber 4,28-031662252cff,25.75,T234,27C,off
12/15/2021 16:25:22,Chamber 4,28-031662252cff,25.75,T234,27C,off
12/15/2021 16:25:42,Chamber 4,28-031662252cff,25.75,T234,27C,off
12/15/2021 16:26:02,Chamber 4,28-031662252cff,25.75,T234,27C,off
12/15/2021 16:26:23,Chamber 4,28-031662252cff,25.75,T234,27C,off
12/15/2021 16:26:42,Chamber 4,28-031662252cff,25.75,T234,27C,off
12/15/2021 16:27:02,Chamber 4,28-031662252cff,25.75,T234,27C,off
12/15/2021 16:27:22,Chamber 4,28-031662252cff,25.75,T234,27C,off
12/15/2021 16:27:42,Chamber 4,28-031662252cff,25.75,T234,27C,off
12/15/2021 16:28:02,Chamber 4,28-031662252cff,25.75,T234,27C,off
12/15/2021 16:28:22,Chamber 4,28-031662252cff,25.75,T234,27C,off
12/15/2021 16:28:42,Chamber 4,28-031662252cff,25.75,T234,27C,off
12/15/2021 16:29:02,Chamber 4,28-031662252cff,25.75,T234,27C,off
12/15/2021 16:29:22,Chamber 4,28-031662252cff,25.75,T234,27C,off
12/15/2021 16:29:42,Chamber 4,28-031662252cff,25.75,T234,27C,off
12/15/2021 16:30:02,Chamber 4,28-031662252cff,25.75,T234,27C,off
12/15/2021 16:30:22,Chamber 4,28-031662252cff,25.75,T234,27C,off
12/15/2021 16:30:42,Chamber 4,28-031662252cff,25.75,T234,27C,off
12/15/2021 16:31:02,Chamber 4,28-031662252cff,25.75,T234,27C,off
12/15/2021 16:31:22,Chamber 4,28-031662252cff,25.75,T234,27C,off
12/15/2021 16:31:42,Chamber 4,28-031662252cff,25.75,T234,27C,off
12/15/2021 16:32:02,Chamber 4,28-031662252cff,25.75,T234,27C,off
12/15/2021 16:32:22,Chamber 4,28-031662252cff,25.75,T234,27C,off
12/15/2021 16:32:42,Chamber 4,28-031662252cff,25.75,T234,27C,off
12/15/2021 16:33:02,Chamber 4,28-031662252cff,25.75,T234,27C,off
12/15/2021 16:33:22,Chamber 4,28-031662252cff,25.75,T234,27C,off
12/15/2021 16:33:42,Chamber 4,28-031662252cff,25.75,T234,27C,off
12/15/2021 16:34:02,Chamber 4,28-031662252cff,25.75,T234,27C,off
12/15/2021 16:34:22,Chamber 4,28-031662252cff,25.75,T234,27C,off
12/15/2021 16:34:42,Chamber 4,28-031662252cff,25.75,T234,27C,off
12/15/2021 16:35:02,Chamber 4,28-031662252cff,25.75,T234,27C,off
12/15/2021 16:35:22,Chamber 4,28-031662252cff,25.75,T234,27C,off
12/15/2021 16:35:42,Chamber 4,28-031662252cff,25.75,T234,27C,off
12/15/2021 16:36:02,Chamber 4,28-031662252cff,25.75,T234,27C,off
12/15/2021 16:36:22,Chamber 4,28-031662252cff,25.75,T234,27C,off
12/15/2021 16:36:42,Chamber 4,28-031662252cff,25.75,T234,27C,off
12/15/2021 16:37:02,Chamber 4,28-031662252cff,25.75,T234,27C,off
12/15/2021 16:37:22,Chamber 4,28-031662252cff,25.75,T234,27C,off
12/15/2021 16:37:42,Chamber 4,28-031662252cff,25.75,T234,27C,off
12/15/2021 16:38:02,Chamber 4,28-031662252cff,25.75,T234,27C,off
12/15/2021 16:38:22,Chamber 4,28-031662252cff,25.75,T234,27C,off
12/15/2021 16:38:42,Chamber 4,28-031662252cff,25.75,T234,27C,off
12/15/2021 16:39:02,Chamber 4,28-031662252cff,25.75,T234,27C,off
12/15/2021 16:39:22,Chamber 4,28-031662252cff,25.75,T234,27C,off
12/15/2021 16:39:42,Chamber 4,28-031662252cff,25.75,T234,27C,off
12/15/2021 16:40:02,Chamber 4,28-031662252cff,25.75,T234,27C,off
12/15/2021 16:40:22,Chamber 4,28-031662252cff,25.75,T234,27C,off
12/15/2021 16:40:42,Chamber 4,28-031662252cff,25.75,T234,27C,off
12/15/2021 16:41:02,Chamber 4,28-031662252cff,25.75,T234,27C,off
12/15/2021 16:41:22,Chamber 4,28-031662252cff,25.75,T234,27C,off
12/15/2021 16:41:42,Chamber 4,28-031662252cff,25.75,T234,27C,off
12/15/2021 16:42:02,Chamber 4,28-031662252cff,25.812,T234,27C,off
12/15/2021 16:42:22,Chamber 4,28-031662252cff,25.812,T234,27C,off
12/15/2021 16:42:42,Chamber 4,28-031662252cff,25.75,T234,27C,off
12/15/2021 16:43:02,Chamber 4,28-031662252cff,25.75,T234,27C,off
12/15/2021 16:43:23,Chamber 4,28-031662252cff,25.812,T234,27C,off
12/15/2021 16:43:42,Chamber 4,28-031662252cff,25.75,T234,27C,off
12/15/2021 16:44:02,Chamber 4,28-031662252cff,25.812,T234,27C,off
12/15/2021 16:44:22,Chamber 4,28-031662252cff,25.812,T234,27C,off
12/15/2021 16:44:42,Chamber 4,28-031662252cff,25.812,T234,27C,off
12/15/2021 16:45:02,Chamber 4,28-031662252cff,25.812,T234,27C,off
12/15/2021 16:45:22,Chamber 4,28-031662252cff,25.812,T234,27C,off
12/15/2021 16:45:42,Chamber 4,28-031662252cff,25.812,T234,27C,off
12/15/2021 16:46:02,Chamber 4,28-031662252cff,25.812,T234,27C,off
12/15/2021 16:46:22,Chamber 4,28-031662252cff,25.75,T234,27C,off
12/15/2021 16:46:42,Chamber 4,28-031662252cff,25.812,T234,27C,off
12/15/2021 16:47:03,Chamber 4,28-031662252cff,25.812,T234,27C,off
12/15/2021 16:47:23,Chamber 4,28-031662252cff,25.812,T234,27C,off
12/15/2021 16:47:42,Chamber 4,28-031662252cff,25.812,T234,27C,off
12/15/2021 16:48:02,Chamber 4,28-031662252cff,25.812,T234,27C,off
12/15/2021 16:48:22,Chamber 4,28-031662252cff,25.812,T234,27C,off
12/15/2021 16:48:42,Chamber 4,28-031662252cff,25.812,T234,27C,off
12/15/2021 16:49:02,Chamber 4,28-031662252cff,25.812,T234,27C,off
12/15/2021 16:49:22,Chamber 4,28-031662252cff,25.812,T234,27C,off
12/15/2021 16:49:42,Chamber 4,28-031662252cff,25.812,T234,27C,off
12/15/2021 16:50:02,Chamber 4,28-031662252cff,25.812,T234,27C,off
12/15/2021 16:50:22,Chamber 4,28-031662252cff,25.812,T234,27C,off
12/15/2021 16:50:42,Chamber 4,28-031662252cff,25.812,T234,27C,off
12/15/2021 16:51:02,Chamber 4,28-031662252cff,25.812,T234,27C,off
12/15/2021 16:51:22,Chamber 4,28-031662252cff,25.812,T234,27C,off
12/15/2021 16:51:42,Chamber 4,28-031662252cff,25.812,T234,27C,off
12/15/2021 16:52:02,Chamber 4,28-031662252cff,25.812,T234,27C,off
12/15/2021 16:52:22,Chamber 4,28-031662252cff,25.812,T234,27C,off
12/15/2021 16:52:42,Chamber 4,28-031662252cff,25.812,T234,27C,off
12/15/2021 16:53:02,Chamber 4,28-031662252cff,25.812,T234,27C,off
12/15/2021 16:53:22,Chamber 4,28-031662252cff,25.812,T234,27C,off
12/15/2021 16:53:42,Chamber 4,28-031662252cff,25.812,T234,27C,off
12/15/2021 16:54:02,Chamber 4,28-031662252cff,25.75,T234,27C,off
12/15/2021 16:54:22,Chamber 4,28-031662252cff,25.812,T234,27C,off
12/15/2021 16:54:42,Chamber 4,28-031662252cff,25.812,T234,27C,off
12/15/2021 16:55:02,Chamber 4,28-031662252cff,25.75,T234,27C,off
12/15/2021 16:55:22,Chamber 4,28-031662252cff,25.812,T234,27C,off
12/15/2021 16:55:42,Chamber 4,28-031662252cff,25.812,T234,27C,off
12/15/2021 16:56:02,Chamber 4,28-031662252cff,25.812,T234,27C,off
12/15/2021 16:56:22,Chamber 4,28-031662252cff,25.812,T234,27C,off
12/15/2021 16:56:42,Chamber 4,28-031662252cff,25.75,T234,27C,off
12/15/2021 16:57:02,Chamber 4,28-031662252cff,25.75,T234,27C,off
12/15/2021 16:57:22,Chamber 4,28-031662252cff,25.75,T234,27C,off
12/15/2021 16:57:43,Chamber 4,28-031662252cff,25.812,T234,27C,off
12/15/2021 16:58:02,Chamber 4,28-031662252cff,25.75,T234,27C,off
12/15/2021 16:58:22,Chamber 4,28-031662252cff,25.75,T234,27C,off
12/15/2021 16:58:42,Chamber 4,28-031662252cff,25.75,T234,27C,off
12/15/2021 16:59:02,Chamber 4,28-031662252cff,25.75,T234,27C,off
12/15/2021 16:59:22,Chamber 4,28-031662252cff,25.75,T234,27C,off
12/15/2021 16:59:42,Chamber 4,28-031662252cff,25.75,T234,27C,off
12/15/2021 17:00:03,Chamber 4,28-031662252cff,25.75,T234,27C,off
12/15/2021 17:00:23,Chamber 4,28-031662252cff,25.75,T234,27C,off
12/15/2021 17:00:43,Chamber 4,28-031662252cff,25.75,T234,27C,off
12/15/2021 17:01:03,Chamber 4,28-031662252cff,25.75,T234,27C,off
12/15/2021 17:01:23,Chamber 4,28-031662252cff,25.75,T234,27C,off
12/15/2021 17:01:43,Chamber 4,28-031662252cff,25.75,T234,27C,off
12/15/2021 17:02:03,Chamber 4,28-031662252cff,25.75,T234,27C,off
12/15/2021 17:02:23,Chamber 4,28-031662252cff,25.75,T234,27C,off
12/15/2021 17:02:43,Chamber 4,28-031662252cff,25.75,T234,27C,off
12/15/2021 17:03:03,Chamber 4,28-031662252cff,25.75,T234,27C,off
12/15/2021 17:03:23,Chamber 4,28-031662252cff,25.75,T234,27C,off
12/15/2021 17:03:43,Chamber 4,28-031662252cff,25.75,T234,27C,off
12/15/2021 17:04:03,Chamber 4,28-031662252cff,25.75,T234,27C,off
12/15/2021 17:04:23,Chamber 4,28-031662252cff,25.75,T234,27C,off
12/15/2021 17:04:43,Chamber 4,28-031662252cff,25.75,T234,27C,off
12/15/2021 17:05:03,Chamber 4,28-031662252cff,25.75,T234,27C,off
12/15/2021 17:05:23,Chamber 4,28-031662252cff,25.75,T234,27C,off
12/15/2021 17:05:43,Chamber 4,28-031662252cff,25.75,T234,27C,off
12/15/2021 17:06:03,Chamber 4,28-031662252cff,25.75,T234,27C,off
12/15/2021 17:06:23,Chamber 4,28-031662252cff,25.75,T234,27C,off
12/15/2021 17:06:43,Chamber 4,28-031662252cff,25.75,T234,27C,off
12/15/2021 17:07:03,Chamber 4,28-031662252cff,25.75,T234,27C,off
12/15/2021 17:07:23,Chamber 4,28-031662252cff,25.75,T234,27C,off
12/15/2021 17:07:43,Chamber 4,28-031662252cff,25.75,T234,27C,off
12/15/2021 17:08:03,Chamber 4,28-031662252cff,25.75,T234,27C,off
12/15/2021 17:08:23,Chamber 4,28-031662252cff,25.75,T234,27C,off
12/15/2021 17:08:43,Chamber 4,28-031662252cff,25.75,T234,27C,off
12/15/2021 17:09:03,Chamber 4,28-031662252cff,25.75,T234,27C,off
12/15/2021 17:09:23,Chamber 4,28-031662252cff,25.75,T234,27C,off
12/15/2021 17:09:43,Chamber 4,28-031662252cff,25.75,T234,27C,off
12/15/2021 17:10:03,Chamber 4,28-031662252cff,25.75,T234,27C,off
12/15/2021 17:10:23,Chamber 4,28-031662252cff,25.75,T234,27C,off
12/15/2021 17:10:43,Chamber 4,28-031662252cff,25.75,T234,27C,off
12/15/2021 17:11:03,Chamber 4,28-031662252cff,25.75,T234,27C,off
12/15/2021 17:11:23,Chamber 4,28-031662252cff,25.75,T234,27C,off
12/15/2021 17:11:43,Chamber 4,28-031662252cff,25.75,T234,27C,off
12/15/2021 17:12:03,Chamber 4,28-031662252cff,25.75,T234,27C,off
12/15/2021 17:12:23,Chamber 4,28-031662252cff,25.75,T234,27C,off
12/15/2021 17:12:43,Chamber 4,28-031662252cff,25.75,T234,27C,off
12/15/2021 17:13:03,Chamber 4,28-031662252cff,25.75,T234,27C,off
12/15/2021 17:13:23,Chamber 4,28-031662252cff,25.75,T234,27C,off
12/15/2021 17:13:43,Chamber 4,28-031662252cff,25.75,T234,27C,off
12/15/2021 17:14:03,Chamber 4,28-031662252cff,25.75,T234,27C,off
12/15/2021 17:14:23,Chamber 4,28-031662252cff,25.75,T234,27C,off
12/15/2021 17:14:43,Chamber 4,28-031662252cff,25.75,T234,27C,off
12/15/2021 17:15:03,Chamber 4,28-031662252cff,25.75,T234,27C,off
12/15/2021 17:15:23,Chamber 4,28-031662252cff,25.75,T234,27C,off
12/15/2021 17:15:43,Chamber 4,28-031662252cff,25.75,T234,27C,off
12/15/2021 17:16:03,Chamber 4,28-031662252cff,25.75,T234,27C,off
12/15/2021 17:16:23,Chamber 4,28-031662252cff,25.75,T234,27C,off
12/15/2021 17:16:43,Chamber 4,28-031662252cff,25.75,T234,27C,off
12/15/2021 17:17:03,Chamber 4,28-031662252cff,25.75,T234,27C,off
12/15/2021 17:17:23,Chamber 4,28-031662252cff,25.75,T234,27C,off
12/15/2021 17:17:43,Chamber 4,28-031662252cff,25.75,T234,27C,off
12/15/2021 17:18:03,Chamber 4,28-031662252cff,25.75,T234,27C,off
12/15/2021 17:18:23,Chamber 4,28-031662252cff,25.75,T234,27C,off
12/15/2021 17:18:43,Chamber 4,28-031662252cff,25.75,T234,27C,off
12/15/2021 17:19:03,Chamber 4,28-031662252cff,25.75,T234,27C,off
12/15/2021 17:19:23,Chamber 4,28-031662252cff,25.75,T234,27C,off
12/15/2021 17:19:43,Chamber 4,28-031662252cff,25.75,T234,27C,off
12/15/2021 17:20:03,Chamber 4,28-031662252cff,25.75,T234,27C,off
12/15/2021 17:20:23,Chamber 4,28-031662252cff,25.75,T234,27C,off
12/15/2021 17:20:43,Chamber 4,28-031662252cff,25.75,T234,27C,off
12/15/2021 17:21:03,Chamber 4,28-031662252cff,25.75,T234,27C,off
12/15/2021 17:21:23,Chamber 4,28-031662252cff,25.75,T234,27C,off
12/15/2021 17:21:43,Chamber 4,28-031662252cff,25.75,T234,27C,off
12/15/2021 17:22:03,Chamber 4,28-031662252cff,25.75,T234,27C,off
12/15/2021 17:22:23,Chamber 4,28-031662252cff,25.75,T234,27C,off
12/15/2021 17:22:43,Chamber 4,28-031662252cff,25.75,T234,27C,off
12/15/2021 17:23:03,Chamber 4,28-031662252cff,25.75,T234,27C,off
12/15/2021 17:23:23,Chamber 4,28-031662252cff,25.75,T234,27C,off
12/15/2021 17:23:43,Chamber 4,28-031662252cff,25.75,T234,27C,off
12/15/2021 17:24:03,Chamber 4,28-031662252cff,25.75,T234,27C,off
12/15/2021 17:24:23,Chamber 4,28-031662252cff,25.75,T234,27C,off
12/15/2021 17:24:43,Chamber 4,28-031662252cff,25.75,T234,27C,off
12/15/2021 17:25:03,Chamber 4,28-031662252cff,25.75,T234,27C,off
12/15/2021 17:25:23,Chamber 4,28-031662252cff,25.75,T234,27C,off
12/15/2021 17:25:43,Chamber 4,28-031662252cff,25.75,T234,27C,off
12/15/2021 17:26:03,Chamber 4,28-031662252cff,25.75,T234,27C,off
12/15/2021 17:26:23,Chamber 4,28-031662252cff,25.75,T234,27C,off
12/15/2021 17:26:43,Chamber 4,28-031662252cff,25.75,T234,27C,off
12/15/2021 17:27:03,Chamber 4,28-031662252cff,25.75,T234,27C,off
12/15/2021 17:27:23,Chamber 4,28-031662252cff,25.75,T234,27C,off
12/15/2021 17:27:43,Chamber 4,28-031662252cff,25.75,T234,27C,off
12/15/2021 17:28:03,Chamber 4,28-031662252cff,25.75,T234,27C,off
12/15/2021 17:28:24,Chamber 4,28-031662252cff,25.75,T234,27C,off
12/15/2021 17:28:43,Chamber 4,28-031662252cff,25.75,T234,27C,off
12/15/2021 17:29:03,Chamber 4,28-031662252cff,25.75,T234,27C,off
12/15/2021 17:29:23,Chamber 4,28-031662252cff,25.75,T234,27C,off
12/15/2021 17:29:43,Chamber 4,28-031662252cff,25.75,T234,27C,off
12/15/2021 17:30:03,Chamber 4,28-031662252cff,25.75,T234,27C,off
12/15/2021 17:30:23,Chamber 4,28-031662252cff,25.75,T234,27C,off
12/15/2021 17:30:43,Chamber 4,28-031662252cff,25.75,T234,27C,off
12/15/2021 17:31:03,Chamber 4,28-031662252cff,25.75,T234,27C,off
12/15/2021 17:31:23,Chamber 4,28-031662252cff,25.75,T234,27C,off
12/15/2021 17:31:43,Chamber 4,28-031662252cff,25.75,T234,27C,off
12/15/2021 17:32:03,Chamber 4,28-031662252cff,25.75,T234,27C,off
12/15/2021 17:32:23,Chamber 4,28-031662252cff,25.75,T234,27C,off
12/15/2021 17:32:43,Chamber 4,28-031662252cff,25.75,T234,27C,off
12/15/2021 17:33:03,Chamber 4,28-031662252cff,25.75,T234,27C,off
12/15/2021 17:33:23,Chamber 4,28-031662252cff,25.75,T234,27C,off
12/15/2021 17:33:43,Chamber 4,28-031662252cff,25.75,T234,27C,off
12/15/2021 17:34:03,Chamber 4,28-031662252cff,25.75,T234,27C,off
12/15/2021 17:34:23,Chamber 4,28-031662252cff,25.75,T234,27C,off
12/15/2021 17:34:43,Chamber 4,28-031662252cff,25.75,T234,27C,off
12/15/2021 17:35:03,Chamber 4,28-031662252cff,25.75,T234,27C,off
12/15/2021 17:35:23,Chamber 4,28-031662252cff,25.75,T234,27C,off
12/15/2021 17:35:43,Chamber 4,28-031662252cff,25.75,T234,27C,off
12/15/2021 17:36:03,Chamber 4,28-031662252cff,25.75,T234,27C,off
12/15/2021 17:36:23,Chamber 4,28-031662252cff,25.75,T234,27C,off
12/15/2021 17:36:43,Chamber 4,28-031662252cff,25.75,T234,27C,off
12/15/2021 17:37:03,Chamber 4,28-031662252cff,25.75,T234,27C,off
12/15/2021 17:37:23,Chamber 4,28-031662252cff,25.75,T234,27C,off
12/15/2021 17:37:43,Chamber 4,28-031662252cff,25.75,T234,27C,off
12/15/2021 17:38:03,Chamber 4,28-031662252cff,25.75,T234,27C,off
12/15/2021 17:38:23,Chamber 4,28-031662252cff,25.75,T234,27C,off
12/15/2021 17:38:43,Chamber 4,28-031662252cff,25.75,T234,27C,off
12/15/2021 17:39:03,Chamber 4,28-031662252cff,25.75,T234,27C,off
12/15/2021 17:39:23,Chamber 4,28-031662252cff,25.75,T234,27C,off
12/15/2021 17:39:43,Chamber 4,28-031662252cff,25.75,T234,27C,off
12/15/2021 17:40:03,Chamber 4,28-031662252cff,25.75,T234,27C,off
12/15/2021 17:40:23,Chamber 4,28-031662252cff,25.75,T234,27C,off
12/15/2021 17:40:43,Chamber 4,28-031662252cff,25.75,T234,27C,off
12/15/2021 17:41:03,Chamber 4,28-031662252cff,25.75,T234,27C,off
12/15/2021 17:41:23,Chamber 4,28-031662252cff,25.75,T234,27C,off
12/15/2021 17:41:43,Chamber 4,28-031662252cff,25.75,T234,27C,off
12/15/2021 17:42:03,Chamber 4,28-031662252cff,25.75,T234,27C,off
12/15/2021 17:42:23,Chamber 4,28-031662252cff,25.75,T234,27C,off
12/15/2021 17:42:43,Chamber 4,28-031662252cff,25.75,T234,27C,off
12/15/2021 17:43:03,Chamber 4,28-031662252cff,25.75,T234,27C,off
12/15/2021 17:43:23,Chamber 4,28-031662252cff,25.75,T234,27C,off
12/15/2021 17:43:43,Chamber 4,28-031662252cff,25.75,T234,27C,off
12/15/2021 17:44:03,Chamber 4,28-031662252cff,25.75,T234,27C,off
12/15/2021 17:44:23,Chamber 4,28-031662252cff,25.75,T234,27C,off
12/15/2021 17:44:43,Chamber 4,28-031662252cff,25.75,T234,27C,off
12/15/2021 17:45:03,Chamber 4,28-031662252cff,25.75,T234,27C,off
12/15/2021 17:45:23,Chamber 4,28-031662252cff,25.75,T234,27C,off
12/15/2021 17:45:43,Chamber 4,28-031662252cff,25.75,T234,27C,off
12/15/2021 17:46:03,Chamber 4,28-031662252cff,25.75,T234,27C,off
12/15/2021 17:46:23,Chamber 4,28-031662252cff,25.75,T234,27C,off
12/15/2021 17:46:43,Chamber 4,28-031662252cff,25.75,T234,27C,off
12/15/2021 17:47:03,Chamber 4,28-031662252cff,25.75,T234,27C,off
12/15/2021 17:47:23,Chamber 4,28-031662252cff,25.75,T234,27C,off
12/15/2021 17:47:43,Chamber 4,28-031662252cff,25.75,T234,27C,off
12/15/2021 17:48:03,Chamber 4,28-031662252cff,25.75,T234,27C,off
12/15/2021 17:48:23,Chamber 4,28-031662252cff,25.75,T234,27C,off
12/15/2021 17:48:43,Chamber 4,28-031662252cff,25.75,T234,27C,off
12/15/2021 17:49:03,Chamber 4,28-031662252cff,25.75,T234,27C,off
12/15/2021 17:49:23,Chamber 4,28-031662252cff,25.75,T234,27C,off
12/15/2021 17:49:43,Chamber 4,28-031662252cff,25.75,T234,27C,off
12/15/2021 17:50:03,Chamber 4,28-031662252cff,25.75,T234,27C,off
12/15/2021 17:50:23,Chamber 4,28-031662252cff,25.75,T234,27C,off
12/15/2021 17:50:43,Chamber 4,28-031662252cff,25.75,T234,27C,off
12/15/2021 17:51:03,Chamber 4,28-031662252cff,25.75,T234,27C,off
12/15/2021 17:51:23,Chamber 4,28-031662252cff,25.75,T234,27C,off
12/15/2021 17:51:43,Chamber 4,28-031662252cff,25.75,T234,27C,off
12/15/2021 17:52:03,Chamber 4,28-031662252cff,25.75,T234,27C,off
12/15/2021 17:52:23,Chamber 4,28-031662252cff,25.75,T234,27C,off
12/15/2021 17:52:43,Chamber 4,28-031662252cff,25.75,T234,27C,off
12/15/2021 17:53:03,Chamber 4,28-031662252cff,25.75,T234,27C,off
12/15/2021 17:53:23,Chamber 4,28-031662252cff,25.75,T234,27C,off
12/15/2021 17:53:43,Chamber 4,28-031662252cff,25.75,T234,27C,off
12/15/2021 17:54:03,Chamber 4,28-031662252cff,25.75,T234,27C,off
12/15/2021 17:54:23,Chamber 4,28-031662252cff,25.75,T234,27C,off
12/15/2021 17:54:43,Chamber 4,28-031662252cff,25.75,T234,27C,off
12/15/2021 17:55:03,Chamber 4,28-031662252cff,25.75,T234,27C,off
12/15/2021 17:55:23,Chamber 4,28-031662252cff,25.75,T234,27C,off
12/15/2021 17:55:43,Chamber 4,28-031662252cff,25.75,T234,27C,off
12/15/2021 17:56:03,Chamber 4,28-031662252cff,25.75,T234,27C,off
12/15/2021 17:56:23,Chamber 4,28-031662252cff,25.75,T234,27C,off
12/15/2021 17:56:43,Chamber 4,28-031662252cff,25.75,T234,27C,off
12/15/2021 17:57:03,Chamber 4,28-031662252cff,25.75,T234,27C,off
12/15/2021 17:57:23,Chamber 4,28-031662252cff,25.75,T234,27C,off
12/15/2021 17:57:43,Chamber 4,28-031662252cff,25.75,T234,27C,off
12/15/2021 17:58:03,Chamber 4,28-031662252cff,25.75,T234,27C,off
12/15/2021 17:58:23,Chamber 4,28-031662252cff,25.75,T234,27C,off
12/15/2021 17:58:43,Chamber 4,28-031662252cff,25.75,T234,27C,off
12/15/2021 17:59:03,Chamber 4,28-031662252cff,25.75,T234,27C,off
12/15/2021 17:59:23,Chamber 4,28-031662252cff,25.75,T234,27C,off
12/15/2021 17:59:43,Chamber 4,28-031662252cff,25.75,T234,27C,off
12/15/2021 18:00:02,Chamber 4,28-031662252cff,25.75,T234,27C,off
12/15/2021 18:00:22,Chamber 4,28-031662252cff,25.75,T234,27C,off
12/15/2021 18:00:42,Chamber 4,28-031662252cff,25.75,T234,27C,off
12/15/2021 18:01:02,Chamber 4,28-031662252cff,25.75,T234,27C,off
12/15/2021 18:01:22,Chamber 4,28-031662252cff,25.75,T234,27C,off
12/15/2021 18:01:42,Chamber 4,28-031662252cff,25.75,T234,27C,off
12/15/2021 18:02:02,Chamber 4,28-031662252cff,25.75,T234,27C,off
12/15/2021 18:02:22,Chamber 4,28-031662252cff,25.75,T234,27C,off
12/15/2021 18:02:42,Chamber 4,28-031662252cff,25.75,T234,27C,off
12/15/2021 18:03:02,Chamber 4,28-031662252cff,25.75,T234,27C,off
12/15/2021 18:03:22,Chamber 4,28-031662252cff,25.75,T234,27C,off
12/15/2021 18:03:42,Chamber 4,28-031662252cff,25.75,T234,27C,off
12/15/2021 18:04:02,Chamber 4,28-031662252cff,25.75,T234,27C,off
12/15/2021 18:04:22,Chamber 4,28-031662252cff,25.75,T234,27C,off
12/15/2021 18:04:42,Chamber 4,28-031662252cff,25.75,T234,27C,off
12/15/2021 18:05:02,Chamber 4,28-031662252cff,25.75,T234,27C,off
12/15/2021 18:05:23,Chamber 4,28-031662252cff,25.75,T234,27C,off
12/15/2021 18:05:42,Chamber 4,28-031662252cff,25.75,T234,27C,off
12/15/2021 18:06:02,Chamber 4,28-031662252cff,25.75,T234,27C,off
12/15/2021 18:06:22,Chamber 4,28-031662252cff,25.75,T234,27C,off
12/15/2021 18:06:42,Chamber 4,28-031662252cff,25.75,T234,27C,off
12/15/2021 18:07:02,Chamber 4,28-031662252cff,25.75,T234,27C,off
12/15/2021 18:07:22,Chamber 4,28-031662252cff,25.75,T234,27C,off
12/15/2021 18:07:42,Chamber 4,28-031662252cff,25.75,T234,27C,off
12/15/2021 18:08:02,Chamber 4,28-031662252cff,25.75,T234,27C,off
12/15/2021 18:08:22,Chamber 4,28-031662252cff,25.75,T234,27C,off
12/15/2021 18:08:42,Chamber 4,28-031662252cff,25.75,T234,27C,off
12/15/2021 18:09:02,Chamber 4,28-031662252cff,25.75,T234,27C,off
12/15/2021 18:09:22,Chamber 4,28-031662252cff,25.75,T234,27C,off
12/15/2021 18:09:42,Chamber 4,28-031662252cff,25.75,T234,27C,off
12/15/2021 18:10:02,Chamber 4,28-031662252cff,25.75,T234,27C,off
12/15/2021 18:10:22,Chamber 4,28-031662252cff,25.75,T234,27C,off
12/15/2021 18:10:42,Chamber 4,28-031662252cff,25.75,T234,27C,off
12/15/2021 18:11:02,Chamber 4,28-031662252cff,25.75,T234,27C,off
12/15/2021 18:11:22,Chamber 4,28-031662252cff,25.75,T234,27C,off
12/15/2021 18:11:42,Chamber 4,28-031662252cff,25.75,T234,27C,off
12/15/2021 18:12:02,Chamber 4,28-031662252cff,25.75,T234,27C,off
12/15/2021 18:12:22,Chamber 4,28-031662252cff,25.75,T234,27C,off
12/15/2021 18:12:42,Chamber 4,28-031662252cff,25.75,T234,27C,off
12/15/2021 18:13:02,Chamber 4,28-031662252cff,25.75,T234,27C,off
12/15/2021 18:13:22,Chamber 4,28-031662252cff,25.75,T234,27C,off
12/15/2021 18:13:42,Chamber 4,28-031662252cff,25.75,T234,27C,off
12/15/2021 18:14:02,Chamber 4,28-031662252cff,25.75,T234,27C,off
12/15/2021 18:14:22,Chamber 4,28-031662252cff,25.75,T234,27C,off
12/15/2021 18:14:42,Chamber 4,28-031662252cff,25.75,T234,27C,off
12/15/2021 18:15:02,Chamber 4,28-031662252cff,25.75,T234,27C,off
12/15/2021 18:15:22,Chamber 4,28-031662252cff,25.75,T234,27C,off
12/15/2021 18:15:43,Chamber 4,28-031662252cff,25.75,T234,27C,off
12/15/2021 18:16:02,Chamber 4,28-031662252cff,25.75,T234,27C,off
12/15/2021 18:16:22,Chamber 4,28-031662252cff,25.75,T234,27C,off
12/15/2021 18:16:42,Chamber 4,28-031662252cff,25.75,T234,27C,off
12/15/2021 18:17:02,Chamber 4,28-031662252cff,25.75,T234,27C,off
12/15/2021 18:17:22,Chamber 4,28-031662252cff,25.75,T234,27C,off
12/15/2021 18:17:42,Chamber 4,28-031662252cff,25.75,T234,27C,off
12/15/2021 18:18:02,Chamber 4,28-031662252cff,25.75,T234,27C,off
12/15/2021 18:18:22,Chamber 4,28-031662252cff,25.75,T234,27C,off
12/15/2021 18:18:42,Chamber 4,28-031662252cff,25.75,T234,27C,off
12/15/2021 18:19:02,Chamber 4,28-031662252cff,25.75,T234,27C,off
12/15/2021 18:19:22,Chamber 4,28-031662252cff,25.75,T234,27C,off
12/15/2021 18:19:42,Chamber 4,28-031662252cff,25.75,T234,27C,off
12/15/2021 18:20:02,Chamber 4,28-031662252cff,25.75,T234,27C,off
12/15/2021 18:20:22,Chamber 4,28-031662252cff,25.75,T234,27C,off
12/15/2021 18:20:42,Chamber 4,28-031662252cff,25.75,T234,27C,off
12/15/2021 18:21:02,Chamber 4,28-031662252cff,25.75,T234,27C,off
12/15/2021 18:21:22,Chamber 4,28-031662252cff,25.75,T234,27C,off
12/15/2021 18:21:42,Chamber 4,28-031662252cff,25.75,T234,27C,off
12/15/2021 18:22:02,Chamber 4,28-031662252cff,25.75,T234,27C,off
12/15/2021 18:22:22,Chamber 4,28-031662252cff,25.75,T234,27C,off
12/15/2021 18:22:42,Chamber 4,28-031662252cff,25.75,T234,27C,off
12/15/2021 18:23:02,Chamber 4,28-031662252cff,25.75,T234,27C,off
12/15/2021 18:23:22,Chamber 4,28-031662252cff,25.75,T234,27C,off
12/15/2021 18:23:42,Chamber 4,28-031662252cff,25.75,T234,27C,off
12/15/2021 18:24:02,Chamber 4,28-031662252cff,25.75,T234,27C,off
12/15/2021 18:24:22,Chamber 4,28-031662252cff,25.75,T234,27C,off
12/15/2021 18:24:42,Chamber 4,28-031662252cff,25.75,T234,27C,off
12/15/2021 18:25:02,Chamber 4,28-031662252cff,25.75,T234,27C,off
12/15/2021 18:25:22,Chamber 4,28-031662252cff,25.75,T234,27C,off
12/15/2021 18:25:42,Chamber 4,28-031662252cff,25.75,T234,27C,off
12/15/2021 18:26:02,Chamber 4,28-031662252cff,25.75,T234,27C,off
12/15/2021 18:26:22,Chamber 4,28-031662252cff,25.75,T234,27C,off
12/15/2021 18:26:42,Chamber 4,28-031662252cff,25.75,T234,27C,off
12/15/2021 18:27:02,Chamber 4,28-031662252cff,25.75,T234,27C,off
12/15/2021 18:27:22,Chamber 4,28-031662252cff,25.75,T234,27C,off
12/15/2021 18:27:42,Chamber 4,28-031662252cff,25.75,T234,27C,off
12/15/2021 18:28:02,Chamber 4,28-031662252cff,25.75,T234,27C,off
12/15/2021 18:28:22,Chamber 4,28-031662252cff,25.75,T234,27C,off
12/15/2021 18:28:42,Chamber 4,28-031662252cff,25.75,T234,27C,off
12/15/2021 18:29:02,Chamber 4,28-031662252cff,25.75,T234,27C,off
12/15/2021 18:29:22,Chamber 4,28-031662252cff,25.75,T234,27C,off
12/15/2021 18:29:42,Chamber 4,28-031662252cff,25.75,T234,27C,off
12/15/2021 18:30:02,Chamber 4,28-031662252cff,25.75,T234,27C,off
12/15/2021 18:30:22,Chamber 4,28-031662252cff,25.75,T234,27C,off
12/15/2021 18:30:43,Chamber 4,28-031662252cff,25.75,T234,27C,off
12/15/2021 18:31:02,Chamber 4,28-031662252cff,25.75,T234,27C,off
12/15/2021 18:31:22,Chamber 4,28-031662252cff,25.75,T234,27C,off
12/15/2021 18:31:43,Chamber 4,28-031662252cff,25.75,T234,27C,off
12/15/2021 18:32:02,Chamber 4,28-031662252cff,25.75,T234,27C,off
12/15/2021 18:32:22,Chamber 4,28-031662252cff,25.75,T234,27C,off
12/15/2021 18:32:42,Chamber 4,28-031662252cff,25.75,T234,27C,off
12/15/2021 18:33:02,Chamber 4,28-031662252cff,25.75,T234,27C,off
12/15/2021 18:33:22,Chamber 4,28-031662252cff,25.75,T234,27C,off
12/15/2021 18:33:42,Chamber 4,28-031662252cff,25.75,T234,27C,off
12/15/2021 18:34:02,Chamber 4,28-031662252cff,25.75,T234,27C,off
12/15/2021 18:34:22,Chamber 4,28-031662252cff,25.75,T234,27C,off
12/15/2021 18:34:42,Chamber 4,28-031662252cff,25.75,T234,27C,off
12/15/2021 18:35:02,Chamber 4,28-031662252cff,25.75,T234,27C,off
12/15/2021 18:35:22,Chamber 4,28-031662252cff,25.75,T234,27C,off
12/15/2021 18:35:42,Chamber 4,28-031662252cff,25.75,T234,27C,off
12/15/2021 18:36:02,Chamber 4,28-031662252cff,25.75,T234,27C,off
12/15/2021 18:36:22,Chamber 4,28-031662252cff,25.75,T234,27C,off
12/15/2021 18:36:42,Chamber 4,28-031662252cff,25.75,T234,27C,off
12/15/2021 18:37:02,Chamber 4,28-031662252cff,25.75,T234,27C,off
12/15/2021 18:37:22,Chamber 4,28-031662252cff,25.75,T234,27C,off
12/15/2021 18:37:42,Chamber 4,28-031662252cff,25.75,T234,27C,off
12/15/2021 18:38:02,Chamber 4,28-031662252cff,25.75,T234,27C,off
12/15/2021 18:38:22,Chamber 4,28-031662252cff,25.75,T234,27C,off
12/15/2021 18:38:42,Chamber 4,28-031662252cff,25.75,T234,27C,off
12/15/2021 18:39:02,Chamber 4,28-031662252cff,25.75,T234,27C,off
12/15/2021 18:39:22,Chamber 4,28-031662252cff,25.75,T234,27C,off
12/15/2021 18:39:42,Chamber 4,28-031662252cff,25.75,T234,27C,off
12/15/2021 18:40:03,Chamber 4,28-031662252cff,25.812,T234,27C,off
12/15/2021 18:40:22,Chamber 4,28-031662252cff,25.75,T234,27C,off
12/15/2021 18:40:42,Chamber 4,28-031662252cff,25.75,T234,27C,off
12/15/2021 18:41:02,Chamber 4,28-031662252cff,25.75,T234,27C,off
12/15/2021 18:41:22,Chamber 4,28-031662252cff,25.75,T234,27C,off
12/15/2021 18:41:42,Chamber 4,28-031662252cff,25.75,T234,27C,off
12/15/2021 18:42:02,Chamber 4,28-031662252cff,25.75,T234,27C,off
12/15/2021 18:42:22,Chamber 4,28-031662252cff,25.75,T234,27C,off
12/15/2021 18:42:42,Chamber 4,28-031662252cff,25.75,T234,27C,off
12/15/2021 18:43:02,Chamber 4,28-031662252cff,25.75,T234,27C,off
12/15/2021 18:43:22,Chamber 4,28-031662252cff,25.75,T234,27C,off
12/15/2021 18:43:42,Chamber 4,28-031662252cff,25.75,T234,27C,off
12/15/2021 18:44:02,Chamber 4,28-031662252cff,25.75,T234,27C,off
12/15/2021 18:44:22,Chamber 4,28-031662252cff,25.812,T234,27C,off
12/15/2021 18:44:42,Chamber 4,28-031662252cff,25.75,T234,27C,off
12/15/2021 18:45:02,Chamber 4,28-031662252cff,25.75,T234,27C,off
12/15/2021 18:45:22,Chamber 4,28-031662252cff,25.75,T234,27C,off
12/15/2021 18:45:42,Chamber 4,28-031662252cff,25.75,T234,27C,off
12/15/2021 18:46:02,Chamber 4,28-031662252cff,25.75,T234,27C,off
12/15/2021 18:46:22,Chamber 4,28-031662252cff,25.75,T234,27C,off
12/15/2021 18:46:42,Chamber 4,28-031662252cff,25.75,T234,27C,off
12/15/2021 18:47:02,Chamber 4,28-031662252cff,25.75,T234,27C,off
12/15/2021 18:47:22,Chamber 4,28-031662252cff,25.75,T234,27C,off
12/15/2021 18:47:42,Chamber 4,28-031662252cff,25.75,T234,27C,off
12/15/2021 18:48:02,Chamber 4,28-031662252cff,25.75,T234,27C,off
12/15/2021 18:48:22,Chamber 4,28-031662252cff,25.75,T234,27C,off
12/15/2021 18:48:42,Chamber 4,28-031662252cff,25.75,T234,27C,off
12/15/2021 18:49:02,Chamber 4,28-031662252cff,25.75,T234,27C,off
12/15/2021 18:49:22,Chamber 4,28-031662252cff,25.75,T234,27C,off
12/15/2021 18:49:42,Chamber 4,28-031662252cff,25.75,T234,27C,off
12/15/2021 18:50:02,Chamber 4,28-031662252cff,25.75,T234,27C,off
12/15/2021 18:50:22,Chamber 4,28-031662252cff,25.75,T234,27C,off
12/15/2021 18:50:42,Chamber 4,28-031662252cff,25.75,T234,27C,off
12/15/2021 18:51:03,Chamber 4,28-031662252cff,25.812,T234,27C,off
12/15/2021 18:51:22,Chamber 4,28-031662252cff,25.75,T234,27C,off
12/15/2021 18:51:42,Chamber 4,28-031662252cff,25.75,T234,27C,off
12/15/2021 18:52:02,Chamber 4,28-031662252cff,25.75,T234,27C,off
12/15/2021 18:52:23,Chamber 4,28-031662252cff,25.75,T234,27C,off
12/15/2021 18:52:42,Chamber 4,28-031662252cff,25.75,T234,27C,off
12/15/2021 18:53:02,Chamber 4,28-031662252cff,25.75,T234,27C,off
12/15/2021 18:53:22,Chamber 4,28-031662252cff,25.75,T234,27C,off
12/15/2021 18:53:42,Chamber 4,28-031662252cff,25.75,T234,27C,off
12/15/2021 18:54:02,Chamber 4,28-031662252cff,25.75,T234,27C,off
12/15/2021 18:54:22,Chamber 4,28-031662252cff,25.75,T234,27C,off
12/15/2021 18:54:42,Chamber 4,28-031662252cff,25.75,T234,27C,off
12/15/2021 18:55:02,Chamber 4,28-031662252cff,25.75,T234,27C,off
12/15/2021 18:55:22,Chamber 4,28-031662252cff,25.75,T234,27C,off
12/15/2021 18:55:42,Chamber 4,28-031662252cff,25.75,T234,27C,off
12/15/2021 18:56:02,Chamber 4,28-031662252cff,25.75,T234,27C,off
12/15/2021 18:56:22,Chamber 4,28-031662252cff,25.75,T234,27C,off
12/15/2021 18:56:42,Chamber 4,28-031662252cff,25.75,T234,27C,off
12/15/2021 18:57:02,Chamber 4,28-031662252cff,25.75,T234,27C,off
12/15/2021 18:57:22,Chamber 4,28-031662252cff,25.75,T234,27C,off
12/15/2021 18:57:42,Chamber 4,28-031662252cff,25.75,T234,27C,off
12/15/2021 18:58:02,Chamber 4,28-031662252cff,25.75,T234,27C,off
12/15/2021 18:58:22,Chamber 4,28-031662252cff,25.75,T234,27C,off
12/15/2021 18:58:42,Chamber 4,28-031662252cff,25.75,T234,27C,off
12/15/2021 18:59:02,Chamber 4,28-031662252cff,25.75,T234,27C,off
12/15/2021 18:59:22,Chamber 4,28-031662252cff,25.75,T234,27C,off
12/15/2021 18:59:42,Chamber 4,28-031662252cff,25.75,T234,27C,off
12/15/2021 19:00:03,Chamber 4,28-031662252cff,25.75,T234,27C,off
12/15/2021 19:00:23,Chamber 4,28-031662252cff,25.75,T234,27C,off
12/15/2021 19:00:43,Chamber 4,28-031662252cff,25.75,T234,27C,off
12/15/2021 19:01:03,Chamber 4,28-031662252cff,25.75,T234,27C,off
12/15/2021 19:01:23,Chamber 4,28-031662252cff,25.75,T234,27C,off
12/15/2021 19:01:43,Chamber 4,28-031662252cff,25.75,T234,27C,off
12/15/2021 19:02:03,Chamber 4,28-031662252cff,25.75,T234,27C,off
12/15/2021 19:02:23,Chamber 4,28-031662252cff,25.75,T234,27C,off
12/15/2021 19:02:43,Chamber 4,28-031662252cff,25.75,T234,27C,off
12/15/2021 19:03:03,Chamber 4,28-031662252cff,25.75,T234,27C,off
12/15/2021 19:03:23,Chamber 4,28-031662252cff,25.75,T234,27C,off
12/15/2021 19:03:43,Chamber 4,28-031662252cff,25.75,T234,27C,off
12/15/2021 19:04:03,Chamber 4,28-031662252cff,25.75,T234,27C,off
12/15/2021 19:04:23,Chamber 4,28-031662252cff,25.75,T234,27C,off
12/15/2021 19:04:43,Chamber 4,28-031662252cff,25.75,T234,27C,off
12/15/2021 19:05:03,Chamber 4,28-031662252cff,25.75,T234,27C,off
12/15/2021 19:05:23,Chamber 4,28-031662252cff,25.75,T234,27C,off
12/15/2021 19:05:43,Chamber 4,28-031662252cff,25.75,T234,27C,off
12/15/2021 19:06:03,Chamber 4,28-031662252cff,25.75,T234,27C,off
12/15/2021 19:06:23,Chamber 4,28-031662252cff,25.75,T234,27C,off
12/15/2021 19:06:43,Chamber 4,28-031662252cff,25.75,T234,27C,off
12/15/2021 19:07:03,Chamber 4,28-031662252cff,25.75,T234,27C,off
12/15/2021 19:07:23,Chamber 4,28-031662252cff,25.75,T234,27C,off
12/15/2021 19:07:43,Chamber 4,28-031662252cff,25.75,T234,27C,off
12/15/2021 19:08:03,Chamber 4,28-031662252cff,25.75,T234,27C,off
12/15/2021 19:08:23,Chamber 4,28-031662252cff,25.75,T234,27C,off
12/15/2021 19:08:43,Chamber 4,28-031662252cff,25.75,T234,27C,off
12/15/2021 19:09:03,Chamber 4,28-031662252cff,25.75,T234,27C,off
12/15/2021 19:09:23,Chamber 4,28-031662252cff,25.75,T234,27C,off
12/15/2021 19:09:43,Chamber 4,28-031662252cff,25.75,T234,27C,off
12/15/2021 19:10:03,Chamber 4,28-031662252cff,25.75,T234,27C,off
12/15/2021 19:10:23,Chamber 4,28-031662252cff,25.75,T234,27C,off
12/15/2021 19:10:43,Chamber 4,28-031662252cff,25.75,T234,27C,off
12/15/2021 19:11:03,Chamber 4,28-031662252cff,25.75,T234,27C,off
12/15/2021 19:11:23,Chamber 4,28-031662252cff,25.75,T234,27C,off
12/15/2021 19:11:43,Chamber 4,28-031662252cff,25.75,T234,27C,off
12/15/2021 19:12:03,Chamber 4,28-031662252cff,25.75,T234,27C,off
12/15/2021 19:12:23,Chamber 4,28-031662252cff,25.75,T234,27C,off
12/15/2021 19:12:43,Chamber 4,28-031662252cff,25.75,T234,27C,off
12/15/2021 19:13:03,Chamber 4,28-031662252cff,25.75,T234,27C,off
12/15/2021 19:13:23,Chamber 4,28-031662252cff,25.75,T234,27C,off
12/15/2021 19:13:43,Chamber 4,28-031662252cff,25.75,T234,27C,off
12/15/2021 19:14:03,Chamber 4,28-031662252cff,25.75,T234,27C,off
12/15/2021 19:14:23,Chamber 4,28-031662252cff,25.75,T234,27C,off
12/15/2021 19:14:43,Chamber 4,28-031662252cff,25.75,T234,27C,off
12/15/2021 19:15:03,Chamber 4,28-031662252cff,25.75,T234,27C,off
12/15/2021 19:15:23,Chamber 4,28-031662252cff,25.75,T234,27C,off
12/15/2021 19:15:43,Chamber 4,28-031662252cff,25.75,T234,27C,off
12/15/2021 19:16:03,Chamber 4,28-031662252cff,25.75,T234,27C,off
12/15/2021 19:16:23,Chamber 4,28-031662252cff,25.75,T234,27C,off
12/15/2021 19:16:44,Chamber 4,28-031662252cff,25.75,T234,27C,off
12/15/2021 19:17:03,Chamber 4,28-031662252cff,25.75,T234,27C,off
12/15/2021 19:17:23,Chamber 4,28-031662252cff,25.75,T234,27C,off
12/15/2021 19:17:43,Chamber 4,28-031662252cff,25.75,T234,27C,off
12/15/2021 19:18:03,Chamber 4,28-031662252cff,25.75,T234,27C,off
12/15/2021 19:18:23,Chamber 4,28-031662252cff,25.75,T234,27C,off
12/15/2021 19:18:43,Chamber 4,28-031662252cff,25.75,T234,27C,off
12/15/2021 19:19:03,Chamber 4,28-031662252cff,25.75,T234,27C,off
12/15/2021 19:19:23,Chamber 4,28-031662252cff,25.75,T234,27C,off
12/15/2021 19:19:43,Chamber 4,28-031662252cff,25.75,T234,27C,off
12/15/2021 19:20:03,Chamber 4,28-031662252cff,25.75,T234,27C,off
12/15/2021 19:20:23,Chamber 4,28-031662252cff,25.75,T234,27C,off
12/15/2021 19:20:43,Chamber 4,28-031662252cff,25.75,T234,27C,off
12/15/2021 19:21:03,Chamber 4,28-031662252cff,25.75,T234,27C,off
12/15/2021 19:21:23,Chamber 4,28-031662252cff,25.75,T234,27C,off
12/15/2021 19:21:43,Chamber 4,28-031662252cff,25.75,T234,27C,off
12/15/2021 19:22:03,Chamber 4,28-031662252cff,25.75,T234,27C,off
12/15/2021 19:22:23,Chamber 4,28-031662252cff,25.75,T234,27C,off
12/15/2021 19:22:43,Chamber 4,28-031662252cff,25.75,T234,27C,off
12/15/2021 19:23:03,Chamber 4,28-031662252cff,25.75,T234,27C,off
12/15/2021 19:23:23,Chamber 4,28-031662252cff,25.75,T234,27C,off
12/15/2021 19:23:43,Chamber 4,28-031662252cff,25.75,T234,27C,off
12/15/2021 19:24:03,Chamber 4,28-031662252cff,25.75,T234,27C,off
12/15/2021 19:24:23,Chamber 4,28-031662252cff,25.75,T234,27C,off
12/15/2021 19:24:43,Chamber 4,28-031662252cff,25.75,T234,27C,off
12/15/2021 19:25:03,Chamber 4,28-031662252cff,25.75,T234,27C,off
12/15/2021 19:25:23,Chamber 4,28-031662252cff,25.75,T234,27C,off
12/15/2021 19:25:43,Chamber 4,28-031662252cff,25.75,T234,27C,off
12/15/2021 19:26:03,Chamber 4,28-031662252cff,25.75,T234,27C,off
12/15/2021 19:26:23,Chamber 4,28-031662252cff,25.75,T234,27C,off
12/15/2021 19:26:43,Chamber 4,28-031662252cff,25.75,T234,27C,off
12/15/2021 19:27:03,Chamber 4,28-031662252cff,25.75,T234,27C,off
12/15/2021 19:27:23,Chamber 4,28-031662252cff,25.75,T234,27C,off
12/15/2021 19:27:43,Chamber 4,28-031662252cff,25.75,T234,27C,off
12/15/2021 19:28:03,Chamber 4,28-031662252cff,25.75,T234,27C,off
12/15/2021 19:28:23,Chamber 4,28-031662252cff,25.75,T234,27C,off
12/15/2021 19:28:43,Chamber 4,28-031662252cff,25.75,T234,27C,off
12/15/2021 19:29:03,Chamber 4,28-031662252cff,25.75,T234,27C,off
12/15/2021 19:29:23,Chamber 4,28-031662252cff,25.75,T234,27C,off
12/15/2021 19:29:43,Chamber 4,28-031662252cff,25.812,T234,27C,off
12/15/2021 19:30:03,Chamber 4,28-031662252cff,25.75,T234,27C,off
12/15/2021 19:30:23,Chamber 4,28-031662252cff,25.75,T234,27C,off
12/15/2021 19:30:43,Chamber 4,28-031662252cff,25.75,T234,27C,off
12/15/2021 19:31:03,Chamber 4,28-031662252cff,25.75,T234,27C,off
12/15/2021 19:31:23,Chamber 4,28-031662252cff,25.75,T234,27C,off
12/15/2021 19:31:43,Chamber 4,28-031662252cff,25.75,T234,27C,off
12/15/2021 19:32:03,Chamber 4,28-031662252cff,25.75,T234,27C,off
12/15/2021 19:32:23,Chamber 4,28-031662252cff,25.75,T234,27C,off
12/15/2021 19:32:43,Chamber 4,28-031662252cff,25.75,T234,27C,off
12/15/2021 19:33:03,Chamber 4,28-031662252cff,25.75,T234,27C,off
12/15/2021 19:33:23,Chamber 4,28-031662252cff,25.75,T234,27C,off
12/15/2021 19:33:43,Chamber 4,28-031662252cff,25.75,T234,27C,off
12/15/2021 19:34:03,Chamber 4,28-031662252cff,25.75,T234,27C,off
12/15/2021 19:34:23,Chamber 4,28-031662252cff,25.75,T234,27C,off
12/15/2021 19:34:43,Chamber 4,28-031662252cff,25.75,T234,27C,off
12/15/2021 19:35:03,Chamber 4,28-031662252cff,25.75,T234,27C,off
12/15/2021 19:35:23,Chamber 4,28-031662252cff,25.75,T234,27C,off
12/15/2021 19:35:43,Chamber 4,28-031662252cff,25.75,T234,27C,off
12/15/2021 19:36:03,Chamber 4,28-031662252cff,25.75,T234,27C,off
12/15/2021 19:36:23,Chamber 4,28-031662252cff,25.75,T234,27C,off
12/15/2021 19:36:43,Chamber 4,28-031662252cff,25.75,T234,27C,off
12/15/2021 19:37:03,Chamber 4,28-031662252cff,25.75,T234,27C,off
12/15/2021 19:37:23,Chamber 4,28-031662252cff,25.75,T234,27C,off
12/15/2021 19:37:43,Chamber 4,28-031662252cff,25.75,T234,27C,off
12/15/2021 19:38:03,Chamber 4,28-031662252cff,25.75,T234,27C,off
12/15/2021 19:38:23,Chamber 4,28-031662252cff,25.75,T234,27C,off
12/15/2021 19:38:43,Chamber 4,28-031662252cff,25.75,T234,27C,off
12/15/2021 19:39:03,Chamber 4,28-031662252cff,25.75,T234,27C,off
12/15/2021 19:39:23,Chamber 4,28-031662252cff,25.75,T234,27C,off
12/15/2021 19:39:43,Chamber 4,28-031662252cff,25.75,T234,27C,off
12/15/2021 19:40:03,Chamber 4,28-031662252cff,25.75,T234,27C,off
12/15/2021 19:40:23,Chamber 4,28-031662252cff,25.75,T234,27C,off
12/15/2021 19:40:43,Chamber 4,28-031662252cff,25.75,T234,27C,off
12/15/2021 19:41:03,Chamber 4,28-031662252cff,25.75,T234,27C,off
12/15/2021 19:41:23,Chamber 4,28-031662252cff,25.75,T234,27C,off
12/15/2021 19:41:43,Chamber 4,28-031662252cff,25.75,T234,27C,off
12/15/2021 19:42:03,Chamber 4,28-031662252cff,25.75,T234,27C,off
12/15/2021 19:42:23,Chamber 4,28-031662252cff,25.75,T234,27C,off
12/15/2021 19:42:44,Chamber 4,28-031662252cff,25.75,T234,27C,off
12/15/2021 19:43:03,Chamber 4,28-031662252cff,25.75,T234,27C,off
12/15/2021 19:43:23,Chamber 4,28-031662252cff,25.75,T234,27C,off
12/15/2021 19:43:43,Chamber 4,28-031662252cff,25.75,T234,27C,off
12/15/2021 19:44:03,Chamber 4,28-031662252cff,25.75,T234,27C,off
12/15/2021 19:44:23,Chamber 4,28-031662252cff,25.75,T234,27C,off
12/15/2021 19:44:43,Chamber 4,28-031662252cff,25.75,T234,27C,off
12/15/2021 19:45:03,Chamber 4,28-031662252cff,25.75,T234,27C,off
12/15/2021 19:45:23,Chamber 4,28-031662252cff,25.75,T234,27C,off
12/15/2021 19:45:43,Chamber 4,28-031662252cff,25.75,T234,27C,off
12/15/2021 19:46:03,Chamber 4,28-031662252cff,25.75,T234,27C,off
12/15/2021 19:46:23,Chamber 4,28-031662252cff,25.75,T234,27C,off
12/15/2021 19:46:43,Chamber 4,28-031662252cff,25.75,T234,27C,off
12/15/2021 19:47:03,Chamber 4,28-031662252cff,25.75,T234,27C,off
12/15/2021 19:47:23,Chamber 4,28-031662252cff,25.75,T234,27C,off
12/15/2021 19:47:43,Chamber 4,28-031662252cff,25.75,T234,27C,off
12/15/2021 19:48:03,Chamber 4,28-031662252cff,25.75,T234,27C,off
12/15/2021 19:48:23,Chamber 4,28-031662252cff,25.75,T234,27C,off
12/15/2021 19:48:43,Chamber 4,28-031662252cff,25.75,T234,27C,off
12/15/2021 19:49:03,Chamber 4,28-031662252cff,25.75,T234,27C,off
12/15/2021 19:49:23,Chamber 4,28-031662252cff,25.75,T234,27C,off
12/15/2021 19:49:43,Chamber 4,28-031662252cff,25.75,T234,27C,off
12/15/2021 19:50:03,Chamber 4,28-031662252cff,25.75,T234,27C,off
12/15/2021 19:50:23,Chamber 4,28-031662252cff,25.75,T234,27C,off
12/15/2021 19:50:43,Chamber 4,28-031662252cff,25.75,T234,27C,off
12/15/2021 19:51:03,Chamber 4,28-031662252cff,25.75,T234,27C,off
12/15/2021 19:51:23,Chamber 4,28-031662252cff,25.75,T234,27C,off
12/15/2021 19:51:43,Chamber 4,28-031662252cff,25.75,T234,27C,off
12/15/2021 19:52:03,Chamber 4,28-031662252cff,25.75,T234,27C,off
12/15/2021 19:52:23,Chamber 4,28-031662252cff,25.75,T234,27C,off
12/15/2021 19:52:43,Chamber 4,28-031662252cff,25.75,T234,27C,off
12/15/2021 19:53:03,Chamber 4,28-031662252cff,25.75,T234,27C,off
12/15/2021 19:53:23,Chamber 4,28-031662252cff,25.812,T234,27C,off
12/15/2021 19:53:43,Chamber 4,28-031662252cff,25.75,T234,27C,off
12/15/2021 19:54:03,Chamber 4,28-031662252cff,25.75,T234,27C,off
12/15/2021 19:54:23,Chamber 4,28-031662252cff,25.812,T234,27C,off
12/15/2021 19:54:43,Chamber 4,28-031662252cff,25.75,T234,27C,off
12/15/2021 19:55:03,Chamber 4,28-031662252cff,25.75,T234,27C,off
12/15/2021 19:55:23,Chamber 4,28-031662252cff,25.75,T234,27C,off
12/15/2021 19:55:43,Chamber 4,28-031662252cff,25.75,T234,27C,off
12/15/2021 19:56:03,Chamber 4,28-031662252cff,25.75,T234,27C,off
12/15/2021 19:56:23,Chamber 4,28-031662252cff,25.75,T234,27C,off
12/15/2021 19:56:43,Chamber 4,28-031662252cff,25.75,T234,27C,off
12/15/2021 19:57:03,Chamber 4,28-031662252cff,25.75,T234,27C,off
12/15/2021 19:57:23,Chamber 4,28-031662252cff,25.75,T234,27C,off
12/15/2021 19:57:43,Chamber 4,28-031662252cff,25.75,T234,27C,off
12/15/2021 19:58:03,Chamber 4,28-031662252cff,25.75,T234,27C,off
12/15/2021 19:58:23,Chamber 4,28-031662252cff,25.75,T234,27C,off
12/15/2021 19:58:43,Chamber 4,28-031662252cff,25.75,T234,27C,off
12/15/2021 19:59:03,Chamber 4,28-031662252cff,25.75,T234,27C,off
12/15/2021 19:59:23,Chamber 4,28-031662252cff,25.75,T234,27C,off
12/15/2021 19:59:43,Chamber 4,28-031662252cff,25.75,T234,27C,off
12/15/2021 20:00:02,Chamber 4,28-031662252cff,25.75,T234,27C,off
12/15/2021 20:00:22,Chamber 4,28-031662252cff,25.75,T234,27C,off
12/15/2021 20:00:42,Chamber 4,28-031662252cff,25.75,T234,27C,off
12/15/2021 20:01:02,Chamber 4,28-031662252cff,25.75,T234,27C,off
12/15/2021 20:01:22,Chamber 4,28-031662252cff,25.75,T234,27C,off
12/15/2021 20:01:42,Chamber 4,28-031662252cff,25.75,T234,27C,off
12/15/2021 20:02:02,Chamber 4,28-031662252cff,25.75,T234,27C,off
12/15/2021 20:02:22,Chamber 4,28-031662252cff,25.75,T234,27C,off
12/15/2021 20:02:42,Chamber 4,28-031662252cff,25.75,T234,27C,off
12/15/2021 20:03:02,Chamber 4,28-031662252cff,25.75,T234,27C,off
12/15/2021 20:03:22,Chamber 4,28-031662252cff,25.75,T234,27C,off
12/15/2021 20:03:42,Chamber 4,28-031662252cff,25.75,T234,27C,off
12/15/2021 20:04:02,Chamber 4,28-031662252cff,25.75,T234,27C,off
12/15/2021 20:04:22,Chamber 4,28-031662252cff,25.75,T234,27C,off
12/15/2021 20:04:42,Chamber 4,28-031662252cff,25.75,T234,27C,off
12/15/2021 20:05:02,Chamber 4,28-031662252cff,25.75,T234,27C,off
12/15/2021 20:05:22,Chamber 4,28-031662252cff,25.75,T234,27C,off
12/15/2021 20:05:42,Chamber 4,28-031662252cff,25.75,T234,27C,off
12/15/2021 20:06:02,Chamber 4,28-031662252cff,25.75,T234,27C,off
12/15/2021 20:06:22,Chamber 4,28-031662252cff,25.75,T234,27C,off
12/15/2021 20:06:42,Chamber 4,28-031662252cff,25.75,T234,27C,off
12/15/2021 20:07:02,Chamber 4,28-031662252cff,25.75,T234,27C,off
12/15/2021 20:07:22,Chamber 4,28-031662252cff,25.75,T234,27C,off
12/15/2021 20:07:42,Chamber 4,28-031662252cff,25.75,T234,27C,off
12/15/2021 20:08:02,Chamber 4,28-031662252cff,25.75,T234,27C,off
12/15/2021 20:08:22,Chamber 4,28-031662252cff,25.75,T234,27C,off
12/15/2021 20:08:42,Chamber 4,28-031662252cff,25.75,T234,27C,off
12/15/2021 20:09:02,Chamber 4,28-031662252cff,25.75,T234,27C,off
12/15/2021 20:09:22,Chamber 4,28-031662252cff,25.75,T234,27C,off
12/15/2021 20:09:42,Chamber 4,28-031662252cff,25.75,T234,27C,off
12/15/2021 20:10:02,Chamber 4,28-031662252cff,25.75,T234,27C,off
12/15/2021 20:10:22,Chamber 4,28-031662252cff,25.75,T234,27C,off
12/15/2021 20:10:42,Chamber 4,28-031662252cff,25.75,T234,27C,off
12/15/2021 20:11:02,Chamber 4,28-031662252cff,25.75,T234,27C,off
12/15/2021 20:11:22,Chamber 4,28-031662252cff,25.75,T234,27C,off
12/15/2021 20:11:42,Chamber 4,28-031662252cff,25.75,T234,27C,off
12/15/2021 20:12:02,Chamber 4,28-031662252cff,25.75,T234,27C,off
12/15/2021 20:12:22,Chamber 4,28-031662252cff,25.75,T234,27C,off
12/15/2021 20:12:42,Chamber 4,28-031662252cff,25.75,T234,27C,off
12/15/2021 20:13:02,Chamber 4,28-031662252cff,25.75,T234,27C,off
12/15/2021 20:13:22,Chamber 4,28-031662252cff,25.75,T234,27C,off
12/15/2021 20:13:42,Chamber 4,28-031662252cff,25.75,T234,27C,off
12/15/2021 20:14:02,Chamber 4,28-031662252cff,25.75,T234,27C,off
12/15/2021 20:14:22,Chamber 4,28-031662252cff,25.75,T234,27C,off
12/15/2021 20:14:42,Chamber 4,28-031662252cff,25.75,T234,27C,off
12/15/2021 20:15:02,Chamber 4,28-031662252cff,25.75,T234,27C,off
12/15/2021 20:15:24,Chamber 4,28-031662252cff,25.75,T234,27C,off
12/15/2021 20:15:42,Chamber 4,28-031662252cff,25.75,T234,27C,off
12/15/2021 20:16:02,Chamber 4,28-031662252cff,25.75,T234,27C,off
12/15/2021 20:16:22,Chamber 4,28-031662252cff,25.75,T234,27C,off
12/15/2021 20:16:42,Chamber 4,28-031662252cff,25.75,T234,27C,off
12/15/2021 20:17:02,Chamber 4,28-031662252cff,25.75,T234,27C,off
12/15/2021 20:17:22,Chamber 4,28-031662252cff,25.75,T234,27C,off
12/15/2021 20:17:42,Chamber 4,28-031662252cff,25.75,T234,27C,off
12/15/2021 20:18:02,Chamber 4,28-031662252cff,25.75,T234,27C,off
12/15/2021 20:18:22,Chamber 4,28-031662252cff,25.75,T234,27C,off
12/15/2021 20:18:42,Chamber 4,28-031662252cff,25.75,T234,27C,off
12/15/2021 20:19:02,Chamber 4,28-031662252cff,25.75,T234,27C,off
12/15/2021 20:19:22,Chamber 4,28-031662252cff,25.75,T234,27C,off
12/15/2021 20:19:42,Chamber 4,28-031662252cff,25.75,T234,27C,off
12/15/2021 20:20:02,Chamber 4,28-031662252cff,25.75,T234,27C,off
12/15/2021 20:20:22,Chamber 4,28-031662252cff,25.75,T234,27C,off
12/15/2021 20:20:42,Chamber 4,28-031662252cff,25.75,T234,27C,off
12/15/2021 20:21:02,Chamber 4,28-031662252cff,25.75,T234,27C,off
12/15/2021 20:21:22,Chamber 4,28-031662252cff,25.75,T234,27C,off
12/15/2021 20:21:42,Chamber 4,28-031662252cff,25.75,T234,27C,off
12/15/2021 20:22:02,Chamber 4,28-031662252cff,25.75,T234,27C,off
12/15/2021 20:22:23,Chamber 4,28-031662252cff,25.75,T234,27C,off
12/15/2021 20:22:42,Chamber 4,28-031662252cff,25.75,T234,27C,off
12/15/2021 20:23:02,Chamber 4,28-031662252cff,25.75,T234,27C,off
12/15/2021 20:23:22,Chamber 4,28-031662252cff,25.75,T234,27C,off
12/15/2021 20:23:42,Chamber 4,28-031662252cff,25.75,T234,27C,off
12/15/2021 20:24:02,Chamber 4,28-031662252cff,25.75,T234,27C,off
12/15/2021 20:24:22,Chamber 4,28-031662252cff,25.75,T234,27C,off
12/15/2021 20:24:42,Chamber 4,28-031662252cff,25.75,T234,27C,off
12/15/2021 20:25:02,Chamber 4,28-031662252cff,25.75,T234,27C,off
12/15/2021 20:25:22,Chamber 4,28-031662252cff,25.75,T234,27C,off
12/15/2021 20:25:42,Chamber 4,28-031662252cff,25.75,T234,27C,off
12/15/2021 20:26:02,Chamber 4,28-031662252cff,25.75,T234,27C,off
12/15/2021 20:26:22,Chamber 4,28-031662252cff,25.75,T234,27C,off
12/15/2021 20:26:42,Chamber 4,28-031662252cff,25.75,T234,27C,off
12/15/2021 20:27:02,Chamber 4,28-031662252cff,25.75,T234,27C,off
12/15/2021 20:27:22,Chamber 4,28-031662252cff,25.75,T234,27C,off
12/15/2021 20:27:42,Chamber 4,28-031662252cff,25.75,T234,27C,off
12/15/2021 20:28:02,Chamber 4,28-031662252cff,25.75,T234,27C,off
12/15/2021 20:28:22,Chamber 4,28-031662252cff,25.75,T234,27C,off
12/15/2021 20:28:42,Chamber 4,28-031662252cff,25.75,T234,27C,off
12/15/2021 20:29:02,Chamber 4,28-031662252cff,25.75,T234,27C,off
12/15/2021 20:29:22,Chamber 4,28-031662252cff,25.75,T234,27C,off
12/15/2021 20:29:42,Chamber 4,28-031662252cff,25.75,T234,27C,off
12/15/2021 20:30:02,Chamber 4,28-031662252cff,25.75,T234,27C,off
12/15/2021 20:30:22,Chamber 4,28-031662252cff,25.75,T234,27C,off
12/15/2021 20:30:42,Chamber 4,28-031662252cff,25.75,T234,27C,off
12/15/2021 20:31:02,Chamber 4,28-031662252cff,25.75,T234,27C,off
12/15/2021 20:31:22,Chamber 4,28-031662252cff,25.75,T234,27C,off
12/15/2021 20:31:42,Chamber 4,28-031662252cff,25.75,T234,27C,off
12/15/2021 20:32:02,Chamber 4,28-031662252cff,25.75,T234,27C,off
12/15/2021 20:32:22,Chamber 4,28-031662252cff,25.75,T234,27C,off
12/15/2021 20:32:42,Chamber 4,28-031662252cff,25.75,T234,27C,off
12/15/2021 20:33:02,Chamber 4,28-031662252cff,25.75,T234,27C,off
12/15/2021 20:33:22,Chamber 4,28-031662252cff,25.75,T234,27C,off
12/15/2021 20:33:42,Chamber 4,28-031662252cff,25.75,T234,27C,off
12/15/2021 20:34:02,Chamber 4,28-031662252cff,25.75,T234,27C,off
12/15/2021 20:34:22,Chamber 4,28-031662252cff,25.75,T234,27C,off
12/15/2021 20:34:42,Chamber 4,28-031662252cff,25.75,T234,27C,off
12/15/2021 20:35:02,Chamber 4,28-031662252cff,25.75,T234,27C,off
12/15/2021 20:35:22,Chamber 4,28-031662252cff,25.75,T234,27C,off
12/15/2021 20:35:42,Chamber 4,28-031662252cff,25.75,T234,27C,off
12/15/2021 20:36:02,Chamber 4,28-031662252cff,25.75,T234,27C,off
12/15/2021 20:36:22,Chamber 4,28-031662252cff,25.75,T234,27C,off
12/15/2021 20:36:42,Chamber 4,28-031662252cff,25.75,T234,27C,off
12/15/2021 20:37:02,Chamber 4,28-031662252cff,25.75,T234,27C,off
12/15/2021 20:37:22,Chamber 4,28-031662252cff,25.75,T234,27C,off
12/15/2021 20:37:42,Chamber 4,28-031662252cff,25.75,T234,27C,off
12/15/2021 20:38:02,Chamber 4,28-031662252cff,25.75,T234,27C,off
12/15/2021 20:38:22,Chamber 4,28-031662252cff,25.75,T234,27C,off
12/15/2021 20:38:42,Chamber 4,28-031662252cff,25.75,T234,27C,off
12/15/2021 20:39:02,Chamber 4,28-031662252cff,25.75,T234,27C,off
12/15/2021 20:39:22,Chamber 4,28-031662252cff,25.75,T234,27C,off
12/15/2021 20:39:42,Chamber 4,28-031662252cff,25.75,T234,27C,off
12/15/2021 20:40:02,Chamber 4,28-031662252cff,25.75,T234,27C,off
12/15/2021 20:40:22,Chamber 4,28-031662252cff,25.75,T234,27C,off
12/15/2021 20:40:42,Chamber 4,28-031662252cff,25.75,T234,27C,off
12/15/2021 20:41:02,Chamber 4,28-031662252cff,25.75,T234,27C,off
12/15/2021 20:41:22,Chamber 4,28-031662252cff,25.75,T234,27C,off
12/15/2021 20:41:42,Chamber 4,28-031662252cff,25.75,T234,27C,off
12/15/2021 20:42:02,Chamber 4,28-031662252cff,25.75,T234,27C,off
12/15/2021 20:42:22,Chamber 4,28-031662252cff,25.75,T234,27C,off
12/15/2021 20:42:42,Chamber 4,28-031662252cff,25.75,T234,27C,off
12/15/2021 20:43:02,Chamber 4,28-031662252cff,25.75,T234,27C,off
12/15/2021 20:43:22,Chamber 4,28-031662252cff,25.75,T234,27C,off
12/15/2021 20:43:42,Chamber 4,28-031662252cff,25.75,T234,27C,off
12/15/2021 20:44:02,Chamber 4,28-031662252cff,25.75,T234,27C,off
12/15/2021 20:44:22,Chamber 4,28-031662252cff,25.75,T234,27C,off
12/15/2021 20:44:42,Chamber 4,28-031662252cff,25.75,T234,27C,off
12/15/2021 20:45:02,Chamber 4,28-031662252cff,25.75,T234,27C,off
12/15/2021 20:45:22,Chamber 4,28-031662252cff,25.75,T234,27C,off
12/15/2021 20:45:42,Chamber 4,28-031662252cff,25.75,T234,27C,off
12/15/2021 20:46:02,Chamber 4,28-031662252cff,25.75,T234,27C,off
12/15/2021 20:46:22,Chamber 4,28-031662252cff,25.75,T234,27C,off
12/15/2021 20:46:44,Chamber 4,28-031662252cff,25.75,T234,27C,off
12/15/2021 20:47:02,Chamber 4,28-031662252cff,25.75,T234,27C,off
12/15/2021 20:47:22,Chamber 4,28-031662252cff,25.75,T234,27C,off
12/15/2021 20:47:42,Chamber 4,28-031662252cff,25.75,T234,27C,off
12/15/2021 20:48:02,Chamber 4,28-031662252cff,25.75,T234,27C,off
12/15/2021 20:48:24,Chamber 4,28-031662252cff,25.75,T234,27C,off
12/15/2021 20:48:42,Chamber 4,28-031662252cff,25.75,T234,27C,off
12/15/2021 20:49:03,Chamber 4,28-031662252cff,25.75,T234,27C,off
12/15/2021 20:49:22,Chamber 4,28-031662252cff,25.75,T234,27C,off
12/15/2021 20:49:42,Chamber 4,28-031662252cff,25.75,T234,27C,off
12/15/2021 20:50:02,Chamber 4,28-031662252cff,25.75,T234,27C,off
12/15/2021 20:50:22,Chamber 4,28-031662252cff,25.75,T234,27C,off
12/15/2021 20:50:42,Chamber 4,28-031662252cff,25.75,T234,27C,off
12/15/2021 20:51:02,Chamber 4,28-031662252cff,25.75,T234,27C,off
12/15/2021 20:51:22,Chamber 4,28-031662252cff,25.75,T234,27C,off
12/15/2021 20:51:42,Chamber 4,28-031662252cff,25.75,T234,27C,off
12/15/2021 20:52:02,Chamber 4,28-031662252cff,25.75,T234,27C,off
12/15/2021 20:52:22,Chamber 4,28-031662252cff,25.75,T234,27C,off
12/15/2021 20:52:42,Chamber 4,28-031662252cff,25.75,T234,27C,off
12/15/2021 20:53:02,Chamber 4,28-031662252cff,25.75,T234,27C,off
12/15/2021 20:53:22,Chamber 4,28-031662252cff,25.75,T234,27C,off
12/15/2021 20:53:42,Chamber 4,28-031662252cff,25.75,T234,27C,off
12/15/2021 20:54:02,Chamber 4,28-031662252cff,25.75,T234,27C,off
12/15/2021 20:54:22,Chamber 4,28-031662252cff,25.75,T234,27C,off
12/15/2021 20:54:42,Chamber 4,28-031662252cff,25.75,T234,27C,off
12/15/2021 20:55:02,Chamber 4,28-031662252cff,25.75,T234,27C,off
12/15/2021 20:55:22,Chamber 4,28-031662252cff,25.75,T234,27C,off
12/15/2021 20:55:42,Chamber 4,28-031662252cff,25.75,T234,27C,off
12/15/2021 20:56:02,Chamber 4,28-031662252cff,25.75,T234,27C,off
12/15/2021 20:56:22,Chamber 4,28-031662252cff,25.75,T234,27C,off
12/15/2021 20:56:42,Chamber 4,28-031662252cff,25.75,T234,27C,off
12/15/2021 20:57:02,Chamber 4,28-031662252cff,25.75,T234,27C,off
12/15/2021 20:57:22,Chamber 4,28-031662252cff,25.75,T234,27C,off
12/15/2021 20:57:42,Chamber 4,28-031662252cff,25.75,T234,27C,off
12/15/2021 20:58:02,Chamber 4,28-031662252cff,25.75,T234,27C,off
12/15/2021 20:58:22,Chamber 4,28-031662252cff,25.75,T234,27C,off
12/15/2021 20:58:42,Chamber 4,28-031662252cff,25.75,T234,27C,off
12/15/2021 20:59:02,Chamber 4,28-031662252cff,25.75,T234,27C,off
12/15/2021 20:59:22,Chamber 4,28-031662252cff,25.75,T234,27C,off
12/15/2021 20:59:42,Chamber 4,28-031662252cff,25.75,T234,27C,off
12/15/2021 21:00:03,Chamber 4,28-031662252cff,25.75,T234,27C,off
12/15/2021 21:00:23,Chamber 4,28-031662252cff,25.75,T234,27C,off
12/15/2021 21:00:43,Chamber 4,28-031662252cff,25.75,T234,27C,off
12/15/2021 21:01:03,Chamber 4,28-031662252cff,25.75,T234,27C,off
12/15/2021 21:01:23,Chamber 4,28-031662252cff,25.75,T234,27C,off
12/15/2021 21:01:43,Chamber 4,28-031662252cff,25.75,T234,27C,off
12/15/2021 21:02:03,Chamber 4,28-031662252cff,25.75,T234,27C,off
12/15/2021 21:02:23,Chamber 4,28-031662252cff,25.75,T234,27C,off
12/15/2021 21:02:43,Chamber 4,28-031662252cff,25.75,T234,27C,off
12/15/2021 21:03:03,Chamber 4,28-031662252cff,25.75,T234,27C,off
12/15/2021 21:03:23,Chamber 4,28-031662252cff,25.75,T234,27C,off
12/15/2021 21:03:43,Chamber 4,28-031662252cff,25.75,T234,27C,off
12/15/2021 21:04:03,Chamber 4,28-031662252cff,25.75,T234,27C,off
12/15/2021 21:04:23,Chamber 4,28-031662252cff,25.75,T234,27C,off
12/15/2021 21:04:43,Chamber 4,28-031662252cff,25.75,T234,27C,off
12/15/2021 21:05:03,Chamber 4,28-031662252cff,25.75,T234,27C,off
12/15/2021 21:05:23,Chamber 4,28-031662252cff,25.75,T234,27C,off
12/15/2021 21:05:43,Chamber 4,28-031662252cff,25.75,T234,27C,off
12/15/2021 21:06:03,Chamber 4,28-031662252cff,25.75,T234,27C,off
12/15/2021 21:06:23,Chamber 4,28-031662252cff,25.75,T234,27C,off
12/15/2021 21:06:43,Chamber 4,28-031662252cff,25.75,T234,27C,off
12/15/2021 21:07:03,Chamber 4,28-031662252cff,25.75,T234,27C,off
12/15/2021 21:07:23,Chamber 4,28-031662252cff,25.75,T234,27C,off
12/15/2021 21:07:43,Chamber 4,28-031662252cff,25.75,T234,27C,off
12/15/2021 21:08:03,Chamber 4,28-031662252cff,25.75,T234,27C,off
12/15/2021 21:08:23,Chamber 4,28-031662252cff,25.75,T234,27C,off
12/15/2021 21:08:44,Chamber 4,28-031662252cff,25.75,T234,27C,off
12/15/2021 21:09:03,Chamber 4,28-031662252cff,25.75,T234,27C,off
12/15/2021 21:09:23,Chamber 4,28-031662252cff,25.75,T234,27C,off
12/15/2021 21:09:43,Chamber 4,28-031662252cff,25.75,T234,27C,off
12/15/2021 21:10:03,Chamber 4,28-031662252cff,25.75,T234,27C,off
12/15/2021 21:10:23,Chamber 4,28-031662252cff,25.75,T234,27C,off
12/15/2021 21:10:43,Chamber 4,28-031662252cff,25.75,T234,27C,off
12/15/2021 21:11:03,Chamber 4,28-031662252cff,25.75,T234,27C,off
12/15/2021 21:11:23,Chamber 4,28-031662252cff,25.75,T234,27C,off
12/15/2021 21:11:43,Chamber 4,28-031662252cff,25.75,T234,27C,off
12/15/2021 21:12:03,Chamber 4,28-031662252cff,25.75,T234,27C,off
12/15/2021 21:12:23,Chamber 4,28-031662252cff,25.75,T234,27C,off
12/15/2021 21:12:43,Chamber 4,28-031662252cff,25.75,T234,27C,off
12/15/2021 21:13:03,Chamber 4,28-031662252cff,25.75,T234,27C,off
12/15/2021 21:13:23,Chamber 4,28-031662252cff,25.75,T234,27C,off
12/15/2021 21:13:43,Chamber 4,28-031662252cff,25.75,T234,27C,off
12/15/2021 21:14:03,Chamber 4,28-031662252cff,25.75,T234,27C,off
12/15/2021 21:14:23,Chamber 4,28-031662252cff,25.75,T234,27C,off
12/15/2021 21:14:43,Chamber 4,28-031662252cff,25.75,T234,27C,off
12/15/2021 21:15:03,Chamber 4,28-031662252cff,25.75,T234,27C,off
12/15/2021 21:15:23,Chamber 4,28-031662252cff,25.75,T234,27C,off
12/15/2021 21:15:43,Chamber 4,28-031662252cff,25.75,T234,27C,off
12/15/2021 21:16:03,Chamber 4,28-031662252cff,25.75,T234,27C,off
12/15/2021 21:16:23,Chamber 4,28-031662252cff,25.75,T234,27C,off
12/15/2021 21:16:43,Chamber 4,28-031662252cff,25.75,T234,27C,off
12/15/2021 21:17:03,Chamber 4,28-031662252cff,25.75,T234,27C,off
12/15/2021 21:17:23,Chamber 4,28-031662252cff,25.75,T234,27C,off
12/15/2021 21:17:43,Chamber 4,28-031662252cff,25.75,T234,27C,off
12/15/2021 21:18:03,Chamber 4,28-031662252cff,25.75,T234,27C,off
12/15/2021 21:18:23,Chamber 4,28-031662252cff,25.75,T234,27C,off
12/15/2021 21:18:44,Chamber 4,28-031662252cff,25.75,T234,27C,off
12/15/2021 21:19:03,Chamber 4,28-031662252cff,25.75,T234,27C,off
12/15/2021 21:19:23,Chamber 4,28-031662252cff,25.75,T234,27C,off
12/15/2021 21:19:43,Chamber 4,28-031662252cff,25.75,T234,27C,off
12/15/2021 21:20:03,Chamber 4,28-031662252cff,25.75,T234,27C,off
12/15/2021 21:20:23,Chamber 4,28-031662252cff,25.75,T234,27C,off
12/15/2021 21:20:43,Chamber 4,28-031662252cff,25.75,T234,27C,off
12/15/2021 21:21:03,Chamber 4,28-031662252cff,25.75,T234,27C,off
12/15/2021 21:21:23,Chamber 4,28-031662252cff,25.75,T234,27C,off
12/15/2021 21:21:43,Chamber 4,28-031662252cff,25.75,T234,27C,off
12/15/2021 21:22:03,Chamber 4,28-031662252cff,25.75,T234,27C,off
12/15/2021 21:22:23,Chamber 4,28-031662252cff,25.75,T234,27C,off
12/15/2021 21:22:43,Chamber 4,28-031662252cff,25.75,T234,27C,off
12/15/2021 21:23:03,Chamber 4,28-031662252cff,25.75,T234,27C,off
12/15/2021 21:23:23,Chamber 4,28-031662252cff,25.75,T234,27C,off
12/15/2021 21:23:43,Chamber 4,28-031662252cff,25.75,T234,27C,off
12/15/2021 21:24:03,Chamber 4,28-031662252cff,25.75,T234,27C,off
12/15/2021 21:24:23,Chamber 4,28-031662252cff,25.75,T234,27C,off
12/15/2021 21:24:43,Chamber 4,28-031662252cff,25.75,T234,27C,off
12/15/2021 21:25:03,Chamber 4,28-031662252cff,25.75,T234,27C,off
12/15/2021 21:25:23,Chamber 4,28-031662252cff,25.75,T234,27C,off
12/15/2021 21:25:43,Chamber 4,28-031662252cff,25.75,T234,27C,off
12/15/2021 21:26:03,Chamber 4,28-031662252cff,25.75,T234,27C,off
12/15/2021 21:26:23,Chamber 4,28-031662252cff,25.75,T234,27C,off
12/15/2021 21:26:43,Chamber 4,28-031662252cff,25.75,T234,27C,off
12/15/2021 21:27:03,Chamber 4,28-031662252cff,25.75,T234,27C,off
12/15/2021 21:27:23,Chamber 4,28-031662252cff,25.75,T234,27C,off
12/15/2021 21:27:43,Chamber 4,28-031662252cff,25.75,T234,27C,off
12/15/2021 21:28:03,Chamber 4,28-031662252cff,25.75,T234,27C,off
12/15/2021 21:28:23,Chamber 4,28-031662252cff,25.75,T234,27C,off
12/15/2021 21:28:43,Chamber 4,28-031662252cff,25.75,T234,27C,off
12/15/2021 21:29:04,Chamber 4,28-031662252cff,25.75,T234,27C,off
12/15/2021 21:29:23,Chamber 4,28-031662252cff,25.75,T234,27C,off
12/15/2021 21:29:43,Chamber 4,28-031662252cff,25.75,T234,27C,off
12/15/2021 21:30:03,Chamber 4,28-031662252cff,25.75,T234,27C,off
12/15/2021 21:30:23,Chamber 4,28-031662252cff,25.75,T234,27C,off
12/15/2021 21:30:43,Chamber 4,28-031662252cff,25.75,T234,27C,off
12/15/2021 21:31:03,Chamber 4,28-031662252cff,25.75,T234,27C,off
12/15/2021 21:31:23,Chamber 4,28-031662252cff,25.75,T234,27C,off
12/15/2021 21:31:43,Chamber 4,28-031662252cff,25.75,T234,27C,off
12/15/2021 21:32:03,Chamber 4,28-031662252cff,25.75,T234,27C,off
12/15/2021 21:32:23,Chamber 4,28-031662252cff,25.75,T234,27C,off
12/15/2021 21:32:43,Chamber 4,28-031662252cff,25.75,T234,27C,off
12/15/2021 21:33:03,Chamber 4,28-031662252cff,25.75,T234,27C,off
12/15/2021 21:33:23,Chamber 4,28-031662252cff,25.75,T234,27C,off
12/15/2021 21:33:43,Chamber 4,28-031662252cff,25.75,T234,27C,off
12/15/2021 21:34:03,Chamber 4,28-031662252cff,25.75,T234,27C,off
12/15/2021 21:34:23,Chamber 4,28-031662252cff,25.75,T234,27C,off
12/15/2021 21:34:43,Chamber 4,28-031662252cff,25.75,T234,27C,off
12/15/2021 21:35:03,Chamber 4,28-031662252cff,25.75,T234,27C,off
12/15/2021 21:35:23,Chamber 4,28-031662252cff,25.75,T234,27C,off
12/15/2021 21:35:43,Chamber 4,28-031662252cff,25.75,T234,27C,off
12/15/2021 21:36:03,Chamber 4,28-031662252cff,25.75,T234,27C,off
12/15/2021 21:36:23,Chamber 4,28-031662252cff,25.75,T234,27C,off
12/15/2021 21:36:44,Chamber 4,28-031662252cff,25.75,T234,27C,off
12/15/2021 21:37:03,Chamber 4,28-031662252cff,25.75,T234,27C,off
12/15/2021 21:37:23,Chamber 4,28-031662252cff,25.75,T234,27C,off
12/15/2021 21:37:43,Chamber 4,28-031662252cff,25.75,T234,27C,off
12/15/2021 21:38:03,Chamber 4,28-031662252cff,25.75,T234,27C,off
12/15/2021 21:38:23,Chamber 4,28-031662252cff,25.75,T234,27C,off
12/15/2021 21:38:43,Chamber 4,28-031662252cff,25.75,T234,27C,off
12/15/2021 21:39:03,Chamber 4,28-031662252cff,25.75,T234,27C,off
12/15/2021 21:39:23,Chamber 4,28-031662252cff,25.75,T234,27C,off
12/15/2021 21:39:43,Chamber 4,28-031662252cff,25.75,T234,27C,off
12/15/2021 21:40:03,Chamber 4,28-031662252cff,25.75,T234,27C,off
12/15/2021 21:40:23,Chamber 4,28-031662252cff,25.75,T234,27C,off
12/15/2021 21:40:43,Chamber 4,28-031662252cff,25.75,T234,27C,off
12/15/2021 21:41:03,Chamber 4,28-031662252cff,25.75,T234,27C,off
12/15/2021 21:41:23,Chamber 4,28-031662252cff,25.75,T234,27C,off
12/15/2021 21:41:43,Chamber 4,28-031662252cff,25.75,T234,27C,off
12/15/2021 21:42:03,Chamber 4,28-031662252cff,25.75,T234,27C,off
12/15/2021 21:42:23,Chamber 4,28-031662252cff,25.75,T234,27C,off
12/15/2021 21:42:43,Chamber 4,28-031662252cff,25.75,T234,27C,off
12/15/2021 21:43:03,Chamber 4,28-031662252cff,25.75,T234,27C,off
12/15/2021 21:43:23,Chamber 4,28-031662252cff,25.75,T234,27C,off
12/15/2021 21:43:43,Chamber 4,28-031662252cff,25.75,T234,27C,off
12/15/2021 21:44:03,Chamber 4,28-031662252cff,25.687,T234,27C,off
12/15/2021 21:44:23,Chamber 4,28-031662252cff,25.75,T234,27C,off
12/15/2021 21:44:43,Chamber 4,28-031662252cff,25.75,T234,27C,off
12/15/2021 21:45:03,Chamber 4,28-031662252cff,25.687,T234,27C,off
12/15/2021 21:45:23,Chamber 4,28-031662252cff,25.75,T234,27C,off
12/15/2021 21:45:43,Chamber 4,28-031662252cff,25.75,T234,27C,off
12/15/2021 21:46:03,Chamber 4,28-031662252cff,25.75,T234,27C,off
12/15/2021 21:46:23,Chamber 4,28-031662252cff,25.75,T234,27C,off
12/15/2021 21:46:43,Chamber 4,28-031662252cff,25.75,T234,27C,off
12/15/2021 21:47:03,Chamber 4,28-031662252cff,25.75,T234,27C,off
12/15/2021 21:47:23,Chamber 4,28-031662252cff,25.75,T234,27C,off
12/15/2021 21:47:43,Chamber 4,28-031662252cff,25.75,T234,27C,off
12/15/2021 21:48:03,Chamber 4,28-031662252cff,25.75,T234,27C,off
12/15/2021 21:48:23,Chamber 4,28-031662252cff,25.75,T234,27C,off
12/15/2021 21:48:43,Chamber 4,28-031662252cff,25.75,T234,27C,off
12/15/2021 21:49:03,Chamber 4,28-031662252cff,25.75,T234,27C,off
12/15/2021 21:49:23,Chamber 4,28-031662252cff,25.75,T234,27C,off
12/15/2021 21:49:43,Chamber 4,28-031662252cff,25.75,T234,27C,off
12/15/2021 21:50:03,Chamber 4,28-031662252cff,25.75,T234,27C,off
12/15/2021 21:50:23,Chamber 4,28-031662252cff,25.75,T234,27C,off
12/15/2021 21:50:43,Chamber 4,28-031662252cff,25.75,T234,27C,off
12/15/2021 21:51:03,Chamber 4,28-031662252cff,25.75,T234,27C,off
12/15/2021 21:51:23,Chamber 4,28-031662252cff,25.75,T234,27C,off
12/15/2021 21:51:43,Chamber 4,28-031662252cff,25.75,T234,27C,off
12/15/2021 21:52:03,Chamber 4,28-031662252cff,25.75,T234,27C,off
12/15/2021 21:52:23,Chamber 4,28-031662252cff,25.687,T234,27C,off
12/15/2021 21:52:43,Chamber 4,28-031662252cff,25.75,T234,27C,off
12/15/2021 21:53:03,Chamber 4,28-031662252cff,25.75,T234,27C,off
12/15/2021 21:53:23,Chamber 4,28-031662252cff,25.75,T234,27C,off
12/15/2021 21:53:43,Chamber 4,28-031662252cff,25.75,T234,27C,off
12/15/2021 21:54:03,Chamber 4,28-031662252cff,25.75,T234,27C,off
12/15/2021 21:54:23,Chamber 4,28-031662252cff,25.75,T234,27C,off
12/15/2021 21:54:43,Chamber 4,28-031662252cff,25.687,T234,27C,off
12/15/2021 21:55:04,Chamber 4,28-031662252cff,25.75,T234,27C,off
12/15/2021 21:55:23,Chamber 4,28-031662252cff,25.687,T234,27C,off
12/15/2021 21:55:43,Chamber 4,28-031662252cff,25.75,T234,27C,off
12/15/2021 21:56:03,Chamber 4,28-031662252cff,25.687,T234,27C,off
12/15/2021 21:56:23,Chamber 4,28-031662252cff,25.687,T234,27C,off
12/15/2021 21:56:43,Chamber 4,28-031662252cff,25.687,T234,27C,off
12/15/2021 21:57:03,Chamber 4,28-031662252cff,25.687,T234,27C,off
12/15/2021 21:57:23,Chamber 4,28-031662252cff,25.687,T234,27C,off
12/15/2021 21:57:43,Chamber 4,28-031662252cff,25.687,T234,27C,off
12/15/2021 21:58:03,Chamber 4,28-031662252cff,25.687,T234,27C,off
12/15/2021 21:58:23,Chamber 4,28-031662252cff,25.687,T234,27C,off
12/15/2021 21:58:43,Chamber 4,28-031662252cff,25.687,T234,27C,off
12/15/2021 21:59:03,Chamber 4,28-031662252cff,25.687,T234,27C,off
12/15/2021 21:59:23,Chamber 4,28-031662252cff,25.687,T234,27C,off
12/15/2021 21:59:43,Chamber 4,28-031662252cff,25.687,T234,27C,off
12/15/2021 22:00:02,Chamber 4,28-031662252cff,25.687,T234,27C,off
12/15/2021 22:00:22,Chamber 4,28-031662252cff,25.687,T234,27C,off
12/15/2021 22:00:42,Chamber 4,28-031662252cff,25.687,T234,27C,off
12/15/2021 22:01:02,Chamber 4,28-031662252cff,25.687,T234,27C,off
12/15/2021 22:01:22,Chamber 4,28-031662252cff,25.687,T234,27C,off
12/15/2021 22:01:42,Chamber 4,28-031662252cff,25.687,T234,27C,off
12/15/2021 22:02:02,Chamber 4,28-031662252cff,25.687,T234,27C,off
12/15/2021 22:02:22,Chamber 4,28-031662252cff,25.687,T234,27C,off
12/15/2021 22:02:42,Chamber 4,28-031662252cff,25.687,T234,27C,off
12/15/2021 22:03:02,Chamber 4,28-031662252cff,25.687,T234,27C,off
12/15/2021 22:03:22,Chamber 4,28-031662252cff,25.687,T234,27C,off
12/15/2021 22:03:42,Chamber 4,28-031662252cff,25.687,T234,27C,off
12/15/2021 22:04:02,Chamber 4,28-031662252cff,25.687,T234,27C,off
12/15/2021 22:04:22,Chamber 4,28-031662252cff,25.687,T234,27C,off
12/15/2021 22:04:42,Chamber 4,28-031662252cff,25.687,T234,27C,off
12/15/2021 22:05:02,Chamber 4,28-031662252cff,25.687,T234,27C,off
12/15/2021 22:05:22,Chamber 4,28-031662252cff,25.687,T234,27C,off
12/15/2021 22:05:42,Chamber 4,28-031662252cff,25.687,T234,27C,off
12/15/2021 22:06:02,Chamber 4,28-031662252cff,25.687,T234,27C,off
12/15/2021 22:06:22,Chamber 4,28-031662252cff,25.687,T234,27C,off
12/15/2021 22:06:42,Chamber 4,28-031662252cff,25.687,T234,27C,off
12/15/2021 22:07:02,Chamber 4,28-031662252cff,25.687,T234,27C,off
12/15/2021 22:07:22,Chamber 4,28-031662252cff,25.687,T234,27C,off
12/15/2021 22:07:42,Chamber 4,28-031662252cff,25.687,T234,27C,off
12/15/2021 22:08:02,Chamber 4,28-031662252cff,25.687,T234,27C,off
12/15/2021 22:08:22,Chamber 4,28-031662252cff,25.687,T234,27C,off
12/15/2021 22:08:42,Chamber 4,28-031662252cff,25.687,T234,27C,off
12/15/2021 22:09:02,Chamber 4,28-031662252cff,25.687,T234,27C,off
12/15/2021 22:09:22,Chamber 4,28-031662252cff,25.687,T234,27C,off
12/15/2021 22:09:42,Chamber 4,28-031662252cff,25.687,T234,27C,off
12/15/2021 22:10:03,Chamber 4,28-031662252cff,25.687,T234,27C,off
12/15/2021 22:10:22,Chamber 4,28-031662252cff,25.687,T234,27C,off
12/15/2021 22:10:42,Chamber 4,28-031662252cff,25.687,T234,27C,off
12/15/2021 22:11:02,Chamber 4,28-031662252cff,25.687,T234,27C,off
12/15/2021 22:11:22,Chamber 4,28-031662252cff,25.687,T234,27C,off
12/15/2021 22:11:42,Chamber 4,28-031662252cff,25.687,T234,27C,off
12/15/2021 22:12:02,Chamber 4,28-031662252cff,25.687,T234,27C,off
12/15/2021 22:12:22,Chamber 4,28-031662252cff,25.687,T234,27C,off
12/15/2021 22:12:42,Chamber 4,28-031662252cff,25.687,T234,27C,off
12/15/2021 22:13:02,Chamber 4,28-031662252cff,25.687,T234,27C,off
12/15/2021 22:13:22,Chamber 4,28-031662252cff,25.687,T234,27C,off
12/15/2021 22:13:42,Chamber 4,28-031662252cff,25.687,T234,27C,off
12/15/2021 22:14:02,Chamber 4,28-031662252cff,25.687,T234,27C,off
12/15/2021 22:14:24,Chamber 4,28-031662252cff,25.687,T234,27C,off
12/15/2021 22:14:42,Chamber 4,28-031662252cff,25.687,T234,27C,off
12/15/2021 22:15:02,Chamber 4,28-031662252cff,25.687,T234,27C,off
12/15/2021 22:15:22,Chamber 4,28-031662252cff,25.687,T234,27C,off
12/15/2021 22:15:42,Chamber 4,28-031662252cff,25.687,T234,27C,off
12/15/2021 22:16:02,Chamber 4,28-031662252cff,25.687,T234,27C,off
12/15/2021 22:16:22,Chamber 4,28-031662252cff,25.687,T234,27C,off
12/15/2021 22:16:42,Chamber 4,28-031662252cff,25.687,T234,27C,off
12/15/2021 22:17:02,Chamber 4,28-031662252cff,25.687,T234,27C,off
12/15/2021 22:17:22,Chamber 4,28-031662252cff,25.687,T234,27C,off
12/15/2021 22:17:42,Chamber 4,28-031662252cff,25.687,T234,27C,off
12/15/2021 22:18:02,Chamber 4,28-031662252cff,25.687,T234,27C,off
12/15/2021 22:18:22,Chamber 4,28-031662252cff,25.687,T234,27C,off
12/15/2021 22:18:42,Chamber 4,28-031662252cff,25.687,T234,27C,off
12/15/2021 22:19:02,Chamber 4,28-031662252cff,25.687,T234,27C,off
12/15/2021 22:19:23,Chamber 4,28-031662252cff,25.687,T234,27C,off
12/15/2021 22:19:42,Chamber 4,28-031662252cff,25.687,T234,27C,off
12/15/2021 22:20:02,Chamber 4,28-031662252cff,25.687,T234,27C,off
12/15/2021 22:20:22,Chamber 4,28-031662252cff,25.687,T234,27C,off
12/15/2021 22:20:43,Chamber 4,28-031662252cff,25.687,T234,27C,off
12/15/2021 22:21:02,Chamber 4,28-031662252cff,25.687,T234,27C,off
12/15/2021 22:21:22,Chamber 4,28-031662252cff,25.687,T234,27C,off
12/15/2021 22:21:42,Chamber 4,28-031662252cff,25.687,T234,27C,off
12/15/2021 22:22:02,Chamber 4,28-031662252cff,25.687,T234,27C,off
12/15/2021 22:22:22,Chamber 4,28-031662252cff,25.687,T234,27C,off
12/15/2021 22:22:42,Chamber 4,28-031662252cff,25.625,T234,27C,off
12/15/2021 22:23:02,Chamber 4,28-031662252cff,25.687,T234,27C,off
12/15/2021 22:23:22,Chamber 4,28-031662252cff,25.687,T234,27C,off
12/15/2021 22:23:42,Chamber 4,28-031662252cff,25.687,T234,27C,off
12/15/2021 22:24:02,Chamber 4,28-031662252cff,25.687,T234,27C,off
12/15/2021 22:24:22,Chamber 4,28-031662252cff,25.625,T234,27C,off
12/15/2021 22:24:42,Chamber 4,28-031662252cff,25.687,T234,27C,off
12/15/2021 22:25:02,Chamber 4,28-031662252cff,25.625,T234,27C,off
12/15/2021 22:25:22,Chamber 4,28-031662252cff,25.687,T234,27C,off
12/15/2021 22:25:42,Chamber 4,28-031662252cff,25.687,T234,27C,off
12/15/2021 22:26:02,Chamber 4,28-031662252cff,25.687,T234,27C,off
12/15/2021 22:26:22,Chamber 4,28-031662252cff,25.687,T234,27C,off
12/15/2021 22:26:42,Chamber 4,28-031662252cff,25.687,T234,27C,off
12/15/2021 22:27:02,Chamber 4,28-031662252cff,25.687,T234,27C,off
12/15/2021 22:27:22,Chamber 4,28-031662252cff,25.687,T234,27C,off
12/15/2021 22:27:42,Chamber 4,28-031662252cff,25.687,T234,27C,off
12/15/2021 22:28:02,Chamber 4,28-031662252cff,25.687,T234,27C,off
12/15/2021 22:28:23,Chamber 4,28-031662252cff,25.687,T234,27C,off
12/15/2021 22:28:42,Chamber 4,28-031662252cff,25.625,T234,27C,off
12/15/2021 22:29:02,Chamber 4,28-031662252cff,25.687,T234,27C,off
12/15/2021 22:29:22,Chamber 4,28-031662252cff,25.687,T234,27C,off
12/15/2021 22:29:42,Chamber 4,28-031662252cff,25.687,T234,27C,off
12/15/2021 22:30:02,Chamber 4,28-031662252cff,25.687,T234,27C,off
12/15/2021 22:30:22,Chamber 4,28-031662252cff,25.687,T234,27C,off
12/15/2021 22:30:42,Chamber 4,28-031662252cff,25.687,T234,27C,off
12/15/2021 22:31:02,Chamber 4,28-031662252cff,25.687,T234,27C,off
12/15/2021 22:31:22,Chamber 4,28-031662252cff,25.687,T234,27C,off
12/15/2021 22:31:42,Chamber 4,28-031662252cff,25.687,T234,27C,off
12/15/2021 22:32:02,Chamber 4,28-031662252cff,25.687,T234,27C,off
12/15/2021 22:32:22,Chamber 4,28-031662252cff,25.687,T234,27C,off
12/15/2021 22:32:42,Chamber 4,28-031662252cff,25.687,T234,27C,off
12/15/2021 22:33:02,Chamber 4,28-031662252cff,25.687,T234,27C,off
12/15/2021 22:33:22,Chamber 4,28-031662252cff,25.687,T234,27C,off
12/15/2021 22:33:42,Chamber 4,28-031662252cff,25.687,T234,27C,off
12/15/2021 22:34:02,Chamber 4,28-031662252cff,25.687,T234,27C,off
12/15/2021 22:34:22,Chamber 4,28-031662252cff,25.687,T234,27C,off
12/15/2021 22:34:42,Chamber 4,28-031662252cff,25.687,T234,27C,off
12/15/2021 22:35:02,Chamber 4,28-031662252cff,25.687,T234,27C,off
12/15/2021 22:35:22,Chamber 4,28-031662252cff,25.687,T234,27C,off
12/15/2021 22:35:42,Chamber 4,28-031662252cff,25.687,T234,27C,off
12/15/2021 22:36:02,Chamber 4,28-031662252cff,25.687,T234,27C,off
12/15/2021 22:36:22,Chamber 4,28-031662252cff,25.687,T234,27C,off
12/15/2021 22:36:42,Chamber 4,28-031662252cff,25.687,T234,27C,off
12/15/2021 22:37:02,Chamber 4,28-031662252cff,25.687,T234,27C,off
12/15/2021 22:37:22,Chamber 4,28-031662252cff,25.687,T234,27C,off
12/15/2021 22:37:42,Chamber 4,28-031662252cff,25.687,T234,27C,off
12/15/2021 22:38:02,Chamber 4,28-031662252cff,25.687,T234,27C,off
12/15/2021 22:38:22,Chamber 4,28-031662252cff,25.687,T234,27C,off
12/15/2021 22:38:42,Chamber 4,28-031662252cff,25.687,T234,27C,off
12/15/2021 22:39:02,Chamber 4,28-031662252cff,25.687,T234,27C,off
12/15/2021 22:39:22,Chamber 4,28-031662252cff,25.687,T234,27C,off
12/15/2021 22:39:42,Chamber 4,28-031662252cff,25.687,T234,27C,off
12/15/2021 22:40:02,Chamber 4,28-031662252cff,25.687,T234,27C,off
12/15/2021 22:40:22,Chamber 4,28-031662252cff,25.687,T234,27C,off
12/15/2021 22:40:42,Chamber 4,28-031662252cff,25.687,T234,27C,off
12/15/2021 22:41:02,Chamber 4,28-031662252cff,25.687,T234,27C,off
12/15/2021 22:41:22,Chamber 4,28-031662252cff,25.687,T234,27C,off
12/15/2021 22:41:42,Chamber 4,28-031662252cff,25.687,T234,27C,off
12/15/2021 22:42:02,Chamber 4,28-031662252cff,25.687,T234,27C,off
12/15/2021 22:42:22,Chamber 4,28-031662252cff,25.687,T234,27C,off
12/15/2021 22:42:42,Chamber 4,28-031662252cff,25.687,T234,27C,off
12/15/2021 22:43:02,Chamber 4,28-031662252cff,25.687,T234,27C,off
12/15/2021 22:43:22,Chamber 4,28-031662252cff,25.687,T234,27C,off
12/15/2021 22:43:42,Chamber 4,28-031662252cff,25.687,T234,27C,off
12/15/2021 22:44:02,Chamber 4,28-031662252cff,25.687,T234,27C,off
12/15/2021 22:44:22,Chamber 4,28-031662252cff,25.687,T234,27C,off
12/15/2021 22:44:42,Chamber 4,28-031662252cff,25.687,T234,27C,off
12/15/2021 22:45:02,Chamber 4,28-031662252cff,25.687,T234,27C,off
12/15/2021 22:45:22,Chamber 4,28-031662252cff,25.687,T234,27C,off
12/15/2021 22:45:42,Chamber 4,28-031662252cff,25.687,T234,27C,off
12/15/2021 22:46:02,Chamber 4,28-031662252cff,25.687,T234,27C,off
12/15/2021 22:46:22,Chamber 4,28-031662252cff,25.687,T234,27C,off
12/15/2021 22:46:42,Chamber 4,28-031662252cff,25.687,T234,27C,off
12/15/2021 22:47:02,Chamber 4,28-031662252cff,25.687,T234,27C,off
12/15/2021 22:47:22,Chamber 4,28-031662252cff,25.687,T234,27C,off
12/15/2021 22:47:42,Chamber 4,28-031662252cff,25.687,T234,27C,off
12/15/2021 22:48:02,Chamber 4,28-031662252cff,25.687,T234,27C,off
12/15/2021 22:48:22,Chamber 4,28-031662252cff,25.687,T234,27C,off
12/15/2021 22:48:42,Chamber 4,28-031662252cff,25.687,T234,27C,off
12/15/2021 22:49:02,Chamber 4,28-031662252cff,25.687,T234,27C,off
12/15/2021 22:49:22,Chamber 4,28-031662252cff,25.687,T234,27C,off
12/15/2021 22:49:42,Chamber 4,28-031662252cff,25.687,T234,27C,off
12/15/2021 22:50:02,Chamber 4,28-031662252cff,25.687,T234,27C,off
12/15/2021 22:50:22,Chamber 4,28-031662252cff,25.687,T234,27C,off
12/15/2021 22:50:43,Chamber 4,28-031662252cff,25.687,T234,27C,off
12/15/2021 22:51:05,Chamber 4,28-031662252cff,25.687,T234,27C,off
12/15/2021 22:51:22,Chamber 4,28-031662252cff,25.687,T234,27C,off
12/15/2021 22:51:42,Chamber 4,28-031662252cff,25.687,T234,27C,off
12/15/2021 22:52:02,Chamber 4,28-031662252cff,25.687,T234,27C,off
12/15/2021 22:52:22,Chamber 4,28-031662252cff,25.687,T234,27C,off
12/15/2021 22:52:42,Chamber 4,28-031662252cff,25.687,T234,27C,off
12/15/2021 22:53:02,Chamber 4,28-031662252cff,25.687,T234,27C,off
12/15/2021 22:53:22,Chamber 4,28-031662252cff,25.687,T234,27C,off
12/15/2021 22:53:42,Chamber 4,28-031662252cff,25.687,T234,27C,off
12/15/2021 22:54:02,Chamber 4,28-031662252cff,25.687,T234,27C,off
12/15/2021 22:54:22,Chamber 4,28-031662252cff,25.687,T234,27C,off
12/15/2021 22:54:42,Chamber 4,28-031662252cff,25.687,T234,27C,off
12/15/2021 22:55:02,Chamber 4,28-031662252cff,25.687,T234,27C,off
12/15/2021 22:55:22,Chamber 4,28-031662252cff,25.687,T234,27C,off
12/15/2021 22:55:42,Chamber 4,28-031662252cff,25.687,T234,27C,off
12/15/2021 22:56:02,Chamber 4,28-031662252cff,25.687,T234,27C,off
12/15/2021 22:56:22,Chamber 4,28-031662252cff,25.687,T234,27C,off
12/15/2021 22:56:42,Chamber 4,28-031662252cff,25.687,T234,27C,off
12/15/2021 22:57:02,Chamber 4,28-031662252cff,25.687,T234,27C,off
12/15/2021 22:57:22,Chamber 4,28-031662252cff,25.687,T234,27C,off
12/15/2021 22:57:42,Chamber 4,28-031662252cff,25.687,T234,27C,off
12/15/2021 22:58:02,Chamber 4,28-031662252cff,25.687,T234,27C,off
12/15/2021 22:58:22,Chamber 4,28-031662252cff,25.687,T234,27C,off
12/15/2021 22:58:42,Chamber 4,28-031662252cff,25.687,T234,27C,off
12/15/2021 22:59:02,Chamber 4,28-031662252cff,25.687,T234,27C,off
12/15/2021 22:59:22,Chamber 4,28-031662252cff,25.687,T234,27C,off
12/15/2021 22:59:43,Chamber 4,28-031662252cff,25.687,T234,27C,off
12/15/2021 23:00:03,Chamber 4,28-031662252cff,25.687,T234,27C,off
12/15/2021 23:00:23,Chamber 4,28-031662252cff,25.687,T234,27C,off
12/15/2021 23:00:43,Chamber 4,28-031662252cff,25.687,T234,27C,off
12/15/2021 23:01:03,Chamber 4,28-031662252cff,25.687,T234,27C,off
12/15/2021 23:01:23,Chamber 4,28-031662252cff,25.687,T234,27C,off
12/15/2021 23:01:43,Chamber 4,28-031662252cff,25.687,T234,27C,off
12/15/2021 23:02:03,Chamber 4,28-031662252cff,25.687,T234,27C,off
12/15/2021 23:02:23,Chamber 4,28-031662252cff,25.687,T234,27C,off
12/15/2021 23:02:43,Chamber 4,28-031662252cff,25.687,T234,27C,off
12/15/2021 23:03:03,Chamber 4,28-031662252cff,25.687,T234,27C,off
12/15/2021 23:03:23,Chamber 4,28-031662252cff,25.687,T234,27C,off
12/15/2021 23:03:43,Chamber 4,28-031662252cff,25.687,T234,27C,off
12/15/2021 23:04:03,Chamber 4,28-031662252cff,25.687,T234,27C,off
12/15/2021 23:04:23,Chamber 4,28-031662252cff,25.687,T234,27C,off
12/15/2021 23:04:43,Chamber 4,28-031662252cff,25.687,T234,27C,off
12/15/2021 23:05:03,Chamber 4,28-031662252cff,25.687,T234,27C,off
12/15/2021 23:05:23,Chamber 4,28-031662252cff,25.687,T234,27C,off
12/15/2021 23:05:43,Chamber 4,28-031662252cff,25.687,T234,27C,off
12/15/2021 23:06:03,Chamber 4,28-031662252cff,25.687,T234,27C,off
12/15/2021 23:06:23,Chamber 4,28-031662252cff,25.687,T234,27C,off
12/15/2021 23:06:43,Chamber 4,28-031662252cff,25.687,T234,27C,off
12/15/2021 23:07:03,Chamber 4,28-031662252cff,25.687,T234,27C,off
12/15/2021 23:07:23,Chamber 4,28-031662252cff,25.687,T234,27C,off
12/15/2021 23:07:43,Chamber 4,28-031662252cff,25.687,T234,27C,off
12/15/2021 23:08:03,Chamber 4,28-031662252cff,25.687,T234,27C,off
12/15/2021 23:08:23,Chamber 4,28-031662252cff,25.687,T234,27C,off
12/15/2021 23:08:43,Chamber 4,28-031662252cff,25.687,T234,27C,off
12/15/2021 23:09:03,Chamber 4,28-031662252cff,25.687,T234,27C,off
12/15/2021 23:09:23,Chamber 4,28-031662252cff,25.687,T234,27C,off
12/15/2021 23:09:43,Chamber 4,28-031662252cff,25.687,T234,27C,off
12/15/2021 23:10:03,Chamber 4,28-031662252cff,25.687,T234,27C,off
12/15/2021 23:10:23,Chamber 4,28-031662252cff,25.687,T234,27C,off
12/15/2021 23:10:43,Chamber 4,28-031662252cff,25.687,T234,27C,off
12/15/2021 23:11:03,Chamber 4,28-031662252cff,25.687,T234,27C,off
12/15/2021 23:11:23,Chamber 4,28-031662252cff,25.687,T234,27C,off
12/15/2021 23:11:43,Chamber 4,28-031662252cff,25.687,T234,27C,off
12/15/2021 23:12:03,Chamber 4,28-031662252cff,25.687,T234,27C,off
12/15/2021 23:12:23,Chamber 4,28-031662252cff,25.687,T234,27C,off
12/15/2021 23:12:43,Chamber 4,28-031662252cff,25.687,T234,27C,off
12/15/2021 23:13:03,Chamber 4,28-031662252cff,25.687,T234,27C,off
12/15/2021 23:13:23,Chamber 4,28-031662252cff,25.687,T234,27C,off
12/15/2021 23:13:43,Chamber 4,28-031662252cff,25.687,T234,27C,off
12/15/2021 23:14:03,Chamber 4,28-031662252cff,25.687,T234,27C,off
12/15/2021 23:14:23,Chamber 4,28-031662252cff,25.687,T234,27C,off
12/15/2021 23:14:43,Chamber 4,28-031662252cff,25.687,T234,27C,off
12/15/2021 23:15:03,Chamber 4,28-031662252cff,25.687,T234,27C,off
12/15/2021 23:15:23,Chamber 4,28-031662252cff,25.687,T234,27C,off
12/15/2021 23:15:43,Chamber 4,28-031662252cff,25.687,T234,27C,off
12/15/2021 23:16:03,Chamber 4,28-031662252cff,25.687,T234,27C,off
12/15/2021 23:16:23,Chamber 4,28-031662252cff,25.687,T234,27C,off
12/15/2021 23:16:43,Chamber 4,28-031662252cff,25.687,T234,27C,off
12/15/2021 23:17:03,Chamber 4,28-031662252cff,25.687,T234,27C,off
12/15/2021 23:17:23,Chamber 4,28-031662252cff,25.687,T234,27C,off
12/15/2021 23:17:43,Chamber 4,28-031662252cff,25.687,T234,27C,off
12/15/2021 23:18:04,Chamber 4,28-031662252cff,25.687,T234,27C,off
12/15/2021 23:18:23,Chamber 4,28-031662252cff,25.687,T234,27C,off
12/15/2021 23:18:43,Chamber 4,28-031662252cff,25.687,T234,27C,off
12/15/2021 23:19:03,Chamber 4,28-031662252cff,25.687,T234,27C,off
12/15/2021 23:19:23,Chamber 4,28-031662252cff,25.687,T234,27C,off
12/15/2021 23:19:43,Chamber 4,28-031662252cff,25.687,T234,27C,off
12/15/2021 23:20:04,Chamber 4,28-031662252cff,25.687,T234,27C,off
12/15/2021 23:20:23,Chamber 4,28-031662252cff,25.687,T234,27C,off
12/15/2021 23:20:44,Chamber 4,28-031662252cff,25.687,T234,27C,off
12/15/2021 23:21:03,Chamber 4,28-031662252cff,25.687,T234,27C,off
12/15/2021 23:21:23,Chamber 4,28-031662252cff,25.687,T234,27C,off
12/15/2021 23:21:43,Chamber 4,28-031662252cff,25.687,T234,27C,off
12/15/2021 23:22:03,Chamber 4,28-031662252cff,25.687,T234,27C,off
12/15/2021 23:22:23,Chamber 4,28-031662252cff,25.687,T234,27C,off
12/15/2021 23:22:43,Chamber 4,28-031662252cff,25.687,T234,27C,off
12/15/2021 23:23:03,Chamber 4,28-031662252cff,25.687,T234,27C,off
12/15/2021 23:23:23,Chamber 4,28-031662252cff,25.687,T234,27C,off
12/15/2021 23:23:43,Chamber 4,28-031662252cff,25.687,T234,27C,off
12/15/2021 23:24:03,Chamber 4,28-031662252cff,25.687,T234,27C,off
12/15/2021 23:24:23,Chamber 4,28-031662252cff,25.687,T234,27C,off
12/15/2021 23:24:43,Chamber 4,28-031662252cff,25.687,T234,27C,off
12/15/2021 23:25:03,Chamber 4,28-031662252cff,25.687,T234,27C,off
12/15/2021 23:25:23,Chamber 4,28-031662252cff,25.687,T234,27C,off
12/15/2021 23:25:43,Chamber 4,28-031662252cff,25.687,T234,27C,off
12/15/2021 23:26:03,Chamber 4,28-031662252cff,25.687,T234,27C,off
12/15/2021 23:26:23,Chamber 4,28-031662252cff,25.687,T234,27C,off
12/15/2021 23:26:43,Chamber 4,28-031662252cff,25.687,T234,27C,off
12/15/2021 23:27:03,Chamber 4,28-031662252cff,25.687,T234,27C,off
12/15/2021 23:27:23,Chamber 4,28-031662252cff,25.687,T234,27C,off
12/15/2021 23:27:43,Chamber 4,28-031662252cff,25.687,T234,27C,off
12/15/2021 23:28:03,Chamber 4,28-031662252cff,25.687,T234,27C,off
12/15/2021 23:28:23,Chamber 4,28-031662252cff,25.687,T234,27C,off
12/15/2021 23:28:43,Chamber 4,28-031662252cff,25.687,T234,27C,off
12/15/2021 23:29:03,Chamber 4,28-031662252cff,25.687,T234,27C,off
12/15/2021 23:29:23,Chamber 4,28-031662252cff,25.687,T234,27C,off
12/15/2021 23:29:43,Chamber 4,28-031662252cff,25.687,T234,27C,off
12/15/2021 23:30:03,Chamber 4,28-031662252cff,25.687,T234,27C,off
12/15/2021 23:30:23,Chamber 4,28-031662252cff,25.687,T234,27C,off
12/15/2021 23:30:43,Chamber 4,28-031662252cff,25.687,T234,27C,off
12/15/2021 23:31:03,Chamber 4,28-031662252cff,25.687,T234,27C,off
12/15/2021 23:31:23,Chamber 4,28-031662252cff,25.687,T234,27C,off
12/15/2021 23:31:43,Chamber 4,28-031662252cff,25.687,T234,27C,off
12/15/2021 23:32:03,Chamber 4,28-031662252cff,25.687,T234,27C,off
12/15/2021 23:32:23,Chamber 4,28-031662252cff,25.687,T234,27C,off
12/15/2021 23:32:43,Chamber 4,28-031662252cff,25.687,T234,27C,off
12/15/2021 23:33:03,Chamber 4,28-031662252cff,25.687,T234,27C,off
12/15/2021 23:33:23,Chamber 4,28-031662252cff,25.687,T234,27C,off
12/15/2021 23:33:43,Chamber 4,28-031662252cff,25.687,T234,27C,off
12/15/2021 23:34:03,Chamber 4,28-031662252cff,25.687,T234,27C,off
12/15/2021 23:34:23,Chamber 4,28-031662252cff,25.687,T234,27C,off
12/15/2021 23:34:43,Chamber 4,28-031662252cff,25.687,T234,27C,off
12/15/2021 23:35:03,Chamber 4,28-031662252cff,25.687,T234,27C,off
12/15/2021 23:35:23,Chamber 4,28-031662252cff,25.687,T234,27C,off
12/15/2021 23:35:43,Chamber 4,28-031662252cff,25.687,T234,27C,off
12/15/2021 23:36:03,Chamber 4,28-031662252cff,25.687,T234,27C,off
12/15/2021 23:36:23,Chamber 4,28-031662252cff,25.687,T234,27C,off
12/15/2021 23:36:43,Chamber 4,28-031662252cff,25.687,T234,27C,off
12/15/2021 23:37:03,Chamber 4,28-031662252cff,25.687,T234,27C,off
12/15/2021 23:37:23,Chamber 4,28-031662252cff,25.687,T234,27C,off
12/15/2021 23:37:43,Chamber 4,28-031662252cff,25.687,T234,27C,off
12/15/2021 23:38:03,Chamber 4,28-031662252cff,25.687,T234,27C,off
12/15/2021 23:38:23,Chamber 4,28-031662252cff,25.687,T234,27C,off
12/15/2021 23:38:43,Chamber 4,28-031662252cff,25.687,T234,27C,off
12/15/2021 23:39:03,Chamber 4,28-031662252cff,25.687,T234,27C,off
12/15/2021 23:39:23,Chamber 4,28-031662252cff,25.687,T234,27C,off
12/15/2021 23:39:43,Chamber 4,28-031662252cff,25.687,T234,27C,off
12/15/2021 23:40:03,Chamber 4,28-031662252cff,25.687,T234,27C,off
12/15/2021 23:40:23,Chamber 4,28-031662252cff,25.687,T234,27C,off
12/15/2021 23:40:43,Chamber 4,28-031662252cff,25.687,T234,27C,off
12/15/2021 23:41:03,Chamber 4,28-031662252cff,25.687,T234,27C,off
12/15/2021 23:41:23,Chamber 4,28-031662252cff,25.687,T234,27C,off
12/15/2021 23:41:43,Chamber 4,28-031662252cff,25.687,T234,27C,off
12/15/2021 23:42:03,Chamber 4,28-031662252cff,25.687,T234,27C,off
12/15/2021 23:42:23,Chamber 4,28-031662252cff,25.687,T234,27C,off
12/15/2021 23:42:43,Chamber 4,28-031662252cff,25.687,T234,27C,off
12/15/2021 23:43:03,Chamber 4,28-031662252cff,25.687,T234,27C,off
12/15/2021 23:43:23,Chamber 4,28-031662252cff,25.687,T234,27C,off
12/15/2021 23:43:43,Chamber 4,28-031662252cff,25.687,T234,27C,off
12/15/2021 23:44:03,Chamber 4,28-031662252cff,25.687,T234,27C,off
12/15/2021 23:44:23,Chamber 4,28-031662252cff,25.687,T234,27C,off
12/15/2021 23:44:43,Chamber 4,28-031662252cff,25.687,T234,27C,off
12/15/2021 23:45:03,Chamber 4,28-031662252cff,25.687,T234,27C,off
12/15/2021 23:45:23,Chamber 4,28-031662252cff,25.687,T234,27C,off
12/15/2021 23:45:43,Chamber 4,28-031662252cff,25.687,T234,27C,off
12/15/2021 23:46:03,Chamber 4,28-031662252cff,25.687,T234,27C,off
12/15/2021 23:46:23,Chamber 4,28-031662252cff,25.687,T234,27C,off
12/15/2021 23:46:43,Chamber 4,28-031662252cff,25.687,T234,27C,off
12/15/2021 23:47:03,Chamber 4,28-031662252cff,25.687,T234,27C,off
12/15/2021 23:47:23,Chamber 4,28-031662252cff,25.687,T234,27C,off
12/15/2021 23:47:43,Chamber 4,28-031662252cff,25.687,T234,27C,off
12/15/2021 23:48:03,Chamber 4,28-031662252cff,25.687,T234,27C,off
12/15/2021 23:48:23,Chamber 4,28-031662252cff,25.687,T234,27C,off
12/15/2021 23:48:43,Chamber 4,28-031662252cff,25.687,T234,27C,off
12/15/2021 23:49:03,Chamber 4,28-031662252cff,25.687,T234,27C,off
12/15/2021 23:49:23,Chamber 4,28-031662252cff,25.687,T234,27C,off
12/15/2021 23:49:43,Chamber 4,28-031662252cff,25.687,T234,27C,off
12/15/2021 23:50:03,Chamber 4,28-031662252cff,25.687,T234,27C,off
12/15/2021 23:50:23,Chamber 4,28-031662252cff,25.687,T234,27C,off
12/15/2021 23:50:43,Chamber 4,28-031662252cff,25.687,T234,27C,off
12/15/2021 23:51:03,Chamber 4,28-031662252cff,25.687,T234,27C,off
12/15/2021 23:51:23,Chamber 4,28-031662252cff,25.687,T234,27C,off
12/15/2021 23:51:43,Chamber 4,28-031662252cff,25.687,T234,27C,off
12/15/2021 23:52:03,Chamber 4,28-031662252cff,25.687,T234,27C,off
12/15/2021 23:52:23,Chamber 4,28-031662252cff,25.687,T234,27C,off
12/15/2021 23:52:43,Chamber 4,28-031662252cff,25.687,T234,27C,off
12/15/2021 23:53:03,Chamber 4,28-031662252cff,25.687,T234,27C,off
12/15/2021 23:53:23,Chamber 4,28-031662252cff,25.687,T234,27C,off
12/15/2021 23:53:43,Chamber 4,28-031662252cff,25.687,T234,27C,off
12/15/2021 23:54:03,Chamber 4,28-031662252cff,25.687,T234,27C,off
12/15/2021 23:54:23,Chamber 4,28-031662252cff,25.687,T234,27C,off
12/15/2021 23:54:43,Chamber 4,28-031662252cff,25.687,T234,27C,off
12/15/2021 23:55:03,Chamber 4,28-031662252cff,25.687,T234,27C,off
12/15/2021 23:55:23,Chamber 4,28-031662252cff,25.687,T234,27C,off
12/15/2021 23:55:43,Chamber 4,28-031662252cff,25.687,T234,27C,off
12/15/2021 23:56:03,Chamber 4,28-031662252cff,25.687,T234,27C,off
12/15/2021 23:56:23,Chamber 4,28-031662252cff,25.687,T234,27C,off
12/15/2021 23:56:43,Chamber 4,28-031662252cff,25.687,T234,27C,off
12/15/2021 23:57:03,Chamber 4,28-031662252cff,25.687,T234,27C,off
12/15/2021 23:57:23,Chamber 4,28-031662252cff,25.687,T234,27C,off
12/15/2021 23:57:43,Chamber 4,28-031662252cff,25.687,T234,27C,off
12/15/2021 23:58:03,Chamber 4,28-031662252cff,25.687,T234,27C,off
12/15/2021 23:58:23,Chamber 4,28-031662252cff,25.687,T234,27C,off
12/15/2021 23:58:43,Chamber 4,28-031662252cff,25.687,T234,27C,off
12/15/2021 23:59:03,Chamber 4,28-031662252cff,25.687,T234,27C,off
12/15/2021 23:59:23,Chamber 4,28-031662252cff,25.687,T234,27C,off
12/15/2021 23:59:43,Chamber 4,28-031662252cff,25.687,T234,27C,off
