12/11/2021 00:00:03,Chamber 6,28-0316623b5aff,25.875,T236,42C,off
12/11/2021 00:00:22,Chamber 6,28-0316623b5aff,25.875,T236,42C,off
12/11/2021 00:00:42,Chamber 6,28-0316623b5aff,25.875,T236,42C,off
12/11/2021 00:01:02,Chamber 6,28-0316623b5aff,25.875,T236,42C,off
12/11/2021 00:01:22,Chamber 6,28-0316623b5aff,25.875,T236,42C,off
12/11/2021 00:01:42,Chamber 6,28-0316623b5aff,25.875,T236,42C,off
12/11/2021 00:02:02,Chamber 6,28-0316623b5aff,25.875,T236,42C,off
12/11/2021 00:02:22,Chamber 6,28-0316623b5aff,25.875,T236,42C,off
12/11/2021 00:02:42,Chamber 6,28-0316623b5aff,25.875,T236,42C,off
12/11/2021 00:03:02,Chamber 6,28-0316623b5aff,25.875,T236,42C,off
12/11/2021 00:03:22,Chamber 6,28-0316623b5aff,25.875,T236,42C,off
12/11/2021 00:03:42,Chamber 6,28-0316623b5aff,25.875,T236,42C,off
12/11/2021 00:04:02,Chamber 6,28-0316623b5aff,25.875,T236,42C,off
12/11/2021 00:04:22,Chamber 6,28-0316623b5aff,25.875,T236,42C,off
12/11/2021 00:04:42,Chamber 6,28-0316623b5aff,25.875,T236,42C,off
12/11/2021 00:05:03,Chamber 6,28-0316623b5aff,25.875,T236,42C,off
12/11/2021 00:05:22,Chamber 6,28-0316623b5aff,25.875,T236,42C,off
12/11/2021 00:05:42,Chamber 6,28-0316623b5aff,25.875,T236,42C,off
12/11/2021 00:06:02,Chamber 6,28-0316623b5aff,25.875,T236,42C,off
12/11/2021 00:06:22,Chamber 6,28-0316623b5aff,25.875,T236,42C,off
12/11/2021 00:06:42,Chamber 6,28-0316623b5aff,25.875,T236,42C,off
12/11/2021 00:07:02,Chamber 6,28-0316623b5aff,25.875,T236,42C,off
12/11/2021 00:07:22,Chamber 6,28-0316623b5aff,25.875,T236,42C,off
12/11/2021 00:07:42,Chamber 6,28-0316623b5aff,25.875,T236,42C,off
12/11/2021 00:08:02,Chamber 6,28-0316623b5aff,25.875,T236,42C,off
12/11/2021 00:08:22,Chamber 6,28-0316623b5aff,25.875,T236,42C,off
12/11/2021 00:08:42,Chamber 6,28-0316623b5aff,25.875,T236,42C,off
12/11/2021 00:09:02,Chamber 6,28-0316623b5aff,25.875,T236,42C,off
12/11/2021 00:09:22,Chamber 6,28-0316623b5aff,25.875,T236,42C,off
12/11/2021 00:09:42,Chamber 6,28-0316623b5aff,25.875,T236,42C,off
12/11/2021 00:10:02,Chamber 6,28-0316623b5aff,25.875,T236,42C,off
12/11/2021 00:10:22,Chamber 6,28-0316623b5aff,25.875,T236,42C,off
12/11/2021 00:10:42,Chamber 6,28-0316623b5aff,25.875,T236,42C,off
12/11/2021 00:11:02,Chamber 6,28-0316623b5aff,25.875,T236,42C,off
12/11/2021 00:11:22,Chamber 6,28-0316623b5aff,25.875,T236,42C,off
12/11/2021 00:11:42,Chamber 6,28-0316623b5aff,25.875,T236,42C,off
12/11/2021 00:12:02,Chamber 6,28-0316623b5aff,25.875,T236,42C,off
12/11/2021 00:12:22,Chamber 6,28-0316623b5aff,25.875,T236,42C,off
12/11/2021 00:12:42,Chamber 6,28-0316623b5aff,25.875,T236,42C,off
12/11/2021 00:13:02,Chamber 6,28-0316623b5aff,25.875,T236,42C,off
12/11/2021 00:13:22,Chamber 6,28-0316623b5aff,25.875,T236,42C,off
12/11/2021 00:13:42,Chamber 6,28-0316623b5aff,25.875,T236,42C,off
12/11/2021 00:14:02,Chamber 6,28-0316623b5aff,25.875,T236,42C,off
12/11/2021 00:14:23,Chamber 6,28-0316623b5aff,25.875,T236,42C,off
12/11/2021 00:14:42,Chamber 6,28-0316623b5aff,25.875,T236,42C,off
12/11/2021 00:15:02,Chamber 6,28-0316623b5aff,25.875,T236,42C,off
12/11/2021 00:15:22,Chamber 6,28-0316623b5aff,25.875,T236,42C,off
12/11/2021 00:15:42,Chamber 6,28-0316623b5aff,25.875,T236,42C,off
12/11/2021 00:16:02,Chamber 6,28-0316623b5aff,25.875,T236,42C,off
12/11/2021 00:16:22,Chamber 6,28-0316623b5aff,25.875,T236,42C,off
12/11/2021 00:16:42,Chamber 6,28-0316623b5aff,25.875,T236,42C,off
12/11/2021 00:17:02,Chamber 6,28-0316623b5aff,25.875,T236,42C,off
12/11/2021 00:17:22,Chamber 6,28-0316623b5aff,25.875,T236,42C,off
12/11/2021 00:17:42,Chamber 6,28-0316623b5aff,25.875,T236,42C,off
12/11/2021 00:18:02,Chamber 6,28-0316623b5aff,25.875,T236,42C,off
12/11/2021 00:18:22,Chamber 6,28-0316623b5aff,25.875,T236,42C,off
12/11/2021 00:18:42,Chamber 6,28-0316623b5aff,25.875,T236,42C,off
12/11/2021 00:19:02,Chamber 6,28-0316623b5aff,25.875,T236,42C,off
12/11/2021 00:19:22,Chamber 6,28-0316623b5aff,25.875,T236,42C,off
12/11/2021 00:19:42,Chamber 6,28-0316623b5aff,25.875,T236,42C,off
12/11/2021 00:20:03,Chamber 6,28-0316623b5aff,25.875,T236,42C,off
12/11/2021 00:20:22,Chamber 6,28-0316623b5aff,25.875,T236,42C,off
12/11/2021 00:20:42,Chamber 6,28-0316623b5aff,25.875,T236,42C,off
12/11/2021 00:21:02,Chamber 6,28-0316623b5aff,25.875,T236,42C,off
12/11/2021 00:21:22,Chamber 6,28-0316623b5aff,25.875,T236,42C,off
12/11/2021 00:21:43,Chamber 6,28-0316623b5aff,25.875,T236,42C,off
12/11/2021 00:22:02,Chamber 6,28-0316623b5aff,25.875,T236,42C,off
12/11/2021 00:22:22,Chamber 6,28-0316623b5aff,25.875,T236,42C,off
12/11/2021 00:22:42,Chamber 6,28-0316623b5aff,25.875,T236,42C,off
12/11/2021 00:23:02,Chamber 6,28-0316623b5aff,25.875,T236,42C,off
12/11/2021 00:23:22,Chamber 6,28-0316623b5aff,25.875,T236,42C,off
12/11/2021 00:23:42,Chamber 6,28-0316623b5aff,25.875,T236,42C,off
12/11/2021 00:24:02,Chamber 6,28-0316623b5aff,25.875,T236,42C,off
12/11/2021 00:24:22,Chamber 6,28-0316623b5aff,25.875,T236,42C,off
12/11/2021 00:24:42,Chamber 6,28-0316623b5aff,25.875,T236,42C,off
12/11/2021 00:25:02,Chamber 6,28-0316623b5aff,25.875,T236,42C,off
12/11/2021 00:25:23,Chamber 6,28-0316623b5aff,25.875,T236,42C,off
12/11/2021 00:25:42,Chamber 6,28-0316623b5aff,25.875,T236,42C,off
12/11/2021 00:26:02,Chamber 6,28-0316623b5aff,25.875,T236,42C,off
12/11/2021 00:26:22,Chamber 6,28-0316623b5aff,25.875,T236,42C,off
12/11/2021 00:26:42,Chamber 6,28-0316623b5aff,25.875,T236,42C,off
12/11/2021 00:27:02,Chamber 6,28-0316623b5aff,25.875,T236,42C,off
12/11/2021 00:27:22,Chamber 6,28-0316623b5aff,25.875,T236,42C,off
12/11/2021 00:27:42,Chamber 6,28-0316623b5aff,25.875,T236,42C,off
12/11/2021 00:28:02,Chamber 6,28-0316623b5aff,25.875,T236,42C,off
12/11/2021 00:28:22,Chamber 6,28-0316623b5aff,25.875,T236,42C,off
12/11/2021 00:28:42,Chamber 6,28-0316623b5aff,25.875,T236,42C,off
12/11/2021 00:29:02,Chamber 6,28-0316623b5aff,25.875,T236,42C,off
12/11/2021 00:29:22,Chamber 6,28-0316623b5aff,25.875,T236,42C,off
12/11/2021 00:29:42,Chamber 6,28-0316623b5aff,25.875,T236,42C,off
12/11/2021 00:30:02,Chamber 6,28-0316623b5aff,25.875,T236,42C,off
12/11/2021 00:30:22,Chamber 6,28-0316623b5aff,25.875,T236,42C,off
12/11/2021 00:30:42,Chamber 6,28-0316623b5aff,25.875,T236,42C,off
12/11/2021 00:31:02,Chamber 6,28-0316623b5aff,25.875,T236,42C,off
12/11/2021 00:31:22,Chamber 6,28-0316623b5aff,25.875,T236,42C,off
12/11/2021 00:31:42,Chamber 6,28-0316623b5aff,25.875,T236,42C,off
12/11/2021 00:32:02,Chamber 6,28-0316623b5aff,25.875,T236,42C,off
12/11/2021 00:32:22,Chamber 6,28-0316623b5aff,25.875,T236,42C,off
12/11/2021 00:32:42,Chamber 6,28-0316623b5aff,25.875,T236,42C,off
12/11/2021 00:33:02,Chamber 6,28-0316623b5aff,25.875,T236,42C,off
12/11/2021 00:33:22,Chamber 6,28-0316623b5aff,25.875,T236,42C,off
12/11/2021 00:33:42,Chamber 6,28-0316623b5aff,25.875,T236,42C,off
12/11/2021 00:34:02,Chamber 6,28-0316623b5aff,25.875,T236,42C,off
12/11/2021 00:34:22,Chamber 6,28-0316623b5aff,25.875,T236,42C,off
12/11/2021 00:34:42,Chamber 6,28-0316623b5aff,25.875,T236,42C,off
12/11/2021 00:35:02,Chamber 6,28-0316623b5aff,25.875,T236,42C,off
12/11/2021 00:35:22,Chamber 6,28-0316623b5aff,25.875,T236,42C,off
12/11/2021 00:35:42,Chamber 6,28-0316623b5aff,25.875,T236,42C,off
12/11/2021 00:36:02,Chamber 6,28-0316623b5aff,25.875,T236,42C,off
12/11/2021 00:36:22,Chamber 6,28-0316623b5aff,25.875,T236,42C,off
12/11/2021 00:36:42,Chamber 6,28-0316623b5aff,25.875,T236,42C,off
12/11/2021 00:37:02,Chamber 6,28-0316623b5aff,25.875,T236,42C,off
12/11/2021 00:37:22,Chamber 6,28-0316623b5aff,25.875,T236,42C,off
12/11/2021 00:37:42,Chamber 6,28-0316623b5aff,25.875,T236,42C,off
12/11/2021 00:38:02,Chamber 6,28-0316623b5aff,25.875,T236,42C,off
12/11/2021 00:38:22,Chamber 6,28-0316623b5aff,25.875,T236,42C,off
12/11/2021 00:38:42,Chamber 6,28-0316623b5aff,25.875,T236,42C,off
12/11/2021 00:39:04,Chamber 6,28-0316623b5aff,25.937,T236,42C,off
12/11/2021 00:39:22,Chamber 6,28-0316623b5aff,25.875,T236,42C,off
12/11/2021 00:39:42,Chamber 6,28-0316623b5aff,25.875,T236,42C,off
12/11/2021 00:40:02,Chamber 6,28-0316623b5aff,25.875,T236,42C,off
12/11/2021 00:40:22,Chamber 6,28-0316623b5aff,25.875,T236,42C,off
12/11/2021 00:40:42,Chamber 6,28-0316623b5aff,25.875,T236,42C,off
12/11/2021 00:41:02,Chamber 6,28-0316623b5aff,25.875,T236,42C,off
12/11/2021 00:41:22,Chamber 6,28-0316623b5aff,25.875,T236,42C,off
12/11/2021 00:41:42,Chamber 6,28-0316623b5aff,25.875,T236,42C,off
12/11/2021 00:42:02,Chamber 6,28-0316623b5aff,25.875,T236,42C,off
12/11/2021 00:42:23,Chamber 6,28-0316623b5aff,25.875,T236,42C,off
12/11/2021 00:42:42,Chamber 6,28-0316623b5aff,25.875,T236,42C,off
12/11/2021 00:43:02,Chamber 6,28-0316623b5aff,25.875,T236,42C,off
12/11/2021 00:43:22,Chamber 6,28-0316623b5aff,25.875,T236,42C,off
12/11/2021 00:43:42,Chamber 6,28-0316623b5aff,25.875,T236,42C,off
12/11/2021 00:44:02,Chamber 6,28-0316623b5aff,25.875,T236,42C,off
12/11/2021 00:44:22,Chamber 6,28-0316623b5aff,25.875,T236,42C,off
12/11/2021 00:44:42,Chamber 6,28-0316623b5aff,25.875,T236,42C,off
12/11/2021 00:45:02,Chamber 6,28-0316623b5aff,25.875,T236,42C,off
12/11/2021 00:45:22,Chamber 6,28-0316623b5aff,25.875,T236,42C,off
12/11/2021 00:45:42,Chamber 6,28-0316623b5aff,25.875,T236,42C,off
12/11/2021 00:46:02,Chamber 6,28-0316623b5aff,25.875,T236,42C,off
12/11/2021 00:46:22,Chamber 6,28-0316623b5aff,25.875,T236,42C,off
12/11/2021 00:46:42,Chamber 6,28-0316623b5aff,25.875,T236,42C,off
12/11/2021 00:47:02,Chamber 6,28-0316623b5aff,25.875,T236,42C,off
12/11/2021 00:47:22,Chamber 6,28-0316623b5aff,25.875,T236,42C,off
12/11/2021 00:47:42,Chamber 6,28-0316623b5aff,25.875,T236,42C,off
12/11/2021 00:48:02,Chamber 6,28-0316623b5aff,25.875,T236,42C,off
12/11/2021 00:48:22,Chamber 6,28-0316623b5aff,25.875,T236,42C,off
12/11/2021 00:48:42,Chamber 6,28-0316623b5aff,25.875,T236,42C,off
12/11/2021 00:49:02,Chamber 6,28-0316623b5aff,25.875,T236,42C,off
12/11/2021 00:49:22,Chamber 6,28-0316623b5aff,25.875,T236,42C,off
12/11/2021 00:49:42,Chamber 6,28-0316623b5aff,25.875,T236,42C,off
12/11/2021 00:50:02,Chamber 6,28-0316623b5aff,25.875,T236,42C,off
12/11/2021 00:50:24,Chamber 6,28-0316623b5aff,25.875,T236,42C,off
12/11/2021 00:50:42,Chamber 6,28-0316623b5aff,25.875,T236,42C,off
12/11/2021 00:51:02,Chamber 6,28-0316623b5aff,25.875,T236,42C,off
12/11/2021 00:51:22,Chamber 6,28-0316623b5aff,25.875,T236,42C,off
12/11/2021 00:51:42,Chamber 6,28-0316623b5aff,25.875,T236,42C,off
12/11/2021 00:52:02,Chamber 6,28-0316623b5aff,25.875,T236,42C,off
12/11/2021 00:52:22,Chamber 6,28-0316623b5aff,25.875,T236,42C,off
12/11/2021 00:52:42,Chamber 6,28-0316623b5aff,25.875,T236,42C,off
12/11/2021 00:53:02,Chamber 6,28-0316623b5aff,25.875,T236,42C,off
12/11/2021 00:53:22,Chamber 6,28-0316623b5aff,25.875,T236,42C,off
12/11/2021 00:53:42,Chamber 6,28-0316623b5aff,25.875,T236,42C,off
12/11/2021 00:54:02,Chamber 6,28-0316623b5aff,25.875,T236,42C,off
12/11/2021 00:54:22,Chamber 6,28-0316623b5aff,25.937,T236,42C,off
12/11/2021 00:54:42,Chamber 6,28-0316623b5aff,25.937,T236,42C,off
12/11/2021 00:55:02,Chamber 6,28-0316623b5aff,25.937,T236,42C,off
12/11/2021 00:55:22,Chamber 6,28-0316623b5aff,25.875,T236,42C,off
12/11/2021 00:55:42,Chamber 6,28-0316623b5aff,25.937,T236,42C,off
12/11/2021 00:56:02,Chamber 6,28-0316623b5aff,25.937,T236,42C,off
12/11/2021 00:56:22,Chamber 6,28-0316623b5aff,25.937,T236,42C,off
12/11/2021 00:56:42,Chamber 6,28-0316623b5aff,25.937,T236,42C,off
12/11/2021 00:57:02,Chamber 6,28-0316623b5aff,25.937,T236,42C,off
12/11/2021 00:57:22,Chamber 6,28-0316623b5aff,25.875,T236,42C,off
12/11/2021 00:57:42,Chamber 6,28-0316623b5aff,25.875,T236,42C,off
12/11/2021 00:58:02,Chamber 6,28-0316623b5aff,25.937,T236,42C,off
12/11/2021 00:58:22,Chamber 6,28-0316623b5aff,25.875,T236,42C,off
12/11/2021 00:58:42,Chamber 6,28-0316623b5aff,25.875,T236,42C,off
12/11/2021 00:59:02,Chamber 6,28-0316623b5aff,25.875,T236,42C,off
12/11/2021 00:59:22,Chamber 6,28-0316623b5aff,25.875,T236,42C,off
12/11/2021 00:59:42,Chamber 6,28-0316623b5aff,25.875,T236,42C,off
12/11/2021 01:00:02,Chamber 6,28-0316623b5aff,25.875,T236,42C,off
12/11/2021 01:00:22,Chamber 6,28-0316623b5aff,25.875,T236,42C,off
12/11/2021 01:00:42,Chamber 6,28-0316623b5aff,25.875,T236,42C,off
12/11/2021 01:01:02,Chamber 6,28-0316623b5aff,25.875,T236,42C,off
12/11/2021 01:01:22,Chamber 6,28-0316623b5aff,25.875,T236,42C,off
12/11/2021 01:01:42,Chamber 6,28-0316623b5aff,25.875,T236,42C,off
12/11/2021 01:02:02,Chamber 6,28-0316623b5aff,25.875,T236,42C,off
12/11/2021 01:02:22,Chamber 6,28-0316623b5aff,25.875,T236,42C,off
12/11/2021 01:02:42,Chamber 6,28-0316623b5aff,25.875,T236,42C,off
12/11/2021 01:03:02,Chamber 6,28-0316623b5aff,25.875,T236,42C,off
12/11/2021 01:03:22,Chamber 6,28-0316623b5aff,25.875,T236,42C,off
12/11/2021 01:03:42,Chamber 6,28-0316623b5aff,25.875,T236,42C,off
12/11/2021 01:04:02,Chamber 6,28-0316623b5aff,25.875,T236,42C,off
12/11/2021 01:04:22,Chamber 6,28-0316623b5aff,25.875,T236,42C,off
12/11/2021 01:04:42,Chamber 6,28-0316623b5aff,25.875,T236,42C,off
12/11/2021 01:05:02,Chamber 6,28-0316623b5aff,25.875,T236,42C,off
12/11/2021 01:05:22,Chamber 6,28-0316623b5aff,25.875,T236,42C,off
12/11/2021 01:05:42,Chamber 6,28-0316623b5aff,25.875,T236,42C,off
12/11/2021 01:06:02,Chamber 6,28-0316623b5aff,25.875,T236,42C,off
12/11/2021 01:06:22,Chamber 6,28-0316623b5aff,25.875,T236,42C,off
12/11/2021 01:06:42,Chamber 6,28-0316623b5aff,25.875,T236,42C,off
12/11/2021 01:07:02,Chamber 6,28-0316623b5aff,25.875,T236,42C,off
12/11/2021 01:07:22,Chamber 6,28-0316623b5aff,25.875,T236,42C,off
12/11/2021 01:07:42,Chamber 6,28-0316623b5aff,25.875,T236,42C,off
12/11/2021 01:08:02,Chamber 6,28-0316623b5aff,25.875,T236,42C,off
12/11/2021 01:08:22,Chamber 6,28-0316623b5aff,25.875,T236,42C,off
12/11/2021 01:08:42,Chamber 6,28-0316623b5aff,25.875,T236,42C,off
12/11/2021 01:09:02,Chamber 6,28-0316623b5aff,25.875,T236,42C,off
12/11/2021 01:09:22,Chamber 6,28-0316623b5aff,25.875,T236,42C,off
12/11/2021 01:09:42,Chamber 6,28-0316623b5aff,25.875,T236,42C,off
12/11/2021 01:10:02,Chamber 6,28-0316623b5aff,25.875,T236,42C,off
12/11/2021 01:10:22,Chamber 6,28-0316623b5aff,25.875,T236,42C,off
12/11/2021 01:10:42,Chamber 6,28-0316623b5aff,25.875,T236,42C,off
12/11/2021 01:11:02,Chamber 6,28-0316623b5aff,25.875,T236,42C,off
12/11/2021 01:11:22,Chamber 6,28-0316623b5aff,25.875,T236,42C,off
12/11/2021 01:11:42,Chamber 6,28-0316623b5aff,25.875,T236,42C,off
12/11/2021 01:12:02,Chamber 6,28-0316623b5aff,25.875,T236,42C,off
12/11/2021 01:12:22,Chamber 6,28-0316623b5aff,25.875,T236,42C,off
12/11/2021 01:12:42,Chamber 6,28-0316623b5aff,25.875,T236,42C,off
12/11/2021 01:13:02,Chamber 6,28-0316623b5aff,25.875,T236,42C,off
12/11/2021 01:13:22,Chamber 6,28-0316623b5aff,25.875,T236,42C,off
12/11/2021 01:13:42,Chamber 6,28-0316623b5aff,25.875,T236,42C,off
12/11/2021 01:14:03,Chamber 6,28-0316623b5aff,25.875,T236,42C,off
12/11/2021 01:14:22,Chamber 6,28-0316623b5aff,25.875,T236,42C,off
12/11/2021 01:14:42,Chamber 6,28-0316623b5aff,25.875,T236,42C,off
12/11/2021 01:15:02,Chamber 6,28-0316623b5aff,25.875,T236,42C,off
12/11/2021 01:15:22,Chamber 6,28-0316623b5aff,25.875,T236,42C,off
12/11/2021 01:15:42,Chamber 6,28-0316623b5aff,25.875,T236,42C,off
12/11/2021 01:16:02,Chamber 6,28-0316623b5aff,25.875,T236,42C,off
12/11/2021 01:16:22,Chamber 6,28-0316623b5aff,25.875,T236,42C,off
12/11/2021 01:16:42,Chamber 6,28-0316623b5aff,25.875,T236,42C,off
12/11/2021 01:17:02,Chamber 6,28-0316623b5aff,25.875,T236,42C,off
12/11/2021 01:17:22,Chamber 6,28-0316623b5aff,25.875,T236,42C,off
12/11/2021 01:17:42,Chamber 6,28-0316623b5aff,25.875,T236,42C,off
12/11/2021 01:18:02,Chamber 6,28-0316623b5aff,25.875,T236,42C,off
12/11/2021 01:18:22,Chamber 6,28-0316623b5aff,25.875,T236,42C,off
12/11/2021 01:18:42,Chamber 6,28-0316623b5aff,25.875,T236,42C,off
12/11/2021 01:19:02,Chamber 6,28-0316623b5aff,25.875,T236,42C,off
12/11/2021 01:19:22,Chamber 6,28-0316623b5aff,25.875,T236,42C,off
12/11/2021 01:19:42,Chamber 6,28-0316623b5aff,25.875,T236,42C,off
12/11/2021 01:20:02,Chamber 6,28-0316623b5aff,25.937,T236,42C,off
12/11/2021 01:20:22,Chamber 6,28-0316623b5aff,25.875,T236,42C,off
12/11/2021 01:20:42,Chamber 6,28-0316623b5aff,25.875,T236,42C,off
12/11/2021 01:21:02,Chamber 6,28-0316623b5aff,25.937,T236,42C,off
12/11/2021 01:21:22,Chamber 6,28-0316623b5aff,25.875,T236,42C,off
12/11/2021 01:21:42,Chamber 6,28-0316623b5aff,25.875,T236,42C,off
12/11/2021 01:22:02,Chamber 6,28-0316623b5aff,25.875,T236,42C,off
12/11/2021 01:22:22,Chamber 6,28-0316623b5aff,25.875,T236,42C,off
12/11/2021 01:22:42,Chamber 6,28-0316623b5aff,25.875,T236,42C,off
12/11/2021 01:23:02,Chamber 6,28-0316623b5aff,25.875,T236,42C,off
12/11/2021 01:23:22,Chamber 6,28-0316623b5aff,25.937,T236,42C,off
12/11/2021 01:23:42,Chamber 6,28-0316623b5aff,25.875,T236,42C,off
12/11/2021 01:24:02,Chamber 6,28-0316623b5aff,25.937,T236,42C,off
12/11/2021 01:24:22,Chamber 6,28-0316623b5aff,25.875,T236,42C,off
12/11/2021 01:24:42,Chamber 6,28-0316623b5aff,25.937,T236,42C,off
12/11/2021 01:25:02,Chamber 6,28-0316623b5aff,25.875,T236,42C,off
12/11/2021 01:25:22,Chamber 6,28-0316623b5aff,25.937,T236,42C,off
12/11/2021 01:25:42,Chamber 6,28-0316623b5aff,25.875,T236,42C,off
12/11/2021 01:26:02,Chamber 6,28-0316623b5aff,25.875,T236,42C,off
12/11/2021 01:26:22,Chamber 6,28-0316623b5aff,25.875,T236,42C,off
12/11/2021 01:26:42,Chamber 6,28-0316623b5aff,25.875,T236,42C,off
12/11/2021 01:27:02,Chamber 6,28-0316623b5aff,25.875,T236,42C,off
12/11/2021 01:27:22,Chamber 6,28-0316623b5aff,25.875,T236,42C,off
12/11/2021 01:27:42,Chamber 6,28-0316623b5aff,25.875,T236,42C,off
12/11/2021 01:28:02,Chamber 6,28-0316623b5aff,25.875,T236,42C,off
12/11/2021 01:28:22,Chamber 6,28-0316623b5aff,25.875,T236,42C,off
12/11/2021 01:28:42,Chamber 6,28-0316623b5aff,25.875,T236,42C,off
12/11/2021 01:29:02,Chamber 6,28-0316623b5aff,25.875,T236,42C,off
12/11/2021 01:29:22,Chamber 6,28-0316623b5aff,25.875,T236,42C,off
12/11/2021 01:29:42,Chamber 6,28-0316623b5aff,25.875,T236,42C,off
12/11/2021 01:30:02,Chamber 6,28-0316623b5aff,25.875,T236,42C,off
12/11/2021 01:30:22,Chamber 6,28-0316623b5aff,25.875,T236,42C,off
12/11/2021 01:30:42,Chamber 6,28-0316623b5aff,25.875,T236,42C,off
12/11/2021 01:31:02,Chamber 6,28-0316623b5aff,25.875,T236,42C,off
12/11/2021 01:31:22,Chamber 6,28-0316623b5aff,25.875,T236,42C,off
12/11/2021 01:31:42,Chamber 6,28-0316623b5aff,25.875,T236,42C,off
12/11/2021 01:32:02,Chamber 6,28-0316623b5aff,25.875,T236,42C,off
12/11/2021 01:32:22,Chamber 6,28-0316623b5aff,25.875,T236,42C,off
12/11/2021 01:32:42,Chamber 6,28-0316623b5aff,25.875,T236,42C,off
12/11/2021 01:33:02,Chamber 6,28-0316623b5aff,25.875,T236,42C,off
12/11/2021 01:33:22,Chamber 6,28-0316623b5aff,25.875,T236,42C,off
12/11/2021 01:33:42,Chamber 6,28-0316623b5aff,25.875,T236,42C,off
12/11/2021 01:34:02,Chamber 6,28-0316623b5aff,25.875,T236,42C,off
12/11/2021 01:34:22,Chamber 6,28-0316623b5aff,25.875,T236,42C,off
12/11/2021 01:34:42,Chamber 6,28-0316623b5aff,25.875,T236,42C,off
12/11/2021 01:35:02,Chamber 6,28-0316623b5aff,25.875,T236,42C,off
12/11/2021 01:35:22,Chamber 6,28-0316623b5aff,25.875,T236,42C,off
12/11/2021 01:35:42,Chamber 6,28-0316623b5aff,25.875,T236,42C,off
12/11/2021 01:36:02,Chamber 6,28-0316623b5aff,25.875,T236,42C,off
12/11/2021 01:36:22,Chamber 6,28-0316623b5aff,25.875,T236,42C,off
12/11/2021 01:36:42,Chamber 6,28-0316623b5aff,25.875,T236,42C,off
12/11/2021 01:37:02,Chamber 6,28-0316623b5aff,25.875,T236,42C,off
12/11/2021 01:37:22,Chamber 6,28-0316623b5aff,25.875,T236,42C,off
12/11/2021 01:37:42,Chamber 6,28-0316623b5aff,25.875,T236,42C,off
12/11/2021 01:38:02,Chamber 6,28-0316623b5aff,25.875,T236,42C,off
12/11/2021 01:38:22,Chamber 6,28-0316623b5aff,25.875,T236,42C,off
12/11/2021 01:38:42,Chamber 6,28-0316623b5aff,25.875,T236,42C,off
12/11/2021 01:39:02,Chamber 6,28-0316623b5aff,25.875,T236,42C,off
12/11/2021 01:39:22,Chamber 6,28-0316623b5aff,25.875,T236,42C,off
12/11/2021 01:39:42,Chamber 6,28-0316623b5aff,25.937,T236,42C,off
12/11/2021 01:40:02,Chamber 6,28-0316623b5aff,25.875,T236,42C,off
12/11/2021 01:40:22,Chamber 6,28-0316623b5aff,25.875,T236,42C,off
12/11/2021 01:40:42,Chamber 6,28-0316623b5aff,25.875,T236,42C,off
12/11/2021 01:41:02,Chamber 6,28-0316623b5aff,25.875,T236,42C,off
12/11/2021 01:41:22,Chamber 6,28-0316623b5aff,25.875,T236,42C,off
12/11/2021 01:41:42,Chamber 6,28-0316623b5aff,25.875,T236,42C,off
12/11/2021 01:42:02,Chamber 6,28-0316623b5aff,25.875,T236,42C,off
12/11/2021 01:42:22,Chamber 6,28-0316623b5aff,25.875,T236,42C,off
12/11/2021 01:42:42,Chamber 6,28-0316623b5aff,25.875,T236,42C,off
12/11/2021 01:43:02,Chamber 6,28-0316623b5aff,25.875,T236,42C,off
12/11/2021 01:43:22,Chamber 6,28-0316623b5aff,25.875,T236,42C,off
12/11/2021 01:43:42,Chamber 6,28-0316623b5aff,25.875,T236,42C,off
12/11/2021 01:44:02,Chamber 6,28-0316623b5aff,25.875,T236,42C,off
12/11/2021 01:44:22,Chamber 6,28-0316623b5aff,25.875,T236,42C,off
12/11/2021 01:44:42,Chamber 6,28-0316623b5aff,25.875,T236,42C,off
12/11/2021 01:45:02,Chamber 6,28-0316623b5aff,25.937,T236,42C,off
12/11/2021 01:45:22,Chamber 6,28-0316623b5aff,25.875,T236,42C,off
12/11/2021 01:45:42,Chamber 6,28-0316623b5aff,25.875,T236,42C,off
12/11/2021 01:46:02,Chamber 6,28-0316623b5aff,25.875,T236,42C,off
12/11/2021 01:46:22,Chamber 6,28-0316623b5aff,25.875,T236,42C,off
12/11/2021 01:46:42,Chamber 6,28-0316623b5aff,25.875,T236,42C,off
12/11/2021 01:47:02,Chamber 6,28-0316623b5aff,25.875,T236,42C,off
12/11/2021 01:47:22,Chamber 6,28-0316623b5aff,25.875,T236,42C,off
12/11/2021 01:47:42,Chamber 6,28-0316623b5aff,25.875,T236,42C,off
12/11/2021 01:48:02,Chamber 6,28-0316623b5aff,25.875,T236,42C,off
12/11/2021 01:48:22,Chamber 6,28-0316623b5aff,25.875,T236,42C,off
12/11/2021 01:48:42,Chamber 6,28-0316623b5aff,25.875,T236,42C,off
12/11/2021 01:49:02,Chamber 6,28-0316623b5aff,25.875,T236,42C,off
12/11/2021 01:49:22,Chamber 6,28-0316623b5aff,25.937,T236,42C,off
12/11/2021 01:49:42,Chamber 6,28-0316623b5aff,25.937,T236,42C,off
12/11/2021 01:50:02,Chamber 6,28-0316623b5aff,25.937,T236,42C,off
12/11/2021 01:50:22,Chamber 6,28-0316623b5aff,25.875,T236,42C,off
12/11/2021 01:50:42,Chamber 6,28-0316623b5aff,25.937,T236,42C,off
12/11/2021 01:51:02,Chamber 6,28-0316623b5aff,25.875,T236,42C,off
12/11/2021 01:51:22,Chamber 6,28-0316623b5aff,25.875,T236,42C,off
12/11/2021 01:51:42,Chamber 6,28-0316623b5aff,25.875,T236,42C,off
12/11/2021 01:52:02,Chamber 6,28-0316623b5aff,25.875,T236,42C,off
12/11/2021 01:52:22,Chamber 6,28-0316623b5aff,25.875,T236,42C,off
12/11/2021 01:52:42,Chamber 6,28-0316623b5aff,25.875,T236,42C,off
12/11/2021 01:53:02,Chamber 6,28-0316623b5aff,25.875,T236,42C,off
12/11/2021 01:53:22,Chamber 6,28-0316623b5aff,25.875,T236,42C,off
12/11/2021 01:53:42,Chamber 6,28-0316623b5aff,25.875,T236,42C,off
12/11/2021 01:54:02,Chamber 6,28-0316623b5aff,25.875,T236,42C,off
12/11/2021 01:54:22,Chamber 6,28-0316623b5aff,25.875,T236,42C,off
12/11/2021 01:54:42,Chamber 6,28-0316623b5aff,25.875,T236,42C,off
12/11/2021 01:55:02,Chamber 6,28-0316623b5aff,25.875,T236,42C,off
12/11/2021 01:55:22,Chamber 6,28-0316623b5aff,25.875,T236,42C,off
12/11/2021 01:55:42,Chamber 6,28-0316623b5aff,25.937,T236,42C,off
12/11/2021 01:56:02,Chamber 6,28-0316623b5aff,25.875,T236,42C,off
12/11/2021 01:56:22,Chamber 6,28-0316623b5aff,25.875,T236,42C,off
12/11/2021 01:56:42,Chamber 6,28-0316623b5aff,25.875,T236,42C,off
12/11/2021 01:57:02,Chamber 6,28-0316623b5aff,25.875,T236,42C,off
12/11/2021 01:57:22,Chamber 6,28-0316623b5aff,25.937,T236,42C,off
12/11/2021 01:57:43,Chamber 6,28-0316623b5aff,25.937,T236,42C,off
12/11/2021 01:58:02,Chamber 6,28-0316623b5aff,25.875,T236,42C,off
12/11/2021 01:58:22,Chamber 6,28-0316623b5aff,25.937,T236,42C,off
12/11/2021 01:58:42,Chamber 6,28-0316623b5aff,25.937,T236,42C,off
12/11/2021 01:59:02,Chamber 6,28-0316623b5aff,25.937,T236,42C,off
12/11/2021 01:59:23,Chamber 6,28-0316623b5aff,25.937,T236,42C,off
12/11/2021 01:59:42,Chamber 6,28-0316623b5aff,25.937,T236,42C,off
12/11/2021 02:00:02,Chamber 6,28-0316623b5aff,25.937,T236,42C,off
12/11/2021 02:00:22,Chamber 6,28-0316623b5aff,25.937,T236,42C,off
12/11/2021 02:00:42,Chamber 6,28-0316623b5aff,25.937,T236,42C,off
12/11/2021 02:01:02,Chamber 6,28-0316623b5aff,25.937,T236,42C,off
12/11/2021 02:01:22,Chamber 6,28-0316623b5aff,25.937,T236,42C,off
12/11/2021 02:01:42,Chamber 6,28-0316623b5aff,25.937,T236,42C,off
12/11/2021 02:02:02,Chamber 6,28-0316623b5aff,25.937,T236,42C,off
12/11/2021 02:02:22,Chamber 6,28-0316623b5aff,25.937,T236,42C,off
12/11/2021 02:02:42,Chamber 6,28-0316623b5aff,25.937,T236,42C,off
12/11/2021 02:03:02,Chamber 6,28-0316623b5aff,25.875,T236,42C,off
12/11/2021 02:03:22,Chamber 6,28-0316623b5aff,25.875,T236,42C,off
12/11/2021 02:03:42,Chamber 6,28-0316623b5aff,25.875,T236,42C,off
12/11/2021 02:04:02,Chamber 6,28-0316623b5aff,25.875,T236,42C,off
12/11/2021 02:04:22,Chamber 6,28-0316623b5aff,25.875,T236,42C,off
12/11/2021 02:04:42,Chamber 6,28-0316623b5aff,25.875,T236,42C,off
12/11/2021 02:05:02,Chamber 6,28-0316623b5aff,25.937,T236,42C,off
12/11/2021 02:05:22,Chamber 6,28-0316623b5aff,25.875,T236,42C,off
12/11/2021 02:05:42,Chamber 6,28-0316623b5aff,25.875,T236,42C,off
12/11/2021 02:06:02,Chamber 6,28-0316623b5aff,25.875,T236,42C,off
12/11/2021 02:06:22,Chamber 6,28-0316623b5aff,25.875,T236,42C,off
12/11/2021 02:06:42,Chamber 6,28-0316623b5aff,25.937,T236,42C,off
12/11/2021 02:07:02,Chamber 6,28-0316623b5aff,25.937,T236,42C,off
12/11/2021 02:07:22,Chamber 6,28-0316623b5aff,25.937,T236,42C,off
12/11/2021 02:07:42,Chamber 6,28-0316623b5aff,25.937,T236,42C,off
12/11/2021 02:08:02,Chamber 6,28-0316623b5aff,25.937,T236,42C,off
12/11/2021 02:08:22,Chamber 6,28-0316623b5aff,25.875,T236,42C,off
12/11/2021 02:08:42,Chamber 6,28-0316623b5aff,25.937,T236,42C,off
12/11/2021 02:09:02,Chamber 6,28-0316623b5aff,25.937,T236,42C,off
12/11/2021 02:09:22,Chamber 6,28-0316623b5aff,25.875,T236,42C,off
12/11/2021 02:09:42,Chamber 6,28-0316623b5aff,25.937,T236,42C,off
12/11/2021 02:10:02,Chamber 6,28-0316623b5aff,25.937,T236,42C,off
12/11/2021 02:10:22,Chamber 6,28-0316623b5aff,25.875,T236,42C,off
12/11/2021 02:10:42,Chamber 6,28-0316623b5aff,25.875,T236,42C,off
12/11/2021 02:11:02,Chamber 6,28-0316623b5aff,25.937,T236,42C,off
12/11/2021 02:11:22,Chamber 6,28-0316623b5aff,25.875,T236,42C,off
12/11/2021 02:11:42,Chamber 6,28-0316623b5aff,25.875,T236,42C,off
12/11/2021 02:12:02,Chamber 6,28-0316623b5aff,25.875,T236,42C,off
12/11/2021 02:12:22,Chamber 6,28-0316623b5aff,25.875,T236,42C,off
12/11/2021 02:12:42,Chamber 6,28-0316623b5aff,25.875,T236,42C,off
12/11/2021 02:13:02,Chamber 6,28-0316623b5aff,25.875,T236,42C,off
12/11/2021 02:13:22,Chamber 6,28-0316623b5aff,25.875,T236,42C,off
12/11/2021 02:13:42,Chamber 6,28-0316623b5aff,25.875,T236,42C,off
12/11/2021 02:14:02,Chamber 6,28-0316623b5aff,25.875,T236,42C,off
12/11/2021 02:14:22,Chamber 6,28-0316623b5aff,25.875,T236,42C,off
12/11/2021 02:14:42,Chamber 6,28-0316623b5aff,25.875,T236,42C,off
12/11/2021 02:15:02,Chamber 6,28-0316623b5aff,25.875,T236,42C,off
12/11/2021 02:15:22,Chamber 6,28-0316623b5aff,25.875,T236,42C,off
12/11/2021 02:15:42,Chamber 6,28-0316623b5aff,25.875,T236,42C,off
12/11/2021 02:16:02,Chamber 6,28-0316623b5aff,25.875,T236,42C,off
12/11/2021 02:16:22,Chamber 6,28-0316623b5aff,25.875,T236,42C,off
12/11/2021 02:16:42,Chamber 6,28-0316623b5aff,25.875,T236,42C,off
12/11/2021 02:17:02,Chamber 6,28-0316623b5aff,25.875,T236,42C,off
12/11/2021 02:17:22,Chamber 6,28-0316623b5aff,25.875,T236,42C,off
12/11/2021 02:17:42,Chamber 6,28-0316623b5aff,25.875,T236,42C,off
12/11/2021 02:18:02,Chamber 6,28-0316623b5aff,25.875,T236,42C,off
12/11/2021 02:18:22,Chamber 6,28-0316623b5aff,25.875,T236,42C,off
12/11/2021 02:18:42,Chamber 6,28-0316623b5aff,25.875,T236,42C,off
12/11/2021 02:19:02,Chamber 6,28-0316623b5aff,25.875,T236,42C,off
12/11/2021 02:19:22,Chamber 6,28-0316623b5aff,25.875,T236,42C,off
12/11/2021 02:19:42,Chamber 6,28-0316623b5aff,25.875,T236,42C,off
12/11/2021 02:20:02,Chamber 6,28-0316623b5aff,25.875,T236,42C,off
12/11/2021 02:20:22,Chamber 6,28-0316623b5aff,25.875,T236,42C,off
12/11/2021 02:20:42,Chamber 6,28-0316623b5aff,25.875,T236,42C,off
12/11/2021 02:21:02,Chamber 6,28-0316623b5aff,25.875,T236,42C,off
12/11/2021 02:21:22,Chamber 6,28-0316623b5aff,25.937,T236,42C,off
12/11/2021 02:21:42,Chamber 6,28-0316623b5aff,25.875,T236,42C,off
12/11/2021 02:22:02,Chamber 6,28-0316623b5aff,25.875,T236,42C,off
12/11/2021 02:22:22,Chamber 6,28-0316623b5aff,25.875,T236,42C,off
12/11/2021 02:22:42,Chamber 6,28-0316623b5aff,25.875,T236,42C,off
12/11/2021 02:23:02,Chamber 6,28-0316623b5aff,25.875,T236,42C,off
12/11/2021 02:23:22,Chamber 6,28-0316623b5aff,25.875,T236,42C,off
12/11/2021 02:23:42,Chamber 6,28-0316623b5aff,25.875,T236,42C,off
12/11/2021 02:24:02,Chamber 6,28-0316623b5aff,25.875,T236,42C,off
12/11/2021 02:24:22,Chamber 6,28-0316623b5aff,25.875,T236,42C,off
12/11/2021 02:24:42,Chamber 6,28-0316623b5aff,25.875,T236,42C,off
12/11/2021 02:25:02,Chamber 6,28-0316623b5aff,25.875,T236,42C,off
12/11/2021 02:25:22,Chamber 6,28-0316623b5aff,25.937,T236,42C,off
12/11/2021 02:25:42,Chamber 6,28-0316623b5aff,25.875,T236,42C,off
12/11/2021 02:26:02,Chamber 6,28-0316623b5aff,25.937,T236,42C,off
12/11/2021 02:26:22,Chamber 6,28-0316623b5aff,25.875,T236,42C,off
12/11/2021 02:26:42,Chamber 6,28-0316623b5aff,25.937,T236,42C,off
12/11/2021 02:27:02,Chamber 6,28-0316623b5aff,25.937,T236,42C,off
12/11/2021 02:27:22,Chamber 6,28-0316623b5aff,25.937,T236,42C,off
12/11/2021 02:27:42,Chamber 6,28-0316623b5aff,25.937,T236,42C,off
12/11/2021 02:28:02,Chamber 6,28-0316623b5aff,25.875,T236,42C,off
12/11/2021 02:28:22,Chamber 6,28-0316623b5aff,25.937,T236,42C,off
12/11/2021 02:28:42,Chamber 6,28-0316623b5aff,25.875,T236,42C,off
12/11/2021 02:29:02,Chamber 6,28-0316623b5aff,25.875,T236,42C,off
12/11/2021 02:29:22,Chamber 6,28-0316623b5aff,25.937,T236,42C,off
12/11/2021 02:29:42,Chamber 6,28-0316623b5aff,25.937,T236,42C,off
12/11/2021 02:30:02,Chamber 6,28-0316623b5aff,25.937,T236,42C,off
12/11/2021 02:30:22,Chamber 6,28-0316623b5aff,25.937,T236,42C,off
12/11/2021 02:30:42,Chamber 6,28-0316623b5aff,25.875,T236,42C,off
12/11/2021 02:31:02,Chamber 6,28-0316623b5aff,25.937,T236,42C,off
12/11/2021 02:31:22,Chamber 6,28-0316623b5aff,25.875,T236,42C,off
12/11/2021 02:31:42,Chamber 6,28-0316623b5aff,25.937,T236,42C,off
12/11/2021 02:32:02,Chamber 6,28-0316623b5aff,25.937,T236,42C,off
12/11/2021 02:32:22,Chamber 6,28-0316623b5aff,25.937,T236,42C,off
12/11/2021 02:32:42,Chamber 6,28-0316623b5aff,25.937,T236,42C,off
12/11/2021 02:33:02,Chamber 6,28-0316623b5aff,25.937,T236,42C,off
12/11/2021 02:33:22,Chamber 6,28-0316623b5aff,25.937,T236,42C,off
12/11/2021 02:33:42,Chamber 6,28-0316623b5aff,25.937,T236,42C,off
12/11/2021 02:34:02,Chamber 6,28-0316623b5aff,25.875,T236,42C,off
12/11/2021 02:34:22,Chamber 6,28-0316623b5aff,25.875,T236,42C,off
12/11/2021 02:34:43,Chamber 6,28-0316623b5aff,25.937,T236,42C,off
12/11/2021 02:35:02,Chamber 6,28-0316623b5aff,25.875,T236,42C,off
12/11/2021 02:35:22,Chamber 6,28-0316623b5aff,25.875,T236,42C,off
12/11/2021 02:35:42,Chamber 6,28-0316623b5aff,25.937,T236,42C,off
12/11/2021 02:36:02,Chamber 6,28-0316623b5aff,25.937,T236,42C,off
12/11/2021 02:36:24,Chamber 6,28-0316623b5aff,25.937,T236,42C,off
12/11/2021 02:36:42,Chamber 6,28-0316623b5aff,25.937,T236,42C,off
12/11/2021 02:37:02,Chamber 6,28-0316623b5aff,25.937,T236,42C,off
12/11/2021 02:37:22,Chamber 6,28-0316623b5aff,25.937,T236,42C,off
12/11/2021 02:37:42,Chamber 6,28-0316623b5aff,25.937,T236,42C,off
12/11/2021 02:38:02,Chamber 6,28-0316623b5aff,25.937,T236,42C,off
12/11/2021 02:38:22,Chamber 6,28-0316623b5aff,25.937,T236,42C,off
12/11/2021 02:38:42,Chamber 6,28-0316623b5aff,25.937,T236,42C,off
12/11/2021 02:39:02,Chamber 6,28-0316623b5aff,25.937,T236,42C,off
12/11/2021 02:39:22,Chamber 6,28-0316623b5aff,25.937,T236,42C,off
12/11/2021 02:39:42,Chamber 6,28-0316623b5aff,25.937,T236,42C,off
12/11/2021 02:40:02,Chamber 6,28-0316623b5aff,25.937,T236,42C,off
12/11/2021 02:40:22,Chamber 6,28-0316623b5aff,25.937,T236,42C,off
12/11/2021 02:40:42,Chamber 6,28-0316623b5aff,25.937,T236,42C,off
12/11/2021 02:41:02,Chamber 6,28-0316623b5aff,25.937,T236,42C,off
12/11/2021 02:41:22,Chamber 6,28-0316623b5aff,25.875,T236,42C,off
12/11/2021 02:41:42,Chamber 6,28-0316623b5aff,25.937,T236,42C,off
12/11/2021 02:42:02,Chamber 6,28-0316623b5aff,25.937,T236,42C,off
12/11/2021 02:42:22,Chamber 6,28-0316623b5aff,25.937,T236,42C,off
12/11/2021 02:42:42,Chamber 6,28-0316623b5aff,25.875,T236,42C,off
12/11/2021 02:43:02,Chamber 6,28-0316623b5aff,25.937,T236,42C,off
12/11/2021 02:43:22,Chamber 6,28-0316623b5aff,25.875,T236,42C,off
12/11/2021 02:43:42,Chamber 6,28-0316623b5aff,25.937,T236,42C,off
12/11/2021 02:44:02,Chamber 6,28-0316623b5aff,25.875,T236,42C,off
12/11/2021 02:44:22,Chamber 6,28-0316623b5aff,25.875,T236,42C,off
12/11/2021 02:44:42,Chamber 6,28-0316623b5aff,25.875,T236,42C,off
12/11/2021 02:45:02,Chamber 6,28-0316623b5aff,25.875,T236,42C,off
12/11/2021 02:45:22,Chamber 6,28-0316623b5aff,25.875,T236,42C,off
12/11/2021 02:45:42,Chamber 6,28-0316623b5aff,25.875,T236,42C,off
12/11/2021 02:46:02,Chamber 6,28-0316623b5aff,25.937,T236,42C,off
12/11/2021 02:46:22,Chamber 6,28-0316623b5aff,25.937,T236,42C,off
12/11/2021 02:46:42,Chamber 6,28-0316623b5aff,25.875,T236,42C,off
12/11/2021 02:47:02,Chamber 6,28-0316623b5aff,25.875,T236,42C,off
12/11/2021 02:47:22,Chamber 6,28-0316623b5aff,25.875,T236,42C,off
12/11/2021 02:47:42,Chamber 6,28-0316623b5aff,25.937,T236,42C,off
12/11/2021 02:48:02,Chamber 6,28-0316623b5aff,25.937,T236,42C,off
12/11/2021 02:48:22,Chamber 6,28-0316623b5aff,25.937,T236,42C,off
12/11/2021 02:48:42,Chamber 6,28-0316623b5aff,25.875,T236,42C,off
12/11/2021 02:49:02,Chamber 6,28-0316623b5aff,25.875,T236,42C,off
12/11/2021 02:49:22,Chamber 6,28-0316623b5aff,25.875,T236,42C,off
12/11/2021 02:49:42,Chamber 6,28-0316623b5aff,25.937,T236,42C,off
12/11/2021 02:50:02,Chamber 6,28-0316623b5aff,25.937,T236,42C,off
12/11/2021 02:50:22,Chamber 6,28-0316623b5aff,25.937,T236,42C,off
12/11/2021 02:50:42,Chamber 6,28-0316623b5aff,25.937,T236,42C,off
12/11/2021 02:51:02,Chamber 6,28-0316623b5aff,25.937,T236,42C,off
12/11/2021 02:51:22,Chamber 6,28-0316623b5aff,25.937,T236,42C,off
12/11/2021 02:51:42,Chamber 6,28-0316623b5aff,25.937,T236,42C,off
12/11/2021 02:52:02,Chamber 6,28-0316623b5aff,25.937,T236,42C,off
12/11/2021 02:52:22,Chamber 6,28-0316623b5aff,25.937,T236,42C,off
12/11/2021 02:52:42,Chamber 6,28-0316623b5aff,25.937,T236,42C,off
12/11/2021 02:53:02,Chamber 6,28-0316623b5aff,25.937,T236,42C,off
12/11/2021 02:53:22,Chamber 6,28-0316623b5aff,25.937,T236,42C,off
12/11/2021 02:53:42,Chamber 6,28-0316623b5aff,25.937,T236,42C,off
12/11/2021 02:54:02,Chamber 6,28-0316623b5aff,25.937,T236,42C,off
12/11/2021 02:54:22,Chamber 6,28-0316623b5aff,25.937,T236,42C,off
12/11/2021 02:54:42,Chamber 6,28-0316623b5aff,25.937,T236,42C,off
12/11/2021 02:55:02,Chamber 6,28-0316623b5aff,25.937,T236,42C,off
12/11/2021 02:55:22,Chamber 6,28-0316623b5aff,25.937,T236,42C,off
12/11/2021 02:55:42,Chamber 6,28-0316623b5aff,25.875,T236,42C,off
12/11/2021 02:56:02,Chamber 6,28-0316623b5aff,25.937,T236,42C,off
12/11/2021 02:56:22,Chamber 6,28-0316623b5aff,25.937,T236,42C,off
12/11/2021 02:56:42,Chamber 6,28-0316623b5aff,25.875,T236,42C,off
12/11/2021 02:57:02,Chamber 6,28-0316623b5aff,25.937,T236,42C,off
12/11/2021 02:57:22,Chamber 6,28-0316623b5aff,25.937,T236,42C,off
12/11/2021 02:57:42,Chamber 6,28-0316623b5aff,25.937,T236,42C,off
12/11/2021 02:58:02,Chamber 6,28-0316623b5aff,25.937,T236,42C,off
12/11/2021 02:58:22,Chamber 6,28-0316623b5aff,25.937,T236,42C,off
12/11/2021 02:58:42,Chamber 6,28-0316623b5aff,25.937,T236,42C,off
12/11/2021 02:59:02,Chamber 6,28-0316623b5aff,25.937,T236,42C,off
12/11/2021 02:59:22,Chamber 6,28-0316623b5aff,25.937,T236,42C,off
12/11/2021 02:59:43,Chamber 6,28-0316623b5aff,25.937,T236,42C,off
12/11/2021 03:00:02,Chamber 6,28-0316623b5aff,25.937,T236,42C,off
12/11/2021 03:00:22,Chamber 6,28-0316623b5aff,25.937,T236,42C,off
12/11/2021 03:00:42,Chamber 6,28-0316623b5aff,25.937,T236,42C,off
12/11/2021 03:01:02,Chamber 6,28-0316623b5aff,25.937,T236,42C,off
12/11/2021 03:01:22,Chamber 6,28-0316623b5aff,25.937,T236,42C,off
12/11/2021 03:01:42,Chamber 6,28-0316623b5aff,25.937,T236,42C,off
12/11/2021 03:02:02,Chamber 6,28-0316623b5aff,25.937,T236,42C,off
12/11/2021 03:02:22,Chamber 6,28-0316623b5aff,25.875,T236,42C,off
12/11/2021 03:02:42,Chamber 6,28-0316623b5aff,25.937,T236,42C,off
12/11/2021 03:03:02,Chamber 6,28-0316623b5aff,25.875,T236,42C,off
12/11/2021 03:03:22,Chamber 6,28-0316623b5aff,25.875,T236,42C,off
12/11/2021 03:03:42,Chamber 6,28-0316623b5aff,25.937,T236,42C,off
12/11/2021 03:04:02,Chamber 6,28-0316623b5aff,25.937,T236,42C,off
12/11/2021 03:04:22,Chamber 6,28-0316623b5aff,25.937,T236,42C,off
12/11/2021 03:04:42,Chamber 6,28-0316623b5aff,25.937,T236,42C,off
12/11/2021 03:05:02,Chamber 6,28-0316623b5aff,25.937,T236,42C,off
12/11/2021 03:05:22,Chamber 6,28-0316623b5aff,25.937,T236,42C,off
12/11/2021 03:05:42,Chamber 6,28-0316623b5aff,25.937,T236,42C,off
12/11/2021 03:06:02,Chamber 6,28-0316623b5aff,25.937,T236,42C,off
12/11/2021 03:06:22,Chamber 6,28-0316623b5aff,25.937,T236,42C,off
12/11/2021 03:06:42,Chamber 6,28-0316623b5aff,25.937,T236,42C,off
12/11/2021 03:07:02,Chamber 6,28-0316623b5aff,25.937,T236,42C,off
12/11/2021 03:07:22,Chamber 6,28-0316623b5aff,25.937,T236,42C,off
12/11/2021 03:07:42,Chamber 6,28-0316623b5aff,25.937,T236,42C,off
12/11/2021 03:08:02,Chamber 6,28-0316623b5aff,25.937,T236,42C,off
12/11/2021 03:08:22,Chamber 6,28-0316623b5aff,25.937,T236,42C,off
12/11/2021 03:08:42,Chamber 6,28-0316623b5aff,25.937,T236,42C,off
12/11/2021 03:09:02,Chamber 6,28-0316623b5aff,25.937,T236,42C,off
12/11/2021 03:09:22,Chamber 6,28-0316623b5aff,25.937,T236,42C,off
12/11/2021 03:09:42,Chamber 6,28-0316623b5aff,25.937,T236,42C,off
12/11/2021 03:10:02,Chamber 6,28-0316623b5aff,25.937,T236,42C,off
12/11/2021 03:10:22,Chamber 6,28-0316623b5aff,25.937,T236,42C,off
12/11/2021 03:10:42,Chamber 6,28-0316623b5aff,25.937,T236,42C,off
12/11/2021 03:11:02,Chamber 6,28-0316623b5aff,25.937,T236,42C,off
12/11/2021 03:11:22,Chamber 6,28-0316623b5aff,25.937,T236,42C,off
12/11/2021 03:11:42,Chamber 6,28-0316623b5aff,25.937,T236,42C,off
12/11/2021 03:12:02,Chamber 6,28-0316623b5aff,25.937,T236,42C,off
12/11/2021 03:12:22,Chamber 6,28-0316623b5aff,25.937,T236,42C,off
12/11/2021 03:12:42,Chamber 6,28-0316623b5aff,25.937,T236,42C,off
12/11/2021 03:13:02,Chamber 6,28-0316623b5aff,25.937,T236,42C,off
12/11/2021 03:13:22,Chamber 6,28-0316623b5aff,25.937,T236,42C,off
12/11/2021 03:13:42,Chamber 6,28-0316623b5aff,25.937,T236,42C,off
12/11/2021 03:14:02,Chamber 6,28-0316623b5aff,25.937,T236,42C,off
12/11/2021 03:14:22,Chamber 6,28-0316623b5aff,25.937,T236,42C,off
12/11/2021 03:14:42,Chamber 6,28-0316623b5aff,25.937,T236,42C,off
12/11/2021 03:15:02,Chamber 6,28-0316623b5aff,25.937,T236,42C,off
12/11/2021 03:15:22,Chamber 6,28-0316623b5aff,25.937,T236,42C,off
12/11/2021 03:15:42,Chamber 6,28-0316623b5aff,25.937,T236,42C,off
12/11/2021 03:16:02,Chamber 6,28-0316623b5aff,25.937,T236,42C,off
12/11/2021 03:16:22,Chamber 6,28-0316623b5aff,25.937,T236,42C,off
12/11/2021 03:16:42,Chamber 6,28-0316623b5aff,25.937,T236,42C,off
12/11/2021 03:17:02,Chamber 6,28-0316623b5aff,25.937,T236,42C,off
12/11/2021 03:17:22,Chamber 6,28-0316623b5aff,25.937,T236,42C,off
12/11/2021 03:17:43,Chamber 6,28-0316623b5aff,25.937,T236,42C,off
12/11/2021 03:18:02,Chamber 6,28-0316623b5aff,25.937,T236,42C,off
12/11/2021 03:18:23,Chamber 6,28-0316623b5aff,25.937,T236,42C,off
12/11/2021 03:18:42,Chamber 6,28-0316623b5aff,25.937,T236,42C,off
12/11/2021 03:19:02,Chamber 6,28-0316623b5aff,25.937,T236,42C,off
12/11/2021 03:19:22,Chamber 6,28-0316623b5aff,25.937,T236,42C,off
12/11/2021 03:19:42,Chamber 6,28-0316623b5aff,25.937,T236,42C,off
12/11/2021 03:20:02,Chamber 6,28-0316623b5aff,25.937,T236,42C,off
12/11/2021 03:20:22,Chamber 6,28-0316623b5aff,25.937,T236,42C,off
12/11/2021 03:20:42,Chamber 6,28-0316623b5aff,25.937,T236,42C,off
12/11/2021 03:21:02,Chamber 6,28-0316623b5aff,25.937,T236,42C,off
12/11/2021 03:21:22,Chamber 6,28-0316623b5aff,25.937,T236,42C,off
12/11/2021 03:21:42,Chamber 6,28-0316623b5aff,25.937,T236,42C,off
12/11/2021 03:22:02,Chamber 6,28-0316623b5aff,25.937,T236,42C,off
12/11/2021 03:22:22,Chamber 6,28-0316623b5aff,25.937,T236,42C,off
12/11/2021 03:22:42,Chamber 6,28-0316623b5aff,25.937,T236,42C,off
12/11/2021 03:23:02,Chamber 6,28-0316623b5aff,25.937,T236,42C,off
12/11/2021 03:23:22,Chamber 6,28-0316623b5aff,25.937,T236,42C,off
12/11/2021 03:23:42,Chamber 6,28-0316623b5aff,25.937,T236,42C,off
12/11/2021 03:24:02,Chamber 6,28-0316623b5aff,25.937,T236,42C,off
12/11/2021 03:24:22,Chamber 6,28-0316623b5aff,25.937,T236,42C,off
12/11/2021 03:24:42,Chamber 6,28-0316623b5aff,25.937,T236,42C,off
12/11/2021 03:25:02,Chamber 6,28-0316623b5aff,25.937,T236,42C,off
12/11/2021 03:25:22,Chamber 6,28-0316623b5aff,25.937,T236,42C,off
12/11/2021 03:25:42,Chamber 6,28-0316623b5aff,25.937,T236,42C,off
12/11/2021 03:26:03,Chamber 6,28-0316623b5aff,25.937,T236,42C,off
12/11/2021 03:26:22,Chamber 6,28-0316623b5aff,25.937,T236,42C,off
12/11/2021 03:26:42,Chamber 6,28-0316623b5aff,25.937,T236,42C,off
12/11/2021 03:27:02,Chamber 6,28-0316623b5aff,25.937,T236,42C,off
12/11/2021 03:27:22,Chamber 6,28-0316623b5aff,25.937,T236,42C,off
12/11/2021 03:27:42,Chamber 6,28-0316623b5aff,25.937,T236,42C,off
12/11/2021 03:28:02,Chamber 6,28-0316623b5aff,25.937,T236,42C,off
12/11/2021 03:28:22,Chamber 6,28-0316623b5aff,25.937,T236,42C,off
12/11/2021 03:28:42,Chamber 6,28-0316623b5aff,25.937,T236,42C,off
12/11/2021 03:29:02,Chamber 6,28-0316623b5aff,25.937,T236,42C,off
12/11/2021 03:29:22,Chamber 6,28-0316623b5aff,25.937,T236,42C,off
12/11/2021 03:29:42,Chamber 6,28-0316623b5aff,25.875,T236,42C,off
12/11/2021 03:30:02,Chamber 6,28-0316623b5aff,25.937,T236,42C,off
12/11/2021 03:30:22,Chamber 6,28-0316623b5aff,25.937,T236,42C,off
12/11/2021 03:30:42,Chamber 6,28-0316623b5aff,25.937,T236,42C,off
12/11/2021 03:31:02,Chamber 6,28-0316623b5aff,25.937,T236,42C,off
12/11/2021 03:31:22,Chamber 6,28-0316623b5aff,25.937,T236,42C,off
12/11/2021 03:31:42,Chamber 6,28-0316623b5aff,25.875,T236,42C,off
12/11/2021 03:32:02,Chamber 6,28-0316623b5aff,25.875,T236,42C,off
12/11/2021 03:32:22,Chamber 6,28-0316623b5aff,25.937,T236,42C,off
12/11/2021 03:32:42,Chamber 6,28-0316623b5aff,25.937,T236,42C,off
12/11/2021 03:33:02,Chamber 6,28-0316623b5aff,25.937,T236,42C,off
12/11/2021 03:33:22,Chamber 6,28-0316623b5aff,25.937,T236,42C,off
12/11/2021 03:33:42,Chamber 6,28-0316623b5aff,25.937,T236,42C,off
12/11/2021 03:34:02,Chamber 6,28-0316623b5aff,25.937,T236,42C,off
12/11/2021 03:34:22,Chamber 6,28-0316623b5aff,25.937,T236,42C,off
12/11/2021 03:34:42,Chamber 6,28-0316623b5aff,25.937,T236,42C,off
12/11/2021 03:35:02,Chamber 6,28-0316623b5aff,25.937,T236,42C,off
12/11/2021 03:35:22,Chamber 6,28-0316623b5aff,25.937,T236,42C,off
12/11/2021 03:35:42,Chamber 6,28-0316623b5aff,25.937,T236,42C,off
12/11/2021 03:36:02,Chamber 6,28-0316623b5aff,25.937,T236,42C,off
12/11/2021 03:36:22,Chamber 6,28-0316623b5aff,25.937,T236,42C,off
12/11/2021 03:36:42,Chamber 6,28-0316623b5aff,25.937,T236,42C,off
12/11/2021 03:37:02,Chamber 6,28-0316623b5aff,25.937,T236,42C,off
12/11/2021 03:37:22,Chamber 6,28-0316623b5aff,25.937,T236,42C,off
12/11/2021 03:37:42,Chamber 6,28-0316623b5aff,25.937,T236,42C,off
12/11/2021 03:38:03,Chamber 6,28-0316623b5aff,25.937,T236,42C,off
12/11/2021 03:38:22,Chamber 6,28-0316623b5aff,25.937,T236,42C,off
12/11/2021 03:38:42,Chamber 6,28-0316623b5aff,25.875,T236,42C,off
12/11/2021 03:39:02,Chamber 6,28-0316623b5aff,25.875,T236,42C,off
12/11/2021 03:39:22,Chamber 6,28-0316623b5aff,25.875,T236,42C,off
12/11/2021 03:39:43,Chamber 6,28-0316623b5aff,25.937,T236,42C,off
12/11/2021 03:40:02,Chamber 6,28-0316623b5aff,25.937,T236,42C,off
12/11/2021 03:40:22,Chamber 6,28-0316623b5aff,25.937,T236,42C,off
12/11/2021 03:40:42,Chamber 6,28-0316623b5aff,25.937,T236,42C,off
12/11/2021 03:41:02,Chamber 6,28-0316623b5aff,25.937,T236,42C,off
12/11/2021 03:41:22,Chamber 6,28-0316623b5aff,25.937,T236,42C,off
12/11/2021 03:41:42,Chamber 6,28-0316623b5aff,25.937,T236,42C,off
12/11/2021 03:42:02,Chamber 6,28-0316623b5aff,25.937,T236,42C,off
12/11/2021 03:42:22,Chamber 6,28-0316623b5aff,25.937,T236,42C,off
12/11/2021 03:42:42,Chamber 6,28-0316623b5aff,25.937,T236,42C,off
12/11/2021 03:43:02,Chamber 6,28-0316623b5aff,25.937,T236,42C,off
12/11/2021 03:43:22,Chamber 6,28-0316623b5aff,25.937,T236,42C,off
12/11/2021 03:43:42,Chamber 6,28-0316623b5aff,25.937,T236,42C,off
12/11/2021 03:44:02,Chamber 6,28-0316623b5aff,25.937,T236,42C,off
12/11/2021 03:44:22,Chamber 6,28-0316623b5aff,25.937,T236,42C,off
12/11/2021 03:44:42,Chamber 6,28-0316623b5aff,25.937,T236,42C,off
12/11/2021 03:45:02,Chamber 6,28-0316623b5aff,25.937,T236,42C,off
12/11/2021 03:45:22,Chamber 6,28-0316623b5aff,25.937,T236,42C,off
12/11/2021 03:45:42,Chamber 6,28-0316623b5aff,25.937,T236,42C,off
12/11/2021 03:46:02,Chamber 6,28-0316623b5aff,25.937,T236,42C,off
12/11/2021 03:46:22,Chamber 6,28-0316623b5aff,25.937,T236,42C,off
12/11/2021 03:46:42,Chamber 6,28-0316623b5aff,25.937,T236,42C,off
12/11/2021 03:47:02,Chamber 6,28-0316623b5aff,25.937,T236,42C,off
12/11/2021 03:47:22,Chamber 6,28-0316623b5aff,25.937,T236,42C,off
12/11/2021 03:47:42,Chamber 6,28-0316623b5aff,25.937,T236,42C,off
12/11/2021 03:48:02,Chamber 6,28-0316623b5aff,25.937,T236,42C,off
12/11/2021 03:48:22,Chamber 6,28-0316623b5aff,25.937,T236,42C,off
12/11/2021 03:48:42,Chamber 6,28-0316623b5aff,25.937,T236,42C,off
12/11/2021 03:49:02,Chamber 6,28-0316623b5aff,25.937,T236,42C,off
12/11/2021 03:49:22,Chamber 6,28-0316623b5aff,25.937,T236,42C,off
12/11/2021 03:49:42,Chamber 6,28-0316623b5aff,25.937,T236,42C,off
12/11/2021 03:50:02,Chamber 6,28-0316623b5aff,25.937,T236,42C,off
12/11/2021 03:50:22,Chamber 6,28-0316623b5aff,25.937,T236,42C,off
12/11/2021 03:50:42,Chamber 6,28-0316623b5aff,25.937,T236,42C,off
12/11/2021 03:51:02,Chamber 6,28-0316623b5aff,25.937,T236,42C,off
12/11/2021 03:51:22,Chamber 6,28-0316623b5aff,25.937,T236,42C,off
12/11/2021 03:51:42,Chamber 6,28-0316623b5aff,25.937,T236,42C,off
12/11/2021 03:52:02,Chamber 6,28-0316623b5aff,25.937,T236,42C,off
12/11/2021 03:52:22,Chamber 6,28-0316623b5aff,25.937,T236,42C,off
12/11/2021 03:52:42,Chamber 6,28-0316623b5aff,25.937,T236,42C,off
12/11/2021 03:53:02,Chamber 6,28-0316623b5aff,25.937,T236,42C,off
12/11/2021 03:53:22,Chamber 6,28-0316623b5aff,25.937,T236,42C,off
12/11/2021 03:53:42,Chamber 6,28-0316623b5aff,25.937,T236,42C,off
12/11/2021 03:54:02,Chamber 6,28-0316623b5aff,25.937,T236,42C,off
12/11/2021 03:54:22,Chamber 6,28-0316623b5aff,25.937,T236,42C,off
12/11/2021 03:54:42,Chamber 6,28-0316623b5aff,25.937,T236,42C,off
12/11/2021 03:55:02,Chamber 6,28-0316623b5aff,25.937,T236,42C,off
12/11/2021 03:55:22,Chamber 6,28-0316623b5aff,25.937,T236,42C,off
12/11/2021 03:55:42,Chamber 6,28-0316623b5aff,25.937,T236,42C,off
12/11/2021 03:56:02,Chamber 6,28-0316623b5aff,25.937,T236,42C,off
12/11/2021 03:56:22,Chamber 6,28-0316623b5aff,25.937,T236,42C,off
12/11/2021 03:56:42,Chamber 6,28-0316623b5aff,25.937,T236,42C,off
12/11/2021 03:57:02,Chamber 6,28-0316623b5aff,25.937,T236,42C,off
12/11/2021 03:57:22,Chamber 6,28-0316623b5aff,25.937,T236,42C,off
12/11/2021 03:57:42,Chamber 6,28-0316623b5aff,25.937,T236,42C,off
12/11/2021 03:58:02,Chamber 6,28-0316623b5aff,25.937,T236,42C,off
12/11/2021 03:58:24,Chamber 6,28-0316623b5aff,25.937,T236,42C,off
12/11/2021 03:58:42,Chamber 6,28-0316623b5aff,25.937,T236,42C,off
12/11/2021 03:59:02,Chamber 6,28-0316623b5aff,25.937,T236,42C,off
12/11/2021 03:59:22,Chamber 6,28-0316623b5aff,25.937,T236,42C,off
12/11/2021 03:59:42,Chamber 6,28-0316623b5aff,25.937,T236,42C,off
12/11/2021 04:00:02,Chamber 6,28-0316623b5aff,25.937,T236,42C,off
12/11/2021 04:00:22,Chamber 6,28-0316623b5aff,25.937,T236,42C,off
12/11/2021 04:00:42,Chamber 6,28-0316623b5aff,25.937,T236,42C,off
12/11/2021 04:01:02,Chamber 6,28-0316623b5aff,25.937,T236,42C,off
12/11/2021 04:01:22,Chamber 6,28-0316623b5aff,25.937,T236,42C,off
12/11/2021 04:01:42,Chamber 6,28-0316623b5aff,25.937,T236,42C,off
12/11/2021 04:02:02,Chamber 6,28-0316623b5aff,25.937,T236,42C,off
12/11/2021 04:02:22,Chamber 6,28-0316623b5aff,25.937,T236,42C,off
12/11/2021 04:02:42,Chamber 6,28-0316623b5aff,25.937,T236,42C,off
12/11/2021 04:03:02,Chamber 6,28-0316623b5aff,25.937,T236,42C,off
12/11/2021 04:03:22,Chamber 6,28-0316623b5aff,25.937,T236,42C,off
12/11/2021 04:03:42,Chamber 6,28-0316623b5aff,25.937,T236,42C,off
12/11/2021 04:04:03,Chamber 6,28-0316623b5aff,25.937,T236,42C,off
12/11/2021 04:04:22,Chamber 6,28-0316623b5aff,25.937,T236,42C,off
12/11/2021 04:04:43,Chamber 6,28-0316623b5aff,25.937,T236,42C,off
12/11/2021 04:05:02,Chamber 6,28-0316623b5aff,25.937,T236,42C,off
12/11/2021 04:05:22,Chamber 6,28-0316623b5aff,25.875,T236,42C,off
12/11/2021 04:05:42,Chamber 6,28-0316623b5aff,25.937,T236,42C,off
12/11/2021 04:06:02,Chamber 6,28-0316623b5aff,25.937,T236,42C,off
12/11/2021 04:06:22,Chamber 6,28-0316623b5aff,25.937,T236,42C,off
12/11/2021 04:06:42,Chamber 6,28-0316623b5aff,25.937,T236,42C,off
12/11/2021 04:07:02,Chamber 6,28-0316623b5aff,25.937,T236,42C,off
12/11/2021 04:07:22,Chamber 6,28-0316623b5aff,25.937,T236,42C,off
12/11/2021 04:07:42,Chamber 6,28-0316623b5aff,25.937,T236,42C,off
12/11/2021 04:08:02,Chamber 6,28-0316623b5aff,25.875,T236,42C,off
12/11/2021 04:08:22,Chamber 6,28-0316623b5aff,25.875,T236,42C,off
12/11/2021 04:08:42,Chamber 6,28-0316623b5aff,25.875,T236,42C,off
12/11/2021 04:09:02,Chamber 6,28-0316623b5aff,25.875,T236,42C,off
12/11/2021 04:09:22,Chamber 6,28-0316623b5aff,25.937,T236,42C,off
12/11/2021 04:09:42,Chamber 6,28-0316623b5aff,25.937,T236,42C,off
12/11/2021 04:10:03,Chamber 6,28-0316623b5aff,25.937,T236,42C,off
12/11/2021 04:10:22,Chamber 6,28-0316623b5aff,25.937,T236,42C,off
12/11/2021 04:10:42,Chamber 6,28-0316623b5aff,25.937,T236,42C,off
12/11/2021 04:11:02,Chamber 6,28-0316623b5aff,25.937,T236,42C,off
12/11/2021 04:11:22,Chamber 6,28-0316623b5aff,25.875,T236,42C,off
12/11/2021 04:11:42,Chamber 6,28-0316623b5aff,25.937,T236,42C,off
12/11/2021 04:12:02,Chamber 6,28-0316623b5aff,25.937,T236,42C,off
12/11/2021 04:12:22,Chamber 6,28-0316623b5aff,25.875,T236,42C,off
12/11/2021 04:12:42,Chamber 6,28-0316623b5aff,25.937,T236,42C,off
12/11/2021 04:13:02,Chamber 6,28-0316623b5aff,25.937,T236,42C,off
12/11/2021 04:13:22,Chamber 6,28-0316623b5aff,25.937,T236,42C,off
12/11/2021 04:13:42,Chamber 6,28-0316623b5aff,25.937,T236,42C,off
12/11/2021 04:14:02,Chamber 6,28-0316623b5aff,25.937,T236,42C,off
12/11/2021 04:14:22,Chamber 6,28-0316623b5aff,25.937,T236,42C,off
12/11/2021 04:14:42,Chamber 6,28-0316623b5aff,25.937,T236,42C,off
12/11/2021 04:15:02,Chamber 6,28-0316623b5aff,25.937,T236,42C,off
12/11/2021 04:15:22,Chamber 6,28-0316623b5aff,25.937,T236,42C,off
12/11/2021 04:15:42,Chamber 6,28-0316623b5aff,25.937,T236,42C,off
12/11/2021 04:16:02,Chamber 6,28-0316623b5aff,25.937,T236,42C,off
12/11/2021 04:16:22,Chamber 6,28-0316623b5aff,25.937,T236,42C,off
12/11/2021 04:16:43,Chamber 6,28-0316623b5aff,25.937,T236,42C,off
12/11/2021 04:17:02,Chamber 6,28-0316623b5aff,25.937,T236,42C,off
12/11/2021 04:17:22,Chamber 6,28-0316623b5aff,25.937,T236,42C,off
12/11/2021 04:17:42,Chamber 6,28-0316623b5aff,25.937,T236,42C,off
12/11/2021 04:18:02,Chamber 6,28-0316623b5aff,25.937,T236,42C,off
12/11/2021 04:18:22,Chamber 6,28-0316623b5aff,25.937,T236,42C,off
12/11/2021 04:18:42,Chamber 6,28-0316623b5aff,25.875,T236,42C,off
12/11/2021 04:19:02,Chamber 6,28-0316623b5aff,25.937,T236,42C,off
12/11/2021 04:19:22,Chamber 6,28-0316623b5aff,25.937,T236,42C,off
12/11/2021 04:19:42,Chamber 6,28-0316623b5aff,25.937,T236,42C,off
12/11/2021 04:20:02,Chamber 6,28-0316623b5aff,25.937,T236,42C,off
12/11/2021 04:20:22,Chamber 6,28-0316623b5aff,25.937,T236,42C,off
12/11/2021 04:20:42,Chamber 6,28-0316623b5aff,25.937,T236,42C,off
12/11/2021 04:21:02,Chamber 6,28-0316623b5aff,25.937,T236,42C,off
12/11/2021 04:21:22,Chamber 6,28-0316623b5aff,25.937,T236,42C,off
12/11/2021 04:21:42,Chamber 6,28-0316623b5aff,25.937,T236,42C,off
12/11/2021 04:22:02,Chamber 6,28-0316623b5aff,25.937,T236,42C,off
12/11/2021 04:22:22,Chamber 6,28-0316623b5aff,25.937,T236,42C,off
12/11/2021 04:22:42,Chamber 6,28-0316623b5aff,25.937,T236,42C,off
12/11/2021 04:23:02,Chamber 6,28-0316623b5aff,25.875,T236,42C,off
12/11/2021 04:23:23,Chamber 6,28-0316623b5aff,25.937,T236,42C,off
12/11/2021 04:23:42,Chamber 6,28-0316623b5aff,25.875,T236,42C,off
12/11/2021 04:24:02,Chamber 6,28-0316623b5aff,25.875,T236,42C,off
12/11/2021 04:24:22,Chamber 6,28-0316623b5aff,25.875,T236,42C,off
12/11/2021 04:24:42,Chamber 6,28-0316623b5aff,25.937,T236,42C,off
12/11/2021 04:25:02,Chamber 6,28-0316623b5aff,25.937,T236,42C,off
12/11/2021 04:25:22,Chamber 6,28-0316623b5aff,25.937,T236,42C,off
12/11/2021 04:25:42,Chamber 6,28-0316623b5aff,25.937,T236,42C,off
12/11/2021 04:26:02,Chamber 6,28-0316623b5aff,25.937,T236,42C,off
12/11/2021 04:26:22,Chamber 6,28-0316623b5aff,25.875,T236,42C,off
12/11/2021 04:26:42,Chamber 6,28-0316623b5aff,25.937,T236,42C,off
12/11/2021 04:27:02,Chamber 6,28-0316623b5aff,25.875,T236,42C,off
12/11/2021 04:27:22,Chamber 6,28-0316623b5aff,25.875,T236,42C,off
12/11/2021 04:27:42,Chamber 6,28-0316623b5aff,25.937,T236,42C,off
12/11/2021 04:28:02,Chamber 6,28-0316623b5aff,25.937,T236,42C,off
12/11/2021 04:28:22,Chamber 6,28-0316623b5aff,25.937,T236,42C,off
12/11/2021 04:28:42,Chamber 6,28-0316623b5aff,25.937,T236,42C,off
12/11/2021 04:29:02,Chamber 6,28-0316623b5aff,25.937,T236,42C,off
12/11/2021 04:29:22,Chamber 6,28-0316623b5aff,25.937,T236,42C,off
12/11/2021 04:29:42,Chamber 6,28-0316623b5aff,25.937,T236,42C,off
12/11/2021 04:30:02,Chamber 6,28-0316623b5aff,25.937,T236,42C,off
12/11/2021 04:30:22,Chamber 6,28-0316623b5aff,25.937,T236,42C,off
12/11/2021 04:30:43,Chamber 6,28-0316623b5aff,25.937,T236,42C,off
12/11/2021 04:31:02,Chamber 6,28-0316623b5aff,25.937,T236,42C,off
12/11/2021 04:31:22,Chamber 6,28-0316623b5aff,25.937,T236,42C,off
12/11/2021 04:31:42,Chamber 6,28-0316623b5aff,25.937,T236,42C,off
12/11/2021 04:32:02,Chamber 6,28-0316623b5aff,25.937,T236,42C,off
12/11/2021 04:32:22,Chamber 6,28-0316623b5aff,25.937,T236,42C,off
12/11/2021 04:32:42,Chamber 6,28-0316623b5aff,25.937,T236,42C,off
12/11/2021 04:33:02,Chamber 6,28-0316623b5aff,25.937,T236,42C,off
12/11/2021 04:33:22,Chamber 6,28-0316623b5aff,25.937,T236,42C,off
12/11/2021 04:33:42,Chamber 6,28-0316623b5aff,25.937,T236,42C,off
12/11/2021 04:34:02,Chamber 6,28-0316623b5aff,25.937,T236,42C,off
12/11/2021 04:34:22,Chamber 6,28-0316623b5aff,25.937,T236,42C,off
12/11/2021 04:34:42,Chamber 6,28-0316623b5aff,25.937,T236,42C,off
12/11/2021 04:35:02,Chamber 6,28-0316623b5aff,25.937,T236,42C,off
12/11/2021 04:35:22,Chamber 6,28-0316623b5aff,25.937,T236,42C,off
12/11/2021 04:35:42,Chamber 6,28-0316623b5aff,25.937,T236,42C,off
12/11/2021 04:36:02,Chamber 6,28-0316623b5aff,25.937,T236,42C,off
12/11/2021 04:36:22,Chamber 6,28-0316623b5aff,25.937,T236,42C,off
12/11/2021 04:36:42,Chamber 6,28-0316623b5aff,25.937,T236,42C,off
12/11/2021 04:37:02,Chamber 6,28-0316623b5aff,25.937,T236,42C,off
12/11/2021 04:37:22,Chamber 6,28-0316623b5aff,25.937,T236,42C,off
12/11/2021 04:37:42,Chamber 6,28-0316623b5aff,25.937,T236,42C,off
12/11/2021 04:38:02,Chamber 6,28-0316623b5aff,25.937,T236,42C,off
12/11/2021 04:38:22,Chamber 6,28-0316623b5aff,25.937,T236,42C,off
12/11/2021 04:38:42,Chamber 6,28-0316623b5aff,25.937,T236,42C,off
12/11/2021 04:39:02,Chamber 6,28-0316623b5aff,25.937,T236,42C,off
12/11/2021 04:39:22,Chamber 6,28-0316623b5aff,25.937,T236,42C,off
12/11/2021 04:39:42,Chamber 6,28-0316623b5aff,25.937,T236,42C,off
12/11/2021 04:40:02,Chamber 6,28-0316623b5aff,25.937,T236,42C,off
12/11/2021 04:40:22,Chamber 6,28-0316623b5aff,25.937,T236,42C,off
12/11/2021 04:40:42,Chamber 6,28-0316623b5aff,25.937,T236,42C,off
12/11/2021 04:41:02,Chamber 6,28-0316623b5aff,25.937,T236,42C,off
12/11/2021 04:41:22,Chamber 6,28-0316623b5aff,25.937,T236,42C,off
12/11/2021 04:41:42,Chamber 6,28-0316623b5aff,25.937,T236,42C,off
12/11/2021 04:42:02,Chamber 6,28-0316623b5aff,25.937,T236,42C,off
12/11/2021 04:42:22,Chamber 6,28-0316623b5aff,25.937,T236,42C,off
12/11/2021 04:42:42,Chamber 6,28-0316623b5aff,25.937,T236,42C,off
12/11/2021 04:43:02,Chamber 6,28-0316623b5aff,25.937,T236,42C,off
12/11/2021 04:43:22,Chamber 6,28-0316623b5aff,25.937,T236,42C,off
12/11/2021 04:43:42,Chamber 6,28-0316623b5aff,25.937,T236,42C,off
12/11/2021 04:44:02,Chamber 6,28-0316623b5aff,25.937,T236,42C,off
12/11/2021 04:44:22,Chamber 6,28-0316623b5aff,25.937,T236,42C,off
12/11/2021 04:44:42,Chamber 6,28-0316623b5aff,25.937,T236,42C,off
12/11/2021 04:45:02,Chamber 6,28-0316623b5aff,25.937,T236,42C,off
12/11/2021 04:45:22,Chamber 6,28-0316623b5aff,25.937,T236,42C,off
12/11/2021 04:45:42,Chamber 6,28-0316623b5aff,25.937,T236,42C,off
12/11/2021 04:46:02,Chamber 6,28-0316623b5aff,25.937,T236,42C,off
12/11/2021 04:46:22,Chamber 6,28-0316623b5aff,25.937,T236,42C,off
12/11/2021 04:46:42,Chamber 6,28-0316623b5aff,25.937,T236,42C,off
12/11/2021 04:47:02,Chamber 6,28-0316623b5aff,25.937,T236,42C,off
12/11/2021 04:47:22,Chamber 6,28-0316623b5aff,25.937,T236,42C,off
12/11/2021 04:47:42,Chamber 6,28-0316623b5aff,25.937,T236,42C,off
12/11/2021 04:48:02,Chamber 6,28-0316623b5aff,25.937,T236,42C,off
12/11/2021 04:48:22,Chamber 6,28-0316623b5aff,25.937,T236,42C,off
12/11/2021 04:48:42,Chamber 6,28-0316623b5aff,25.937,T236,42C,off
12/11/2021 04:49:02,Chamber 6,28-0316623b5aff,25.937,T236,42C,off
12/11/2021 04:49:22,Chamber 6,28-0316623b5aff,25.937,T236,42C,off
12/11/2021 04:49:42,Chamber 6,28-0316623b5aff,25.937,T236,42C,off
12/11/2021 04:50:02,Chamber 6,28-0316623b5aff,25.937,T236,42C,off
12/11/2021 04:50:22,Chamber 6,28-0316623b5aff,25.937,T236,42C,off
12/11/2021 04:50:42,Chamber 6,28-0316623b5aff,25.937,T236,42C,off
12/11/2021 04:51:02,Chamber 6,28-0316623b5aff,25.937,T236,42C,off
12/11/2021 04:51:22,Chamber 6,28-0316623b5aff,25.937,T236,42C,off
12/11/2021 04:51:42,Chamber 6,28-0316623b5aff,25.937,T236,42C,off
12/11/2021 04:52:02,Chamber 6,28-0316623b5aff,25.937,T236,42C,off
12/11/2021 04:52:22,Chamber 6,28-0316623b5aff,25.937,T236,42C,off
12/11/2021 04:52:42,Chamber 6,28-0316623b5aff,25.937,T236,42C,off
12/11/2021 04:53:02,Chamber 6,28-0316623b5aff,25.937,T236,42C,off
12/11/2021 04:53:22,Chamber 6,28-0316623b5aff,25.937,T236,42C,off
12/11/2021 04:53:42,Chamber 6,28-0316623b5aff,25.937,T236,42C,off
12/11/2021 04:54:02,Chamber 6,28-0316623b5aff,25.937,T236,42C,off
12/11/2021 04:54:22,Chamber 6,28-0316623b5aff,25.937,T236,42C,off
12/11/2021 04:54:42,Chamber 6,28-0316623b5aff,25.937,T236,42C,off
12/11/2021 04:55:02,Chamber 6,28-0316623b5aff,25.937,T236,42C,off
12/11/2021 04:55:22,Chamber 6,28-0316623b5aff,25.937,T236,42C,off
12/11/2021 04:55:42,Chamber 6,28-0316623b5aff,25.937,T236,42C,off
12/11/2021 04:56:02,Chamber 6,28-0316623b5aff,25.937,T236,42C,off
12/11/2021 04:56:22,Chamber 6,28-0316623b5aff,25.937,T236,42C,off
12/11/2021 04:56:42,Chamber 6,28-0316623b5aff,25.937,T236,42C,off
12/11/2021 04:57:02,Chamber 6,28-0316623b5aff,25.937,T236,42C,off
12/11/2021 04:57:22,Chamber 6,28-0316623b5aff,25.937,T236,42C,off
12/11/2021 04:57:42,Chamber 6,28-0316623b5aff,25.937,T236,42C,off
12/11/2021 04:58:02,Chamber 6,28-0316623b5aff,25.937,T236,42C,off
12/11/2021 04:58:23,Chamber 6,28-0316623b5aff,25.937,T236,42C,off
12/11/2021 04:58:42,Chamber 6,28-0316623b5aff,25.937,T236,42C,off
12/11/2021 04:59:02,Chamber 6,28-0316623b5aff,25.937,T236,42C,off
12/11/2021 04:59:22,Chamber 6,28-0316623b5aff,25.937,T236,42C,off
12/11/2021 04:59:42,Chamber 6,28-0316623b5aff,25.937,T236,42C,off
12/11/2021 05:00:02,Chamber 6,28-0316623b5aff,25.937,T236,42C,off
12/11/2021 05:00:23,Chamber 6,28-0316623b5aff,25.937,T236,42C,off
12/11/2021 05:00:42,Chamber 6,28-0316623b5aff,25.937,T236,42C,off
12/11/2021 05:01:02,Chamber 6,28-0316623b5aff,25.937,T236,42C,off
12/11/2021 05:01:22,Chamber 6,28-0316623b5aff,25.937,T236,42C,off
12/11/2021 05:01:42,Chamber 6,28-0316623b5aff,25.937,T236,42C,off
12/11/2021 05:02:02,Chamber 6,28-0316623b5aff,25.937,T236,42C,off
12/11/2021 05:02:22,Chamber 6,28-0316623b5aff,25.937,T236,42C,off
12/11/2021 05:02:42,Chamber 6,28-0316623b5aff,25.937,T236,42C,off
12/11/2021 05:03:02,Chamber 6,28-0316623b5aff,25.937,T236,42C,off
12/11/2021 05:03:22,Chamber 6,28-0316623b5aff,25.937,T236,42C,off
12/11/2021 05:03:42,Chamber 6,28-0316623b5aff,25.937,T236,42C,off
12/11/2021 05:04:02,Chamber 6,28-0316623b5aff,25.937,T236,42C,off
12/11/2021 05:04:22,Chamber 6,28-0316623b5aff,25.937,T236,42C,off
12/11/2021 05:04:44,Chamber 6,28-0316623b5aff,25.937,T236,42C,off
12/11/2021 05:05:02,Chamber 6,28-0316623b5aff,25.937,T236,42C,off
12/11/2021 05:05:22,Chamber 6,28-0316623b5aff,25.937,T236,42C,off
12/11/2021 05:05:42,Chamber 6,28-0316623b5aff,25.937,T236,42C,off
12/11/2021 05:06:02,Chamber 6,28-0316623b5aff,25.937,T236,42C,off
12/11/2021 05:06:22,Chamber 6,28-0316623b5aff,25.937,T236,42C,off
12/11/2021 05:06:42,Chamber 6,28-0316623b5aff,25.937,T236,42C,off
12/11/2021 05:07:02,Chamber 6,28-0316623b5aff,25.937,T236,42C,off
12/11/2021 05:07:22,Chamber 6,28-0316623b5aff,25.937,T236,42C,off
12/11/2021 05:07:42,Chamber 6,28-0316623b5aff,25.937,T236,42C,off
12/11/2021 05:08:02,Chamber 6,28-0316623b5aff,25.937,T236,42C,off
12/11/2021 05:08:22,Chamber 6,28-0316623b5aff,25.937,T236,42C,off
12/11/2021 05:08:42,Chamber 6,28-0316623b5aff,25.937,T236,42C,off
12/11/2021 05:09:02,Chamber 6,28-0316623b5aff,25.937,T236,42C,off
12/11/2021 05:09:22,Chamber 6,28-0316623b5aff,25.937,T236,42C,off
12/11/2021 05:09:44,Chamber 6,28-0316623b5aff,25.937,T236,42C,off
12/11/2021 05:10:02,Chamber 6,28-0316623b5aff,25.937,T236,42C,off
12/11/2021 05:10:22,Chamber 6,28-0316623b5aff,25.937,T236,42C,off
12/11/2021 05:10:42,Chamber 6,28-0316623b5aff,25.937,T236,42C,off
12/11/2021 05:11:02,Chamber 6,28-0316623b5aff,25.937,T236,42C,off
12/11/2021 05:11:22,Chamber 6,28-0316623b5aff,25.937,T236,42C,off
12/11/2021 05:11:42,Chamber 6,28-0316623b5aff,25.937,T236,42C,off
12/11/2021 05:12:02,Chamber 6,28-0316623b5aff,25.937,T236,42C,off
12/11/2021 05:12:22,Chamber 6,28-0316623b5aff,25.937,T236,42C,off
12/11/2021 05:12:42,Chamber 6,28-0316623b5aff,25.937,T236,42C,off
12/11/2021 05:13:02,Chamber 6,28-0316623b5aff,25.937,T236,42C,off
12/11/2021 05:13:22,Chamber 6,28-0316623b5aff,25.937,T236,42C,off
12/11/2021 05:13:42,Chamber 6,28-0316623b5aff,25.937,T236,42C,off
12/11/2021 05:14:02,Chamber 6,28-0316623b5aff,25.937,T236,42C,off
12/11/2021 05:14:22,Chamber 6,28-0316623b5aff,25.937,T236,42C,off
12/11/2021 05:14:42,Chamber 6,28-0316623b5aff,25.937,T236,42C,off
12/11/2021 05:15:02,Chamber 6,28-0316623b5aff,25.937,T236,42C,off
12/11/2021 05:15:23,Chamber 6,28-0316623b5aff,25.937,T236,42C,off
12/11/2021 05:15:42,Chamber 6,28-0316623b5aff,25.937,T236,42C,off
12/11/2021 05:16:02,Chamber 6,28-0316623b5aff,25.937,T236,42C,off
12/11/2021 05:16:22,Chamber 6,28-0316623b5aff,25.937,T236,42C,off
12/11/2021 05:16:42,Chamber 6,28-0316623b5aff,25.937,T236,42C,off
12/11/2021 05:17:02,Chamber 6,28-0316623b5aff,25.937,T236,42C,off
12/11/2021 05:17:22,Chamber 6,28-0316623b5aff,25.937,T236,42C,off
12/11/2021 05:17:42,Chamber 6,28-0316623b5aff,25.937,T236,42C,off
12/11/2021 05:18:02,Chamber 6,28-0316623b5aff,25.937,T236,42C,off
12/11/2021 05:18:22,Chamber 6,28-0316623b5aff,25.937,T236,42C,off
12/11/2021 05:18:42,Chamber 6,28-0316623b5aff,25.937,T236,42C,off
12/11/2021 05:19:02,Chamber 6,28-0316623b5aff,25.937,T236,42C,off
12/11/2021 05:19:22,Chamber 6,28-0316623b5aff,25.937,T236,42C,off
12/11/2021 05:19:42,Chamber 6,28-0316623b5aff,25.937,T236,42C,off
12/11/2021 05:20:02,Chamber 6,28-0316623b5aff,25.937,T236,42C,off
12/11/2021 05:20:22,Chamber 6,28-0316623b5aff,25.937,T236,42C,off
12/11/2021 05:20:42,Chamber 6,28-0316623b5aff,25.937,T236,42C,off
12/11/2021 05:21:02,Chamber 6,28-0316623b5aff,25.937,T236,42C,off
12/11/2021 05:21:22,Chamber 6,28-0316623b5aff,25.937,T236,42C,off
12/11/2021 05:21:42,Chamber 6,28-0316623b5aff,25.937,T236,42C,off
12/11/2021 05:22:02,Chamber 6,28-0316623b5aff,26.0,T236,42C,off
12/11/2021 05:22:22,Chamber 6,28-0316623b5aff,25.937,T236,42C,off
12/11/2021 05:22:42,Chamber 6,28-0316623b5aff,25.937,T236,42C,off
12/11/2021 05:23:02,Chamber 6,28-0316623b5aff,25.937,T236,42C,off
12/11/2021 05:23:22,Chamber 6,28-0316623b5aff,25.937,T236,42C,off
12/11/2021 05:23:42,Chamber 6,28-0316623b5aff,25.937,T236,42C,off
12/11/2021 05:24:02,Chamber 6,28-0316623b5aff,25.937,T236,42C,off
12/11/2021 05:24:22,Chamber 6,28-0316623b5aff,26.0,T236,42C,off
12/11/2021 05:24:42,Chamber 6,28-0316623b5aff,25.937,T236,42C,off
12/11/2021 05:25:02,Chamber 6,28-0316623b5aff,25.937,T236,42C,off
12/11/2021 05:25:22,Chamber 6,28-0316623b5aff,25.937,T236,42C,off
12/11/2021 05:25:42,Chamber 6,28-0316623b5aff,25.937,T236,42C,off
12/11/2021 05:26:02,Chamber 6,28-0316623b5aff,25.937,T236,42C,off
12/11/2021 05:26:22,Chamber 6,28-0316623b5aff,25.937,T236,42C,off
12/11/2021 05:26:42,Chamber 6,28-0316623b5aff,25.937,T236,42C,off
12/11/2021 05:27:02,Chamber 6,28-0316623b5aff,25.937,T236,42C,off
12/11/2021 05:27:22,Chamber 6,28-0316623b5aff,25.937,T236,42C,off
12/11/2021 05:27:42,Chamber 6,28-0316623b5aff,25.937,T236,42C,off
12/11/2021 05:28:02,Chamber 6,28-0316623b5aff,25.937,T236,42C,off
12/11/2021 05:28:22,Chamber 6,28-0316623b5aff,25.937,T236,42C,off
12/11/2021 05:28:42,Chamber 6,28-0316623b5aff,25.937,T236,42C,off
12/11/2021 05:29:02,Chamber 6,28-0316623b5aff,25.937,T236,42C,off
12/11/2021 05:29:22,Chamber 6,28-0316623b5aff,25.937,T236,42C,off
12/11/2021 05:29:42,Chamber 6,28-0316623b5aff,25.937,T236,42C,off
12/11/2021 05:30:02,Chamber 6,28-0316623b5aff,25.937,T236,42C,off
12/11/2021 05:30:22,Chamber 6,28-0316623b5aff,25.937,T236,42C,off
12/11/2021 05:30:42,Chamber 6,28-0316623b5aff,25.937,T236,42C,off
12/11/2021 05:31:02,Chamber 6,28-0316623b5aff,25.937,T236,42C,off
12/11/2021 05:31:22,Chamber 6,28-0316623b5aff,25.937,T236,42C,off
12/11/2021 05:31:42,Chamber 6,28-0316623b5aff,25.937,T236,42C,off
12/11/2021 05:32:02,Chamber 6,28-0316623b5aff,25.937,T236,42C,off
12/11/2021 05:32:22,Chamber 6,28-0316623b5aff,25.937,T236,42C,off
12/11/2021 05:32:42,Chamber 6,28-0316623b5aff,25.937,T236,42C,off
12/11/2021 05:33:02,Chamber 6,28-0316623b5aff,25.937,T236,42C,off
12/11/2021 05:33:22,Chamber 6,28-0316623b5aff,25.937,T236,42C,off
12/11/2021 05:33:42,Chamber 6,28-0316623b5aff,26.0,T236,42C,off
12/11/2021 05:34:02,Chamber 6,28-0316623b5aff,26.0,T236,42C,off
12/11/2021 05:34:22,Chamber 6,28-0316623b5aff,25.937,T236,42C,off
12/11/2021 05:34:42,Chamber 6,28-0316623b5aff,25.937,T236,42C,off
12/11/2021 05:35:02,Chamber 6,28-0316623b5aff,25.937,T236,42C,off
12/11/2021 05:35:22,Chamber 6,28-0316623b5aff,25.937,T236,42C,off
12/11/2021 05:35:42,Chamber 6,28-0316623b5aff,25.937,T236,42C,off
12/11/2021 05:36:02,Chamber 6,28-0316623b5aff,25.937,T236,42C,off
12/11/2021 05:36:22,Chamber 6,28-0316623b5aff,25.937,T236,42C,off
12/11/2021 05:36:42,Chamber 6,28-0316623b5aff,25.937,T236,42C,off
12/11/2021 05:37:03,Chamber 6,28-0316623b5aff,26.0,T236,42C,off
12/11/2021 05:37:22,Chamber 6,28-0316623b5aff,25.937,T236,42C,off
12/11/2021 05:37:42,Chamber 6,28-0316623b5aff,26.0,T236,42C,off
12/11/2021 05:38:02,Chamber 6,28-0316623b5aff,26.0,T236,42C,off
12/11/2021 05:38:22,Chamber 6,28-0316623b5aff,26.0,T236,42C,off
12/11/2021 05:38:42,Chamber 6,28-0316623b5aff,26.0,T236,42C,off
12/11/2021 05:39:02,Chamber 6,28-0316623b5aff,26.0,T236,42C,off
12/11/2021 05:39:22,Chamber 6,28-0316623b5aff,26.0,T236,42C,off
12/11/2021 05:39:42,Chamber 6,28-0316623b5aff,26.0,T236,42C,off
12/11/2021 05:40:02,Chamber 6,28-0316623b5aff,26.0,T236,42C,off
12/11/2021 05:40:22,Chamber 6,28-0316623b5aff,26.0,T236,42C,off
12/11/2021 05:40:42,Chamber 6,28-0316623b5aff,26.0,T236,42C,off
12/11/2021 05:41:02,Chamber 6,28-0316623b5aff,26.0,T236,42C,off
12/11/2021 05:41:22,Chamber 6,28-0316623b5aff,25.937,T236,42C,off
12/11/2021 05:41:42,Chamber 6,28-0316623b5aff,25.937,T236,42C,off
12/11/2021 05:42:02,Chamber 6,28-0316623b5aff,25.937,T236,42C,off
12/11/2021 05:42:22,Chamber 6,28-0316623b5aff,25.937,T236,42C,off
12/11/2021 05:42:42,Chamber 6,28-0316623b5aff,25.937,T236,42C,off
12/11/2021 05:43:02,Chamber 6,28-0316623b5aff,25.937,T236,42C,off
12/11/2021 05:43:22,Chamber 6,28-0316623b5aff,26.0,T236,42C,off
12/11/2021 05:43:42,Chamber 6,28-0316623b5aff,25.937,T236,42C,off
12/11/2021 05:44:02,Chamber 6,28-0316623b5aff,25.937,T236,42C,off
12/11/2021 05:44:22,Chamber 6,28-0316623b5aff,25.937,T236,42C,off
12/11/2021 05:44:42,Chamber 6,28-0316623b5aff,25.937,T236,42C,off
12/11/2021 05:45:02,Chamber 6,28-0316623b5aff,25.937,T236,42C,off
12/11/2021 05:45:22,Chamber 6,28-0316623b5aff,25.937,T236,42C,off
12/11/2021 05:45:42,Chamber 6,28-0316623b5aff,26.0,T236,42C,off
12/11/2021 05:46:02,Chamber 6,28-0316623b5aff,25.937,T236,42C,off
12/11/2021 05:46:22,Chamber 6,28-0316623b5aff,26.0,T236,42C,off
12/11/2021 05:46:42,Chamber 6,28-0316623b5aff,26.0,T236,42C,off
12/11/2021 05:47:02,Chamber 6,28-0316623b5aff,26.0,T236,42C,off
12/11/2021 05:47:22,Chamber 6,28-0316623b5aff,26.0,T236,42C,off
12/11/2021 05:47:42,Chamber 6,28-0316623b5aff,26.0,T236,42C,off
12/11/2021 05:48:02,Chamber 6,28-0316623b5aff,26.0,T236,42C,off
12/11/2021 05:48:22,Chamber 6,28-0316623b5aff,26.0,T236,42C,off
12/11/2021 05:48:42,Chamber 6,28-0316623b5aff,26.0,T236,42C,off
12/11/2021 05:49:02,Chamber 6,28-0316623b5aff,26.0,T236,42C,off
12/11/2021 05:49:23,Chamber 6,28-0316623b5aff,26.0,T236,42C,off
12/11/2021 05:49:42,Chamber 6,28-0316623b5aff,26.0,T236,42C,off
12/11/2021 05:50:02,Chamber 6,28-0316623b5aff,26.0,T236,42C,off
12/11/2021 05:50:22,Chamber 6,28-0316623b5aff,26.0,T236,42C,off
12/11/2021 05:50:42,Chamber 6,28-0316623b5aff,26.0,T236,42C,off
12/11/2021 05:51:02,Chamber 6,28-0316623b5aff,26.0,T236,42C,off
12/11/2021 05:51:22,Chamber 6,28-0316623b5aff,26.0,T236,42C,off
12/11/2021 05:51:42,Chamber 6,28-0316623b5aff,26.0,T236,42C,off
12/11/2021 05:52:02,Chamber 6,28-0316623b5aff,26.0,T236,42C,off
12/11/2021 05:52:22,Chamber 6,28-0316623b5aff,26.0,T236,42C,off
12/11/2021 05:52:42,Chamber 6,28-0316623b5aff,26.0,T236,42C,off
12/11/2021 05:53:02,Chamber 6,28-0316623b5aff,26.0,T236,42C,off
12/11/2021 05:53:22,Chamber 6,28-0316623b5aff,26.0,T236,42C,off
12/11/2021 05:53:42,Chamber 6,28-0316623b5aff,26.0,T236,42C,off
12/11/2021 05:54:02,Chamber 6,28-0316623b5aff,26.0,T236,42C,off
12/11/2021 05:54:22,Chamber 6,28-0316623b5aff,26.0,T236,42C,off
12/11/2021 05:54:42,Chamber 6,28-0316623b5aff,26.0,T236,42C,off
12/11/2021 05:55:02,Chamber 6,28-0316623b5aff,26.0,T236,42C,off
12/11/2021 05:55:22,Chamber 6,28-0316623b5aff,26.0,T236,42C,off
12/11/2021 05:55:42,Chamber 6,28-0316623b5aff,26.0,T236,42C,off
12/11/2021 05:56:02,Chamber 6,28-0316623b5aff,26.0,T236,42C,off
12/11/2021 05:56:22,Chamber 6,28-0316623b5aff,26.0,T236,42C,off
12/11/2021 05:56:42,Chamber 6,28-0316623b5aff,26.0,T236,42C,off
12/11/2021 05:57:02,Chamber 6,28-0316623b5aff,26.0,T236,42C,off
12/11/2021 05:57:22,Chamber 6,28-0316623b5aff,26.0,T236,42C,off
12/11/2021 05:57:42,Chamber 6,28-0316623b5aff,26.0,T236,42C,off
12/11/2021 05:58:02,Chamber 6,28-0316623b5aff,26.0,T236,42C,off
12/11/2021 05:58:22,Chamber 6,28-0316623b5aff,26.0,T236,42C,off
12/11/2021 05:58:42,Chamber 6,28-0316623b5aff,26.0,T236,42C,off
12/11/2021 05:59:02,Chamber 6,28-0316623b5aff,26.0,T236,42C,off
12/11/2021 05:59:22,Chamber 6,28-0316623b5aff,26.0,T236,42C,off
12/11/2021 05:59:42,Chamber 6,28-0316623b5aff,26.0,T236,42C,off
12/11/2021 06:00:02,Chamber 6,28-0316623b5aff,26.0,T236,42C,off
12/11/2021 06:00:22,Chamber 6,28-0316623b5aff,26.0,T236,42C,off
12/11/2021 06:00:42,Chamber 6,28-0316623b5aff,26.0,T236,42C,off
12/11/2021 06:01:02,Chamber 6,28-0316623b5aff,26.0,T236,42C,off
12/11/2021 06:01:22,Chamber 6,28-0316623b5aff,26.0,T236,42C,off
12/11/2021 06:01:42,Chamber 6,28-0316623b5aff,26.0,T236,42C,off
12/11/2021 06:02:02,Chamber 6,28-0316623b5aff,26.0,T236,42C,off
12/11/2021 06:02:22,Chamber 6,28-0316623b5aff,26.0,T236,42C,off
12/11/2021 06:02:42,Chamber 6,28-0316623b5aff,26.0,T236,42C,off
12/11/2021 06:03:02,Chamber 6,28-0316623b5aff,26.0,T236,42C,off
12/11/2021 06:03:22,Chamber 6,28-0316623b5aff,26.0,T236,42C,off
12/11/2021 06:03:42,Chamber 6,28-0316623b5aff,26.0,T236,42C,off
12/11/2021 06:04:02,Chamber 6,28-0316623b5aff,26.0,T236,42C,off
12/11/2021 06:04:22,Chamber 6,28-0316623b5aff,26.0,T236,42C,off
12/11/2021 06:04:42,Chamber 6,28-0316623b5aff,26.0,T236,42C,off
12/11/2021 06:05:02,Chamber 6,28-0316623b5aff,26.0,T236,42C,off
12/11/2021 06:05:22,Chamber 6,28-0316623b5aff,26.0,T236,42C,off
12/11/2021 06:05:42,Chamber 6,28-0316623b5aff,26.0,T236,42C,off
12/11/2021 06:06:02,Chamber 6,28-0316623b5aff,26.062,T236,42C,off
12/11/2021 06:06:22,Chamber 6,28-0316623b5aff,26.0,T236,42C,off
12/11/2021 06:06:42,Chamber 6,28-0316623b5aff,26.0,T236,42C,off
12/11/2021 06:07:02,Chamber 6,28-0316623b5aff,26.0,T236,42C,off
12/11/2021 06:07:22,Chamber 6,28-0316623b5aff,26.0,T236,42C,off
12/11/2021 06:07:42,Chamber 6,28-0316623b5aff,26.0,T236,42C,off
12/11/2021 06:08:02,Chamber 6,28-0316623b5aff,26.0,T236,42C,off
12/11/2021 06:08:22,Chamber 6,28-0316623b5aff,26.0,T236,42C,off
12/11/2021 06:08:42,Chamber 6,28-0316623b5aff,26.0,T236,42C,off
12/11/2021 06:09:02,Chamber 6,28-0316623b5aff,26.0,T236,42C,off
12/11/2021 06:09:22,Chamber 6,28-0316623b5aff,26.0,T236,42C,off
12/11/2021 06:09:42,Chamber 6,28-0316623b5aff,26.0,T236,42C,off
12/11/2021 06:10:02,Chamber 6,28-0316623b5aff,26.0,T236,42C,off
12/11/2021 06:10:22,Chamber 6,28-0316623b5aff,26.0,T236,42C,off
12/11/2021 06:10:42,Chamber 6,28-0316623b5aff,26.0,T236,42C,off
12/11/2021 06:11:02,Chamber 6,28-0316623b5aff,26.0,T236,42C,off
12/11/2021 06:11:22,Chamber 6,28-0316623b5aff,26.062,T236,42C,off
12/11/2021 06:11:42,Chamber 6,28-0316623b5aff,26.0,T236,42C,off
12/11/2021 06:12:02,Chamber 6,28-0316623b5aff,26.062,T236,42C,off
12/11/2021 06:12:22,Chamber 6,28-0316623b5aff,26.0,T236,42C,off
12/11/2021 06:12:42,Chamber 6,28-0316623b5aff,26.0,T236,42C,off
12/11/2021 06:13:02,Chamber 6,28-0316623b5aff,26.062,T236,42C,off
12/11/2021 06:13:22,Chamber 6,28-0316623b5aff,26.0,T236,42C,off
12/11/2021 06:13:42,Chamber 6,28-0316623b5aff,26.0,T236,42C,off
12/11/2021 06:14:02,Chamber 6,28-0316623b5aff,26.0,T236,42C,off
12/11/2021 06:14:22,Chamber 6,28-0316623b5aff,26.0,T236,42C,off
12/11/2021 06:14:42,Chamber 6,28-0316623b5aff,26.0,T236,42C,off
12/11/2021 06:15:02,Chamber 6,28-0316623b5aff,26.0,T236,42C,off
12/11/2021 06:15:22,Chamber 6,28-0316623b5aff,26.0,T236,42C,off
12/11/2021 06:15:42,Chamber 6,28-0316623b5aff,26.0,T236,42C,off
12/11/2021 06:16:02,Chamber 6,28-0316623b5aff,26.0,T236,42C,off
12/11/2021 06:16:22,Chamber 6,28-0316623b5aff,26.062,T236,42C,off
12/11/2021 06:16:42,Chamber 6,28-0316623b5aff,26.062,T236,42C,off
12/11/2021 06:17:02,Chamber 6,28-0316623b5aff,26.062,T236,42C,off
12/11/2021 06:17:22,Chamber 6,28-0316623b5aff,26.0,T236,42C,off
12/11/2021 06:17:42,Chamber 6,28-0316623b5aff,26.062,T236,42C,off
12/11/2021 06:18:04,Chamber 6,28-0316623b5aff,26.062,T236,42C,off
12/11/2021 06:18:22,Chamber 6,28-0316623b5aff,26.062,T236,42C,off
12/11/2021 06:18:42,Chamber 6,28-0316623b5aff,26.062,T236,42C,off
12/11/2021 06:19:02,Chamber 6,28-0316623b5aff,26.062,T236,42C,off
12/11/2021 06:19:22,Chamber 6,28-0316623b5aff,26.062,T236,42C,off
12/11/2021 06:19:42,Chamber 6,28-0316623b5aff,26.062,T236,42C,off
12/11/2021 06:20:02,Chamber 6,28-0316623b5aff,26.062,T236,42C,off
12/11/2021 06:20:22,Chamber 6,28-0316623b5aff,26.062,T236,42C,off
12/11/2021 06:20:42,Chamber 6,28-0316623b5aff,26.062,T236,42C,off
12/11/2021 06:21:02,Chamber 6,28-0316623b5aff,26.062,T236,42C,off
12/11/2021 06:21:22,Chamber 6,28-0316623b5aff,26.062,T236,42C,off
12/11/2021 06:21:42,Chamber 6,28-0316623b5aff,26.062,T236,42C,off
12/11/2021 06:22:02,Chamber 6,28-0316623b5aff,26.062,T236,42C,off
12/11/2021 06:22:22,Chamber 6,28-0316623b5aff,26.062,T236,42C,off
12/11/2021 06:22:42,Chamber 6,28-0316623b5aff,26.062,T236,42C,off
12/11/2021 06:23:02,Chamber 6,28-0316623b5aff,26.062,T236,42C,off
12/11/2021 06:23:22,Chamber 6,28-0316623b5aff,26.062,T236,42C,off
12/11/2021 06:23:42,Chamber 6,28-0316623b5aff,26.062,T236,42C,off
12/11/2021 06:24:02,Chamber 6,28-0316623b5aff,26.062,T236,42C,off
12/11/2021 06:24:23,Chamber 6,28-0316623b5aff,26.062,T236,42C,off
12/11/2021 06:24:42,Chamber 6,28-0316623b5aff,26.062,T236,42C,off
12/11/2021 06:25:03,Chamber 6,28-0316623b5aff,26.062,T236,42C,off
12/11/2021 06:25:22,Chamber 6,28-0316623b5aff,26.062,T236,42C,off
12/11/2021 06:25:42,Chamber 6,28-0316623b5aff,26.062,T236,42C,off
12/11/2021 06:26:02,Chamber 6,28-0316623b5aff,26.062,T236,42C,off
12/11/2021 06:26:22,Chamber 6,28-0316623b5aff,26.062,T236,42C,off
12/11/2021 06:26:42,Chamber 6,28-0316623b5aff,26.062,T236,42C,off
12/11/2021 06:27:02,Chamber 6,28-0316623b5aff,26.062,T236,42C,off
12/11/2021 06:27:22,Chamber 6,28-0316623b5aff,26.062,T236,42C,off
12/11/2021 06:27:42,Chamber 6,28-0316623b5aff,26.062,T236,42C,off
12/11/2021 06:28:02,Chamber 6,28-0316623b5aff,26.062,T236,42C,off
12/11/2021 06:28:22,Chamber 6,28-0316623b5aff,26.062,T236,42C,off
12/11/2021 06:28:42,Chamber 6,28-0316623b5aff,26.062,T236,42C,off
12/11/2021 06:29:02,Chamber 6,28-0316623b5aff,26.062,T236,42C,off
12/11/2021 06:29:22,Chamber 6,28-0316623b5aff,26.062,T236,42C,off
12/11/2021 06:29:42,Chamber 6,28-0316623b5aff,26.062,T236,42C,off
12/11/2021 06:30:02,Chamber 6,28-0316623b5aff,26.062,T236,42C,off
12/11/2021 06:30:22,Chamber 6,28-0316623b5aff,26.062,T236,42C,off
12/11/2021 06:30:42,Chamber 6,28-0316623b5aff,26.062,T236,42C,off
12/11/2021 06:31:02,Chamber 6,28-0316623b5aff,26.062,T236,42C,off
12/11/2021 06:31:22,Chamber 6,28-0316623b5aff,26.062,T236,42C,off
12/11/2021 06:31:42,Chamber 6,28-0316623b5aff,26.062,T236,42C,off
12/11/2021 06:32:02,Chamber 6,28-0316623b5aff,26.062,T236,42C,off
12/11/2021 06:32:22,Chamber 6,28-0316623b5aff,26.062,T236,42C,off
12/11/2021 06:32:42,Chamber 6,28-0316623b5aff,26.062,T236,42C,off
12/11/2021 06:33:02,Chamber 6,28-0316623b5aff,26.062,T236,42C,off
12/11/2021 06:33:22,Chamber 6,28-0316623b5aff,26.062,T236,42C,off
12/11/2021 06:33:42,Chamber 6,28-0316623b5aff,26.062,T236,42C,off
12/11/2021 06:34:02,Chamber 6,28-0316623b5aff,26.062,T236,42C,off
12/11/2021 06:34:22,Chamber 6,28-0316623b5aff,26.062,T236,42C,off
12/11/2021 06:34:42,Chamber 6,28-0316623b5aff,26.062,T236,42C,off
12/11/2021 06:35:02,Chamber 6,28-0316623b5aff,26.062,T236,42C,off
12/11/2021 06:35:22,Chamber 6,28-0316623b5aff,26.062,T236,42C,off
12/11/2021 06:35:42,Chamber 6,28-0316623b5aff,26.062,T236,42C,off
12/11/2021 06:36:02,Chamber 6,28-0316623b5aff,26.062,T236,42C,off
12/11/2021 06:36:22,Chamber 6,28-0316623b5aff,26.062,T236,42C,off
12/11/2021 06:36:42,Chamber 6,28-0316623b5aff,26.062,T236,42C,off
12/11/2021 06:37:02,Chamber 6,28-0316623b5aff,26.062,T236,42C,off
12/11/2021 06:37:22,Chamber 6,28-0316623b5aff,26.062,T236,42C,off
12/11/2021 06:37:42,Chamber 6,28-0316623b5aff,26.062,T236,42C,off
12/11/2021 06:38:02,Chamber 6,28-0316623b5aff,26.062,T236,42C,off
12/11/2021 06:38:22,Chamber 6,28-0316623b5aff,26.062,T236,42C,off
12/11/2021 06:38:42,Chamber 6,28-0316623b5aff,26.125,T236,42C,off
12/11/2021 06:39:02,Chamber 6,28-0316623b5aff,26.125,T236,42C,off
12/11/2021 06:39:22,Chamber 6,28-0316623b5aff,26.062,T236,42C,off
12/11/2021 06:39:42,Chamber 6,28-0316623b5aff,26.062,T236,42C,off
12/11/2021 06:40:02,Chamber 6,28-0316623b5aff,26.125,T236,42C,off
12/11/2021 06:40:22,Chamber 6,28-0316623b5aff,26.062,T236,42C,off
12/11/2021 06:40:42,Chamber 6,28-0316623b5aff,26.125,T236,42C,off
12/11/2021 06:41:02,Chamber 6,28-0316623b5aff,26.062,T236,42C,off
12/11/2021 06:41:22,Chamber 6,28-0316623b5aff,26.062,T236,42C,off
12/11/2021 06:41:42,Chamber 6,28-0316623b5aff,26.125,T236,42C,off
12/11/2021 06:42:02,Chamber 6,28-0316623b5aff,26.125,T236,42C,off
12/11/2021 06:42:22,Chamber 6,28-0316623b5aff,26.125,T236,42C,off
12/11/2021 06:42:42,Chamber 6,28-0316623b5aff,26.062,T236,42C,off
12/11/2021 06:43:02,Chamber 6,28-0316623b5aff,26.062,T236,42C,off
12/11/2021 06:43:22,Chamber 6,28-0316623b5aff,26.062,T236,42C,off
12/11/2021 06:43:42,Chamber 6,28-0316623b5aff,26.062,T236,42C,off
12/11/2021 06:44:02,Chamber 6,28-0316623b5aff,26.125,T236,42C,off
12/11/2021 06:44:22,Chamber 6,28-0316623b5aff,26.062,T236,42C,off
12/11/2021 06:44:42,Chamber 6,28-0316623b5aff,26.062,T236,42C,off
12/11/2021 06:45:02,Chamber 6,28-0316623b5aff,26.062,T236,42C,off
12/11/2021 06:45:22,Chamber 6,28-0316623b5aff,26.062,T236,42C,off
12/11/2021 06:45:42,Chamber 6,28-0316623b5aff,26.062,T236,42C,off
12/11/2021 06:46:02,Chamber 6,28-0316623b5aff,26.125,T236,42C,off
12/11/2021 06:46:22,Chamber 6,28-0316623b5aff,26.062,T236,42C,off
12/11/2021 06:46:42,Chamber 6,28-0316623b5aff,26.062,T236,42C,off
12/11/2021 06:47:02,Chamber 6,28-0316623b5aff,26.062,T236,42C,off
12/11/2021 06:47:22,Chamber 6,28-0316623b5aff,26.062,T236,42C,off
12/11/2021 06:47:42,Chamber 6,28-0316623b5aff,26.062,T236,42C,off
12/11/2021 06:48:02,Chamber 6,28-0316623b5aff,26.062,T236,42C,off
12/11/2021 06:48:22,Chamber 6,28-0316623b5aff,26.062,T236,42C,off
12/11/2021 06:48:42,Chamber 6,28-0316623b5aff,26.062,T236,42C,off
12/11/2021 06:49:02,Chamber 6,28-0316623b5aff,26.062,T236,42C,off
12/11/2021 06:49:22,Chamber 6,28-0316623b5aff,26.062,T236,42C,off
12/11/2021 06:49:42,Chamber 6,28-0316623b5aff,26.062,T236,42C,off
12/11/2021 06:50:02,Chamber 6,28-0316623b5aff,26.062,T236,42C,off
12/11/2021 06:50:22,Chamber 6,28-0316623b5aff,26.062,T236,42C,off
12/11/2021 06:50:42,Chamber 6,28-0316623b5aff,26.062,T236,42C,off
12/11/2021 06:51:02,Chamber 6,28-0316623b5aff,26.062,T236,42C,off
12/11/2021 06:51:22,Chamber 6,28-0316623b5aff,26.062,T236,42C,off
12/11/2021 06:51:42,Chamber 6,28-0316623b5aff,26.062,T236,42C,off
12/11/2021 06:52:02,Chamber 6,28-0316623b5aff,26.062,T236,42C,off
12/11/2021 06:52:22,Chamber 6,28-0316623b5aff,26.062,T236,42C,off
12/11/2021 06:52:42,Chamber 6,28-0316623b5aff,26.062,T236,42C,off
12/11/2021 06:53:02,Chamber 6,28-0316623b5aff,26.062,T236,42C,off
12/11/2021 06:53:22,Chamber 6,28-0316623b5aff,26.062,T236,42C,off
12/11/2021 06:53:42,Chamber 6,28-0316623b5aff,26.062,T236,42C,off
12/11/2021 06:54:02,Chamber 6,28-0316623b5aff,26.062,T236,42C,off
12/11/2021 06:54:22,Chamber 6,28-0316623b5aff,26.062,T236,42C,off
12/11/2021 06:54:42,Chamber 6,28-0316623b5aff,26.062,T236,42C,off
12/11/2021 06:55:02,Chamber 6,28-0316623b5aff,26.062,T236,42C,off
12/11/2021 06:55:22,Chamber 6,28-0316623b5aff,26.062,T236,42C,off
12/11/2021 06:55:42,Chamber 6,28-0316623b5aff,26.125,T236,42C,off
12/11/2021 06:56:02,Chamber 6,28-0316623b5aff,26.062,T236,42C,off
12/11/2021 06:56:22,Chamber 6,28-0316623b5aff,26.125,T236,42C,off
12/11/2021 06:56:42,Chamber 6,28-0316623b5aff,26.125,T236,42C,off
12/11/2021 06:57:02,Chamber 6,28-0316623b5aff,26.125,T236,42C,off
12/11/2021 06:57:22,Chamber 6,28-0316623b5aff,26.125,T236,42C,off
12/11/2021 06:57:42,Chamber 6,28-0316623b5aff,26.125,T236,42C,off
12/11/2021 06:58:02,Chamber 6,28-0316623b5aff,26.062,T236,42C,off
12/11/2021 06:58:23,Chamber 6,28-0316623b5aff,26.125,T236,42C,off
12/11/2021 06:58:42,Chamber 6,28-0316623b5aff,26.125,T236,42C,off
12/11/2021 06:59:02,Chamber 6,28-0316623b5aff,26.125,T236,42C,off
12/11/2021 06:59:22,Chamber 6,28-0316623b5aff,26.125,T236,42C,off
12/11/2021 06:59:42,Chamber 6,28-0316623b5aff,26.125,T236,42C,off
12/11/2021 07:00:02,Chamber 6,28-0316623b5aff,26.125,T236,42C,off
12/11/2021 07:00:22,Chamber 6,28-0316623b5aff,26.125,T236,42C,off
12/11/2021 07:00:42,Chamber 6,28-0316623b5aff,26.125,T236,42C,off
12/11/2021 07:01:02,Chamber 6,28-0316623b5aff,26.125,T236,42C,off
12/11/2021 07:01:22,Chamber 6,28-0316623b5aff,26.125,T236,42C,off
12/11/2021 07:01:42,Chamber 6,28-0316623b5aff,26.125,T236,42C,off
12/11/2021 07:02:02,Chamber 6,28-0316623b5aff,26.125,T236,42C,off
12/11/2021 07:02:22,Chamber 6,28-0316623b5aff,26.125,T236,42C,off
12/11/2021 07:02:42,Chamber 6,28-0316623b5aff,26.125,T236,42C,off
12/11/2021 07:03:02,Chamber 6,28-0316623b5aff,26.125,T236,42C,off
12/11/2021 07:03:22,Chamber 6,28-0316623b5aff,26.125,T236,42C,off
12/11/2021 07:03:42,Chamber 6,28-0316623b5aff,26.125,T236,42C,off
12/11/2021 07:04:02,Chamber 6,28-0316623b5aff,26.125,T236,42C,off
12/11/2021 07:04:22,Chamber 6,28-0316623b5aff,26.125,T236,42C,off
12/11/2021 07:04:42,Chamber 6,28-0316623b5aff,26.125,T236,42C,off
12/11/2021 07:05:02,Chamber 6,28-0316623b5aff,26.125,T236,42C,off
12/11/2021 07:05:22,Chamber 6,28-0316623b5aff,26.125,T236,42C,off
12/11/2021 07:05:42,Chamber 6,28-0316623b5aff,26.125,T236,42C,off
12/11/2021 07:06:02,Chamber 6,28-0316623b5aff,26.125,T236,42C,off
12/11/2021 07:06:23,Chamber 6,28-0316623b5aff,26.125,T236,42C,off
12/11/2021 07:06:42,Chamber 6,28-0316623b5aff,26.125,T236,42C,off
12/11/2021 07:07:02,Chamber 6,28-0316623b5aff,26.125,T236,42C,off
12/11/2021 07:07:22,Chamber 6,28-0316623b5aff,26.125,T236,42C,off
12/11/2021 07:07:43,Chamber 6,28-0316623b5aff,26.125,T236,42C,off
12/11/2021 07:08:02,Chamber 6,28-0316623b5aff,26.125,T236,42C,off
12/11/2021 07:08:22,Chamber 6,28-0316623b5aff,26.125,T236,42C,off
12/11/2021 07:08:42,Chamber 6,28-0316623b5aff,26.125,T236,42C,off
12/11/2021 07:09:02,Chamber 6,28-0316623b5aff,26.125,T236,42C,off
12/11/2021 07:09:22,Chamber 6,28-0316623b5aff,26.125,T236,42C,off
12/11/2021 07:09:42,Chamber 6,28-0316623b5aff,26.125,T236,42C,off
12/11/2021 07:10:02,Chamber 6,28-0316623b5aff,26.125,T236,42C,off
12/11/2021 07:10:22,Chamber 6,28-0316623b5aff,26.125,T236,42C,off
12/11/2021 07:10:42,Chamber 6,28-0316623b5aff,26.125,T236,42C,off
12/11/2021 07:11:02,Chamber 6,28-0316623b5aff,26.125,T236,42C,off
12/11/2021 07:11:22,Chamber 6,28-0316623b5aff,26.125,T236,42C,off
12/11/2021 07:11:43,Chamber 6,28-0316623b5aff,26.125,T236,42C,off
12/11/2021 07:12:02,Chamber 6,28-0316623b5aff,26.125,T236,42C,off
12/11/2021 07:12:22,Chamber 6,28-0316623b5aff,26.125,T236,42C,off
12/11/2021 07:12:42,Chamber 6,28-0316623b5aff,26.125,T236,42C,off
12/11/2021 07:13:02,Chamber 6,28-0316623b5aff,26.125,T236,42C,off
12/11/2021 07:13:22,Chamber 6,28-0316623b5aff,26.125,T236,42C,off
12/11/2021 07:13:42,Chamber 6,28-0316623b5aff,26.125,T236,42C,off
12/11/2021 07:14:02,Chamber 6,28-0316623b5aff,26.125,T236,42C,off
12/11/2021 07:14:22,Chamber 6,28-0316623b5aff,26.125,T236,42C,off
12/11/2021 07:14:42,Chamber 6,28-0316623b5aff,26.125,T236,42C,off
12/11/2021 07:15:02,Chamber 6,28-0316623b5aff,26.125,T236,42C,off
12/11/2021 07:15:22,Chamber 6,28-0316623b5aff,26.125,T236,42C,off
12/11/2021 07:15:42,Chamber 6,28-0316623b5aff,26.125,T236,42C,off
12/11/2021 07:16:02,Chamber 6,28-0316623b5aff,26.125,T236,42C,off
12/11/2021 07:16:22,Chamber 6,28-0316623b5aff,26.125,T236,42C,off
12/11/2021 07:16:42,Chamber 6,28-0316623b5aff,26.125,T236,42C,off
12/11/2021 07:17:02,Chamber 6,28-0316623b5aff,26.125,T236,42C,off
12/11/2021 07:17:22,Chamber 6,28-0316623b5aff,26.125,T236,42C,off
12/11/2021 07:17:42,Chamber 6,28-0316623b5aff,26.125,T236,42C,off
12/11/2021 07:18:02,Chamber 6,28-0316623b5aff,26.125,T236,42C,off
12/11/2021 07:18:22,Chamber 6,28-0316623b5aff,26.125,T236,42C,off
12/11/2021 07:18:42,Chamber 6,28-0316623b5aff,26.125,T236,42C,off
12/11/2021 07:19:02,Chamber 6,28-0316623b5aff,26.125,T236,42C,off
12/11/2021 07:19:22,Chamber 6,28-0316623b5aff,26.125,T236,42C,off
12/11/2021 07:19:42,Chamber 6,28-0316623b5aff,26.125,T236,42C,off
12/11/2021 07:20:02,Chamber 6,28-0316623b5aff,26.125,T236,42C,off
12/11/2021 07:20:22,Chamber 6,28-0316623b5aff,26.125,T236,42C,off
12/11/2021 07:20:42,Chamber 6,28-0316623b5aff,26.125,T236,42C,off
12/11/2021 07:21:02,Chamber 6,28-0316623b5aff,26.187,T236,42C,off
12/11/2021 07:21:22,Chamber 6,28-0316623b5aff,26.187,T236,42C,off
12/11/2021 07:21:42,Chamber 6,28-0316623b5aff,26.187,T236,42C,off
12/11/2021 07:22:02,Chamber 6,28-0316623b5aff,26.187,T236,42C,off
12/11/2021 07:22:22,Chamber 6,28-0316623b5aff,26.187,T236,42C,off
12/11/2021 07:22:42,Chamber 6,28-0316623b5aff,26.125,T236,42C,off
12/11/2021 07:23:02,Chamber 6,28-0316623b5aff,26.187,T236,42C,off
12/11/2021 07:23:22,Chamber 6,28-0316623b5aff,26.187,T236,42C,off
12/11/2021 07:23:42,Chamber 6,28-0316623b5aff,26.125,T236,42C,off
12/11/2021 07:24:02,Chamber 6,28-0316623b5aff,26.187,T236,42C,off
12/11/2021 07:24:22,Chamber 6,28-0316623b5aff,26.187,T236,42C,off
12/11/2021 07:24:42,Chamber 6,28-0316623b5aff,26.187,T236,42C,off
12/11/2021 07:25:02,Chamber 6,28-0316623b5aff,26.187,T236,42C,off
12/11/2021 07:25:22,Chamber 6,28-0316623b5aff,26.187,T236,42C,off
12/11/2021 07:25:42,Chamber 6,28-0316623b5aff,26.187,T236,42C,off
12/11/2021 07:26:02,Chamber 6,28-0316623b5aff,26.187,T236,42C,off
12/11/2021 07:26:22,Chamber 6,28-0316623b5aff,26.187,T236,42C,off
12/11/2021 07:26:42,Chamber 6,28-0316623b5aff,26.187,T236,42C,off
12/11/2021 07:27:02,Chamber 6,28-0316623b5aff,26.187,T236,42C,off
12/11/2021 07:27:22,Chamber 6,28-0316623b5aff,26.187,T236,42C,off
12/11/2021 07:27:42,Chamber 6,28-0316623b5aff,26.187,T236,42C,off
12/11/2021 07:28:02,Chamber 6,28-0316623b5aff,26.187,T236,42C,off
12/11/2021 07:28:22,Chamber 6,28-0316623b5aff,26.125,T236,42C,off
12/11/2021 07:28:42,Chamber 6,28-0316623b5aff,26.187,T236,42C,off
12/11/2021 07:29:02,Chamber 6,28-0316623b5aff,26.125,T236,42C,off
12/11/2021 07:29:22,Chamber 6,28-0316623b5aff,26.125,T236,42C,off
12/11/2021 07:29:42,Chamber 6,28-0316623b5aff,26.187,T236,42C,off
12/11/2021 07:30:02,Chamber 6,28-0316623b5aff,26.187,T236,42C,off
12/11/2021 07:30:22,Chamber 6,28-0316623b5aff,26.187,T236,42C,off
12/11/2021 07:30:42,Chamber 6,28-0316623b5aff,26.125,T236,42C,off
12/11/2021 07:31:02,Chamber 6,28-0316623b5aff,26.187,T236,42C,off
12/11/2021 07:31:22,Chamber 6,28-0316623b5aff,26.187,T236,42C,off
12/11/2021 07:31:42,Chamber 6,28-0316623b5aff,26.187,T236,42C,off
12/11/2021 07:32:02,Chamber 6,28-0316623b5aff,26.187,T236,42C,off
12/11/2021 07:32:22,Chamber 6,28-0316623b5aff,26.187,T236,42C,off
12/11/2021 07:32:42,Chamber 6,28-0316623b5aff,26.187,T236,42C,off
12/11/2021 07:33:02,Chamber 6,28-0316623b5aff,26.125,T236,42C,off
12/11/2021 07:33:22,Chamber 6,28-0316623b5aff,26.187,T236,42C,off
12/11/2021 07:33:42,Chamber 6,28-0316623b5aff,26.187,T236,42C,off
12/11/2021 07:34:02,Chamber 6,28-0316623b5aff,26.125,T236,42C,off
12/11/2021 07:34:22,Chamber 6,28-0316623b5aff,26.125,T236,42C,off
12/11/2021 07:34:42,Chamber 6,28-0316623b5aff,26.125,T236,42C,off
12/11/2021 07:35:02,Chamber 6,28-0316623b5aff,26.125,T236,42C,off
12/11/2021 07:35:22,Chamber 6,28-0316623b5aff,26.187,T236,42C,off
12/11/2021 07:35:42,Chamber 6,28-0316623b5aff,26.187,T236,42C,off
12/11/2021 07:36:02,Chamber 6,28-0316623b5aff,26.187,T236,42C,off
12/11/2021 07:36:22,Chamber 6,28-0316623b5aff,26.187,T236,42C,off
12/11/2021 07:36:42,Chamber 6,28-0316623b5aff,26.187,T236,42C,off
12/11/2021 07:37:02,Chamber 6,28-0316623b5aff,26.187,T236,42C,off
12/11/2021 07:37:22,Chamber 6,28-0316623b5aff,26.187,T236,42C,off
12/11/2021 07:37:42,Chamber 6,28-0316623b5aff,26.187,T236,42C,off
12/11/2021 07:38:02,Chamber 6,28-0316623b5aff,26.187,T236,42C,off
12/11/2021 07:38:22,Chamber 6,28-0316623b5aff,26.187,T236,42C,off
12/11/2021 07:38:42,Chamber 6,28-0316623b5aff,26.187,T236,42C,off
12/11/2021 07:39:02,Chamber 6,28-0316623b5aff,26.187,T236,42C,off
12/11/2021 07:39:22,Chamber 6,28-0316623b5aff,26.187,T236,42C,off
12/11/2021 07:39:42,Chamber 6,28-0316623b5aff,26.187,T236,42C,off
12/11/2021 07:40:02,Chamber 6,28-0316623b5aff,26.187,T236,42C,off
12/11/2021 07:40:22,Chamber 6,28-0316623b5aff,26.187,T236,42C,off
12/11/2021 07:40:42,Chamber 6,28-0316623b5aff,26.187,T236,42C,off
12/11/2021 07:41:02,Chamber 6,28-0316623b5aff,26.187,T236,42C,off
12/11/2021 07:41:22,Chamber 6,28-0316623b5aff,26.187,T236,42C,off
12/11/2021 07:41:42,Chamber 6,28-0316623b5aff,26.187,T236,42C,off
12/11/2021 07:42:02,Chamber 6,28-0316623b5aff,26.187,T236,42C,off
12/11/2021 07:42:22,Chamber 6,28-0316623b5aff,26.187,T236,42C,off
12/11/2021 07:42:42,Chamber 6,28-0316623b5aff,26.187,T236,42C,off
12/11/2021 07:43:02,Chamber 6,28-0316623b5aff,26.187,T236,42C,off
12/11/2021 07:43:22,Chamber 6,28-0316623b5aff,26.187,T236,42C,off
12/11/2021 07:43:42,Chamber 6,28-0316623b5aff,26.187,T236,42C,off
12/11/2021 07:44:02,Chamber 6,28-0316623b5aff,26.187,T236,42C,off
12/11/2021 07:44:22,Chamber 6,28-0316623b5aff,26.187,T236,42C,off
12/11/2021 07:44:42,Chamber 6,28-0316623b5aff,26.187,T236,42C,off
12/11/2021 07:45:02,Chamber 6,28-0316623b5aff,26.187,T236,42C,off
12/11/2021 07:45:22,Chamber 6,28-0316623b5aff,26.187,T236,42C,off
12/11/2021 07:45:42,Chamber 6,28-0316623b5aff,26.187,T236,42C,off
12/11/2021 07:46:02,Chamber 6,28-0316623b5aff,26.187,T236,42C,off
12/11/2021 07:46:22,Chamber 6,28-0316623b5aff,26.187,T236,42C,off
12/11/2021 07:46:42,Chamber 6,28-0316623b5aff,26.187,T236,42C,off
12/11/2021 07:47:02,Chamber 6,28-0316623b5aff,26.187,T236,42C,off
12/11/2021 07:47:22,Chamber 6,28-0316623b5aff,26.187,T236,42C,off
12/11/2021 07:47:42,Chamber 6,28-0316623b5aff,26.187,T236,42C,off
12/11/2021 07:48:02,Chamber 6,28-0316623b5aff,26.187,T236,42C,off
12/11/2021 07:48:22,Chamber 6,28-0316623b5aff,26.187,T236,42C,off
12/11/2021 07:48:42,Chamber 6,28-0316623b5aff,26.187,T236,42C,off
12/11/2021 07:49:02,Chamber 6,28-0316623b5aff,26.187,T236,42C,off
12/11/2021 07:49:22,Chamber 6,28-0316623b5aff,26.187,T236,42C,off
12/11/2021 07:49:42,Chamber 6,28-0316623b5aff,26.187,T236,42C,off
12/11/2021 07:50:02,Chamber 6,28-0316623b5aff,26.187,T236,42C,off
12/11/2021 07:50:22,Chamber 6,28-0316623b5aff,26.187,T236,42C,off
12/11/2021 07:50:42,Chamber 6,28-0316623b5aff,26.187,T236,42C,off
12/11/2021 07:51:02,Chamber 6,28-0316623b5aff,26.187,T236,42C,off
12/11/2021 07:51:22,Chamber 6,28-0316623b5aff,26.187,T236,42C,off
12/11/2021 07:51:42,Chamber 6,28-0316623b5aff,26.187,T236,42C,off
12/11/2021 07:52:02,Chamber 6,28-0316623b5aff,26.187,T236,42C,off
12/11/2021 07:52:22,Chamber 6,28-0316623b5aff,26.187,T236,42C,off
12/11/2021 07:52:42,Chamber 6,28-0316623b5aff,26.187,T236,42C,off
12/11/2021 07:53:02,Chamber 6,28-0316623b5aff,26.187,T236,42C,off
12/11/2021 07:53:22,Chamber 6,28-0316623b5aff,26.187,T236,42C,off
12/11/2021 07:53:42,Chamber 6,28-0316623b5aff,26.187,T236,42C,off
12/11/2021 07:54:02,Chamber 6,28-0316623b5aff,26.187,T236,42C,off
12/11/2021 07:54:22,Chamber 6,28-0316623b5aff,26.187,T236,42C,off
12/11/2021 07:54:42,Chamber 6,28-0316623b5aff,26.187,T236,42C,off
12/11/2021 07:55:03,Chamber 6,28-0316623b5aff,26.25,T236,42C,off
12/11/2021 07:55:22,Chamber 6,28-0316623b5aff,26.187,T236,42C,off
12/11/2021 07:55:43,Chamber 6,28-0316623b5aff,26.25,T236,42C,off
12/11/2021 07:56:02,Chamber 6,28-0316623b5aff,26.25,T236,42C,off
12/11/2021 07:56:22,Chamber 6,28-0316623b5aff,26.187,T236,42C,off
12/11/2021 07:56:42,Chamber 6,28-0316623b5aff,26.187,T236,42C,off
12/11/2021 07:57:03,Chamber 6,28-0316623b5aff,26.25,T236,42C,off
12/11/2021 07:57:22,Chamber 6,28-0316623b5aff,26.25,T236,42C,off
12/11/2021 07:57:42,Chamber 6,28-0316623b5aff,26.25,T236,42C,off
12/11/2021 07:58:02,Chamber 6,28-0316623b5aff,26.187,T236,42C,off
12/11/2021 07:58:22,Chamber 6,28-0316623b5aff,26.187,T236,42C,off
12/11/2021 07:58:42,Chamber 6,28-0316623b5aff,26.187,T236,42C,off
12/11/2021 07:59:02,Chamber 6,28-0316623b5aff,26.187,T236,42C,off
12/11/2021 07:59:22,Chamber 6,28-0316623b5aff,26.25,T236,42C,off
12/11/2021 07:59:42,Chamber 6,28-0316623b5aff,26.25,T236,42C,off
12/11/2021 08:00:02,Chamber 6,28-0316623b5aff,26.25,T236,42C,off
12/11/2021 08:00:22,Chamber 6,28-0316623b5aff,26.187,T236,42C,off
12/11/2021 08:00:42,Chamber 6,28-0316623b5aff,26.187,T236,42C,off
12/11/2021 08:01:02,Chamber 6,28-0316623b5aff,26.187,T236,42C,off
12/11/2021 08:01:22,Chamber 6,28-0316623b5aff,26.187,T236,42C,off
12/11/2021 08:01:42,Chamber 6,28-0316623b5aff,26.187,T236,42C,off
12/11/2021 08:02:02,Chamber 6,28-0316623b5aff,26.187,T236,42C,off
12/11/2021 08:02:22,Chamber 6,28-0316623b5aff,26.187,T236,42C,off
12/11/2021 08:02:42,Chamber 6,28-0316623b5aff,26.25,T236,42C,off
12/11/2021 08:03:02,Chamber 6,28-0316623b5aff,26.187,T236,42C,off
12/11/2021 08:03:22,Chamber 6,28-0316623b5aff,26.187,T236,42C,off
12/11/2021 08:03:42,Chamber 6,28-0316623b5aff,26.25,T236,42C,off
12/11/2021 08:04:02,Chamber 6,28-0316623b5aff,26.25,T236,42C,off
12/11/2021 08:04:22,Chamber 6,28-0316623b5aff,26.25,T236,42C,off
12/11/2021 08:04:42,Chamber 6,28-0316623b5aff,26.25,T236,42C,off
12/11/2021 08:05:02,Chamber 6,28-0316623b5aff,26.25,T236,42C,off
12/11/2021 08:05:22,Chamber 6,28-0316623b5aff,26.25,T236,42C,off
12/11/2021 08:05:42,Chamber 6,28-0316623b5aff,26.25,T236,42C,off
12/11/2021 08:06:02,Chamber 6,28-0316623b5aff,26.25,T236,42C,off
12/11/2021 08:06:22,Chamber 6,28-0316623b5aff,26.25,T236,42C,off
12/11/2021 08:06:42,Chamber 6,28-0316623b5aff,26.25,T236,42C,off
12/11/2021 08:07:02,Chamber 6,28-0316623b5aff,26.25,T236,42C,off
12/11/2021 08:07:22,Chamber 6,28-0316623b5aff,26.187,T236,42C,off
12/11/2021 08:07:42,Chamber 6,28-0316623b5aff,26.25,T236,42C,off
12/11/2021 08:08:02,Chamber 6,28-0316623b5aff,26.25,T236,42C,off
12/11/2021 08:08:22,Chamber 6,28-0316623b5aff,26.187,T236,42C,off
12/11/2021 08:08:42,Chamber 6,28-0316623b5aff,26.25,T236,42C,off
12/11/2021 08:09:02,Chamber 6,28-0316623b5aff,26.25,T236,42C,off
12/11/2021 08:09:22,Chamber 6,28-0316623b5aff,26.25,T236,42C,off
12/11/2021 08:09:42,Chamber 6,28-0316623b5aff,26.25,T236,42C,off
12/11/2021 08:10:02,Chamber 6,28-0316623b5aff,26.25,T236,42C,off
12/11/2021 08:10:22,Chamber 6,28-0316623b5aff,26.25,T236,42C,off
12/11/2021 08:10:42,Chamber 6,28-0316623b5aff,26.25,T236,42C,off
12/11/2021 08:11:02,Chamber 6,28-0316623b5aff,26.25,T236,42C,off
12/11/2021 08:11:22,Chamber 6,28-0316623b5aff,26.25,T236,42C,off
12/11/2021 08:11:42,Chamber 6,28-0316623b5aff,26.25,T236,42C,off
12/11/2021 08:12:02,Chamber 6,28-0316623b5aff,26.25,T236,42C,off
12/11/2021 08:12:22,Chamber 6,28-0316623b5aff,26.25,T236,42C,off
12/11/2021 08:12:42,Chamber 6,28-0316623b5aff,26.25,T236,42C,off
12/11/2021 08:13:02,Chamber 6,28-0316623b5aff,26.25,T236,42C,off
12/11/2021 08:13:22,Chamber 6,28-0316623b5aff,26.25,T236,42C,off
12/11/2021 08:13:42,Chamber 6,28-0316623b5aff,26.25,T236,42C,off
12/11/2021 08:14:02,Chamber 6,28-0316623b5aff,26.25,T236,42C,off
12/11/2021 08:14:22,Chamber 6,28-0316623b5aff,26.25,T236,42C,off
12/11/2021 08:14:42,Chamber 6,28-0316623b5aff,26.25,T236,42C,off
12/11/2021 08:15:02,Chamber 6,28-0316623b5aff,26.25,T236,42C,off
12/11/2021 08:15:22,Chamber 6,28-0316623b5aff,26.25,T236,42C,off
12/11/2021 08:15:42,Chamber 6,28-0316623b5aff,26.25,T236,42C,off
12/11/2021 08:16:02,Chamber 6,28-0316623b5aff,26.25,T236,42C,off
12/11/2021 08:16:22,Chamber 6,28-0316623b5aff,26.25,T236,42C,off
12/11/2021 08:16:42,Chamber 6,28-0316623b5aff,26.25,T236,42C,off
12/11/2021 08:17:02,Chamber 6,28-0316623b5aff,26.25,T236,42C,off
12/11/2021 08:17:22,Chamber 6,28-0316623b5aff,26.25,T236,42C,off
12/11/2021 08:17:42,Chamber 6,28-0316623b5aff,26.25,T236,42C,off
12/11/2021 08:18:02,Chamber 6,28-0316623b5aff,26.25,T236,42C,off
12/11/2021 08:18:22,Chamber 6,28-0316623b5aff,26.25,T236,42C,off
12/11/2021 08:18:42,Chamber 6,28-0316623b5aff,26.25,T236,42C,off
12/11/2021 08:19:02,Chamber 6,28-0316623b5aff,26.25,T236,42C,off
12/11/2021 08:19:24,Chamber 6,28-0316623b5aff,26.25,T236,42C,off
12/11/2021 08:19:42,Chamber 6,28-0316623b5aff,26.25,T236,42C,off
12/11/2021 08:20:02,Chamber 6,28-0316623b5aff,26.25,T236,42C,off
12/11/2021 08:20:22,Chamber 6,28-0316623b5aff,26.25,T236,42C,off
12/11/2021 08:20:42,Chamber 6,28-0316623b5aff,26.25,T236,42C,off
12/11/2021 08:21:02,Chamber 6,28-0316623b5aff,26.25,T236,42C,off
12/11/2021 08:21:22,Chamber 6,28-0316623b5aff,26.25,T236,42C,off
12/11/2021 08:21:42,Chamber 6,28-0316623b5aff,26.25,T236,42C,off
12/11/2021 08:22:02,Chamber 6,28-0316623b5aff,26.25,T236,42C,off
12/11/2021 08:22:22,Chamber 6,28-0316623b5aff,26.25,T236,42C,off
12/11/2021 08:22:42,Chamber 6,28-0316623b5aff,26.25,T236,42C,off
12/11/2021 08:23:02,Chamber 6,28-0316623b5aff,26.25,T236,42C,off
12/11/2021 08:23:22,Chamber 6,28-0316623b5aff,26.25,T236,42C,off
12/11/2021 08:23:42,Chamber 6,28-0316623b5aff,26.25,T236,42C,off
12/11/2021 08:24:02,Chamber 6,28-0316623b5aff,26.25,T236,42C,off
12/11/2021 08:24:22,Chamber 6,28-0316623b5aff,26.25,T236,42C,off
12/11/2021 08:24:42,Chamber 6,28-0316623b5aff,26.25,T236,42C,off
12/11/2021 08:25:02,Chamber 6,28-0316623b5aff,26.25,T236,42C,off
12/11/2021 08:25:22,Chamber 6,28-0316623b5aff,26.25,T236,42C,off
12/11/2021 08:25:42,Chamber 6,28-0316623b5aff,26.25,T236,42C,off
12/11/2021 08:26:02,Chamber 6,28-0316623b5aff,26.25,T236,42C,off
12/11/2021 08:26:22,Chamber 6,28-0316623b5aff,26.25,T236,42C,off
12/11/2021 08:26:42,Chamber 6,28-0316623b5aff,26.25,T236,42C,off
12/11/2021 08:27:02,Chamber 6,28-0316623b5aff,26.25,T236,42C,off
12/11/2021 08:27:22,Chamber 6,28-0316623b5aff,26.25,T236,42C,off
12/11/2021 08:27:42,Chamber 6,28-0316623b5aff,26.25,T236,42C,off
12/11/2021 08:28:02,Chamber 6,28-0316623b5aff,26.25,T236,42C,off
12/11/2021 08:28:22,Chamber 6,28-0316623b5aff,26.25,T236,42C,off
12/11/2021 08:28:42,Chamber 6,28-0316623b5aff,26.25,T236,42C,off
12/11/2021 08:29:02,Chamber 6,28-0316623b5aff,26.25,T236,42C,off
12/11/2021 08:29:22,Chamber 6,28-0316623b5aff,26.25,T236,42C,off
12/11/2021 08:29:42,Chamber 6,28-0316623b5aff,26.25,T236,42C,off
12/11/2021 08:30:02,Chamber 6,28-0316623b5aff,26.25,T236,42C,off
12/11/2021 08:30:22,Chamber 6,28-0316623b5aff,26.25,T236,42C,off
12/11/2021 08:30:42,Chamber 6,28-0316623b5aff,26.25,T236,42C,off
12/11/2021 08:31:02,Chamber 6,28-0316623b5aff,26.25,T236,42C,off
12/11/2021 08:31:22,Chamber 6,28-0316623b5aff,26.25,T236,42C,off
12/11/2021 08:31:42,Chamber 6,28-0316623b5aff,26.25,T236,42C,off
12/11/2021 08:32:02,Chamber 6,28-0316623b5aff,26.25,T236,42C,off
12/11/2021 08:32:22,Chamber 6,28-0316623b5aff,26.25,T236,42C,off
12/11/2021 08:32:42,Chamber 6,28-0316623b5aff,26.25,T236,42C,off
12/11/2021 08:33:02,Chamber 6,28-0316623b5aff,26.25,T236,42C,off
12/11/2021 08:33:22,Chamber 6,28-0316623b5aff,26.25,T236,42C,off
12/11/2021 08:33:42,Chamber 6,28-0316623b5aff,26.25,T236,42C,off
12/11/2021 08:34:02,Chamber 6,28-0316623b5aff,26.25,T236,42C,off
12/11/2021 08:34:22,Chamber 6,28-0316623b5aff,26.25,T236,42C,off
12/11/2021 08:34:42,Chamber 6,28-0316623b5aff,26.25,T236,42C,off
12/11/2021 08:35:02,Chamber 6,28-0316623b5aff,26.25,T236,42C,off
12/11/2021 08:35:22,Chamber 6,28-0316623b5aff,26.312,T236,42C,off
12/11/2021 08:35:42,Chamber 6,28-0316623b5aff,26.25,T236,42C,off
12/11/2021 08:36:02,Chamber 6,28-0316623b5aff,26.312,T236,42C,off
12/11/2021 08:36:22,Chamber 6,28-0316623b5aff,26.312,T236,42C,off
12/11/2021 08:36:42,Chamber 6,28-0316623b5aff,26.312,T236,42C,off
12/11/2021 08:37:02,Chamber 6,28-0316623b5aff,26.312,T236,42C,off
12/11/2021 08:37:22,Chamber 6,28-0316623b5aff,26.312,T236,42C,off
12/11/2021 08:37:42,Chamber 6,28-0316623b5aff,26.312,T236,42C,off
12/11/2021 08:38:02,Chamber 6,28-0316623b5aff,26.312,T236,42C,off
12/11/2021 08:38:22,Chamber 6,28-0316623b5aff,26.312,T236,42C,off
12/11/2021 08:38:42,Chamber 6,28-0316623b5aff,26.312,T236,42C,off
12/11/2021 08:39:02,Chamber 6,28-0316623b5aff,26.312,T236,42C,off
12/11/2021 08:39:22,Chamber 6,28-0316623b5aff,26.312,T236,42C,off
12/11/2021 08:39:42,Chamber 6,28-0316623b5aff,26.312,T236,42C,off
12/11/2021 08:40:02,Chamber 6,28-0316623b5aff,26.25,T236,42C,off
12/11/2021 08:40:22,Chamber 6,28-0316623b5aff,26.312,T236,42C,off
12/11/2021 08:40:42,Chamber 6,28-0316623b5aff,26.25,T236,42C,off
12/11/2021 08:41:02,Chamber 6,28-0316623b5aff,26.312,T236,42C,off
12/11/2021 08:41:22,Chamber 6,28-0316623b5aff,26.312,T236,42C,off
12/11/2021 08:41:42,Chamber 6,28-0316623b5aff,26.312,T236,42C,off
12/11/2021 08:42:02,Chamber 6,28-0316623b5aff,26.312,T236,42C,off
12/11/2021 08:42:22,Chamber 6,28-0316623b5aff,26.312,T236,42C,off
12/11/2021 08:42:42,Chamber 6,28-0316623b5aff,26.25,T236,42C,off
12/11/2021 08:43:02,Chamber 6,28-0316623b5aff,26.312,T236,42C,off
12/11/2021 08:43:22,Chamber 6,28-0316623b5aff,26.312,T236,42C,off
12/11/2021 08:43:42,Chamber 6,28-0316623b5aff,26.312,T236,42C,off
12/11/2021 08:44:02,Chamber 6,28-0316623b5aff,26.312,T236,42C,off
12/11/2021 08:44:22,Chamber 6,28-0316623b5aff,26.312,T236,42C,off
12/11/2021 08:44:42,Chamber 6,28-0316623b5aff,26.25,T236,42C,off
12/11/2021 08:45:02,Chamber 6,28-0316623b5aff,26.25,T236,42C,off
12/11/2021 08:45:22,Chamber 6,28-0316623b5aff,26.25,T236,42C,off
12/11/2021 08:45:43,Chamber 6,28-0316623b5aff,26.312,T236,42C,off
12/11/2021 08:46:02,Chamber 6,28-0316623b5aff,26.25,T236,42C,off
12/11/2021 08:46:22,Chamber 6,28-0316623b5aff,26.25,T236,42C,off
12/11/2021 08:46:42,Chamber 6,28-0316623b5aff,26.312,T236,42C,off
12/11/2021 08:47:02,Chamber 6,28-0316623b5aff,26.312,T236,42C,off
12/11/2021 08:47:22,Chamber 6,28-0316623b5aff,26.25,T236,42C,off
12/11/2021 08:47:42,Chamber 6,28-0316623b5aff,26.25,T236,42C,off
12/11/2021 08:48:02,Chamber 6,28-0316623b5aff,26.25,T236,42C,off
12/11/2021 08:48:22,Chamber 6,28-0316623b5aff,26.25,T236,42C,off
12/11/2021 08:48:42,Chamber 6,28-0316623b5aff,26.312,T236,42C,off
12/11/2021 08:49:02,Chamber 6,28-0316623b5aff,26.312,T236,42C,off
12/11/2021 08:49:22,Chamber 6,28-0316623b5aff,26.25,T236,42C,off
12/11/2021 08:49:42,Chamber 6,28-0316623b5aff,26.312,T236,42C,off
12/11/2021 08:50:02,Chamber 6,28-0316623b5aff,26.312,T236,42C,off
12/11/2021 08:50:22,Chamber 6,28-0316623b5aff,26.312,T236,42C,off
12/11/2021 08:50:42,Chamber 6,28-0316623b5aff,26.312,T236,42C,off
12/11/2021 08:51:02,Chamber 6,28-0316623b5aff,26.312,T236,42C,off
12/11/2021 08:51:22,Chamber 6,28-0316623b5aff,26.312,T236,42C,off
12/11/2021 08:51:42,Chamber 6,28-0316623b5aff,26.312,T236,42C,off
12/11/2021 08:52:02,Chamber 6,28-0316623b5aff,26.312,T236,42C,off
12/11/2021 08:52:22,Chamber 6,28-0316623b5aff,26.312,T236,42C,off
12/11/2021 08:52:42,Chamber 6,28-0316623b5aff,26.312,T236,42C,off
12/11/2021 08:53:02,Chamber 6,28-0316623b5aff,26.312,T236,42C,off
12/11/2021 08:53:22,Chamber 6,28-0316623b5aff,26.312,T236,42C,off
12/11/2021 08:53:42,Chamber 6,28-0316623b5aff,26.312,T236,42C,off
12/11/2021 08:54:02,Chamber 6,28-0316623b5aff,26.312,T236,42C,off
12/11/2021 08:54:22,Chamber 6,28-0316623b5aff,26.312,T236,42C,off
12/11/2021 08:54:43,Chamber 6,28-0316623b5aff,26.312,T236,42C,off
12/11/2021 08:55:02,Chamber 6,28-0316623b5aff,26.312,T236,42C,off
12/11/2021 08:55:22,Chamber 6,28-0316623b5aff,26.312,T236,42C,off
12/11/2021 08:55:42,Chamber 6,28-0316623b5aff,26.312,T236,42C,off
12/11/2021 08:56:02,Chamber 6,28-0316623b5aff,26.312,T236,42C,off
12/11/2021 08:56:22,Chamber 6,28-0316623b5aff,26.312,T236,42C,off
12/11/2021 08:56:42,Chamber 6,28-0316623b5aff,26.312,T236,42C,off
12/11/2021 08:57:02,Chamber 6,28-0316623b5aff,26.312,T236,42C,off
12/11/2021 08:57:22,Chamber 6,28-0316623b5aff,26.312,T236,42C,off
12/11/2021 08:57:42,Chamber 6,28-0316623b5aff,26.312,T236,42C,off
12/11/2021 08:58:02,Chamber 6,28-0316623b5aff,26.312,T236,42C,off
12/11/2021 08:58:22,Chamber 6,28-0316623b5aff,26.312,T236,42C,off
12/11/2021 08:58:42,Chamber 6,28-0316623b5aff,26.312,T236,42C,off
12/11/2021 08:59:02,Chamber 6,28-0316623b5aff,26.312,T236,42C,off
12/11/2021 08:59:22,Chamber 6,28-0316623b5aff,26.312,T236,42C,off
12/11/2021 08:59:42,Chamber 6,28-0316623b5aff,26.312,T236,42C,off
12/11/2021 09:00:02,Chamber 6,28-0316623b5aff,26.312,T236,42C,off
12/11/2021 09:00:22,Chamber 6,28-0316623b5aff,26.312,T236,42C,off
12/11/2021 09:00:42,Chamber 6,28-0316623b5aff,26.312,T236,42C,off
12/11/2021 09:01:02,Chamber 6,28-0316623b5aff,26.312,T236,42C,off
12/11/2021 09:01:22,Chamber 6,28-0316623b5aff,26.312,T236,42C,off
12/11/2021 09:01:42,Chamber 6,28-0316623b5aff,26.312,T236,42C,off
12/11/2021 09:02:02,Chamber 6,28-0316623b5aff,26.312,T236,42C,off
12/11/2021 09:02:22,Chamber 6,28-0316623b5aff,26.312,T236,42C,off
12/11/2021 09:02:42,Chamber 6,28-0316623b5aff,26.312,T236,42C,off
12/11/2021 09:03:02,Chamber 6,28-0316623b5aff,26.312,T236,42C,off
12/11/2021 09:03:22,Chamber 6,28-0316623b5aff,26.312,T236,42C,off
12/11/2021 09:03:42,Chamber 6,28-0316623b5aff,26.312,T236,42C,off
12/11/2021 09:04:02,Chamber 6,28-0316623b5aff,26.312,T236,42C,off
12/11/2021 09:04:22,Chamber 6,28-0316623b5aff,26.312,T236,42C,off
12/11/2021 09:04:42,Chamber 6,28-0316623b5aff,26.312,T236,42C,off
12/11/2021 09:05:02,Chamber 6,28-0316623b5aff,26.312,T236,42C,off
12/11/2021 09:05:22,Chamber 6,28-0316623b5aff,26.312,T236,42C,off
12/11/2021 09:05:42,Chamber 6,28-0316623b5aff,26.312,T236,42C,off
12/11/2021 09:06:02,Chamber 6,28-0316623b5aff,26.312,T236,42C,off
12/11/2021 09:06:22,Chamber 6,28-0316623b5aff,26.312,T236,42C,off
12/11/2021 09:06:42,Chamber 6,28-0316623b5aff,26.312,T236,42C,off
12/11/2021 09:07:02,Chamber 6,28-0316623b5aff,26.312,T236,42C,off
12/11/2021 09:07:22,Chamber 6,28-0316623b5aff,26.312,T236,42C,off
12/11/2021 09:07:42,Chamber 6,28-0316623b5aff,26.312,T236,42C,off
12/11/2021 09:08:02,Chamber 6,28-0316623b5aff,26.312,T236,42C,off
12/11/2021 09:08:22,Chamber 6,28-0316623b5aff,26.312,T236,42C,off
12/11/2021 09:08:42,Chamber 6,28-0316623b5aff,26.312,T236,42C,off
12/11/2021 09:09:02,Chamber 6,28-0316623b5aff,26.312,T236,42C,off
12/11/2021 09:09:22,Chamber 6,28-0316623b5aff,26.312,T236,42C,off
12/11/2021 09:09:42,Chamber 6,28-0316623b5aff,26.312,T236,42C,off
12/11/2021 09:10:03,Chamber 6,28-0316623b5aff,26.312,T236,42C,off
12/11/2021 09:10:22,Chamber 6,28-0316623b5aff,26.312,T236,42C,off
12/11/2021 09:10:42,Chamber 6,28-0316623b5aff,26.312,T236,42C,off
12/11/2021 09:11:02,Chamber 6,28-0316623b5aff,26.312,T236,42C,off
12/11/2021 09:11:22,Chamber 6,28-0316623b5aff,26.312,T236,42C,off
12/11/2021 09:11:42,Chamber 6,28-0316623b5aff,26.312,T236,42C,off
12/11/2021 09:12:02,Chamber 6,28-0316623b5aff,26.312,T236,42C,off
12/11/2021 09:12:22,Chamber 6,28-0316623b5aff,26.375,T236,42C,off
12/11/2021 09:12:42,Chamber 6,28-0316623b5aff,26.312,T236,42C,off
12/11/2021 09:13:02,Chamber 6,28-0316623b5aff,26.375,T236,42C,off
12/11/2021 09:13:22,Chamber 6,28-0316623b5aff,26.312,T236,42C,off
12/11/2021 09:13:42,Chamber 6,28-0316623b5aff,26.312,T236,42C,off
12/11/2021 09:14:02,Chamber 6,28-0316623b5aff,26.312,T236,42C,off
12/11/2021 09:14:22,Chamber 6,28-0316623b5aff,26.375,T236,42C,off
12/11/2021 09:14:42,Chamber 6,28-0316623b5aff,26.312,T236,42C,off
12/11/2021 09:15:02,Chamber 6,28-0316623b5aff,26.312,T236,42C,off
12/11/2021 09:15:22,Chamber 6,28-0316623b5aff,26.312,T236,42C,off
12/11/2021 09:15:43,Chamber 6,28-0316623b5aff,26.312,T236,42C,off
12/11/2021 09:16:02,Chamber 6,28-0316623b5aff,26.375,T236,42C,off
12/11/2021 09:16:22,Chamber 6,28-0316623b5aff,26.375,T236,42C,off
12/11/2021 09:16:42,Chamber 6,28-0316623b5aff,26.375,T236,42C,off
12/11/2021 09:17:02,Chamber 6,28-0316623b5aff,26.312,T236,42C,off
12/11/2021 09:17:22,Chamber 6,28-0316623b5aff,26.312,T236,42C,off
12/11/2021 09:17:42,Chamber 6,28-0316623b5aff,26.312,T236,42C,off
12/11/2021 09:18:02,Chamber 6,28-0316623b5aff,26.312,T236,42C,off
12/11/2021 09:18:22,Chamber 6,28-0316623b5aff,26.312,T236,42C,off
12/11/2021 09:18:42,Chamber 6,28-0316623b5aff,26.312,T236,42C,off
12/11/2021 09:19:02,Chamber 6,28-0316623b5aff,26.312,T236,42C,off
12/11/2021 09:19:22,Chamber 6,28-0316623b5aff,26.312,T236,42C,off
12/11/2021 09:19:42,Chamber 6,28-0316623b5aff,26.312,T236,42C,off
12/11/2021 09:20:02,Chamber 6,28-0316623b5aff,26.312,T236,42C,off
12/11/2021 09:20:22,Chamber 6,28-0316623b5aff,26.375,T236,42C,off
12/11/2021 09:20:42,Chamber 6,28-0316623b5aff,26.375,T236,42C,off
12/11/2021 09:21:02,Chamber 6,28-0316623b5aff,26.375,T236,42C,off
12/11/2021 09:21:22,Chamber 6,28-0316623b5aff,26.375,T236,42C,off
12/11/2021 09:21:42,Chamber 6,28-0316623b5aff,26.375,T236,42C,off
12/11/2021 09:22:02,Chamber 6,28-0316623b5aff,26.375,T236,42C,off
12/11/2021 09:22:22,Chamber 6,28-0316623b5aff,26.375,T236,42C,off
12/11/2021 09:22:42,Chamber 6,28-0316623b5aff,26.375,T236,42C,off
12/11/2021 09:23:02,Chamber 6,28-0316623b5aff,26.375,T236,42C,off
12/11/2021 09:23:22,Chamber 6,28-0316623b5aff,26.375,T236,42C,off
12/11/2021 09:23:42,Chamber 6,28-0316623b5aff,26.375,T236,42C,off
12/11/2021 09:24:02,Chamber 6,28-0316623b5aff,26.375,T236,42C,off
12/11/2021 09:24:22,Chamber 6,28-0316623b5aff,26.375,T236,42C,off
12/11/2021 09:24:42,Chamber 6,28-0316623b5aff,26.375,T236,42C,off
12/11/2021 09:25:02,Chamber 6,28-0316623b5aff,26.375,T236,42C,off
12/11/2021 09:25:22,Chamber 6,28-0316623b5aff,26.375,T236,42C,off
12/11/2021 09:25:42,Chamber 6,28-0316623b5aff,26.375,T236,42C,off
12/11/2021 09:26:02,Chamber 6,28-0316623b5aff,26.375,T236,42C,off
12/11/2021 09:26:22,Chamber 6,28-0316623b5aff,26.375,T236,42C,off
12/11/2021 09:26:42,Chamber 6,28-0316623b5aff,26.375,T236,42C,off
12/11/2021 09:27:02,Chamber 6,28-0316623b5aff,26.375,T236,42C,off
12/11/2021 09:27:22,Chamber 6,28-0316623b5aff,26.312,T236,42C,off
12/11/2021 09:27:43,Chamber 6,28-0316623b5aff,26.375,T236,42C,off
12/11/2021 09:28:02,Chamber 6,28-0316623b5aff,26.375,T236,42C,off
12/11/2021 09:28:22,Chamber 6,28-0316623b5aff,26.312,T236,42C,off
12/11/2021 09:28:42,Chamber 6,28-0316623b5aff,26.375,T236,42C,off
12/11/2021 09:29:02,Chamber 6,28-0316623b5aff,26.375,T236,42C,off
12/11/2021 09:29:22,Chamber 6,28-0316623b5aff,26.312,T236,42C,off
12/11/2021 09:29:43,Chamber 6,28-0316623b5aff,26.375,T236,42C,off
12/11/2021 09:30:02,Chamber 6,28-0316623b5aff,26.312,T236,42C,off
12/11/2021 09:30:23,Chamber 6,28-0316623b5aff,26.375,T236,42C,off
12/11/2021 09:30:42,Chamber 6,28-0316623b5aff,26.375,T236,42C,off
12/11/2021 09:31:02,Chamber 6,28-0316623b5aff,26.375,T236,42C,off
12/11/2021 09:31:22,Chamber 6,28-0316623b5aff,26.375,T236,42C,off
12/11/2021 09:31:42,Chamber 6,28-0316623b5aff,26.375,T236,42C,off
12/11/2021 09:32:02,Chamber 6,28-0316623b5aff,26.375,T236,42C,off
12/11/2021 09:32:22,Chamber 6,28-0316623b5aff,26.375,T236,42C,off
12/11/2021 09:32:42,Chamber 6,28-0316623b5aff,26.375,T236,42C,off
12/11/2021 09:33:02,Chamber 6,28-0316623b5aff,26.375,T236,42C,off
12/11/2021 09:33:22,Chamber 6,28-0316623b5aff,26.375,T236,42C,off
12/11/2021 09:33:42,Chamber 6,28-0316623b5aff,26.375,T236,42C,off
12/11/2021 09:34:02,Chamber 6,28-0316623b5aff,26.375,T236,42C,off
12/11/2021 09:34:22,Chamber 6,28-0316623b5aff,26.375,T236,42C,off
12/11/2021 09:34:42,Chamber 6,28-0316623b5aff,26.375,T236,42C,off
12/11/2021 09:35:02,Chamber 6,28-0316623b5aff,26.375,T236,42C,off
12/11/2021 09:35:22,Chamber 6,28-0316623b5aff,26.375,T236,42C,off
12/11/2021 09:35:42,Chamber 6,28-0316623b5aff,26.375,T236,42C,off
12/11/2021 09:36:02,Chamber 6,28-0316623b5aff,26.375,T236,42C,off
12/11/2021 09:36:22,Chamber 6,28-0316623b5aff,26.375,T236,42C,off
12/11/2021 09:36:42,Chamber 6,28-0316623b5aff,26.375,T236,42C,off
12/11/2021 09:37:02,Chamber 6,28-0316623b5aff,26.375,T236,42C,off
12/11/2021 09:37:22,Chamber 6,28-0316623b5aff,26.375,T236,42C,off
12/11/2021 09:37:42,Chamber 6,28-0316623b5aff,26.375,T236,42C,off
12/11/2021 09:38:02,Chamber 6,28-0316623b5aff,26.375,T236,42C,off
12/11/2021 09:38:24,Chamber 6,28-0316623b5aff,26.375,T236,42C,off
12/11/2021 09:38:42,Chamber 6,28-0316623b5aff,26.375,T236,42C,off
12/11/2021 09:39:02,Chamber 6,28-0316623b5aff,26.375,T236,42C,off
12/11/2021 09:39:22,Chamber 6,28-0316623b5aff,26.375,T236,42C,off
12/11/2021 09:39:42,Chamber 6,28-0316623b5aff,26.375,T236,42C,off
12/11/2021 09:40:02,Chamber 6,28-0316623b5aff,26.375,T236,42C,off
12/11/2021 09:40:22,Chamber 6,28-0316623b5aff,26.375,T236,42C,off
12/11/2021 09:40:42,Chamber 6,28-0316623b5aff,26.375,T236,42C,off
12/11/2021 09:41:02,Chamber 6,28-0316623b5aff,26.375,T236,42C,off
12/11/2021 09:41:22,Chamber 6,28-0316623b5aff,26.375,T236,42C,off
12/11/2021 09:41:42,Chamber 6,28-0316623b5aff,26.375,T236,42C,off
12/11/2021 09:42:02,Chamber 6,28-0316623b5aff,26.375,T236,42C,off
12/11/2021 09:42:22,Chamber 6,28-0316623b5aff,26.375,T236,42C,off
12/11/2021 09:42:42,Chamber 6,28-0316623b5aff,26.375,T236,42C,off
12/11/2021 09:43:02,Chamber 6,28-0316623b5aff,26.375,T236,42C,off
12/11/2021 09:43:22,Chamber 6,28-0316623b5aff,26.375,T236,42C,off
12/11/2021 09:43:42,Chamber 6,28-0316623b5aff,26.375,T236,42C,off
12/11/2021 09:44:02,Chamber 6,28-0316623b5aff,26.375,T236,42C,off
12/11/2021 09:44:22,Chamber 6,28-0316623b5aff,26.375,T236,42C,off
12/11/2021 09:44:42,Chamber 6,28-0316623b5aff,26.375,T236,42C,off
12/11/2021 09:45:02,Chamber 6,28-0316623b5aff,26.375,T236,42C,off
12/11/2021 09:45:22,Chamber 6,28-0316623b5aff,26.375,T236,42C,off
12/11/2021 09:45:42,Chamber 6,28-0316623b5aff,26.375,T236,42C,off
12/11/2021 09:46:02,Chamber 6,28-0316623b5aff,26.375,T236,42C,off
12/11/2021 09:46:22,Chamber 6,28-0316623b5aff,26.375,T236,42C,off
12/11/2021 09:46:42,Chamber 6,28-0316623b5aff,26.375,T236,42C,off
12/11/2021 09:47:02,Chamber 6,28-0316623b5aff,26.375,T236,42C,off
12/11/2021 09:47:22,Chamber 6,28-0316623b5aff,26.375,T236,42C,off
12/11/2021 09:47:42,Chamber 6,28-0316623b5aff,26.375,T236,42C,off
12/11/2021 09:48:02,Chamber 6,28-0316623b5aff,26.375,T236,42C,off
12/11/2021 09:48:22,Chamber 6,28-0316623b5aff,26.375,T236,42C,off
12/11/2021 09:48:42,Chamber 6,28-0316623b5aff,26.375,T236,42C,off
12/11/2021 09:49:02,Chamber 6,28-0316623b5aff,26.375,T236,42C,off
12/11/2021 09:49:22,Chamber 6,28-0316623b5aff,26.375,T236,42C,off
12/11/2021 09:49:42,Chamber 6,28-0316623b5aff,26.375,T236,42C,off
12/11/2021 09:50:02,Chamber 6,28-0316623b5aff,26.375,T236,42C,off
12/11/2021 09:50:22,Chamber 6,28-0316623b5aff,26.375,T236,42C,off
12/11/2021 09:50:42,Chamber 6,28-0316623b5aff,26.375,T236,42C,off
12/11/2021 09:51:02,Chamber 6,28-0316623b5aff,26.375,T236,42C,off
12/11/2021 09:51:22,Chamber 6,28-0316623b5aff,26.375,T236,42C,off
12/11/2021 09:51:42,Chamber 6,28-0316623b5aff,26.375,T236,42C,off
12/11/2021 09:52:02,Chamber 6,28-0316623b5aff,26.375,T236,42C,off
12/11/2021 09:52:22,Chamber 6,28-0316623b5aff,26.375,T236,42C,off
12/11/2021 09:52:42,Chamber 6,28-0316623b5aff,26.375,T236,42C,off
12/11/2021 09:53:02,Chamber 6,28-0316623b5aff,26.375,T236,42C,off
12/11/2021 09:53:22,Chamber 6,28-0316623b5aff,26.375,T236,42C,off
12/11/2021 09:53:42,Chamber 6,28-0316623b5aff,26.375,T236,42C,off
12/11/2021 09:54:02,Chamber 6,28-0316623b5aff,26.375,T236,42C,off
12/11/2021 09:54:22,Chamber 6,28-0316623b5aff,26.375,T236,42C,off
12/11/2021 09:54:42,Chamber 6,28-0316623b5aff,26.437,T236,42C,off
12/11/2021 09:55:02,Chamber 6,28-0316623b5aff,26.375,T236,42C,off
12/11/2021 09:55:23,Chamber 6,28-0316623b5aff,26.375,T236,42C,off
12/11/2021 09:55:42,Chamber 6,28-0316623b5aff,26.375,T236,42C,off
12/11/2021 09:56:02,Chamber 6,28-0316623b5aff,26.375,T236,42C,off
12/11/2021 09:56:22,Chamber 6,28-0316623b5aff,26.375,T236,42C,off
12/11/2021 09:56:42,Chamber 6,28-0316623b5aff,26.375,T236,42C,off
12/11/2021 09:57:02,Chamber 6,28-0316623b5aff,26.375,T236,42C,off
12/11/2021 09:57:22,Chamber 6,28-0316623b5aff,26.375,T236,42C,off
12/11/2021 09:57:42,Chamber 6,28-0316623b5aff,26.375,T236,42C,off
12/11/2021 09:58:02,Chamber 6,28-0316623b5aff,26.375,T236,42C,off
12/11/2021 09:58:23,Chamber 6,28-0316623b5aff,26.437,T236,42C,off
12/11/2021 09:58:42,Chamber 6,28-0316623b5aff,26.437,T236,42C,off
12/11/2021 09:59:02,Chamber 6,28-0316623b5aff,26.437,T236,42C,off
12/11/2021 09:59:22,Chamber 6,28-0316623b5aff,26.437,T236,42C,off
12/11/2021 09:59:42,Chamber 6,28-0316623b5aff,26.437,T236,42C,off
12/11/2021 10:00:02,Chamber 6,28-0316623b5aff,26.437,T236,42C,off
12/11/2021 10:00:22,Chamber 6,28-0316623b5aff,26.375,T236,42C,off
12/11/2021 10:00:42,Chamber 6,28-0316623b5aff,26.437,T236,42C,off
12/11/2021 10:01:02,Chamber 6,28-0316623b5aff,26.437,T236,42C,off
12/11/2021 10:01:22,Chamber 6,28-0316623b5aff,26.437,T236,42C,off
12/11/2021 10:01:42,Chamber 6,28-0316623b5aff,26.375,T236,42C,off
12/11/2021 10:02:02,Chamber 6,28-0316623b5aff,26.375,T236,42C,off
12/11/2021 10:02:22,Chamber 6,28-0316623b5aff,26.375,T236,42C,off
12/11/2021 10:02:42,Chamber 6,28-0316623b5aff,26.375,T236,42C,off
12/11/2021 10:03:02,Chamber 6,28-0316623b5aff,26.375,T236,42C,off
12/11/2021 10:03:22,Chamber 6,28-0316623b5aff,26.375,T236,42C,off
12/11/2021 10:03:42,Chamber 6,28-0316623b5aff,26.375,T236,42C,off
12/11/2021 10:04:02,Chamber 6,28-0316623b5aff,26.437,T236,42C,off
12/11/2021 10:04:22,Chamber 6,28-0316623b5aff,26.437,T236,42C,off
12/11/2021 10:04:42,Chamber 6,28-0316623b5aff,26.437,T236,42C,off
12/11/2021 10:05:02,Chamber 6,28-0316623b5aff,26.437,T236,42C,off
12/11/2021 10:05:22,Chamber 6,28-0316623b5aff,26.437,T236,42C,off
12/11/2021 10:05:42,Chamber 6,28-0316623b5aff,26.437,T236,42C,off
12/11/2021 10:06:02,Chamber 6,28-0316623b5aff,26.437,T236,42C,off
12/11/2021 10:06:22,Chamber 6,28-0316623b5aff,26.437,T236,42C,off
12/11/2021 10:06:42,Chamber 6,28-0316623b5aff,26.437,T236,42C,off
12/11/2021 10:07:02,Chamber 6,28-0316623b5aff,26.437,T236,42C,off
12/11/2021 10:07:22,Chamber 6,28-0316623b5aff,26.437,T236,42C,off
12/11/2021 10:07:42,Chamber 6,28-0316623b5aff,26.437,T236,42C,off
12/11/2021 10:08:02,Chamber 6,28-0316623b5aff,26.437,T236,42C,off
12/11/2021 10:08:22,Chamber 6,28-0316623b5aff,26.437,T236,42C,off
12/11/2021 10:08:42,Chamber 6,28-0316623b5aff,26.437,T236,42C,off
12/11/2021 10:09:02,Chamber 6,28-0316623b5aff,26.437,T236,42C,off
12/11/2021 10:09:22,Chamber 6,28-0316623b5aff,26.437,T236,42C,off
12/11/2021 10:09:43,Chamber 6,28-0316623b5aff,26.437,T236,42C,off
12/11/2021 10:10:02,Chamber 6,28-0316623b5aff,26.437,T236,42C,off
12/11/2021 10:10:22,Chamber 6,28-0316623b5aff,26.437,T236,42C,off
12/11/2021 10:10:42,Chamber 6,28-0316623b5aff,26.437,T236,42C,off
12/11/2021 10:11:02,Chamber 6,28-0316623b5aff,26.437,T236,42C,off
12/11/2021 10:11:22,Chamber 6,28-0316623b5aff,26.437,T236,42C,off
12/11/2021 10:11:42,Chamber 6,28-0316623b5aff,26.437,T236,42C,off
12/11/2021 10:12:02,Chamber 6,28-0316623b5aff,26.437,T236,42C,off
12/11/2021 10:12:22,Chamber 6,28-0316623b5aff,26.437,T236,42C,off
12/11/2021 10:12:42,Chamber 6,28-0316623b5aff,26.437,T236,42C,off
12/11/2021 10:13:02,Chamber 6,28-0316623b5aff,26.437,T236,42C,off
12/11/2021 10:13:22,Chamber 6,28-0316623b5aff,26.437,T236,42C,off
12/11/2021 10:13:42,Chamber 6,28-0316623b5aff,26.437,T236,42C,off
12/11/2021 10:14:02,Chamber 6,28-0316623b5aff,26.437,T236,42C,off
12/11/2021 10:14:22,Chamber 6,28-0316623b5aff,26.437,T236,42C,off
12/11/2021 10:14:42,Chamber 6,28-0316623b5aff,26.437,T236,42C,off
12/11/2021 10:15:02,Chamber 6,28-0316623b5aff,26.437,T236,42C,off
12/11/2021 10:15:22,Chamber 6,28-0316623b5aff,26.437,T236,42C,off
12/11/2021 10:15:42,Chamber 6,28-0316623b5aff,26.437,T236,42C,off
12/11/2021 10:16:02,Chamber 6,28-0316623b5aff,26.437,T236,42C,off
12/11/2021 10:16:23,Chamber 6,28-0316623b5aff,26.437,T236,42C,off
12/11/2021 10:16:42,Chamber 6,28-0316623b5aff,26.437,T236,42C,off
12/11/2021 10:17:02,Chamber 6,28-0316623b5aff,26.437,T236,42C,off
12/11/2021 10:17:22,Chamber 6,28-0316623b5aff,26.437,T236,42C,off
12/11/2021 10:17:43,Chamber 6,28-0316623b5aff,26.437,T236,42C,off
12/11/2021 10:18:02,Chamber 6,28-0316623b5aff,26.437,T236,42C,off
12/11/2021 10:18:23,Chamber 6,28-0316623b5aff,26.437,T236,42C,off
12/11/2021 10:18:42,Chamber 6,28-0316623b5aff,26.437,T236,42C,off
12/11/2021 10:19:02,Chamber 6,28-0316623b5aff,26.437,T236,42C,off
12/11/2021 10:19:22,Chamber 6,28-0316623b5aff,26.437,T236,42C,off
12/11/2021 10:19:42,Chamber 6,28-0316623b5aff,26.437,T236,42C,off
12/11/2021 10:20:02,Chamber 6,28-0316623b5aff,26.437,T236,42C,off
12/11/2021 10:20:22,Chamber 6,28-0316623b5aff,26.437,T236,42C,off
12/11/2021 10:20:42,Chamber 6,28-0316623b5aff,26.437,T236,42C,off
12/11/2021 10:21:02,Chamber 6,28-0316623b5aff,26.437,T236,42C,off
12/11/2021 10:21:22,Chamber 6,28-0316623b5aff,26.437,T236,42C,off
12/11/2021 10:21:42,Chamber 6,28-0316623b5aff,26.437,T236,42C,off
12/11/2021 10:22:02,Chamber 6,28-0316623b5aff,26.437,T236,42C,off
12/11/2021 10:22:22,Chamber 6,28-0316623b5aff,26.437,T236,42C,off
12/11/2021 10:22:42,Chamber 6,28-0316623b5aff,26.437,T236,42C,off
12/11/2021 10:23:02,Chamber 6,28-0316623b5aff,26.437,T236,42C,off
12/11/2021 10:23:22,Chamber 6,28-0316623b5aff,26.437,T236,42C,off
12/11/2021 10:23:42,Chamber 6,28-0316623b5aff,26.437,T236,42C,off
12/11/2021 10:24:02,Chamber 6,28-0316623b5aff,26.437,T236,42C,off
12/11/2021 10:24:22,Chamber 6,28-0316623b5aff,26.437,T236,42C,off
12/11/2021 10:24:42,Chamber 6,28-0316623b5aff,26.437,T236,42C,off
12/11/2021 10:25:02,Chamber 6,28-0316623b5aff,26.437,T236,42C,off
12/11/2021 10:25:22,Chamber 6,28-0316623b5aff,26.437,T236,42C,off
12/11/2021 10:25:42,Chamber 6,28-0316623b5aff,26.437,T236,42C,off
12/11/2021 10:26:03,Chamber 6,28-0316623b5aff,26.437,T236,42C,off
12/11/2021 10:26:22,Chamber 6,28-0316623b5aff,26.437,T236,42C,off
12/11/2021 10:26:42,Chamber 6,28-0316623b5aff,26.437,T236,42C,off
12/11/2021 10:27:02,Chamber 6,28-0316623b5aff,26.437,T236,42C,off
12/11/2021 10:27:22,Chamber 6,28-0316623b5aff,26.437,T236,42C,off
12/11/2021 10:27:42,Chamber 6,28-0316623b5aff,26.437,T236,42C,off
12/11/2021 10:28:02,Chamber 6,28-0316623b5aff,26.5,T236,42C,off
12/11/2021 10:28:22,Chamber 6,28-0316623b5aff,26.5,T236,42C,off
12/11/2021 10:28:42,Chamber 6,28-0316623b5aff,26.5,T236,42C,off
12/11/2021 10:29:02,Chamber 6,28-0316623b5aff,26.5,T236,42C,off
12/11/2021 10:29:22,Chamber 6,28-0316623b5aff,26.5,T236,42C,off
12/11/2021 10:29:42,Chamber 6,28-0316623b5aff,26.5,T236,42C,off
12/11/2021 10:30:02,Chamber 6,28-0316623b5aff,26.5,T236,42C,off
12/11/2021 10:30:22,Chamber 6,28-0316623b5aff,26.5,T236,42C,off
12/11/2021 10:30:42,Chamber 6,28-0316623b5aff,26.5,T236,42C,off
12/11/2021 10:31:02,Chamber 6,28-0316623b5aff,26.5,T236,42C,off
12/11/2021 10:31:22,Chamber 6,28-0316623b5aff,26.5,T236,42C,off
12/11/2021 10:31:42,Chamber 6,28-0316623b5aff,26.5,T236,42C,off
12/11/2021 10:32:02,Chamber 6,28-0316623b5aff,26.5,T236,42C,off
12/11/2021 10:32:22,Chamber 6,28-0316623b5aff,26.5,T236,42C,off
12/11/2021 10:32:42,Chamber 6,28-0316623b5aff,26.5,T236,42C,off
12/11/2021 10:33:02,Chamber 6,28-0316623b5aff,26.5,T236,42C,off
12/11/2021 10:33:22,Chamber 6,28-0316623b5aff,26.5,T236,42C,off
12/11/2021 10:33:42,Chamber 6,28-0316623b5aff,26.5,T236,42C,off
12/11/2021 10:34:02,Chamber 6,28-0316623b5aff,26.5,T236,42C,off
12/11/2021 10:34:22,Chamber 6,28-0316623b5aff,26.5,T236,42C,off
12/11/2021 10:34:42,Chamber 6,28-0316623b5aff,26.5,T236,42C,off
12/11/2021 10:35:02,Chamber 6,28-0316623b5aff,26.5,T236,42C,off
12/11/2021 10:35:22,Chamber 6,28-0316623b5aff,26.5,T236,42C,off
12/11/2021 10:35:42,Chamber 6,28-0316623b5aff,26.5,T236,42C,off
12/11/2021 10:36:02,Chamber 6,28-0316623b5aff,26.5,T236,42C,off
12/11/2021 10:36:22,Chamber 6,28-0316623b5aff,26.5,T236,42C,off
12/11/2021 10:36:42,Chamber 6,28-0316623b5aff,26.5,T236,42C,off
12/11/2021 10:37:02,Chamber 6,28-0316623b5aff,26.5,T236,42C,off
12/11/2021 10:37:22,Chamber 6,28-0316623b5aff,26.5,T236,42C,off
12/11/2021 10:37:42,Chamber 6,28-0316623b5aff,26.5,T236,42C,off
12/11/2021 10:38:02,Chamber 6,28-0316623b5aff,26.5,T236,42C,off
12/11/2021 10:38:22,Chamber 6,28-0316623b5aff,26.5,T236,42C,off
12/11/2021 10:38:42,Chamber 6,28-0316623b5aff,26.5,T236,42C,off
12/11/2021 10:39:02,Chamber 6,28-0316623b5aff,26.5,T236,42C,off
12/11/2021 10:39:22,Chamber 6,28-0316623b5aff,26.5,T236,42C,off
12/11/2021 10:39:42,Chamber 6,28-0316623b5aff,26.5,T236,42C,off
12/11/2021 10:40:03,Chamber 6,28-0316623b5aff,26.5,T236,42C,off
12/11/2021 10:40:22,Chamber 6,28-0316623b5aff,26.5,T236,42C,off
12/11/2021 10:40:42,Chamber 6,28-0316623b5aff,26.5,T236,42C,off
12/11/2021 10:41:02,Chamber 6,28-0316623b5aff,26.5,T236,42C,off
12/11/2021 10:41:22,Chamber 6,28-0316623b5aff,26.5,T236,42C,off
12/11/2021 10:41:42,Chamber 6,28-0316623b5aff,26.5,T236,42C,off
12/11/2021 10:42:02,Chamber 6,28-0316623b5aff,26.5,T236,42C,off
12/11/2021 10:42:22,Chamber 6,28-0316623b5aff,26.437,T236,42C,off
12/11/2021 10:42:42,Chamber 6,28-0316623b5aff,26.5,T236,42C,off
12/11/2021 10:43:02,Chamber 6,28-0316623b5aff,26.5,T236,42C,off
12/11/2021 10:43:22,Chamber 6,28-0316623b5aff,26.5,T236,42C,off
12/11/2021 10:43:42,Chamber 6,28-0316623b5aff,26.5,T236,42C,off
12/11/2021 10:44:02,Chamber 6,28-0316623b5aff,26.5,T236,42C,off
12/11/2021 10:44:22,Chamber 6,28-0316623b5aff,26.5,T236,42C,off
12/11/2021 10:44:42,Chamber 6,28-0316623b5aff,26.5,T236,42C,off
12/11/2021 10:45:02,Chamber 6,28-0316623b5aff,26.5,T236,42C,off
12/11/2021 10:45:22,Chamber 6,28-0316623b5aff,26.5,T236,42C,off
12/11/2021 10:45:42,Chamber 6,28-0316623b5aff,26.5,T236,42C,off
12/11/2021 10:46:02,Chamber 6,28-0316623b5aff,26.5,T236,42C,off
12/11/2021 10:46:22,Chamber 6,28-0316623b5aff,26.5,T236,42C,off
12/11/2021 10:46:42,Chamber 6,28-0316623b5aff,26.5,T236,42C,off
12/11/2021 10:47:02,Chamber 6,28-0316623b5aff,26.5,T236,42C,off
12/11/2021 10:47:22,Chamber 6,28-0316623b5aff,26.5,T236,42C,off
12/11/2021 10:47:42,Chamber 6,28-0316623b5aff,26.5,T236,42C,off
12/11/2021 10:48:02,Chamber 6,28-0316623b5aff,26.5,T236,42C,off
12/11/2021 10:48:22,Chamber 6,28-0316623b5aff,26.5,T236,42C,off
12/11/2021 10:48:42,Chamber 6,28-0316623b5aff,26.5,T236,42C,off
12/11/2021 10:49:02,Chamber 6,28-0316623b5aff,26.5,T236,42C,off
12/11/2021 10:49:22,Chamber 6,28-0316623b5aff,26.5,T236,42C,off
12/11/2021 10:49:42,Chamber 6,28-0316623b5aff,26.5,T236,42C,off
12/11/2021 10:50:02,Chamber 6,28-0316623b5aff,26.5,T236,42C,off
12/11/2021 10:50:22,Chamber 6,28-0316623b5aff,26.5,T236,42C,off
12/11/2021 10:50:42,Chamber 6,28-0316623b5aff,26.5,T236,42C,off
12/11/2021 10:51:02,Chamber 6,28-0316623b5aff,26.5,T236,42C,off
12/11/2021 10:51:22,Chamber 6,28-0316623b5aff,26.5,T236,42C,off
12/11/2021 10:51:42,Chamber 6,28-0316623b5aff,26.5,T236,42C,off
12/11/2021 10:52:02,Chamber 6,28-0316623b5aff,26.5,T236,42C,off
12/11/2021 10:52:22,Chamber 6,28-0316623b5aff,26.5,T236,42C,off
12/11/2021 10:52:42,Chamber 6,28-0316623b5aff,26.5,T236,42C,off
12/11/2021 10:53:07,Chamber 6,28-0316623b5aff,26.5,T236,42C,off
12/11/2021 10:53:22,Chamber 6,28-0316623b5aff,26.5,T236,42C,off
12/11/2021 10:53:42,Chamber 6,28-0316623b5aff,26.5,T236,42C,off
12/11/2021 10:54:02,Chamber 6,28-0316623b5aff,26.5,T236,42C,off
12/11/2021 10:54:22,Chamber 6,28-0316623b5aff,26.5,T236,42C,off
12/11/2021 10:54:42,Chamber 6,28-0316623b5aff,26.5,T236,42C,off
12/11/2021 10:55:02,Chamber 6,28-0316623b5aff,26.5,T236,42C,off
12/11/2021 10:55:22,Chamber 6,28-0316623b5aff,26.5,T236,42C,off
12/11/2021 10:55:42,Chamber 6,28-0316623b5aff,26.5,T236,42C,off
12/11/2021 10:56:02,Chamber 6,28-0316623b5aff,26.5,T236,42C,off
12/11/2021 10:56:22,Chamber 6,28-0316623b5aff,26.5,T236,42C,off
12/11/2021 10:56:42,Chamber 6,28-0316623b5aff,26.5,T236,42C,off
12/11/2021 10:57:03,Chamber 6,28-0316623b5aff,26.5,T236,42C,off
12/11/2021 10:57:22,Chamber 6,28-0316623b5aff,26.5,T236,42C,off
12/11/2021 10:57:42,Chamber 6,28-0316623b5aff,26.5,T236,42C,off
12/11/2021 10:58:02,Chamber 6,28-0316623b5aff,26.5,T236,42C,off
12/11/2021 10:58:22,Chamber 6,28-0316623b5aff,26.5,T236,42C,off
12/11/2021 10:58:42,Chamber 6,28-0316623b5aff,26.5,T236,42C,off
12/11/2021 10:59:02,Chamber 6,28-0316623b5aff,26.5,T236,42C,off
12/11/2021 10:59:23,Chamber 6,28-0316623b5aff,26.5,T236,42C,off
12/11/2021 10:59:42,Chamber 6,28-0316623b5aff,26.5,T236,42C,off
12/11/2021 11:00:02,Chamber 6,28-0316623b5aff,26.5,T236,42C,off
12/11/2021 11:00:22,Chamber 6,28-0316623b5aff,26.5,T236,42C,off
12/11/2021 11:00:42,Chamber 6,28-0316623b5aff,26.5,T236,42C,off
12/11/2021 11:01:02,Chamber 6,28-0316623b5aff,26.5,T236,42C,off
12/11/2021 11:01:22,Chamber 6,28-0316623b5aff,26.5,T236,42C,off
12/11/2021 11:01:42,Chamber 6,28-0316623b5aff,26.5,T236,42C,off
12/11/2021 11:02:02,Chamber 6,28-0316623b5aff,26.5,T236,42C,off
12/11/2021 11:02:22,Chamber 6,28-0316623b5aff,26.5,T236,42C,off
12/11/2021 11:02:42,Chamber 6,28-0316623b5aff,26.5,T236,42C,off
12/11/2021 11:03:02,Chamber 6,28-0316623b5aff,26.5,T236,42C,off
12/11/2021 11:03:22,Chamber 6,28-0316623b5aff,26.5,T236,42C,off
12/11/2021 11:03:42,Chamber 6,28-0316623b5aff,26.5,T236,42C,off
12/11/2021 11:04:02,Chamber 6,28-0316623b5aff,26.5,T236,42C,off
12/11/2021 11:04:22,Chamber 6,28-0316623b5aff,26.5,T236,42C,off
12/11/2021 11:04:42,Chamber 6,28-0316623b5aff,26.5,T236,42C,off
12/11/2021 11:05:03,Chamber 6,28-0316623b5aff,26.5,T236,42C,off
12/11/2021 11:05:22,Chamber 6,28-0316623b5aff,26.5,T236,42C,off
12/11/2021 11:05:42,Chamber 6,28-0316623b5aff,26.5,T236,42C,off
12/11/2021 11:06:02,Chamber 6,28-0316623b5aff,26.5,T236,42C,off
12/11/2021 11:06:22,Chamber 6,28-0316623b5aff,26.5,T236,42C,off
12/11/2021 11:06:42,Chamber 6,28-0316623b5aff,26.5,T236,42C,off
12/11/2021 11:07:02,Chamber 6,28-0316623b5aff,26.5,T236,42C,off
12/11/2021 11:07:22,Chamber 6,28-0316623b5aff,26.5,T236,42C,off
12/11/2021 11:07:42,Chamber 6,28-0316623b5aff,26.5,T236,42C,off
12/11/2021 11:08:02,Chamber 6,28-0316623b5aff,26.5,T236,42C,off
12/11/2021 11:08:22,Chamber 6,28-0316623b5aff,26.5,T236,42C,off
12/11/2021 11:08:42,Chamber 6,28-0316623b5aff,26.5,T236,42C,off
12/11/2021 11:09:02,Chamber 6,28-0316623b5aff,26.5,T236,42C,off
12/11/2021 11:09:22,Chamber 6,28-0316623b5aff,26.5,T236,42C,off
12/11/2021 11:09:42,Chamber 6,28-0316623b5aff,26.5,T236,42C,off
12/11/2021 11:10:02,Chamber 6,28-0316623b5aff,26.5,T236,42C,off
12/11/2021 11:10:22,Chamber 6,28-0316623b5aff,26.5,T236,42C,off
12/11/2021 11:10:43,Chamber 6,28-0316623b5aff,26.5,T236,42C,off
12/11/2021 11:11:02,Chamber 6,28-0316623b5aff,26.5,T236,42C,off
12/11/2021 11:11:22,Chamber 6,28-0316623b5aff,26.5,T236,42C,off
12/11/2021 11:11:42,Chamber 6,28-0316623b5aff,26.5,T236,42C,off
12/11/2021 11:12:02,Chamber 6,28-0316623b5aff,26.5,T236,42C,off
12/11/2021 11:12:22,Chamber 6,28-0316623b5aff,26.5,T236,42C,off
12/11/2021 11:12:42,Chamber 6,28-0316623b5aff,26.5,T236,42C,off
12/11/2021 11:13:02,Chamber 6,28-0316623b5aff,26.5,T236,42C,off
12/11/2021 11:13:22,Chamber 6,28-0316623b5aff,26.5,T236,42C,off
12/11/2021 11:13:42,Chamber 6,28-0316623b5aff,26.5,T236,42C,off
12/11/2021 11:14:02,Chamber 6,28-0316623b5aff,26.5,T236,42C,off
12/11/2021 11:14:22,Chamber 6,28-0316623b5aff,26.5,T236,42C,off
12/11/2021 11:14:42,Chamber 6,28-0316623b5aff,26.5,T236,42C,off
12/11/2021 11:15:02,Chamber 6,28-0316623b5aff,26.5,T236,42C,off
12/11/2021 11:15:22,Chamber 6,28-0316623b5aff,26.5,T236,42C,off
12/11/2021 11:15:42,Chamber 6,28-0316623b5aff,26.5,T236,42C,off
12/11/2021 11:16:02,Chamber 6,28-0316623b5aff,26.5,T236,42C,off
12/11/2021 11:16:23,Chamber 6,28-0316623b5aff,26.5,T236,42C,off
12/11/2021 11:16:42,Chamber 6,28-0316623b5aff,26.5,T236,42C,off
12/11/2021 11:17:02,Chamber 6,28-0316623b5aff,26.5,T236,42C,off
12/11/2021 11:17:22,Chamber 6,28-0316623b5aff,26.5,T236,42C,off
12/11/2021 11:17:42,Chamber 6,28-0316623b5aff,26.5,T236,42C,off
12/11/2021 11:18:02,Chamber 6,28-0316623b5aff,26.5,T236,42C,off
12/11/2021 11:18:22,Chamber 6,28-0316623b5aff,26.5,T236,42C,off
12/11/2021 11:18:43,Chamber 6,28-0316623b5aff,26.5,T236,42C,off
12/11/2021 11:19:04,Chamber 6,28-0316623b5aff,26.5,T236,42C,off
12/11/2021 11:19:22,Chamber 6,28-0316623b5aff,26.5,T236,42C,off
12/11/2021 11:19:42,Chamber 6,28-0316623b5aff,26.5,T236,42C,off
12/11/2021 11:20:02,Chamber 6,28-0316623b5aff,26.5,T236,42C,off
12/11/2021 11:20:22,Chamber 6,28-0316623b5aff,26.5,T236,42C,off
12/11/2021 11:20:42,Chamber 6,28-0316623b5aff,26.5,T236,42C,off
12/11/2021 11:21:02,Chamber 6,28-0316623b5aff,26.5,T236,42C,off
12/11/2021 11:21:22,Chamber 6,28-0316623b5aff,26.5,T236,42C,off
12/11/2021 11:21:42,Chamber 6,28-0316623b5aff,26.5,T236,42C,off
12/11/2021 11:22:02,Chamber 6,28-0316623b5aff,26.5,T236,42C,off
12/11/2021 11:22:22,Chamber 6,28-0316623b5aff,26.5,T236,42C,off
12/11/2021 11:22:42,Chamber 6,28-0316623b5aff,26.5,T236,42C,off
12/11/2021 11:23:02,Chamber 6,28-0316623b5aff,26.5,T236,42C,off
12/11/2021 11:23:22,Chamber 6,28-0316623b5aff,26.5,T236,42C,off
12/11/2021 11:23:42,Chamber 6,28-0316623b5aff,26.5,T236,42C,off
12/11/2021 11:24:02,Chamber 6,28-0316623b5aff,26.5,T236,42C,off
12/11/2021 11:24:23,Chamber 6,28-0316623b5aff,26.5,T236,42C,off
12/11/2021 11:24:42,Chamber 6,28-0316623b5aff,26.5,T236,42C,off
12/11/2021 11:25:02,Chamber 6,28-0316623b5aff,26.5,T236,42C,off
12/11/2021 11:25:22,Chamber 6,28-0316623b5aff,26.5,T236,42C,off
12/11/2021 11:25:42,Chamber 6,28-0316623b5aff,26.5,T236,42C,off
12/11/2021 11:26:02,Chamber 6,28-0316623b5aff,26.5,T236,42C,off
12/11/2021 11:26:22,Chamber 6,28-0316623b5aff,26.5,T236,42C,off
12/11/2021 11:26:42,Chamber 6,28-0316623b5aff,26.5,T236,42C,off
12/11/2021 11:27:02,Chamber 6,28-0316623b5aff,26.5,T236,42C,off
12/11/2021 11:27:22,Chamber 6,28-0316623b5aff,26.5,T236,42C,off
12/11/2021 11:27:42,Chamber 6,28-0316623b5aff,26.5,T236,42C,off
12/11/2021 11:28:02,Chamber 6,28-0316623b5aff,26.5,T236,42C,off
12/11/2021 11:28:22,Chamber 6,28-0316623b5aff,26.5,T236,42C,off
12/11/2021 11:28:42,Chamber 6,28-0316623b5aff,26.5,T236,42C,off
12/11/2021 11:29:02,Chamber 6,28-0316623b5aff,26.5,T236,42C,off
12/11/2021 11:29:22,Chamber 6,28-0316623b5aff,26.5,T236,42C,off
12/11/2021 11:29:42,Chamber 6,28-0316623b5aff,26.5,T236,42C,off
12/11/2021 11:30:02,Chamber 6,28-0316623b5aff,26.5,T236,42C,off
12/11/2021 11:30:22,Chamber 6,28-0316623b5aff,26.5,T236,42C,off
12/11/2021 11:30:42,Chamber 6,28-0316623b5aff,26.5,T236,42C,off
12/11/2021 11:31:02,Chamber 6,28-0316623b5aff,26.5,T236,42C,off
12/11/2021 11:31:22,Chamber 6,28-0316623b5aff,26.5,T236,42C,off
12/11/2021 11:31:43,Chamber 6,28-0316623b5aff,26.5,T236,42C,off
12/11/2021 11:32:02,Chamber 6,28-0316623b5aff,26.5,T236,42C,off
12/11/2021 11:32:22,Chamber 6,28-0316623b5aff,26.5,T236,42C,off
12/11/2021 11:32:42,Chamber 6,28-0316623b5aff,26.5,T236,42C,off
12/11/2021 11:33:02,Chamber 6,28-0316623b5aff,26.5,T236,42C,off
12/11/2021 11:33:22,Chamber 6,28-0316623b5aff,26.5,T236,42C,off
12/11/2021 11:33:42,Chamber 6,28-0316623b5aff,26.5,T236,42C,off
12/11/2021 11:34:02,Chamber 6,28-0316623b5aff,26.5,T236,42C,off
12/11/2021 11:34:22,Chamber 6,28-0316623b5aff,26.5,T236,42C,off
12/11/2021 11:34:42,Chamber 6,28-0316623b5aff,26.5,T236,42C,off
12/11/2021 11:35:02,Chamber 6,28-0316623b5aff,26.5,T236,42C,off
12/11/2021 11:35:22,Chamber 6,28-0316623b5aff,26.5,T236,42C,off
12/11/2021 11:35:42,Chamber 6,28-0316623b5aff,26.5,T236,42C,off
12/11/2021 11:36:02,Chamber 6,28-0316623b5aff,26.5,T236,42C,off
12/11/2021 11:36:22,Chamber 6,28-0316623b5aff,26.5,T236,42C,off
12/11/2021 11:36:42,Chamber 6,28-0316623b5aff,26.5,T236,42C,off
12/11/2021 11:37:02,Chamber 6,28-0316623b5aff,26.5,T236,42C,off
12/11/2021 11:37:22,Chamber 6,28-0316623b5aff,26.5,T236,42C,off
12/11/2021 11:37:42,Chamber 6,28-0316623b5aff,26.5,T236,42C,off
12/11/2021 11:38:02,Chamber 6,28-0316623b5aff,26.5,T236,42C,off
12/11/2021 11:38:22,Chamber 6,28-0316623b5aff,26.5,T236,42C,off
12/11/2021 11:38:42,Chamber 6,28-0316623b5aff,26.5,T236,42C,off
12/11/2021 11:39:03,Chamber 6,28-0316623b5aff,26.5,T236,42C,off
12/11/2021 11:39:22,Chamber 6,28-0316623b5aff,26.5,T236,42C,off
12/11/2021 11:39:42,Chamber 6,28-0316623b5aff,26.5,T236,42C,off
12/11/2021 11:40:02,Chamber 6,28-0316623b5aff,26.5,T236,42C,off
12/11/2021 11:40:22,Chamber 6,28-0316623b5aff,26.5,T236,42C,off
12/11/2021 11:40:42,Chamber 6,28-0316623b5aff,26.5,T236,42C,off
12/11/2021 11:41:03,Chamber 6,28-0316623b5aff,26.5,T236,42C,off
12/11/2021 11:41:23,Chamber 6,28-0316623b5aff,26.5,T236,42C,off
12/11/2021 11:41:42,Chamber 6,28-0316623b5aff,26.5,T236,42C,off
12/11/2021 11:42:02,Chamber 6,28-0316623b5aff,26.5,T236,42C,off
12/11/2021 11:42:22,Chamber 6,28-0316623b5aff,26.5,T236,42C,off
12/11/2021 11:42:42,Chamber 6,28-0316623b5aff,26.5,T236,42C,off
12/11/2021 11:43:02,Chamber 6,28-0316623b5aff,26.5,T236,42C,off
12/11/2021 11:43:22,Chamber 6,28-0316623b5aff,26.5,T236,42C,off
12/11/2021 11:43:42,Chamber 6,28-0316623b5aff,26.5,T236,42C,off
12/11/2021 11:44:02,Chamber 6,28-0316623b5aff,26.5,T236,42C,off
12/11/2021 11:44:22,Chamber 6,28-0316623b5aff,26.5,T236,42C,off
12/11/2021 11:44:42,Chamber 6,28-0316623b5aff,26.5,T236,42C,off
12/11/2021 11:45:02,Chamber 6,28-0316623b5aff,26.5,T236,42C,off
12/11/2021 11:45:22,Chamber 6,28-0316623b5aff,26.5,T236,42C,off
12/11/2021 11:45:42,Chamber 6,28-0316623b5aff,26.5,T236,42C,off
12/11/2021 11:46:02,Chamber 6,28-0316623b5aff,26.5,T236,42C,off
12/11/2021 11:46:22,Chamber 6,28-0316623b5aff,26.5,T236,42C,off
12/11/2021 11:46:42,Chamber 6,28-0316623b5aff,26.5,T236,42C,off
12/11/2021 11:47:02,Chamber 6,28-0316623b5aff,26.5,T236,42C,off
12/11/2021 11:47:22,Chamber 6,28-0316623b5aff,26.5,T236,42C,off
12/11/2021 11:47:42,Chamber 6,28-0316623b5aff,26.5,T236,42C,off
12/11/2021 11:48:02,Chamber 6,28-0316623b5aff,26.5,T236,42C,off
12/11/2021 11:48:22,Chamber 6,28-0316623b5aff,26.5,T236,42C,off
12/11/2021 11:48:42,Chamber 6,28-0316623b5aff,26.5,T236,42C,off
12/11/2021 11:49:02,Chamber 6,28-0316623b5aff,26.5,T236,42C,off
12/11/2021 11:49:22,Chamber 6,28-0316623b5aff,26.5,T236,42C,off
12/11/2021 11:49:42,Chamber 6,28-0316623b5aff,26.5,T236,42C,off
12/11/2021 11:50:02,Chamber 6,28-0316623b5aff,26.5,T236,42C,off
12/11/2021 11:50:22,Chamber 6,28-0316623b5aff,26.5,T236,42C,off
12/11/2021 11:50:42,Chamber 6,28-0316623b5aff,26.5,T236,42C,off
12/11/2021 11:51:02,Chamber 6,28-0316623b5aff,26.5,T236,42C,off
12/11/2021 11:51:22,Chamber 6,28-0316623b5aff,26.5,T236,42C,off
12/11/2021 11:51:42,Chamber 6,28-0316623b5aff,26.5,T236,42C,off
12/11/2021 11:52:02,Chamber 6,28-0316623b5aff,26.5,T236,42C,off
12/11/2021 11:52:22,Chamber 6,28-0316623b5aff,26.5,T236,42C,off
12/11/2021 11:52:42,Chamber 6,28-0316623b5aff,26.5,T236,42C,off
12/11/2021 11:53:02,Chamber 6,28-0316623b5aff,26.5,T236,42C,off
12/11/2021 11:53:22,Chamber 6,28-0316623b5aff,26.5,T236,42C,off
12/11/2021 11:53:42,Chamber 6,28-0316623b5aff,26.5,T236,42C,off
12/11/2021 11:54:02,Chamber 6,28-0316623b5aff,26.5,T236,42C,off
12/11/2021 11:54:22,Chamber 6,28-0316623b5aff,26.5,T236,42C,off
12/11/2021 11:54:42,Chamber 6,28-0316623b5aff,26.5,T236,42C,off
12/11/2021 11:55:02,Chamber 6,28-0316623b5aff,26.5,T236,42C,off
12/11/2021 11:55:22,Chamber 6,28-0316623b5aff,26.5,T236,42C,off
12/11/2021 11:55:42,Chamber 6,28-0316623b5aff,26.5,T236,42C,off
12/11/2021 11:56:02,Chamber 6,28-0316623b5aff,26.5,T236,42C,off
12/11/2021 11:56:23,Chamber 6,28-0316623b5aff,26.5,T236,42C,off
12/11/2021 11:56:42,Chamber 6,28-0316623b5aff,26.5,T236,42C,off
12/11/2021 11:57:02,Chamber 6,28-0316623b5aff,26.5,T236,42C,off
12/11/2021 11:57:22,Chamber 6,28-0316623b5aff,26.5,T236,42C,off
12/11/2021 11:57:42,Chamber 6,28-0316623b5aff,26.5,T236,42C,off
12/11/2021 11:58:02,Chamber 6,28-0316623b5aff,26.5,T236,42C,off
12/11/2021 11:58:22,Chamber 6,28-0316623b5aff,26.5,T236,42C,off
12/11/2021 11:58:42,Chamber 6,28-0316623b5aff,26.5,T236,42C,off
12/11/2021 11:59:02,Chamber 6,28-0316623b5aff,26.5,T236,42C,off
12/11/2021 11:59:22,Chamber 6,28-0316623b5aff,26.5,T236,42C,off
12/11/2021 11:59:42,Chamber 6,28-0316623b5aff,26.5,T236,42C,off
12/11/2021 12:00:02,Chamber 6,28-0316623b5aff,26.5,T236,42C,off
12/11/2021 12:00:22,Chamber 6,28-0316623b5aff,26.5,T236,42C,off
12/11/2021 12:00:42,Chamber 6,28-0316623b5aff,26.5,T236,42C,off
12/11/2021 12:01:02,Chamber 6,28-0316623b5aff,26.5,T236,42C,off
12/11/2021 12:01:22,Chamber 6,28-0316623b5aff,26.5,T236,42C,off
12/11/2021 12:01:42,Chamber 6,28-0316623b5aff,26.5,T236,42C,off
12/11/2021 12:02:02,Chamber 6,28-0316623b5aff,26.5,T236,42C,off
12/11/2021 12:02:22,Chamber 6,28-0316623b5aff,26.5,T236,42C,off
12/11/2021 12:02:42,Chamber 6,28-0316623b5aff,26.5,T236,42C,off
12/11/2021 12:03:02,Chamber 6,28-0316623b5aff,26.5,T236,42C,off
12/11/2021 12:03:22,Chamber 6,28-0316623b5aff,26.5,T236,42C,off
12/11/2021 12:03:42,Chamber 6,28-0316623b5aff,26.5,T236,42C,off
12/11/2021 12:04:02,Chamber 6,28-0316623b5aff,26.5,T236,42C,off
12/11/2021 12:04:22,Chamber 6,28-0316623b5aff,26.5,T236,42C,off
12/11/2021 12:04:42,Chamber 6,28-0316623b5aff,26.5,T236,42C,off
12/11/2021 12:05:02,Chamber 6,28-0316623b5aff,26.5,T236,42C,off
12/11/2021 12:05:22,Chamber 6,28-0316623b5aff,26.5,T236,42C,off
12/11/2021 12:05:42,Chamber 6,28-0316623b5aff,26.5,T236,42C,off
12/11/2021 12:06:02,Chamber 6,28-0316623b5aff,26.5,T236,42C,off
12/11/2021 12:06:22,Chamber 6,28-0316623b5aff,26.5,T236,42C,off
12/11/2021 12:06:42,Chamber 6,28-0316623b5aff,26.5,T236,42C,off
12/11/2021 12:07:02,Chamber 6,28-0316623b5aff,26.5,T236,42C,off
12/11/2021 12:07:22,Chamber 6,28-0316623b5aff,26.5,T236,42C,off
12/11/2021 12:07:42,Chamber 6,28-0316623b5aff,26.5,T236,42C,off
12/11/2021 12:08:02,Chamber 6,28-0316623b5aff,26.5,T236,42C,off
12/11/2021 12:08:22,Chamber 6,28-0316623b5aff,26.5,T236,42C,off
12/11/2021 12:08:42,Chamber 6,28-0316623b5aff,26.562,T236,42C,off
12/11/2021 12:09:02,Chamber 6,28-0316623b5aff,26.562,T236,42C,off
12/11/2021 12:09:22,Chamber 6,28-0316623b5aff,26.562,T236,42C,off
12/11/2021 12:09:42,Chamber 6,28-0316623b5aff,26.562,T236,42C,off
12/11/2021 12:10:02,Chamber 6,28-0316623b5aff,26.562,T236,42C,off
12/11/2021 12:10:22,Chamber 6,28-0316623b5aff,26.5,T236,42C,off
12/11/2021 12:10:42,Chamber 6,28-0316623b5aff,26.562,T236,42C,off
12/11/2021 12:11:02,Chamber 6,28-0316623b5aff,26.562,T236,42C,off
12/11/2021 12:11:22,Chamber 6,28-0316623b5aff,26.562,T236,42C,off
12/11/2021 12:11:42,Chamber 6,28-0316623b5aff,26.562,T236,42C,off
12/11/2021 12:12:02,Chamber 6,28-0316623b5aff,26.5,T236,42C,off
12/11/2021 12:12:22,Chamber 6,28-0316623b5aff,26.562,T236,42C,off
12/11/2021 12:12:42,Chamber 6,28-0316623b5aff,26.562,T236,42C,off
12/11/2021 12:13:02,Chamber 6,28-0316623b5aff,26.562,T236,42C,off
12/11/2021 12:13:22,Chamber 6,28-0316623b5aff,26.562,T236,42C,off
12/11/2021 12:13:42,Chamber 6,28-0316623b5aff,26.562,T236,42C,off
12/11/2021 21:00:02,Chamber 6,28-0316623b5aff,26.437,T236,42C,off
12/11/2021 21:00:22,Chamber 6,28-0316623b5aff,26.437,T236,42C,off
12/11/2021 21:00:42,Chamber 6,28-0316623b5aff,26.437,T236,42C,off
12/11/2021 21:01:02,Chamber 6,28-0316623b5aff,26.437,T236,42C,off
12/11/2021 21:01:22,Chamber 6,28-0316623b5aff,26.437,T236,42C,off
12/11/2021 21:01:42,Chamber 6,28-0316623b5aff,26.437,T236,42C,off
12/11/2021 21:02:02,Chamber 6,28-0316623b5aff,26.437,T236,42C,off
12/11/2021 21:02:22,Chamber 6,28-0316623b5aff,26.437,T236,42C,off
12/11/2021 21:02:42,Chamber 6,28-0316623b5aff,26.437,T236,42C,off
12/11/2021 21:03:02,Chamber 6,28-0316623b5aff,26.437,T236,42C,off
12/11/2021 21:03:22,Chamber 6,28-0316623b5aff,26.437,T236,42C,off
12/11/2021 21:03:42,Chamber 6,28-0316623b5aff,26.437,T236,42C,off
12/11/2021 21:04:02,Chamber 6,28-0316623b5aff,26.437,T236,42C,off
12/11/2021 21:04:22,Chamber 6,28-0316623b5aff,26.437,T236,42C,off
12/11/2021 21:04:42,Chamber 6,28-0316623b5aff,26.437,T236,42C,off
12/11/2021 21:05:02,Chamber 6,28-0316623b5aff,26.437,T236,42C,off
12/11/2021 21:05:22,Chamber 6,28-0316623b5aff,26.437,T236,42C,off
12/11/2021 21:05:42,Chamber 6,28-0316623b5aff,26.437,T236,42C,off
12/11/2021 21:06:02,Chamber 6,28-0316623b5aff,26.437,T236,42C,off
12/11/2021 21:06:22,Chamber 6,28-0316623b5aff,26.437,T236,42C,off
12/11/2021 21:06:42,Chamber 6,28-0316623b5aff,26.437,T236,42C,off
12/11/2021 21:07:02,Chamber 6,28-0316623b5aff,26.437,T236,42C,off
12/11/2021 21:07:22,Chamber 6,28-0316623b5aff,26.437,T236,42C,off
12/11/2021 21:07:42,Chamber 6,28-0316623b5aff,26.437,T236,42C,off
12/11/2021 21:08:02,Chamber 6,28-0316623b5aff,26.437,T236,42C,off
12/11/2021 21:08:22,Chamber 6,28-0316623b5aff,26.437,T236,42C,off
12/11/2021 21:08:42,Chamber 6,28-0316623b5aff,26.437,T236,42C,off
12/11/2021 21:09:02,Chamber 6,28-0316623b5aff,26.437,T236,42C,off
12/11/2021 21:09:22,Chamber 6,28-0316623b5aff,26.437,T236,42C,off
12/11/2021 21:09:42,Chamber 6,28-0316623b5aff,26.437,T236,42C,off
12/11/2021 21:10:02,Chamber 6,28-0316623b5aff,26.437,T236,42C,off
12/11/2021 21:10:22,Chamber 6,28-0316623b5aff,26.437,T236,42C,off
12/11/2021 21:10:42,Chamber 6,28-0316623b5aff,26.437,T236,42C,off
12/11/2021 21:11:02,Chamber 6,28-0316623b5aff,26.437,T236,42C,off
12/11/2021 21:11:22,Chamber 6,28-0316623b5aff,26.437,T236,42C,off
12/11/2021 21:11:42,Chamber 6,28-0316623b5aff,26.437,T236,42C,off
12/11/2021 21:12:02,Chamber 6,28-0316623b5aff,26.437,T236,42C,off
12/11/2021 21:12:22,Chamber 6,28-0316623b5aff,26.437,T236,42C,off
12/11/2021 21:12:42,Chamber 6,28-0316623b5aff,26.437,T236,42C,off
12/11/2021 21:13:02,Chamber 6,28-0316623b5aff,26.437,T236,42C,off
12/11/2021 21:13:22,Chamber 6,28-0316623b5aff,26.437,T236,42C,off
12/11/2021 21:13:42,Chamber 6,28-0316623b5aff,26.437,T236,42C,off
12/11/2021 21:14:02,Chamber 6,28-0316623b5aff,26.437,T236,42C,off
12/11/2021 21:14:22,Chamber 6,28-0316623b5aff,26.437,T236,42C,off
12/11/2021 21:14:42,Chamber 6,28-0316623b5aff,26.437,T236,42C,off
12/11/2021 21:15:02,Chamber 6,28-0316623b5aff,26.437,T236,42C,off
12/11/2021 21:15:22,Chamber 6,28-0316623b5aff,26.437,T236,42C,off
12/11/2021 21:15:42,Chamber 6,28-0316623b5aff,26.437,T236,42C,off
12/11/2021 21:16:02,Chamber 6,28-0316623b5aff,26.437,T236,42C,off
12/11/2021 21:16:22,Chamber 6,28-0316623b5aff,26.437,T236,42C,off
12/11/2021 21:16:42,Chamber 6,28-0316623b5aff,26.437,T236,42C,off
12/11/2021 21:17:02,Chamber 6,28-0316623b5aff,26.437,T236,42C,off
12/11/2021 21:17:22,Chamber 6,28-0316623b5aff,26.437,T236,42C,off
12/11/2021 21:17:42,Chamber 6,28-0316623b5aff,26.437,T236,42C,off
12/11/2021 21:18:02,Chamber 6,28-0316623b5aff,26.437,T236,42C,off
12/11/2021 21:18:22,Chamber 6,28-0316623b5aff,26.437,T236,42C,off
12/11/2021 21:18:42,Chamber 6,28-0316623b5aff,26.437,T236,42C,off
12/11/2021 21:19:02,Chamber 6,28-0316623b5aff,26.437,T236,42C,off
12/11/2021 21:19:22,Chamber 6,28-0316623b5aff,26.375,T236,42C,off
12/11/2021 21:19:42,Chamber 6,28-0316623b5aff,26.375,T236,42C,off
12/11/2021 21:20:02,Chamber 6,28-0316623b5aff,26.437,T236,42C,off
12/11/2021 21:20:22,Chamber 6,28-0316623b5aff,26.375,T236,42C,off
12/11/2021 21:20:42,Chamber 6,28-0316623b5aff,26.375,T236,42C,off
12/11/2021 21:21:02,Chamber 6,28-0316623b5aff,26.375,T236,42C,off
12/11/2021 21:21:22,Chamber 6,28-0316623b5aff,26.375,T236,42C,off
12/11/2021 21:21:42,Chamber 6,28-0316623b5aff,26.437,T236,42C,off
12/11/2021 21:22:02,Chamber 6,28-0316623b5aff,26.375,T236,42C,off
12/11/2021 21:22:22,Chamber 6,28-0316623b5aff,26.375,T236,42C,off
12/11/2021 21:22:42,Chamber 6,28-0316623b5aff,26.437,T236,42C,off
12/11/2021 21:23:02,Chamber 6,28-0316623b5aff,26.437,T236,42C,off
12/11/2021 21:23:22,Chamber 6,28-0316623b5aff,26.437,T236,42C,off
12/11/2021 21:23:42,Chamber 6,28-0316623b5aff,26.437,T236,42C,off
12/11/2021 21:24:02,Chamber 6,28-0316623b5aff,26.375,T236,42C,off
12/11/2021 21:24:22,Chamber 6,28-0316623b5aff,26.375,T236,42C,off
12/11/2021 21:24:42,Chamber 6,28-0316623b5aff,26.375,T236,42C,off
12/11/2021 21:25:02,Chamber 6,28-0316623b5aff,26.375,T236,42C,off
12/11/2021 21:25:22,Chamber 6,28-0316623b5aff,26.375,T236,42C,off
12/11/2021 21:25:42,Chamber 6,28-0316623b5aff,26.375,T236,42C,off
12/11/2021 21:26:02,Chamber 6,28-0316623b5aff,26.375,T236,42C,off
12/11/2021 21:26:22,Chamber 6,28-0316623b5aff,26.375,T236,42C,off
12/11/2021 21:26:42,Chamber 6,28-0316623b5aff,26.375,T236,42C,off
12/11/2021 21:27:02,Chamber 6,28-0316623b5aff,26.375,T236,42C,off
12/11/2021 21:27:22,Chamber 6,28-0316623b5aff,26.375,T236,42C,off
12/11/2021 21:27:42,Chamber 6,28-0316623b5aff,26.375,T236,42C,off
12/11/2021 21:28:02,Chamber 6,28-0316623b5aff,26.375,T236,42C,off
12/11/2021 21:28:22,Chamber 6,28-0316623b5aff,26.375,T236,42C,off
12/11/2021 21:28:42,Chamber 6,28-0316623b5aff,26.375,T236,42C,off
12/11/2021 21:29:03,Chamber 6,28-0316623b5aff,26.375,T236,42C,off
12/11/2021 21:29:22,Chamber 6,28-0316623b5aff,26.375,T236,42C,off
12/11/2021 21:29:42,Chamber 6,28-0316623b5aff,26.375,T236,42C,off
12/11/2021 21:30:02,Chamber 6,28-0316623b5aff,26.375,T236,42C,off
12/11/2021 21:30:22,Chamber 6,28-0316623b5aff,26.375,T236,42C,off
12/11/2021 21:30:42,Chamber 6,28-0316623b5aff,26.375,T236,42C,off
12/11/2021 21:31:02,Chamber 6,28-0316623b5aff,26.375,T236,42C,off
12/11/2021 21:31:22,Chamber 6,28-0316623b5aff,26.375,T236,42C,off
12/11/2021 21:31:42,Chamber 6,28-0316623b5aff,26.375,T236,42C,off
12/11/2021 21:32:02,Chamber 6,28-0316623b5aff,26.375,T236,42C,off
12/11/2021 21:32:22,Chamber 6,28-0316623b5aff,26.375,T236,42C,off
12/11/2021 21:32:42,Chamber 6,28-0316623b5aff,26.375,T236,42C,off
12/11/2021 21:33:02,Chamber 6,28-0316623b5aff,26.375,T236,42C,off
12/11/2021 21:33:22,Chamber 6,28-0316623b5aff,26.375,T236,42C,off
12/11/2021 21:33:42,Chamber 6,28-0316623b5aff,26.375,T236,42C,off
12/11/2021 21:34:02,Chamber 6,28-0316623b5aff,26.375,T236,42C,off
12/11/2021 21:34:22,Chamber 6,28-0316623b5aff,26.375,T236,42C,off
12/11/2021 21:34:42,Chamber 6,28-0316623b5aff,26.375,T236,42C,off
12/11/2021 21:35:02,Chamber 6,28-0316623b5aff,26.375,T236,42C,off
12/11/2021 21:35:22,Chamber 6,28-0316623b5aff,26.375,T236,42C,off
12/11/2021 21:35:42,Chamber 6,28-0316623b5aff,26.375,T236,42C,off
12/11/2021 21:36:02,Chamber 6,28-0316623b5aff,26.375,T236,42C,off
12/11/2021 21:36:22,Chamber 6,28-0316623b5aff,26.375,T236,42C,off
12/11/2021 21:36:42,Chamber 6,28-0316623b5aff,26.375,T236,42C,off
12/11/2021 21:37:02,Chamber 6,28-0316623b5aff,26.375,T236,42C,off
12/11/2021 21:37:22,Chamber 6,28-0316623b5aff,26.375,T236,42C,off
12/11/2021 21:37:42,Chamber 6,28-0316623b5aff,26.375,T236,42C,off
12/11/2021 21:38:02,Chamber 6,28-0316623b5aff,26.375,T236,42C,off
12/11/2021 21:38:22,Chamber 6,28-0316623b5aff,26.375,T236,42C,off
12/11/2021 21:38:42,Chamber 6,28-0316623b5aff,26.375,T236,42C,off
12/11/2021 21:39:02,Chamber 6,28-0316623b5aff,26.375,T236,42C,off
12/11/2021 21:39:22,Chamber 6,28-0316623b5aff,26.375,T236,42C,off
12/11/2021 21:39:42,Chamber 6,28-0316623b5aff,26.375,T236,42C,off
12/11/2021 21:40:02,Chamber 6,28-0316623b5aff,26.375,T236,42C,off
12/11/2021 21:40:22,Chamber 6,28-0316623b5aff,26.375,T236,42C,off
12/11/2021 21:40:42,Chamber 6,28-0316623b5aff,26.375,T236,42C,off
12/11/2021 21:41:02,Chamber 6,28-0316623b5aff,26.375,T236,42C,off
12/11/2021 21:41:22,Chamber 6,28-0316623b5aff,26.375,T236,42C,off
12/11/2021 21:41:42,Chamber 6,28-0316623b5aff,26.375,T236,42C,off
12/11/2021 21:42:02,Chamber 6,28-0316623b5aff,26.375,T236,42C,off
12/11/2021 21:42:22,Chamber 6,28-0316623b5aff,26.375,T236,42C,off
12/11/2021 21:42:42,Chamber 6,28-0316623b5aff,26.375,T236,42C,off
12/11/2021 21:43:02,Chamber 6,28-0316623b5aff,26.375,T236,42C,off
12/11/2021 21:43:22,Chamber 6,28-0316623b5aff,26.375,T236,42C,off
12/11/2021 21:43:42,Chamber 6,28-0316623b5aff,26.375,T236,42C,off
12/11/2021 21:44:02,Chamber 6,28-0316623b5aff,26.375,T236,42C,off
12/11/2021 21:44:22,Chamber 6,28-0316623b5aff,26.375,T236,42C,off
12/11/2021 21:44:42,Chamber 6,28-0316623b5aff,26.375,T236,42C,off
12/11/2021 21:45:02,Chamber 6,28-0316623b5aff,26.375,T236,42C,off
12/11/2021 21:45:22,Chamber 6,28-0316623b5aff,26.375,T236,42C,off
12/11/2021 21:45:42,Chamber 6,28-0316623b5aff,26.375,T236,42C,off
12/11/2021 21:46:02,Chamber 6,28-0316623b5aff,26.375,T236,42C,off
12/11/2021 21:46:22,Chamber 6,28-0316623b5aff,26.375,T236,42C,off
12/11/2021 21:46:42,Chamber 6,28-0316623b5aff,26.375,T236,42C,off
12/11/2021 21:47:02,Chamber 6,28-0316623b5aff,26.375,T236,42C,off
12/11/2021 21:47:22,Chamber 6,28-0316623b5aff,26.375,T236,42C,off
12/11/2021 21:47:42,Chamber 6,28-0316623b5aff,26.375,T236,42C,off
12/11/2021 21:48:02,Chamber 6,28-0316623b5aff,26.375,T236,42C,off
12/11/2021 21:48:22,Chamber 6,28-0316623b5aff,26.375,T236,42C,off
12/11/2021 21:48:42,Chamber 6,28-0316623b5aff,26.375,T236,42C,off
12/11/2021 21:49:02,Chamber 6,28-0316623b5aff,26.375,T236,42C,off
12/11/2021 21:49:23,Chamber 6,28-0316623b5aff,26.375,T236,42C,off
12/11/2021 21:49:42,Chamber 6,28-0316623b5aff,26.375,T236,42C,off
12/11/2021 21:50:02,Chamber 6,28-0316623b5aff,26.375,T236,42C,off
12/11/2021 21:50:22,Chamber 6,28-0316623b5aff,26.375,T236,42C,off
12/11/2021 21:50:42,Chamber 6,28-0316623b5aff,26.375,T236,42C,off
12/11/2021 21:51:02,Chamber 6,28-0316623b5aff,26.375,T236,42C,off
12/11/2021 21:51:22,Chamber 6,28-0316623b5aff,26.375,T236,42C,off
12/11/2021 21:51:42,Chamber 6,28-0316623b5aff,26.375,T236,42C,off
12/11/2021 21:52:02,Chamber 6,28-0316623b5aff,26.375,T236,42C,off
12/11/2021 21:52:22,Chamber 6,28-0316623b5aff,26.375,T236,42C,off
12/11/2021 21:52:42,Chamber 6,28-0316623b5aff,26.375,T236,42C,off
12/11/2021 21:53:02,Chamber 6,28-0316623b5aff,26.375,T236,42C,off
12/11/2021 21:53:22,Chamber 6,28-0316623b5aff,26.375,T236,42C,off
12/11/2021 21:53:42,Chamber 6,28-0316623b5aff,26.312,T236,42C,off
12/11/2021 21:54:02,Chamber 6,28-0316623b5aff,26.312,T236,42C,off
12/11/2021 21:54:22,Chamber 6,28-0316623b5aff,26.375,T236,42C,off
12/11/2021 21:54:42,Chamber 6,28-0316623b5aff,26.375,T236,42C,off
12/11/2021 21:55:02,Chamber 6,28-0316623b5aff,26.375,T236,42C,off
12/11/2021 21:55:22,Chamber 6,28-0316623b5aff,26.312,T236,42C,off
12/11/2021 21:55:42,Chamber 6,28-0316623b5aff,26.312,T236,42C,off
12/11/2021 21:56:02,Chamber 6,28-0316623b5aff,26.312,T236,42C,off
12/11/2021 21:56:22,Chamber 6,28-0316623b5aff,26.312,T236,42C,off
12/11/2021 21:56:42,Chamber 6,28-0316623b5aff,26.312,T236,42C,off
12/11/2021 21:57:02,Chamber 6,28-0316623b5aff,26.375,T236,42C,off
12/11/2021 21:57:22,Chamber 6,28-0316623b5aff,26.375,T236,42C,off
12/11/2021 21:57:42,Chamber 6,28-0316623b5aff,26.375,T236,42C,off
12/11/2021 21:58:02,Chamber 6,28-0316623b5aff,26.375,T236,42C,off
12/11/2021 21:58:22,Chamber 6,28-0316623b5aff,26.375,T236,42C,off
12/11/2021 21:58:42,Chamber 6,28-0316623b5aff,26.375,T236,42C,off
12/11/2021 21:59:02,Chamber 6,28-0316623b5aff,26.375,T236,42C,off
12/11/2021 21:59:22,Chamber 6,28-0316623b5aff,26.312,T236,42C,off
12/11/2021 21:59:42,Chamber 6,28-0316623b5aff,26.375,T236,42C,off
12/11/2021 22:00:02,Chamber 6,28-0316623b5aff,26.375,T236,42C,off
12/11/2021 22:00:22,Chamber 6,28-0316623b5aff,26.375,T236,42C,off
12/11/2021 22:00:42,Chamber 6,28-0316623b5aff,26.375,T236,42C,off
12/11/2021 22:01:02,Chamber 6,28-0316623b5aff,26.375,T236,42C,off
12/11/2021 22:01:22,Chamber 6,28-0316623b5aff,26.375,T236,42C,off
12/11/2021 22:01:42,Chamber 6,28-0316623b5aff,26.375,T236,42C,off
12/11/2021 22:02:02,Chamber 6,28-0316623b5aff,26.375,T236,42C,off
12/11/2021 22:02:22,Chamber 6,28-0316623b5aff,26.375,T236,42C,off
12/11/2021 22:02:42,Chamber 6,28-0316623b5aff,26.375,T236,42C,off
12/11/2021 22:03:02,Chamber 6,28-0316623b5aff,26.375,T236,42C,off
12/11/2021 22:03:22,Chamber 6,28-0316623b5aff,26.375,T236,42C,off
12/11/2021 22:03:42,Chamber 6,28-0316623b5aff,26.375,T236,42C,off
12/11/2021 22:04:02,Chamber 6,28-0316623b5aff,26.375,T236,42C,off
12/11/2021 22:04:22,Chamber 6,28-0316623b5aff,26.375,T236,42C,off
12/11/2021 22:04:42,Chamber 6,28-0316623b5aff,26.375,T236,42C,off
12/11/2021 22:05:02,Chamber 6,28-0316623b5aff,26.375,T236,42C,off
12/11/2021 22:05:22,Chamber 6,28-0316623b5aff,26.375,T236,42C,off
12/11/2021 22:05:42,Chamber 6,28-0316623b5aff,26.375,T236,42C,off
12/11/2021 22:06:02,Chamber 6,28-0316623b5aff,26.375,T236,42C,off
12/11/2021 22:06:22,Chamber 6,28-0316623b5aff,26.375,T236,42C,off
12/11/2021 22:06:42,Chamber 6,28-0316623b5aff,26.375,T236,42C,off
12/11/2021 22:07:02,Chamber 6,28-0316623b5aff,26.375,T236,42C,off
12/11/2021 22:07:22,Chamber 6,28-0316623b5aff,26.375,T236,42C,off
12/11/2021 22:07:42,Chamber 6,28-0316623b5aff,26.375,T236,42C,off
12/11/2021 22:08:02,Chamber 6,28-0316623b5aff,26.375,T236,42C,off
12/11/2021 22:08:22,Chamber 6,28-0316623b5aff,26.312,T236,42C,off
12/11/2021 22:08:42,Chamber 6,28-0316623b5aff,26.375,T236,42C,off
12/11/2021 22:09:02,Chamber 6,28-0316623b5aff,26.375,T236,42C,off
12/11/2021 22:09:22,Chamber 6,28-0316623b5aff,26.375,T236,42C,off
12/11/2021 22:09:42,Chamber 6,28-0316623b5aff,26.375,T236,42C,off
12/11/2021 22:10:02,Chamber 6,28-0316623b5aff,26.375,T236,42C,off
12/11/2021 22:10:22,Chamber 6,28-0316623b5aff,26.375,T236,42C,off
12/11/2021 22:10:43,Chamber 6,28-0316623b5aff,26.375,T236,42C,off
12/11/2021 22:11:02,Chamber 6,28-0316623b5aff,26.375,T236,42C,off
12/11/2021 22:11:22,Chamber 6,28-0316623b5aff,26.375,T236,42C,off
12/11/2021 22:11:42,Chamber 6,28-0316623b5aff,26.375,T236,42C,off
12/11/2021 22:12:02,Chamber 6,28-0316623b5aff,26.375,T236,42C,off
12/11/2021 22:12:22,Chamber 6,28-0316623b5aff,26.375,T236,42C,off
12/11/2021 22:12:42,Chamber 6,28-0316623b5aff,26.375,T236,42C,off
12/11/2021 22:13:02,Chamber 6,28-0316623b5aff,26.375,T236,42C,off
12/11/2021 22:13:22,Chamber 6,28-0316623b5aff,26.375,T236,42C,off
12/11/2021 22:13:42,Chamber 6,28-0316623b5aff,26.375,T236,42C,off
12/11/2021 22:14:03,Chamber 6,28-0316623b5aff,26.375,T236,42C,off
12/11/2021 22:14:22,Chamber 6,28-0316623b5aff,26.375,T236,42C,off
12/11/2021 22:14:42,Chamber 6,28-0316623b5aff,26.375,T236,42C,off
12/11/2021 22:15:03,Chamber 6,28-0316623b5aff,26.375,T236,42C,off
12/11/2021 22:15:22,Chamber 6,28-0316623b5aff,26.375,T236,42C,off
12/11/2021 22:15:42,Chamber 6,28-0316623b5aff,26.375,T236,42C,off
12/11/2021 22:16:03,Chamber 6,28-0316623b5aff,26.375,T236,42C,off
12/11/2021 22:16:22,Chamber 6,28-0316623b5aff,26.375,T236,42C,off
12/11/2021 22:16:42,Chamber 6,28-0316623b5aff,26.375,T236,42C,off
12/11/2021 22:17:02,Chamber 6,28-0316623b5aff,26.375,T236,42C,off
12/11/2021 22:17:22,Chamber 6,28-0316623b5aff,26.375,T236,42C,off
12/11/2021 22:17:43,Chamber 6,28-0316623b5aff,26.375,T236,42C,off
12/11/2021 22:18:02,Chamber 6,28-0316623b5aff,26.375,T236,42C,off
12/11/2021 22:18:22,Chamber 6,28-0316623b5aff,26.375,T236,42C,off
12/11/2021 22:18:42,Chamber 6,28-0316623b5aff,26.375,T236,42C,off
12/11/2021 22:19:02,Chamber 6,28-0316623b5aff,26.375,T236,42C,off
12/11/2021 22:19:22,Chamber 6,28-0316623b5aff,26.375,T236,42C,off
12/11/2021 22:19:42,Chamber 6,28-0316623b5aff,26.375,T236,42C,off
12/11/2021 22:20:02,Chamber 6,28-0316623b5aff,26.312,T236,42C,off
12/11/2021 22:20:22,Chamber 6,28-0316623b5aff,26.312,T236,42C,off
12/11/2021 22:20:43,Chamber 6,28-0316623b5aff,26.375,T236,42C,off
12/11/2021 22:21:02,Chamber 6,28-0316623b5aff,26.375,T236,42C,off
12/11/2021 22:21:22,Chamber 6,28-0316623b5aff,26.375,T236,42C,off
12/11/2021 22:21:42,Chamber 6,28-0316623b5aff,26.312,T236,42C,off
12/11/2021 22:22:02,Chamber 6,28-0316623b5aff,26.375,T236,42C,off
12/11/2021 22:22:22,Chamber 6,28-0316623b5aff,26.375,T236,42C,off
12/11/2021 22:22:42,Chamber 6,28-0316623b5aff,26.312,T236,42C,off
12/11/2021 22:23:02,Chamber 6,28-0316623b5aff,26.312,T236,42C,off
12/11/2021 22:23:22,Chamber 6,28-0316623b5aff,26.375,T236,42C,off
12/11/2021 22:23:42,Chamber 6,28-0316623b5aff,26.375,T236,42C,off
12/11/2021 22:24:02,Chamber 6,28-0316623b5aff,26.375,T236,42C,off
12/11/2021 22:24:22,Chamber 6,28-0316623b5aff,26.375,T236,42C,off
12/11/2021 22:24:42,Chamber 6,28-0316623b5aff,26.375,T236,42C,off
12/11/2021 22:25:02,Chamber 6,28-0316623b5aff,26.375,T236,42C,off
12/11/2021 22:25:22,Chamber 6,28-0316623b5aff,26.375,T236,42C,off
12/11/2021 22:25:43,Chamber 6,28-0316623b5aff,26.375,T236,42C,off
12/11/2021 22:26:03,Chamber 6,28-0316623b5aff,26.375,T236,42C,off
12/11/2021 22:26:22,Chamber 6,28-0316623b5aff,26.375,T236,42C,off
12/11/2021 22:26:42,Chamber 6,28-0316623b5aff,26.375,T236,42C,off
12/11/2021 22:27:02,Chamber 6,28-0316623b5aff,26.375,T236,42C,off
12/11/2021 22:27:22,Chamber 6,28-0316623b5aff,26.375,T236,42C,off
12/11/2021 22:27:42,Chamber 6,28-0316623b5aff,26.312,T236,42C,off
12/11/2021 22:28:02,Chamber 6,28-0316623b5aff,26.375,T236,42C,off
12/11/2021 22:28:22,Chamber 6,28-0316623b5aff,26.375,T236,42C,off
12/11/2021 22:28:42,Chamber 6,28-0316623b5aff,26.375,T236,42C,off
12/11/2021 22:29:02,Chamber 6,28-0316623b5aff,26.375,T236,42C,off
12/11/2021 22:29:23,Chamber 6,28-0316623b5aff,26.375,T236,42C,off
12/11/2021 22:29:42,Chamber 6,28-0316623b5aff,26.375,T236,42C,off
12/11/2021 22:30:02,Chamber 6,28-0316623b5aff,26.375,T236,42C,off
12/11/2021 22:30:23,Chamber 6,28-0316623b5aff,26.375,T236,42C,off
12/11/2021 22:30:42,Chamber 6,28-0316623b5aff,26.375,T236,42C,off
12/11/2021 22:31:02,Chamber 6,28-0316623b5aff,26.312,T236,42C,off
12/11/2021 22:31:22,Chamber 6,28-0316623b5aff,26.312,T236,42C,off
12/11/2021 22:31:43,Chamber 6,28-0316623b5aff,26.375,T236,42C,off
12/11/2021 22:32:02,Chamber 6,28-0316623b5aff,26.312,T236,42C,off
12/11/2021 22:32:22,Chamber 6,28-0316623b5aff,26.312,T236,42C,off
12/11/2021 22:32:42,Chamber 6,28-0316623b5aff,26.312,T236,42C,off
12/11/2021 22:33:02,Chamber 6,28-0316623b5aff,26.312,T236,42C,off
12/11/2021 22:33:22,Chamber 6,28-0316623b5aff,26.312,T236,42C,off
12/11/2021 22:33:42,Chamber 6,28-0316623b5aff,26.312,T236,42C,off
12/11/2021 22:34:02,Chamber 6,28-0316623b5aff,26.312,T236,42C,off
12/11/2021 22:34:22,Chamber 6,28-0316623b5aff,26.312,T236,42C,off
12/11/2021 22:34:42,Chamber 6,28-0316623b5aff,26.312,T236,42C,off
12/11/2021 22:35:02,Chamber 6,28-0316623b5aff,26.312,T236,42C,off
12/11/2021 22:35:22,Chamber 6,28-0316623b5aff,26.312,T236,42C,off
12/11/2021 22:35:42,Chamber 6,28-0316623b5aff,26.312,T236,42C,off
12/11/2021 22:36:02,Chamber 6,28-0316623b5aff,26.312,T236,42C,off
12/11/2021 22:36:22,Chamber 6,28-0316623b5aff,26.312,T236,42C,off
12/11/2021 22:36:42,Chamber 6,28-0316623b5aff,26.312,T236,42C,off
12/11/2021 22:37:02,Chamber 6,28-0316623b5aff,26.312,T236,42C,off
12/11/2021 22:37:22,Chamber 6,28-0316623b5aff,26.312,T236,42C,off
12/11/2021 22:37:42,Chamber 6,28-0316623b5aff,26.312,T236,42C,off
12/11/2021 22:38:03,Chamber 6,28-0316623b5aff,26.312,T236,42C,off
12/11/2021 22:38:22,Chamber 6,28-0316623b5aff,26.312,T236,42C,off
12/11/2021 22:38:42,Chamber 6,28-0316623b5aff,26.312,T236,42C,off
12/11/2021 22:39:02,Chamber 6,28-0316623b5aff,26.312,T236,42C,off
12/11/2021 22:39:22,Chamber 6,28-0316623b5aff,26.312,T236,42C,off
12/11/2021 22:39:42,Chamber 6,28-0316623b5aff,26.312,T236,42C,off
12/11/2021 22:40:03,Chamber 6,28-0316623b5aff,26.312,T236,42C,off
12/11/2021 22:40:22,Chamber 6,28-0316623b5aff,26.312,T236,42C,off
12/11/2021 22:40:42,Chamber 6,28-0316623b5aff,26.312,T236,42C,off
12/11/2021 22:41:02,Chamber 6,28-0316623b5aff,26.312,T236,42C,off
12/11/2021 22:41:22,Chamber 6,28-0316623b5aff,26.312,T236,42C,off
12/11/2021 22:41:42,Chamber 6,28-0316623b5aff,26.312,T236,42C,off
12/11/2021 22:42:02,Chamber 6,28-0316623b5aff,26.312,T236,42C,off
12/11/2021 22:42:22,Chamber 6,28-0316623b5aff,26.312,T236,42C,off
12/11/2021 22:42:42,Chamber 6,28-0316623b5aff,26.312,T236,42C,off
12/11/2021 22:43:02,Chamber 6,28-0316623b5aff,26.312,T236,42C,off
12/11/2021 22:43:22,Chamber 6,28-0316623b5aff,26.312,T236,42C,off
12/11/2021 22:43:42,Chamber 6,28-0316623b5aff,26.312,T236,42C,off
12/11/2021 22:44:02,Chamber 6,28-0316623b5aff,26.25,T236,42C,off
12/11/2021 22:44:22,Chamber 6,28-0316623b5aff,26.25,T236,42C,off
12/11/2021 22:44:42,Chamber 6,28-0316623b5aff,26.25,T236,42C,off
12/11/2021 22:45:02,Chamber 6,28-0316623b5aff,26.312,T236,42C,off
12/11/2021 22:45:22,Chamber 6,28-0316623b5aff,26.25,T236,42C,off
12/11/2021 22:45:43,Chamber 6,28-0316623b5aff,26.312,T236,42C,off
12/11/2021 22:46:02,Chamber 6,28-0316623b5aff,26.25,T236,42C,off
12/11/2021 22:46:22,Chamber 6,28-0316623b5aff,26.25,T236,42C,off
12/11/2021 22:46:43,Chamber 6,28-0316623b5aff,26.25,T236,42C,off
12/11/2021 22:47:02,Chamber 6,28-0316623b5aff,26.25,T236,42C,off
12/11/2021 22:47:22,Chamber 6,28-0316623b5aff,26.25,T236,42C,off
12/11/2021 22:47:42,Chamber 6,28-0316623b5aff,26.25,T236,42C,off
12/11/2021 22:48:02,Chamber 6,28-0316623b5aff,26.25,T236,42C,off
12/11/2021 22:48:22,Chamber 6,28-0316623b5aff,26.25,T236,42C,off
12/11/2021 22:48:42,Chamber 6,28-0316623b5aff,26.25,T236,42C,off
12/11/2021 22:49:02,Chamber 6,28-0316623b5aff,26.25,T236,42C,off
12/11/2021 22:49:22,Chamber 6,28-0316623b5aff,26.25,T236,42C,off
12/11/2021 22:49:42,Chamber 6,28-0316623b5aff,26.25,T236,42C,off
12/11/2021 22:50:02,Chamber 6,28-0316623b5aff,26.25,T236,42C,off
12/11/2021 22:50:22,Chamber 6,28-0316623b5aff,26.25,T236,42C,off
12/11/2021 22:50:42,Chamber 6,28-0316623b5aff,26.25,T236,42C,off
12/11/2021 22:51:02,Chamber 6,28-0316623b5aff,26.25,T236,42C,off
12/11/2021 22:51:22,Chamber 6,28-0316623b5aff,26.25,T236,42C,off
12/11/2021 22:51:42,Chamber 6,28-0316623b5aff,26.25,T236,42C,off
12/11/2021 22:52:02,Chamber 6,28-0316623b5aff,26.25,T236,42C,off
12/11/2021 22:52:22,Chamber 6,28-0316623b5aff,26.25,T236,42C,off
12/11/2021 22:52:42,Chamber 6,28-0316623b5aff,26.25,T236,42C,off
12/11/2021 22:53:02,Chamber 6,28-0316623b5aff,26.25,T236,42C,off
12/11/2021 22:53:22,Chamber 6,28-0316623b5aff,26.25,T236,42C,off
12/11/2021 22:53:42,Chamber 6,28-0316623b5aff,26.25,T236,42C,off
12/11/2021 22:54:02,Chamber 6,28-0316623b5aff,26.25,T236,42C,off
12/11/2021 22:54:22,Chamber 6,28-0316623b5aff,26.25,T236,42C,off
12/11/2021 22:54:42,Chamber 6,28-0316623b5aff,26.25,T236,42C,off
12/11/2021 22:55:02,Chamber 6,28-0316623b5aff,26.25,T236,42C,off
12/11/2021 22:55:22,Chamber 6,28-0316623b5aff,26.25,T236,42C,off
12/11/2021 22:55:42,Chamber 6,28-0316623b5aff,26.25,T236,42C,off
12/11/2021 22:56:02,Chamber 6,28-0316623b5aff,26.25,T236,42C,off
12/11/2021 22:56:22,Chamber 6,28-0316623b5aff,26.25,T236,42C,off
12/11/2021 22:56:42,Chamber 6,28-0316623b5aff,26.25,T236,42C,off
12/11/2021 22:57:02,Chamber 6,28-0316623b5aff,26.25,T236,42C,off
12/11/2021 22:57:22,Chamber 6,28-0316623b5aff,26.25,T236,42C,off
12/11/2021 22:57:42,Chamber 6,28-0316623b5aff,26.25,T236,42C,off
12/11/2021 22:58:02,Chamber 6,28-0316623b5aff,26.25,T236,42C,off
12/11/2021 22:58:22,Chamber 6,28-0316623b5aff,26.25,T236,42C,off
12/11/2021 22:58:42,Chamber 6,28-0316623b5aff,26.25,T236,42C,off
12/11/2021 22:59:02,Chamber 6,28-0316623b5aff,26.25,T236,42C,off
12/11/2021 22:59:22,Chamber 6,28-0316623b5aff,26.25,T236,42C,off
12/11/2021 22:59:42,Chamber 6,28-0316623b5aff,26.25,T236,42C,off
12/11/2021 23:00:02,Chamber 6,28-0316623b5aff,26.25,T236,42C,off
12/11/2021 23:00:22,Chamber 6,28-0316623b5aff,26.25,T236,42C,off
12/11/2021 23:00:42,Chamber 6,28-0316623b5aff,26.25,T236,42C,off
12/11/2021 23:01:02,Chamber 6,28-0316623b5aff,26.25,T236,42C,off
12/11/2021 23:01:22,Chamber 6,28-0316623b5aff,26.25,T236,42C,off
12/11/2021 23:01:42,Chamber 6,28-0316623b5aff,26.25,T236,42C,off
12/11/2021 23:02:02,Chamber 6,28-0316623b5aff,26.25,T236,42C,off
12/11/2021 23:02:22,Chamber 6,28-0316623b5aff,26.25,T236,42C,off
12/11/2021 23:02:42,Chamber 6,28-0316623b5aff,26.25,T236,42C,off
12/11/2021 23:03:02,Chamber 6,28-0316623b5aff,26.25,T236,42C,off
12/11/2021 23:03:22,Chamber 6,28-0316623b5aff,26.25,T236,42C,off
12/11/2021 23:03:42,Chamber 6,28-0316623b5aff,26.25,T236,42C,off
12/11/2021 23:04:02,Chamber 6,28-0316623b5aff,26.25,T236,42C,off
12/11/2021 23:04:22,Chamber 6,28-0316623b5aff,26.25,T236,42C,off
12/11/2021 23:04:42,Chamber 6,28-0316623b5aff,26.25,T236,42C,off
12/11/2021 23:05:02,Chamber 6,28-0316623b5aff,26.25,T236,42C,off
12/11/2021 23:05:22,Chamber 6,28-0316623b5aff,26.25,T236,42C,off
12/11/2021 23:05:42,Chamber 6,28-0316623b5aff,26.25,T236,42C,off
12/11/2021 23:06:02,Chamber 6,28-0316623b5aff,26.187,T236,42C,off
12/11/2021 23:06:22,Chamber 6,28-0316623b5aff,26.187,T236,42C,off
12/11/2021 23:06:42,Chamber 6,28-0316623b5aff,26.25,T236,42C,off
12/11/2021 23:07:02,Chamber 6,28-0316623b5aff,26.25,T236,42C,off
12/11/2021 23:07:22,Chamber 6,28-0316623b5aff,26.187,T236,42C,off
12/11/2021 23:07:42,Chamber 6,28-0316623b5aff,26.187,T236,42C,off
12/11/2021 23:08:02,Chamber 6,28-0316623b5aff,26.187,T236,42C,off
12/11/2021 23:08:22,Chamber 6,28-0316623b5aff,26.25,T236,42C,off
12/11/2021 23:08:42,Chamber 6,28-0316623b5aff,26.187,T236,42C,off
12/11/2021 23:09:02,Chamber 6,28-0316623b5aff,26.25,T236,42C,off
12/11/2021 23:09:22,Chamber 6,28-0316623b5aff,26.25,T236,42C,off
12/11/2021 23:09:42,Chamber 6,28-0316623b5aff,26.25,T236,42C,off
12/11/2021 23:10:02,Chamber 6,28-0316623b5aff,26.25,T236,42C,off
12/11/2021 23:10:22,Chamber 6,28-0316623b5aff,26.25,T236,42C,off
12/11/2021 23:10:42,Chamber 6,28-0316623b5aff,26.25,T236,42C,off
12/11/2021 23:11:02,Chamber 6,28-0316623b5aff,26.25,T236,42C,off
12/11/2021 23:11:22,Chamber 6,28-0316623b5aff,26.187,T236,42C,off
12/11/2021 23:11:42,Chamber 6,28-0316623b5aff,26.187,T236,42C,off
12/11/2021 23:12:02,Chamber 6,28-0316623b5aff,26.187,T236,42C,off
12/11/2021 23:12:22,Chamber 6,28-0316623b5aff,26.187,T236,42C,off
12/11/2021 23:12:42,Chamber 6,28-0316623b5aff,26.187,T236,42C,off
12/11/2021 23:13:02,Chamber 6,28-0316623b5aff,26.187,T236,42C,off
12/11/2021 23:13:22,Chamber 6,28-0316623b5aff,26.187,T236,42C,off
12/11/2021 23:13:42,Chamber 6,28-0316623b5aff,26.187,T236,42C,off
12/11/2021 23:14:02,Chamber 6,28-0316623b5aff,26.187,T236,42C,off
12/11/2021 23:14:22,Chamber 6,28-0316623b5aff,26.187,T236,42C,off
12/11/2021 23:14:42,Chamber 6,28-0316623b5aff,26.187,T236,42C,off
12/11/2021 23:15:02,Chamber 6,28-0316623b5aff,26.187,T236,42C,off
12/11/2021 23:15:22,Chamber 6,28-0316623b5aff,26.187,T236,42C,off
12/11/2021 23:15:42,Chamber 6,28-0316623b5aff,26.187,T236,42C,off
12/11/2021 23:16:02,Chamber 6,28-0316623b5aff,26.187,T236,42C,off
12/11/2021 23:16:22,Chamber 6,28-0316623b5aff,26.187,T236,42C,off
12/11/2021 23:16:42,Chamber 6,28-0316623b5aff,26.25,T236,42C,off
12/11/2021 23:17:02,Chamber 6,28-0316623b5aff,26.25,T236,42C,off
12/11/2021 23:17:22,Chamber 6,28-0316623b5aff,26.187,T236,42C,off
12/11/2021 23:17:42,Chamber 6,28-0316623b5aff,26.187,T236,42C,off
12/11/2021 23:18:02,Chamber 6,28-0316623b5aff,26.187,T236,42C,off
12/11/2021 23:18:22,Chamber 6,28-0316623b5aff,26.187,T236,42C,off
12/11/2021 23:18:42,Chamber 6,28-0316623b5aff,26.187,T236,42C,off
12/11/2021 23:19:02,Chamber 6,28-0316623b5aff,26.187,T236,42C,off
12/11/2021 23:19:22,Chamber 6,28-0316623b5aff,26.187,T236,42C,off
12/11/2021 23:19:42,Chamber 6,28-0316623b5aff,26.187,T236,42C,off
12/11/2021 23:20:02,Chamber 6,28-0316623b5aff,26.187,T236,42C,off
12/11/2021 23:20:22,Chamber 6,28-0316623b5aff,26.187,T236,42C,off
12/11/2021 23:20:42,Chamber 6,28-0316623b5aff,26.187,T236,42C,off
12/11/2021 23:21:02,Chamber 6,28-0316623b5aff,26.187,T236,42C,off
12/11/2021 23:21:22,Chamber 6,28-0316623b5aff,26.187,T236,42C,off
12/11/2021 23:21:42,Chamber 6,28-0316623b5aff,26.187,T236,42C,off
12/11/2021 23:22:02,Chamber 6,28-0316623b5aff,26.187,T236,42C,off
12/11/2021 23:22:22,Chamber 6,28-0316623b5aff,26.187,T236,42C,off
12/11/2021 23:22:42,Chamber 6,28-0316623b5aff,26.187,T236,42C,off
12/11/2021 23:23:02,Chamber 6,28-0316623b5aff,26.187,T236,42C,off
12/11/2021 23:23:22,Chamber 6,28-0316623b5aff,26.187,T236,42C,off
12/11/2021 23:23:42,Chamber 6,28-0316623b5aff,26.187,T236,42C,off
12/11/2021 23:24:02,Chamber 6,28-0316623b5aff,26.187,T236,42C,off
12/11/2021 23:24:22,Chamber 6,28-0316623b5aff,26.187,T236,42C,off
12/11/2021 23:24:42,Chamber 6,28-0316623b5aff,26.187,T236,42C,off
12/11/2021 23:25:02,Chamber 6,28-0316623b5aff,26.187,T236,42C,off
12/11/2021 23:25:22,Chamber 6,28-0316623b5aff,26.187,T236,42C,off
12/11/2021 23:25:42,Chamber 6,28-0316623b5aff,26.187,T236,42C,off
12/11/2021 23:26:02,Chamber 6,28-0316623b5aff,26.187,T236,42C,off
12/11/2021 23:26:22,Chamber 6,28-0316623b5aff,26.187,T236,42C,off
12/11/2021 23:26:42,Chamber 6,28-0316623b5aff,26.187,T236,42C,off
12/11/2021 23:27:02,Chamber 6,28-0316623b5aff,26.187,T236,42C,off
12/11/2021 23:27:22,Chamber 6,28-0316623b5aff,26.187,T236,42C,off
12/11/2021 23:27:42,Chamber 6,28-0316623b5aff,26.187,T236,42C,off
12/11/2021 23:28:02,Chamber 6,28-0316623b5aff,26.187,T236,42C,off
12/11/2021 23:28:22,Chamber 6,28-0316623b5aff,26.125,T236,42C,off
12/11/2021 23:28:42,Chamber 6,28-0316623b5aff,26.125,T236,42C,off
12/11/2021 23:29:02,Chamber 6,28-0316623b5aff,26.125,T236,42C,off
12/11/2021 23:29:22,Chamber 6,28-0316623b5aff,26.187,T236,42C,off
12/11/2021 23:29:42,Chamber 6,28-0316623b5aff,26.187,T236,42C,off
12/11/2021 23:30:02,Chamber 6,28-0316623b5aff,26.187,T236,42C,off
12/11/2021 23:30:22,Chamber 6,28-0316623b5aff,26.125,T236,42C,off
12/11/2021 23:30:42,Chamber 6,28-0316623b5aff,26.125,T236,42C,off
12/11/2021 23:31:02,Chamber 6,28-0316623b5aff,26.187,T236,42C,off
12/11/2021 23:31:22,Chamber 6,28-0316623b5aff,26.187,T236,42C,off
12/11/2021 23:31:42,Chamber 6,28-0316623b5aff,26.187,T236,42C,off
12/11/2021 23:32:02,Chamber 6,28-0316623b5aff,26.187,T236,42C,off
12/11/2021 23:32:22,Chamber 6,28-0316623b5aff,26.125,T236,42C,off
12/11/2021 23:32:42,Chamber 6,28-0316623b5aff,26.125,T236,42C,off
12/11/2021 23:33:02,Chamber 6,28-0316623b5aff,26.125,T236,42C,off
12/11/2021 23:33:22,Chamber 6,28-0316623b5aff,26.125,T236,42C,off
12/11/2021 23:33:42,Chamber 6,28-0316623b5aff,26.125,T236,42C,off
12/11/2021 23:34:02,Chamber 6,28-0316623b5aff,26.125,T236,42C,off
12/11/2021 23:34:22,Chamber 6,28-0316623b5aff,26.125,T236,42C,off
12/11/2021 23:34:42,Chamber 6,28-0316623b5aff,26.125,T236,42C,off
12/11/2021 23:35:02,Chamber 6,28-0316623b5aff,26.125,T236,42C,off
12/11/2021 23:35:22,Chamber 6,28-0316623b5aff,26.125,T236,42C,off
12/11/2021 23:35:44,Chamber 6,28-0316623b5aff,26.125,T236,42C,off
12/11/2021 23:36:02,Chamber 6,28-0316623b5aff,26.125,T236,42C,off
12/11/2021 23:36:22,Chamber 6,28-0316623b5aff,26.125,T236,42C,off
12/11/2021 23:36:42,Chamber 6,28-0316623b5aff,26.125,T236,42C,off
12/11/2021 23:37:02,Chamber 6,28-0316623b5aff,26.125,T236,42C,off
12/11/2021 23:37:22,Chamber 6,28-0316623b5aff,26.125,T236,42C,off
12/11/2021 23:37:42,Chamber 6,28-0316623b5aff,26.125,T236,42C,off
12/11/2021 23:38:02,Chamber 6,28-0316623b5aff,26.125,T236,42C,off
12/11/2021 23:38:22,Chamber 6,28-0316623b5aff,26.125,T236,42C,off
12/11/2021 23:38:42,Chamber 6,28-0316623b5aff,26.125,T236,42C,off
12/11/2021 23:39:02,Chamber 6,28-0316623b5aff,26.125,T236,42C,off
12/11/2021 23:39:22,Chamber 6,28-0316623b5aff,26.125,T236,42C,off
12/11/2021 23:39:42,Chamber 6,28-0316623b5aff,26.125,T236,42C,off
12/11/2021 23:40:02,Chamber 6,28-0316623b5aff,26.125,T236,42C,off
12/11/2021 23:40:22,Chamber 6,28-0316623b5aff,26.125,T236,42C,off
12/11/2021 23:40:42,Chamber 6,28-0316623b5aff,26.125,T236,42C,off
12/11/2021 23:41:02,Chamber 6,28-0316623b5aff,26.125,T236,42C,off
12/11/2021 23:41:22,Chamber 6,28-0316623b5aff,26.125,T236,42C,off
12/11/2021 23:41:42,Chamber 6,28-0316623b5aff,26.125,T236,42C,off
12/11/2021 23:42:02,Chamber 6,28-0316623b5aff,26.125,T236,42C,off
12/11/2021 23:42:22,Chamber 6,28-0316623b5aff,26.125,T236,42C,off
12/11/2021 23:42:42,Chamber 6,28-0316623b5aff,26.125,T236,42C,off
12/11/2021 23:43:02,Chamber 6,28-0316623b5aff,26.125,T236,42C,off
12/11/2021 23:43:22,Chamber 6,28-0316623b5aff,26.125,T236,42C,off
12/11/2021 23:43:42,Chamber 6,28-0316623b5aff,26.125,T236,42C,off
12/11/2021 23:44:02,Chamber 6,28-0316623b5aff,26.125,T236,42C,off
12/11/2021 23:44:22,Chamber 6,28-0316623b5aff,26.125,T236,42C,off
12/11/2021 23:44:42,Chamber 6,28-0316623b5aff,26.125,T236,42C,off
12/11/2021 23:45:02,Chamber 6,28-0316623b5aff,26.125,T236,42C,off
12/11/2021 23:45:22,Chamber 6,28-0316623b5aff,26.125,T236,42C,off
12/11/2021 23:45:42,Chamber 6,28-0316623b5aff,26.125,T236,42C,off
12/11/2021 23:46:02,Chamber 6,28-0316623b5aff,26.125,T236,42C,off
12/11/2021 23:46:22,Chamber 6,28-0316623b5aff,26.125,T236,42C,off
12/11/2021 23:46:42,Chamber 6,28-0316623b5aff,26.125,T236,42C,off
12/11/2021 23:47:02,Chamber 6,28-0316623b5aff,26.125,T236,42C,off
12/11/2021 23:47:22,Chamber 6,28-0316623b5aff,26.125,T236,42C,off
12/11/2021 23:47:42,Chamber 6,28-0316623b5aff,26.125,T236,42C,off
12/11/2021 23:48:02,Chamber 6,28-0316623b5aff,26.125,T236,42C,off
12/11/2021 23:48:22,Chamber 6,28-0316623b5aff,26.125,T236,42C,off
12/11/2021 23:48:42,Chamber 6,28-0316623b5aff,26.125,T236,42C,off
12/11/2021 23:49:02,Chamber 6,28-0316623b5aff,26.125,T236,42C,off
12/11/2021 23:49:22,Chamber 6,28-0316623b5aff,26.125,T236,42C,off
12/11/2021 23:49:42,Chamber 6,28-0316623b5aff,26.125,T236,42C,off
12/11/2021 23:50:02,Chamber 6,28-0316623b5aff,26.125,T236,42C,off
12/11/2021 23:50:22,Chamber 6,28-0316623b5aff,26.125,T236,42C,off
12/11/2021 23:50:42,Chamber 6,28-0316623b5aff,26.125,T236,42C,off
12/11/2021 23:51:02,Chamber 6,28-0316623b5aff,26.125,T236,42C,off
12/11/2021 23:51:22,Chamber 6,28-0316623b5aff,26.125,T236,42C,off
12/11/2021 23:51:42,Chamber 6,28-0316623b5aff,26.125,T236,42C,off
12/11/2021 23:52:02,Chamber 6,28-0316623b5aff,26.125,T236,42C,off
12/11/2021 23:52:22,Chamber 6,28-0316623b5aff,26.125,T236,42C,off
12/11/2021 23:52:42,Chamber 6,28-0316623b5aff,26.125,T236,42C,off
12/11/2021 23:53:02,Chamber 6,28-0316623b5aff,26.125,T236,42C,off
12/11/2021 23:53:22,Chamber 6,28-0316623b5aff,26.125,T236,42C,off
12/11/2021 23:53:42,Chamber 6,28-0316623b5aff,26.125,T236,42C,off
12/11/2021 23:54:02,Chamber 6,28-0316623b5aff,26.125,T236,42C,off
12/11/2021 23:54:22,Chamber 6,28-0316623b5aff,26.125,T236,42C,off
12/11/2021 23:54:42,Chamber 6,28-0316623b5aff,26.125,T236,42C,off
12/11/2021 23:55:02,Chamber 6,28-0316623b5aff,26.125,T236,42C,off
12/11/2021 23:55:22,Chamber 6,28-0316623b5aff,26.125,T236,42C,off
12/11/2021 23:55:42,Chamber 6,28-0316623b5aff,26.125,T236,42C,off
12/11/2021 23:56:02,Chamber 6,28-0316623b5aff,26.125,T236,42C,off
12/11/2021 23:56:22,Chamber 6,28-0316623b5aff,26.125,T236,42C,off
12/11/2021 23:56:42,Chamber 6,28-0316623b5aff,26.125,T236,42C,off
12/11/2021 23:57:02,Chamber 6,28-0316623b5aff,26.125,T236,42C,off
12/11/2021 23:57:22,Chamber 6,28-0316623b5aff,26.125,T236,42C,off
12/11/2021 23:57:42,Chamber 6,28-0316623b5aff,26.125,T236,42C,off
12/11/2021 23:58:02,Chamber 6,28-0316623b5aff,26.125,T236,42C,off
12/11/2021 23:58:22,Chamber 6,28-0316623b5aff,26.125,T236,42C,off
12/11/2021 23:58:42,Chamber 6,28-0316623b5aff,26.125,T236,42C,off
12/11/2021 23:59:02,Chamber 6,28-0316623b5aff,26.125,T236,42C,off
12/11/2021 23:59:22,Chamber 6,28-0316623b5aff,26.125,T236,42C,off
12/11/2021 23:59:42,Chamber 6,28-0316623b5aff,26.125,T236,42C,off
