01/05/2022 00:00:04,Chamber 6,28-0316623b5aff,23.75,T236,42C,off
01/05/2022 00:00:23,Chamber 6,28-0316623b5aff,23.75,T236,42C,off
01/05/2022 00:00:44,Chamber 6,28-0316623b5aff,23.75,T236,42C,off
01/05/2022 00:01:03,Chamber 6,28-0316623b5aff,23.75,T236,42C,off
01/05/2022 00:01:23,Chamber 6,28-0316623b5aff,23.75,T236,42C,off
01/05/2022 00:01:43,Chamber 6,28-0316623b5aff,23.75,T236,42C,off
01/05/2022 00:02:03,Chamber 6,28-0316623b5aff,23.75,T236,42C,off
01/05/2022 00:02:23,Chamber 6,28-0316623b5aff,23.75,T236,42C,off
01/05/2022 00:02:43,Chamber 6,28-0316623b5aff,23.75,T236,42C,off
01/05/2022 00:03:03,Chamber 6,28-0316623b5aff,23.75,T236,42C,off
01/05/2022 00:03:23,Chamber 6,28-0316623b5aff,23.75,T236,42C,off
01/05/2022 00:03:43,Chamber 6,28-0316623b5aff,23.75,T236,42C,off
01/05/2022 00:04:03,Chamber 6,28-0316623b5aff,23.75,T236,42C,off
01/05/2022 00:04:23,Chamber 6,28-0316623b5aff,23.75,T236,42C,off
01/05/2022 00:04:43,Chamber 6,28-0316623b5aff,23.75,T236,42C,off
01/05/2022 00:05:03,Chamber 6,28-0316623b5aff,23.75,T236,42C,off
01/05/2022 00:05:23,Chamber 6,28-0316623b5aff,23.75,T236,42C,off
01/05/2022 00:05:43,Chamber 6,28-0316623b5aff,23.75,T236,42C,off
01/05/2022 00:06:03,Chamber 6,28-0316623b5aff,23.75,T236,42C,off
01/05/2022 00:06:24,Chamber 6,28-0316623b5aff,23.75,T236,42C,off
01/05/2022 00:06:43,Chamber 6,28-0316623b5aff,23.75,T236,42C,off
01/05/2022 00:07:03,Chamber 6,28-0316623b5aff,23.75,T236,42C,off
01/05/2022 00:07:23,Chamber 6,28-0316623b5aff,23.75,T236,42C,off
01/05/2022 00:07:43,Chamber 6,28-0316623b5aff,23.75,T236,42C,off
01/05/2022 00:08:03,Chamber 6,28-0316623b5aff,23.75,T236,42C,off
01/05/2022 00:08:23,Chamber 6,28-0316623b5aff,23.75,T236,42C,off
01/05/2022 00:08:43,Chamber 6,28-0316623b5aff,23.75,T236,42C,off
01/05/2022 00:09:03,Chamber 6,28-0316623b5aff,23.75,T236,42C,off
01/05/2022 00:09:23,Chamber 6,28-0316623b5aff,23.75,T236,42C,off
01/05/2022 00:09:43,Chamber 6,28-0316623b5aff,23.75,T236,42C,off
01/05/2022 00:10:03,Chamber 6,28-0316623b5aff,23.75,T236,42C,off
01/05/2022 00:10:23,Chamber 6,28-0316623b5aff,23.75,T236,42C,off
01/05/2022 00:10:43,Chamber 6,28-0316623b5aff,23.75,T236,42C,off
01/05/2022 00:11:03,Chamber 6,28-0316623b5aff,23.75,T236,42C,off
01/05/2022 00:11:23,Chamber 6,28-0316623b5aff,23.75,T236,42C,off
01/05/2022 00:11:43,Chamber 6,28-0316623b5aff,23.75,T236,42C,off
01/05/2022 00:12:03,Chamber 6,28-0316623b5aff,23.75,T236,42C,off
01/05/2022 00:12:23,Chamber 6,28-0316623b5aff,23.75,T236,42C,off
01/05/2022 00:12:43,Chamber 6,28-0316623b5aff,23.75,T236,42C,off
01/05/2022 00:13:03,Chamber 6,28-0316623b5aff,23.75,T236,42C,off
01/05/2022 00:13:23,Chamber 6,28-0316623b5aff,23.75,T236,42C,off
01/05/2022 00:13:43,Chamber 6,28-0316623b5aff,23.75,T236,42C,off
01/05/2022 00:14:03,Chamber 6,28-0316623b5aff,23.75,T236,42C,off
01/05/2022 00:14:23,Chamber 6,28-0316623b5aff,23.75,T236,42C,off
01/05/2022 00:14:43,Chamber 6,28-0316623b5aff,23.75,T236,42C,off
01/05/2022 00:15:03,Chamber 6,28-0316623b5aff,23.75,T236,42C,off
01/05/2022 00:15:23,Chamber 6,28-0316623b5aff,23.75,T236,42C,off
01/05/2022 00:15:43,Chamber 6,28-0316623b5aff,23.75,T236,42C,off
01/05/2022 00:16:03,Chamber 6,28-0316623b5aff,23.75,T236,42C,off
01/05/2022 00:16:23,Chamber 6,28-0316623b5aff,23.75,T236,42C,off
01/05/2022 00:16:43,Chamber 6,28-0316623b5aff,23.75,T236,42C,off
01/05/2022 00:17:03,Chamber 6,28-0316623b5aff,23.75,T236,42C,off
01/05/2022 00:17:23,Chamber 6,28-0316623b5aff,23.75,T236,42C,off
01/05/2022 00:17:43,Chamber 6,28-0316623b5aff,23.75,T236,42C,off
01/05/2022 00:18:03,Chamber 6,28-0316623b5aff,23.75,T236,42C,off
01/05/2022 00:18:23,Chamber 6,28-0316623b5aff,23.75,T236,42C,off
01/05/2022 00:18:43,Chamber 6,28-0316623b5aff,23.75,T236,42C,off
01/05/2022 00:19:03,Chamber 6,28-0316623b5aff,23.75,T236,42C,off
01/05/2022 00:19:23,Chamber 6,28-0316623b5aff,23.75,T236,42C,off
01/05/2022 00:19:43,Chamber 6,28-0316623b5aff,23.75,T236,42C,off
01/05/2022 00:20:03,Chamber 6,28-0316623b5aff,23.75,T236,42C,off
01/05/2022 00:20:23,Chamber 6,28-0316623b5aff,23.75,T236,42C,off
01/05/2022 00:20:43,Chamber 6,28-0316623b5aff,23.75,T236,42C,off
01/05/2022 00:21:03,Chamber 6,28-0316623b5aff,23.75,T236,42C,off
01/05/2022 00:21:23,Chamber 6,28-0316623b5aff,23.75,T236,42C,off
01/05/2022 00:21:43,Chamber 6,28-0316623b5aff,23.75,T236,42C,off
01/05/2022 00:22:03,Chamber 6,28-0316623b5aff,23.75,T236,42C,off
01/05/2022 00:22:23,Chamber 6,28-0316623b5aff,23.75,T236,42C,off
01/05/2022 00:22:43,Chamber 6,28-0316623b5aff,23.75,T236,42C,off
01/05/2022 00:23:03,Chamber 6,28-0316623b5aff,23.75,T236,42C,off
01/05/2022 00:23:23,Chamber 6,28-0316623b5aff,23.75,T236,42C,off
01/05/2022 00:23:43,Chamber 6,28-0316623b5aff,23.75,T236,42C,off
01/05/2022 00:24:03,Chamber 6,28-0316623b5aff,23.75,T236,42C,off
01/05/2022 00:24:23,Chamber 6,28-0316623b5aff,23.75,T236,42C,off
01/05/2022 00:24:43,Chamber 6,28-0316623b5aff,23.75,T236,42C,off
01/05/2022 00:25:03,Chamber 6,28-0316623b5aff,23.75,T236,42C,off
01/05/2022 00:25:23,Chamber 6,28-0316623b5aff,23.75,T236,42C,off
01/05/2022 00:25:43,Chamber 6,28-0316623b5aff,23.75,T236,42C,off
01/05/2022 00:26:03,Chamber 6,28-0316623b5aff,23.75,T236,42C,off
01/05/2022 00:26:23,Chamber 6,28-0316623b5aff,23.75,T236,42C,off
01/05/2022 00:26:43,Chamber 6,28-0316623b5aff,23.75,T236,42C,off
01/05/2022 00:27:03,Chamber 6,28-0316623b5aff,23.75,T236,42C,off
01/05/2022 00:27:23,Chamber 6,28-0316623b5aff,23.75,T236,42C,off
01/05/2022 00:27:43,Chamber 6,28-0316623b5aff,23.75,T236,42C,off
01/05/2022 00:28:03,Chamber 6,28-0316623b5aff,23.75,T236,42C,off
01/05/2022 00:28:23,Chamber 6,28-0316623b5aff,23.75,T236,42C,off
01/05/2022 00:28:43,Chamber 6,28-0316623b5aff,23.75,T236,42C,off
01/05/2022 00:29:03,Chamber 6,28-0316623b5aff,23.75,T236,42C,off
01/05/2022 00:29:23,Chamber 6,28-0316623b5aff,23.75,T236,42C,off
01/05/2022 00:29:43,Chamber 6,28-0316623b5aff,23.75,T236,42C,off
01/05/2022 00:30:03,Chamber 6,28-0316623b5aff,23.75,T236,42C,off
01/05/2022 00:30:23,Chamber 6,28-0316623b5aff,23.75,T236,42C,off
01/05/2022 00:30:43,Chamber 6,28-0316623b5aff,23.75,T236,42C,off
01/05/2022 00:31:03,Chamber 6,28-0316623b5aff,23.75,T236,42C,off
01/05/2022 00:31:23,Chamber 6,28-0316623b5aff,23.75,T236,42C,off
01/05/2022 00:31:43,Chamber 6,28-0316623b5aff,23.75,T236,42C,off
01/05/2022 00:32:03,Chamber 6,28-0316623b5aff,23.75,T236,42C,off
01/05/2022 00:32:23,Chamber 6,28-0316623b5aff,23.75,T236,42C,off
01/05/2022 00:32:43,Chamber 6,28-0316623b5aff,23.75,T236,42C,off
01/05/2022 00:33:03,Chamber 6,28-0316623b5aff,23.75,T236,42C,off
01/05/2022 00:33:23,Chamber 6,28-0316623b5aff,23.75,T236,42C,off
01/05/2022 00:33:43,Chamber 6,28-0316623b5aff,23.75,T236,42C,off
01/05/2022 00:34:03,Chamber 6,28-0316623b5aff,23.75,T236,42C,off
01/05/2022 00:34:23,Chamber 6,28-0316623b5aff,23.75,T236,42C,off
01/05/2022 00:34:43,Chamber 6,28-0316623b5aff,23.75,T236,42C,off
01/05/2022 00:35:03,Chamber 6,28-0316623b5aff,23.75,T236,42C,off
01/05/2022 00:35:23,Chamber 6,28-0316623b5aff,23.75,T236,42C,off
01/05/2022 00:35:43,Chamber 6,28-0316623b5aff,23.75,T236,42C,off
01/05/2022 00:36:04,Chamber 6,28-0316623b5aff,23.75,T236,42C,off
01/05/2022 00:36:23,Chamber 6,28-0316623b5aff,23.75,T236,42C,off
01/05/2022 00:36:44,Chamber 6,28-0316623b5aff,23.75,T236,42C,off
01/05/2022 00:37:03,Chamber 6,28-0316623b5aff,23.75,T236,42C,off
01/05/2022 00:37:23,Chamber 6,28-0316623b5aff,23.75,T236,42C,off
01/05/2022 00:37:43,Chamber 6,28-0316623b5aff,23.75,T236,42C,off
01/05/2022 00:38:03,Chamber 6,28-0316623b5aff,23.75,T236,42C,off
01/05/2022 00:38:23,Chamber 6,28-0316623b5aff,23.75,T236,42C,off
01/05/2022 00:38:43,Chamber 6,28-0316623b5aff,23.75,T236,42C,off
01/05/2022 00:39:03,Chamber 6,28-0316623b5aff,23.75,T236,42C,off
01/05/2022 00:39:23,Chamber 6,28-0316623b5aff,23.75,T236,42C,off
01/05/2022 00:39:43,Chamber 6,28-0316623b5aff,23.75,T236,42C,off
01/05/2022 00:40:03,Chamber 6,28-0316623b5aff,23.75,T236,42C,off
01/05/2022 00:40:23,Chamber 6,28-0316623b5aff,23.75,T236,42C,off
01/05/2022 00:40:43,Chamber 6,28-0316623b5aff,23.75,T236,42C,off
01/05/2022 00:41:03,Chamber 6,28-0316623b5aff,23.75,T236,42C,off
01/05/2022 00:41:23,Chamber 6,28-0316623b5aff,23.75,T236,42C,off
01/05/2022 00:41:43,Chamber 6,28-0316623b5aff,23.75,T236,42C,off
01/05/2022 00:42:03,Chamber 6,28-0316623b5aff,23.75,T236,42C,off
01/05/2022 00:42:23,Chamber 6,28-0316623b5aff,23.75,T236,42C,off
01/05/2022 00:42:43,Chamber 6,28-0316623b5aff,23.75,T236,42C,off
01/05/2022 00:43:03,Chamber 6,28-0316623b5aff,23.75,T236,42C,off
01/05/2022 00:43:23,Chamber 6,28-0316623b5aff,23.75,T236,42C,off
01/05/2022 00:43:43,Chamber 6,28-0316623b5aff,23.75,T236,42C,off
01/05/2022 00:44:03,Chamber 6,28-0316623b5aff,23.75,T236,42C,off
01/05/2022 00:44:23,Chamber 6,28-0316623b5aff,23.75,T236,42C,off
01/05/2022 00:44:43,Chamber 6,28-0316623b5aff,23.687,T236,42C,off
01/05/2022 00:45:03,Chamber 6,28-0316623b5aff,23.75,T236,42C,off
01/05/2022 00:45:23,Chamber 6,28-0316623b5aff,23.75,T236,42C,off
01/05/2022 00:45:43,Chamber 6,28-0316623b5aff,23.75,T236,42C,off
01/05/2022 00:46:03,Chamber 6,28-0316623b5aff,23.75,T236,42C,off
01/05/2022 00:46:23,Chamber 6,28-0316623b5aff,23.75,T236,42C,off
01/05/2022 00:46:43,Chamber 6,28-0316623b5aff,23.687,T236,42C,off
01/05/2022 00:47:03,Chamber 6,28-0316623b5aff,23.687,T236,42C,off
01/05/2022 00:47:23,Chamber 6,28-0316623b5aff,23.687,T236,42C,off
01/05/2022 00:47:43,Chamber 6,28-0316623b5aff,23.75,T236,42C,off
01/05/2022 00:48:03,Chamber 6,28-0316623b5aff,23.75,T236,42C,off
01/05/2022 00:48:23,Chamber 6,28-0316623b5aff,23.75,T236,42C,off
01/05/2022 00:48:43,Chamber 6,28-0316623b5aff,23.75,T236,42C,off
01/05/2022 00:49:03,Chamber 6,28-0316623b5aff,23.75,T236,42C,off
01/05/2022 00:49:23,Chamber 6,28-0316623b5aff,23.75,T236,42C,off
01/05/2022 00:49:43,Chamber 6,28-0316623b5aff,23.75,T236,42C,off
01/05/2022 00:50:03,Chamber 6,28-0316623b5aff,23.75,T236,42C,off
01/05/2022 00:50:23,Chamber 6,28-0316623b5aff,23.75,T236,42C,off
01/05/2022 00:50:43,Chamber 6,28-0316623b5aff,23.75,T236,42C,off
01/05/2022 00:51:03,Chamber 6,28-0316623b5aff,23.75,T236,42C,off
01/05/2022 00:51:23,Chamber 6,28-0316623b5aff,23.75,T236,42C,off
01/05/2022 00:51:43,Chamber 6,28-0316623b5aff,23.75,T236,42C,off
01/05/2022 00:52:03,Chamber 6,28-0316623b5aff,23.75,T236,42C,off
01/05/2022 00:52:23,Chamber 6,28-0316623b5aff,23.75,T236,42C,off
01/05/2022 00:52:43,Chamber 6,28-0316623b5aff,23.75,T236,42C,off
01/05/2022 00:53:03,Chamber 6,28-0316623b5aff,23.75,T236,42C,off
01/05/2022 00:53:23,Chamber 6,28-0316623b5aff,23.75,T236,42C,off
01/05/2022 00:53:43,Chamber 6,28-0316623b5aff,23.687,T236,42C,off
01/05/2022 00:54:03,Chamber 6,28-0316623b5aff,23.75,T236,42C,off
01/05/2022 00:54:23,Chamber 6,28-0316623b5aff,23.75,T236,42C,off
01/05/2022 00:54:43,Chamber 6,28-0316623b5aff,23.75,T236,42C,off
01/05/2022 00:55:03,Chamber 6,28-0316623b5aff,23.75,T236,42C,off
01/05/2022 00:55:23,Chamber 6,28-0316623b5aff,23.75,T236,42C,off
01/05/2022 00:55:43,Chamber 6,28-0316623b5aff,23.75,T236,42C,off
01/05/2022 00:56:03,Chamber 6,28-0316623b5aff,23.687,T236,42C,off
01/05/2022 00:56:23,Chamber 6,28-0316623b5aff,23.75,T236,42C,off
01/05/2022 00:56:43,Chamber 6,28-0316623b5aff,23.75,T236,42C,off
01/05/2022 00:57:03,Chamber 6,28-0316623b5aff,23.75,T236,42C,off
01/05/2022 00:57:23,Chamber 6,28-0316623b5aff,23.75,T236,42C,off
01/05/2022 00:57:43,Chamber 6,28-0316623b5aff,23.75,T236,42C,off
01/05/2022 00:58:03,Chamber 6,28-0316623b5aff,23.75,T236,42C,off
01/05/2022 00:58:23,Chamber 6,28-0316623b5aff,23.687,T236,42C,off
01/05/2022 00:58:43,Chamber 6,28-0316623b5aff,23.75,T236,42C,off
01/05/2022 00:59:03,Chamber 6,28-0316623b5aff,23.687,T236,42C,off
01/05/2022 00:59:23,Chamber 6,28-0316623b5aff,23.687,T236,42C,off
01/05/2022 00:59:43,Chamber 6,28-0316623b5aff,23.687,T236,42C,off
01/05/2022 01:00:02,Chamber 6,28-0316623b5aff,23.687,T236,42C,off
01/05/2022 01:00:22,Chamber 6,28-0316623b5aff,23.75,T236,42C,off
01/05/2022 01:00:42,Chamber 6,28-0316623b5aff,23.687,T236,42C,off
01/05/2022 01:01:02,Chamber 6,28-0316623b5aff,23.75,T236,42C,off
01/05/2022 01:01:22,Chamber 6,28-0316623b5aff,23.75,T236,42C,off
01/05/2022 01:01:42,Chamber 6,28-0316623b5aff,23.687,T236,42C,off
01/05/2022 01:02:02,Chamber 6,28-0316623b5aff,23.687,T236,42C,off
01/05/2022 01:02:22,Chamber 6,28-0316623b5aff,23.75,T236,42C,off
01/05/2022 01:02:42,Chamber 6,28-0316623b5aff,23.75,T236,42C,off
01/05/2022 01:03:02,Chamber 6,28-0316623b5aff,23.687,T236,42C,off
01/05/2022 01:03:22,Chamber 6,28-0316623b5aff,23.687,T236,42C,off
01/05/2022 01:03:42,Chamber 6,28-0316623b5aff,23.687,T236,42C,off
01/05/2022 01:04:02,Chamber 6,28-0316623b5aff,23.687,T236,42C,off
01/05/2022 01:04:22,Chamber 6,28-0316623b5aff,23.687,T236,42C,off
01/05/2022 01:04:42,Chamber 6,28-0316623b5aff,23.75,T236,42C,off
01/05/2022 01:05:02,Chamber 6,28-0316623b5aff,23.687,T236,42C,off
01/05/2022 01:05:22,Chamber 6,28-0316623b5aff,23.687,T236,42C,off
01/05/2022 01:05:42,Chamber 6,28-0316623b5aff,23.75,T236,42C,off
01/05/2022 01:06:02,Chamber 6,28-0316623b5aff,23.687,T236,42C,off
01/05/2022 01:06:22,Chamber 6,28-0316623b5aff,23.687,T236,42C,off
01/05/2022 01:06:42,Chamber 6,28-0316623b5aff,23.687,T236,42C,off
01/05/2022 01:07:02,Chamber 6,28-0316623b5aff,23.687,T236,42C,off
01/05/2022 01:07:22,Chamber 6,28-0316623b5aff,23.687,T236,42C,off
01/05/2022 01:07:42,Chamber 6,28-0316623b5aff,23.687,T236,42C,off
01/05/2022 01:08:02,Chamber 6,28-0316623b5aff,23.687,T236,42C,off
01/05/2022 01:08:22,Chamber 6,28-0316623b5aff,23.687,T236,42C,off
01/05/2022 01:08:42,Chamber 6,28-0316623b5aff,23.687,T236,42C,off
01/05/2022 01:09:02,Chamber 6,28-0316623b5aff,23.687,T236,42C,off
01/05/2022 01:09:22,Chamber 6,28-0316623b5aff,23.687,T236,42C,off
01/05/2022 01:09:42,Chamber 6,28-0316623b5aff,23.687,T236,42C,off
01/05/2022 01:10:02,Chamber 6,28-0316623b5aff,23.687,T236,42C,off
01/05/2022 01:10:22,Chamber 6,28-0316623b5aff,23.687,T236,42C,off
01/05/2022 01:10:42,Chamber 6,28-0316623b5aff,23.687,T236,42C,off
01/05/2022 01:11:02,Chamber 6,28-0316623b5aff,23.687,T236,42C,off
01/05/2022 01:11:22,Chamber 6,28-0316623b5aff,23.687,T236,42C,off
01/05/2022 01:11:42,Chamber 6,28-0316623b5aff,23.687,T236,42C,off
01/05/2022 01:12:02,Chamber 6,28-0316623b5aff,23.687,T236,42C,off
01/05/2022 01:12:22,Chamber 6,28-0316623b5aff,23.687,T236,42C,off
01/05/2022 01:12:42,Chamber 6,28-0316623b5aff,23.687,T236,42C,off
01/05/2022 01:13:02,Chamber 6,28-0316623b5aff,23.687,T236,42C,off
01/05/2022 01:13:22,Chamber 6,28-0316623b5aff,23.687,T236,42C,off
01/05/2022 01:13:42,Chamber 6,28-0316623b5aff,23.687,T236,42C,off
01/05/2022 01:14:02,Chamber 6,28-0316623b5aff,23.687,T236,42C,off
01/05/2022 01:14:22,Chamber 6,28-0316623b5aff,23.687,T236,42C,off
01/05/2022 01:14:42,Chamber 6,28-0316623b5aff,23.687,T236,42C,off
01/05/2022 01:15:02,Chamber 6,28-0316623b5aff,23.687,T236,42C,off
01/05/2022 01:15:22,Chamber 6,28-0316623b5aff,23.687,T236,42C,off
01/05/2022 01:15:42,Chamber 6,28-0316623b5aff,23.687,T236,42C,off
01/05/2022 01:16:02,Chamber 6,28-0316623b5aff,23.687,T236,42C,off
01/05/2022 01:16:22,Chamber 6,28-0316623b5aff,23.687,T236,42C,off
01/05/2022 01:16:42,Chamber 6,28-0316623b5aff,23.687,T236,42C,off
01/05/2022 01:17:02,Chamber 6,28-0316623b5aff,23.687,T236,42C,off
01/05/2022 01:17:22,Chamber 6,28-0316623b5aff,23.687,T236,42C,off
01/05/2022 01:17:42,Chamber 6,28-0316623b5aff,23.687,T236,42C,off
01/05/2022 01:18:02,Chamber 6,28-0316623b5aff,23.687,T236,42C,off
01/05/2022 01:18:22,Chamber 6,28-0316623b5aff,23.687,T236,42C,off
01/05/2022 01:18:42,Chamber 6,28-0316623b5aff,23.687,T236,42C,off
01/05/2022 01:19:02,Chamber 6,28-0316623b5aff,23.687,T236,42C,off
01/05/2022 01:19:24,Chamber 6,28-0316623b5aff,23.687,T236,42C,off
01/05/2022 01:19:42,Chamber 6,28-0316623b5aff,23.687,T236,42C,off
01/05/2022 01:20:03,Chamber 6,28-0316623b5aff,23.687,T236,42C,off
01/05/2022 01:20:22,Chamber 6,28-0316623b5aff,23.687,T236,42C,off
01/05/2022 01:20:42,Chamber 6,28-0316623b5aff,23.687,T236,42C,off
01/05/2022 01:21:02,Chamber 6,28-0316623b5aff,23.687,T236,42C,off
01/05/2022 01:21:22,Chamber 6,28-0316623b5aff,23.687,T236,42C,off
01/05/2022 01:21:42,Chamber 6,28-0316623b5aff,23.687,T236,42C,off
01/05/2022 01:22:03,Chamber 6,28-0316623b5aff,23.687,T236,42C,off
01/05/2022 01:22:22,Chamber 6,28-0316623b5aff,23.687,T236,42C,off
01/05/2022 01:22:42,Chamber 6,28-0316623b5aff,23.687,T236,42C,off
01/05/2022 01:23:02,Chamber 6,28-0316623b5aff,23.687,T236,42C,off
01/05/2022 01:23:22,Chamber 6,28-0316623b5aff,23.687,T236,42C,off
01/05/2022 01:23:42,Chamber 6,28-0316623b5aff,23.687,T236,42C,off
01/05/2022 01:24:02,Chamber 6,28-0316623b5aff,23.687,T236,42C,off
01/05/2022 01:24:22,Chamber 6,28-0316623b5aff,23.687,T236,42C,off
01/05/2022 01:24:42,Chamber 6,28-0316623b5aff,23.687,T236,42C,off
01/05/2022 01:25:02,Chamber 6,28-0316623b5aff,23.687,T236,42C,off
01/05/2022 01:25:22,Chamber 6,28-0316623b5aff,23.687,T236,42C,off
01/05/2022 01:25:42,Chamber 6,28-0316623b5aff,23.687,T236,42C,off
01/05/2022 01:26:02,Chamber 6,28-0316623b5aff,23.687,T236,42C,off
01/05/2022 01:26:22,Chamber 6,28-0316623b5aff,23.687,T236,42C,off
01/05/2022 01:26:42,Chamber 6,28-0316623b5aff,23.687,T236,42C,off
01/05/2022 01:27:02,Chamber 6,28-0316623b5aff,23.687,T236,42C,off
01/05/2022 01:27:22,Chamber 6,28-0316623b5aff,23.687,T236,42C,off
01/05/2022 01:27:42,Chamber 6,28-0316623b5aff,23.687,T236,42C,off
01/05/2022 01:28:02,Chamber 6,28-0316623b5aff,23.687,T236,42C,off
01/05/2022 01:28:22,Chamber 6,28-0316623b5aff,23.687,T236,42C,off
01/05/2022 01:28:42,Chamber 6,28-0316623b5aff,23.687,T236,42C,off
01/05/2022 01:29:02,Chamber 6,28-0316623b5aff,23.687,T236,42C,off
01/05/2022 01:29:22,Chamber 6,28-0316623b5aff,23.687,T236,42C,off
01/05/2022 01:29:42,Chamber 6,28-0316623b5aff,23.687,T236,42C,off
01/05/2022 01:30:03,Chamber 6,28-0316623b5aff,23.687,T236,42C,off
01/05/2022 01:30:22,Chamber 6,28-0316623b5aff,23.687,T236,42C,off
01/05/2022 01:30:42,Chamber 6,28-0316623b5aff,23.687,T236,42C,off
01/05/2022 01:31:02,Chamber 6,28-0316623b5aff,23.687,T236,42C,off
01/05/2022 01:31:22,Chamber 6,28-0316623b5aff,23.687,T236,42C,off
01/05/2022 01:31:42,Chamber 6,28-0316623b5aff,23.687,T236,42C,off
01/05/2022 01:32:02,Chamber 6,28-0316623b5aff,23.687,T236,42C,off
01/05/2022 01:32:22,Chamber 6,28-0316623b5aff,23.687,T236,42C,off
01/05/2022 01:32:42,Chamber 6,28-0316623b5aff,23.687,T236,42C,off
01/05/2022 01:33:02,Chamber 6,28-0316623b5aff,23.687,T236,42C,off
01/05/2022 01:33:23,Chamber 6,28-0316623b5aff,23.687,T236,42C,off
01/05/2022 01:33:42,Chamber 6,28-0316623b5aff,23.687,T236,42C,off
01/05/2022 01:34:02,Chamber 6,28-0316623b5aff,23.687,T236,42C,off
01/05/2022 01:34:22,Chamber 6,28-0316623b5aff,23.687,T236,42C,off
01/05/2022 01:34:42,Chamber 6,28-0316623b5aff,23.687,T236,42C,off
01/05/2022 01:35:02,Chamber 6,28-0316623b5aff,23.687,T236,42C,off
01/05/2022 01:35:22,Chamber 6,28-0316623b5aff,23.687,T236,42C,off
01/05/2022 01:35:42,Chamber 6,28-0316623b5aff,23.687,T236,42C,off
01/05/2022 01:36:02,Chamber 6,28-0316623b5aff,23.687,T236,42C,off
01/05/2022 01:36:23,Chamber 6,28-0316623b5aff,23.687,T236,42C,off
01/05/2022 01:36:42,Chamber 6,28-0316623b5aff,23.687,T236,42C,off
01/05/2022 01:37:03,Chamber 6,28-0316623b5aff,23.687,T236,42C,off
01/05/2022 01:37:22,Chamber 6,28-0316623b5aff,23.687,T236,42C,off
01/05/2022 01:37:42,Chamber 6,28-0316623b5aff,23.687,T236,42C,off
01/05/2022 01:38:02,Chamber 6,28-0316623b5aff,23.687,T236,42C,off
01/05/2022 01:38:22,Chamber 6,28-0316623b5aff,23.687,T236,42C,off
01/05/2022 01:38:42,Chamber 6,28-0316623b5aff,23.687,T236,42C,off
01/05/2022 01:39:02,Chamber 6,28-0316623b5aff,23.687,T236,42C,off
01/05/2022 01:39:22,Chamber 6,28-0316623b5aff,23.687,T236,42C,off
01/05/2022 01:39:42,Chamber 6,28-0316623b5aff,23.687,T236,42C,off
01/05/2022 01:40:02,Chamber 6,28-0316623b5aff,23.687,T236,42C,off
01/05/2022 01:40:22,Chamber 6,28-0316623b5aff,23.687,T236,42C,off
01/05/2022 01:40:42,Chamber 6,28-0316623b5aff,23.687,T236,42C,off
01/05/2022 01:41:02,Chamber 6,28-0316623b5aff,23.687,T236,42C,off
01/05/2022 01:41:22,Chamber 6,28-0316623b5aff,23.687,T236,42C,off
01/05/2022 01:41:43,Chamber 6,28-0316623b5aff,23.687,T236,42C,off
01/05/2022 01:42:02,Chamber 6,28-0316623b5aff,23.687,T236,42C,off
01/05/2022 01:42:22,Chamber 6,28-0316623b5aff,23.687,T236,42C,off
01/05/2022 01:42:42,Chamber 6,28-0316623b5aff,23.687,T236,42C,off
01/05/2022 01:43:02,Chamber 6,28-0316623b5aff,23.687,T236,42C,off
01/05/2022 01:43:22,Chamber 6,28-0316623b5aff,23.687,T236,42C,off
01/05/2022 01:43:42,Chamber 6,28-0316623b5aff,23.687,T236,42C,off
01/05/2022 01:44:02,Chamber 6,28-0316623b5aff,23.687,T236,42C,off
01/05/2022 01:44:22,Chamber 6,28-0316623b5aff,23.687,T236,42C,off
01/05/2022 01:44:42,Chamber 6,28-0316623b5aff,23.687,T236,42C,off
01/05/2022 01:45:02,Chamber 6,28-0316623b5aff,23.687,T236,42C,off
01/05/2022 01:45:22,Chamber 6,28-0316623b5aff,23.687,T236,42C,off
01/05/2022 01:45:42,Chamber 6,28-0316623b5aff,23.687,T236,42C,off
01/05/2022 01:46:03,Chamber 6,28-0316623b5aff,23.687,T236,42C,off
01/05/2022 01:46:22,Chamber 6,28-0316623b5aff,23.687,T236,42C,off
01/05/2022 01:46:42,Chamber 6,28-0316623b5aff,23.687,T236,42C,off
01/05/2022 01:47:02,Chamber 6,28-0316623b5aff,23.687,T236,42C,off
01/05/2022 01:47:22,Chamber 6,28-0316623b5aff,23.687,T236,42C,off
01/05/2022 01:47:43,Chamber 6,28-0316623b5aff,23.687,T236,42C,off
01/05/2022 01:48:02,Chamber 6,28-0316623b5aff,23.687,T236,42C,off
01/05/2022 01:48:22,Chamber 6,28-0316623b5aff,23.687,T236,42C,off
01/05/2022 01:48:43,Chamber 6,28-0316623b5aff,23.687,T236,42C,off
01/05/2022 01:49:02,Chamber 6,28-0316623b5aff,23.687,T236,42C,off
01/05/2022 01:49:22,Chamber 6,28-0316623b5aff,23.687,T236,42C,off
01/05/2022 01:49:42,Chamber 6,28-0316623b5aff,23.687,T236,42C,off
01/05/2022 01:50:02,Chamber 6,28-0316623b5aff,23.687,T236,42C,off
01/05/2022 01:50:22,Chamber 6,28-0316623b5aff,23.687,T236,42C,off
01/05/2022 01:50:42,Chamber 6,28-0316623b5aff,23.687,T236,42C,off
01/05/2022 01:51:02,Chamber 6,28-0316623b5aff,23.687,T236,42C,off
01/05/2022 01:51:22,Chamber 6,28-0316623b5aff,23.687,T236,42C,off
01/05/2022 01:51:42,Chamber 6,28-0316623b5aff,23.687,T236,42C,off
01/05/2022 01:52:02,Chamber 6,28-0316623b5aff,23.687,T236,42C,off
01/05/2022 01:52:22,Chamber 6,28-0316623b5aff,23.687,T236,42C,off
01/05/2022 01:52:42,Chamber 6,28-0316623b5aff,23.687,T236,42C,off
01/05/2022 01:53:02,Chamber 6,28-0316623b5aff,23.687,T236,42C,off
01/05/2022 01:53:22,Chamber 6,28-0316623b5aff,23.687,T236,42C,off
01/05/2022 01:53:42,Chamber 6,28-0316623b5aff,23.687,T236,42C,off
01/05/2022 01:54:02,Chamber 6,28-0316623b5aff,23.687,T236,42C,off
01/05/2022 01:54:22,Chamber 6,28-0316623b5aff,23.687,T236,42C,off
01/05/2022 01:54:43,Chamber 6,28-0316623b5aff,23.687,T236,42C,off
01/05/2022 01:55:02,Chamber 6,28-0316623b5aff,23.687,T236,42C,off
01/05/2022 01:55:22,Chamber 6,28-0316623b5aff,23.687,T236,42C,off
01/05/2022 01:55:42,Chamber 6,28-0316623b5aff,23.687,T236,42C,off
01/05/2022 01:56:02,Chamber 6,28-0316623b5aff,23.687,T236,42C,off
01/05/2022 01:56:22,Chamber 6,28-0316623b5aff,23.687,T236,42C,off
01/05/2022 01:56:43,Chamber 6,28-0316623b5aff,23.687,T236,42C,off
01/05/2022 01:57:02,Chamber 6,28-0316623b5aff,23.687,T236,42C,off
01/05/2022 01:57:22,Chamber 6,28-0316623b5aff,23.687,T236,42C,off
01/05/2022 01:57:43,Chamber 6,28-0316623b5aff,23.687,T236,42C,off
01/05/2022 01:58:02,Chamber 6,28-0316623b5aff,23.687,T236,42C,off
01/05/2022 01:58:22,Chamber 6,28-0316623b5aff,23.687,T236,42C,off
01/05/2022 01:58:42,Chamber 6,28-0316623b5aff,23.687,T236,42C,off
01/05/2022 01:59:02,Chamber 6,28-0316623b5aff,23.687,T236,42C,off
01/05/2022 01:59:22,Chamber 6,28-0316623b5aff,23.687,T236,42C,off
01/05/2022 01:59:42,Chamber 6,28-0316623b5aff,23.687,T236,42C,off
01/05/2022 02:00:03,Chamber 6,28-0316623b5aff,23.687,T236,42C,off
01/05/2022 02:00:23,Chamber 6,28-0316623b5aff,23.687,T236,42C,off
01/05/2022 02:00:43,Chamber 6,28-0316623b5aff,23.687,T236,42C,off
01/05/2022 02:01:03,Chamber 6,28-0316623b5aff,23.687,T236,42C,off
01/05/2022 02:01:23,Chamber 6,28-0316623b5aff,23.687,T236,42C,off
01/05/2022 02:01:43,Chamber 6,28-0316623b5aff,23.687,T236,42C,off
01/05/2022 02:02:03,Chamber 6,28-0316623b5aff,23.687,T236,42C,off
01/05/2022 02:02:23,Chamber 6,28-0316623b5aff,23.687,T236,42C,off
01/05/2022 02:02:43,Chamber 6,28-0316623b5aff,23.687,T236,42C,off
01/05/2022 02:03:03,Chamber 6,28-0316623b5aff,23.625,T236,42C,off
01/05/2022 02:03:23,Chamber 6,28-0316623b5aff,23.625,T236,42C,off
01/05/2022 02:03:43,Chamber 6,28-0316623b5aff,23.625,T236,42C,off
01/05/2022 02:04:03,Chamber 6,28-0316623b5aff,23.687,T236,42C,off
01/05/2022 02:04:23,Chamber 6,28-0316623b5aff,23.687,T236,42C,off
01/05/2022 02:04:43,Chamber 6,28-0316623b5aff,23.687,T236,42C,off
01/05/2022 02:05:03,Chamber 6,28-0316623b5aff,23.687,T236,42C,off
01/05/2022 02:05:23,Chamber 6,28-0316623b5aff,23.687,T236,42C,off
01/05/2022 02:05:43,Chamber 6,28-0316623b5aff,23.687,T236,42C,off
01/05/2022 02:06:03,Chamber 6,28-0316623b5aff,23.687,T236,42C,off
01/05/2022 02:06:23,Chamber 6,28-0316623b5aff,23.625,T236,42C,off
01/05/2022 02:06:43,Chamber 6,28-0316623b5aff,23.625,T236,42C,off
01/05/2022 02:07:03,Chamber 6,28-0316623b5aff,23.687,T236,42C,off
01/05/2022 02:07:23,Chamber 6,28-0316623b5aff,23.687,T236,42C,off
01/05/2022 02:07:43,Chamber 6,28-0316623b5aff,23.625,T236,42C,off
01/05/2022 02:08:03,Chamber 6,28-0316623b5aff,23.687,T236,42C,off
01/05/2022 02:08:23,Chamber 6,28-0316623b5aff,23.625,T236,42C,off
01/05/2022 02:08:43,Chamber 6,28-0316623b5aff,23.625,T236,42C,off
01/05/2022 02:09:03,Chamber 6,28-0316623b5aff,23.625,T236,42C,off
01/05/2022 02:09:23,Chamber 6,28-0316623b5aff,23.625,T236,42C,off
01/05/2022 02:09:43,Chamber 6,28-0316623b5aff,23.625,T236,42C,off
01/05/2022 02:10:03,Chamber 6,28-0316623b5aff,23.625,T236,42C,off
01/05/2022 02:10:23,Chamber 6,28-0316623b5aff,23.625,T236,42C,off
01/05/2022 02:10:43,Chamber 6,28-0316623b5aff,23.625,T236,42C,off
01/05/2022 02:11:03,Chamber 6,28-0316623b5aff,23.625,T236,42C,off
01/05/2022 02:11:23,Chamber 6,28-0316623b5aff,23.625,T236,42C,off
01/05/2022 02:11:43,Chamber 6,28-0316623b5aff,23.625,T236,42C,off
01/05/2022 02:12:03,Chamber 6,28-0316623b5aff,23.625,T236,42C,off
01/05/2022 02:12:23,Chamber 6,28-0316623b5aff,23.625,T236,42C,off
01/05/2022 02:12:43,Chamber 6,28-0316623b5aff,23.687,T236,42C,off
01/05/2022 02:13:03,Chamber 6,28-0316623b5aff,23.625,T236,42C,off
01/05/2022 02:13:23,Chamber 6,28-0316623b5aff,23.687,T236,42C,off
01/05/2022 02:13:43,Chamber 6,28-0316623b5aff,23.625,T236,42C,off
01/05/2022 02:14:03,Chamber 6,28-0316623b5aff,23.625,T236,42C,off
01/05/2022 02:14:23,Chamber 6,28-0316623b5aff,23.625,T236,42C,off
01/05/2022 02:14:43,Chamber 6,28-0316623b5aff,23.687,T236,42C,off
01/05/2022 02:15:03,Chamber 6,28-0316623b5aff,23.625,T236,42C,off
01/05/2022 02:15:23,Chamber 6,28-0316623b5aff,23.625,T236,42C,off
01/05/2022 02:15:43,Chamber 6,28-0316623b5aff,23.625,T236,42C,off
01/05/2022 02:16:03,Chamber 6,28-0316623b5aff,23.625,T236,42C,off
01/05/2022 02:16:23,Chamber 6,28-0316623b5aff,23.687,T236,42C,off
01/05/2022 02:16:43,Chamber 6,28-0316623b5aff,23.625,T236,42C,off
01/05/2022 02:17:03,Chamber 6,28-0316623b5aff,23.625,T236,42C,off
01/05/2022 02:17:23,Chamber 6,28-0316623b5aff,23.687,T236,42C,off
01/05/2022 02:17:43,Chamber 6,28-0316623b5aff,23.687,T236,42C,off
01/05/2022 02:18:03,Chamber 6,28-0316623b5aff,23.687,T236,42C,off
01/05/2022 02:18:23,Chamber 6,28-0316623b5aff,23.687,T236,42C,off
01/05/2022 02:18:43,Chamber 6,28-0316623b5aff,23.625,T236,42C,off
01/05/2022 02:19:03,Chamber 6,28-0316623b5aff,23.687,T236,42C,off
01/05/2022 02:19:23,Chamber 6,28-0316623b5aff,23.625,T236,42C,off
01/05/2022 02:19:43,Chamber 6,28-0316623b5aff,23.687,T236,42C,off
01/05/2022 02:20:03,Chamber 6,28-0316623b5aff,23.625,T236,42C,off
01/05/2022 02:20:23,Chamber 6,28-0316623b5aff,23.625,T236,42C,off
01/05/2022 02:20:43,Chamber 6,28-0316623b5aff,23.625,T236,42C,off
01/05/2022 02:21:03,Chamber 6,28-0316623b5aff,23.625,T236,42C,off
01/05/2022 02:21:23,Chamber 6,28-0316623b5aff,23.687,T236,42C,off
01/05/2022 02:21:43,Chamber 6,28-0316623b5aff,23.687,T236,42C,off
01/05/2022 02:22:03,Chamber 6,28-0316623b5aff,23.687,T236,42C,off
01/05/2022 02:22:23,Chamber 6,28-0316623b5aff,23.625,T236,42C,off
01/05/2022 02:22:43,Chamber 6,28-0316623b5aff,23.625,T236,42C,off
01/05/2022 02:23:03,Chamber 6,28-0316623b5aff,23.687,T236,42C,off
01/05/2022 02:23:23,Chamber 6,28-0316623b5aff,23.625,T236,42C,off
01/05/2022 02:23:43,Chamber 6,28-0316623b5aff,23.625,T236,42C,off
01/05/2022 02:24:03,Chamber 6,28-0316623b5aff,23.625,T236,42C,off
01/05/2022 02:24:23,Chamber 6,28-0316623b5aff,23.625,T236,42C,off
01/05/2022 02:24:43,Chamber 6,28-0316623b5aff,23.625,T236,42C,off
01/05/2022 02:25:03,Chamber 6,28-0316623b5aff,23.625,T236,42C,off
01/05/2022 02:25:23,Chamber 6,28-0316623b5aff,23.625,T236,42C,off
01/05/2022 02:25:43,Chamber 6,28-0316623b5aff,23.625,T236,42C,off
01/05/2022 02:26:03,Chamber 6,28-0316623b5aff,23.625,T236,42C,off
01/05/2022 02:26:23,Chamber 6,28-0316623b5aff,23.625,T236,42C,off
01/05/2022 02:26:43,Chamber 6,28-0316623b5aff,23.625,T236,42C,off
01/05/2022 02:27:03,Chamber 6,28-0316623b5aff,23.625,T236,42C,off
01/05/2022 02:27:23,Chamber 6,28-0316623b5aff,23.625,T236,42C,off
01/05/2022 02:27:43,Chamber 6,28-0316623b5aff,23.625,T236,42C,off
01/05/2022 02:28:03,Chamber 6,28-0316623b5aff,23.625,T236,42C,off
01/05/2022 02:28:23,Chamber 6,28-0316623b5aff,23.625,T236,42C,off
01/05/2022 02:28:43,Chamber 6,28-0316623b5aff,23.625,T236,42C,off
01/05/2022 02:29:03,Chamber 6,28-0316623b5aff,23.625,T236,42C,off
01/05/2022 02:29:23,Chamber 6,28-0316623b5aff,23.625,T236,42C,off
01/05/2022 02:29:43,Chamber 6,28-0316623b5aff,23.625,T236,42C,off
01/05/2022 02:30:03,Chamber 6,28-0316623b5aff,23.625,T236,42C,off
01/05/2022 02:30:23,Chamber 6,28-0316623b5aff,23.625,T236,42C,off
01/05/2022 02:30:43,Chamber 6,28-0316623b5aff,23.625,T236,42C,off
01/05/2022 02:31:03,Chamber 6,28-0316623b5aff,23.687,T236,42C,off
01/05/2022 02:31:23,Chamber 6,28-0316623b5aff,23.625,T236,42C,off
01/05/2022 02:31:43,Chamber 6,28-0316623b5aff,23.625,T236,42C,off
01/05/2022 02:32:03,Chamber 6,28-0316623b5aff,23.625,T236,42C,off
01/05/2022 02:32:23,Chamber 6,28-0316623b5aff,23.625,T236,42C,off
01/05/2022 02:32:43,Chamber 6,28-0316623b5aff,23.625,T236,42C,off
01/05/2022 02:33:03,Chamber 6,28-0316623b5aff,23.625,T236,42C,off
01/05/2022 02:33:23,Chamber 6,28-0316623b5aff,23.625,T236,42C,off
01/05/2022 02:33:43,Chamber 6,28-0316623b5aff,23.625,T236,42C,off
01/05/2022 02:34:03,Chamber 6,28-0316623b5aff,23.687,T236,42C,off
01/05/2022 02:34:23,Chamber 6,28-0316623b5aff,23.687,T236,42C,off
01/05/2022 02:34:43,Chamber 6,28-0316623b5aff,23.625,T236,42C,off
01/05/2022 02:35:03,Chamber 6,28-0316623b5aff,23.625,T236,42C,off
01/05/2022 02:35:23,Chamber 6,28-0316623b5aff,23.625,T236,42C,off
01/05/2022 02:35:43,Chamber 6,28-0316623b5aff,23.625,T236,42C,off
01/05/2022 02:36:03,Chamber 6,28-0316623b5aff,23.625,T236,42C,off
01/05/2022 02:36:23,Chamber 6,28-0316623b5aff,23.625,T236,42C,off
01/05/2022 02:36:43,Chamber 6,28-0316623b5aff,23.625,T236,42C,off
01/05/2022 02:37:03,Chamber 6,28-0316623b5aff,23.625,T236,42C,off
01/05/2022 02:37:23,Chamber 6,28-0316623b5aff,23.625,T236,42C,off
01/05/2022 02:37:43,Chamber 6,28-0316623b5aff,23.625,T236,42C,off
01/05/2022 02:38:03,Chamber 6,28-0316623b5aff,23.625,T236,42C,off
01/05/2022 02:38:23,Chamber 6,28-0316623b5aff,23.625,T236,42C,off
01/05/2022 02:38:43,Chamber 6,28-0316623b5aff,23.625,T236,42C,off
01/05/2022 02:39:03,Chamber 6,28-0316623b5aff,23.625,T236,42C,off
01/05/2022 02:39:23,Chamber 6,28-0316623b5aff,23.625,T236,42C,off
01/05/2022 02:39:43,Chamber 6,28-0316623b5aff,23.625,T236,42C,off
01/05/2022 02:40:03,Chamber 6,28-0316623b5aff,23.625,T236,42C,off
01/05/2022 02:40:23,Chamber 6,28-0316623b5aff,23.625,T236,42C,off
01/05/2022 02:40:43,Chamber 6,28-0316623b5aff,23.625,T236,42C,off
01/05/2022 02:41:03,Chamber 6,28-0316623b5aff,23.625,T236,42C,off
01/05/2022 02:41:23,Chamber 6,28-0316623b5aff,23.625,T236,42C,off
01/05/2022 02:41:44,Chamber 6,28-0316623b5aff,23.625,T236,42C,off
01/05/2022 02:42:03,Chamber 6,28-0316623b5aff,23.625,T236,42C,off
01/05/2022 02:42:23,Chamber 6,28-0316623b5aff,23.625,T236,42C,off
01/05/2022 02:42:43,Chamber 6,28-0316623b5aff,23.625,T236,42C,off
01/05/2022 02:43:03,Chamber 6,28-0316623b5aff,23.625,T236,42C,off
01/05/2022 02:43:23,Chamber 6,28-0316623b5aff,23.625,T236,42C,off
01/05/2022 02:43:43,Chamber 6,28-0316623b5aff,23.625,T236,42C,off
01/05/2022 02:44:03,Chamber 6,28-0316623b5aff,23.625,T236,42C,off
01/05/2022 02:44:23,Chamber 6,28-0316623b5aff,23.625,T236,42C,off
01/05/2022 02:44:43,Chamber 6,28-0316623b5aff,23.625,T236,42C,off
01/05/2022 02:45:03,Chamber 6,28-0316623b5aff,23.625,T236,42C,off
01/05/2022 02:45:23,Chamber 6,28-0316623b5aff,23.625,T236,42C,off
01/05/2022 02:45:43,Chamber 6,28-0316623b5aff,23.625,T236,42C,off
01/05/2022 02:46:03,Chamber 6,28-0316623b5aff,23.625,T236,42C,off
01/05/2022 02:46:23,Chamber 6,28-0316623b5aff,23.625,T236,42C,off
01/05/2022 02:46:43,Chamber 6,28-0316623b5aff,23.625,T236,42C,off
01/05/2022 02:47:03,Chamber 6,28-0316623b5aff,23.625,T236,42C,off
01/05/2022 02:47:23,Chamber 6,28-0316623b5aff,23.625,T236,42C,off
01/05/2022 02:47:43,Chamber 6,28-0316623b5aff,23.625,T236,42C,off
01/05/2022 02:48:03,Chamber 6,28-0316623b5aff,23.625,T236,42C,off
01/05/2022 02:48:23,Chamber 6,28-0316623b5aff,23.625,T236,42C,off
01/05/2022 02:48:43,Chamber 6,28-0316623b5aff,23.625,T236,42C,off
01/05/2022 02:49:03,Chamber 6,28-0316623b5aff,23.625,T236,42C,off
01/05/2022 02:49:23,Chamber 6,28-0316623b5aff,23.625,T236,42C,off
01/05/2022 02:49:43,Chamber 6,28-0316623b5aff,23.625,T236,42C,off
01/05/2022 02:50:03,Chamber 6,28-0316623b5aff,23.625,T236,42C,off
01/05/2022 02:50:23,Chamber 6,28-0316623b5aff,23.625,T236,42C,off
01/05/2022 02:50:43,Chamber 6,28-0316623b5aff,23.625,T236,42C,off
01/05/2022 02:51:03,Chamber 6,28-0316623b5aff,23.625,T236,42C,off
01/05/2022 02:51:23,Chamber 6,28-0316623b5aff,23.625,T236,42C,off
01/05/2022 02:51:43,Chamber 6,28-0316623b5aff,23.625,T236,42C,off
01/05/2022 02:52:03,Chamber 6,28-0316623b5aff,23.625,T236,42C,off
01/05/2022 02:52:23,Chamber 6,28-0316623b5aff,23.625,T236,42C,off
01/05/2022 02:52:43,Chamber 6,28-0316623b5aff,23.625,T236,42C,off
01/05/2022 02:53:03,Chamber 6,28-0316623b5aff,23.625,T236,42C,off
01/05/2022 02:53:23,Chamber 6,28-0316623b5aff,23.625,T236,42C,off
01/05/2022 02:53:43,Chamber 6,28-0316623b5aff,23.625,T236,42C,off
01/05/2022 02:54:03,Chamber 6,28-0316623b5aff,23.625,T236,42C,off
01/05/2022 02:54:23,Chamber 6,28-0316623b5aff,23.625,T236,42C,off
01/05/2022 02:54:43,Chamber 6,28-0316623b5aff,23.625,T236,42C,off
01/05/2022 02:55:03,Chamber 6,28-0316623b5aff,23.625,T236,42C,off
01/05/2022 02:55:23,Chamber 6,28-0316623b5aff,23.625,T236,42C,off
01/05/2022 02:55:43,Chamber 6,28-0316623b5aff,23.625,T236,42C,off
01/05/2022 02:56:03,Chamber 6,28-0316623b5aff,23.625,T236,42C,off
01/05/2022 02:56:23,Chamber 6,28-0316623b5aff,23.625,T236,42C,off
01/05/2022 02:56:43,Chamber 6,28-0316623b5aff,23.625,T236,42C,off
01/05/2022 02:57:03,Chamber 6,28-0316623b5aff,23.625,T236,42C,off
01/05/2022 02:57:23,Chamber 6,28-0316623b5aff,23.625,T236,42C,off
01/05/2022 02:57:43,Chamber 6,28-0316623b5aff,23.625,T236,42C,off
01/05/2022 02:58:03,Chamber 6,28-0316623b5aff,23.625,T236,42C,off
01/05/2022 02:58:23,Chamber 6,28-0316623b5aff,23.625,T236,42C,off
01/05/2022 02:58:43,Chamber 6,28-0316623b5aff,23.625,T236,42C,off
01/05/2022 02:59:03,Chamber 6,28-0316623b5aff,23.625,T236,42C,off
01/05/2022 02:59:23,Chamber 6,28-0316623b5aff,23.625,T236,42C,off
01/05/2022 02:59:43,Chamber 6,28-0316623b5aff,23.625,T236,42C,off
01/05/2022 03:00:02,Chamber 6,28-0316623b5aff,23.625,T236,42C,off
01/05/2022 03:00:22,Chamber 6,28-0316623b5aff,23.625,T236,42C,off
01/05/2022 03:00:42,Chamber 6,28-0316623b5aff,23.625,T236,42C,off
01/05/2022 03:01:02,Chamber 6,28-0316623b5aff,23.625,T236,42C,off
01/05/2022 03:01:22,Chamber 6,28-0316623b5aff,23.625,T236,42C,off
01/05/2022 03:01:42,Chamber 6,28-0316623b5aff,23.625,T236,42C,off
01/05/2022 03:02:02,Chamber 6,28-0316623b5aff,23.625,T236,42C,off
01/05/2022 03:02:22,Chamber 6,28-0316623b5aff,23.625,T236,42C,off
01/05/2022 03:02:42,Chamber 6,28-0316623b5aff,23.625,T236,42C,off
01/05/2022 03:03:02,Chamber 6,28-0316623b5aff,23.625,T236,42C,off
01/05/2022 03:03:22,Chamber 6,28-0316623b5aff,23.625,T236,42C,off
01/05/2022 03:03:42,Chamber 6,28-0316623b5aff,23.625,T236,42C,off
01/05/2022 03:04:02,Chamber 6,28-0316623b5aff,23.625,T236,42C,off
01/05/2022 03:04:22,Chamber 6,28-0316623b5aff,23.625,T236,42C,off
01/05/2022 03:04:42,Chamber 6,28-0316623b5aff,23.625,T236,42C,off
01/05/2022 03:05:02,Chamber 6,28-0316623b5aff,23.625,T236,42C,off
01/05/2022 03:05:22,Chamber 6,28-0316623b5aff,23.625,T236,42C,off
01/05/2022 03:05:42,Chamber 6,28-0316623b5aff,23.625,T236,42C,off
01/05/2022 03:06:02,Chamber 6,28-0316623b5aff,23.625,T236,42C,off
01/05/2022 03:06:22,Chamber 6,28-0316623b5aff,23.625,T236,42C,off
01/05/2022 03:06:42,Chamber 6,28-0316623b5aff,23.625,T236,42C,off
01/05/2022 03:07:02,Chamber 6,28-0316623b5aff,23.625,T236,42C,off
01/05/2022 03:07:22,Chamber 6,28-0316623b5aff,23.625,T236,42C,off
01/05/2022 03:07:42,Chamber 6,28-0316623b5aff,23.625,T236,42C,off
01/05/2022 03:08:02,Chamber 6,28-0316623b5aff,23.625,T236,42C,off
01/05/2022 03:08:22,Chamber 6,28-0316623b5aff,23.625,T236,42C,off
01/05/2022 03:08:42,Chamber 6,28-0316623b5aff,23.625,T236,42C,off
01/05/2022 03:09:02,Chamber 6,28-0316623b5aff,23.625,T236,42C,off
01/05/2022 03:09:22,Chamber 6,28-0316623b5aff,23.625,T236,42C,off
01/05/2022 03:09:42,Chamber 6,28-0316623b5aff,23.625,T236,42C,off
01/05/2022 03:10:02,Chamber 6,28-0316623b5aff,23.625,T236,42C,off
01/05/2022 03:10:22,Chamber 6,28-0316623b5aff,23.625,T236,42C,off
01/05/2022 03:10:42,Chamber 6,28-0316623b5aff,23.625,T236,42C,off
01/05/2022 03:11:02,Chamber 6,28-0316623b5aff,23.625,T236,42C,off
01/05/2022 03:11:22,Chamber 6,28-0316623b5aff,23.625,T236,42C,off
01/05/2022 03:11:42,Chamber 6,28-0316623b5aff,23.625,T236,42C,off
01/05/2022 03:12:02,Chamber 6,28-0316623b5aff,23.625,T236,42C,off
01/05/2022 03:12:22,Chamber 6,28-0316623b5aff,23.625,T236,42C,off
01/05/2022 03:12:42,Chamber 6,28-0316623b5aff,23.625,T236,42C,off
01/05/2022 03:13:02,Chamber 6,28-0316623b5aff,23.625,T236,42C,off
01/05/2022 03:13:22,Chamber 6,28-0316623b5aff,23.625,T236,42C,off
01/05/2022 03:13:42,Chamber 6,28-0316623b5aff,23.625,T236,42C,off
01/05/2022 03:14:02,Chamber 6,28-0316623b5aff,23.625,T236,42C,off
01/05/2022 03:14:22,Chamber 6,28-0316623b5aff,23.625,T236,42C,off
01/05/2022 03:14:42,Chamber 6,28-0316623b5aff,23.625,T236,42C,off
01/05/2022 03:15:02,Chamber 6,28-0316623b5aff,23.625,T236,42C,off
01/05/2022 03:15:22,Chamber 6,28-0316623b5aff,23.625,T236,42C,off
01/05/2022 03:15:42,Chamber 6,28-0316623b5aff,23.625,T236,42C,off
01/05/2022 03:16:02,Chamber 6,28-0316623b5aff,23.625,T236,42C,off
01/05/2022 03:16:22,Chamber 6,28-0316623b5aff,23.625,T236,42C,off
01/05/2022 03:16:42,Chamber 6,28-0316623b5aff,23.625,T236,42C,off
01/05/2022 03:17:02,Chamber 6,28-0316623b5aff,23.625,T236,42C,off
01/05/2022 03:17:23,Chamber 6,28-0316623b5aff,23.625,T236,42C,off
01/05/2022 03:17:42,Chamber 6,28-0316623b5aff,23.625,T236,42C,off
01/05/2022 03:18:02,Chamber 6,28-0316623b5aff,23.625,T236,42C,off
01/05/2022 03:18:22,Chamber 6,28-0316623b5aff,23.625,T236,42C,off
01/05/2022 03:18:42,Chamber 6,28-0316623b5aff,23.625,T236,42C,off
01/05/2022 03:19:02,Chamber 6,28-0316623b5aff,23.625,T236,42C,off
01/05/2022 03:19:22,Chamber 6,28-0316623b5aff,23.625,T236,42C,off
01/05/2022 03:19:42,Chamber 6,28-0316623b5aff,23.625,T236,42C,off
01/05/2022 03:20:02,Chamber 6,28-0316623b5aff,23.625,T236,42C,off
01/05/2022 03:20:22,Chamber 6,28-0316623b5aff,23.625,T236,42C,off
01/05/2022 03:20:42,Chamber 6,28-0316623b5aff,23.625,T236,42C,off
01/05/2022 03:21:02,Chamber 6,28-0316623b5aff,23.625,T236,42C,off
01/05/2022 03:21:22,Chamber 6,28-0316623b5aff,23.625,T236,42C,off
01/05/2022 03:21:42,Chamber 6,28-0316623b5aff,23.625,T236,42C,off
01/05/2022 03:22:02,Chamber 6,28-0316623b5aff,23.625,T236,42C,off
01/05/2022 03:22:22,Chamber 6,28-0316623b5aff,23.625,T236,42C,off
01/05/2022 03:22:42,Chamber 6,28-0316623b5aff,23.625,T236,42C,off
01/05/2022 03:23:02,Chamber 6,28-0316623b5aff,23.625,T236,42C,off
01/05/2022 03:23:22,Chamber 6,28-0316623b5aff,23.625,T236,42C,off
01/05/2022 03:23:42,Chamber 6,28-0316623b5aff,23.625,T236,42C,off
01/05/2022 03:24:02,Chamber 6,28-0316623b5aff,23.625,T236,42C,off
01/05/2022 03:24:22,Chamber 6,28-0316623b5aff,23.625,T236,42C,off
01/05/2022 03:24:43,Chamber 6,28-0316623b5aff,23.625,T236,42C,off
01/05/2022 03:25:02,Chamber 6,28-0316623b5aff,23.625,T236,42C,off
01/05/2022 03:25:22,Chamber 6,28-0316623b5aff,23.625,T236,42C,off
01/05/2022 03:25:42,Chamber 6,28-0316623b5aff,23.625,T236,42C,off
01/05/2022 03:26:02,Chamber 6,28-0316623b5aff,23.625,T236,42C,off
01/05/2022 03:26:22,Chamber 6,28-0316623b5aff,23.625,T236,42C,off
01/05/2022 03:26:42,Chamber 6,28-0316623b5aff,23.625,T236,42C,off
01/05/2022 03:27:02,Chamber 6,28-0316623b5aff,23.625,T236,42C,off
01/05/2022 03:27:22,Chamber 6,28-0316623b5aff,23.625,T236,42C,off
01/05/2022 03:27:42,Chamber 6,28-0316623b5aff,23.625,T236,42C,off
01/05/2022 03:28:02,Chamber 6,28-0316623b5aff,23.625,T236,42C,off
01/05/2022 03:28:22,Chamber 6,28-0316623b5aff,23.625,T236,42C,off
01/05/2022 03:28:42,Chamber 6,28-0316623b5aff,23.625,T236,42C,off
01/05/2022 03:29:02,Chamber 6,28-0316623b5aff,23.625,T236,42C,off
01/05/2022 03:29:22,Chamber 6,28-0316623b5aff,23.625,T236,42C,off
01/05/2022 03:29:42,Chamber 6,28-0316623b5aff,23.625,T236,42C,off
01/05/2022 03:30:02,Chamber 6,28-0316623b5aff,23.625,T236,42C,off
01/05/2022 03:30:22,Chamber 6,28-0316623b5aff,23.625,T236,42C,off
01/05/2022 03:30:43,Chamber 6,28-0316623b5aff,23.625,T236,42C,off
01/05/2022 03:31:02,Chamber 6,28-0316623b5aff,23.625,T236,42C,off
01/05/2022 03:31:22,Chamber 6,28-0316623b5aff,23.625,T236,42C,off
01/05/2022 03:31:43,Chamber 6,28-0316623b5aff,23.625,T236,42C,off
01/05/2022 03:32:02,Chamber 6,28-0316623b5aff,23.625,T236,42C,off
01/05/2022 03:32:22,Chamber 6,28-0316623b5aff,23.625,T236,42C,off
01/05/2022 03:32:42,Chamber 6,28-0316623b5aff,23.625,T236,42C,off
01/05/2022 03:33:02,Chamber 6,28-0316623b5aff,23.625,T236,42C,off
01/05/2022 03:33:22,Chamber 6,28-0316623b5aff,23.625,T236,42C,off
01/05/2022 03:33:42,Chamber 6,28-0316623b5aff,23.625,T236,42C,off
01/05/2022 03:34:02,Chamber 6,28-0316623b5aff,23.625,T236,42C,off
01/05/2022 03:34:22,Chamber 6,28-0316623b5aff,23.625,T236,42C,off
01/05/2022 03:34:42,Chamber 6,28-0316623b5aff,23.625,T236,42C,off
01/05/2022 03:35:02,Chamber 6,28-0316623b5aff,23.625,T236,42C,off
01/05/2022 03:35:23,Chamber 6,28-0316623b5aff,23.625,T236,42C,off
01/05/2022 03:35:42,Chamber 6,28-0316623b5aff,23.625,T236,42C,off
01/05/2022 03:36:02,Chamber 6,28-0316623b5aff,23.625,T236,42C,off
01/05/2022 03:36:22,Chamber 6,28-0316623b5aff,23.625,T236,42C,off
01/05/2022 03:36:42,Chamber 6,28-0316623b5aff,23.625,T236,42C,off
01/05/2022 03:37:02,Chamber 6,28-0316623b5aff,23.625,T236,42C,off
01/05/2022 03:37:22,Chamber 6,28-0316623b5aff,23.625,T236,42C,off
01/05/2022 03:37:42,Chamber 6,28-0316623b5aff,23.625,T236,42C,off
01/05/2022 03:38:02,Chamber 6,28-0316623b5aff,23.625,T236,42C,off
01/05/2022 03:38:22,Chamber 6,28-0316623b5aff,23.625,T236,42C,off
01/05/2022 03:38:42,Chamber 6,28-0316623b5aff,23.625,T236,42C,off
01/05/2022 03:39:02,Chamber 6,28-0316623b5aff,23.625,T236,42C,off
01/05/2022 03:39:23,Chamber 6,28-0316623b5aff,23.625,T236,42C,off
01/05/2022 03:39:42,Chamber 6,28-0316623b5aff,23.625,T236,42C,off
01/05/2022 03:40:05,Chamber 6,28-0316623b5aff,23.625,T236,42C,off
01/05/2022 03:40:22,Chamber 6,28-0316623b5aff,23.625,T236,42C,off
01/05/2022 03:40:44,Chamber 6,28-0316623b5aff,23.625,T236,42C,off
01/05/2022 03:41:02,Chamber 6,28-0316623b5aff,23.625,T236,42C,off
01/05/2022 03:41:22,Chamber 6,28-0316623b5aff,23.625,T236,42C,off
01/05/2022 03:41:42,Chamber 6,28-0316623b5aff,23.625,T236,42C,off
01/05/2022 03:42:02,Chamber 6,28-0316623b5aff,23.625,T236,42C,off
01/05/2022 03:42:22,Chamber 6,28-0316623b5aff,23.625,T236,42C,off
01/05/2022 03:42:42,Chamber 6,28-0316623b5aff,23.625,T236,42C,off
01/05/2022 03:43:02,Chamber 6,28-0316623b5aff,23.625,T236,42C,off
01/05/2022 03:43:23,Chamber 6,28-0316623b5aff,23.625,T236,42C,off
01/05/2022 03:43:42,Chamber 6,28-0316623b5aff,23.625,T236,42C,off
01/05/2022 03:44:02,Chamber 6,28-0316623b5aff,23.625,T236,42C,off
01/05/2022 03:44:22,Chamber 6,28-0316623b5aff,23.625,T236,42C,off
01/05/2022 03:44:42,Chamber 6,28-0316623b5aff,23.625,T236,42C,off
01/05/2022 03:45:02,Chamber 6,28-0316623b5aff,23.625,T236,42C,off
01/05/2022 03:45:23,Chamber 6,28-0316623b5aff,23.625,T236,42C,off
01/05/2022 03:45:43,Chamber 6,28-0316623b5aff,23.625,T236,42C,off
01/05/2022 03:46:02,Chamber 6,28-0316623b5aff,23.625,T236,42C,off
01/05/2022 03:46:22,Chamber 6,28-0316623b5aff,23.625,T236,42C,off
01/05/2022 03:46:42,Chamber 6,28-0316623b5aff,23.625,T236,42C,off
01/05/2022 03:47:02,Chamber 6,28-0316623b5aff,23.625,T236,42C,off
01/05/2022 03:47:22,Chamber 6,28-0316623b5aff,23.625,T236,42C,off
01/05/2022 03:47:42,Chamber 6,28-0316623b5aff,23.625,T236,42C,off
01/05/2022 03:48:02,Chamber 6,28-0316623b5aff,23.625,T236,42C,off
01/05/2022 03:48:24,Chamber 6,28-0316623b5aff,23.625,T236,42C,off
01/05/2022 03:48:42,Chamber 6,28-0316623b5aff,23.625,T236,42C,off
01/05/2022 03:49:02,Chamber 6,28-0316623b5aff,23.625,T236,42C,off
01/05/2022 03:49:22,Chamber 6,28-0316623b5aff,23.625,T236,42C,off
01/05/2022 03:49:42,Chamber 6,28-0316623b5aff,23.625,T236,42C,off
01/05/2022 03:50:02,Chamber 6,28-0316623b5aff,23.625,T236,42C,off
01/05/2022 03:50:22,Chamber 6,28-0316623b5aff,23.625,T236,42C,off
01/05/2022 03:50:42,Chamber 6,28-0316623b5aff,23.625,T236,42C,off
01/05/2022 03:51:02,Chamber 6,28-0316623b5aff,23.625,T236,42C,off
01/05/2022 03:51:22,Chamber 6,28-0316623b5aff,23.625,T236,42C,off
01/05/2022 03:51:42,Chamber 6,28-0316623b5aff,23.625,T236,42C,off
01/05/2022 03:52:02,Chamber 6,28-0316623b5aff,23.625,T236,42C,off
01/05/2022 03:52:22,Chamber 6,28-0316623b5aff,23.625,T236,42C,off
01/05/2022 03:52:42,Chamber 6,28-0316623b5aff,23.625,T236,42C,off
01/05/2022 03:53:02,Chamber 6,28-0316623b5aff,23.625,T236,42C,off
01/05/2022 03:53:22,Chamber 6,28-0316623b5aff,23.625,T236,42C,off
01/05/2022 03:53:42,Chamber 6,28-0316623b5aff,23.625,T236,42C,off
01/05/2022 03:54:02,Chamber 6,28-0316623b5aff,23.625,T236,42C,off
01/05/2022 03:54:22,Chamber 6,28-0316623b5aff,23.625,T236,42C,off
01/05/2022 03:54:42,Chamber 6,28-0316623b5aff,23.625,T236,42C,off
01/05/2022 03:55:02,Chamber 6,28-0316623b5aff,23.625,T236,42C,off
01/05/2022 03:55:22,Chamber 6,28-0316623b5aff,23.625,T236,42C,off
01/05/2022 03:55:42,Chamber 6,28-0316623b5aff,23.625,T236,42C,off
01/05/2022 03:56:02,Chamber 6,28-0316623b5aff,23.625,T236,42C,off
01/05/2022 03:56:22,Chamber 6,28-0316623b5aff,23.625,T236,42C,off
01/05/2022 03:56:43,Chamber 6,28-0316623b5aff,23.625,T236,42C,off
01/05/2022 03:57:02,Chamber 6,28-0316623b5aff,23.625,T236,42C,off
01/05/2022 03:57:22,Chamber 6,28-0316623b5aff,23.625,T236,42C,off
01/05/2022 03:57:42,Chamber 6,28-0316623b5aff,23.625,T236,42C,off
01/05/2022 03:58:02,Chamber 6,28-0316623b5aff,23.625,T236,42C,off
01/05/2022 03:58:22,Chamber 6,28-0316623b5aff,23.625,T236,42C,off
01/05/2022 03:58:42,Chamber 6,28-0316623b5aff,23.625,T236,42C,off
01/05/2022 03:59:02,Chamber 6,28-0316623b5aff,23.625,T236,42C,off
01/05/2022 03:59:22,Chamber 6,28-0316623b5aff,23.625,T236,42C,off
01/05/2022 03:59:42,Chamber 6,28-0316623b5aff,23.625,T236,42C,off
01/05/2022 04:00:02,Chamber 6,28-0316623b5aff,23.625,T236,42C,off
01/05/2022 04:00:22,Chamber 6,28-0316623b5aff,23.625,T236,42C,off
01/05/2022 04:00:42,Chamber 6,28-0316623b5aff,23.625,T236,42C,off
01/05/2022 04:01:02,Chamber 6,28-0316623b5aff,23.625,T236,42C,off
01/05/2022 04:01:22,Chamber 6,28-0316623b5aff,23.625,T236,42C,off
01/05/2022 04:01:42,Chamber 6,28-0316623b5aff,23.625,T236,42C,off
01/05/2022 04:02:02,Chamber 6,28-0316623b5aff,23.625,T236,42C,off
01/05/2022 04:02:22,Chamber 6,28-0316623b5aff,23.625,T236,42C,off
01/05/2022 04:02:42,Chamber 6,28-0316623b5aff,23.625,T236,42C,off
01/05/2022 04:03:02,Chamber 6,28-0316623b5aff,23.625,T236,42C,off
01/05/2022 04:03:22,Chamber 6,28-0316623b5aff,23.625,T236,42C,off
01/05/2022 04:03:42,Chamber 6,28-0316623b5aff,23.625,T236,42C,off
01/05/2022 04:04:02,Chamber 6,28-0316623b5aff,23.625,T236,42C,off
01/05/2022 04:04:22,Chamber 6,28-0316623b5aff,23.625,T236,42C,off
01/05/2022 04:04:42,Chamber 6,28-0316623b5aff,23.625,T236,42C,off
01/05/2022 04:05:02,Chamber 6,28-0316623b5aff,23.625,T236,42C,off
01/05/2022 04:05:22,Chamber 6,28-0316623b5aff,23.625,T236,42C,off
01/05/2022 04:05:42,Chamber 6,28-0316623b5aff,23.625,T236,42C,off
01/05/2022 04:06:02,Chamber 6,28-0316623b5aff,23.625,T236,42C,off
01/05/2022 04:06:22,Chamber 6,28-0316623b5aff,23.625,T236,42C,off
01/05/2022 04:06:42,Chamber 6,28-0316623b5aff,23.625,T236,42C,off
01/05/2022 04:07:02,Chamber 6,28-0316623b5aff,23.625,T236,42C,off
01/05/2022 04:07:22,Chamber 6,28-0316623b5aff,23.625,T236,42C,off
01/05/2022 04:07:42,Chamber 6,28-0316623b5aff,23.625,T236,42C,off
01/05/2022 04:08:02,Chamber 6,28-0316623b5aff,23.625,T236,42C,off
01/05/2022 04:08:22,Chamber 6,28-0316623b5aff,23.625,T236,42C,off
01/05/2022 04:08:42,Chamber 6,28-0316623b5aff,23.562,T236,42C,off
01/05/2022 04:09:02,Chamber 6,28-0316623b5aff,23.625,T236,42C,off
01/05/2022 04:09:22,Chamber 6,28-0316623b5aff,23.625,T236,42C,off
01/05/2022 04:09:42,Chamber 6,28-0316623b5aff,23.625,T236,42C,off
01/05/2022 04:10:02,Chamber 6,28-0316623b5aff,23.625,T236,42C,off
01/05/2022 04:10:22,Chamber 6,28-0316623b5aff,23.625,T236,42C,off
01/05/2022 04:10:42,Chamber 6,28-0316623b5aff,23.562,T236,42C,off
01/05/2022 04:11:02,Chamber 6,28-0316623b5aff,23.562,T236,42C,off
01/05/2022 04:11:22,Chamber 6,28-0316623b5aff,23.625,T236,42C,off
01/05/2022 04:11:42,Chamber 6,28-0316623b5aff,23.625,T236,42C,off
01/05/2022 04:12:02,Chamber 6,28-0316623b5aff,23.562,T236,42C,off
01/05/2022 04:12:22,Chamber 6,28-0316623b5aff,23.562,T236,42C,off
01/05/2022 04:12:42,Chamber 6,28-0316623b5aff,23.562,T236,42C,off
01/05/2022 04:13:02,Chamber 6,28-0316623b5aff,23.562,T236,42C,off
01/05/2022 04:13:22,Chamber 6,28-0316623b5aff,23.562,T236,42C,off
01/05/2022 04:13:42,Chamber 6,28-0316623b5aff,23.562,T236,42C,off
01/05/2022 04:14:02,Chamber 6,28-0316623b5aff,23.562,T236,42C,off
01/05/2022 04:14:22,Chamber 6,28-0316623b5aff,23.562,T236,42C,off
01/05/2022 04:14:42,Chamber 6,28-0316623b5aff,23.562,T236,42C,off
01/05/2022 04:15:02,Chamber 6,28-0316623b5aff,23.562,T236,42C,off
01/05/2022 04:15:22,Chamber 6,28-0316623b5aff,23.562,T236,42C,off
01/05/2022 04:15:42,Chamber 6,28-0316623b5aff,23.562,T236,42C,off
01/05/2022 04:16:03,Chamber 6,28-0316623b5aff,23.625,T236,42C,off
01/05/2022 04:16:22,Chamber 6,28-0316623b5aff,23.562,T236,42C,off
01/05/2022 04:16:42,Chamber 6,28-0316623b5aff,23.562,T236,42C,off
01/05/2022 04:17:02,Chamber 6,28-0316623b5aff,23.562,T236,42C,off
01/05/2022 04:17:22,Chamber 6,28-0316623b5aff,23.562,T236,42C,off
01/05/2022 04:17:42,Chamber 6,28-0316623b5aff,23.562,T236,42C,off
01/05/2022 04:18:02,Chamber 6,28-0316623b5aff,23.562,T236,42C,off
01/05/2022 04:18:22,Chamber 6,28-0316623b5aff,23.562,T236,42C,off
01/05/2022 04:18:43,Chamber 6,28-0316623b5aff,23.562,T236,42C,off
01/05/2022 04:19:02,Chamber 6,28-0316623b5aff,23.562,T236,42C,off
01/05/2022 04:19:22,Chamber 6,28-0316623b5aff,23.562,T236,42C,off
01/05/2022 04:19:42,Chamber 6,28-0316623b5aff,23.562,T236,42C,off
01/05/2022 04:20:02,Chamber 6,28-0316623b5aff,23.562,T236,42C,off
01/05/2022 04:20:22,Chamber 6,28-0316623b5aff,23.562,T236,42C,off
01/05/2022 04:20:42,Chamber 6,28-0316623b5aff,23.562,T236,42C,off
01/05/2022 04:21:02,Chamber 6,28-0316623b5aff,23.562,T236,42C,off
01/05/2022 04:21:22,Chamber 6,28-0316623b5aff,23.562,T236,42C,off
01/05/2022 04:21:42,Chamber 6,28-0316623b5aff,23.562,T236,42C,off
01/05/2022 04:22:02,Chamber 6,28-0316623b5aff,23.562,T236,42C,off
01/05/2022 04:22:22,Chamber 6,28-0316623b5aff,23.562,T236,42C,off
01/05/2022 04:22:42,Chamber 6,28-0316623b5aff,23.562,T236,42C,off
01/05/2022 04:23:02,Chamber 6,28-0316623b5aff,23.562,T236,42C,off
01/05/2022 04:23:22,Chamber 6,28-0316623b5aff,23.562,T236,42C,off
01/05/2022 04:23:42,Chamber 6,28-0316623b5aff,23.562,T236,42C,off
01/05/2022 04:24:02,Chamber 6,28-0316623b5aff,23.562,T236,42C,off
01/05/2022 04:24:22,Chamber 6,28-0316623b5aff,23.562,T236,42C,off
01/05/2022 04:24:42,Chamber 6,28-0316623b5aff,23.562,T236,42C,off
01/05/2022 04:25:02,Chamber 6,28-0316623b5aff,23.562,T236,42C,off
01/05/2022 04:25:22,Chamber 6,28-0316623b5aff,23.562,T236,42C,off
01/05/2022 04:25:42,Chamber 6,28-0316623b5aff,23.562,T236,42C,off
01/05/2022 04:26:02,Chamber 6,28-0316623b5aff,23.562,T236,42C,off
01/05/2022 04:26:22,Chamber 6,28-0316623b5aff,23.562,T236,42C,off
01/05/2022 04:26:42,Chamber 6,28-0316623b5aff,23.562,T236,42C,off
01/05/2022 04:27:02,Chamber 6,28-0316623b5aff,23.562,T236,42C,off
01/05/2022 04:27:22,Chamber 6,28-0316623b5aff,23.562,T236,42C,off
01/05/2022 04:27:42,Chamber 6,28-0316623b5aff,23.562,T236,42C,off
01/05/2022 04:28:02,Chamber 6,28-0316623b5aff,23.562,T236,42C,off
01/05/2022 04:28:22,Chamber 6,28-0316623b5aff,23.562,T236,42C,off
01/05/2022 04:28:42,Chamber 6,28-0316623b5aff,23.625,T236,42C,off
01/05/2022 04:29:02,Chamber 6,28-0316623b5aff,23.562,T236,42C,off
01/05/2022 04:29:22,Chamber 6,28-0316623b5aff,23.625,T236,42C,off
01/05/2022 04:29:42,Chamber 6,28-0316623b5aff,23.562,T236,42C,off
01/05/2022 04:30:02,Chamber 6,28-0316623b5aff,23.562,T236,42C,off
01/05/2022 04:30:22,Chamber 6,28-0316623b5aff,23.562,T236,42C,off
01/05/2022 04:30:42,Chamber 6,28-0316623b5aff,23.562,T236,42C,off
01/05/2022 04:31:02,Chamber 6,28-0316623b5aff,23.562,T236,42C,off
01/05/2022 04:31:22,Chamber 6,28-0316623b5aff,23.562,T236,42C,off
01/05/2022 04:31:42,Chamber 6,28-0316623b5aff,23.562,T236,42C,off
01/05/2022 04:32:02,Chamber 6,28-0316623b5aff,23.562,T236,42C,off
01/05/2022 04:32:22,Chamber 6,28-0316623b5aff,23.562,T236,42C,off
01/05/2022 04:32:42,Chamber 6,28-0316623b5aff,23.562,T236,42C,off
01/05/2022 04:33:03,Chamber 6,28-0316623b5aff,23.625,T236,42C,off
01/05/2022 04:33:22,Chamber 6,28-0316623b5aff,23.562,T236,42C,off
01/05/2022 04:33:42,Chamber 6,28-0316623b5aff,23.562,T236,42C,off
01/05/2022 04:34:02,Chamber 6,28-0316623b5aff,23.562,T236,42C,off
01/05/2022 04:34:22,Chamber 6,28-0316623b5aff,23.562,T236,42C,off
01/05/2022 04:34:42,Chamber 6,28-0316623b5aff,23.562,T236,42C,off
01/05/2022 04:35:02,Chamber 6,28-0316623b5aff,23.562,T236,42C,off
01/05/2022 04:35:22,Chamber 6,28-0316623b5aff,23.562,T236,42C,off
01/05/2022 04:35:42,Chamber 6,28-0316623b5aff,23.562,T236,42C,off
01/05/2022 04:36:02,Chamber 6,28-0316623b5aff,23.562,T236,42C,off
01/05/2022 04:36:22,Chamber 6,28-0316623b5aff,23.562,T236,42C,off
01/05/2022 04:36:42,Chamber 6,28-0316623b5aff,23.562,T236,42C,off
01/05/2022 04:37:02,Chamber 6,28-0316623b5aff,23.562,T236,42C,off
01/05/2022 04:37:22,Chamber 6,28-0316623b5aff,23.562,T236,42C,off
01/05/2022 04:37:42,Chamber 6,28-0316623b5aff,23.562,T236,42C,off
01/05/2022 04:38:02,Chamber 6,28-0316623b5aff,23.562,T236,42C,off
01/05/2022 04:38:22,Chamber 6,28-0316623b5aff,23.562,T236,42C,off
01/05/2022 04:38:43,Chamber 6,28-0316623b5aff,23.562,T236,42C,off
01/05/2022 04:39:02,Chamber 6,28-0316623b5aff,23.562,T236,42C,off
01/05/2022 04:39:22,Chamber 6,28-0316623b5aff,23.562,T236,42C,off
01/05/2022 04:39:42,Chamber 6,28-0316623b5aff,23.562,T236,42C,off
01/05/2022 04:40:02,Chamber 6,28-0316623b5aff,23.562,T236,42C,off
01/05/2022 04:40:22,Chamber 6,28-0316623b5aff,23.562,T236,42C,off
01/05/2022 04:40:42,Chamber 6,28-0316623b5aff,23.562,T236,42C,off
01/05/2022 04:41:02,Chamber 6,28-0316623b5aff,23.562,T236,42C,off
01/05/2022 04:41:22,Chamber 6,28-0316623b5aff,23.562,T236,42C,off
01/05/2022 04:41:42,Chamber 6,28-0316623b5aff,23.562,T236,42C,off
01/05/2022 04:42:03,Chamber 6,28-0316623b5aff,23.562,T236,42C,off
01/05/2022 04:42:22,Chamber 6,28-0316623b5aff,23.562,T236,42C,off
01/05/2022 04:42:42,Chamber 6,28-0316623b5aff,23.562,T236,42C,off
01/05/2022 04:43:02,Chamber 6,28-0316623b5aff,23.562,T236,42C,off
01/05/2022 04:43:22,Chamber 6,28-0316623b5aff,23.562,T236,42C,off
01/05/2022 04:43:42,Chamber 6,28-0316623b5aff,23.562,T236,42C,off
01/05/2022 04:44:02,Chamber 6,28-0316623b5aff,23.562,T236,42C,off
01/05/2022 04:44:22,Chamber 6,28-0316623b5aff,23.562,T236,42C,off
01/05/2022 04:44:42,Chamber 6,28-0316623b5aff,23.562,T236,42C,off
01/05/2022 04:45:02,Chamber 6,28-0316623b5aff,23.562,T236,42C,off
01/05/2022 04:45:22,Chamber 6,28-0316623b5aff,23.562,T236,42C,off
01/05/2022 04:45:42,Chamber 6,28-0316623b5aff,23.562,T236,42C,off
01/05/2022 04:46:02,Chamber 6,28-0316623b5aff,23.562,T236,42C,off
01/05/2022 04:46:22,Chamber 6,28-0316623b5aff,23.562,T236,42C,off
01/05/2022 04:46:42,Chamber 6,28-0316623b5aff,23.562,T236,42C,off
01/05/2022 04:47:02,Chamber 6,28-0316623b5aff,23.562,T236,42C,off
01/05/2022 04:47:22,Chamber 6,28-0316623b5aff,23.562,T236,42C,off
01/05/2022 04:47:42,Chamber 6,28-0316623b5aff,23.562,T236,42C,off
01/05/2022 04:48:02,Chamber 6,28-0316623b5aff,23.562,T236,42C,off
01/05/2022 04:48:22,Chamber 6,28-0316623b5aff,23.562,T236,42C,off
01/05/2022 04:48:42,Chamber 6,28-0316623b5aff,23.562,T236,42C,off
01/05/2022 04:49:02,Chamber 6,28-0316623b5aff,23.562,T236,42C,off
01/05/2022 04:49:22,Chamber 6,28-0316623b5aff,23.562,T236,42C,off
01/05/2022 04:49:42,Chamber 6,28-0316623b5aff,23.562,T236,42C,off
01/05/2022 04:50:02,Chamber 6,28-0316623b5aff,23.562,T236,42C,off
01/05/2022 04:50:22,Chamber 6,28-0316623b5aff,23.562,T236,42C,off
01/05/2022 04:50:42,Chamber 6,28-0316623b5aff,23.562,T236,42C,off
01/05/2022 04:51:02,Chamber 6,28-0316623b5aff,23.562,T236,42C,off
01/05/2022 04:51:22,Chamber 6,28-0316623b5aff,23.562,T236,42C,off
01/05/2022 04:51:42,Chamber 6,28-0316623b5aff,23.562,T236,42C,off
01/05/2022 04:52:02,Chamber 6,28-0316623b5aff,23.562,T236,42C,off
01/05/2022 04:52:22,Chamber 6,28-0316623b5aff,23.562,T236,42C,off
01/05/2022 04:52:42,Chamber 6,28-0316623b5aff,23.562,T236,42C,off
01/05/2022 04:53:02,Chamber 6,28-0316623b5aff,23.562,T236,42C,off
01/05/2022 04:53:22,Chamber 6,28-0316623b5aff,23.562,T236,42C,off
01/05/2022 04:53:42,Chamber 6,28-0316623b5aff,23.562,T236,42C,off
01/05/2022 04:54:02,Chamber 6,28-0316623b5aff,23.562,T236,42C,off
01/05/2022 04:54:22,Chamber 6,28-0316623b5aff,23.562,T236,42C,off
01/05/2022 04:54:42,Chamber 6,28-0316623b5aff,23.562,T236,42C,off
01/05/2022 04:55:02,Chamber 6,28-0316623b5aff,23.562,T236,42C,off
01/05/2022 04:55:22,Chamber 6,28-0316623b5aff,23.562,T236,42C,off
01/05/2022 04:55:42,Chamber 6,28-0316623b5aff,23.562,T236,42C,off
01/05/2022 04:56:02,Chamber 6,28-0316623b5aff,23.562,T236,42C,off
01/05/2022 04:56:22,Chamber 6,28-0316623b5aff,23.562,T236,42C,off
01/05/2022 04:56:42,Chamber 6,28-0316623b5aff,23.562,T236,42C,off
01/05/2022 04:57:02,Chamber 6,28-0316623b5aff,23.562,T236,42C,off
01/05/2022 04:57:22,Chamber 6,28-0316623b5aff,23.562,T236,42C,off
01/05/2022 04:57:42,Chamber 6,28-0316623b5aff,23.562,T236,42C,off
01/05/2022 04:58:02,Chamber 6,28-0316623b5aff,23.562,T236,42C,off
01/05/2022 04:58:22,Chamber 6,28-0316623b5aff,23.562,T236,42C,off
01/05/2022 04:58:42,Chamber 6,28-0316623b5aff,23.562,T236,42C,off
01/05/2022 04:59:02,Chamber 6,28-0316623b5aff,23.562,T236,42C,off
01/05/2022 04:59:22,Chamber 6,28-0316623b5aff,23.562,T236,42C,off
01/05/2022 04:59:42,Chamber 6,28-0316623b5aff,23.562,T236,42C,off
01/05/2022 05:00:02,Chamber 6,28-0316623b5aff,23.562,T236,42C,off
01/05/2022 05:00:22,Chamber 6,28-0316623b5aff,23.562,T236,42C,off
01/05/2022 05:00:42,Chamber 6,28-0316623b5aff,23.562,T236,42C,off
01/05/2022 05:01:02,Chamber 6,28-0316623b5aff,23.562,T236,42C,off
01/05/2022 05:01:22,Chamber 6,28-0316623b5aff,23.562,T236,42C,off
01/05/2022 05:01:42,Chamber 6,28-0316623b5aff,23.562,T236,42C,off
01/05/2022 05:02:02,Chamber 6,28-0316623b5aff,23.562,T236,42C,off
01/05/2022 05:02:22,Chamber 6,28-0316623b5aff,23.562,T236,42C,off
01/05/2022 05:02:42,Chamber 6,28-0316623b5aff,23.562,T236,42C,off
01/05/2022 05:03:02,Chamber 6,28-0316623b5aff,23.562,T236,42C,off
01/05/2022 05:03:22,Chamber 6,28-0316623b5aff,23.562,T236,42C,off
01/05/2022 05:03:42,Chamber 6,28-0316623b5aff,23.562,T236,42C,off
01/05/2022 05:04:02,Chamber 6,28-0316623b5aff,23.562,T236,42C,off
01/05/2022 05:04:22,Chamber 6,28-0316623b5aff,23.562,T236,42C,off
01/05/2022 05:04:42,Chamber 6,28-0316623b5aff,23.562,T236,42C,off
01/05/2022 05:05:02,Chamber 6,28-0316623b5aff,23.562,T236,42C,off
01/05/2022 05:05:22,Chamber 6,28-0316623b5aff,23.562,T236,42C,off
01/05/2022 05:05:42,Chamber 6,28-0316623b5aff,23.562,T236,42C,off
01/05/2022 05:06:02,Chamber 6,28-0316623b5aff,23.562,T236,42C,off
01/05/2022 05:06:22,Chamber 6,28-0316623b5aff,23.562,T236,42C,off
01/05/2022 05:06:42,Chamber 6,28-0316623b5aff,23.562,T236,42C,off
01/05/2022 05:07:02,Chamber 6,28-0316623b5aff,23.562,T236,42C,off
01/05/2022 05:07:22,Chamber 6,28-0316623b5aff,23.562,T236,42C,off
01/05/2022 05:07:42,Chamber 6,28-0316623b5aff,23.562,T236,42C,off
01/05/2022 05:08:02,Chamber 6,28-0316623b5aff,23.562,T236,42C,off
01/05/2022 05:08:22,Chamber 6,28-0316623b5aff,23.562,T236,42C,off
01/05/2022 05:08:42,Chamber 6,28-0316623b5aff,23.562,T236,42C,off
01/05/2022 05:09:02,Chamber 6,28-0316623b5aff,23.562,T236,42C,off
01/05/2022 05:09:22,Chamber 6,28-0316623b5aff,23.562,T236,42C,off
01/05/2022 05:09:42,Chamber 6,28-0316623b5aff,23.562,T236,42C,off
01/05/2022 05:10:02,Chamber 6,28-0316623b5aff,23.562,T236,42C,off
01/05/2022 05:10:22,Chamber 6,28-0316623b5aff,23.562,T236,42C,off
01/05/2022 05:10:42,Chamber 6,28-0316623b5aff,23.562,T236,42C,off
01/05/2022 05:11:02,Chamber 6,28-0316623b5aff,23.562,T236,42C,off
01/05/2022 05:11:22,Chamber 6,28-0316623b5aff,23.562,T236,42C,off
01/05/2022 05:11:42,Chamber 6,28-0316623b5aff,23.562,T236,42C,off
01/05/2022 05:12:02,Chamber 6,28-0316623b5aff,23.562,T236,42C,off
01/05/2022 05:12:22,Chamber 6,28-0316623b5aff,23.562,T236,42C,off
01/05/2022 05:12:42,Chamber 6,28-0316623b5aff,23.562,T236,42C,off
01/05/2022 05:13:02,Chamber 6,28-0316623b5aff,23.562,T236,42C,off
01/05/2022 05:13:22,Chamber 6,28-0316623b5aff,23.562,T236,42C,off
01/05/2022 05:13:42,Chamber 6,28-0316623b5aff,23.562,T236,42C,off
01/05/2022 05:14:02,Chamber 6,28-0316623b5aff,23.562,T236,42C,off
01/05/2022 05:14:22,Chamber 6,28-0316623b5aff,23.562,T236,42C,off
01/05/2022 05:14:42,Chamber 6,28-0316623b5aff,23.562,T236,42C,off
01/05/2022 05:15:02,Chamber 6,28-0316623b5aff,23.562,T236,42C,off
01/05/2022 05:15:22,Chamber 6,28-0316623b5aff,23.562,T236,42C,off
01/05/2022 05:15:42,Chamber 6,28-0316623b5aff,23.562,T236,42C,off
01/05/2022 05:16:02,Chamber 6,28-0316623b5aff,23.562,T236,42C,off
01/05/2022 05:16:22,Chamber 6,28-0316623b5aff,23.562,T236,42C,off
01/05/2022 05:16:42,Chamber 6,28-0316623b5aff,23.562,T236,42C,off
01/05/2022 05:17:02,Chamber 6,28-0316623b5aff,23.562,T236,42C,off
01/05/2022 05:17:22,Chamber 6,28-0316623b5aff,23.562,T236,42C,off
01/05/2022 05:17:42,Chamber 6,28-0316623b5aff,23.562,T236,42C,off
01/05/2022 05:18:02,Chamber 6,28-0316623b5aff,23.562,T236,42C,off
01/05/2022 05:18:22,Chamber 6,28-0316623b5aff,23.562,T236,42C,off
01/05/2022 05:18:42,Chamber 6,28-0316623b5aff,23.562,T236,42C,off
01/05/2022 05:19:02,Chamber 6,28-0316623b5aff,23.562,T236,42C,off
01/05/2022 05:19:22,Chamber 6,28-0316623b5aff,23.562,T236,42C,off
01/05/2022 05:19:42,Chamber 6,28-0316623b5aff,23.562,T236,42C,off
01/05/2022 05:20:02,Chamber 6,28-0316623b5aff,23.562,T236,42C,off
01/05/2022 05:20:22,Chamber 6,28-0316623b5aff,23.562,T236,42C,off
01/05/2022 05:20:42,Chamber 6,28-0316623b5aff,23.562,T236,42C,off
01/05/2022 05:21:02,Chamber 6,28-0316623b5aff,23.562,T236,42C,off
01/05/2022 05:21:22,Chamber 6,28-0316623b5aff,23.562,T236,42C,off
01/05/2022 05:21:42,Chamber 6,28-0316623b5aff,23.562,T236,42C,off
01/05/2022 05:22:02,Chamber 6,28-0316623b5aff,23.562,T236,42C,off
01/05/2022 05:22:22,Chamber 6,28-0316623b5aff,23.562,T236,42C,off
01/05/2022 05:22:42,Chamber 6,28-0316623b5aff,23.562,T236,42C,off
01/05/2022 05:23:02,Chamber 6,28-0316623b5aff,23.562,T236,42C,off
01/05/2022 05:23:22,Chamber 6,28-0316623b5aff,23.562,T236,42C,off
01/05/2022 05:23:42,Chamber 6,28-0316623b5aff,23.562,T236,42C,off
01/05/2022 05:24:02,Chamber 6,28-0316623b5aff,23.562,T236,42C,off
01/05/2022 05:24:22,Chamber 6,28-0316623b5aff,23.562,T236,42C,off
01/05/2022 05:24:42,Chamber 6,28-0316623b5aff,23.562,T236,42C,off
01/05/2022 05:25:02,Chamber 6,28-0316623b5aff,23.562,T236,42C,off
01/05/2022 05:25:22,Chamber 6,28-0316623b5aff,23.562,T236,42C,off
01/05/2022 05:25:42,Chamber 6,28-0316623b5aff,23.562,T236,42C,off
01/05/2022 05:26:02,Chamber 6,28-0316623b5aff,23.562,T236,42C,off
01/05/2022 05:26:22,Chamber 6,28-0316623b5aff,23.562,T236,42C,off
01/05/2022 05:26:42,Chamber 6,28-0316623b5aff,23.562,T236,42C,off
01/05/2022 05:27:02,Chamber 6,28-0316623b5aff,23.562,T236,42C,off
01/05/2022 05:27:23,Chamber 6,28-0316623b5aff,23.562,T236,42C,off
01/05/2022 05:27:42,Chamber 6,28-0316623b5aff,23.562,T236,42C,off
01/05/2022 05:28:02,Chamber 6,28-0316623b5aff,23.562,T236,42C,off
01/05/2022 05:28:22,Chamber 6,28-0316623b5aff,23.562,T236,42C,off
01/05/2022 05:28:42,Chamber 6,28-0316623b5aff,23.562,T236,42C,off
01/05/2022 05:29:02,Chamber 6,28-0316623b5aff,23.562,T236,42C,off
01/05/2022 05:29:22,Chamber 6,28-0316623b5aff,23.562,T236,42C,off
01/05/2022 05:29:42,Chamber 6,28-0316623b5aff,23.562,T236,42C,off
01/05/2022 05:30:02,Chamber 6,28-0316623b5aff,23.562,T236,42C,off
01/05/2022 05:30:22,Chamber 6,28-0316623b5aff,23.562,T236,42C,off
01/05/2022 05:30:42,Chamber 6,28-0316623b5aff,23.562,T236,42C,off
01/05/2022 05:31:02,Chamber 6,28-0316623b5aff,23.5,T236,42C,off
01/05/2022 05:31:22,Chamber 6,28-0316623b5aff,23.562,T236,42C,off
01/05/2022 05:31:42,Chamber 6,28-0316623b5aff,23.562,T236,42C,off
01/05/2022 05:32:02,Chamber 6,28-0316623b5aff,23.562,T236,42C,off
01/05/2022 05:32:22,Chamber 6,28-0316623b5aff,23.562,T236,42C,off
01/05/2022 05:32:42,Chamber 6,28-0316623b5aff,23.5,T236,42C,off
01/05/2022 05:33:02,Chamber 6,28-0316623b5aff,23.5,T236,42C,off
01/05/2022 05:33:22,Chamber 6,28-0316623b5aff,23.562,T236,42C,off
01/05/2022 05:33:42,Chamber 6,28-0316623b5aff,23.562,T236,42C,off
01/05/2022 05:34:02,Chamber 6,28-0316623b5aff,23.562,T236,42C,off
01/05/2022 05:34:22,Chamber 6,28-0316623b5aff,23.562,T236,42C,off
01/05/2022 05:34:42,Chamber 6,28-0316623b5aff,23.562,T236,42C,off
01/05/2022 05:35:03,Chamber 6,28-0316623b5aff,23.562,T236,42C,off
01/05/2022 05:35:22,Chamber 6,28-0316623b5aff,23.562,T236,42C,off
01/05/2022 05:35:42,Chamber 6,28-0316623b5aff,23.562,T236,42C,off
01/05/2022 05:36:02,Chamber 6,28-0316623b5aff,23.562,T236,42C,off
01/05/2022 05:36:22,Chamber 6,28-0316623b5aff,23.562,T236,42C,off
01/05/2022 05:36:42,Chamber 6,28-0316623b5aff,23.562,T236,42C,off
01/05/2022 05:37:02,Chamber 6,28-0316623b5aff,23.562,T236,42C,off
01/05/2022 05:37:22,Chamber 6,28-0316623b5aff,23.562,T236,42C,off
01/05/2022 05:37:42,Chamber 6,28-0316623b5aff,23.562,T236,42C,off
01/05/2022 05:38:02,Chamber 6,28-0316623b5aff,23.562,T236,42C,off
01/05/2022 05:38:23,Chamber 6,28-0316623b5aff,23.562,T236,42C,off
01/05/2022 05:38:42,Chamber 6,28-0316623b5aff,23.562,T236,42C,off
01/05/2022 05:39:02,Chamber 6,28-0316623b5aff,23.562,T236,42C,off
01/05/2022 05:39:22,Chamber 6,28-0316623b5aff,23.562,T236,42C,off
01/05/2022 05:39:42,Chamber 6,28-0316623b5aff,23.562,T236,42C,off
01/05/2022 05:40:03,Chamber 6,28-0316623b5aff,23.562,T236,42C,off
01/05/2022 05:40:22,Chamber 6,28-0316623b5aff,23.562,T236,42C,off
01/05/2022 05:40:42,Chamber 6,28-0316623b5aff,23.562,T236,42C,off
01/05/2022 05:41:02,Chamber 6,28-0316623b5aff,23.562,T236,42C,off
01/05/2022 05:41:22,Chamber 6,28-0316623b5aff,23.562,T236,42C,off
01/05/2022 05:41:42,Chamber 6,28-0316623b5aff,23.562,T236,42C,off
01/05/2022 05:42:02,Chamber 6,28-0316623b5aff,23.562,T236,42C,off
01/05/2022 05:42:22,Chamber 6,28-0316623b5aff,23.562,T236,42C,off
01/05/2022 05:42:42,Chamber 6,28-0316623b5aff,23.562,T236,42C,off
01/05/2022 05:43:02,Chamber 6,28-0316623b5aff,23.562,T236,42C,off
01/05/2022 05:43:22,Chamber 6,28-0316623b5aff,23.562,T236,42C,off
01/05/2022 05:43:42,Chamber 6,28-0316623b5aff,23.562,T236,42C,off
01/05/2022 05:44:02,Chamber 6,28-0316623b5aff,23.562,T236,42C,off
01/05/2022 05:44:22,Chamber 6,28-0316623b5aff,23.562,T236,42C,off
01/05/2022 05:44:42,Chamber 6,28-0316623b5aff,23.562,T236,42C,off
01/05/2022 05:45:02,Chamber 6,28-0316623b5aff,23.562,T236,42C,off
01/05/2022 05:45:22,Chamber 6,28-0316623b5aff,23.562,T236,42C,off
01/05/2022 05:45:42,Chamber 6,28-0316623b5aff,23.562,T236,42C,off
01/05/2022 05:46:02,Chamber 6,28-0316623b5aff,23.562,T236,42C,off
01/05/2022 05:46:22,Chamber 6,28-0316623b5aff,23.562,T236,42C,off
01/05/2022 05:46:42,Chamber 6,28-0316623b5aff,23.562,T236,42C,off
01/05/2022 05:47:03,Chamber 6,28-0316623b5aff,23.562,T236,42C,off
01/05/2022 05:47:22,Chamber 6,28-0316623b5aff,23.562,T236,42C,off
01/05/2022 05:47:42,Chamber 6,28-0316623b5aff,23.562,T236,42C,off
01/05/2022 05:48:02,Chamber 6,28-0316623b5aff,23.562,T236,42C,off
01/05/2022 05:48:22,Chamber 6,28-0316623b5aff,23.562,T236,42C,off
01/05/2022 05:48:42,Chamber 6,28-0316623b5aff,23.562,T236,42C,off
01/05/2022 05:49:02,Chamber 6,28-0316623b5aff,23.562,T236,42C,off
01/05/2022 05:49:22,Chamber 6,28-0316623b5aff,23.562,T236,42C,off
01/05/2022 05:49:42,Chamber 6,28-0316623b5aff,23.562,T236,42C,off
01/05/2022 05:50:02,Chamber 6,28-0316623b5aff,23.562,T236,42C,off
01/05/2022 05:50:22,Chamber 6,28-0316623b5aff,23.562,T236,42C,off
01/05/2022 05:50:42,Chamber 6,28-0316623b5aff,23.562,T236,42C,off
01/05/2022 05:51:02,Chamber 6,28-0316623b5aff,23.562,T236,42C,off
01/05/2022 05:51:22,Chamber 6,28-0316623b5aff,23.562,T236,42C,off
01/05/2022 05:51:42,Chamber 6,28-0316623b5aff,23.562,T236,42C,off
01/05/2022 05:52:02,Chamber 6,28-0316623b5aff,23.562,T236,42C,off
01/05/2022 05:52:22,Chamber 6,28-0316623b5aff,23.562,T236,42C,off
01/05/2022 05:52:42,Chamber 6,28-0316623b5aff,23.562,T236,42C,off
01/05/2022 05:53:02,Chamber 6,28-0316623b5aff,23.562,T236,42C,off
01/05/2022 05:53:22,Chamber 6,28-0316623b5aff,23.562,T236,42C,off
01/05/2022 05:53:42,Chamber 6,28-0316623b5aff,23.562,T236,42C,off
01/05/2022 05:54:02,Chamber 6,28-0316623b5aff,23.562,T236,42C,off
01/05/2022 05:54:22,Chamber 6,28-0316623b5aff,23.562,T236,42C,off
01/05/2022 05:54:42,Chamber 6,28-0316623b5aff,23.562,T236,42C,off
01/05/2022 05:55:02,Chamber 6,28-0316623b5aff,23.562,T236,42C,off
01/05/2022 05:55:22,Chamber 6,28-0316623b5aff,23.562,T236,42C,off
01/05/2022 05:55:42,Chamber 6,28-0316623b5aff,23.562,T236,42C,off
01/05/2022 05:56:02,Chamber 6,28-0316623b5aff,23.5,T236,42C,off
01/05/2022 05:56:22,Chamber 6,28-0316623b5aff,23.5,T236,42C,off
01/05/2022 05:56:42,Chamber 6,28-0316623b5aff,23.562,T236,42C,off
01/05/2022 05:57:02,Chamber 6,28-0316623b5aff,23.5,T236,42C,off
01/05/2022 05:57:22,Chamber 6,28-0316623b5aff,23.562,T236,42C,off
01/05/2022 05:57:42,Chamber 6,28-0316623b5aff,23.562,T236,42C,off
01/05/2022 05:58:02,Chamber 6,28-0316623b5aff,23.562,T236,42C,off
01/05/2022 05:58:22,Chamber 6,28-0316623b5aff,23.5,T236,42C,off
01/05/2022 05:58:42,Chamber 6,28-0316623b5aff,23.562,T236,42C,off
01/05/2022 05:59:02,Chamber 6,28-0316623b5aff,23.5,T236,42C,off
01/05/2022 05:59:22,Chamber 6,28-0316623b5aff,23.562,T236,42C,off
01/05/2022 05:59:42,Chamber 6,28-0316623b5aff,23.562,T236,42C,off
01/05/2022 06:00:02,Chamber 6,28-0316623b5aff,23.562,T236,42C,off
01/05/2022 06:00:22,Chamber 6,28-0316623b5aff,23.562,T236,42C,off
01/05/2022 06:00:42,Chamber 6,28-0316623b5aff,23.5,T236,42C,off
01/05/2022 06:01:02,Chamber 6,28-0316623b5aff,23.562,T236,42C,off
01/05/2022 06:01:22,Chamber 6,28-0316623b5aff,23.5,T236,42C,off
01/05/2022 06:01:42,Chamber 6,28-0316623b5aff,23.5,T236,42C,off
01/05/2022 06:02:02,Chamber 6,28-0316623b5aff,23.562,T236,42C,off
01/05/2022 06:02:22,Chamber 6,28-0316623b5aff,23.5,T236,42C,off
01/05/2022 06:02:42,Chamber 6,28-0316623b5aff,23.5,T236,42C,off
01/05/2022 06:03:02,Chamber 6,28-0316623b5aff,23.562,T236,42C,off
01/05/2022 06:03:22,Chamber 6,28-0316623b5aff,23.5,T236,42C,off
01/05/2022 06:03:42,Chamber 6,28-0316623b5aff,23.5,T236,42C,off
01/05/2022 06:04:02,Chamber 6,28-0316623b5aff,23.5,T236,42C,off
01/05/2022 06:04:22,Chamber 6,28-0316623b5aff,23.5,T236,42C,off
01/05/2022 06:04:42,Chamber 6,28-0316623b5aff,23.562,T236,42C,off
01/05/2022 06:05:02,Chamber 6,28-0316623b5aff,23.5,T236,42C,off
01/05/2022 06:05:22,Chamber 6,28-0316623b5aff,23.5,T236,42C,off
01/05/2022 06:05:42,Chamber 6,28-0316623b5aff,23.5,T236,42C,off
01/05/2022 06:06:02,Chamber 6,28-0316623b5aff,23.5,T236,42C,off
01/05/2022 06:06:22,Chamber 6,28-0316623b5aff,23.5,T236,42C,off
01/05/2022 06:06:42,Chamber 6,28-0316623b5aff,23.5,T236,42C,off
01/05/2022 06:07:02,Chamber 6,28-0316623b5aff,23.5,T236,42C,off
01/05/2022 06:07:22,Chamber 6,28-0316623b5aff,23.5,T236,42C,off
01/05/2022 06:07:42,Chamber 6,28-0316623b5aff,23.5,T236,42C,off
01/05/2022 06:08:02,Chamber 6,28-0316623b5aff,23.5,T236,42C,off
01/05/2022 06:08:22,Chamber 6,28-0316623b5aff,23.5,T236,42C,off
01/05/2022 06:08:42,Chamber 6,28-0316623b5aff,23.5,T236,42C,off
01/05/2022 06:09:02,Chamber 6,28-0316623b5aff,23.5,T236,42C,off
01/05/2022 06:09:22,Chamber 6,28-0316623b5aff,23.5,T236,42C,off
01/05/2022 06:09:42,Chamber 6,28-0316623b5aff,23.5,T236,42C,off
01/05/2022 06:10:02,Chamber 6,28-0316623b5aff,23.5,T236,42C,off
01/05/2022 06:10:22,Chamber 6,28-0316623b5aff,23.5,T236,42C,off
01/05/2022 06:10:43,Chamber 6,28-0316623b5aff,23.5,T236,42C,off
01/05/2022 06:11:02,Chamber 6,28-0316623b5aff,23.5,T236,42C,off
01/05/2022 06:11:22,Chamber 6,28-0316623b5aff,23.5,T236,42C,off
01/05/2022 06:11:42,Chamber 6,28-0316623b5aff,23.5,T236,42C,off
01/05/2022 06:12:02,Chamber 6,28-0316623b5aff,23.5,T236,42C,off
01/05/2022 06:12:22,Chamber 6,28-0316623b5aff,23.5,T236,42C,off
01/05/2022 06:12:42,Chamber 6,28-0316623b5aff,23.5,T236,42C,off
01/05/2022 06:13:02,Chamber 6,28-0316623b5aff,23.5,T236,42C,off
01/05/2022 06:13:22,Chamber 6,28-0316623b5aff,23.5,T236,42C,off
01/05/2022 06:13:42,Chamber 6,28-0316623b5aff,23.5,T236,42C,off
01/05/2022 06:14:03,Chamber 6,28-0316623b5aff,23.5,T236,42C,off
01/05/2022 06:14:22,Chamber 6,28-0316623b5aff,23.5,T236,42C,off
01/05/2022 06:14:42,Chamber 6,28-0316623b5aff,23.5,T236,42C,off
01/05/2022 06:15:02,Chamber 6,28-0316623b5aff,23.5,T236,42C,off
01/05/2022 06:15:22,Chamber 6,28-0316623b5aff,23.562,T236,42C,off
01/05/2022 06:15:42,Chamber 6,28-0316623b5aff,23.5,T236,42C,off
01/05/2022 06:16:02,Chamber 6,28-0316623b5aff,23.5,T236,42C,off
01/05/2022 06:16:22,Chamber 6,28-0316623b5aff,23.5,T236,42C,off
01/05/2022 06:16:42,Chamber 6,28-0316623b5aff,23.5,T236,42C,off
01/05/2022 06:17:02,Chamber 6,28-0316623b5aff,23.5,T236,42C,off
01/05/2022 06:17:22,Chamber 6,28-0316623b5aff,23.5,T236,42C,off
01/05/2022 06:17:42,Chamber 6,28-0316623b5aff,23.5,T236,42C,off
01/05/2022 06:18:02,Chamber 6,28-0316623b5aff,23.5,T236,42C,off
01/05/2022 06:18:22,Chamber 6,28-0316623b5aff,23.5,T236,42C,off
01/05/2022 06:18:42,Chamber 6,28-0316623b5aff,23.5,T236,42C,off
01/05/2022 06:19:02,Chamber 6,28-0316623b5aff,23.5,T236,42C,off
01/05/2022 06:19:22,Chamber 6,28-0316623b5aff,23.5,T236,42C,off
01/05/2022 06:19:42,Chamber 6,28-0316623b5aff,23.5,T236,42C,off
01/05/2022 06:20:02,Chamber 6,28-0316623b5aff,23.5,T236,42C,off
01/05/2022 06:20:22,Chamber 6,28-0316623b5aff,23.5,T236,42C,off
01/05/2022 06:20:42,Chamber 6,28-0316623b5aff,23.5,T236,42C,off
01/05/2022 06:21:02,Chamber 6,28-0316623b5aff,23.5,T236,42C,off
01/05/2022 06:21:22,Chamber 6,28-0316623b5aff,23.5,T236,42C,off
01/05/2022 06:21:42,Chamber 6,28-0316623b5aff,23.5,T236,42C,off
01/05/2022 06:22:02,Chamber 6,28-0316623b5aff,23.5,T236,42C,off
01/05/2022 06:22:22,Chamber 6,28-0316623b5aff,23.5,T236,42C,off
01/05/2022 06:22:43,Chamber 6,28-0316623b5aff,23.5,T236,42C,off
01/05/2022 06:23:02,Chamber 6,28-0316623b5aff,23.5,T236,42C,off
01/05/2022 06:23:22,Chamber 6,28-0316623b5aff,23.5,T236,42C,off
01/05/2022 06:23:42,Chamber 6,28-0316623b5aff,23.5,T236,42C,off
01/05/2022 06:24:02,Chamber 6,28-0316623b5aff,23.5,T236,42C,off
01/05/2022 06:24:22,Chamber 6,28-0316623b5aff,23.5,T236,42C,off
01/05/2022 06:24:42,Chamber 6,28-0316623b5aff,23.5,T236,42C,off
01/05/2022 06:25:02,Chamber 6,28-0316623b5aff,23.5,T236,42C,off
01/05/2022 06:25:22,Chamber 6,28-0316623b5aff,23.5,T236,42C,off
01/05/2022 06:25:43,Chamber 6,28-0316623b5aff,23.5,T236,42C,off
01/05/2022 06:26:02,Chamber 6,28-0316623b5aff,23.5,T236,42C,off
01/05/2022 06:26:22,Chamber 6,28-0316623b5aff,23.5,T236,42C,off
01/05/2022 06:26:42,Chamber 6,28-0316623b5aff,23.5,T236,42C,off
01/05/2022 06:27:02,Chamber 6,28-0316623b5aff,23.5,T236,42C,off
01/05/2022 06:27:22,Chamber 6,28-0316623b5aff,23.5,T236,42C,off
01/05/2022 06:27:42,Chamber 6,28-0316623b5aff,23.5,T236,42C,off
01/05/2022 06:28:02,Chamber 6,28-0316623b5aff,23.5,T236,42C,off
01/05/2022 06:28:22,Chamber 6,28-0316623b5aff,23.5,T236,42C,off
01/05/2022 06:28:42,Chamber 6,28-0316623b5aff,23.5,T236,42C,off
01/05/2022 06:29:02,Chamber 6,28-0316623b5aff,23.5,T236,42C,off
01/05/2022 06:29:22,Chamber 6,28-0316623b5aff,23.5,T236,42C,off
01/05/2022 06:29:42,Chamber 6,28-0316623b5aff,23.5,T236,42C,off
01/05/2022 06:30:02,Chamber 6,28-0316623b5aff,23.5,T236,42C,off
01/05/2022 06:30:23,Chamber 6,28-0316623b5aff,23.5,T236,42C,off
01/05/2022 06:30:42,Chamber 6,28-0316623b5aff,23.5,T236,42C,off
01/05/2022 06:31:02,Chamber 6,28-0316623b5aff,23.5,T236,42C,off
01/05/2022 06:31:22,Chamber 6,28-0316623b5aff,23.5,T236,42C,off
01/05/2022 06:31:42,Chamber 6,28-0316623b5aff,23.5,T236,42C,off
01/05/2022 06:32:02,Chamber 6,28-0316623b5aff,23.5,T236,42C,off
01/05/2022 06:32:22,Chamber 6,28-0316623b5aff,23.5,T236,42C,off
01/05/2022 06:32:42,Chamber 6,28-0316623b5aff,23.5,T236,42C,off
01/05/2022 06:33:02,Chamber 6,28-0316623b5aff,23.5,T236,42C,off
01/05/2022 06:33:22,Chamber 6,28-0316623b5aff,23.5,T236,42C,off
01/05/2022 06:33:42,Chamber 6,28-0316623b5aff,23.5,T236,42C,off
01/05/2022 06:34:02,Chamber 6,28-0316623b5aff,23.5,T236,42C,off
01/05/2022 06:34:22,Chamber 6,28-0316623b5aff,23.5,T236,42C,off
01/05/2022 06:34:43,Chamber 6,28-0316623b5aff,23.5,T236,42C,off
01/05/2022 06:35:02,Chamber 6,28-0316623b5aff,23.5,T236,42C,off
01/05/2022 06:35:22,Chamber 6,28-0316623b5aff,23.5,T236,42C,off
01/05/2022 06:35:42,Chamber 6,28-0316623b5aff,23.5,T236,42C,off
01/05/2022 06:36:02,Chamber 6,28-0316623b5aff,23.5,T236,42C,off
01/05/2022 06:36:22,Chamber 6,28-0316623b5aff,23.5,T236,42C,off
01/05/2022 06:36:42,Chamber 6,28-0316623b5aff,23.5,T236,42C,off
01/05/2022 06:37:02,Chamber 6,28-0316623b5aff,23.5,T236,42C,off
01/05/2022 06:37:22,Chamber 6,28-0316623b5aff,23.5,T236,42C,off
01/05/2022 06:37:42,Chamber 6,28-0316623b5aff,23.5,T236,42C,off
01/05/2022 06:38:02,Chamber 6,28-0316623b5aff,23.5,T236,42C,off
01/05/2022 06:38:22,Chamber 6,28-0316623b5aff,23.5,T236,42C,off
01/05/2022 06:38:42,Chamber 6,28-0316623b5aff,23.5,T236,42C,off
01/05/2022 06:39:02,Chamber 6,28-0316623b5aff,23.5,T236,42C,off
01/05/2022 06:39:22,Chamber 6,28-0316623b5aff,23.5,T236,42C,off
01/05/2022 06:39:42,Chamber 6,28-0316623b5aff,23.5,T236,42C,off
01/05/2022 06:40:02,Chamber 6,28-0316623b5aff,23.5,T236,42C,off
01/05/2022 06:40:22,Chamber 6,28-0316623b5aff,23.5,T236,42C,off
01/05/2022 06:40:42,Chamber 6,28-0316623b5aff,23.5,T236,42C,off
01/05/2022 06:41:02,Chamber 6,28-0316623b5aff,23.5,T236,42C,off
01/05/2022 06:41:22,Chamber 6,28-0316623b5aff,23.5,T236,42C,off
01/05/2022 06:41:42,Chamber 6,28-0316623b5aff,23.5,T236,42C,off
01/05/2022 06:42:02,Chamber 6,28-0316623b5aff,23.5,T236,42C,off
01/05/2022 06:42:22,Chamber 6,28-0316623b5aff,23.5,T236,42C,off
01/05/2022 06:42:42,Chamber 6,28-0316623b5aff,23.5,T236,42C,off
01/05/2022 06:43:02,Chamber 6,28-0316623b5aff,23.5,T236,42C,off
01/05/2022 06:43:22,Chamber 6,28-0316623b5aff,23.5,T236,42C,off
01/05/2022 06:43:42,Chamber 6,28-0316623b5aff,23.5,T236,42C,off
01/05/2022 06:44:02,Chamber 6,28-0316623b5aff,23.5,T236,42C,off
01/05/2022 06:44:22,Chamber 6,28-0316623b5aff,23.5,T236,42C,off
01/05/2022 06:44:42,Chamber 6,28-0316623b5aff,23.5,T236,42C,off
01/05/2022 06:45:02,Chamber 6,28-0316623b5aff,23.5,T236,42C,off
01/05/2022 06:45:22,Chamber 6,28-0316623b5aff,23.5,T236,42C,off
01/05/2022 06:45:42,Chamber 6,28-0316623b5aff,23.5,T236,42C,off
01/05/2022 06:46:02,Chamber 6,28-0316623b5aff,23.5,T236,42C,off
01/05/2022 06:46:22,Chamber 6,28-0316623b5aff,23.5,T236,42C,off
01/05/2022 06:46:42,Chamber 6,28-0316623b5aff,23.5,T236,42C,off
01/05/2022 06:47:02,Chamber 6,28-0316623b5aff,23.5,T236,42C,off
01/05/2022 06:47:22,Chamber 6,28-0316623b5aff,23.5,T236,42C,off
01/05/2022 06:47:42,Chamber 6,28-0316623b5aff,23.5,T236,42C,off
01/05/2022 06:48:02,Chamber 6,28-0316623b5aff,23.5,T236,42C,off
01/05/2022 06:48:23,Chamber 6,28-0316623b5aff,23.5,T236,42C,off
01/05/2022 06:48:42,Chamber 6,28-0316623b5aff,23.5,T236,42C,off
01/05/2022 06:49:02,Chamber 6,28-0316623b5aff,23.5,T236,42C,off
01/05/2022 06:49:22,Chamber 6,28-0316623b5aff,23.5,T236,42C,off
01/05/2022 06:49:42,Chamber 6,28-0316623b5aff,23.5,T236,42C,off
01/05/2022 06:50:02,Chamber 6,28-0316623b5aff,23.5,T236,42C,off
01/05/2022 06:50:22,Chamber 6,28-0316623b5aff,23.5,T236,42C,off
01/05/2022 06:50:42,Chamber 6,28-0316623b5aff,23.5,T236,42C,off
01/05/2022 06:51:02,Chamber 6,28-0316623b5aff,23.5,T236,42C,off
01/05/2022 06:51:24,Chamber 6,28-0316623b5aff,23.5,T236,42C,off
01/05/2022 06:51:42,Chamber 6,28-0316623b5aff,23.5,T236,42C,off
01/05/2022 06:52:02,Chamber 6,28-0316623b5aff,23.5,T236,42C,off
01/05/2022 06:52:22,Chamber 6,28-0316623b5aff,23.5,T236,42C,off
01/05/2022 06:52:42,Chamber 6,28-0316623b5aff,23.5,T236,42C,off
01/05/2022 06:53:02,Chamber 6,28-0316623b5aff,23.5,T236,42C,off
01/05/2022 06:53:22,Chamber 6,28-0316623b5aff,23.5,T236,42C,off
01/05/2022 06:53:42,Chamber 6,28-0316623b5aff,23.5,T236,42C,off
01/05/2022 06:54:02,Chamber 6,28-0316623b5aff,23.5,T236,42C,off
01/05/2022 06:54:22,Chamber 6,28-0316623b5aff,23.5,T236,42C,off
01/05/2022 06:54:42,Chamber 6,28-0316623b5aff,23.5,T236,42C,off
01/05/2022 06:55:02,Chamber 6,28-0316623b5aff,23.5,T236,42C,off
01/05/2022 06:55:22,Chamber 6,28-0316623b5aff,23.5,T236,42C,off
01/05/2022 06:55:42,Chamber 6,28-0316623b5aff,23.5,T236,42C,off
01/05/2022 06:56:02,Chamber 6,28-0316623b5aff,23.5,T236,42C,off
01/05/2022 06:56:22,Chamber 6,28-0316623b5aff,23.5,T236,42C,off
01/05/2022 06:56:42,Chamber 6,28-0316623b5aff,23.5,T236,42C,off
01/05/2022 06:57:02,Chamber 6,28-0316623b5aff,23.5,T236,42C,off
01/05/2022 06:57:22,Chamber 6,28-0316623b5aff,23.5,T236,42C,off
01/05/2022 06:57:42,Chamber 6,28-0316623b5aff,23.5,T236,42C,off
01/05/2022 06:58:02,Chamber 6,28-0316623b5aff,23.5,T236,42C,off
01/05/2022 06:58:22,Chamber 6,28-0316623b5aff,23.5,T236,42C,off
01/05/2022 06:58:42,Chamber 6,28-0316623b5aff,23.5,T236,42C,off
01/05/2022 06:59:02,Chamber 6,28-0316623b5aff,23.5,T236,42C,off
01/05/2022 06:59:22,Chamber 6,28-0316623b5aff,23.5,T236,42C,off
01/05/2022 06:59:42,Chamber 6,28-0316623b5aff,23.5,T236,42C,off
01/05/2022 07:00:02,Chamber 6,28-0316623b5aff,23.5,T236,42C,off
01/05/2022 07:00:22,Chamber 6,28-0316623b5aff,23.5,T236,42C,off
01/05/2022 07:00:42,Chamber 6,28-0316623b5aff,23.5,T236,42C,off
01/05/2022 07:01:02,Chamber 6,28-0316623b5aff,23.5,T236,42C,off
01/05/2022 07:01:22,Chamber 6,28-0316623b5aff,23.5,T236,42C,off
01/05/2022 07:01:42,Chamber 6,28-0316623b5aff,23.5,T236,42C,off
01/05/2022 07:02:02,Chamber 6,28-0316623b5aff,23.5,T236,42C,off
01/05/2022 07:02:22,Chamber 6,28-0316623b5aff,23.5,T236,42C,off
01/05/2022 07:02:42,Chamber 6,28-0316623b5aff,23.5,T236,42C,off
01/05/2022 07:03:02,Chamber 6,28-0316623b5aff,23.5,T236,42C,off
01/05/2022 07:03:22,Chamber 6,28-0316623b5aff,23.5,T236,42C,off
01/05/2022 07:03:42,Chamber 6,28-0316623b5aff,23.5,T236,42C,off
01/05/2022 07:04:02,Chamber 6,28-0316623b5aff,23.5,T236,42C,off
01/05/2022 07:04:22,Chamber 6,28-0316623b5aff,23.5,T236,42C,off
01/05/2022 07:04:42,Chamber 6,28-0316623b5aff,23.5,T236,42C,off
01/05/2022 07:05:02,Chamber 6,28-0316623b5aff,23.5,T236,42C,off
01/05/2022 07:05:22,Chamber 6,28-0316623b5aff,23.5,T236,42C,off
01/05/2022 07:05:42,Chamber 6,28-0316623b5aff,23.5,T236,42C,off
01/05/2022 07:06:02,Chamber 6,28-0316623b5aff,23.5,T236,42C,off
01/05/2022 07:06:23,Chamber 6,28-0316623b5aff,23.5,T236,42C,off
01/05/2022 07:06:42,Chamber 6,28-0316623b5aff,23.5,T236,42C,off
01/05/2022 07:07:02,Chamber 6,28-0316623b5aff,23.5,T236,42C,off
01/05/2022 07:07:22,Chamber 6,28-0316623b5aff,23.5,T236,42C,off
01/05/2022 07:07:42,Chamber 6,28-0316623b5aff,23.5,T236,42C,off
01/05/2022 07:08:02,Chamber 6,28-0316623b5aff,23.5,T236,42C,off
01/05/2022 07:08:22,Chamber 6,28-0316623b5aff,23.5,T236,42C,off
01/05/2022 07:08:42,Chamber 6,28-0316623b5aff,23.5,T236,42C,off
01/05/2022 07:09:02,Chamber 6,28-0316623b5aff,23.5,T236,42C,off
01/05/2022 07:09:22,Chamber 6,28-0316623b5aff,23.5,T236,42C,off
01/05/2022 07:09:42,Chamber 6,28-0316623b5aff,23.5,T236,42C,off
01/05/2022 07:10:02,Chamber 6,28-0316623b5aff,23.5,T236,42C,off
01/05/2022 07:10:22,Chamber 6,28-0316623b5aff,23.5,T236,42C,off
01/05/2022 07:10:42,Chamber 6,28-0316623b5aff,23.5,T236,42C,off
01/05/2022 07:11:02,Chamber 6,28-0316623b5aff,23.5,T236,42C,off
01/05/2022 07:11:22,Chamber 6,28-0316623b5aff,23.5,T236,42C,off
01/05/2022 07:11:42,Chamber 6,28-0316623b5aff,23.5,T236,42C,off
01/05/2022 07:12:02,Chamber 6,28-0316623b5aff,23.5,T236,42C,off
01/05/2022 07:12:22,Chamber 6,28-0316623b5aff,23.5,T236,42C,off
01/05/2022 07:12:43,Chamber 6,28-0316623b5aff,23.5,T236,42C,off
01/05/2022 07:13:02,Chamber 6,28-0316623b5aff,23.5,T236,42C,off
01/05/2022 07:13:22,Chamber 6,28-0316623b5aff,23.5,T236,42C,off
01/05/2022 07:13:42,Chamber 6,28-0316623b5aff,23.5,T236,42C,off
01/05/2022 07:14:02,Chamber 6,28-0316623b5aff,23.5,T236,42C,off
01/05/2022 07:14:22,Chamber 6,28-0316623b5aff,23.5,T236,42C,off
01/05/2022 07:14:42,Chamber 6,28-0316623b5aff,23.5,T236,42C,off
01/05/2022 07:15:02,Chamber 6,28-0316623b5aff,23.5,T236,42C,off
01/05/2022 07:15:22,Chamber 6,28-0316623b5aff,23.5,T236,42C,off
01/05/2022 07:15:42,Chamber 6,28-0316623b5aff,23.5,T236,42C,off
01/05/2022 07:16:02,Chamber 6,28-0316623b5aff,23.5,T236,42C,off
01/05/2022 07:16:22,Chamber 6,28-0316623b5aff,23.5,T236,42C,off
01/05/2022 07:16:42,Chamber 6,28-0316623b5aff,23.5,T236,42C,off
01/05/2022 07:17:02,Chamber 6,28-0316623b5aff,23.5,T236,42C,off
01/05/2022 07:17:22,Chamber 6,28-0316623b5aff,23.5,T236,42C,off
01/05/2022 07:17:42,Chamber 6,28-0316623b5aff,23.5,T236,42C,off
01/05/2022 07:18:02,Chamber 6,28-0316623b5aff,23.5,T236,42C,off
01/05/2022 07:18:22,Chamber 6,28-0316623b5aff,23.5,T236,42C,off
01/05/2022 07:18:42,Chamber 6,28-0316623b5aff,23.5,T236,42C,off
01/05/2022 07:19:02,Chamber 6,28-0316623b5aff,23.5,T236,42C,off
01/05/2022 07:19:22,Chamber 6,28-0316623b5aff,23.5,T236,42C,off
01/05/2022 07:19:42,Chamber 6,28-0316623b5aff,23.5,T236,42C,off
01/05/2022 07:20:02,Chamber 6,28-0316623b5aff,23.5,T236,42C,off
01/05/2022 07:20:22,Chamber 6,28-0316623b5aff,23.5,T236,42C,off
01/05/2022 07:20:42,Chamber 6,28-0316623b5aff,23.5,T236,42C,off
01/05/2022 07:21:03,Chamber 6,28-0316623b5aff,23.5,T236,42C,off
01/05/2022 07:21:22,Chamber 6,28-0316623b5aff,23.5,T236,42C,off
01/05/2022 07:21:42,Chamber 6,28-0316623b5aff,23.5,T236,42C,off
01/05/2022 07:22:02,Chamber 6,28-0316623b5aff,23.5,T236,42C,off
01/05/2022 07:22:22,Chamber 6,28-0316623b5aff,23.5,T236,42C,off
01/05/2022 07:22:42,Chamber 6,28-0316623b5aff,23.5,T236,42C,off
01/05/2022 07:23:02,Chamber 6,28-0316623b5aff,23.5,T236,42C,off
01/05/2022 07:23:22,Chamber 6,28-0316623b5aff,23.5,T236,42C,off
01/05/2022 07:23:42,Chamber 6,28-0316623b5aff,23.5,T236,42C,off
01/05/2022 07:24:02,Chamber 6,28-0316623b5aff,23.5,T236,42C,off
01/05/2022 07:24:22,Chamber 6,28-0316623b5aff,23.5,T236,42C,off
01/05/2022 07:24:42,Chamber 6,28-0316623b5aff,23.5,T236,42C,off
01/05/2022 07:25:02,Chamber 6,28-0316623b5aff,23.5,T236,42C,off
01/05/2022 07:25:22,Chamber 6,28-0316623b5aff,23.5,T236,42C,off
01/05/2022 07:25:42,Chamber 6,28-0316623b5aff,23.5,T236,42C,off
01/05/2022 07:26:02,Chamber 6,28-0316623b5aff,23.5,T236,42C,off
01/05/2022 07:26:22,Chamber 6,28-0316623b5aff,23.5,T236,42C,off
01/05/2022 07:26:42,Chamber 6,28-0316623b5aff,23.5,T236,42C,off
01/05/2022 07:27:02,Chamber 6,28-0316623b5aff,23.5,T236,42C,off
01/05/2022 07:27:22,Chamber 6,28-0316623b5aff,23.5,T236,42C,off
01/05/2022 07:27:42,Chamber 6,28-0316623b5aff,23.5,T236,42C,off
01/05/2022 07:28:02,Chamber 6,28-0316623b5aff,23.5,T236,42C,off
01/05/2022 07:28:22,Chamber 6,28-0316623b5aff,23.5,T236,42C,off
01/05/2022 07:28:42,Chamber 6,28-0316623b5aff,23.5,T236,42C,off
01/05/2022 07:29:02,Chamber 6,28-0316623b5aff,23.5,T236,42C,off
01/05/2022 07:29:22,Chamber 6,28-0316623b5aff,23.5,T236,42C,off
01/05/2022 07:29:42,Chamber 6,28-0316623b5aff,23.5,T236,42C,off
01/05/2022 07:30:03,Chamber 6,28-0316623b5aff,23.5,T236,42C,off
01/05/2022 07:30:22,Chamber 6,28-0316623b5aff,23.5,T236,42C,off
01/05/2022 07:30:42,Chamber 6,28-0316623b5aff,23.5,T236,42C,off
01/05/2022 07:31:02,Chamber 6,28-0316623b5aff,23.5,T236,42C,off
01/05/2022 07:31:22,Chamber 6,28-0316623b5aff,23.5,T236,42C,off
01/05/2022 07:31:42,Chamber 6,28-0316623b5aff,23.5,T236,42C,off
01/05/2022 07:32:02,Chamber 6,28-0316623b5aff,23.5,T236,42C,off
01/05/2022 07:32:22,Chamber 6,28-0316623b5aff,23.5,T236,42C,off
01/05/2022 07:32:42,Chamber 6,28-0316623b5aff,23.5,T236,42C,off
01/05/2022 07:33:02,Chamber 6,28-0316623b5aff,23.5,T236,42C,off
01/05/2022 07:33:22,Chamber 6,28-0316623b5aff,23.5,T236,42C,off
01/05/2022 07:33:42,Chamber 6,28-0316623b5aff,23.5,T236,42C,off
01/05/2022 07:34:02,Chamber 6,28-0316623b5aff,23.5,T236,42C,off
01/05/2022 07:34:22,Chamber 6,28-0316623b5aff,23.5,T236,42C,off
01/05/2022 07:34:42,Chamber 6,28-0316623b5aff,23.5,T236,42C,off
01/05/2022 07:35:02,Chamber 6,28-0316623b5aff,23.5,T236,42C,off
01/05/2022 07:35:22,Chamber 6,28-0316623b5aff,23.5,T236,42C,off
01/05/2022 07:35:42,Chamber 6,28-0316623b5aff,23.5,T236,42C,off
01/05/2022 07:36:02,Chamber 6,28-0316623b5aff,23.5,T236,42C,off
01/05/2022 07:36:22,Chamber 6,28-0316623b5aff,23.5,T236,42C,off
01/05/2022 07:36:42,Chamber 6,28-0316623b5aff,23.5,T236,42C,off
01/05/2022 07:37:02,Chamber 6,28-0316623b5aff,23.5,T236,42C,off
01/05/2022 07:37:22,Chamber 6,28-0316623b5aff,23.5,T236,42C,off
01/05/2022 07:37:42,Chamber 6,28-0316623b5aff,23.5,T236,42C,off
01/05/2022 07:38:02,Chamber 6,28-0316623b5aff,23.5,T236,42C,off
01/05/2022 07:38:22,Chamber 6,28-0316623b5aff,23.5,T236,42C,off
01/05/2022 07:38:42,Chamber 6,28-0316623b5aff,23.5,T236,42C,off
01/05/2022 07:39:02,Chamber 6,28-0316623b5aff,23.5,T236,42C,off
01/05/2022 07:39:22,Chamber 6,28-0316623b5aff,23.5,T236,42C,off
01/05/2022 07:39:42,Chamber 6,28-0316623b5aff,23.5,T236,42C,off
01/05/2022 07:40:02,Chamber 6,28-0316623b5aff,23.5,T236,42C,off
01/05/2022 07:40:22,Chamber 6,28-0316623b5aff,23.5,T236,42C,off
01/05/2022 07:40:42,Chamber 6,28-0316623b5aff,23.5,T236,42C,off
01/05/2022 07:41:02,Chamber 6,28-0316623b5aff,23.5,T236,42C,off
01/05/2022 07:41:22,Chamber 6,28-0316623b5aff,23.5,T236,42C,off
01/05/2022 07:41:42,Chamber 6,28-0316623b5aff,23.5,T236,42C,off
01/05/2022 07:42:02,Chamber 6,28-0316623b5aff,23.5,T236,42C,off
01/05/2022 07:42:22,Chamber 6,28-0316623b5aff,23.5,T236,42C,off
01/05/2022 07:42:43,Chamber 6,28-0316623b5aff,23.5,T236,42C,off
01/05/2022 07:43:02,Chamber 6,28-0316623b5aff,23.5,T236,42C,off
01/05/2022 07:43:22,Chamber 6,28-0316623b5aff,23.5,T236,42C,off
01/05/2022 07:43:42,Chamber 6,28-0316623b5aff,23.5,T236,42C,off
01/05/2022 07:44:03,Chamber 6,28-0316623b5aff,23.5,T236,42C,off
01/05/2022 07:44:22,Chamber 6,28-0316623b5aff,23.5,T236,42C,off
01/05/2022 07:44:42,Chamber 6,28-0316623b5aff,23.5,T236,42C,off
01/05/2022 07:45:02,Chamber 6,28-0316623b5aff,23.5,T236,42C,off
01/05/2022 07:45:22,Chamber 6,28-0316623b5aff,23.5,T236,42C,off
01/05/2022 07:45:42,Chamber 6,28-0316623b5aff,23.5,T236,42C,off
01/05/2022 07:46:02,Chamber 6,28-0316623b5aff,23.5,T236,42C,off
01/05/2022 07:46:22,Chamber 6,28-0316623b5aff,23.5,T236,42C,off
01/05/2022 07:46:42,Chamber 6,28-0316623b5aff,23.5,T236,42C,off
01/05/2022 07:47:02,Chamber 6,28-0316623b5aff,23.5,T236,42C,off
01/05/2022 07:47:22,Chamber 6,28-0316623b5aff,23.5,T236,42C,off
01/05/2022 07:47:42,Chamber 6,28-0316623b5aff,23.5,T236,42C,off
01/05/2022 07:48:02,Chamber 6,28-0316623b5aff,23.5,T236,42C,off
01/05/2022 07:48:22,Chamber 6,28-0316623b5aff,23.5,T236,42C,off
01/05/2022 07:48:42,Chamber 6,28-0316623b5aff,23.5,T236,42C,off
01/05/2022 07:49:02,Chamber 6,28-0316623b5aff,23.5,T236,42C,off
01/05/2022 07:49:22,Chamber 6,28-0316623b5aff,23.5,T236,42C,off
01/05/2022 07:49:42,Chamber 6,28-0316623b5aff,23.5,T236,42C,off
01/05/2022 07:50:02,Chamber 6,28-0316623b5aff,23.5,T236,42C,off
01/05/2022 07:50:22,Chamber 6,28-0316623b5aff,23.5,T236,42C,off
01/05/2022 07:50:42,Chamber 6,28-0316623b5aff,23.5,T236,42C,off
01/05/2022 07:51:02,Chamber 6,28-0316623b5aff,23.5,T236,42C,off
01/05/2022 07:51:22,Chamber 6,28-0316623b5aff,23.5,T236,42C,off
01/05/2022 07:51:42,Chamber 6,28-0316623b5aff,23.5,T236,42C,off
01/05/2022 07:52:02,Chamber 6,28-0316623b5aff,23.5,T236,42C,off
01/05/2022 07:52:22,Chamber 6,28-0316623b5aff,23.5,T236,42C,off
01/05/2022 07:52:42,Chamber 6,28-0316623b5aff,23.5,T236,42C,off
01/05/2022 07:53:02,Chamber 6,28-0316623b5aff,23.5,T236,42C,off
01/05/2022 07:53:22,Chamber 6,28-0316623b5aff,23.5,T236,42C,off
01/05/2022 07:53:42,Chamber 6,28-0316623b5aff,23.5,T236,42C,off
01/05/2022 07:54:02,Chamber 6,28-0316623b5aff,23.5,T236,42C,off
01/05/2022 07:54:22,Chamber 6,28-0316623b5aff,23.5,T236,42C,off
01/05/2022 07:54:42,Chamber 6,28-0316623b5aff,23.5,T236,42C,off
01/05/2022 07:55:02,Chamber 6,28-0316623b5aff,23.5,T236,42C,off
01/05/2022 07:55:22,Chamber 6,28-0316623b5aff,23.5,T236,42C,off
01/05/2022 07:55:42,Chamber 6,28-0316623b5aff,23.5,T236,42C,off
01/05/2022 07:56:02,Chamber 6,28-0316623b5aff,23.5,T236,42C,off
01/05/2022 07:56:22,Chamber 6,28-0316623b5aff,23.5,T236,42C,off
01/05/2022 07:56:42,Chamber 6,28-0316623b5aff,23.5,T236,42C,off
01/05/2022 07:57:02,Chamber 6,28-0316623b5aff,23.5,T236,42C,off
01/05/2022 07:57:22,Chamber 6,28-0316623b5aff,23.5,T236,42C,off
01/05/2022 07:57:42,Chamber 6,28-0316623b5aff,23.5,T236,42C,off
01/05/2022 07:58:02,Chamber 6,28-0316623b5aff,23.5,T236,42C,off
01/05/2022 07:58:22,Chamber 6,28-0316623b5aff,23.5,T236,42C,off
01/05/2022 07:58:42,Chamber 6,28-0316623b5aff,23.5,T236,42C,off
01/05/2022 07:59:02,Chamber 6,28-0316623b5aff,23.5,T236,42C,off
01/05/2022 07:59:22,Chamber 6,28-0316623b5aff,23.5,T236,42C,off
01/05/2022 07:59:42,Chamber 6,28-0316623b5aff,23.5,T236,42C,off
01/05/2022 08:00:02,Chamber 6,28-0316623b5aff,23.5,T236,42C,off
01/05/2022 08:00:22,Chamber 6,28-0316623b5aff,23.5,T236,42C,off
01/05/2022 08:00:42,Chamber 6,28-0316623b5aff,23.5,T236,42C,off
01/05/2022 08:01:02,Chamber 6,28-0316623b5aff,23.5,T236,42C,off
01/05/2022 08:01:22,Chamber 6,28-0316623b5aff,23.5,T236,42C,off
01/05/2022 08:01:42,Chamber 6,28-0316623b5aff,23.5,T236,42C,off
01/05/2022 08:02:02,Chamber 6,28-0316623b5aff,23.5,T236,42C,off
01/05/2022 08:02:22,Chamber 6,28-0316623b5aff,23.5,T236,42C,off
01/05/2022 08:02:42,Chamber 6,28-0316623b5aff,23.5,T236,42C,off
01/05/2022 08:03:02,Chamber 6,28-0316623b5aff,23.5,T236,42C,off
01/05/2022 08:03:22,Chamber 6,28-0316623b5aff,23.5,T236,42C,off
01/05/2022 08:03:42,Chamber 6,28-0316623b5aff,23.5,T236,42C,off
01/05/2022 08:04:02,Chamber 6,28-0316623b5aff,23.5,T236,42C,off
01/05/2022 08:04:22,Chamber 6,28-0316623b5aff,23.5,T236,42C,off
01/05/2022 08:04:42,Chamber 6,28-0316623b5aff,23.5,T236,42C,off
01/05/2022 08:05:02,Chamber 6,28-0316623b5aff,23.5,T236,42C,off
01/05/2022 08:05:22,Chamber 6,28-0316623b5aff,23.5,T236,42C,off
01/05/2022 08:05:42,Chamber 6,28-0316623b5aff,23.5,T236,42C,off
01/05/2022 08:06:02,Chamber 6,28-0316623b5aff,23.5,T236,42C,off
01/05/2022 08:06:22,Chamber 6,28-0316623b5aff,23.5,T236,42C,off
01/05/2022 08:06:42,Chamber 6,28-0316623b5aff,23.5,T236,42C,off
01/05/2022 08:07:02,Chamber 6,28-0316623b5aff,23.5,T236,42C,off
01/05/2022 08:07:22,Chamber 6,28-0316623b5aff,23.5,T236,42C,off
01/05/2022 08:07:42,Chamber 6,28-0316623b5aff,23.5,T236,42C,off
01/05/2022 08:08:02,Chamber 6,28-0316623b5aff,23.5,T236,42C,off
01/05/2022 08:08:22,Chamber 6,28-0316623b5aff,23.5,T236,42C,off
01/05/2022 08:08:42,Chamber 6,28-0316623b5aff,23.5,T236,42C,off
01/05/2022 08:09:02,Chamber 6,28-0316623b5aff,23.5,T236,42C,off
01/05/2022 08:09:23,Chamber 6,28-0316623b5aff,23.5,T236,42C,off
01/05/2022 08:09:42,Chamber 6,28-0316623b5aff,23.5,T236,42C,off
01/05/2022 08:10:02,Chamber 6,28-0316623b5aff,23.5,T236,42C,off
01/05/2022 08:10:22,Chamber 6,28-0316623b5aff,23.5,T236,42C,off
01/05/2022 08:10:43,Chamber 6,28-0316623b5aff,23.5,T236,42C,off
01/05/2022 08:11:02,Chamber 6,28-0316623b5aff,23.5,T236,42C,off
01/05/2022 08:11:22,Chamber 6,28-0316623b5aff,23.5,T236,42C,off
01/05/2022 08:11:42,Chamber 6,28-0316623b5aff,23.5,T236,42C,off
01/05/2022 08:12:02,Chamber 6,28-0316623b5aff,23.5,T236,42C,off
01/05/2022 08:12:22,Chamber 6,28-0316623b5aff,23.5,T236,42C,off
01/05/2022 08:12:42,Chamber 6,28-0316623b5aff,23.5,T236,42C,off
01/05/2022 08:13:02,Chamber 6,28-0316623b5aff,23.5,T236,42C,off
01/05/2022 08:13:22,Chamber 6,28-0316623b5aff,23.5,T236,42C,off
01/05/2022 08:13:42,Chamber 6,28-0316623b5aff,23.5,T236,42C,off
01/05/2022 08:14:02,Chamber 6,28-0316623b5aff,23.5,T236,42C,off
01/05/2022 08:14:22,Chamber 6,28-0316623b5aff,23.5,T236,42C,off
01/05/2022 08:14:42,Chamber 6,28-0316623b5aff,23.5,T236,42C,off
01/05/2022 08:15:02,Chamber 6,28-0316623b5aff,23.5,T236,42C,off
01/05/2022 08:15:22,Chamber 6,28-0316623b5aff,23.5,T236,42C,off
01/05/2022 08:15:42,Chamber 6,28-0316623b5aff,23.5,T236,42C,off
01/05/2022 08:16:02,Chamber 6,28-0316623b5aff,23.5,T236,42C,off
01/05/2022 08:16:22,Chamber 6,28-0316623b5aff,23.5,T236,42C,off
01/05/2022 08:16:42,Chamber 6,28-0316623b5aff,23.5,T236,42C,off
01/05/2022 08:17:02,Chamber 6,28-0316623b5aff,23.5,T236,42C,off
01/05/2022 08:17:22,Chamber 6,28-0316623b5aff,23.5,T236,42C,off
01/05/2022 08:17:42,Chamber 6,28-0316623b5aff,23.5,T236,42C,off
01/05/2022 08:18:02,Chamber 6,28-0316623b5aff,23.5,T236,42C,off
01/05/2022 08:18:22,Chamber 6,28-0316623b5aff,23.5,T236,42C,off
01/05/2022 08:18:42,Chamber 6,28-0316623b5aff,23.5,T236,42C,off
01/05/2022 08:19:02,Chamber 6,28-0316623b5aff,23.5,T236,42C,off
01/05/2022 08:19:22,Chamber 6,28-0316623b5aff,23.5,T236,42C,off
01/05/2022 08:19:42,Chamber 6,28-0316623b5aff,23.5,T236,42C,off
01/05/2022 08:20:02,Chamber 6,28-0316623b5aff,23.5,T236,42C,off
01/05/2022 08:20:22,Chamber 6,28-0316623b5aff,23.5,T236,42C,off
01/05/2022 08:20:42,Chamber 6,28-0316623b5aff,23.5,T236,42C,off
01/05/2022 08:21:02,Chamber 6,28-0316623b5aff,23.5,T236,42C,off
01/05/2022 08:21:22,Chamber 6,28-0316623b5aff,23.5,T236,42C,off
01/05/2022 08:21:42,Chamber 6,28-0316623b5aff,23.5,T236,42C,off
01/05/2022 08:22:02,Chamber 6,28-0316623b5aff,23.5,T236,42C,off
01/05/2022 08:22:22,Chamber 6,28-0316623b5aff,23.5,T236,42C,off
01/05/2022 08:22:42,Chamber 6,28-0316623b5aff,23.5,T236,42C,off
01/05/2022 08:23:02,Chamber 6,28-0316623b5aff,23.5,T236,42C,off
01/05/2022 08:23:22,Chamber 6,28-0316623b5aff,23.5,T236,42C,off
01/05/2022 08:23:42,Chamber 6,28-0316623b5aff,23.5,T236,42C,off
01/05/2022 08:24:02,Chamber 6,28-0316623b5aff,23.5,T236,42C,off
01/05/2022 08:24:22,Chamber 6,28-0316623b5aff,23.5,T236,42C,off
01/05/2022 08:24:42,Chamber 6,28-0316623b5aff,23.5,T236,42C,off
01/05/2022 08:25:02,Chamber 6,28-0316623b5aff,23.5,T236,42C,off
01/05/2022 08:25:22,Chamber 6,28-0316623b5aff,23.5,T236,42C,off
01/05/2022 08:25:42,Chamber 6,28-0316623b5aff,23.5,T236,42C,off
01/05/2022 08:26:02,Chamber 6,28-0316623b5aff,23.5,T236,42C,off
01/05/2022 08:26:22,Chamber 6,28-0316623b5aff,23.5,T236,42C,off
01/05/2022 08:26:42,Chamber 6,28-0316623b5aff,23.5,T236,42C,off
01/05/2022 08:27:02,Chamber 6,28-0316623b5aff,23.5,T236,42C,off
01/05/2022 08:27:22,Chamber 6,28-0316623b5aff,23.562,T236,42C,off
01/05/2022 08:27:42,Chamber 6,28-0316623b5aff,23.5,T236,42C,off
01/05/2022 08:28:02,Chamber 6,28-0316623b5aff,23.5,T236,42C,off
01/05/2022 08:28:22,Chamber 6,28-0316623b5aff,23.5,T236,42C,off
01/05/2022 08:28:42,Chamber 6,28-0316623b5aff,23.5,T236,42C,off
01/05/2022 08:29:02,Chamber 6,28-0316623b5aff,23.5,T236,42C,off
01/05/2022 08:29:22,Chamber 6,28-0316623b5aff,23.5,T236,42C,off
01/05/2022 08:29:42,Chamber 6,28-0316623b5aff,23.562,T236,42C,off
01/05/2022 08:30:02,Chamber 6,28-0316623b5aff,23.5,T236,42C,off
01/05/2022 08:30:22,Chamber 6,28-0316623b5aff,23.5,T236,42C,off
01/05/2022 08:30:42,Chamber 6,28-0316623b5aff,23.5,T236,42C,off
01/05/2022 08:31:02,Chamber 6,28-0316623b5aff,23.562,T236,42C,off
01/05/2022 08:31:22,Chamber 6,28-0316623b5aff,23.5,T236,42C,off
01/05/2022 08:31:42,Chamber 6,28-0316623b5aff,23.562,T236,42C,off
01/05/2022 08:32:02,Chamber 6,28-0316623b5aff,23.562,T236,42C,off
01/05/2022 08:32:22,Chamber 6,28-0316623b5aff,23.5,T236,42C,off
01/05/2022 08:32:42,Chamber 6,28-0316623b5aff,23.5,T236,42C,off
01/05/2022 08:33:02,Chamber 6,28-0316623b5aff,23.5,T236,42C,off
01/05/2022 08:33:22,Chamber 6,28-0316623b5aff,23.562,T236,42C,off
01/05/2022 08:33:42,Chamber 6,28-0316623b5aff,23.5,T236,42C,off
01/05/2022 08:34:02,Chamber 6,28-0316623b5aff,23.562,T236,42C,off
01/05/2022 08:34:22,Chamber 6,28-0316623b5aff,23.5,T236,42C,off
01/05/2022 08:34:42,Chamber 6,28-0316623b5aff,23.5,T236,42C,off
01/05/2022 08:35:02,Chamber 6,28-0316623b5aff,23.5,T236,42C,off
01/05/2022 08:35:22,Chamber 6,28-0316623b5aff,23.5,T236,42C,off
01/05/2022 08:35:42,Chamber 6,28-0316623b5aff,23.5,T236,42C,off
01/05/2022 08:36:02,Chamber 6,28-0316623b5aff,23.5,T236,42C,off
01/05/2022 08:36:22,Chamber 6,28-0316623b5aff,23.5,T236,42C,off
01/05/2022 08:36:42,Chamber 6,28-0316623b5aff,23.5,T236,42C,off
01/05/2022 08:37:02,Chamber 6,28-0316623b5aff,23.5,T236,42C,off
01/05/2022 08:37:22,Chamber 6,28-0316623b5aff,23.562,T236,42C,off
01/05/2022 08:37:42,Chamber 6,28-0316623b5aff,23.562,T236,42C,off
01/05/2022 08:38:02,Chamber 6,28-0316623b5aff,23.5,T236,42C,off
01/05/2022 08:38:22,Chamber 6,28-0316623b5aff,23.5,T236,42C,off
01/05/2022 08:38:42,Chamber 6,28-0316623b5aff,23.5,T236,42C,off
01/05/2022 08:39:02,Chamber 6,28-0316623b5aff,23.5,T236,42C,off
01/05/2022 08:39:22,Chamber 6,28-0316623b5aff,23.562,T236,42C,off
01/05/2022 08:39:42,Chamber 6,28-0316623b5aff,23.562,T236,42C,off
01/05/2022 08:40:02,Chamber 6,28-0316623b5aff,23.5,T236,42C,off
01/05/2022 08:40:22,Chamber 6,28-0316623b5aff,23.562,T236,42C,off
01/05/2022 08:40:42,Chamber 6,28-0316623b5aff,23.562,T236,42C,off
01/05/2022 08:41:02,Chamber 6,28-0316623b5aff,23.562,T236,42C,off
01/05/2022 08:41:22,Chamber 6,28-0316623b5aff,23.5,T236,42C,off
01/05/2022 08:41:42,Chamber 6,28-0316623b5aff,23.562,T236,42C,off
01/05/2022 08:42:02,Chamber 6,28-0316623b5aff,23.562,T236,42C,off
01/05/2022 08:42:22,Chamber 6,28-0316623b5aff,23.5,T236,42C,off
01/05/2022 08:42:42,Chamber 6,28-0316623b5aff,23.562,T236,42C,off
01/05/2022 08:43:02,Chamber 6,28-0316623b5aff,23.562,T236,42C,off
01/05/2022 08:43:22,Chamber 6,28-0316623b5aff,23.5,T236,42C,off
01/05/2022 08:43:42,Chamber 6,28-0316623b5aff,23.5,T236,42C,off
01/05/2022 08:44:02,Chamber 6,28-0316623b5aff,23.5,T236,42C,off
01/05/2022 08:44:22,Chamber 6,28-0316623b5aff,23.562,T236,42C,off
01/05/2022 08:44:42,Chamber 6,28-0316623b5aff,23.562,T236,42C,off
01/05/2022 08:45:02,Chamber 6,28-0316623b5aff,23.5,T236,42C,off
01/05/2022 08:45:22,Chamber 6,28-0316623b5aff,23.562,T236,42C,off
01/05/2022 08:45:42,Chamber 6,28-0316623b5aff,23.5,T236,42C,off
01/05/2022 08:46:02,Chamber 6,28-0316623b5aff,23.5,T236,42C,off
01/05/2022 08:46:22,Chamber 6,28-0316623b5aff,23.562,T236,42C,off
01/05/2022 08:46:42,Chamber 6,28-0316623b5aff,23.5,T236,42C,off
01/05/2022 08:47:02,Chamber 6,28-0316623b5aff,23.5,T236,42C,off
01/05/2022 08:47:22,Chamber 6,28-0316623b5aff,23.562,T236,42C,off
01/05/2022 08:47:42,Chamber 6,28-0316623b5aff,23.5,T236,42C,off
01/05/2022 08:48:02,Chamber 6,28-0316623b5aff,23.5,T236,42C,off
01/05/2022 08:48:22,Chamber 6,28-0316623b5aff,23.562,T236,42C,off
01/05/2022 08:48:42,Chamber 6,28-0316623b5aff,23.562,T236,42C,off
01/05/2022 08:49:02,Chamber 6,28-0316623b5aff,23.562,T236,42C,off
01/05/2022 08:49:22,Chamber 6,28-0316623b5aff,23.5,T236,42C,off
01/05/2022 08:49:42,Chamber 6,28-0316623b5aff,23.562,T236,42C,off
01/05/2022 08:50:03,Chamber 6,28-0316623b5aff,23.562,T236,42C,off
01/05/2022 08:50:22,Chamber 6,28-0316623b5aff,23.5,T236,42C,off
01/05/2022 08:50:42,Chamber 6,28-0316623b5aff,23.562,T236,42C,off
01/05/2022 08:51:02,Chamber 6,28-0316623b5aff,23.562,T236,42C,off
01/05/2022 08:51:22,Chamber 6,28-0316623b5aff,23.562,T236,42C,off
01/05/2022 08:51:42,Chamber 6,28-0316623b5aff,23.562,T236,42C,off
01/05/2022 08:52:02,Chamber 6,28-0316623b5aff,23.562,T236,42C,off
01/05/2022 08:52:22,Chamber 6,28-0316623b5aff,23.5,T236,42C,off
01/05/2022 08:52:42,Chamber 6,28-0316623b5aff,23.562,T236,42C,off
01/05/2022 08:53:02,Chamber 6,28-0316623b5aff,23.562,T236,42C,off
01/05/2022 08:53:22,Chamber 6,28-0316623b5aff,23.562,T236,42C,off
01/05/2022 08:53:42,Chamber 6,28-0316623b5aff,23.562,T236,42C,off
01/05/2022 08:54:02,Chamber 6,28-0316623b5aff,23.562,T236,42C,off
01/05/2022 08:54:22,Chamber 6,28-0316623b5aff,23.562,T236,42C,off
01/05/2022 08:54:42,Chamber 6,28-0316623b5aff,23.562,T236,42C,off
01/05/2022 08:55:02,Chamber 6,28-0316623b5aff,23.5,T236,42C,off
01/05/2022 08:55:22,Chamber 6,28-0316623b5aff,23.562,T236,42C,off
01/05/2022 08:55:42,Chamber 6,28-0316623b5aff,23.562,T236,42C,off
01/05/2022 08:56:02,Chamber 6,28-0316623b5aff,23.562,T236,42C,off
01/05/2022 08:56:22,Chamber 6,28-0316623b5aff,23.562,T236,42C,off
01/05/2022 08:56:42,Chamber 6,28-0316623b5aff,23.562,T236,42C,off
01/05/2022 08:57:02,Chamber 6,28-0316623b5aff,23.562,T236,42C,off
01/05/2022 08:57:22,Chamber 6,28-0316623b5aff,23.562,T236,42C,off
01/05/2022 08:57:42,Chamber 6,28-0316623b5aff,23.562,T236,42C,off
01/05/2022 08:58:02,Chamber 6,28-0316623b5aff,23.562,T236,42C,off
01/05/2022 08:58:22,Chamber 6,28-0316623b5aff,23.562,T236,42C,off
01/05/2022 08:58:42,Chamber 6,28-0316623b5aff,23.562,T236,42C,off
01/05/2022 08:59:02,Chamber 6,28-0316623b5aff,23.562,T236,42C,off
01/05/2022 08:59:22,Chamber 6,28-0316623b5aff,23.562,T236,42C,off
01/05/2022 08:59:42,Chamber 6,28-0316623b5aff,23.562,T236,42C,off
01/05/2022 09:00:02,Chamber 6,28-0316623b5aff,23.562,T236,42C,off
01/05/2022 09:00:22,Chamber 6,28-0316623b5aff,23.562,T236,42C,off
01/05/2022 09:00:42,Chamber 6,28-0316623b5aff,23.562,T236,42C,off
01/05/2022 09:01:02,Chamber 6,28-0316623b5aff,23.562,T236,42C,off
01/05/2022 09:01:22,Chamber 6,28-0316623b5aff,23.562,T236,42C,off
01/05/2022 09:01:42,Chamber 6,28-0316623b5aff,23.562,T236,42C,off
01/05/2022 09:02:02,Chamber 6,28-0316623b5aff,23.562,T236,42C,off
01/05/2022 09:02:22,Chamber 6,28-0316623b5aff,23.562,T236,42C,off
01/05/2022 09:02:42,Chamber 6,28-0316623b5aff,23.562,T236,42C,off
01/05/2022 09:03:02,Chamber 6,28-0316623b5aff,23.562,T236,42C,off
01/05/2022 09:03:22,Chamber 6,28-0316623b5aff,23.562,T236,42C,off
01/05/2022 09:03:42,Chamber 6,28-0316623b5aff,23.562,T236,42C,off
01/05/2022 09:04:02,Chamber 6,28-0316623b5aff,23.562,T236,42C,off
01/05/2022 09:04:22,Chamber 6,28-0316623b5aff,23.562,T236,42C,off
01/05/2022 09:04:42,Chamber 6,28-0316623b5aff,23.562,T236,42C,off
01/05/2022 09:05:02,Chamber 6,28-0316623b5aff,23.562,T236,42C,off
01/05/2022 09:05:22,Chamber 6,28-0316623b5aff,23.562,T236,42C,off
01/05/2022 09:05:42,Chamber 6,28-0316623b5aff,23.562,T236,42C,off
01/05/2022 09:06:02,Chamber 6,28-0316623b5aff,23.562,T236,42C,off
01/05/2022 09:06:22,Chamber 6,28-0316623b5aff,23.562,T236,42C,off
01/05/2022 09:06:42,Chamber 6,28-0316623b5aff,23.562,T236,42C,off
01/05/2022 09:07:02,Chamber 6,28-0316623b5aff,23.562,T236,42C,off
01/05/2022 09:07:22,Chamber 6,28-0316623b5aff,23.562,T236,42C,off
01/05/2022 09:07:42,Chamber 6,28-0316623b5aff,23.562,T236,42C,off
01/05/2022 09:08:02,Chamber 6,28-0316623b5aff,23.562,T236,42C,off
01/05/2022 09:08:22,Chamber 6,28-0316623b5aff,23.562,T236,42C,off
01/05/2022 09:08:42,Chamber 6,28-0316623b5aff,23.562,T236,42C,off
01/05/2022 09:09:02,Chamber 6,28-0316623b5aff,23.562,T236,42C,off
01/05/2022 09:09:22,Chamber 6,28-0316623b5aff,23.562,T236,42C,off
01/05/2022 09:09:42,Chamber 6,28-0316623b5aff,23.562,T236,42C,off
01/05/2022 09:10:02,Chamber 6,28-0316623b5aff,23.562,T236,42C,off
01/05/2022 09:10:22,Chamber 6,28-0316623b5aff,23.562,T236,42C,off
01/05/2022 09:10:42,Chamber 6,28-0316623b5aff,23.562,T236,42C,off
01/05/2022 09:11:02,Chamber 6,28-0316623b5aff,23.562,T236,42C,off
01/05/2022 09:11:22,Chamber 6,28-0316623b5aff,23.562,T236,42C,off
01/05/2022 09:11:42,Chamber 6,28-0316623b5aff,23.562,T236,42C,off
01/05/2022 09:12:02,Chamber 6,28-0316623b5aff,23.562,T236,42C,off
01/05/2022 09:12:22,Chamber 6,28-0316623b5aff,23.562,T236,42C,off
01/05/2022 09:12:42,Chamber 6,28-0316623b5aff,23.562,T236,42C,off
01/05/2022 09:13:02,Chamber 6,28-0316623b5aff,23.562,T236,42C,off
01/05/2022 09:13:22,Chamber 6,28-0316623b5aff,23.562,T236,42C,off
01/05/2022 09:13:42,Chamber 6,28-0316623b5aff,23.562,T236,42C,off
01/05/2022 09:14:02,Chamber 6,28-0316623b5aff,23.562,T236,42C,off
01/05/2022 09:14:22,Chamber 6,28-0316623b5aff,23.562,T236,42C,off
01/05/2022 09:14:42,Chamber 6,28-0316623b5aff,23.562,T236,42C,off
01/05/2022 09:15:02,Chamber 6,28-0316623b5aff,23.562,T236,42C,off
01/05/2022 09:15:22,Chamber 6,28-0316623b5aff,23.562,T236,42C,off
01/05/2022 09:15:42,Chamber 6,28-0316623b5aff,23.562,T236,42C,off
01/05/2022 09:16:02,Chamber 6,28-0316623b5aff,23.562,T236,42C,off
01/05/2022 09:16:22,Chamber 6,28-0316623b5aff,23.562,T236,42C,off
01/05/2022 09:16:42,Chamber 6,28-0316623b5aff,23.562,T236,42C,off
01/05/2022 09:17:02,Chamber 6,28-0316623b5aff,23.562,T236,42C,off
01/05/2022 09:17:22,Chamber 6,28-0316623b5aff,23.562,T236,42C,off
01/05/2022 09:17:42,Chamber 6,28-0316623b5aff,23.562,T236,42C,off
01/05/2022 09:18:02,Chamber 6,28-0316623b5aff,23.562,T236,42C,off
01/05/2022 09:18:22,Chamber 6,28-0316623b5aff,23.562,T236,42C,off
01/05/2022 09:18:42,Chamber 6,28-0316623b5aff,23.562,T236,42C,off
01/05/2022 09:19:02,Chamber 6,28-0316623b5aff,23.562,T236,42C,off
01/05/2022 09:19:23,Chamber 6,28-0316623b5aff,23.562,T236,42C,off
01/05/2022 09:19:42,Chamber 6,28-0316623b5aff,23.562,T236,42C,off
01/05/2022 09:20:02,Chamber 6,28-0316623b5aff,23.562,T236,42C,off
01/05/2022 09:20:22,Chamber 6,28-0316623b5aff,23.562,T236,42C,off
01/05/2022 09:20:42,Chamber 6,28-0316623b5aff,23.562,T236,42C,off
01/05/2022 09:21:02,Chamber 6,28-0316623b5aff,23.562,T236,42C,off
01/05/2022 09:21:22,Chamber 6,28-0316623b5aff,23.562,T236,42C,off
01/05/2022 09:21:42,Chamber 6,28-0316623b5aff,23.562,T236,42C,off
01/05/2022 09:22:02,Chamber 6,28-0316623b5aff,23.562,T236,42C,off
01/05/2022 09:22:22,Chamber 6,28-0316623b5aff,23.562,T236,42C,off
01/05/2022 09:22:42,Chamber 6,28-0316623b5aff,23.562,T236,42C,off
01/05/2022 09:23:02,Chamber 6,28-0316623b5aff,23.562,T236,42C,off
01/05/2022 09:23:22,Chamber 6,28-0316623b5aff,23.562,T236,42C,off
01/05/2022 09:23:42,Chamber 6,28-0316623b5aff,23.562,T236,42C,off
01/05/2022 09:24:02,Chamber 6,28-0316623b5aff,23.562,T236,42C,off
01/05/2022 09:24:22,Chamber 6,28-0316623b5aff,23.562,T236,42C,off
01/05/2022 09:24:42,Chamber 6,28-0316623b5aff,23.562,T236,42C,off
01/05/2022 09:25:02,Chamber 6,28-0316623b5aff,23.562,T236,42C,off
01/05/2022 09:25:23,Chamber 6,28-0316623b5aff,23.562,T236,42C,off
01/05/2022 09:25:42,Chamber 6,28-0316623b5aff,23.562,T236,42C,off
01/05/2022 09:26:02,Chamber 6,28-0316623b5aff,23.562,T236,42C,off
01/05/2022 09:26:22,Chamber 6,28-0316623b5aff,23.562,T236,42C,off
01/05/2022 09:26:42,Chamber 6,28-0316623b5aff,23.562,T236,42C,off
01/05/2022 09:27:02,Chamber 6,28-0316623b5aff,23.562,T236,42C,off
01/05/2022 09:27:22,Chamber 6,28-0316623b5aff,23.562,T236,42C,off
01/05/2022 09:27:42,Chamber 6,28-0316623b5aff,23.562,T236,42C,off
01/05/2022 09:28:02,Chamber 6,28-0316623b5aff,23.562,T236,42C,off
01/05/2022 09:28:23,Chamber 6,28-0316623b5aff,23.562,T236,42C,off
01/05/2022 09:28:42,Chamber 6,28-0316623b5aff,23.562,T236,42C,off
01/05/2022 09:29:02,Chamber 6,28-0316623b5aff,23.562,T236,42C,off
01/05/2022 09:29:22,Chamber 6,28-0316623b5aff,23.562,T236,42C,off
01/05/2022 09:29:42,Chamber 6,28-0316623b5aff,23.562,T236,42C,off
01/05/2022 09:30:02,Chamber 6,28-0316623b5aff,23.562,T236,42C,off
01/05/2022 09:30:22,Chamber 6,28-0316623b5aff,23.562,T236,42C,off
01/05/2022 09:30:42,Chamber 6,28-0316623b5aff,23.562,T236,42C,off
01/05/2022 09:31:02,Chamber 6,28-0316623b5aff,23.562,T236,42C,off
01/05/2022 09:31:22,Chamber 6,28-0316623b5aff,23.562,T236,42C,off
01/05/2022 09:31:42,Chamber 6,28-0316623b5aff,23.562,T236,42C,off
01/05/2022 09:32:02,Chamber 6,28-0316623b5aff,23.562,T236,42C,off
01/05/2022 09:32:22,Chamber 6,28-0316623b5aff,23.562,T236,42C,off
01/05/2022 09:32:42,Chamber 6,28-0316623b5aff,23.562,T236,42C,off
01/05/2022 09:33:02,Chamber 6,28-0316623b5aff,23.562,T236,42C,off
01/05/2022 09:33:22,Chamber 6,28-0316623b5aff,23.562,T236,42C,off
01/05/2022 09:33:42,Chamber 6,28-0316623b5aff,23.562,T236,42C,off
01/05/2022 09:34:02,Chamber 6,28-0316623b5aff,23.562,T236,42C,off
01/05/2022 09:34:22,Chamber 6,28-0316623b5aff,23.562,T236,42C,off
01/05/2022 09:34:42,Chamber 6,28-0316623b5aff,23.562,T236,42C,off
01/05/2022 09:35:02,Chamber 6,28-0316623b5aff,23.562,T236,42C,off
01/05/2022 09:35:22,Chamber 6,28-0316623b5aff,23.562,T236,42C,off
01/05/2022 09:35:42,Chamber 6,28-0316623b5aff,23.562,T236,42C,off
01/05/2022 09:36:02,Chamber 6,28-0316623b5aff,23.562,T236,42C,off
01/05/2022 09:36:22,Chamber 6,28-0316623b5aff,23.562,T236,42C,off
01/05/2022 09:36:42,Chamber 6,28-0316623b5aff,23.562,T236,42C,off
01/05/2022 09:37:02,Chamber 6,28-0316623b5aff,23.562,T236,42C,off
01/05/2022 09:37:23,Chamber 6,28-0316623b5aff,23.562,T236,42C,off
01/05/2022 09:37:42,Chamber 6,28-0316623b5aff,23.562,T236,42C,off
01/05/2022 09:38:03,Chamber 6,28-0316623b5aff,23.562,T236,42C,off
01/05/2022 09:38:22,Chamber 6,28-0316623b5aff,23.562,T236,42C,off
01/05/2022 09:38:42,Chamber 6,28-0316623b5aff,23.562,T236,42C,off
01/05/2022 09:39:03,Chamber 6,28-0316623b5aff,23.562,T236,42C,off
01/05/2022 09:39:22,Chamber 6,28-0316623b5aff,23.562,T236,42C,off
01/05/2022 09:39:42,Chamber 6,28-0316623b5aff,23.562,T236,42C,off
01/05/2022 09:40:02,Chamber 6,28-0316623b5aff,23.562,T236,42C,off
01/05/2022 09:40:22,Chamber 6,28-0316623b5aff,23.562,T236,42C,off
01/05/2022 09:40:42,Chamber 6,28-0316623b5aff,23.562,T236,42C,off
01/05/2022 09:41:02,Chamber 6,28-0316623b5aff,23.562,T236,42C,off
01/05/2022 09:41:23,Chamber 6,28-0316623b5aff,23.562,T236,42C,off
01/05/2022 09:41:42,Chamber 6,28-0316623b5aff,23.562,T236,42C,off
01/05/2022 09:42:02,Chamber 6,28-0316623b5aff,23.562,T236,42C,off
01/05/2022 09:42:23,Chamber 6,28-0316623b5aff,23.562,T236,42C,off
01/05/2022 09:42:42,Chamber 6,28-0316623b5aff,23.562,T236,42C,off
01/05/2022 09:43:02,Chamber 6,28-0316623b5aff,23.562,T236,42C,off
01/05/2022 09:43:22,Chamber 6,28-0316623b5aff,23.562,T236,42C,off
01/05/2022 09:43:42,Chamber 6,28-0316623b5aff,23.562,T236,42C,off
01/05/2022 09:44:02,Chamber 6,28-0316623b5aff,23.562,T236,42C,off
01/05/2022 09:44:22,Chamber 6,28-0316623b5aff,23.562,T236,42C,off
01/05/2022 09:44:42,Chamber 6,28-0316623b5aff,23.562,T236,42C,off
01/05/2022 09:45:02,Chamber 6,28-0316623b5aff,23.562,T236,42C,off
01/05/2022 09:45:22,Chamber 6,28-0316623b5aff,23.562,T236,42C,off
01/05/2022 09:45:42,Chamber 6,28-0316623b5aff,23.562,T236,42C,off
01/05/2022 09:46:02,Chamber 6,28-0316623b5aff,23.562,T236,42C,off
01/05/2022 09:46:22,Chamber 6,28-0316623b5aff,23.562,T236,42C,off
01/05/2022 09:46:42,Chamber 6,28-0316623b5aff,23.625,T236,42C,off
01/05/2022 09:47:02,Chamber 6,28-0316623b5aff,23.625,T236,42C,off
01/05/2022 09:47:22,Chamber 6,28-0316623b5aff,23.625,T236,42C,off
01/05/2022 09:47:42,Chamber 6,28-0316623b5aff,23.625,T236,42C,off
01/05/2022 09:48:02,Chamber 6,28-0316623b5aff,23.625,T236,42C,off
01/05/2022 09:48:22,Chamber 6,28-0316623b5aff,23.625,T236,42C,off
01/05/2022 09:48:42,Chamber 6,28-0316623b5aff,23.625,T236,42C,off
01/05/2022 09:49:02,Chamber 6,28-0316623b5aff,23.625,T236,42C,off
01/05/2022 09:49:22,Chamber 6,28-0316623b5aff,23.625,T236,42C,off
01/05/2022 09:49:42,Chamber 6,28-0316623b5aff,23.625,T236,42C,off
01/05/2022 09:50:02,Chamber 6,28-0316623b5aff,23.625,T236,42C,off
01/05/2022 09:50:22,Chamber 6,28-0316623b5aff,23.625,T236,42C,off
01/05/2022 09:50:43,Chamber 6,28-0316623b5aff,23.625,T236,42C,off
01/05/2022 09:51:02,Chamber 6,28-0316623b5aff,23.625,T236,42C,off
01/05/2022 09:51:22,Chamber 6,28-0316623b5aff,23.625,T236,42C,off
01/05/2022 09:51:42,Chamber 6,28-0316623b5aff,23.625,T236,42C,off
01/05/2022 09:52:02,Chamber 6,28-0316623b5aff,23.625,T236,42C,off
01/05/2022 09:52:23,Chamber 6,28-0316623b5aff,23.625,T236,42C,off
01/05/2022 09:52:42,Chamber 6,28-0316623b5aff,23.625,T236,42C,off
01/05/2022 09:53:02,Chamber 6,28-0316623b5aff,23.625,T236,42C,off
01/05/2022 09:53:22,Chamber 6,28-0316623b5aff,23.625,T236,42C,off
01/05/2022 09:53:42,Chamber 6,28-0316623b5aff,23.625,T236,42C,off
01/05/2022 09:54:02,Chamber 6,28-0316623b5aff,23.625,T236,42C,off
01/05/2022 09:54:22,Chamber 6,28-0316623b5aff,23.625,T236,42C,off
01/05/2022 09:54:42,Chamber 6,28-0316623b5aff,23.625,T236,42C,off
01/05/2022 09:55:02,Chamber 6,28-0316623b5aff,23.625,T236,42C,off
01/05/2022 09:55:22,Chamber 6,28-0316623b5aff,23.625,T236,42C,off
01/05/2022 09:55:42,Chamber 6,28-0316623b5aff,23.625,T236,42C,off
01/05/2022 09:56:02,Chamber 6,28-0316623b5aff,23.625,T236,42C,off
01/05/2022 09:56:22,Chamber 6,28-0316623b5aff,23.625,T236,42C,off
01/05/2022 09:56:42,Chamber 6,28-0316623b5aff,23.625,T236,42C,off
01/05/2022 09:57:02,Chamber 6,28-0316623b5aff,23.687,T236,42C,off
01/05/2022 09:57:22,Chamber 6,28-0316623b5aff,23.625,T236,42C,off
01/05/2022 09:57:42,Chamber 6,28-0316623b5aff,23.687,T236,42C,off
01/05/2022 09:58:02,Chamber 6,28-0316623b5aff,23.687,T236,42C,off
01/05/2022 09:58:22,Chamber 6,28-0316623b5aff,23.687,T236,42C,off
01/05/2022 09:58:42,Chamber 6,28-0316623b5aff,23.687,T236,42C,off
01/05/2022 09:59:03,Chamber 6,28-0316623b5aff,23.687,T236,42C,off
01/05/2022 09:59:22,Chamber 6,28-0316623b5aff,23.687,T236,42C,off
01/05/2022 09:59:42,Chamber 6,28-0316623b5aff,23.687,T236,42C,off
01/05/2022 10:00:02,Chamber 6,28-0316623b5aff,23.687,T236,42C,off
01/05/2022 10:00:22,Chamber 6,28-0316623b5aff,23.687,T236,42C,off
01/05/2022 10:00:42,Chamber 6,28-0316623b5aff,23.687,T236,42C,off
01/05/2022 10:01:02,Chamber 6,28-0316623b5aff,23.687,T236,42C,off
01/05/2022 10:01:22,Chamber 6,28-0316623b5aff,23.687,T236,42C,off
01/05/2022 10:01:42,Chamber 6,28-0316623b5aff,23.687,T236,42C,off
01/05/2022 10:02:02,Chamber 6,28-0316623b5aff,23.687,T236,42C,off
01/05/2022 10:02:22,Chamber 6,28-0316623b5aff,23.687,T236,42C,off
01/05/2022 10:02:42,Chamber 6,28-0316623b5aff,23.687,T236,42C,off
01/05/2022 10:03:02,Chamber 6,28-0316623b5aff,23.687,T236,42C,off
01/05/2022 10:03:22,Chamber 6,28-0316623b5aff,23.687,T236,42C,off
01/05/2022 10:03:42,Chamber 6,28-0316623b5aff,23.687,T236,42C,off
01/05/2022 10:04:02,Chamber 6,28-0316623b5aff,23.687,T236,42C,off
01/05/2022 10:04:22,Chamber 6,28-0316623b5aff,23.687,T236,42C,off
01/05/2022 10:04:42,Chamber 6,28-0316623b5aff,23.687,T236,42C,off
01/05/2022 10:05:02,Chamber 6,28-0316623b5aff,23.687,T236,42C,off
01/05/2022 10:05:22,Chamber 6,28-0316623b5aff,23.687,T236,42C,off
01/05/2022 10:05:42,Chamber 6,28-0316623b5aff,23.687,T236,42C,off
01/05/2022 10:06:02,Chamber 6,28-0316623b5aff,23.687,T236,42C,off
01/05/2022 10:06:22,Chamber 6,28-0316623b5aff,23.687,T236,42C,off
01/05/2022 10:06:42,Chamber 6,28-0316623b5aff,23.687,T236,42C,off
01/05/2022 10:07:02,Chamber 6,28-0316623b5aff,23.687,T236,42C,off
01/05/2022 10:07:22,Chamber 6,28-0316623b5aff,23.687,T236,42C,off
01/05/2022 10:07:42,Chamber 6,28-0316623b5aff,23.687,T236,42C,off
01/05/2022 10:08:02,Chamber 6,28-0316623b5aff,23.687,T236,42C,off
01/05/2022 10:08:22,Chamber 6,28-0316623b5aff,23.687,T236,42C,off
01/05/2022 10:08:42,Chamber 6,28-0316623b5aff,23.687,T236,42C,off
01/05/2022 10:09:02,Chamber 6,28-0316623b5aff,23.687,T236,42C,off
01/05/2022 10:09:22,Chamber 6,28-0316623b5aff,23.687,T236,42C,off
01/05/2022 10:09:42,Chamber 6,28-0316623b5aff,23.687,T236,42C,off
01/05/2022 10:10:02,Chamber 6,28-0316623b5aff,23.687,T236,42C,off
01/05/2022 10:10:22,Chamber 6,28-0316623b5aff,23.687,T236,42C,off
01/05/2022 10:10:42,Chamber 6,28-0316623b5aff,23.75,T236,42C,off
01/05/2022 10:11:02,Chamber 6,28-0316623b5aff,23.75,T236,42C,off
01/05/2022 10:11:22,Chamber 6,28-0316623b5aff,23.687,T236,42C,off
01/05/2022 10:11:42,Chamber 6,28-0316623b5aff,23.75,T236,42C,off
01/05/2022 10:12:02,Chamber 6,28-0316623b5aff,23.75,T236,42C,off
01/05/2022 10:12:22,Chamber 6,28-0316623b5aff,23.75,T236,42C,off
01/05/2022 10:12:43,Chamber 6,28-0316623b5aff,23.75,T236,42C,off
01/05/2022 10:13:02,Chamber 6,28-0316623b5aff,23.75,T236,42C,off
01/05/2022 10:13:22,Chamber 6,28-0316623b5aff,23.75,T236,42C,off
01/05/2022 10:13:42,Chamber 6,28-0316623b5aff,23.75,T236,42C,off
01/05/2022 10:14:02,Chamber 6,28-0316623b5aff,23.75,T236,42C,off
01/05/2022 10:14:22,Chamber 6,28-0316623b5aff,23.75,T236,42C,off
01/05/2022 10:14:42,Chamber 6,28-0316623b5aff,23.75,T236,42C,off
01/05/2022 10:15:02,Chamber 6,28-0316623b5aff,23.75,T236,42C,off
01/05/2022 10:15:22,Chamber 6,28-0316623b5aff,23.75,T236,42C,off
01/05/2022 10:15:42,Chamber 6,28-0316623b5aff,23.75,T236,42C,off
01/05/2022 10:16:03,Chamber 6,28-0316623b5aff,23.75,T236,42C,off
01/05/2022 10:16:24,Chamber 6,28-0316623b5aff,23.75,T236,42C,off
01/05/2022 10:16:42,Chamber 6,28-0316623b5aff,23.75,T236,42C,off
01/05/2022 10:17:02,Chamber 6,28-0316623b5aff,23.75,T236,42C,off
01/05/2022 10:17:22,Chamber 6,28-0316623b5aff,23.75,T236,42C,off
01/05/2022 10:17:42,Chamber 6,28-0316623b5aff,23.75,T236,42C,off
01/05/2022 10:18:02,Chamber 6,28-0316623b5aff,23.75,T236,42C,off
01/05/2022 10:18:22,Chamber 6,28-0316623b5aff,23.75,T236,42C,off
01/05/2022 10:18:42,Chamber 6,28-0316623b5aff,23.75,T236,42C,off
01/05/2022 10:19:02,Chamber 6,28-0316623b5aff,23.75,T236,42C,off
01/05/2022 10:19:22,Chamber 6,28-0316623b5aff,23.75,T236,42C,off
01/05/2022 10:19:42,Chamber 6,28-0316623b5aff,23.75,T236,42C,off
01/05/2022 10:20:02,Chamber 6,28-0316623b5aff,23.75,T236,42C,off
01/05/2022 10:20:23,Chamber 6,28-0316623b5aff,23.75,T236,42C,off
01/05/2022 10:20:42,Chamber 6,28-0316623b5aff,23.75,T236,42C,off
01/05/2022 10:21:02,Chamber 6,28-0316623b5aff,23.75,T236,42C,off
01/05/2022 10:21:22,Chamber 6,28-0316623b5aff,23.75,T236,42C,off
01/05/2022 10:21:42,Chamber 6,28-0316623b5aff,23.812,T236,42C,off
01/05/2022 10:22:02,Chamber 6,28-0316623b5aff,23.75,T236,42C,off
01/05/2022 10:22:22,Chamber 6,28-0316623b5aff,23.812,T236,42C,off
01/05/2022 10:22:42,Chamber 6,28-0316623b5aff,23.812,T236,42C,off
01/05/2022 10:23:02,Chamber 6,28-0316623b5aff,23.812,T236,42C,off
01/05/2022 10:23:22,Chamber 6,28-0316623b5aff,23.812,T236,42C,off
01/05/2022 10:23:42,Chamber 6,28-0316623b5aff,23.75,T236,42C,off
01/05/2022 10:24:02,Chamber 6,28-0316623b5aff,23.812,T236,42C,off
01/05/2022 10:24:22,Chamber 6,28-0316623b5aff,23.812,T236,42C,off
01/05/2022 10:24:42,Chamber 6,28-0316623b5aff,23.812,T236,42C,off
01/05/2022 10:25:02,Chamber 6,28-0316623b5aff,23.812,T236,42C,off
01/05/2022 10:25:22,Chamber 6,28-0316623b5aff,23.812,T236,42C,off
01/05/2022 10:25:42,Chamber 6,28-0316623b5aff,23.812,T236,42C,off
01/05/2022 10:26:02,Chamber 6,28-0316623b5aff,23.812,T236,42C,off
01/05/2022 10:26:22,Chamber 6,28-0316623b5aff,23.812,T236,42C,off
01/05/2022 10:26:42,Chamber 6,28-0316623b5aff,23.812,T236,42C,off
01/05/2022 10:27:02,Chamber 6,28-0316623b5aff,23.812,T236,42C,off
01/05/2022 10:27:22,Chamber 6,28-0316623b5aff,23.812,T236,42C,off
01/05/2022 10:27:42,Chamber 6,28-0316623b5aff,23.812,T236,42C,off
01/05/2022 10:28:02,Chamber 6,28-0316623b5aff,23.812,T236,42C,off
01/05/2022 10:28:22,Chamber 6,28-0316623b5aff,23.812,T236,42C,off
01/05/2022 10:28:42,Chamber 6,28-0316623b5aff,23.812,T236,42C,off
01/05/2022 10:29:02,Chamber 6,28-0316623b5aff,23.812,T236,42C,off
01/05/2022 10:29:22,Chamber 6,28-0316623b5aff,23.812,T236,42C,off
01/05/2022 10:29:42,Chamber 6,28-0316623b5aff,23.812,T236,42C,off
01/05/2022 10:30:02,Chamber 6,28-0316623b5aff,23.812,T236,42C,off
01/05/2022 10:30:22,Chamber 6,28-0316623b5aff,23.812,T236,42C,off
01/05/2022 10:30:42,Chamber 6,28-0316623b5aff,23.812,T236,42C,off
01/05/2022 10:31:02,Chamber 6,28-0316623b5aff,23.812,T236,42C,off
01/05/2022 10:31:22,Chamber 6,28-0316623b5aff,23.812,T236,42C,off
01/05/2022 10:31:42,Chamber 6,28-0316623b5aff,23.812,T236,42C,off
01/05/2022 10:32:02,Chamber 6,28-0316623b5aff,23.812,T236,42C,off
01/05/2022 10:32:22,Chamber 6,28-0316623b5aff,23.812,T236,42C,off
01/05/2022 10:32:42,Chamber 6,28-0316623b5aff,23.812,T236,42C,off
01/05/2022 10:33:02,Chamber 6,28-0316623b5aff,23.812,T236,42C,off
01/05/2022 10:33:22,Chamber 6,28-0316623b5aff,23.812,T236,42C,off
01/05/2022 10:33:42,Chamber 6,28-0316623b5aff,23.875,T236,42C,off
01/05/2022 10:34:02,Chamber 6,28-0316623b5aff,23.875,T236,42C,off
01/05/2022 10:34:22,Chamber 6,28-0316623b5aff,23.875,T236,42C,off
01/05/2022 10:34:42,Chamber 6,28-0316623b5aff,23.875,T236,42C,off
01/05/2022 10:35:02,Chamber 6,28-0316623b5aff,23.875,T236,42C,off
01/05/2022 10:35:22,Chamber 6,28-0316623b5aff,23.875,T236,42C,off
01/05/2022 10:35:42,Chamber 6,28-0316623b5aff,23.875,T236,42C,off
01/05/2022 10:36:02,Chamber 6,28-0316623b5aff,23.875,T236,42C,off
01/05/2022 10:36:22,Chamber 6,28-0316623b5aff,23.875,T236,42C,off
01/05/2022 10:36:42,Chamber 6,28-0316623b5aff,23.875,T236,42C,off
01/05/2022 10:37:02,Chamber 6,28-0316623b5aff,23.875,T236,42C,off
01/05/2022 10:37:23,Chamber 6,28-0316623b5aff,23.875,T236,42C,off
01/05/2022 10:37:42,Chamber 6,28-0316623b5aff,23.875,T236,42C,off
01/05/2022 10:38:02,Chamber 6,28-0316623b5aff,23.875,T236,42C,off
01/05/2022 10:38:22,Chamber 6,28-0316623b5aff,23.875,T236,42C,off
01/05/2022 10:38:43,Chamber 6,28-0316623b5aff,23.875,T236,42C,off
01/05/2022 10:39:02,Chamber 6,28-0316623b5aff,23.875,T236,42C,off
01/05/2022 10:39:22,Chamber 6,28-0316623b5aff,23.875,T236,42C,off
01/05/2022 10:39:42,Chamber 6,28-0316623b5aff,23.875,T236,42C,off
01/05/2022 10:40:03,Chamber 6,28-0316623b5aff,23.875,T236,42C,off
01/05/2022 10:40:22,Chamber 6,28-0316623b5aff,23.875,T236,42C,off
01/05/2022 10:40:42,Chamber 6,28-0316623b5aff,23.875,T236,42C,off
01/05/2022 10:41:02,Chamber 6,28-0316623b5aff,23.875,T236,42C,off
01/05/2022 10:41:22,Chamber 6,28-0316623b5aff,23.875,T236,42C,off
01/05/2022 10:41:42,Chamber 6,28-0316623b5aff,23.875,T236,42C,off
01/05/2022 10:42:02,Chamber 6,28-0316623b5aff,23.875,T236,42C,off
01/05/2022 10:42:22,Chamber 6,28-0316623b5aff,23.875,T236,42C,off
01/05/2022 10:42:42,Chamber 6,28-0316623b5aff,23.875,T236,42C,off
01/05/2022 10:43:03,Chamber 6,28-0316623b5aff,23.937,T236,42C,off
01/05/2022 10:43:22,Chamber 6,28-0316623b5aff,23.937,T236,42C,off
01/05/2022 10:43:42,Chamber 6,28-0316623b5aff,23.937,T236,42C,off
01/05/2022 10:44:02,Chamber 6,28-0316623b5aff,23.937,T236,42C,off
01/05/2022 10:44:22,Chamber 6,28-0316623b5aff,23.937,T236,42C,off
01/05/2022 10:44:42,Chamber 6,28-0316623b5aff,23.937,T236,42C,off
01/05/2022 10:45:02,Chamber 6,28-0316623b5aff,23.937,T236,42C,off
01/05/2022 10:45:22,Chamber 6,28-0316623b5aff,23.937,T236,42C,off
01/05/2022 10:45:42,Chamber 6,28-0316623b5aff,23.937,T236,42C,off
01/05/2022 10:46:02,Chamber 6,28-0316623b5aff,23.937,T236,42C,off
01/05/2022 10:46:23,Chamber 6,28-0316623b5aff,23.937,T236,42C,off
01/05/2022 10:46:42,Chamber 6,28-0316623b5aff,23.937,T236,42C,off
01/05/2022 10:47:02,Chamber 6,28-0316623b5aff,23.937,T236,42C,off
01/05/2022 10:47:22,Chamber 6,28-0316623b5aff,23.937,T236,42C,off
01/05/2022 10:47:42,Chamber 6,28-0316623b5aff,23.937,T236,42C,off
01/05/2022 10:48:02,Chamber 6,28-0316623b5aff,23.937,T236,42C,off
01/05/2022 10:48:22,Chamber 6,28-0316623b5aff,23.937,T236,42C,off
01/05/2022 10:48:42,Chamber 6,28-0316623b5aff,23.937,T236,42C,off
01/05/2022 10:49:02,Chamber 6,28-0316623b5aff,23.937,T236,42C,off
01/05/2022 10:49:23,Chamber 6,28-0316623b5aff,23.937,T236,42C,off
01/05/2022 10:49:42,Chamber 6,28-0316623b5aff,23.937,T236,42C,off
01/05/2022 10:50:02,Chamber 6,28-0316623b5aff,23.937,T236,42C,off
01/05/2022 10:50:22,Chamber 6,28-0316623b5aff,23.937,T236,42C,off
01/05/2022 10:50:42,Chamber 6,28-0316623b5aff,23.937,T236,42C,off
01/05/2022 10:51:02,Chamber 6,28-0316623b5aff,23.937,T236,42C,off
01/05/2022 10:51:22,Chamber 6,28-0316623b5aff,23.937,T236,42C,off
01/05/2022 10:51:42,Chamber 6,28-0316623b5aff,23.937,T236,42C,off
01/05/2022 10:52:02,Chamber 6,28-0316623b5aff,23.937,T236,42C,off
01/05/2022 10:52:22,Chamber 6,28-0316623b5aff,23.937,T236,42C,off
01/05/2022 10:52:42,Chamber 6,28-0316623b5aff,23.937,T236,42C,off
01/05/2022 10:53:02,Chamber 6,28-0316623b5aff,23.937,T236,42C,off
01/05/2022 10:53:22,Chamber 6,28-0316623b5aff,23.937,T236,42C,off
01/05/2022 10:53:42,Chamber 6,28-0316623b5aff,23.937,T236,42C,off
01/05/2022 10:54:02,Chamber 6,28-0316623b5aff,23.937,T236,42C,off
01/05/2022 10:54:22,Chamber 6,28-0316623b5aff,23.937,T236,42C,off
01/05/2022 10:54:42,Chamber 6,28-0316623b5aff,23.937,T236,42C,off
01/05/2022 10:55:02,Chamber 6,28-0316623b5aff,23.937,T236,42C,off
01/05/2022 10:55:22,Chamber 6,28-0316623b5aff,23.937,T236,42C,off
01/05/2022 10:55:42,Chamber 6,28-0316623b5aff,23.937,T236,42C,off
01/05/2022 10:56:02,Chamber 6,28-0316623b5aff,23.937,T236,42C,off
01/05/2022 10:56:22,Chamber 6,28-0316623b5aff,24.0,T236,42C,off
01/05/2022 10:56:42,Chamber 6,28-0316623b5aff,24.0,T236,42C,off
01/05/2022 10:57:02,Chamber 6,28-0316623b5aff,24.0,T236,42C,off
01/05/2022 10:57:22,Chamber 6,28-0316623b5aff,23.937,T236,42C,off
01/05/2022 10:57:42,Chamber 6,28-0316623b5aff,23.937,T236,42C,off
01/05/2022 10:58:02,Chamber 6,28-0316623b5aff,24.0,T236,42C,off
01/05/2022 10:58:22,Chamber 6,28-0316623b5aff,24.0,T236,42C,off
01/05/2022 10:58:42,Chamber 6,28-0316623b5aff,24.0,T236,42C,off
01/05/2022 10:59:02,Chamber 6,28-0316623b5aff,24.0,T236,42C,off
01/05/2022 10:59:22,Chamber 6,28-0316623b5aff,24.0,T236,42C,off
01/05/2022 10:59:42,Chamber 6,28-0316623b5aff,24.0,T236,42C,off
01/05/2022 11:00:02,Chamber 6,28-0316623b5aff,24.0,T236,42C,off
01/05/2022 11:00:22,Chamber 6,28-0316623b5aff,24.0,T236,42C,off
01/05/2022 11:00:42,Chamber 6,28-0316623b5aff,24.0,T236,42C,off
01/05/2022 11:01:03,Chamber 6,28-0316623b5aff,24.0,T236,42C,off
01/05/2022 11:01:22,Chamber 6,28-0316623b5aff,24.0,T236,42C,off
01/05/2022 11:01:42,Chamber 6,28-0316623b5aff,24.0,T236,42C,off
01/05/2022 11:02:02,Chamber 6,28-0316623b5aff,24.0,T236,42C,off
01/05/2022 11:02:22,Chamber 6,28-0316623b5aff,24.0,T236,42C,off
01/05/2022 11:02:42,Chamber 6,28-0316623b5aff,24.0,T236,42C,off
01/05/2022 11:03:02,Chamber 6,28-0316623b5aff,24.0,T236,42C,off
01/05/2022 11:03:22,Chamber 6,28-0316623b5aff,24.0,T236,42C,off
01/05/2022 11:03:42,Chamber 6,28-0316623b5aff,24.0,T236,42C,off
01/05/2022 11:04:02,Chamber 6,28-0316623b5aff,24.0,T236,42C,off
01/05/2022 11:04:22,Chamber 6,28-0316623b5aff,24.0,T236,42C,off
01/05/2022 11:04:42,Chamber 6,28-0316623b5aff,24.0,T236,42C,off
01/05/2022 11:05:02,Chamber 6,28-0316623b5aff,24.0,T236,42C,off
01/05/2022 11:05:22,Chamber 6,28-0316623b5aff,24.0,T236,42C,off
01/05/2022 11:05:42,Chamber 6,28-0316623b5aff,24.0,T236,42C,off
01/05/2022 11:06:02,Chamber 6,28-0316623b5aff,24.0,T236,42C,off
01/05/2022 11:06:22,Chamber 6,28-0316623b5aff,24.0,T236,42C,off
01/05/2022 11:06:42,Chamber 6,28-0316623b5aff,24.0,T236,42C,off
01/05/2022 11:07:02,Chamber 6,28-0316623b5aff,24.0,T236,42C,off
01/05/2022 11:07:22,Chamber 6,28-0316623b5aff,24.062,T236,42C,off
01/05/2022 11:07:42,Chamber 6,28-0316623b5aff,24.062,T236,42C,off
01/05/2022 11:08:02,Chamber 6,28-0316623b5aff,24.0,T236,42C,off
01/05/2022 11:08:22,Chamber 6,28-0316623b5aff,24.062,T236,42C,off
01/05/2022 11:08:42,Chamber 6,28-0316623b5aff,24.062,T236,42C,off
01/05/2022 11:09:02,Chamber 6,28-0316623b5aff,24.062,T236,42C,off
01/05/2022 11:09:22,Chamber 6,28-0316623b5aff,24.062,T236,42C,off
01/05/2022 11:09:42,Chamber 6,28-0316623b5aff,24.062,T236,42C,off
01/05/2022 11:10:02,Chamber 6,28-0316623b5aff,24.062,T236,42C,off
01/05/2022 11:10:22,Chamber 6,28-0316623b5aff,24.062,T236,42C,off
01/05/2022 11:10:42,Chamber 6,28-0316623b5aff,24.062,T236,42C,off
01/05/2022 11:11:04,Chamber 6,28-0316623b5aff,24.062,T236,42C,off
01/05/2022 11:11:22,Chamber 6,28-0316623b5aff,24.062,T236,42C,off
01/05/2022 11:11:42,Chamber 6,28-0316623b5aff,24.062,T236,42C,off
01/05/2022 11:12:02,Chamber 6,28-0316623b5aff,24.062,T236,42C,off
01/05/2022 11:12:22,Chamber 6,28-0316623b5aff,24.062,T236,42C,off
01/05/2022 11:12:42,Chamber 6,28-0316623b5aff,24.062,T236,42C,off
01/05/2022 11:13:02,Chamber 6,28-0316623b5aff,24.062,T236,42C,off
01/05/2022 11:13:22,Chamber 6,28-0316623b5aff,24.062,T236,42C,off
01/05/2022 11:13:42,Chamber 6,28-0316623b5aff,24.062,T236,42C,off
01/05/2022 11:14:02,Chamber 6,28-0316623b5aff,24.062,T236,42C,off
01/05/2022 11:14:22,Chamber 6,28-0316623b5aff,24.062,T236,42C,off
01/05/2022 11:14:42,Chamber 6,28-0316623b5aff,24.062,T236,42C,off
01/05/2022 11:15:02,Chamber 6,28-0316623b5aff,24.062,T236,42C,off
01/05/2022 11:15:22,Chamber 6,28-0316623b5aff,24.062,T236,42C,off
01/05/2022 11:15:42,Chamber 6,28-0316623b5aff,24.062,T236,42C,off
01/05/2022 11:16:02,Chamber 6,28-0316623b5aff,24.062,T236,42C,off
01/05/2022 11:16:22,Chamber 6,28-0316623b5aff,24.062,T236,42C,off
01/05/2022 11:16:42,Chamber 6,28-0316623b5aff,24.062,T236,42C,off
01/05/2022 11:17:02,Chamber 6,28-0316623b5aff,24.062,T236,42C,off
01/05/2022 11:17:22,Chamber 6,28-0316623b5aff,24.062,T236,42C,off
01/05/2022 11:17:42,Chamber 6,28-0316623b5aff,24.062,T236,42C,off
01/05/2022 11:18:02,Chamber 6,28-0316623b5aff,24.062,T236,42C,off
01/05/2022 11:18:22,Chamber 6,28-0316623b5aff,24.062,T236,42C,off
01/05/2022 11:18:42,Chamber 6,28-0316623b5aff,24.062,T236,42C,off
01/05/2022 11:19:02,Chamber 6,28-0316623b5aff,24.062,T236,42C,off
01/05/2022 11:19:22,Chamber 6,28-0316623b5aff,24.062,T236,42C,off
01/05/2022 11:19:42,Chamber 6,28-0316623b5aff,24.062,T236,42C,off
01/05/2022 11:20:02,Chamber 6,28-0316623b5aff,24.062,T236,42C,off
01/05/2022 11:20:22,Chamber 6,28-0316623b5aff,24.062,T236,42C,off
01/05/2022 11:20:42,Chamber 6,28-0316623b5aff,24.062,T236,42C,off
01/05/2022 11:21:02,Chamber 6,28-0316623b5aff,24.062,T236,42C,off
01/05/2022 11:21:22,Chamber 6,28-0316623b5aff,24.062,T236,42C,off
01/05/2022 11:21:42,Chamber 6,28-0316623b5aff,24.062,T236,42C,off
01/05/2022 11:22:02,Chamber 6,28-0316623b5aff,24.062,T236,42C,off
01/05/2022 11:22:22,Chamber 6,28-0316623b5aff,24.062,T236,42C,off
01/05/2022 11:22:42,Chamber 6,28-0316623b5aff,24.062,T236,42C,off
01/05/2022 11:23:02,Chamber 6,28-0316623b5aff,24.062,T236,42C,off
01/05/2022 11:23:22,Chamber 6,28-0316623b5aff,24.062,T236,42C,off
01/05/2022 11:23:42,Chamber 6,28-0316623b5aff,24.062,T236,42C,off
01/05/2022 11:24:02,Chamber 6,28-0316623b5aff,24.062,T236,42C,off
01/05/2022 11:24:22,Chamber 6,28-0316623b5aff,24.062,T236,42C,off
01/05/2022 11:24:42,Chamber 6,28-0316623b5aff,24.125,T236,42C,off
01/05/2022 11:25:02,Chamber 6,28-0316623b5aff,24.062,T236,42C,off
01/05/2022 11:25:22,Chamber 6,28-0316623b5aff,24.062,T236,42C,off
01/05/2022 11:25:42,Chamber 6,28-0316623b5aff,24.125,T236,42C,off
01/05/2022 11:26:02,Chamber 6,28-0316623b5aff,24.062,T236,42C,off
01/05/2022 11:26:22,Chamber 6,28-0316623b5aff,24.125,T236,42C,off
01/05/2022 11:26:42,Chamber 6,28-0316623b5aff,24.125,T236,42C,off
01/05/2022 11:27:02,Chamber 6,28-0316623b5aff,24.125,T236,42C,off
01/05/2022 11:27:23,Chamber 6,28-0316623b5aff,24.125,T236,42C,off
01/05/2022 11:27:42,Chamber 6,28-0316623b5aff,24.125,T236,42C,off
01/05/2022 11:28:02,Chamber 6,28-0316623b5aff,24.125,T236,42C,off
01/05/2022 11:28:22,Chamber 6,28-0316623b5aff,24.125,T236,42C,off
01/05/2022 11:28:42,Chamber 6,28-0316623b5aff,24.125,T236,42C,off
01/05/2022 11:29:03,Chamber 6,28-0316623b5aff,24.125,T236,42C,off
01/05/2022 11:29:22,Chamber 6,28-0316623b5aff,24.125,T236,42C,off
01/05/2022 11:29:42,Chamber 6,28-0316623b5aff,24.125,T236,42C,off
01/05/2022 11:30:02,Chamber 6,28-0316623b5aff,24.125,T236,42C,off
01/05/2022 11:30:22,Chamber 6,28-0316623b5aff,24.125,T236,42C,off
01/05/2022 11:30:42,Chamber 6,28-0316623b5aff,24.125,T236,42C,off
01/05/2022 11:31:02,Chamber 6,28-0316623b5aff,24.125,T236,42C,off
01/05/2022 11:31:22,Chamber 6,28-0316623b5aff,24.125,T236,42C,off
01/05/2022 11:31:42,Chamber 6,28-0316623b5aff,24.125,T236,42C,off
01/05/2022 11:32:02,Chamber 6,28-0316623b5aff,24.125,T236,42C,off
01/05/2022 11:32:22,Chamber 6,28-0316623b5aff,24.187,T236,42C,off
01/05/2022 11:32:42,Chamber 6,28-0316623b5aff,24.187,T236,42C,off
01/05/2022 11:33:02,Chamber 6,28-0316623b5aff,24.187,T236,42C,off
01/05/2022 11:33:22,Chamber 6,28-0316623b5aff,24.187,T236,42C,off
01/05/2022 11:33:42,Chamber 6,28-0316623b5aff,24.187,T236,42C,off
01/05/2022 11:34:02,Chamber 6,28-0316623b5aff,24.187,T236,42C,off
01/05/2022 11:34:22,Chamber 6,28-0316623b5aff,24.187,T236,42C,off
01/05/2022 11:34:42,Chamber 6,28-0316623b5aff,24.187,T236,42C,off
01/05/2022 11:35:02,Chamber 6,28-0316623b5aff,24.187,T236,42C,off
01/05/2022 11:35:22,Chamber 6,28-0316623b5aff,24.187,T236,42C,off
01/05/2022 11:35:42,Chamber 6,28-0316623b5aff,24.187,T236,42C,off
01/05/2022 11:36:02,Chamber 6,28-0316623b5aff,24.187,T236,42C,off
01/05/2022 11:36:22,Chamber 6,28-0316623b5aff,24.187,T236,42C,off
01/05/2022 11:36:42,Chamber 6,28-0316623b5aff,24.187,T236,42C,off
01/05/2022 11:37:02,Chamber 6,28-0316623b5aff,24.187,T236,42C,off
