12/01/2021 09:09:42,Chamber 6,28-0316623b5aff,33.875,BLANK,27C,off
12/01/2021 09:10:02,Chamber 6,28-0316623b5aff,34.0,BLANK,27C,off
12/01/2021 09:10:22,Chamber 6,28-0316623b5aff,34.062,BLANK,27C,off
12/01/2021 09:10:42,Chamber 6,28-0316623b5aff,34.125,BLANK,27C,off
12/01/2021 09:11:02,Chamber 6,28-0316623b5aff,34.187,BLANK,27C,off
12/01/2021 09:11:22,Chamber 6,28-0316623b5aff,34.25,BLANK,27C,off
12/01/2021 09:11:42,Chamber 6,28-0316623b5aff,34.312,BLANK,27C,off
12/01/2021 09:12:02,Chamber 6,28-0316623b5aff,34.375,BLANK,27C,off
12/01/2021 09:12:22,Chamber 6,28-0316623b5aff,34.437,BLANK,27C,off
12/01/2021 09:12:42,Chamber 6,28-0316623b5aff,34.5,BLANK,27C,off
12/01/2021 09:13:02,Chamber 6,28-0316623b5aff,34.5,BLANK,27C,off
12/01/2021 09:13:22,Chamber 6,28-0316623b5aff,34.562,BLANK,27C,off
12/01/2021 09:13:42,Chamber 6,28-0316623b5aff,34.625,BLANK,44C,off
12/01/2021 09:14:03,Chamber 6,28-0316623b5aff,34.625,BLANK,44C,off
12/01/2021 09:14:22,Chamber 6,28-0316623b5aff,34.687,BLANK,44C,off
12/01/2021 09:14:42,Chamber 6,28-0316623b5aff,34.687,BLANK,44C,off
12/01/2021 09:15:02,Chamber 6,28-0316623b5aff,34.75,BLANK,44C,off
12/01/2021 09:15:22,Chamber 6,28-0316623b5aff,34.75,BLANK,44C,off
12/01/2021 09:15:43,Chamber 6,28-0316623b5aff,34.812,BLANK,44C,off
12/01/2021 09:16:02,Chamber 6,28-0316623b5aff,34.812,T234,40C,off
12/01/2021 09:16:22,Chamber 6,28-0316623b5aff,34.875,T234,40C,off
12/01/2021 09:16:42,Chamber 6,28-0316623b5aff,34.875,T234,40C,off
12/01/2021 09:17:02,Chamber 6,28-0316623b5aff,34.875,T234,40C,off
12/01/2021 09:17:22,Chamber 6,28-0316623b5aff,34.937,T234,40C,off
12/01/2021 09:17:42,Chamber 6,28-0316623b5aff,34.937,T234,40C,off
12/01/2021 09:18:02,Chamber 6,28-0316623b5aff,34.937,T234,40C,off
12/01/2021 09:18:22,Chamber 6,28-0316623b5aff,34.937,T234,40C,off
12/01/2021 09:18:42,Chamber 6,28-0316623b5aff,34.875,T234,40C,off
12/01/2021 09:19:02,Chamber 6,28-0316623b5aff,34.875,T234,40C,off
12/01/2021 09:19:22,Chamber 6,28-0316623b5aff,34.875,T234,40C,off
12/01/2021 09:19:42,Chamber 6,28-0316623b5aff,34.875,T234,40C,off
12/01/2021 09:20:02,Chamber 6,28-0316623b5aff,34.875,T234,40C,off
12/01/2021 09:20:22,Chamber 6,28-0316623b5aff,34.875,T234,40C,off
12/01/2021 09:20:42,Chamber 6,28-0316623b5aff,34.812,T234,40C,off
12/01/2021 09:21:02,Chamber 6,28-0316623b5aff,34.812,T234,40C,off
12/01/2021 09:21:22,Chamber 6,28-0316623b5aff,34.812,T234,40C,off
12/01/2021 09:21:42,Chamber 6,28-0316623b5aff,34.812,T234,40C,off
12/01/2021 09:22:02,Chamber 6,28-0316623b5aff,34.75,T234,40C,off
12/01/2021 09:22:22,Chamber 6,28-0316623b5aff,34.75,T234,40C,off
12/01/2021 09:22:42,Chamber 6,28-0316623b5aff,34.687,T234,40C,off
12/01/2021 09:23:02,Chamber 6,28-0316623b5aff,34.687,T234,40C,off
12/01/2021 09:23:22,Chamber 6,28-0316623b5aff,34.687,T234,40C,off
12/01/2021 09:23:42,Chamber 6,28-0316623b5aff,34.625,T234,40C,off
12/01/2021 09:24:02,Chamber 6,28-0316623b5aff,34.625,T234,40C,off
12/01/2021 09:24:22,Chamber 6,28-0316623b5aff,34.625,T234,40C,off
12/01/2021 09:24:42,Chamber 6,28-0316623b5aff,34.562,T234,40C,off
12/01/2021 09:25:02,Chamber 6,28-0316623b5aff,34.562,T234,40C,off
12/01/2021 09:25:22,Chamber 6,28-0316623b5aff,34.562,T234,40C,off
12/01/2021 09:25:42,Chamber 6,28-0316623b5aff,34.5,T234,40C,off
12/01/2021 09:26:02,Chamber 6,28-0316623b5aff,34.5,T234,40C,off
12/01/2021 09:26:23,Chamber 6,28-0316623b5aff,34.5,T234,40C,off
12/01/2021 09:26:42,Chamber 6,28-0316623b5aff,34.5,T234,40C,off
12/01/2021 09:27:02,Chamber 6,28-0316623b5aff,34.437,T234,40C,off
12/01/2021 09:27:22,Chamber 6,28-0316623b5aff,34.437,T234,40C,off
12/01/2021 09:27:42,Chamber 6,28-0316623b5aff,34.437,T234,40C,off
12/01/2021 09:28:02,Chamber 6,28-0316623b5aff,34.437,T234,40C,off
12/01/2021 09:28:22,Chamber 6,28-0316623b5aff,34.437,T234,40C,off
12/01/2021 09:28:42,Chamber 6,28-0316623b5aff,34.375,T234,40C,off
12/01/2021 09:29:03,Chamber 6,28-0316623b5aff,34.375,T234,40C,off
12/01/2021 09:29:22,Chamber 6,28-0316623b5aff,34.375,T234,40C,off
12/01/2021 09:29:42,Chamber 6,28-0316623b5aff,34.375,T234,40C,off
12/01/2021 09:30:02,Chamber 6,28-0316623b5aff,34.375,T234,40C,off
12/01/2021 09:30:22,Chamber 6,28-0316623b5aff,34.375,T234,40C,off
12/01/2021 09:30:42,Chamber 6,28-0316623b5aff,34.312,T234,40C,off
12/01/2021 09:31:02,Chamber 6,28-0316623b5aff,34.312,T234,40C,off
12/01/2021 09:31:22,Chamber 6,28-0316623b5aff,34.312,T234,40C,off
12/01/2021 09:31:42,Chamber 6,28-0316623b5aff,34.312,T234,40C,off
12/01/2021 09:32:02,Chamber 6,28-0316623b5aff,34.312,T234,40C,off
12/01/2021 09:32:22,Chamber 6,28-0316623b5aff,34.312,T234,40C,off
12/01/2021 09:32:42,Chamber 6,28-0316623b5aff,34.312,T234,40C,off
12/01/2021 09:33:02,Chamber 6,28-0316623b5aff,34.312,T234,40C,off
12/01/2021 09:33:22,Chamber 6,28-0316623b5aff,34.312,T234,40C,off
12/01/2021 09:33:42,Chamber 6,28-0316623b5aff,34.312,T234,40C,off
12/01/2021 09:34:02,Chamber 6,28-0316623b5aff,34.312,T234,40C,off
12/01/2021 09:34:23,Chamber 6,28-0316623b5aff,34.312,T234,40C,off
12/01/2021 09:34:42,Chamber 6,28-0316623b5aff,34.312,T234,40C,off
12/01/2021 09:35:02,Chamber 6,28-0316623b5aff,34.375,T234,40C,off
12/01/2021 09:35:22,Chamber 6,28-0316623b5aff,34.375,T234,40C,off
12/01/2021 09:35:42,Chamber 6,28-0316623b5aff,34.375,T234,40C,off
12/01/2021 09:36:02,Chamber 6,28-0316623b5aff,34.375,T234,40C,off
12/01/2021 09:36:22,Chamber 6,28-0316623b5aff,34.375,T234,40C,off
12/01/2021 09:36:42,Chamber 6,28-0316623b5aff,34.375,T234,40C,off
12/01/2021 09:37:02,Chamber 6,28-0316623b5aff,34.375,T234,40C,off
12/01/2021 09:37:22,Chamber 6,28-0316623b5aff,34.375,T234,40C,off
12/01/2021 09:37:42,Chamber 6,28-0316623b5aff,34.375,T234,40C,off
12/01/2021 09:38:02,Chamber 6,28-0316623b5aff,34.437,T234,40C,off
12/01/2021 09:38:22,Chamber 6,28-0316623b5aff,34.437,T234,40C,off
12/01/2021 09:38:42,Chamber 6,28-0316623b5aff,34.437,T234,40C,off
12/01/2021 09:39:02,Chamber 6,28-0316623b5aff,34.437,T234,40C,off
12/01/2021 09:39:22,Chamber 6,28-0316623b5aff,34.437,T234,40C,off
12/01/2021 09:39:42,Chamber 6,28-0316623b5aff,34.0,T234,40C,off
12/01/2021 09:40:02,Chamber 6,28-0316623b5aff,33.687,T234,40C,off
12/01/2021 09:40:22,Chamber 6,28-0316623b5aff,33.625,T234,40C,off
12/01/2021 09:40:42,Chamber 6,28-0316623b5aff,33.625,T234,40C,off
12/01/2021 09:41:02,Chamber 6,28-0316623b5aff,33.562,T234,40C,off
12/01/2021 09:41:22,Chamber 6,28-0316623b5aff,33.625,T234,40C,off
12/01/2021 09:41:42,Chamber 6,28-0316623b5aff,33.625,T234,40C,off
12/01/2021 09:42:02,Chamber 6,28-0316623b5aff,33.625,T234,40C,off
12/01/2021 09:42:22,Chamber 6,28-0316623b5aff,33.75,T234,40C,off
12/01/2021 09:42:42,Chamber 6,28-0316623b5aff,33.812,T234,40C,off
12/01/2021 09:43:02,Chamber 6,28-0316623b5aff,33.937,T234,40C,off
12/01/2021 09:43:22,Chamber 6,28-0316623b5aff,34.062,T234,40C,off
12/01/2021 09:43:42,Chamber 6,28-0316623b5aff,34.187,T234,40C,off
12/01/2021 09:44:02,Chamber 6,28-0316623b5aff,34.312,T234,40C,off
12/01/2021 09:44:22,Chamber 6,28-0316623b5aff,34.5,T234,40C,off
12/01/2021 09:44:42,Chamber 6,28-0316623b5aff,34.687,T234,40C,on
12/01/2021 09:45:02,Chamber 6,28-0316623b5aff,34.875,T234,40C,on
12/01/2021 09:45:22,Chamber 6,28-0316623b5aff,35.062,T234,40C,on
12/01/2021 09:45:42,Chamber 6,28-0316623b5aff,35.25,T234,40C,on
12/01/2021 09:46:02,Chamber 6,28-0316623b5aff,35.5,T234,40C,on
12/01/2021 09:46:22,Chamber 6,28-0316623b5aff,35.687,T234,40C,on
12/01/2021 09:46:42,Chamber 6,28-0316623b5aff,35.937,T234,40C,on
12/01/2021 09:47:02,Chamber 6,28-0316623b5aff,36.125,T234,40C,on
12/01/2021 09:47:22,Chamber 6,28-0316623b5aff,36.375,T234,40C,on
12/01/2021 09:47:42,Chamber 6,28-0316623b5aff,36.562,T234,40C,on
12/01/2021 09:48:02,Chamber 6,28-0316623b5aff,36.75,T234,40C,on
12/01/2021 09:48:22,Chamber 6,28-0316623b5aff,37.0,T234,40C,on
12/01/2021 09:48:42,Chamber 6,28-0316623b5aff,37.125,T234,40C,on
12/01/2021 09:49:02,Chamber 6,28-0316623b5aff,37.375,T234,40C,on
12/01/2021 09:49:22,Chamber 6,28-0316623b5aff,37.5,T234,40C,on
12/01/2021 09:49:42,Chamber 6,28-0316623b5aff,37.687,T234,40C,on
12/01/2021 09:50:02,Chamber 6,28-0316623b5aff,37.875,T234,40C,on
12/01/2021 09:50:22,Chamber 6,28-0316623b5aff,38.0,T234,40C,on
12/01/2021 09:50:42,Chamber 6,28-0316623b5aff,38.187,T234,40C,on
12/01/2021 09:51:02,Chamber 6,28-0316623b5aff,38.312,T234,40C,on
12/01/2021 09:51:22,Chamber 6,28-0316623b5aff,38.5,T234,40C,on
12/01/2021 09:51:42,Chamber 6,28-0316623b5aff,38.625,T234,40C,on
12/01/2021 09:52:02,Chamber 6,28-0316623b5aff,38.75,T234,40C,on
12/01/2021 09:52:22,Chamber 6,28-0316623b5aff,38.937,T234,40C,on
12/01/2021 09:52:42,Chamber 6,28-0316623b5aff,39.062,T234,40C,on
12/01/2021 09:53:02,Chamber 6,28-0316623b5aff,39.187,T234,40C,on
12/01/2021 09:53:22,Chamber 6,28-0316623b5aff,39.312,T234,40C,on
12/01/2021 09:53:42,Chamber 6,28-0316623b5aff,39.437,T234,40C,on
12/01/2021 09:54:02,Chamber 6,28-0316623b5aff,39.562,T234,40C,on
12/01/2021 09:54:22,Chamber 6,28-0316623b5aff,39.687,T234,40C,on
12/01/2021 09:54:42,Chamber 6,28-0316623b5aff,39.812,T234,40C,on
12/01/2021 09:55:02,Chamber 6,28-0316623b5aff,39.937,T234,40C,on
12/01/2021 09:55:22,Chamber 6,28-0316623b5aff,40.062,T234,40C,on
12/01/2021 09:55:42,Chamber 6,28-0316623b5aff,40.187,T234,40C,on
12/01/2021 09:56:02,Chamber 6,28-0316623b5aff,40.312,T234,40C,on
12/01/2021 09:56:22,Chamber 6,28-0316623b5aff,40.437,T234,40C,on
12/01/2021 09:56:42,Chamber 6,28-0316623b5aff,40.5,T234,40C,on
12/01/2021 09:57:02,Chamber 6,28-0316623b5aff,40.625,T234,40C,on
12/01/2021 09:57:22,Chamber 6,28-0316623b5aff,40.687,T234,40C,on
12/01/2021 09:57:42,Chamber 6,28-0316623b5aff,40.75,T234,40C,on
12/01/2021 09:58:02,Chamber 6,28-0316623b5aff,40.75,T234,40C,on
12/01/2021 09:58:22,Chamber 6,28-0316623b5aff,40.875,T234,40C,on
12/01/2021 09:58:42,Chamber 6,28-0316623b5aff,41.0,T234,40C,on
12/01/2021 09:59:02,Chamber 6,28-0316623b5aff,41.062,T234,40C,on
12/01/2021 09:59:22,Chamber 6,28-0316623b5aff,41.125,T234,40C,on
12/01/2021 09:59:42,Chamber 6,28-0316623b5aff,41.187,T234,40C,on
12/01/2021 10:00:02,Chamber 6,28-0316623b5aff,41.25,T234,40C,on
12/01/2021 10:00:22,Chamber 6,28-0316623b5aff,41.375,T234,40C,on
12/01/2021 10:00:42,Chamber 6,28-0316623b5aff,41.437,T234,40C,on
12/01/2021 10:01:02,Chamber 6,28-0316623b5aff,41.5,T234,40C,on
12/01/2021 10:01:22,Chamber 6,28-0316623b5aff,41.562,T234,40C,on
12/01/2021 10:01:42,Chamber 6,28-0316623b5aff,41.687,T234,40C,on
12/01/2021 10:02:02,Chamber 6,28-0316623b5aff,41.75,T234,40C,on
12/01/2021 10:02:22,Chamber 6,28-0316623b5aff,41.812,T234,40C,on
12/01/2021 10:02:42,Chamber 6,28-0316623b5aff,41.937,T234,40C,on
12/01/2021 10:03:02,Chamber 6,28-0316623b5aff,42.0,T234,40C,on
12/01/2021 10:03:22,Chamber 6,28-0316623b5aff,42.062,T234,40C,on
12/01/2021 10:03:42,Chamber 6,28-0316623b5aff,42.125,T234,40C,on
12/01/2021 10:04:02,Chamber 6,28-0316623b5aff,42.187,T234,40C,on
12/01/2021 10:04:22,Chamber 6,28-0316623b5aff,42.25,T234,40C,on
12/01/2021 10:04:42,Chamber 6,28-0316623b5aff,42.312,T234,40C,on
12/01/2021 10:05:02,Chamber 6,28-0316623b5aff,42.375,T234,40C,on
12/01/2021 10:05:22,Chamber 6,28-0316623b5aff,42.437,T234,40C,on
12/01/2021 10:05:42,Chamber 6,28-0316623b5aff,42.437,T234,40C,on
12/01/2021 10:06:02,Chamber 6,28-0316623b5aff,42.5,T234,40C,on
12/01/2021 10:06:23,Chamber 6,28-0316623b5aff,42.5,T234,40C,on
12/01/2021 10:06:42,Chamber 6,28-0316623b5aff,42.5,T234,40C,on
12/01/2021 10:07:02,Chamber 6,28-0316623b5aff,42.5,T234,40C,on
12/01/2021 10:07:22,Chamber 6,28-0316623b5aff,42.5,T234,40C,on
12/01/2021 10:07:42,Chamber 6,28-0316623b5aff,42.5,T234,40C,on
12/01/2021 10:08:02,Chamber 6,28-0316623b5aff,42.5,T234,40C,on
12/01/2021 10:08:22,Chamber 6,28-0316623b5aff,42.437,T234,40C,on
12/01/2021 10:08:42,Chamber 6,28-0316623b5aff,42.437,T234,40C,on
12/01/2021 10:09:02,Chamber 6,28-0316623b5aff,42.375,T234,40C,on
12/01/2021 10:09:22,Chamber 6,28-0316623b5aff,42.312,T234,40C,on
12/01/2021 10:09:42,Chamber 6,28-0316623b5aff,42.25,T234,40C,on
12/01/2021 10:10:02,Chamber 6,28-0316623b5aff,42.25,T234,40C,on
12/01/2021 10:10:22,Chamber 6,28-0316623b5aff,42.187,T234,40C,on
12/01/2021 10:10:42,Chamber 6,28-0316623b5aff,42.062,T234,40C,on
12/01/2021 10:11:02,Chamber 6,28-0316623b5aff,42.062,T234,40C,on
12/01/2021 10:11:22,Chamber 6,28-0316623b5aff,41.937,T234,40C,on
12/01/2021 10:11:42,Chamber 6,28-0316623b5aff,41.875,T234,40C,on
12/01/2021 10:12:02,Chamber 6,28-0316623b5aff,41.812,T234,40C,on
12/01/2021 10:12:22,Chamber 6,28-0316623b5aff,41.75,T234,40C,on
12/01/2021 10:12:42,Chamber 6,28-0316623b5aff,41.625,T234,40C,on
12/01/2021 10:13:02,Chamber 6,28-0316623b5aff,41.562,T234,40C,on
12/01/2021 10:13:22,Chamber 6,28-0316623b5aff,41.5,T234,40C,on
12/01/2021 10:13:42,Chamber 6,28-0316623b5aff,41.437,T234,40C,on
12/01/2021 10:14:02,Chamber 6,28-0316623b5aff,41.375,T234,40C,on
12/01/2021 10:14:22,Chamber 6,28-0316623b5aff,41.25,T234,40C,on
12/01/2021 10:14:42,Chamber 6,28-0316623b5aff,41.187,T234,40C,on
12/01/2021 10:15:02,Chamber 6,28-0316623b5aff,41.062,T234,40C,on
12/01/2021 10:15:22,Chamber 6,28-0316623b5aff,41.0,T234,40C,on
12/01/2021 10:15:42,Chamber 6,28-0316623b5aff,40.937,T234,40C,on
12/01/2021 10:16:02,Chamber 6,28-0316623b5aff,40.875,T234,40C,on
12/01/2021 10:16:22,Chamber 6,28-0316623b5aff,40.812,T234,40C,on
12/01/2021 10:16:42,Chamber 6,28-0316623b5aff,40.687,T234,40C,on
12/01/2021 10:17:02,Chamber 6,28-0316623b5aff,40.625,T234,40C,on
12/01/2021 10:17:22,Chamber 6,28-0316623b5aff,40.562,T234,40C,on
12/01/2021 10:17:42,Chamber 6,28-0316623b5aff,40.5,T234,40C,on
12/01/2021 10:18:02,Chamber 6,28-0316623b5aff,40.437,T234,40C,on
12/01/2021 10:18:22,Chamber 6,28-0316623b5aff,40.375,T234,40C,on
12/01/2021 10:18:42,Chamber 6,28-0316623b5aff,40.312,T234,40C,on
12/01/2021 10:19:03,Chamber 6,28-0316623b5aff,40.25,T234,40C,on
12/01/2021 10:19:22,Chamber 6,28-0316623b5aff,40.187,T234,40C,on
12/01/2021 10:19:42,Chamber 6,28-0316623b5aff,40.187,T234,40C,on
12/01/2021 10:20:02,Chamber 6,28-0316623b5aff,40.125,T234,40C,on
12/01/2021 10:20:22,Chamber 6,28-0316623b5aff,40.062,T234,40C,on
12/01/2021 10:20:42,Chamber 6,28-0316623b5aff,40.062,T234,40C,on
12/01/2021 10:21:02,Chamber 6,28-0316623b5aff,40.0,T234,40C,on
12/01/2021 10:21:22,Chamber 6,28-0316623b5aff,40.0,T234,40C,on
12/01/2021 10:21:42,Chamber 6,28-0316623b5aff,39.937,T234,40C,on
12/01/2021 10:22:02,Chamber 6,28-0316623b5aff,39.937,T234,40C,on
12/01/2021 10:22:22,Chamber 6,28-0316623b5aff,39.937,T234,40C,on
12/01/2021 10:22:42,Chamber 6,28-0316623b5aff,39.875,T234,40C,on
12/01/2021 10:23:02,Chamber 6,28-0316623b5aff,39.875,T234,40C,on
12/01/2021 10:23:22,Chamber 6,28-0316623b5aff,39.875,T234,40C,on
12/01/2021 10:23:42,Chamber 6,28-0316623b5aff,39.875,T234,40C,on
12/01/2021 10:24:02,Chamber 6,28-0316623b5aff,39.875,T234,40C,on
12/01/2021 10:24:22,Chamber 6,28-0316623b5aff,39.875,T234,40C,on
12/01/2021 10:24:42,Chamber 6,28-0316623b5aff,39.875,T234,40C,on
12/01/2021 10:25:02,Chamber 6,28-0316623b5aff,39.875,T234,40C,on
12/01/2021 10:25:22,Chamber 6,28-0316623b5aff,39.875,T234,40C,on
12/01/2021 10:25:42,Chamber 6,28-0316623b5aff,39.875,T234,40C,on
12/01/2021 10:26:02,Chamber 6,28-0316623b5aff,39.875,T234,40C,on
12/01/2021 10:26:22,Chamber 6,28-0316623b5aff,39.875,T234,40C,on
12/01/2021 10:26:42,Chamber 6,28-0316623b5aff,39.937,T234,40C,on
12/01/2021 10:27:02,Chamber 6,28-0316623b5aff,39.937,T234,40C,on
12/01/2021 10:27:22,Chamber 6,28-0316623b5aff,39.937,T234,40C,on
12/01/2021 10:27:42,Chamber 6,28-0316623b5aff,39.937,T234,40C,on
12/01/2021 10:28:02,Chamber 6,28-0316623b5aff,40.0,T234,40C,on
12/01/2021 10:28:22,Chamber 6,28-0316623b5aff,40.0,T234,40C,on
12/01/2021 10:28:42,Chamber 6,28-0316623b5aff,40.0,T234,40C,on
12/01/2021 10:29:02,Chamber 6,28-0316623b5aff,40.062,T234,40C,on
12/01/2021 10:29:22,Chamber 6,28-0316623b5aff,40.062,T234,40C,on
12/01/2021 10:29:42,Chamber 6,28-0316623b5aff,40.062,T234,40C,on
12/01/2021 10:30:02,Chamber 6,28-0316623b5aff,40.125,T234,40C,on
12/01/2021 10:30:22,Chamber 6,28-0316623b5aff,40.125,T234,40C,on
12/01/2021 10:30:42,Chamber 6,28-0316623b5aff,40.187,T234,40C,on
12/01/2021 10:31:02,Chamber 6,28-0316623b5aff,40.187,T234,40C,on
12/01/2021 10:31:22,Chamber 6,28-0316623b5aff,40.187,T234,40C,on
12/01/2021 10:31:42,Chamber 6,28-0316623b5aff,40.25,T234,40C,on
12/01/2021 10:32:02,Chamber 6,28-0316623b5aff,40.25,T234,40C,on
12/01/2021 10:32:22,Chamber 6,28-0316623b5aff,40.25,T234,40C,on
12/01/2021 10:32:42,Chamber 6,28-0316623b5aff,40.312,T234,40C,on
12/01/2021 10:33:02,Chamber 6,28-0316623b5aff,40.312,T234,40C,on
12/01/2021 10:33:22,Chamber 6,28-0316623b5aff,40.375,T234,40C,on
12/01/2021 10:33:42,Chamber 6,28-0316623b5aff,40.375,T234,40C,on
12/01/2021 10:34:02,Chamber 6,28-0316623b5aff,40.375,T234,40C,on
12/01/2021 10:34:22,Chamber 6,28-0316623b5aff,40.375,T234,40C,on
12/01/2021 10:34:42,Chamber 6,28-0316623b5aff,40.375,T234,40C,on
12/01/2021 10:35:02,Chamber 6,28-0316623b5aff,40.437,T234,40C,on
12/01/2021 10:35:22,Chamber 6,28-0316623b5aff,40.437,T234,40C,on
12/01/2021 10:35:42,Chamber 6,28-0316623b5aff,40.437,T234,40C,on
12/01/2021 10:36:02,Chamber 6,28-0316623b5aff,40.437,T234,40C,on
12/01/2021 10:36:22,Chamber 6,28-0316623b5aff,40.437,T234,40C,on
12/01/2021 10:36:42,Chamber 6,28-0316623b5aff,40.437,T234,40C,on
12/01/2021 10:37:02,Chamber 6,28-0316623b5aff,40.437,T234,40C,on
12/01/2021 10:37:22,Chamber 6,28-0316623b5aff,40.437,T234,40C,on
12/01/2021 10:37:42,Chamber 6,28-0316623b5aff,40.437,T234,40C,on
12/01/2021 10:38:02,Chamber 6,28-0316623b5aff,40.437,T234,40C,on
12/01/2021 10:38:22,Chamber 6,28-0316623b5aff,40.437,T234,40C,on
12/01/2021 10:38:42,Chamber 6,28-0316623b5aff,40.437,T234,40C,on
12/01/2021 10:39:02,Chamber 6,28-0316623b5aff,40.437,T234,40C,on
12/01/2021 10:39:22,Chamber 6,28-0316623b5aff,40.437,T234,40C,on
12/01/2021 10:39:42,Chamber 6,28-0316623b5aff,40.437,T234,40C,on
12/01/2021 10:40:02,Chamber 6,28-0316623b5aff,40.437,T234,40C,on
12/01/2021 10:40:22,Chamber 6,28-0316623b5aff,40.437,T234,40C,on
12/01/2021 10:40:42,Chamber 6,28-0316623b5aff,40.437,T234,40C,on
12/01/2021 10:41:02,Chamber 6,28-0316623b5aff,40.437,T234,40C,on
12/01/2021 10:41:22,Chamber 6,28-0316623b5aff,40.437,T234,40C,on
12/01/2021 10:41:42,Chamber 6,28-0316623b5aff,40.437,T234,40C,on
12/01/2021 10:42:02,Chamber 6,28-0316623b5aff,40.437,T234,40C,on
12/01/2021 10:42:22,Chamber 6,28-0316623b5aff,40.437,T234,40C,on
12/01/2021 10:42:42,Chamber 6,28-0316623b5aff,40.437,T234,40C,on
12/01/2021 10:43:02,Chamber 6,28-0316623b5aff,40.437,T234,40C,on
12/01/2021 10:43:22,Chamber 6,28-0316623b5aff,40.437,T234,40C,on
12/01/2021 10:43:42,Chamber 6,28-0316623b5aff,40.437,T234,40C,on
12/01/2021 10:44:02,Chamber 6,28-0316623b5aff,40.375,T234,40C,on
12/01/2021 10:44:22,Chamber 6,28-0316623b5aff,40.375,T234,40C,on
12/01/2021 10:44:42,Chamber 6,28-0316623b5aff,40.375,T234,40C,on
12/01/2021 10:45:02,Chamber 6,28-0316623b5aff,40.375,T234,40C,on
12/01/2021 10:45:22,Chamber 6,28-0316623b5aff,40.375,T234,40C,off
12/01/2021 10:45:42,Chamber 6,28-0316623b5aff,40.375,T234,40C,off
12/01/2021 10:46:02,Chamber 6,28-0316623b5aff,40.375,T234,40C,off
12/01/2021 10:46:22,Chamber 6,28-0316623b5aff,40.375,T234,40C,off
12/01/2021 10:46:42,Chamber 6,28-0316623b5aff,40.312,T234,40C,off
12/01/2021 10:47:02,Chamber 6,28-0316623b5aff,40.312,T234,40C,off
12/01/2021 10:47:22,Chamber 6,28-0316623b5aff,40.25,T234,40C,off
12/01/2021 10:47:42,Chamber 6,28-0316623b5aff,40.187,T234,40C,off
12/01/2021 10:48:02,Chamber 6,28-0316623b5aff,40.125,T234,40C,off
12/01/2021 10:48:22,Chamber 6,28-0316623b5aff,40.062,T234,40C,off
12/01/2021 10:48:42,Chamber 6,28-0316623b5aff,40.0,T234,40C,off
12/01/2021 10:49:02,Chamber 6,28-0316623b5aff,39.875,T234,40C,off
12/01/2021 10:49:22,Chamber 6,28-0316623b5aff,39.812,T234,40C,off
12/01/2021 10:49:42,Chamber 6,28-0316623b5aff,39.687,T234,40C,off
12/01/2021 10:50:02,Chamber 6,28-0316623b5aff,39.625,T234,40C,off
12/01/2021 10:50:22,Chamber 6,28-0316623b5aff,39.5,T234,40C,off
12/01/2021 10:50:42,Chamber 6,28-0316623b5aff,39.375,T234,40C,off
12/01/2021 10:51:02,Chamber 6,28-0316623b5aff,39.25,T234,40C,off
12/01/2021 10:51:22,Chamber 6,28-0316623b5aff,39.062,T234,40C,off
12/01/2021 10:51:42,Chamber 6,28-0316623b5aff,39.0,T234,40C,off
12/01/2021 10:52:02,Chamber 6,28-0316623b5aff,38.812,T234,40C,off
12/01/2021 10:52:22,Chamber 6,28-0316623b5aff,38.687,T234,40C,off
12/01/2021 10:52:42,Chamber 6,28-0316623b5aff,38.562,T234,40C,off
12/01/2021 10:53:02,Chamber 6,28-0316623b5aff,38.375,T234,40C,off
12/01/2021 10:53:22,Chamber 6,28-0316623b5aff,38.25,T234,40C,off
12/01/2021 10:53:42,Chamber 6,28-0316623b5aff,38.125,T234,40C,off
12/01/2021 10:54:02,Chamber 6,28-0316623b5aff,37.937,T234,40C,off
12/01/2021 10:54:22,Chamber 6,28-0316623b5aff,37.812,T234,40C,off
12/01/2021 10:54:42,Chamber 6,28-0316623b5aff,37.625,T234,40C,off
12/01/2021 10:55:02,Chamber 6,28-0316623b5aff,37.5,T234,40C,off
12/01/2021 10:55:22,Chamber 6,28-0316623b5aff,37.312,T234,40C,off
12/01/2021 10:55:42,Chamber 6,28-0316623b5aff,37.187,T234,40C,off
12/01/2021 10:56:02,Chamber 6,28-0316623b5aff,37.062,T234,40C,off
12/01/2021 10:56:22,Chamber 6,28-0316623b5aff,36.937,T234,40C,off
12/01/2021 10:56:42,Chamber 6,28-0316623b5aff,36.75,T234,40C,off
12/01/2021 10:57:02,Chamber 6,28-0316623b5aff,36.625,T234,40C,off
12/01/2021 10:57:22,Chamber 6,28-0316623b5aff,36.437,T234,40C,off
12/01/2021 10:57:42,Chamber 6,28-0316623b5aff,36.312,T234,40C,off
12/01/2021 10:58:02,Chamber 6,28-0316623b5aff,36.187,T234,40C,off
12/01/2021 10:58:22,Chamber 6,28-0316623b5aff,36.062,T234,40C,off
12/01/2021 10:58:42,Chamber 6,28-0316623b5aff,35.875,T234,40C,off
12/01/2021 10:59:02,Chamber 6,28-0316623b5aff,35.75,T234,40C,off
12/01/2021 10:59:22,Chamber 6,28-0316623b5aff,35.625,T234,40C,off
12/01/2021 10:59:42,Chamber 6,28-0316623b5aff,35.5,T234,40C,off
12/01/2021 11:00:02,Chamber 6,28-0316623b5aff,35.375,T234,40C,off
12/01/2021 11:00:22,Chamber 6,28-0316623b5aff,35.187,T234,40C,off
12/01/2021 11:00:42,Chamber 6,28-0316623b5aff,35.062,T234,40C,off
12/01/2021 11:01:02,Chamber 6,28-0316623b5aff,34.937,T234,40C,off
12/01/2021 11:01:22,Chamber 6,28-0316623b5aff,34.812,T234,40C,off
12/01/2021 11:01:42,Chamber 6,28-0316623b5aff,34.687,T234,40C,off
12/01/2021 11:02:02,Chamber 6,28-0316623b5aff,34.5,T234,40C,off
12/01/2021 11:02:22,Chamber 6,28-0316623b5aff,34.0,T234,40C,off
12/01/2021 11:02:43,Chamber 6,28-0316623b5aff,33.875,T234,40C,off
12/01/2021 11:03:02,Chamber 6,28-0316623b5aff,33.687,T234,40C,off
12/01/2021 11:03:22,Chamber 6,28-0316623b5aff,33.562,T234,40C,off
12/01/2021 11:03:42,Chamber 6,28-0316623b5aff,33.437,T234,40C,off
12/01/2021 11:04:02,Chamber 6,28-0316623b5aff,33.312,T234,40C,off
12/01/2021 11:04:22,Chamber 6,28-0316623b5aff,33.187,T234,40C,off
12/01/2021 11:04:42,Chamber 6,28-0316623b5aff,33.062,T234,40C,off
12/01/2021 11:05:02,Chamber 6,28-0316623b5aff,32.937,T234,40C,off
12/01/2021 11:05:22,Chamber 6,28-0316623b5aff,32.812,T234,40C,off
12/01/2021 11:05:42,Chamber 6,28-0316623b5aff,32.687,T234,40C,off
12/01/2021 11:06:02,Chamber 6,28-0316623b5aff,32.562,T234,40C,off
12/01/2021 11:06:22,Chamber 6,28-0316623b5aff,32.437,T234,40C,off
12/01/2021 11:06:42,Chamber 6,28-0316623b5aff,32.312,T234,40C,off
12/01/2021 11:07:02,Chamber 6,28-0316623b5aff,32.187,T234,40C,off
12/01/2021 11:07:22,Chamber 6,28-0316623b5aff,32.062,T234,40C,off
12/01/2021 11:07:42,Chamber 6,28-0316623b5aff,32.0,T234,40C,off
12/01/2021 11:08:02,Chamber 6,28-0316623b5aff,31.875,T234,40C,off
12/01/2021 11:08:22,Chamber 6,28-0316623b5aff,31.625,T234,40C,off
12/01/2021 11:08:42,Chamber 6,28-0316623b5aff,31.5,T234,40C,off
12/01/2021 11:09:02,Chamber 6,28-0316623b5aff,31.437,T234,40C,off
12/01/2021 11:09:22,Chamber 6,28-0316623b5aff,31.375,T234,40C,off
12/01/2021 11:09:42,Chamber 6,28-0316623b5aff,31.312,T234,40C,off
12/01/2021 11:10:02,Chamber 6,28-0316623b5aff,31.25,T234,40C,off
12/01/2021 11:10:22,Chamber 6,28-0316623b5aff,31.187,T234,40C,off
12/01/2021 11:10:42,Chamber 6,28-0316623b5aff,31.062,T234,40C,off
12/01/2021 11:11:02,Chamber 6,28-0316623b5aff,31.0,T234,40C,off
12/01/2021 11:11:22,Chamber 6,28-0316623b5aff,30.937,T234,40C,off
12/01/2021 11:11:42,Chamber 6,28-0316623b5aff,30.875,T234,40C,off
12/01/2021 11:12:02,Chamber 6,28-0316623b5aff,30.812,T234,40C,off
12/01/2021 11:12:22,Chamber 6,28-0316623b5aff,30.687,T234,40C,off
12/01/2021 11:12:42,Chamber 6,28-0316623b5aff,30.625,T234,40C,off
12/01/2021 11:13:02,Chamber 6,28-0316623b5aff,30.562,T234,40C,off
12/01/2021 11:13:22,Chamber 6,28-0316623b5aff,30.562,T234,40C,off
12/01/2021 11:13:42,Chamber 6,28-0316623b5aff,30.5,T234,40C,off
12/01/2021 11:14:02,Chamber 6,28-0316623b5aff,30.437,T234,40C,off
12/01/2021 11:14:22,Chamber 6,28-0316623b5aff,30.375,T234,40C,off
12/01/2021 11:14:42,Chamber 6,28-0316623b5aff,30.375,T234,40C,off
12/01/2021 11:15:02,Chamber 6,28-0316623b5aff,30.25,T234,40C,off
12/01/2021 11:15:22,Chamber 6,28-0316623b5aff,30.187,T234,40C,off
12/01/2021 11:15:42,Chamber 6,28-0316623b5aff,30.125,T234,40C,off
12/01/2021 11:16:02,Chamber 6,28-0316623b5aff,30.062,T234,40C,off
12/01/2021 11:16:22,Chamber 6,28-0316623b5aff,30.0,T234,40C,off
12/01/2021 11:16:42,Chamber 6,28-0316623b5aff,29.937,T234,40C,off
12/01/2021 11:17:02,Chamber 6,28-0316623b5aff,29.937,T234,40C,off
12/01/2021 11:17:22,Chamber 6,28-0316623b5aff,29.875,T234,40C,off
12/01/2021 11:17:42,Chamber 6,28-0316623b5aff,29.812,T234,40C,off
12/01/2021 11:18:02,Chamber 6,28-0316623b5aff,29.812,T234,40C,off
12/01/2021 11:18:22,Chamber 6,28-0316623b5aff,29.75,T234,40C,off
12/01/2021 11:18:42,Chamber 6,28-0316623b5aff,29.687,T234,40C,off
12/01/2021 11:19:02,Chamber 6,28-0316623b5aff,29.625,T234,40C,off
12/01/2021 11:19:22,Chamber 6,28-0316623b5aff,29.625,T234,40C,off
12/01/2021 11:19:42,Chamber 6,28-0316623b5aff,29.562,T234,40C,off
12/01/2021 11:20:02,Chamber 6,28-0316623b5aff,29.5,T234,40C,off
12/01/2021 11:20:23,Chamber 6,28-0316623b5aff,29.5,T234,40C,off
12/01/2021 11:20:42,Chamber 6,28-0316623b5aff,29.437,T234,40C,off
12/01/2021 11:21:02,Chamber 6,28-0316623b5aff,29.375,T234,40C,off
12/01/2021 11:21:22,Chamber 6,28-0316623b5aff,29.375,T234,40C,off
12/01/2021 11:21:42,Chamber 6,28-0316623b5aff,29.312,T234,40C,off
12/01/2021 11:22:02,Chamber 6,28-0316623b5aff,29.312,T234,40C,off
12/01/2021 11:22:22,Chamber 6,28-0316623b5aff,29.25,T234,40C,off
12/01/2021 11:22:42,Chamber 6,28-0316623b5aff,29.187,T234,40C,off
12/01/2021 11:23:02,Chamber 6,28-0316623b5aff,29.187,T234,40C,off
12/01/2021 11:23:22,Chamber 6,28-0316623b5aff,29.125,T234,40C,off
12/01/2021 11:23:42,Chamber 6,28-0316623b5aff,29.125,T234,40C,off
12/01/2021 11:24:02,Chamber 6,28-0316623b5aff,29.062,T234,40C,off
12/01/2021 11:24:22,Chamber 6,28-0316623b5aff,29.0,T234,40C,off
12/01/2021 11:24:42,Chamber 6,28-0316623b5aff,29.0,T234,40C,off
12/01/2021 11:25:02,Chamber 6,28-0316623b5aff,28.937,T234,40C,off
12/01/2021 11:25:22,Chamber 6,28-0316623b5aff,28.937,T234,40C,off
12/01/2021 11:25:43,Chamber 6,28-0316623b5aff,28.875,T234,40C,off
12/01/2021 11:26:02,Chamber 6,28-0316623b5aff,28.812,T234,40C,off
12/01/2021 11:26:22,Chamber 6,28-0316623b5aff,28.812,T234,40C,off
12/01/2021 11:26:42,Chamber 6,28-0316623b5aff,28.75,T234,40C,off
12/01/2021 11:27:02,Chamber 6,28-0316623b5aff,28.75,T234,40C,off
12/01/2021 11:27:22,Chamber 6,28-0316623b5aff,28.687,T234,40C,off
12/01/2021 11:27:42,Chamber 6,28-0316623b5aff,28.625,T234,40C,off
12/01/2021 11:28:02,Chamber 6,28-0316623b5aff,28.625,T234,40C,off
12/01/2021 11:28:22,Chamber 6,28-0316623b5aff,28.562,T234,40C,off
12/01/2021 11:28:42,Chamber 6,28-0316623b5aff,28.562,T234,40C,off
12/01/2021 11:29:02,Chamber 6,28-0316623b5aff,28.5,T234,40C,off
12/01/2021 11:29:22,Chamber 6,28-0316623b5aff,28.5,T234,40C,off
12/01/2021 11:29:42,Chamber 6,28-0316623b5aff,28.437,T234,40C,off
12/01/2021 11:30:02,Chamber 6,28-0316623b5aff,28.437,T234,40C,off
12/01/2021 11:30:22,Chamber 6,28-0316623b5aff,28.437,T234,40C,off
12/01/2021 11:30:42,Chamber 6,28-0316623b5aff,28.375,T234,40C,off
12/01/2021 11:31:02,Chamber 6,28-0316623b5aff,28.312,T234,40C,off
12/01/2021 11:31:22,Chamber 6,28-0316623b5aff,28.312,T234,40C,off
12/01/2021 11:31:42,Chamber 6,28-0316623b5aff,28.312,T234,40C,off
12/01/2021 11:32:02,Chamber 6,28-0316623b5aff,28.25,T234,40C,off
12/01/2021 11:32:22,Chamber 6,28-0316623b5aff,28.25,T234,40C,off
12/01/2021 11:32:42,Chamber 6,28-0316623b5aff,28.187,T234,40C,off
12/01/2021 11:33:03,Chamber 6,28-0316623b5aff,28.187,T234,40C,off
12/01/2021 11:33:22,Chamber 6,28-0316623b5aff,28.187,T234,40C,off
12/01/2021 11:33:42,Chamber 6,28-0316623b5aff,28.125,T234,40C,off
12/01/2021 11:34:02,Chamber 6,28-0316623b5aff,28.125,T234,40C,off
12/01/2021 11:34:22,Chamber 6,28-0316623b5aff,28.062,T234,40C,off
12/01/2021 11:34:42,Chamber 6,28-0316623b5aff,28.062,T234,40C,off
12/01/2021 11:35:02,Chamber 6,28-0316623b5aff,28.062,T234,40C,off
12/01/2021 11:35:22,Chamber 6,28-0316623b5aff,28.0,T234,40C,off
12/01/2021 11:35:42,Chamber 6,28-0316623b5aff,28.0,T234,40C,off
12/01/2021 11:36:03,Chamber 6,28-0316623b5aff,28.0,T234,40C,off
12/01/2021 11:36:22,Chamber 6,28-0316623b5aff,27.937,T234,40C,off
12/01/2021 11:36:42,Chamber 6,28-0316623b5aff,27.937,T234,40C,off
12/01/2021 11:37:02,Chamber 6,28-0316623b5aff,27.937,T234,40C,off
12/01/2021 11:37:22,Chamber 6,28-0316623b5aff,27.937,T234,40C,off
12/01/2021 11:37:42,Chamber 6,28-0316623b5aff,27.875,T234,40C,off
12/01/2021 11:38:02,Chamber 6,28-0316623b5aff,27.875,T234,40C,off
12/01/2021 11:38:22,Chamber 6,28-0316623b5aff,27.875,T234,40C,off
12/01/2021 11:38:42,Chamber 6,28-0316623b5aff,27.875,T234,40C,off
12/01/2021 11:39:02,Chamber 6,28-0316623b5aff,27.812,T234,40C,off
12/01/2021 11:39:22,Chamber 6,28-0316623b5aff,27.812,T234,40C,off
12/01/2021 11:39:42,Chamber 6,28-0316623b5aff,27.75,T234,40C,off
12/01/2021 11:40:02,Chamber 6,28-0316623b5aff,27.75,T234,40C,off
12/01/2021 11:40:22,Chamber 6,28-0316623b5aff,27.75,T234,40C,off
12/01/2021 11:40:42,Chamber 6,28-0316623b5aff,27.75,T234,40C,off
12/01/2021 11:41:02,Chamber 6,28-0316623b5aff,27.687,T234,40C,off
12/01/2021 11:41:22,Chamber 6,28-0316623b5aff,27.687,T234,40C,off
12/01/2021 11:41:42,Chamber 6,28-0316623b5aff,27.625,T234,40C,off
12/01/2021 11:42:02,Chamber 6,28-0316623b5aff,27.625,T234,40C,off
12/01/2021 11:42:22,Chamber 6,28-0316623b5aff,27.625,T234,40C,off
12/01/2021 11:42:42,Chamber 6,28-0316623b5aff,27.562,T234,40C,off
12/01/2021 11:43:02,Chamber 6,28-0316623b5aff,27.562,T234,40C,off
12/01/2021 11:43:22,Chamber 6,28-0316623b5aff,27.562,T234,40C,off
12/01/2021 11:43:42,Chamber 6,28-0316623b5aff,27.5,T234,40C,off
12/01/2021 11:44:02,Chamber 6,28-0316623b5aff,27.5,T234,40C,off
12/01/2021 11:44:22,Chamber 6,28-0316623b5aff,27.5,T234,40C,off
12/01/2021 11:44:42,Chamber 6,28-0316623b5aff,27.5,T234,40C,off
12/01/2021 11:45:02,Chamber 6,28-0316623b5aff,27.5,T234,40C,off
12/01/2021 11:45:22,Chamber 6,28-0316623b5aff,27.5,T234,40C,off
12/01/2021 11:45:42,Chamber 6,28-0316623b5aff,27.437,T234,40C,off
12/01/2021 11:46:02,Chamber 6,28-0316623b5aff,27.437,T234,40C,off
12/01/2021 11:46:22,Chamber 6,28-0316623b5aff,27.437,T234,40C,off
12/01/2021 11:46:42,Chamber 6,28-0316623b5aff,27.437,T234,40C,off
12/01/2021 11:47:02,Chamber 6,28-0316623b5aff,27.437,T234,40C,off
12/01/2021 11:47:22,Chamber 6,28-0316623b5aff,27.375,T234,40C,off
12/01/2021 11:47:42,Chamber 6,28-0316623b5aff,27.375,T234,40C,off
12/01/2021 11:48:02,Chamber 6,28-0316623b5aff,27.375,T234,40C,off
12/01/2021 11:48:22,Chamber 6,28-0316623b5aff,27.375,T234,40C,off
12/01/2021 11:48:42,Chamber 6,28-0316623b5aff,27.312,T234,40C,off
12/01/2021 11:49:02,Chamber 6,28-0316623b5aff,27.312,T234,40C,off
12/01/2021 11:49:22,Chamber 6,28-0316623b5aff,27.312,T234,40C,off
12/01/2021 11:49:42,Chamber 6,28-0316623b5aff,27.312,T234,40C,off
12/01/2021 11:50:02,Chamber 6,28-0316623b5aff,27.25,T234,40C,off
12/01/2021 11:50:22,Chamber 6,28-0316623b5aff,27.312,T234,40C,off
12/01/2021 11:50:42,Chamber 6,28-0316623b5aff,27.25,T234,40C,off
12/01/2021 11:51:02,Chamber 6,28-0316623b5aff,27.25,T234,40C,off
12/01/2021 11:51:22,Chamber 6,28-0316623b5aff,27.25,T234,40C,off
12/01/2021 11:51:42,Chamber 6,28-0316623b5aff,27.25,T234,40C,off
12/01/2021 11:52:02,Chamber 6,28-0316623b5aff,27.187,T234,40C,off
12/01/2021 11:52:22,Chamber 6,28-0316623b5aff,27.187,T234,40C,off
12/01/2021 11:52:42,Chamber 6,28-0316623b5aff,27.187,T234,40C,off
12/01/2021 11:53:02,Chamber 6,28-0316623b5aff,27.187,T234,40C,off
12/01/2021 11:53:22,Chamber 6,28-0316623b5aff,27.187,T234,40C,off
12/01/2021 11:53:42,Chamber 6,28-0316623b5aff,27.187,T234,40C,off
12/01/2021 11:54:02,Chamber 6,28-0316623b5aff,27.187,T234,40C,off
12/01/2021 11:54:22,Chamber 6,28-0316623b5aff,27.125,T234,40C,off
12/01/2021 11:54:43,Chamber 6,28-0316623b5aff,27.125,T234,40C,off
12/01/2021 11:55:02,Chamber 6,28-0316623b5aff,27.125,T234,40C,off
12/01/2021 11:55:22,Chamber 6,28-0316623b5aff,27.125,T234,40C,off
12/01/2021 11:55:42,Chamber 6,28-0316623b5aff,27.062,T234,40C,off
12/01/2021 11:56:02,Chamber 6,28-0316623b5aff,27.125,T234,40C,off
12/01/2021 11:56:22,Chamber 6,28-0316623b5aff,27.125,T234,40C,off
12/01/2021 11:56:42,Chamber 6,28-0316623b5aff,27.062,T234,40C,off
12/01/2021 11:57:02,Chamber 6,28-0316623b5aff,27.062,T234,40C,off
12/01/2021 11:57:22,Chamber 6,28-0316623b5aff,27.062,T234,40C,off
12/01/2021 11:57:42,Chamber 6,28-0316623b5aff,27.062,T234,40C,off
12/01/2021 11:58:02,Chamber 6,28-0316623b5aff,27.062,T234,40C,off
12/01/2021 11:58:22,Chamber 6,28-0316623b5aff,27.062,T234,40C,off
12/01/2021 11:58:42,Chamber 6,28-0316623b5aff,27.0,T234,40C,off
12/01/2021 11:59:02,Chamber 6,28-0316623b5aff,27.0,T234,40C,off
12/01/2021 11:59:22,Chamber 6,28-0316623b5aff,27.0,T234,40C,off
12/01/2021 11:59:42,Chamber 6,28-0316623b5aff,27.0,T234,40C,off
12/01/2021 12:00:03,Chamber 6,28-0316623b5aff,27.0,T234,40C,off
12/01/2021 12:00:23,Chamber 6,28-0316623b5aff,27.0,T234,40C,off
12/01/2021 12:00:43,Chamber 6,28-0316623b5aff,27.0,T234,40C,off
12/01/2021 12:01:03,Chamber 6,28-0316623b5aff,27.0,T234,40C,off
12/01/2021 12:01:23,Chamber 6,28-0316623b5aff,27.0,T234,40C,off
12/01/2021 12:01:43,Chamber 6,28-0316623b5aff,26.937,T234,40C,off
12/01/2021 12:02:03,Chamber 6,28-0316623b5aff,27.0,T234,40C,off
12/01/2021 12:02:23,Chamber 6,28-0316623b5aff,26.937,T234,40C,off
12/01/2021 12:02:43,Chamber 6,28-0316623b5aff,26.937,T234,40C,off
12/01/2021 12:03:03,Chamber 6,28-0316623b5aff,26.937,T234,40C,off
12/01/2021 12:03:23,Chamber 6,28-0316623b5aff,26.937,T234,40C,off
12/01/2021 12:03:43,Chamber 6,28-0316623b5aff,26.937,T234,40C,off
12/01/2021 12:04:03,Chamber 6,28-0316623b5aff,26.937,T234,40C,off
12/01/2021 12:04:23,Chamber 6,28-0316623b5aff,26.937,T234,40C,off
12/01/2021 12:04:43,Chamber 6,28-0316623b5aff,26.937,T234,40C,off
12/01/2021 12:05:03,Chamber 6,28-0316623b5aff,26.937,T234,40C,off
12/01/2021 12:05:23,Chamber 6,28-0316623b5aff,26.937,T234,40C,off
12/01/2021 12:05:43,Chamber 6,28-0316623b5aff,26.937,T234,40C,off
12/01/2021 12:06:04,Chamber 6,28-0316623b5aff,26.937,T234,40C,off
12/01/2021 12:06:23,Chamber 6,28-0316623b5aff,26.937,T234,40C,off
12/01/2021 12:06:43,Chamber 6,28-0316623b5aff,26.875,T234,40C,off
12/01/2021 12:07:04,Chamber 6,28-0316623b5aff,26.875,T234,40C,off
12/01/2021 12:07:23,Chamber 6,28-0316623b5aff,26.875,T234,40C,off
12/01/2021 12:07:43,Chamber 6,28-0316623b5aff,26.875,T234,40C,off
12/01/2021 12:08:03,Chamber 6,28-0316623b5aff,26.875,T234,40C,off
12/01/2021 12:08:23,Chamber 6,28-0316623b5aff,26.875,T234,40C,off
12/01/2021 12:08:43,Chamber 6,28-0316623b5aff,26.875,T234,40C,off
12/01/2021 12:09:03,Chamber 6,28-0316623b5aff,26.812,T234,40C,off
12/01/2021 12:09:23,Chamber 6,28-0316623b5aff,26.812,T234,40C,off
12/01/2021 12:09:43,Chamber 6,28-0316623b5aff,26.812,T234,40C,off
12/01/2021 12:10:03,Chamber 6,28-0316623b5aff,26.812,T234,40C,off
12/01/2021 12:10:23,Chamber 6,28-0316623b5aff,26.812,T234,40C,off
12/01/2021 12:10:43,Chamber 6,28-0316623b5aff,26.812,T234,40C,off
12/01/2021 12:11:03,Chamber 6,28-0316623b5aff,26.812,T234,40C,off
12/01/2021 12:11:23,Chamber 6,28-0316623b5aff,26.812,T234,40C,off
12/01/2021 12:11:43,Chamber 6,28-0316623b5aff,26.812,T234,40C,off
12/01/2021 12:12:03,Chamber 6,28-0316623b5aff,26.812,T234,40C,off
12/01/2021 12:12:23,Chamber 6,28-0316623b5aff,26.812,T234,40C,off
12/01/2021 12:12:43,Chamber 6,28-0316623b5aff,26.812,T234,40C,off
12/01/2021 12:13:03,Chamber 6,28-0316623b5aff,26.812,T234,40C,off
12/01/2021 12:13:23,Chamber 6,28-0316623b5aff,26.812,T234,40C,off
12/01/2021 12:13:44,Chamber 6,28-0316623b5aff,26.812,T234,40C,off
12/01/2021 12:14:03,Chamber 6,28-0316623b5aff,26.812,T234,40C,off
12/01/2021 12:14:23,Chamber 6,28-0316623b5aff,26.812,T234,40C,off
12/01/2021 12:14:43,Chamber 6,28-0316623b5aff,26.812,T234,40C,off
12/01/2021 12:15:04,Chamber 6,28-0316623b5aff,26.812,T234,40C,off
12/01/2021 12:15:23,Chamber 6,28-0316623b5aff,26.812,T234,40C,off
12/01/2021 12:15:43,Chamber 6,28-0316623b5aff,26.812,T234,40C,off
12/01/2021 12:16:03,Chamber 6,28-0316623b5aff,26.812,T234,40C,off
12/01/2021 12:16:23,Chamber 6,28-0316623b5aff,26.812,T234,40C,off
12/01/2021 12:16:43,Chamber 6,28-0316623b5aff,26.75,T234,40C,off
12/01/2021 12:17:03,Chamber 6,28-0316623b5aff,26.75,T234,40C,off
12/01/2021 12:17:23,Chamber 6,28-0316623b5aff,26.75,T234,40C,off
12/01/2021 12:17:43,Chamber 6,28-0316623b5aff,26.75,T234,40C,off
12/01/2021 12:18:03,Chamber 6,28-0316623b5aff,26.75,T234,40C,off
12/01/2021 12:18:23,Chamber 6,28-0316623b5aff,26.75,T234,40C,off
12/01/2021 12:18:43,Chamber 6,28-0316623b5aff,26.75,T234,40C,off
12/01/2021 12:19:03,Chamber 6,28-0316623b5aff,26.75,T234,40C,off
12/01/2021 12:19:23,Chamber 6,28-0316623b5aff,26.75,T234,40C,off
12/01/2021 12:19:43,Chamber 6,28-0316623b5aff,26.75,T234,40C,off
12/01/2021 12:20:03,Chamber 6,28-0316623b5aff,26.75,T234,40C,off
12/01/2021 12:20:23,Chamber 6,28-0316623b5aff,26.75,T234,40C,off
12/01/2021 12:20:43,Chamber 6,28-0316623b5aff,26.75,T234,40C,off
12/01/2021 12:21:03,Chamber 6,28-0316623b5aff,26.687,T234,40C,off
12/01/2021 12:21:23,Chamber 6,28-0316623b5aff,26.687,T234,40C,off
12/01/2021 12:21:43,Chamber 6,28-0316623b5aff,26.687,T234,40C,off
12/01/2021 12:22:03,Chamber 6,28-0316623b5aff,26.687,T234,40C,off
12/01/2021 12:22:23,Chamber 6,28-0316623b5aff,26.687,T234,40C,off
12/01/2021 12:22:43,Chamber 6,28-0316623b5aff,26.687,T234,40C,off
12/01/2021 12:23:03,Chamber 6,28-0316623b5aff,26.687,T234,40C,off
12/01/2021 12:23:23,Chamber 6,28-0316623b5aff,26.75,T234,40C,off
12/01/2021 12:23:43,Chamber 6,28-0316623b5aff,26.687,T234,40C,off
12/01/2021 12:24:03,Chamber 6,28-0316623b5aff,26.687,T234,40C,off
12/01/2021 12:24:23,Chamber 6,28-0316623b5aff,26.687,T234,40C,off
12/01/2021 12:24:43,Chamber 6,28-0316623b5aff,26.687,T234,40C,off
12/01/2021 12:25:03,Chamber 6,28-0316623b5aff,26.687,T234,40C,off
12/01/2021 12:25:23,Chamber 6,28-0316623b5aff,26.687,T234,40C,off
12/01/2021 12:25:43,Chamber 6,28-0316623b5aff,26.687,T234,40C,off
12/01/2021 12:26:03,Chamber 6,28-0316623b5aff,26.687,T234,40C,off
12/01/2021 12:26:23,Chamber 6,28-0316623b5aff,26.687,T234,40C,off
12/01/2021 12:26:43,Chamber 6,28-0316623b5aff,26.625,T234,40C,off
12/01/2021 12:27:03,Chamber 6,28-0316623b5aff,26.625,T234,40C,off
12/01/2021 12:27:23,Chamber 6,28-0316623b5aff,26.625,T234,40C,off
12/01/2021 12:27:43,Chamber 6,28-0316623b5aff,26.625,T234,40C,off
12/01/2021 12:28:03,Chamber 6,28-0316623b5aff,26.625,T234,40C,off
12/01/2021 12:28:23,Chamber 6,28-0316623b5aff,26.625,T234,40C,off
12/01/2021 12:28:43,Chamber 6,28-0316623b5aff,26.625,T234,40C,off
12/01/2021 12:29:03,Chamber 6,28-0316623b5aff,26.625,T234,40C,off
12/01/2021 12:29:23,Chamber 6,28-0316623b5aff,26.625,T234,40C,off
12/01/2021 12:29:43,Chamber 6,28-0316623b5aff,26.625,T234,40C,off
12/01/2021 12:30:03,Chamber 6,28-0316623b5aff,26.625,T234,40C,off
12/01/2021 12:30:23,Chamber 6,28-0316623b5aff,26.625,T234,40C,off
12/01/2021 12:30:43,Chamber 6,28-0316623b5aff,26.687,T234,40C,off
12/01/2021 12:31:03,Chamber 6,28-0316623b5aff,26.625,T234,40C,off
12/01/2021 12:31:23,Chamber 6,28-0316623b5aff,26.625,T234,40C,off
12/01/2021 12:31:43,Chamber 6,28-0316623b5aff,26.687,T234,40C,off
12/01/2021 12:32:03,Chamber 6,28-0316623b5aff,26.625,T234,40C,off
12/01/2021 12:32:23,Chamber 6,28-0316623b5aff,26.625,T234,40C,off
12/01/2021 12:32:43,Chamber 6,28-0316623b5aff,26.625,T234,40C,off
12/01/2021 12:33:03,Chamber 6,28-0316623b5aff,26.625,T234,40C,off
12/01/2021 12:33:23,Chamber 6,28-0316623b5aff,26.625,T234,40C,off
12/01/2021 12:33:43,Chamber 6,28-0316623b5aff,26.625,T234,40C,off
12/01/2021 12:34:03,Chamber 6,28-0316623b5aff,26.625,T234,40C,off
12/01/2021 12:34:23,Chamber 6,28-0316623b5aff,26.625,T234,40C,off
12/01/2021 12:34:43,Chamber 6,28-0316623b5aff,26.625,T234,40C,off
12/01/2021 12:35:03,Chamber 6,28-0316623b5aff,26.625,T234,40C,off
12/01/2021 12:35:23,Chamber 6,28-0316623b5aff,26.562,T234,40C,off
12/01/2021 12:35:43,Chamber 6,28-0316623b5aff,26.562,T234,40C,off
12/01/2021 12:36:04,Chamber 6,28-0316623b5aff,26.625,T234,40C,off
12/01/2021 12:36:23,Chamber 6,28-0316623b5aff,26.625,T234,40C,off
12/01/2021 12:36:43,Chamber 6,28-0316623b5aff,26.562,T234,40C,off
12/01/2021 12:37:03,Chamber 6,28-0316623b5aff,26.562,T234,40C,off
12/01/2021 12:37:23,Chamber 6,28-0316623b5aff,26.562,T234,40C,off
12/01/2021 12:37:43,Chamber 6,28-0316623b5aff,26.562,T234,40C,off
12/01/2021 12:38:03,Chamber 6,28-0316623b5aff,26.562,T234,40C,off
12/01/2021 12:38:23,Chamber 6,28-0316623b5aff,26.562,T234,40C,off
12/01/2021 12:38:43,Chamber 6,28-0316623b5aff,26.562,T234,40C,off
12/01/2021 12:39:03,Chamber 6,28-0316623b5aff,26.562,T234,40C,off
12/01/2021 12:39:23,Chamber 6,28-0316623b5aff,26.562,T234,40C,off
12/01/2021 12:39:43,Chamber 6,28-0316623b5aff,26.562,T234,40C,off
12/01/2021 12:40:03,Chamber 6,28-0316623b5aff,26.562,T234,40C,off
12/01/2021 12:40:23,Chamber 6,28-0316623b5aff,26.562,T234,40C,off
12/01/2021 12:40:43,Chamber 6,28-0316623b5aff,26.562,T234,40C,off
12/01/2021 12:41:03,Chamber 6,28-0316623b5aff,26.562,T234,40C,off
12/01/2021 12:41:23,Chamber 6,28-0316623b5aff,26.562,T234,40C,off
12/01/2021 12:41:43,Chamber 6,28-0316623b5aff,26.562,T234,40C,off
12/01/2021 12:42:03,Chamber 6,28-0316623b5aff,26.5,T234,40C,off
12/01/2021 12:42:23,Chamber 6,28-0316623b5aff,26.5,T234,40C,off
12/01/2021 12:42:43,Chamber 6,28-0316623b5aff,26.5,T234,40C,off
12/01/2021 12:43:03,Chamber 6,28-0316623b5aff,26.5,T234,40C,off
12/01/2021 12:43:23,Chamber 6,28-0316623b5aff,26.5,T234,40C,off
12/01/2021 12:43:43,Chamber 6,28-0316623b5aff,26.5,T234,40C,off
12/01/2021 12:44:03,Chamber 6,28-0316623b5aff,26.5,T234,40C,off
12/01/2021 12:44:23,Chamber 6,28-0316623b5aff,26.5,T234,40C,off
12/01/2021 12:44:43,Chamber 6,28-0316623b5aff,26.5,T234,40C,off
12/01/2021 12:45:03,Chamber 6,28-0316623b5aff,26.5,T234,40C,off
12/01/2021 12:45:23,Chamber 6,28-0316623b5aff,26.5,T234,40C,off
12/01/2021 12:45:43,Chamber 6,28-0316623b5aff,26.5,T234,40C,off
12/01/2021 12:46:03,Chamber 6,28-0316623b5aff,26.5,T234,40C,off
12/01/2021 12:46:23,Chamber 6,28-0316623b5aff,26.5,T234,40C,off
12/01/2021 12:46:43,Chamber 6,28-0316623b5aff,26.5,T234,40C,off
12/01/2021 12:47:03,Chamber 6,28-0316623b5aff,26.5,T234,40C,off
12/01/2021 12:47:23,Chamber 6,28-0316623b5aff,26.5,T234,40C,off
12/01/2021 12:47:43,Chamber 6,28-0316623b5aff,26.5,T234,40C,off
12/01/2021 12:48:03,Chamber 6,28-0316623b5aff,26.5,T234,40C,off
12/01/2021 12:48:23,Chamber 6,28-0316623b5aff,26.5,T234,40C,off
12/01/2021 12:48:43,Chamber 6,28-0316623b5aff,26.5,T234,40C,off
12/01/2021 12:49:03,Chamber 6,28-0316623b5aff,26.5,T234,40C,off
12/01/2021 12:49:23,Chamber 6,28-0316623b5aff,26.5,T234,40C,off
12/01/2021 12:49:43,Chamber 6,28-0316623b5aff,26.5,T234,40C,off
12/01/2021 12:50:03,Chamber 6,28-0316623b5aff,26.5,T234,40C,off
12/01/2021 12:50:23,Chamber 6,28-0316623b5aff,26.5,T234,40C,off
12/01/2021 12:50:43,Chamber 6,28-0316623b5aff,26.5,T234,40C,off
12/01/2021 12:51:03,Chamber 6,28-0316623b5aff,26.5,T234,40C,off
12/01/2021 12:51:23,Chamber 6,28-0316623b5aff,26.5,T234,40C,off
12/01/2021 12:51:43,Chamber 6,28-0316623b5aff,26.5,T234,40C,off
12/01/2021 12:52:03,Chamber 6,28-0316623b5aff,26.5,T234,40C,off
12/01/2021 12:52:23,Chamber 6,28-0316623b5aff,26.5,T234,40C,off
12/01/2021 12:52:43,Chamber 6,28-0316623b5aff,26.5,T234,40C,off
12/01/2021 12:53:03,Chamber 6,28-0316623b5aff,26.5,T234,40C,off
12/01/2021 12:53:23,Chamber 6,28-0316623b5aff,26.437,T234,40C,off
12/01/2021 12:53:43,Chamber 6,28-0316623b5aff,26.5,T234,40C,off
12/01/2021 12:54:03,Chamber 6,28-0316623b5aff,26.437,T234,40C,off
12/01/2021 12:54:23,Chamber 6,28-0316623b5aff,26.5,T234,40C,off
12/01/2021 12:54:43,Chamber 6,28-0316623b5aff,26.437,T234,40C,off
12/01/2021 12:55:03,Chamber 6,28-0316623b5aff,26.437,T234,40C,off
12/01/2021 12:55:23,Chamber 6,28-0316623b5aff,26.5,T234,40C,off
12/01/2021 12:55:43,Chamber 6,28-0316623b5aff,26.437,T234,40C,off
12/01/2021 12:56:03,Chamber 6,28-0316623b5aff,26.437,T234,40C,off
12/01/2021 12:56:23,Chamber 6,28-0316623b5aff,26.437,T234,40C,off
12/01/2021 12:56:43,Chamber 6,28-0316623b5aff,26.437,T234,40C,off
12/01/2021 12:57:03,Chamber 6,28-0316623b5aff,26.437,T234,40C,off
12/01/2021 12:57:23,Chamber 6,28-0316623b5aff,26.437,T234,40C,off
12/01/2021 12:57:43,Chamber 6,28-0316623b5aff,26.437,T234,40C,off
12/01/2021 12:58:03,Chamber 6,28-0316623b5aff,26.437,T234,40C,off
12/01/2021 12:58:23,Chamber 6,28-0316623b5aff,26.437,T234,40C,off
12/01/2021 12:58:43,Chamber 6,28-0316623b5aff,26.437,T234,40C,off
12/01/2021 12:59:03,Chamber 6,28-0316623b5aff,26.437,T234,40C,off
12/01/2021 12:59:23,Chamber 6,28-0316623b5aff,26.437,T234,40C,off
12/01/2021 12:59:43,Chamber 6,28-0316623b5aff,26.437,T234,40C,off
12/01/2021 13:00:02,Chamber 6,28-0316623b5aff,26.437,T234,40C,off
12/01/2021 13:00:22,Chamber 6,28-0316623b5aff,26.437,T234,40C,off
12/01/2021 13:00:43,Chamber 6,28-0316623b5aff,26.437,T234,40C,off
12/01/2021 13:01:02,Chamber 6,28-0316623b5aff,26.375,T234,40C,off
12/01/2021 13:01:22,Chamber 6,28-0316623b5aff,26.375,T234,40C,off
12/01/2021 13:01:42,Chamber 6,28-0316623b5aff,26.375,T234,40C,off
12/01/2021 13:02:02,Chamber 6,28-0316623b5aff,26.375,T234,40C,off
12/01/2021 13:02:22,Chamber 6,28-0316623b5aff,26.375,T234,40C,off
12/01/2021 13:02:42,Chamber 6,28-0316623b5aff,26.375,T234,40C,off
12/01/2021 13:03:02,Chamber 6,28-0316623b5aff,26.375,T234,40C,off
12/01/2021 13:03:22,Chamber 6,28-0316623b5aff,26.375,T234,40C,off
12/01/2021 13:03:42,Chamber 6,28-0316623b5aff,26.375,T234,40C,off
12/01/2021 13:04:02,Chamber 6,28-0316623b5aff,26.375,T234,40C,off
12/01/2021 13:04:22,Chamber 6,28-0316623b5aff,26.375,T234,40C,off
12/01/2021 13:04:42,Chamber 6,28-0316623b5aff,26.375,T234,40C,off
12/01/2021 13:05:02,Chamber 6,28-0316623b5aff,26.375,T234,40C,off
12/01/2021 13:05:22,Chamber 6,28-0316623b5aff,26.375,T234,40C,off
12/01/2021 13:05:42,Chamber 6,28-0316623b5aff,26.375,T234,40C,off
12/01/2021 13:06:02,Chamber 6,28-0316623b5aff,26.375,T234,40C,off
12/01/2021 13:06:22,Chamber 6,28-0316623b5aff,26.375,T234,40C,off
12/01/2021 13:06:42,Chamber 6,28-0316623b5aff,26.375,T234,40C,off
12/01/2021 13:07:02,Chamber 6,28-0316623b5aff,26.375,T234,40C,off
12/01/2021 13:07:22,Chamber 6,28-0316623b5aff,26.375,T234,40C,off
12/01/2021 13:07:42,Chamber 6,28-0316623b5aff,26.375,T234,40C,off
12/01/2021 13:08:02,Chamber 6,28-0316623b5aff,26.375,T234,40C,off
12/01/2021 13:08:22,Chamber 6,28-0316623b5aff,26.375,T234,40C,off
12/01/2021 13:08:42,Chamber 6,28-0316623b5aff,26.312,T234,40C,off
12/01/2021 13:09:02,Chamber 6,28-0316623b5aff,26.312,T234,40C,off
12/01/2021 13:09:22,Chamber 6,28-0316623b5aff,26.312,T234,40C,off
12/01/2021 13:09:42,Chamber 6,28-0316623b5aff,26.312,T234,40C,off
12/01/2021 13:10:02,Chamber 6,28-0316623b5aff,26.375,T234,40C,off
12/01/2021 13:10:22,Chamber 6,28-0316623b5aff,26.375,T234,40C,off
12/01/2021 13:10:42,Chamber 6,28-0316623b5aff,26.375,T234,40C,off
12/01/2021 13:11:02,Chamber 6,28-0316623b5aff,26.312,T234,40C,off
12/01/2021 13:11:23,Chamber 6,28-0316623b5aff,26.375,T234,40C,off
12/01/2021 13:11:42,Chamber 6,28-0316623b5aff,26.312,T234,40C,off
12/01/2021 13:12:02,Chamber 6,28-0316623b5aff,26.375,T234,40C,off
12/01/2021 13:12:22,Chamber 6,28-0316623b5aff,26.375,T234,40C,off
12/01/2021 13:12:42,Chamber 6,28-0316623b5aff,26.375,T234,40C,off
12/01/2021 13:13:02,Chamber 6,28-0316623b5aff,26.375,T234,40C,off
12/01/2021 13:13:22,Chamber 6,28-0316623b5aff,26.375,T234,40C,off
12/01/2021 13:13:42,Chamber 6,28-0316623b5aff,26.375,T234,40C,off
12/01/2021 13:14:02,Chamber 6,28-0316623b5aff,26.375,T234,40C,off
12/01/2021 13:14:22,Chamber 6,28-0316623b5aff,26.375,T234,40C,off
12/01/2021 13:14:42,Chamber 6,28-0316623b5aff,26.375,T234,40C,off
12/01/2021 13:15:02,Chamber 6,28-0316623b5aff,26.375,T234,40C,off
12/01/2021 13:15:22,Chamber 6,28-0316623b5aff,26.375,T234,40C,off
12/01/2021 13:15:42,Chamber 6,28-0316623b5aff,26.375,T234,40C,off
12/01/2021 13:16:02,Chamber 6,28-0316623b5aff,26.375,T234,40C,off
12/01/2021 13:16:22,Chamber 6,28-0316623b5aff,26.375,T234,40C,off
12/01/2021 13:16:42,Chamber 6,28-0316623b5aff,26.375,T234,40C,off
12/01/2021 13:17:02,Chamber 6,28-0316623b5aff,26.375,T234,40C,off
12/01/2021 13:17:22,Chamber 6,28-0316623b5aff,26.375,T234,40C,off
12/01/2021 13:17:42,Chamber 6,28-0316623b5aff,26.375,T234,40C,off
12/01/2021 13:18:02,Chamber 6,28-0316623b5aff,26.375,T234,40C,off
12/01/2021 13:18:22,Chamber 6,28-0316623b5aff,26.375,T234,40C,off
12/01/2021 13:18:42,Chamber 6,28-0316623b5aff,26.375,T234,40C,off
12/01/2021 13:19:02,Chamber 6,28-0316623b5aff,26.375,T234,40C,off
12/01/2021 13:19:22,Chamber 6,28-0316623b5aff,26.312,T234,40C,off
12/01/2021 13:19:42,Chamber 6,28-0316623b5aff,26.312,T234,40C,off
12/01/2021 13:20:02,Chamber 6,28-0316623b5aff,26.312,T234,40C,off
12/01/2021 13:20:22,Chamber 6,28-0316623b5aff,26.312,T234,40C,off
12/01/2021 13:20:42,Chamber 6,28-0316623b5aff,26.312,T234,40C,off
12/01/2021 13:21:02,Chamber 6,28-0316623b5aff,26.312,T234,40C,off
12/01/2021 13:21:22,Chamber 6,28-0316623b5aff,26.312,T234,40C,off
12/01/2021 13:21:42,Chamber 6,28-0316623b5aff,26.312,T234,40C,off
12/01/2021 13:22:02,Chamber 6,28-0316623b5aff,26.312,T234,40C,off
12/01/2021 13:22:22,Chamber 6,28-0316623b5aff,26.312,T234,40C,off
12/01/2021 13:22:42,Chamber 6,28-0316623b5aff,26.312,T234,40C,off
12/01/2021 13:23:02,Chamber 6,28-0316623b5aff,26.312,T234,40C,off
12/01/2021 13:23:22,Chamber 6,28-0316623b5aff,26.312,T234,40C,off
12/01/2021 13:23:42,Chamber 6,28-0316623b5aff,26.312,T234,40C,off
12/01/2021 13:24:02,Chamber 6,28-0316623b5aff,26.312,T234,40C,off
12/01/2021 13:24:22,Chamber 6,28-0316623b5aff,26.312,T234,40C,off
12/01/2021 13:24:42,Chamber 6,28-0316623b5aff,26.312,T234,40C,off
12/01/2021 13:25:02,Chamber 6,28-0316623b5aff,26.312,T234,40C,off
12/01/2021 13:25:22,Chamber 6,28-0316623b5aff,26.25,T234,40C,off
12/01/2021 13:25:42,Chamber 6,28-0316623b5aff,26.25,T234,40C,off
12/01/2021 13:26:02,Chamber 6,28-0316623b5aff,26.312,T234,40C,off
12/01/2021 13:26:22,Chamber 6,28-0316623b5aff,26.312,T234,40C,off
12/01/2021 13:26:42,Chamber 6,28-0316623b5aff,26.25,T234,40C,off
12/01/2021 13:27:02,Chamber 6,28-0316623b5aff,26.312,T234,40C,off
12/01/2021 13:27:22,Chamber 6,28-0316623b5aff,26.312,T234,40C,off
12/01/2021 13:27:42,Chamber 6,28-0316623b5aff,26.312,T234,40C,off
12/01/2021 13:28:02,Chamber 6,28-0316623b5aff,26.312,T234,40C,off
12/01/2021 13:28:22,Chamber 6,28-0316623b5aff,26.312,T234,40C,off
12/01/2021 13:28:42,Chamber 6,28-0316623b5aff,26.312,T234,40C,off
12/01/2021 13:29:02,Chamber 6,28-0316623b5aff,26.312,T234,40C,off
12/01/2021 13:29:22,Chamber 6,28-0316623b5aff,26.312,T234,40C,off
12/01/2021 13:29:42,Chamber 6,28-0316623b5aff,26.312,T234,40C,off
12/01/2021 13:30:02,Chamber 6,28-0316623b5aff,26.312,T234,40C,off
12/01/2021 13:30:22,Chamber 6,28-0316623b5aff,26.312,T234,40C,off
12/01/2021 13:30:42,Chamber 6,28-0316623b5aff,26.312,T234,40C,off
12/01/2021 13:31:02,Chamber 6,28-0316623b5aff,26.312,T234,40C,off
12/01/2021 13:31:22,Chamber 6,28-0316623b5aff,26.312,T234,40C,off
12/01/2021 13:31:42,Chamber 6,28-0316623b5aff,26.312,T234,40C,off
12/01/2021 13:32:02,Chamber 6,28-0316623b5aff,26.312,T234,40C,off
12/01/2021 13:32:22,Chamber 6,28-0316623b5aff,26.312,T234,40C,off
12/01/2021 13:32:42,Chamber 6,28-0316623b5aff,26.312,T234,40C,off
12/01/2021 13:33:02,Chamber 6,28-0316623b5aff,26.312,T234,40C,off
12/01/2021 13:33:22,Chamber 6,28-0316623b5aff,26.312,T234,40C,off
12/01/2021 13:33:42,Chamber 6,28-0316623b5aff,26.312,T234,40C,off
12/01/2021 13:34:02,Chamber 6,28-0316623b5aff,26.312,T234,40C,off
12/01/2021 13:34:22,Chamber 6,28-0316623b5aff,26.312,T234,40C,off
12/01/2021 13:34:42,Chamber 6,28-0316623b5aff,26.312,T234,40C,off
12/01/2021 13:35:02,Chamber 6,28-0316623b5aff,26.25,T234,40C,off
12/01/2021 13:35:22,Chamber 6,28-0316623b5aff,26.25,T234,40C,off
12/01/2021 13:35:42,Chamber 6,28-0316623b5aff,26.25,T234,40C,off
12/01/2021 13:36:02,Chamber 6,28-0316623b5aff,26.25,T234,40C,off
12/01/2021 13:36:22,Chamber 6,28-0316623b5aff,26.25,T234,40C,off
12/01/2021 13:36:42,Chamber 6,28-0316623b5aff,26.25,T234,40C,off
12/01/2021 13:37:02,Chamber 6,28-0316623b5aff,26.25,T234,40C,off
12/01/2021 13:37:22,Chamber 6,28-0316623b5aff,26.25,T234,40C,off
12/01/2021 13:37:42,Chamber 6,28-0316623b5aff,26.25,T234,40C,off
12/01/2021 13:38:02,Chamber 6,28-0316623b5aff,26.25,T234,40C,off
12/01/2021 13:38:22,Chamber 6,28-0316623b5aff,26.25,T234,40C,off
12/01/2021 13:38:42,Chamber 6,28-0316623b5aff,26.25,T234,40C,off
12/01/2021 13:39:02,Chamber 6,28-0316623b5aff,26.25,T234,40C,off
12/01/2021 13:39:22,Chamber 6,28-0316623b5aff,26.25,T234,40C,off
12/01/2021 13:39:42,Chamber 6,28-0316623b5aff,26.25,T234,40C,off
12/01/2021 13:40:02,Chamber 6,28-0316623b5aff,26.25,T234,40C,off
12/01/2021 13:40:22,Chamber 6,28-0316623b5aff,26.25,T234,40C,off
12/01/2021 13:40:42,Chamber 6,28-0316623b5aff,26.25,T234,40C,off
12/01/2021 13:41:02,Chamber 6,28-0316623b5aff,26.25,T234,40C,off
12/01/2021 13:41:23,Chamber 6,28-0316623b5aff,26.25,T234,40C,off
12/01/2021 13:41:42,Chamber 6,28-0316623b5aff,26.25,T234,40C,off
12/01/2021 13:42:02,Chamber 6,28-0316623b5aff,26.25,T234,40C,off
12/01/2021 13:42:22,Chamber 6,28-0316623b5aff,26.25,T234,40C,off
12/01/2021 13:42:42,Chamber 6,28-0316623b5aff,26.25,T234,40C,off
12/01/2021 13:43:02,Chamber 6,28-0316623b5aff,26.25,T234,40C,off
12/01/2021 13:43:22,Chamber 6,28-0316623b5aff,26.25,T234,40C,off
12/01/2021 13:43:42,Chamber 6,28-0316623b5aff,26.25,T234,40C,off
12/01/2021 13:44:02,Chamber 6,28-0316623b5aff,26.25,T234,40C,off
12/01/2021 13:44:22,Chamber 6,28-0316623b5aff,26.25,T234,40C,off
12/01/2021 13:44:42,Chamber 6,28-0316623b5aff,26.25,T234,40C,off
12/01/2021 13:45:02,Chamber 6,28-0316623b5aff,26.25,T234,40C,off
12/01/2021 13:45:22,Chamber 6,28-0316623b5aff,26.25,T234,40C,off
12/01/2021 13:45:42,Chamber 6,28-0316623b5aff,26.25,T234,40C,off
12/01/2021 13:46:02,Chamber 6,28-0316623b5aff,26.25,T234,40C,off
12/01/2021 13:46:22,Chamber 6,28-0316623b5aff,26.25,T234,40C,off
12/01/2021 13:46:42,Chamber 6,28-0316623b5aff,26.25,T234,40C,off
12/01/2021 13:47:02,Chamber 6,28-0316623b5aff,26.25,T234,40C,off
12/01/2021 13:47:22,Chamber 6,28-0316623b5aff,26.25,T234,40C,off
12/01/2021 13:47:42,Chamber 6,28-0316623b5aff,26.187,T234,40C,off
12/01/2021 13:48:02,Chamber 6,28-0316623b5aff,26.187,T234,40C,off
12/01/2021 13:48:22,Chamber 6,28-0316623b5aff,26.187,T234,40C,off
12/01/2021 13:48:42,Chamber 6,28-0316623b5aff,26.187,T234,40C,off
12/01/2021 13:49:02,Chamber 6,28-0316623b5aff,26.25,T234,40C,off
12/01/2021 13:49:22,Chamber 6,28-0316623b5aff,26.25,T234,40C,off
12/01/2021 13:49:42,Chamber 6,28-0316623b5aff,26.25,T234,40C,off
12/01/2021 13:50:02,Chamber 6,28-0316623b5aff,26.25,T234,40C,off
12/01/2021 13:50:22,Chamber 6,28-0316623b5aff,26.25,T234,40C,off
12/01/2021 13:50:42,Chamber 6,28-0316623b5aff,26.25,T234,40C,off
12/01/2021 13:51:02,Chamber 6,28-0316623b5aff,26.25,T234,40C,off
12/01/2021 13:51:22,Chamber 6,28-0316623b5aff,26.25,T234,40C,off
12/01/2021 13:51:42,Chamber 6,28-0316623b5aff,26.25,T234,40C,off
12/01/2021 13:52:02,Chamber 6,28-0316623b5aff,26.25,T234,40C,off
12/01/2021 13:52:22,Chamber 6,28-0316623b5aff,26.25,T234,40C,off
12/01/2021 13:52:42,Chamber 6,28-0316623b5aff,26.25,T234,40C,off
12/01/2021 13:53:02,Chamber 6,28-0316623b5aff,26.25,T234,40C,off
12/01/2021 13:53:22,Chamber 6,28-0316623b5aff,26.25,T234,40C,off
12/01/2021 13:53:42,Chamber 6,28-0316623b5aff,26.25,T234,40C,off
12/01/2021 13:54:02,Chamber 6,28-0316623b5aff,26.25,T234,40C,off
12/01/2021 13:54:22,Chamber 6,28-0316623b5aff,26.25,T234,40C,off
12/01/2021 13:54:42,Chamber 6,28-0316623b5aff,26.25,T234,40C,off
12/01/2021 13:55:02,Chamber 6,28-0316623b5aff,26.25,T234,40C,off
12/01/2021 13:55:22,Chamber 6,28-0316623b5aff,26.25,T234,40C,off
12/01/2021 13:55:42,Chamber 6,28-0316623b5aff,26.25,T234,40C,off
12/01/2021 13:56:02,Chamber 6,28-0316623b5aff,26.25,T234,40C,off
12/01/2021 13:56:22,Chamber 6,28-0316623b5aff,26.25,T234,40C,off
12/01/2021 13:56:43,Chamber 6,28-0316623b5aff,26.25,T234,40C,off
12/01/2021 13:57:02,Chamber 6,28-0316623b5aff,26.25,T234,40C,off
12/01/2021 13:57:22,Chamber 6,28-0316623b5aff,26.25,T234,40C,off
12/01/2021 13:57:42,Chamber 6,28-0316623b5aff,26.25,T234,40C,off
12/01/2021 13:58:02,Chamber 6,28-0316623b5aff,26.25,T234,40C,off
12/01/2021 13:58:22,Chamber 6,28-0316623b5aff,26.25,T234,40C,off
12/01/2021 13:58:42,Chamber 6,28-0316623b5aff,26.25,T234,40C,off
12/01/2021 13:59:02,Chamber 6,28-0316623b5aff,26.25,T234,40C,off
12/01/2021 13:59:22,Chamber 6,28-0316623b5aff,26.25,T234,40C,off
12/01/2021 13:59:42,Chamber 6,28-0316623b5aff,26.25,T234,40C,off
12/01/2021 14:00:03,Chamber 6,28-0316623b5aff,26.25,T234,40C,off
12/01/2021 14:00:23,Chamber 6,28-0316623b5aff,26.25,T234,40C,off
12/01/2021 14:00:43,Chamber 6,28-0316623b5aff,26.25,T234,40C,off
12/01/2021 14:01:03,Chamber 6,28-0316623b5aff,26.25,T234,40C,off
12/01/2021 14:01:23,Chamber 6,28-0316623b5aff,26.25,T234,40C,off
12/01/2021 14:01:43,Chamber 6,28-0316623b5aff,26.25,T234,40C,off
12/01/2021 14:02:03,Chamber 6,28-0316623b5aff,26.187,T234,40C,off
12/01/2021 14:02:23,Chamber 6,28-0316623b5aff,26.25,T234,40C,off
12/01/2021 14:02:43,Chamber 6,28-0316623b5aff,26.25,T234,40C,off
12/01/2021 14:03:03,Chamber 6,28-0316623b5aff,26.25,T234,40C,off
12/01/2021 14:03:23,Chamber 6,28-0316623b5aff,26.25,T234,40C,off
12/01/2021 14:03:43,Chamber 6,28-0316623b5aff,26.25,T234,40C,off
12/01/2021 14:04:03,Chamber 6,28-0316623b5aff,26.187,T234,40C,off
12/01/2021 14:04:23,Chamber 6,28-0316623b5aff,26.25,T234,40C,off
12/01/2021 14:04:43,Chamber 6,28-0316623b5aff,26.25,T234,40C,off
12/01/2021 14:05:03,Chamber 6,28-0316623b5aff,26.187,T234,40C,off
12/01/2021 14:05:23,Chamber 6,28-0316623b5aff,26.187,T234,40C,off
12/01/2021 14:05:43,Chamber 6,28-0316623b5aff,26.187,T234,40C,off
12/01/2021 14:06:03,Chamber 6,28-0316623b5aff,26.25,T234,40C,off
12/01/2021 14:06:23,Chamber 6,28-0316623b5aff,26.187,T234,40C,off
12/01/2021 14:06:43,Chamber 6,28-0316623b5aff,26.187,T234,40C,off
12/01/2021 14:07:03,Chamber 6,28-0316623b5aff,26.187,T234,40C,off
12/01/2021 14:07:23,Chamber 6,28-0316623b5aff,26.187,T234,40C,off
12/01/2021 14:07:43,Chamber 6,28-0316623b5aff,26.187,T234,40C,off
12/01/2021 14:08:03,Chamber 6,28-0316623b5aff,26.187,T234,40C,off
12/01/2021 14:08:23,Chamber 6,28-0316623b5aff,26.187,T234,40C,off
12/01/2021 14:08:43,Chamber 6,28-0316623b5aff,26.25,T234,40C,off
12/01/2021 14:09:03,Chamber 6,28-0316623b5aff,26.25,T234,40C,off
12/01/2021 14:09:23,Chamber 6,28-0316623b5aff,26.25,T234,40C,off
12/01/2021 14:09:43,Chamber 6,28-0316623b5aff,26.187,T234,40C,off
12/01/2021 14:10:03,Chamber 6,28-0316623b5aff,26.187,T234,40C,off
12/01/2021 14:10:23,Chamber 6,28-0316623b5aff,26.187,T234,40C,off
12/01/2021 14:10:43,Chamber 6,28-0316623b5aff,26.187,T234,40C,off
12/01/2021 14:11:03,Chamber 6,28-0316623b5aff,26.187,T234,40C,off
12/01/2021 14:11:23,Chamber 6,28-0316623b5aff,26.187,T234,40C,off
12/01/2021 14:11:43,Chamber 6,28-0316623b5aff,26.187,T234,40C,off
12/01/2021 14:12:03,Chamber 6,28-0316623b5aff,26.187,T234,40C,off
12/01/2021 14:12:23,Chamber 6,28-0316623b5aff,26.187,T234,40C,off
12/01/2021 14:12:43,Chamber 6,28-0316623b5aff,26.187,T234,40C,off
12/01/2021 14:13:03,Chamber 6,28-0316623b5aff,26.187,T234,40C,off
12/01/2021 14:13:23,Chamber 6,28-0316623b5aff,26.187,T234,40C,off
12/01/2021 14:13:43,Chamber 6,28-0316623b5aff,26.187,T234,40C,off
12/01/2021 14:14:03,Chamber 6,28-0316623b5aff,26.187,T234,40C,off
12/01/2021 14:14:23,Chamber 6,28-0316623b5aff,26.187,T234,40C,off
12/01/2021 14:14:43,Chamber 6,28-0316623b5aff,26.187,T234,40C,off
12/01/2021 14:15:03,Chamber 6,28-0316623b5aff,26.187,T234,40C,off
12/01/2021 14:15:23,Chamber 6,28-0316623b5aff,26.187,T234,40C,off
12/01/2021 14:15:43,Chamber 6,28-0316623b5aff,26.187,T234,40C,off
12/01/2021 14:16:03,Chamber 6,28-0316623b5aff,26.187,T234,40C,off
12/01/2021 14:16:23,Chamber 6,28-0316623b5aff,26.187,T234,40C,off
12/01/2021 14:16:43,Chamber 6,28-0316623b5aff,26.187,T234,40C,off
12/01/2021 14:17:03,Chamber 6,28-0316623b5aff,26.187,T234,40C,off
12/01/2021 14:17:23,Chamber 6,28-0316623b5aff,26.187,T234,40C,off
12/01/2021 14:17:43,Chamber 6,28-0316623b5aff,26.187,T234,40C,off
12/01/2021 14:18:03,Chamber 6,28-0316623b5aff,26.187,T234,40C,off
12/01/2021 14:18:23,Chamber 6,28-0316623b5aff,26.187,T234,40C,off
12/01/2021 14:18:43,Chamber 6,28-0316623b5aff,26.187,T234,40C,off
12/01/2021 14:19:03,Chamber 6,28-0316623b5aff,26.187,T234,40C,off
12/01/2021 14:19:23,Chamber 6,28-0316623b5aff,26.187,T234,40C,off
12/01/2021 14:19:43,Chamber 6,28-0316623b5aff,26.187,T234,40C,off
12/01/2021 14:20:03,Chamber 6,28-0316623b5aff,26.187,T234,40C,off
12/01/2021 14:20:23,Chamber 6,28-0316623b5aff,26.187,T234,40C,off
12/01/2021 14:20:43,Chamber 6,28-0316623b5aff,26.187,T234,40C,off
12/01/2021 14:21:03,Chamber 6,28-0316623b5aff,26.187,T234,40C,off
12/01/2021 14:21:23,Chamber 6,28-0316623b5aff,26.187,T234,40C,off
12/01/2021 14:21:43,Chamber 6,28-0316623b5aff,26.187,T234,40C,off
12/01/2021 14:22:03,Chamber 6,28-0316623b5aff,26.187,T234,40C,off
12/01/2021 14:22:23,Chamber 6,28-0316623b5aff,26.187,T234,40C,off
12/01/2021 14:22:43,Chamber 6,28-0316623b5aff,26.187,T234,40C,off
12/01/2021 14:23:03,Chamber 6,28-0316623b5aff,26.187,T234,40C,off
12/01/2021 14:23:23,Chamber 6,28-0316623b5aff,26.187,T234,40C,off
12/01/2021 14:23:43,Chamber 6,28-0316623b5aff,26.187,T234,40C,off
12/01/2021 14:24:03,Chamber 6,28-0316623b5aff,26.187,T234,40C,off
12/01/2021 14:24:23,Chamber 6,28-0316623b5aff,26.187,T234,40C,off
12/01/2021 14:24:43,Chamber 6,28-0316623b5aff,26.187,T234,40C,off
12/01/2021 14:25:03,Chamber 6,28-0316623b5aff,26.187,T234,40C,off
12/01/2021 14:25:23,Chamber 6,28-0316623b5aff,26.187,T234,40C,off
12/01/2021 14:25:43,Chamber 6,28-0316623b5aff,26.187,T234,40C,off
12/01/2021 14:26:03,Chamber 6,28-0316623b5aff,26.187,T234,40C,off
12/01/2021 14:26:23,Chamber 6,28-0316623b5aff,26.187,T234,40C,off
12/01/2021 14:26:43,Chamber 6,28-0316623b5aff,26.187,T234,40C,off
12/01/2021 14:27:03,Chamber 6,28-0316623b5aff,26.187,T234,40C,off
12/01/2021 14:27:23,Chamber 6,28-0316623b5aff,26.187,T234,40C,off
12/01/2021 14:27:43,Chamber 6,28-0316623b5aff,26.187,T234,40C,off
12/01/2021 14:28:03,Chamber 6,28-0316623b5aff,26.187,T234,40C,off
12/01/2021 14:28:23,Chamber 6,28-0316623b5aff,26.187,T234,40C,off
12/01/2021 14:28:43,Chamber 6,28-0316623b5aff,26.187,T234,40C,off
12/01/2021 14:29:03,Chamber 6,28-0316623b5aff,26.187,T234,40C,off
12/01/2021 14:29:23,Chamber 6,28-0316623b5aff,26.187,T234,40C,off
12/01/2021 14:29:43,Chamber 6,28-0316623b5aff,26.187,T234,40C,off
12/01/2021 14:30:03,Chamber 6,28-0316623b5aff,26.187,T234,40C,off
12/01/2021 14:30:23,Chamber 6,28-0316623b5aff,26.187,T234,40C,off
12/01/2021 14:30:43,Chamber 6,28-0316623b5aff,26.187,T234,40C,off
12/01/2021 14:31:03,Chamber 6,28-0316623b5aff,26.187,T234,40C,off
12/01/2021 14:31:23,Chamber 6,28-0316623b5aff,26.187,T234,40C,off
12/01/2021 14:31:43,Chamber 6,28-0316623b5aff,26.187,T234,40C,off
12/01/2021 14:32:03,Chamber 6,28-0316623b5aff,26.187,T234,40C,off
12/01/2021 14:32:23,Chamber 6,28-0316623b5aff,26.187,T234,40C,off
12/01/2021 14:32:43,Chamber 6,28-0316623b5aff,26.187,T234,40C,off
12/01/2021 14:33:03,Chamber 6,28-0316623b5aff,26.187,T234,40C,off
12/01/2021 14:33:23,Chamber 6,28-0316623b5aff,26.187,T234,40C,off
12/01/2021 14:33:43,Chamber 6,28-0316623b5aff,26.187,T234,40C,off
12/01/2021 14:34:03,Chamber 6,28-0316623b5aff,26.187,T234,40C,off
12/01/2021 14:34:23,Chamber 6,28-0316623b5aff,26.187,T234,40C,off
12/01/2021 14:34:43,Chamber 6,28-0316623b5aff,26.187,T234,40C,off
12/01/2021 14:35:03,Chamber 6,28-0316623b5aff,26.187,T234,40C,off
12/01/2021 14:35:23,Chamber 6,28-0316623b5aff,26.187,T234,40C,off
12/01/2021 14:35:43,Chamber 6,28-0316623b5aff,26.187,T234,40C,off
12/01/2021 14:36:03,Chamber 6,28-0316623b5aff,26.187,T234,40C,off
12/01/2021 14:36:23,Chamber 6,28-0316623b5aff,26.187,T234,40C,off
12/01/2021 14:36:43,Chamber 6,28-0316623b5aff,26.187,T234,40C,off
12/01/2021 14:37:03,Chamber 6,28-0316623b5aff,26.187,T234,40C,off
12/01/2021 14:37:23,Chamber 6,28-0316623b5aff,26.187,T234,40C,off
12/01/2021 14:37:43,Chamber 6,28-0316623b5aff,26.187,T234,40C,off
12/01/2021 14:38:03,Chamber 6,28-0316623b5aff,26.187,T234,40C,off
12/01/2021 14:38:23,Chamber 6,28-0316623b5aff,26.187,T234,40C,off
12/01/2021 14:38:43,Chamber 6,28-0316623b5aff,26.187,T234,40C,off
12/01/2021 14:39:03,Chamber 6,28-0316623b5aff,26.187,T234,40C,off
12/01/2021 14:39:23,Chamber 6,28-0316623b5aff,26.187,T234,40C,off
12/01/2021 14:39:43,Chamber 6,28-0316623b5aff,26.187,T234,40C,off
12/01/2021 14:40:03,Chamber 6,28-0316623b5aff,26.187,T234,40C,off
12/01/2021 14:40:23,Chamber 6,28-0316623b5aff,26.187,T234,40C,off
12/01/2021 14:40:43,Chamber 6,28-0316623b5aff,26.125,T234,40C,off
12/01/2021 14:41:03,Chamber 6,28-0316623b5aff,26.187,T234,40C,off
12/01/2021 14:41:23,Chamber 6,28-0316623b5aff,26.187,T234,40C,off
12/01/2021 14:41:43,Chamber 6,28-0316623b5aff,26.187,T234,40C,off
12/01/2021 14:42:03,Chamber 6,28-0316623b5aff,26.187,T234,40C,off
12/01/2021 14:42:23,Chamber 6,28-0316623b5aff,26.187,T234,40C,off
12/01/2021 14:42:43,Chamber 6,28-0316623b5aff,26.187,T234,40C,off
12/01/2021 14:43:03,Chamber 6,28-0316623b5aff,26.187,T234,40C,off
12/01/2021 14:43:23,Chamber 6,28-0316623b5aff,26.187,T234,40C,off
12/01/2021 14:43:43,Chamber 6,28-0316623b5aff,26.187,T234,40C,off
12/01/2021 14:44:03,Chamber 6,28-0316623b5aff,26.187,T234,40C,off
12/01/2021 14:44:23,Chamber 6,28-0316623b5aff,26.187,T234,40C,off
12/01/2021 14:44:43,Chamber 6,28-0316623b5aff,26.187,T234,40C,off
12/01/2021 14:45:03,Chamber 6,28-0316623b5aff,26.187,T234,40C,off
12/01/2021 14:45:23,Chamber 6,28-0316623b5aff,26.187,T234,40C,off
12/01/2021 14:45:43,Chamber 6,28-0316623b5aff,26.187,T234,40C,off
12/01/2021 14:46:03,Chamber 6,28-0316623b5aff,26.187,T234,40C,off
12/01/2021 14:46:23,Chamber 6,28-0316623b5aff,26.187,T234,40C,off
12/01/2021 14:46:43,Chamber 6,28-0316623b5aff,26.187,T234,40C,off
12/01/2021 14:47:03,Chamber 6,28-0316623b5aff,26.187,T234,40C,off
12/01/2021 14:47:23,Chamber 6,28-0316623b5aff,26.187,T234,40C,off
12/01/2021 14:47:43,Chamber 6,28-0316623b5aff,26.187,T234,40C,off
12/01/2021 14:48:03,Chamber 6,28-0316623b5aff,26.187,T234,40C,off
12/01/2021 14:48:23,Chamber 6,28-0316623b5aff,26.187,T234,40C,off
12/01/2021 14:48:43,Chamber 6,28-0316623b5aff,26.187,T234,40C,off
12/01/2021 14:49:03,Chamber 6,28-0316623b5aff,26.187,T234,40C,off
12/01/2021 14:49:23,Chamber 6,28-0316623b5aff,26.187,T234,40C,off
12/01/2021 14:49:43,Chamber 6,28-0316623b5aff,26.187,T234,40C,off
12/01/2021 14:50:03,Chamber 6,28-0316623b5aff,26.187,T234,40C,off
12/01/2021 14:50:23,Chamber 6,28-0316623b5aff,26.187,T234,40C,off
12/01/2021 14:50:43,Chamber 6,28-0316623b5aff,26.187,T234,40C,off
12/01/2021 14:51:03,Chamber 6,28-0316623b5aff,26.125,T234,40C,off
12/01/2021 14:51:23,Chamber 6,28-0316623b5aff,26.125,T234,40C,off
12/01/2021 14:51:43,Chamber 6,28-0316623b5aff,26.125,T234,40C,off
12/01/2021 14:52:03,Chamber 6,28-0316623b5aff,26.125,T234,40C,off
12/01/2021 14:52:23,Chamber 6,28-0316623b5aff,26.125,T234,40C,off
12/01/2021 14:52:43,Chamber 6,28-0316623b5aff,26.125,T234,40C,off
12/01/2021 14:53:03,Chamber 6,28-0316623b5aff,26.125,T234,40C,off
12/01/2021 14:53:23,Chamber 6,28-0316623b5aff,26.125,T234,40C,off
12/01/2021 14:53:43,Chamber 6,28-0316623b5aff,26.125,T234,40C,off
12/01/2021 14:54:03,Chamber 6,28-0316623b5aff,26.125,T234,40C,off
12/01/2021 14:54:23,Chamber 6,28-0316623b5aff,26.187,T234,40C,off
12/01/2021 14:54:43,Chamber 6,28-0316623b5aff,26.187,T234,40C,off
12/01/2021 14:55:03,Chamber 6,28-0316623b5aff,26.187,T234,40C,off
12/01/2021 14:55:23,Chamber 6,28-0316623b5aff,26.187,T234,40C,off
12/01/2021 14:55:43,Chamber 6,28-0316623b5aff,26.187,T234,40C,off
12/01/2021 14:56:03,Chamber 6,28-0316623b5aff,26.187,T234,40C,off
12/01/2021 14:56:23,Chamber 6,28-0316623b5aff,26.187,T234,40C,off
12/01/2021 14:56:43,Chamber 6,28-0316623b5aff,26.187,T234,40C,off
12/01/2021 14:57:03,Chamber 6,28-0316623b5aff,26.187,T234,40C,off
12/01/2021 14:57:23,Chamber 6,28-0316623b5aff,26.187,T234,40C,off
12/01/2021 14:57:43,Chamber 6,28-0316623b5aff,26.187,T234,40C,off
12/01/2021 14:58:03,Chamber 6,28-0316623b5aff,26.187,T234,40C,off
12/01/2021 14:58:23,Chamber 6,28-0316623b5aff,26.187,T234,40C,off
12/01/2021 14:58:43,Chamber 6,28-0316623b5aff,26.187,T234,40C,off
12/01/2021 14:59:03,Chamber 6,28-0316623b5aff,26.187,T234,40C,off
12/01/2021 14:59:23,Chamber 6,28-0316623b5aff,26.187,T234,40C,off
12/01/2021 14:59:43,Chamber 6,28-0316623b5aff,26.187,T234,40C,off
12/01/2021 15:00:02,Chamber 6,28-0316623b5aff,26.187,T234,40C,off
12/01/2021 15:00:22,Chamber 6,28-0316623b5aff,26.187,T234,40C,off
12/01/2021 15:00:42,Chamber 6,28-0316623b5aff,26.187,T234,40C,off
12/01/2021 15:01:02,Chamber 6,28-0316623b5aff,26.187,T234,40C,off
12/01/2021 15:01:22,Chamber 6,28-0316623b5aff,26.187,T234,40C,off
12/01/2021 15:01:42,Chamber 6,28-0316623b5aff,26.187,T234,40C,off
12/01/2021 15:02:02,Chamber 6,28-0316623b5aff,26.187,T234,40C,off
12/01/2021 15:02:22,Chamber 6,28-0316623b5aff,26.187,T234,40C,off
12/01/2021 15:02:42,Chamber 6,28-0316623b5aff,26.187,T234,40C,off
12/01/2021 15:03:02,Chamber 6,28-0316623b5aff,26.187,T234,40C,off
12/01/2021 15:03:22,Chamber 6,28-0316623b5aff,26.187,T234,40C,off
12/01/2021 15:03:42,Chamber 6,28-0316623b5aff,26.187,T234,40C,off
12/01/2021 15:04:02,Chamber 6,28-0316623b5aff,26.187,T234,40C,off
12/01/2021 15:04:22,Chamber 6,28-0316623b5aff,26.187,T234,40C,off
12/01/2021 15:04:42,Chamber 6,28-0316623b5aff,26.187,T234,40C,off
12/01/2021 15:05:03,Chamber 6,28-0316623b5aff,26.187,T234,40C,off
12/01/2021 15:05:22,Chamber 6,28-0316623b5aff,26.187,T234,40C,off
12/01/2021 15:05:42,Chamber 6,28-0316623b5aff,26.187,T234,40C,off
12/01/2021 15:06:02,Chamber 6,28-0316623b5aff,26.187,T234,40C,off
12/01/2021 15:06:22,Chamber 6,28-0316623b5aff,26.187,T234,40C,off
12/01/2021 15:06:42,Chamber 6,28-0316623b5aff,26.187,T234,40C,off
12/01/2021 15:07:02,Chamber 6,28-0316623b5aff,26.125,T234,40C,off
12/01/2021 15:07:22,Chamber 6,28-0316623b5aff,26.187,T234,40C,off
12/01/2021 15:07:42,Chamber 6,28-0316623b5aff,26.187,T234,40C,off
12/01/2021 15:08:02,Chamber 6,28-0316623b5aff,26.187,T234,40C,off
12/01/2021 15:08:22,Chamber 6,28-0316623b5aff,26.187,T234,40C,off
12/01/2021 15:08:42,Chamber 6,28-0316623b5aff,26.187,T234,40C,off
12/01/2021 15:09:02,Chamber 6,28-0316623b5aff,26.187,T234,40C,off
12/01/2021 15:09:22,Chamber 6,28-0316623b5aff,26.187,T234,40C,off
12/01/2021 15:09:42,Chamber 6,28-0316623b5aff,26.187,T234,40C,off
12/01/2021 15:10:02,Chamber 6,28-0316623b5aff,26.187,T234,40C,off
12/01/2021 15:10:22,Chamber 6,28-0316623b5aff,26.187,T234,40C,off
12/01/2021 15:10:42,Chamber 6,28-0316623b5aff,26.187,T234,40C,off
12/01/2021 15:11:02,Chamber 6,28-0316623b5aff,26.125,T234,40C,off
12/01/2021 15:11:22,Chamber 6,28-0316623b5aff,26.125,T234,40C,off
12/01/2021 15:11:42,Chamber 6,28-0316623b5aff,26.125,T234,40C,off
12/01/2021 15:12:02,Chamber 6,28-0316623b5aff,26.125,T234,40C,off
12/01/2021 15:12:22,Chamber 6,28-0316623b5aff,26.125,T234,40C,off
12/01/2021 15:12:42,Chamber 6,28-0316623b5aff,26.125,T234,40C,off
12/01/2021 15:13:02,Chamber 6,28-0316623b5aff,26.125,T234,40C,off
12/01/2021 15:13:22,Chamber 6,28-0316623b5aff,26.125,T234,40C,off
12/01/2021 15:13:42,Chamber 6,28-0316623b5aff,26.125,T234,40C,off
12/01/2021 15:14:02,Chamber 6,28-0316623b5aff,26.125,T234,40C,off
12/01/2021 15:14:22,Chamber 6,28-0316623b5aff,26.187,T234,40C,off
12/01/2021 15:14:42,Chamber 6,28-0316623b5aff,26.187,T234,40C,off
12/01/2021 15:15:02,Chamber 6,28-0316623b5aff,26.187,T234,40C,off
12/01/2021 15:15:22,Chamber 6,28-0316623b5aff,26.187,T234,40C,off
12/01/2021 15:15:42,Chamber 6,28-0316623b5aff,26.187,T234,40C,off
12/01/2021 15:16:02,Chamber 6,28-0316623b5aff,26.187,T234,40C,off
12/01/2021 15:16:22,Chamber 6,28-0316623b5aff,26.187,T234,40C,off
12/01/2021 15:16:42,Chamber 6,28-0316623b5aff,26.187,T234,40C,off
12/01/2021 15:17:02,Chamber 6,28-0316623b5aff,26.187,T234,40C,off
12/01/2021 15:17:22,Chamber 6,28-0316623b5aff,26.187,T234,40C,off
12/01/2021 15:17:42,Chamber 6,28-0316623b5aff,26.187,T234,40C,off
12/01/2021 15:18:02,Chamber 6,28-0316623b5aff,26.187,T234,40C,off
12/01/2021 15:18:22,Chamber 6,28-0316623b5aff,26.187,T234,40C,off
12/01/2021 15:18:42,Chamber 6,28-0316623b5aff,26.187,T234,40C,off
12/01/2021 15:19:02,Chamber 6,28-0316623b5aff,26.187,T234,40C,off
12/01/2021 15:19:22,Chamber 6,28-0316623b5aff,26.187,T234,40C,off
12/01/2021 15:19:42,Chamber 6,28-0316623b5aff,26.187,T234,40C,off
12/01/2021 15:20:02,Chamber 6,28-0316623b5aff,26.187,T234,40C,off
12/01/2021 15:20:22,Chamber 6,28-0316623b5aff,26.187,T234,40C,off
12/01/2021 15:20:42,Chamber 6,28-0316623b5aff,26.187,T234,40C,off
12/01/2021 15:21:02,Chamber 6,28-0316623b5aff,26.125,T234,40C,off
12/01/2021 15:21:22,Chamber 6,28-0316623b5aff,26.125,T234,40C,off
12/01/2021 15:21:42,Chamber 6,28-0316623b5aff,26.125,T234,40C,off
12/01/2021 15:22:02,Chamber 6,28-0316623b5aff,26.125,T234,40C,off
12/01/2021 15:22:22,Chamber 6,28-0316623b5aff,26.125,T234,40C,off
12/01/2021 15:22:42,Chamber 6,28-0316623b5aff,26.125,T234,40C,off
12/01/2021 15:23:02,Chamber 6,28-0316623b5aff,26.125,T234,40C,off
12/01/2021 15:23:22,Chamber 6,28-0316623b5aff,26.125,T234,40C,off
12/01/2021 15:23:42,Chamber 6,28-0316623b5aff,26.125,T234,40C,off
12/01/2021 15:24:02,Chamber 6,28-0316623b5aff,26.187,T234,40C,off
12/01/2021 15:24:22,Chamber 6,28-0316623b5aff,26.125,T234,40C,off
12/01/2021 15:24:42,Chamber 6,28-0316623b5aff,26.187,T234,40C,off
12/01/2021 15:25:02,Chamber 6,28-0316623b5aff,26.187,T234,40C,off
12/01/2021 15:25:22,Chamber 6,28-0316623b5aff,26.187,T234,40C,off
12/01/2021 15:25:42,Chamber 6,28-0316623b5aff,26.187,T234,40C,off
12/01/2021 15:26:02,Chamber 6,28-0316623b5aff,26.187,T234,40C,off
12/01/2021 15:26:22,Chamber 6,28-0316623b5aff,26.187,T234,40C,off
12/01/2021 15:26:42,Chamber 6,28-0316623b5aff,26.187,T234,40C,off
12/01/2021 15:27:02,Chamber 6,28-0316623b5aff,26.187,T234,40C,off
12/01/2021 15:27:22,Chamber 6,28-0316623b5aff,26.187,T234,40C,off
12/01/2021 15:27:42,Chamber 6,28-0316623b5aff,26.187,T234,40C,off
12/01/2021 15:28:02,Chamber 6,28-0316623b5aff,26.187,T234,40C,off
12/01/2021 15:28:22,Chamber 6,28-0316623b5aff,26.187,T234,40C,off
12/01/2021 15:28:42,Chamber 6,28-0316623b5aff,26.187,T234,40C,off
12/01/2021 15:29:02,Chamber 6,28-0316623b5aff,26.187,T234,40C,off
12/01/2021 15:29:22,Chamber 6,28-0316623b5aff,26.125,T234,40C,off
12/01/2021 15:29:42,Chamber 6,28-0316623b5aff,26.187,T234,40C,off
12/01/2021 15:30:02,Chamber 6,28-0316623b5aff,26.187,T234,40C,off
12/01/2021 15:30:22,Chamber 6,28-0316623b5aff,26.125,T234,40C,off
12/01/2021 15:30:42,Chamber 6,28-0316623b5aff,26.125,T234,40C,off
12/01/2021 15:31:02,Chamber 6,28-0316623b5aff,26.125,T234,40C,off
12/01/2021 15:31:22,Chamber 6,28-0316623b5aff,26.125,T234,40C,off
12/01/2021 15:31:42,Chamber 6,28-0316623b5aff,26.187,T234,40C,off
12/01/2021 15:32:02,Chamber 6,28-0316623b5aff,26.187,T234,40C,off
12/01/2021 15:32:22,Chamber 6,28-0316623b5aff,26.187,T234,40C,off
12/01/2021 15:32:42,Chamber 6,28-0316623b5aff,26.187,T234,40C,off
12/01/2021 15:33:02,Chamber 6,28-0316623b5aff,26.187,T234,40C,off
12/01/2021 15:33:22,Chamber 6,28-0316623b5aff,26.187,T234,40C,off
12/01/2021 15:33:42,Chamber 6,28-0316623b5aff,26.187,T234,40C,off
12/01/2021 15:34:02,Chamber 6,28-0316623b5aff,26.187,T234,40C,off
12/01/2021 15:34:22,Chamber 6,28-0316623b5aff,26.187,T234,40C,off
12/01/2021 15:34:42,Chamber 6,28-0316623b5aff,26.187,T234,40C,off
12/01/2021 15:35:02,Chamber 6,28-0316623b5aff,26.187,T234,40C,off
12/01/2021 15:35:22,Chamber 6,28-0316623b5aff,26.187,T234,40C,off
12/01/2021 15:35:42,Chamber 6,28-0316623b5aff,26.187,T234,40C,off
12/01/2021 15:36:02,Chamber 6,28-0316623b5aff,26.187,T234,40C,off
12/01/2021 15:36:22,Chamber 6,28-0316623b5aff,26.187,T234,40C,off
12/01/2021 15:36:42,Chamber 6,28-0316623b5aff,26.187,T234,40C,off
12/01/2021 15:37:02,Chamber 6,28-0316623b5aff,26.187,T234,40C,off
12/01/2021 15:37:22,Chamber 6,28-0316623b5aff,26.187,T234,40C,off
12/01/2021 15:37:42,Chamber 6,28-0316623b5aff,26.187,T234,40C,off
12/01/2021 15:38:02,Chamber 6,28-0316623b5aff,26.187,T234,40C,off
12/01/2021 15:38:22,Chamber 6,28-0316623b5aff,26.187,T234,40C,off
12/01/2021 15:38:42,Chamber 6,28-0316623b5aff,26.187,T234,40C,off
12/01/2021 15:39:02,Chamber 6,28-0316623b5aff,26.187,T234,40C,off
12/01/2021 15:39:22,Chamber 6,28-0316623b5aff,26.187,T234,40C,off
12/01/2021 15:39:42,Chamber 6,28-0316623b5aff,26.125,T234,40C,off
12/01/2021 15:40:02,Chamber 6,28-0316623b5aff,26.125,T234,40C,off
12/01/2021 15:40:22,Chamber 6,28-0316623b5aff,26.125,T234,40C,off
12/01/2021 15:40:42,Chamber 6,28-0316623b5aff,26.125,T234,40C,off
12/01/2021 15:41:02,Chamber 6,28-0316623b5aff,26.125,T234,40C,off
12/01/2021 15:41:22,Chamber 6,28-0316623b5aff,26.125,T234,40C,off
12/01/2021 15:41:42,Chamber 6,28-0316623b5aff,26.125,T234,40C,off
12/01/2021 15:42:02,Chamber 6,28-0316623b5aff,26.125,T234,40C,off
12/01/2021 15:42:22,Chamber 6,28-0316623b5aff,26.125,T234,40C,off
12/01/2021 15:42:42,Chamber 6,28-0316623b5aff,26.187,T234,40C,off
12/01/2021 15:43:02,Chamber 6,28-0316623b5aff,26.187,T234,40C,off
12/01/2021 15:43:22,Chamber 6,28-0316623b5aff,26.125,T234,40C,off
12/01/2021 15:43:42,Chamber 6,28-0316623b5aff,26.125,T234,40C,off
12/01/2021 15:44:02,Chamber 6,28-0316623b5aff,26.125,T234,40C,off
12/01/2021 15:44:22,Chamber 6,28-0316623b5aff,26.125,T234,40C,off
12/01/2021 15:44:42,Chamber 6,28-0316623b5aff,26.187,T234,40C,off
12/01/2021 15:45:02,Chamber 6,28-0316623b5aff,26.187,T234,40C,off
12/01/2021 15:45:22,Chamber 6,28-0316623b5aff,26.187,T234,40C,off
12/01/2021 15:45:42,Chamber 6,28-0316623b5aff,26.187,T234,40C,off
12/01/2021 15:46:02,Chamber 6,28-0316623b5aff,26.187,T234,40C,off
12/01/2021 15:46:22,Chamber 6,28-0316623b5aff,26.187,T234,40C,off
12/01/2021 15:46:42,Chamber 6,28-0316623b5aff,26.187,T234,40C,off
12/01/2021 15:47:02,Chamber 6,28-0316623b5aff,26.187,T234,40C,off
12/01/2021 15:47:22,Chamber 6,28-0316623b5aff,26.187,T234,40C,off
12/01/2021 15:47:42,Chamber 6,28-0316623b5aff,26.187,T234,40C,off
12/01/2021 15:48:02,Chamber 6,28-0316623b5aff,26.187,T234,40C,off
12/01/2021 15:48:22,Chamber 6,28-0316623b5aff,26.187,T234,40C,off
12/01/2021 15:48:42,Chamber 6,28-0316623b5aff,26.187,T234,40C,off
12/01/2021 15:49:02,Chamber 6,28-0316623b5aff,26.187,T234,40C,off
12/01/2021 15:49:22,Chamber 6,28-0316623b5aff,26.187,T234,40C,off
12/01/2021 15:49:42,Chamber 6,28-0316623b5aff,26.187,T234,40C,off
12/01/2021 15:50:02,Chamber 6,28-0316623b5aff,26.187,T234,40C,off
12/01/2021 15:50:22,Chamber 6,28-0316623b5aff,26.187,T234,40C,off
12/01/2021 15:50:42,Chamber 6,28-0316623b5aff,26.187,T234,40C,off
12/01/2021 15:51:02,Chamber 6,28-0316623b5aff,26.187,T234,40C,off
12/01/2021 15:51:22,Chamber 6,28-0316623b5aff,26.187,T234,40C,off
12/01/2021 15:51:42,Chamber 6,28-0316623b5aff,26.187,T234,40C,off
12/01/2021 15:52:02,Chamber 6,28-0316623b5aff,26.187,T234,40C,off
12/01/2021 15:52:22,Chamber 6,28-0316623b5aff,26.187,T234,40C,off
12/01/2021 15:52:42,Chamber 6,28-0316623b5aff,26.187,T234,40C,off
12/01/2021 15:53:02,Chamber 6,28-0316623b5aff,26.187,T234,40C,off
12/01/2021 15:53:22,Chamber 6,28-0316623b5aff,26.187,T234,40C,off
12/01/2021 15:53:42,Chamber 6,28-0316623b5aff,26.187,T234,40C,off
12/01/2021 15:54:02,Chamber 6,28-0316623b5aff,26.187,T234,40C,off
12/01/2021 15:54:22,Chamber 6,28-0316623b5aff,26.187,T234,40C,off
12/01/2021 15:54:42,Chamber 6,28-0316623b5aff,26.187,T234,40C,off
12/01/2021 15:55:02,Chamber 6,28-0316623b5aff,26.187,T234,40C,off
12/01/2021 15:55:22,Chamber 6,28-0316623b5aff,26.187,T234,40C,off
12/01/2021 15:55:42,Chamber 6,28-0316623b5aff,26.187,T234,40C,off
12/01/2021 15:56:02,Chamber 6,28-0316623b5aff,26.187,T234,40C,off
12/01/2021 15:56:22,Chamber 6,28-0316623b5aff,26.187,T234,40C,off
12/01/2021 15:56:42,Chamber 6,28-0316623b5aff,26.187,T234,40C,off
12/01/2021 15:57:02,Chamber 6,28-0316623b5aff,26.187,T234,40C,off
12/01/2021 15:57:22,Chamber 6,28-0316623b5aff,26.187,T234,40C,off
12/01/2021 15:57:42,Chamber 6,28-0316623b5aff,26.187,T234,40C,off
12/01/2021 15:58:02,Chamber 6,28-0316623b5aff,26.187,T234,40C,off
12/01/2021 15:58:22,Chamber 6,28-0316623b5aff,26.187,T234,40C,off
12/01/2021 15:58:42,Chamber 6,28-0316623b5aff,26.187,T234,40C,off
12/01/2021 15:59:02,Chamber 6,28-0316623b5aff,26.187,T234,40C,off
12/01/2021 15:59:22,Chamber 6,28-0316623b5aff,26.187,T234,40C,off
12/01/2021 15:59:42,Chamber 6,28-0316623b5aff,26.187,T234,40C,off
12/01/2021 16:00:03,Chamber 6,28-0316623b5aff,26.187,T234,40C,off
12/01/2021 16:00:23,Chamber 6,28-0316623b5aff,26.187,T234,40C,off
12/01/2021 16:00:43,Chamber 6,28-0316623b5aff,26.187,T234,40C,off
12/01/2021 16:01:03,Chamber 6,28-0316623b5aff,26.187,T234,40C,off
12/01/2021 16:01:23,Chamber 6,28-0316623b5aff,26.125,T234,40C,off
12/01/2021 16:01:43,Chamber 6,28-0316623b5aff,26.187,T234,40C,off
12/01/2021 16:02:03,Chamber 6,28-0316623b5aff,26.187,T234,40C,off
12/01/2021 16:02:23,Chamber 6,28-0316623b5aff,26.187,T234,40C,off
12/01/2021 16:02:43,Chamber 6,28-0316623b5aff,26.187,T234,40C,off
12/01/2021 16:03:03,Chamber 6,28-0316623b5aff,26.187,T234,40C,off
12/01/2021 16:03:23,Chamber 6,28-0316623b5aff,26.187,T234,40C,off
12/01/2021 16:03:43,Chamber 6,28-0316623b5aff,26.187,T234,40C,off
12/01/2021 16:04:03,Chamber 6,28-0316623b5aff,26.187,T234,40C,off
12/01/2021 16:04:23,Chamber 6,28-0316623b5aff,26.187,T234,40C,off
12/01/2021 16:04:43,Chamber 6,28-0316623b5aff,26.187,T234,40C,off
12/01/2021 16:05:03,Chamber 6,28-0316623b5aff,26.187,T234,40C,off
12/01/2021 16:05:23,Chamber 6,28-0316623b5aff,26.187,T234,40C,off
12/01/2021 16:05:43,Chamber 6,28-0316623b5aff,26.187,T234,40C,off
12/01/2021 16:06:03,Chamber 6,28-0316623b5aff,26.187,T234,40C,off
12/01/2021 16:06:23,Chamber 6,28-0316623b5aff,26.125,T234,40C,off
12/01/2021 16:06:43,Chamber 6,28-0316623b5aff,26.187,T234,40C,off
12/01/2021 16:07:03,Chamber 6,28-0316623b5aff,26.187,T234,40C,off
12/01/2021 16:07:23,Chamber 6,28-0316623b5aff,26.187,T234,40C,off
12/01/2021 16:07:43,Chamber 6,28-0316623b5aff,26.187,T234,40C,off
12/01/2021 16:08:03,Chamber 6,28-0316623b5aff,26.187,T234,40C,off
12/01/2021 16:08:23,Chamber 6,28-0316623b5aff,26.187,T234,40C,off
12/01/2021 16:08:43,Chamber 6,28-0316623b5aff,26.187,T234,40C,off
12/01/2021 16:09:03,Chamber 6,28-0316623b5aff,26.125,T234,40C,off
12/01/2021 16:09:23,Chamber 6,28-0316623b5aff,26.187,T234,40C,off
12/01/2021 16:09:43,Chamber 6,28-0316623b5aff,26.125,T234,40C,off
12/01/2021 16:10:03,Chamber 6,28-0316623b5aff,26.125,T234,40C,off
12/01/2021 16:10:23,Chamber 6,28-0316623b5aff,26.125,T234,40C,off
12/01/2021 16:10:43,Chamber 6,28-0316623b5aff,26.187,T234,40C,off
12/01/2021 16:11:03,Chamber 6,28-0316623b5aff,26.125,T234,40C,off
12/01/2021 16:11:23,Chamber 6,28-0316623b5aff,26.125,T234,40C,off
12/01/2021 16:11:43,Chamber 6,28-0316623b5aff,26.125,T234,40C,off
12/01/2021 16:12:03,Chamber 6,28-0316623b5aff,26.125,T234,40C,off
12/01/2021 16:12:23,Chamber 6,28-0316623b5aff,26.125,T234,40C,off
12/01/2021 16:12:43,Chamber 6,28-0316623b5aff,26.125,T234,40C,off
12/01/2021 16:13:03,Chamber 6,28-0316623b5aff,26.125,T234,40C,off
12/01/2021 16:13:23,Chamber 6,28-0316623b5aff,26.125,T234,40C,off
12/01/2021 16:13:43,Chamber 6,28-0316623b5aff,26.125,T234,40C,off
12/01/2021 16:14:03,Chamber 6,28-0316623b5aff,26.125,T234,40C,off
12/01/2021 16:14:23,Chamber 6,28-0316623b5aff,26.125,T234,40C,off
12/01/2021 16:14:43,Chamber 6,28-0316623b5aff,26.125,T234,40C,off
12/01/2021 16:15:03,Chamber 6,28-0316623b5aff,26.125,T234,40C,off
12/01/2021 16:15:23,Chamber 6,28-0316623b5aff,26.125,T234,40C,off
12/01/2021 16:15:43,Chamber 6,28-0316623b5aff,26.125,T234,40C,off
12/01/2021 16:16:03,Chamber 6,28-0316623b5aff,26.125,T234,40C,off
12/01/2021 16:16:23,Chamber 6,28-0316623b5aff,26.125,T234,40C,off
12/01/2021 16:16:43,Chamber 6,28-0316623b5aff,26.125,T234,40C,off
12/01/2021 16:17:03,Chamber 6,28-0316623b5aff,26.125,T234,40C,off
12/01/2021 16:17:23,Chamber 6,28-0316623b5aff,26.125,T234,40C,off
12/01/2021 16:17:43,Chamber 6,28-0316623b5aff,26.125,T234,40C,off
12/01/2021 16:18:03,Chamber 6,28-0316623b5aff,26.125,T234,40C,off
12/01/2021 16:18:23,Chamber 6,28-0316623b5aff,26.125,T234,40C,off
12/01/2021 16:18:43,Chamber 6,28-0316623b5aff,26.125,T234,40C,off
12/01/2021 16:19:03,Chamber 6,28-0316623b5aff,26.125,T234,40C,off
12/01/2021 16:19:23,Chamber 6,28-0316623b5aff,26.125,T234,40C,off
12/01/2021 16:19:43,Chamber 6,28-0316623b5aff,26.125,T234,40C,off
12/01/2021 16:20:03,Chamber 6,28-0316623b5aff,26.125,T234,40C,off
12/01/2021 16:20:23,Chamber 6,28-0316623b5aff,26.125,T234,40C,off
12/01/2021 16:20:43,Chamber 6,28-0316623b5aff,26.125,T234,40C,off
12/01/2021 16:21:03,Chamber 6,28-0316623b5aff,26.125,T234,40C,off
12/01/2021 16:21:23,Chamber 6,28-0316623b5aff,26.125,T234,40C,off
12/01/2021 16:21:43,Chamber 6,28-0316623b5aff,26.125,T234,40C,off
12/01/2021 16:22:03,Chamber 6,28-0316623b5aff,26.125,T234,40C,off
12/01/2021 16:22:23,Chamber 6,28-0316623b5aff,26.125,T234,40C,off
12/01/2021 16:22:43,Chamber 6,28-0316623b5aff,26.125,T234,40C,off
12/01/2021 16:23:03,Chamber 6,28-0316623b5aff,26.125,T234,40C,off
12/01/2021 16:23:23,Chamber 6,28-0316623b5aff,26.125,T234,40C,off
12/01/2021 16:23:43,Chamber 6,28-0316623b5aff,26.125,T234,40C,off
12/01/2021 16:24:03,Chamber 6,28-0316623b5aff,26.125,T234,40C,off
12/01/2021 16:24:23,Chamber 6,28-0316623b5aff,26.125,T234,40C,off
12/01/2021 16:24:43,Chamber 6,28-0316623b5aff,26.125,T234,40C,off
12/01/2021 16:25:03,Chamber 6,28-0316623b5aff,26.125,T234,40C,off
12/01/2021 16:25:23,Chamber 6,28-0316623b5aff,26.125,T234,40C,off
12/01/2021 16:25:43,Chamber 6,28-0316623b5aff,26.125,T234,40C,off
12/01/2021 16:26:03,Chamber 6,28-0316623b5aff,26.125,T234,40C,off
12/01/2021 16:26:23,Chamber 6,28-0316623b5aff,26.187,T234,40C,off
12/01/2021 16:26:43,Chamber 6,28-0316623b5aff,26.125,T234,40C,off
12/01/2021 16:27:03,Chamber 6,28-0316623b5aff,26.125,T234,40C,off
12/01/2021 16:27:23,Chamber 6,28-0316623b5aff,26.125,T234,40C,off
12/01/2021 16:27:43,Chamber 6,28-0316623b5aff,26.125,T234,40C,off
12/01/2021 16:28:03,Chamber 6,28-0316623b5aff,26.125,T234,40C,off
12/01/2021 16:28:23,Chamber 6,28-0316623b5aff,26.125,T234,40C,off
12/01/2021 16:28:43,Chamber 6,28-0316623b5aff,26.125,T234,40C,off
12/01/2021 16:29:03,Chamber 6,28-0316623b5aff,26.125,T234,40C,off
12/01/2021 16:29:23,Chamber 6,28-0316623b5aff,26.187,T234,40C,off
12/01/2021 16:29:43,Chamber 6,28-0316623b5aff,26.125,T234,40C,off
12/01/2021 16:30:03,Chamber 6,28-0316623b5aff,26.125,T234,40C,off
12/01/2021 16:30:23,Chamber 6,28-0316623b5aff,26.125,T234,40C,off
12/01/2021 16:30:43,Chamber 6,28-0316623b5aff,26.125,T234,40C,off
12/01/2021 16:31:03,Chamber 6,28-0316623b5aff,26.187,T234,40C,off
12/01/2021 16:31:23,Chamber 6,28-0316623b5aff,26.125,T234,40C,off
12/01/2021 16:31:43,Chamber 6,28-0316623b5aff,26.125,T234,40C,off
12/01/2021 16:32:03,Chamber 6,28-0316623b5aff,26.125,T234,40C,off
12/01/2021 16:32:23,Chamber 6,28-0316623b5aff,26.125,T234,40C,off
12/01/2021 16:32:43,Chamber 6,28-0316623b5aff,26.125,T234,40C,off
12/01/2021 16:33:03,Chamber 6,28-0316623b5aff,26.125,T234,40C,off
12/01/2021 16:33:23,Chamber 6,28-0316623b5aff,26.187,T234,40C,off
12/01/2021 16:33:43,Chamber 6,28-0316623b5aff,26.187,T234,40C,off
12/01/2021 16:34:03,Chamber 6,28-0316623b5aff,26.187,T234,40C,off
12/01/2021 16:34:23,Chamber 6,28-0316623b5aff,26.187,T234,40C,off
12/01/2021 16:34:43,Chamber 6,28-0316623b5aff,26.187,T234,40C,off
12/01/2021 16:35:03,Chamber 6,28-0316623b5aff,26.125,T234,40C,off
12/01/2021 16:35:23,Chamber 6,28-0316623b5aff,26.187,T234,40C,off
12/01/2021 16:35:43,Chamber 6,28-0316623b5aff,26.187,T234,40C,off
12/01/2021 16:36:03,Chamber 6,28-0316623b5aff,26.187,T234,40C,off
12/01/2021 16:36:23,Chamber 6,28-0316623b5aff,26.187,T234,40C,off
12/01/2021 16:36:43,Chamber 6,28-0316623b5aff,26.125,T234,40C,off
12/01/2021 16:37:03,Chamber 6,28-0316623b5aff,26.125,T234,40C,off
12/01/2021 16:37:23,Chamber 6,28-0316623b5aff,26.125,T234,40C,off
12/01/2021 16:37:43,Chamber 6,28-0316623b5aff,26.125,T234,40C,off
12/01/2021 16:38:03,Chamber 6,28-0316623b5aff,26.187,T234,40C,off
12/01/2021 16:38:23,Chamber 6,28-0316623b5aff,26.125,T234,40C,off
12/01/2021 16:38:43,Chamber 6,28-0316623b5aff,26.125,T234,40C,off
12/01/2021 16:39:03,Chamber 6,28-0316623b5aff,26.125,T234,40C,off
12/01/2021 16:39:23,Chamber 6,28-0316623b5aff,26.125,T234,40C,off
12/01/2021 16:39:43,Chamber 6,28-0316623b5aff,26.125,T234,40C,off
12/01/2021 16:40:03,Chamber 6,28-0316623b5aff,26.125,T234,40C,off
12/01/2021 16:40:23,Chamber 6,28-0316623b5aff,26.125,T234,40C,off
12/01/2021 16:40:43,Chamber 6,28-0316623b5aff,26.125,T234,40C,off
12/01/2021 16:41:03,Chamber 6,28-0316623b5aff,26.125,T234,40C,off
12/01/2021 16:41:23,Chamber 6,28-0316623b5aff,26.125,T234,40C,off
12/01/2021 16:41:43,Chamber 6,28-0316623b5aff,26.125,T234,40C,off
12/01/2021 16:42:03,Chamber 6,28-0316623b5aff,26.125,T234,40C,off
12/01/2021 16:42:23,Chamber 6,28-0316623b5aff,26.125,T234,40C,off
12/01/2021 16:42:43,Chamber 6,28-0316623b5aff,26.125,T234,40C,off
12/01/2021 16:43:03,Chamber 6,28-0316623b5aff,26.125,T234,40C,off
12/01/2021 16:43:23,Chamber 6,28-0316623b5aff,26.125,T234,40C,off
12/01/2021 16:43:43,Chamber 6,28-0316623b5aff,26.125,T234,40C,off
12/01/2021 16:44:03,Chamber 6,28-0316623b5aff,26.125,T234,40C,off
12/01/2021 16:44:23,Chamber 6,28-0316623b5aff,26.125,T234,40C,off
12/01/2021 16:44:43,Chamber 6,28-0316623b5aff,26.125,T234,40C,off
12/01/2021 16:45:03,Chamber 6,28-0316623b5aff,26.125,T234,40C,off
12/01/2021 16:45:23,Chamber 6,28-0316623b5aff,26.125,T234,40C,off
12/01/2021 16:45:43,Chamber 6,28-0316623b5aff,26.125,T234,40C,off
12/01/2021 16:46:03,Chamber 6,28-0316623b5aff,26.125,T234,40C,off
12/01/2021 16:46:23,Chamber 6,28-0316623b5aff,26.125,T234,40C,off
12/01/2021 16:46:43,Chamber 6,28-0316623b5aff,26.125,T234,40C,off
12/01/2021 16:47:03,Chamber 6,28-0316623b5aff,26.125,T234,40C,off
12/01/2021 16:47:23,Chamber 6,28-0316623b5aff,26.125,T234,40C,off
12/01/2021 16:47:43,Chamber 6,28-0316623b5aff,26.125,T234,40C,off
12/01/2021 16:48:03,Chamber 6,28-0316623b5aff,26.125,T234,40C,off
12/01/2021 16:48:23,Chamber 6,28-0316623b5aff,26.125,T234,40C,off
12/01/2021 16:48:43,Chamber 6,28-0316623b5aff,26.125,T234,40C,off
12/01/2021 16:49:03,Chamber 6,28-0316623b5aff,26.125,T234,40C,off
12/01/2021 16:49:23,Chamber 6,28-0316623b5aff,26.125,T234,40C,off
12/01/2021 16:49:43,Chamber 6,28-0316623b5aff,26.125,T234,40C,off
12/01/2021 16:50:03,Chamber 6,28-0316623b5aff,26.125,T234,40C,off
12/01/2021 16:50:23,Chamber 6,28-0316623b5aff,26.125,T234,40C,off
12/01/2021 16:50:43,Chamber 6,28-0316623b5aff,26.125,T234,40C,off
12/01/2021 16:51:03,Chamber 6,28-0316623b5aff,26.125,T234,40C,off
12/01/2021 16:51:23,Chamber 6,28-0316623b5aff,26.187,T234,40C,off
12/01/2021 16:51:43,Chamber 6,28-0316623b5aff,26.187,T234,40C,off
12/01/2021 16:52:03,Chamber 6,28-0316623b5aff,26.187,T234,40C,off
12/01/2021 16:52:23,Chamber 6,28-0316623b5aff,26.187,T234,40C,off
12/01/2021 16:52:43,Chamber 6,28-0316623b5aff,26.187,T234,40C,off
12/01/2021 16:53:03,Chamber 6,28-0316623b5aff,26.187,T234,40C,off
12/01/2021 16:53:23,Chamber 6,28-0316623b5aff,26.187,T234,40C,off
12/01/2021 16:53:43,Chamber 6,28-0316623b5aff,26.187,T234,40C,off
12/01/2021 16:54:03,Chamber 6,28-0316623b5aff,26.187,T234,40C,off
12/01/2021 16:54:23,Chamber 6,28-0316623b5aff,26.187,T234,40C,off
12/01/2021 16:54:43,Chamber 6,28-0316623b5aff,26.187,T234,40C,off
12/01/2021 16:55:03,Chamber 6,28-0316623b5aff,26.125,T234,40C,off
12/01/2021 16:55:23,Chamber 6,28-0316623b5aff,26.187,T234,40C,off
12/01/2021 16:55:43,Chamber 6,28-0316623b5aff,26.187,T234,40C,off
12/01/2021 16:56:03,Chamber 6,28-0316623b5aff,26.125,T234,40C,off
12/01/2021 16:56:23,Chamber 6,28-0316623b5aff,26.125,T234,40C,off
12/01/2021 16:56:43,Chamber 6,28-0316623b5aff,26.125,T234,40C,off
12/01/2021 16:57:03,Chamber 6,28-0316623b5aff,26.187,T234,40C,off
12/01/2021 16:57:23,Chamber 6,28-0316623b5aff,26.125,T234,40C,off
12/01/2021 16:57:43,Chamber 6,28-0316623b5aff,26.187,T234,40C,off
12/01/2021 16:58:03,Chamber 6,28-0316623b5aff,26.187,T234,40C,off
12/01/2021 16:58:23,Chamber 6,28-0316623b5aff,26.125,T234,40C,off
12/01/2021 16:58:43,Chamber 6,28-0316623b5aff,26.187,T234,40C,off
12/01/2021 16:59:03,Chamber 6,28-0316623b5aff,26.125,T234,40C,off
12/01/2021 16:59:23,Chamber 6,28-0316623b5aff,26.187,T234,40C,off
12/01/2021 16:59:43,Chamber 6,28-0316623b5aff,26.187,T234,40C,off
12/01/2021 17:00:02,Chamber 6,28-0316623b5aff,26.187,T234,40C,off
12/01/2021 17:00:22,Chamber 6,28-0316623b5aff,26.187,T234,40C,off
12/01/2021 17:00:42,Chamber 6,28-0316623b5aff,26.187,T234,40C,off
12/01/2021 17:01:02,Chamber 6,28-0316623b5aff,26.187,T234,40C,off
12/01/2021 17:01:22,Chamber 6,28-0316623b5aff,26.125,T234,40C,off
12/01/2021 17:01:42,Chamber 6,28-0316623b5aff,26.125,T234,40C,off
12/01/2021 17:02:02,Chamber 6,28-0316623b5aff,26.125,T234,40C,off
12/01/2021 17:02:22,Chamber 6,28-0316623b5aff,26.125,T234,40C,off
12/01/2021 17:02:42,Chamber 6,28-0316623b5aff,26.125,T234,40C,off
12/01/2021 17:03:02,Chamber 6,28-0316623b5aff,26.125,T234,40C,off
12/01/2021 17:03:22,Chamber 6,28-0316623b5aff,26.125,T234,40C,off
12/01/2021 17:03:42,Chamber 6,28-0316623b5aff,26.125,T234,40C,off
12/01/2021 17:04:02,Chamber 6,28-0316623b5aff,26.125,T234,40C,off
12/01/2021 17:04:22,Chamber 6,28-0316623b5aff,26.125,T234,40C,off
12/01/2021 17:04:42,Chamber 6,28-0316623b5aff,26.125,T234,40C,off
12/01/2021 17:05:02,Chamber 6,28-0316623b5aff,26.125,T234,40C,off
12/01/2021 17:05:22,Chamber 6,28-0316623b5aff,26.125,T234,40C,off
12/01/2021 17:05:42,Chamber 6,28-0316623b5aff,26.125,T234,40C,off
12/01/2021 17:06:02,Chamber 6,28-0316623b5aff,26.125,T234,40C,off
12/01/2021 17:06:22,Chamber 6,28-0316623b5aff,26.125,T234,40C,off
12/01/2021 17:06:42,Chamber 6,28-0316623b5aff,26.187,T234,40C,off
12/01/2021 17:07:02,Chamber 6,28-0316623b5aff,26.125,T234,40C,off
12/01/2021 17:07:22,Chamber 6,28-0316623b5aff,26.125,T234,40C,off
12/01/2021 17:07:42,Chamber 6,28-0316623b5aff,26.187,T234,40C,off
12/01/2021 17:08:02,Chamber 6,28-0316623b5aff,26.187,T234,40C,off
12/01/2021 17:08:22,Chamber 6,28-0316623b5aff,26.187,T234,40C,off
12/01/2021 17:08:42,Chamber 6,28-0316623b5aff,26.187,T234,40C,off
12/01/2021 17:09:02,Chamber 6,28-0316623b5aff,26.187,T234,40C,off
12/01/2021 17:09:22,Chamber 6,28-0316623b5aff,26.187,T234,40C,off
12/01/2021 17:09:42,Chamber 6,28-0316623b5aff,26.187,T234,40C,off
12/01/2021 17:10:02,Chamber 6,28-0316623b5aff,26.187,T234,40C,off
12/01/2021 17:10:22,Chamber 6,28-0316623b5aff,26.187,T234,40C,off
12/01/2021 17:10:42,Chamber 6,28-0316623b5aff,26.187,T234,40C,off
12/01/2021 17:11:02,Chamber 6,28-0316623b5aff,26.187,T234,40C,off
12/01/2021 17:11:22,Chamber 6,28-0316623b5aff,26.187,T234,40C,off
12/01/2021 17:11:42,Chamber 6,28-0316623b5aff,26.187,T234,40C,off
12/01/2021 17:12:02,Chamber 6,28-0316623b5aff,26.187,T234,40C,off
12/01/2021 17:12:22,Chamber 6,28-0316623b5aff,26.187,T234,40C,off
12/01/2021 17:12:42,Chamber 6,28-0316623b5aff,26.187,T234,40C,off
12/01/2021 17:13:02,Chamber 6,28-0316623b5aff,26.187,T234,40C,off
12/01/2021 17:13:22,Chamber 6,28-0316623b5aff,26.187,T234,40C,off
12/01/2021 17:13:42,Chamber 6,28-0316623b5aff,26.187,T234,40C,off
12/01/2021 17:14:02,Chamber 6,28-0316623b5aff,26.187,T234,40C,off
12/01/2021 17:14:22,Chamber 6,28-0316623b5aff,26.187,T234,40C,off
12/01/2021 17:14:42,Chamber 6,28-0316623b5aff,26.187,T234,40C,off
12/01/2021 17:15:02,Chamber 6,28-0316623b5aff,26.187,T234,40C,off
12/01/2021 17:15:22,Chamber 6,28-0316623b5aff,26.187,T234,40C,off
12/01/2021 17:15:42,Chamber 6,28-0316623b5aff,26.187,T234,40C,off
12/01/2021 17:16:02,Chamber 6,28-0316623b5aff,26.187,T234,40C,off
12/01/2021 17:16:22,Chamber 6,28-0316623b5aff,26.187,T234,40C,off
12/01/2021 17:16:42,Chamber 6,28-0316623b5aff,26.187,T234,40C,off
12/01/2021 17:17:02,Chamber 6,28-0316623b5aff,26.187,T234,40C,off
12/01/2021 17:17:22,Chamber 6,28-0316623b5aff,26.187,T234,40C,off
12/01/2021 17:17:42,Chamber 6,28-0316623b5aff,26.187,T234,40C,off
12/01/2021 17:18:02,Chamber 6,28-0316623b5aff,26.187,T234,40C,off
12/01/2021 17:18:22,Chamber 6,28-0316623b5aff,26.187,T234,40C,off
12/01/2021 17:18:43,Chamber 6,28-0316623b5aff,26.187,T234,40C,off
12/01/2021 17:19:02,Chamber 6,28-0316623b5aff,26.187,T234,40C,off
12/01/2021 17:19:22,Chamber 6,28-0316623b5aff,26.187,T234,40C,off
12/01/2021 17:19:42,Chamber 6,28-0316623b5aff,26.187,T234,40C,off
12/01/2021 17:20:02,Chamber 6,28-0316623b5aff,26.187,T234,40C,off
12/01/2021 17:20:22,Chamber 6,28-0316623b5aff,26.187,T234,40C,off
12/01/2021 17:20:42,Chamber 6,28-0316623b5aff,26.187,T234,40C,off
12/01/2021 17:21:02,Chamber 6,28-0316623b5aff,26.187,T234,40C,off
12/01/2021 17:21:23,Chamber 6,28-0316623b5aff,26.187,T234,40C,off
12/01/2021 17:21:42,Chamber 6,28-0316623b5aff,26.187,T234,40C,off
12/01/2021 17:22:02,Chamber 6,28-0316623b5aff,26.187,T234,40C,off
12/01/2021 17:22:22,Chamber 6,28-0316623b5aff,26.187,T234,40C,off
12/01/2021 17:22:42,Chamber 6,28-0316623b5aff,26.187,T234,40C,off
12/01/2021 17:23:02,Chamber 6,28-0316623b5aff,26.187,T234,40C,off
12/01/2021 17:23:22,Chamber 6,28-0316623b5aff,26.187,T234,40C,off
12/01/2021 17:23:42,Chamber 6,28-0316623b5aff,26.187,T234,40C,off
12/01/2021 17:24:02,Chamber 6,28-0316623b5aff,26.187,T234,40C,off
12/01/2021 17:24:22,Chamber 6,28-0316623b5aff,26.187,T234,40C,off
12/01/2021 17:24:42,Chamber 6,28-0316623b5aff,26.187,T234,40C,off
12/01/2021 17:25:02,Chamber 6,28-0316623b5aff,26.187,T234,40C,off
12/01/2021 17:25:22,Chamber 6,28-0316623b5aff,26.187,T234,40C,off
12/01/2021 17:25:42,Chamber 6,28-0316623b5aff,26.25,T234,40C,off
12/01/2021 17:26:02,Chamber 6,28-0316623b5aff,26.187,T234,40C,off
12/01/2021 17:26:22,Chamber 6,28-0316623b5aff,26.187,T234,40C,off
12/01/2021 17:26:42,Chamber 6,28-0316623b5aff,26.187,T234,40C,off
12/01/2021 17:27:02,Chamber 6,28-0316623b5aff,26.187,T234,40C,off
12/01/2021 17:27:22,Chamber 6,28-0316623b5aff,26.187,T234,40C,off
12/01/2021 17:27:42,Chamber 6,28-0316623b5aff,26.187,T234,40C,off
12/01/2021 17:28:02,Chamber 6,28-0316623b5aff,26.187,T234,40C,off
12/01/2021 17:28:22,Chamber 6,28-0316623b5aff,26.187,T234,40C,off
12/01/2021 17:28:42,Chamber 6,28-0316623b5aff,26.187,T234,40C,off
12/01/2021 17:29:02,Chamber 6,28-0316623b5aff,26.187,T234,40C,off
12/01/2021 17:29:22,Chamber 6,28-0316623b5aff,26.187,T234,40C,off
12/01/2021 17:29:42,Chamber 6,28-0316623b5aff,26.187,T234,40C,off
12/01/2021 17:30:02,Chamber 6,28-0316623b5aff,26.187,T234,40C,off
12/01/2021 17:30:22,Chamber 6,28-0316623b5aff,26.187,T234,40C,off
12/01/2021 17:30:42,Chamber 6,28-0316623b5aff,26.187,T234,40C,off
12/01/2021 17:31:02,Chamber 6,28-0316623b5aff,26.187,T234,40C,off
12/01/2021 17:31:22,Chamber 6,28-0316623b5aff,26.187,T234,40C,off
12/01/2021 17:31:42,Chamber 6,28-0316623b5aff,26.187,T234,40C,off
12/01/2021 17:32:02,Chamber 6,28-0316623b5aff,26.187,T234,40C,off
12/01/2021 17:32:22,Chamber 6,28-0316623b5aff,26.187,T234,40C,off
12/01/2021 17:32:42,Chamber 6,28-0316623b5aff,26.187,T234,40C,off
12/01/2021 17:33:03,Chamber 6,28-0316623b5aff,26.25,T234,40C,off
12/01/2021 17:33:22,Chamber 6,28-0316623b5aff,26.187,T234,40C,off
12/01/2021 17:33:42,Chamber 6,28-0316623b5aff,26.187,T234,40C,off
12/01/2021 17:34:02,Chamber 6,28-0316623b5aff,26.187,T234,40C,off
12/01/2021 17:34:22,Chamber 6,28-0316623b5aff,26.187,T234,40C,off
12/01/2021 17:34:42,Chamber 6,28-0316623b5aff,26.187,T234,40C,off
12/01/2021 17:35:02,Chamber 6,28-0316623b5aff,26.187,T234,40C,off
12/01/2021 17:35:22,Chamber 6,28-0316623b5aff,26.187,T234,40C,off
12/01/2021 17:35:42,Chamber 6,28-0316623b5aff,26.187,T234,40C,off
12/01/2021 17:36:02,Chamber 6,28-0316623b5aff,26.187,T234,40C,off
12/01/2021 17:36:22,Chamber 6,28-0316623b5aff,26.187,T234,40C,off
12/01/2021 17:36:42,Chamber 6,28-0316623b5aff,26.187,T234,40C,off
12/01/2021 17:37:02,Chamber 6,28-0316623b5aff,26.187,T234,40C,off
12/01/2021 17:37:22,Chamber 6,28-0316623b5aff,26.187,T234,40C,off
12/01/2021 17:37:42,Chamber 6,28-0316623b5aff,26.187,T234,40C,off
12/01/2021 17:38:02,Chamber 6,28-0316623b5aff,26.187,T234,40C,off
12/01/2021 17:38:22,Chamber 6,28-0316623b5aff,26.187,T234,40C,off
12/01/2021 17:38:42,Chamber 6,28-0316623b5aff,26.187,T234,40C,off
12/01/2021 17:39:02,Chamber 6,28-0316623b5aff,26.187,T234,40C,off
12/01/2021 17:39:22,Chamber 6,28-0316623b5aff,26.187,T234,40C,off
12/01/2021 17:39:42,Chamber 6,28-0316623b5aff,26.187,T234,40C,off
12/01/2021 17:40:03,Chamber 6,28-0316623b5aff,26.187,T234,40C,off
12/01/2021 17:40:22,Chamber 6,28-0316623b5aff,26.187,T234,40C,off
12/01/2021 17:40:42,Chamber 6,28-0316623b5aff,26.187,T234,40C,off
12/01/2021 17:41:02,Chamber 6,28-0316623b5aff,26.187,T234,40C,off
12/01/2021 17:41:22,Chamber 6,28-0316623b5aff,26.187,T234,40C,off
12/01/2021 17:41:42,Chamber 6,28-0316623b5aff,26.187,T234,40C,off
12/01/2021 17:42:02,Chamber 6,28-0316623b5aff,26.187,T234,40C,off
12/01/2021 17:42:22,Chamber 6,28-0316623b5aff,26.187,T234,40C,off
12/01/2021 17:42:42,Chamber 6,28-0316623b5aff,26.187,T234,40C,off
12/01/2021 17:43:02,Chamber 6,28-0316623b5aff,26.187,T234,40C,off
12/01/2021 17:43:22,Chamber 6,28-0316623b5aff,26.187,T234,40C,off
12/01/2021 17:43:42,Chamber 6,28-0316623b5aff,26.187,T234,40C,off
12/01/2021 17:44:02,Chamber 6,28-0316623b5aff,26.187,T234,40C,off
12/01/2021 17:44:22,Chamber 6,28-0316623b5aff,26.187,T234,40C,off
12/01/2021 17:44:42,Chamber 6,28-0316623b5aff,26.187,T234,40C,off
12/01/2021 17:45:02,Chamber 6,28-0316623b5aff,26.187,T234,40C,off
12/01/2021 17:45:23,Chamber 6,28-0316623b5aff,26.187,T234,40C,off
12/01/2021 17:45:42,Chamber 6,28-0316623b5aff,26.125,T234,40C,off
12/01/2021 17:46:02,Chamber 6,28-0316623b5aff,26.125,T234,40C,off
12/01/2021 17:46:22,Chamber 6,28-0316623b5aff,26.187,T234,40C,off
12/01/2021 17:46:42,Chamber 6,28-0316623b5aff,26.125,T234,40C,off
12/01/2021 17:47:02,Chamber 6,28-0316623b5aff,26.125,T234,40C,off
12/01/2021 17:47:22,Chamber 6,28-0316623b5aff,26.125,T234,40C,off
12/01/2021 17:47:42,Chamber 6,28-0316623b5aff,26.125,T234,40C,off
12/01/2021 17:48:02,Chamber 6,28-0316623b5aff,26.125,T234,40C,off
12/01/2021 17:48:22,Chamber 6,28-0316623b5aff,26.125,T234,40C,off
12/01/2021 17:48:42,Chamber 6,28-0316623b5aff,26.125,T234,40C,off
12/01/2021 17:49:02,Chamber 6,28-0316623b5aff,26.125,T234,40C,off
12/01/2021 17:49:22,Chamber 6,28-0316623b5aff,26.187,T234,40C,off
12/01/2021 17:49:42,Chamber 6,28-0316623b5aff,26.187,T234,40C,off
12/01/2021 17:50:02,Chamber 6,28-0316623b5aff,26.187,T234,40C,off
12/01/2021 17:50:22,Chamber 6,28-0316623b5aff,26.187,T234,40C,off
12/01/2021 17:50:42,Chamber 6,28-0316623b5aff,26.187,T234,40C,off
12/01/2021 17:51:02,Chamber 6,28-0316623b5aff,26.125,T234,40C,off
12/01/2021 17:51:22,Chamber 6,28-0316623b5aff,26.125,T234,40C,off
12/01/2021 17:51:42,Chamber 6,28-0316623b5aff,26.125,T234,40C,off
12/01/2021 17:52:02,Chamber 6,28-0316623b5aff,26.125,T234,40C,off
12/01/2021 17:52:23,Chamber 6,28-0316623b5aff,26.125,T234,40C,off
12/01/2021 17:52:42,Chamber 6,28-0316623b5aff,26.125,T234,40C,off
12/01/2021 17:53:02,Chamber 6,28-0316623b5aff,26.125,T234,40C,off
12/01/2021 17:53:22,Chamber 6,28-0316623b5aff,26.125,T234,40C,off
12/01/2021 17:53:42,Chamber 6,28-0316623b5aff,26.125,T234,40C,off
12/01/2021 17:54:02,Chamber 6,28-0316623b5aff,26.125,T234,40C,off
12/01/2021 17:54:22,Chamber 6,28-0316623b5aff,26.125,T234,40C,off
12/01/2021 17:54:42,Chamber 6,28-0316623b5aff,26.125,T234,40C,off
12/01/2021 17:55:02,Chamber 6,28-0316623b5aff,26.125,T234,40C,off
12/01/2021 17:55:22,Chamber 6,28-0316623b5aff,26.125,T234,40C,off
12/01/2021 17:55:42,Chamber 6,28-0316623b5aff,26.125,T234,40C,off
12/01/2021 17:56:02,Chamber 6,28-0316623b5aff,26.125,T234,40C,off
12/01/2021 17:56:22,Chamber 6,28-0316623b5aff,26.125,T234,40C,off
12/01/2021 17:56:42,Chamber 6,28-0316623b5aff,26.125,T234,40C,off
12/01/2021 17:57:02,Chamber 6,28-0316623b5aff,26.125,T234,40C,off
12/01/2021 17:57:22,Chamber 6,28-0316623b5aff,26.125,T234,40C,off
12/01/2021 17:57:42,Chamber 6,28-0316623b5aff,26.125,T234,40C,off
12/01/2021 17:58:02,Chamber 6,28-0316623b5aff,26.125,T234,40C,off
12/01/2021 17:58:22,Chamber 6,28-0316623b5aff,26.125,T234,40C,off
12/01/2021 17:58:42,Chamber 6,28-0316623b5aff,26.125,T234,40C,off
12/01/2021 17:59:02,Chamber 6,28-0316623b5aff,26.125,T234,40C,off
12/01/2021 17:59:22,Chamber 6,28-0316623b5aff,26.125,T234,40C,off
12/01/2021 17:59:42,Chamber 6,28-0316623b5aff,26.125,T234,40C,off
12/01/2021 18:00:03,Chamber 6,28-0316623b5aff,26.125,T234,40C,off
12/01/2021 18:00:23,Chamber 6,28-0316623b5aff,26.125,T234,40C,off
12/01/2021 18:00:43,Chamber 6,28-0316623b5aff,26.125,T234,40C,off
12/01/2021 18:01:03,Chamber 6,28-0316623b5aff,26.125,T234,40C,off
12/01/2021 18:01:23,Chamber 6,28-0316623b5aff,26.125,T234,40C,off
12/01/2021 18:01:43,Chamber 6,28-0316623b5aff,26.125,T234,40C,off
12/01/2021 18:02:03,Chamber 6,28-0316623b5aff,26.125,T234,40C,off
12/01/2021 18:02:23,Chamber 6,28-0316623b5aff,26.125,T234,40C,off
12/01/2021 18:02:43,Chamber 6,28-0316623b5aff,26.125,T234,40C,off
12/01/2021 18:03:03,Chamber 6,28-0316623b5aff,26.125,T234,40C,off
12/01/2021 18:03:23,Chamber 6,28-0316623b5aff,26.125,T234,40C,off
12/01/2021 18:03:43,Chamber 6,28-0316623b5aff,26.125,T234,40C,off
12/01/2021 18:04:03,Chamber 6,28-0316623b5aff,26.125,T234,40C,off
12/01/2021 18:04:23,Chamber 6,28-0316623b5aff,26.125,T234,40C,off
12/01/2021 18:04:43,Chamber 6,28-0316623b5aff,26.125,T234,40C,off
12/01/2021 18:05:03,Chamber 6,28-0316623b5aff,26.125,T234,40C,off
12/01/2021 18:05:23,Chamber 6,28-0316623b5aff,26.125,T234,40C,off
12/01/2021 18:05:43,Chamber 6,28-0316623b5aff,26.125,T234,40C,off
12/01/2021 18:06:03,Chamber 6,28-0316623b5aff,26.125,T234,40C,off
12/01/2021 18:06:23,Chamber 6,28-0316623b5aff,26.125,T234,40C,off
12/01/2021 18:06:43,Chamber 6,28-0316623b5aff,26.125,T234,40C,off
12/01/2021 18:07:03,Chamber 6,28-0316623b5aff,26.125,T234,40C,off
12/01/2021 18:07:23,Chamber 6,28-0316623b5aff,26.125,T234,40C,off
12/01/2021 18:07:43,Chamber 6,28-0316623b5aff,26.125,T234,40C,off
12/01/2021 18:08:03,Chamber 6,28-0316623b5aff,26.125,T234,40C,off
12/01/2021 18:08:23,Chamber 6,28-0316623b5aff,26.125,T234,40C,off
12/01/2021 18:08:43,Chamber 6,28-0316623b5aff,26.125,T234,40C,off
12/01/2021 18:09:03,Chamber 6,28-0316623b5aff,26.125,T234,40C,off
12/01/2021 18:09:23,Chamber 6,28-0316623b5aff,26.125,T234,40C,off
12/01/2021 18:09:43,Chamber 6,28-0316623b5aff,26.125,T234,40C,off
12/01/2021 18:10:03,Chamber 6,28-0316623b5aff,26.125,T234,40C,off
12/01/2021 18:10:23,Chamber 6,28-0316623b5aff,26.125,T234,40C,off
12/01/2021 18:10:43,Chamber 6,28-0316623b5aff,26.125,T234,40C,off
12/01/2021 18:11:03,Chamber 6,28-0316623b5aff,26.125,T234,40C,off
12/01/2021 18:11:23,Chamber 6,28-0316623b5aff,26.125,T234,40C,off
12/01/2021 18:11:43,Chamber 6,28-0316623b5aff,26.125,T234,40C,off
12/01/2021 18:12:03,Chamber 6,28-0316623b5aff,26.125,T234,40C,off
12/01/2021 18:12:23,Chamber 6,28-0316623b5aff,26.125,T234,40C,off
12/01/2021 18:12:43,Chamber 6,28-0316623b5aff,26.125,T234,40C,off
12/01/2021 18:13:03,Chamber 6,28-0316623b5aff,26.125,T234,40C,off
12/01/2021 18:13:23,Chamber 6,28-0316623b5aff,26.125,T234,40C,off
12/01/2021 18:13:43,Chamber 6,28-0316623b5aff,26.125,T234,40C,off
12/01/2021 18:14:03,Chamber 6,28-0316623b5aff,26.125,T234,40C,off
12/01/2021 18:14:23,Chamber 6,28-0316623b5aff,26.125,T234,40C,off
12/01/2021 18:14:43,Chamber 6,28-0316623b5aff,26.125,T234,40C,off
12/01/2021 18:15:03,Chamber 6,28-0316623b5aff,26.125,T234,40C,off
12/01/2021 18:15:23,Chamber 6,28-0316623b5aff,26.125,T234,40C,off
12/01/2021 18:15:43,Chamber 6,28-0316623b5aff,26.125,T234,40C,off
12/01/2021 18:16:03,Chamber 6,28-0316623b5aff,26.125,T234,40C,off
12/01/2021 18:16:23,Chamber 6,28-0316623b5aff,26.125,T234,40C,off
12/01/2021 18:16:43,Chamber 6,28-0316623b5aff,26.125,T234,40C,off
12/01/2021 18:17:03,Chamber 6,28-0316623b5aff,26.125,T234,40C,off
12/01/2021 18:17:23,Chamber 6,28-0316623b5aff,26.125,T234,40C,off
12/01/2021 18:17:43,Chamber 6,28-0316623b5aff,26.125,T234,40C,off
12/01/2021 18:18:03,Chamber 6,28-0316623b5aff,26.125,T234,40C,off
12/01/2021 18:18:23,Chamber 6,28-0316623b5aff,26.125,T234,40C,off
12/01/2021 18:18:43,Chamber 6,28-0316623b5aff,26.125,T234,40C,off
12/01/2021 18:19:03,Chamber 6,28-0316623b5aff,26.125,T234,40C,off
12/01/2021 18:19:23,Chamber 6,28-0316623b5aff,26.125,T234,40C,off
12/01/2021 18:19:43,Chamber 6,28-0316623b5aff,26.125,T234,40C,off
12/01/2021 18:20:03,Chamber 6,28-0316623b5aff,26.125,T234,40C,off
12/01/2021 18:20:23,Chamber 6,28-0316623b5aff,26.125,T234,40C,off
12/01/2021 18:20:43,Chamber 6,28-0316623b5aff,26.125,T234,40C,off
12/01/2021 18:21:03,Chamber 6,28-0316623b5aff,26.125,T234,40C,off
12/01/2021 18:21:23,Chamber 6,28-0316623b5aff,26.125,T234,40C,off
12/01/2021 18:21:43,Chamber 6,28-0316623b5aff,26.125,T234,40C,off
12/01/2021 18:22:03,Chamber 6,28-0316623b5aff,26.125,T234,40C,off
12/01/2021 18:22:23,Chamber 6,28-0316623b5aff,26.125,T234,40C,off
12/01/2021 18:22:43,Chamber 6,28-0316623b5aff,26.125,T234,40C,off
12/01/2021 18:23:03,Chamber 6,28-0316623b5aff,26.125,T234,40C,off
12/01/2021 18:23:23,Chamber 6,28-0316623b5aff,26.125,T234,40C,off
12/01/2021 18:23:43,Chamber 6,28-0316623b5aff,26.125,T234,40C,off
12/01/2021 18:24:03,Chamber 6,28-0316623b5aff,26.125,T234,40C,off
12/01/2021 18:24:23,Chamber 6,28-0316623b5aff,26.125,T234,40C,off
12/01/2021 18:24:43,Chamber 6,28-0316623b5aff,26.125,T234,40C,off
12/01/2021 18:25:03,Chamber 6,28-0316623b5aff,26.125,T234,40C,off
12/01/2021 18:25:23,Chamber 6,28-0316623b5aff,26.125,T234,40C,off
12/01/2021 18:25:43,Chamber 6,28-0316623b5aff,26.125,T234,40C,off
12/01/2021 18:26:03,Chamber 6,28-0316623b5aff,26.125,T234,40C,off
12/01/2021 18:26:23,Chamber 6,28-0316623b5aff,26.125,T234,40C,off
12/01/2021 18:26:43,Chamber 6,28-0316623b5aff,26.125,T234,40C,off
12/01/2021 18:27:03,Chamber 6,28-0316623b5aff,26.125,T234,40C,off
12/01/2021 18:27:23,Chamber 6,28-0316623b5aff,26.125,T234,40C,off
12/01/2021 18:27:43,Chamber 6,28-0316623b5aff,26.125,T234,40C,off
12/01/2021 18:28:03,Chamber 6,28-0316623b5aff,26.125,T234,40C,off
12/01/2021 18:28:23,Chamber 6,28-0316623b5aff,26.125,T234,40C,off
12/01/2021 18:28:43,Chamber 6,28-0316623b5aff,26.125,T234,40C,off
12/01/2021 18:29:03,Chamber 6,28-0316623b5aff,26.125,T234,40C,off
12/01/2021 18:29:23,Chamber 6,28-0316623b5aff,26.125,T234,40C,off
12/01/2021 18:29:43,Chamber 6,28-0316623b5aff,26.125,T234,40C,off
12/01/2021 18:30:03,Chamber 6,28-0316623b5aff,26.125,T234,40C,off
12/01/2021 18:30:23,Chamber 6,28-0316623b5aff,26.125,T234,40C,off
12/01/2021 18:30:43,Chamber 6,28-0316623b5aff,26.125,T234,40C,off
12/01/2021 18:31:03,Chamber 6,28-0316623b5aff,26.125,T234,40C,off
12/01/2021 18:31:23,Chamber 6,28-0316623b5aff,26.125,T234,40C,off
12/01/2021 18:31:43,Chamber 6,28-0316623b5aff,26.125,T234,40C,off
12/01/2021 18:32:03,Chamber 6,28-0316623b5aff,26.125,T234,40C,off
12/01/2021 18:32:23,Chamber 6,28-0316623b5aff,26.125,T234,40C,off
12/01/2021 18:32:43,Chamber 6,28-0316623b5aff,26.125,T234,40C,off
12/01/2021 18:33:03,Chamber 6,28-0316623b5aff,26.125,T234,40C,off
12/01/2021 18:33:23,Chamber 6,28-0316623b5aff,26.125,T234,40C,off
12/01/2021 18:33:43,Chamber 6,28-0316623b5aff,26.125,T234,40C,off
12/01/2021 18:34:03,Chamber 6,28-0316623b5aff,26.125,T234,40C,off
12/01/2021 18:34:23,Chamber 6,28-0316623b5aff,26.125,T234,40C,off
12/01/2021 18:34:43,Chamber 6,28-0316623b5aff,26.125,T234,40C,off
12/01/2021 18:35:03,Chamber 6,28-0316623b5aff,26.125,T234,40C,off
12/01/2021 18:35:23,Chamber 6,28-0316623b5aff,26.125,T234,40C,off
12/01/2021 18:35:43,Chamber 6,28-0316623b5aff,26.125,T234,40C,off
12/01/2021 18:36:03,Chamber 6,28-0316623b5aff,26.125,T234,40C,off
12/01/2021 18:36:23,Chamber 6,28-0316623b5aff,26.125,T234,40C,off
12/01/2021 18:36:43,Chamber 6,28-0316623b5aff,26.125,T234,40C,off
12/01/2021 18:37:03,Chamber 6,28-0316623b5aff,26.125,T234,40C,off
12/01/2021 18:37:23,Chamber 6,28-0316623b5aff,26.125,T234,40C,off
12/01/2021 18:37:43,Chamber 6,28-0316623b5aff,26.125,T234,40C,off
12/01/2021 18:38:03,Chamber 6,28-0316623b5aff,26.125,T234,40C,off
12/01/2021 18:38:23,Chamber 6,28-0316623b5aff,26.125,T234,40C,off
12/01/2021 18:38:43,Chamber 6,28-0316623b5aff,26.125,T234,40C,off
12/01/2021 18:39:03,Chamber 6,28-0316623b5aff,26.125,T234,40C,off
12/01/2021 18:39:23,Chamber 6,28-0316623b5aff,26.125,T234,40C,off
12/01/2021 18:39:43,Chamber 6,28-0316623b5aff,26.125,T234,40C,off
12/01/2021 18:40:03,Chamber 6,28-0316623b5aff,26.187,T234,40C,off
12/01/2021 18:40:23,Chamber 6,28-0316623b5aff,26.187,T234,40C,off
12/01/2021 18:40:43,Chamber 6,28-0316623b5aff,26.187,T234,40C,off
12/01/2021 18:41:03,Chamber 6,28-0316623b5aff,26.125,T234,40C,off
12/01/2021 18:41:23,Chamber 6,28-0316623b5aff,26.125,T234,40C,off
12/01/2021 18:41:43,Chamber 6,28-0316623b5aff,26.125,T234,40C,off
12/01/2021 18:42:03,Chamber 6,28-0316623b5aff,26.125,T234,40C,off
12/01/2021 18:42:23,Chamber 6,28-0316623b5aff,26.125,T234,40C,off
12/01/2021 18:42:43,Chamber 6,28-0316623b5aff,26.125,T234,40C,off
12/01/2021 18:43:03,Chamber 6,28-0316623b5aff,26.187,T234,40C,off
12/01/2021 18:43:23,Chamber 6,28-0316623b5aff,26.125,T234,40C,off
12/01/2021 18:43:43,Chamber 6,28-0316623b5aff,26.125,T234,40C,off
12/01/2021 18:44:03,Chamber 6,28-0316623b5aff,26.187,T234,40C,off
12/01/2021 18:44:23,Chamber 6,28-0316623b5aff,26.125,T234,40C,off
12/01/2021 18:44:43,Chamber 6,28-0316623b5aff,26.125,T234,40C,off
12/01/2021 18:45:03,Chamber 6,28-0316623b5aff,26.125,T234,40C,off
12/01/2021 18:45:23,Chamber 6,28-0316623b5aff,26.125,T234,40C,off
12/01/2021 18:45:43,Chamber 6,28-0316623b5aff,26.125,T234,40C,off
12/01/2021 18:46:03,Chamber 6,28-0316623b5aff,26.125,T234,40C,off
12/01/2021 18:46:23,Chamber 6,28-0316623b5aff,26.125,T234,40C,off
12/01/2021 18:46:43,Chamber 6,28-0316623b5aff,26.125,T234,40C,off
12/01/2021 18:47:03,Chamber 6,28-0316623b5aff,26.125,T234,40C,off
12/01/2021 18:47:23,Chamber 6,28-0316623b5aff,26.187,T234,40C,off
12/01/2021 18:47:43,Chamber 6,28-0316623b5aff,26.125,T234,40C,off
12/01/2021 18:48:03,Chamber 6,28-0316623b5aff,26.125,T234,40C,off
12/01/2021 18:48:23,Chamber 6,28-0316623b5aff,26.125,T234,40C,off
12/01/2021 18:48:43,Chamber 6,28-0316623b5aff,26.125,T234,40C,off
12/01/2021 18:49:03,Chamber 6,28-0316623b5aff,26.125,T234,40C,off
12/01/2021 18:49:23,Chamber 6,28-0316623b5aff,26.125,T234,40C,off
12/01/2021 18:49:43,Chamber 6,28-0316623b5aff,26.125,T234,40C,off
12/01/2021 18:50:03,Chamber 6,28-0316623b5aff,26.187,T234,40C,off
12/01/2021 18:50:23,Chamber 6,28-0316623b5aff,26.125,T234,40C,off
12/01/2021 18:50:43,Chamber 6,28-0316623b5aff,26.125,T234,40C,off
12/01/2021 18:51:03,Chamber 6,28-0316623b5aff,26.125,T234,40C,off
12/01/2021 18:51:23,Chamber 6,28-0316623b5aff,26.125,T234,40C,off
12/01/2021 18:51:43,Chamber 6,28-0316623b5aff,26.125,T234,40C,off
12/01/2021 18:52:03,Chamber 6,28-0316623b5aff,26.187,T234,40C,off
12/01/2021 18:52:23,Chamber 6,28-0316623b5aff,26.125,T234,40C,off
12/01/2021 18:52:43,Chamber 6,28-0316623b5aff,26.125,T234,40C,off
12/01/2021 18:53:03,Chamber 6,28-0316623b5aff,26.125,T234,40C,off
12/01/2021 18:53:23,Chamber 6,28-0316623b5aff,26.125,T234,40C,off
12/01/2021 18:53:43,Chamber 6,28-0316623b5aff,26.125,T234,40C,off
12/01/2021 18:54:03,Chamber 6,28-0316623b5aff,26.125,T234,40C,off
12/01/2021 18:54:23,Chamber 6,28-0316623b5aff,26.125,T234,40C,off
12/01/2021 18:54:43,Chamber 6,28-0316623b5aff,26.125,T234,40C,off
12/01/2021 18:55:03,Chamber 6,28-0316623b5aff,26.125,T234,40C,off
12/01/2021 18:55:23,Chamber 6,28-0316623b5aff,26.125,T234,40C,off
12/01/2021 18:55:43,Chamber 6,28-0316623b5aff,26.125,T234,40C,off
12/01/2021 18:56:03,Chamber 6,28-0316623b5aff,26.125,T234,40C,off
12/01/2021 18:56:23,Chamber 6,28-0316623b5aff,26.125,T234,40C,off
12/01/2021 18:56:43,Chamber 6,28-0316623b5aff,26.125,T234,40C,off
12/01/2021 18:57:03,Chamber 6,28-0316623b5aff,26.125,T234,40C,off
12/01/2021 18:57:23,Chamber 6,28-0316623b5aff,26.125,T234,40C,off
12/01/2021 18:57:43,Chamber 6,28-0316623b5aff,26.125,T234,40C,off
12/01/2021 18:58:03,Chamber 6,28-0316623b5aff,26.125,T234,40C,off
12/01/2021 18:58:23,Chamber 6,28-0316623b5aff,26.125,T234,40C,off
12/01/2021 18:58:43,Chamber 6,28-0316623b5aff,26.125,T234,40C,off
12/01/2021 18:59:03,Chamber 6,28-0316623b5aff,26.125,T234,40C,off
12/01/2021 18:59:23,Chamber 6,28-0316623b5aff,26.125,T234,40C,off
12/01/2021 18:59:43,Chamber 6,28-0316623b5aff,26.125,T234,40C,off
12/01/2021 19:00:02,Chamber 6,28-0316623b5aff,26.125,T234,40C,off
12/01/2021 19:00:22,Chamber 6,28-0316623b5aff,26.125,T234,40C,off
12/01/2021 19:00:43,Chamber 6,28-0316623b5aff,26.125,T234,40C,off
12/01/2021 19:01:02,Chamber 6,28-0316623b5aff,26.125,T234,40C,off
12/01/2021 19:01:22,Chamber 6,28-0316623b5aff,26.125,T234,40C,off
12/01/2021 19:01:42,Chamber 6,28-0316623b5aff,26.125,T234,40C,off
12/01/2021 19:02:03,Chamber 6,28-0316623b5aff,26.125,T234,40C,off
12/01/2021 19:02:22,Chamber 6,28-0316623b5aff,26.125,T234,40C,off
12/01/2021 19:02:42,Chamber 6,28-0316623b5aff,26.125,T234,40C,off
12/01/2021 19:03:02,Chamber 6,28-0316623b5aff,26.125,T234,40C,off
12/01/2021 19:03:22,Chamber 6,28-0316623b5aff,26.125,T234,40C,off
12/01/2021 19:03:42,Chamber 6,28-0316623b5aff,26.125,T234,40C,off
12/01/2021 19:04:02,Chamber 6,28-0316623b5aff,26.125,T234,40C,off
12/01/2021 19:04:22,Chamber 6,28-0316623b5aff,26.125,T234,40C,off
12/01/2021 19:04:42,Chamber 6,28-0316623b5aff,26.125,T234,40C,off
12/01/2021 19:05:02,Chamber 6,28-0316623b5aff,26.125,T234,40C,off
12/01/2021 19:05:22,Chamber 6,28-0316623b5aff,26.125,T234,40C,off
12/01/2021 19:05:42,Chamber 6,28-0316623b5aff,26.125,T234,40C,off
12/01/2021 19:06:02,Chamber 6,28-0316623b5aff,26.125,T234,40C,off
12/01/2021 19:06:22,Chamber 6,28-0316623b5aff,26.125,T234,40C,off
12/01/2021 19:06:42,Chamber 6,28-0316623b5aff,26.125,T234,40C,off
12/01/2021 19:07:02,Chamber 6,28-0316623b5aff,26.125,T234,40C,off
12/01/2021 19:07:22,Chamber 6,28-0316623b5aff,26.125,T234,40C,off
12/01/2021 19:07:42,Chamber 6,28-0316623b5aff,26.125,T234,40C,off
12/01/2021 19:08:02,Chamber 6,28-0316623b5aff,26.125,T234,40C,off
12/01/2021 19:08:22,Chamber 6,28-0316623b5aff,26.125,T234,40C,off
12/01/2021 19:08:42,Chamber 6,28-0316623b5aff,26.125,T234,40C,off
12/01/2021 19:09:02,Chamber 6,28-0316623b5aff,26.125,T234,40C,off
12/01/2021 19:09:22,Chamber 6,28-0316623b5aff,26.125,T234,40C,off
12/01/2021 19:09:42,Chamber 6,28-0316623b5aff,26.125,T234,40C,off
12/01/2021 19:10:02,Chamber 6,28-0316623b5aff,26.125,T234,40C,off
12/01/2021 19:10:22,Chamber 6,28-0316623b5aff,26.125,T234,40C,off
12/01/2021 19:10:42,Chamber 6,28-0316623b5aff,26.125,T234,40C,off
12/01/2021 19:11:02,Chamber 6,28-0316623b5aff,26.125,T234,40C,off
12/01/2021 19:11:22,Chamber 6,28-0316623b5aff,26.125,T234,40C,off
12/01/2021 19:11:42,Chamber 6,28-0316623b5aff,26.125,T234,40C,off
12/01/2021 19:12:02,Chamber 6,28-0316623b5aff,26.125,T234,40C,off
12/01/2021 19:12:22,Chamber 6,28-0316623b5aff,26.125,T234,40C,off
12/01/2021 19:12:42,Chamber 6,28-0316623b5aff,26.125,T234,40C,off
12/01/2021 19:13:02,Chamber 6,28-0316623b5aff,26.125,T234,40C,off
12/01/2021 19:13:22,Chamber 6,28-0316623b5aff,26.125,T234,40C,off
12/01/2021 19:13:42,Chamber 6,28-0316623b5aff,26.125,T234,40C,off
12/01/2021 19:14:02,Chamber 6,28-0316623b5aff,26.125,T234,40C,off
12/01/2021 19:14:22,Chamber 6,28-0316623b5aff,26.125,T234,40C,off
12/01/2021 19:14:42,Chamber 6,28-0316623b5aff,26.125,T234,40C,off
12/01/2021 19:15:02,Chamber 6,28-0316623b5aff,26.125,T234,40C,off
12/01/2021 19:15:22,Chamber 6,28-0316623b5aff,26.125,T234,40C,off
12/01/2021 19:15:42,Chamber 6,28-0316623b5aff,26.125,T234,40C,off
12/01/2021 19:16:02,Chamber 6,28-0316623b5aff,26.125,T234,40C,off
12/01/2021 19:16:22,Chamber 6,28-0316623b5aff,26.125,T234,40C,off
12/01/2021 19:16:42,Chamber 6,28-0316623b5aff,26.125,T234,40C,off
12/01/2021 19:17:02,Chamber 6,28-0316623b5aff,26.125,T234,40C,off
12/01/2021 19:17:22,Chamber 6,28-0316623b5aff,26.125,T234,40C,off
12/01/2021 19:17:42,Chamber 6,28-0316623b5aff,26.125,T234,40C,off
12/01/2021 19:18:02,Chamber 6,28-0316623b5aff,26.125,T234,40C,off
12/01/2021 19:18:22,Chamber 6,28-0316623b5aff,26.125,T234,40C,off
12/01/2021 19:18:42,Chamber 6,28-0316623b5aff,26.125,T234,40C,off
12/01/2021 19:19:02,Chamber 6,28-0316623b5aff,26.125,T234,40C,off
12/01/2021 19:19:22,Chamber 6,28-0316623b5aff,26.125,T234,40C,off
12/01/2021 19:19:42,Chamber 6,28-0316623b5aff,26.125,T234,40C,off
12/01/2021 19:20:02,Chamber 6,28-0316623b5aff,26.125,T234,40C,off
12/01/2021 19:20:22,Chamber 6,28-0316623b5aff,26.125,T234,40C,off
12/01/2021 19:20:42,Chamber 6,28-0316623b5aff,26.125,T234,40C,off
12/01/2021 19:21:02,Chamber 6,28-0316623b5aff,26.125,T234,40C,off
12/01/2021 19:21:22,Chamber 6,28-0316623b5aff,26.125,T234,40C,off
12/01/2021 19:21:42,Chamber 6,28-0316623b5aff,26.125,T234,40C,off
12/01/2021 19:22:02,Chamber 6,28-0316623b5aff,26.062,T234,40C,off
12/01/2021 19:22:23,Chamber 6,28-0316623b5aff,26.125,T234,40C,off
12/01/2021 19:22:42,Chamber 6,28-0316623b5aff,26.125,T234,40C,off
12/01/2021 19:23:02,Chamber 6,28-0316623b5aff,26.125,T234,40C,off
12/01/2021 19:23:22,Chamber 6,28-0316623b5aff,26.125,T234,40C,off
12/01/2021 19:23:42,Chamber 6,28-0316623b5aff,26.125,T234,40C,off
12/01/2021 19:24:02,Chamber 6,28-0316623b5aff,26.125,T234,40C,off
12/01/2021 19:24:22,Chamber 6,28-0316623b5aff,26.062,T234,40C,off
12/01/2021 19:24:42,Chamber 6,28-0316623b5aff,26.125,T234,40C,off
12/01/2021 19:25:02,Chamber 6,28-0316623b5aff,26.125,T234,40C,off
12/01/2021 19:25:22,Chamber 6,28-0316623b5aff,26.125,T234,40C,off
12/01/2021 19:25:42,Chamber 6,28-0316623b5aff,26.062,T234,40C,off
12/01/2021 19:26:02,Chamber 6,28-0316623b5aff,26.062,T234,40C,off
12/01/2021 19:26:22,Chamber 6,28-0316623b5aff,26.062,T234,40C,off
12/01/2021 19:26:42,Chamber 6,28-0316623b5aff,26.062,T234,40C,off
12/01/2021 19:27:02,Chamber 6,28-0316623b5aff,26.062,T234,40C,off
12/01/2021 19:27:22,Chamber 6,28-0316623b5aff,26.062,T234,40C,off
12/01/2021 19:27:42,Chamber 6,28-0316623b5aff,26.062,T234,40C,off
12/01/2021 19:28:02,Chamber 6,28-0316623b5aff,26.062,T234,40C,off
12/01/2021 19:28:22,Chamber 6,28-0316623b5aff,26.062,T234,40C,off
12/01/2021 19:28:42,Chamber 6,28-0316623b5aff,26.062,T234,40C,off
12/01/2021 19:29:02,Chamber 6,28-0316623b5aff,26.062,T234,40C,off
12/01/2021 19:29:22,Chamber 6,28-0316623b5aff,26.062,T234,40C,off
12/01/2021 19:29:42,Chamber 6,28-0316623b5aff,26.062,T234,40C,off
12/01/2021 19:30:02,Chamber 6,28-0316623b5aff,26.062,T234,40C,off
12/01/2021 19:30:22,Chamber 6,28-0316623b5aff,26.062,T234,40C,off
12/01/2021 19:30:43,Chamber 6,28-0316623b5aff,26.125,T234,40C,off
12/01/2021 19:31:02,Chamber 6,28-0316623b5aff,26.062,T234,40C,off
12/01/2021 19:31:22,Chamber 6,28-0316623b5aff,26.062,T234,40C,off
12/01/2021 19:31:42,Chamber 6,28-0316623b5aff,26.125,T234,40C,off
12/01/2021 19:32:03,Chamber 6,28-0316623b5aff,26.125,T234,40C,off
12/01/2021 19:32:22,Chamber 6,28-0316623b5aff,26.125,T234,40C,off
12/01/2021 19:32:42,Chamber 6,28-0316623b5aff,26.062,T234,40C,off
12/01/2021 19:33:02,Chamber 6,28-0316623b5aff,26.062,T234,40C,off
12/01/2021 19:33:22,Chamber 6,28-0316623b5aff,26.125,T234,40C,off
12/01/2021 19:33:42,Chamber 6,28-0316623b5aff,26.125,T234,40C,off
12/01/2021 19:34:02,Chamber 6,28-0316623b5aff,26.062,T234,40C,off
12/01/2021 19:34:22,Chamber 6,28-0316623b5aff,26.062,T234,40C,off
12/01/2021 19:34:42,Chamber 6,28-0316623b5aff,26.062,T234,40C,off
12/01/2021 19:35:02,Chamber 6,28-0316623b5aff,26.062,T234,40C,off
12/01/2021 19:35:22,Chamber 6,28-0316623b5aff,26.125,T234,40C,off
12/01/2021 19:35:42,Chamber 6,28-0316623b5aff,26.125,T234,40C,off
12/01/2021 19:36:02,Chamber 6,28-0316623b5aff,26.125,T234,40C,off
12/01/2021 19:36:22,Chamber 6,28-0316623b5aff,26.125,T234,40C,off
12/01/2021 19:36:43,Chamber 6,28-0316623b5aff,26.125,T234,40C,off
12/01/2021 19:37:02,Chamber 6,28-0316623b5aff,26.125,T234,40C,off
12/01/2021 19:37:22,Chamber 6,28-0316623b5aff,26.125,T234,40C,off
12/01/2021 19:37:42,Chamber 6,28-0316623b5aff,26.125,T234,40C,off
12/01/2021 19:38:02,Chamber 6,28-0316623b5aff,26.125,T234,40C,off
12/01/2021 19:38:22,Chamber 6,28-0316623b5aff,26.062,T234,40C,off
12/01/2021 19:38:42,Chamber 6,28-0316623b5aff,26.062,T234,40C,off
12/01/2021 19:39:02,Chamber 6,28-0316623b5aff,26.062,T234,40C,off
12/01/2021 19:39:22,Chamber 6,28-0316623b5aff,26.062,T234,40C,off
12/01/2021 19:39:42,Chamber 6,28-0316623b5aff,26.062,T234,40C,off
12/01/2021 19:40:02,Chamber 6,28-0316623b5aff,26.062,T234,40C,off
12/01/2021 19:40:22,Chamber 6,28-0316623b5aff,26.062,T234,40C,off
12/01/2021 19:40:42,Chamber 6,28-0316623b5aff,26.062,T234,40C,off
12/01/2021 19:41:02,Chamber 6,28-0316623b5aff,26.062,T234,40C,off
12/01/2021 19:41:22,Chamber 6,28-0316623b5aff,26.062,T234,40C,off
12/01/2021 19:41:42,Chamber 6,28-0316623b5aff,26.062,T234,40C,off
12/01/2021 19:42:02,Chamber 6,28-0316623b5aff,26.062,T234,40C,off
12/01/2021 19:42:22,Chamber 6,28-0316623b5aff,26.125,T234,40C,off
12/01/2021 19:42:43,Chamber 6,28-0316623b5aff,26.125,T234,40C,off
12/01/2021 19:43:02,Chamber 6,28-0316623b5aff,26.125,T234,40C,off
12/01/2021 19:43:22,Chamber 6,28-0316623b5aff,26.125,T234,40C,off
12/01/2021 19:43:42,Chamber 6,28-0316623b5aff,26.125,T234,40C,off
12/01/2021 19:44:02,Chamber 6,28-0316623b5aff,26.062,T234,40C,off
12/01/2021 19:44:22,Chamber 6,28-0316623b5aff,26.125,T234,40C,off
12/01/2021 19:44:42,Chamber 6,28-0316623b5aff,26.125,T234,40C,off
12/01/2021 19:45:02,Chamber 6,28-0316623b5aff,26.125,T234,40C,off
12/01/2021 19:45:22,Chamber 6,28-0316623b5aff,26.125,T234,40C,off
12/01/2021 19:45:42,Chamber 6,28-0316623b5aff,26.125,T234,40C,off
12/01/2021 19:46:02,Chamber 6,28-0316623b5aff,26.125,T234,40C,off
12/01/2021 19:46:22,Chamber 6,28-0316623b5aff,26.125,T234,40C,off
12/01/2021 19:46:42,Chamber 6,28-0316623b5aff,26.125,T234,40C,off
12/01/2021 19:47:02,Chamber 6,28-0316623b5aff,26.125,T234,40C,off
12/01/2021 19:47:22,Chamber 6,28-0316623b5aff,26.125,T234,40C,off
12/01/2021 19:47:42,Chamber 6,28-0316623b5aff,26.125,T234,40C,off
12/01/2021 19:48:02,Chamber 6,28-0316623b5aff,26.125,T234,40C,off
12/01/2021 19:48:22,Chamber 6,28-0316623b5aff,26.125,T234,40C,off
12/01/2021 19:48:42,Chamber 6,28-0316623b5aff,26.125,T234,40C,off
12/01/2021 19:49:02,Chamber 6,28-0316623b5aff,26.125,T234,40C,off
12/01/2021 19:49:22,Chamber 6,28-0316623b5aff,26.125,T234,40C,off
12/01/2021 19:49:43,Chamber 6,28-0316623b5aff,26.125,T234,40C,off
12/01/2021 19:50:02,Chamber 6,28-0316623b5aff,26.125,T234,40C,off
12/01/2021 19:50:22,Chamber 6,28-0316623b5aff,26.125,T234,40C,off
12/01/2021 19:50:42,Chamber 6,28-0316623b5aff,26.125,T234,40C,off
12/01/2021 19:51:02,Chamber 6,28-0316623b5aff,26.062,T234,40C,off
12/01/2021 19:51:22,Chamber 6,28-0316623b5aff,26.062,T234,40C,off
12/01/2021 19:51:42,Chamber 6,28-0316623b5aff,26.062,T234,40C,off
12/01/2021 19:52:02,Chamber 6,28-0316623b5aff,26.062,T234,40C,off
12/01/2021 19:52:22,Chamber 6,28-0316623b5aff,26.062,T234,40C,off
12/01/2021 19:52:42,Chamber 6,28-0316623b5aff,26.062,T234,40C,off
12/01/2021 19:53:02,Chamber 6,28-0316623b5aff,26.062,T234,40C,off
12/01/2021 19:53:22,Chamber 6,28-0316623b5aff,26.062,T234,40C,off
12/01/2021 19:53:42,Chamber 6,28-0316623b5aff,26.062,T234,40C,off
12/01/2021 19:54:02,Chamber 6,28-0316623b5aff,26.062,T234,40C,off
12/01/2021 19:54:22,Chamber 6,28-0316623b5aff,26.062,T234,40C,off
12/01/2021 19:54:42,Chamber 6,28-0316623b5aff,26.062,T234,40C,off
12/01/2021 19:55:03,Chamber 6,28-0316623b5aff,26.062,T234,40C,off
12/01/2021 19:55:22,Chamber 6,28-0316623b5aff,26.062,T234,40C,off
12/01/2021 19:55:42,Chamber 6,28-0316623b5aff,26.062,T234,40C,off
12/01/2021 19:56:02,Chamber 6,28-0316623b5aff,26.062,T234,40C,off
12/01/2021 19:56:22,Chamber 6,28-0316623b5aff,26.062,T234,40C,off
12/01/2021 19:56:42,Chamber 6,28-0316623b5aff,26.062,T234,40C,off
12/01/2021 19:57:02,Chamber 6,28-0316623b5aff,26.062,T234,40C,off
12/01/2021 19:57:22,Chamber 6,28-0316623b5aff,26.062,T234,40C,off
12/01/2021 19:57:43,Chamber 6,28-0316623b5aff,26.062,T234,40C,off
12/01/2021 19:58:02,Chamber 6,28-0316623b5aff,26.062,T234,40C,off
12/01/2021 19:58:22,Chamber 6,28-0316623b5aff,26.062,T234,40C,off
12/01/2021 19:58:42,Chamber 6,28-0316623b5aff,26.062,T234,40C,off
12/01/2021 19:59:04,Chamber 6,28-0316623b5aff,26.125,T234,40C,off
12/01/2021 19:59:23,Chamber 6,28-0316623b5aff,26.062,T234,40C,off
12/01/2021 19:59:42,Chamber 6,28-0316623b5aff,26.062,T234,40C,off
12/01/2021 20:00:02,Chamber 6,28-0316623b5aff,26.062,T234,40C,off
12/01/2021 20:00:23,Chamber 6,28-0316623b5aff,26.062,T234,40C,off
12/01/2021 20:00:42,Chamber 6,28-0316623b5aff,26.062,T234,40C,off
12/01/2021 20:01:02,Chamber 6,28-0316623b5aff,26.062,T234,40C,off
12/01/2021 20:01:22,Chamber 6,28-0316623b5aff,26.062,T234,40C,off
12/01/2021 20:01:42,Chamber 6,28-0316623b5aff,26.062,T234,40C,off
12/01/2021 20:02:02,Chamber 6,28-0316623b5aff,26.062,T234,40C,off
12/01/2021 20:02:22,Chamber 6,28-0316623b5aff,26.062,T234,40C,off
12/01/2021 20:02:42,Chamber 6,28-0316623b5aff,26.062,T234,40C,off
12/01/2021 20:03:02,Chamber 6,28-0316623b5aff,26.062,T234,40C,off
12/01/2021 20:03:22,Chamber 6,28-0316623b5aff,26.062,T234,40C,off
12/01/2021 20:03:42,Chamber 6,28-0316623b5aff,26.062,T234,40C,off
12/01/2021 20:04:02,Chamber 6,28-0316623b5aff,26.062,T234,40C,off
12/01/2021 20:04:22,Chamber 6,28-0316623b5aff,26.062,T234,40C,off
12/01/2021 20:04:42,Chamber 6,28-0316623b5aff,26.062,T234,40C,off
12/01/2021 20:05:02,Chamber 6,28-0316623b5aff,26.062,T234,40C,off
12/01/2021 20:05:22,Chamber 6,28-0316623b5aff,26.062,T234,40C,off
12/01/2021 20:05:43,Chamber 6,28-0316623b5aff,26.062,T234,40C,off
12/01/2021 20:06:02,Chamber 6,28-0316623b5aff,26.062,T234,40C,off
12/01/2021 20:06:22,Chamber 6,28-0316623b5aff,26.062,T234,40C,off
12/01/2021 20:06:42,Chamber 6,28-0316623b5aff,26.062,T234,40C,off
12/01/2021 20:07:03,Chamber 6,28-0316623b5aff,26.062,T234,40C,off
12/01/2021 20:07:22,Chamber 6,28-0316623b5aff,26.062,T234,40C,off
12/01/2021 20:07:42,Chamber 6,28-0316623b5aff,26.062,T234,40C,off
12/01/2021 20:08:02,Chamber 6,28-0316623b5aff,26.062,T234,40C,off
12/01/2021 20:08:22,Chamber 6,28-0316623b5aff,26.062,T234,40C,off
12/01/2021 20:08:42,Chamber 6,28-0316623b5aff,26.062,T234,40C,off
12/01/2021 20:09:02,Chamber 6,28-0316623b5aff,26.062,T234,40C,off
12/01/2021 20:09:22,Chamber 6,28-0316623b5aff,26.062,T234,40C,off
12/01/2021 20:09:42,Chamber 6,28-0316623b5aff,26.062,T234,40C,off
12/01/2021 20:10:02,Chamber 6,28-0316623b5aff,26.062,T234,40C,off
12/01/2021 20:10:22,Chamber 6,28-0316623b5aff,26.062,T234,40C,off
12/01/2021 20:10:42,Chamber 6,28-0316623b5aff,26.062,T234,40C,off
12/01/2021 20:11:02,Chamber 6,28-0316623b5aff,26.062,T234,40C,off
12/01/2021 20:11:22,Chamber 6,28-0316623b5aff,26.062,T234,40C,off
12/01/2021 20:11:42,Chamber 6,28-0316623b5aff,26.062,T234,40C,off
12/01/2021 20:12:02,Chamber 6,28-0316623b5aff,26.062,T234,40C,off
12/01/2021 20:12:22,Chamber 6,28-0316623b5aff,26.062,T234,40C,off
12/01/2021 20:12:42,Chamber 6,28-0316623b5aff,26.062,T234,40C,off
12/01/2021 20:13:02,Chamber 6,28-0316623b5aff,26.062,T234,40C,off
12/01/2021 20:13:22,Chamber 6,28-0316623b5aff,26.062,T234,40C,off
12/01/2021 20:13:42,Chamber 6,28-0316623b5aff,26.062,T234,40C,off
12/01/2021 20:14:03,Chamber 6,28-0316623b5aff,26.125,T234,40C,off
12/01/2021 20:14:22,Chamber 6,28-0316623b5aff,26.062,T234,40C,off
12/01/2021 20:14:42,Chamber 6,28-0316623b5aff,26.125,T234,40C,off
12/01/2021 20:15:02,Chamber 6,28-0316623b5aff,26.125,T234,40C,off
12/01/2021 20:15:22,Chamber 6,28-0316623b5aff,26.062,T234,40C,off
12/01/2021 20:15:42,Chamber 6,28-0316623b5aff,26.062,T234,40C,off
12/01/2021 20:16:02,Chamber 6,28-0316623b5aff,26.062,T234,40C,off
12/01/2021 20:16:22,Chamber 6,28-0316623b5aff,26.062,T234,40C,off
12/01/2021 20:16:42,Chamber 6,28-0316623b5aff,26.062,T234,40C,off
12/01/2021 20:17:02,Chamber 6,28-0316623b5aff,26.062,T234,40C,off
12/01/2021 20:17:22,Chamber 6,28-0316623b5aff,26.062,T234,40C,off
12/01/2021 20:17:42,Chamber 6,28-0316623b5aff,26.062,T234,40C,off
12/01/2021 20:18:02,Chamber 6,28-0316623b5aff,26.062,T234,40C,off
12/01/2021 20:18:22,Chamber 6,28-0316623b5aff,26.062,T234,40C,off
12/01/2021 20:18:42,Chamber 6,28-0316623b5aff,26.062,T234,40C,off
12/01/2021 20:19:02,Chamber 6,28-0316623b5aff,26.062,T234,40C,off
12/01/2021 20:19:22,Chamber 6,28-0316623b5aff,26.062,T234,40C,off
12/01/2021 20:19:42,Chamber 6,28-0316623b5aff,26.062,T234,40C,off
12/01/2021 20:20:02,Chamber 6,28-0316623b5aff,26.062,T234,40C,off
12/01/2021 20:20:22,Chamber 6,28-0316623b5aff,26.062,T234,40C,off
12/01/2021 20:20:42,Chamber 6,28-0316623b5aff,26.062,T234,40C,off
12/01/2021 20:21:02,Chamber 6,28-0316623b5aff,26.062,T234,40C,off
12/01/2021 20:21:22,Chamber 6,28-0316623b5aff,26.062,T234,40C,off
12/01/2021 20:21:42,Chamber 6,28-0316623b5aff,26.062,T234,40C,off
12/01/2021 20:22:02,Chamber 6,28-0316623b5aff,26.062,T234,40C,off
12/01/2021 20:22:22,Chamber 6,28-0316623b5aff,26.062,T234,40C,off
12/01/2021 20:22:43,Chamber 6,28-0316623b5aff,26.062,T234,40C,off
12/01/2021 20:23:02,Chamber 6,28-0316623b5aff,26.062,T234,40C,off
12/01/2021 20:23:22,Chamber 6,28-0316623b5aff,26.062,T234,40C,off
12/01/2021 20:23:42,Chamber 6,28-0316623b5aff,26.062,T234,40C,off
12/01/2021 20:24:02,Chamber 6,28-0316623b5aff,26.062,T234,40C,off
12/01/2021 20:24:22,Chamber 6,28-0316623b5aff,26.062,T234,40C,off
12/01/2021 20:24:42,Chamber 6,28-0316623b5aff,26.062,T234,40C,off
12/01/2021 20:25:02,Chamber 6,28-0316623b5aff,26.062,T234,40C,off
12/01/2021 20:25:23,Chamber 6,28-0316623b5aff,26.062,T234,40C,off
12/01/2021 20:25:42,Chamber 6,28-0316623b5aff,26.062,T234,40C,off
12/01/2021 20:26:02,Chamber 6,28-0316623b5aff,26.062,T234,40C,off
12/01/2021 20:26:22,Chamber 6,28-0316623b5aff,26.062,T234,40C,off
12/01/2021 20:26:42,Chamber 6,28-0316623b5aff,26.062,T234,40C,off
12/01/2021 20:27:02,Chamber 6,28-0316623b5aff,26.062,T234,40C,off
12/01/2021 20:27:22,Chamber 6,28-0316623b5aff,26.062,T234,40C,off
12/01/2021 20:27:44,Chamber 6,28-0316623b5aff,26.062,T234,40C,off
12/01/2021 20:28:02,Chamber 6,28-0316623b5aff,26.062,T234,40C,off
12/01/2021 20:28:22,Chamber 6,28-0316623b5aff,26.062,T234,40C,off
12/01/2021 20:28:42,Chamber 6,28-0316623b5aff,26.062,T234,40C,off
12/01/2021 20:29:02,Chamber 6,28-0316623b5aff,26.062,T234,40C,off
12/01/2021 20:29:22,Chamber 6,28-0316623b5aff,26.062,T234,40C,off
12/01/2021 20:29:42,Chamber 6,28-0316623b5aff,26.062,T234,40C,off
12/01/2021 20:30:02,Chamber 6,28-0316623b5aff,26.062,T234,40C,off
12/01/2021 20:30:22,Chamber 6,28-0316623b5aff,26.062,T234,40C,off
12/01/2021 20:30:45,Chamber 6,28-0316623b5aff,26.062,T234,40C,off
12/01/2021 20:31:03,Chamber 6,28-0316623b5aff,26.062,T234,40C,off
12/01/2021 20:31:22,Chamber 6,28-0316623b5aff,26.062,T234,40C,off
12/01/2021 20:31:42,Chamber 6,28-0316623b5aff,26.062,T234,40C,off
12/01/2021 20:32:02,Chamber 6,28-0316623b5aff,26.062,T234,40C,off
12/01/2021 20:32:22,Chamber 6,28-0316623b5aff,26.062,T234,40C,off
12/01/2021 20:32:42,Chamber 6,28-0316623b5aff,26.062,T234,40C,off
12/01/2021 20:33:02,Chamber 6,28-0316623b5aff,26.062,T234,40C,off
12/01/2021 20:33:22,Chamber 6,28-0316623b5aff,26.062,T234,40C,off
12/01/2021 20:33:43,Chamber 6,28-0316623b5aff,26.062,T234,40C,off
12/01/2021 20:34:03,Chamber 6,28-0316623b5aff,26.062,T234,40C,off
12/01/2021 20:34:22,Chamber 6,28-0316623b5aff,26.062,T234,40C,off
12/01/2021 20:34:42,Chamber 6,28-0316623b5aff,26.062,T234,40C,off
12/01/2021 20:35:02,Chamber 6,28-0316623b5aff,26.062,T234,40C,off
12/01/2021 20:35:22,Chamber 6,28-0316623b5aff,26.062,T234,40C,off
12/01/2021 20:35:42,Chamber 6,28-0316623b5aff,26.062,T234,40C,off
12/01/2021 20:36:02,Chamber 6,28-0316623b5aff,26.062,T234,40C,off
12/01/2021 20:36:22,Chamber 6,28-0316623b5aff,26.062,T234,40C,off
12/01/2021 20:36:42,Chamber 6,28-0316623b5aff,26.062,T234,40C,off
12/01/2021 20:37:02,Chamber 6,28-0316623b5aff,26.062,T234,40C,off
12/01/2021 20:37:22,Chamber 6,28-0316623b5aff,26.062,T234,40C,off
12/01/2021 20:37:42,Chamber 6,28-0316623b5aff,26.062,T234,40C,off
12/01/2021 20:38:02,Chamber 6,28-0316623b5aff,26.062,T234,40C,off
12/01/2021 20:38:22,Chamber 6,28-0316623b5aff,26.062,T234,40C,off
12/01/2021 20:38:43,Chamber 6,28-0316623b5aff,26.062,T234,40C,off
12/01/2021 20:39:02,Chamber 6,28-0316623b5aff,26.062,T234,40C,off
12/01/2021 20:39:24,Chamber 6,28-0316623b5aff,26.062,T234,40C,off
12/01/2021 20:39:42,Chamber 6,28-0316623b5aff,26.062,T234,40C,off
12/01/2021 20:40:02,Chamber 6,28-0316623b5aff,26.062,T234,40C,off
12/01/2021 20:40:22,Chamber 6,28-0316623b5aff,26.062,T234,40C,off
12/01/2021 20:40:42,Chamber 6,28-0316623b5aff,26.062,T234,40C,off
12/01/2021 20:41:02,Chamber 6,28-0316623b5aff,26.062,T234,40C,off
12/01/2021 20:41:22,Chamber 6,28-0316623b5aff,26.062,T234,40C,off
12/01/2021 20:41:42,Chamber 6,28-0316623b5aff,26.062,T234,40C,off
12/01/2021 20:42:02,Chamber 6,28-0316623b5aff,26.062,T234,40C,off
12/01/2021 20:42:22,Chamber 6,28-0316623b5aff,26.062,T234,40C,off
12/01/2021 20:42:42,Chamber 6,28-0316623b5aff,26.062,T234,40C,off
12/01/2021 20:43:02,Chamber 6,28-0316623b5aff,26.062,T234,40C,off
12/01/2021 20:43:22,Chamber 6,28-0316623b5aff,26.062,T234,40C,off
12/01/2021 20:43:42,Chamber 6,28-0316623b5aff,26.062,T234,40C,off
12/01/2021 20:44:02,Chamber 6,28-0316623b5aff,26.062,T234,40C,off
12/01/2021 20:44:22,Chamber 6,28-0316623b5aff,26.062,T234,40C,off
12/01/2021 20:44:42,Chamber 6,28-0316623b5aff,26.125,T234,40C,off
12/01/2021 20:45:02,Chamber 6,28-0316623b5aff,26.062,T234,40C,off
12/01/2021 20:45:22,Chamber 6,28-0316623b5aff,26.062,T234,40C,off
12/01/2021 20:45:42,Chamber 6,28-0316623b5aff,26.062,T234,40C,off
12/01/2021 20:46:02,Chamber 6,28-0316623b5aff,26.062,T234,40C,off
12/01/2021 20:46:22,Chamber 6,28-0316623b5aff,26.062,T234,40C,off
12/01/2021 20:46:42,Chamber 6,28-0316623b5aff,26.062,T234,40C,off
12/01/2021 20:47:02,Chamber 6,28-0316623b5aff,26.062,T234,40C,off
12/01/2021 20:47:22,Chamber 6,28-0316623b5aff,26.062,T234,40C,off
12/01/2021 20:47:42,Chamber 6,28-0316623b5aff,26.062,T234,40C,off
12/01/2021 20:48:02,Chamber 6,28-0316623b5aff,26.062,T234,40C,off
12/01/2021 20:48:22,Chamber 6,28-0316623b5aff,26.062,T234,40C,off
12/01/2021 20:48:42,Chamber 6,28-0316623b5aff,26.062,T234,40C,off
12/01/2021 20:49:02,Chamber 6,28-0316623b5aff,26.062,T234,40C,off
12/01/2021 20:49:22,Chamber 6,28-0316623b5aff,26.062,T234,40C,off
12/01/2021 20:49:42,Chamber 6,28-0316623b5aff,26.062,T234,40C,off
12/01/2021 20:50:02,Chamber 6,28-0316623b5aff,26.062,T234,40C,off
12/01/2021 20:50:22,Chamber 6,28-0316623b5aff,26.062,T234,40C,off
12/01/2021 20:50:42,Chamber 6,28-0316623b5aff,26.062,T234,40C,off
12/01/2021 20:51:02,Chamber 6,28-0316623b5aff,26.062,T234,40C,off
12/01/2021 20:51:22,Chamber 6,28-0316623b5aff,26.062,T234,40C,off
12/01/2021 20:51:42,Chamber 6,28-0316623b5aff,26.062,T234,40C,off
12/01/2021 20:52:02,Chamber 6,28-0316623b5aff,26.062,T234,40C,off
12/01/2021 20:52:22,Chamber 6,28-0316623b5aff,26.062,T234,40C,off
12/01/2021 20:52:42,Chamber 6,28-0316623b5aff,26.062,T234,40C,off
12/01/2021 20:53:02,Chamber 6,28-0316623b5aff,26.062,T234,40C,off
12/01/2021 20:53:22,Chamber 6,28-0316623b5aff,26.062,T234,40C,off
12/01/2021 20:53:42,Chamber 6,28-0316623b5aff,26.062,T234,40C,off
12/01/2021 20:54:02,Chamber 6,28-0316623b5aff,26.062,T234,40C,off
12/01/2021 20:54:22,Chamber 6,28-0316623b5aff,26.062,T234,40C,off
12/01/2021 20:54:42,Chamber 6,28-0316623b5aff,26.062,T234,40C,off
12/01/2021 20:55:02,Chamber 6,28-0316623b5aff,26.062,T234,40C,off
12/01/2021 20:55:22,Chamber 6,28-0316623b5aff,26.062,T234,40C,off
12/01/2021 20:55:42,Chamber 6,28-0316623b5aff,26.062,T234,40C,off
12/01/2021 20:56:02,Chamber 6,28-0316623b5aff,26.062,T234,40C,off
12/01/2021 20:56:22,Chamber 6,28-0316623b5aff,26.062,T234,40C,off
12/01/2021 20:56:42,Chamber 6,28-0316623b5aff,26.062,T234,40C,off
12/01/2021 20:57:02,Chamber 6,28-0316623b5aff,26.062,T234,40C,off
12/01/2021 20:57:24,Chamber 6,28-0316623b5aff,26.062,T234,40C,off
12/01/2021 20:57:42,Chamber 6,28-0316623b5aff,26.062,T234,40C,off
12/01/2021 20:58:03,Chamber 6,28-0316623b5aff,26.062,T234,40C,off
12/01/2021 20:58:22,Chamber 6,28-0316623b5aff,26.062,T234,40C,off
12/01/2021 20:58:42,Chamber 6,28-0316623b5aff,26.062,T234,40C,off
12/01/2021 20:59:02,Chamber 6,28-0316623b5aff,26.062,T234,40C,off
12/01/2021 20:59:22,Chamber 6,28-0316623b5aff,26.062,T234,40C,off
12/01/2021 20:59:42,Chamber 6,28-0316623b5aff,26.062,T234,40C,off
12/01/2021 21:00:02,Chamber 6,28-0316623b5aff,26.062,T234,40C,off
12/01/2021 21:00:22,Chamber 6,28-0316623b5aff,26.062,T234,40C,off
12/01/2021 21:00:42,Chamber 6,28-0316623b5aff,26.062,T234,40C,off
12/01/2021 21:01:02,Chamber 6,28-0316623b5aff,26.062,T234,40C,off
12/01/2021 21:01:22,Chamber 6,28-0316623b5aff,26.062,T234,40C,off
12/01/2021 21:01:42,Chamber 6,28-0316623b5aff,26.062,T234,40C,off
12/01/2021 21:02:02,Chamber 6,28-0316623b5aff,26.062,T234,40C,off
12/01/2021 21:02:22,Chamber 6,28-0316623b5aff,26.062,T234,40C,off
12/01/2021 21:02:42,Chamber 6,28-0316623b5aff,26.062,T234,40C,off
12/01/2021 21:03:02,Chamber 6,28-0316623b5aff,26.062,T234,40C,off
12/01/2021 21:03:22,Chamber 6,28-0316623b5aff,26.062,T234,40C,off
12/01/2021 21:03:42,Chamber 6,28-0316623b5aff,26.062,T234,40C,off
12/01/2021 21:04:02,Chamber 6,28-0316623b5aff,26.062,T234,40C,off
12/01/2021 21:04:22,Chamber 6,28-0316623b5aff,26.062,T234,40C,off
12/01/2021 21:04:42,Chamber 6,28-0316623b5aff,26.062,T234,40C,off
12/01/2021 21:05:02,Chamber 6,28-0316623b5aff,26.062,T234,40C,off
12/01/2021 21:05:22,Chamber 6,28-0316623b5aff,26.062,T234,40C,off
12/01/2021 21:05:42,Chamber 6,28-0316623b5aff,26.062,T234,40C,off
12/01/2021 21:06:02,Chamber 6,28-0316623b5aff,26.062,T234,40C,off
12/01/2021 21:06:22,Chamber 6,28-0316623b5aff,26.062,T234,40C,off
12/01/2021 21:06:42,Chamber 6,28-0316623b5aff,26.062,T234,40C,off
12/01/2021 21:07:02,Chamber 6,28-0316623b5aff,26.062,T234,40C,off
12/01/2021 21:07:22,Chamber 6,28-0316623b5aff,26.062,T234,40C,off
12/01/2021 21:07:42,Chamber 6,28-0316623b5aff,26.062,T234,40C,off
12/01/2021 21:08:02,Chamber 6,28-0316623b5aff,26.062,T234,40C,off
12/01/2021 21:08:23,Chamber 6,28-0316623b5aff,26.062,T234,40C,off
12/01/2021 21:08:42,Chamber 6,28-0316623b5aff,26.062,T234,40C,off
12/01/2021 21:09:02,Chamber 6,28-0316623b5aff,26.062,T234,40C,off
12/01/2021 21:09:22,Chamber 6,28-0316623b5aff,26.062,T234,40C,off
12/01/2021 21:09:42,Chamber 6,28-0316623b5aff,26.062,T234,40C,off
12/01/2021 21:10:02,Chamber 6,28-0316623b5aff,26.062,T234,40C,off
12/01/2021 21:10:22,Chamber 6,28-0316623b5aff,26.062,T234,40C,off
12/01/2021 21:10:42,Chamber 6,28-0316623b5aff,26.062,T234,40C,off
12/01/2021 21:11:02,Chamber 6,28-0316623b5aff,26.062,T234,40C,off
12/01/2021 21:11:22,Chamber 6,28-0316623b5aff,26.062,T234,40C,off
12/01/2021 21:11:42,Chamber 6,28-0316623b5aff,26.062,T234,40C,off
12/01/2021 21:12:02,Chamber 6,28-0316623b5aff,26.062,T234,40C,off
12/01/2021 21:12:22,Chamber 6,28-0316623b5aff,26.062,T234,40C,off
12/01/2021 21:12:42,Chamber 6,28-0316623b5aff,26.062,T234,40C,off
12/01/2021 21:13:02,Chamber 6,28-0316623b5aff,26.062,T234,40C,off
12/01/2021 21:13:22,Chamber 6,28-0316623b5aff,26.062,T234,40C,off
12/01/2021 21:13:42,Chamber 6,28-0316623b5aff,26.062,T234,40C,off
12/01/2021 21:14:02,Chamber 6,28-0316623b5aff,26.062,T234,40C,off
12/01/2021 21:14:23,Chamber 6,28-0316623b5aff,26.062,T234,40C,off
12/01/2021 21:14:42,Chamber 6,28-0316623b5aff,26.062,T234,40C,off
12/01/2021 21:15:02,Chamber 6,28-0316623b5aff,26.062,T234,40C,off
12/01/2021 21:15:22,Chamber 6,28-0316623b5aff,26.062,T234,40C,off
12/01/2021 21:15:42,Chamber 6,28-0316623b5aff,26.062,T234,40C,off
12/01/2021 21:16:02,Chamber 6,28-0316623b5aff,26.062,T234,40C,off
12/01/2021 21:16:22,Chamber 6,28-0316623b5aff,26.062,T234,40C,off
12/01/2021 21:16:42,Chamber 6,28-0316623b5aff,26.062,T234,40C,off
12/01/2021 21:17:02,Chamber 6,28-0316623b5aff,26.062,T234,40C,off
12/01/2021 21:17:22,Chamber 6,28-0316623b5aff,26.062,T234,40C,off
12/01/2021 21:17:42,Chamber 6,28-0316623b5aff,26.062,T234,40C,off
12/01/2021 21:18:02,Chamber 6,28-0316623b5aff,26.062,T234,40C,off
12/01/2021 21:18:22,Chamber 6,28-0316623b5aff,26.062,T234,40C,off
12/01/2021 21:18:42,Chamber 6,28-0316623b5aff,26.062,T234,40C,off
12/01/2021 21:19:02,Chamber 6,28-0316623b5aff,26.062,T234,40C,off
12/01/2021 21:19:22,Chamber 6,28-0316623b5aff,26.062,T234,40C,off
12/01/2021 21:19:42,Chamber 6,28-0316623b5aff,26.062,T234,40C,off
12/01/2021 21:20:02,Chamber 6,28-0316623b5aff,26.062,T234,40C,off
12/01/2021 21:20:22,Chamber 6,28-0316623b5aff,26.062,T234,40C,off
12/01/2021 21:20:42,Chamber 6,28-0316623b5aff,26.062,T234,40C,off
12/01/2021 21:21:02,Chamber 6,28-0316623b5aff,26.062,T234,40C,off
12/01/2021 21:21:22,Chamber 6,28-0316623b5aff,26.062,T234,40C,off
12/01/2021 21:21:42,Chamber 6,28-0316623b5aff,26.062,T234,40C,off
12/01/2021 21:22:02,Chamber 6,28-0316623b5aff,26.062,T234,40C,off
12/01/2021 21:22:22,Chamber 6,28-0316623b5aff,26.062,T234,40C,off
12/01/2021 21:22:42,Chamber 6,28-0316623b5aff,26.062,T234,40C,off
12/01/2021 21:23:02,Chamber 6,28-0316623b5aff,26.062,T234,40C,off
12/01/2021 21:23:22,Chamber 6,28-0316623b5aff,26.062,T234,40C,off
12/01/2021 21:23:42,Chamber 6,28-0316623b5aff,26.0,T234,40C,off
12/01/2021 21:24:02,Chamber 6,28-0316623b5aff,26.0,T234,40C,off
12/01/2021 21:24:22,Chamber 6,28-0316623b5aff,26.0,T234,40C,off
12/01/2021 21:24:42,Chamber 6,28-0316623b5aff,26.0,T234,40C,off
12/01/2021 21:25:02,Chamber 6,28-0316623b5aff,26.062,T234,40C,off
12/01/2021 21:25:22,Chamber 6,28-0316623b5aff,26.0,T234,40C,off
12/01/2021 21:25:42,Chamber 6,28-0316623b5aff,26.0,T234,40C,off
12/01/2021 21:26:03,Chamber 6,28-0316623b5aff,26.0,T234,40C,off
12/01/2021 21:26:22,Chamber 6,28-0316623b5aff,26.0,T234,40C,off
12/01/2021 21:26:42,Chamber 6,28-0316623b5aff,26.062,T234,40C,off
12/01/2021 21:27:02,Chamber 6,28-0316623b5aff,26.062,T234,40C,off
12/01/2021 21:27:22,Chamber 6,28-0316623b5aff,26.062,T234,40C,off
12/01/2021 21:27:42,Chamber 6,28-0316623b5aff,26.062,T234,40C,off
12/01/2021 21:28:02,Chamber 6,28-0316623b5aff,26.0,T234,40C,off
12/01/2021 21:28:22,Chamber 6,28-0316623b5aff,26.0,T234,40C,off
12/01/2021 21:28:42,Chamber 6,28-0316623b5aff,26.062,T234,40C,off
12/01/2021 21:29:02,Chamber 6,28-0316623b5aff,26.062,T234,40C,off
12/01/2021 21:29:22,Chamber 6,28-0316623b5aff,26.062,T234,40C,off
12/01/2021 21:29:42,Chamber 6,28-0316623b5aff,26.062,T234,40C,off
12/01/2021 21:30:02,Chamber 6,28-0316623b5aff,26.062,T234,40C,off
12/01/2021 21:30:22,Chamber 6,28-0316623b5aff,26.062,T234,40C,off
12/01/2021 21:30:43,Chamber 6,28-0316623b5aff,26.062,T234,40C,off
12/01/2021 21:31:02,Chamber 6,28-0316623b5aff,26.062,T234,40C,off
12/01/2021 21:31:22,Chamber 6,28-0316623b5aff,26.0,T234,40C,off
12/01/2021 21:31:42,Chamber 6,28-0316623b5aff,26.0,T234,40C,off
12/01/2021 21:32:02,Chamber 6,28-0316623b5aff,26.062,T234,40C,off
12/01/2021 21:32:22,Chamber 6,28-0316623b5aff,26.062,T234,40C,off
12/01/2021 21:32:42,Chamber 6,28-0316623b5aff,26.062,T234,40C,off
12/01/2021 21:33:02,Chamber 6,28-0316623b5aff,26.062,T234,40C,off
12/01/2021 21:33:22,Chamber 6,28-0316623b5aff,26.062,T234,40C,off
12/01/2021 21:33:42,Chamber 6,28-0316623b5aff,26.062,T234,40C,off
12/01/2021 21:34:02,Chamber 6,28-0316623b5aff,26.0,T234,40C,off
12/01/2021 21:34:22,Chamber 6,28-0316623b5aff,26.0,T234,40C,off
12/01/2021 21:34:42,Chamber 6,28-0316623b5aff,26.0,T234,40C,off
12/01/2021 21:35:02,Chamber 6,28-0316623b5aff,26.0,T234,40C,off
12/01/2021 21:35:23,Chamber 6,28-0316623b5aff,26.062,T234,40C,off
12/01/2021 21:35:42,Chamber 6,28-0316623b5aff,26.0,T234,40C,off
12/01/2021 21:36:02,Chamber 6,28-0316623b5aff,26.0,T234,40C,off
12/01/2021 21:36:22,Chamber 6,28-0316623b5aff,26.062,T234,40C,off
12/01/2021 21:36:42,Chamber 6,28-0316623b5aff,26.062,T234,40C,off
12/01/2021 21:37:02,Chamber 6,28-0316623b5aff,26.062,T234,40C,off
12/01/2021 21:37:22,Chamber 6,28-0316623b5aff,26.062,T234,40C,off
12/01/2021 21:37:42,Chamber 6,28-0316623b5aff,26.062,T234,40C,off
12/01/2021 21:38:02,Chamber 6,28-0316623b5aff,26.062,T234,40C,off
12/01/2021 21:38:22,Chamber 6,28-0316623b5aff,26.062,T234,40C,off
12/01/2021 21:38:42,Chamber 6,28-0316623b5aff,26.062,T234,40C,off
12/01/2021 21:39:02,Chamber 6,28-0316623b5aff,26.062,T234,40C,off
12/01/2021 21:39:22,Chamber 6,28-0316623b5aff,26.062,T234,40C,off
12/01/2021 21:39:42,Chamber 6,28-0316623b5aff,26.062,T234,40C,off
12/01/2021 21:40:02,Chamber 6,28-0316623b5aff,26.062,T234,40C,off
12/01/2021 21:40:22,Chamber 6,28-0316623b5aff,26.062,T234,40C,off
12/01/2021 21:40:43,Chamber 6,28-0316623b5aff,26.062,T234,40C,off
12/01/2021 21:41:02,Chamber 6,28-0316623b5aff,26.062,T234,40C,off
12/01/2021 21:41:22,Chamber 6,28-0316623b5aff,26.062,T234,40C,off
12/01/2021 21:41:43,Chamber 6,28-0316623b5aff,26.062,T234,40C,off
12/01/2021 21:42:02,Chamber 6,28-0316623b5aff,26.062,T234,40C,off
12/01/2021 21:42:22,Chamber 6,28-0316623b5aff,26.062,T234,40C,off
12/01/2021 21:42:42,Chamber 6,28-0316623b5aff,26.062,T234,40C,off
12/01/2021 21:43:02,Chamber 6,28-0316623b5aff,26.062,T234,40C,off
12/01/2021 21:43:22,Chamber 6,28-0316623b5aff,26.062,T234,40C,off
12/01/2021 21:43:42,Chamber 6,28-0316623b5aff,26.0,T234,40C,off
12/01/2021 21:44:02,Chamber 6,28-0316623b5aff,26.062,T234,40C,off
12/01/2021 21:44:22,Chamber 6,28-0316623b5aff,26.0,T234,40C,off
12/01/2021 21:44:42,Chamber 6,28-0316623b5aff,26.062,T234,40C,off
12/01/2021 21:45:02,Chamber 6,28-0316623b5aff,26.062,T234,40C,off
12/01/2021 21:45:22,Chamber 6,28-0316623b5aff,26.062,T234,40C,off
12/01/2021 21:45:42,Chamber 6,28-0316623b5aff,26.062,T234,40C,off
12/01/2021 21:46:02,Chamber 6,28-0316623b5aff,26.062,T234,40C,off
12/01/2021 21:46:22,Chamber 6,28-0316623b5aff,26.062,T234,40C,off
12/01/2021 21:46:42,Chamber 6,28-0316623b5aff,26.062,T234,40C,off
12/01/2021 21:47:02,Chamber 6,28-0316623b5aff,26.062,T234,40C,off
12/01/2021 21:47:22,Chamber 6,28-0316623b5aff,26.062,T234,40C,off
12/01/2021 21:47:42,Chamber 6,28-0316623b5aff,26.062,T234,40C,off
12/01/2021 21:48:02,Chamber 6,28-0316623b5aff,26.062,T234,40C,off
12/01/2021 21:48:22,Chamber 6,28-0316623b5aff,26.062,T234,40C,off
12/01/2021 21:48:42,Chamber 6,28-0316623b5aff,26.062,T234,40C,off
12/01/2021 21:49:02,Chamber 6,28-0316623b5aff,26.062,T234,40C,off
12/01/2021 21:49:22,Chamber 6,28-0316623b5aff,26.062,T234,40C,off
12/01/2021 21:49:42,Chamber 6,28-0316623b5aff,26.062,T234,40C,off
12/01/2021 21:50:02,Chamber 6,28-0316623b5aff,26.062,T234,40C,off
12/01/2021 21:50:22,Chamber 6,28-0316623b5aff,26.062,T234,40C,off
12/01/2021 21:50:42,Chamber 6,28-0316623b5aff,26.062,T234,40C,off
12/01/2021 21:51:02,Chamber 6,28-0316623b5aff,26.0,T234,40C,off
12/01/2021 21:51:22,Chamber 6,28-0316623b5aff,26.062,T234,40C,off
12/01/2021 21:51:42,Chamber 6,28-0316623b5aff,26.062,T234,40C,off
12/01/2021 21:52:02,Chamber 6,28-0316623b5aff,26.062,T234,40C,off
12/01/2021 21:52:22,Chamber 6,28-0316623b5aff,26.062,T234,40C,off
12/01/2021 21:52:42,Chamber 6,28-0316623b5aff,26.0,T234,40C,off
12/01/2021 21:53:02,Chamber 6,28-0316623b5aff,26.062,T234,40C,off
12/01/2021 21:53:22,Chamber 6,28-0316623b5aff,26.0,T234,40C,off
12/01/2021 21:53:42,Chamber 6,28-0316623b5aff,26.0,T234,40C,off
12/01/2021 21:54:02,Chamber 6,28-0316623b5aff,26.062,T234,40C,off
12/01/2021 21:54:22,Chamber 6,28-0316623b5aff,26.062,T234,40C,off
12/01/2021 21:54:42,Chamber 6,28-0316623b5aff,26.062,T234,40C,off
12/01/2021 21:55:02,Chamber 6,28-0316623b5aff,26.062,T234,40C,off
12/01/2021 21:55:22,Chamber 6,28-0316623b5aff,26.062,T234,40C,off
12/01/2021 21:55:42,Chamber 6,28-0316623b5aff,26.062,T234,40C,off
12/01/2021 21:56:02,Chamber 6,28-0316623b5aff,26.062,T234,40C,off
12/01/2021 21:56:23,Chamber 6,28-0316623b5aff,26.062,T234,40C,off
12/01/2021 21:56:42,Chamber 6,28-0316623b5aff,26.062,T234,40C,off
12/01/2021 21:57:02,Chamber 6,28-0316623b5aff,26.0,T234,40C,off
12/01/2021 21:57:22,Chamber 6,28-0316623b5aff,26.0,T234,40C,off
12/01/2021 21:57:43,Chamber 6,28-0316623b5aff,26.0,T234,40C,off
12/01/2021 21:58:02,Chamber 6,28-0316623b5aff,26.062,T234,40C,off
12/01/2021 21:58:22,Chamber 6,28-0316623b5aff,26.0,T234,40C,off
12/01/2021 21:58:42,Chamber 6,28-0316623b5aff,26.0,T234,40C,off
12/01/2021 21:59:02,Chamber 6,28-0316623b5aff,26.0,T234,40C,off
12/01/2021 21:59:22,Chamber 6,28-0316623b5aff,26.062,T234,40C,off
12/01/2021 21:59:42,Chamber 6,28-0316623b5aff,26.062,T234,40C,off
12/01/2021 22:00:02,Chamber 6,28-0316623b5aff,26.062,T234,40C,off
12/01/2021 22:00:22,Chamber 6,28-0316623b5aff,26.0,T234,40C,off
12/01/2021 22:00:42,Chamber 6,28-0316623b5aff,26.0,T234,40C,off
12/01/2021 22:01:02,Chamber 6,28-0316623b5aff,26.0,T234,40C,off
12/01/2021 22:01:22,Chamber 6,28-0316623b5aff,26.062,T234,40C,off
12/01/2021 22:01:42,Chamber 6,28-0316623b5aff,26.062,T234,40C,off
12/01/2021 22:02:02,Chamber 6,28-0316623b5aff,26.062,T234,40C,off
12/01/2021 22:02:22,Chamber 6,28-0316623b5aff,26.062,T234,40C,off
12/01/2021 22:02:42,Chamber 6,28-0316623b5aff,26.062,T234,40C,off
12/01/2021 22:03:02,Chamber 6,28-0316623b5aff,26.062,T234,40C,off
12/01/2021 22:03:22,Chamber 6,28-0316623b5aff,26.062,T234,40C,off
12/01/2021 22:03:42,Chamber 6,28-0316623b5aff,26.062,T234,40C,off
12/01/2021 22:04:02,Chamber 6,28-0316623b5aff,26.062,T234,40C,off
12/01/2021 22:04:22,Chamber 6,28-0316623b5aff,26.062,T234,40C,off
12/01/2021 22:04:42,Chamber 6,28-0316623b5aff,26.062,T234,40C,off
12/01/2021 22:05:02,Chamber 6,28-0316623b5aff,26.062,T234,40C,off
12/01/2021 22:05:22,Chamber 6,28-0316623b5aff,26.062,T234,40C,off
12/01/2021 22:05:42,Chamber 6,28-0316623b5aff,26.062,T234,40C,off
12/01/2021 22:06:02,Chamber 6,28-0316623b5aff,26.062,T234,40C,off
12/01/2021 22:06:22,Chamber 6,28-0316623b5aff,26.062,T234,40C,off
12/01/2021 22:06:42,Chamber 6,28-0316623b5aff,26.062,T234,40C,off
12/01/2021 22:07:02,Chamber 6,28-0316623b5aff,26.062,T234,40C,off
12/01/2021 22:07:22,Chamber 6,28-0316623b5aff,26.062,T234,40C,off
12/01/2021 22:07:42,Chamber 6,28-0316623b5aff,26.062,T234,40C,off
12/01/2021 22:08:02,Chamber 6,28-0316623b5aff,26.062,T234,40C,off
12/01/2021 22:08:22,Chamber 6,28-0316623b5aff,26.062,T234,40C,off
12/01/2021 22:08:42,Chamber 6,28-0316623b5aff,26.062,T234,40C,off
12/01/2021 22:09:02,Chamber 6,28-0316623b5aff,26.062,T234,40C,off
12/01/2021 22:09:22,Chamber 6,28-0316623b5aff,26.062,T234,40C,off
12/01/2021 22:09:42,Chamber 6,28-0316623b5aff,26.062,T234,40C,off
12/01/2021 22:10:02,Chamber 6,28-0316623b5aff,26.125,T234,40C,off
12/01/2021 22:10:22,Chamber 6,28-0316623b5aff,26.062,T234,40C,off
12/01/2021 22:10:42,Chamber 6,28-0316623b5aff,26.125,T234,40C,off
12/01/2021 22:11:02,Chamber 6,28-0316623b5aff,26.125,T234,40C,off
12/01/2021 22:11:22,Chamber 6,28-0316623b5aff,26.125,T234,40C,off
12/01/2021 22:11:42,Chamber 6,28-0316623b5aff,26.125,T234,40C,off
12/01/2021 22:12:02,Chamber 6,28-0316623b5aff,26.125,T234,40C,off
12/01/2021 22:12:22,Chamber 6,28-0316623b5aff,26.125,T234,40C,off
12/01/2021 22:12:42,Chamber 6,28-0316623b5aff,26.125,T234,40C,off
12/01/2021 22:13:02,Chamber 6,28-0316623b5aff,26.125,T234,40C,off
12/01/2021 22:13:22,Chamber 6,28-0316623b5aff,26.125,T234,40C,off
12/01/2021 22:13:42,Chamber 6,28-0316623b5aff,26.125,T234,40C,off
12/01/2021 22:14:02,Chamber 6,28-0316623b5aff,26.125,T234,40C,off
12/01/2021 22:14:22,Chamber 6,28-0316623b5aff,26.125,T234,40C,off
12/01/2021 22:14:42,Chamber 6,28-0316623b5aff,26.062,T234,40C,off
12/01/2021 22:15:02,Chamber 6,28-0316623b5aff,26.125,T234,40C,off
12/01/2021 22:15:22,Chamber 6,28-0316623b5aff,26.125,T234,40C,off
12/01/2021 22:15:42,Chamber 6,28-0316623b5aff,26.062,T234,40C,off
12/01/2021 22:16:02,Chamber 6,28-0316623b5aff,26.125,T234,40C,off
12/01/2021 22:16:22,Chamber 6,28-0316623b5aff,26.062,T234,40C,off
12/01/2021 22:16:42,Chamber 6,28-0316623b5aff,26.062,T234,40C,off
12/01/2021 22:17:02,Chamber 6,28-0316623b5aff,26.062,T234,40C,off
12/01/2021 22:17:22,Chamber 6,28-0316623b5aff,26.062,T234,40C,off
12/01/2021 22:17:42,Chamber 6,28-0316623b5aff,26.062,T234,40C,off
12/01/2021 22:18:02,Chamber 6,28-0316623b5aff,26.062,T234,40C,off
12/01/2021 22:18:22,Chamber 6,28-0316623b5aff,26.062,T234,40C,off
12/01/2021 22:18:42,Chamber 6,28-0316623b5aff,26.062,T234,40C,off
12/01/2021 22:19:02,Chamber 6,28-0316623b5aff,26.062,T234,40C,off
12/01/2021 22:19:22,Chamber 6,28-0316623b5aff,26.062,T234,40C,off
12/01/2021 22:19:42,Chamber 6,28-0316623b5aff,26.062,T234,40C,off
12/01/2021 22:20:02,Chamber 6,28-0316623b5aff,26.062,T234,40C,off
12/01/2021 22:20:22,Chamber 6,28-0316623b5aff,26.062,T234,40C,off
12/01/2021 22:20:42,Chamber 6,28-0316623b5aff,26.062,T234,40C,off
12/01/2021 22:21:02,Chamber 6,28-0316623b5aff,26.062,T234,40C,off
12/01/2021 22:21:22,Chamber 6,28-0316623b5aff,26.062,T234,40C,off
12/01/2021 22:21:42,Chamber 6,28-0316623b5aff,26.062,T234,40C,off
12/01/2021 22:22:02,Chamber 6,28-0316623b5aff,26.062,T234,40C,off
12/01/2021 22:22:22,Chamber 6,28-0316623b5aff,26.062,T234,40C,off
12/01/2021 22:22:42,Chamber 6,28-0316623b5aff,26.062,T234,40C,off
12/01/2021 22:23:02,Chamber 6,28-0316623b5aff,26.062,T234,40C,off
12/01/2021 22:23:23,Chamber 6,28-0316623b5aff,26.062,T234,40C,off
12/01/2021 22:23:42,Chamber 6,28-0316623b5aff,26.062,T234,40C,off
12/01/2021 22:24:02,Chamber 6,28-0316623b5aff,26.062,T234,40C,off
12/01/2021 22:24:22,Chamber 6,28-0316623b5aff,26.062,T234,40C,off
12/01/2021 22:24:42,Chamber 6,28-0316623b5aff,26.062,T234,40C,off
12/01/2021 22:25:02,Chamber 6,28-0316623b5aff,26.062,T234,40C,off
12/01/2021 22:25:22,Chamber 6,28-0316623b5aff,26.062,T234,40C,off
12/01/2021 22:25:42,Chamber 6,28-0316623b5aff,26.062,T234,40C,off
12/01/2021 22:26:02,Chamber 6,28-0316623b5aff,26.062,T234,40C,off
12/01/2021 22:26:22,Chamber 6,28-0316623b5aff,26.125,T234,40C,off
12/01/2021 22:26:42,Chamber 6,28-0316623b5aff,26.125,T234,40C,off
12/01/2021 22:27:02,Chamber 6,28-0316623b5aff,26.125,T234,40C,off
12/01/2021 22:27:22,Chamber 6,28-0316623b5aff,26.125,T234,40C,off
12/01/2021 22:27:42,Chamber 6,28-0316623b5aff,26.125,T234,40C,off
12/01/2021 22:28:02,Chamber 6,28-0316623b5aff,26.125,T234,40C,off
12/01/2021 22:28:22,Chamber 6,28-0316623b5aff,26.125,T234,40C,off
12/01/2021 22:28:42,Chamber 6,28-0316623b5aff,26.125,T234,40C,off
12/01/2021 22:29:02,Chamber 6,28-0316623b5aff,26.125,T234,40C,off
12/01/2021 22:29:22,Chamber 6,28-0316623b5aff,26.062,T234,40C,off
12/01/2021 22:29:42,Chamber 6,28-0316623b5aff,26.062,T234,40C,off
12/01/2021 22:30:02,Chamber 6,28-0316623b5aff,26.125,T234,40C,off
12/01/2021 22:30:22,Chamber 6,28-0316623b5aff,26.125,T234,40C,off
12/01/2021 22:30:42,Chamber 6,28-0316623b5aff,26.125,T234,40C,off
12/01/2021 22:31:02,Chamber 6,28-0316623b5aff,26.125,T234,40C,off
12/01/2021 22:31:22,Chamber 6,28-0316623b5aff,26.125,T234,40C,off
12/01/2021 22:31:42,Chamber 6,28-0316623b5aff,26.125,T234,40C,off
12/01/2021 22:32:02,Chamber 6,28-0316623b5aff,26.125,T234,40C,off
12/01/2021 22:32:22,Chamber 6,28-0316623b5aff,26.125,T234,40C,off
12/01/2021 22:32:42,Chamber 6,28-0316623b5aff,26.125,T234,40C,off
12/01/2021 22:33:02,Chamber 6,28-0316623b5aff,26.062,T234,40C,off
12/01/2021 22:33:22,Chamber 6,28-0316623b5aff,26.062,T234,40C,off
12/01/2021 22:33:42,Chamber 6,28-0316623b5aff,26.062,T234,40C,off
12/01/2021 22:34:03,Chamber 6,28-0316623b5aff,26.062,T234,40C,off
12/01/2021 22:34:22,Chamber 6,28-0316623b5aff,26.062,T234,40C,off
12/01/2021 22:34:42,Chamber 6,28-0316623b5aff,26.125,T234,40C,off
12/01/2021 22:35:02,Chamber 6,28-0316623b5aff,26.125,T234,40C,off
12/01/2021 22:35:22,Chamber 6,28-0316623b5aff,26.125,T234,40C,off
12/01/2021 22:35:42,Chamber 6,28-0316623b5aff,26.062,T234,40C,off
12/01/2021 22:36:02,Chamber 6,28-0316623b5aff,26.062,T234,40C,off
12/01/2021 22:36:22,Chamber 6,28-0316623b5aff,26.062,T234,40C,off
12/01/2021 22:36:42,Chamber 6,28-0316623b5aff,26.062,T234,40C,off
12/01/2021 22:37:02,Chamber 6,28-0316623b5aff,26.062,T234,40C,off
12/01/2021 22:37:22,Chamber 6,28-0316623b5aff,26.062,T234,40C,off
12/01/2021 22:37:42,Chamber 6,28-0316623b5aff,26.062,T234,40C,off
12/01/2021 22:38:02,Chamber 6,28-0316623b5aff,26.062,T234,40C,off
12/01/2021 22:38:22,Chamber 6,28-0316623b5aff,26.062,T234,40C,off
12/01/2021 22:38:42,Chamber 6,28-0316623b5aff,26.062,T234,40C,off
12/01/2021 22:39:02,Chamber 6,28-0316623b5aff,26.062,T234,40C,off
12/01/2021 22:39:22,Chamber 6,28-0316623b5aff,26.062,T234,40C,off
12/01/2021 22:39:42,Chamber 6,28-0316623b5aff,26.062,T234,40C,off
12/01/2021 22:40:02,Chamber 6,28-0316623b5aff,26.062,T234,40C,off
12/01/2021 22:40:23,Chamber 6,28-0316623b5aff,26.062,T234,40C,off
12/01/2021 22:40:42,Chamber 6,28-0316623b5aff,26.062,T234,40C,off
12/01/2021 22:41:02,Chamber 6,28-0316623b5aff,26.062,T234,40C,off
12/01/2021 22:41:22,Chamber 6,28-0316623b5aff,26.062,T234,40C,off
12/01/2021 22:41:42,Chamber 6,28-0316623b5aff,26.062,T234,40C,off
12/01/2021 22:42:02,Chamber 6,28-0316623b5aff,26.062,T234,40C,off
12/01/2021 22:42:22,Chamber 6,28-0316623b5aff,26.062,T234,40C,off
12/01/2021 22:42:42,Chamber 6,28-0316623b5aff,26.062,T234,40C,off
12/01/2021 22:43:02,Chamber 6,28-0316623b5aff,26.062,T234,40C,off
12/01/2021 22:43:22,Chamber 6,28-0316623b5aff,26.062,T234,40C,off
12/01/2021 22:43:42,Chamber 6,28-0316623b5aff,26.062,T234,40C,off
12/01/2021 22:44:02,Chamber 6,28-0316623b5aff,26.062,T234,40C,off
12/01/2021 22:44:22,Chamber 6,28-0316623b5aff,26.062,T234,40C,off
12/01/2021 22:44:42,Chamber 6,28-0316623b5aff,26.062,T234,40C,off
12/01/2021 22:45:02,Chamber 6,28-0316623b5aff,26.062,T234,40C,off
12/01/2021 22:45:23,Chamber 6,28-0316623b5aff,26.062,T234,40C,off
12/01/2021 22:45:42,Chamber 6,28-0316623b5aff,26.062,T234,40C,off
12/01/2021 22:46:02,Chamber 6,28-0316623b5aff,26.062,T234,40C,off
12/01/2021 22:46:22,Chamber 6,28-0316623b5aff,26.062,T234,40C,off
12/01/2021 22:46:42,Chamber 6,28-0316623b5aff,26.062,T234,40C,off
12/01/2021 22:47:03,Chamber 6,28-0316623b5aff,26.062,T234,40C,off
12/01/2021 22:47:22,Chamber 6,28-0316623b5aff,26.062,T234,40C,off
12/01/2021 22:47:42,Chamber 6,28-0316623b5aff,26.062,T234,40C,off
12/01/2021 22:48:02,Chamber 6,28-0316623b5aff,26.062,T234,40C,off
12/01/2021 22:48:22,Chamber 6,28-0316623b5aff,26.062,T234,40C,off
12/01/2021 22:48:42,Chamber 6,28-0316623b5aff,26.062,T234,40C,off
12/01/2021 22:49:02,Chamber 6,28-0316623b5aff,26.062,T234,40C,off
12/01/2021 22:49:22,Chamber 6,28-0316623b5aff,26.062,T234,40C,off
12/01/2021 22:49:42,Chamber 6,28-0316623b5aff,26.062,T234,40C,off
12/01/2021 22:50:02,Chamber 6,28-0316623b5aff,26.062,T234,40C,off
12/01/2021 22:50:23,Chamber 6,28-0316623b5aff,26.062,T234,40C,off
12/01/2021 22:50:42,Chamber 6,28-0316623b5aff,26.062,T234,40C,off
12/01/2021 22:51:02,Chamber 6,28-0316623b5aff,26.062,T234,40C,off
12/01/2021 22:51:22,Chamber 6,28-0316623b5aff,26.062,T234,40C,off
12/01/2021 22:51:42,Chamber 6,28-0316623b5aff,26.062,T234,40C,off
12/01/2021 22:52:02,Chamber 6,28-0316623b5aff,26.062,T234,40C,off
12/01/2021 22:52:23,Chamber 6,28-0316623b5aff,26.062,T234,40C,off
12/01/2021 22:52:42,Chamber 6,28-0316623b5aff,26.062,T234,40C,off
12/01/2021 22:53:02,Chamber 6,28-0316623b5aff,26.062,T234,40C,off
12/01/2021 22:53:22,Chamber 6,28-0316623b5aff,26.062,T234,40C,off
12/01/2021 22:53:42,Chamber 6,28-0316623b5aff,26.062,T234,40C,off
12/01/2021 22:54:02,Chamber 6,28-0316623b5aff,26.062,T234,40C,off
12/01/2021 22:54:22,Chamber 6,28-0316623b5aff,26.062,T234,40C,off
12/01/2021 22:54:42,Chamber 6,28-0316623b5aff,26.062,T234,40C,off
12/01/2021 22:55:02,Chamber 6,28-0316623b5aff,26.062,T234,40C,off
12/01/2021 22:55:22,Chamber 6,28-0316623b5aff,26.062,T234,40C,off
12/01/2021 22:55:42,Chamber 6,28-0316623b5aff,26.062,T234,40C,off
12/01/2021 22:56:02,Chamber 6,28-0316623b5aff,26.062,T234,40C,off
12/01/2021 22:56:22,Chamber 6,28-0316623b5aff,26.062,T234,40C,off
12/01/2021 22:56:42,Chamber 6,28-0316623b5aff,26.062,T234,40C,off
12/01/2021 22:57:02,Chamber 6,28-0316623b5aff,26.062,T234,40C,off
12/01/2021 22:57:22,Chamber 6,28-0316623b5aff,26.062,T234,40C,off
12/01/2021 22:57:42,Chamber 6,28-0316623b5aff,26.062,T234,40C,off
12/01/2021 22:58:02,Chamber 6,28-0316623b5aff,26.062,T234,40C,off
12/01/2021 22:58:22,Chamber 6,28-0316623b5aff,26.062,T234,40C,off
12/01/2021 22:58:42,Chamber 6,28-0316623b5aff,26.062,T234,40C,off
12/01/2021 22:59:02,Chamber 6,28-0316623b5aff,26.062,T234,40C,off
12/01/2021 22:59:22,Chamber 6,28-0316623b5aff,26.062,T234,40C,off
12/01/2021 22:59:42,Chamber 6,28-0316623b5aff,26.062,T234,40C,off
12/01/2021 23:00:02,Chamber 6,28-0316623b5aff,26.062,T234,40C,off
12/01/2021 23:00:22,Chamber 6,28-0316623b5aff,26.062,T234,40C,off
12/01/2021 23:00:42,Chamber 6,28-0316623b5aff,26.062,T234,40C,off
12/01/2021 23:01:02,Chamber 6,28-0316623b5aff,26.062,T234,40C,off
12/01/2021 23:01:22,Chamber 6,28-0316623b5aff,26.062,T234,40C,off
12/01/2021 23:01:42,Chamber 6,28-0316623b5aff,26.062,T234,40C,off
12/01/2021 23:02:02,Chamber 6,28-0316623b5aff,26.062,T234,40C,off
12/01/2021 23:02:22,Chamber 6,28-0316623b5aff,26.062,T234,40C,off
12/01/2021 23:02:42,Chamber 6,28-0316623b5aff,26.062,T234,40C,off
12/01/2021 23:03:02,Chamber 6,28-0316623b5aff,26.062,T234,40C,off
12/01/2021 23:03:22,Chamber 6,28-0316623b5aff,26.062,T234,40C,off
12/01/2021 23:03:42,Chamber 6,28-0316623b5aff,26.062,T234,40C,off
12/01/2021 23:04:02,Chamber 6,28-0316623b5aff,26.062,T234,40C,off
12/01/2021 23:04:22,Chamber 6,28-0316623b5aff,26.062,T234,40C,off
12/01/2021 23:04:42,Chamber 6,28-0316623b5aff,26.062,T234,40C,off
12/01/2021 23:05:02,Chamber 6,28-0316623b5aff,26.062,T234,40C,off
12/01/2021 23:05:22,Chamber 6,28-0316623b5aff,26.062,T234,40C,off
12/01/2021 23:05:42,Chamber 6,28-0316623b5aff,26.062,T234,40C,off
12/01/2021 23:06:02,Chamber 6,28-0316623b5aff,26.062,T234,40C,off
12/01/2021 23:06:22,Chamber 6,28-0316623b5aff,26.062,T234,40C,off
12/01/2021 23:06:42,Chamber 6,28-0316623b5aff,26.062,T234,40C,off
12/01/2021 23:07:02,Chamber 6,28-0316623b5aff,26.062,T234,40C,off
12/01/2021 23:07:22,Chamber 6,28-0316623b5aff,26.062,T234,40C,off
12/01/2021 23:07:43,Chamber 6,28-0316623b5aff,26.062,T234,40C,off
12/01/2021 23:08:02,Chamber 6,28-0316623b5aff,26.062,T234,40C,off
12/01/2021 23:08:22,Chamber 6,28-0316623b5aff,26.062,T234,40C,off
12/01/2021 23:08:42,Chamber 6,28-0316623b5aff,26.062,T234,40C,off
12/01/2021 23:09:02,Chamber 6,28-0316623b5aff,26.062,T234,40C,off
12/01/2021 23:09:22,Chamber 6,28-0316623b5aff,26.062,T234,40C,off
12/01/2021 23:09:42,Chamber 6,28-0316623b5aff,26.062,T234,40C,off
12/01/2021 23:10:02,Chamber 6,28-0316623b5aff,26.062,T234,40C,off
12/01/2021 23:10:22,Chamber 6,28-0316623b5aff,26.062,T234,40C,off
12/01/2021 23:10:42,Chamber 6,28-0316623b5aff,26.062,T234,40C,off
12/01/2021 23:11:02,Chamber 6,28-0316623b5aff,26.062,T234,40C,off
12/01/2021 23:11:22,Chamber 6,28-0316623b5aff,26.062,T234,40C,off
12/01/2021 23:11:42,Chamber 6,28-0316623b5aff,26.062,T234,40C,off
12/01/2021 23:12:02,Chamber 6,28-0316623b5aff,26.062,T234,40C,off
12/01/2021 23:12:22,Chamber 6,28-0316623b5aff,26.062,T234,40C,off
12/01/2021 23:12:42,Chamber 6,28-0316623b5aff,26.062,T234,40C,off
12/01/2021 23:13:02,Chamber 6,28-0316623b5aff,26.062,T234,40C,off
12/01/2021 23:13:22,Chamber 6,28-0316623b5aff,26.062,T234,40C,off
12/01/2021 23:13:42,Chamber 6,28-0316623b5aff,26.062,T234,40C,off
12/01/2021 23:14:02,Chamber 6,28-0316623b5aff,26.062,T234,40C,off
12/01/2021 23:14:22,Chamber 6,28-0316623b5aff,26.062,T234,40C,off
12/01/2021 23:14:42,Chamber 6,28-0316623b5aff,26.062,T234,40C,off
12/01/2021 23:15:02,Chamber 6,28-0316623b5aff,26.062,T234,40C,off
12/01/2021 23:15:22,Chamber 6,28-0316623b5aff,26.062,T234,40C,off
12/01/2021 23:15:42,Chamber 6,28-0316623b5aff,26.062,T234,40C,off
12/01/2021 23:16:02,Chamber 6,28-0316623b5aff,26.062,T234,40C,off
12/01/2021 23:16:22,Chamber 6,28-0316623b5aff,26.062,T234,40C,off
12/01/2021 23:16:42,Chamber 6,28-0316623b5aff,26.062,T234,40C,off
12/01/2021 23:17:02,Chamber 6,28-0316623b5aff,26.062,T234,40C,off
12/01/2021 23:17:22,Chamber 6,28-0316623b5aff,26.062,T234,40C,off
12/01/2021 23:17:43,Chamber 6,28-0316623b5aff,26.062,T234,40C,off
12/01/2021 23:18:02,Chamber 6,28-0316623b5aff,26.062,T234,40C,off
12/01/2021 23:18:22,Chamber 6,28-0316623b5aff,26.062,T234,40C,off
12/01/2021 23:18:42,Chamber 6,28-0316623b5aff,26.062,T234,40C,off
12/01/2021 23:19:02,Chamber 6,28-0316623b5aff,26.062,T234,40C,off
12/01/2021 23:19:22,Chamber 6,28-0316623b5aff,26.062,T234,40C,off
12/01/2021 23:19:42,Chamber 6,28-0316623b5aff,26.062,T234,40C,off
12/01/2021 23:20:02,Chamber 6,28-0316623b5aff,26.062,T234,40C,off
12/01/2021 23:20:22,Chamber 6,28-0316623b5aff,26.062,T234,40C,off
12/01/2021 23:20:42,Chamber 6,28-0316623b5aff,26.062,T234,40C,off
12/01/2021 23:21:02,Chamber 6,28-0316623b5aff,26.062,T234,40C,off
12/01/2021 23:21:22,Chamber 6,28-0316623b5aff,26.062,T234,40C,off
12/01/2021 23:21:42,Chamber 6,28-0316623b5aff,26.062,T234,40C,off
12/01/2021 23:22:02,Chamber 6,28-0316623b5aff,26.062,T234,40C,off
12/01/2021 23:22:22,Chamber 6,28-0316623b5aff,26.062,T234,40C,off
12/01/2021 23:22:42,Chamber 6,28-0316623b5aff,26.062,T234,40C,off
12/01/2021 23:23:02,Chamber 6,28-0316623b5aff,26.062,T234,40C,off
12/01/2021 23:23:22,Chamber 6,28-0316623b5aff,26.062,T234,40C,off
12/01/2021 23:23:42,Chamber 6,28-0316623b5aff,26.062,T234,40C,off
12/01/2021 23:24:02,Chamber 6,28-0316623b5aff,26.062,T234,40C,off
12/01/2021 23:24:22,Chamber 6,28-0316623b5aff,26.062,T234,40C,off
12/01/2021 23:24:42,Chamber 6,28-0316623b5aff,26.062,T234,40C,off
12/01/2021 23:25:02,Chamber 6,28-0316623b5aff,26.062,T234,40C,off
12/01/2021 23:25:22,Chamber 6,28-0316623b5aff,26.062,T234,40C,off
12/01/2021 23:25:42,Chamber 6,28-0316623b5aff,26.062,T234,40C,off
12/01/2021 23:26:02,Chamber 6,28-0316623b5aff,26.062,T234,40C,off
12/01/2021 23:26:22,Chamber 6,28-0316623b5aff,26.062,T234,40C,off
12/01/2021 23:26:42,Chamber 6,28-0316623b5aff,26.062,T234,40C,off
12/01/2021 23:27:02,Chamber 6,28-0316623b5aff,26.062,T234,40C,off
12/01/2021 23:27:22,Chamber 6,28-0316623b5aff,26.062,T234,40C,off
12/01/2021 23:27:42,Chamber 6,28-0316623b5aff,26.062,T234,40C,off
12/01/2021 23:28:02,Chamber 6,28-0316623b5aff,26.062,T234,40C,off
12/01/2021 23:28:22,Chamber 6,28-0316623b5aff,26.062,T234,40C,off
12/01/2021 23:28:42,Chamber 6,28-0316623b5aff,26.062,T234,40C,off
12/01/2021 23:29:02,Chamber 6,28-0316623b5aff,26.062,T234,40C,off
12/01/2021 23:29:22,Chamber 6,28-0316623b5aff,26.062,T234,40C,off
12/01/2021 23:29:42,Chamber 6,28-0316623b5aff,26.062,T234,40C,off
12/01/2021 23:30:02,Chamber 6,28-0316623b5aff,26.062,T234,40C,off
12/01/2021 23:30:22,Chamber 6,28-0316623b5aff,26.062,T234,40C,off
12/01/2021 23:30:42,Chamber 6,28-0316623b5aff,26.062,T234,40C,off
12/01/2021 23:31:02,Chamber 6,28-0316623b5aff,26.062,T234,40C,off
12/01/2021 23:31:22,Chamber 6,28-0316623b5aff,26.062,T234,40C,off
12/01/2021 23:31:42,Chamber 6,28-0316623b5aff,26.062,T234,40C,off
12/01/2021 23:32:02,Chamber 6,28-0316623b5aff,26.062,T234,40C,off
12/01/2021 23:32:22,Chamber 6,28-0316623b5aff,26.062,T234,40C,off
12/01/2021 23:32:42,Chamber 6,28-0316623b5aff,26.062,T234,40C,off
12/01/2021 23:33:02,Chamber 6,28-0316623b5aff,26.0,T234,40C,off
12/01/2021 23:33:22,Chamber 6,28-0316623b5aff,26.0,T234,40C,off
12/01/2021 23:33:42,Chamber 6,28-0316623b5aff,26.062,T234,40C,off
12/01/2021 23:34:02,Chamber 6,28-0316623b5aff,26.062,T234,40C,off
12/01/2021 23:34:22,Chamber 6,28-0316623b5aff,26.062,T234,40C,off
12/01/2021 23:34:42,Chamber 6,28-0316623b5aff,26.062,T234,40C,off
12/01/2021 23:35:02,Chamber 6,28-0316623b5aff,26.062,T234,40C,off
12/01/2021 23:35:22,Chamber 6,28-0316623b5aff,26.0,T234,40C,off
12/01/2021 23:35:42,Chamber 6,28-0316623b5aff,26.062,T234,40C,off
12/01/2021 23:36:02,Chamber 6,28-0316623b5aff,26.0,T234,40C,off
12/01/2021 23:36:22,Chamber 6,28-0316623b5aff,26.0,T234,40C,off
12/01/2021 23:36:42,Chamber 6,28-0316623b5aff,26.062,T234,40C,off
12/01/2021 23:37:02,Chamber 6,28-0316623b5aff,26.062,T234,40C,off
12/01/2021 23:37:22,Chamber 6,28-0316623b5aff,26.062,T234,40C,off
12/01/2021 23:37:42,Chamber 6,28-0316623b5aff,26.062,T234,40C,off
12/01/2021 23:38:02,Chamber 6,28-0316623b5aff,26.0,T234,40C,off
12/01/2021 23:38:22,Chamber 6,28-0316623b5aff,26.0,T234,40C,off
12/01/2021 23:38:42,Chamber 6,28-0316623b5aff,26.062,T234,40C,off
12/01/2021 23:39:02,Chamber 6,28-0316623b5aff,26.0,T234,40C,off
12/01/2021 23:39:22,Chamber 6,28-0316623b5aff,26.062,T234,40C,off
12/01/2021 23:39:42,Chamber 6,28-0316623b5aff,26.062,T234,40C,off
12/01/2021 23:40:02,Chamber 6,28-0316623b5aff,26.062,T234,40C,off
12/01/2021 23:40:22,Chamber 6,28-0316623b5aff,26.062,T234,40C,off
12/01/2021 23:40:42,Chamber 6,28-0316623b5aff,26.062,T234,40C,off
12/01/2021 23:41:02,Chamber 6,28-0316623b5aff,26.062,T234,40C,off
12/01/2021 23:41:22,Chamber 6,28-0316623b5aff,26.062,T234,40C,off
12/01/2021 23:41:42,Chamber 6,28-0316623b5aff,26.0,T234,40C,off
12/01/2021 23:42:02,Chamber 6,28-0316623b5aff,26.0,T234,40C,off
12/01/2021 23:42:22,Chamber 6,28-0316623b5aff,26.0,T234,40C,off
12/01/2021 23:42:42,Chamber 6,28-0316623b5aff,26.062,T234,40C,off
12/01/2021 23:43:02,Chamber 6,28-0316623b5aff,26.062,T234,40C,off
12/01/2021 23:43:22,Chamber 6,28-0316623b5aff,26.062,T234,40C,off
12/01/2021 23:43:42,Chamber 6,28-0316623b5aff,26.062,T234,40C,off
12/01/2021 23:44:02,Chamber 6,28-0316623b5aff,26.062,T234,40C,off
12/01/2021 23:44:22,Chamber 6,28-0316623b5aff,26.062,T234,40C,off
12/01/2021 23:44:42,Chamber 6,28-0316623b5aff,26.062,T234,40C,off
12/01/2021 23:45:02,Chamber 6,28-0316623b5aff,26.062,T234,40C,off
12/01/2021 23:45:22,Chamber 6,28-0316623b5aff,26.062,T234,40C,off
12/01/2021 23:45:43,Chamber 6,28-0316623b5aff,26.062,T234,40C,off
12/01/2021 23:46:02,Chamber 6,28-0316623b5aff,26.062,T234,40C,off
12/01/2021 23:46:22,Chamber 6,28-0316623b5aff,26.062,T234,40C,off
12/01/2021 23:46:42,Chamber 6,28-0316623b5aff,26.062,T234,40C,off
12/01/2021 23:47:02,Chamber 6,28-0316623b5aff,26.062,T234,40C,off
12/01/2021 23:47:22,Chamber 6,28-0316623b5aff,26.062,T234,40C,off
12/01/2021 23:47:42,Chamber 6,28-0316623b5aff,26.062,T234,40C,off
12/01/2021 23:48:02,Chamber 6,28-0316623b5aff,26.062,T234,40C,off
12/01/2021 23:48:22,Chamber 6,28-0316623b5aff,26.062,T234,40C,off
12/01/2021 23:48:42,Chamber 6,28-0316623b5aff,26.062,T234,40C,off
12/01/2021 23:49:02,Chamber 6,28-0316623b5aff,26.062,T234,40C,off
12/01/2021 23:49:22,Chamber 6,28-0316623b5aff,26.062,T234,40C,off
12/01/2021 23:49:42,Chamber 6,28-0316623b5aff,26.062,T234,40C,off
12/01/2021 23:50:02,Chamber 6,28-0316623b5aff,26.062,T234,40C,off
12/01/2021 23:50:22,Chamber 6,28-0316623b5aff,26.062,T234,40C,off
12/01/2021 23:50:42,Chamber 6,28-0316623b5aff,26.062,T234,40C,off
12/01/2021 23:51:03,Chamber 6,28-0316623b5aff,26.062,T234,40C,off
12/01/2021 23:51:22,Chamber 6,28-0316623b5aff,26.062,T234,40C,off
12/01/2021 23:51:42,Chamber 6,28-0316623b5aff,26.062,T234,40C,off
12/01/2021 23:52:02,Chamber 6,28-0316623b5aff,26.0,T234,40C,off
12/01/2021 23:52:22,Chamber 6,28-0316623b5aff,26.062,T234,40C,off
12/01/2021 23:52:42,Chamber 6,28-0316623b5aff,26.0,T234,40C,off
12/01/2021 23:53:02,Chamber 6,28-0316623b5aff,26.062,T234,40C,off
12/01/2021 23:53:22,Chamber 6,28-0316623b5aff,26.062,T234,40C,off
12/01/2021 23:53:42,Chamber 6,28-0316623b5aff,26.062,T234,40C,off
12/01/2021 23:54:02,Chamber 6,28-0316623b5aff,26.062,T234,40C,off
12/01/2021 23:54:22,Chamber 6,28-0316623b5aff,26.062,T234,40C,off
12/01/2021 23:54:42,Chamber 6,28-0316623b5aff,26.062,T234,40C,off
12/01/2021 23:55:02,Chamber 6,28-0316623b5aff,26.0,T234,40C,off
12/01/2021 23:55:22,Chamber 6,28-0316623b5aff,26.062,T234,40C,off
12/01/2021 23:55:42,Chamber 6,28-0316623b5aff,26.0,T234,40C,off
12/01/2021 23:56:02,Chamber 6,28-0316623b5aff,26.0,T234,40C,off
12/01/2021 23:56:22,Chamber 6,28-0316623b5aff,26.0,T234,40C,off
12/01/2021 23:56:42,Chamber 6,28-0316623b5aff,26.0,T234,40C,off
12/01/2021 23:57:02,Chamber 6,28-0316623b5aff,26.0,T234,40C,off
12/01/2021 23:57:22,Chamber 6,28-0316623b5aff,26.0,T234,40C,off
12/01/2021 23:57:42,Chamber 6,28-0316623b5aff,26.0,T234,40C,off
12/01/2021 23:58:02,Chamber 6,28-0316623b5aff,26.0,T234,40C,off
12/01/2021 23:58:22,Chamber 6,28-0316623b5aff,26.0,T234,40C,off
12/01/2021 23:58:42,Chamber 6,28-0316623b5aff,26.0,T234,40C,off
12/01/2021 23:59:02,Chamber 6,28-0316623b5aff,26.0,T234,40C,off
12/01/2021 23:59:22,Chamber 6,28-0316623b5aff,26.0,T234,40C,off
12/01/2021 23:59:42,Chamber 6,28-0316623b5aff,26.062,T234,40C,off
