Observation id,Observation date,Description,Observation type,Source,Time offset (s),Coding duration,Media duration (s),FPS (frame/s),Subject,Observation duration by subject by observation,Behavior,Behavioral category,Behavior type,Start (s),Stop (s),Duration (s),Media file name,Image index start,Image index stop,Image file path start,Image file path stop,Comment start,Comment stop
A,2025-04-05 12:38:20.326,timestamp date time: 2023-04-27; 13:57:58,Live observation,NA,0.0,1783.380,NA,NA,No focal subject,3127.536,stop panting,Not defined,STATE,2.273,2.563,0.290,NA,,,,,,
A,2025-04-05 12:38:20.326,timestamp date time: 2023-04-27; 13:57:58,Live observation,NA,0.0,1783.380,NA,NA,No focal subject,3127.536,stop panting,Not defined,STATE,8.020,23.048,15.028,NA,,,,,,
A,2025-04-05 12:38:20.326,timestamp date time: 2023-04-27; 13:57:58,Live observation,NA,0.0,1783.380,NA,NA,No focal subject,3127.536,out of sight,Not defined,STATE,8.305,22.024,13.719,NA,,,,,,
A,2025-04-05 12:38:20.326,timestamp date time: 2023-04-27; 13:57:58,Live observation,NA,0.0,1783.380,NA,NA,No focal subject,3127.536,stop panting,Not defined,STATE,26.447,42.052,15.605,NA,,,,,,
A,2025-04-05 12:38:20.326,timestamp date time: 2023-04-27; 13:57:58,Live observation,NA,0.0,1783.380,NA,NA,No focal subject,3127.536,panting,Not defined,STATE,26.703,42.051,15.348,NA,,,,,,
A,2025-04-05 12:38:20.326,timestamp date time: 2023-04-27; 13:57:58,Live observation,NA,0.0,1783.380,NA,NA,No focal subject,3127.536,stop panting,Not defined,STATE,74.610,128.890,54.280,NA,,,,,,
A,2025-04-05 12:38:20.326,timestamp date time: 2023-04-27; 13:57:58,Live observation,NA,0.0,1783.380,NA,NA,No focal subject,3127.536,out of sight,Not defined,STATE,74.611,106.558,31.947,NA,,,,,,
A,2025-04-05 12:38:20.326,timestamp date time: 2023-04-27; 13:57:58,Live observation,NA,0.0,1783.380,NA,NA,No focal subject,3127.536,out of sight,Not defined,STATE,107.919,128.889,20.970,NA,,,,,,
A,2025-04-05 12:38:20.326,timestamp date time: 2023-04-27; 13:57:58,Live observation,NA,0.0,1783.380,NA,NA,No focal subject,3127.536,stop panting,Not defined,STATE,130.915,147.515,16.600,NA,,,,,,
A,2025-04-05 12:38:20.326,timestamp date time: 2023-04-27; 13:57:58,Live observation,NA,0.0,1783.380,NA,NA,No focal subject,3127.536,panting,Not defined,STATE,130.916,132.588,1.672,NA,,,,,,
A,2025-04-05 12:38:20.326,timestamp date time: 2023-04-27; 13:57:58,Live observation,NA,0.0,1783.380,NA,NA,No focal subject,3127.536,out of sight,Not defined,STATE,132.589,147.514,14.925,NA,,,,,,
A,2025-04-05 12:38:20.326,timestamp date time: 2023-04-27; 13:57:58,Live observation,NA,0.0,1783.380,NA,NA,No focal subject,3127.536,stop panting,Not defined,STATE,150.913,163.725,12.812,NA,,,,,,
A,2025-04-05 12:38:20.326,timestamp date time: 2023-04-27; 13:57:58,Live observation,NA,0.0,1783.380,NA,NA,No focal subject,3127.536,panting,Not defined,STATE,150.914,163.724,12.810,NA,,,,,,
A,2025-04-05 12:38:20.326,timestamp date time: 2023-04-27; 13:57:58,Live observation,NA,0.0,1783.380,NA,NA,No focal subject,3127.536,stop panting,Not defined,STATE,175.483,262.051,86.568,NA,,,,,,
A,2025-04-05 12:38:20.326,timestamp date time: 2023-04-27; 13:57:58,Live observation,NA,0.0,1783.380,NA,NA,No focal subject,3127.536,panting,Not defined,STATE,175.484,201.622,26.138,NA,,,,,,
A,2025-04-05 12:38:20.326,timestamp date time: 2023-04-27; 13:57:58,Live observation,NA,0.0,1783.380,NA,NA,No focal subject,3127.536,out of sight,Not defined,STATE,201.623,211.039,9.416,NA,,,,,,
A,2025-04-05 12:38:20.326,timestamp date time: 2023-04-27; 13:57:58,Live observation,NA,0.0,1783.380,NA,NA,No focal subject,3127.536,panting,Not defined,STATE,211.040,215.440,4.400,NA,,,,,,
A,2025-04-05 12:38:20.326,timestamp date time: 2023-04-27; 13:57:58,Live observation,NA,0.0,1783.380,NA,NA,No focal subject,3127.536,out of sight,Not defined,STATE,215.441,234.108,18.667,NA,,,,,,
A,2025-04-05 12:38:20.326,timestamp date time: 2023-04-27; 13:57:58,Live observation,NA,0.0,1783.380,NA,NA,No focal subject,3127.536,panting,Not defined,STATE,234.109,245.209,11.100,NA,,,,,,
A,2025-04-05 12:38:20.326,timestamp date time: 2023-04-27; 13:57:58,Live observation,NA,0.0,1783.380,NA,NA,No focal subject,3127.536,out of sight,Not defined,STATE,245.210,256.161,10.951,NA,,,,,,
A,2025-04-05 12:38:20.326,timestamp date time: 2023-04-27; 13:57:58,Live observation,NA,0.0,1783.380,NA,NA,No focal subject,3127.536,panting,Not defined,STATE,256.162,259.028,2.866,NA,,,,,,
A,2025-04-05 12:38:20.326,timestamp date time: 2023-04-27; 13:57:58,Live observation,NA,0.0,1783.380,NA,NA,No focal subject,3127.536,out of sight,Not defined,STATE,259.029,262.050,3.021,NA,,,,,,
A,2025-04-05 12:38:20.326,timestamp date time: 2023-04-27; 13:57:58,Live observation,NA,0.0,1783.380,NA,NA,No focal subject,3127.536,stop panting,Not defined,STATE,262.373,344.159,81.786,NA,,,,,,
A,2025-04-05 12:38:20.326,timestamp date time: 2023-04-27; 13:57:58,Live observation,NA,0.0,1783.380,NA,NA,No focal subject,3127.536,panting,Not defined,STATE,262.374,265.394,3.020,NA,,,,,,
A,2025-04-05 12:38:20.326,timestamp date time: 2023-04-27; 13:57:58,Live observation,NA,0.0,1783.380,NA,NA,No focal subject,3127.536,out of sight,Not defined,STATE,265.395,280.335,14.940,NA,,,,,,
A,2025-04-05 12:38:20.326,timestamp date time: 2023-04-27; 13:57:58,Live observation,NA,0.0,1783.380,NA,NA,No focal subject,3127.536,panting,Not defined,STATE,280.336,283.982,3.646,NA,,,,,,
A,2025-04-05 12:38:20.326,timestamp date time: 2023-04-27; 13:57:58,Live observation,NA,0.0,1783.380,NA,NA,No focal subject,3127.536,out of sight,Not defined,STATE,283.983,287.181,3.198,NA,,,,,,
A,2025-04-05 12:38:20.326,timestamp date time: 2023-04-27; 13:57:58,Live observation,NA,0.0,1783.380,NA,NA,No focal subject,3127.536,panting,Not defined,STATE,287.182,290.932,3.750,NA,,,,,,
A,2025-04-05 12:38:20.326,timestamp date time: 2023-04-27; 13:57:58,Live observation,NA,0.0,1783.380,NA,NA,No focal subject,3127.536,out of sight,Not defined,STATE,290.933,295.761,4.828,NA,,,,,,
A,2025-04-05 12:38:20.326,timestamp date time: 2023-04-27; 13:57:58,Live observation,NA,0.0,1783.380,NA,NA,No focal subject,3127.536,panting,Not defined,STATE,295.762,303.570,7.808,NA,,,,,,
A,2025-04-05 12:38:20.326,timestamp date time: 2023-04-27; 13:57:58,Live observation,NA,0.0,1783.380,NA,NA,No focal subject,3127.536,out of sight,Not defined,STATE,303.571,310.567,6.996,NA,,,,,,
A,2025-04-05 12:38:20.326,timestamp date time: 2023-04-27; 13:57:58,Live observation,NA,0.0,1783.380,NA,NA,No focal subject,3127.536,panting,Not defined,STATE,310.568,315.739,5.171,NA,,,,,,
A,2025-04-05 12:38:20.326,timestamp date time: 2023-04-27; 13:57:58,Live observation,NA,0.0,1783.380,NA,NA,No focal subject,3127.536,out of sight,Not defined,STATE,315.740,344.158,28.418,NA,,,,,,
A,2025-04-05 12:38:20.326,timestamp date time: 2023-04-27; 13:57:58,Live observation,NA,0.0,1783.380,NA,NA,No focal subject,3127.536,stop panting,Not defined,STATE,344.766,352.113,7.347,NA,,,,,,
A,2025-04-05 12:38:20.326,timestamp date time: 2023-04-27; 13:57:58,Live observation,NA,0.0,1783.380,NA,NA,No focal subject,3127.536,panting,Not defined,STATE,344.767,346.179,1.412,NA,,,,,,
A,2025-04-05 12:38:20.326,timestamp date time: 2023-04-27; 13:57:58,Live observation,NA,0.0,1783.380,NA,NA,No focal subject,3127.536,out of sight,Not defined,STATE,346.180,352.112,5.932,NA,,,,,,
A,2025-04-05 12:38:20.326,timestamp date time: 2023-04-27; 13:57:58,Live observation,NA,0.0,1783.380,NA,NA,No focal subject,3127.536,stop panting,Not defined,STATE,353.853,358.794,4.941,NA,,,,,,
A,2025-04-05 12:38:20.326,timestamp date time: 2023-04-27; 13:57:58,Live observation,NA,0.0,1783.380,NA,NA,No focal subject,3127.536,out of sight,Not defined,STATE,353.854,358.793,4.939,NA,,,,,,
A,2025-04-05 12:38:20.326,timestamp date time: 2023-04-27; 13:57:58,Live observation,NA,0.0,1783.380,NA,NA,No focal subject,3127.536,stop panting,Not defined,STATE,363.591,380.078,16.487,NA,,,,,,
A,2025-04-05 12:38:20.326,timestamp date time: 2023-04-27; 13:57:58,Live observation,NA,0.0,1783.380,NA,NA,No focal subject,3127.536,panting,Not defined,STATE,363.592,364.706,1.114,NA,,,,,,
A,2025-04-05 12:38:20.326,timestamp date time: 2023-04-27; 13:57:58,Live observation,NA,0.0,1783.380,NA,NA,No focal subject,3127.536,out of sight,Not defined,STATE,364.707,380.077,15.370,NA,,,,,,
A,2025-04-05 12:38:20.326,timestamp date time: 2023-04-27; 13:57:58,Live observation,NA,0.0,1783.380,NA,NA,No focal subject,3127.536,stop panting,Not defined,STATE,387.307,392.774,5.467,NA,,,,,,
A,2025-04-05 12:38:20.326,timestamp date time: 2023-04-27; 13:57:58,Live observation,NA,0.0,1783.380,NA,NA,No focal subject,3127.536,out of sight,Not defined,STATE,387.308,392.773,5.465,NA,,,,,,
A,2025-04-05 12:38:20.326,timestamp date time: 2023-04-27; 13:57:58,Live observation,NA,0.0,1783.380,NA,NA,No focal subject,3127.536,stop panting,Not defined,STATE,393.936,405.897,11.961,NA,,,,,,
A,2025-04-05 12:38:20.326,timestamp date time: 2023-04-27; 13:57:58,Live observation,NA,0.0,1783.380,NA,NA,No focal subject,3127.536,out of sight,Not defined,STATE,393.937,399.229,5.292,NA,,,,,,
A,2025-04-05 12:38:20.326,timestamp date time: 2023-04-27; 13:57:58,Live observation,NA,0.0,1783.380,NA,NA,No focal subject,3127.536,panting,Not defined,STATE,399.230,403.278,4.048,NA,,,,,,
A,2025-04-05 12:38:20.326,timestamp date time: 2023-04-27; 13:57:58,Live observation,NA,0.0,1783.380,NA,NA,No focal subject,3127.536,out of sight,Not defined,STATE,403.279,405.896,2.617,NA,,,,,,
A,2025-04-05 12:38:20.326,timestamp date time: 2023-04-27; 13:57:58,Live observation,NA,0.0,1783.380,NA,NA,No focal subject,3127.536,stop panting,Not defined,STATE,407.149,422.336,15.187,NA,,,,,,
A,2025-04-05 12:38:20.326,timestamp date time: 2023-04-27; 13:57:58,Live observation,NA,0.0,1783.380,NA,NA,No focal subject,3127.536,panting,Not defined,STATE,407.150,410.289,3.139,NA,,,,,,
A,2025-04-05 12:38:20.326,timestamp date time: 2023-04-27; 13:57:58,Live observation,NA,0.0,1783.380,NA,NA,No focal subject,3127.536,out of sight,Not defined,STATE,410.290,412.726,2.436,NA,,,,,,
A,2025-04-05 12:38:20.326,timestamp date time: 2023-04-27; 13:57:58,Live observation,NA,0.0,1783.380,NA,NA,No focal subject,3127.536,panting,Not defined,STATE,412.727,418.723,5.996,NA,,,,,,
A,2025-04-05 12:38:20.326,timestamp date time: 2023-04-27; 13:57:58,Live observation,NA,0.0,1783.380,NA,NA,No focal subject,3127.536,out of sight,Not defined,STATE,418.724,422.335,3.611,NA,,,,,,
A,2025-04-05 12:38:20.326,timestamp date time: 2023-04-27; 13:57:58,Live observation,NA,0.0,1783.380,NA,NA,No focal subject,3127.536,stop panting,Not defined,STATE,423.302,459.189,35.887,NA,,,,,,
A,2025-04-05 12:38:20.326,timestamp date time: 2023-04-27; 13:57:58,Live observation,NA,0.0,1783.380,NA,NA,No focal subject,3127.536,panting,Not defined,STATE,423.303,424.553,1.250,NA,,,,,,
A,2025-04-05 12:38:20.326,timestamp date time: 2023-04-27; 13:57:58,Live observation,NA,0.0,1783.380,NA,NA,No focal subject,3127.536,out of sight,Not defined,STATE,424.554,453.602,29.048,NA,,,,,,
A,2025-04-05 12:38:20.326,timestamp date time: 2023-04-27; 13:57:58,Live observation,NA,0.0,1783.380,NA,NA,No focal subject,3127.536,panting,Not defined,STATE,453.603,457.966,4.363,NA,,,,,,
A,2025-04-05 12:38:20.326,timestamp date time: 2023-04-27; 13:57:58,Live observation,NA,0.0,1783.380,NA,NA,No focal subject,3127.536,out of sight,Not defined,STATE,457.967,459.188,1.221,NA,,,,,,
A,2025-04-05 12:38:20.326,timestamp date time: 2023-04-27; 13:57:58,Live observation,NA,0.0,1783.380,NA,NA,No focal subject,3127.536,stop panting,Not defined,STATE,459.695,480.717,21.022,NA,,,,,,
A,2025-04-05 12:38:20.326,timestamp date time: 2023-04-27; 13:57:58,Live observation,NA,0.0,1783.380,NA,NA,No focal subject,3127.536,out of sight,Not defined,STATE,459.696,463.596,3.900,NA,,,,,,
A,2025-04-05 12:38:20.326,timestamp date time: 2023-04-27; 13:57:58,Live observation,NA,0.0,1783.380,NA,NA,No focal subject,3127.536,panting,Not defined,STATE,463.597,465.437,1.840,NA,,,,,,
A,2025-04-05 12:38:20.326,timestamp date time: 2023-04-27; 13:57:58,Live observation,NA,0.0,1783.380,NA,NA,No focal subject,3127.536,out of sight,Not defined,STATE,465.438,480.716,15.278,NA,,,,,,
A,2025-04-05 12:38:20.326,timestamp date time: 2023-04-27; 13:57:58,Live observation,NA,0.0,1783.380,NA,NA,No focal subject,3127.536,stop panting,Not defined,STATE,481.651,503.873,22.222,NA,,,,,,
A,2025-04-05 12:38:20.326,timestamp date time: 2023-04-27; 13:57:58,Live observation,NA,0.0,1783.380,NA,NA,No focal subject,3127.536,panting,Not defined,STATE,481.652,485.058,3.406,NA,,,,,,
A,2025-04-05 12:38:20.326,timestamp date time: 2023-04-27; 13:57:58,Live observation,NA,0.0,1783.380,NA,NA,No focal subject,3127.536,out of sight,Not defined,STATE,485.059,503.872,18.813,NA,,,,,,
A,2025-04-05 12:38:20.326,timestamp date time: 2023-04-27; 13:57:58,Live observation,NA,0.0,1783.380,NA,NA,No focal subject,3127.536,stop panting,Not defined,STATE,505.235,512.977,7.742,NA,,,,,,
A,2025-04-05 12:38:20.326,timestamp date time: 2023-04-27; 13:57:58,Live observation,NA,0.0,1783.380,NA,NA,No focal subject,3127.536,out of sight,Not defined,STATE,505.236,512.976,7.740,NA,,,,,,
A,2025-04-05 12:38:20.326,timestamp date time: 2023-04-27; 13:57:58,Live observation,NA,0.0,1783.380,NA,NA,No focal subject,3127.536,stop panting,Not defined,STATE,513.777,522.252,8.475,NA,,,,,,
A,2025-04-05 12:38:20.326,timestamp date time: 2023-04-27; 13:57:58,Live observation,NA,0.0,1783.380,NA,NA,No focal subject,3127.536,panting,Not defined,STATE,513.778,518.552,4.774,NA,,,,,,
A,2025-04-05 12:38:20.326,timestamp date time: 2023-04-27; 13:57:58,Live observation,NA,0.0,1783.380,NA,NA,No focal subject,3127.536,out of sight,Not defined,STATE,518.553,522.251,3.698,NA,,,,,,
A,2025-04-05 12:38:20.326,timestamp date time: 2023-04-27; 13:57:58,Live observation,NA,0.0,1783.380,NA,NA,No focal subject,3127.536,stop panting,Not defined,STATE,522.923,565.416,42.493,NA,,,,,,
A,2025-04-05 12:38:20.326,timestamp date time: 2023-04-27; 13:57:58,Live observation,NA,0.0,1783.380,NA,NA,No focal subject,3127.536,panting,Not defined,STATE,522.924,530.617,7.693,NA,,,,,,
A,2025-04-05 12:38:20.326,timestamp date time: 2023-04-27; 13:57:58,Live observation,NA,0.0,1783.380,NA,NA,No focal subject,3127.536,out of sight,Not defined,STATE,530.618,556.286,25.668,NA,,,,,,
A,2025-04-05 12:38:20.326,timestamp date time: 2023-04-27; 13:57:58,Live observation,NA,0.0,1783.380,NA,NA,No focal subject,3127.536,panting,Not defined,STATE,556.287,559.815,3.528,NA,,,,,,
A,2025-04-05 12:38:20.326,timestamp date time: 2023-04-27; 13:57:58,Live observation,NA,0.0,1783.380,NA,NA,No focal subject,3127.536,out of sight,Not defined,STATE,559.816,565.415,5.599,NA,,,,,,
A,2025-04-05 12:38:20.326,timestamp date time: 2023-04-27; 13:57:58,Live observation,NA,0.0,1783.380,NA,NA,No focal subject,3127.536,stop panting,Not defined,STATE,565.917,576.207,10.290,NA,,,,,,
A,2025-04-05 12:38:20.326,timestamp date time: 2023-04-27; 13:57:58,Live observation,NA,0.0,1783.380,NA,NA,No focal subject,3127.536,panting,Not defined,STATE,565.918,566.941,1.023,NA,,,,,,
A,2025-04-05 12:38:20.326,timestamp date time: 2023-04-27; 13:57:58,Live observation,NA,0.0,1783.380,NA,NA,No focal subject,3127.536,out of sight,Not defined,STATE,566.942,576.206,9.264,NA,,,,,,
A,2025-04-05 12:38:20.326,timestamp date time: 2023-04-27; 13:57:58,Live observation,NA,0.0,1783.380,NA,NA,No focal subject,3127.536,stop panting,Not defined,STATE,576.756,584.683,7.927,NA,,,,,,
A,2025-04-05 12:38:20.326,timestamp date time: 2023-04-27; 13:57:58,Live observation,NA,0.0,1783.380,NA,NA,No focal subject,3127.536,panting,Not defined,STATE,576.757,579.520,2.763,NA,,,,,,
A,2025-04-05 12:38:20.326,timestamp date time: 2023-04-27; 13:57:58,Live observation,NA,0.0,1783.380,NA,NA,No focal subject,3127.536,out of sight,Not defined,STATE,579.521,584.682,5.161,NA,,,,,,
A,2025-04-05 12:38:20.326,timestamp date time: 2023-04-27; 13:57:58,Live observation,NA,0.0,1783.380,NA,NA,No focal subject,3127.536,stop panting,Not defined,STATE,585.540,597.002,11.462,NA,,,,,,
A,2025-04-05 12:38:20.326,timestamp date time: 2023-04-27; 13:57:58,Live observation,NA,0.0,1783.380,NA,NA,No focal subject,3127.536,panting,Not defined,STATE,585.541,586.054,0.513,NA,,,,,,
A,2025-04-05 12:38:20.326,timestamp date time: 2023-04-27; 13:57:58,Live observation,NA,0.0,1783.380,NA,NA,No focal subject,3127.536,out of sight,Not defined,STATE,586.055,588.978,2.923,NA,,,,,,
A,2025-04-05 12:38:20.326,timestamp date time: 2023-04-27; 13:57:58,Live observation,NA,0.0,1783.380,NA,NA,No focal subject,3127.536,panting,Not defined,STATE,588.979,592.450,3.471,NA,,,,,,
A,2025-04-05 12:38:20.326,timestamp date time: 2023-04-27; 13:57:58,Live observation,NA,0.0,1783.380,NA,NA,No focal subject,3127.536,out of sight,Not defined,STATE,592.451,597.001,4.550,NA,,,,,,
A,2025-04-05 12:38:20.326,timestamp date time: 2023-04-27; 13:57:58,Live observation,NA,0.0,1783.380,NA,NA,No focal subject,3127.536,stop panting,Not defined,STATE,598.659,617.953,19.294,NA,,,,,,
A,2025-04-05 12:38:20.326,timestamp date time: 2023-04-27; 13:57:58,Live observation,NA,0.0,1783.380,NA,NA,No focal subject,3127.536,panting,Not defined,STATE,598.660,601.392,2.732,NA,,,,,,
A,2025-04-05 12:38:20.326,timestamp date time: 2023-04-27; 13:57:58,Live observation,NA,0.0,1783.380,NA,NA,No focal subject,3127.536,out of sight,Not defined,STATE,601.393,610.856,9.463,NA,,,,,,
A,2025-04-05 12:38:20.326,timestamp date time: 2023-04-27; 13:57:58,Live observation,NA,0.0,1783.380,NA,NA,No focal subject,3127.536,panting,Not defined,STATE,610.857,611.252,0.395,NA,,,,,,
A,2025-04-05 12:38:20.326,timestamp date time: 2023-04-27; 13:57:58,Live observation,NA,0.0,1783.380,NA,NA,No focal subject,3127.536,out of sight,Not defined,STATE,611.253,617.952,6.699,NA,,,,,,
A,2025-04-05 12:38:20.326,timestamp date time: 2023-04-27; 13:57:58,Live observation,NA,0.0,1783.380,NA,NA,No focal subject,3127.536,stop panting,Not defined,STATE,618.304,634.173,15.869,NA,,,,,,
A,2025-04-05 12:38:20.326,timestamp date time: 2023-04-27; 13:57:58,Live observation,NA,0.0,1783.380,NA,NA,No focal subject,3127.536,panting,Not defined,STATE,618.305,620.431,2.126,NA,,,,,,
A,2025-04-05 12:38:20.326,timestamp date time: 2023-04-27; 13:57:58,Live observation,NA,0.0,1783.380,NA,NA,No focal subject,3127.536,out of sight,Not defined,STATE,620.432,624.318,3.886,NA,,,,,,
A,2025-04-05 12:38:20.326,timestamp date time: 2023-04-27; 13:57:58,Live observation,NA,0.0,1783.380,NA,NA,No focal subject,3127.536,panting,Not defined,STATE,624.319,626.947,2.628,NA,,,,,,
A,2025-04-05 12:38:20.326,timestamp date time: 2023-04-27; 13:57:58,Live observation,NA,0.0,1783.380,NA,NA,No focal subject,3127.536,out of sight,Not defined,STATE,626.948,632.303,5.355,NA,,,,,,
A,2025-04-05 12:38:20.326,timestamp date time: 2023-04-27; 13:57:58,Live observation,NA,0.0,1783.380,NA,NA,No focal subject,3127.536,panting,Not defined,STATE,632.304,634.172,1.868,NA,,,,,,
A,2025-04-05 12:38:20.326,timestamp date time: 2023-04-27; 13:57:58,Live observation,NA,0.0,1783.380,NA,NA,No focal subject,3127.536,stop panting,Not defined,STATE,635.530,676.808,41.278,NA,,,,,,
A,2025-04-05 12:38:20.326,timestamp date time: 2023-04-27; 13:57:58,Live observation,NA,0.0,1783.380,NA,NA,No focal subject,3127.536,out of sight,Not defined,STATE,635.531,653.554,18.023,NA,,,,,,
A,2025-04-05 12:38:20.326,timestamp date time: 2023-04-27; 13:57:58,Live observation,NA,0.0,1783.380,NA,NA,No focal subject,3127.536,out of sight,Not defined,STATE,654.493,656.444,1.951,NA,,,,,,
A,2025-04-05 12:38:20.326,timestamp date time: 2023-04-27; 13:57:58,Live observation,NA,0.0,1783.380,NA,NA,No focal subject,3127.536,panting,Not defined,STATE,656.445,657.671,1.226,NA,,,,,,
A,2025-04-05 12:38:20.326,timestamp date time: 2023-04-27; 13:57:58,Live observation,NA,0.0,1783.380,NA,NA,No focal subject,3127.536,out of sight,Not defined,STATE,657.672,660.283,2.611,NA,,,,,,
A,2025-04-05 12:38:20.326,timestamp date time: 2023-04-27; 13:57:58,Live observation,NA,0.0,1783.380,NA,NA,No focal subject,3127.536,panting,Not defined,STATE,660.284,661.384,1.100,NA,,,,,,
A,2025-04-05 12:38:20.326,timestamp date time: 2023-04-27; 13:57:58,Live observation,NA,0.0,1783.380,NA,NA,No focal subject,3127.536,out of sight,Not defined,STATE,661.385,676.807,15.422,NA,,,,,,
A,2025-04-05 12:38:20.326,timestamp date time: 2023-04-27; 13:57:58,Live observation,NA,0.0,1783.380,NA,NA,No focal subject,3127.536,stop panting,Not defined,STATE,679.529,710.418,30.889,NA,,,,,,
A,2025-04-05 12:38:20.326,timestamp date time: 2023-04-27; 13:57:58,Live observation,NA,0.0,1783.380,NA,NA,No focal subject,3127.536,out of sight,Not defined,STATE,679.530,684.669,5.139,NA,,,,,,
A,2025-04-05 12:38:20.326,timestamp date time: 2023-04-27; 13:57:58,Live observation,NA,0.0,1783.380,NA,NA,No focal subject,3127.536,panting,Not defined,STATE,684.670,685.262,0.592,NA,,,,,,
A,2025-04-05 12:38:20.326,timestamp date time: 2023-04-27; 13:57:58,Live observation,NA,0.0,1783.380,NA,NA,No focal subject,3127.536,out of sight,Not defined,STATE,685.263,697.130,11.867,NA,,,,,,
A,2025-04-05 12:38:20.326,timestamp date time: 2023-04-27; 13:57:58,Live observation,NA,0.0,1783.380,NA,NA,No focal subject,3127.536,panting,Not defined,STATE,697.131,710.417,13.286,NA,,,,,,
A,2025-04-05 12:38:20.326,timestamp date time: 2023-04-27; 13:57:58,Live observation,NA,0.0,1783.380,NA,NA,No focal subject,3127.536,stop panting,Not defined,STATE,711.440,725.976,14.536,NA,,,,,,
A,2025-04-05 12:38:20.326,timestamp date time: 2023-04-27; 13:57:58,Live observation,NA,0.0,1783.380,NA,NA,No focal subject,3127.536,panting,Not defined,STATE,711.441,725.975,14.534,NA,,,,,,
A,2025-04-05 12:38:20.326,timestamp date time: 2023-04-27; 13:57:58,Live observation,NA,0.0,1783.380,NA,NA,No focal subject,3127.536,stop panting,Not defined,STATE,732.411,808.274,75.863,NA,,,,,,
A,2025-04-05 12:38:20.326,timestamp date time: 2023-04-27; 13:57:58,Live observation,NA,0.0,1783.380,NA,NA,No focal subject,3127.536,out of sight,Not defined,STATE,732.412,738.620,6.208,NA,,,,,,
A,2025-04-05 12:38:20.326,timestamp date time: 2023-04-27; 13:57:58,Live observation,NA,0.0,1783.380,NA,NA,No focal subject,3127.536,panting,Not defined,STATE,738.621,739.989,1.368,NA,,,,,,
A,2025-04-05 12:38:20.326,timestamp date time: 2023-04-27; 13:57:58,Live observation,NA,0.0,1783.380,NA,NA,No focal subject,3127.536,out of sight,Not defined,STATE,739.990,780.287,40.297,NA,,,,,,
A,2025-04-05 12:38:20.326,timestamp date time: 2023-04-27; 13:57:58,Live observation,NA,0.0,1783.380,NA,NA,No focal subject,3127.536,panting,Not defined,STATE,780.288,786.341,6.053,NA,,,,,,
A,2025-04-05 12:38:20.326,timestamp date time: 2023-04-27; 13:57:58,Live observation,NA,0.0,1783.380,NA,NA,No focal subject,3127.536,out of sight,Not defined,STATE,786.342,808.273,21.931,NA,,,,,,
A,2025-04-05 12:38:20.326,timestamp date time: 2023-04-27; 13:57:58,Live observation,NA,0.0,1783.380,NA,NA,No focal subject,3127.536,stop panting,Not defined,STATE,808.867,818.786,9.919,NA,,,,,,
A,2025-04-05 12:38:20.326,timestamp date time: 2023-04-27; 13:57:58,Live observation,NA,0.0,1783.380,NA,NA,No focal subject,3127.536,panting,Not defined,STATE,808.868,814.900,6.032,NA,,,,,,
A,2025-04-05 12:38:20.326,timestamp date time: 2023-04-27; 13:57:58,Live observation,NA,0.0,1783.380,NA,NA,No focal subject,3127.536,out of sight,Not defined,STATE,814.901,818.785,3.884,NA,,,,,,
A,2025-04-05 12:38:20.326,timestamp date time: 2023-04-27; 13:57:58,Live observation,NA,0.0,1783.380,NA,NA,No focal subject,3127.536,stop panting,Not defined,STATE,823.807,929.791,105.984,NA,,,,,,
A,2025-04-05 12:38:20.326,timestamp date time: 2023-04-27; 13:57:58,Live observation,NA,0.0,1783.380,NA,NA,No focal subject,3127.536,panting,Not defined,STATE,823.808,831.602,7.794,NA,,,,,,
A,2025-04-05 12:38:20.326,timestamp date time: 2023-04-27; 13:57:58,Live observation,NA,0.0,1783.380,NA,NA,No focal subject,3127.536,out of sight,Not defined,STATE,831.603,837.020,5.417,NA,,,,,,
A,2025-04-05 12:38:20.326,timestamp date time: 2023-04-27; 13:57:58,Live observation,NA,0.0,1783.380,NA,NA,No focal subject,3127.536,panting,Not defined,STATE,837.021,840.421,3.400,NA,,,,,,
A,2025-04-05 12:38:20.326,timestamp date time: 2023-04-27; 13:57:58,Live observation,NA,0.0,1783.380,NA,NA,No focal subject,3127.536,out of sight,Not defined,STATE,840.422,845.378,4.956,NA,,,,,,
A,2025-04-05 12:38:20.326,timestamp date time: 2023-04-27; 13:57:58,Live observation,NA,0.0,1783.380,NA,NA,No focal subject,3127.536,panting,Not defined,STATE,845.379,846.534,1.155,NA,,,,,,
A,2025-04-05 12:38:20.326,timestamp date time: 2023-04-27; 13:57:58,Live observation,NA,0.0,1783.380,NA,NA,No focal subject,3127.536,out of sight,Not defined,STATE,846.535,848.158,1.623,NA,,,,,,
A,2025-04-05 12:38:20.326,timestamp date time: 2023-04-27; 13:57:58,Live observation,NA,0.0,1783.380,NA,NA,No focal subject,3127.536,panting,Not defined,STATE,848.159,866.791,18.632,NA,,,,,,
A,2025-04-05 12:38:20.326,timestamp date time: 2023-04-27; 13:57:58,Live observation,NA,0.0,1783.380,NA,NA,No focal subject,3127.536,out of sight,Not defined,STATE,866.792,875.332,8.540,NA,,,,,,
A,2025-04-05 12:38:20.326,timestamp date time: 2023-04-27; 13:57:58,Live observation,NA,0.0,1783.380,NA,NA,No focal subject,3127.536,panting,Not defined,STATE,875.333,897.086,21.753,NA,,,,,,
A,2025-04-05 12:38:20.326,timestamp date time: 2023-04-27; 13:57:58,Live observation,NA,0.0,1783.380,NA,NA,No focal subject,3127.536,out of sight,Not defined,STATE,897.087,929.790,32.703,NA,,,,,,
A,2025-04-05 12:38:20.326,timestamp date time: 2023-04-27; 13:57:58,Live observation,NA,0.0,1783.380,NA,NA,No focal subject,3127.536,stop panting,Not defined,STATE,930.177,1046.391,116.214,NA,,,,,,
A,2025-04-05 12:38:20.326,timestamp date time: 2023-04-27; 13:57:58,Live observation,NA,0.0,1783.380,NA,NA,No focal subject,3127.536,panting,Not defined,STATE,930.178,937.581,7.403,NA,,,,,,
A,2025-04-05 12:38:20.326,timestamp date time: 2023-04-27; 13:57:58,Live observation,NA,0.0,1783.380,NA,NA,No focal subject,3127.536,out of sight,Not defined,STATE,937.582,942.629,5.047,NA,,,,,,
A,2025-04-05 12:38:20.326,timestamp date time: 2023-04-27; 13:57:58,Live observation,NA,0.0,1783.380,NA,NA,No focal subject,3127.536,panting,Not defined,STATE,942.630,947.183,4.553,NA,,,,,,
A,2025-04-05 12:38:20.326,timestamp date time: 2023-04-27; 13:57:58,Live observation,NA,0.0,1783.380,NA,NA,No focal subject,3127.536,out of sight,Not defined,STATE,947.184,952.653,5.469,NA,,,,,,
A,2025-04-05 12:38:20.326,timestamp date time: 2023-04-27; 13:57:58,Live observation,NA,0.0,1783.380,NA,NA,No focal subject,3127.536,panting,Not defined,STATE,952.654,986.240,33.586,NA,,,,,,
A,2025-04-05 12:38:20.326,timestamp date time: 2023-04-27; 13:57:58,Live observation,NA,0.0,1783.380,NA,NA,No focal subject,3127.536,out of sight,Not defined,STATE,986.241,991.989,5.748,NA,,,,,,
A,2025-04-05 12:38:20.326,timestamp date time: 2023-04-27; 13:57:58,Live observation,NA,0.0,1783.380,NA,NA,No focal subject,3127.536,panting,Not defined,STATE,991.990,997.825,5.835,NA,,,,,,
A,2025-04-05 12:38:20.326,timestamp date time: 2023-04-27; 13:57:58,Live observation,NA,0.0,1783.380,NA,NA,No focal subject,3127.536,out of sight,Not defined,STATE,997.826,1018.410,20.584,NA,,,,,,
A,2025-04-05 12:38:20.326,timestamp date time: 2023-04-27; 13:57:58,Live observation,NA,0.0,1783.380,NA,NA,No focal subject,3127.536,panting,Not defined,STATE,1018.411,1029.005,10.594,NA,,,,,,
A,2025-04-05 12:38:20.326,timestamp date time: 2023-04-27; 13:57:58,Live observation,NA,0.0,1783.380,NA,NA,No focal subject,3127.536,out of sight,Not defined,STATE,1029.006,1046.390,17.384,NA,,,,,,
A,2025-04-05 12:38:20.326,timestamp date time: 2023-04-27; 13:57:58,Live observation,NA,0.0,1783.380,NA,NA,No focal subject,3127.536,stop panting,Not defined,STATE,1051.274,1054.930,3.656,NA,,,,,,
A,2025-04-05 12:38:20.326,timestamp date time: 2023-04-27; 13:57:58,Live observation,NA,0.0,1783.380,NA,NA,No focal subject,3127.536,out of sight,Not defined,STATE,1051.275,1054.929,3.654,NA,,,,,,
A,2025-04-05 12:38:20.326,timestamp date time: 2023-04-27; 13:57:58,Live observation,NA,0.0,1783.380,NA,NA,No focal subject,3127.536,stop panting,Not defined,STATE,1059.011,1065.274,6.263,NA,,,,,,
A,2025-04-05 12:38:20.326,timestamp date time: 2023-04-27; 13:57:58,Live observation,NA,0.0,1783.380,NA,NA,No focal subject,3127.536,out of sight,Not defined,STATE,1059.012,1065.273,6.261,NA,,,,,,
A,2025-04-05 12:38:20.326,timestamp date time: 2023-04-27; 13:57:58,Live observation,NA,0.0,1783.380,NA,NA,No focal subject,3127.536,stop panting,Not defined,STATE,1069.647,1074.023,4.376,NA,,,,,,
A,2025-04-05 12:38:20.326,timestamp date time: 2023-04-27; 13:57:58,Live observation,NA,0.0,1783.380,NA,NA,No focal subject,3127.536,out of sight,Not defined,STATE,1069.648,1074.022,4.374,NA,,,,,,
A,2025-04-05 12:38:20.326,timestamp date time: 2023-04-27; 13:57:58,Live observation,NA,0.0,1783.380,NA,NA,No focal subject,3127.536,stop panting,Not defined,STATE,1077.543,1081.902,4.359,NA,,,,,,
A,2025-04-05 12:38:20.326,timestamp date time: 2023-04-27; 13:57:58,Live observation,NA,0.0,1783.380,NA,NA,No focal subject,3127.536,panting,Not defined,STATE,1077.544,1078.496,0.952,NA,,,,,,
A,2025-04-05 12:38:20.326,timestamp date time: 2023-04-27; 13:57:58,Live observation,NA,0.0,1783.380,NA,NA,No focal subject,3127.536,out of sight,Not defined,STATE,1078.497,1081.901,3.404,NA,,,,,,
A,2025-04-05 12:38:20.326,timestamp date time: 2023-04-27; 13:57:58,Live observation,NA,0.0,1783.380,NA,NA,No focal subject,3127.536,stop panting,Not defined,STATE,1082.315,1135.404,53.089,NA,,,,,,
A,2025-04-05 12:38:20.326,timestamp date time: 2023-04-27; 13:57:58,Live observation,NA,0.0,1783.380,NA,NA,No focal subject,3127.536,panting,Not defined,STATE,1082.316,1084.187,1.871,NA,,,,,,
A,2025-04-05 12:38:20.326,timestamp date time: 2023-04-27; 13:57:58,Live observation,NA,0.0,1783.380,NA,NA,No focal subject,3127.536,out of sight,Not defined,STATE,1084.188,1095.859,11.671,NA,,,,,,
A,2025-04-05 12:38:20.326,timestamp date time: 2023-04-27; 13:57:58,Live observation,NA,0.0,1783.380,NA,NA,No focal subject,3127.536,panting,Not defined,STATE,1095.860,1098.319,2.459,NA,,,,,,
A,2025-04-05 12:38:20.326,timestamp date time: 2023-04-27; 13:57:58,Live observation,NA,0.0,1783.380,NA,NA,No focal subject,3127.536,out of sight,Not defined,STATE,1098.320,1124.244,25.924,NA,,,,,,
A,2025-04-05 12:38:20.326,timestamp date time: 2023-04-27; 13:57:58,Live observation,NA,0.0,1783.380,NA,NA,No focal subject,3127.536,panting,Not defined,STATE,1124.245,1130.603,6.358,NA,,,,,,
A,2025-04-05 12:38:20.326,timestamp date time: 2023-04-27; 13:57:58,Live observation,NA,0.0,1783.380,NA,NA,No focal subject,3127.536,out of sight,Not defined,STATE,1130.604,1135.403,4.799,NA,,,,,,
A,2025-04-05 12:38:20.326,timestamp date time: 2023-04-27; 13:57:58,Live observation,NA,0.0,1783.380,NA,NA,No focal subject,3127.536,stop panting,Not defined,STATE,1138.963,1163.525,24.562,NA,,,,,,
A,2025-04-05 12:38:20.326,timestamp date time: 2023-04-27; 13:57:58,Live observation,NA,0.0,1783.380,NA,NA,No focal subject,3127.536,panting,Not defined,STATE,1138.964,1145.675,6.711,NA,,,,,,
A,2025-04-05 12:38:20.326,timestamp date time: 2023-04-27; 13:57:58,Live observation,NA,0.0,1783.380,NA,NA,No focal subject,3127.536,out of sight,Not defined,STATE,1145.676,1163.524,17.848,NA,,,,,,
A,2025-04-05 12:38:20.326,timestamp date time: 2023-04-27; 13:57:58,Live observation,NA,0.0,1783.380,NA,NA,No focal subject,3127.536,stop panting,Not defined,STATE,1173.347,1185.618,12.271,NA,,,,,,
A,2025-04-05 12:38:20.326,timestamp date time: 2023-04-27; 13:57:58,Live observation,NA,0.0,1783.380,NA,NA,No focal subject,3127.536,panting,Not defined,STATE,1173.348,1177.315,3.967,NA,,,,,,
A,2025-04-05 12:38:20.326,timestamp date time: 2023-04-27; 13:57:58,Live observation,NA,0.0,1783.380,NA,NA,No focal subject,3127.536,out of sight,Not defined,STATE,1177.316,1185.617,8.301,NA,,,,,,
A,2025-04-05 12:38:20.326,timestamp date time: 2023-04-27; 13:57:58,Live observation,NA,0.0,1783.380,NA,NA,No focal subject,3127.536,stop panting,Not defined,STATE,1186.101,1257.997,71.896,NA,,,,,,
A,2025-04-05 12:38:20.326,timestamp date time: 2023-04-27; 13:57:58,Live observation,NA,0.0,1783.380,NA,NA,No focal subject,3127.536,panting,Not defined,STATE,1186.102,1210.046,23.944,NA,,,,,,
A,2025-04-05 12:38:20.326,timestamp date time: 2023-04-27; 13:57:58,Live observation,NA,0.0,1783.380,NA,NA,No focal subject,3127.536,out of sight,Not defined,STATE,1210.047,1233.112,23.065,NA,,,,,,
A,2025-04-05 12:38:20.326,timestamp date time: 2023-04-27; 13:57:58,Live observation,NA,0.0,1783.380,NA,NA,No focal subject,3127.536,panting,Not defined,STATE,1233.113,1240.040,6.927,NA,,,,,,
A,2025-04-05 12:38:20.326,timestamp date time: 2023-04-27; 13:57:58,Live observation,NA,0.0,1783.380,NA,NA,No focal subject,3127.536,out of sight,Not defined,STATE,1240.041,1245.667,5.626,NA,,,,,,
A,2025-04-05 12:38:20.326,timestamp date time: 2023-04-27; 13:57:58,Live observation,NA,0.0,1783.380,NA,NA,No focal subject,3127.536,panting,Not defined,STATE,1245.668,1246.339,0.671,NA,,,,,,
A,2025-04-05 12:38:20.326,timestamp date time: 2023-04-27; 13:57:58,Live observation,NA,0.0,1783.380,NA,NA,No focal subject,3127.536,out of sight,Not defined,STATE,1246.340,1248.530,2.190,NA,,,,,,
A,2025-04-05 12:38:20.326,timestamp date time: 2023-04-27; 13:57:58,Live observation,NA,0.0,1783.380,NA,NA,No focal subject,3127.536,panting,Not defined,STATE,1248.531,1249.390,0.859,NA,,,,,,
A,2025-04-05 12:38:20.326,timestamp date time: 2023-04-27; 13:57:58,Live observation,NA,0.0,1783.380,NA,NA,No focal subject,3127.536,out of sight,Not defined,STATE,1249.391,1257.996,8.605,NA,,,,,,
A,2025-04-05 12:38:20.326,timestamp date time: 2023-04-27; 13:57:58,Live observation,NA,0.0,1783.380,NA,NA,No focal subject,3127.536,stop panting,Not defined,STATE,1259.397,1274.184,14.787,NA,,,,,,
A,2025-04-05 12:38:20.326,timestamp date time: 2023-04-27; 13:57:58,Live observation,NA,0.0,1783.380,NA,NA,No focal subject,3127.536,out of sight,Not defined,STATE,1259.398,1267.825,8.427,NA,,,,,,
A,2025-04-05 12:38:20.326,timestamp date time: 2023-04-27; 13:57:58,Live observation,NA,0.0,1783.380,NA,NA,No focal subject,3127.536,panting,Not defined,STATE,1267.826,1269.123,1.297,NA,,,,,,
A,2025-04-05 12:38:20.326,timestamp date time: 2023-04-27; 13:57:58,Live observation,NA,0.0,1783.380,NA,NA,No focal subject,3127.536,out of sight,Not defined,STATE,1269.124,1274.183,5.059,NA,,,,,,
A,2025-04-05 12:38:20.326,timestamp date time: 2023-04-27; 13:57:58,Live observation,NA,0.0,1783.380,NA,NA,No focal subject,3127.536,stop panting,Not defined,STATE,1275.107,1354.100,78.993,NA,,,,,,
A,2025-04-05 12:38:20.326,timestamp date time: 2023-04-27; 13:57:58,Live observation,NA,0.0,1783.380,NA,NA,No focal subject,3127.536,panting,Not defined,STATE,1275.108,1277.401,2.293,NA,,,,,,
A,2025-04-05 12:38:20.326,timestamp date time: 2023-04-27; 13:57:58,Live observation,NA,0.0,1783.380,NA,NA,No focal subject,3127.536,out of sight,Not defined,STATE,1277.402,1279.273,1.871,NA,,,,,,
A,2025-04-05 12:38:20.326,timestamp date time: 2023-04-27; 13:57:58,Live observation,NA,0.0,1783.380,NA,NA,No focal subject,3127.536,panting,Not defined,STATE,1279.274,1283.402,4.128,NA,,,,,,
A,2025-04-05 12:38:20.326,timestamp date time: 2023-04-27; 13:57:58,Live observation,NA,0.0,1783.380,NA,NA,No focal subject,3127.536,out of sight,Not defined,STATE,1283.403,1290.763,7.360,NA,,,,,,
A,2025-04-05 12:38:20.326,timestamp date time: 2023-04-27; 13:57:58,Live observation,NA,0.0,1783.380,NA,NA,No focal subject,3127.536,panting,Not defined,STATE,1290.764,1291.241,0.477,NA,,,,,,
A,2025-04-05 12:38:20.326,timestamp date time: 2023-04-27; 13:57:58,Live observation,NA,0.0,1783.380,NA,NA,No focal subject,3127.536,out of sight,Not defined,STATE,1291.242,1293.872,2.630,NA,,,,,,
A,2025-04-05 12:38:20.326,timestamp date time: 2023-04-27; 13:57:58,Live observation,NA,0.0,1783.380,NA,NA,No focal subject,3127.536,panting,Not defined,STATE,1293.873,1299.988,6.115,NA,,,,,,
A,2025-04-05 12:38:20.326,timestamp date time: 2023-04-27; 13:57:58,Live observation,NA,0.0,1783.380,NA,NA,No focal subject,3127.536,out of sight,Not defined,STATE,1299.989,1304.224,4.235,NA,,,,,,
A,2025-04-05 12:38:20.326,timestamp date time: 2023-04-27; 13:57:58,Live observation,NA,0.0,1783.380,NA,NA,No focal subject,3127.536,panting,Not defined,STATE,1304.225,1305.001,0.776,NA,,,,,,
A,2025-04-05 12:38:20.326,timestamp date time: 2023-04-27; 13:57:58,Live observation,NA,0.0,1783.380,NA,NA,No focal subject,3127.536,out of sight,Not defined,STATE,1305.002,1307.686,2.684,NA,,,,,,
A,2025-04-05 12:38:20.326,timestamp date time: 2023-04-27; 13:57:58,Live observation,NA,0.0,1783.380,NA,NA,No focal subject,3127.536,panting,Not defined,STATE,1307.687,1314.864,7.177,NA,,,,,,
A,2025-04-05 12:38:20.326,timestamp date time: 2023-04-27; 13:57:58,Live observation,NA,0.0,1783.380,NA,NA,No focal subject,3127.536,out of sight,Not defined,STATE,1314.865,1332.987,18.122,NA,,,,,,
A,2025-04-05 12:38:20.326,timestamp date time: 2023-04-27; 13:57:58,Live observation,NA,0.0,1783.380,NA,NA,No focal subject,3127.536,panting,Not defined,STATE,1332.988,1336.571,3.583,NA,,,,,,
A,2025-04-05 12:38:20.326,timestamp date time: 2023-04-27; 13:57:58,Live observation,NA,0.0,1783.380,NA,NA,No focal subject,3127.536,out of sight,Not defined,STATE,1336.572,1343.368,6.796,NA,,,,,,
A,2025-04-05 12:38:20.326,timestamp date time: 2023-04-27; 13:57:58,Live observation,NA,0.0,1783.380,NA,NA,No focal subject,3127.536,panting,Not defined,STATE,1343.369,1346.115,2.746,NA,,,,,,
A,2025-04-05 12:38:20.326,timestamp date time: 2023-04-27; 13:57:58,Live observation,NA,0.0,1783.380,NA,NA,No focal subject,3127.536,out of sight,Not defined,STATE,1346.116,1349.237,3.121,NA,,,,,,
A,2025-04-05 12:38:20.326,timestamp date time: 2023-04-27; 13:57:58,Live observation,NA,0.0,1783.380,NA,NA,No focal subject,3127.536,panting,Not defined,STATE,1349.238,1350.642,1.404,NA,,,,,,
A,2025-04-05 12:38:20.326,timestamp date time: 2023-04-27; 13:57:58,Live observation,NA,0.0,1783.380,NA,NA,No focal subject,3127.536,out of sight,Not defined,STATE,1350.643,1354.099,3.456,NA,,,,,,
A,2025-04-05 12:38:20.326,timestamp date time: 2023-04-27; 13:57:58,Live observation,NA,0.0,1783.380,NA,NA,No focal subject,3127.536,stop panting,Not defined,STATE,1371.338,1541.442,170.104,NA,,,,,,
A,2025-04-05 12:38:20.326,timestamp date time: 2023-04-27; 13:57:58,Live observation,NA,0.0,1783.380,NA,NA,No focal subject,3127.536,out of sight,Not defined,STATE,1371.339,1380.484,9.145,NA,,,,,,
A,2025-04-05 12:38:20.326,timestamp date time: 2023-04-27; 13:57:58,Live observation,NA,0.0,1783.380,NA,NA,No focal subject,3127.536,panting,Not defined,STATE,1380.485,1382.120,1.635,NA,,,,,,
A,2025-04-05 12:38:20.326,timestamp date time: 2023-04-27; 13:57:58,Live observation,NA,0.0,1783.380,NA,NA,No focal subject,3127.536,out of sight,Not defined,STATE,1382.121,1392.657,10.536,NA,,,,,,
A,2025-04-05 12:38:20.326,timestamp date time: 2023-04-27; 13:57:58,Live observation,NA,0.0,1783.380,NA,NA,No focal subject,3127.536,panting,Not defined,STATE,1392.658,1394.865,2.207,NA,,,,,,
A,2025-04-05 12:38:20.326,timestamp date time: 2023-04-27; 13:57:58,Live observation,NA,0.0,1783.380,NA,NA,No focal subject,3127.536,out of sight,Not defined,STATE,1394.866,1396.993,2.127,NA,,,,,,
A,2025-04-05 12:38:20.326,timestamp date time: 2023-04-27; 13:57:58,Live observation,NA,0.0,1783.380,NA,NA,No focal subject,3127.536,panting,Not defined,STATE,1396.994,1397.863,0.869,NA,,,,,,
A,2025-04-05 12:38:20.326,timestamp date time: 2023-04-27; 13:57:58,Live observation,NA,0.0,1783.380,NA,NA,No focal subject,3127.536,out of sight,Not defined,STATE,1397.864,1436.838,38.974,NA,,,,,,
A,2025-04-05 12:38:20.326,timestamp date time: 2023-04-27; 13:57:58,Live observation,NA,0.0,1783.380,NA,NA,No focal subject,3127.536,panting,Not defined,STATE,1436.839,1438.974,2.135,NA,,,,,,
A,2025-04-05 12:38:20.326,timestamp date time: 2023-04-27; 13:57:58,Live observation,NA,0.0,1783.380,NA,NA,No focal subject,3127.536,out of sight,Not defined,STATE,1438.975,1450.961,11.986,NA,,,,,,
A,2025-04-05 12:38:20.326,timestamp date time: 2023-04-27; 13:57:58,Live observation,NA,0.0,1783.380,NA,NA,No focal subject,3127.536,out of sight,Not defined,STATE,1454.470,1485.596,31.126,NA,,,,,,
A,2025-04-05 12:38:20.326,timestamp date time: 2023-04-27; 13:57:58,Live observation,NA,0.0,1783.380,NA,NA,No focal subject,3127.536,panting,Not defined,STATE,1485.597,1512.732,27.135,NA,,,,,,
A,2025-04-05 12:38:20.326,timestamp date time: 2023-04-27; 13:57:58,Live observation,NA,0.0,1783.380,NA,NA,No focal subject,3127.536,out of sight,Not defined,STATE,1512.733,1541.441,28.708,NA,,,,,,
A,2025-04-05 12:38:20.326,timestamp date time: 2023-04-27; 13:57:58,Live observation,NA,0.0,1783.380,NA,NA,No focal subject,3127.536,stop panting,Not defined,STATE,1542.582,1563.394,20.812,NA,,,,,,
A,2025-04-05 12:38:20.326,timestamp date time: 2023-04-27; 13:57:58,Live observation,NA,0.0,1783.380,NA,NA,No focal subject,3127.536,panting,Not defined,STATE,1542.583,1549.731,7.148,NA,,,,,,
A,2025-04-05 12:38:20.326,timestamp date time: 2023-04-27; 13:57:58,Live observation,NA,0.0,1783.380,NA,NA,No focal subject,3127.536,out of sight,Not defined,STATE,1549.732,1563.393,13.661,NA,,,,,,
A,2025-04-05 12:38:20.326,timestamp date time: 2023-04-27; 13:57:58,Live observation,NA,0.0,1783.380,NA,NA,No focal subject,3127.536,stop panting,Not defined,STATE,1568.789,1583.915,15.126,NA,,,,,,
A,2025-04-05 12:38:20.326,timestamp date time: 2023-04-27; 13:57:58,Live observation,NA,0.0,1783.380,NA,NA,No focal subject,3127.536,out of sight,Not defined,STATE,1568.790,1576.777,7.987,NA,,,,,,
A,2025-04-05 12:38:20.326,timestamp date time: 2023-04-27; 13:57:58,Live observation,NA,0.0,1783.380,NA,NA,No focal subject,3127.536,panting,Not defined,STATE,1576.778,1580.757,3.979,NA,,,,,,
A,2025-04-05 12:38:20.326,timestamp date time: 2023-04-27; 13:57:58,Live observation,NA,0.0,1783.380,NA,NA,No focal subject,3127.536,out of sight,Not defined,STATE,1580.758,1583.914,3.156,NA,,,,,,
A,2025-04-05 12:38:20.326,timestamp date time: 2023-04-27; 13:57:58,Live observation,NA,0.0,1783.380,NA,NA,No focal subject,3127.536,stop panting,Not defined,STATE,1585.724,1619.994,34.270,NA,,,,,,
A,2025-04-05 12:38:20.326,timestamp date time: 2023-04-27; 13:57:58,Live observation,NA,0.0,1783.380,NA,NA,No focal subject,3127.536,panting,Not defined,STATE,1585.725,1609.333,23.608,NA,,,,,,
A,2025-04-05 12:38:20.326,timestamp date time: 2023-04-27; 13:57:58,Live observation,NA,0.0,1783.380,NA,NA,No focal subject,3127.536,out of sight,Not defined,STATE,1609.334,1616.118,6.784,NA,,,,,,
A,2025-04-05 12:38:20.326,timestamp date time: 2023-04-27; 13:57:58,Live observation,NA,0.0,1783.380,NA,NA,No focal subject,3127.536,panting,Not defined,STATE,1616.119,1616.878,0.759,NA,,,,,,
A,2025-04-05 12:38:20.326,timestamp date time: 2023-04-27; 13:57:58,Live observation,NA,0.0,1783.380,NA,NA,No focal subject,3127.536,out of sight,Not defined,STATE,1616.879,1619.993,3.114,NA,,,,,,
A,2025-04-05 12:38:20.326,timestamp date time: 2023-04-27; 13:57:58,Live observation,NA,0.0,1783.380,NA,NA,No focal subject,3127.536,stop panting,Not defined,STATE,1621.179,1649.875,28.696,NA,,,,,,
A,2025-04-05 12:38:20.326,timestamp date time: 2023-04-27; 13:57:58,Live observation,NA,0.0,1783.380,NA,NA,No focal subject,3127.536,out of sight,Not defined,STATE,1621.180,1624.399,3.219,NA,,,,,,
A,2025-04-05 12:38:20.326,timestamp date time: 2023-04-27; 13:57:58,Live observation,NA,0.0,1783.380,NA,NA,No focal subject,3127.536,panting,Not defined,STATE,1624.400,1630.657,6.257,NA,,,,,,
A,2025-04-05 12:38:20.326,timestamp date time: 2023-04-27; 13:57:58,Live observation,NA,0.0,1783.380,NA,NA,No focal subject,3127.536,out of sight,Not defined,STATE,1630.658,1648.715,18.057,NA,,,,,,
A,2025-04-05 12:38:20.326,timestamp date time: 2023-04-27; 13:57:58,Live observation,NA,0.0,1783.380,NA,NA,No focal subject,3127.536,stop panting,Not defined,STATE,1667.274,1714.586,47.312,NA,,,,,,
A,2025-04-05 12:38:20.326,timestamp date time: 2023-04-27; 13:57:58,Live observation,NA,0.0,1783.380,NA,NA,No focal subject,3127.536,panting,Not defined,STATE,1667.275,1672.323,5.048,NA,,,,,,
A,2025-04-05 12:38:20.326,timestamp date time: 2023-04-27; 13:57:58,Live observation,NA,0.0,1783.380,NA,NA,No focal subject,3127.536,out of sight,Not defined,STATE,1672.324,1684.152,11.828,NA,,,,,,
A,2025-04-05 12:38:20.326,timestamp date time: 2023-04-27; 13:57:58,Live observation,NA,0.0,1783.380,NA,NA,No focal subject,3127.536,panting,Not defined,STATE,1684.153,1690.762,6.609,NA,,,,,,
A,2025-04-05 12:38:20.326,timestamp date time: 2023-04-27; 13:57:58,Live observation,NA,0.0,1783.380,NA,NA,No focal subject,3127.536,out of sight,Not defined,STATE,1690.763,1698.008,7.245,NA,,,,,,
A,2025-04-05 12:38:20.326,timestamp date time: 2023-04-27; 13:57:58,Live observation,NA,0.0,1783.380,NA,NA,No focal subject,3127.536,panting,Not defined,STATE,1698.009,1698.926,0.917,NA,,,,,,
A,2025-04-05 12:38:20.326,timestamp date time: 2023-04-27; 13:57:58,Live observation,NA,0.0,1783.380,NA,NA,No focal subject,3127.536,out of sight,Not defined,STATE,1698.927,1702.140,3.213,NA,,,,,,
A,2025-04-05 12:38:20.326,timestamp date time: 2023-04-27; 13:57:58,Live observation,NA,0.0,1783.380,NA,NA,No focal subject,3127.536,panting,Not defined,STATE,1702.141,1704.740,2.599,NA,,,,,,
A,2025-04-05 12:38:20.326,timestamp date time: 2023-04-27; 13:57:58,Live observation,NA,0.0,1783.380,NA,NA,No focal subject,3127.536,out of sight,Not defined,STATE,1704.741,1707.214,2.473,NA,,,,,,
A,2025-04-05 12:38:20.326,timestamp date time: 2023-04-27; 13:57:58,Live observation,NA,0.0,1783.380,NA,NA,No focal subject,3127.536,panting,Not defined,STATE,1707.215,1714.585,7.370,NA,,,,,,
A,2025-04-05 12:38:20.326,timestamp date time: 2023-04-27; 13:57:58,Live observation,NA,0.0,1783.380,NA,NA,No focal subject,3127.536,stop panting,Not defined,STATE,1718.046,1724.457,6.411,NA,,,,,,
A,2025-04-05 12:38:20.326,timestamp date time: 2023-04-27; 13:57:58,Live observation,NA,0.0,1783.380,NA,NA,No focal subject,3127.536,panting,Not defined,STATE,1718.047,1724.456,6.409,NA,,,,,,
A,2025-04-05 12:38:20.326,timestamp date time: 2023-04-27; 13:57:58,Live observation,NA,0.0,1783.380,NA,NA,No focal subject,3127.536,stop panting,Not defined,STATE,1735.763,1754.593,18.830,NA,,,,,,
A,2025-04-05 12:38:20.326,timestamp date time: 2023-04-27; 13:57:58,Live observation,NA,0.0,1783.380,NA,NA,No focal subject,3127.536,out of sight,Not defined,STATE,1735.764,1754.592,18.828,NA,,,,,,
A,2025-04-05 12:38:20.326,timestamp date time: 2023-04-27; 13:57:58,Live observation,NA,0.0,1783.380,NA,NA,No focal subject,3127.536,stop panting,Not defined,STATE,1774.895,1785.653,10.758,NA,,,,,,
A,2025-04-05 12:38:20.326,timestamp date time: 2023-04-27; 13:57:58,Live observation,NA,0.0,1783.380,NA,NA,No focal subject,3127.536,panting,Not defined,STATE,1774.896,1785.652,10.756,NA,,,,,,
B,2025-04-02 10:53:54.318,timestamp date time: 2023-05-17; 14:00:53,Live observation,NA,0.0,1793.279,NA,NA,No focal subject,1774.834,panting,Not defined,STATE,0.694,1.638,0.944,NA,,,,,,
B,2025-04-02 10:53:54.318,timestamp date time: 2023-05-17; 14:00:53,Live observation,NA,0.0,1793.279,NA,NA,No focal subject,1774.834,stop panting,Not defined,STATE,1.448,1.637,0.189,NA,,,,,,
B,2025-04-02 10:53:54.318,timestamp date time: 2023-05-17; 14:00:53,Live observation,NA,0.0,1793.279,NA,NA,No focal subject,1774.834,stop panting,Not defined,STATE,9.970,17.125,7.155,NA,,,,,,
B,2025-04-02 10:53:54.318,timestamp date time: 2023-05-17; 14:00:53,Live observation,NA,0.0,1793.279,NA,NA,No focal subject,1774.834,stop panting,Not defined,STATE,18.917,23.883,4.966,NA,,,,,,
B,2025-04-02 10:53:54.318,timestamp date time: 2023-05-17; 14:00:53,Live observation,NA,0.0,1793.279,NA,NA,No focal subject,1774.834,stop panting,Not defined,STATE,33.454,37.822,4.368,NA,,,,,,
B,2025-04-02 10:53:54.318,timestamp date time: 2023-05-17; 14:00:53,Live observation,NA,0.0,1793.279,NA,NA,No focal subject,1774.834,stop panting,Not defined,STATE,49.253,55.017,5.764,NA,,,,,,
B,2025-04-02 10:53:54.318,timestamp date time: 2023-05-17; 14:00:53,Live observation,NA,0.0,1793.279,NA,NA,No focal subject,1774.834,stop panting,Not defined,STATE,57.466,68.331,10.865,NA,,,,,,
B,2025-04-02 10:53:54.318,timestamp date time: 2023-05-17; 14:00:53,Live observation,NA,0.0,1793.279,NA,NA,No focal subject,1774.834,stop panting,Not defined,STATE,83.053,94.345,11.292,NA,,,,,,
B,2025-04-02 10:53:54.318,timestamp date time: 2023-05-17; 14:00:53,Live observation,NA,0.0,1793.279,NA,NA,No focal subject,1774.834,stop panting,Not defined,STATE,99.152,106.651,7.499,NA,,,,,,
B,2025-04-02 10:53:54.318,timestamp date time: 2023-05-17; 14:00:53,Live observation,NA,0.0,1793.279,NA,NA,No focal subject,1774.834,stop panting,Not defined,STATE,111.968,211.643,99.675,NA,,,,,,
B,2025-04-02 10:53:54.318,timestamp date time: 2023-05-17; 14:00:53,Live observation,NA,0.0,1793.279,NA,NA,No focal subject,1774.834,stop panting,Not defined,STATE,218.214,251.294,33.080,NA,,,,,,
B,2025-04-02 10:53:54.318,timestamp date time: 2023-05-17; 14:00:53,Live observation,NA,0.0,1793.279,NA,NA,No focal subject,1774.834,panting,Not defined,STATE,253.237,273.011,19.774,NA,,,,,,
B,2025-04-02 10:53:54.318,timestamp date time: 2023-05-17; 14:00:53,Live observation,NA,0.0,1793.279,NA,NA,No focal subject,1774.834,stop panting,Not defined,STATE,258.657,265.037,6.380,NA,,,,,,
B,2025-04-02 10:53:54.318,timestamp date time: 2023-05-17; 14:00:53,Live observation,NA,0.0,1793.279,NA,NA,No focal subject,1774.834,stop panting,Not defined,STATE,270.981,274.837,3.856,NA,,,,,,
B,2025-04-02 10:53:54.318,timestamp date time: 2023-05-17; 14:00:53,Live observation,NA,0.0,1793.279,NA,NA,No focal subject,1774.834,stop panting,Not defined,STATE,283.718,291.372,7.654,NA,,,,,,
B,2025-04-02 10:53:54.318,timestamp date time: 2023-05-17; 14:00:53,Live observation,NA,0.0,1793.279,NA,NA,No focal subject,1774.834,panting,Not defined,STATE,289.203,347.658,58.455,NA,,,,,,
B,2025-04-02 10:53:54.318,timestamp date time: 2023-05-17; 14:00:53,Live observation,NA,0.0,1793.279,NA,NA,No focal subject,1774.834,stop panting,Not defined,STATE,302.819,309.314,6.495,NA,,,,,,
B,2025-04-02 10:53:54.318,timestamp date time: 2023-05-17; 14:00:53,Live observation,NA,0.0,1793.279,NA,NA,No focal subject,1774.834,stop panting,Not defined,STATE,311.298,314.543,3.245,NA,,,,,,
B,2025-04-02 10:53:54.318,timestamp date time: 2023-05-17; 14:00:53,Live observation,NA,0.0,1793.279,NA,NA,No focal subject,1774.834,stop panting,Not defined,STATE,317.008,322.837,5.829,NA,,,,,,
B,2025-04-02 10:53:54.318,timestamp date time: 2023-05-17; 14:00:53,Live observation,NA,0.0,1793.279,NA,NA,No focal subject,1774.834,stop panting,Not defined,STATE,326.794,331.643,4.849,NA,,,,,,
B,2025-04-02 10:53:54.318,timestamp date time: 2023-05-17; 14:00:53,Live observation,NA,0.0,1793.279,NA,NA,No focal subject,1774.834,stop panting,Not defined,STATE,337.267,340.417,3.150,NA,,,,,,
B,2025-04-02 10:53:54.318,timestamp date time: 2023-05-17; 14:00:53,Live observation,NA,0.0,1793.279,NA,NA,No focal subject,1774.834,stop panting,Not defined,STATE,348.890,361.403,12.513,NA,,,,,,
B,2025-04-02 10:53:54.318,timestamp date time: 2023-05-17; 14:00:53,Live observation,NA,0.0,1793.279,NA,NA,No focal subject,1774.834,stop panting,Not defined,STATE,383.318,387.517,4.199,NA,,,,,,
B,2025-04-02 10:53:54.318,timestamp date time: 2023-05-17; 14:00:53,Live observation,NA,0.0,1793.279,NA,NA,No focal subject,1774.834,stop panting,Not defined,STATE,404.888,409.871,4.983,NA,,,,,,
B,2025-04-02 10:53:54.318,timestamp date time: 2023-05-17; 14:00:53,Live observation,NA,0.0,1793.279,NA,NA,No focal subject,1774.834,stop panting,Not defined,STATE,414.559,421.287,6.728,NA,,,,,,
B,2025-04-02 10:53:54.318,timestamp date time: 2023-05-17; 14:00:53,Live observation,NA,0.0,1793.279,NA,NA,No focal subject,1774.834,stop panting,Not defined,STATE,425.908,433.447,7.539,NA,,,,,,
B,2025-04-02 10:53:54.318,timestamp date time: 2023-05-17; 14:00:53,Live observation,NA,0.0,1793.279,NA,NA,No focal subject,1774.834,panting,Not defined,STATE,428.306,447.875,19.569,NA,,,,,,
B,2025-04-02 10:53:54.318,timestamp date time: 2023-05-17; 14:00:53,Live observation,NA,0.0,1793.279,NA,NA,No focal subject,1774.834,stop panting,Not defined,STATE,442.422,446.383,3.961,NA,,,,,,
B,2025-04-02 10:53:54.318,timestamp date time: 2023-05-17; 14:00:53,Live observation,NA,0.0,1793.279,NA,NA,No focal subject,1774.834,stop panting,Not defined,STATE,449.827,453.062,3.235,NA,,,,,,
B,2025-04-02 10:53:54.318,timestamp date time: 2023-05-17; 14:00:53,Live observation,NA,0.0,1793.279,NA,NA,No focal subject,1774.834,stop panting,Not defined,STATE,455.775,466.438,10.663,NA,,,,,,
B,2025-04-02 10:53:54.318,timestamp date time: 2023-05-17; 14:00:53,Live observation,NA,0.0,1793.279,NA,NA,No focal subject,1774.834,panting,Not defined,STATE,468.035,490.672,22.637,NA,,,,,,
B,2025-04-02 10:53:54.318,timestamp date time: 2023-05-17; 14:00:53,Live observation,NA,0.0,1793.279,NA,NA,No focal subject,1774.834,stop panting,Not defined,STATE,471.857,476.919,5.062,NA,,,,,,
B,2025-04-02 10:53:54.318,timestamp date time: 2023-05-17; 14:00:53,Live observation,NA,0.0,1793.279,NA,NA,No focal subject,1774.834,stop panting,Not defined,STATE,485.126,491.759,6.633,NA,,,,,,
B,2025-04-02 10:53:54.318,timestamp date time: 2023-05-17; 14:00:53,Live observation,NA,0.0,1793.279,NA,NA,No focal subject,1774.834,stop panting,Not defined,STATE,511.142,532.259,21.117,NA,,,,,,
B,2025-04-02 10:53:54.318,timestamp date time: 2023-05-17; 14:00:53,Live observation,NA,0.0,1793.279,NA,NA,No focal subject,1774.834,panting,Not defined,STATE,521.312,572.402,51.090,NA,,,,,,
B,2025-04-02 10:53:54.318,timestamp date time: 2023-05-17; 14:00:53,Live observation,NA,0.0,1793.279,NA,NA,No focal subject,1774.834,stop panting,Not defined,STATE,550.931,563.237,12.306,NA,,,,,,
B,2025-04-02 10:53:54.318,timestamp date time: 2023-05-17; 14:00:53,Live observation,NA,0.0,1793.279,NA,NA,No focal subject,1774.834,stop panting,Not defined,STATE,577.279,588.193,10.914,NA,,,,,,
B,2025-04-02 10:53:54.318,timestamp date time: 2023-05-17; 14:00:53,Live observation,NA,0.0,1793.279,NA,NA,No focal subject,1774.834,panting,Not defined,STATE,582.264,599.906,17.642,NA,,,,,,
B,2025-04-02 10:53:54.318,timestamp date time: 2023-05-17; 14:00:53,Live observation,NA,0.0,1793.279,NA,NA,No focal subject,1774.834,stop panting,Not defined,STATE,592.883,601.807,8.924,NA,,,,,,
B,2025-04-02 10:53:54.318,timestamp date time: 2023-05-17; 14:00:53,Live observation,NA,0.0,1793.279,NA,NA,No focal subject,1774.834,panting,Not defined,STATE,606.048,662.039,55.991,NA,,,,,,
B,2025-04-02 10:53:54.318,timestamp date time: 2023-05-17; 14:00:53,Live observation,NA,0.0,1793.279,NA,NA,No focal subject,1774.834,stop panting,Not defined,STATE,611.230,643.254,32.024,NA,,,,,,
B,2025-04-02 10:53:54.318,timestamp date time: 2023-05-17; 14:00:53,Live observation,NA,0.0,1793.279,NA,NA,No focal subject,1774.834,stop panting,Not defined,STATE,647.849,681.453,33.604,NA,,,,,,
B,2025-04-02 10:53:54.318,timestamp date time: 2023-05-17; 14:00:53,Live observation,NA,0.0,1793.279,NA,NA,No focal subject,1774.834,stop panting,Not defined,STATE,691.012,697.955,6.943,NA,,,,,,
B,2025-04-02 10:53:54.318,timestamp date time: 2023-05-17; 14:00:53,Live observation,NA,0.0,1793.279,NA,NA,No focal subject,1774.834,panting,Not defined,STATE,698.594,746.220,47.626,NA,,,,,,
B,2025-04-02 10:53:54.318,timestamp date time: 2023-05-17; 14:00:53,Live observation,NA,0.0,1793.279,NA,NA,No focal subject,1774.834,stop panting,Not defined,STATE,703.561,715.701,12.140,NA,,,,,,
B,2025-04-02 10:53:54.318,timestamp date time: 2023-05-17; 14:00:53,Live observation,NA,0.0,1793.279,NA,NA,No focal subject,1774.834,stop panting,Not defined,STATE,744.108,754.217,10.109,NA,,,,,,
B,2025-04-02 10:53:54.318,timestamp date time: 2023-05-17; 14:00:53,Live observation,NA,0.0,1793.279,NA,NA,No focal subject,1774.834,stop panting,Not defined,STATE,764.069,769.002,4.933,NA,,,,,,
B,2025-04-02 10:53:54.318,timestamp date time: 2023-05-17; 14:00:53,Live observation,NA,0.0,1793.279,NA,NA,No focal subject,1774.834,stop panting,Not defined,STATE,778.582,794.010,15.428,NA,,,,,,
B,2025-04-02 10:53:54.318,timestamp date time: 2023-05-17; 14:00:53,Live observation,NA,0.0,1793.279,NA,NA,No focal subject,1774.834,panting,Not defined,STATE,790.891,808.326,17.435,NA,,,,,,
B,2025-04-02 10:53:54.318,timestamp date time: 2023-05-17; 14:00:53,Live observation,NA,0.0,1793.279,NA,NA,No focal subject,1774.834,stop panting,Not defined,STATE,812.482,819.317,6.835,NA,,,,,,
B,2025-04-02 10:53:54.318,timestamp date time: 2023-05-17; 14:00:53,Live observation,NA,0.0,1793.279,NA,NA,No focal subject,1774.834,panting,Not defined,STATE,827.199,835.764,8.565,NA,,,,,,
B,2025-04-02 10:53:54.318,timestamp date time: 2023-05-17; 14:00:53,Live observation,NA,0.0,1793.279,NA,NA,No focal subject,1774.834,stop panting,Not defined,STATE,830.288,849.448,19.160,NA,,,,,,
B,2025-04-02 10:53:54.318,timestamp date time: 2023-05-17; 14:00:53,Live observation,NA,0.0,1793.279,NA,NA,No focal subject,1774.834,stop panting,Not defined,STATE,855.341,883.078,27.737,NA,,,,,,
B,2025-04-02 10:53:54.318,timestamp date time: 2023-05-17; 14:00:53,Live observation,NA,0.0,1793.279,NA,NA,No focal subject,1774.834,panting,Not defined,STATE,858.045,872.225,14.180,NA,,,,,,
B,2025-04-02 10:53:54.318,timestamp date time: 2023-05-17; 14:00:53,Live observation,NA,0.0,1793.279,NA,NA,No focal subject,1774.834,panting,Not defined,STATE,888.077,894.967,6.890,NA,,,,,,
B,2025-04-02 10:53:54.318,timestamp date time: 2023-05-17; 14:00:53,Live observation,NA,0.0,1793.279,NA,NA,No focal subject,1774.834,stop panting,Not defined,STATE,905.217,938.535,33.318,NA,,,,,,
B,2025-04-02 10:53:54.318,timestamp date time: 2023-05-17; 14:00:53,Live observation,NA,0.0,1793.279,NA,NA,No focal subject,1774.834,panting,Not defined,STATE,912.171,919.814,7.643,NA,,,,,,
B,2025-04-02 10:53:54.318,timestamp date time: 2023-05-17; 14:00:53,Live observation,NA,0.0,1793.279,NA,NA,No focal subject,1774.834,panting,Not defined,STATE,925.396,946.915,21.519,NA,,,,,,
B,2025-04-02 10:53:54.318,timestamp date time: 2023-05-17; 14:00:53,Live observation,NA,0.0,1793.279,NA,NA,No focal subject,1774.834,stop panting,Not defined,STATE,950.102,986.374,36.272,NA,,,,,,
B,2025-04-02 10:53:54.318,timestamp date time: 2023-05-17; 14:00:53,Live observation,NA,0.0,1793.279,NA,NA,No focal subject,1774.834,panting,Not defined,STATE,955.524,979.028,23.504,NA,,,,,,
B,2025-04-02 10:53:54.318,timestamp date time: 2023-05-17; 14:00:53,Live observation,NA,0.0,1793.279,NA,NA,No focal subject,1774.834,panting,Not defined,STATE,988.169,996.219,8.050,NA,,,,,,
B,2025-04-02 10:53:54.318,timestamp date time: 2023-05-17; 14:00:53,Live observation,NA,0.0,1793.279,NA,NA,No focal subject,1774.834,stop panting,Not defined,STATE,1026.197,1031.217,5.020,NA,,,,,,
B,2025-04-02 10:53:54.318,timestamp date time: 2023-05-17; 14:00:53,Live observation,NA,0.0,1793.279,NA,NA,No focal subject,1774.834,panting,Not defined,STATE,1048.509,1070.416,21.907,NA,,,,,,
B,2025-04-02 10:53:54.318,timestamp date time: 2023-05-17; 14:00:53,Live observation,NA,0.0,1793.279,NA,NA,No focal subject,1774.834,stop panting,Not defined,STATE,1055.274,1059.031,3.757,NA,,,,,,
B,2025-04-02 10:53:54.318,timestamp date time: 2023-05-17; 14:00:53,Live observation,NA,0.0,1793.279,NA,NA,No focal subject,1774.834,stop panting,Not defined,STATE,1064.888,1094.380,29.492,NA,,,,,,
B,2025-04-02 10:53:54.318,timestamp date time: 2023-05-17; 14:00:53,Live observation,NA,0.0,1793.279,NA,NA,No focal subject,1774.834,panting,Not defined,STATE,1081.267,1086.753,5.486,NA,,,,,,
B,2025-04-02 10:53:54.318,timestamp date time: 2023-05-17; 14:00:53,Live observation,NA,0.0,1793.279,NA,NA,No focal subject,1774.834,panting,Not defined,STATE,1100.247,1120.854,20.607,NA,,,,,,
B,2025-04-02 10:53:54.318,timestamp date time: 2023-05-17; 14:00:53,Live observation,NA,0.0,1793.279,NA,NA,No focal subject,1774.834,stop panting,Not defined,STATE,1119.071,1130.471,11.400,NA,,,,,,
B,2025-04-02 10:53:54.318,timestamp date time: 2023-05-17; 14:00:53,Live observation,NA,0.0,1793.279,NA,NA,No focal subject,1774.834,panting,Not defined,STATE,1132.000,1137.751,5.751,NA,,,,,,
B,2025-04-02 10:53:54.318,timestamp date time: 2023-05-17; 14:00:53,Live observation,NA,0.0,1793.279,NA,NA,No focal subject,1774.834,stop panting,Not defined,STATE,1143.864,1185.451,41.587,NA,,,,,,
B,2025-04-02 10:53:54.318,timestamp date time: 2023-05-17; 14:00:53,Live observation,NA,0.0,1793.279,NA,NA,No focal subject,1774.834,panting,Not defined,STATE,1145.236,1169.933,24.697,NA,,,,,,
B,2025-04-02 10:53:54.318,timestamp date time: 2023-05-17; 14:00:53,Live observation,NA,0.0,1793.279,NA,NA,No focal subject,1774.834,panting,Not defined,STATE,1179.130,1190.428,11.298,NA,,,,,,
B,2025-04-02 10:53:54.318,timestamp date time: 2023-05-17; 14:00:53,Live observation,NA,0.0,1793.279,NA,NA,No focal subject,1774.834,panting,Not defined,STATE,1199.697,1210.287,10.590,NA,,,,,,
B,2025-04-02 10:53:54.318,timestamp date time: 2023-05-17; 14:00:53,Live observation,NA,0.0,1793.279,NA,NA,No focal subject,1774.834,stop panting,Not defined,STATE,1207.596,1215.716,8.120,NA,,,,,,
B,2025-04-02 10:53:54.318,timestamp date time: 2023-05-17; 14:00:53,Live observation,NA,0.0,1793.279,NA,NA,No focal subject,1774.834,panting,Not defined,STATE,1220.510,1247.269,26.759,NA,,,,,,
B,2025-04-02 10:53:54.318,timestamp date time: 2023-05-17; 14:00:53,Live observation,NA,0.0,1793.279,NA,NA,No focal subject,1774.834,stop panting,Not defined,STATE,1239.066,1246.550,7.484,NA,,,,,,
B,2025-04-02 10:53:54.318,timestamp date time: 2023-05-17; 14:00:53,Live observation,NA,0.0,1793.279,NA,NA,No focal subject,1774.834,stop panting,Not defined,STATE,1251.568,1257.981,6.413,NA,,,,,,
B,2025-04-02 10:53:54.318,timestamp date time: 2023-05-17; 14:00:53,Live observation,NA,0.0,1793.279,NA,NA,No focal subject,1774.834,panting,Not defined,STATE,1259.588,1267.510,7.922,NA,,,,,,
B,2025-04-02 10:53:54.318,timestamp date time: 2023-05-17; 14:00:53,Live observation,NA,0.0,1793.279,NA,NA,No focal subject,1774.834,panting,Not defined,STATE,1277.607,1283.917,6.310,NA,,,,,,
B,2025-04-02 10:53:54.318,timestamp date time: 2023-05-17; 14:00:53,Live observation,NA,0.0,1793.279,NA,NA,No focal subject,1774.834,stop panting,Not defined,STATE,1286.969,1297.896,10.927,NA,,,,,,
B,2025-04-02 10:53:54.318,timestamp date time: 2023-05-17; 14:00:53,Live observation,NA,0.0,1793.279,NA,NA,No focal subject,1774.834,panting,Not defined,STATE,1288.874,1299.759,10.885,NA,,,,,,
B,2025-04-02 10:53:54.318,timestamp date time: 2023-05-17; 14:00:53,Live observation,NA,0.0,1793.279,NA,NA,No focal subject,1774.834,stop panting,Not defined,STATE,1318.148,1322.689,4.541,NA,,,,,,
B,2025-04-02 10:53:54.318,timestamp date time: 2023-05-17; 14:00:53,Live observation,NA,0.0,1793.279,NA,NA,No focal subject,1774.834,stop panting,Not defined,STATE,1338.600,1373.067,34.467,NA,,,,,,
B,2025-04-02 10:53:54.318,timestamp date time: 2023-05-17; 14:00:53,Live observation,NA,0.0,1793.279,NA,NA,No focal subject,1774.834,panting,Not defined,STATE,1340.321,1351.505,11.184,NA,,,,,,
B,2025-04-02 10:53:54.318,timestamp date time: 2023-05-17; 14:00:53,Live observation,NA,0.0,1793.279,NA,NA,No focal subject,1774.834,panting,Not defined,STATE,1366.474,1386.319,19.845,NA,,,,,,
B,2025-04-02 10:53:54.318,timestamp date time: 2023-05-17; 14:00:53,Live observation,NA,0.0,1793.279,NA,NA,No focal subject,1774.834,stop panting,Not defined,STATE,1395.471,1416.696,21.225,NA,,,,,,
B,2025-04-02 10:53:54.318,timestamp date time: 2023-05-17; 14:00:53,Live observation,NA,0.0,1793.279,NA,NA,No focal subject,1774.834,panting,Not defined,STATE,1396.631,1402.877,6.246,NA,,,,,,
B,2025-04-02 10:53:54.318,timestamp date time: 2023-05-17; 14:00:53,Live observation,NA,0.0,1793.279,NA,NA,No focal subject,1774.834,panting,Not defined,STATE,1406.325,1422.824,16.499,NA,,,,,,
B,2025-04-02 10:53:54.318,timestamp date time: 2023-05-17; 14:00:53,Live observation,NA,0.0,1793.279,NA,NA,No focal subject,1774.834,stop panting,Not defined,STATE,1421.797,1429.167,7.370,NA,,,,,,
B,2025-04-02 10:53:54.318,timestamp date time: 2023-05-17; 14:00:53,Live observation,NA,0.0,1793.279,NA,NA,No focal subject,1774.834,panting,Not defined,STATE,1431.972,1437.151,5.179,NA,,,,,,
B,2025-04-02 10:53:54.318,timestamp date time: 2023-05-17; 14:00:53,Live observation,NA,0.0,1793.279,NA,NA,No focal subject,1774.834,stop panting,Not defined,STATE,1458.433,1478.073,19.640,NA,,,,,,
B,2025-04-02 10:53:54.318,timestamp date time: 2023-05-17; 14:00:53,Live observation,NA,0.0,1793.279,NA,NA,No focal subject,1774.834,panting,Not defined,STATE,1468.284,1502.474,34.190,NA,,,,,,
B,2025-04-02 10:53:54.318,timestamp date time: 2023-05-17; 14:00:53,Live observation,NA,0.0,1793.279,NA,NA,No focal subject,1774.834,stop panting,Not defined,STATE,1485.658,1498.438,12.780,NA,,,,,,
B,2025-04-02 10:53:54.318,timestamp date time: 2023-05-17; 14:00:53,Live observation,NA,0.0,1793.279,NA,NA,No focal subject,1774.834,stop panting,Not defined,STATE,1513.458,1533.497,20.039,NA,,,,,,
B,2025-04-02 10:53:54.318,timestamp date time: 2023-05-17; 14:00:53,Live observation,NA,0.0,1793.279,NA,NA,No focal subject,1774.834,panting,Not defined,STATE,1536.535,1558.198,21.663,NA,,,,,,
B,2025-04-02 10:53:54.318,timestamp date time: 2023-05-17; 14:00:53,Live observation,NA,0.0,1793.279,NA,NA,No focal subject,1774.834,stop panting,Not defined,STATE,1543.176,1552.549,9.373,NA,,,,,,
B,2025-04-02 10:53:54.318,timestamp date time: 2023-05-17; 14:00:53,Live observation,NA,0.0,1793.279,NA,NA,No focal subject,1774.834,stop panting,Not defined,STATE,1592.411,1626.163,33.752,NA,,,,,,
B,2025-04-02 10:53:54.318,timestamp date time: 2023-05-17; 14:00:53,Live observation,NA,0.0,1793.279,NA,NA,No focal subject,1774.834,panting,Not defined,STATE,1598.422,1610.209,11.787,NA,,,,,,
B,2025-04-02 10:53:54.318,timestamp date time: 2023-05-17; 14:00:53,Live observation,NA,0.0,1793.279,NA,NA,No focal subject,1774.834,panting,Not defined,STATE,1615.403,1619.322,3.919,NA,,,,,,
B,2025-04-02 10:53:54.318,timestamp date time: 2023-05-17; 14:00:53,Live observation,NA,0.0,1793.279,NA,NA,No focal subject,1774.834,panting,Not defined,STATE,1627.877,1635.231,7.354,NA,,,,,,
B,2025-04-02 10:53:54.318,timestamp date time: 2023-05-17; 14:00:53,Live observation,NA,0.0,1793.279,NA,NA,No focal subject,1774.834,stop panting,Not defined,STATE,1634.177,1640.769,6.592,NA,,,,,,
B,2025-04-02 10:53:54.318,timestamp date time: 2023-05-17; 14:00:53,Live observation,NA,0.0,1793.279,NA,NA,No focal subject,1774.834,panting,Not defined,STATE,1641.269,1652.254,10.985,NA,,,,,,
B,2025-04-02 10:53:54.318,timestamp date time: 2023-05-17; 14:00:53,Live observation,NA,0.0,1793.279,NA,NA,No focal subject,1774.834,stop panting,Not defined,STATE,1654.263,1661.151,6.888,NA,,,,,,
B,2025-04-02 10:53:54.318,timestamp date time: 2023-05-17; 14:00:53,Live observation,NA,0.0,1793.279,NA,NA,No focal subject,1774.834,panting,Not defined,STATE,1667.429,1717.684,50.255,NA,,,,,,
B,2025-04-02 10:53:54.318,timestamp date time: 2023-05-17; 14:00:53,Live observation,NA,0.0,1793.279,NA,NA,No focal subject,1774.834,stop panting,Not defined,STATE,1673.334,1686.928,13.594,NA,,,,,,
B,2025-04-02 10:53:54.318,timestamp date time: 2023-05-17; 14:00:53,Live observation,NA,0.0,1793.279,NA,NA,No focal subject,1774.834,stop panting,Not defined,STATE,1691.178,1696.388,5.210,NA,,,,,,
B,2025-04-02 10:53:54.318,timestamp date time: 2023-05-17; 14:00:53,Live observation,NA,0.0,1793.279,NA,NA,No focal subject,1774.834,stop panting,Not defined,STATE,1701.351,1727.502,26.151,NA,,,,,,
B,2025-04-02 10:53:54.318,timestamp date time: 2023-05-17; 14:00:53,Live observation,NA,0.0,1793.279,NA,NA,No focal subject,1774.834,panting,Not defined,STATE,1728.316,1750.865,22.549,NA,,,,,,
B,2025-04-02 10:53:54.318,timestamp date time: 2023-05-17; 14:00:53,Live observation,NA,0.0,1793.279,NA,NA,No focal subject,1774.834,stop panting,Not defined,STATE,1737.834,1741.851,4.017,NA,,,,,,
B,2025-04-02 10:53:54.318,timestamp date time: 2023-05-17; 14:00:53,Live observation,NA,0.0,1793.279,NA,NA,No focal subject,1774.834,stop panting,Not defined,STATE,1746.719,1753.971,7.252,NA,,,,,,
B,2025-04-02 10:53:54.318,timestamp date time: 2023-05-17; 14:00:53,Live observation,NA,0.0,1793.279,NA,NA,No focal subject,1774.834,panting,Not defined,STATE,1756.337,1793.973,37.636,NA,,,,,,
B,2025-04-02 10:53:54.318,timestamp date time: 2023-05-17; 14:00:53,Live observation,NA,0.0,1793.279,NA,NA,No focal subject,1774.834,stop panting,Not defined,STATE,1763.126,1777.620,14.494,NA,,,,,,
B,2025-04-02 10:53:54.318,timestamp date time: 2023-05-17; 14:00:53,Live observation,NA,0.0,1793.279,NA,NA,No focal subject,1774.834,stop panting,Not defined,STATE,1781.806,1788.447,6.641,NA,,,,,,
BB,2025-04-02 11:56:47.523,timestamp date time: 2023-05-09; 15:30:32,Live observation,NA,0.0,1787.397,NA,NA,No focal subject,2123.952,panting,Not defined,STATE,0.000,213.012,213.012,NA,,,,,Event automatically added by the fix unpaired state events function,
BB,2025-04-02 11:56:47.523,timestamp date time: 2023-05-09; 15:30:32,Live observation,NA,0.0,1787.397,NA,NA,No focal subject,2123.952,stop panting,Not defined,STATE,0.762,3.168,2.406,NA,,,,,,
BB,2025-04-02 11:56:47.523,timestamp date time: 2023-05-09; 15:30:32,Live observation,NA,0.0,1787.397,NA,NA,No focal subject,2123.952,stop panting,Not defined,STATE,13.579,15.169,1.590,NA,,,,,,
BB,2025-04-02 11:56:47.523,timestamp date time: 2023-05-09; 15:30:32,Live observation,NA,0.0,1787.397,NA,NA,No focal subject,2123.952,stop panting,Not defined,STATE,43.315,49.977,6.662,NA,,,,,,
BB,2025-04-02 11:56:47.523,timestamp date time: 2023-05-09; 15:30:32,Live observation,NA,0.0,1787.397,NA,NA,No focal subject,2123.952,stop panting,Not defined,STATE,63.652,72.114,8.462,NA,,,,,,
BB,2025-04-02 11:56:47.523,timestamp date time: 2023-05-09; 15:30:32,Live observation,NA,0.0,1787.397,NA,NA,No focal subject,2123.952,stop panting,Not defined,STATE,87.147,97.612,10.465,NA,,,,,,
BB,2025-04-02 11:56:47.523,timestamp date time: 2023-05-09; 15:30:32,Live observation,NA,0.0,1787.397,NA,NA,No focal subject,2123.952,stop panting,Not defined,STATE,152.596,159.951,7.355,NA,,,,,,
BB,2025-04-02 11:56:47.523,timestamp date time: 2023-05-09; 15:30:32,Live observation,NA,0.0,1787.397,NA,NA,No focal subject,2123.952,stop panting,Not defined,STATE,165.176,190.500,25.324,NA,,,,,,
BB,2025-04-02 11:56:47.523,timestamp date time: 2023-05-09; 15:30:32,Live observation,NA,0.0,1787.397,NA,NA,No focal subject,2123.952,stop panting,Not defined,STATE,204.429,216.277,11.848,NA,,,,,,
BB,2025-04-02 11:56:47.523,timestamp date time: 2023-05-09; 15:30:32,Live observation,NA,0.0,1787.397,NA,NA,No focal subject,2123.952,panting,Not defined,STATE,222.195,290.909,68.714,NA,,,,,,
BB,2025-04-02 11:56:47.523,timestamp date time: 2023-05-09; 15:30:32,Live observation,NA,0.0,1787.397,NA,NA,No focal subject,2123.952,stop panting,Not defined,STATE,256.437,297.615,41.178,NA,,,,,,
BB,2025-04-02 11:56:47.523,timestamp date time: 2023-05-09; 15:30:32,Live observation,NA,0.0,1787.397,NA,NA,No focal subject,2123.952,panting,Not defined,STATE,294.755,362.719,67.964,NA,,,,,,
BB,2025-04-02 11:56:47.523,timestamp date time: 2023-05-09; 15:30:32,Live observation,NA,0.0,1787.397,NA,NA,No focal subject,2123.952,stop panting,Not defined,STATE,339.645,361.590,21.945,NA,,,,,,
BB,2025-04-02 11:56:47.523,timestamp date time: 2023-05-09; 15:30:32,Live observation,NA,0.0,1787.397,NA,NA,No focal subject,2123.952,panting,Not defined,STATE,388.019,413.458,25.439,NA,,,,,,
BB,2025-04-02 11:56:47.523,timestamp date time: 2023-05-09; 15:30:32,Live observation,NA,0.0,1787.397,NA,NA,No focal subject,2123.952,stop panting,Not defined,STATE,397.436,411.063,13.627,NA,,,,,,
BB,2025-04-02 11:56:47.523,timestamp date time: 2023-05-09; 15:30:32,Live observation,NA,0.0,1787.397,NA,NA,No focal subject,2123.952,stop panting,Not defined,STATE,433.988,480.359,46.371,NA,,,,,,
BB,2025-04-02 11:56:47.523,timestamp date time: 2023-05-09; 15:30:32,Live observation,NA,0.0,1787.397,NA,NA,No focal subject,2123.952,panting,Not defined,STATE,463.417,530.654,67.237,NA,,,,,,
BB,2025-04-02 11:56:47.523,timestamp date time: 2023-05-09; 15:30:32,Live observation,NA,0.0,1787.397,NA,NA,No focal subject,2123.952,stop panting,Not defined,STATE,523.035,529.255,6.220,NA,,,,,,
BB,2025-04-02 11:56:47.523,timestamp date time: 2023-05-09; 15:30:32,Live observation,NA,0.0,1787.397,NA,NA,No focal subject,2123.952,stop panting,Not defined,STATE,536.238,569.013,32.775,NA,,,,,,
BB,2025-04-02 11:56:47.523,timestamp date time: 2023-05-09; 15:30:32,Live observation,NA,0.0,1787.397,NA,NA,No focal subject,2123.952,panting,Not defined,STATE,538.090,570.484,32.394,NA,,,,,,
BB,2025-04-02 11:56:47.523,timestamp date time: 2023-05-09; 15:30:32,Live observation,NA,0.0,1787.397,NA,NA,No focal subject,2123.952,stop panting,Not defined,STATE,580.515,597.879,17.364,NA,,,,,,
BB,2025-04-02 11:56:47.523,timestamp date time: 2023-05-09; 15:30:32,Live observation,NA,0.0,1787.397,NA,NA,No focal subject,2123.952,panting,Not defined,STATE,583.844,600.849,17.005,NA,,,,,,
BB,2025-04-02 11:56:47.523,timestamp date time: 2023-05-09; 15:30:32,Live observation,NA,0.0,1787.397,NA,NA,No focal subject,2123.952,panting,Not defined,STATE,606.883,616.253,9.370,NA,,,,,,
BB,2025-04-02 11:56:47.523,timestamp date time: 2023-05-09; 15:30:32,Live observation,NA,0.0,1787.397,NA,NA,No focal subject,2123.952,stop panting,Not defined,STATE,611.914,621.234,9.320,NA,,,,,,
BB,2025-04-02 11:56:47.523,timestamp date time: 2023-05-09; 15:30:32,Live observation,NA,0.0,1787.397,NA,NA,No focal subject,2123.952,stop panting,Not defined,STATE,628.819,639.405,10.586,NA,,,,,,
BB,2025-04-02 11:56:47.523,timestamp date time: 2023-05-09; 15:30:32,Live observation,NA,0.0,1787.397,NA,NA,No focal subject,2123.952,panting,Not defined,STATE,629.384,647.075,17.691,NA,,,,,,
BB,2025-04-02 11:56:47.523,timestamp date time: 2023-05-09; 15:30:32,Live observation,NA,0.0,1787.397,NA,NA,No focal subject,2123.952,panting,Not defined,STATE,652.227,663.292,11.065,NA,,,,,,
BB,2025-04-02 11:56:47.523,timestamp date time: 2023-05-09; 15:30:32,Live observation,NA,0.0,1787.397,NA,NA,No focal subject,2123.952,panting,Not defined,STATE,693.608,705.347,11.739,NA,,,,,,
BB,2025-04-02 11:56:47.523,timestamp date time: 2023-05-09; 15:30:32,Live observation,NA,0.0,1787.397,NA,NA,No focal subject,2123.952,stop panting,Not defined,STATE,702.303,768.815,66.512,NA,,,,,,
BB,2025-04-02 11:56:47.523,timestamp date time: 2023-05-09; 15:30:32,Live observation,NA,0.0,1787.397,NA,NA,No focal subject,2123.952,panting,Not defined,STATE,713.261,716.367,3.106,NA,,,,,,
BB,2025-04-02 11:56:47.523,timestamp date time: 2023-05-09; 15:30:32,Live observation,NA,0.0,1787.397,NA,NA,No focal subject,2123.952,panting,Not defined,STATE,723.850,826.170,102.320,NA,,,,,,
BB,2025-04-02 11:56:47.523,timestamp date time: 2023-05-09; 15:30:32,Live observation,NA,0.0,1787.397,NA,NA,No focal subject,2123.952,stop panting,Not defined,STATE,802.494,822.700,20.206,NA,,,,,,
BB,2025-04-02 11:56:47.523,timestamp date time: 2023-05-09; 15:30:32,Live observation,NA,0.0,1787.397,NA,NA,No focal subject,2123.952,panting,Not defined,STATE,842.263,850.150,7.887,NA,,,,,,
BB,2025-04-02 11:56:47.523,timestamp date time: 2023-05-09; 15:30:32,Live observation,NA,0.0,1787.397,NA,NA,No focal subject,2123.952,panting,Not defined,STATE,855.456,859.752,4.296,NA,,,,,,
BB,2025-04-02 11:56:47.523,timestamp date time: 2023-05-09; 15:30:32,Live observation,NA,0.0,1787.397,NA,NA,No focal subject,2123.952,stop panting,Not defined,STATE,870.713,931.372,60.659,NA,,,,,,
BB,2025-04-02 11:56:47.523,timestamp date time: 2023-05-09; 15:30:32,Live observation,NA,0.0,1787.397,NA,NA,No focal subject,2123.952,panting,Not defined,STATE,878.597,917.664,39.067,NA,,,,,,
BB,2025-04-02 11:56:47.523,timestamp date time: 2023-05-09; 15:30:32,Live observation,NA,0.0,1787.397,NA,NA,No focal subject,2123.952,stop panting,Not defined,STATE,1024.672,1062.100,37.428,NA,,,,,,
BB,2025-04-02 11:56:47.523,timestamp date time: 2023-05-09; 15:30:32,Live observation,NA,0.0,1787.397,NA,NA,No focal subject,2123.952,panting,Not defined,STATE,1028.921,1063.494,34.573,NA,,,,,,
BB,2025-04-02 11:56:47.523,timestamp date time: 2023-05-09; 15:30:32,Live observation,NA,0.0,1787.397,NA,NA,No focal subject,2123.952,stop panting,Not defined,STATE,1077.918,1087.969,10.051,NA,,,,,,
BB,2025-04-02 11:56:47.523,timestamp date time: 2023-05-09; 15:30:32,Live observation,NA,0.0,1787.397,NA,NA,No focal subject,2123.952,stop panting,Not defined,STATE,1095.764,1101.194,5.430,NA,,,,,,
BB,2025-04-02 11:56:47.523,timestamp date time: 2023-05-09; 15:30:32,Live observation,NA,0.0,1787.397,NA,NA,No focal subject,2123.952,panting,Not defined,STATE,1102.522,1194.563,92.041,NA,,,,,,
BB,2025-04-02 11:56:47.523,timestamp date time: 2023-05-09; 15:30:32,Live observation,NA,0.0,1787.397,NA,NA,No focal subject,2123.952,stop panting,Not defined,STATE,1137.724,1244.163,106.439,NA,,,,,,
BB,2025-04-02 11:56:47.523,timestamp date time: 2023-05-09; 15:30:32,Live observation,NA,0.0,1787.397,NA,NA,No focal subject,2123.952,panting,Not defined,STATE,1230.673,1272.513,41.840,NA,,,,,,
BB,2025-04-02 11:56:47.523,timestamp date time: 2023-05-09; 15:30:32,Live observation,NA,0.0,1787.397,NA,NA,No focal subject,2123.952,panting,Not defined,STATE,1283.705,1376.709,93.004,NA,,,,,,
BB,2025-04-02 11:56:47.523,timestamp date time: 2023-05-09; 15:30:32,Live observation,NA,0.0,1787.397,NA,NA,No focal subject,2123.952,stop panting,Not defined,STATE,1295.860,1369.693,73.833,NA,,,,,,
BB,2025-04-02 11:56:47.523,timestamp date time: 2023-05-09; 15:30:32,Live observation,NA,0.0,1787.397,NA,NA,No focal subject,2123.952,panting,Not defined,STATE,1400.925,1448.544,47.619,NA,,,,,,
BB,2025-04-02 11:56:47.523,timestamp date time: 2023-05-09; 15:30:32,Live observation,NA,0.0,1787.397,NA,NA,No focal subject,2123.952,stop panting,Not defined,STATE,1419.862,1446.167,26.305,NA,,,,,,
BB,2025-04-02 11:56:47.523,timestamp date time: 2023-05-09; 15:30:32,Live observation,NA,0.0,1787.397,NA,NA,No focal subject,2123.952,panting,Not defined,STATE,1454.528,1470.796,16.268,NA,,,,,,
BB,2025-04-02 11:56:47.523,timestamp date time: 2023-05-09; 15:30:32,Live observation,NA,0.0,1787.397,NA,NA,No focal subject,2123.952,stop panting,Not defined,STATE,1469.074,1544.981,75.907,NA,,,,,,
BB,2025-04-02 11:56:47.523,timestamp date time: 2023-05-09; 15:30:32,Live observation,NA,0.0,1787.397,NA,NA,No focal subject,2123.952,panting,Not defined,STATE,1545.793,1614.001,68.208,NA,,,,,,
BB,2025-04-02 11:56:47.523,timestamp date time: 2023-05-09; 15:30:32,Live observation,NA,0.0,1787.397,NA,NA,No focal subject,2123.952,stop panting,Not defined,STATE,1576.861,1583.283,6.422,NA,,,,,,
BB,2025-04-02 11:56:47.523,timestamp date time: 2023-05-09; 15:30:32,Live observation,NA,0.0,1787.397,NA,NA,No focal subject,2123.952,stop panting,Not defined,STATE,1622.875,1648.533,25.658,NA,,,,,,
BB,2025-04-02 11:56:47.523,timestamp date time: 2023-05-09; 15:30:32,Live observation,NA,0.0,1787.397,NA,NA,No focal subject,2123.952,panting,Not defined,STATE,1650.240,1763.776,113.536,NA,,,,,,
BB,2025-04-02 11:56:47.523,timestamp date time: 2023-05-09; 15:30:32,Live observation,NA,0.0,1787.397,NA,NA,No focal subject,2123.952,stop panting,Not defined,STATE,1652.373,1752.821,100.448,NA,,,,,,
BB,2025-04-02 11:56:47.523,timestamp date time: 2023-05-09; 15:30:32,Live observation,NA,0.0,1787.397,NA,NA,No focal subject,2123.952,stop panting,Not defined,STATE,1757.636,1787.397,29.761,NA,,,,,,
C,2025-04-02 16:17:22.921,timestamp date time: 2023-04-30; 13:40:25,Live observation,NA,0.0,1783.540,NA,NA,No focal subject,1934.165,panting,Not defined,STATE,0.000,109.348,109.348,NA,,,,,Event automatically added by the fix unpaired state events function,
C,2025-04-02 16:17:22.921,timestamp date time: 2023-04-30; 13:40:25,Live observation,NA,0.0,1783.540,NA,NA,No focal subject,1934.165,stop panting,Not defined,STATE,1.111,1.293,0.182,NA,,,,,,
C,2025-04-02 16:17:22.921,timestamp date time: 2023-04-30; 13:40:25,Live observation,NA,0.0,1783.540,NA,NA,No focal subject,1934.165,stop panting,Not defined,STATE,39.974,73.483,33.509,NA,,,,,,
C,2025-04-02 16:17:22.921,timestamp date time: 2023-04-30; 13:40:25,Live observation,NA,0.0,1783.540,NA,NA,No focal subject,1934.165,stop panting,Not defined,STATE,96.450,111.456,15.006,NA,,,,,,
C,2025-04-02 16:17:22.921,timestamp date time: 2023-04-30; 13:40:25,Live observation,NA,0.0,1783.540,NA,NA,No focal subject,1934.165,stop panting,Not defined,STATE,117.341,135.444,18.103,NA,,,,,,
C,2025-04-02 16:17:22.921,timestamp date time: 2023-04-30; 13:40:25,Live observation,NA,0.0,1783.540,NA,NA,No focal subject,1934.165,stop panting,Not defined,STATE,138.081,144.452,6.371,NA,,,,,,
C,2025-04-02 16:17:22.921,timestamp date time: 2023-04-30; 13:40:25,Live observation,NA,0.0,1783.540,NA,NA,No focal subject,1934.165,panting,Not defined,STATE,139.852,150.547,10.695,NA,,,,,,
C,2025-04-02 16:17:22.921,timestamp date time: 2023-04-30; 13:40:25,Live observation,NA,0.0,1783.540,NA,NA,No focal subject,1934.165,stop panting,Not defined,STATE,180.465,214.925,34.460,NA,,,,,,
C,2025-04-02 16:17:22.921,timestamp date time: 2023-04-30; 13:40:25,Live observation,NA,0.0,1783.540,NA,NA,No focal subject,1934.165,panting,Not defined,STATE,183.478,204.009,20.531,NA,,,,,,
C,2025-04-02 16:17:22.921,timestamp date time: 2023-04-30; 13:40:25,Live observation,NA,0.0,1783.540,NA,NA,No focal subject,1934.165,panting,Not defined,STATE,215.952,232.235,16.283,NA,,,,,,
C,2025-04-02 16:17:22.921,timestamp date time: 2023-04-30; 13:40:25,Live observation,NA,0.0,1783.540,NA,NA,No focal subject,1934.165,stop panting,Not defined,STATE,248.653,272.442,23.789,NA,,,,,,
C,2025-04-02 16:17:22.921,timestamp date time: 2023-04-30; 13:40:25,Live observation,NA,0.0,1783.540,NA,NA,No focal subject,1934.165,panting,Not defined,STATE,275.605,291.878,16.273,NA,,,,,,
C,2025-04-02 16:17:22.921,timestamp date time: 2023-04-30; 13:40:25,Live observation,NA,0.0,1783.540,NA,NA,No focal subject,1934.165,stop panting,Not defined,STATE,290.528,299.864,9.336,NA,,,,,,
C,2025-04-02 16:17:22.921,timestamp date time: 2023-04-30; 13:40:25,Live observation,NA,0.0,1783.540,NA,NA,No focal subject,1934.165,panting,Not defined,STATE,300.458,334.710,34.252,NA,,,,,,
C,2025-04-02 16:17:22.921,timestamp date time: 2023-04-30; 13:40:25,Live observation,NA,0.0,1783.540,NA,NA,No focal subject,1934.165,stop panting,Not defined,STATE,318.950,333.390,14.440,NA,,,,,,
C,2025-04-02 16:17:22.921,timestamp date time: 2023-04-30; 13:40:25,Live observation,NA,0.0,1783.540,NA,NA,No focal subject,1934.165,stop panting,Not defined,STATE,337.937,349.091,11.154,NA,,,,,,
C,2025-04-02 16:17:22.921,timestamp date time: 2023-04-30; 13:40:25,Live observation,NA,0.0,1783.540,NA,NA,No focal subject,1934.165,panting,Not defined,STATE,342.384,349.959,7.575,NA,,,,,,
C,2025-04-02 16:17:22.921,timestamp date time: 2023-04-30; 13:40:25,Live observation,NA,0.0,1783.540,NA,NA,No focal subject,1934.165,stop panting,Not defined,STATE,373.087,396.784,23.697,NA,,,,,,
C,2025-04-02 16:17:22.921,timestamp date time: 2023-04-30; 13:40:25,Live observation,NA,0.0,1783.540,NA,NA,No focal subject,1934.165,panting,Not defined,STATE,374.042,390.932,16.890,NA,,,,,,
C,2025-04-02 16:17:22.921,timestamp date time: 2023-04-30; 13:40:25,Live observation,NA,0.0,1783.540,NA,NA,No focal subject,1934.165,panting,Not defined,STATE,398.974,420.363,21.389,NA,,,,,,
C,2025-04-02 16:17:22.921,timestamp date time: 2023-04-30; 13:40:25,Live observation,NA,0.0,1783.540,NA,NA,No focal subject,1934.165,stop panting,Not defined,STATE,411.569,419.803,8.234,NA,,,,,,
C,2025-04-02 16:17:22.921,timestamp date time: 2023-04-30; 13:40:25,Live observation,NA,0.0,1783.540,NA,NA,No focal subject,1934.165,panting,Not defined,STATE,491.120,507.377,16.257,NA,,,,,,
C,2025-04-02 16:17:22.921,timestamp date time: 2023-04-30; 13:40:25,Live observation,NA,0.0,1783.540,NA,NA,No focal subject,1934.165,panting,Not defined,STATE,513.268,557.710,44.442,NA,,,,,,
C,2025-04-02 16:17:22.921,timestamp date time: 2023-04-30; 13:40:25,Live observation,NA,0.0,1783.540,NA,NA,No focal subject,1934.165,stop panting,Not defined,STATE,529.029,621.420,92.391,NA,,,,,,
C,2025-04-02 16:17:22.921,timestamp date time: 2023-04-30; 13:40:25,Live observation,NA,0.0,1783.540,NA,NA,No focal subject,1934.165,panting,Not defined,STATE,583.307,593.339,10.032,NA,,,,,,
C,2025-04-02 16:17:22.921,timestamp date time: 2023-04-30; 13:40:25,Live observation,NA,0.0,1783.540,NA,NA,No focal subject,1934.165,panting,Not defined,STATE,612.300,622.151,9.851,NA,,,,,,
C,2025-04-02 16:17:22.921,timestamp date time: 2023-04-30; 13:40:25,Live observation,NA,0.0,1783.540,NA,NA,No focal subject,1934.165,stop panting,Not defined,STATE,668.426,680.660,12.234,NA,,,,,,
C,2025-04-02 16:17:22.921,timestamp date time: 2023-04-30; 13:40:25,Live observation,NA,0.0,1783.540,NA,NA,No focal subject,1934.165,panting,Not defined,STATE,670.357,682.534,12.177,NA,,,,,,
C,2025-04-02 16:17:22.921,timestamp date time: 2023-04-30; 13:40:25,Live observation,NA,0.0,1783.540,NA,NA,No focal subject,1934.165,panting,Not defined,STATE,688.097,750.160,62.063,NA,,,,,,
C,2025-04-02 16:17:22.921,timestamp date time: 2023-04-30; 13:40:25,Live observation,NA,0.0,1783.540,NA,NA,No focal subject,1934.165,stop panting,Not defined,STATE,719.422,906.460,187.038,NA,,,,,,
C,2025-04-02 16:17:22.921,timestamp date time: 2023-04-30; 13:40:25,Live observation,NA,0.0,1783.540,NA,NA,No focal subject,1934.165,panting,Not defined,STATE,767.489,826.951,59.462,NA,,,,,,
C,2025-04-02 16:17:22.921,timestamp date time: 2023-04-30; 13:40:25,Live observation,NA,0.0,1783.540,NA,NA,No focal subject,1934.165,panting,Not defined,STATE,854.568,875.207,20.639,NA,,,,,,
C,2025-04-02 16:17:22.921,timestamp date time: 2023-04-30; 13:40:25,Live observation,NA,0.0,1783.540,NA,NA,No focal subject,1934.165,panting,Not defined,STATE,884.134,909.462,25.328,NA,,,,,,
C,2025-04-02 16:17:22.921,timestamp date time: 2023-04-30; 13:40:25,Live observation,NA,0.0,1783.540,NA,NA,No focal subject,1934.165,stop panting,Not defined,STATE,923.735,947.457,23.722,NA,,,,,,
C,2025-04-02 16:17:22.921,timestamp date time: 2023-04-30; 13:40:25,Live observation,NA,0.0,1783.540,NA,NA,No focal subject,1934.165,panting,Not defined,STATE,925.428,949.024,23.596,NA,,,,,,
C,2025-04-02 16:17:22.921,timestamp date time: 2023-04-30; 13:40:25,Live observation,NA,0.0,1783.540,NA,NA,No focal subject,1934.165,stop panting,Not defined,STATE,965.979,975.172,9.193,NA,,,,,,
C,2025-04-02 16:17:22.921,timestamp date time: 2023-04-30; 13:40:25,Live observation,NA,0.0,1783.540,NA,NA,No focal subject,1934.165,panting,Not defined,STATE,967.323,999.996,32.673,NA,,,,,,
C,2025-04-02 16:17:22.921,timestamp date time: 2023-04-30; 13:40:25,Live observation,NA,0.0,1783.540,NA,NA,No focal subject,1934.165,panting,Not defined,STATE,1016.390,1061.398,45.008,NA,,,,,,
C,2025-04-02 16:17:22.921,timestamp date time: 2023-04-30; 13:40:25,Live observation,NA,0.0,1783.540,NA,NA,No focal subject,1934.165,stop panting,Not defined,STATE,1055.876,1128.678,72.802,NA,,,,,,
C,2025-04-02 16:17:22.921,timestamp date time: 2023-04-30; 13:40:25,Live observation,NA,0.0,1783.540,NA,NA,No focal subject,1934.165,panting,Not defined,STATE,1103.163,1139.988,36.825,NA,,,,,,
C,2025-04-02 16:17:22.921,timestamp date time: 2023-04-30; 13:40:25,Live observation,NA,0.0,1783.540,NA,NA,No focal subject,1934.165,stop panting,Not defined,STATE,1139.411,1147.601,8.190,NA,,,,,,
C,2025-04-02 16:17:22.921,timestamp date time: 2023-04-30; 13:40:25,Live observation,NA,0.0,1783.540,NA,NA,No focal subject,1934.165,panting,Not defined,STATE,1148.050,1168.157,20.107,NA,,,,,,
C,2025-04-02 16:17:22.921,timestamp date time: 2023-04-30; 13:40:25,Live observation,NA,0.0,1783.540,NA,NA,No focal subject,1934.165,stop panting,Not defined,STATE,1166.083,1229.216,63.133,NA,,,,,,
C,2025-04-02 16:17:22.921,timestamp date time: 2023-04-30; 13:40:25,Live observation,NA,0.0,1783.540,NA,NA,No focal subject,1934.165,panting,Not defined,STATE,1212.592,1261.750,49.158,NA,,,,,,
C,2025-04-02 16:17:22.921,timestamp date time: 2023-04-30; 13:40:25,Live observation,NA,0.0,1783.540,NA,NA,No focal subject,1934.165,stop panting,Not defined,STATE,1270.002,1333.715,63.713,NA,,,,,,
C,2025-04-02 16:17:22.921,timestamp date time: 2023-04-30; 13:40:25,Live observation,NA,0.0,1783.540,NA,NA,No focal subject,1934.165,panting,Not defined,STATE,1271.750,1314.092,42.342,NA,,,,,,
C,2025-04-02 16:17:22.921,timestamp date time: 2023-04-30; 13:40:25,Live observation,NA,0.0,1783.540,NA,NA,No focal subject,1934.165,panting,Not defined,STATE,1334.205,1350.199,15.994,NA,,,,,,
C,2025-04-02 16:17:22.921,timestamp date time: 2023-04-30; 13:40:25,Live observation,NA,0.0,1783.540,NA,NA,No focal subject,1934.165,stop panting,Not defined,STATE,1361.087,1425.997,64.910,NA,,,,,,
C,2025-04-02 16:17:22.921,timestamp date time: 2023-04-30; 13:40:25,Live observation,NA,0.0,1783.540,NA,NA,No focal subject,1934.165,panting,Not defined,STATE,1428.301,1448.941,20.640,NA,,,,,,
C,2025-04-02 16:17:22.921,timestamp date time: 2023-04-30; 13:40:25,Live observation,NA,0.0,1783.540,NA,NA,No focal subject,1934.165,panting,Not defined,STATE,1452.586,1493.925,41.339,NA,,,,,,
C,2025-04-02 16:17:22.921,timestamp date time: 2023-04-30; 13:40:25,Live observation,NA,0.0,1783.540,NA,NA,No focal subject,1934.165,stop panting,Not defined,STATE,1464.175,1543.326,79.151,NA,,,,,,
C,2025-04-02 16:17:22.921,timestamp date time: 2023-04-30; 13:40:25,Live observation,NA,0.0,1783.540,NA,NA,No focal subject,1934.165,panting,Not defined,STATE,1573.890,1631.307,57.417,NA,,,,,,
C,2025-04-02 16:17:22.921,timestamp date time: 2023-04-30; 13:40:25,Live observation,NA,0.0,1783.540,NA,NA,No focal subject,1934.165,stop panting,Not defined,STATE,1630.619,1675.103,44.484,NA,,,,,,
C,2025-04-02 16:17:22.921,timestamp date time: 2023-04-30; 13:40:25,Live observation,NA,0.0,1783.540,NA,NA,No focal subject,1934.165,panting,Not defined,STATE,1676.325,1701.263,24.938,NA,,,,,,
C,2025-04-02 16:17:22.921,timestamp date time: 2023-04-30; 13:40:25,Live observation,NA,0.0,1783.540,NA,NA,No focal subject,1934.165,stop panting,Not defined,STATE,1720.454,1783.540,63.086,NA,,,,,,
C,2025-04-02 16:17:22.921,timestamp date time: 2023-04-30; 13:40:25,Live observation,NA,0.0,1783.540,NA,NA,No focal subject,1934.165,panting,Not defined,STATE,1721.147,1734.370,13.223,NA,,,,,,
C,2025-04-02 16:17:22.921,timestamp date time: 2023-04-30; 13:40:25,Live observation,NA,0.0,1783.540,NA,NA,No focal subject,1934.165,panting,Not defined,STATE,1760.251,1775.341,15.090,NA,,,,,,
CC,2025-04-02 17:49:54.084,timestamp date time: 2023-04-20; 16:01:11,Live observation,NA,0.0,1792.438,NA,NA,No focal subject,1900.198,panting,Not defined,STATE,0.000,135.730,135.730,NA,,,,,Event automatically added by the fix unpaired state events function,
CC,2025-04-02 17:49:54.084,timestamp date time: 2023-04-20; 16:01:11,Live observation,NA,0.0,1792.438,NA,NA,No focal subject,1900.198,stop panting,Not defined,STATE,0.766,3.170,2.404,NA,,,,,,
CC,2025-04-02 17:49:54.084,timestamp date time: 2023-04-20; 16:01:11,Live observation,NA,0.0,1792.438,NA,NA,No focal subject,1900.198,stop panting,Not defined,STATE,8.245,40.000,31.755,NA,,,,,,
CC,2025-04-02 17:49:54.084,timestamp date time: 2023-04-20; 16:01:11,Live observation,NA,0.0,1792.438,NA,NA,No focal subject,1900.198,stop panting,Not defined,STATE,80.854,87.213,6.359,NA,,,,,,
CC,2025-04-02 17:49:54.084,timestamp date time: 2023-04-20; 16:01:11,Live observation,NA,0.0,1792.438,NA,NA,No focal subject,1900.198,stop panting,Not defined,STATE,113.166,138.903,25.737,NA,,,,,,
CC,2025-04-02 17:49:54.084,timestamp date time: 2023-04-20; 16:01:11,Live observation,NA,0.0,1792.438,NA,NA,No focal subject,1900.198,panting,Not defined,STATE,141.811,154.988,13.177,NA,,,,,,
CC,2025-04-02 17:49:54.084,timestamp date time: 2023-04-20; 16:01:11,Live observation,NA,0.0,1792.438,NA,NA,No focal subject,1900.198,stop panting,Not defined,STATE,152.495,160.847,8.352,NA,,,,,,
CC,2025-04-02 17:49:54.084,timestamp date time: 2023-04-20; 16:01:11,Live observation,NA,0.0,1792.438,NA,NA,No focal subject,1900.198,panting,Not defined,STATE,170.084,190.695,20.611,NA,,,,,,
CC,2025-04-02 17:49:54.084,timestamp date time: 2023-04-20; 16:01:11,Live observation,NA,0.0,1792.438,NA,NA,No focal subject,1900.198,stop panting,Not defined,STATE,175.598,199.917,24.319,NA,,,,,,
CC,2025-04-02 17:49:54.084,timestamp date time: 2023-04-20; 16:01:11,Live observation,NA,0.0,1792.438,NA,NA,No focal subject,1900.198,stop panting,Not defined,STATE,226.043,248.124,22.081,NA,,,,,,
CC,2025-04-02 17:49:54.084,timestamp date time: 2023-04-20; 16:01:11,Live observation,NA,0.0,1792.438,NA,NA,No focal subject,1900.198,panting,Not defined,STATE,227.334,294.674,67.340,NA,,,,,,
CC,2025-04-02 17:49:54.084,timestamp date time: 2023-04-20; 16:01:11,Live observation,NA,0.0,1792.438,NA,NA,No focal subject,1900.198,stop panting,Not defined,STATE,259.852,270.069,10.217,NA,,,,,,
CC,2025-04-02 17:49:54.084,timestamp date time: 2023-04-20; 16:01:11,Live observation,NA,0.0,1792.438,NA,NA,No focal subject,1900.198,stop panting,Not defined,STATE,274.230,286.330,12.100,NA,,,,,,
CC,2025-04-02 17:49:54.084,timestamp date time: 2023-04-20; 16:01:11,Live observation,NA,0.0,1792.438,NA,NA,No focal subject,1900.198,stop panting,Not defined,STATE,324.568,335.490,10.922,NA,,,,,,
CC,2025-04-02 17:49:54.084,timestamp date time: 2023-04-20; 16:01:11,Live observation,NA,0.0,1792.438,NA,NA,No focal subject,1900.198,panting,Not defined,STATE,330.469,340.488,10.019,NA,,,,,,
CC,2025-04-02 17:49:54.084,timestamp date time: 2023-04-20; 16:01:11,Live observation,NA,0.0,1792.438,NA,NA,No focal subject,1900.198,stop panting,Not defined,STATE,346.380,368.503,22.123,NA,,,,,,
CC,2025-04-02 17:49:54.084,timestamp date time: 2023-04-20; 16:01:11,Live observation,NA,0.0,1792.438,NA,NA,No focal subject,1900.198,panting,Not defined,STATE,360.658,495.385,134.727,NA,,,,,,
CC,2025-04-02 17:49:54.084,timestamp date time: 2023-04-20; 16:01:11,Live observation,NA,0.0,1792.438,NA,NA,No focal subject,1900.198,stop panting,Not defined,STATE,390.373,409.496,19.123,NA,,,,,,
CC,2025-04-02 17:49:54.084,timestamp date time: 2023-04-20; 16:01:11,Live observation,NA,0.0,1792.438,NA,NA,No focal subject,1900.198,stop panting,Not defined,STATE,430.330,436.813,6.483,NA,,,,,,
CC,2025-04-02 17:49:54.084,timestamp date time: 2023-04-20; 16:01:11,Live observation,NA,0.0,1792.438,NA,NA,No focal subject,1900.198,stop panting,Not defined,STATE,440.694,445.015,4.321,NA,,,,,,
CC,2025-04-02 17:49:54.084,timestamp date time: 2023-04-20; 16:01:11,Live observation,NA,0.0,1792.438,NA,NA,No focal subject,1900.198,stop panting,Not defined,STATE,477.609,503.271,25.662,NA,,,,,,
CC,2025-04-02 17:49:54.084,timestamp date time: 2023-04-20; 16:01:11,Live observation,NA,0.0,1792.438,NA,NA,No focal subject,1900.198,panting,Not defined,STATE,533.634,616.505,82.871,NA,,,,,,
CC,2025-04-02 17:49:54.084,timestamp date time: 2023-04-20; 16:01:11,Live observation,NA,0.0,1792.438,NA,NA,No focal subject,1900.198,stop panting,Not defined,STATE,540.571,551.537,10.966,NA,,,,,,
CC,2025-04-02 17:49:54.084,timestamp date time: 2023-04-20; 16:01:11,Live observation,NA,0.0,1792.438,NA,NA,No focal subject,1900.198,stop panting,Not defined,STATE,565.546,579.056,13.510,NA,,,,,,
CC,2025-04-02 17:49:54.084,timestamp date time: 2023-04-20; 16:01:11,Live observation,NA,0.0,1792.438,NA,NA,No focal subject,1900.198,stop panting,Not defined,STATE,589.167,609.092,19.925,NA,,,,,,
CC,2025-04-02 17:49:54.084,timestamp date time: 2023-04-20; 16:01:11,Live observation,NA,0.0,1792.438,NA,NA,No focal subject,1900.198,stop panting,Not defined,STATE,637.741,642.599,4.858,NA,,,,,,
CC,2025-04-02 17:49:54.084,timestamp date time: 2023-04-20; 16:01:11,Live observation,NA,0.0,1792.438,NA,NA,No focal subject,1900.198,panting,Not defined,STATE,646.821,678.794,31.973,NA,,,,,,
CC,2025-04-02 17:49:54.084,timestamp date time: 2023-04-20; 16:01:11,Live observation,NA,0.0,1792.438,NA,NA,No focal subject,1900.198,stop panting,Not defined,STATE,665.344,684.212,18.868,NA,,,,,,
CC,2025-04-02 17:49:54.084,timestamp date time: 2023-04-20; 16:01:11,Live observation,NA,0.0,1792.438,NA,NA,No focal subject,1900.198,panting,Not defined,STATE,685.432,702.756,17.324,NA,,,,,,
CC,2025-04-02 17:49:54.084,timestamp date time: 2023-04-20; 16:01:11,Live observation,NA,0.0,1792.438,NA,NA,No focal subject,1900.198,stop panting,Not defined,STATE,696.791,711.985,15.194,NA,,,,,,
CC,2025-04-02 17:49:54.084,timestamp date time: 2023-04-20; 16:01:11,Live observation,NA,0.0,1792.438,NA,NA,No focal subject,1900.198,stop panting,Not defined,STATE,714.946,719.057,4.111,NA,,,,,,
CC,2025-04-02 17:49:54.084,timestamp date time: 2023-04-20; 16:01:11,Live observation,NA,0.0,1792.438,NA,NA,No focal subject,1900.198,stop panting,Not defined,STATE,724.231,744.106,19.875,NA,,,,,,
CC,2025-04-02 17:49:54.084,timestamp date time: 2023-04-20; 16:01:11,Live observation,NA,0.0,1792.438,NA,NA,No focal subject,1900.198,panting,Not defined,STATE,749.121,787.417,38.296,NA,,,,,,
CC,2025-04-02 17:49:54.084,timestamp date time: 2023-04-20; 16:01:11,Live observation,NA,0.0,1792.438,NA,NA,No focal subject,1900.198,stop panting,Not defined,STATE,755.329,763.375,8.046,NA,,,,,,
CC,2025-04-02 17:49:54.084,timestamp date time: 2023-04-20; 16:01:11,Live observation,NA,0.0,1792.438,NA,NA,No focal subject,1900.198,stop panting,Not defined,STATE,768.910,776.564,7.654,NA,,,,,,
CC,2025-04-02 17:49:54.084,timestamp date time: 2023-04-20; 16:01:11,Live observation,NA,0.0,1792.438,NA,NA,No focal subject,1900.198,stop panting,Not defined,STATE,811.122,852.648,41.526,NA,,,,,,
CC,2025-04-02 17:49:54.084,timestamp date time: 2023-04-20; 16:01:11,Live observation,NA,0.0,1792.438,NA,NA,No focal subject,1900.198,panting,Not defined,STATE,815.023,846.985,31.962,NA,,,,,,
CC,2025-04-02 17:49:54.084,timestamp date time: 2023-04-20; 16:01:11,Live observation,NA,0.0,1792.438,NA,NA,No focal subject,1900.198,stop panting,Not defined,STATE,859.805,877.537,17.732,NA,,,,,,
CC,2025-04-02 17:49:54.084,timestamp date time: 2023-04-20; 16:01:11,Live observation,NA,0.0,1792.438,NA,NA,No focal subject,1900.198,panting,Not defined,STATE,864.025,878.575,14.550,NA,,,,,,
CC,2025-04-02 17:49:54.084,timestamp date time: 2023-04-20; 16:01:11,Live observation,NA,0.0,1792.438,NA,NA,No focal subject,1900.198,stop panting,Not defined,STATE,900.037,952.876,52.839,NA,,,,,,
CC,2025-04-02 17:49:54.084,timestamp date time: 2023-04-20; 16:01:11,Live observation,NA,0.0,1792.438,NA,NA,No focal subject,1900.198,panting,Not defined,STATE,925.396,954.081,28.685,NA,,,,,,
CC,2025-04-02 17:49:54.084,timestamp date time: 2023-04-20; 16:01:11,Live observation,NA,0.0,1792.438,NA,NA,No focal subject,1900.198,stop panting,Not defined,STATE,972.937,1011.385,38.448,NA,,,,,,
CC,2025-04-02 17:49:54.084,timestamp date time: 2023-04-20; 16:01:11,Live observation,NA,0.0,1792.438,NA,NA,No focal subject,1900.198,panting,Not defined,STATE,973.906,983.939,10.033,NA,,,,,,
CC,2025-04-02 17:49:54.084,timestamp date time: 2023-04-20; 16:01:11,Live observation,NA,0.0,1792.438,NA,NA,No focal subject,1900.198,panting,Not defined,STATE,996.875,1012.039,15.164,NA,,,,,,
CC,2025-04-02 17:49:54.084,timestamp date time: 2023-04-20; 16:01:11,Live observation,NA,0.0,1792.438,NA,NA,No focal subject,1900.198,stop panting,Not defined,STATE,1017.704,1020.848,3.144,NA,,,,,,
CC,2025-04-02 17:49:54.084,timestamp date time: 2023-04-20; 16:01:11,Live observation,NA,0.0,1792.438,NA,NA,No focal subject,1900.198,panting,Not defined,STATE,1023.012,1057.450,34.438,NA,,,,,,
CC,2025-04-02 17:49:54.084,timestamp date time: 2023-04-20; 16:01:11,Live observation,NA,0.0,1792.438,NA,NA,No focal subject,1900.198,stop panting,Not defined,STATE,1069.305,1090.435,21.130,NA,,,,,,
CC,2025-04-02 17:49:54.084,timestamp date time: 2023-04-20; 16:01:11,Live observation,NA,0.0,1792.438,NA,NA,No focal subject,1900.198,panting,Not defined,STATE,1071.079,1091.215,20.136,NA,,,,,,
CC,2025-04-02 17:49:54.084,timestamp date time: 2023-04-20; 16:01:11,Live observation,NA,0.0,1792.438,NA,NA,No focal subject,1900.198,panting,Not defined,STATE,1100.814,1110.262,9.448,NA,,,,,,
CC,2025-04-02 17:49:54.084,timestamp date time: 2023-04-20; 16:01:11,Live observation,NA,0.0,1792.438,NA,NA,No focal subject,1900.198,panting,Not defined,STATE,1116.951,1133.628,16.677,NA,,,,,,
CC,2025-04-02 17:49:54.084,timestamp date time: 2023-04-20; 16:01:11,Live observation,NA,0.0,1792.438,NA,NA,No focal subject,1900.198,stop panting,Not defined,STATE,1126.074,1132.703,6.629,NA,,,,,,
CC,2025-04-02 17:49:54.084,timestamp date time: 2023-04-20; 16:01:11,Live observation,NA,0.0,1792.438,NA,NA,No focal subject,1900.198,stop panting,Not defined,STATE,1161.346,1192.325,30.979,NA,,,,,,
CC,2025-04-02 17:49:54.084,timestamp date time: 2023-04-20; 16:01:11,Live observation,NA,0.0,1792.438,NA,NA,No focal subject,1900.198,panting,Not defined,STATE,1179.925,1200.935,21.010,NA,,,,,,
CC,2025-04-02 17:49:54.084,timestamp date time: 2023-04-20; 16:01:11,Live observation,NA,0.0,1792.438,NA,NA,No focal subject,1900.198,stop panting,Not defined,STATE,1198.896,1214.989,16.093,NA,,,,,,
CC,2025-04-02 17:49:54.084,timestamp date time: 2023-04-20; 16:01:11,Live observation,NA,0.0,1792.438,NA,NA,No focal subject,1900.198,panting,Not defined,STATE,1206.874,1270.851,63.977,NA,,,,,,
CC,2025-04-02 17:49:54.084,timestamp date time: 2023-04-20; 16:01:11,Live observation,NA,0.0,1792.438,NA,NA,No focal subject,1900.198,stop panting,Not defined,STATE,1233.494,1268.454,34.960,NA,,,,,,
CC,2025-04-02 17:49:54.084,timestamp date time: 2023-04-20; 16:01:11,Live observation,NA,0.0,1792.438,NA,NA,No focal subject,1900.198,stop panting,Not defined,STATE,1304.103,1403.327,99.224,NA,,,,,,
CC,2025-04-02 17:49:54.084,timestamp date time: 2023-04-20; 16:01:11,Live observation,NA,0.0,1792.438,NA,NA,No focal subject,1900.198,panting,Not defined,STATE,1315.563,1373.202,57.639,NA,,,,,,
CC,2025-04-02 17:49:54.084,timestamp date time: 2023-04-20; 16:01:11,Live observation,NA,0.0,1792.438,NA,NA,No focal subject,1900.198,stop panting,Not defined,STATE,1477.765,1509.116,31.351,NA,,,,,,
CC,2025-04-02 17:49:54.084,timestamp date time: 2023-04-20; 16:01:11,Live observation,NA,0.0,1792.438,NA,NA,No focal subject,1900.198,stop panting,Not defined,STATE,1529.370,1532.122,2.752,NA,,,,,,
CC,2025-04-02 17:49:54.084,timestamp date time: 2023-04-20; 16:01:11,Live observation,NA,0.0,1792.438,NA,NA,No focal subject,1900.198,stop panting,Not defined,STATE,1564.089,1590.278,26.189,NA,,,,,,
CC,2025-04-02 17:49:54.084,timestamp date time: 2023-04-20; 16:01:11,Live observation,NA,0.0,1792.438,NA,NA,No focal subject,1900.198,panting,Not defined,STATE,1594.243,1606.085,11.842,NA,,,,,,
CC,2025-04-02 17:49:54.084,timestamp date time: 2023-04-20; 16:01:11,Live observation,NA,0.0,1792.438,NA,NA,No focal subject,1900.198,stop panting,Not defined,STATE,1605.185,1657.273,52.088,NA,,,,,,
CC,2025-04-02 17:49:54.084,timestamp date time: 2023-04-20; 16:01:11,Live observation,NA,0.0,1792.438,NA,NA,No focal subject,1900.198,panting,Not defined,STATE,1626.461,1642.985,16.524,NA,,,,,,
CC,2025-04-02 17:49:54.084,timestamp date time: 2023-04-20; 16:01:11,Live observation,NA,0.0,1792.438,NA,NA,No focal subject,1900.198,panting,Not defined,STATE,1658.231,1669.031,10.800,NA,,,,,,
CC,2025-04-02 17:49:54.084,timestamp date time: 2023-04-20; 16:01:11,Live observation,NA,0.0,1792.438,NA,NA,No focal subject,1900.198,stop panting,Not defined,STATE,1668.453,1691.936,23.483,NA,,,,,,
CC,2025-04-02 17:49:54.084,timestamp date time: 2023-04-20; 16:01:11,Live observation,NA,0.0,1792.438,NA,NA,No focal subject,1900.198,stop panting,Not defined,STATE,1694.798,1700.097,5.299,NA,,,,,,
CC,2025-04-02 17:49:54.084,timestamp date time: 2023-04-20; 16:01:11,Live observation,NA,0.0,1792.438,NA,NA,No focal subject,1900.198,panting,Not defined,STATE,1701.036,1722.492,21.456,NA,,,,,,
CC,2025-04-02 17:49:54.084,timestamp date time: 2023-04-20; 16:01:11,Live observation,NA,0.0,1792.438,NA,NA,No focal subject,1900.198,stop panting,Not defined,STATE,1714.877,1758.688,43.811,NA,,,,,,
CC,2025-04-02 17:49:54.084,timestamp date time: 2023-04-20; 16:01:11,Live observation,NA,0.0,1792.438,NA,NA,No focal subject,1900.198,panting,Not defined,STATE,1736.988,1769.472,32.484,NA,,,,,,
CC,2025-04-02 17:49:54.084,timestamp date time: 2023-04-20; 16:01:11,Live observation,NA,0.0,1792.438,NA,NA,No focal subject,1900.198,stop panting,Not defined,STATE,1763.775,1792.438,28.663,NA,,,,,,
D,2025-04-02 19:28:32.356,timestamp date time: 2023-04-30; 14:49:30,Live observation,NA,0.0,1798.469,NA,NA,No focal subject,1952.51,panting,Not defined,STATE,2.216,10.745,8.529,NA,,,,,,
D,2025-04-02 19:28:32.356,timestamp date time: 2023-04-30; 14:49:30,Live observation,NA,0.0,1798.469,NA,NA,No focal subject,1952.51,stop panting,Not defined,STATE,8.075,17.722,9.647,NA,,,,,,
D,2025-04-02 19:28:32.356,timestamp date time: 2023-04-30; 14:49:30,Live observation,NA,0.0,1798.469,NA,NA,No focal subject,1952.51,panting,Not defined,STATE,19.624,45.783,26.159,NA,,,,,,
D,2025-04-02 19:28:32.356,timestamp date time: 2023-04-30; 14:49:30,Live observation,NA,0.0,1798.469,NA,NA,No focal subject,1952.51,stop panting,Not defined,STATE,42.356,63.447,21.091,NA,,,,,,
D,2025-04-02 19:28:32.356,timestamp date time: 2023-04-30; 14:49:30,Live observation,NA,0.0,1798.469,NA,NA,No focal subject,1952.51,panting,Not defined,STATE,67.985,190.907,122.922,NA,,,,,,
D,2025-04-02 19:28:32.356,timestamp date time: 2023-04-30; 14:49:30,Live observation,NA,0.0,1798.469,NA,NA,No focal subject,1952.51,stop panting,Not defined,STATE,75.884,106.400,30.516,NA,,,,,,
D,2025-04-02 19:28:32.356,timestamp date time: 2023-04-30; 14:49:30,Live observation,NA,0.0,1798.469,NA,NA,No focal subject,1952.51,stop panting,Not defined,STATE,109.057,114.676,5.619,NA,,,,,,
D,2025-04-02 19:28:32.356,timestamp date time: 2023-04-30; 14:49:30,Live observation,NA,0.0,1798.469,NA,NA,No focal subject,1952.51,stop panting,Not defined,STATE,117.385,124.246,6.861,NA,,,,,,
D,2025-04-02 19:28:32.356,timestamp date time: 2023-04-30; 14:49:30,Live observation,NA,0.0,1798.469,NA,NA,No focal subject,1952.51,stop panting,Not defined,STATE,126.003,135.239,9.236,NA,,,,,,
D,2025-04-02 19:28:32.356,timestamp date time: 2023-04-30; 14:49:30,Live observation,NA,0.0,1798.469,NA,NA,No focal subject,1952.51,stop panting,Not defined,STATE,152.350,159.159,6.809,NA,,,,,,
D,2025-04-02 19:28:32.356,timestamp date time: 2023-04-30; 14:49:30,Live observation,NA,0.0,1798.469,NA,NA,No focal subject,1952.51,stop panting,Not defined,STATE,194.426,202.596,8.170,NA,,,,,,
D,2025-04-02 19:28:32.356,timestamp date time: 2023-04-30; 14:49:30,Live observation,NA,0.0,1798.469,NA,NA,No focal subject,1952.51,panting,Not defined,STATE,195.503,205.805,10.302,NA,,,,,,
D,2025-04-02 19:28:32.356,timestamp date time: 2023-04-30; 14:49:30,Live observation,NA,0.0,1798.469,NA,NA,No focal subject,1952.51,stop panting,Not defined,STATE,207.874,244.678,36.804,NA,,,,,,
D,2025-04-02 19:28:32.356,timestamp date time: 2023-04-30; 14:49:30,Live observation,NA,0.0,1798.469,NA,NA,No focal subject,1952.51,panting,Not defined,STATE,209.624,263.406,53.782,NA,,,,,,
D,2025-04-02 19:28:32.356,timestamp date time: 2023-04-30; 14:49:30,Live observation,NA,0.0,1798.469,NA,NA,No focal subject,1952.51,stop panting,Not defined,STATE,257.345,265.271,7.926,NA,,,,,,
D,2025-04-02 19:28:32.356,timestamp date time: 2023-04-30; 14:49:30,Live observation,NA,0.0,1798.469,NA,NA,No focal subject,1952.51,panting,Not defined,STATE,267.771,277.438,9.667,NA,,,,,,
D,2025-04-02 19:28:32.356,timestamp date time: 2023-04-30; 14:49:30,Live observation,NA,0.0,1798.469,NA,NA,No focal subject,1952.51,panting,Not defined,STATE,288.837,311.888,23.051,NA,,,,,,
D,2025-04-02 19:28:32.356,timestamp date time: 2023-04-30; 14:49:30,Live observation,NA,0.0,1798.469,NA,NA,No focal subject,1952.51,panting,Not defined,STATE,338.544,348.777,10.233,NA,,,,,,
D,2025-04-02 19:28:32.356,timestamp date time: 2023-04-30; 14:49:30,Live observation,NA,0.0,1798.469,NA,NA,No focal subject,1952.51,stop panting,Not defined,STATE,353.782,422.758,68.976,NA,,,,,,
D,2025-04-02 19:28:32.356,timestamp date time: 2023-04-30; 14:49:30,Live observation,NA,0.0,1798.469,NA,NA,No focal subject,1952.51,panting,Not defined,STATE,358.852,380.273,21.421,NA,,,,,,
D,2025-04-02 19:28:32.356,timestamp date time: 2023-04-30; 14:49:30,Live observation,NA,0.0,1798.469,NA,NA,No focal subject,1952.51,panting,Not defined,STATE,385.636,427.371,41.735,NA,,,,,,
D,2025-04-02 19:28:32.356,timestamp date time: 2023-04-30; 14:49:30,Live observation,NA,0.0,1798.469,NA,NA,No focal subject,1952.51,stop panting,Not defined,STATE,437.314,443.284,5.970,NA,,,,,,
D,2025-04-02 19:28:32.356,timestamp date time: 2023-04-30; 14:49:30,Live observation,NA,0.0,1798.469,NA,NA,No focal subject,1952.51,panting,Not defined,STATE,454.312,460.481,6.169,NA,,,,,,
D,2025-04-02 19:28:32.356,timestamp date time: 2023-04-30; 14:49:30,Live observation,NA,0.0,1798.469,NA,NA,No focal subject,1952.51,stop panting,Not defined,STATE,463.220,471.530,8.310,NA,,,,,,
D,2025-04-02 19:28:32.356,timestamp date time: 2023-04-30; 14:49:30,Live observation,NA,0.0,1798.469,NA,NA,No focal subject,1952.51,panting,Not defined,STATE,473.987,485.742,11.755,NA,,,,,,
D,2025-04-02 19:28:32.356,timestamp date time: 2023-04-30; 14:49:30,Live observation,NA,0.0,1798.469,NA,NA,No focal subject,1952.51,stop panting,Not defined,STATE,492.714,515.558,22.844,NA,,,,,,
D,2025-04-02 19:28:32.356,timestamp date time: 2023-04-30; 14:49:30,Live observation,NA,0.0,1798.469,NA,NA,No focal subject,1952.51,panting,Not defined,STATE,518.825,543.445,24.620,NA,,,,,,
D,2025-04-02 19:28:32.356,timestamp date time: 2023-04-30; 14:49:30,Live observation,NA,0.0,1798.469,NA,NA,No focal subject,1952.51,stop panting,Not defined,STATE,522.855,534.457,11.602,NA,,,,,,
D,2025-04-02 19:28:32.356,timestamp date time: 2023-04-30; 14:49:30,Live observation,NA,0.0,1798.469,NA,NA,No focal subject,1952.51,stop panting,Not defined,STATE,542.651,572.006,29.355,NA,,,,,,
D,2025-04-02 19:28:32.356,timestamp date time: 2023-04-30; 14:49:30,Live observation,NA,0.0,1798.469,NA,NA,No focal subject,1952.51,panting,Not defined,STATE,572.583,604.168,31.585,NA,,,,,,
D,2025-04-02 19:28:32.356,timestamp date time: 2023-04-30; 14:49:30,Live observation,NA,0.0,1798.469,NA,NA,No focal subject,1952.51,stop panting,Not defined,STATE,602.660,616.715,14.055,NA,,,,,,
D,2025-04-02 19:28:32.356,timestamp date time: 2023-04-30; 14:49:30,Live observation,NA,0.0,1798.469,NA,NA,No focal subject,1952.51,stop panting,Not defined,STATE,625.041,647.589,22.548,NA,,,,,,
D,2025-04-02 19:28:32.356,timestamp date time: 2023-04-30; 14:49:30,Live observation,NA,0.0,1798.469,NA,NA,No focal subject,1952.51,panting,Not defined,STATE,629.854,635.925,6.071,NA,,,,,,
D,2025-04-02 19:28:32.356,timestamp date time: 2023-04-30; 14:49:30,Live observation,NA,0.0,1798.469,NA,NA,No focal subject,1952.51,panting,Not defined,STATE,642.901,709.679,66.778,NA,,,,,,
D,2025-04-02 19:28:32.356,timestamp date time: 2023-04-30; 14:49:30,Live observation,NA,0.0,1798.469,NA,NA,No focal subject,1952.51,stop panting,Not defined,STATE,713.394,736.264,22.870,NA,,,,,,
D,2025-04-02 19:28:32.356,timestamp date time: 2023-04-30; 14:49:30,Live observation,NA,0.0,1798.469,NA,NA,No focal subject,1952.51,panting,Not defined,STATE,722.967,740.505,17.538,NA,,,,,,
D,2025-04-02 19:28:32.356,timestamp date time: 2023-04-30; 14:49:30,Live observation,NA,0.0,1798.469,NA,NA,No focal subject,1952.51,panting,Not defined,STATE,782.681,793.788,11.107,NA,,,,,,
D,2025-04-02 19:28:32.356,timestamp date time: 2023-04-30; 14:49:30,Live observation,NA,0.0,1798.469,NA,NA,No focal subject,1952.51,stop panting,Not defined,STATE,792.593,797.742,5.149,NA,,,,,,
D,2025-04-02 19:28:32.356,timestamp date time: 2023-04-30; 14:49:30,Live observation,NA,0.0,1798.469,NA,NA,No focal subject,1952.51,panting,Not defined,STATE,808.717,819.184,10.467,NA,,,,,,
D,2025-04-02 19:28:32.356,timestamp date time: 2023-04-30; 14:49:30,Live observation,NA,0.0,1798.469,NA,NA,No focal subject,1952.51,panting,Not defined,STATE,829.883,876.506,46.623,NA,,,,,,
D,2025-04-02 19:28:32.356,timestamp date time: 2023-04-30; 14:49:30,Live observation,NA,0.0,1798.469,NA,NA,No focal subject,1952.51,stop panting,Not defined,STATE,836.576,962.358,125.782,NA,,,,,,
D,2025-04-02 19:28:32.356,timestamp date time: 2023-04-30; 14:49:30,Live observation,NA,0.0,1798.469,NA,NA,No focal subject,1952.51,panting,Not defined,STATE,906.387,931.608,25.221,NA,,,,,,
D,2025-04-02 19:28:32.356,timestamp date time: 2023-04-30; 14:49:30,Live observation,NA,0.0,1798.469,NA,NA,No focal subject,1952.51,panting,Not defined,STATE,965.774,976.687,10.913,NA,,,,,,
D,2025-04-02 19:28:32.356,timestamp date time: 2023-04-30; 14:49:30,Live observation,NA,0.0,1798.469,NA,NA,No focal subject,1952.51,stop panting,Not defined,STATE,973.680,1036.735,63.055,NA,,,,,,
D,2025-04-02 19:28:32.356,timestamp date time: 2023-04-30; 14:49:30,Live observation,NA,0.0,1798.469,NA,NA,No focal subject,1952.51,panting,Not defined,STATE,985.252,1059.483,74.231,NA,,,,,,
D,2025-04-02 19:28:32.356,timestamp date time: 2023-04-30; 14:49:30,Live observation,NA,0.0,1798.469,NA,NA,No focal subject,1952.51,panting,Not defined,STATE,1078.853,1083.987,5.134,NA,,,,,,
D,2025-04-02 19:28:32.356,timestamp date time: 2023-04-30; 14:49:30,Live observation,NA,0.0,1798.469,NA,NA,No focal subject,1952.51,stop panting,Not defined,STATE,1092.092,1102.242,10.150,NA,,,,,,
D,2025-04-02 19:28:32.356,timestamp date time: 2023-04-30; 14:49:30,Live observation,NA,0.0,1798.469,NA,NA,No focal subject,1952.51,panting,Not defined,STATE,1094.764,1103.439,8.675,NA,,,,,,
D,2025-04-02 19:28:32.356,timestamp date time: 2023-04-30; 14:49:30,Live observation,NA,0.0,1798.469,NA,NA,No focal subject,1952.51,panting,Not defined,STATE,1123.446,1142.425,18.979,NA,,,,,,
D,2025-04-02 19:28:32.356,timestamp date time: 2023-04-30; 14:49:30,Live observation,NA,0.0,1798.469,NA,NA,No focal subject,1952.51,panting,Not defined,STATE,1152.574,1165.040,12.466,NA,,,,,,
D,2025-04-02 19:28:32.356,timestamp date time: 2023-04-30; 14:49:30,Live observation,NA,0.0,1798.469,NA,NA,No focal subject,1952.51,stop panting,Not defined,STATE,1162.527,1216.648,54.121,NA,,,,,,
D,2025-04-02 19:28:32.356,timestamp date time: 2023-04-30; 14:49:30,Live observation,NA,0.0,1798.469,NA,NA,No focal subject,1952.51,panting,Not defined,STATE,1232.921,1260.099,27.178,NA,,,,,,
D,2025-04-02 19:28:32.356,timestamp date time: 2023-04-30; 14:49:30,Live observation,NA,0.0,1798.469,NA,NA,No focal subject,1952.51,stop panting,Not defined,STATE,1252.471,1300.990,48.519,NA,,,,,,
D,2025-04-02 19:28:32.356,timestamp date time: 2023-04-30; 14:49:30,Live observation,NA,0.0,1798.469,NA,NA,No focal subject,1952.51,panting,Not defined,STATE,1305.072,1322.241,17.169,NA,,,,,,
D,2025-04-02 19:28:32.356,timestamp date time: 2023-04-30; 14:49:30,Live observation,NA,0.0,1798.469,NA,NA,No focal subject,1952.51,stop panting,Not defined,STATE,1336.253,1351.775,15.522,NA,,,,,,
D,2025-04-02 19:28:32.356,timestamp date time: 2023-04-30; 14:49:30,Live observation,NA,0.0,1798.469,NA,NA,No focal subject,1952.51,panting,Not defined,STATE,1337.313,1345.336,8.023,NA,,,,,,
D,2025-04-02 19:28:32.356,timestamp date time: 2023-04-30; 14:49:30,Live observation,NA,0.0,1798.469,NA,NA,No focal subject,1952.51,panting,Not defined,STATE,1354.079,1367.358,13.279,NA,,,,,,
D,2025-04-02 19:28:32.356,timestamp date time: 2023-04-30; 14:49:30,Live observation,NA,0.0,1798.469,NA,NA,No focal subject,1952.51,stop panting,Not defined,STATE,1362.438,1371.848,9.410,NA,,,,,,
D,2025-04-02 19:28:32.356,timestamp date time: 2023-04-30; 14:49:30,Live observation,NA,0.0,1798.469,NA,NA,No focal subject,1952.51,stop panting,Not defined,STATE,1375.371,1380.849,5.478,NA,,,,,,
D,2025-04-02 19:28:32.356,timestamp date time: 2023-04-30; 14:49:30,Live observation,NA,0.0,1798.469,NA,NA,No focal subject,1952.51,stop panting,Not defined,STATE,1383.378,1384.836,1.458,NA,,,,,,
D,2025-04-02 19:28:32.356,timestamp date time: 2023-04-30; 14:49:30,Live observation,NA,0.0,1798.469,NA,NA,No focal subject,1952.51,stop panting,Not defined,STATE,1412.824,1541.693,128.869,NA,,,,,,
D,2025-04-02 19:28:32.356,timestamp date time: 2023-04-30; 14:49:30,Live observation,NA,0.0,1798.469,NA,NA,No focal subject,1952.51,panting,Not defined,STATE,1413.476,1426.678,13.202,NA,,,,,,
D,2025-04-02 19:28:32.356,timestamp date time: 2023-04-30; 14:49:30,Live observation,NA,0.0,1798.469,NA,NA,No focal subject,1952.51,panting,Not defined,STATE,1457.225,1467.958,10.733,NA,,,,,,
D,2025-04-02 19:28:32.356,timestamp date time: 2023-04-30; 14:49:30,Live observation,NA,0.0,1798.469,NA,NA,No focal subject,1952.51,panting,Not defined,STATE,1502.741,1525.237,22.496,NA,,,,,,
D,2025-04-02 19:28:32.356,timestamp date time: 2023-04-30; 14:49:30,Live observation,NA,0.0,1798.469,NA,NA,No focal subject,1952.51,panting,Not defined,STATE,1548.629,1561.992,13.363,NA,,,,,,
D,2025-04-02 19:28:32.356,timestamp date time: 2023-04-30; 14:49:30,Live observation,NA,0.0,1798.469,NA,NA,No focal subject,1952.51,stop panting,Not defined,STATE,1561.236,1576.250,15.014,NA,,,,,,
D,2025-04-02 19:28:32.356,timestamp date time: 2023-04-30; 14:49:30,Live observation,NA,0.0,1798.469,NA,NA,No focal subject,1952.51,panting,Not defined,STATE,1568.174,1616.054,47.880,NA,,,,,,
D,2025-04-02 19:28:32.356,timestamp date time: 2023-04-30; 14:49:30,Live observation,NA,0.0,1798.469,NA,NA,No focal subject,1952.51,stop panting,Not defined,STATE,1596.703,1661.948,65.245,NA,,,,,,
D,2025-04-02 19:28:32.356,timestamp date time: 2023-04-30; 14:49:30,Live observation,NA,0.0,1798.469,NA,NA,No focal subject,1952.51,panting,Not defined,STATE,1631.699,1667.116,35.417,NA,,,,,,
D,2025-04-02 19:28:32.356,timestamp date time: 2023-04-30; 14:49:30,Live observation,NA,0.0,1798.469,NA,NA,No focal subject,1952.51,stop panting,Not defined,STATE,1686.193,1725.638,39.445,NA,,,,,,
D,2025-04-02 19:28:32.356,timestamp date time: 2023-04-30; 14:49:30,Live observation,NA,0.0,1798.469,NA,NA,No focal subject,1952.51,panting,Not defined,STATE,1688.968,1710.379,21.411,NA,,,,,,
D,2025-04-02 19:28:32.356,timestamp date time: 2023-04-30; 14:49:30,Live observation,NA,0.0,1798.469,NA,NA,No focal subject,1952.51,panting,Not defined,STATE,1726.497,1748.135,21.638,NA,,,,,,
D,2025-04-02 19:28:32.356,timestamp date time: 2023-04-30; 14:49:30,Live observation,NA,0.0,1798.469,NA,NA,No focal subject,1952.51,stop panting,Not defined,STATE,1758.663,1771.696,13.033,NA,,,,,,
D,2025-04-02 19:28:32.356,timestamp date time: 2023-04-30; 14:49:30,Live observation,NA,0.0,1798.469,NA,NA,No focal subject,1952.51,panting,Not defined,STATE,1761.165,1776.895,15.730,NA,,,,,,
D,2025-04-02 19:28:32.356,timestamp date time: 2023-04-30; 14:49:30,Live observation,NA,0.0,1798.469,NA,NA,No focal subject,1952.51,stop panting,Not defined,STATE,1781.286,1800.685,19.399,NA,,,,,,
DD,2025-04-04 11:30:42.401,timestamp date time: 2023-04-30; 13:59:40,Live observation,NA,0.0,1797.754,NA,NA,No focal subject,917.445,stop panting,Not defined,STATE,1.336,38.059,36.723,NA,,,,,,
DD,2025-04-04 11:30:42.401,timestamp date time: 2023-04-30; 13:59:40,Live observation,NA,0.0,1797.754,NA,NA,No focal subject,917.445,stop panting,Not defined,STATE,49.904,66.037,16.133,NA,,,,,,
DD,2025-04-04 11:30:42.401,timestamp date time: 2023-04-30; 13:59:40,Live observation,NA,0.0,1797.754,NA,NA,No focal subject,917.445,stop panting,Not defined,STATE,82.516,86.945,4.429,NA,,,,,,
DD,2025-04-04 11:30:42.401,timestamp date time: 2023-04-30; 13:59:40,Live observation,NA,0.0,1797.754,NA,NA,No focal subject,917.445,stop panting,Not defined,STATE,89.131,93.406,4.275,NA,,,,,,
DD,2025-04-04 11:30:42.401,timestamp date time: 2023-04-30; 13:59:40,Live observation,NA,0.0,1797.754,NA,NA,No focal subject,917.445,stop panting,Not defined,STATE,113.076,117.724,4.648,NA,,,,,,
DD,2025-04-04 11:30:42.401,timestamp date time: 2023-04-30; 13:59:40,Live observation,NA,0.0,1797.754,NA,NA,No focal subject,917.445,stop panting,Not defined,STATE,124.435,149.412,24.977,NA,,,,,,
DD,2025-04-04 11:30:42.401,timestamp date time: 2023-04-30; 13:59:40,Live observation,NA,0.0,1797.754,NA,NA,No focal subject,917.445,stop panting,Not defined,STATE,160.498,164.437,3.939,NA,,,,,,
DD,2025-04-04 11:30:42.401,timestamp date time: 2023-04-30; 13:59:40,Live observation,NA,0.0,1797.754,NA,NA,No focal subject,917.445,stop panting,Not defined,STATE,170.637,176.105,5.468,NA,,,,,,
DD,2025-04-04 11:30:42.401,timestamp date time: 2023-04-30; 13:59:40,Live observation,NA,0.0,1797.754,NA,NA,No focal subject,917.445,stop panting,Not defined,STATE,197.069,201.977,4.908,NA,,,,,,
DD,2025-04-04 11:30:42.401,timestamp date time: 2023-04-30; 13:59:40,Live observation,NA,0.0,1797.754,NA,NA,No focal subject,917.445,stop panting,Not defined,STATE,223.423,236.656,13.233,NA,,,,,,
DD,2025-04-04 11:30:42.401,timestamp date time: 2023-04-30; 13:59:40,Live observation,NA,0.0,1797.754,NA,NA,No focal subject,917.445,stop panting,Not defined,STATE,248.625,270.151,21.526,NA,,,,,,
DD,2025-04-04 11:30:42.401,timestamp date time: 2023-04-30; 13:59:40,Live observation,NA,0.0,1797.754,NA,NA,No focal subject,917.445,stop panting,Not defined,STATE,276.861,287.617,10.756,NA,,,,,,
DD,2025-04-04 11:30:42.401,timestamp date time: 2023-04-30; 13:59:40,Live observation,NA,0.0,1797.754,NA,NA,No focal subject,917.445,stop panting,Not defined,STATE,319.087,328.829,9.742,NA,,,,,,
DD,2025-04-04 11:30:42.401,timestamp date time: 2023-04-30; 13:59:40,Live observation,NA,0.0,1797.754,NA,NA,No focal subject,917.445,stop panting,Not defined,STATE,332.976,370.115,37.139,NA,,,,,,
DD,2025-04-04 11:30:42.401,timestamp date time: 2023-04-30; 13:59:40,Live observation,NA,0.0,1797.754,NA,NA,No focal subject,917.445,stop panting,Not defined,STATE,406.653,415.869,9.216,NA,,,,,,
DD,2025-04-04 11:30:42.401,timestamp date time: 2023-04-30; 13:59:40,Live observation,NA,0.0,1797.754,NA,NA,No focal subject,917.445,stop panting,Not defined,STATE,432.231,454.780,22.549,NA,,,,,,
DD,2025-04-04 11:30:42.401,timestamp date time: 2023-04-30; 13:59:40,Live observation,NA,0.0,1797.754,NA,NA,No focal subject,917.445,stop panting,Not defined,STATE,465.381,476.189,10.808,NA,,,,,,
DD,2025-04-04 11:30:42.401,timestamp date time: 2023-04-30; 13:59:40,Live observation,NA,0.0,1797.754,NA,NA,No focal subject,917.445,stop panting,Not defined,STATE,486.993,489.915,2.922,NA,,,,,,
DD,2025-04-04 11:30:42.401,timestamp date time: 2023-04-30; 13:59:40,Live observation,NA,0.0,1797.754,NA,NA,No focal subject,917.445,stop panting,Not defined,STATE,510.958,515.782,4.824,NA,,,,,,
DD,2025-04-04 11:30:42.401,timestamp date time: 2023-04-30; 13:59:40,Live observation,NA,0.0,1797.754,NA,NA,No focal subject,917.445,stop panting,Not defined,STATE,529.482,533.706,4.224,NA,,,,,,
DD,2025-04-04 11:30:42.401,timestamp date time: 2023-04-30; 13:59:40,Live observation,NA,0.0,1797.754,NA,NA,No focal subject,917.445,stop panting,Not defined,STATE,546.039,558.625,12.586,NA,,,,,,
DD,2025-04-04 11:30:42.401,timestamp date time: 2023-04-30; 13:59:40,Live observation,NA,0.0,1797.754,NA,NA,No focal subject,917.445,panting,Not defined,STATE,555.706,559.596,3.890,NA,,,,,,
DD,2025-04-04 11:30:42.401,timestamp date time: 2023-04-30; 13:59:40,Live observation,NA,0.0,1797.754,NA,NA,No focal subject,917.445,stop panting,Not defined,STATE,564.479,575.128,10.649,NA,,,,,,
DD,2025-04-04 11:30:42.401,timestamp date time: 2023-04-30; 13:59:40,Live observation,NA,0.0,1797.754,NA,NA,No focal subject,917.445,stop panting,Not defined,STATE,581.258,587.556,6.298,NA,,,,,,
DD,2025-04-04 11:30:42.401,timestamp date time: 2023-04-30; 13:59:40,Live observation,NA,0.0,1797.754,NA,NA,No focal subject,917.445,stop panting,Not defined,STATE,594.650,596.817,2.167,NA,,,,,,
DD,2025-04-04 11:30:42.401,timestamp date time: 2023-04-30; 13:59:40,Live observation,NA,0.0,1797.754,NA,NA,No focal subject,917.445,stop panting,Not defined,STATE,603.663,614.476,10.813,NA,,,,,,
DD,2025-04-04 11:30:42.401,timestamp date time: 2023-04-30; 13:59:40,Live observation,NA,0.0,1797.754,NA,NA,No focal subject,917.445,stop panting,Not defined,STATE,630.741,637.176,6.435,NA,,,,,,
DD,2025-04-04 11:30:42.401,timestamp date time: 2023-04-30; 13:59:40,Live observation,NA,0.0,1797.754,NA,NA,No focal subject,917.445,stop panting,Not defined,STATE,647.502,651.656,4.154,NA,,,,,,
DD,2025-04-04 11:30:42.401,timestamp date time: 2023-04-30; 13:59:40,Live observation,NA,0.0,1797.754,NA,NA,No focal subject,917.445,stop panting,Not defined,STATE,659.898,674.123,14.225,NA,,,,,,
DD,2025-04-04 11:30:42.401,timestamp date time: 2023-04-30; 13:59:40,Live observation,NA,0.0,1797.754,NA,NA,No focal subject,917.445,stop panting,Not defined,STATE,689.296,714.861,25.565,NA,,,,,,
DD,2025-04-04 11:30:42.401,timestamp date time: 2023-04-30; 13:59:40,Live observation,NA,0.0,1797.754,NA,NA,No focal subject,917.445,stop panting,Not defined,STATE,718.864,722.093,3.229,NA,,,,,,
DD,2025-04-04 11:30:42.401,timestamp date time: 2023-04-30; 13:59:40,Live observation,NA,0.0,1797.754,NA,NA,No focal subject,917.445,stop panting,Not defined,STATE,752.496,777.400,24.904,NA,,,,,,
DD,2025-04-04 11:30:42.401,timestamp date time: 2023-04-30; 13:59:40,Live observation,NA,0.0,1797.754,NA,NA,No focal subject,917.445,stop panting,Not defined,STATE,789.054,793.748,4.694,NA,,,,,,
DD,2025-04-04 11:30:42.401,timestamp date time: 2023-04-30; 13:59:40,Live observation,NA,0.0,1797.754,NA,NA,No focal subject,917.445,stop panting,Not defined,STATE,801.460,803.934,2.474,NA,,,,,,
DD,2025-04-04 11:30:42.401,timestamp date time: 2023-04-30; 13:59:40,Live observation,NA,0.0,1797.754,NA,NA,No focal subject,917.445,stop panting,Not defined,STATE,808.581,819.286,10.705,NA,,,,,,
DD,2025-04-04 11:30:42.401,timestamp date time: 2023-04-30; 13:59:40,Live observation,NA,0.0,1797.754,NA,NA,No focal subject,917.445,stop panting,Not defined,STATE,827.151,878.206,51.055,NA,,,,,,
DD,2025-04-04 11:30:42.401,timestamp date time: 2023-04-30; 13:59:40,Live observation,NA,0.0,1797.754,NA,NA,No focal subject,917.445,stop panting,Not defined,STATE,912.742,916.647,3.905,NA,,,,,,
DD,2025-04-04 11:30:42.401,timestamp date time: 2023-04-30; 13:59:40,Live observation,NA,0.0,1797.754,NA,NA,No focal subject,917.445,stop panting,Not defined,STATE,927.474,934.134,6.660,NA,,,,,,
DD,2025-04-04 11:30:42.401,timestamp date time: 2023-04-30; 13:59:40,Live observation,NA,0.0,1797.754,NA,NA,No focal subject,917.445,stop panting,Not defined,STATE,938.337,952.468,14.131,NA,,,,,,
DD,2025-04-04 11:30:42.401,timestamp date time: 2023-04-30; 13:59:40,Live observation,NA,0.0,1797.754,NA,NA,No focal subject,917.445,stop panting,Not defined,STATE,958.332,960.774,2.442,NA,,,,,,
DD,2025-04-04 11:30:42.401,timestamp date time: 2023-04-30; 13:59:40,Live observation,NA,0.0,1797.754,NA,NA,No focal subject,917.445,stop panting,Not defined,STATE,966.227,968.985,2.758,NA,,,,,,
DD,2025-04-04 11:30:42.401,timestamp date time: 2023-04-30; 13:59:40,Live observation,NA,0.0,1797.754,NA,NA,No focal subject,917.445,stop panting,Not defined,STATE,995.713,1000.748,5.035,NA,,,,,,
DD,2025-04-04 11:30:42.401,timestamp date time: 2023-04-30; 13:59:40,Live observation,NA,0.0,1797.754,NA,NA,No focal subject,917.445,stop panting,Not defined,STATE,1003.797,1013.834,10.037,NA,,,,,,
DD,2025-04-04 11:30:42.401,timestamp date time: 2023-04-30; 13:59:40,Live observation,NA,0.0,1797.754,NA,NA,No focal subject,917.445,stop panting,Not defined,STATE,1021.174,1039.589,18.415,NA,,,,,,
DD,2025-04-04 11:30:42.401,timestamp date time: 2023-04-30; 13:59:40,Live observation,NA,0.0,1797.754,NA,NA,No focal subject,917.445,stop panting,Not defined,STATE,1045.914,1078.751,32.837,NA,,,,,,
DD,2025-04-04 11:30:42.401,timestamp date time: 2023-04-30; 13:59:40,Live observation,NA,0.0,1797.754,NA,NA,No focal subject,917.445,stop panting,Not defined,STATE,1089.008,1125.536,36.528,NA,,,,,,
DD,2025-04-04 11:30:42.401,timestamp date time: 2023-04-30; 13:59:40,Live observation,NA,0.0,1797.754,NA,NA,No focal subject,917.445,stop panting,Not defined,STATE,1142.388,1156.461,14.073,NA,,,,,,
DD,2025-04-04 11:30:42.401,timestamp date time: 2023-04-30; 13:59:40,Live observation,NA,0.0,1797.754,NA,NA,No focal subject,917.445,stop panting,Not defined,STATE,1160.946,1175.205,14.259,NA,,,,,,
DD,2025-04-04 11:30:42.401,timestamp date time: 2023-04-30; 13:59:40,Live observation,NA,0.0,1797.754,NA,NA,No focal subject,917.445,stop panting,Not defined,STATE,1177.139,1187.281,10.142,NA,,,,,,
DD,2025-04-04 11:30:42.401,timestamp date time: 2023-04-30; 13:59:40,Live observation,NA,0.0,1797.754,NA,NA,No focal subject,917.445,stop panting,Not defined,STATE,1194.383,1203.149,8.766,NA,,,,,,
DD,2025-04-04 11:30:42.401,timestamp date time: 2023-04-30; 13:59:40,Live observation,NA,0.0,1797.754,NA,NA,No focal subject,917.445,stop panting,Not defined,STATE,1205.526,1230.947,25.421,NA,,,,,,
DD,2025-04-04 11:30:42.401,timestamp date time: 2023-04-30; 13:59:40,Live observation,NA,0.0,1797.754,NA,NA,No focal subject,917.445,stop panting,Not defined,STATE,1313.979,1354.159,40.180,NA,,,,,,
DD,2025-04-04 11:30:42.401,timestamp date time: 2023-04-30; 13:59:40,Live observation,NA,0.0,1797.754,NA,NA,No focal subject,917.445,stop panting,Not defined,STATE,1395.304,1420.086,24.782,NA,,,,,,
DD,2025-04-04 11:30:42.401,timestamp date time: 2023-04-30; 13:59:40,Live observation,NA,0.0,1797.754,NA,NA,No focal subject,917.445,stop panting,Not defined,STATE,1433.895,1447.150,13.255,NA,,,,,,
DD,2025-04-04 11:30:42.401,timestamp date time: 2023-04-30; 13:59:40,Live observation,NA,0.0,1797.754,NA,NA,No focal subject,917.445,stop panting,Not defined,STATE,1475.047,1503.577,28.530,NA,,,,,,
DD,2025-04-04 11:30:42.401,timestamp date time: 2023-04-30; 13:59:40,Live observation,NA,0.0,1797.754,NA,NA,No focal subject,917.445,stop panting,Not defined,STATE,1509.012,1511.430,2.418,NA,,,,,,
DD,2025-04-04 11:30:42.401,timestamp date time: 2023-04-30; 13:59:40,Live observation,NA,0.0,1797.754,NA,NA,No focal subject,917.445,stop panting,Not defined,STATE,1523.444,1531.449,8.005,NA,,,,,,
DD,2025-04-04 11:30:42.401,timestamp date time: 2023-04-30; 13:59:40,Live observation,NA,0.0,1797.754,NA,NA,No focal subject,917.445,stop panting,Not defined,STATE,1541.378,1546.745,5.367,NA,,,,,,
DD,2025-04-04 11:30:42.401,timestamp date time: 2023-04-30; 13:59:40,Live observation,NA,0.0,1797.754,NA,NA,No focal subject,917.445,stop panting,Not defined,STATE,1556.732,1564.887,8.155,NA,,,,,,
DD,2025-04-04 11:30:42.401,timestamp date time: 2023-04-30; 13:59:40,Live observation,NA,0.0,1797.754,NA,NA,No focal subject,917.445,stop panting,Not defined,STATE,1572.425,1578.351,5.926,NA,,,,,,
DD,2025-04-04 11:30:42.401,timestamp date time: 2023-04-30; 13:59:40,Live observation,NA,0.0,1797.754,NA,NA,No focal subject,917.445,stop panting,Not defined,STATE,1592.026,1623.417,31.391,NA,,,,,,
DD,2025-04-04 11:30:42.401,timestamp date time: 2023-04-30; 13:59:40,Live observation,NA,0.0,1797.754,NA,NA,No focal subject,917.445,stop panting,Not defined,STATE,1628.631,1642.288,13.657,NA,,,,,,
DD,2025-04-04 11:30:42.401,timestamp date time: 2023-04-30; 13:59:40,Live observation,NA,0.0,1797.754,NA,NA,No focal subject,917.445,stop panting,Not defined,STATE,1675.334,1691.038,15.704,NA,,,,,,
DD,2025-04-04 11:30:42.401,timestamp date time: 2023-04-30; 13:59:40,Live observation,NA,0.0,1797.754,NA,NA,No focal subject,917.445,stop panting,Not defined,STATE,1708.783,1759.028,50.245,NA,,,,,,
DD,2025-04-04 11:30:42.401,timestamp date time: 2023-04-30; 13:59:40,Live observation,NA,0.0,1797.754,NA,NA,No focal subject,917.445,stop panting,Not defined,STATE,1778.085,1789.534,11.449,NA,,,,,,
DD,2025-04-04 11:30:42.401,timestamp date time: 2023-04-30; 13:59:40,Live observation,NA,0.0,1797.754,NA,NA,No focal subject,917.445,stop panting,Not defined,STATE,1792.400,1799.090,6.690,NA,,,,,,
E,2025-04-02 21:24:11.732,timestamp date time: 2023-05-04; 15:40:47,Live observation,NA,0.0,1782.502,NA,NA,No focal subject,1928.886,stop panting,Not defined,STATE,21.080,26.694,5.614,NA,,,,,,
E,2025-04-02 21:24:11.732,timestamp date time: 2023-05-04; 15:40:47,Live observation,NA,0.0,1782.502,NA,NA,No focal subject,1928.886,stop panting,Not defined,STATE,28.293,52.976,24.683,NA,,,,,,
E,2025-04-02 21:24:11.732,timestamp date time: 2023-05-04; 15:40:47,Live observation,NA,0.0,1782.502,NA,NA,No focal subject,1928.886,stop panting,Not defined,STATE,56.976,63.396,6.420,NA,,,,,,
E,2025-04-02 21:24:11.732,timestamp date time: 2023-05-04; 15:40:47,Live observation,NA,0.0,1782.502,NA,NA,No focal subject,1928.886,stop panting,Not defined,STATE,66.690,72.103,5.413,NA,,,,,,
E,2025-04-02 21:24:11.732,timestamp date time: 2023-05-04; 15:40:47,Live observation,NA,0.0,1782.502,NA,NA,No focal subject,1928.886,stop panting,Not defined,STATE,74.999,78.730,3.731,NA,,,,,,
E,2025-04-02 21:24:11.732,timestamp date time: 2023-05-04; 15:40:47,Live observation,NA,0.0,1782.502,NA,NA,No focal subject,1928.886,stop panting,Not defined,STATE,82.117,86.853,4.736,NA,,,,,,
E,2025-04-02 21:24:11.732,timestamp date time: 2023-05-04; 15:40:47,Live observation,NA,0.0,1782.502,NA,NA,No focal subject,1928.886,stop panting,Not defined,STATE,96.155,123.581,27.426,NA,,,,,,
E,2025-04-02 21:24:11.732,timestamp date time: 2023-05-04; 15:40:47,Live observation,NA,0.0,1782.502,NA,NA,No focal subject,1928.886,panting,Not defined,STATE,100.745,125.541,24.796,NA,,,,,,
E,2025-04-02 21:24:11.732,timestamp date time: 2023-05-04; 15:40:47,Live observation,NA,0.0,1782.502,NA,NA,No focal subject,1928.886,panting,Not defined,STATE,130.918,160.351,29.433,NA,,,,,,
E,2025-04-02 21:24:11.732,timestamp date time: 2023-05-04; 15:40:47,Live observation,NA,0.0,1782.502,NA,NA,No focal subject,1928.886,stop panting,Not defined,STATE,156.398,229.523,73.125,NA,,,,,,
E,2025-04-02 21:24:11.732,timestamp date time: 2023-05-04; 15:40:47,Live observation,NA,0.0,1782.502,NA,NA,No focal subject,1928.886,panting,Not defined,STATE,167.633,176.369,8.736,NA,,,,,,
E,2025-04-02 21:24:11.732,timestamp date time: 2023-05-04; 15:40:47,Live observation,NA,0.0,1782.502,NA,NA,No focal subject,1928.886,panting,Not defined,STATE,231.650,250.377,18.727,NA,,,,,,
E,2025-04-02 21:24:11.732,timestamp date time: 2023-05-04; 15:40:47,Live observation,NA,0.0,1782.502,NA,NA,No focal subject,1928.886,stop panting,Not defined,STATE,243.458,265.246,21.788,NA,,,,,,
E,2025-04-02 21:24:11.732,timestamp date time: 2023-05-04; 15:40:47,Live observation,NA,0.0,1782.502,NA,NA,No focal subject,1928.886,panting,Not defined,STATE,267.462,276.677,9.215,NA,,,,,,
E,2025-04-02 21:24:11.732,timestamp date time: 2023-05-04; 15:40:47,Live observation,NA,0.0,1782.502,NA,NA,No focal subject,1928.886,stop panting,Not defined,STATE,294.273,336.838,42.565,NA,,,,,,
E,2025-04-02 21:24:11.732,timestamp date time: 2023-05-04; 15:40:47,Live observation,NA,0.0,1782.502,NA,NA,No focal subject,1928.886,panting,Not defined,STATE,302.578,331.551,28.973,NA,,,,,,
E,2025-04-02 21:24:11.732,timestamp date time: 2023-05-04; 15:40:47,Live observation,NA,0.0,1782.502,NA,NA,No focal subject,1928.886,stop panting,Not defined,STATE,348.233,366.008,17.775,NA,,,,,,
E,2025-04-02 21:24:11.732,timestamp date time: 2023-05-04; 15:40:47,Live observation,NA,0.0,1782.502,NA,NA,No focal subject,1928.886,panting,Not defined,STATE,354.631,362.733,8.102,NA,,,,,,
E,2025-04-02 21:24:11.732,timestamp date time: 2023-05-04; 15:40:47,Live observation,NA,0.0,1782.502,NA,NA,No focal subject,1928.886,panting,Not defined,STATE,378.438,413.974,35.536,NA,,,,,,
E,2025-04-02 21:24:11.732,timestamp date time: 2023-05-04; 15:40:47,Live observation,NA,0.0,1782.502,NA,NA,No focal subject,1928.886,stop panting,Not defined,STATE,388.151,395.550,7.399,NA,,,,,,
E,2025-04-02 21:24:11.732,timestamp date time: 2023-05-04; 15:40:47,Live observation,NA,0.0,1782.502,NA,NA,No focal subject,1928.886,stop panting,Not defined,STATE,407.681,418.512,10.831,NA,,,,,,
E,2025-04-02 21:24:11.732,timestamp date time: 2023-05-04; 15:40:47,Live observation,NA,0.0,1782.502,NA,NA,No focal subject,1928.886,panting,Not defined,STATE,436.745,442.674,5.929,NA,,,,,,
E,2025-04-02 21:24:11.732,timestamp date time: 2023-05-04; 15:40:47,Live observation,NA,0.0,1782.502,NA,NA,No focal subject,1928.886,stop panting,Not defined,STATE,447.195,484.430,37.235,NA,,,,,,
E,2025-04-02 21:24:11.732,timestamp date time: 2023-05-04; 15:40:47,Live observation,NA,0.0,1782.502,NA,NA,No focal subject,1928.886,panting,Not defined,STATE,464.747,478.297,13.550,NA,,,,,,
E,2025-04-02 21:24:11.732,timestamp date time: 2023-05-04; 15:40:47,Live observation,NA,0.0,1782.502,NA,NA,No focal subject,1928.886,panting,Not defined,STATE,485.798,520.763,34.965,NA,,,,,,
E,2025-04-02 21:24:11.732,timestamp date time: 2023-05-04; 15:40:47,Live observation,NA,0.0,1782.502,NA,NA,No focal subject,1928.886,stop panting,Not defined,STATE,513.484,591.423,77.939,NA,,,,,,
E,2025-04-02 21:24:11.732,timestamp date time: 2023-05-04; 15:40:47,Live observation,NA,0.0,1782.502,NA,NA,No focal subject,1928.886,panting,Not defined,STATE,541.065,552.586,11.521,NA,,,,,,
E,2025-04-02 21:24:11.732,timestamp date time: 2023-05-04; 15:40:47,Live observation,NA,0.0,1782.502,NA,NA,No focal subject,1928.886,panting,Not defined,STATE,577.935,606.208,28.273,NA,,,,,,
E,2025-04-02 21:24:11.732,timestamp date time: 2023-05-04; 15:40:47,Live observation,NA,0.0,1782.502,NA,NA,No focal subject,1928.886,stop panting,Not defined,STATE,594.816,600.847,6.031,NA,,,,,,
E,2025-04-02 21:24:11.732,timestamp date time: 2023-05-04; 15:40:47,Live observation,NA,0.0,1782.502,NA,NA,No focal subject,1928.886,panting,Not defined,STATE,614.900,652.918,38.018,NA,,,,,,
E,2025-04-02 21:24:11.732,timestamp date time: 2023-05-04; 15:40:47,Live observation,NA,0.0,1782.502,NA,NA,No focal subject,1928.886,stop panting,Not defined,STATE,619.606,626.666,7.060,NA,,,,,,
E,2025-04-02 21:24:11.732,timestamp date time: 2023-05-04; 15:40:47,Live observation,NA,0.0,1782.502,NA,NA,No focal subject,1928.886,panting,Not defined,STATE,657.222,666.657,9.435,NA,,,,,,
E,2025-04-02 21:24:11.732,timestamp date time: 2023-05-04; 15:40:47,Live observation,NA,0.0,1782.502,NA,NA,No focal subject,1928.886,stop panting,Not defined,STATE,674.073,688.640,14.567,NA,,,,,,
E,2025-04-02 21:24:11.732,timestamp date time: 2023-05-04; 15:40:47,Live observation,NA,0.0,1782.502,NA,NA,No focal subject,1928.886,panting,Not defined,STATE,678.464,699.212,20.748,NA,,,,,,
E,2025-04-02 21:24:11.732,timestamp date time: 2023-05-04; 15:40:47,Live observation,NA,0.0,1782.502,NA,NA,No focal subject,1928.886,stop panting,Not defined,STATE,707.213,761.951,54.738,NA,,,,,,
E,2025-04-02 21:24:11.732,timestamp date time: 2023-05-04; 15:40:47,Live observation,NA,0.0,1782.502,NA,NA,No focal subject,1928.886,panting,Not defined,STATE,710.732,725.865,15.133,NA,,,,,,
E,2025-04-02 21:24:11.732,timestamp date time: 2023-05-04; 15:40:47,Live observation,NA,0.0,1782.502,NA,NA,No focal subject,1928.886,panting,Not defined,STATE,768.736,778.151,9.415,NA,,,,,,
E,2025-04-02 21:24:11.732,timestamp date time: 2023-05-04; 15:40:47,Live observation,NA,0.0,1782.502,NA,NA,No focal subject,1928.886,stop panting,Not defined,STATE,791.586,799.513,7.927,NA,,,,,,
E,2025-04-02 21:24:11.732,timestamp date time: 2023-05-04; 15:40:47,Live observation,NA,0.0,1782.502,NA,NA,No focal subject,1928.886,panting,Not defined,STATE,808.947,855.278,46.331,NA,,,,,,
E,2025-04-02 21:24:11.732,timestamp date time: 2023-05-04; 15:40:47,Live observation,NA,0.0,1782.502,NA,NA,No focal subject,1928.886,stop panting,Not defined,STATE,874.720,884.836,10.116,NA,,,,,,
E,2025-04-02 21:24:11.732,timestamp date time: 2023-05-04; 15:40:47,Live observation,NA,0.0,1782.502,NA,NA,No focal subject,1928.886,stop panting,Not defined,STATE,895.822,929.353,33.531,NA,,,,,,
E,2025-04-02 21:24:11.732,timestamp date time: 2023-05-04; 15:40:47,Live observation,NA,0.0,1782.502,NA,NA,No focal subject,1928.886,panting,Not defined,STATE,903.574,908.400,4.826,NA,,,,,,
E,2025-04-02 21:24:11.732,timestamp date time: 2023-05-04; 15:40:47,Live observation,NA,0.0,1782.502,NA,NA,No focal subject,1928.886,panting,Not defined,STATE,914.784,922.261,7.477,NA,,,,,,
E,2025-04-02 21:24:11.732,timestamp date time: 2023-05-04; 15:40:47,Live observation,NA,0.0,1782.502,NA,NA,No focal subject,1928.886,stop panting,Not defined,STATE,939.853,969.880,30.027,NA,,,,,,
E,2025-04-02 21:24:11.732,timestamp date time: 2023-05-04; 15:40:47,Live observation,NA,0.0,1782.502,NA,NA,No focal subject,1928.886,panting,Not defined,STATE,960.220,1209.793,249.573,NA,,,,,,
E,2025-04-02 21:24:11.732,timestamp date time: 2023-05-04; 15:40:47,Live observation,NA,0.0,1782.502,NA,NA,No focal subject,1928.886,stop panting,Not defined,STATE,974.083,989.554,15.471,NA,,,,,,
E,2025-04-02 21:24:11.732,timestamp date time: 2023-05-04; 15:40:47,Live observation,NA,0.0,1782.502,NA,NA,No focal subject,1928.886,stop panting,Not defined,STATE,1026.085,1031.188,5.103,NA,,,,,,
E,2025-04-02 21:24:11.732,timestamp date time: 2023-05-04; 15:40:47,Live observation,NA,0.0,1782.502,NA,NA,No focal subject,1928.886,stop panting,Not defined,STATE,1048.433,1066.792,18.359,NA,,,,,,
E,2025-04-02 21:24:11.732,timestamp date time: 2023-05-04; 15:40:47,Live observation,NA,0.0,1782.502,NA,NA,No focal subject,1928.886,stop panting,Not defined,STATE,1087.927,1121.897,33.970,NA,,,,,,
E,2025-04-02 21:24:11.732,timestamp date time: 2023-05-04; 15:40:47,Live observation,NA,0.0,1782.502,NA,NA,No focal subject,1928.886,stop panting,Not defined,STATE,1124.795,1155.256,30.461,NA,,,,,,
E,2025-04-02 21:24:11.732,timestamp date time: 2023-05-04; 15:40:47,Live observation,NA,0.0,1782.502,NA,NA,No focal subject,1928.886,stop panting,Not defined,STATE,1178.613,1208.687,30.074,NA,,,,,,
E,2025-04-02 21:24:11.732,timestamp date time: 2023-05-04; 15:40:47,Live observation,NA,0.0,1782.502,NA,NA,No focal subject,1928.886,panting,Not defined,STATE,1213.037,1219.988,6.951,NA,,,,,,
E,2025-04-02 21:24:11.732,timestamp date time: 2023-05-04; 15:40:47,Live observation,NA,0.0,1782.502,NA,NA,No focal subject,1928.886,stop panting,Not defined,STATE,1218.646,1224.436,5.790,NA,,,,,,
E,2025-04-02 21:24:11.732,timestamp date time: 2023-05-04; 15:40:47,Live observation,NA,0.0,1782.502,NA,NA,No focal subject,1928.886,panting,Not defined,STATE,1229.274,1238.384,9.110,NA,,,,,,
E,2025-04-02 21:24:11.732,timestamp date time: 2023-05-04; 15:40:47,Live observation,NA,0.0,1782.502,NA,NA,No focal subject,1928.886,stop panting,Not defined,STATE,1236.787,1248.323,11.536,NA,,,,,,
E,2025-04-02 21:24:11.732,timestamp date time: 2023-05-04; 15:40:47,Live observation,NA,0.0,1782.502,NA,NA,No focal subject,1928.886,panting,Not defined,STATE,1278.034,1285.068,7.034,NA,,,,,,
E,2025-04-02 21:24:11.732,timestamp date time: 2023-05-04; 15:40:47,Live observation,NA,0.0,1782.502,NA,NA,No focal subject,1928.886,panting,Not defined,STATE,1308.672,1346.894,38.222,NA,,,,,,
E,2025-04-02 21:24:11.732,timestamp date time: 2023-05-04; 15:40:47,Live observation,NA,0.0,1782.502,NA,NA,No focal subject,1928.886,stop panting,Not defined,STATE,1336.657,1363.552,26.895,NA,,,,,,
E,2025-04-02 21:24:11.732,timestamp date time: 2023-05-04; 15:40:47,Live observation,NA,0.0,1782.502,NA,NA,No focal subject,1928.886,panting,Not defined,STATE,1384.366,1399.645,15.279,NA,,,,,,
E,2025-04-02 21:24:11.732,timestamp date time: 2023-05-04; 15:40:47,Live observation,NA,0.0,1782.502,NA,NA,No focal subject,1928.886,stop panting,Not defined,STATE,1392.978,1419.260,26.282,NA,,,,,,
E,2025-04-02 21:24:11.732,timestamp date time: 2023-05-04; 15:40:47,Live observation,NA,0.0,1782.502,NA,NA,No focal subject,1928.886,panting,Not defined,STATE,1406.926,1412.020,5.094,NA,,,,,,
E,2025-04-02 21:24:11.732,timestamp date time: 2023-05-04; 15:40:47,Live observation,NA,0.0,1782.502,NA,NA,No focal subject,1928.886,stop panting,Not defined,STATE,1430.671,1444.500,13.829,NA,,,,,,
E,2025-04-02 21:24:11.732,timestamp date time: 2023-05-04; 15:40:47,Live observation,NA,0.0,1782.502,NA,NA,No focal subject,1928.886,stop panting,Not defined,STATE,1452.449,1570.553,118.104,NA,,,,,,
E,2025-04-02 21:24:11.732,timestamp date time: 2023-05-04; 15:40:47,Live observation,NA,0.0,1782.502,NA,NA,No focal subject,1928.886,panting,Not defined,STATE,1485.495,1497.701,12.206,NA,,,,,,
E,2025-04-02 21:24:11.732,timestamp date time: 2023-05-04; 15:40:47,Live observation,NA,0.0,1782.502,NA,NA,No focal subject,1928.886,panting,Not defined,STATE,1511.467,1555.520,44.053,NA,,,,,,
E,2025-04-02 21:24:11.732,timestamp date time: 2023-05-04; 15:40:47,Live observation,NA,0.0,1782.502,NA,NA,No focal subject,1928.886,panting,Not defined,STATE,1562.484,1632.923,70.439,NA,,,,,,
E,2025-04-02 21:24:11.732,timestamp date time: 2023-05-04; 15:40:47,Live observation,NA,0.0,1782.502,NA,NA,No focal subject,1928.886,stop panting,Not defined,STATE,1610.158,1629.942,19.784,NA,,,,,,
E,2025-04-02 21:24:11.732,timestamp date time: 2023-05-04; 15:40:47,Live observation,NA,0.0,1782.502,NA,NA,No focal subject,1928.886,panting,Not defined,STATE,1636.387,1696.083,59.696,NA,,,,,,
E,2025-04-02 21:24:11.732,timestamp date time: 2023-05-04; 15:40:47,Live observation,NA,0.0,1782.502,NA,NA,No focal subject,1928.886,stop panting,Not defined,STATE,1671.876,1716.998,45.122,NA,,,,,,
E,2025-04-02 21:24:11.732,timestamp date time: 2023-05-04; 15:40:47,Live observation,NA,0.0,1782.502,NA,NA,No focal subject,1928.886,panting,Not defined,STATE,1705.261,1741.336,36.075,NA,,,,,,
E,2025-04-02 21:24:11.732,timestamp date time: 2023-05-04; 15:40:47,Live observation,NA,0.0,1782.502,NA,NA,No focal subject,1928.886,stop panting,Not defined,STATE,1734.437,1768.995,34.558,NA,,,,,,
F,2025-04-05 13:19:53.363,timestamp date time: 2023-04-24; 15:40:32,Live observation,NA,0.0,1798.126,NA,NA,No focal subject,1793.857,stop panting,Not defined,STATE,1.572,57.526,55.954,NA,,,,,,
F,2025-04-05 13:19:53.363,timestamp date time: 2023-04-24; 15:40:32,Live observation,NA,0.0,1798.126,NA,NA,No focal subject,1793.857,out of sight,Not defined,STATE,57.527,73.511,15.984,NA,,,,,,
F,2025-04-05 13:19:53.363,timestamp date time: 2023-04-24; 15:40:32,Live observation,NA,0.0,1798.126,NA,NA,No focal subject,1793.857,stop panting,Not defined,STATE,73.512,106.801,33.289,NA,,,,,,
F,2025-04-05 13:19:53.363,timestamp date time: 2023-04-24; 15:40:32,Live observation,NA,0.0,1798.126,NA,NA,No focal subject,1793.857,out of sight,Not defined,STATE,106.802,110.389,3.587,NA,,,,,,
F,2025-04-05 13:19:53.363,timestamp date time: 2023-04-24; 15:40:32,Live observation,NA,0.0,1798.126,NA,NA,No focal subject,1793.857,stop panting,Not defined,STATE,110.390,162.083,51.693,NA,,,,,,
F,2025-04-05 13:19:53.363,timestamp date time: 2023-04-24; 15:40:32,Live observation,NA,0.0,1798.126,NA,NA,No focal subject,1793.857,out of sight,Not defined,STATE,162.084,183.748,21.664,NA,,,,,,
F,2025-04-05 13:19:53.363,timestamp date time: 2023-04-24; 15:40:32,Live observation,NA,0.0,1798.126,NA,NA,No focal subject,1793.857,stop panting,Not defined,STATE,183.749,185.320,1.571,NA,,,,,,
F,2025-04-05 13:19:53.363,timestamp date time: 2023-04-24; 15:40:32,Live observation,NA,0.0,1798.126,NA,NA,No focal subject,1793.857,panting,Not defined,STATE,185.321,199.977,14.656,NA,,,,,,
F,2025-04-05 13:19:53.363,timestamp date time: 2023-04-24; 15:40:32,Live observation,NA,0.0,1798.126,NA,NA,No focal subject,1793.857,stop panting,Not defined,STATE,199.978,222.147,22.169,NA,,,,,,
F,2025-04-05 13:19:53.363,timestamp date time: 2023-04-24; 15:40:32,Live observation,NA,0.0,1798.126,NA,NA,No focal subject,1793.857,out of sight,Not defined,STATE,222.148,233.500,11.352,NA,,,,,,
F,2025-04-05 13:19:53.363,timestamp date time: 2023-04-24; 15:40:32,Live observation,NA,0.0,1798.126,NA,NA,No focal subject,1793.857,panting,Not defined,STATE,233.501,244.968,11.467,NA,,,,,,
F,2025-04-05 13:19:53.363,timestamp date time: 2023-04-24; 15:40:32,Live observation,NA,0.0,1798.126,NA,NA,No focal subject,1793.857,out of sight,Not defined,STATE,244.969,251.004,6.035,NA,,,,,,
F,2025-04-05 13:19:53.363,timestamp date time: 2023-04-24; 15:40:32,Live observation,NA,0.0,1798.126,NA,NA,No focal subject,1793.857,panting,Not defined,STATE,251.005,261.205,10.200,NA,,,,,,
F,2025-04-05 13:19:53.363,timestamp date time: 2023-04-24; 15:40:32,Live observation,NA,0.0,1798.126,NA,NA,No focal subject,1793.857,panting,Not defined,STATE,262.813,267.293,4.480,NA,,,,,,
F,2025-04-05 13:19:53.363,timestamp date time: 2023-04-24; 15:40:32,Live observation,NA,0.0,1798.126,NA,NA,No focal subject,1793.857,out of sight,Not defined,STATE,267.294,270.325,3.031,NA,,,,,,
F,2025-04-05 13:19:53.363,timestamp date time: 2023-04-24; 15:40:32,Live observation,NA,0.0,1798.126,NA,NA,No focal subject,1793.857,stop panting,Not defined,STATE,270.326,292.841,22.515,NA,,,,,,
F,2025-04-05 13:19:53.363,timestamp date time: 2023-04-24; 15:40:32,Live observation,NA,0.0,1798.126,NA,NA,No focal subject,1793.857,out of sight,Not defined,STATE,292.842,297.393,4.551,NA,,,,,,
F,2025-04-05 13:19:53.363,timestamp date time: 2023-04-24; 15:40:32,Live observation,NA,0.0,1798.126,NA,NA,No focal subject,1793.857,stop panting,Not defined,STATE,297.394,299.371,1.977,NA,,,,,,
F,2025-04-05 13:19:53.363,timestamp date time: 2023-04-24; 15:40:32,Live observation,NA,0.0,1798.126,NA,NA,No focal subject,1793.857,panting,Not defined,STATE,299.372,308.779,9.407,NA,,,,,,
F,2025-04-05 13:19:53.363,timestamp date time: 2023-04-24; 15:40:32,Live observation,NA,0.0,1798.126,NA,NA,No focal subject,1793.857,out of sight,Not defined,STATE,308.780,321.111,12.331,NA,,,,,,
F,2025-04-05 13:19:53.363,timestamp date time: 2023-04-24; 15:40:32,Live observation,NA,0.0,1798.126,NA,NA,No focal subject,1793.857,stop panting,Not defined,STATE,321.112,325.390,4.278,NA,,,,,,
F,2025-04-05 13:19:53.363,timestamp date time: 2023-04-24; 15:40:32,Live observation,NA,0.0,1798.126,NA,NA,No focal subject,1793.857,out of sight,Not defined,STATE,325.391,331.129,5.738,NA,,,,,,
F,2025-04-05 13:19:53.363,timestamp date time: 2023-04-24; 15:40:32,Live observation,NA,0.0,1798.126,NA,NA,No focal subject,1793.857,stop panting,Not defined,STATE,331.130,337.743,6.613,NA,,,,,,
F,2025-04-05 13:19:53.363,timestamp date time: 2023-04-24; 15:40:32,Live observation,NA,0.0,1798.126,NA,NA,No focal subject,1793.857,out of sight,Not defined,STATE,337.744,363.027,25.283,NA,,,,,,
F,2025-04-05 13:19:53.363,timestamp date time: 2023-04-24; 15:40:32,Live observation,NA,0.0,1798.126,NA,NA,No focal subject,1793.857,stop panting,Not defined,STATE,363.028,364.461,1.433,NA,,,,,,
F,2025-04-05 13:19:53.363,timestamp date time: 2023-04-24; 15:40:32,Live observation,NA,0.0,1798.126,NA,NA,No focal subject,1793.857,out of sight,Not defined,STATE,364.462,366.792,2.330,NA,,,,,,
F,2025-04-05 13:19:53.363,timestamp date time: 2023-04-24; 15:40:32,Live observation,NA,0.0,1798.126,NA,NA,No focal subject,1793.857,stop panting,Not defined,STATE,366.793,367.922,1.129,NA,,,,,,
F,2025-04-05 13:19:53.363,timestamp date time: 2023-04-24; 15:40:32,Live observation,NA,0.0,1798.126,NA,NA,No focal subject,1793.857,out of sight,Not defined,STATE,367.923,371.680,3.757,NA,,,,,,
F,2025-04-05 13:19:53.363,timestamp date time: 2023-04-24; 15:40:32,Live observation,NA,0.0,1798.126,NA,NA,No focal subject,1793.857,stop panting,Not defined,STATE,371.681,372.004,0.323,NA,,,,,,
F,2025-04-05 13:19:53.363,timestamp date time: 2023-04-24; 15:40:32,Live observation,NA,0.0,1798.126,NA,NA,No focal subject,1793.857,out of sight,Not defined,STATE,372.005,380.715,8.710,NA,,,,,,
F,2025-04-05 13:19:53.363,timestamp date time: 2023-04-24; 15:40:32,Live observation,NA,0.0,1798.126,NA,NA,No focal subject,1793.857,stop panting,Not defined,STATE,380.716,383.370,2.654,NA,,,,,,
F,2025-04-05 13:19:53.363,timestamp date time: 2023-04-24; 15:40:32,Live observation,NA,0.0,1798.126,NA,NA,No focal subject,1793.857,out of sight,Not defined,STATE,383.371,387.791,4.420,NA,,,,,,
F,2025-04-05 13:19:53.363,timestamp date time: 2023-04-24; 15:40:32,Live observation,NA,0.0,1798.126,NA,NA,No focal subject,1793.857,stop panting,Not defined,STATE,387.792,388.876,1.084,NA,,,,,,
F,2025-04-05 13:19:53.363,timestamp date time: 2023-04-24; 15:40:32,Live observation,NA,0.0,1798.126,NA,NA,No focal subject,1793.857,out of sight,Not defined,STATE,388.877,393.139,4.262,NA,,,,,,
F,2025-04-05 13:19:53.363,timestamp date time: 2023-04-24; 15:40:32,Live observation,NA,0.0,1798.126,NA,NA,No focal subject,1793.857,stop panting,Not defined,STATE,393.140,393.661,0.521,NA,,,,,,
F,2025-04-05 13:19:53.363,timestamp date time: 2023-04-24; 15:40:32,Live observation,NA,0.0,1798.126,NA,NA,No focal subject,1793.857,panting,Not defined,STATE,393.662,394.935,1.273,NA,,,,,,
F,2025-04-05 13:19:53.363,timestamp date time: 2023-04-24; 15:40:32,Live observation,NA,0.0,1798.126,NA,NA,No focal subject,1793.857,out of sight,Not defined,STATE,394.936,401.950,7.014,NA,,,,,,
F,2025-04-05 13:19:53.363,timestamp date time: 2023-04-24; 15:40:32,Live observation,NA,0.0,1798.126,NA,NA,No focal subject,1793.857,stop panting,Not defined,STATE,401.951,404.095,2.144,NA,,,,,,
F,2025-04-05 13:19:53.363,timestamp date time: 2023-04-24; 15:40:32,Live observation,NA,0.0,1798.126,NA,NA,No focal subject,1793.857,out of sight,Not defined,STATE,404.096,437.473,33.377,NA,,,,,,
F,2025-04-05 13:19:53.363,timestamp date time: 2023-04-24; 15:40:32,Live observation,NA,0.0,1798.126,NA,NA,No focal subject,1793.857,stop panting,Not defined,STATE,437.474,438.197,0.723,NA,,,,,,
F,2025-04-05 13:19:53.363,timestamp date time: 2023-04-24; 15:40:32,Live observation,NA,0.0,1798.126,NA,NA,No focal subject,1793.857,out of sight,Not defined,STATE,438.198,453.932,15.734,NA,,,,,,
F,2025-04-05 13:19:53.363,timestamp date time: 2023-04-24; 15:40:32,Live observation,NA,0.0,1798.126,NA,NA,No focal subject,1793.857,stop panting,Not defined,STATE,453.933,456.632,2.699,NA,,,,,,
F,2025-04-05 13:19:53.363,timestamp date time: 2023-04-24; 15:40:32,Live observation,NA,0.0,1798.126,NA,NA,No focal subject,1793.857,out of sight,Not defined,STATE,456.633,459.243,2.610,NA,,,,,,
F,2025-04-05 13:19:53.363,timestamp date time: 2023-04-24; 15:40:32,Live observation,NA,0.0,1798.126,NA,NA,No focal subject,1793.857,stop panting,Not defined,STATE,459.244,459.574,0.330,NA,,,,,,
F,2025-04-05 13:19:53.363,timestamp date time: 2023-04-24; 15:40:32,Live observation,NA,0.0,1798.126,NA,NA,No focal subject,1793.857,panting,Not defined,STATE,459.575,460.209,0.634,NA,,,,,,
F,2025-04-05 13:19:53.363,timestamp date time: 2023-04-24; 15:40:32,Live observation,NA,0.0,1798.126,NA,NA,No focal subject,1793.857,out of sight,Not defined,STATE,460.210,463.776,3.566,NA,,,,,,
F,2025-04-05 13:19:53.363,timestamp date time: 2023-04-24; 15:40:32,Live observation,NA,0.0,1798.126,NA,NA,No focal subject,1793.857,panting,Not defined,STATE,463.777,465.389,1.612,NA,,,,,,
F,2025-04-05 13:19:53.363,timestamp date time: 2023-04-24; 15:40:32,Live observation,NA,0.0,1798.126,NA,NA,No focal subject,1793.857,out of sight,Not defined,STATE,465.390,468.227,2.837,NA,,,,,,
F,2025-04-05 13:19:53.363,timestamp date time: 2023-04-24; 15:40:32,Live observation,NA,0.0,1798.126,NA,NA,No focal subject,1793.857,panting,Not defined,STATE,468.228,473.841,5.613,NA,,,,,,
F,2025-04-05 13:19:53.363,timestamp date time: 2023-04-24; 15:40:32,Live observation,NA,0.0,1798.126,NA,NA,No focal subject,1793.857,out of sight,Not defined,STATE,473.842,476.722,2.880,NA,,,,,,
F,2025-04-05 13:19:53.363,timestamp date time: 2023-04-24; 15:40:32,Live observation,NA,0.0,1798.126,NA,NA,No focal subject,1793.857,panting,Not defined,STATE,476.723,480.359,3.636,NA,,,,,,
F,2025-04-05 13:19:53.363,timestamp date time: 2023-04-24; 15:40:32,Live observation,NA,0.0,1798.126,NA,NA,No focal subject,1793.857,out of sight,Not defined,STATE,480.360,483.551,3.191,NA,,,,,,
F,2025-04-05 13:19:53.363,timestamp date time: 2023-04-24; 15:40:32,Live observation,NA,0.0,1798.126,NA,NA,No focal subject,1793.857,panting,Not defined,STATE,483.552,485.062,1.510,NA,,,,,,
F,2025-04-05 13:19:53.363,timestamp date time: 2023-04-24; 15:40:32,Live observation,NA,0.0,1798.126,NA,NA,No focal subject,1793.857,out of sight,Not defined,STATE,485.063,486.676,1.613,NA,,,,,,
F,2025-04-05 13:19:53.363,timestamp date time: 2023-04-24; 15:40:32,Live observation,NA,0.0,1798.126,NA,NA,No focal subject,1793.857,panting,Not defined,STATE,486.677,488.366,1.689,NA,,,,,,
F,2025-04-05 13:19:53.363,timestamp date time: 2023-04-24; 15:40:32,Live observation,NA,0.0,1798.126,NA,NA,No focal subject,1793.857,out of sight,Not defined,STATE,488.367,490.974,2.607,NA,,,,,,
F,2025-04-05 13:19:53.363,timestamp date time: 2023-04-24; 15:40:32,Live observation,NA,0.0,1798.126,NA,NA,No focal subject,1793.857,panting,Not defined,STATE,490.975,492.735,1.760,NA,,,,,,
F,2025-04-05 13:19:53.363,timestamp date time: 2023-04-24; 15:40:32,Live observation,NA,0.0,1798.126,NA,NA,No focal subject,1793.857,out of sight,Not defined,STATE,492.736,494.724,1.988,NA,,,,,,
F,2025-04-05 13:19:53.363,timestamp date time: 2023-04-24; 15:40:32,Live observation,NA,0.0,1798.126,NA,NA,No focal subject,1793.857,panting,Not defined,STATE,494.725,495.503,0.778,NA,,,,,,
F,2025-04-05 13:19:53.363,timestamp date time: 2023-04-24; 15:40:32,Live observation,NA,0.0,1798.126,NA,NA,No focal subject,1793.857,out of sight,Not defined,STATE,495.504,497.845,2.341,NA,,,,,,
F,2025-04-05 13:19:53.363,timestamp date time: 2023-04-24; 15:40:32,Live observation,NA,0.0,1798.126,NA,NA,No focal subject,1793.857,panting,Not defined,STATE,497.846,498.889,1.043,NA,,,,,,
F,2025-04-05 13:19:53.363,timestamp date time: 2023-04-24; 15:40:32,Live observation,NA,0.0,1798.126,NA,NA,No focal subject,1793.857,out of sight,Not defined,STATE,498.890,500.401,1.511,NA,,,,,,
F,2025-04-05 13:19:53.363,timestamp date time: 2023-04-24; 15:40:32,Live observation,NA,0.0,1798.126,NA,NA,No focal subject,1793.857,panting,Not defined,STATE,500.402,501.327,0.925,NA,,,,,,
F,2025-04-05 13:19:53.363,timestamp date time: 2023-04-24; 15:40:32,Live observation,NA,0.0,1798.126,NA,NA,No focal subject,1793.857,out of sight,Not defined,STATE,501.328,502.370,1.042,NA,,,,,,
F,2025-04-05 13:19:53.363,timestamp date time: 2023-04-24; 15:40:32,Live observation,NA,0.0,1798.126,NA,NA,No focal subject,1793.857,panting,Not defined,STATE,502.371,503.246,0.875,NA,,,,,,
F,2025-04-05 13:19:53.363,timestamp date time: 2023-04-24; 15:40:32,Live observation,NA,0.0,1798.126,NA,NA,No focal subject,1793.857,out of sight,Not defined,STATE,503.247,505.020,1.773,NA,,,,,,
F,2025-04-05 13:19:53.363,timestamp date time: 2023-04-24; 15:40:32,Live observation,NA,0.0,1798.126,NA,NA,No focal subject,1793.857,panting,Not defined,STATE,505.021,506.343,1.322,NA,,,,,,
F,2025-04-05 13:19:53.363,timestamp date time: 2023-04-24; 15:40:32,Live observation,NA,0.0,1798.126,NA,NA,No focal subject,1793.857,out of sight,Not defined,STATE,506.344,508.746,2.402,NA,,,,,,
F,2025-04-05 13:19:53.363,timestamp date time: 2023-04-24; 15:40:32,Live observation,NA,0.0,1798.126,NA,NA,No focal subject,1793.857,panting,Not defined,STATE,508.747,510.345,1.598,NA,,,,,,
F,2025-04-05 13:19:53.363,timestamp date time: 2023-04-24; 15:40:32,Live observation,NA,0.0,1798.126,NA,NA,No focal subject,1793.857,out of sight,Not defined,STATE,510.346,512.168,1.822,NA,,,,,,
F,2025-04-05 13:19:53.363,timestamp date time: 2023-04-24; 15:40:32,Live observation,NA,0.0,1798.126,NA,NA,No focal subject,1793.857,panting,Not defined,STATE,512.169,512.924,0.755,NA,,,,,,
F,2025-04-05 13:19:53.363,timestamp date time: 2023-04-24; 15:40:32,Live observation,NA,0.0,1798.126,NA,NA,No focal subject,1793.857,out of sight,Not defined,STATE,512.925,514.923,1.998,NA,,,,,,
F,2025-04-05 13:19:53.363,timestamp date time: 2023-04-24; 15:40:32,Live observation,NA,0.0,1798.126,NA,NA,No focal subject,1793.857,panting,Not defined,STATE,514.924,515.517,0.593,NA,,,,,,
F,2025-04-05 13:19:53.363,timestamp date time: 2023-04-24; 15:40:32,Live observation,NA,0.0,1798.126,NA,NA,No focal subject,1793.857,out of sight,Not defined,STATE,515.518,517.458,1.940,NA,,,,,,
F,2025-04-05 13:19:53.363,timestamp date time: 2023-04-24; 15:40:32,Live observation,NA,0.0,1798.126,NA,NA,No focal subject,1793.857,panting,Not defined,STATE,517.459,518.552,1.093,NA,,,,,,
F,2025-04-05 13:19:53.363,timestamp date time: 2023-04-24; 15:40:32,Live observation,NA,0.0,1798.126,NA,NA,No focal subject,1793.857,out of sight,Not defined,STATE,518.553,527.646,9.093,NA,,,,,,
F,2025-04-05 13:19:53.363,timestamp date time: 2023-04-24; 15:40:32,Live observation,NA,0.0,1798.126,NA,NA,No focal subject,1793.857,panting,Not defined,STATE,527.647,530.131,2.484,NA,,,,,,
F,2025-04-05 13:19:53.363,timestamp date time: 2023-04-24; 15:40:32,Live observation,NA,0.0,1798.126,NA,NA,No focal subject,1793.857,out of sight,Not defined,STATE,530.132,550.559,20.427,NA,,,,,,
F,2025-04-05 13:19:53.363,timestamp date time: 2023-04-24; 15:40:32,Live observation,NA,0.0,1798.126,NA,NA,No focal subject,1793.857,panting,Not defined,STATE,550.560,552.558,1.998,NA,,,,,,
F,2025-04-05 13:19:53.363,timestamp date time: 2023-04-24; 15:40:32,Live observation,NA,0.0,1798.126,NA,NA,No focal subject,1793.857,out of sight,Not defined,STATE,552.559,558.725,6.166,NA,,,,,,
F,2025-04-05 13:19:53.363,timestamp date time: 2023-04-24; 15:40:32,Live observation,NA,0.0,1798.126,NA,NA,No focal subject,1793.857,panting,Not defined,STATE,558.726,559.330,0.604,NA,,,,,,
F,2025-04-05 13:19:53.363,timestamp date time: 2023-04-24; 15:40:32,Live observation,NA,0.0,1798.126,NA,NA,No focal subject,1793.857,out of sight,Not defined,STATE,559.331,561.070,1.739,NA,,,,,,
F,2025-04-05 13:19:53.363,timestamp date time: 2023-04-24; 15:40:32,Live observation,NA,0.0,1798.126,NA,NA,No focal subject,1793.857,panting,Not defined,STATE,561.071,561.622,0.551,NA,,,,,,
F,2025-04-05 13:19:53.363,timestamp date time: 2023-04-24; 15:40:32,Live observation,NA,0.0,1798.126,NA,NA,No focal subject,1793.857,out of sight,Not defined,STATE,561.623,563.374,1.751,NA,,,,,,
F,2025-04-05 13:19:53.363,timestamp date time: 2023-04-24; 15:40:32,Live observation,NA,0.0,1798.126,NA,NA,No focal subject,1793.857,panting,Not defined,STATE,563.375,566.430,3.055,NA,,,,,,
F,2025-04-05 13:19:53.363,timestamp date time: 2023-04-24; 15:40:32,Live observation,NA,0.0,1798.126,NA,NA,No focal subject,1793.857,out of sight,Not defined,STATE,566.431,567.193,0.762,NA,,,,,,
F,2025-04-05 13:19:53.363,timestamp date time: 2023-04-24; 15:40:32,Live observation,NA,0.0,1798.126,NA,NA,No focal subject,1793.857,panting,Not defined,STATE,567.194,568.090,0.896,NA,,,,,,
F,2025-04-05 13:19:53.363,timestamp date time: 2023-04-24; 15:40:32,Live observation,NA,0.0,1798.126,NA,NA,No focal subject,1793.857,out of sight,Not defined,STATE,568.091,571.275,3.184,NA,,,,,,
F,2025-04-05 13:19:53.363,timestamp date time: 2023-04-24; 15:40:32,Live observation,NA,0.0,1798.126,NA,NA,No focal subject,1793.857,panting,Not defined,STATE,571.276,571.920,0.644,NA,,,,,,
F,2025-04-05 13:19:53.363,timestamp date time: 2023-04-24; 15:40:32,Live observation,NA,0.0,1798.126,NA,NA,No focal subject,1793.857,out of sight,Not defined,STATE,571.921,573.839,1.918,NA,,,,,,
F,2025-04-05 13:19:53.363,timestamp date time: 2023-04-24; 15:40:32,Live observation,NA,0.0,1798.126,NA,NA,No focal subject,1793.857,panting,Not defined,STATE,573.840,576.236,2.396,NA,,,,,,
F,2025-04-05 13:19:53.363,timestamp date time: 2023-04-24; 15:40:32,Live observation,NA,0.0,1798.126,NA,NA,No focal subject,1793.857,out of sight,Not defined,STATE,576.237,582.125,5.888,NA,,,,,,
F,2025-04-05 13:19:53.363,timestamp date time: 2023-04-24; 15:40:32,Live observation,NA,0.0,1798.126,NA,NA,No focal subject,1793.857,panting,Not defined,STATE,582.126,582.802,0.676,NA,,,,,,
F,2025-04-05 13:19:53.363,timestamp date time: 2023-04-24; 15:40:32,Live observation,NA,0.0,1798.126,NA,NA,No focal subject,1793.857,out of sight,Not defined,STATE,582.803,588.293,5.490,NA,,,,,,
F,2025-04-05 13:19:53.363,timestamp date time: 2023-04-24; 15:40:32,Live observation,NA,0.0,1798.126,NA,NA,No focal subject,1793.857,panting,Not defined,STATE,588.294,596.903,8.609,NA,,,,,,
F,2025-04-05 13:19:53.363,timestamp date time: 2023-04-24; 15:40:32,Live observation,NA,0.0,1798.126,NA,NA,No focal subject,1793.857,stop panting,Not defined,STATE,596.904,599.588,2.684,NA,,,,,,
F,2025-04-05 13:19:53.363,timestamp date time: 2023-04-24; 15:40:32,Live observation,NA,0.0,1798.126,NA,NA,No focal subject,1793.857,panting,Not defined,STATE,599.589,609.595,10.006,NA,,,,,,
F,2025-04-05 13:19:53.363,timestamp date time: 2023-04-24; 15:40:32,Live observation,NA,0.0,1798.126,NA,NA,No focal subject,1793.857,out of sight,Not defined,STATE,609.596,613.663,4.067,NA,,,,,,
F,2025-04-05 13:19:53.363,timestamp date time: 2023-04-24; 15:40:32,Live observation,NA,0.0,1798.126,NA,NA,No focal subject,1793.857,panting,Not defined,STATE,613.664,616.696,3.032,NA,,,,,,
F,2025-04-05 13:19:53.363,timestamp date time: 2023-04-24; 15:40:32,Live observation,NA,0.0,1798.126,NA,NA,No focal subject,1793.857,out of sight,Not defined,STATE,616.697,630.628,13.931,NA,,,,,,
F,2025-04-05 13:19:53.363,timestamp date time: 2023-04-24; 15:40:32,Live observation,NA,0.0,1798.126,NA,NA,No focal subject,1793.857,panting,Not defined,STATE,630.629,632.197,1.568,NA,,,,,,
F,2025-04-05 13:19:53.363,timestamp date time: 2023-04-24; 15:40:32,Live observation,NA,0.0,1798.126,NA,NA,No focal subject,1793.857,out of sight,Not defined,STATE,632.198,634.730,2.532,NA,,,,,,
F,2025-04-05 13:19:53.363,timestamp date time: 2023-04-24; 15:40:32,Live observation,NA,0.0,1798.126,NA,NA,No focal subject,1793.857,panting,Not defined,STATE,634.731,635.251,0.520,NA,,,,,,
F,2025-04-05 13:19:53.363,timestamp date time: 2023-04-24; 15:40:32,Live observation,NA,0.0,1798.126,NA,NA,No focal subject,1793.857,out of sight,Not defined,STATE,635.252,642.815,7.563,NA,,,,,,
F,2025-04-05 13:19:53.363,timestamp date time: 2023-04-24; 15:40:32,Live observation,NA,0.0,1798.126,NA,NA,No focal subject,1793.857,panting,Not defined,STATE,642.816,647.239,4.423,NA,,,,,,
F,2025-04-05 13:19:53.363,timestamp date time: 2023-04-24; 15:40:32,Live observation,NA,0.0,1798.126,NA,NA,No focal subject,1793.857,out of sight,Not defined,STATE,647.240,648.319,1.079,NA,,,,,,
F,2025-04-05 13:19:53.363,timestamp date time: 2023-04-24; 15:40:32,Live observation,NA,0.0,1798.126,NA,NA,No focal subject,1793.857,panting,Not defined,STATE,648.320,649.591,1.271,NA,,,,,,
F,2025-04-05 13:19:53.363,timestamp date time: 2023-04-24; 15:40:32,Live observation,NA,0.0,1798.126,NA,NA,No focal subject,1793.857,out of sight,Not defined,STATE,649.592,666.624,17.032,NA,,,,,,
F,2025-04-05 13:19:53.363,timestamp date time: 2023-04-24; 15:40:32,Live observation,NA,0.0,1798.126,NA,NA,No focal subject,1793.857,panting,Not defined,STATE,666.625,678.924,12.299,NA,,,,,,
F,2025-04-05 13:19:53.363,timestamp date time: 2023-04-24; 15:40:32,Live observation,NA,0.0,1798.126,NA,NA,No focal subject,1793.857,stop panting,Not defined,STATE,678.925,690.241,11.316,NA,,,,,,
F,2025-04-05 13:19:53.363,timestamp date time: 2023-04-24; 15:40:32,Live observation,NA,0.0,1798.126,NA,NA,No focal subject,1793.857,panting,Not defined,STATE,690.242,702.853,12.611,NA,,,,,,
F,2025-04-05 13:19:53.363,timestamp date time: 2023-04-24; 15:40:32,Live observation,NA,0.0,1798.126,NA,NA,No focal subject,1793.857,out of sight,Not defined,STATE,702.854,705.388,2.534,NA,,,,,,
F,2025-04-05 13:19:53.363,timestamp date time: 2023-04-24; 15:40:32,Live observation,NA,0.0,1798.126,NA,NA,No focal subject,1793.857,panting,Not defined,STATE,705.389,706.901,1.512,NA,,,,,,
F,2025-04-05 13:19:53.363,timestamp date time: 2023-04-24; 15:40:32,Live observation,NA,0.0,1798.126,NA,NA,No focal subject,1793.857,out of sight,Not defined,STATE,706.902,709.027,2.125,NA,,,,,,
F,2025-04-05 13:19:53.363,timestamp date time: 2023-04-24; 15:40:32,Live observation,NA,0.0,1798.126,NA,NA,No focal subject,1793.857,panting,Not defined,STATE,709.028,709.775,0.747,NA,,,,,,
F,2025-04-05 13:19:53.363,timestamp date time: 2023-04-24; 15:40:32,Live observation,NA,0.0,1798.126,NA,NA,No focal subject,1793.857,out of sight,Not defined,STATE,709.776,711.690,1.914,NA,,,,,,
F,2025-04-05 13:19:53.363,timestamp date time: 2023-04-24; 15:40:32,Live observation,NA,0.0,1798.126,NA,NA,No focal subject,1793.857,panting,Not defined,STATE,711.691,713.838,2.147,NA,,,,,,
F,2025-04-05 13:19:53.363,timestamp date time: 2023-04-24; 15:40:32,Live observation,NA,0.0,1798.126,NA,NA,No focal subject,1793.857,out of sight,Not defined,STATE,713.839,715.854,2.015,NA,,,,,,
F,2025-04-05 13:19:53.363,timestamp date time: 2023-04-24; 15:40:32,Live observation,NA,0.0,1798.126,NA,NA,No focal subject,1793.857,panting,Not defined,STATE,715.855,716.386,0.531,NA,,,,,,
F,2025-04-05 13:19:53.363,timestamp date time: 2023-04-24; 15:40:32,Live observation,NA,0.0,1798.126,NA,NA,No focal subject,1793.857,out of sight,Not defined,STATE,716.387,718.706,2.319,NA,,,,,,
F,2025-04-05 13:19:53.363,timestamp date time: 2023-04-24; 15:40:32,Live observation,NA,0.0,1798.126,NA,NA,No focal subject,1793.857,panting,Not defined,STATE,718.707,723.319,4.612,NA,,,,,,
F,2025-04-05 13:19:53.363,timestamp date time: 2023-04-24; 15:40:32,Live observation,NA,0.0,1798.126,NA,NA,No focal subject,1793.857,out of sight,Not defined,STATE,723.320,724.937,1.617,NA,,,,,,
F,2025-04-05 13:19:53.363,timestamp date time: 2023-04-24; 15:40:32,Live observation,NA,0.0,1798.126,NA,NA,No focal subject,1793.857,panting,Not defined,STATE,724.938,728.400,3.462,NA,,,,,,
F,2025-04-05 13:19:53.363,timestamp date time: 2023-04-24; 15:40:32,Live observation,NA,0.0,1798.126,NA,NA,No focal subject,1793.857,out of sight,Not defined,STATE,728.401,730.038,1.637,NA,,,,,,
F,2025-04-05 13:19:53.363,timestamp date time: 2023-04-24; 15:40:32,Live observation,NA,0.0,1798.126,NA,NA,No focal subject,1793.857,panting,Not defined,STATE,730.039,733.386,3.347,NA,,,,,,
F,2025-04-05 13:19:53.363,timestamp date time: 2023-04-24; 15:40:32,Live observation,NA,0.0,1798.126,NA,NA,No focal subject,1793.857,out of sight,Not defined,STATE,733.387,738.351,4.964,NA,,,,,,
F,2025-04-05 13:19:53.363,timestamp date time: 2023-04-24; 15:40:32,Live observation,NA,0.0,1798.126,NA,NA,No focal subject,1793.857,panting,Not defined,STATE,738.352,739.737,1.385,NA,,,,,,
F,2025-04-05 13:19:53.363,timestamp date time: 2023-04-24; 15:40:32,Live observation,NA,0.0,1798.126,NA,NA,No focal subject,1793.857,out of sight,Not defined,STATE,739.738,743.462,3.724,NA,,,,,,
F,2025-04-05 13:19:53.363,timestamp date time: 2023-04-24; 15:40:32,Live observation,NA,0.0,1798.126,NA,NA,No focal subject,1793.857,panting,Not defined,STATE,743.463,747.686,4.223,NA,,,,,,
F,2025-04-05 13:19:53.363,timestamp date time: 2023-04-24; 15:40:32,Live observation,NA,0.0,1798.126,NA,NA,No focal subject,1793.857,out of sight,Not defined,STATE,747.687,750.871,3.184,NA,,,,,,
F,2025-04-05 13:19:53.363,timestamp date time: 2023-04-24; 15:40:32,Live observation,NA,0.0,1798.126,NA,NA,No focal subject,1793.857,panting,Not defined,STATE,750.872,756.054,5.182,NA,,,,,,
F,2025-04-05 13:19:53.363,timestamp date time: 2023-04-24; 15:40:32,Live observation,NA,0.0,1798.126,NA,NA,No focal subject,1793.857,out of sight,Not defined,STATE,756.055,757.776,1.721,NA,,,,,,
F,2025-04-05 13:19:53.363,timestamp date time: 2023-04-24; 15:40:32,Live observation,NA,0.0,1798.126,NA,NA,No focal subject,1793.857,panting,Not defined,STATE,757.777,770.796,13.019,NA,,,,,,
F,2025-04-05 13:19:53.363,timestamp date time: 2023-04-24; 15:40:32,Live observation,NA,0.0,1798.126,NA,NA,No focal subject,1793.857,out of sight,Not defined,STATE,770.797,786.387,15.590,NA,,,,,,
F,2025-04-05 13:19:53.363,timestamp date time: 2023-04-24; 15:40:32,Live observation,NA,0.0,1798.126,NA,NA,No focal subject,1793.857,panting,Not defined,STATE,786.388,788.884,2.496,NA,,,,,,
F,2025-04-05 13:19:53.363,timestamp date time: 2023-04-24; 15:40:32,Live observation,NA,0.0,1798.126,NA,NA,No focal subject,1793.857,out of sight,Not defined,STATE,788.885,790.055,1.170,NA,,,,,,
F,2025-04-05 13:19:53.363,timestamp date time: 2023-04-24; 15:40:32,Live observation,NA,0.0,1798.126,NA,NA,No focal subject,1793.857,panting,Not defined,STATE,790.056,791.209,1.153,NA,,,,,,
F,2025-04-05 13:19:53.363,timestamp date time: 2023-04-24; 15:40:32,Live observation,NA,0.0,1798.126,NA,NA,No focal subject,1793.857,out of sight,Not defined,STATE,791.210,792.654,1.444,NA,,,,,,
F,2025-04-05 13:19:53.363,timestamp date time: 2023-04-24; 15:40:32,Live observation,NA,0.0,1798.126,NA,NA,No focal subject,1793.857,panting,Not defined,STATE,792.655,796.448,3.793,NA,,,,,,
F,2025-04-05 13:19:53.363,timestamp date time: 2023-04-24; 15:40:32,Live observation,NA,0.0,1798.126,NA,NA,No focal subject,1793.857,out of sight,Not defined,STATE,796.449,802.431,5.982,NA,,,,,,
F,2025-04-05 13:19:53.363,timestamp date time: 2023-04-24; 15:40:32,Live observation,NA,0.0,1798.126,NA,NA,No focal subject,1793.857,panting,Not defined,STATE,802.432,806.059,3.627,NA,,,,,,
F,2025-04-05 13:19:53.363,timestamp date time: 2023-04-24; 15:40:32,Live observation,NA,0.0,1798.126,NA,NA,No focal subject,1793.857,out of sight,Not defined,STATE,806.060,812.785,6.725,NA,,,,,,
F,2025-04-05 13:19:53.363,timestamp date time: 2023-04-24; 15:40:32,Live observation,NA,0.0,1798.126,NA,NA,No focal subject,1793.857,panting,Not defined,STATE,812.786,817.584,4.798,NA,,,,,,
F,2025-04-05 13:19:53.363,timestamp date time: 2023-04-24; 15:40:32,Live observation,NA,0.0,1798.126,NA,NA,No focal subject,1793.857,out of sight,Not defined,STATE,817.585,821.217,3.632,NA,,,,,,
F,2025-04-05 13:19:53.363,timestamp date time: 2023-04-24; 15:40:32,Live observation,NA,0.0,1798.126,NA,NA,No focal subject,1793.857,panting,Not defined,STATE,821.218,821.752,0.534,NA,,,,,,
F,2025-04-05 13:19:53.363,timestamp date time: 2023-04-24; 15:40:32,Live observation,NA,0.0,1798.126,NA,NA,No focal subject,1793.857,out of sight,Not defined,STATE,821.753,824.532,2.779,NA,,,,,,
F,2025-04-05 13:19:53.363,timestamp date time: 2023-04-24; 15:40:32,Live observation,NA,0.0,1798.126,NA,NA,No focal subject,1793.857,panting,Not defined,STATE,824.533,825.466,0.933,NA,,,,,,
F,2025-04-05 13:19:53.363,timestamp date time: 2023-04-24; 15:40:32,Live observation,NA,0.0,1798.126,NA,NA,No focal subject,1793.857,out of sight,Not defined,STATE,825.467,827.918,2.451,NA,,,,,,
F,2025-04-05 13:19:53.363,timestamp date time: 2023-04-24; 15:40:32,Live observation,NA,0.0,1798.126,NA,NA,No focal subject,1793.857,panting,Not defined,STATE,827.919,828.472,0.553,NA,,,,,,
F,2025-04-05 13:19:53.363,timestamp date time: 2023-04-24; 15:40:32,Live observation,NA,0.0,1798.126,NA,NA,No focal subject,1793.857,out of sight,Not defined,STATE,828.473,830.494,2.021,NA,,,,,,
F,2025-04-05 13:19:53.363,timestamp date time: 2023-04-24; 15:40:32,Live observation,NA,0.0,1798.126,NA,NA,No focal subject,1793.857,panting,Not defined,STATE,830.495,831.538,1.043,NA,,,,,,
F,2025-04-05 13:19:53.363,timestamp date time: 2023-04-24; 15:40:32,Live observation,NA,0.0,1798.126,NA,NA,No focal subject,1793.857,out of sight,Not defined,STATE,831.539,833.168,1.629,NA,,,,,,
F,2025-04-05 13:19:53.363,timestamp date time: 2023-04-24; 15:40:32,Live observation,NA,0.0,1798.126,NA,NA,No focal subject,1793.857,panting,Not defined,STATE,833.169,834.202,1.033,NA,,,,,,
F,2025-04-05 13:19:53.363,timestamp date time: 2023-04-24; 15:40:32,Live observation,NA,0.0,1798.126,NA,NA,No focal subject,1793.857,out of sight,Not defined,STATE,834.203,834.780,0.577,NA,,,,,,
F,2025-04-05 13:19:53.363,timestamp date time: 2023-04-24; 15:40:32,Live observation,NA,0.0,1798.126,NA,NA,No focal subject,1793.857,panting,Not defined,STATE,834.781,836.889,2.108,NA,,,,,,
F,2025-04-05 13:19:53.363,timestamp date time: 2023-04-24; 15:40:32,Live observation,NA,0.0,1798.126,NA,NA,No focal subject,1793.857,out of sight,Not defined,STATE,836.890,839.777,2.887,NA,,,,,,
F,2025-04-05 13:19:53.363,timestamp date time: 2023-04-24; 15:40:32,Live observation,NA,0.0,1798.126,NA,NA,No focal subject,1793.857,panting,Not defined,STATE,839.778,842.027,2.249,NA,,,,,,
F,2025-04-05 13:19:53.363,timestamp date time: 2023-04-24; 15:40:32,Live observation,NA,0.0,1798.126,NA,NA,No focal subject,1793.857,out of sight,Not defined,STATE,842.028,843.860,1.832,NA,,,,,,
F,2025-04-05 13:19:53.363,timestamp date time: 2023-04-24; 15:40:32,Live observation,NA,0.0,1798.126,NA,NA,No focal subject,1793.857,panting,Not defined,STATE,843.861,845.871,2.010,NA,,,,,,
F,2025-04-05 13:19:53.363,timestamp date time: 2023-04-24; 15:40:32,Live observation,NA,0.0,1798.126,NA,NA,No focal subject,1793.857,out of sight,Not defined,STATE,845.872,847.594,1.722,NA,,,,,,
F,2025-04-05 13:19:53.363,timestamp date time: 2023-04-24; 15:40:32,Live observation,NA,0.0,1798.126,NA,NA,No focal subject,1793.857,panting,Not defined,STATE,847.595,848.827,1.232,NA,,,,,,
F,2025-04-05 13:19:53.363,timestamp date time: 2023-04-24; 15:40:32,Live observation,NA,0.0,1798.126,NA,NA,No focal subject,1793.857,out of sight,Not defined,STATE,848.828,852.244,3.416,NA,,,,,,
F,2025-04-05 13:19:53.363,timestamp date time: 2023-04-24; 15:40:32,Live observation,NA,0.0,1798.126,NA,NA,No focal subject,1793.857,panting,Not defined,STATE,852.245,855.488,3.243,NA,,,,,,
F,2025-04-05 13:19:53.363,timestamp date time: 2023-04-24; 15:40:32,Live observation,NA,0.0,1798.126,NA,NA,No focal subject,1793.857,out of sight,Not defined,STATE,855.489,856.976,1.487,NA,,,,,,
F,2025-04-05 13:19:53.363,timestamp date time: 2023-04-24; 15:40:32,Live observation,NA,0.0,1798.126,NA,NA,No focal subject,1793.857,panting,Not defined,STATE,856.977,860.947,3.970,NA,,,,,,
F,2025-04-05 13:19:53.363,timestamp date time: 2023-04-24; 15:40:32,Live observation,NA,0.0,1798.126,NA,NA,No focal subject,1793.857,out of sight,Not defined,STATE,860.948,868.136,7.188,NA,,,,,,
F,2025-04-05 13:19:53.363,timestamp date time: 2023-04-24; 15:40:32,Live observation,NA,0.0,1798.126,NA,NA,No focal subject,1793.857,panting,Not defined,STATE,868.137,871.009,2.872,NA,,,,,,
F,2025-04-05 13:19:53.363,timestamp date time: 2023-04-24; 15:40:32,Live observation,NA,0.0,1798.126,NA,NA,No focal subject,1793.857,out of sight,Not defined,STATE,871.010,875.864,4.854,NA,,,,,,
F,2025-04-05 13:19:53.363,timestamp date time: 2023-04-24; 15:40:32,Live observation,NA,0.0,1798.126,NA,NA,No focal subject,1793.857,panting,Not defined,STATE,875.865,877.647,1.782,NA,,,,,,
F,2025-04-05 13:19:53.363,timestamp date time: 2023-04-24; 15:40:32,Live observation,NA,0.0,1798.126,NA,NA,No focal subject,1793.857,out of sight,Not defined,STATE,877.648,879.006,1.358,NA,,,,,,
F,2025-04-05 13:19:53.363,timestamp date time: 2023-04-24; 15:40:32,Live observation,NA,0.0,1798.126,NA,NA,No focal subject,1793.857,panting,Not defined,STATE,879.007,879.530,0.523,NA,,,,,,
F,2025-04-05 13:19:53.363,timestamp date time: 2023-04-24; 15:40:32,Live observation,NA,0.0,1798.126,NA,NA,No focal subject,1793.857,out of sight,Not defined,STATE,879.531,904.740,25.209,NA,,,,,,
F,2025-04-05 13:19:53.363,timestamp date time: 2023-04-24; 15:40:32,Live observation,NA,0.0,1798.126,NA,NA,No focal subject,1793.857,stop panting,Not defined,STATE,904.741,905.842,1.101,NA,,,,,,
F,2025-04-05 13:19:53.363,timestamp date time: 2023-04-24; 15:40:32,Live observation,NA,0.0,1798.126,NA,NA,No focal subject,1793.857,panting,Not defined,STATE,905.843,911.044,5.201,NA,,,,,,
F,2025-04-05 13:19:53.363,timestamp date time: 2023-04-24; 15:40:32,Live observation,NA,0.0,1798.126,NA,NA,No focal subject,1793.857,out of sight,Not defined,STATE,911.045,912.850,1.805,NA,,,,,,
F,2025-04-05 13:19:53.363,timestamp date time: 2023-04-24; 15:40:32,Live observation,NA,0.0,1798.126,NA,NA,No focal subject,1793.857,panting,Not defined,STATE,912.851,914.106,1.255,NA,,,,,,
F,2025-04-05 13:19:53.363,timestamp date time: 2023-04-24; 15:40:32,Live observation,NA,0.0,1798.126,NA,NA,No focal subject,1793.857,out of sight,Not defined,STATE,914.107,936.921,22.814,NA,,,,,,
F,2025-04-05 13:19:53.363,timestamp date time: 2023-04-24; 15:40:32,Live observation,NA,0.0,1798.126,NA,NA,No focal subject,1793.857,stop panting,Not defined,STATE,936.922,940.206,3.284,NA,,,,,,
F,2025-04-05 13:19:53.363,timestamp date time: 2023-04-24; 15:40:32,Live observation,NA,0.0,1798.126,NA,NA,No focal subject,1793.857,out of sight,Not defined,STATE,940.207,943.026,2.819,NA,,,,,,
F,2025-04-05 13:19:53.363,timestamp date time: 2023-04-24; 15:40:32,Live observation,NA,0.0,1798.126,NA,NA,No focal subject,1793.857,panting,Not defined,STATE,943.027,944.016,0.989,NA,,,,,,
F,2025-04-05 13:19:53.363,timestamp date time: 2023-04-24; 15:40:32,Live observation,NA,0.0,1798.126,NA,NA,No focal subject,1793.857,out of sight,Not defined,STATE,944.017,946.692,2.675,NA,,,,,,
F,2025-04-05 13:19:53.363,timestamp date time: 2023-04-24; 15:40:32,Live observation,NA,0.0,1798.126,NA,NA,No focal subject,1793.857,panting,Not defined,STATE,946.693,950.006,3.313,NA,,,,,,
F,2025-04-05 13:19:53.363,timestamp date time: 2023-04-24; 15:40:32,Live observation,NA,0.0,1798.126,NA,NA,No focal subject,1793.857,out of sight,Not defined,STATE,950.007,953.953,3.946,NA,,,,,,
F,2025-04-05 13:19:53.363,timestamp date time: 2023-04-24; 15:40:32,Live observation,NA,0.0,1798.126,NA,NA,No focal subject,1793.857,panting,Not defined,STATE,953.954,954.978,1.024,NA,,,,,,
F,2025-04-05 13:19:53.363,timestamp date time: 2023-04-24; 15:40:32,Live observation,NA,0.0,1798.126,NA,NA,No focal subject,1793.857,out of sight,Not defined,STATE,954.979,956.828,1.849,NA,,,,,,
F,2025-04-05 13:19:53.363,timestamp date time: 2023-04-24; 15:40:32,Live observation,NA,0.0,1798.126,NA,NA,No focal subject,1793.857,panting,Not defined,STATE,956.829,958.186,1.357,NA,,,,,,
F,2025-04-05 13:19:53.363,timestamp date time: 2023-04-24; 15:40:32,Live observation,NA,0.0,1798.126,NA,NA,No focal subject,1793.857,out of sight,Not defined,STATE,958.187,959.260,1.073,NA,,,,,,
F,2025-04-05 13:19:53.363,timestamp date time: 2023-04-24; 15:40:32,Live observation,NA,0.0,1798.126,NA,NA,No focal subject,1793.857,panting,Not defined,STATE,959.261,963.066,3.805,NA,,,,,,
F,2025-04-05 13:19:53.363,timestamp date time: 2023-04-24; 15:40:32,Live observation,NA,0.0,1798.126,NA,NA,No focal subject,1793.857,out of sight,Not defined,STATE,963.067,981.304,18.237,NA,,,,,,
F,2025-04-05 13:19:53.363,timestamp date time: 2023-04-24; 15:40:32,Live observation,NA,0.0,1798.126,NA,NA,No focal subject,1793.857,panting,Not defined,STATE,981.305,985.024,3.719,NA,,,,,,
F,2025-04-05 13:19:53.363,timestamp date time: 2023-04-24; 15:40:32,Live observation,NA,0.0,1798.126,NA,NA,No focal subject,1793.857,out of sight,Not defined,STATE,985.025,988.619,3.594,NA,,,,,,
F,2025-04-05 13:19:53.363,timestamp date time: 2023-04-24; 15:40:32,Live observation,NA,0.0,1798.126,NA,NA,No focal subject,1793.857,panting,Not defined,STATE,988.620,989.352,0.732,NA,,,,,,
F,2025-04-05 13:19:53.363,timestamp date time: 2023-04-24; 15:40:32,Live observation,NA,0.0,1798.126,NA,NA,No focal subject,1793.857,out of sight,Not defined,STATE,989.353,991.349,1.996,NA,,,,,,
F,2025-04-05 13:19:53.363,timestamp date time: 2023-04-24; 15:40:32,Live observation,NA,0.0,1798.126,NA,NA,No focal subject,1793.857,panting,Not defined,STATE,991.350,992.666,1.316,NA,,,,,,
F,2025-04-05 13:19:53.363,timestamp date time: 2023-04-24; 15:40:32,Live observation,NA,0.0,1798.126,NA,NA,No focal subject,1793.857,out of sight,Not defined,STATE,992.667,994.896,2.229,NA,,,,,,
F,2025-04-05 13:19:53.363,timestamp date time: 2023-04-24; 15:40:32,Live observation,NA,0.0,1798.126,NA,NA,No focal subject,1793.857,panting,Not defined,STATE,994.897,996.285,1.388,NA,,,,,,
F,2025-04-05 13:19:53.363,timestamp date time: 2023-04-24; 15:40:32,Live observation,NA,0.0,1798.126,NA,NA,No focal subject,1793.857,out of sight,Not defined,STATE,996.286,1002.875,6.589,NA,,,,,,
F,2025-04-05 13:19:53.363,timestamp date time: 2023-04-24; 15:40:32,Live observation,NA,0.0,1798.126,NA,NA,No focal subject,1793.857,panting,Not defined,STATE,1002.876,1004.307,1.431,NA,,,,,,
F,2025-04-05 13:19:53.363,timestamp date time: 2023-04-24; 15:40:32,Live observation,NA,0.0,1798.126,NA,NA,No focal subject,1793.857,out of sight,Not defined,STATE,1004.308,1005.521,1.213,NA,,,,,,
F,2025-04-05 13:19:53.363,timestamp date time: 2023-04-24; 15:40:32,Live observation,NA,0.0,1798.126,NA,NA,No focal subject,1793.857,panting,Not defined,STATE,1005.522,1007.451,1.929,NA,,,,,,
F,2025-04-05 13:19:53.363,timestamp date time: 2023-04-24; 15:40:32,Live observation,NA,0.0,1798.126,NA,NA,No focal subject,1793.857,out of sight,Not defined,STATE,1007.452,1029.097,21.645,NA,,,,,,
F,2025-04-05 13:19:53.363,timestamp date time: 2023-04-24; 15:40:32,Live observation,NA,0.0,1798.126,NA,NA,No focal subject,1793.857,panting,Not defined,STATE,1029.098,1032.694,3.596,NA,,,,,,
F,2025-04-05 13:19:53.363,timestamp date time: 2023-04-24; 15:40:32,Live observation,NA,0.0,1798.126,NA,NA,No focal subject,1793.857,out of sight,Not defined,STATE,1032.695,1035.848,3.153,NA,,,,,,
F,2025-04-05 13:19:53.363,timestamp date time: 2023-04-24; 15:40:32,Live observation,NA,0.0,1798.126,NA,NA,No focal subject,1793.857,panting,Not defined,STATE,1035.849,1037.291,1.442,NA,,,,,,
F,2025-04-05 13:19:53.363,timestamp date time: 2023-04-24; 15:40:32,Live observation,NA,0.0,1798.126,NA,NA,No focal subject,1793.857,out of sight,Not defined,STATE,1037.292,1038.982,1.690,NA,,,,,,
F,2025-04-05 13:19:53.363,timestamp date time: 2023-04-24; 15:40:32,Live observation,NA,0.0,1798.126,NA,NA,No focal subject,1793.857,panting,Not defined,STATE,1038.983,1040.395,1.412,NA,,,,,,
F,2025-04-05 13:19:53.363,timestamp date time: 2023-04-24; 15:40:32,Live observation,NA,0.0,1798.126,NA,NA,No focal subject,1793.857,out of sight,Not defined,STATE,1040.396,1041.779,1.383,NA,,,,,,
F,2025-04-05 13:19:53.363,timestamp date time: 2023-04-24; 15:40:32,Live observation,NA,0.0,1798.126,NA,NA,No focal subject,1793.857,stop panting,Not defined,STATE,1041.780,1043.535,1.755,NA,,,,,,
F,2025-04-05 13:19:53.363,timestamp date time: 2023-04-24; 15:40:32,Live observation,NA,0.0,1798.126,NA,NA,No focal subject,1793.857,panting,Not defined,STATE,1043.536,1044.102,0.566,NA,,,,,,
F,2025-04-05 13:19:53.363,timestamp date time: 2023-04-24; 15:40:32,Live observation,NA,0.0,1798.126,NA,NA,No focal subject,1793.857,out of sight,Not defined,STATE,1044.103,1048.744,4.641,NA,,,,,,
F,2025-04-05 13:19:53.363,timestamp date time: 2023-04-24; 15:40:32,Live observation,NA,0.0,1798.126,NA,NA,No focal subject,1793.857,stop panting,Not defined,STATE,1048.745,1050.181,1.436,NA,,,,,,
F,2025-04-05 13:19:53.363,timestamp date time: 2023-04-24; 15:40:32,Live observation,NA,0.0,1798.126,NA,NA,No focal subject,1793.857,out of sight,Not defined,STATE,1050.182,1060.325,10.143,NA,,,,,,
F,2025-04-05 13:19:53.363,timestamp date time: 2023-04-24; 15:40:32,Live observation,NA,0.0,1798.126,NA,NA,No focal subject,1793.857,panting,Not defined,STATE,1060.326,1070.604,10.278,NA,,,,,,
F,2025-04-05 13:19:53.363,timestamp date time: 2023-04-24; 15:40:32,Live observation,NA,0.0,1798.126,NA,NA,No focal subject,1793.857,out of sight,Not defined,STATE,1070.605,1072.598,1.993,NA,,,,,,
F,2025-04-05 13:19:53.363,timestamp date time: 2023-04-24; 15:40:32,Live observation,NA,0.0,1798.126,NA,NA,No focal subject,1793.857,panting,Not defined,STATE,1072.599,1075.991,3.392,NA,,,,,,
F,2025-04-05 13:19:53.363,timestamp date time: 2023-04-24; 15:40:32,Live observation,NA,0.0,1798.126,NA,NA,No focal subject,1793.857,out of sight,Not defined,STATE,1075.992,1085.528,9.536,NA,,,,,,
F,2025-04-05 13:19:53.363,timestamp date time: 2023-04-24; 15:40:32,Live observation,NA,0.0,1798.126,NA,NA,No focal subject,1793.857,stop panting,Not defined,STATE,1085.529,1092.842,7.313,NA,,,,,,
F,2025-04-05 13:19:53.363,timestamp date time: 2023-04-24; 15:40:32,Live observation,NA,0.0,1798.126,NA,NA,No focal subject,1793.857,panting,Not defined,STATE,1092.843,1100.812,7.969,NA,,,,,,
F,2025-04-05 13:19:53.363,timestamp date time: 2023-04-24; 15:40:32,Live observation,NA,0.0,1798.126,NA,NA,No focal subject,1793.857,out of sight,Not defined,STATE,1100.813,1102.519,1.706,NA,,,,,,
F,2025-04-05 13:19:53.363,timestamp date time: 2023-04-24; 15:40:32,Live observation,NA,0.0,1798.126,NA,NA,No focal subject,1793.857,panting,Not defined,STATE,1102.520,1104.339,1.819,NA,,,,,,
F,2025-04-05 13:19:53.363,timestamp date time: 2023-04-24; 15:40:32,Live observation,NA,0.0,1798.126,NA,NA,No focal subject,1793.857,out of sight,Not defined,STATE,1104.340,1110.425,6.085,NA,,,,,,
F,2025-04-05 13:19:53.363,timestamp date time: 2023-04-24; 15:40:32,Live observation,NA,0.0,1798.126,NA,NA,No focal subject,1793.857,stop panting,Not defined,STATE,1110.426,1111.594,1.168,NA,,,,,,
F,2025-04-05 13:19:53.363,timestamp date time: 2023-04-24; 15:40:32,Live observation,NA,0.0,1798.126,NA,NA,No focal subject,1793.857,panting,Not defined,STATE,1111.595,1114.724,3.129,NA,,,,,,
F,2025-04-05 13:19:53.363,timestamp date time: 2023-04-24; 15:40:32,Live observation,NA,0.0,1798.126,NA,NA,No focal subject,1793.857,out of sight,Not defined,STATE,1114.725,1150.651,35.926,NA,,,,,,
F,2025-04-05 13:19:53.363,timestamp date time: 2023-04-24; 15:40:32,Live observation,NA,0.0,1798.126,NA,NA,No focal subject,1793.857,panting,Not defined,STATE,1150.652,1151.706,1.054,NA,,,,,,
F,2025-04-05 13:19:53.363,timestamp date time: 2023-04-24; 15:40:32,Live observation,NA,0.0,1798.126,NA,NA,No focal subject,1793.857,out of sight,Not defined,STATE,1151.707,1155.899,4.192,NA,,,,,,
F,2025-04-05 13:19:53.363,timestamp date time: 2023-04-24; 15:40:32,Live observation,NA,0.0,1798.126,NA,NA,No focal subject,1793.857,stop panting,Not defined,STATE,1155.900,1158.771,2.871,NA,,,,,,
F,2025-04-05 13:19:53.363,timestamp date time: 2023-04-24; 15:40:32,Live observation,NA,0.0,1798.126,NA,NA,No focal subject,1793.857,panting,Not defined,STATE,1158.772,1163.022,4.250,NA,,,,,,
F,2025-04-05 13:19:53.363,timestamp date time: 2023-04-24; 15:40:32,Live observation,NA,0.0,1798.126,NA,NA,No focal subject,1793.857,out of sight,Not defined,STATE,1163.023,1164.583,1.560,NA,,,,,,
F,2025-04-05 13:19:53.363,timestamp date time: 2023-04-24; 15:40:32,Live observation,NA,0.0,1798.126,NA,NA,No focal subject,1793.857,panting,Not defined,STATE,1164.584,1166.694,2.110,NA,,,,,,
F,2025-04-05 13:19:53.363,timestamp date time: 2023-04-24; 15:40:32,Live observation,NA,0.0,1798.126,NA,NA,No focal subject,1793.857,out of sight,Not defined,STATE,1166.695,1169.685,2.990,NA,,,,,,
F,2025-04-05 13:19:53.363,timestamp date time: 2023-04-24; 15:40:32,Live observation,NA,0.0,1798.126,NA,NA,No focal subject,1793.857,panting,Not defined,STATE,1169.686,1173.145,3.459,NA,,,,,,
F,2025-04-05 13:19:53.363,timestamp date time: 2023-04-24; 15:40:32,Live observation,NA,0.0,1798.126,NA,NA,No focal subject,1793.857,out of sight,Not defined,STATE,1173.146,1178.576,5.430,NA,,,,,,
F,2025-04-05 13:19:53.363,timestamp date time: 2023-04-24; 15:40:32,Live observation,NA,0.0,1798.126,NA,NA,No focal subject,1793.857,panting,Not defined,STATE,1178.577,1179.325,0.748,NA,,,,,,
F,2025-04-05 13:19:53.363,timestamp date time: 2023-04-24; 15:40:32,Live observation,NA,0.0,1798.126,NA,NA,No focal subject,1793.857,out of sight,Not defined,STATE,1179.326,1180.462,1.136,NA,,,,,,
F,2025-04-05 13:19:53.363,timestamp date time: 2023-04-24; 15:40:32,Live observation,NA,0.0,1798.126,NA,NA,No focal subject,1793.857,panting,Not defined,STATE,1180.463,1188.078,7.615,NA,,,,,,
F,2025-04-05 13:19:53.363,timestamp date time: 2023-04-24; 15:40:32,Live observation,NA,0.0,1798.126,NA,NA,No focal subject,1793.857,out of sight,Not defined,STATE,1188.079,1189.900,1.821,NA,,,,,,
F,2025-04-05 13:19:53.363,timestamp date time: 2023-04-24; 15:40:32,Live observation,NA,0.0,1798.126,NA,NA,No focal subject,1793.857,panting,Not defined,STATE,1189.901,1192.959,3.058,NA,,,,,,
F,2025-04-05 13:19:53.363,timestamp date time: 2023-04-24; 15:40:32,Live observation,NA,0.0,1798.126,NA,NA,No focal subject,1793.857,out of sight,Not defined,STATE,1192.960,1194.866,1.906,NA,,,,,,
F,2025-04-05 13:19:53.363,timestamp date time: 2023-04-24; 15:40:32,Live observation,NA,0.0,1798.126,NA,NA,No focal subject,1793.857,panting,Not defined,STATE,1194.867,1195.714,0.847,NA,,,,,,
F,2025-04-05 13:19:53.363,timestamp date time: 2023-04-24; 15:40:32,Live observation,NA,0.0,1798.126,NA,NA,No focal subject,1793.857,out of sight,Not defined,STATE,1195.715,1203.063,7.348,NA,,,,,,
F,2025-04-05 13:19:53.363,timestamp date time: 2023-04-24; 15:40:32,Live observation,NA,0.0,1798.126,NA,NA,No focal subject,1793.857,panting,Not defined,STATE,1203.064,1207.968,4.904,NA,,,,,,
F,2025-04-05 13:19:53.363,timestamp date time: 2023-04-24; 15:40:32,Live observation,NA,0.0,1798.126,NA,NA,No focal subject,1793.857,out of sight,Not defined,STATE,1207.969,1210.378,2.409,NA,,,,,,
F,2025-04-05 13:19:53.363,timestamp date time: 2023-04-24; 15:40:32,Live observation,NA,0.0,1798.126,NA,NA,No focal subject,1793.857,panting,Not defined,STATE,1210.379,1211.871,1.492,NA,,,,,,
F,2025-04-05 13:19:53.363,timestamp date time: 2023-04-24; 15:40:32,Live observation,NA,0.0,1798.126,NA,NA,No focal subject,1793.857,out of sight,Not defined,STATE,1211.872,1214.148,2.276,NA,,,,,,
F,2025-04-05 13:19:53.363,timestamp date time: 2023-04-24; 15:40:32,Live observation,NA,0.0,1798.126,NA,NA,No focal subject,1793.857,panting,Not defined,STATE,1214.149,1214.760,0.611,NA,,,,,,
F,2025-04-05 13:19:53.363,timestamp date time: 2023-04-24; 15:40:32,Live observation,NA,0.0,1798.126,NA,NA,No focal subject,1793.857,out of sight,Not defined,STATE,1214.761,1217.007,2.246,NA,,,,,,
F,2025-04-05 13:19:53.363,timestamp date time: 2023-04-24; 15:40:32,Live observation,NA,0.0,1798.126,NA,NA,No focal subject,1793.857,panting,Not defined,STATE,1217.008,1219.760,2.752,NA,,,,,,
F,2025-04-05 13:19:53.363,timestamp date time: 2023-04-24; 15:40:32,Live observation,NA,0.0,1798.126,NA,NA,No focal subject,1793.857,out of sight,Not defined,STATE,1219.761,1220.887,1.126,NA,,,,,,
F,2025-04-05 13:19:53.363,timestamp date time: 2023-04-24; 15:40:32,Live observation,NA,0.0,1798.126,NA,NA,No focal subject,1793.857,panting,Not defined,STATE,1220.888,1222.326,1.438,NA,,,,,,
F,2025-04-05 13:19:53.363,timestamp date time: 2023-04-24; 15:40:32,Live observation,NA,0.0,1798.126,NA,NA,No focal subject,1793.857,out of sight,Not defined,STATE,1222.327,1223.877,1.550,NA,,,,,,
F,2025-04-05 13:19:53.363,timestamp date time: 2023-04-24; 15:40:32,Live observation,NA,0.0,1798.126,NA,NA,No focal subject,1793.857,panting,Not defined,STATE,1223.878,1226.954,3.076,NA,,,,,,
F,2025-04-05 13:19:53.363,timestamp date time: 2023-04-24; 15:40:32,Live observation,NA,0.0,1798.126,NA,NA,No focal subject,1793.857,out of sight,Not defined,STATE,1226.955,1231.278,4.323,NA,,,,,,
F,2025-04-05 13:19:53.363,timestamp date time: 2023-04-24; 15:40:32,Live observation,NA,0.0,1798.126,NA,NA,No focal subject,1793.857,panting,Not defined,STATE,1231.279,1233.504,2.225,NA,,,,,,
F,2025-04-05 13:19:53.363,timestamp date time: 2023-04-24; 15:40:32,Live observation,NA,0.0,1798.126,NA,NA,No focal subject,1793.857,out of sight,Not defined,STATE,1233.505,1236.491,2.986,NA,,,,,,
F,2025-04-05 13:19:53.363,timestamp date time: 2023-04-24; 15:40:32,Live observation,NA,0.0,1798.126,NA,NA,No focal subject,1793.857,panting,Not defined,STATE,1236.492,1238.299,1.807,NA,,,,,,
F,2025-04-05 13:19:53.363,timestamp date time: 2023-04-24; 15:40:32,Live observation,NA,0.0,1798.126,NA,NA,No focal subject,1793.857,out of sight,Not defined,STATE,1238.300,1239.935,1.635,NA,,,,,,
F,2025-04-05 13:19:53.363,timestamp date time: 2023-04-24; 15:40:32,Live observation,NA,0.0,1798.126,NA,NA,No focal subject,1793.857,panting,Not defined,STATE,1239.936,1242.164,2.228,NA,,,,,,
F,2025-04-05 13:19:53.363,timestamp date time: 2023-04-24; 15:40:32,Live observation,NA,0.0,1798.126,NA,NA,No focal subject,1793.857,out of sight,Not defined,STATE,1242.165,1243.554,1.389,NA,,,,,,
F,2025-04-05 13:19:53.363,timestamp date time: 2023-04-24; 15:40:32,Live observation,NA,0.0,1798.126,NA,NA,No focal subject,1793.857,panting,Not defined,STATE,1243.555,1246.239,2.684,NA,,,,,,
F,2025-04-05 13:19:53.363,timestamp date time: 2023-04-24; 15:40:32,Live observation,NA,0.0,1798.126,NA,NA,No focal subject,1793.857,out of sight,Not defined,STATE,1246.240,1270.409,24.169,NA,,,,,,
F,2025-04-05 13:19:53.363,timestamp date time: 2023-04-24; 15:40:32,Live observation,NA,0.0,1798.126,NA,NA,No focal subject,1793.857,panting,Not defined,STATE,1270.410,1272.174,1.764,NA,,,,,,
F,2025-04-05 13:19:53.363,timestamp date time: 2023-04-24; 15:40:32,Live observation,NA,0.0,1798.126,NA,NA,No focal subject,1793.857,out of sight,Not defined,STATE,1272.175,1278.752,6.577,NA,,,,,,
F,2025-04-05 13:19:53.363,timestamp date time: 2023-04-24; 15:40:32,Live observation,NA,0.0,1798.126,NA,NA,No focal subject,1793.857,panting,Not defined,STATE,1278.753,1284.414,5.661,NA,,,,,,
F,2025-04-05 13:19:53.363,timestamp date time: 2023-04-24; 15:40:32,Live observation,NA,0.0,1798.126,NA,NA,No focal subject,1793.857,out of sight,Not defined,STATE,1284.415,1292.651,8.236,NA,,,,,,
F,2025-04-05 13:19:53.363,timestamp date time: 2023-04-24; 15:40:32,Live observation,NA,0.0,1798.126,NA,NA,No focal subject,1793.857,stop panting,Not defined,STATE,1292.652,1294.951,2.299,NA,,,,,,
F,2025-04-05 13:19:53.363,timestamp date time: 2023-04-24; 15:40:32,Live observation,NA,0.0,1798.126,NA,NA,No focal subject,1793.857,panting,Not defined,STATE,1294.952,1296.111,1.159,NA,,,,,,
F,2025-04-05 13:19:53.363,timestamp date time: 2023-04-24; 15:40:32,Live observation,NA,0.0,1798.126,NA,NA,No focal subject,1793.857,out of sight,Not defined,STATE,1296.112,1304.714,8.602,NA,,,,,,
F,2025-04-05 13:19:53.363,timestamp date time: 2023-04-24; 15:40:32,Live observation,NA,0.0,1798.126,NA,NA,No focal subject,1793.857,panting,Not defined,STATE,1304.715,1308.383,3.668,NA,,,,,,
F,2025-04-05 13:19:53.363,timestamp date time: 2023-04-24; 15:40:32,Live observation,NA,0.0,1798.126,NA,NA,No focal subject,1793.857,out of sight,Not defined,STATE,1308.384,1328.418,20.034,NA,,,,,,
F,2025-04-05 13:19:53.363,timestamp date time: 2023-04-24; 15:40:32,Live observation,NA,0.0,1798.126,NA,NA,No focal subject,1793.857,stop panting,Not defined,STATE,1328.419,1330.781,2.362,NA,,,,,,
F,2025-04-05 13:19:53.363,timestamp date time: 2023-04-24; 15:40:32,Live observation,NA,0.0,1798.126,NA,NA,No focal subject,1793.857,panting,Not defined,STATE,1330.782,1333.507,2.725,NA,,,,,,
F,2025-04-05 13:19:53.363,timestamp date time: 2023-04-24; 15:40:32,Live observation,NA,0.0,1798.126,NA,NA,No focal subject,1793.857,out of sight,Not defined,STATE,1333.508,1424.011,90.503,NA,,,,,,
F,2025-04-05 13:19:53.363,timestamp date time: 2023-04-24; 15:40:32,Live observation,NA,0.0,1798.126,NA,NA,No focal subject,1793.857,panting,Not defined,STATE,1424.012,1430.674,6.662,NA,,,,,,
F,2025-04-05 13:19:53.363,timestamp date time: 2023-04-24; 15:40:32,Live observation,NA,0.0,1798.126,NA,NA,No focal subject,1793.857,stop panting,Not defined,STATE,1430.675,1434.167,3.492,NA,,,,,,
F,2025-04-05 13:19:53.363,timestamp date time: 2023-04-24; 15:40:32,Live observation,NA,0.0,1798.126,NA,NA,No focal subject,1793.857,stop panting,Not defined,STATE,1436.528,1439.331,2.803,NA,,,,,,
F,2025-04-05 13:19:53.363,timestamp date time: 2023-04-24; 15:40:32,Live observation,NA,0.0,1798.126,NA,NA,No focal subject,1793.857,panting,Not defined,STATE,1439.332,1456.362,17.030,NA,,,,,,
F,2025-04-05 13:19:53.363,timestamp date time: 2023-04-24; 15:40:32,Live observation,NA,0.0,1798.126,NA,NA,No focal subject,1793.857,stop panting,Not defined,STATE,1456.363,1465.765,9.402,NA,,,,,,
F,2025-04-05 13:19:53.363,timestamp date time: 2023-04-24; 15:40:32,Live observation,NA,0.0,1798.126,NA,NA,No focal subject,1793.857,out of sight,Not defined,STATE,1465.766,1468.158,2.392,NA,,,,,,
F,2025-04-05 13:19:53.363,timestamp date time: 2023-04-24; 15:40:32,Live observation,NA,0.0,1798.126,NA,NA,No focal subject,1793.857,stop panting,Not defined,STATE,1468.159,1470.081,1.922,NA,,,,,,
F,2025-04-05 13:19:53.363,timestamp date time: 2023-04-24; 15:40:32,Live observation,NA,0.0,1798.126,NA,NA,No focal subject,1793.857,out of sight,Not defined,STATE,1470.082,1472.590,2.508,NA,,,,,,
F,2025-04-05 13:19:53.363,timestamp date time: 2023-04-24; 15:40:32,Live observation,NA,0.0,1798.126,NA,NA,No focal subject,1793.857,stop panting,Not defined,STATE,1472.591,1481.038,8.447,NA,,,,,,
F,2025-04-05 13:19:53.363,timestamp date time: 2023-04-24; 15:40:32,Live observation,NA,0.0,1798.126,NA,NA,No focal subject,1793.857,panting,Not defined,STATE,1481.039,1489.482,8.443,NA,,,,,,
F,2025-04-05 13:19:53.363,timestamp date time: 2023-04-24; 15:40:32,Live observation,NA,0.0,1798.126,NA,NA,No focal subject,1793.857,out of sight,Not defined,STATE,1489.483,1508.445,18.962,NA,,,,,,
F,2025-04-05 13:19:53.363,timestamp date time: 2023-04-24; 15:40:32,Live observation,NA,0.0,1798.126,NA,NA,No focal subject,1793.857,stop panting,Not defined,STATE,1508.446,1514.721,6.275,NA,,,,,,
F,2025-04-05 13:19:53.363,timestamp date time: 2023-04-24; 15:40:32,Live observation,NA,0.0,1798.126,NA,NA,No focal subject,1793.857,out of sight,Not defined,STATE,1514.722,1515.543,0.821,NA,,,,,,
F,2025-04-05 13:19:53.363,timestamp date time: 2023-04-24; 15:40:32,Live observation,NA,0.0,1798.126,NA,NA,No focal subject,1793.857,panting,Not defined,STATE,1515.544,1547.605,32.061,NA,,,,,,
F,2025-04-05 13:19:53.363,timestamp date time: 2023-04-24; 15:40:32,Live observation,NA,0.0,1798.126,NA,NA,No focal subject,1793.857,stop panting,Not defined,STATE,1547.606,1552.999,5.393,NA,,,,,,
F,2025-04-05 13:19:53.363,timestamp date time: 2023-04-24; 15:40:32,Live observation,NA,0.0,1798.126,NA,NA,No focal subject,1793.857,panting,Not defined,STATE,1553.000,1574.485,21.485,NA,,,,,,
F,2025-04-05 13:19:53.363,timestamp date time: 2023-04-24; 15:40:32,Live observation,NA,0.0,1798.126,NA,NA,No focal subject,1793.857,out of sight,Not defined,STATE,1574.486,1585.305,10.819,NA,,,,,,
F,2025-04-05 13:19:53.363,timestamp date time: 2023-04-24; 15:40:32,Live observation,NA,0.0,1798.126,NA,NA,No focal subject,1793.857,panting,Not defined,STATE,1585.306,1593.080,7.774,NA,,,,,,
F,2025-04-05 13:19:53.363,timestamp date time: 2023-04-24; 15:40:32,Live observation,NA,0.0,1798.126,NA,NA,No focal subject,1793.857,stop panting,Not defined,STATE,1593.081,1593.758,0.677,NA,,,,,,
F,2025-04-05 13:19:53.363,timestamp date time: 2023-04-24; 15:40:32,Live observation,NA,0.0,1798.126,NA,NA,No focal subject,1793.857,panting,Not defined,STATE,1593.759,1609.394,15.635,NA,,,,,,
F,2025-04-05 13:19:53.363,timestamp date time: 2023-04-24; 15:40:32,Live observation,NA,0.0,1798.126,NA,NA,No focal subject,1793.857,out of sight,Not defined,STATE,1609.395,1637.257,27.862,NA,,,,,,
F,2025-04-05 13:19:53.363,timestamp date time: 2023-04-24; 15:40:32,Live observation,NA,0.0,1798.126,NA,NA,No focal subject,1793.857,stop panting,Not defined,STATE,1637.258,1644.924,7.666,NA,,,,,,
F,2025-04-05 13:19:53.363,timestamp date time: 2023-04-24; 15:40:32,Live observation,NA,0.0,1798.126,NA,NA,No focal subject,1793.857,panting,Not defined,STATE,1644.925,1687.595,42.670,NA,,,,,,
F,2025-04-05 13:19:53.363,timestamp date time: 2023-04-24; 15:40:32,Live observation,NA,0.0,1798.126,NA,NA,No focal subject,1793.857,out of sight,Not defined,STATE,1687.596,1691.051,3.455,NA,,,,,,
F,2025-04-05 13:19:53.363,timestamp date time: 2023-04-24; 15:40:32,Live observation,NA,0.0,1798.126,NA,NA,No focal subject,1793.857,panting,Not defined,STATE,1691.052,1699.204,8.152,NA,,,,,,
F,2025-04-05 13:19:53.363,timestamp date time: 2023-04-24; 15:40:32,Live observation,NA,0.0,1798.126,NA,NA,No focal subject,1793.857,stop panting,Not defined,STATE,1699.205,1729.336,30.131,NA,,,,,,
F,2025-04-05 13:19:53.363,timestamp date time: 2023-04-24; 15:40:32,Live observation,NA,0.0,1798.126,NA,NA,No focal subject,1793.857,out of sight,Not defined,STATE,1729.337,1746.444,17.107,NA,,,,,,
F,2025-04-05 13:19:53.363,timestamp date time: 2023-04-24; 15:40:32,Live observation,NA,0.0,1798.126,NA,NA,No focal subject,1793.857,stop panting,Not defined,STATE,1746.445,1747.165,0.720,NA,,,,,,
F,2025-04-05 13:19:53.363,timestamp date time: 2023-04-24; 15:40:32,Live observation,NA,0.0,1798.126,NA,NA,No focal subject,1793.857,panting,Not defined,STATE,1747.166,1773.007,25.841,NA,,,,,,
F,2025-04-05 13:19:53.363,timestamp date time: 2023-04-24; 15:40:32,Live observation,NA,0.0,1798.126,NA,NA,No focal subject,1793.857,stop panting,Not defined,STATE,1773.008,1799.698,26.690,NA,,,,,,
G,2025-04-05 16:30:41.721,timestamp date time: 2023-05-24; 15:30:45,Live observation,NA,0.0,1798.147,NA,NA,No focal subject,1798.018,stop panting,Not defined,STATE,1.609,102.448,100.839,NA,,,,,,
G,2025-04-05 16:30:41.721,timestamp date time: 2023-05-24; 15:30:45,Live observation,NA,0.0,1798.147,NA,NA,No focal subject,1798.018,out of sight,Not defined,STATE,102.449,105.895,3.446,NA,,,,,,
G,2025-04-05 16:30:41.721,timestamp date time: 2023-05-24; 15:30:45,Live observation,NA,0.0,1798.147,NA,NA,No focal subject,1798.018,stop panting,Not defined,STATE,105.896,158.936,53.040,NA,,,,,,
G,2025-04-05 16:30:41.721,timestamp date time: 2023-05-24; 15:30:45,Live observation,NA,0.0,1798.147,NA,NA,No focal subject,1798.018,out of sight,Not defined,STATE,158.937,160.780,1.843,NA,,,,,,
G,2025-04-05 16:30:41.721,timestamp date time: 2023-05-24; 15:30:45,Live observation,NA,0.0,1798.147,NA,NA,No focal subject,1798.018,stop panting,Not defined,STATE,160.781,182.963,22.182,NA,,,,,,
G,2025-04-05 16:30:41.721,timestamp date time: 2023-05-24; 15:30:45,Live observation,NA,0.0,1798.147,NA,NA,No focal subject,1798.018,out of sight,Not defined,STATE,182.964,187.116,4.152,NA,,,,,,
G,2025-04-05 16:30:41.721,timestamp date time: 2023-05-24; 15:30:45,Live observation,NA,0.0,1798.147,NA,NA,No focal subject,1798.018,stop panting,Not defined,STATE,187.117,194.626,7.509,NA,,,,,,
G,2025-04-05 16:30:41.721,timestamp date time: 2023-05-24; 15:30:45,Live observation,NA,0.0,1798.147,NA,NA,No focal subject,1798.018,panting,Not defined,STATE,194.627,202.738,8.111,NA,,,,,,
G,2025-04-05 16:30:41.721,timestamp date time: 2023-05-24; 15:30:45,Live observation,NA,0.0,1798.147,NA,NA,No focal subject,1798.018,stop panting,Not defined,STATE,202.739,205.708,2.969,NA,,,,,,
G,2025-04-05 16:30:41.721,timestamp date time: 2023-05-24; 15:30:45,Live observation,NA,0.0,1798.147,NA,NA,No focal subject,1798.018,out of sight,Not defined,STATE,205.709,214.311,8.602,NA,,,,,,
G,2025-04-05 16:30:41.721,timestamp date time: 2023-05-24; 15:30:45,Live observation,NA,0.0,1798.147,NA,NA,No focal subject,1798.018,stop panting,Not defined,STATE,214.312,233.034,18.722,NA,,,,,,
G,2025-04-05 16:30:41.721,timestamp date time: 2023-05-24; 15:30:45,Live observation,NA,0.0,1798.147,NA,NA,No focal subject,1798.018,panting,Not defined,STATE,233.035,288.460,55.425,NA,,,,,,
G,2025-04-05 16:30:41.721,timestamp date time: 2023-05-24; 15:30:45,Live observation,NA,0.0,1798.147,NA,NA,No focal subject,1798.018,out of sight,Not defined,STATE,288.461,316.596,28.135,NA,,,,,,
G,2025-04-05 16:30:41.721,timestamp date time: 2023-05-24; 15:30:45,Live observation,NA,0.0,1798.147,NA,NA,No focal subject,1798.018,stop panting,Not defined,STATE,316.597,318.180,1.583,NA,,,,,,
G,2025-04-05 16:30:41.721,timestamp date time: 2023-05-24; 15:30:45,Live observation,NA,0.0,1798.147,NA,NA,No focal subject,1798.018,panting,Not defined,STATE,318.181,342.628,24.447,NA,,,,,,
G,2025-04-05 16:30:41.721,timestamp date time: 2023-05-24; 15:30:45,Live observation,NA,0.0,1798.147,NA,NA,No focal subject,1798.018,stop panting,Not defined,STATE,342.629,356.060,13.431,NA,,,,,,
G,2025-04-05 16:30:41.721,timestamp date time: 2023-05-24; 15:30:45,Live observation,NA,0.0,1798.147,NA,NA,No focal subject,1798.018,panting,Not defined,STATE,356.061,363.685,7.624,NA,,,,,,
G,2025-04-05 16:30:41.721,timestamp date time: 2023-05-24; 15:30:45,Live observation,NA,0.0,1798.147,NA,NA,No focal subject,1798.018,out of sight,Not defined,STATE,363.686,366.807,3.121,NA,,,,,,
G,2025-04-05 16:30:41.721,timestamp date time: 2023-05-24; 15:30:45,Live observation,NA,0.0,1798.147,NA,NA,No focal subject,1798.018,stop panting,Not defined,STATE,366.808,374.586,7.778,NA,,,,,,
G,2025-04-05 16:30:41.721,timestamp date time: 2023-05-24; 15:30:45,Live observation,NA,0.0,1798.147,NA,NA,No focal subject,1798.018,panting,Not defined,STATE,374.587,379.185,4.598,NA,,,,,,
G,2025-04-05 16:30:41.721,timestamp date time: 2023-05-24; 15:30:45,Live observation,NA,0.0,1798.147,NA,NA,No focal subject,1798.018,out of sight,Not defined,STATE,379.186,391.511,12.325,NA,,,,,,
G,2025-04-05 16:30:41.721,timestamp date time: 2023-05-24; 15:30:45,Live observation,NA,0.0,1798.147,NA,NA,No focal subject,1798.018,panting,Not defined,STATE,391.512,396.557,5.045,NA,,,,,,
G,2025-04-05 16:30:41.721,timestamp date time: 2023-05-24; 15:30:45,Live observation,NA,0.0,1798.147,NA,NA,No focal subject,1798.018,out of sight,Not defined,STATE,396.558,398.902,2.344,NA,,,,,,
G,2025-04-05 16:30:41.721,timestamp date time: 2023-05-24; 15:30:45,Live observation,NA,0.0,1798.147,NA,NA,No focal subject,1798.018,panting,Not defined,STATE,398.903,408.434,9.531,NA,,,,,,
G,2025-04-05 16:30:41.721,timestamp date time: 2023-05-24; 15:30:45,Live observation,NA,0.0,1798.147,NA,NA,No focal subject,1798.018,out of sight,Not defined,STATE,408.435,412.801,4.366,NA,,,,,,
G,2025-04-05 16:30:41.721,timestamp date time: 2023-05-24; 15:30:45,Live observation,NA,0.0,1798.147,NA,NA,No focal subject,1798.018,panting,Not defined,STATE,412.802,418.194,5.392,NA,,,,,,
G,2025-04-05 16:30:41.721,timestamp date time: 2023-05-24; 15:30:45,Live observation,NA,0.0,1798.147,NA,NA,No focal subject,1798.018,out of sight,Not defined,STATE,418.195,423.610,5.415,NA,,,,,,
G,2025-04-05 16:30:41.721,timestamp date time: 2023-05-24; 15:30:45,Live observation,NA,0.0,1798.147,NA,NA,No focal subject,1798.018,panting,Not defined,STATE,423.611,439.589,15.978,NA,,,,,,
G,2025-04-05 16:30:41.721,timestamp date time: 2023-05-24; 15:30:45,Live observation,NA,0.0,1798.147,NA,NA,No focal subject,1798.018,out of sight,Not defined,STATE,439.590,440.353,0.763,NA,,,,,,
G,2025-04-05 16:30:41.721,timestamp date time: 2023-05-24; 15:30:45,Live observation,NA,0.0,1798.147,NA,NA,No focal subject,1798.018,panting,Not defined,STATE,440.354,503.657,63.303,NA,,,,,,
G,2025-04-05 16:30:41.721,timestamp date time: 2023-05-24; 15:30:45,Live observation,NA,0.0,1798.147,NA,NA,No focal subject,1798.018,stop panting,Not defined,STATE,503.658,509.519,5.861,NA,,,,,,
G,2025-04-05 16:30:41.721,timestamp date time: 2023-05-24; 15:30:45,Live observation,NA,0.0,1798.147,NA,NA,No focal subject,1798.018,out of sight,Not defined,STATE,509.520,513.417,3.897,NA,,,,,,
G,2025-04-05 16:30:41.721,timestamp date time: 2023-05-24; 15:30:45,Live observation,NA,0.0,1798.147,NA,NA,No focal subject,1798.018,stop panting,Not defined,STATE,513.418,516.114,2.696,NA,,,,,,
G,2025-04-05 16:30:41.721,timestamp date time: 2023-05-24; 15:30:45,Live observation,NA,0.0,1798.147,NA,NA,No focal subject,1798.018,panting,Not defined,STATE,516.115,521.087,4.972,NA,,,,,,
G,2025-04-05 16:30:41.721,timestamp date time: 2023-05-24; 15:30:45,Live observation,NA,0.0,1798.147,NA,NA,No focal subject,1798.018,out of sight,Not defined,STATE,521.088,525.763,4.675,NA,,,,,,
G,2025-04-05 16:30:41.721,timestamp date time: 2023-05-24; 15:30:45,Live observation,NA,0.0,1798.147,NA,NA,No focal subject,1798.018,panting,Not defined,STATE,525.764,585.166,59.402,NA,,,,,,
G,2025-04-05 16:30:41.721,timestamp date time: 2023-05-24; 15:30:45,Live observation,NA,0.0,1798.147,NA,NA,No focal subject,1798.018,out of sight,Not defined,STATE,585.167,593.384,8.217,NA,,,,,,
G,2025-04-05 16:30:41.721,timestamp date time: 2023-05-24; 15:30:45,Live observation,NA,0.0,1798.147,NA,NA,No focal subject,1798.018,panting,Not defined,STATE,593.385,628.512,35.127,NA,,,,,,
G,2025-04-05 16:30:41.721,timestamp date time: 2023-05-24; 15:30:45,Live observation,NA,0.0,1798.147,NA,NA,No focal subject,1798.018,out of sight,Not defined,STATE,628.513,633.029,4.516,NA,,,,,,
G,2025-04-05 16:30:41.721,timestamp date time: 2023-05-24; 15:30:45,Live observation,NA,0.0,1798.147,NA,NA,No focal subject,1798.018,panting,Not defined,STATE,633.030,642.935,9.905,NA,,,,,,
G,2025-04-05 16:30:41.721,timestamp date time: 2023-05-24; 15:30:45,Live observation,NA,0.0,1798.147,NA,NA,No focal subject,1798.018,out of sight,Not defined,STATE,642.936,645.560,2.624,NA,,,,,,
G,2025-04-05 16:30:41.721,timestamp date time: 2023-05-24; 15:30:45,Live observation,NA,0.0,1798.147,NA,NA,No focal subject,1798.018,panting,Not defined,STATE,645.561,730.290,84.729,NA,,,,,,
G,2025-04-05 16:30:41.721,timestamp date time: 2023-05-24; 15:30:45,Live observation,NA,0.0,1798.147,NA,NA,No focal subject,1798.018,stop panting,Not defined,STATE,730.291,733.923,3.632,NA,,,,,,
G,2025-04-05 16:30:41.721,timestamp date time: 2023-05-24; 15:30:45,Live observation,NA,0.0,1798.147,NA,NA,No focal subject,1798.018,out of sight,Not defined,STATE,733.924,736.669,2.745,NA,,,,,,
G,2025-04-05 16:30:41.721,timestamp date time: 2023-05-24; 15:30:45,Live observation,NA,0.0,1798.147,NA,NA,No focal subject,1798.018,panting,Not defined,STATE,736.670,753.831,17.161,NA,,,,,,
G,2025-04-05 16:30:41.721,timestamp date time: 2023-05-24; 15:30:45,Live observation,NA,0.0,1798.147,NA,NA,No focal subject,1798.018,out of sight,Not defined,STATE,753.832,757.965,4.133,NA,,,,,,
G,2025-04-05 16:30:41.721,timestamp date time: 2023-05-24; 15:30:45,Live observation,NA,0.0,1798.147,NA,NA,No focal subject,1798.018,panting,Not defined,STATE,757.966,770.890,12.924,NA,,,,,,
G,2025-04-05 16:30:41.721,timestamp date time: 2023-05-24; 15:30:45,Live observation,NA,0.0,1798.147,NA,NA,No focal subject,1798.018,out of sight,Not defined,STATE,770.891,773.902,3.011,NA,,,,,,
G,2025-04-05 16:30:41.721,timestamp date time: 2023-05-24; 15:30:45,Live observation,NA,0.0,1798.147,NA,NA,No focal subject,1798.018,panting,Not defined,STATE,773.903,791.206,17.303,NA,,,,,,
G,2025-04-05 16:30:41.721,timestamp date time: 2023-05-24; 15:30:45,Live observation,NA,0.0,1798.147,NA,NA,No focal subject,1798.018,out of sight,Not defined,STATE,791.207,792.501,1.294,NA,,,,,,
G,2025-04-05 16:30:41.721,timestamp date time: 2023-05-24; 15:30:45,Live observation,NA,0.0,1798.147,NA,NA,No focal subject,1798.018,panting,Not defined,STATE,792.502,837.986,45.484,NA,,,,,,
G,2025-04-05 16:30:41.721,timestamp date time: 2023-05-24; 15:30:45,Live observation,NA,0.0,1798.147,NA,NA,No focal subject,1798.018,out of sight,Not defined,STATE,837.987,842.844,4.857,NA,,,,,,
G,2025-04-05 16:30:41.721,timestamp date time: 2023-05-24; 15:30:45,Live observation,NA,0.0,1798.147,NA,NA,No focal subject,1798.018,panting,Not defined,STATE,842.845,855.182,12.337,NA,,,,,,
G,2025-04-05 16:30:41.721,timestamp date time: 2023-05-24; 15:30:45,Live observation,NA,0.0,1798.147,NA,NA,No focal subject,1798.018,out of sight,Not defined,STATE,855.183,856.799,1.616,NA,,,,,,
G,2025-04-05 16:30:41.721,timestamp date time: 2023-05-24; 15:30:45,Live observation,NA,0.0,1798.147,NA,NA,No focal subject,1798.018,panting,Not defined,STATE,856.800,876.060,19.260,NA,,,,,,
G,2025-04-05 16:30:41.721,timestamp date time: 2023-05-24; 15:30:45,Live observation,NA,0.0,1798.147,NA,NA,No focal subject,1798.018,out of sight,Not defined,STATE,876.061,877.930,1.869,NA,,,,,,
G,2025-04-05 16:30:41.721,timestamp date time: 2023-05-24; 15:30:45,Live observation,NA,0.0,1798.147,NA,NA,No focal subject,1798.018,panting,Not defined,STATE,877.931,881.495,3.564,NA,,,,,,
G,2025-04-05 16:30:41.721,timestamp date time: 2023-05-24; 15:30:45,Live observation,NA,0.0,1798.147,NA,NA,No focal subject,1798.018,out of sight,Not defined,STATE,881.496,885.505,4.009,NA,,,,,,
G,2025-04-05 16:30:41.721,timestamp date time: 2023-05-24; 15:30:45,Live observation,NA,0.0,1798.147,NA,NA,No focal subject,1798.018,panting,Not defined,STATE,885.506,892.940,7.434,NA,,,,,,
G,2025-04-05 16:30:41.721,timestamp date time: 2023-05-24; 15:30:45,Live observation,NA,0.0,1798.147,NA,NA,No focal subject,1798.018,out of sight,Not defined,STATE,892.941,894.408,1.467,NA,,,,,,
G,2025-04-05 16:30:41.721,timestamp date time: 2023-05-24; 15:30:45,Live observation,NA,0.0,1798.147,NA,NA,No focal subject,1798.018,panting,Not defined,STATE,894.409,895.902,1.493,NA,,,,,,
G,2025-04-05 16:30:41.721,timestamp date time: 2023-05-24; 15:30:45,Live observation,NA,0.0,1798.147,NA,NA,No focal subject,1798.018,stop panting,Not defined,STATE,895.903,899.694,3.791,NA,,,,,,
G,2025-04-05 16:30:41.721,timestamp date time: 2023-05-24; 15:30:45,Live observation,NA,0.0,1798.147,NA,NA,No focal subject,1798.018,panting,Not defined,STATE,899.695,902.730,3.035,NA,,,,,,
G,2025-04-05 16:30:41.721,timestamp date time: 2023-05-24; 15:30:45,Live observation,NA,0.0,1798.147,NA,NA,No focal subject,1798.018,stop panting,Not defined,STATE,902.731,904.378,1.647,NA,,,,,,
G,2025-04-05 16:30:41.721,timestamp date time: 2023-05-24; 15:30:45,Live observation,NA,0.0,1798.147,NA,NA,No focal subject,1798.018,panting,Not defined,STATE,904.379,921.073,16.694,NA,,,,,,
G,2025-04-05 16:30:41.721,timestamp date time: 2023-05-24; 15:30:45,Live observation,NA,0.0,1798.147,NA,NA,No focal subject,1798.018,out of sight,Not defined,STATE,921.074,927.542,6.468,NA,,,,,,
G,2025-04-05 16:30:41.721,timestamp date time: 2023-05-24; 15:30:45,Live observation,NA,0.0,1798.147,NA,NA,No focal subject,1798.018,stop panting,Not defined,STATE,927.543,931.414,3.871,NA,,,,,,
G,2025-04-05 16:30:41.721,timestamp date time: 2023-05-24; 15:30:45,Live observation,NA,0.0,1798.147,NA,NA,No focal subject,1798.018,panting,Not defined,STATE,931.415,941.211,9.796,NA,,,,,,
G,2025-04-05 16:30:41.721,timestamp date time: 2023-05-24; 15:30:45,Live observation,NA,0.0,1798.147,NA,NA,No focal subject,1798.018,out of sight,Not defined,STATE,941.212,945.951,4.739,NA,,,,,,
G,2025-04-05 16:30:41.721,timestamp date time: 2023-05-24; 15:30:45,Live observation,NA,0.0,1798.147,NA,NA,No focal subject,1798.018,panting,Not defined,STATE,945.952,952.230,6.278,NA,,,,,,
G,2025-04-05 16:30:41.721,timestamp date time: 2023-05-24; 15:30:45,Live observation,NA,0.0,1798.147,NA,NA,No focal subject,1798.018,out of sight,Not defined,STATE,952.231,954.856,2.625,NA,,,,,,
G,2025-04-05 16:30:41.721,timestamp date time: 2023-05-24; 15:30:45,Live observation,NA,0.0,1798.147,NA,NA,No focal subject,1798.018,panting,Not defined,STATE,954.857,965.109,10.252,NA,,,,,,
G,2025-04-05 16:30:41.721,timestamp date time: 2023-05-24; 15:30:45,Live observation,NA,0.0,1798.147,NA,NA,No focal subject,1798.018,stop panting,Not defined,STATE,965.110,974.854,9.744,NA,,,,,,
G,2025-04-05 16:30:41.721,timestamp date time: 2023-05-24; 15:30:45,Live observation,NA,0.0,1798.147,NA,NA,No focal subject,1798.018,panting,Not defined,STATE,974.855,988.528,13.673,NA,,,,,,
G,2025-04-05 16:30:41.721,timestamp date time: 2023-05-24; 15:30:45,Live observation,NA,0.0,1798.147,NA,NA,No focal subject,1798.018,stop panting,Not defined,STATE,988.529,989.211,0.682,NA,,,,,,
G,2025-04-05 16:30:41.721,timestamp date time: 2023-05-24; 15:30:45,Live observation,NA,0.0,1798.147,NA,NA,No focal subject,1798.018,out of sight,Not defined,STATE,989.212,993.039,3.827,NA,,,,,,
G,2025-04-05 16:30:41.721,timestamp date time: 2023-05-24; 15:30:45,Live observation,NA,0.0,1798.147,NA,NA,No focal subject,1798.018,stop panting,Not defined,STATE,993.040,993.434,0.394,NA,,,,,,
G,2025-04-05 16:30:41.721,timestamp date time: 2023-05-24; 15:30:45,Live observation,NA,0.0,1798.147,NA,NA,No focal subject,1798.018,panting,Not defined,STATE,993.435,1008.620,15.185,NA,,,,,,
G,2025-04-05 16:30:41.721,timestamp date time: 2023-05-24; 15:30:45,Live observation,NA,0.0,1798.147,NA,NA,No focal subject,1798.018,out of sight,Not defined,STATE,1008.621,1010.191,1.570,NA,,,,,,
G,2025-04-05 16:30:41.721,timestamp date time: 2023-05-24; 15:30:45,Live observation,NA,0.0,1798.147,NA,NA,No focal subject,1798.018,panting,Not defined,STATE,1010.192,1014.781,4.589,NA,,,,,,
G,2025-04-05 16:30:41.721,timestamp date time: 2023-05-24; 15:30:45,Live observation,NA,0.0,1798.147,NA,NA,No focal subject,1798.018,out of sight,Not defined,STATE,1014.782,1019.221,4.439,NA,,,,,,
G,2025-04-05 16:30:41.721,timestamp date time: 2023-05-24; 15:30:45,Live observation,NA,0.0,1798.147,NA,NA,No focal subject,1798.018,panting,Not defined,STATE,1019.222,1031.143,11.921,NA,,,,,,
G,2025-04-05 16:30:41.721,timestamp date time: 2023-05-24; 15:30:45,Live observation,NA,0.0,1798.147,NA,NA,No focal subject,1798.018,out of sight,Not defined,STATE,1031.144,1032.432,1.288,NA,,,,,,
G,2025-04-05 16:30:41.721,timestamp date time: 2023-05-24; 15:30:45,Live observation,NA,0.0,1798.147,NA,NA,No focal subject,1798.018,panting,Not defined,STATE,1032.433,1040.641,8.208,NA,,,,,,
G,2025-04-05 16:30:41.721,timestamp date time: 2023-05-24; 15:30:45,Live observation,NA,0.0,1798.147,NA,NA,No focal subject,1798.018,out of sight,Not defined,STATE,1040.642,1050.683,10.041,NA,,,,,,
G,2025-04-05 16:30:41.721,timestamp date time: 2023-05-24; 15:30:45,Live observation,NA,0.0,1798.147,NA,NA,No focal subject,1798.018,panting,Not defined,STATE,1050.684,1068.331,17.647,NA,,,,,,
G,2025-04-05 16:30:41.721,timestamp date time: 2023-05-24; 15:30:45,Live observation,NA,0.0,1798.147,NA,NA,No focal subject,1798.018,stop panting,Not defined,STATE,1068.332,1074.441,6.109,NA,,,,,,
G,2025-04-05 16:30:41.721,timestamp date time: 2023-05-24; 15:30:45,Live observation,NA,0.0,1798.147,NA,NA,No focal subject,1798.018,panting,Not defined,STATE,1074.442,1086.136,11.694,NA,,,,,,
G,2025-04-05 16:30:41.721,timestamp date time: 2023-05-24; 15:30:45,Live observation,NA,0.0,1798.147,NA,NA,No focal subject,1798.018,out of sight,Not defined,STATE,1086.137,1089.724,3.587,NA,,,,,,
G,2025-04-05 16:30:41.721,timestamp date time: 2023-05-24; 15:30:45,Live observation,NA,0.0,1798.147,NA,NA,No focal subject,1798.018,panting,Not defined,STATE,1089.725,1138.585,48.860,NA,,,,,,
G,2025-04-05 16:30:41.721,timestamp date time: 2023-05-24; 15:30:45,Live observation,NA,0.0,1798.147,NA,NA,No focal subject,1798.018,stop panting,Not defined,STATE,1138.586,1142.820,4.234,NA,,,,,,
G,2025-04-05 16:30:41.721,timestamp date time: 2023-05-24; 15:30:45,Live observation,NA,0.0,1798.147,NA,NA,No focal subject,1798.018,panting,Not defined,STATE,1142.821,1150.269,7.448,NA,,,,,,
G,2025-04-05 16:30:41.721,timestamp date time: 2023-05-24; 15:30:45,Live observation,NA,0.0,1798.147,NA,NA,No focal subject,1798.018,out of sight,Not defined,STATE,1150.270,1155.316,5.046,NA,,,,,,
G,2025-04-05 16:30:41.721,timestamp date time: 2023-05-24; 15:30:45,Live observation,NA,0.0,1798.147,NA,NA,No focal subject,1798.018,panting,Not defined,STATE,1155.317,1226.428,71.111,NA,,,,,,
G,2025-04-05 16:30:41.721,timestamp date time: 2023-05-24; 15:30:45,Live observation,NA,0.0,1798.147,NA,NA,No focal subject,1798.018,out of sight,Not defined,STATE,1226.429,1227.613,1.184,NA,,,,,,
G,2025-04-05 16:30:41.721,timestamp date time: 2023-05-24; 15:30:45,Live observation,NA,0.0,1798.147,NA,NA,No focal subject,1798.018,panting,Not defined,STATE,1227.614,1242.068,14.454,NA,,,,,,
G,2025-04-05 16:30:41.721,timestamp date time: 2023-05-24; 15:30:45,Live observation,NA,0.0,1798.147,NA,NA,No focal subject,1798.018,stop panting,Not defined,STATE,1242.069,1246.080,4.011,NA,,,,,,
G,2025-04-05 16:30:41.721,timestamp date time: 2023-05-24; 15:30:45,Live observation,NA,0.0,1798.147,NA,NA,No focal subject,1798.018,panting,Not defined,STATE,1246.081,1257.566,11.485,NA,,,,,,
G,2025-04-05 16:30:41.721,timestamp date time: 2023-05-24; 15:30:45,Live observation,NA,0.0,1798.147,NA,NA,No focal subject,1798.018,stop panting,Not defined,STATE,1257.567,1259.818,2.251,NA,,,,,,
G,2025-04-05 16:30:41.721,timestamp date time: 2023-05-24; 15:30:45,Live observation,NA,0.0,1798.147,NA,NA,No focal subject,1798.018,out of sight,Not defined,STATE,1259.819,1262.421,2.602,NA,,,,,,
G,2025-04-05 16:30:41.721,timestamp date time: 2023-05-24; 15:30:45,Live observation,NA,0.0,1798.147,NA,NA,No focal subject,1798.018,panting,Not defined,STATE,1262.422,1273.735,11.313,NA,,,,,,
G,2025-04-05 16:30:41.721,timestamp date time: 2023-05-24; 15:30:45,Live observation,NA,0.0,1798.147,NA,NA,No focal subject,1798.018,stop panting,Not defined,STATE,1273.736,1282.530,8.794,NA,,,,,,
G,2025-04-05 16:30:41.721,timestamp date time: 2023-05-24; 15:30:45,Live observation,NA,0.0,1798.147,NA,NA,No focal subject,1798.018,panting,Not defined,STATE,1282.531,1328.111,45.580,NA,,,,,,
G,2025-04-05 16:30:41.721,timestamp date time: 2023-05-24; 15:30:45,Live observation,NA,0.0,1798.147,NA,NA,No focal subject,1798.018,out of sight,Not defined,STATE,1328.112,1347.403,19.291,NA,,,,,,
G,2025-04-05 16:30:41.721,timestamp date time: 2023-05-24; 15:30:45,Live observation,NA,0.0,1798.147,NA,NA,No focal subject,1798.018,panting,Not defined,STATE,1347.404,1363.044,15.640,NA,,,,,,
G,2025-04-05 16:30:41.721,timestamp date time: 2023-05-24; 15:30:45,Live observation,NA,0.0,1798.147,NA,NA,No focal subject,1798.018,out of sight,Not defined,STATE,1363.045,1369.180,6.135,NA,,,,,,
G,2025-04-05 16:30:41.721,timestamp date time: 2023-05-24; 15:30:45,Live observation,NA,0.0,1798.147,NA,NA,No focal subject,1798.018,panting,Not defined,STATE,1369.181,1469.020,99.839,NA,,,,,,
G,2025-04-05 16:30:41.721,timestamp date time: 2023-05-24; 15:30:45,Live observation,NA,0.0,1798.147,NA,NA,No focal subject,1798.018,out of sight,Not defined,STATE,1469.021,1478.555,9.534,NA,,,,,,
G,2025-04-05 16:30:41.721,timestamp date time: 2023-05-24; 15:30:45,Live observation,NA,0.0,1798.147,NA,NA,No focal subject,1798.018,panting,Not defined,STATE,1478.556,1502.978,24.422,NA,,,,,,
G,2025-04-05 16:30:41.721,timestamp date time: 2023-05-24; 15:30:45,Live observation,NA,0.0,1798.147,NA,NA,No focal subject,1798.018,out of sight,Not defined,STATE,1502.979,1505.816,2.837,NA,,,,,,
G,2025-04-05 16:30:41.721,timestamp date time: 2023-05-24; 15:30:45,Live observation,NA,0.0,1798.147,NA,NA,No focal subject,1798.018,panting,Not defined,STATE,1505.817,1535.242,29.425,NA,,,,,,
G,2025-04-05 16:30:41.721,timestamp date time: 2023-05-24; 15:30:45,Live observation,NA,0.0,1798.147,NA,NA,No focal subject,1798.018,out of sight,Not defined,STATE,1535.243,1546.632,11.389,NA,,,,,,
G,2025-04-05 16:30:41.721,timestamp date time: 2023-05-24; 15:30:45,Live observation,NA,0.0,1798.147,NA,NA,No focal subject,1798.018,stop panting,Not defined,STATE,1546.633,1547.217,0.584,NA,,,,,,
G,2025-04-05 16:30:41.721,timestamp date time: 2023-05-24; 15:30:45,Live observation,NA,0.0,1798.147,NA,NA,No focal subject,1798.018,panting,Not defined,STATE,1547.218,1547.982,0.764,NA,,,,,,
G,2025-04-05 16:30:41.721,timestamp date time: 2023-05-24; 15:30:45,Live observation,NA,0.0,1798.147,NA,NA,No focal subject,1798.018,out of sight,Not defined,STATE,1547.983,1567.871,19.888,NA,,,,,,
G,2025-04-05 16:30:41.721,timestamp date time: 2023-05-24; 15:30:45,Live observation,NA,0.0,1798.147,NA,NA,No focal subject,1798.018,stop panting,Not defined,STATE,1567.872,1568.446,0.574,NA,,,,,,
G,2025-04-05 16:30:41.721,timestamp date time: 2023-05-24; 15:30:45,Live observation,NA,0.0,1798.147,NA,NA,No focal subject,1798.018,panting,Not defined,STATE,1568.447,1571.762,3.315,NA,,,,,,
G,2025-04-05 16:30:41.721,timestamp date time: 2023-05-24; 15:30:45,Live observation,NA,0.0,1798.147,NA,NA,No focal subject,1798.018,out of sight,Not defined,STATE,1571.763,1579.544,7.781,NA,,,,,,
G,2025-04-05 16:30:41.721,timestamp date time: 2023-05-24; 15:30:45,Live observation,NA,0.0,1798.147,NA,NA,No focal subject,1798.018,panting,Not defined,STATE,1579.545,1585.697,6.152,NA,,,,,,
G,2025-04-05 16:30:41.721,timestamp date time: 2023-05-24; 15:30:45,Live observation,NA,0.0,1798.147,NA,NA,No focal subject,1798.018,out of sight,Not defined,STATE,1585.698,1601.740,16.042,NA,,,,,,
G,2025-04-05 16:30:41.721,timestamp date time: 2023-05-24; 15:30:45,Live observation,NA,0.0,1798.147,NA,NA,No focal subject,1798.018,panting,Not defined,STATE,1601.741,1632.575,30.834,NA,,,,,,
G,2025-04-05 16:30:41.721,timestamp date time: 2023-05-24; 15:30:45,Live observation,NA,0.0,1798.147,NA,NA,No focal subject,1798.018,out of sight,Not defined,STATE,1632.576,1635.313,2.737,NA,,,,,,
G,2025-04-05 16:30:41.721,timestamp date time: 2023-05-24; 15:30:45,Live observation,NA,0.0,1798.147,NA,NA,No focal subject,1798.018,stop panting,Not defined,STATE,1635.314,1656.254,20.940,NA,,,,,,
G,2025-04-05 16:30:41.721,timestamp date time: 2023-05-24; 15:30:45,Live observation,NA,0.0,1798.147,NA,NA,No focal subject,1798.018,panting,Not defined,STATE,1656.255,1659.378,3.123,NA,,,,,,
G,2025-04-05 16:30:41.721,timestamp date time: 2023-05-24; 15:30:45,Live observation,NA,0.0,1798.147,NA,NA,No focal subject,1798.018,out of sight,Not defined,STATE,1659.379,1680.499,21.120,NA,,,,,,
G,2025-04-05 16:30:41.721,timestamp date time: 2023-05-24; 15:30:45,Live observation,NA,0.0,1798.147,NA,NA,No focal subject,1798.018,panting,Not defined,STATE,1680.500,1694.958,14.458,NA,,,,,,
G,2025-04-05 16:30:41.721,timestamp date time: 2023-05-24; 15:30:45,Live observation,NA,0.0,1798.147,NA,NA,No focal subject,1798.018,out of sight,Not defined,STATE,1694.959,1697.578,2.619,NA,,,,,,
G,2025-04-05 16:30:41.721,timestamp date time: 2023-05-24; 15:30:45,Live observation,NA,0.0,1798.147,NA,NA,No focal subject,1798.018,panting,Not defined,STATE,1697.579,1751.425,53.846,NA,,,,,,
G,2025-04-05 16:30:41.721,timestamp date time: 2023-05-24; 15:30:45,Live observation,NA,0.0,1798.147,NA,NA,No focal subject,1798.018,out of sight,Not defined,STATE,1751.426,1786.367,34.941,NA,,,,,,
G,2025-04-05 16:30:41.721,timestamp date time: 2023-05-24; 15:30:45,Live observation,NA,0.0,1798.147,NA,NA,No focal subject,1798.018,stop panting,Not defined,STATE,1786.368,1799.756,13.388,NA,,,,,,
P,2025-04-05 17:37:49.700,timestamp date time: 2023-05-04; 14:05:19,Live observation,NA,0.0,1799.653,NA,NA,No focal subject,1789.013,stop panting,Not defined,STATE,1.461,78.596,77.135,NA,,,,,,
P,2025-04-05 17:37:49.700,timestamp date time: 2023-05-04; 14:05:19,Live observation,NA,0.0,1799.653,NA,NA,No focal subject,1789.013,out of sight,Not defined,STATE,78.597,97.428,18.831,NA,,,,,,
P,2025-04-05 17:37:49.700,timestamp date time: 2023-05-04; 14:05:19,Live observation,NA,0.0,1799.653,NA,NA,No focal subject,1789.013,stop panting,Not defined,STATE,97.429,98.357,0.928,NA,,,,,,
P,2025-04-05 17:37:49.700,timestamp date time: 2023-05-04; 14:05:19,Live observation,NA,0.0,1799.653,NA,NA,No focal subject,1789.013,panting,Not defined,STATE,98.358,123.886,25.528,NA,,,,,,
P,2025-04-05 17:37:49.700,timestamp date time: 2023-05-04; 14:05:19,Live observation,NA,0.0,1799.653,NA,NA,No focal subject,1789.013,out of sight,Not defined,STATE,123.887,128.753,4.866,NA,,,,,,
P,2025-04-05 17:37:49.700,timestamp date time: 2023-05-04; 14:05:19,Live observation,NA,0.0,1799.653,NA,NA,No focal subject,1789.013,stop panting,Not defined,STATE,128.754,149.651,20.897,NA,,,,,,
P,2025-04-05 17:37:49.700,timestamp date time: 2023-05-04; 14:05:19,Live observation,NA,0.0,1799.653,NA,NA,No focal subject,1789.013,panting,Not defined,STATE,149.652,177.499,27.847,NA,,,,,,
P,2025-04-05 17:37:49.700,timestamp date time: 2023-05-04; 14:05:19,Live observation,NA,0.0,1799.653,NA,NA,No focal subject,1789.013,out of sight,Not defined,STATE,177.500,183.135,5.635,NA,,,,,,
P,2025-04-05 17:37:49.700,timestamp date time: 2023-05-04; 14:05:19,Live observation,NA,0.0,1799.653,NA,NA,No focal subject,1789.013,panting,Not defined,STATE,183.136,202.850,19.714,NA,,,,,,
P,2025-04-05 17:37:49.700,timestamp date time: 2023-05-04; 14:05:19,Live observation,NA,0.0,1799.653,NA,NA,No focal subject,1789.013,stop panting,Not defined,STATE,202.851,208.895,6.044,NA,,,,,,
P,2025-04-05 17:37:49.700,timestamp date time: 2023-05-04; 14:05:19,Live observation,NA,0.0,1799.653,NA,NA,No focal subject,1789.013,out of sight,Not defined,STATE,208.896,226.616,17.720,NA,,,,,,
P,2025-04-05 17:37:49.700,timestamp date time: 2023-05-04; 14:05:19,Live observation,NA,0.0,1799.653,NA,NA,No focal subject,1789.013,stop panting,Not defined,STATE,226.617,227.368,0.751,NA,,,,,,
P,2025-04-05 17:37:49.700,timestamp date time: 2023-05-04; 14:05:19,Live observation,NA,0.0,1799.653,NA,NA,No focal subject,1789.013,panting,Not defined,STATE,227.369,231.378,4.009,NA,,,,,,
P,2025-04-05 17:37:49.700,timestamp date time: 2023-05-04; 14:05:19,Live observation,NA,0.0,1799.653,NA,NA,No focal subject,1789.013,out of sight,Not defined,STATE,231.379,246.307,14.928,NA,,,,,,
P,2025-04-05 17:37:49.700,timestamp date time: 2023-05-04; 14:05:19,Live observation,NA,0.0,1799.653,NA,NA,No focal subject,1789.013,panting,Not defined,STATE,246.308,256.786,10.478,NA,,,,,,
P,2025-04-05 17:37:49.700,timestamp date time: 2023-05-04; 14:05:19,Live observation,NA,0.0,1799.653,NA,NA,No focal subject,1789.013,out of sight,Not defined,STATE,256.787,262.061,5.274,NA,,,,,,
P,2025-04-05 17:37:49.700,timestamp date time: 2023-05-04; 14:05:19,Live observation,NA,0.0,1799.653,NA,NA,No focal subject,1789.013,panting,Not defined,STATE,262.062,279.994,17.932,NA,,,,,,
P,2025-04-05 17:37:49.700,timestamp date time: 2023-05-04; 14:05:19,Live observation,NA,0.0,1799.653,NA,NA,No focal subject,1789.013,out of sight,Not defined,STATE,279.995,287.255,7.260,NA,,,,,,
P,2025-04-05 17:37:49.700,timestamp date time: 2023-05-04; 14:05:19,Live observation,NA,0.0,1799.653,NA,NA,No focal subject,1789.013,panting,Not defined,STATE,287.256,296.498,9.242,NA,,,,,,
P,2025-04-05 17:37:49.700,timestamp date time: 2023-05-04; 14:05:19,Live observation,NA,0.0,1799.653,NA,NA,No focal subject,1789.013,out of sight,Not defined,STATE,296.499,299.812,3.313,NA,,,,,,
P,2025-04-05 17:37:49.700,timestamp date time: 2023-05-04; 14:05:19,Live observation,NA,0.0,1799.653,NA,NA,No focal subject,1789.013,panting,Not defined,STATE,299.813,316.509,16.696,NA,,,,,,
P,2025-04-05 17:37:49.700,timestamp date time: 2023-05-04; 14:05:19,Live observation,NA,0.0,1799.653,NA,NA,No focal subject,1789.013,out of sight,Not defined,STATE,316.510,321.975,5.465,NA,,,,,,
P,2025-04-05 17:37:49.700,timestamp date time: 2023-05-04; 14:05:19,Live observation,NA,0.0,1799.653,NA,NA,No focal subject,1789.013,panting,Not defined,STATE,321.976,329.116,7.140,NA,,,,,,
P,2025-04-05 17:37:49.700,timestamp date time: 2023-05-04; 14:05:19,Live observation,NA,0.0,1799.653,NA,NA,No focal subject,1789.013,out of sight,Not defined,STATE,329.117,351.693,22.576,NA,,,,,,
P,2025-04-05 17:37:49.700,timestamp date time: 2023-05-04; 14:05:19,Live observation,NA,0.0,1799.653,NA,NA,No focal subject,1789.013,panting,Not defined,STATE,351.694,355.354,3.660,NA,,,,,,
P,2025-04-05 17:37:49.700,timestamp date time: 2023-05-04; 14:05:19,Live observation,NA,0.0,1799.653,NA,NA,No focal subject,1789.013,out of sight,Not defined,STATE,355.355,366.515,11.160,NA,,,,,,
P,2025-04-05 17:37:49.700,timestamp date time: 2023-05-04; 14:05:19,Live observation,NA,0.0,1799.653,NA,NA,No focal subject,1789.013,stop panting,Not defined,STATE,366.516,368.301,1.785,NA,,,,,,
P,2025-04-05 17:37:49.700,timestamp date time: 2023-05-04; 14:05:19,Live observation,NA,0.0,1799.653,NA,NA,No focal subject,1789.013,out of sight,Not defined,STATE,368.302,373.188,4.886,NA,,,,,,
P,2025-04-05 17:37:49.700,timestamp date time: 2023-05-04; 14:05:19,Live observation,NA,0.0,1799.653,NA,NA,No focal subject,1789.013,stop panting,Not defined,STATE,373.189,376.270,3.081,NA,,,,,,
P,2025-04-05 17:37:49.700,timestamp date time: 2023-05-04; 14:05:19,Live observation,NA,0.0,1799.653,NA,NA,No focal subject,1789.013,out of sight,Not defined,STATE,376.271,389.618,13.347,NA,,,,,,
P,2025-04-05 17:37:49.700,timestamp date time: 2023-05-04; 14:05:19,Live observation,NA,0.0,1799.653,NA,NA,No focal subject,1789.013,stop panting,Not defined,STATE,389.619,394.709,5.090,NA,,,,,,
P,2025-04-05 17:37:49.700,timestamp date time: 2023-05-04; 14:05:19,Live observation,NA,0.0,1799.653,NA,NA,No focal subject,1789.013,out of sight,Not defined,STATE,394.710,401.762,7.052,NA,,,,,,
P,2025-04-05 17:37:49.700,timestamp date time: 2023-05-04; 14:05:19,Live observation,NA,0.0,1799.653,NA,NA,No focal subject,1789.013,stop panting,Not defined,STATE,401.763,402.904,1.141,NA,,,,,,
P,2025-04-05 17:37:49.700,timestamp date time: 2023-05-04; 14:05:19,Live observation,NA,0.0,1799.653,NA,NA,No focal subject,1789.013,panting,Not defined,STATE,402.905,406.251,3.346,NA,,,,,,
P,2025-04-05 17:37:49.700,timestamp date time: 2023-05-04; 14:05:19,Live observation,NA,0.0,1799.653,NA,NA,No focal subject,1789.013,out of sight,Not defined,STATE,406.252,409.566,3.314,NA,,,,,,
P,2025-04-05 17:37:49.700,timestamp date time: 2023-05-04; 14:05:19,Live observation,NA,0.0,1799.653,NA,NA,No focal subject,1789.013,panting,Not defined,STATE,409.567,415.660,6.093,NA,,,,,,
P,2025-04-05 17:37:49.700,timestamp date time: 2023-05-04; 14:05:19,Live observation,NA,0.0,1799.653,NA,NA,No focal subject,1789.013,out of sight,Not defined,STATE,415.661,424.408,8.747,NA,,,,,,
P,2025-04-05 17:37:49.700,timestamp date time: 2023-05-04; 14:05:19,Live observation,NA,0.0,1799.653,NA,NA,No focal subject,1789.013,stop panting,Not defined,STATE,424.409,458.647,34.238,NA,,,,,,
P,2025-04-05 17:37:49.700,timestamp date time: 2023-05-04; 14:05:19,Live observation,NA,0.0,1799.653,NA,NA,No focal subject,1789.013,panting,Not defined,STATE,458.648,471.587,12.939,NA,,,,,,
P,2025-04-05 17:37:49.700,timestamp date time: 2023-05-04; 14:05:19,Live observation,NA,0.0,1799.653,NA,NA,No focal subject,1789.013,out of sight,Not defined,STATE,471.588,474.258,2.670,NA,,,,,,
P,2025-04-05 17:37:49.700,timestamp date time: 2023-05-04; 14:05:19,Live observation,NA,0.0,1799.653,NA,NA,No focal subject,1789.013,panting,Not defined,STATE,474.259,481.525,7.266,NA,,,,,,
P,2025-04-05 17:37:49.700,timestamp date time: 2023-05-04; 14:05:19,Live observation,NA,0.0,1799.653,NA,NA,No focal subject,1789.013,out of sight,Not defined,STATE,481.526,500.726,19.200,NA,,,,,,
P,2025-04-05 17:37:49.700,timestamp date time: 2023-05-04; 14:05:19,Live observation,NA,0.0,1799.653,NA,NA,No focal subject,1789.013,stop panting,Not defined,STATE,500.727,502.840,2.113,NA,,,,,,
P,2025-04-05 17:37:49.700,timestamp date time: 2023-05-04; 14:05:19,Live observation,NA,0.0,1799.653,NA,NA,No focal subject,1789.013,panting,Not defined,STATE,502.841,504.593,1.752,NA,,,,,,
P,2025-04-05 17:37:49.700,timestamp date time: 2023-05-04; 14:05:19,Live observation,NA,0.0,1799.653,NA,NA,No focal subject,1789.013,out of sight,Not defined,STATE,504.594,518.543,13.949,NA,,,,,,
P,2025-04-05 17:37:49.700,timestamp date time: 2023-05-04; 14:05:19,Live observation,NA,0.0,1799.653,NA,NA,No focal subject,1789.013,stop panting,Not defined,STATE,518.544,519.470,0.926,NA,,,,,,
P,2025-04-05 17:37:49.700,timestamp date time: 2023-05-04; 14:05:19,Live observation,NA,0.0,1799.653,NA,NA,No focal subject,1789.013,panting,Not defined,STATE,519.471,545.548,26.077,NA,,,,,,
P,2025-04-05 17:37:49.700,timestamp date time: 2023-05-04; 14:05:19,Live observation,NA,0.0,1799.653,NA,NA,No focal subject,1789.013,out of sight,Not defined,STATE,545.549,563.028,17.479,NA,,,,,,
P,2025-04-05 17:37:49.700,timestamp date time: 2023-05-04; 14:05:19,Live observation,NA,0.0,1799.653,NA,NA,No focal subject,1789.013,panting,Not defined,STATE,563.029,586.489,23.460,NA,,,,,,
P,2025-04-05 17:37:49.700,timestamp date time: 2023-05-04; 14:05:19,Live observation,NA,0.0,1799.653,NA,NA,No focal subject,1789.013,out of sight,Not defined,STATE,586.490,601.502,15.012,NA,,,,,,
P,2025-04-05 17:37:49.700,timestamp date time: 2023-05-04; 14:05:19,Live observation,NA,0.0,1799.653,NA,NA,No focal subject,1789.013,stop panting,Not defined,STATE,601.503,603.013,1.510,NA,,,,,,
P,2025-04-05 17:37:49.700,timestamp date time: 2023-05-04; 14:05:19,Live observation,NA,0.0,1799.653,NA,NA,No focal subject,1789.013,panting,Not defined,STATE,603.014,652.306,49.292,NA,,,,,,
P,2025-04-05 17:37:49.700,timestamp date time: 2023-05-04; 14:05:19,Live observation,NA,0.0,1799.653,NA,NA,No focal subject,1789.013,stop panting,Not defined,STATE,652.307,652.995,0.688,NA,,,,,,
P,2025-04-05 17:37:49.700,timestamp date time: 2023-05-04; 14:05:19,Live observation,NA,0.0,1799.653,NA,NA,No focal subject,1789.013,panting,Not defined,STATE,652.996,666.639,13.643,NA,,,,,,
P,2025-04-05 17:37:49.700,timestamp date time: 2023-05-04; 14:05:19,Live observation,NA,0.0,1799.653,NA,NA,No focal subject,1789.013,out of sight,Not defined,STATE,666.640,674.514,7.874,NA,,,,,,
P,2025-04-05 17:37:49.700,timestamp date time: 2023-05-04; 14:05:19,Live observation,NA,0.0,1799.653,NA,NA,No focal subject,1789.013,panting,Not defined,STATE,674.515,719.735,45.220,NA,,,,,,
P,2025-04-05 17:37:49.700,timestamp date time: 2023-05-04; 14:05:19,Live observation,NA,0.0,1799.653,NA,NA,No focal subject,1789.013,out of sight,Not defined,STATE,719.736,755.912,36.176,NA,,,,,,
P,2025-04-05 17:37:49.700,timestamp date time: 2023-05-04; 14:05:19,Live observation,NA,0.0,1799.653,NA,NA,No focal subject,1789.013,stop panting,Not defined,STATE,755.913,777.780,21.867,NA,,,,,,
P,2025-04-05 17:37:49.700,timestamp date time: 2023-05-04; 14:05:19,Live observation,NA,0.0,1799.653,NA,NA,No focal subject,1789.013,panting,Not defined,STATE,777.781,824.363,46.582,NA,,,,,,
P,2025-04-05 17:37:49.700,timestamp date time: 2023-05-04; 14:05:19,Live observation,NA,0.0,1799.653,NA,NA,No focal subject,1789.013,out of sight,Not defined,STATE,824.364,842.168,17.804,NA,,,,,,
P,2025-04-05 17:37:49.700,timestamp date time: 2023-05-04; 14:05:19,Live observation,NA,0.0,1799.653,NA,NA,No focal subject,1789.013,panting,Not defined,STATE,842.169,887.428,45.259,NA,,,,,,
P,2025-04-05 17:37:49.700,timestamp date time: 2023-05-04; 14:05:19,Live observation,NA,0.0,1799.653,NA,NA,No focal subject,1789.013,stop panting,Not defined,STATE,887.429,904.178,16.749,NA,,,,,,
P,2025-04-05 17:37:49.700,timestamp date time: 2023-05-04; 14:05:19,Live observation,NA,0.0,1799.653,NA,NA,No focal subject,1789.013,panting,Not defined,STATE,904.179,944.549,40.370,NA,,,,,,
P,2025-04-05 17:37:49.700,timestamp date time: 2023-05-04; 14:05:19,Live observation,NA,0.0,1799.653,NA,NA,No focal subject,1789.013,out of sight,Not defined,STATE,944.550,959.320,14.770,NA,,,,,,
P,2025-04-05 17:37:49.700,timestamp date time: 2023-05-04; 14:05:19,Live observation,NA,0.0,1799.653,NA,NA,No focal subject,1789.013,panting,Not defined,STATE,959.321,1034.773,75.452,NA,,,,,,
P,2025-04-05 17:37:49.700,timestamp date time: 2023-05-04; 14:05:19,Live observation,NA,0.0,1799.653,NA,NA,No focal subject,1789.013,stop panting,Not defined,STATE,1034.774,1037.066,2.292,NA,,,,,,
P,2025-04-05 17:37:49.700,timestamp date time: 2023-05-04; 14:05:19,Live observation,NA,0.0,1799.653,NA,NA,No focal subject,1789.013,panting,Not defined,STATE,1037.067,1067.921,30.854,NA,,,,,,
P,2025-04-05 17:37:49.700,timestamp date time: 2023-05-04; 14:05:19,Live observation,NA,0.0,1799.653,NA,NA,No focal subject,1789.013,out of sight,Not defined,STATE,1067.922,1088.188,20.266,NA,,,,,,
P,2025-04-05 17:37:49.700,timestamp date time: 2023-05-04; 14:05:19,Live observation,NA,0.0,1799.653,NA,NA,No focal subject,1789.013,panting,Not defined,STATE,1088.189,1187.138,98.949,NA,,,,,,
P,2025-04-05 17:37:49.700,timestamp date time: 2023-05-04; 14:05:19,Live observation,NA,0.0,1799.653,NA,NA,No focal subject,1789.013,out of sight,Not defined,STATE,1187.139,1199.216,12.077,NA,,,,,,
P,2025-04-05 17:37:49.700,timestamp date time: 2023-05-04; 14:05:19,Live observation,NA,0.0,1799.653,NA,NA,No focal subject,1789.013,panting,Not defined,STATE,1199.217,1257.369,58.152,NA,,,,,,
P,2025-04-05 17:37:49.700,timestamp date time: 2023-05-04; 14:05:19,Live observation,NA,0.0,1799.653,NA,NA,No focal subject,1789.013,stop panting,Not defined,STATE,1257.370,1258.137,0.767,NA,,,,,,
P,2025-04-05 17:37:49.700,timestamp date time: 2023-05-04; 14:05:19,Live observation,NA,0.0,1799.653,NA,NA,No focal subject,1789.013,panting,Not defined,STATE,1258.138,1267.963,9.825,NA,,,,,,
P,2025-04-05 17:37:49.700,timestamp date time: 2023-05-04; 14:05:19,Live observation,NA,0.0,1799.653,NA,NA,No focal subject,1789.013,out of sight,Not defined,STATE,1267.964,1283.811,15.847,NA,,,,,,
P,2025-04-05 17:37:49.700,timestamp date time: 2023-05-04; 14:05:19,Live observation,NA,0.0,1799.653,NA,NA,No focal subject,1789.013,stop panting,Not defined,STATE,1283.812,1291.449,7.637,NA,,,,,,
P,2025-04-05 17:37:49.700,timestamp date time: 2023-05-04; 14:05:19,Live observation,NA,0.0,1799.653,NA,NA,No focal subject,1789.013,panting,Not defined,STATE,1291.450,1307.901,16.451,NA,,,,,,
P,2025-04-05 17:37:49.700,timestamp date time: 2023-05-04; 14:05:19,Live observation,NA,0.0,1799.653,NA,NA,No focal subject,1789.013,out of sight,Not defined,STATE,1307.902,1351.313,43.411,NA,,,,,,
P,2025-04-05 17:37:49.700,timestamp date time: 2023-05-04; 14:05:19,Live observation,NA,0.0,1799.653,NA,NA,No focal subject,1789.013,stop panting,Not defined,STATE,1351.314,1358.892,7.578,NA,,,,,,
P,2025-04-05 17:37:49.700,timestamp date time: 2023-05-04; 14:05:19,Live observation,NA,0.0,1799.653,NA,NA,No focal subject,1789.013,out of sight,Not defined,STATE,1358.893,1389.911,31.018,NA,,,,,,
P,2025-04-05 17:37:49.700,timestamp date time: 2023-05-04; 14:05:19,Live observation,NA,0.0,1799.653,NA,NA,No focal subject,1789.013,stop panting,Not defined,STATE,1389.912,1403.084,13.172,NA,,,,,,
P,2025-04-05 17:37:49.700,timestamp date time: 2023-05-04; 14:05:19,Live observation,NA,0.0,1799.653,NA,NA,No focal subject,1789.013,out of sight,Not defined,STATE,1403.085,1405.444,2.359,NA,,,,,,
P,2025-04-05 17:37:49.700,timestamp date time: 2023-05-04; 14:05:19,Live observation,NA,0.0,1799.653,NA,NA,No focal subject,1789.013,stop panting,Not defined,STATE,1405.445,1421.391,15.946,NA,,,,,,
P,2025-04-05 17:37:49.700,timestamp date time: 2023-05-04; 14:05:19,Live observation,NA,0.0,1799.653,NA,NA,No focal subject,1789.013,out of sight,Not defined,STATE,1421.392,1469.264,47.872,NA,,,,,,
P,2025-04-05 17:37:49.700,timestamp date time: 2023-05-04; 14:05:19,Live observation,NA,0.0,1799.653,NA,NA,No focal subject,1789.013,stop panting,Not defined,STATE,1469.265,1469.588,0.323,NA,,,,,,
P,2025-04-05 17:37:49.700,timestamp date time: 2023-05-04; 14:05:19,Live observation,NA,0.0,1799.653,NA,NA,No focal subject,1789.013,panting,Not defined,STATE,1469.589,1510.898,41.309,NA,,,,,,
P,2025-04-05 17:37:49.700,timestamp date time: 2023-05-04; 14:05:19,Live observation,NA,0.0,1799.653,NA,NA,No focal subject,1789.013,stop panting,Not defined,STATE,1510.899,1515.512,4.613,NA,,,,,,
P,2025-04-05 17:37:49.700,timestamp date time: 2023-05-04; 14:05:19,Live observation,NA,0.0,1799.653,NA,NA,No focal subject,1789.013,panting,Not defined,STATE,1515.513,1544.507,28.994,NA,,,,,,
P,2025-04-05 17:37:49.700,timestamp date time: 2023-05-04; 14:05:19,Live observation,NA,0.0,1799.653,NA,NA,No focal subject,1789.013,out of sight,Not defined,STATE,1544.508,1560.110,15.602,NA,,,,,,
P,2025-04-05 17:37:49.700,timestamp date time: 2023-05-04; 14:05:19,Live observation,NA,0.0,1799.653,NA,NA,No focal subject,1789.013,panting,Not defined,STATE,1560.111,1607.281,47.170,NA,,,,,,
P,2025-04-05 17:37:49.700,timestamp date time: 2023-05-04; 14:05:19,Live observation,NA,0.0,1799.653,NA,NA,No focal subject,1789.013,out of sight,Not defined,STATE,1607.282,1610.266,2.984,NA,,,,,,
P,2025-04-05 17:37:49.700,timestamp date time: 2023-05-04; 14:05:19,Live observation,NA,0.0,1799.653,NA,NA,No focal subject,1789.013,stop panting,Not defined,STATE,1610.267,1615.350,5.083,NA,,,,,,
P,2025-04-05 17:37:49.700,timestamp date time: 2023-05-04; 14:05:19,Live observation,NA,0.0,1799.653,NA,NA,No focal subject,1789.013,out of sight,Not defined,STATE,1615.351,1624.158,8.807,NA,,,,,,
P,2025-04-05 17:37:49.700,timestamp date time: 2023-05-04; 14:05:19,Live observation,NA,0.0,1799.653,NA,NA,No focal subject,1789.013,stop panting,Not defined,STATE,1624.159,1629.839,5.680,NA,,,,,,
P,2025-04-05 17:37:49.700,timestamp date time: 2023-05-04; 14:05:19,Live observation,NA,0.0,1799.653,NA,NA,No focal subject,1789.013,out of sight,Not defined,STATE,1629.840,1631.184,1.344,NA,,,,,,
P,2025-04-05 17:37:49.700,timestamp date time: 2023-05-04; 14:05:19,Live observation,NA,0.0,1799.653,NA,NA,No focal subject,1789.013,stop panting,Not defined,STATE,1631.185,1635.417,4.232,NA,,,,,,
P,2025-04-05 17:37:49.700,timestamp date time: 2023-05-04; 14:05:19,Live observation,NA,0.0,1799.653,NA,NA,No focal subject,1789.013,out of sight,Not defined,STATE,1635.418,1637.902,2.484,NA,,,,,,
P,2025-04-05 17:37:49.700,timestamp date time: 2023-05-04; 14:05:19,Live observation,NA,0.0,1799.653,NA,NA,No focal subject,1789.013,stop panting,Not defined,STATE,1637.903,1648.368,10.465,NA,,,,,,
P,2025-04-05 17:37:49.700,timestamp date time: 2023-05-04; 14:05:19,Live observation,NA,0.0,1799.653,NA,NA,No focal subject,1789.013,out of sight,Not defined,STATE,1648.369,1653.337,4.968,NA,,,,,,
P,2025-04-05 17:37:49.700,timestamp date time: 2023-05-04; 14:05:19,Live observation,NA,0.0,1799.653,NA,NA,No focal subject,1789.013,out of sight,Not defined,STATE,1660.879,1680.396,19.517,NA,,,,,,
P,2025-04-05 17:37:49.700,timestamp date time: 2023-05-04; 14:05:19,Live observation,NA,0.0,1799.653,NA,NA,No focal subject,1789.013,stop panting,Not defined,STATE,1681.291,1682.582,1.291,NA,,,,,,
P,2025-04-05 17:37:49.700,timestamp date time: 2023-05-04; 14:05:19,Live observation,NA,0.0,1799.653,NA,NA,No focal subject,1789.013,out of sight,Not defined,STATE,1682.583,1687.890,5.307,NA,,,,,,
P,2025-04-05 17:37:49.700,timestamp date time: 2023-05-04; 14:05:19,Live observation,NA,0.0,1799.653,NA,NA,No focal subject,1789.013,stop panting,Not defined,STATE,1687.891,1689.144,1.253,NA,,,,,,
P,2025-04-05 17:37:49.700,timestamp date time: 2023-05-04; 14:05:19,Live observation,NA,0.0,1799.653,NA,NA,No focal subject,1789.013,out of sight,Not defined,STATE,1689.145,1696.916,7.771,NA,,,,,,
P,2025-04-05 17:37:49.700,timestamp date time: 2023-05-04; 14:05:19,Live observation,NA,0.0,1799.653,NA,NA,No focal subject,1789.013,stop panting,Not defined,STATE,1696.917,1698.694,1.777,NA,,,,,,
P,2025-04-05 17:37:49.700,timestamp date time: 2023-05-04; 14:05:19,Live observation,NA,0.0,1799.653,NA,NA,No focal subject,1789.013,out of sight,Not defined,STATE,1698.695,1699.489,0.794,NA,,,,,,
P,2025-04-05 17:37:49.700,timestamp date time: 2023-05-04; 14:05:19,Live observation,NA,0.0,1799.653,NA,NA,No focal subject,1789.013,out of sight,Not defined,STATE,1701.582,1714.758,13.176,NA,,,,,,
P,2025-04-05 17:37:49.700,timestamp date time: 2023-05-04; 14:05:19,Live observation,NA,0.0,1799.653,NA,NA,No focal subject,1789.013,panting,Not defined,STATE,1714.759,1717.512,2.753,NA,,,,,,
P,2025-04-05 17:37:49.700,timestamp date time: 2023-05-04; 14:05:19,Live observation,NA,0.0,1799.653,NA,NA,No focal subject,1789.013,out of sight,Not defined,STATE,1717.513,1722.605,5.092,NA,,,,,,
P,2025-04-05 17:37:49.700,timestamp date time: 2023-05-04; 14:05:19,Live observation,NA,0.0,1799.653,NA,NA,No focal subject,1789.013,panting,Not defined,STATE,1722.606,1728.464,5.858,NA,,,,,,
P,2025-04-05 17:37:49.700,timestamp date time: 2023-05-04; 14:05:19,Live observation,NA,0.0,1799.653,NA,NA,No focal subject,1789.013,out of sight,Not defined,STATE,1728.465,1761.273,32.808,NA,,,,,,
P,2025-04-05 17:37:49.700,timestamp date time: 2023-05-04; 14:05:19,Live observation,NA,0.0,1799.653,NA,NA,No focal subject,1789.013,panting,Not defined,STATE,1761.274,1775.092,13.818,NA,,,,,,
P,2025-04-05 17:37:49.700,timestamp date time: 2023-05-04; 14:05:19,Live observation,NA,0.0,1799.653,NA,NA,No focal subject,1789.013,stop panting,Not defined,STATE,1775.093,1786.174,11.081,NA,,,,,,
P,2025-04-05 17:37:49.700,timestamp date time: 2023-05-04; 14:05:19,Live observation,NA,0.0,1799.653,NA,NA,No focal subject,1789.013,out of sight,Not defined,STATE,1786.175,1799.460,13.285,NA,,,,,,
P,2025-04-05 17:37:49.700,timestamp date time: 2023-05-04; 14:05:19,Live observation,NA,0.0,1799.653,NA,NA,No focal subject,1789.013,stop panting,Not defined,STATE,1799.461,1801.114,1.653,NA,,,,,,
Q,2025-04-05 22:07:44.116,timestamp date time: 2023-04-23; 14:48:38,Live observation,NA,0.0,1797.983,NA,NA,No focal subject,1797.899,stop panting,Not defined,STATE,1.875,17.161,15.286,NA,,,,,,
Q,2025-04-05 22:07:44.116,timestamp date time: 2023-04-23; 14:48:38,Live observation,NA,0.0,1797.983,NA,NA,No focal subject,1797.899,out of sight,Not defined,STATE,17.162,19.170,2.008,NA,,,,,,
Q,2025-04-05 22:07:44.116,timestamp date time: 2023-04-23; 14:48:38,Live observation,NA,0.0,1797.983,NA,NA,No focal subject,1797.899,stop panting,Not defined,STATE,19.171,30.712,11.541,NA,,,,,,
Q,2025-04-05 22:07:44.116,timestamp date time: 2023-04-23; 14:48:38,Live observation,NA,0.0,1797.983,NA,NA,No focal subject,1797.899,out of sight,Not defined,STATE,30.713,32.829,2.116,NA,,,,,,
Q,2025-04-05 22:07:44.116,timestamp date time: 2023-04-23; 14:48:38,Live observation,NA,0.0,1797.983,NA,NA,No focal subject,1797.899,stop panting,Not defined,STATE,32.830,61.341,28.511,NA,,,,,,
Q,2025-04-05 22:07:44.116,timestamp date time: 2023-04-23; 14:48:38,Live observation,NA,0.0,1797.983,NA,NA,No focal subject,1797.899,out of sight,Not defined,STATE,61.342,74.653,13.311,NA,,,,,,
Q,2025-04-05 22:07:44.116,timestamp date time: 2023-04-23; 14:48:38,Live observation,NA,0.0,1797.983,NA,NA,No focal subject,1797.899,stop panting,Not defined,STATE,74.654,150.308,75.654,NA,,,,,,
Q,2025-04-05 22:07:44.116,timestamp date time: 2023-04-23; 14:48:38,Live observation,NA,0.0,1797.983,NA,NA,No focal subject,1797.899,out of sight,Not defined,STATE,150.309,164.995,14.686,NA,,,,,,
Q,2025-04-05 22:07:44.116,timestamp date time: 2023-04-23; 14:48:38,Live observation,NA,0.0,1797.983,NA,NA,No focal subject,1797.899,stop panting,Not defined,STATE,164.996,239.219,74.223,NA,,,,,,
Q,2025-04-05 22:07:44.116,timestamp date time: 2023-04-23; 14:48:38,Live observation,NA,0.0,1797.983,NA,NA,No focal subject,1797.899,out of sight,Not defined,STATE,239.220,260.083,20.863,NA,,,,,,
Q,2025-04-05 22:07:44.116,timestamp date time: 2023-04-23; 14:48:38,Live observation,NA,0.0,1797.983,NA,NA,No focal subject,1797.899,stop panting,Not defined,STATE,260.084,290.977,30.893,NA,,,,,,
Q,2025-04-05 22:07:44.116,timestamp date time: 2023-04-23; 14:48:38,Live observation,NA,0.0,1797.983,NA,NA,No focal subject,1797.899,out of sight,Not defined,STATE,290.978,293.174,2.196,NA,,,,,,
Q,2025-04-05 22:07:44.116,timestamp date time: 2023-04-23; 14:48:38,Live observation,NA,0.0,1797.983,NA,NA,No focal subject,1797.899,stop panting,Not defined,STATE,293.175,329.619,36.444,NA,,,,,,
Q,2025-04-05 22:07:44.116,timestamp date time: 2023-04-23; 14:48:38,Live observation,NA,0.0,1797.983,NA,NA,No focal subject,1797.899,out of sight,Not defined,STATE,329.620,343.504,13.884,NA,,,,,,
Q,2025-04-05 22:07:44.116,timestamp date time: 2023-04-23; 14:48:38,Live observation,NA,0.0,1797.983,NA,NA,No focal subject,1797.899,stop panting,Not defined,STATE,343.505,420.158,76.653,NA,,,,,,
Q,2025-04-05 22:07:44.116,timestamp date time: 2023-04-23; 14:48:38,Live observation,NA,0.0,1797.983,NA,NA,No focal subject,1797.899,out of sight,Not defined,STATE,420.159,435.787,15.628,NA,,,,,,
Q,2025-04-05 22:07:44.116,timestamp date time: 2023-04-23; 14:48:38,Live observation,NA,0.0,1797.983,NA,NA,No focal subject,1797.899,stop panting,Not defined,STATE,435.788,490.685,54.897,NA,,,,,,
Q,2025-04-05 22:07:44.116,timestamp date time: 2023-04-23; 14:48:38,Live observation,NA,0.0,1797.983,NA,NA,No focal subject,1797.899,out of sight,Not defined,STATE,490.686,498.192,7.506,NA,,,,,,
Q,2025-04-05 22:07:44.116,timestamp date time: 2023-04-23; 14:48:38,Live observation,NA,0.0,1797.983,NA,NA,No focal subject,1797.899,stop panting,Not defined,STATE,498.193,509.807,11.614,NA,,,,,,
Q,2025-04-05 22:07:44.116,timestamp date time: 2023-04-23; 14:48:38,Live observation,NA,0.0,1797.983,NA,NA,No focal subject,1797.899,out of sight,Not defined,STATE,509.808,536.861,27.053,NA,,,,,,
Q,2025-04-05 22:07:44.116,timestamp date time: 2023-04-23; 14:48:38,Live observation,NA,0.0,1797.983,NA,NA,No focal subject,1797.899,stop panting,Not defined,STATE,536.862,559.926,23.064,NA,,,,,,
Q,2025-04-05 22:07:44.116,timestamp date time: 2023-04-23; 14:48:38,Live observation,NA,0.0,1797.983,NA,NA,No focal subject,1797.899,out of sight,Not defined,STATE,559.927,569.868,9.941,NA,,,,,,
Q,2025-04-05 22:07:44.116,timestamp date time: 2023-04-23; 14:48:38,Live observation,NA,0.0,1797.983,NA,NA,No focal subject,1797.899,stop panting,Not defined,STATE,569.869,572.300,2.431,NA,,,,,,
Q,2025-04-05 22:07:44.116,timestamp date time: 2023-04-23; 14:48:38,Live observation,NA,0.0,1797.983,NA,NA,No focal subject,1797.899,out of sight,Not defined,STATE,572.301,573.198,0.897,NA,,,,,,
Q,2025-04-05 22:07:44.116,timestamp date time: 2023-04-23; 14:48:38,Live observation,NA,0.0,1797.983,NA,NA,No focal subject,1797.899,stop panting,Not defined,STATE,573.199,581.572,8.373,NA,,,,,,
Q,2025-04-05 22:07:44.116,timestamp date time: 2023-04-23; 14:48:38,Live observation,NA,0.0,1797.983,NA,NA,No focal subject,1797.899,out of sight,Not defined,STATE,581.573,585.045,3.472,NA,,,,,,
Q,2025-04-05 22:07:44.116,timestamp date time: 2023-04-23; 14:48:38,Live observation,NA,0.0,1797.983,NA,NA,No focal subject,1797.899,stop panting,Not defined,STATE,585.046,600.774,15.728,NA,,,,,,
Q,2025-04-05 22:07:44.116,timestamp date time: 2023-04-23; 14:48:38,Live observation,NA,0.0,1797.983,NA,NA,No focal subject,1797.899,out of sight,Not defined,STATE,600.775,614.446,13.671,NA,,,,,,
Q,2025-04-05 22:07:44.116,timestamp date time: 2023-04-23; 14:48:38,Live observation,NA,0.0,1797.983,NA,NA,No focal subject,1797.899,stop panting,Not defined,STATE,614.447,669.716,55.269,NA,,,,,,
Q,2025-04-05 22:07:44.116,timestamp date time: 2023-04-23; 14:48:38,Live observation,NA,0.0,1797.983,NA,NA,No focal subject,1797.899,out of sight,Not defined,STATE,669.717,676.447,6.730,NA,,,,,,
Q,2025-04-05 22:07:44.116,timestamp date time: 2023-04-23; 14:48:38,Live observation,NA,0.0,1797.983,NA,NA,No focal subject,1797.899,stop panting,Not defined,STATE,676.448,689.331,12.883,NA,,,,,,
Q,2025-04-05 22:07:44.116,timestamp date time: 2023-04-23; 14:48:38,Live observation,NA,0.0,1797.983,NA,NA,No focal subject,1797.899,out of sight,Not defined,STATE,689.332,705.297,15.965,NA,,,,,,
Q,2025-04-05 22:07:44.116,timestamp date time: 2023-04-23; 14:48:38,Live observation,NA,0.0,1797.983,NA,NA,No focal subject,1797.899,stop panting,Not defined,STATE,705.298,778.806,73.508,NA,,,,,,
Q,2025-04-05 22:07:44.116,timestamp date time: 2023-04-23; 14:48:38,Live observation,NA,0.0,1797.983,NA,NA,No focal subject,1797.899,out of sight,Not defined,STATE,778.807,795.680,16.873,NA,,,,,,
Q,2025-04-05 22:07:44.116,timestamp date time: 2023-04-23; 14:48:38,Live observation,NA,0.0,1797.983,NA,NA,No focal subject,1797.899,stop panting,Not defined,STATE,795.681,870.315,74.634,NA,,,,,,
Q,2025-04-05 22:07:44.116,timestamp date time: 2023-04-23; 14:48:38,Live observation,NA,0.0,1797.983,NA,NA,No focal subject,1797.899,out of sight,Not defined,STATE,870.316,883.779,13.463,NA,,,,,,
Q,2025-04-05 22:07:44.116,timestamp date time: 2023-04-23; 14:48:38,Live observation,NA,0.0,1797.983,NA,NA,No focal subject,1797.899,stop panting,Not defined,STATE,883.780,1048.791,165.011,NA,,,,,,
Q,2025-04-05 22:07:44.116,timestamp date time: 2023-04-23; 14:48:38,Live observation,NA,0.0,1797.983,NA,NA,No focal subject,1797.899,out of sight,Not defined,STATE,1048.792,1064.227,15.435,NA,,,,,,
Q,2025-04-05 22:07:44.116,timestamp date time: 2023-04-23; 14:48:38,Live observation,NA,0.0,1797.983,NA,NA,No focal subject,1797.899,stop panting,Not defined,STATE,1064.228,1141.904,77.676,NA,,,,,,
Q,2025-04-05 22:07:44.116,timestamp date time: 2023-04-23; 14:48:38,Live observation,NA,0.0,1797.983,NA,NA,No focal subject,1797.899,out of sight,Not defined,STATE,1141.905,1154.981,13.076,NA,,,,,,
Q,2025-04-05 22:07:44.116,timestamp date time: 2023-04-23; 14:48:38,Live observation,NA,0.0,1797.983,NA,NA,No focal subject,1797.899,stop panting,Not defined,STATE,1154.982,1229.893,74.911,NA,,,,,,
Q,2025-04-05 22:07:44.116,timestamp date time: 2023-04-23; 14:48:38,Live observation,NA,0.0,1797.983,NA,NA,No focal subject,1797.899,out of sight,Not defined,STATE,1229.894,1244.039,14.145,NA,,,,,,
Q,2025-04-05 22:07:44.116,timestamp date time: 2023-04-23; 14:48:38,Live observation,NA,0.0,1797.983,NA,NA,No focal subject,1797.899,stop panting,Not defined,STATE,1244.040,1255.244,11.204,NA,,,,,,
Q,2025-04-05 22:07:44.116,timestamp date time: 2023-04-23; 14:48:38,Live observation,NA,0.0,1797.983,NA,NA,No focal subject,1797.899,out of sight,Not defined,STATE,1255.245,1256.691,1.446,NA,,,,,,
Q,2025-04-05 22:07:44.116,timestamp date time: 2023-04-23; 14:48:38,Live observation,NA,0.0,1797.983,NA,NA,No focal subject,1797.899,stop panting,Not defined,STATE,1256.692,1268.699,12.007,NA,,,,,,
Q,2025-04-05 22:07:44.116,timestamp date time: 2023-04-23; 14:48:38,Live observation,NA,0.0,1797.983,NA,NA,No focal subject,1797.899,panting,Not defined,STATE,1268.700,1278.053,9.353,NA,,,,,,
Q,2025-04-05 22:07:44.116,timestamp date time: 2023-04-23; 14:48:38,Live observation,NA,0.0,1797.983,NA,NA,No focal subject,1797.899,stop panting,Not defined,STATE,1278.054,1279.060,1.006,NA,,,,,,
Q,2025-04-05 22:07:44.116,timestamp date time: 2023-04-23; 14:48:38,Live observation,NA,0.0,1797.983,NA,NA,No focal subject,1797.899,panting,Not defined,STATE,1279.061,1294.377,15.316,NA,,,,,,
Q,2025-04-05 22:07:44.116,timestamp date time: 2023-04-23; 14:48:38,Live observation,NA,0.0,1797.983,NA,NA,No focal subject,1797.899,stop panting,Not defined,STATE,1294.378,1299.896,5.518,NA,,,,,,
Q,2025-04-05 22:07:44.116,timestamp date time: 2023-04-23; 14:48:38,Live observation,NA,0.0,1797.983,NA,NA,No focal subject,1797.899,out of sight,Not defined,STATE,1299.897,1301.073,1.176,NA,,,,,,
Q,2025-04-05 22:07:44.116,timestamp date time: 2023-04-23; 14:48:38,Live observation,NA,0.0,1797.983,NA,NA,No focal subject,1797.899,stop panting,Not defined,STATE,1301.074,1303.668,2.594,NA,,,,,,
Q,2025-04-05 22:07:44.116,timestamp date time: 2023-04-23; 14:48:38,Live observation,NA,0.0,1797.983,NA,NA,No focal subject,1797.899,panting,Not defined,STATE,1303.669,1317.742,14.073,NA,,,,,,
Q,2025-04-05 22:07:44.116,timestamp date time: 2023-04-23; 14:48:38,Live observation,NA,0.0,1797.983,NA,NA,No focal subject,1797.899,stop panting,Not defined,STATE,1317.743,1319.335,1.592,NA,,,,,,
Q,2025-04-05 22:07:44.116,timestamp date time: 2023-04-23; 14:48:38,Live observation,NA,0.0,1797.983,NA,NA,No focal subject,1797.899,out of sight,Not defined,STATE,1319.336,1333.840,14.504,NA,,,,,,
Q,2025-04-05 22:07:44.116,timestamp date time: 2023-04-23; 14:48:38,Live observation,NA,0.0,1797.983,NA,NA,No focal subject,1797.899,stop panting,Not defined,STATE,1333.841,1340.217,6.376,NA,,,,,,
Q,2025-04-05 22:07:44.116,timestamp date time: 2023-04-23; 14:48:38,Live observation,NA,0.0,1797.983,NA,NA,No focal subject,1797.899,out of sight,Not defined,STATE,1340.218,1344.102,3.884,NA,,,,,,
Q,2025-04-05 22:07:44.116,timestamp date time: 2023-04-23; 14:48:38,Live observation,NA,0.0,1797.983,NA,NA,No focal subject,1797.899,stop panting,Not defined,STATE,1344.103,1355.178,11.075,NA,,,,,,
Q,2025-04-05 22:07:44.116,timestamp date time: 2023-04-23; 14:48:38,Live observation,NA,0.0,1797.983,NA,NA,No focal subject,1797.899,out of sight,Not defined,STATE,1355.179,1358.239,3.060,NA,,,,,,
Q,2025-04-05 22:07:44.116,timestamp date time: 2023-04-23; 14:48:38,Live observation,NA,0.0,1797.983,NA,NA,No focal subject,1797.899,panting,Not defined,STATE,1358.240,1366.487,8.247,NA,,,,,,
Q,2025-04-05 22:07:44.116,timestamp date time: 2023-04-23; 14:48:38,Live observation,NA,0.0,1797.983,NA,NA,No focal subject,1797.899,out of sight,Not defined,STATE,1366.488,1368.922,2.434,NA,,,,,,
Q,2025-04-05 22:07:44.116,timestamp date time: 2023-04-23; 14:48:38,Live observation,NA,0.0,1797.983,NA,NA,No focal subject,1797.899,stop panting,Not defined,STATE,1368.923,1377.128,8.205,NA,,,,,,
Q,2025-04-05 22:07:44.116,timestamp date time: 2023-04-23; 14:48:38,Live observation,NA,0.0,1797.983,NA,NA,No focal subject,1797.899,panting,Not defined,STATE,1377.129,1388.730,11.601,NA,,,,,,
Q,2025-04-05 22:07:44.116,timestamp date time: 2023-04-23; 14:48:38,Live observation,NA,0.0,1797.983,NA,NA,No focal subject,1797.899,out of sight,Not defined,STATE,1388.731,1403.629,14.898,NA,,,,,,
Q,2025-04-05 22:07:44.116,timestamp date time: 2023-04-23; 14:48:38,Live observation,NA,0.0,1797.983,NA,NA,No focal subject,1797.899,stop panting,Not defined,STATE,1403.630,1414.661,11.031,NA,,,,,,
Q,2025-04-05 22:07:44.116,timestamp date time: 2023-04-23; 14:48:38,Live observation,NA,0.0,1797.983,NA,NA,No focal subject,1797.899,out of sight,Not defined,STATE,1414.662,1430.109,15.447,NA,,,,,,
Q,2025-04-05 22:07:44.116,timestamp date time: 2023-04-23; 14:48:38,Live observation,NA,0.0,1797.983,NA,NA,No focal subject,1797.899,stop panting,Not defined,STATE,1430.110,1435.879,5.769,NA,,,,,,
Q,2025-04-05 22:07:44.116,timestamp date time: 2023-04-23; 14:48:38,Live observation,NA,0.0,1797.983,NA,NA,No focal subject,1797.899,panting,Not defined,STATE,1435.880,1446.981,11.101,NA,,,,,,
Q,2025-04-05 22:07:44.116,timestamp date time: 2023-04-23; 14:48:38,Live observation,NA,0.0,1797.983,NA,NA,No focal subject,1797.899,out of sight,Not defined,STATE,1446.982,1449.082,2.100,NA,,,,,,
Q,2025-04-05 22:07:44.116,timestamp date time: 2023-04-23; 14:48:38,Live observation,NA,0.0,1797.983,NA,NA,No focal subject,1797.899,stop panting,Not defined,STATE,1449.083,1470.698,21.615,NA,,,,,,
Q,2025-04-05 22:07:44.116,timestamp date time: 2023-04-23; 14:48:38,Live observation,NA,0.0,1797.983,NA,NA,No focal subject,1797.899,out of sight,Not defined,STATE,1470.699,1488.487,17.788,NA,,,,,,
Q,2025-04-05 22:07:44.116,timestamp date time: 2023-04-23; 14:48:38,Live observation,NA,0.0,1797.983,NA,NA,No focal subject,1797.899,stop panting,Not defined,STATE,1488.488,1498.904,10.416,NA,,,,,,
Q,2025-04-05 22:07:44.116,timestamp date time: 2023-04-23; 14:48:38,Live observation,NA,0.0,1797.983,NA,NA,No focal subject,1797.899,out of sight,Not defined,STATE,1498.905,1515.380,16.475,NA,,,,,,
Q,2025-04-05 22:07:44.116,timestamp date time: 2023-04-23; 14:48:38,Live observation,NA,0.0,1797.983,NA,NA,No focal subject,1797.899,stop panting,Not defined,STATE,1515.381,1583.043,67.662,NA,,,,,,
Q,2025-04-05 22:07:44.116,timestamp date time: 2023-04-23; 14:48:38,Live observation,NA,0.0,1797.983,NA,NA,No focal subject,1797.899,out of sight,Not defined,STATE,1583.044,1607.395,24.351,NA,,,,,,
Q,2025-04-05 22:07:44.116,timestamp date time: 2023-04-23; 14:48:38,Live observation,NA,0.0,1797.983,NA,NA,No focal subject,1797.899,stop panting,Not defined,STATE,1607.396,1615.765,8.369,NA,,,,,,
Q,2025-04-05 22:07:44.116,timestamp date time: 2023-04-23; 14:48:38,Live observation,NA,0.0,1797.983,NA,NA,No focal subject,1797.899,out of sight,Not defined,STATE,1615.766,1626.886,11.120,NA,,,,,,
Q,2025-04-05 22:07:44.116,timestamp date time: 2023-04-23; 14:48:38,Live observation,NA,0.0,1797.983,NA,NA,No focal subject,1797.899,stop panting,Not defined,STATE,1626.887,1679.234,52.347,NA,,,,,,
Q,2025-04-05 22:07:44.116,timestamp date time: 2023-04-23; 14:48:38,Live observation,NA,0.0,1797.983,NA,NA,No focal subject,1797.899,out of sight,Not defined,STATE,1679.235,1694.433,15.198,NA,,,,,,
Q,2025-04-05 22:07:44.116,timestamp date time: 2023-04-23; 14:48:38,Live observation,NA,0.0,1797.983,NA,NA,No focal subject,1797.899,stop panting,Not defined,STATE,1694.434,1724.282,29.848,NA,,,,,,
Q,2025-04-05 22:07:44.116,timestamp date time: 2023-04-23; 14:48:38,Live observation,NA,0.0,1797.983,NA,NA,No focal subject,1797.899,out of sight,Not defined,STATE,1724.283,1736.546,12.263,NA,,,,,,
Q,2025-04-05 22:07:44.116,timestamp date time: 2023-04-23; 14:48:38,Live observation,NA,0.0,1797.983,NA,NA,No focal subject,1797.899,stop panting,Not defined,STATE,1736.547,1748.205,11.658,NA,,,,,,
Q,2025-04-05 22:07:44.116,timestamp date time: 2023-04-23; 14:48:38,Live observation,NA,0.0,1797.983,NA,NA,No focal subject,1797.899,out of sight,Not defined,STATE,1748.206,1757.839,9.633,NA,,,,,,
Q,2025-04-05 22:07:44.116,timestamp date time: 2023-04-23; 14:48:38,Live observation,NA,0.0,1797.983,NA,NA,No focal subject,1797.899,stop panting,Not defined,STATE,1757.840,1768.632,10.792,NA,,,,,,
Q,2025-04-05 22:07:44.116,timestamp date time: 2023-04-23; 14:48:38,Live observation,NA,0.0,1797.983,NA,NA,No focal subject,1797.899,out of sight,Not defined,STATE,1768.633,1783.877,15.244,NA,,,,,,
Q,2025-04-05 22:07:44.116,timestamp date time: 2023-04-23; 14:48:38,Live observation,NA,0.0,1797.983,NA,NA,No focal subject,1797.899,stop panting,Not defined,STATE,1783.878,1799.858,15.980,NA,,,,,,
R,2025-04-07 12:45:01.060,timestamp date time: 2023-05-02; 14:41:57,Live observation,NA,0.0,1798.584,NA,NA,No focal subject,1798.445,stop panting,Not defined,STATE,1.202,4.841,3.639,NA,,,,,,
R,2025-04-07 12:45:01.060,timestamp date time: 2023-05-02; 14:41:57,Live observation,NA,0.0,1798.584,NA,NA,No focal subject,1798.445,panting,Not defined,STATE,4.842,19.237,14.395,NA,,,,,,
R,2025-04-07 12:45:01.060,timestamp date time: 2023-05-02; 14:41:57,Live observation,NA,0.0,1798.584,NA,NA,No focal subject,1798.445,stop panting,Not defined,STATE,19.238,29.080,9.842,NA,,,,,,
R,2025-04-07 12:45:01.060,timestamp date time: 2023-05-02; 14:41:57,Live observation,NA,0.0,1798.584,NA,NA,No focal subject,1798.445,panting,Not defined,STATE,29.081,38.805,9.724,NA,,,,,,
R,2025-04-07 12:45:01.060,timestamp date time: 2023-05-02; 14:41:57,Live observation,NA,0.0,1798.584,NA,NA,No focal subject,1798.445,stop panting,Not defined,STATE,38.806,42.417,3.611,NA,,,,,,
R,2025-04-07 12:45:01.060,timestamp date time: 2023-05-02; 14:41:57,Live observation,NA,0.0,1798.584,NA,NA,No focal subject,1798.445,out of sight,Not defined,STATE,42.418,59.836,17.418,NA,,,,,,
R,2025-04-07 12:45:01.060,timestamp date time: 2023-05-02; 14:41:57,Live observation,NA,0.0,1798.584,NA,NA,No focal subject,1798.445,panting,Not defined,STATE,59.837,65.598,5.761,NA,,,,,,
R,2025-04-07 12:45:01.060,timestamp date time: 2023-05-02; 14:41:57,Live observation,NA,0.0,1798.584,NA,NA,No focal subject,1798.445,stop panting,Not defined,STATE,65.599,79.534,13.935,NA,,,,,,
R,2025-04-07 12:45:01.060,timestamp date time: 2023-05-02; 14:41:57,Live observation,NA,0.0,1798.584,NA,NA,No focal subject,1798.445,panting,Not defined,STATE,79.535,83.796,4.261,NA,,,,,,
R,2025-04-07 12:45:01.060,timestamp date time: 2023-05-02; 14:41:57,Live observation,NA,0.0,1798.584,NA,NA,No focal subject,1798.445,stop panting,Not defined,STATE,83.797,84.276,0.479,NA,,,,,,
R,2025-04-07 12:45:01.060,timestamp date time: 2023-05-02; 14:41:57,Live observation,NA,0.0,1798.584,NA,NA,No focal subject,1798.445,panting,Not defined,STATE,84.277,150.235,65.958,NA,,,,,,
R,2025-04-07 12:45:01.060,timestamp date time: 2023-05-02; 14:41:57,Live observation,NA,0.0,1798.584,NA,NA,No focal subject,1798.445,out of sight,Not defined,STATE,150.236,164.319,14.083,NA,,,,,,
R,2025-04-07 12:45:01.060,timestamp date time: 2023-05-02; 14:41:57,Live observation,NA,0.0,1798.584,NA,NA,No focal subject,1798.445,stop panting,Not defined,STATE,164.320,171.140,6.820,NA,,,,,,
R,2025-04-07 12:45:01.060,timestamp date time: 2023-05-02; 14:41:57,Live observation,NA,0.0,1798.584,NA,NA,No focal subject,1798.445,panting,Not defined,STATE,171.141,259.357,88.216,NA,,,,,,
R,2025-04-07 12:45:01.060,timestamp date time: 2023-05-02; 14:41:57,Live observation,NA,0.0,1798.584,NA,NA,No focal subject,1798.445,stop panting,Not defined,STATE,259.358,282.520,23.162,NA,,,,,,
R,2025-04-07 12:45:01.060,timestamp date time: 2023-05-02; 14:41:57,Live observation,NA,0.0,1798.584,NA,NA,No focal subject,1798.445,panting,Not defined,STATE,282.521,303.527,21.006,NA,,,,,,
R,2025-04-07 12:45:01.060,timestamp date time: 2023-05-02; 14:41:57,Live observation,NA,0.0,1798.584,NA,NA,No focal subject,1798.445,stop panting,Not defined,STATE,303.528,357.461,53.933,NA,,,,,,
R,2025-04-07 12:45:01.060,timestamp date time: 2023-05-02; 14:41:57,Live observation,NA,0.0,1798.584,NA,NA,No focal subject,1798.445,out of sight,Not defined,STATE,357.462,373.698,16.236,NA,,,,,,
R,2025-04-07 12:45:01.060,timestamp date time: 2023-05-02; 14:41:57,Live observation,NA,0.0,1798.584,NA,NA,No focal subject,1798.445,stop panting,Not defined,STATE,373.699,375.619,1.920,NA,,,,,,
R,2025-04-07 12:45:01.060,timestamp date time: 2023-05-02; 14:41:57,Live observation,NA,0.0,1798.584,NA,NA,No focal subject,1798.445,panting,Not defined,STATE,375.620,391.564,15.944,NA,,,,,,
R,2025-04-07 12:45:01.060,timestamp date time: 2023-05-02; 14:41:57,Live observation,NA,0.0,1798.584,NA,NA,No focal subject,1798.445,stop panting,Not defined,STATE,391.565,463.726,72.161,NA,,,,,,
R,2025-04-07 12:45:01.060,timestamp date time: 2023-05-02; 14:41:57,Live observation,NA,0.0,1798.584,NA,NA,No focal subject,1798.445,out of sight,Not defined,STATE,463.727,477.312,13.585,NA,,,,,,
R,2025-04-07 12:45:01.060,timestamp date time: 2023-05-02; 14:41:57,Live observation,NA,0.0,1798.584,NA,NA,No focal subject,1798.445,stop panting,Not defined,STATE,477.313,509.144,31.831,NA,,,,,,
R,2025-04-07 12:45:01.060,timestamp date time: 2023-05-02; 14:41:57,Live observation,NA,0.0,1798.584,NA,NA,No focal subject,1798.445,panting,Not defined,STATE,509.145,543.774,34.629,NA,,,,,,
R,2025-04-07 12:45:01.060,timestamp date time: 2023-05-02; 14:41:57,Live observation,NA,0.0,1798.584,NA,NA,No focal subject,1798.445,stop panting,Not defined,STATE,543.775,569.370,25.595,NA,,,,,,
R,2025-04-07 12:45:01.060,timestamp date time: 2023-05-02; 14:41:57,Live observation,NA,0.0,1798.584,NA,NA,No focal subject,1798.445,out of sight,Not defined,STATE,569.371,586.984,17.613,NA,,,,,,
R,2025-04-07 12:45:01.060,timestamp date time: 2023-05-02; 14:41:57,Live observation,NA,0.0,1798.584,NA,NA,No focal subject,1798.445,stop panting,Not defined,STATE,586.985,590.716,3.731,NA,,,,,,
R,2025-04-07 12:45:01.060,timestamp date time: 2023-05-02; 14:41:57,Live observation,NA,0.0,1798.584,NA,NA,No focal subject,1798.445,out of sight,Not defined,STATE,590.717,611.066,20.349,NA,,,,,,
R,2025-04-07 12:45:01.060,timestamp date time: 2023-05-02; 14:41:57,Live observation,NA,0.0,1798.584,NA,NA,No focal subject,1798.445,stop panting,Not defined,STATE,611.067,615.790,4.723,NA,,,,,,
R,2025-04-07 12:45:01.060,timestamp date time: 2023-05-02; 14:41:57,Live observation,NA,0.0,1798.584,NA,NA,No focal subject,1798.445,out of sight,Not defined,STATE,615.791,618.442,2.651,NA,,,,,,
R,2025-04-07 12:45:01.060,timestamp date time: 2023-05-02; 14:41:57,Live observation,NA,0.0,1798.584,NA,NA,No focal subject,1798.445,stop panting,Not defined,STATE,618.443,623.079,4.636,NA,,,,,,
R,2025-04-07 12:45:01.060,timestamp date time: 2023-05-02; 14:41:57,Live observation,NA,0.0,1798.584,NA,NA,No focal subject,1798.445,out of sight,Not defined,STATE,623.080,627.229,4.149,NA,,,,,,
R,2025-04-07 12:45:01.060,timestamp date time: 2023-05-02; 14:41:57,Live observation,NA,0.0,1798.584,NA,NA,No focal subject,1798.445,stop panting,Not defined,STATE,627.230,630.930,3.700,NA,,,,,,
R,2025-04-07 12:45:01.060,timestamp date time: 2023-05-02; 14:41:57,Live observation,NA,0.0,1798.584,NA,NA,No focal subject,1798.445,out of sight,Not defined,STATE,630.931,644.794,13.863,NA,,,,,,
R,2025-04-07 12:45:01.060,timestamp date time: 2023-05-02; 14:41:57,Live observation,NA,0.0,1798.584,NA,NA,No focal subject,1798.445,stop panting,Not defined,STATE,644.795,650.049,5.254,NA,,,,,,
R,2025-04-07 12:45:01.060,timestamp date time: 2023-05-02; 14:41:57,Live observation,NA,0.0,1798.584,NA,NA,No focal subject,1798.445,out of sight,Not defined,STATE,650.050,654.267,4.217,NA,,,,,,
R,2025-04-07 12:45:01.060,timestamp date time: 2023-05-02; 14:41:57,Live observation,NA,0.0,1798.584,NA,NA,No focal subject,1798.445,stop panting,Not defined,STATE,654.268,660.727,6.459,NA,,,,,,
R,2025-04-07 12:45:01.060,timestamp date time: 2023-05-02; 14:41:57,Live observation,NA,0.0,1798.584,NA,NA,No focal subject,1798.445,out of sight,Not defined,STATE,660.728,711.553,50.825,NA,,,,,,
R,2025-04-07 12:45:01.060,timestamp date time: 2023-05-02; 14:41:57,Live observation,NA,0.0,1798.584,NA,NA,No focal subject,1798.445,stop panting,Not defined,STATE,711.554,714.955,3.401,NA,,,,,,
R,2025-04-07 12:45:01.060,timestamp date time: 2023-05-02; 14:41:57,Live observation,NA,0.0,1798.584,NA,NA,No focal subject,1798.445,out of sight,Not defined,STATE,714.956,727.522,12.566,NA,,,,,,
R,2025-04-07 12:45:01.060,timestamp date time: 2023-05-02; 14:41:57,Live observation,NA,0.0,1798.584,NA,NA,No focal subject,1798.445,panting,Not defined,STATE,727.523,731.639,4.116,NA,,,,,,
R,2025-04-07 12:45:01.060,timestamp date time: 2023-05-02; 14:41:57,Live observation,NA,0.0,1798.584,NA,NA,No focal subject,1798.445,out of sight,Not defined,STATE,731.640,755.743,24.103,NA,,,,,,
R,2025-04-07 12:45:01.060,timestamp date time: 2023-05-02; 14:41:57,Live observation,NA,0.0,1798.584,NA,NA,No focal subject,1798.445,panting,Not defined,STATE,755.744,758.973,3.229,NA,,,,,,
R,2025-04-07 12:45:01.060,timestamp date time: 2023-05-02; 14:41:57,Live observation,NA,0.0,1798.584,NA,NA,No focal subject,1798.445,out of sight,Not defined,STATE,758.974,770.374,11.400,NA,,,,,,
R,2025-04-07 12:45:01.060,timestamp date time: 2023-05-02; 14:41:57,Live observation,NA,0.0,1798.584,NA,NA,No focal subject,1798.445,stop panting,Not defined,STATE,770.375,772.702,2.327,NA,,,,,,
R,2025-04-07 12:45:01.060,timestamp date time: 2023-05-02; 14:41:57,Live observation,NA,0.0,1798.584,NA,NA,No focal subject,1798.445,out of sight,Not defined,STATE,772.703,801.570,28.867,NA,,,,,,
R,2025-04-07 12:45:01.060,timestamp date time: 2023-05-02; 14:41:57,Live observation,NA,0.0,1798.584,NA,NA,No focal subject,1798.445,stop panting,Not defined,STATE,801.571,808.534,6.963,NA,,,,,,
R,2025-04-07 12:45:01.060,timestamp date time: 2023-05-02; 14:41:57,Live observation,NA,0.0,1798.584,NA,NA,No focal subject,1798.445,out of sight,Not defined,STATE,808.535,835.420,26.885,NA,,,,,,
R,2025-04-07 12:45:01.060,timestamp date time: 2023-05-02; 14:41:57,Live observation,NA,0.0,1798.584,NA,NA,No focal subject,1798.445,stop panting,Not defined,STATE,835.421,836.498,1.077,NA,,,,,,
R,2025-04-07 12:45:01.060,timestamp date time: 2023-05-02; 14:41:57,Live observation,NA,0.0,1798.584,NA,NA,No focal subject,1798.445,out of sight,Not defined,STATE,836.499,848.801,12.302,NA,,,,,,
R,2025-04-07 12:45:01.060,timestamp date time: 2023-05-02; 14:41:57,Live observation,NA,0.0,1798.584,NA,NA,No focal subject,1798.445,panting,Not defined,STATE,848.802,858.570,9.768,NA,,,,,,
R,2025-04-07 12:45:01.060,timestamp date time: 2023-05-02; 14:41:57,Live observation,NA,0.0,1798.584,NA,NA,No focal subject,1798.445,out of sight,Not defined,STATE,858.571,876.178,17.607,NA,,,,,,
R,2025-04-07 12:45:01.060,timestamp date time: 2023-05-02; 14:41:57,Live observation,NA,0.0,1798.584,NA,NA,No focal subject,1798.445,stop panting,Not defined,STATE,876.179,878.962,2.783,NA,,,,,,
R,2025-04-07 12:45:01.060,timestamp date time: 2023-05-02; 14:41:57,Live observation,NA,0.0,1798.584,NA,NA,No focal subject,1798.445,out of sight,Not defined,STATE,878.963,940.757,61.794,NA,,,,,,
R,2025-04-07 12:45:01.060,timestamp date time: 2023-05-02; 14:41:57,Live observation,NA,0.0,1798.584,NA,NA,No focal subject,1798.445,stop panting,Not defined,STATE,940.758,943.155,2.397,NA,,,,,,
R,2025-04-07 12:45:01.060,timestamp date time: 2023-05-02; 14:41:57,Live observation,NA,0.0,1798.584,NA,NA,No focal subject,1798.445,out of sight,Not defined,STATE,943.156,945.102,1.946,NA,,,,,,
R,2025-04-07 12:45:01.060,timestamp date time: 2023-05-02; 14:41:57,Live observation,NA,0.0,1798.584,NA,NA,No focal subject,1798.445,stop panting,Not defined,STATE,945.103,947.144,2.041,NA,,,,,,
R,2025-04-07 12:45:01.060,timestamp date time: 2023-05-02; 14:41:57,Live observation,NA,0.0,1798.584,NA,NA,No focal subject,1798.445,out of sight,Not defined,STATE,947.145,955.286,8.141,NA,,,,,,
R,2025-04-07 12:45:01.060,timestamp date time: 2023-05-02; 14:41:57,Live observation,NA,0.0,1798.584,NA,NA,No focal subject,1798.445,stop panting,Not defined,STATE,955.287,956.469,1.182,NA,,,,,,
R,2025-04-07 12:45:01.060,timestamp date time: 2023-05-02; 14:41:57,Live observation,NA,0.0,1798.584,NA,NA,No focal subject,1798.445,panting,Not defined,STATE,956.470,958.085,1.615,NA,,,,,,
R,2025-04-07 12:45:01.060,timestamp date time: 2023-05-02; 14:41:57,Live observation,NA,0.0,1798.584,NA,NA,No focal subject,1798.445,out of sight,Not defined,STATE,958.086,962.668,4.582,NA,,,,,,
R,2025-04-07 12:45:01.060,timestamp date time: 2023-05-02; 14:41:57,Live observation,NA,0.0,1798.584,NA,NA,No focal subject,1798.445,stop panting,Not defined,STATE,962.669,964.032,1.363,NA,,,,,,
R,2025-04-07 12:45:01.060,timestamp date time: 2023-05-02; 14:41:57,Live observation,NA,0.0,1798.584,NA,NA,No focal subject,1798.445,out of sight,Not defined,STATE,964.033,987.867,23.834,NA,,,,,,
R,2025-04-07 12:45:01.060,timestamp date time: 2023-05-02; 14:41:57,Live observation,NA,0.0,1798.584,NA,NA,No focal subject,1798.445,stop panting,Not defined,STATE,987.868,990.092,2.224,NA,,,,,,
R,2025-04-07 12:45:01.060,timestamp date time: 2023-05-02; 14:41:57,Live observation,NA,0.0,1798.584,NA,NA,No focal subject,1798.445,out of sight,Not defined,STATE,990.093,999.393,9.300,NA,,,,,,
R,2025-04-07 12:45:01.060,timestamp date time: 2023-05-02; 14:41:57,Live observation,NA,0.0,1798.584,NA,NA,No focal subject,1798.445,stop panting,Not defined,STATE,999.394,1005.292,5.898,NA,,,,,,
R,2025-04-07 12:45:01.060,timestamp date time: 2023-05-02; 14:41:57,Live observation,NA,0.0,1798.584,NA,NA,No focal subject,1798.445,out of sight,Not defined,STATE,1005.293,1020.672,15.379,NA,,,,,,
R,2025-04-07 12:45:01.060,timestamp date time: 2023-05-02; 14:41:57,Live observation,NA,0.0,1798.584,NA,NA,No focal subject,1798.445,stop panting,Not defined,STATE,1020.673,1022.422,1.749,NA,,,,,,
R,2025-04-07 12:45:01.060,timestamp date time: 2023-05-02; 14:41:57,Live observation,NA,0.0,1798.584,NA,NA,No focal subject,1798.445,out of sight,Not defined,STATE,1022.423,1036.254,13.831,NA,,,,,,
R,2025-04-07 12:45:01.060,timestamp date time: 2023-05-02; 14:41:57,Live observation,NA,0.0,1798.584,NA,NA,No focal subject,1798.445,stop panting,Not defined,STATE,1036.255,1039.193,2.938,NA,,,,,,
R,2025-04-07 12:45:01.060,timestamp date time: 2023-05-02; 14:41:57,Live observation,NA,0.0,1798.584,NA,NA,No focal subject,1798.445,out of sight,Not defined,STATE,1039.194,1074.583,35.389,NA,,,,,,
R,2025-04-07 12:45:01.060,timestamp date time: 2023-05-02; 14:41:57,Live observation,NA,0.0,1798.584,NA,NA,No focal subject,1798.445,stop panting,Not defined,STATE,1074.584,1077.519,2.935,NA,,,,,,
R,2025-04-07 12:45:01.060,timestamp date time: 2023-05-02; 14:41:57,Live observation,NA,0.0,1798.584,NA,NA,No focal subject,1798.445,out of sight,Not defined,STATE,1077.520,1079.618,2.098,NA,,,,,,
R,2025-04-07 12:45:01.060,timestamp date time: 2023-05-02; 14:41:57,Live observation,NA,0.0,1798.584,NA,NA,No focal subject,1798.445,stop panting,Not defined,STATE,1079.619,1085.820,6.201,NA,,,,,,
R,2025-04-07 12:45:01.060,timestamp date time: 2023-05-02; 14:41:57,Live observation,NA,0.0,1798.584,NA,NA,No focal subject,1798.445,out of sight,Not defined,STATE,1085.821,1094.420,8.599,NA,,,,,,
R,2025-04-07 12:45:01.060,timestamp date time: 2023-05-02; 14:41:57,Live observation,NA,0.0,1798.584,NA,NA,No focal subject,1798.445,stop panting,Not defined,STATE,1094.421,1105.647,11.226,NA,,,,,,
R,2025-04-07 12:45:01.060,timestamp date time: 2023-05-02; 14:41:57,Live observation,NA,0.0,1798.584,NA,NA,No focal subject,1798.445,panting,Not defined,STATE,1105.648,1110.691,5.043,NA,,,,,,
R,2025-04-07 12:45:01.060,timestamp date time: 2023-05-02; 14:41:57,Live observation,NA,0.0,1798.584,NA,NA,No focal subject,1798.445,out of sight,Not defined,STATE,1110.692,1133.347,22.655,NA,,,,,,
R,2025-04-07 12:45:01.060,timestamp date time: 2023-05-02; 14:41:57,Live observation,NA,0.0,1798.584,NA,NA,No focal subject,1798.445,stop panting,Not defined,STATE,1133.348,1143.588,10.240,NA,,,,,,
R,2025-04-07 12:45:01.060,timestamp date time: 2023-05-02; 14:41:57,Live observation,NA,0.0,1798.584,NA,NA,No focal subject,1798.445,panting,Not defined,STATE,1143.589,1144.895,1.306,NA,,,,,,
R,2025-04-07 12:45:01.060,timestamp date time: 2023-05-02; 14:41:57,Live observation,NA,0.0,1798.584,NA,NA,No focal subject,1798.445,out of sight,Not defined,STATE,1144.896,1151.715,6.819,NA,,,,,,
R,2025-04-07 12:45:01.060,timestamp date time: 2023-05-02; 14:41:57,Live observation,NA,0.0,1798.584,NA,NA,No focal subject,1798.445,stop panting,Not defined,STATE,1151.716,1153.037,1.321,NA,,,,,,
R,2025-04-07 12:45:01.060,timestamp date time: 2023-05-02; 14:41:57,Live observation,NA,0.0,1798.584,NA,NA,No focal subject,1798.445,out of sight,Not defined,STATE,1153.038,1178.819,25.781,NA,,,,,,
R,2025-04-07 12:45:01.060,timestamp date time: 2023-05-02; 14:41:57,Live observation,NA,0.0,1798.584,NA,NA,No focal subject,1798.445,stop panting,Not defined,STATE,1178.820,1179.916,1.096,NA,,,,,,
R,2025-04-07 12:45:01.060,timestamp date time: 2023-05-02; 14:41:57,Live observation,NA,0.0,1798.584,NA,NA,No focal subject,1798.445,panting,Not defined,STATE,1179.917,1182.312,2.395,NA,,,,,,
R,2025-04-07 12:45:01.060,timestamp date time: 2023-05-02; 14:41:57,Live observation,NA,0.0,1798.584,NA,NA,No focal subject,1798.445,out of sight,Not defined,STATE,1182.313,1187.872,5.559,NA,,,,,,
R,2025-04-07 12:45:01.060,timestamp date time: 2023-05-02; 14:41:57,Live observation,NA,0.0,1798.584,NA,NA,No focal subject,1798.445,stop panting,Not defined,STATE,1187.873,1188.974,1.101,NA,,,,,,
R,2025-04-07 12:45:01.060,timestamp date time: 2023-05-02; 14:41:57,Live observation,NA,0.0,1798.584,NA,NA,No focal subject,1798.445,out of sight,Not defined,STATE,1188.975,1192.660,3.685,NA,,,,,,
R,2025-04-07 12:45:01.060,timestamp date time: 2023-05-02; 14:41:57,Live observation,NA,0.0,1798.584,NA,NA,No focal subject,1798.445,stop panting,Not defined,STATE,1192.661,1196.320,3.659,NA,,,,,,
R,2025-04-07 12:45:01.060,timestamp date time: 2023-05-02; 14:41:57,Live observation,NA,0.0,1798.584,NA,NA,No focal subject,1798.445,out of sight,Not defined,STATE,1196.321,1221.239,24.918,NA,,,,,,
R,2025-04-07 12:45:01.060,timestamp date time: 2023-05-02; 14:41:57,Live observation,NA,0.0,1798.584,NA,NA,No focal subject,1798.445,panting,Not defined,STATE,1221.240,1224.764,3.524,NA,,,,,,
R,2025-04-07 12:45:01.060,timestamp date time: 2023-05-02; 14:41:57,Live observation,NA,0.0,1798.584,NA,NA,No focal subject,1798.445,out of sight,Not defined,STATE,1224.765,1245.258,20.493,NA,,,,,,
R,2025-04-07 12:45:01.060,timestamp date time: 2023-05-02; 14:41:57,Live observation,NA,0.0,1798.584,NA,NA,No focal subject,1798.445,stop panting,Not defined,STATE,1245.259,1245.661,0.402,NA,,,,,,
R,2025-04-07 12:45:01.060,timestamp date time: 2023-05-02; 14:41:57,Live observation,NA,0.0,1798.584,NA,NA,No focal subject,1798.445,panting,Not defined,STATE,1245.662,1248.503,2.841,NA,,,,,,
R,2025-04-07 12:45:01.060,timestamp date time: 2023-05-02; 14:41:57,Live observation,NA,0.0,1798.584,NA,NA,No focal subject,1798.445,out of sight,Not defined,STATE,1248.504,1258.235,9.731,NA,,,,,,
R,2025-04-07 12:45:01.060,timestamp date time: 2023-05-02; 14:41:57,Live observation,NA,0.0,1798.584,NA,NA,No focal subject,1798.445,stop panting,Not defined,STATE,1258.236,1281.928,23.692,NA,,,,,,
R,2025-04-07 12:45:01.060,timestamp date time: 2023-05-02; 14:41:57,Live observation,NA,0.0,1798.584,NA,NA,No focal subject,1798.445,out of sight,Not defined,STATE,1281.929,1297.999,16.070,NA,,,,,,
R,2025-04-07 12:45:01.060,timestamp date time: 2023-05-02; 14:41:57,Live observation,NA,0.0,1798.584,NA,NA,No focal subject,1798.445,stop panting,Not defined,STATE,1298.000,1339.243,41.243,NA,,,,,,
R,2025-04-07 12:45:01.060,timestamp date time: 2023-05-02; 14:41:57,Live observation,NA,0.0,1798.584,NA,NA,No focal subject,1798.445,out of sight,Not defined,STATE,1339.244,1346.855,7.611,NA,,,,,,
R,2025-04-07 12:45:01.060,timestamp date time: 2023-05-02; 14:41:57,Live observation,NA,0.0,1798.584,NA,NA,No focal subject,1798.445,panting,Not defined,STATE,1346.856,1350.974,4.118,NA,,,,,,
R,2025-04-07 12:45:01.060,timestamp date time: 2023-05-02; 14:41:57,Live observation,NA,0.0,1798.584,NA,NA,No focal subject,1798.445,out of sight,Not defined,STATE,1350.975,1353.687,2.712,NA,,,,,,
R,2025-04-07 12:45:01.060,timestamp date time: 2023-05-02; 14:41:57,Live observation,NA,0.0,1798.584,NA,NA,No focal subject,1798.445,stop panting,Not defined,STATE,1353.688,1400.671,46.983,NA,,,,,,
R,2025-04-07 12:45:01.060,timestamp date time: 2023-05-02; 14:41:57,Live observation,NA,0.0,1798.584,NA,NA,No focal subject,1798.445,out of sight,Not defined,STATE,1400.672,1427.468,26.796,NA,,,,,,
R,2025-04-07 12:45:01.060,timestamp date time: 2023-05-02; 14:41:57,Live observation,NA,0.0,1798.584,NA,NA,No focal subject,1798.445,stop panting,Not defined,STATE,1427.469,1456.451,28.982,NA,,,,,,
R,2025-04-07 12:45:01.060,timestamp date time: 2023-05-02; 14:41:57,Live observation,NA,0.0,1798.584,NA,NA,No focal subject,1798.445,out of sight,Not defined,STATE,1456.452,1461.489,5.037,NA,,,,,,
R,2025-04-07 12:45:01.060,timestamp date time: 2023-05-02; 14:41:57,Live observation,NA,0.0,1798.584,NA,NA,No focal subject,1798.445,stop panting,Not defined,STATE,1461.490,1466.419,4.929,NA,,,,,,
R,2025-04-07 12:45:01.060,timestamp date time: 2023-05-02; 14:41:57,Live observation,NA,0.0,1798.584,NA,NA,No focal subject,1798.445,out of sight,Not defined,STATE,1466.420,1470.203,3.783,NA,,,,,,
R,2025-04-07 12:45:01.060,timestamp date time: 2023-05-02; 14:41:57,Live observation,NA,0.0,1798.584,NA,NA,No focal subject,1798.445,stop panting,Not defined,STATE,1470.204,1507.454,37.250,NA,,,,,,
R,2025-04-07 12:45:01.060,timestamp date time: 2023-05-02; 14:41:57,Live observation,NA,0.0,1798.584,NA,NA,No focal subject,1798.445,out of sight,Not defined,STATE,1507.455,1515.140,7.685,NA,,,,,,
R,2025-04-07 12:45:01.060,timestamp date time: 2023-05-02; 14:41:57,Live observation,NA,0.0,1798.584,NA,NA,No focal subject,1798.445,stop panting,Not defined,STATE,1515.141,1520.706,5.565,NA,,,,,,
R,2025-04-07 12:45:01.060,timestamp date time: 2023-05-02; 14:41:57,Live observation,NA,0.0,1798.584,NA,NA,No focal subject,1798.445,out of sight,Not defined,STATE,1520.707,1537.862,17.155,NA,,,,,,
R,2025-04-07 12:45:01.060,timestamp date time: 2023-05-02; 14:41:57,Live observation,NA,0.0,1798.584,NA,NA,No focal subject,1798.445,stop panting,Not defined,STATE,1537.863,1541.268,3.405,NA,,,,,,
R,2025-04-07 12:45:01.060,timestamp date time: 2023-05-02; 14:41:57,Live observation,NA,0.0,1798.584,NA,NA,No focal subject,1798.445,panting,Not defined,STATE,1541.269,1555.328,14.059,NA,,,,,,
R,2025-04-07 12:45:01.060,timestamp date time: 2023-05-02; 14:41:57,Live observation,NA,0.0,1798.584,NA,NA,No focal subject,1798.445,stop panting,Not defined,STATE,1555.329,1564.160,8.831,NA,,,,,,
R,2025-04-07 12:45:01.060,timestamp date time: 2023-05-02; 14:41:57,Live observation,NA,0.0,1798.584,NA,NA,No focal subject,1798.445,out of sight,Not defined,STATE,1564.161,1577.084,12.923,NA,,,,,,
R,2025-04-07 12:45:01.060,timestamp date time: 2023-05-02; 14:41:57,Live observation,NA,0.0,1798.584,NA,NA,No focal subject,1798.445,stop panting,Not defined,STATE,1577.085,1578.960,1.875,NA,,,,,,
R,2025-04-07 12:45:01.060,timestamp date time: 2023-05-02; 14:41:57,Live observation,NA,0.0,1798.584,NA,NA,No focal subject,1798.445,out of sight,Not defined,STATE,1578.961,1582.711,3.750,NA,,,,,,
R,2025-04-07 12:45:01.060,timestamp date time: 2023-05-02; 14:41:57,Live observation,NA,0.0,1798.584,NA,NA,No focal subject,1798.445,stop panting,Not defined,STATE,1582.712,1592.532,9.820,NA,,,,,,
R,2025-04-07 12:45:01.060,timestamp date time: 2023-05-02; 14:41:57,Live observation,NA,0.0,1798.584,NA,NA,No focal subject,1798.445,out of sight,Not defined,STATE,1592.533,1609.592,17.059,NA,,,,,,
R,2025-04-07 12:45:01.060,timestamp date time: 2023-05-02; 14:41:57,Live observation,NA,0.0,1798.584,NA,NA,No focal subject,1798.445,stop panting,Not defined,STATE,1609.593,1613.929,4.336,NA,,,,,,
R,2025-04-07 12:45:01.060,timestamp date time: 2023-05-02; 14:41:57,Live observation,NA,0.0,1798.584,NA,NA,No focal subject,1798.445,out of sight,Not defined,STATE,1613.930,1633.928,19.998,NA,,,,,,
R,2025-04-07 12:45:01.060,timestamp date time: 2023-05-02; 14:41:57,Live observation,NA,0.0,1798.584,NA,NA,No focal subject,1798.445,stop panting,Not defined,STATE,1633.929,1640.407,6.478,NA,,,,,,
R,2025-04-07 12:45:01.060,timestamp date time: 2023-05-02; 14:41:57,Live observation,NA,0.0,1798.584,NA,NA,No focal subject,1798.445,out of sight,Not defined,STATE,1640.408,1659.400,18.992,NA,,,,,,
R,2025-04-07 12:45:01.060,timestamp date time: 2023-05-02; 14:41:57,Live observation,NA,0.0,1798.584,NA,NA,No focal subject,1798.445,stop panting,Not defined,STATE,1659.401,1669.695,10.294,NA,,,,,,
R,2025-04-07 12:45:01.060,timestamp date time: 2023-05-02; 14:41:57,Live observation,NA,0.0,1798.584,NA,NA,No focal subject,1798.445,out of sight,Not defined,STATE,1669.696,1671.143,1.447,NA,,,,,,
R,2025-04-07 12:45:01.060,timestamp date time: 2023-05-02; 14:41:57,Live observation,NA,0.0,1798.584,NA,NA,No focal subject,1798.445,stop panting,Not defined,STATE,1671.144,1672.376,1.232,NA,,,,,,
R,2025-04-07 12:45:01.060,timestamp date time: 2023-05-02; 14:41:57,Live observation,NA,0.0,1798.584,NA,NA,No focal subject,1798.445,out of sight,Not defined,STATE,1672.377,1675.195,2.818,NA,,,,,,
R,2025-04-07 12:45:01.060,timestamp date time: 2023-05-02; 14:41:57,Live observation,NA,0.0,1798.584,NA,NA,No focal subject,1798.445,stop panting,Not defined,STATE,1675.196,1681.467,6.271,NA,,,,,,
R,2025-04-07 12:45:01.060,timestamp date time: 2023-05-02; 14:41:57,Live observation,NA,0.0,1798.584,NA,NA,No focal subject,1798.445,out of sight,Not defined,STATE,1681.468,1684.146,2.678,NA,,,,,,
R,2025-04-07 12:45:01.060,timestamp date time: 2023-05-02; 14:41:57,Live observation,NA,0.0,1798.584,NA,NA,No focal subject,1798.445,stop panting,Not defined,STATE,1684.147,1697.190,13.043,NA,,,,,,
R,2025-04-07 12:45:01.060,timestamp date time: 2023-05-02; 14:41:57,Live observation,NA,0.0,1798.584,NA,NA,No focal subject,1798.445,out of sight,Not defined,STATE,1697.191,1699.342,2.151,NA,,,,,,
R,2025-04-07 12:45:01.060,timestamp date time: 2023-05-02; 14:41:57,Live observation,NA,0.0,1798.584,NA,NA,No focal subject,1798.445,stop panting,Not defined,STATE,1699.343,1707.123,7.780,NA,,,,,,
R,2025-04-07 12:45:01.060,timestamp date time: 2023-05-02; 14:41:57,Live observation,NA,0.0,1798.584,NA,NA,No focal subject,1798.445,out of sight,Not defined,STATE,1707.124,1709.494,2.370,NA,,,,,,
R,2025-04-07 12:45:01.060,timestamp date time: 2023-05-02; 14:41:57,Live observation,NA,0.0,1798.584,NA,NA,No focal subject,1798.445,stop panting,Not defined,STATE,1709.495,1711.460,1.965,NA,,,,,,
R,2025-04-07 12:45:01.060,timestamp date time: 2023-05-02; 14:41:57,Live observation,NA,0.0,1798.584,NA,NA,No focal subject,1798.445,out of sight,Not defined,STATE,1711.461,1712.946,1.485,NA,,,,,,
R,2025-04-07 12:45:01.060,timestamp date time: 2023-05-02; 14:41:57,Live observation,NA,0.0,1798.584,NA,NA,No focal subject,1798.445,stop panting,Not defined,STATE,1712.947,1714.137,1.190,NA,,,,,,
R,2025-04-07 12:45:01.060,timestamp date time: 2023-05-02; 14:41:57,Live observation,NA,0.0,1798.584,NA,NA,No focal subject,1798.445,out of sight,Not defined,STATE,1714.138,1725.621,11.483,NA,,,,,,
R,2025-04-07 12:45:01.060,timestamp date time: 2023-05-02; 14:41:57,Live observation,NA,0.0,1798.584,NA,NA,No focal subject,1798.445,stop panting,Not defined,STATE,1725.622,1763.822,38.200,NA,,,,,,
R,2025-04-07 12:45:01.060,timestamp date time: 2023-05-02; 14:41:57,Live observation,NA,0.0,1798.584,NA,NA,No focal subject,1798.445,out of sight,Not defined,STATE,1763.823,1776.520,12.697,NA,,,,,,
R,2025-04-07 12:45:01.060,timestamp date time: 2023-05-02; 14:41:57,Live observation,NA,0.0,1798.584,NA,NA,No focal subject,1798.445,stop panting,Not defined,STATE,1776.521,1799.786,23.265,NA,,,,,,
S,2025-04-07 17:06:02.614,timestamp date time: 2023-05-04; 15:30:39,Live observation,NA,0.0,1798.326,NA,NA,No focal subject,1798.167,out of sight,Not defined,STATE,1.435,30.292,28.857,NA,,,,,,
S,2025-04-07 17:06:02.614,timestamp date time: 2023-05-04; 15:30:39,Live observation,NA,0.0,1798.326,NA,NA,No focal subject,1798.167,stop panting,Not defined,STATE,30.293,35.874,5.581,NA,,,,,,
S,2025-04-07 17:06:02.614,timestamp date time: 2023-05-04; 15:30:39,Live observation,NA,0.0,1798.326,NA,NA,No focal subject,1798.167,out of sight,Not defined,STATE,35.875,41.947,6.072,NA,,,,,,
S,2025-04-07 17:06:02.614,timestamp date time: 2023-05-04; 15:30:39,Live observation,NA,0.0,1798.326,NA,NA,No focal subject,1798.167,stop panting,Not defined,STATE,41.948,44.844,2.896,NA,,,,,,
S,2025-04-07 17:06:02.614,timestamp date time: 2023-05-04; 15:30:39,Live observation,NA,0.0,1798.326,NA,NA,No focal subject,1798.167,out of sight,Not defined,STATE,44.845,49.319,4.474,NA,,,,,,
S,2025-04-07 17:06:02.614,timestamp date time: 2023-05-04; 15:30:39,Live observation,NA,0.0,1798.326,NA,NA,No focal subject,1798.167,stop panting,Not defined,STATE,49.320,50.480,1.160,NA,,,,,,
S,2025-04-07 17:06:02.614,timestamp date time: 2023-05-04; 15:30:39,Live observation,NA,0.0,1798.326,NA,NA,No focal subject,1798.167,out of sight,Not defined,STATE,50.481,87.018,36.537,NA,,,,,,
S,2025-04-07 17:06:02.614,timestamp date time: 2023-05-04; 15:30:39,Live observation,NA,0.0,1798.326,NA,NA,No focal subject,1798.167,panting,Not defined,STATE,87.019,89.846,2.827,NA,,,,,,
S,2025-04-07 17:06:02.614,timestamp date time: 2023-05-04; 15:30:39,Live observation,NA,0.0,1798.326,NA,NA,No focal subject,1798.167,out of sight,Not defined,STATE,89.847,139.943,50.096,NA,,,,,,
S,2025-04-07 17:06:02.614,timestamp date time: 2023-05-04; 15:30:39,Live observation,NA,0.0,1798.326,NA,NA,No focal subject,1798.167,stop panting,Not defined,STATE,139.944,144.054,4.110,NA,,,,,,
S,2025-04-07 17:06:02.614,timestamp date time: 2023-05-04; 15:30:39,Live observation,NA,0.0,1798.326,NA,NA,No focal subject,1798.167,out of sight,Not defined,STATE,144.055,163.080,19.025,NA,,,,,,
S,2025-04-07 17:06:02.614,timestamp date time: 2023-05-04; 15:30:39,Live observation,NA,0.0,1798.326,NA,NA,No focal subject,1798.167,stop panting,Not defined,STATE,163.081,164.120,1.039,NA,,,,,,
S,2025-04-07 17:06:02.614,timestamp date time: 2023-05-04; 15:30:39,Live observation,NA,0.0,1798.326,NA,NA,No focal subject,1798.167,panting,Not defined,STATE,164.121,166.622,2.501,NA,,,,,,
S,2025-04-07 17:06:02.614,timestamp date time: 2023-05-04; 15:30:39,Live observation,NA,0.0,1798.326,NA,NA,No focal subject,1798.167,out of sight,Not defined,STATE,166.623,205.178,38.555,NA,,,,,,
S,2025-04-07 17:06:02.614,timestamp date time: 2023-05-04; 15:30:39,Live observation,NA,0.0,1798.326,NA,NA,No focal subject,1798.167,stop panting,Not defined,STATE,205.179,208.227,3.048,NA,,,,,,
S,2025-04-07 17:06:02.614,timestamp date time: 2023-05-04; 15:30:39,Live observation,NA,0.0,1798.326,NA,NA,No focal subject,1798.167,out of sight,Not defined,STATE,208.228,227.614,19.386,NA,,,,,,
S,2025-04-07 17:06:02.614,timestamp date time: 2023-05-04; 15:30:39,Live observation,NA,0.0,1798.326,NA,NA,No focal subject,1798.167,stop panting,Not defined,STATE,227.615,229.022,1.407,NA,,,,,,
S,2025-04-07 17:06:02.614,timestamp date time: 2023-05-04; 15:30:39,Live observation,NA,0.0,1798.326,NA,NA,No focal subject,1798.167,out of sight,Not defined,STATE,229.023,254.201,25.178,NA,,,,,,
S,2025-04-07 17:06:02.614,timestamp date time: 2023-05-04; 15:30:39,Live observation,NA,0.0,1798.326,NA,NA,No focal subject,1798.167,stop panting,Not defined,STATE,254.202,255.234,1.032,NA,,,,,,
S,2025-04-07 17:06:02.614,timestamp date time: 2023-05-04; 15:30:39,Live observation,NA,0.0,1798.326,NA,NA,No focal subject,1798.167,out of sight,Not defined,STATE,255.235,269.452,14.217,NA,,,,,,
S,2025-04-07 17:06:02.614,timestamp date time: 2023-05-04; 15:30:39,Live observation,NA,0.0,1798.326,NA,NA,No focal subject,1798.167,stop panting,Not defined,STATE,269.453,271.866,2.413,NA,,,,,,
S,2025-04-07 17:06:02.614,timestamp date time: 2023-05-04; 15:30:39,Live observation,NA,0.0,1798.326,NA,NA,No focal subject,1798.167,out of sight,Not defined,STATE,271.867,275.494,3.627,NA,,,,,,
S,2025-04-07 17:06:02.614,timestamp date time: 2023-05-04; 15:30:39,Live observation,NA,0.0,1798.326,NA,NA,No focal subject,1798.167,panting,Not defined,STATE,275.495,276.818,1.323,NA,,,,,,
S,2025-04-07 17:06:02.614,timestamp date time: 2023-05-04; 15:30:39,Live observation,NA,0.0,1798.326,NA,NA,No focal subject,1798.167,out of sight,Not defined,STATE,276.819,310.980,34.161,NA,,,,,,
S,2025-04-07 17:06:02.614,timestamp date time: 2023-05-04; 15:30:39,Live observation,NA,0.0,1798.326,NA,NA,No focal subject,1798.167,stop panting,Not defined,STATE,310.981,312.792,1.811,NA,,,,,,
S,2025-04-07 17:06:02.614,timestamp date time: 2023-05-04; 15:30:39,Live observation,NA,0.0,1798.326,NA,NA,No focal subject,1798.167,out of sight,Not defined,STATE,312.793,341.807,29.014,NA,,,,,,
S,2025-04-07 17:06:02.614,timestamp date time: 2023-05-04; 15:30:39,Live observation,NA,0.0,1798.326,NA,NA,No focal subject,1798.167,stop panting,Not defined,STATE,341.808,342.938,1.130,NA,,,,,,
S,2025-04-07 17:06:02.614,timestamp date time: 2023-05-04; 15:30:39,Live observation,NA,0.0,1798.326,NA,NA,No focal subject,1798.167,out of sight,Not defined,STATE,342.939,417.655,74.716,NA,,,,,,
S,2025-04-07 17:06:02.614,timestamp date time: 2023-05-04; 15:30:39,Live observation,NA,0.0,1798.326,NA,NA,No focal subject,1798.167,stop panting,Not defined,STATE,417.656,430.906,13.250,NA,,,,,,
S,2025-04-07 17:06:02.614,timestamp date time: 2023-05-04; 15:30:39,Live observation,NA,0.0,1798.326,NA,NA,No focal subject,1798.167,out of sight,Not defined,STATE,430.907,432.817,1.910,NA,,,,,,
S,2025-04-07 17:06:02.614,timestamp date time: 2023-05-04; 15:30:39,Live observation,NA,0.0,1798.326,NA,NA,No focal subject,1798.167,stop panting,Not defined,STATE,432.818,435.844,3.026,NA,,,,,,
S,2025-04-07 17:06:02.614,timestamp date time: 2023-05-04; 15:30:39,Live observation,NA,0.0,1798.326,NA,NA,No focal subject,1798.167,out of sight,Not defined,STATE,435.845,438.527,2.682,NA,,,,,,
S,2025-04-07 17:06:02.614,timestamp date time: 2023-05-04; 15:30:39,Live observation,NA,0.0,1798.326,NA,NA,No focal subject,1798.167,stop panting,Not defined,STATE,438.528,439.257,0.729,NA,,,,,,
S,2025-04-07 17:06:02.614,timestamp date time: 2023-05-04; 15:30:39,Live observation,NA,0.0,1798.326,NA,NA,No focal subject,1798.167,out of sight,Not defined,STATE,439.258,501.043,61.785,NA,,,,,,
S,2025-04-07 17:06:02.614,timestamp date time: 2023-05-04; 15:30:39,Live observation,NA,0.0,1798.326,NA,NA,No focal subject,1798.167,panting,Not defined,STATE,501.044,502.422,1.378,NA,,,,,,
S,2025-04-07 17:06:02.614,timestamp date time: 2023-05-04; 15:30:39,Live observation,NA,0.0,1798.326,NA,NA,No focal subject,1798.167,out of sight,Not defined,STATE,502.423,503.752,1.329,NA,,,,,,
S,2025-04-07 17:06:02.614,timestamp date time: 2023-05-04; 15:30:39,Live observation,NA,0.0,1798.326,NA,NA,No focal subject,1798.167,panting,Not defined,STATE,503.753,504.544,0.791,NA,,,,,,
S,2025-04-07 17:06:02.614,timestamp date time: 2023-05-04; 15:30:39,Live observation,NA,0.0,1798.326,NA,NA,No focal subject,1798.167,out of sight,Not defined,STATE,504.545,506.733,2.188,NA,,,,,,
S,2025-04-07 17:06:02.614,timestamp date time: 2023-05-04; 15:30:39,Live observation,NA,0.0,1798.326,NA,NA,No focal subject,1798.167,panting,Not defined,STATE,506.734,508.656,1.922,NA,,,,,,
S,2025-04-07 17:06:02.614,timestamp date time: 2023-05-04; 15:30:39,Live observation,NA,0.0,1798.326,NA,NA,No focal subject,1798.167,out of sight,Not defined,STATE,508.657,509.589,0.932,NA,,,,,,
S,2025-04-07 17:06:02.614,timestamp date time: 2023-05-04; 15:30:39,Live observation,NA,0.0,1798.326,NA,NA,No focal subject,1798.167,panting,Not defined,STATE,509.590,510.780,1.190,NA,,,,,,
S,2025-04-07 17:06:02.614,timestamp date time: 2023-05-04; 15:30:39,Live observation,NA,0.0,1798.326,NA,NA,No focal subject,1798.167,out of sight,Not defined,STATE,510.781,528.574,17.793,NA,,,,,,
S,2025-04-07 17:06:02.614,timestamp date time: 2023-05-04; 15:30:39,Live observation,NA,0.0,1798.326,NA,NA,No focal subject,1798.167,stop panting,Not defined,STATE,528.575,537.640,9.065,NA,,,,,,
S,2025-04-07 17:06:02.614,timestamp date time: 2023-05-04; 15:30:39,Live observation,NA,0.0,1798.326,NA,NA,No focal subject,1798.167,out of sight,Not defined,STATE,537.641,571.463,33.822,NA,,,,,,
S,2025-04-07 17:06:02.614,timestamp date time: 2023-05-04; 15:30:39,Live observation,NA,0.0,1798.326,NA,NA,No focal subject,1798.167,stop panting,Not defined,STATE,571.464,581.339,9.875,NA,,,,,,
S,2025-04-07 17:06:02.614,timestamp date time: 2023-05-04; 15:30:39,Live observation,NA,0.0,1798.326,NA,NA,No focal subject,1798.167,out of sight,Not defined,STATE,581.340,596.531,15.191,NA,,,,,,
S,2025-04-07 17:06:02.614,timestamp date time: 2023-05-04; 15:30:39,Live observation,NA,0.0,1798.326,NA,NA,No focal subject,1798.167,stop panting,Not defined,STATE,596.532,601.900,5.368,NA,,,,,,
S,2025-04-07 17:06:02.614,timestamp date time: 2023-05-04; 15:30:39,Live observation,NA,0.0,1798.326,NA,NA,No focal subject,1798.167,out of sight,Not defined,STATE,601.901,603.741,1.840,NA,,,,,,
S,2025-04-07 17:06:02.614,timestamp date time: 2023-05-04; 15:30:39,Live observation,NA,0.0,1798.326,NA,NA,No focal subject,1798.167,stop panting,Not defined,STATE,603.742,605.458,1.716,NA,,,,,,
S,2025-04-07 17:06:02.614,timestamp date time: 2023-05-04; 15:30:39,Live observation,NA,0.0,1798.326,NA,NA,No focal subject,1798.167,out of sight,Not defined,STATE,605.459,631.599,26.140,NA,,,,,,
S,2025-04-07 17:06:02.614,timestamp date time: 2023-05-04; 15:30:39,Live observation,NA,0.0,1798.326,NA,NA,No focal subject,1798.167,stop panting,Not defined,STATE,631.600,635.514,3.914,NA,,,,,,
S,2025-04-07 17:06:02.614,timestamp date time: 2023-05-04; 15:30:39,Live observation,NA,0.0,1798.326,NA,NA,No focal subject,1798.167,out of sight,Not defined,STATE,635.515,658.911,23.396,NA,,,,,,
S,2025-04-07 17:06:02.614,timestamp date time: 2023-05-04; 15:30:39,Live observation,NA,0.0,1798.326,NA,NA,No focal subject,1798.167,stop panting,Not defined,STATE,658.912,660.386,1.474,NA,,,,,,
S,2025-04-07 17:06:02.614,timestamp date time: 2023-05-04; 15:30:39,Live observation,NA,0.0,1798.326,NA,NA,No focal subject,1798.167,out of sight,Not defined,STATE,660.387,665.717,5.330,NA,,,,,,
S,2025-04-07 17:06:02.614,timestamp date time: 2023-05-04; 15:30:39,Live observation,NA,0.0,1798.326,NA,NA,No focal subject,1798.167,panting,Not defined,STATE,665.718,666.560,0.842,NA,,,,,,
S,2025-04-07 17:06:02.614,timestamp date time: 2023-05-04; 15:30:39,Live observation,NA,0.0,1798.326,NA,NA,No focal subject,1798.167,out of sight,Not defined,STATE,666.561,679.996,13.435,NA,,,,,,
S,2025-04-07 17:06:02.614,timestamp date time: 2023-05-04; 15:30:39,Live observation,NA,0.0,1798.326,NA,NA,No focal subject,1798.167,panting,Not defined,STATE,679.997,681.170,1.173,NA,,,,,,
S,2025-04-07 17:06:02.614,timestamp date time: 2023-05-04; 15:30:39,Live observation,NA,0.0,1798.326,NA,NA,No focal subject,1798.167,out of sight,Not defined,STATE,681.171,702.182,21.011,NA,,,,,,
S,2025-04-07 17:06:02.614,timestamp date time: 2023-05-04; 15:30:39,Live observation,NA,0.0,1798.326,NA,NA,No focal subject,1798.167,stop panting,Not defined,STATE,702.183,702.908,0.725,NA,,,,,,
S,2025-04-07 17:06:02.614,timestamp date time: 2023-05-04; 15:30:39,Live observation,NA,0.0,1798.326,NA,NA,No focal subject,1798.167,out of sight,Not defined,STATE,702.909,762.494,59.585,NA,,,,,,
S,2025-04-07 17:06:02.614,timestamp date time: 2023-05-04; 15:30:39,Live observation,NA,0.0,1798.326,NA,NA,No focal subject,1798.167,stop panting,Not defined,STATE,762.495,763.018,0.523,NA,,,,,,
S,2025-04-07 17:06:02.614,timestamp date time: 2023-05-04; 15:30:39,Live observation,NA,0.0,1798.326,NA,NA,No focal subject,1798.167,out of sight,Not defined,STATE,763.019,771.378,8.359,NA,,,,,,
S,2025-04-07 17:06:02.614,timestamp date time: 2023-05-04; 15:30:39,Live observation,NA,0.0,1798.326,NA,NA,No focal subject,1798.167,panting,Not defined,STATE,771.379,772.628,1.249,NA,,,,,,
S,2025-04-07 17:06:02.614,timestamp date time: 2023-05-04; 15:30:39,Live observation,NA,0.0,1798.326,NA,NA,No focal subject,1798.167,out of sight,Not defined,STATE,772.629,777.704,5.075,NA,,,,,,
S,2025-04-07 17:06:02.614,timestamp date time: 2023-05-04; 15:30:39,Live observation,NA,0.0,1798.326,NA,NA,No focal subject,1798.167,stop panting,Not defined,STATE,777.705,778.796,1.091,NA,,,,,,
S,2025-04-07 17:06:02.614,timestamp date time: 2023-05-04; 15:30:39,Live observation,NA,0.0,1798.326,NA,NA,No focal subject,1798.167,out of sight,Not defined,STATE,778.797,832.456,53.659,NA,,,,,,
S,2025-04-07 17:06:02.614,timestamp date time: 2023-05-04; 15:30:39,Live observation,NA,0.0,1798.326,NA,NA,No focal subject,1798.167,stop panting,Not defined,STATE,832.457,835.780,3.323,NA,,,,,,
S,2025-04-07 17:06:02.614,timestamp date time: 2023-05-04; 15:30:39,Live observation,NA,0.0,1798.326,NA,NA,No focal subject,1798.167,out of sight,Not defined,STATE,835.781,872.347,36.566,NA,,,,,,
S,2025-04-07 17:06:02.614,timestamp date time: 2023-05-04; 15:30:39,Live observation,NA,0.0,1798.326,NA,NA,No focal subject,1798.167,stop panting,Not defined,STATE,872.348,872.779,0.431,NA,,,,,,
S,2025-04-07 17:06:02.614,timestamp date time: 2023-05-04; 15:30:39,Live observation,NA,0.0,1798.326,NA,NA,No focal subject,1798.167,panting,Not defined,STATE,872.780,873.332,0.552,NA,,,,,,
S,2025-04-07 17:06:02.614,timestamp date time: 2023-05-04; 15:30:39,Live observation,NA,0.0,1798.326,NA,NA,No focal subject,1798.167,out of sight,Not defined,STATE,873.333,894.087,20.754,NA,,,,,,
S,2025-04-07 17:06:02.614,timestamp date time: 2023-05-04; 15:30:39,Live observation,NA,0.0,1798.326,NA,NA,No focal subject,1798.167,panting,Not defined,STATE,894.088,894.830,0.742,NA,,,,,,
S,2025-04-07 17:06:02.614,timestamp date time: 2023-05-04; 15:30:39,Live observation,NA,0.0,1798.326,NA,NA,No focal subject,1798.167,out of sight,Not defined,STATE,894.831,927.341,32.510,NA,,,,,,
S,2025-04-07 17:06:02.614,timestamp date time: 2023-05-04; 15:30:39,Live observation,NA,0.0,1798.326,NA,NA,No focal subject,1798.167,stop panting,Not defined,STATE,927.342,927.927,0.585,NA,,,,,,
S,2025-04-07 17:06:02.614,timestamp date time: 2023-05-04; 15:30:39,Live observation,NA,0.0,1798.326,NA,NA,No focal subject,1798.167,out of sight,Not defined,STATE,927.928,933.544,5.616,NA,,,,,,
S,2025-04-07 17:06:02.614,timestamp date time: 2023-05-04; 15:30:39,Live observation,NA,0.0,1798.326,NA,NA,No focal subject,1798.167,stop panting,Not defined,STATE,933.545,934.100,0.555,NA,,,,,,
S,2025-04-07 17:06:02.614,timestamp date time: 2023-05-04; 15:30:39,Live observation,NA,0.0,1798.326,NA,NA,No focal subject,1798.167,out of sight,Not defined,STATE,934.101,938.798,4.697,NA,,,,,,
S,2025-04-07 17:06:02.614,timestamp date time: 2023-05-04; 15:30:39,Live observation,NA,0.0,1798.326,NA,NA,No focal subject,1798.167,stop panting,Not defined,STATE,938.799,939.270,0.471,NA,,,,,,
S,2025-04-07 17:06:02.614,timestamp date time: 2023-05-04; 15:30:39,Live observation,NA,0.0,1798.326,NA,NA,No focal subject,1798.167,out of sight,Not defined,STATE,939.271,948.084,8.813,NA,,,,,,
S,2025-04-07 17:06:02.614,timestamp date time: 2023-05-04; 15:30:39,Live observation,NA,0.0,1798.326,NA,NA,No focal subject,1798.167,stop panting,Not defined,STATE,948.085,951.784,3.699,NA,,,,,,
S,2025-04-07 17:06:02.614,timestamp date time: 2023-05-04; 15:30:39,Live observation,NA,0.0,1798.326,NA,NA,No focal subject,1798.167,panting,Not defined,STATE,951.785,966.765,14.980,NA,,,,,,
S,2025-04-07 17:06:02.614,timestamp date time: 2023-05-04; 15:30:39,Live observation,NA,0.0,1798.326,NA,NA,No focal subject,1798.167,stop panting,Not defined,STATE,966.766,977.600,10.834,NA,,,,,,
S,2025-04-07 17:06:02.614,timestamp date time: 2023-05-04; 15:30:39,Live observation,NA,0.0,1798.326,NA,NA,No focal subject,1798.167,panting,Not defined,STATE,977.601,985.089,7.488,NA,,,,,,
S,2025-04-07 17:06:02.614,timestamp date time: 2023-05-04; 15:30:39,Live observation,NA,0.0,1798.326,NA,NA,No focal subject,1798.167,out of sight,Not defined,STATE,985.090,997.095,12.005,NA,,,,,,
S,2025-04-07 17:06:02.614,timestamp date time: 2023-05-04; 15:30:39,Live observation,NA,0.0,1798.326,NA,NA,No focal subject,1798.167,stop panting,Not defined,STATE,997.096,1000.732,3.636,NA,,,,,,
S,2025-04-07 17:06:02.614,timestamp date time: 2023-05-04; 15:30:39,Live observation,NA,0.0,1798.326,NA,NA,No focal subject,1798.167,out of sight,Not defined,STATE,1000.733,1012.096,11.363,NA,,,,,,
S,2025-04-07 17:06:02.614,timestamp date time: 2023-05-04; 15:30:39,Live observation,NA,0.0,1798.326,NA,NA,No focal subject,1798.167,panting,Not defined,STATE,1012.097,1023.494,11.397,NA,,,,,,
S,2025-04-07 17:06:02.614,timestamp date time: 2023-05-04; 15:30:39,Live observation,NA,0.0,1798.326,NA,NA,No focal subject,1798.167,stop panting,Not defined,STATE,1023.495,1064.991,41.496,NA,,,,,,
S,2025-04-07 17:06:02.614,timestamp date time: 2023-05-04; 15:30:39,Live observation,NA,0.0,1798.326,NA,NA,No focal subject,1798.167,panting,Not defined,STATE,1064.992,1075.973,10.981,NA,,,,,,
S,2025-04-07 17:06:02.614,timestamp date time: 2023-05-04; 15:30:39,Live observation,NA,0.0,1798.326,NA,NA,No focal subject,1798.167,out of sight,Not defined,STATE,1075.974,1120.068,44.094,NA,,,,,,
S,2025-04-07 17:06:02.614,timestamp date time: 2023-05-04; 15:30:39,Live observation,NA,0.0,1798.326,NA,NA,No focal subject,1798.167,stop panting,Not defined,STATE,1120.069,1120.923,0.854,NA,,,,,,
S,2025-04-07 17:06:02.614,timestamp date time: 2023-05-04; 15:30:39,Live observation,NA,0.0,1798.326,NA,NA,No focal subject,1798.167,out of sight,Not defined,STATE,1120.924,1122.949,2.025,NA,,,,,,
S,2025-04-07 17:06:02.614,timestamp date time: 2023-05-04; 15:30:39,Live observation,NA,0.0,1798.326,NA,NA,No focal subject,1798.167,stop panting,Not defined,STATE,1122.950,1123.367,0.417,NA,,,,,,
S,2025-04-07 17:06:02.614,timestamp date time: 2023-05-04; 15:30:39,Live observation,NA,0.0,1798.326,NA,NA,No focal subject,1798.167,panting,Not defined,STATE,1123.368,1124.417,1.049,NA,,,,,,
S,2025-04-07 17:06:02.614,timestamp date time: 2023-05-04; 15:30:39,Live observation,NA,0.0,1798.326,NA,NA,No focal subject,1798.167,out of sight,Not defined,STATE,1124.418,1133.872,9.454,NA,,,,,,
S,2025-04-07 17:06:02.614,timestamp date time: 2023-05-04; 15:30:39,Live observation,NA,0.0,1798.326,NA,NA,No focal subject,1798.167,stop panting,Not defined,STATE,1133.873,1134.976,1.103,NA,,,,,,
S,2025-04-07 17:06:02.614,timestamp date time: 2023-05-04; 15:30:39,Live observation,NA,0.0,1798.326,NA,NA,No focal subject,1798.167,out of sight,Not defined,STATE,1134.977,1168.617,33.640,NA,,,,,,
S,2025-04-07 17:06:02.614,timestamp date time: 2023-05-04; 15:30:39,Live observation,NA,0.0,1798.326,NA,NA,No focal subject,1798.167,panting,Not defined,STATE,1168.618,1169.195,0.577,NA,,,,,,
S,2025-04-07 17:06:02.614,timestamp date time: 2023-05-04; 15:30:39,Live observation,NA,0.0,1798.326,NA,NA,No focal subject,1798.167,out of sight,Not defined,STATE,1169.196,1171.021,1.825,NA,,,,,,
S,2025-04-07 17:06:02.614,timestamp date time: 2023-05-04; 15:30:39,Live observation,NA,0.0,1798.326,NA,NA,No focal subject,1798.167,panting,Not defined,STATE,1171.022,1177.030,6.008,NA,,,,,,
S,2025-04-07 17:06:02.614,timestamp date time: 2023-05-04; 15:30:39,Live observation,NA,0.0,1798.326,NA,NA,No focal subject,1798.167,out of sight,Not defined,STATE,1177.031,1201.331,24.300,NA,,,,,,
S,2025-04-07 17:06:02.614,timestamp date time: 2023-05-04; 15:30:39,Live observation,NA,0.0,1798.326,NA,NA,No focal subject,1798.167,stop panting,Not defined,STATE,1201.332,1208.383,7.051,NA,,,,,,
S,2025-04-07 17:06:02.614,timestamp date time: 2023-05-04; 15:30:39,Live observation,NA,0.0,1798.326,NA,NA,No focal subject,1798.167,panting,Not defined,STATE,1208.384,1227.412,19.028,NA,,,,,,
S,2025-04-07 17:06:02.614,timestamp date time: 2023-05-04; 15:30:39,Live observation,NA,0.0,1798.326,NA,NA,No focal subject,1798.167,stop panting,Not defined,STATE,1227.413,1232.375,4.962,NA,,,,,,
S,2025-04-07 17:06:02.614,timestamp date time: 2023-05-04; 15:30:39,Live observation,NA,0.0,1798.326,NA,NA,No focal subject,1798.167,panting,Not defined,STATE,1232.376,1241.407,9.031,NA,,,,,,
S,2025-04-07 17:06:02.614,timestamp date time: 2023-05-04; 15:30:39,Live observation,NA,0.0,1798.326,NA,NA,No focal subject,1798.167,out of sight,Not defined,STATE,1241.408,1253.130,11.722,NA,,,,,,
S,2025-04-07 17:06:02.614,timestamp date time: 2023-05-04; 15:30:39,Live observation,NA,0.0,1798.326,NA,NA,No focal subject,1798.167,stop panting,Not defined,STATE,1253.131,1257.004,3.873,NA,,,,,,
S,2025-04-07 17:06:02.614,timestamp date time: 2023-05-04; 15:30:39,Live observation,NA,0.0,1798.326,NA,NA,No focal subject,1798.167,panting,Not defined,STATE,1257.005,1273.916,16.911,NA,,,,,,
S,2025-04-07 17:06:02.614,timestamp date time: 2023-05-04; 15:30:39,Live observation,NA,0.0,1798.326,NA,NA,No focal subject,1798.167,out of sight,Not defined,STATE,1273.917,1283.581,9.664,NA,,,,,,
S,2025-04-07 17:06:02.614,timestamp date time: 2023-05-04; 15:30:39,Live observation,NA,0.0,1798.326,NA,NA,No focal subject,1798.167,panting,Not defined,STATE,1283.582,1291.453,7.871,NA,,,,,,
S,2025-04-07 17:06:02.614,timestamp date time: 2023-05-04; 15:30:39,Live observation,NA,0.0,1798.326,NA,NA,No focal subject,1798.167,out of sight,Not defined,STATE,1291.454,1299.230,7.776,NA,,,,,,
S,2025-04-07 17:06:02.614,timestamp date time: 2023-05-04; 15:30:39,Live observation,NA,0.0,1798.326,NA,NA,No focal subject,1798.167,panting,Not defined,STATE,1299.231,1303.093,3.862,NA,,,,,,
S,2025-04-07 17:06:02.614,timestamp date time: 2023-05-04; 15:30:39,Live observation,NA,0.0,1798.326,NA,NA,No focal subject,1798.167,out of sight,Not defined,STATE,1303.094,1306.295,3.201,NA,,,,,,
S,2025-04-07 17:06:02.614,timestamp date time: 2023-05-04; 15:30:39,Live observation,NA,0.0,1798.326,NA,NA,No focal subject,1798.167,stop panting,Not defined,STATE,1306.296,1315.324,9.028,NA,,,,,,
S,2025-04-07 17:06:02.614,timestamp date time: 2023-05-04; 15:30:39,Live observation,NA,0.0,1798.326,NA,NA,No focal subject,1798.167,out of sight,Not defined,STATE,1315.325,1353.064,37.739,NA,,,,,,
S,2025-04-07 17:06:02.614,timestamp date time: 2023-05-04; 15:30:39,Live observation,NA,0.0,1798.326,NA,NA,No focal subject,1798.167,panting,Not defined,STATE,1353.065,1359.084,6.019,NA,,,,,,
S,2025-04-07 17:06:02.614,timestamp date time: 2023-05-04; 15:30:39,Live observation,NA,0.0,1798.326,NA,NA,No focal subject,1798.167,out of sight,Not defined,STATE,1359.085,1373.084,13.999,NA,,,,,,
S,2025-04-07 17:06:02.614,timestamp date time: 2023-05-04; 15:30:39,Live observation,NA,0.0,1798.326,NA,NA,No focal subject,1798.167,panting,Not defined,STATE,1373.085,1378.334,5.249,NA,,,,,,
S,2025-04-07 17:06:02.614,timestamp date time: 2023-05-04; 15:30:39,Live observation,NA,0.0,1798.326,NA,NA,No focal subject,1798.167,out of sight,Not defined,STATE,1378.335,1420.511,42.176,NA,,,,,,
S,2025-04-07 17:06:02.614,timestamp date time: 2023-05-04; 15:30:39,Live observation,NA,0.0,1798.326,NA,NA,No focal subject,1798.167,panting,Not defined,STATE,1420.512,1423.330,2.818,NA,,,,,,
S,2025-04-07 17:06:02.614,timestamp date time: 2023-05-04; 15:30:39,Live observation,NA,0.0,1798.326,NA,NA,No focal subject,1798.167,out of sight,Not defined,STATE,1423.331,1431.553,8.222,NA,,,,,,
S,2025-04-07 17:06:02.614,timestamp date time: 2023-05-04; 15:30:39,Live observation,NA,0.0,1798.326,NA,NA,No focal subject,1798.167,stop panting,Not defined,STATE,1431.554,1449.983,18.429,NA,,,,,,
S,2025-04-07 17:06:02.614,timestamp date time: 2023-05-04; 15:30:39,Live observation,NA,0.0,1798.326,NA,NA,No focal subject,1798.167,out of sight,Not defined,STATE,1449.984,1465.186,15.202,NA,,,,,,
S,2025-04-07 17:06:02.614,timestamp date time: 2023-05-04; 15:30:39,Live observation,NA,0.0,1798.326,NA,NA,No focal subject,1798.167,stop panting,Not defined,STATE,1465.187,1465.765,0.578,NA,,,,,,
S,2025-04-07 17:06:02.614,timestamp date time: 2023-05-04; 15:30:39,Live observation,NA,0.0,1798.326,NA,NA,No focal subject,1798.167,panting,Not defined,STATE,1465.766,1468.208,2.442,NA,,,,,,
S,2025-04-07 17:06:02.614,timestamp date time: 2023-05-04; 15:30:39,Live observation,NA,0.0,1798.326,NA,NA,No focal subject,1798.167,out of sight,Not defined,STATE,1468.209,1475.087,6.878,NA,,,,,,
S,2025-04-07 17:06:02.614,timestamp date time: 2023-05-04; 15:30:39,Live observation,NA,0.0,1798.326,NA,NA,No focal subject,1798.167,stop panting,Not defined,STATE,1475.088,1480.499,5.411,NA,,,,,,
S,2025-04-07 17:06:02.614,timestamp date time: 2023-05-04; 15:30:39,Live observation,NA,0.0,1798.326,NA,NA,No focal subject,1798.167,out of sight,Not defined,STATE,1480.500,1486.328,5.828,NA,,,,,,
S,2025-04-07 17:06:02.614,timestamp date time: 2023-05-04; 15:30:39,Live observation,NA,0.0,1798.326,NA,NA,No focal subject,1798.167,stop panting,Not defined,STATE,1486.329,1487.178,0.849,NA,,,,,,
S,2025-04-07 17:06:02.614,timestamp date time: 2023-05-04; 15:30:39,Live observation,NA,0.0,1798.326,NA,NA,No focal subject,1798.167,panting,Not defined,STATE,1487.179,1495.362,8.183,NA,,,,,,
S,2025-04-07 17:06:02.614,timestamp date time: 2023-05-04; 15:30:39,Live observation,NA,0.0,1798.326,NA,NA,No focal subject,1798.167,out of sight,Not defined,STATE,1495.363,1498.278,2.915,NA,,,,,,
S,2025-04-07 17:06:02.614,timestamp date time: 2023-05-04; 15:30:39,Live observation,NA,0.0,1798.326,NA,NA,No focal subject,1798.167,stop panting,Not defined,STATE,1498.279,1512.899,14.620,NA,,,,,,
S,2025-04-07 17:06:02.614,timestamp date time: 2023-05-04; 15:30:39,Live observation,NA,0.0,1798.326,NA,NA,No focal subject,1798.167,panting,Not defined,STATE,1512.900,1515.485,2.585,NA,,,,,,
S,2025-04-07 17:06:02.614,timestamp date time: 2023-05-04; 15:30:39,Live observation,NA,0.0,1798.326,NA,NA,No focal subject,1798.167,out of sight,Not defined,STATE,1515.486,1531.427,15.941,NA,,,,,,
S,2025-04-07 17:06:02.614,timestamp date time: 2023-05-04; 15:30:39,Live observation,NA,0.0,1798.326,NA,NA,No focal subject,1798.167,panting,Not defined,STATE,1531.428,1537.974,6.546,NA,,,,,,
S,2025-04-07 17:06:02.614,timestamp date time: 2023-05-04; 15:30:39,Live observation,NA,0.0,1798.326,NA,NA,No focal subject,1798.167,out of sight,Not defined,STATE,1537.975,1555.681,17.706,NA,,,,,,
S,2025-04-07 17:06:02.614,timestamp date time: 2023-05-04; 15:30:39,Live observation,NA,0.0,1798.326,NA,NA,No focal subject,1798.167,panting,Not defined,STATE,1555.682,1556.849,1.167,NA,,,,,,
S,2025-04-07 17:06:02.614,timestamp date time: 2023-05-04; 15:30:39,Live observation,NA,0.0,1798.326,NA,NA,No focal subject,1798.167,out of sight,Not defined,STATE,1556.850,1558.800,1.950,NA,,,,,,
S,2025-04-07 17:06:02.614,timestamp date time: 2023-05-04; 15:30:39,Live observation,NA,0.0,1798.326,NA,NA,No focal subject,1798.167,stop panting,Not defined,STATE,1558.801,1570.991,12.190,NA,,,,,,
S,2025-04-07 17:06:02.614,timestamp date time: 2023-05-04; 15:30:39,Live observation,NA,0.0,1798.326,NA,NA,No focal subject,1798.167,out of sight,Not defined,STATE,1570.992,1589.212,18.220,NA,,,,,,
S,2025-04-07 17:06:02.614,timestamp date time: 2023-05-04; 15:30:39,Live observation,NA,0.0,1798.326,NA,NA,No focal subject,1798.167,panting,Not defined,STATE,1589.213,1591.281,2.068,NA,,,,,,
S,2025-04-07 17:06:02.614,timestamp date time: 2023-05-04; 15:30:39,Live observation,NA,0.0,1798.326,NA,NA,No focal subject,1798.167,out of sight,Not defined,STATE,1591.282,1602.984,11.702,NA,,,,,,
S,2025-04-07 17:06:02.614,timestamp date time: 2023-05-04; 15:30:39,Live observation,NA,0.0,1798.326,NA,NA,No focal subject,1798.167,stop panting,Not defined,STATE,1602.985,1606.104,3.119,NA,,,,,,
S,2025-04-07 17:06:02.614,timestamp date time: 2023-05-04; 15:30:39,Live observation,NA,0.0,1798.326,NA,NA,No focal subject,1798.167,out of sight,Not defined,STATE,1606.105,1608.948,2.843,NA,,,,,,
S,2025-04-07 17:06:02.614,timestamp date time: 2023-05-04; 15:30:39,Live observation,NA,0.0,1798.326,NA,NA,No focal subject,1798.167,panting,Not defined,STATE,1608.949,1611.750,2.801,NA,,,,,,
S,2025-04-07 17:06:02.614,timestamp date time: 2023-05-04; 15:30:39,Live observation,NA,0.0,1798.326,NA,NA,No focal subject,1798.167,out of sight,Not defined,STATE,1611.751,1613.008,1.257,NA,,,,,,
S,2025-04-07 17:06:02.614,timestamp date time: 2023-05-04; 15:30:39,Live observation,NA,0.0,1798.326,NA,NA,No focal subject,1798.167,panting,Not defined,STATE,1613.009,1615.192,2.183,NA,,,,,,
S,2025-04-07 17:06:02.614,timestamp date time: 2023-05-04; 15:30:39,Live observation,NA,0.0,1798.326,NA,NA,No focal subject,1798.167,out of sight,Not defined,STATE,1615.193,1628.314,13.121,NA,,,,,,
S,2025-04-07 17:06:02.614,timestamp date time: 2023-05-04; 15:30:39,Live observation,NA,0.0,1798.326,NA,NA,No focal subject,1798.167,stop panting,Not defined,STATE,1628.315,1630.189,1.874,NA,,,,,,
S,2025-04-07 17:06:02.614,timestamp date time: 2023-05-04; 15:30:39,Live observation,NA,0.0,1798.326,NA,NA,No focal subject,1798.167,out of sight,Not defined,STATE,1630.190,1685.820,55.630,NA,,,,,,
S,2025-04-07 17:06:02.614,timestamp date time: 2023-05-04; 15:30:39,Live observation,NA,0.0,1798.326,NA,NA,No focal subject,1798.167,stop panting,Not defined,STATE,1685.821,1687.618,1.797,NA,,,,,,
S,2025-04-07 17:06:02.614,timestamp date time: 2023-05-04; 15:30:39,Live observation,NA,0.0,1798.326,NA,NA,No focal subject,1798.167,out of sight,Not defined,STATE,1687.619,1707.394,19.775,NA,,,,,,
S,2025-04-07 17:06:02.614,timestamp date time: 2023-05-04; 15:30:39,Live observation,NA,0.0,1798.326,NA,NA,No focal subject,1798.167,stop panting,Not defined,STATE,1707.395,1710.969,3.574,NA,,,,,,
S,2025-04-07 17:06:02.614,timestamp date time: 2023-05-04; 15:30:39,Live observation,NA,0.0,1798.326,NA,NA,No focal subject,1798.167,panting,Not defined,STATE,1710.970,1717.285,6.315,NA,,,,,,
S,2025-04-07 17:06:02.614,timestamp date time: 2023-05-04; 15:30:39,Live observation,NA,0.0,1798.326,NA,NA,No focal subject,1798.167,stop panting,Not defined,STATE,1717.286,1719.988,2.702,NA,,,,,,
S,2025-04-07 17:06:02.614,timestamp date time: 2023-05-04; 15:30:39,Live observation,NA,0.0,1798.326,NA,NA,No focal subject,1798.167,out of sight,Not defined,STATE,1719.989,1732.974,12.985,NA,,,,,,
S,2025-04-07 17:06:02.614,timestamp date time: 2023-05-04; 15:30:39,Live observation,NA,0.0,1798.326,NA,NA,No focal subject,1798.167,stop panting,Not defined,STATE,1732.975,1734.479,1.504,NA,,,,,,
S,2025-04-07 17:06:02.614,timestamp date time: 2023-05-04; 15:30:39,Live observation,NA,0.0,1798.326,NA,NA,No focal subject,1798.167,panting,Not defined,STATE,1734.480,1758.630,24.150,NA,,,,,,
S,2025-04-07 17:06:02.614,timestamp date time: 2023-05-04; 15:30:39,Live observation,NA,0.0,1798.326,NA,NA,No focal subject,1798.167,out of sight,Not defined,STATE,1758.631,1774.515,15.884,NA,,,,,,
S,2025-04-07 17:06:02.614,timestamp date time: 2023-05-04; 15:30:39,Live observation,NA,0.0,1798.326,NA,NA,No focal subject,1798.167,stop panting,Not defined,STATE,1774.516,1799.761,25.245,NA,,,,,,
T,2025-04-07 18:41:31.367,timestamp date time: 2023-05-23; 14:02:17,Live observation,NA,0.0,1798.615,NA,NA,No focal subject,1798.484,stop panting,Not defined,STATE,0.995,13.554,12.559,NA,,,,,,
T,2025-04-07 18:41:31.367,timestamp date time: 2023-05-23; 14:02:17,Live observation,NA,0.0,1798.615,NA,NA,No focal subject,1798.484,out of sight,Not defined,STATE,13.555,17.379,3.824,NA,,,,,,
T,2025-04-07 18:41:31.367,timestamp date time: 2023-05-23; 14:02:17,Live observation,NA,0.0,1798.615,NA,NA,No focal subject,1798.484,stop panting,Not defined,STATE,17.380,23.507,6.127,NA,,,,,,
T,2025-04-07 18:41:31.367,timestamp date time: 2023-05-23; 14:02:17,Live observation,NA,0.0,1798.615,NA,NA,No focal subject,1798.484,panting,Not defined,STATE,23.508,48.412,24.904,NA,,,,,,
T,2025-04-07 18:41:31.367,timestamp date time: 2023-05-23; 14:02:17,Live observation,NA,0.0,1798.615,NA,NA,No focal subject,1798.484,stop panting,Not defined,STATE,48.413,51.412,2.999,NA,,,,,,
T,2025-04-07 18:41:31.367,timestamp date time: 2023-05-23; 14:02:17,Live observation,NA,0.0,1798.615,NA,NA,No focal subject,1798.484,out of sight,Not defined,STATE,51.413,73.496,22.083,NA,,,,,,
T,2025-04-07 18:41:31.367,timestamp date time: 2023-05-23; 14:02:17,Live observation,NA,0.0,1798.615,NA,NA,No focal subject,1798.484,panting,Not defined,STATE,73.497,79.884,6.387,NA,,,,,,
T,2025-04-07 18:41:31.367,timestamp date time: 2023-05-23; 14:02:17,Live observation,NA,0.0,1798.615,NA,NA,No focal subject,1798.484,out of sight,Not defined,STATE,79.885,110.903,31.018,NA,,,,,,
T,2025-04-07 18:41:31.367,timestamp date time: 2023-05-23; 14:02:17,Live observation,NA,0.0,1798.615,NA,NA,No focal subject,1798.484,stop panting,Not defined,STATE,110.904,111.568,0.664,NA,,,,,,
T,2025-04-07 18:41:31.367,timestamp date time: 2023-05-23; 14:02:17,Live observation,NA,0.0,1798.615,NA,NA,No focal subject,1798.484,panting,Not defined,STATE,111.569,152.354,40.785,NA,,,,,,
T,2025-04-07 18:41:31.367,timestamp date time: 2023-05-23; 14:02:17,Live observation,NA,0.0,1798.615,NA,NA,No focal subject,1798.484,out of sight,Not defined,STATE,152.355,156.148,3.793,NA,,,,,,
T,2025-04-07 18:41:31.367,timestamp date time: 2023-05-23; 14:02:17,Live observation,NA,0.0,1798.615,NA,NA,No focal subject,1798.484,stop panting,Not defined,STATE,156.149,166.486,10.337,NA,,,,,,
T,2025-04-07 18:41:31.367,timestamp date time: 2023-05-23; 14:02:17,Live observation,NA,0.0,1798.615,NA,NA,No focal subject,1798.484,out of sight,Not defined,STATE,166.487,167.994,1.507,NA,,,,,,
T,2025-04-07 18:41:31.367,timestamp date time: 2023-05-23; 14:02:17,Live observation,NA,0.0,1798.615,NA,NA,No focal subject,1798.484,stop panting,Not defined,STATE,167.995,174.142,6.147,NA,,,,,,
T,2025-04-07 18:41:31.367,timestamp date time: 2023-05-23; 14:02:17,Live observation,NA,0.0,1798.615,NA,NA,No focal subject,1798.484,out of sight,Not defined,STATE,174.143,192.509,18.366,NA,,,,,,
T,2025-04-07 18:41:31.367,timestamp date time: 2023-05-23; 14:02:17,Live observation,NA,0.0,1798.615,NA,NA,No focal subject,1798.484,stop panting,Not defined,STATE,192.510,195.882,3.372,NA,,,,,,
T,2025-04-07 18:41:31.367,timestamp date time: 2023-05-23; 14:02:17,Live observation,NA,0.0,1798.615,NA,NA,No focal subject,1798.484,out of sight,Not defined,STATE,195.883,202.945,7.062,NA,,,,,,
T,2025-04-07 18:41:31.367,timestamp date time: 2023-05-23; 14:02:17,Live observation,NA,0.0,1798.615,NA,NA,No focal subject,1798.484,stop panting,Not defined,STATE,202.946,208.141,5.195,NA,,,,,,
T,2025-04-07 18:41:31.367,timestamp date time: 2023-05-23; 14:02:17,Live observation,NA,0.0,1798.615,NA,NA,No focal subject,1798.484,out of sight,Not defined,STATE,208.142,217.334,9.192,NA,,,,,,
T,2025-04-07 18:41:31.367,timestamp date time: 2023-05-23; 14:02:17,Live observation,NA,0.0,1798.615,NA,NA,No focal subject,1798.484,stop panting,Not defined,STATE,217.335,223.277,5.942,NA,,,,,,
T,2025-04-07 18:41:31.367,timestamp date time: 2023-05-23; 14:02:17,Live observation,NA,0.0,1798.615,NA,NA,No focal subject,1798.484,panting,Not defined,STATE,223.278,236.094,12.816,NA,,,,,,
T,2025-04-07 18:41:31.367,timestamp date time: 2023-05-23; 14:02:17,Live observation,NA,0.0,1798.615,NA,NA,No focal subject,1798.484,out of sight,Not defined,STATE,236.095,251.485,15.390,NA,,,,,,
T,2025-04-07 18:41:31.367,timestamp date time: 2023-05-23; 14:02:17,Live observation,NA,0.0,1798.615,NA,NA,No focal subject,1798.484,stop panting,Not defined,STATE,251.486,258.470,6.984,NA,,,,,,
T,2025-04-07 18:41:31.367,timestamp date time: 2023-05-23; 14:02:17,Live observation,NA,0.0,1798.615,NA,NA,No focal subject,1798.484,panting,Not defined,STATE,258.471,277.011,18.540,NA,,,,,,
T,2025-04-07 18:41:31.367,timestamp date time: 2023-05-23; 14:02:17,Live observation,NA,0.0,1798.615,NA,NA,No focal subject,1798.484,stop panting,Not defined,STATE,277.012,295.933,18.921,NA,,,,,,
T,2025-04-07 18:41:31.367,timestamp date time: 2023-05-23; 14:02:17,Live observation,NA,0.0,1798.615,NA,NA,No focal subject,1798.484,panting,Not defined,STATE,295.934,299.351,3.417,NA,,,,,,
T,2025-04-07 18:41:31.367,timestamp date time: 2023-05-23; 14:02:17,Live observation,NA,0.0,1798.615,NA,NA,No focal subject,1798.484,out of sight,Not defined,STATE,299.352,324.957,25.605,NA,,,,,,
T,2025-04-07 18:41:31.367,timestamp date time: 2023-05-23; 14:02:17,Live observation,NA,0.0,1798.615,NA,NA,No focal subject,1798.484,stop panting,Not defined,STATE,324.958,330.501,5.543,NA,,,,,,
T,2025-04-07 18:41:31.367,timestamp date time: 2023-05-23; 14:02:17,Live observation,NA,0.0,1798.615,NA,NA,No focal subject,1798.484,panting,Not defined,STATE,330.502,339.197,8.695,NA,,,,,,
T,2025-04-07 18:41:31.367,timestamp date time: 2023-05-23; 14:02:17,Live observation,NA,0.0,1798.615,NA,NA,No focal subject,1798.484,stop panting,Not defined,STATE,339.198,343.208,4.010,NA,,,,,,
T,2025-04-07 18:41:31.367,timestamp date time: 2023-05-23; 14:02:17,Live observation,NA,0.0,1798.615,NA,NA,No focal subject,1798.484,out of sight,Not defined,STATE,343.209,345.275,2.066,NA,,,,,,
T,2025-04-07 18:41:31.367,timestamp date time: 2023-05-23; 14:02:17,Live observation,NA,0.0,1798.615,NA,NA,No focal subject,1798.484,stop panting,Not defined,STATE,345.276,357.964,12.688,NA,,,,,,
T,2025-04-07 18:41:31.367,timestamp date time: 2023-05-23; 14:02:17,Live observation,NA,0.0,1798.615,NA,NA,No focal subject,1798.484,out of sight,Not defined,STATE,357.965,360.817,2.852,NA,,,,,,
T,2025-04-07 18:41:31.367,timestamp date time: 2023-05-23; 14:02:17,Live observation,NA,0.0,1798.615,NA,NA,No focal subject,1798.484,stop panting,Not defined,STATE,360.818,364.756,3.938,NA,,,,,,
T,2025-04-07 18:41:31.367,timestamp date time: 2023-05-23; 14:02:17,Live observation,NA,0.0,1798.615,NA,NA,No focal subject,1798.484,panting,Not defined,STATE,364.757,375.267,10.510,NA,,,,,,
T,2025-04-07 18:41:31.367,timestamp date time: 2023-05-23; 14:02:17,Live observation,NA,0.0,1798.615,NA,NA,No focal subject,1798.484,out of sight,Not defined,STATE,375.268,380.856,5.588,NA,,,,,,
T,2025-04-07 18:41:31.367,timestamp date time: 2023-05-23; 14:02:17,Live observation,NA,0.0,1798.615,NA,NA,No focal subject,1798.484,panting,Not defined,STATE,380.857,396.279,15.422,NA,,,,,,
T,2025-04-07 18:41:31.367,timestamp date time: 2023-05-23; 14:02:17,Live observation,NA,0.0,1798.615,NA,NA,No focal subject,1798.484,stop panting,Not defined,STATE,396.280,404.838,8.558,NA,,,,,,
T,2025-04-07 18:41:31.367,timestamp date time: 2023-05-23; 14:02:17,Live observation,NA,0.0,1798.615,NA,NA,No focal subject,1798.484,panting,Not defined,STATE,404.839,408.035,3.196,NA,,,,,,
T,2025-04-07 18:41:31.367,timestamp date time: 2023-05-23; 14:02:17,Live observation,NA,0.0,1798.615,NA,NA,No focal subject,1798.484,out of sight,Not defined,STATE,408.036,413.492,5.456,NA,,,,,,
T,2025-04-07 18:41:31.367,timestamp date time: 2023-05-23; 14:02:17,Live observation,NA,0.0,1798.615,NA,NA,No focal subject,1798.484,panting,Not defined,STATE,413.493,421.373,7.880,NA,,,,,,
T,2025-04-07 18:41:31.367,timestamp date time: 2023-05-23; 14:02:17,Live observation,NA,0.0,1798.615,NA,NA,No focal subject,1798.484,out of sight,Not defined,STATE,421.374,424.684,3.310,NA,,,,,,
T,2025-04-07 18:41:31.367,timestamp date time: 2023-05-23; 14:02:17,Live observation,NA,0.0,1798.615,NA,NA,No focal subject,1798.484,stop panting,Not defined,STATE,424.685,424.992,0.307,NA,,,,,,
T,2025-04-07 18:41:31.367,timestamp date time: 2023-05-23; 14:02:17,Live observation,NA,0.0,1798.615,NA,NA,No focal subject,1798.484,panting,Not defined,STATE,424.993,432.878,7.885,NA,,,,,,
T,2025-04-07 18:41:31.367,timestamp date time: 2023-05-23; 14:02:17,Live observation,NA,0.0,1798.615,NA,NA,No focal subject,1798.484,out of sight,Not defined,STATE,432.879,439.015,6.136,NA,,,,,,
T,2025-04-07 18:41:31.367,timestamp date time: 2023-05-23; 14:02:17,Live observation,NA,0.0,1798.615,NA,NA,No focal subject,1798.484,panting,Not defined,STATE,439.016,449.815,10.799,NA,,,,,,
T,2025-04-07 18:41:31.367,timestamp date time: 2023-05-23; 14:02:17,Live observation,NA,0.0,1798.615,NA,NA,No focal subject,1798.484,stop panting,Not defined,STATE,449.816,455.387,5.571,NA,,,,,,
T,2025-04-07 18:41:31.367,timestamp date time: 2023-05-23; 14:02:17,Live observation,NA,0.0,1798.615,NA,NA,No focal subject,1798.484,out of sight,Not defined,STATE,455.388,457.009,1.621,NA,,,,,,
T,2025-04-07 18:41:31.367,timestamp date time: 2023-05-23; 14:02:17,Live observation,NA,0.0,1798.615,NA,NA,No focal subject,1798.484,stop panting,Not defined,STATE,457.010,459.128,2.118,NA,,,,,,
T,2025-04-07 18:41:31.367,timestamp date time: 2023-05-23; 14:02:17,Live observation,NA,0.0,1798.615,NA,NA,No focal subject,1798.484,out of sight,Not defined,STATE,459.129,495.043,35.914,NA,,,,,,
T,2025-04-07 18:41:31.367,timestamp date time: 2023-05-23; 14:02:17,Live observation,NA,0.0,1798.615,NA,NA,No focal subject,1798.484,stop panting,Not defined,STATE,495.044,504.613,9.569,NA,,,,,,
T,2025-04-07 18:41:31.367,timestamp date time: 2023-05-23; 14:02:17,Live observation,NA,0.0,1798.615,NA,NA,No focal subject,1798.484,out of sight,Not defined,STATE,504.614,509.849,5.235,NA,,,,,,
T,2025-04-07 18:41:31.367,timestamp date time: 2023-05-23; 14:02:17,Live observation,NA,0.0,1798.615,NA,NA,No focal subject,1798.484,stop panting,Not defined,STATE,509.850,525.299,15.449,NA,,,,,,
T,2025-04-07 18:41:31.367,timestamp date time: 2023-05-23; 14:02:17,Live observation,NA,0.0,1798.615,NA,NA,No focal subject,1798.484,out of sight,Not defined,STATE,525.300,535.032,9.732,NA,,,,,,
T,2025-04-07 18:41:31.367,timestamp date time: 2023-05-23; 14:02:17,Live observation,NA,0.0,1798.615,NA,NA,No focal subject,1798.484,stop panting,Not defined,STATE,535.033,541.279,6.246,NA,,,,,,
T,2025-04-07 18:41:31.367,timestamp date time: 2023-05-23; 14:02:17,Live observation,NA,0.0,1798.615,NA,NA,No focal subject,1798.484,panting,Not defined,STATE,541.280,549.345,8.065,NA,,,,,,
T,2025-04-07 18:41:31.367,timestamp date time: 2023-05-23; 14:02:17,Live observation,NA,0.0,1798.615,NA,NA,No focal subject,1798.484,out of sight,Not defined,STATE,549.346,561.051,11.705,NA,,,,,,
T,2025-04-07 18:41:31.367,timestamp date time: 2023-05-23; 14:02:17,Live observation,NA,0.0,1798.615,NA,NA,No focal subject,1798.484,panting,Not defined,STATE,561.052,639.099,78.047,NA,,,,,,
T,2025-04-07 18:41:31.367,timestamp date time: 2023-05-23; 14:02:17,Live observation,NA,0.0,1798.615,NA,NA,No focal subject,1798.484,out of sight,Not defined,STATE,639.100,648.233,9.133,NA,,,,,,
T,2025-04-07 18:41:31.367,timestamp date time: 2023-05-23; 14:02:17,Live observation,NA,0.0,1798.615,NA,NA,No focal subject,1798.484,panting,Not defined,STATE,648.234,670.280,22.046,NA,,,,,,
T,2025-04-07 18:41:31.367,timestamp date time: 2023-05-23; 14:02:17,Live observation,NA,0.0,1798.615,NA,NA,No focal subject,1798.484,out of sight,Not defined,STATE,670.281,691.049,20.768,NA,,,,,,
T,2025-04-07 18:41:31.367,timestamp date time: 2023-05-23; 14:02:17,Live observation,NA,0.0,1798.615,NA,NA,No focal subject,1798.484,panting,Not defined,STATE,691.050,712.198,21.148,NA,,,,,,
T,2025-04-07 18:41:31.367,timestamp date time: 2023-05-23; 14:02:17,Live observation,NA,0.0,1798.615,NA,NA,No focal subject,1798.484,out of sight,Not defined,STATE,712.199,722.224,10.025,NA,,,,,,
T,2025-04-07 18:41:31.367,timestamp date time: 2023-05-23; 14:02:17,Live observation,NA,0.0,1798.615,NA,NA,No focal subject,1798.484,stop panting,Not defined,STATE,722.225,725.737,3.512,NA,,,,,,
T,2025-04-07 18:41:31.367,timestamp date time: 2023-05-23; 14:02:17,Live observation,NA,0.0,1798.615,NA,NA,No focal subject,1798.484,out of sight,Not defined,STATE,725.738,742.974,17.236,NA,,,,,,
T,2025-04-07 18:41:31.367,timestamp date time: 2023-05-23; 14:02:17,Live observation,NA,0.0,1798.615,NA,NA,No focal subject,1798.484,stop panting,Not defined,STATE,742.975,744.933,1.958,NA,,,,,,
T,2025-04-07 18:41:31.367,timestamp date time: 2023-05-23; 14:02:17,Live observation,NA,0.0,1798.615,NA,NA,No focal subject,1798.484,panting,Not defined,STATE,744.934,771.097,26.163,NA,,,,,,
T,2025-04-07 18:41:31.367,timestamp date time: 2023-05-23; 14:02:17,Live observation,NA,0.0,1798.615,NA,NA,No focal subject,1798.484,out of sight,Not defined,STATE,771.098,782.401,11.303,NA,,,,,,
T,2025-04-07 18:41:31.367,timestamp date time: 2023-05-23; 14:02:17,Live observation,NA,0.0,1798.615,NA,NA,No focal subject,1798.484,stop panting,Not defined,STATE,782.402,784.762,2.360,NA,,,,,,
T,2025-04-07 18:41:31.367,timestamp date time: 2023-05-23; 14:02:17,Live observation,NA,0.0,1798.615,NA,NA,No focal subject,1798.484,out of sight,Not defined,STATE,784.763,794.867,10.104,NA,,,,,,
T,2025-04-07 18:41:31.367,timestamp date time: 2023-05-23; 14:02:17,Live observation,NA,0.0,1798.615,NA,NA,No focal subject,1798.484,stop panting,Not defined,STATE,794.868,808.488,13.620,NA,,,,,,
T,2025-04-07 18:41:31.367,timestamp date time: 2023-05-23; 14:02:17,Live observation,NA,0.0,1798.615,NA,NA,No focal subject,1798.484,panting,Not defined,STATE,808.489,820.658,12.169,NA,,,,,,
T,2025-04-07 18:41:31.367,timestamp date time: 2023-05-23; 14:02:17,Live observation,NA,0.0,1798.615,NA,NA,No focal subject,1798.484,out of sight,Not defined,STATE,820.659,831.951,11.292,NA,,,,,,
T,2025-04-07 18:41:31.367,timestamp date time: 2023-05-23; 14:02:17,Live observation,NA,0.0,1798.615,NA,NA,No focal subject,1798.484,panting,Not defined,STATE,831.952,837.498,5.546,NA,,,,,,
T,2025-04-07 18:41:31.367,timestamp date time: 2023-05-23; 14:02:17,Live observation,NA,0.0,1798.615,NA,NA,No focal subject,1798.484,out of sight,Not defined,STATE,837.499,839.143,1.644,NA,,,,,,
T,2025-04-07 18:41:31.367,timestamp date time: 2023-05-23; 14:02:17,Live observation,NA,0.0,1798.615,NA,NA,No focal subject,1798.484,panting,Not defined,STATE,839.144,902.770,63.626,NA,,,,,,
T,2025-04-07 18:41:31.367,timestamp date time: 2023-05-23; 14:02:17,Live observation,NA,0.0,1798.615,NA,NA,No focal subject,1798.484,out of sight,Not defined,STATE,902.771,972.203,69.432,NA,,,,,,
T,2025-04-07 18:41:31.367,timestamp date time: 2023-05-23; 14:02:17,Live observation,NA,0.0,1798.615,NA,NA,No focal subject,1798.484,panting,Not defined,STATE,972.204,1000.472,28.268,NA,,,,,,
T,2025-04-07 18:41:31.367,timestamp date time: 2023-05-23; 14:02:17,Live observation,NA,0.0,1798.615,NA,NA,No focal subject,1798.484,out of sight,Not defined,STATE,1000.473,1007.715,7.242,NA,,,,,,
T,2025-04-07 18:41:31.367,timestamp date time: 2023-05-23; 14:02:17,Live observation,NA,0.0,1798.615,NA,NA,No focal subject,1798.484,panting,Not defined,STATE,1007.716,1022.184,14.468,NA,,,,,,
T,2025-04-07 18:41:31.367,timestamp date time: 2023-05-23; 14:02:17,Live observation,NA,0.0,1798.615,NA,NA,No focal subject,1798.484,out of sight,Not defined,STATE,1022.185,1027.279,5.094,NA,,,,,,
T,2025-04-07 18:41:31.367,timestamp date time: 2023-05-23; 14:02:17,Live observation,NA,0.0,1798.615,NA,NA,No focal subject,1798.484,stop panting,Not defined,STATE,1027.280,1029.180,1.900,NA,,,,,,
T,2025-04-07 18:41:31.367,timestamp date time: 2023-05-23; 14:02:17,Live observation,NA,0.0,1798.615,NA,NA,No focal subject,1798.484,out of sight,Not defined,STATE,1029.181,1035.324,6.143,NA,,,,,,
T,2025-04-07 18:41:31.367,timestamp date time: 2023-05-23; 14:02:17,Live observation,NA,0.0,1798.615,NA,NA,No focal subject,1798.484,stop panting,Not defined,STATE,1035.325,1035.846,0.521,NA,,,,,,
T,2025-04-07 18:41:31.367,timestamp date time: 2023-05-23; 14:02:17,Live observation,NA,0.0,1798.615,NA,NA,No focal subject,1798.484,panting,Not defined,STATE,1035.847,1044.873,9.026,NA,,,,,,
T,2025-04-07 18:41:31.367,timestamp date time: 2023-05-23; 14:02:17,Live observation,NA,0.0,1798.615,NA,NA,No focal subject,1798.484,out of sight,Not defined,STATE,1044.874,1059.980,15.106,NA,,,,,,
T,2025-04-07 18:41:31.367,timestamp date time: 2023-05-23; 14:02:17,Live observation,NA,0.0,1798.615,NA,NA,No focal subject,1798.484,panting,Not defined,STATE,1059.981,1090.011,30.030,NA,,,,,,
T,2025-04-07 18:41:31.367,timestamp date time: 2023-05-23; 14:02:17,Live observation,NA,0.0,1798.615,NA,NA,No focal subject,1798.484,stop panting,Not defined,STATE,1090.012,1098.401,8.389,NA,,,,,,
T,2025-04-07 18:41:31.367,timestamp date time: 2023-05-23; 14:02:17,Live observation,NA,0.0,1798.615,NA,NA,No focal subject,1798.484,panting,Not defined,STATE,1098.402,1137.389,38.987,NA,,,,,,
T,2025-04-07 18:41:31.367,timestamp date time: 2023-05-23; 14:02:17,Live observation,NA,0.0,1798.615,NA,NA,No focal subject,1798.484,out of sight,Not defined,STATE,1137.390,1188.674,51.284,NA,,,,,,
T,2025-04-07 18:41:31.367,timestamp date time: 2023-05-23; 14:02:17,Live observation,NA,0.0,1798.615,NA,NA,No focal subject,1798.484,panting,Not defined,STATE,1188.675,1213.940,25.265,NA,,,,,,
T,2025-04-07 18:41:31.367,timestamp date time: 2023-05-23; 14:02:17,Live observation,NA,0.0,1798.615,NA,NA,No focal subject,1798.484,stop panting,Not defined,STATE,1213.941,1237.991,24.050,NA,,,,,,
T,2025-04-07 18:41:31.367,timestamp date time: 2023-05-23; 14:02:17,Live observation,NA,0.0,1798.615,NA,NA,No focal subject,1798.484,panting,Not defined,STATE,1237.992,1258.831,20.839,NA,,,,,,
T,2025-04-07 18:41:31.367,timestamp date time: 2023-05-23; 14:02:17,Live observation,NA,0.0,1798.615,NA,NA,No focal subject,1798.484,stop panting,Not defined,STATE,1258.832,1270.088,11.256,NA,,,,,,
T,2025-04-07 18:41:31.367,timestamp date time: 2023-05-23; 14:02:17,Live observation,NA,0.0,1798.615,NA,NA,No focal subject,1798.484,out of sight,Not defined,STATE,1270.089,1286.084,15.995,NA,,,,,,
T,2025-04-07 18:41:31.367,timestamp date time: 2023-05-23; 14:02:17,Live observation,NA,0.0,1798.615,NA,NA,No focal subject,1798.484,panting,Not defined,STATE,1286.085,1297.227,11.142,NA,,,,,,
T,2025-04-07 18:41:31.367,timestamp date time: 2023-05-23; 14:02:17,Live observation,NA,0.0,1798.615,NA,NA,No focal subject,1798.484,stop panting,Not defined,STATE,1297.228,1324.169,26.941,NA,,,,,,
T,2025-04-07 18:41:31.367,timestamp date time: 2023-05-23; 14:02:17,Live observation,NA,0.0,1798.615,NA,NA,No focal subject,1798.484,panting,Not defined,STATE,1324.170,1341.409,17.239,NA,,,,,,
T,2025-04-07 18:41:31.367,timestamp date time: 2023-05-23; 14:02:17,Live observation,NA,0.0,1798.615,NA,NA,No focal subject,1798.484,out of sight,Not defined,STATE,1341.410,1360.599,19.189,NA,,,,,,
T,2025-04-07 18:41:31.367,timestamp date time: 2023-05-23; 14:02:17,Live observation,NA,0.0,1798.615,NA,NA,No focal subject,1798.484,panting,Not defined,STATE,1360.600,1380.827,20.227,NA,,,,,,
T,2025-04-07 18:41:31.367,timestamp date time: 2023-05-23; 14:02:17,Live observation,NA,0.0,1798.615,NA,NA,No focal subject,1798.484,stop panting,Not defined,STATE,1380.828,1382.447,1.619,NA,,,,,,
T,2025-04-07 18:41:31.367,timestamp date time: 2023-05-23; 14:02:17,Live observation,NA,0.0,1798.615,NA,NA,No focal subject,1798.484,panting,Not defined,STATE,1382.448,1388.854,6.406,NA,,,,,,
T,2025-04-07 18:41:31.367,timestamp date time: 2023-05-23; 14:02:17,Live observation,NA,0.0,1798.615,NA,NA,No focal subject,1798.484,out of sight,Not defined,STATE,1388.855,1391.394,2.539,NA,,,,,,
T,2025-04-07 18:41:31.367,timestamp date time: 2023-05-23; 14:02:17,Live observation,NA,0.0,1798.615,NA,NA,No focal subject,1798.484,panting,Not defined,STATE,1391.395,1438.672,47.277,NA,,,,,,
T,2025-04-07 18:41:31.367,timestamp date time: 2023-05-23; 14:02:17,Live observation,NA,0.0,1798.615,NA,NA,No focal subject,1798.484,out of sight,Not defined,STATE,1438.673,1440.435,1.762,NA,,,,,,
T,2025-04-07 18:41:31.367,timestamp date time: 2023-05-23; 14:02:17,Live observation,NA,0.0,1798.615,NA,NA,No focal subject,1798.484,stop panting,Not defined,STATE,1440.436,1440.909,0.473,NA,,,,,,
T,2025-04-07 18:41:31.367,timestamp date time: 2023-05-23; 14:02:17,Live observation,NA,0.0,1798.615,NA,NA,No focal subject,1798.484,panting,Not defined,STATE,1440.910,1471.459,30.549,NA,,,,,,
T,2025-04-07 18:41:31.367,timestamp date time: 2023-05-23; 14:02:17,Live observation,NA,0.0,1798.615,NA,NA,No focal subject,1798.484,out of sight,Not defined,STATE,1471.460,1479.170,7.710,NA,,,,,,
T,2025-04-07 18:41:31.367,timestamp date time: 2023-05-23; 14:02:17,Live observation,NA,0.0,1798.615,NA,NA,No focal subject,1798.484,panting,Not defined,STATE,1479.171,1506.682,27.511,NA,,,,,,
T,2025-04-07 18:41:31.367,timestamp date time: 2023-05-23; 14:02:17,Live observation,NA,0.0,1798.615,NA,NA,No focal subject,1798.484,stop panting,Not defined,STATE,1506.683,1507.644,0.961,NA,,,,,,
T,2025-04-07 18:41:31.367,timestamp date time: 2023-05-23; 14:02:17,Live observation,NA,0.0,1798.615,NA,NA,No focal subject,1798.484,panting,Not defined,STATE,1507.645,1518.552,10.907,NA,,,,,,
T,2025-04-07 18:41:31.367,timestamp date time: 2023-05-23; 14:02:17,Live observation,NA,0.0,1798.615,NA,NA,No focal subject,1798.484,out of sight,Not defined,STATE,1518.553,1520.236,1.683,NA,,,,,,
T,2025-04-07 18:41:31.367,timestamp date time: 2023-05-23; 14:02:17,Live observation,NA,0.0,1798.615,NA,NA,No focal subject,1798.484,panting,Not defined,STATE,1520.237,1550.644,30.407,NA,,,,,,
T,2025-04-07 18:41:31.367,timestamp date time: 2023-05-23; 14:02:17,Live observation,NA,0.0,1798.615,NA,NA,No focal subject,1798.484,out of sight,Not defined,STATE,1550.645,1576.400,25.755,NA,,,,,,
T,2025-04-07 18:41:31.367,timestamp date time: 2023-05-23; 14:02:17,Live observation,NA,0.0,1798.615,NA,NA,No focal subject,1798.484,stop panting,Not defined,STATE,1576.401,1578.553,2.152,NA,,,,,,
T,2025-04-07 18:41:31.367,timestamp date time: 2023-05-23; 14:02:17,Live observation,NA,0.0,1798.615,NA,NA,No focal subject,1798.484,panting,Not defined,STATE,1578.554,1587.143,8.589,NA,,,,,,
T,2025-04-07 18:41:31.367,timestamp date time: 2023-05-23; 14:02:17,Live observation,NA,0.0,1798.615,NA,NA,No focal subject,1798.484,out of sight,Not defined,STATE,1587.144,1590.980,3.836,NA,,,,,,
T,2025-04-07 18:41:31.367,timestamp date time: 2023-05-23; 14:02:17,Live observation,NA,0.0,1798.615,NA,NA,No focal subject,1798.484,panting,Not defined,STATE,1590.981,1617.330,26.349,NA,,,,,,
T,2025-04-07 18:41:31.367,timestamp date time: 2023-05-23; 14:02:17,Live observation,NA,0.0,1798.615,NA,NA,No focal subject,1798.484,out of sight,Not defined,STATE,1617.331,1634.869,17.538,NA,,,,,,
T,2025-04-07 18:41:31.367,timestamp date time: 2023-05-23; 14:02:17,Live observation,NA,0.0,1798.615,NA,NA,No focal subject,1798.484,panting,Not defined,STATE,1634.870,1649.585,14.715,NA,,,,,,
T,2025-04-07 18:41:31.367,timestamp date time: 2023-05-23; 14:02:17,Live observation,NA,0.0,1798.615,NA,NA,No focal subject,1798.484,out of sight,Not defined,STATE,1649.586,1670.777,21.191,NA,,,,,,
T,2025-04-07 18:41:31.367,timestamp date time: 2023-05-23; 14:02:17,Live observation,NA,0.0,1798.615,NA,NA,No focal subject,1798.484,stop panting,Not defined,STATE,1670.778,1674.608,3.830,NA,,,,,,
T,2025-04-07 18:41:31.367,timestamp date time: 2023-05-23; 14:02:17,Live observation,NA,0.0,1798.615,NA,NA,No focal subject,1798.484,panting,Not defined,STATE,1674.609,1678.408,3.799,NA,,,,,,
T,2025-04-07 18:41:31.367,timestamp date time: 2023-05-23; 14:02:17,Live observation,NA,0.0,1798.615,NA,NA,No focal subject,1798.484,out of sight,Not defined,STATE,1678.409,1690.733,12.324,NA,,,,,,
T,2025-04-07 18:41:31.367,timestamp date time: 2023-05-23; 14:02:17,Live observation,NA,0.0,1798.615,NA,NA,No focal subject,1798.484,panting,Not defined,STATE,1690.734,1706.024,15.290,NA,,,,,,
T,2025-04-07 18:41:31.367,timestamp date time: 2023-05-23; 14:02:17,Live observation,NA,0.0,1798.615,NA,NA,No focal subject,1798.484,stop panting,Not defined,STATE,1706.025,1717.557,11.532,NA,,,,,,
T,2025-04-07 18:41:31.367,timestamp date time: 2023-05-23; 14:02:17,Live observation,NA,0.0,1798.615,NA,NA,No focal subject,1798.484,panting,Not defined,STATE,1717.558,1740.165,22.607,NA,,,,,,
T,2025-04-07 18:41:31.367,timestamp date time: 2023-05-23; 14:02:17,Live observation,NA,0.0,1798.615,NA,NA,No focal subject,1798.484,out of sight,Not defined,STATE,1740.166,1741.408,1.242,NA,,,,,,
T,2025-04-07 18:41:31.367,timestamp date time: 2023-05-23; 14:02:17,Live observation,NA,0.0,1798.615,NA,NA,No focal subject,1798.484,panting,Not defined,STATE,1741.409,1743.058,1.649,NA,,,,,,
T,2025-04-07 18:41:31.367,timestamp date time: 2023-05-23; 14:02:17,Live observation,NA,0.0,1798.615,NA,NA,No focal subject,1798.484,out of sight,Not defined,STATE,1743.059,1745.107,2.048,NA,,,,,,
T,2025-04-07 18:41:31.367,timestamp date time: 2023-05-23; 14:02:17,Live observation,NA,0.0,1798.615,NA,NA,No focal subject,1798.484,panting,Not defined,STATE,1745.108,1765.031,19.923,NA,,,,,,
T,2025-04-07 18:41:31.367,timestamp date time: 2023-05-23; 14:02:17,Live observation,NA,0.0,1798.615,NA,NA,No focal subject,1798.484,stop panting,Not defined,STATE,1765.032,1799.610,34.578,NA,,,,,,
U,2025-04-07 21:45:41.002,timestamp date time: 2023-05-06; 15:29:30,Live observation,NA,0.0,1799.129,NA,NA,No focal subject,1797.192,stop panting,Not defined,STATE,1.159,4.437,3.278,NA,,,,,,
U,2025-04-07 21:45:41.002,timestamp date time: 2023-05-06; 15:29:30,Live observation,NA,0.0,1799.129,NA,NA,No focal subject,1797.192,out of sight,Not defined,STATE,4.438,68.234,63.796,NA,,,,,,
U,2025-04-07 21:45:41.002,timestamp date time: 2023-05-06; 15:29:30,Live observation,NA,0.0,1799.129,NA,NA,No focal subject,1797.192,stop panting,Not defined,STATE,68.235,105.308,37.073,NA,,,,,,
U,2025-04-07 21:45:41.002,timestamp date time: 2023-05-06; 15:29:30,Live observation,NA,0.0,1799.129,NA,NA,No focal subject,1797.192,out of sight,Not defined,STATE,105.309,106.644,1.335,NA,,,,,,
U,2025-04-07 21:45:41.002,timestamp date time: 2023-05-06; 15:29:30,Live observation,NA,0.0,1799.129,NA,NA,No focal subject,1797.192,stop panting,Not defined,STATE,106.645,107.485,0.840,NA,,,,,,
U,2025-04-07 21:45:41.002,timestamp date time: 2023-05-06; 15:29:30,Live observation,NA,0.0,1799.129,NA,NA,No focal subject,1797.192,out of sight,Not defined,STATE,107.486,111.828,4.342,NA,,,,,,
U,2025-04-07 21:45:41.002,timestamp date time: 2023-05-06; 15:29:30,Live observation,NA,0.0,1799.129,NA,NA,No focal subject,1797.192,stop panting,Not defined,STATE,111.829,116.612,4.783,NA,,,,,,
U,2025-04-07 21:45:41.002,timestamp date time: 2023-05-06; 15:29:30,Live observation,NA,0.0,1799.129,NA,NA,No focal subject,1797.192,out of sight,Not defined,STATE,116.613,118.934,2.321,NA,,,,,,
U,2025-04-07 21:45:41.002,timestamp date time: 2023-05-06; 15:29:30,Live observation,NA,0.0,1799.129,NA,NA,No focal subject,1797.192,stop panting,Not defined,STATE,118.935,125.636,6.701,NA,,,,,,
U,2025-04-07 21:45:41.002,timestamp date time: 2023-05-06; 15:29:30,Live observation,NA,0.0,1799.129,NA,NA,No focal subject,1797.192,out of sight,Not defined,STATE,125.637,127.118,1.481,NA,,,,,,
U,2025-04-07 21:45:41.002,timestamp date time: 2023-05-06; 15:29:30,Live observation,NA,0.0,1799.129,NA,NA,No focal subject,1797.192,stop panting,Not defined,STATE,127.119,143.132,16.013,NA,,,,,,
U,2025-04-07 21:45:41.002,timestamp date time: 2023-05-06; 15:29:30,Live observation,NA,0.0,1799.129,NA,NA,No focal subject,1797.192,out of sight,Not defined,STATE,143.955,187.024,43.069,NA,,,,,,
U,2025-04-07 21:45:41.002,timestamp date time: 2023-05-06; 15:29:30,Live observation,NA,0.0,1799.129,NA,NA,No focal subject,1797.192,stop panting,Not defined,STATE,187.025,188.190,1.165,NA,,,,,,
U,2025-04-07 21:45:41.002,timestamp date time: 2023-05-06; 15:29:30,Live observation,NA,0.0,1799.129,NA,NA,No focal subject,1797.192,out of sight,Not defined,STATE,188.191,221.857,33.666,NA,,,,,,
U,2025-04-07 21:45:41.002,timestamp date time: 2023-05-06; 15:29:30,Live observation,NA,0.0,1799.129,NA,NA,No focal subject,1797.192,panting,Not defined,STATE,221.858,222.432,0.574,NA,,,,,,
U,2025-04-07 21:45:41.002,timestamp date time: 2023-05-06; 15:29:30,Live observation,NA,0.0,1799.129,NA,NA,No focal subject,1797.192,out of sight,Not defined,STATE,222.433,294.944,72.511,NA,,,,,,
U,2025-04-07 21:45:41.002,timestamp date time: 2023-05-06; 15:29:30,Live observation,NA,0.0,1799.129,NA,NA,No focal subject,1797.192,stop panting,Not defined,STATE,294.945,295.550,0.605,NA,,,,,,
U,2025-04-07 21:45:41.002,timestamp date time: 2023-05-06; 15:29:30,Live observation,NA,0.0,1799.129,NA,NA,No focal subject,1797.192,out of sight,Not defined,STATE,295.551,307.622,12.071,NA,,,,,,
U,2025-04-07 21:45:41.002,timestamp date time: 2023-05-06; 15:29:30,Live observation,NA,0.0,1799.129,NA,NA,No focal subject,1797.192,panting,Not defined,STATE,307.623,308.069,0.446,NA,,,,,,
U,2025-04-07 21:45:41.002,timestamp date time: 2023-05-06; 15:29:30,Live observation,NA,0.0,1799.129,NA,NA,No focal subject,1797.192,out of sight,Not defined,STATE,308.070,310.880,2.810,NA,,,,,,
U,2025-04-07 21:45:41.002,timestamp date time: 2023-05-06; 15:29:30,Live observation,NA,0.0,1799.129,NA,NA,No focal subject,1797.192,panting,Not defined,STATE,310.881,311.530,0.649,NA,,,,,,
U,2025-04-07 21:45:41.002,timestamp date time: 2023-05-06; 15:29:30,Live observation,NA,0.0,1799.129,NA,NA,No focal subject,1797.192,out of sight,Not defined,STATE,311.531,327.986,16.455,NA,,,,,,
U,2025-04-07 21:45:41.002,timestamp date time: 2023-05-06; 15:29:30,Live observation,NA,0.0,1799.129,NA,NA,No focal subject,1797.192,stop panting,Not defined,STATE,327.987,329.075,1.088,NA,,,,,,
U,2025-04-07 21:45:41.002,timestamp date time: 2023-05-06; 15:29:30,Live observation,NA,0.0,1799.129,NA,NA,No focal subject,1797.192,out of sight,Not defined,STATE,329.076,347.898,18.822,NA,,,,,,
U,2025-04-07 21:45:41.002,timestamp date time: 2023-05-06; 15:29:30,Live observation,NA,0.0,1799.129,NA,NA,No focal subject,1797.192,panting,Not defined,STATE,347.899,349.923,2.024,NA,,,,,,
U,2025-04-07 21:45:41.002,timestamp date time: 2023-05-06; 15:29:30,Live observation,NA,0.0,1799.129,NA,NA,No focal subject,1797.192,out of sight,Not defined,STATE,349.924,387.916,37.992,NA,,,,,,
U,2025-04-07 21:45:41.002,timestamp date time: 2023-05-06; 15:29:30,Live observation,NA,0.0,1799.129,NA,NA,No focal subject,1797.192,stop panting,Not defined,STATE,387.917,389.630,1.713,NA,,,,,,
U,2025-04-07 21:45:41.002,timestamp date time: 2023-05-06; 15:29:30,Live observation,NA,0.0,1799.129,NA,NA,No focal subject,1797.192,out of sight,Not defined,STATE,389.631,404.265,14.634,NA,,,,,,
U,2025-04-07 21:45:41.002,timestamp date time: 2023-05-06; 15:29:30,Live observation,NA,0.0,1799.129,NA,NA,No focal subject,1797.192,panting,Not defined,STATE,404.266,405.575,1.309,NA,,,,,,
U,2025-04-07 21:45:41.002,timestamp date time: 2023-05-06; 15:29:30,Live observation,NA,0.0,1799.129,NA,NA,No focal subject,1797.192,out of sight,Not defined,STATE,405.576,406.625,1.049,NA,,,,,,
U,2025-04-07 21:45:41.002,timestamp date time: 2023-05-06; 15:29:30,Live observation,NA,0.0,1799.129,NA,NA,No focal subject,1797.192,panting,Not defined,STATE,406.626,409.206,2.580,NA,,,,,,
U,2025-04-07 21:45:41.002,timestamp date time: 2023-05-06; 15:29:30,Live observation,NA,0.0,1799.129,NA,NA,No focal subject,1797.192,out of sight,Not defined,STATE,409.207,483.685,74.478,NA,,,,,,
U,2025-04-07 21:45:41.002,timestamp date time: 2023-05-06; 15:29:30,Live observation,NA,0.0,1799.129,NA,NA,No focal subject,1797.192,panting,Not defined,STATE,483.686,488.779,5.093,NA,,,,,,
U,2025-04-07 21:45:41.002,timestamp date time: 2023-05-06; 15:29:30,Live observation,NA,0.0,1799.129,NA,NA,No focal subject,1797.192,out of sight,Not defined,STATE,488.780,494.419,5.639,NA,,,,,,
U,2025-04-07 21:45:41.002,timestamp date time: 2023-05-06; 15:29:30,Live observation,NA,0.0,1799.129,NA,NA,No focal subject,1797.192,panting,Not defined,STATE,494.420,510.677,16.257,NA,,,,,,
U,2025-04-07 21:45:41.002,timestamp date time: 2023-05-06; 15:29:30,Live observation,NA,0.0,1799.129,NA,NA,No focal subject,1797.192,out of sight,Not defined,STATE,510.678,515.530,4.852,NA,,,,,,
U,2025-04-07 21:45:41.002,timestamp date time: 2023-05-06; 15:29:30,Live observation,NA,0.0,1799.129,NA,NA,No focal subject,1797.192,stop panting,Not defined,STATE,515.531,522.051,6.520,NA,,,,,,
U,2025-04-07 21:45:41.002,timestamp date time: 2023-05-06; 15:29:30,Live observation,NA,0.0,1799.129,NA,NA,No focal subject,1797.192,out of sight,Not defined,STATE,522.052,523.896,1.844,NA,,,,,,
U,2025-04-07 21:45:41.002,timestamp date time: 2023-05-06; 15:29:30,Live observation,NA,0.0,1799.129,NA,NA,No focal subject,1797.192,stop panting,Not defined,STATE,523.897,525.037,1.140,NA,,,,,,
U,2025-04-07 21:45:41.002,timestamp date time: 2023-05-06; 15:29:30,Live observation,NA,0.0,1799.129,NA,NA,No focal subject,1797.192,panting,Not defined,STATE,525.038,537.817,12.779,NA,,,,,,
U,2025-04-07 21:45:41.002,timestamp date time: 2023-05-06; 15:29:30,Live observation,NA,0.0,1799.129,NA,NA,No focal subject,1797.192,stop panting,Not defined,STATE,537.818,540.017,2.199,NA,,,,,,
U,2025-04-07 21:45:41.002,timestamp date time: 2023-05-06; 15:29:30,Live observation,NA,0.0,1799.129,NA,NA,No focal subject,1797.192,out of sight,Not defined,STATE,540.018,561.675,21.657,NA,,,,,,
U,2025-04-07 21:45:41.002,timestamp date time: 2023-05-06; 15:29:30,Live observation,NA,0.0,1799.129,NA,NA,No focal subject,1797.192,stop panting,Not defined,STATE,561.676,574.912,13.236,NA,,,,,,
U,2025-04-07 21:45:41.002,timestamp date time: 2023-05-06; 15:29:30,Live observation,NA,0.0,1799.129,NA,NA,No focal subject,1797.192,panting,Not defined,STATE,574.913,583.830,8.917,NA,,,,,,
U,2025-04-07 21:45:41.002,timestamp date time: 2023-05-06; 15:29:30,Live observation,NA,0.0,1799.129,NA,NA,No focal subject,1797.192,out of sight,Not defined,STATE,583.831,601.346,17.515,NA,,,,,,
U,2025-04-07 21:45:41.002,timestamp date time: 2023-05-06; 15:29:30,Live observation,NA,0.0,1799.129,NA,NA,No focal subject,1797.192,stop panting,Not defined,STATE,601.347,602.558,1.211,NA,,,,,,
U,2025-04-07 21:45:41.002,timestamp date time: 2023-05-06; 15:29:30,Live observation,NA,0.0,1799.129,NA,NA,No focal subject,1797.192,panting,Not defined,STATE,602.559,613.323,10.764,NA,,,,,,
U,2025-04-07 21:45:41.002,timestamp date time: 2023-05-06; 15:29:30,Live observation,NA,0.0,1799.129,NA,NA,No focal subject,1797.192,stop panting,Not defined,STATE,613.324,623.663,10.339,NA,,,,,,
U,2025-04-07 21:45:41.002,timestamp date time: 2023-05-06; 15:29:30,Live observation,NA,0.0,1799.129,NA,NA,No focal subject,1797.192,out of sight,Not defined,STATE,623.664,635.438,11.774,NA,,,,,,
U,2025-04-07 21:45:41.002,timestamp date time: 2023-05-06; 15:29:30,Live observation,NA,0.0,1799.129,NA,NA,No focal subject,1797.192,out of sight,Not defined,STATE,636.392,658.045,21.653,NA,,,,,,
U,2025-04-07 21:45:41.002,timestamp date time: 2023-05-06; 15:29:30,Live observation,NA,0.0,1799.129,NA,NA,No focal subject,1797.192,stop panting,Not defined,STATE,658.046,668.643,10.597,NA,,,,,,
U,2025-04-07 21:45:41.002,timestamp date time: 2023-05-06; 15:29:30,Live observation,NA,0.0,1799.129,NA,NA,No focal subject,1797.192,panting,Not defined,STATE,668.644,674.698,6.054,NA,,,,,,
U,2025-04-07 21:45:41.002,timestamp date time: 2023-05-06; 15:29:30,Live observation,NA,0.0,1799.129,NA,NA,No focal subject,1797.192,out of sight,Not defined,STATE,674.699,682.318,7.619,NA,,,,,,
U,2025-04-07 21:45:41.002,timestamp date time: 2023-05-06; 15:29:30,Live observation,NA,0.0,1799.129,NA,NA,No focal subject,1797.192,stop panting,Not defined,STATE,682.319,691.630,9.311,NA,,,,,,
U,2025-04-07 21:45:41.002,timestamp date time: 2023-05-06; 15:29:30,Live observation,NA,0.0,1799.129,NA,NA,No focal subject,1797.192,panting,Not defined,STATE,691.631,713.675,22.044,NA,,,,,,
U,2025-04-07 21:45:41.002,timestamp date time: 2023-05-06; 15:29:30,Live observation,NA,0.0,1799.129,NA,NA,No focal subject,1797.192,out of sight,Not defined,STATE,713.676,715.921,2.245,NA,,,,,,
U,2025-04-07 21:45:41.002,timestamp date time: 2023-05-06; 15:29:30,Live observation,NA,0.0,1799.129,NA,NA,No focal subject,1797.192,panting,Not defined,STATE,715.922,723.837,7.915,NA,,,,,,
U,2025-04-07 21:45:41.002,timestamp date time: 2023-05-06; 15:29:30,Live observation,NA,0.0,1799.129,NA,NA,No focal subject,1797.192,out of sight,Not defined,STATE,723.838,749.071,25.233,NA,,,,,,
U,2025-04-07 21:45:41.002,timestamp date time: 2023-05-06; 15:29:30,Live observation,NA,0.0,1799.129,NA,NA,No focal subject,1797.192,stop panting,Not defined,STATE,749.072,754.507,5.435,NA,,,,,,
U,2025-04-07 21:45:41.002,timestamp date time: 2023-05-06; 15:29:30,Live observation,NA,0.0,1799.129,NA,NA,No focal subject,1797.192,out of sight,Not defined,STATE,754.508,756.340,1.832,NA,,,,,,
U,2025-04-07 21:45:41.002,timestamp date time: 2023-05-06; 15:29:30,Live observation,NA,0.0,1799.129,NA,NA,No focal subject,1797.192,stop panting,Not defined,STATE,756.341,759.499,3.158,NA,,,,,,
U,2025-04-07 21:45:41.002,timestamp date time: 2023-05-06; 15:29:30,Live observation,NA,0.0,1799.129,NA,NA,No focal subject,1797.192,panting,Not defined,STATE,759.500,764.663,5.163,NA,,,,,,
U,2025-04-07 21:45:41.002,timestamp date time: 2023-05-06; 15:29:30,Live observation,NA,0.0,1799.129,NA,NA,No focal subject,1797.192,stop panting,Not defined,STATE,764.664,768.643,3.979,NA,,,,,,
U,2025-04-07 21:45:41.002,timestamp date time: 2023-05-06; 15:29:30,Live observation,NA,0.0,1799.129,NA,NA,No focal subject,1797.192,panting,Not defined,STATE,768.644,771.402,2.758,NA,,,,,,
U,2025-04-07 21:45:41.002,timestamp date time: 2023-05-06; 15:29:30,Live observation,NA,0.0,1799.129,NA,NA,No focal subject,1797.192,out of sight,Not defined,STATE,771.403,783.221,11.818,NA,,,,,,
U,2025-04-07 21:45:41.002,timestamp date time: 2023-05-06; 15:29:30,Live observation,NA,0.0,1799.129,NA,NA,No focal subject,1797.192,panting,Not defined,STATE,783.222,787.230,4.008,NA,,,,,,
U,2025-04-07 21:45:41.002,timestamp date time: 2023-05-06; 15:29:30,Live observation,NA,0.0,1799.129,NA,NA,No focal subject,1797.192,out of sight,Not defined,STATE,787.231,802.846,15.615,NA,,,,,,
U,2025-04-07 21:45:41.002,timestamp date time: 2023-05-06; 15:29:30,Live observation,NA,0.0,1799.129,NA,NA,No focal subject,1797.192,panting,Not defined,STATE,802.847,814.700,11.853,NA,,,,,,
U,2025-04-07 21:45:41.002,timestamp date time: 2023-05-06; 15:29:30,Live observation,NA,0.0,1799.129,NA,NA,No focal subject,1797.192,out of sight,Not defined,STATE,814.701,879.522,64.821,NA,,,,,,
U,2025-04-07 21:45:41.002,timestamp date time: 2023-05-06; 15:29:30,Live observation,NA,0.0,1799.129,NA,NA,No focal subject,1797.192,panting,Not defined,STATE,879.523,884.413,4.890,NA,,,,,,
U,2025-04-07 21:45:41.002,timestamp date time: 2023-05-06; 15:29:30,Live observation,NA,0.0,1799.129,NA,NA,No focal subject,1797.192,out of sight,Not defined,STATE,884.414,888.505,4.091,NA,,,,,,
U,2025-04-07 21:45:41.002,timestamp date time: 2023-05-06; 15:29:30,Live observation,NA,0.0,1799.129,NA,NA,No focal subject,1797.192,stop panting,Not defined,STATE,888.506,889.419,0.913,NA,,,,,,
U,2025-04-07 21:45:41.002,timestamp date time: 2023-05-06; 15:29:30,Live observation,NA,0.0,1799.129,NA,NA,No focal subject,1797.192,panting,Not defined,STATE,889.420,895.236,5.816,NA,,,,,,
U,2025-04-07 21:45:41.002,timestamp date time: 2023-05-06; 15:29:30,Live observation,NA,0.0,1799.129,NA,NA,No focal subject,1797.192,out of sight,Not defined,STATE,895.237,898.396,3.159,NA,,,,,,
U,2025-04-07 21:45:41.002,timestamp date time: 2023-05-06; 15:29:30,Live observation,NA,0.0,1799.129,NA,NA,No focal subject,1797.192,stop panting,Not defined,STATE,898.397,901.819,3.422,NA,,,,,,
U,2025-04-07 21:45:41.002,timestamp date time: 2023-05-06; 15:29:30,Live observation,NA,0.0,1799.129,NA,NA,No focal subject,1797.192,panting,Not defined,STATE,901.820,904.636,2.816,NA,,,,,,
U,2025-04-07 21:45:41.002,timestamp date time: 2023-05-06; 15:29:30,Live observation,NA,0.0,1799.129,NA,NA,No focal subject,1797.192,out of sight,Not defined,STATE,904.637,938.328,33.691,NA,,,,,,
U,2025-04-07 21:45:41.002,timestamp date time: 2023-05-06; 15:29:30,Live observation,NA,0.0,1799.129,NA,NA,No focal subject,1797.192,stop panting,Not defined,STATE,938.329,941.794,3.465,NA,,,,,,
U,2025-04-07 21:45:41.002,timestamp date time: 2023-05-06; 15:29:30,Live observation,NA,0.0,1799.129,NA,NA,No focal subject,1797.192,panting,Not defined,STATE,941.795,949.064,7.269,NA,,,,,,
U,2025-04-07 21:45:41.002,timestamp date time: 2023-05-06; 15:29:30,Live observation,NA,0.0,1799.129,NA,NA,No focal subject,1797.192,out of sight,Not defined,STATE,949.065,956.097,7.032,NA,,,,,,
U,2025-04-07 21:45:41.002,timestamp date time: 2023-05-06; 15:29:30,Live observation,NA,0.0,1799.129,NA,NA,No focal subject,1797.192,panting,Not defined,STATE,956.098,961.636,5.538,NA,,,,,,
U,2025-04-07 21:45:41.002,timestamp date time: 2023-05-06; 15:29:30,Live observation,NA,0.0,1799.129,NA,NA,No focal subject,1797.192,out of sight,Not defined,STATE,961.637,964.255,2.618,NA,,,,,,
U,2025-04-07 21:45:41.002,timestamp date time: 2023-05-06; 15:29:30,Live observation,NA,0.0,1799.129,NA,NA,No focal subject,1797.192,stop panting,Not defined,STATE,964.256,967.663,3.407,NA,,,,,,
U,2025-04-07 21:45:41.002,timestamp date time: 2023-05-06; 15:29:30,Live observation,NA,0.0,1799.129,NA,NA,No focal subject,1797.192,panting,Not defined,STATE,967.664,980.552,12.888,NA,,,,,,
U,2025-04-07 21:45:41.002,timestamp date time: 2023-05-06; 15:29:30,Live observation,NA,0.0,1799.129,NA,NA,No focal subject,1797.192,out of sight,Not defined,STATE,980.553,990.055,9.502,NA,,,,,,
U,2025-04-07 21:45:41.002,timestamp date time: 2023-05-06; 15:29:30,Live observation,NA,0.0,1799.129,NA,NA,No focal subject,1797.192,stop panting,Not defined,STATE,990.056,994.983,4.927,NA,,,,,,
U,2025-04-07 21:45:41.002,timestamp date time: 2023-05-06; 15:29:30,Live observation,NA,0.0,1799.129,NA,NA,No focal subject,1797.192,out of sight,Not defined,STATE,994.984,1013.971,18.987,NA,,,,,,
U,2025-04-07 21:45:41.002,timestamp date time: 2023-05-06; 15:29:30,Live observation,NA,0.0,1799.129,NA,NA,No focal subject,1797.192,stop panting,Not defined,STATE,1013.972,1028.373,14.401,NA,,,,,,
U,2025-04-07 21:45:41.002,timestamp date time: 2023-05-06; 15:29:30,Live observation,NA,0.0,1799.129,NA,NA,No focal subject,1797.192,panting,Not defined,STATE,1028.374,1037.194,8.820,NA,,,,,,
U,2025-04-07 21:45:41.002,timestamp date time: 2023-05-06; 15:29:30,Live observation,NA,0.0,1799.129,NA,NA,No focal subject,1797.192,stop panting,Not defined,STATE,1037.195,1088.295,51.100,NA,,,,,,
U,2025-04-07 21:45:41.002,timestamp date time: 2023-05-06; 15:29:30,Live observation,NA,0.0,1799.129,NA,NA,No focal subject,1797.192,out of sight,Not defined,STATE,1088.296,1098.719,10.423,NA,,,,,,
U,2025-04-07 21:45:41.002,timestamp date time: 2023-05-06; 15:29:30,Live observation,NA,0.0,1799.129,NA,NA,No focal subject,1797.192,stop panting,Not defined,STATE,1098.720,1109.411,10.691,NA,,,,,,
U,2025-04-07 21:45:41.002,timestamp date time: 2023-05-06; 15:29:30,Live observation,NA,0.0,1799.129,NA,NA,No focal subject,1797.192,out of sight,Not defined,STATE,1109.412,1134.525,25.113,NA,,,,,,
U,2025-04-07 21:45:41.002,timestamp date time: 2023-05-06; 15:29:30,Live observation,NA,0.0,1799.129,NA,NA,No focal subject,1797.192,panting,Not defined,STATE,1134.526,1172.573,38.047,NA,,,,,,
U,2025-04-07 21:45:41.002,timestamp date time: 2023-05-06; 15:29:30,Live observation,NA,0.0,1799.129,NA,NA,No focal subject,1797.192,out of sight,Not defined,STATE,1172.574,1190.831,18.257,NA,,,,,,
U,2025-04-07 21:45:41.002,timestamp date time: 2023-05-06; 15:29:30,Live observation,NA,0.0,1799.129,NA,NA,No focal subject,1797.192,panting,Not defined,STATE,1190.832,1232.931,42.099,NA,,,,,,
U,2025-04-07 21:45:41.002,timestamp date time: 2023-05-06; 15:29:30,Live observation,NA,0.0,1799.129,NA,NA,No focal subject,1797.192,stop panting,Not defined,STATE,1232.932,1234.202,1.270,NA,,,,,,
U,2025-04-07 21:45:41.002,timestamp date time: 2023-05-06; 15:29:30,Live observation,NA,0.0,1799.129,NA,NA,No focal subject,1797.192,out of sight,Not defined,STATE,1234.203,1235.855,1.652,NA,,,,,,
U,2025-04-07 21:45:41.002,timestamp date time: 2023-05-06; 15:29:30,Live observation,NA,0.0,1799.129,NA,NA,No focal subject,1797.192,panting,Not defined,STATE,1235.856,1267.485,31.629,NA,,,,,,
U,2025-04-07 21:45:41.002,timestamp date time: 2023-05-06; 15:29:30,Live observation,NA,0.0,1799.129,NA,NA,No focal subject,1797.192,out of sight,Not defined,STATE,1267.486,1285.702,18.216,NA,,,,,,
U,2025-04-07 21:45:41.002,timestamp date time: 2023-05-06; 15:29:30,Live observation,NA,0.0,1799.129,NA,NA,No focal subject,1797.192,stop panting,Not defined,STATE,1285.703,1286.284,0.581,NA,,,,,,
U,2025-04-07 21:45:41.002,timestamp date time: 2023-05-06; 15:29:30,Live observation,NA,0.0,1799.129,NA,NA,No focal subject,1797.192,panting,Not defined,STATE,1286.285,1307.445,21.160,NA,,,,,,
U,2025-04-07 21:45:41.002,timestamp date time: 2023-05-06; 15:29:30,Live observation,NA,0.0,1799.129,NA,NA,No focal subject,1797.192,out of sight,Not defined,STATE,1307.446,1315.190,7.744,NA,,,,,,
U,2025-04-07 21:45:41.002,timestamp date time: 2023-05-06; 15:29:30,Live observation,NA,0.0,1799.129,NA,NA,No focal subject,1797.192,panting,Not defined,STATE,1315.191,1334.340,19.149,NA,,,,,,
U,2025-04-07 21:45:41.002,timestamp date time: 2023-05-06; 15:29:30,Live observation,NA,0.0,1799.129,NA,NA,No focal subject,1797.192,out of sight,Not defined,STATE,1334.341,1343.751,9.410,NA,,,,,,
U,2025-04-07 21:45:41.002,timestamp date time: 2023-05-06; 15:29:30,Live observation,NA,0.0,1799.129,NA,NA,No focal subject,1797.192,panting,Not defined,STATE,1343.752,1349.391,5.639,NA,,,,,,
U,2025-04-07 21:45:41.002,timestamp date time: 2023-05-06; 15:29:30,Live observation,NA,0.0,1799.129,NA,NA,No focal subject,1797.192,out of sight,Not defined,STATE,1349.392,1387.139,37.747,NA,,,,,,
U,2025-04-07 21:45:41.002,timestamp date time: 2023-05-06; 15:29:30,Live observation,NA,0.0,1799.129,NA,NA,No focal subject,1797.192,stop panting,Not defined,STATE,1387.140,1389.619,2.479,NA,,,,,,
U,2025-04-07 21:45:41.002,timestamp date time: 2023-05-06; 15:29:30,Live observation,NA,0.0,1799.129,NA,NA,No focal subject,1797.192,out of sight,Not defined,STATE,1389.620,1398.897,9.277,NA,,,,,,
U,2025-04-07 21:45:41.002,timestamp date time: 2023-05-06; 15:29:30,Live observation,NA,0.0,1799.129,NA,NA,No focal subject,1797.192,panting,Not defined,STATE,1398.898,1403.579,4.681,NA,,,,,,
U,2025-04-07 21:45:41.002,timestamp date time: 2023-05-06; 15:29:30,Live observation,NA,0.0,1799.129,NA,NA,No focal subject,1797.192,out of sight,Not defined,STATE,1403.580,1408.190,4.610,NA,,,,,,
U,2025-04-07 21:45:41.002,timestamp date time: 2023-05-06; 15:29:30,Live observation,NA,0.0,1799.129,NA,NA,No focal subject,1797.192,stop panting,Not defined,STATE,1408.191,1413.268,5.077,NA,,,,,,
U,2025-04-07 21:45:41.002,timestamp date time: 2023-05-06; 15:29:30,Live observation,NA,0.0,1799.129,NA,NA,No focal subject,1797.192,out of sight,Not defined,STATE,1413.269,1444.048,30.779,NA,,,,,,
U,2025-04-07 21:45:41.002,timestamp date time: 2023-05-06; 15:29:30,Live observation,NA,0.0,1799.129,NA,NA,No focal subject,1797.192,stop panting,Not defined,STATE,1444.049,1445.549,1.500,NA,,,,,,
U,2025-04-07 21:45:41.002,timestamp date time: 2023-05-06; 15:29:30,Live observation,NA,0.0,1799.129,NA,NA,No focal subject,1797.192,out of sight,Not defined,STATE,1445.550,1461.577,16.027,NA,,,,,,
U,2025-04-07 21:45:41.002,timestamp date time: 2023-05-06; 15:29:30,Live observation,NA,0.0,1799.129,NA,NA,No focal subject,1797.192,stop panting,Not defined,STATE,1461.578,1467.851,6.273,NA,,,,,,
U,2025-04-07 21:45:41.002,timestamp date time: 2023-05-06; 15:29:30,Live observation,NA,0.0,1799.129,NA,NA,No focal subject,1797.192,out of sight,Not defined,STATE,1467.852,1473.542,5.690,NA,,,,,,
U,2025-04-07 21:45:41.002,timestamp date time: 2023-05-06; 15:29:30,Live observation,NA,0.0,1799.129,NA,NA,No focal subject,1797.192,stop panting,Not defined,STATE,1473.543,1479.201,5.658,NA,,,,,,
U,2025-04-07 21:45:41.002,timestamp date time: 2023-05-06; 15:29:30,Live observation,NA,0.0,1799.129,NA,NA,No focal subject,1797.192,panting,Not defined,STATE,1479.202,1502.634,23.432,NA,,,,,,
U,2025-04-07 21:45:41.002,timestamp date time: 2023-05-06; 15:29:30,Live observation,NA,0.0,1799.129,NA,NA,No focal subject,1797.192,out of sight,Not defined,STATE,1502.635,1505.713,3.078,NA,,,,,,
U,2025-04-07 21:45:41.002,timestamp date time: 2023-05-06; 15:29:30,Live observation,NA,0.0,1799.129,NA,NA,No focal subject,1797.192,stop panting,Not defined,STATE,1505.714,1507.427,1.713,NA,,,,,,
U,2025-04-07 21:45:41.002,timestamp date time: 2023-05-06; 15:29:30,Live observation,NA,0.0,1799.129,NA,NA,No focal subject,1797.192,out of sight,Not defined,STATE,1507.428,1510.066,2.638,NA,,,,,,
U,2025-04-07 21:45:41.002,timestamp date time: 2023-05-06; 15:29:30,Live observation,NA,0.0,1799.129,NA,NA,No focal subject,1797.192,stop panting,Not defined,STATE,1510.067,1516.369,6.302,NA,,,,,,
U,2025-04-07 21:45:41.002,timestamp date time: 2023-05-06; 15:29:30,Live observation,NA,0.0,1799.129,NA,NA,No focal subject,1797.192,out of sight,Not defined,STATE,1516.370,1530.490,14.120,NA,,,,,,
U,2025-04-07 21:45:41.002,timestamp date time: 2023-05-06; 15:29:30,Live observation,NA,0.0,1799.129,NA,NA,No focal subject,1797.192,panting,Not defined,STATE,1530.491,1532.095,1.604,NA,,,,,,
U,2025-04-07 21:45:41.002,timestamp date time: 2023-05-06; 15:29:30,Live observation,NA,0.0,1799.129,NA,NA,No focal subject,1797.192,out of sight,Not defined,STATE,1532.096,1550.368,18.272,NA,,,,,,
U,2025-04-07 21:45:41.002,timestamp date time: 2023-05-06; 15:29:30,Live observation,NA,0.0,1799.129,NA,NA,No focal subject,1797.192,stop panting,Not defined,STATE,1550.369,1552.514,2.145,NA,,,,,,
U,2025-04-07 21:45:41.002,timestamp date time: 2023-05-06; 15:29:30,Live observation,NA,0.0,1799.129,NA,NA,No focal subject,1797.192,panting,Not defined,STATE,1552.515,1563.301,10.786,NA,,,,,,
U,2025-04-07 21:45:41.002,timestamp date time: 2023-05-06; 15:29:30,Live observation,NA,0.0,1799.129,NA,NA,No focal subject,1797.192,out of sight,Not defined,STATE,1563.302,1573.894,10.592,NA,,,,,,
U,2025-04-07 21:45:41.002,timestamp date time: 2023-05-06; 15:29:30,Live observation,NA,0.0,1799.129,NA,NA,No focal subject,1797.192,stop panting,Not defined,STATE,1573.895,1575.277,1.382,NA,,,,,,
U,2025-04-07 21:45:41.002,timestamp date time: 2023-05-06; 15:29:30,Live observation,NA,0.0,1799.129,NA,NA,No focal subject,1797.192,out of sight,Not defined,STATE,1575.278,1592.212,16.934,NA,,,,,,
U,2025-04-07 21:45:41.002,timestamp date time: 2023-05-06; 15:29:30,Live observation,NA,0.0,1799.129,NA,NA,No focal subject,1797.192,stop panting,Not defined,STATE,1592.213,1604.053,11.840,NA,,,,,,
U,2025-04-07 21:45:41.002,timestamp date time: 2023-05-06; 15:29:30,Live observation,NA,0.0,1799.129,NA,NA,No focal subject,1797.192,panting,Not defined,STATE,1604.054,1608.226,4.172,NA,,,,,,
U,2025-04-07 21:45:41.002,timestamp date time: 2023-05-06; 15:29:30,Live observation,NA,0.0,1799.129,NA,NA,No focal subject,1797.192,out of sight,Not defined,STATE,1608.227,1621.230,13.003,NA,,,,,,
U,2025-04-07 21:45:41.002,timestamp date time: 2023-05-06; 15:29:30,Live observation,NA,0.0,1799.129,NA,NA,No focal subject,1797.192,panting,Not defined,STATE,1621.231,1623.698,2.467,NA,,,,,,
U,2025-04-07 21:45:41.002,timestamp date time: 2023-05-06; 15:29:30,Live observation,NA,0.0,1799.129,NA,NA,No focal subject,1797.192,out of sight,Not defined,STATE,1623.699,1639.500,15.801,NA,,,,,,
U,2025-04-07 21:45:41.002,timestamp date time: 2023-05-06; 15:29:30,Live observation,NA,0.0,1799.129,NA,NA,No focal subject,1797.192,stop panting,Not defined,STATE,1639.501,1643.529,4.028,NA,,,,,,
U,2025-04-07 21:45:41.002,timestamp date time: 2023-05-06; 15:29:30,Live observation,NA,0.0,1799.129,NA,NA,No focal subject,1797.192,out of sight,Not defined,STATE,1643.530,1646.966,3.436,NA,,,,,,
U,2025-04-07 21:45:41.002,timestamp date time: 2023-05-06; 15:29:30,Live observation,NA,0.0,1799.129,NA,NA,No focal subject,1797.192,panting,Not defined,STATE,1646.967,1649.522,2.555,NA,,,,,,
U,2025-04-07 21:45:41.002,timestamp date time: 2023-05-06; 15:29:30,Live observation,NA,0.0,1799.129,NA,NA,No focal subject,1797.192,out of sight,Not defined,STATE,1649.523,1651.130,1.607,NA,,,,,,
U,2025-04-07 21:45:41.002,timestamp date time: 2023-05-06; 15:29:30,Live observation,NA,0.0,1799.129,NA,NA,No focal subject,1797.192,panting,Not defined,STATE,1651.131,1652.463,1.332,NA,,,,,,
U,2025-04-07 21:45:41.002,timestamp date time: 2023-05-06; 15:29:30,Live observation,NA,0.0,1799.129,NA,NA,No focal subject,1797.192,out of sight,Not defined,STATE,1652.464,1654.618,2.154,NA,,,,,,
U,2025-04-07 21:45:41.002,timestamp date time: 2023-05-06; 15:29:30,Live observation,NA,0.0,1799.129,NA,NA,No focal subject,1797.192,panting,Not defined,STATE,1654.619,1664.336,9.717,NA,,,,,,
U,2025-04-07 21:45:41.002,timestamp date time: 2023-05-06; 15:29:30,Live observation,NA,0.0,1799.129,NA,NA,No focal subject,1797.192,out of sight,Not defined,STATE,1664.337,1668.115,3.778,NA,,,,,,
U,2025-04-07 21:45:41.002,timestamp date time: 2023-05-06; 15:29:30,Live observation,NA,0.0,1799.129,NA,NA,No focal subject,1797.192,stop panting,Not defined,STATE,1668.116,1669.983,1.867,NA,,,,,,
U,2025-04-07 21:45:41.002,timestamp date time: 2023-05-06; 15:29:30,Live observation,NA,0.0,1799.129,NA,NA,No focal subject,1797.192,out of sight,Not defined,STATE,1669.984,1673.237,3.253,NA,,,,,,
U,2025-04-07 21:45:41.002,timestamp date time: 2023-05-06; 15:29:30,Live observation,NA,0.0,1799.129,NA,NA,No focal subject,1797.192,stop panting,Not defined,STATE,1673.238,1673.607,0.369,NA,,,,,,
U,2025-04-07 21:45:41.002,timestamp date time: 2023-05-06; 15:29:30,Live observation,NA,0.0,1799.129,NA,NA,No focal subject,1797.192,out of sight,Not defined,STATE,1673.608,1675.422,1.814,NA,,,,,,
U,2025-04-07 21:45:41.002,timestamp date time: 2023-05-06; 15:29:30,Live observation,NA,0.0,1799.129,NA,NA,No focal subject,1797.192,panting,Not defined,STATE,1675.423,1678.941,3.518,NA,,,,,,
U,2025-04-07 21:45:41.002,timestamp date time: 2023-05-06; 15:29:30,Live observation,NA,0.0,1799.129,NA,NA,No focal subject,1797.192,out of sight,Not defined,STATE,1678.942,1692.757,13.815,NA,,,,,,
U,2025-04-07 21:45:41.002,timestamp date time: 2023-05-06; 15:29:30,Live observation,NA,0.0,1799.129,NA,NA,No focal subject,1797.192,panting,Not defined,STATE,1692.758,1696.912,4.154,NA,,,,,,
U,2025-04-07 21:45:41.002,timestamp date time: 2023-05-06; 15:29:30,Live observation,NA,0.0,1799.129,NA,NA,No focal subject,1797.192,out of sight,Not defined,STATE,1696.913,1698.865,1.952,NA,,,,,,
U,2025-04-07 21:45:41.002,timestamp date time: 2023-05-06; 15:29:30,Live observation,NA,0.0,1799.129,NA,NA,No focal subject,1797.192,panting,Not defined,STATE,1698.866,1704.796,5.930,NA,,,,,,
U,2025-04-07 21:45:41.002,timestamp date time: 2023-05-06; 15:29:30,Live observation,NA,0.0,1799.129,NA,NA,No focal subject,1797.192,out of sight,Not defined,STATE,1704.797,1732.405,27.608,NA,,,,,,
U,2025-04-07 21:45:41.002,timestamp date time: 2023-05-06; 15:29:30,Live observation,NA,0.0,1799.129,NA,NA,No focal subject,1797.192,stop panting,Not defined,STATE,1732.406,1734.002,1.596,NA,,,,,,
U,2025-04-07 21:45:41.002,timestamp date time: 2023-05-06; 15:29:30,Live observation,NA,0.0,1799.129,NA,NA,No focal subject,1797.192,out of sight,Not defined,STATE,1734.003,1736.785,2.782,NA,,,,,,
U,2025-04-07 21:45:41.002,timestamp date time: 2023-05-06; 15:29:30,Live observation,NA,0.0,1799.129,NA,NA,No focal subject,1797.192,panting,Not defined,STATE,1736.786,1757.623,20.837,NA,,,,,,
U,2025-04-07 21:45:41.002,timestamp date time: 2023-05-06; 15:29:30,Live observation,NA,0.0,1799.129,NA,NA,No focal subject,1797.192,out of sight,Not defined,STATE,1757.624,1767.195,9.571,NA,,,,,,
U,2025-04-07 21:45:41.002,timestamp date time: 2023-05-06; 15:29:30,Live observation,NA,0.0,1799.129,NA,NA,No focal subject,1797.192,panting,Not defined,STATE,1767.196,1774.420,7.224,NA,,,,,,
U,2025-04-07 21:45:41.002,timestamp date time: 2023-05-06; 15:29:30,Live observation,NA,0.0,1799.129,NA,NA,No focal subject,1797.192,out of sight,Not defined,STATE,1774.421,1782.458,8.037,NA,,,,,,
U,2025-04-07 21:45:41.002,timestamp date time: 2023-05-06; 15:29:30,Live observation,NA,0.0,1799.129,NA,NA,No focal subject,1797.192,stop panting,Not defined,STATE,1782.459,1785.738,3.279,NA,,,,,,
U,2025-04-07 21:45:41.002,timestamp date time: 2023-05-06; 15:29:30,Live observation,NA,0.0,1799.129,NA,NA,No focal subject,1797.192,panting,Not defined,STATE,1785.739,1789.221,3.482,NA,,,,,,
U,2025-04-07 21:45:41.002,timestamp date time: 2023-05-06; 15:29:30,Live observation,NA,0.0,1799.129,NA,NA,No focal subject,1797.192,stop panting,Not defined,STATE,1789.222,1800.288,11.066,NA,,,,,,
V,2025-04-08 16:26:48.585,timestamp date time: 2023-05-03; 15:30:35,Live observation,NA,0.0,1799.198,NA,NA,No focal subject,1795.768,out of sight,Not defined,STATE,1.217,5.922,4.705,NA,,,,,,
V,2025-04-08 16:26:48.585,timestamp date time: 2023-05-03; 15:30:35,Live observation,NA,0.0,1799.198,NA,NA,No focal subject,1795.768,stop panting,Not defined,STATE,5.923,8.516,2.593,NA,,,,,,
V,2025-04-08 16:26:48.585,timestamp date time: 2023-05-03; 15:30:35,Live observation,NA,0.0,1799.198,NA,NA,No focal subject,1795.768,out of sight,Not defined,STATE,8.517,51.372,42.855,NA,,,,,,
V,2025-04-08 16:26:48.585,timestamp date time: 2023-05-03; 15:30:35,Live observation,NA,0.0,1799.198,NA,NA,No focal subject,1795.768,panting,Not defined,STATE,51.373,53.012,1.639,NA,,,,,,
V,2025-04-08 16:26:48.585,timestamp date time: 2023-05-03; 15:30:35,Live observation,NA,0.0,1799.198,NA,NA,No focal subject,1795.768,out of sight,Not defined,STATE,53.013,71.314,18.301,NA,,,,,,
V,2025-04-08 16:26:48.585,timestamp date time: 2023-05-03; 15:30:35,Live observation,NA,0.0,1799.198,NA,NA,No focal subject,1795.768,panting,Not defined,STATE,71.315,72.500,1.185,NA,,,,,,
V,2025-04-08 16:26:48.585,timestamp date time: 2023-05-03; 15:30:35,Live observation,NA,0.0,1799.198,NA,NA,No focal subject,1795.768,out of sight,Not defined,STATE,72.501,80.454,7.953,NA,,,,,,
V,2025-04-08 16:26:48.585,timestamp date time: 2023-05-03; 15:30:35,Live observation,NA,0.0,1799.198,NA,NA,No focal subject,1795.768,stop panting,Not defined,STATE,80.455,82.148,1.693,NA,,,,,,
V,2025-04-08 16:26:48.585,timestamp date time: 2023-05-03; 15:30:35,Live observation,NA,0.0,1799.198,NA,NA,No focal subject,1795.768,out of sight,Not defined,STATE,82.149,103.032,20.883,NA,,,,,,
V,2025-04-08 16:26:48.585,timestamp date time: 2023-05-03; 15:30:35,Live observation,NA,0.0,1799.198,NA,NA,No focal subject,1795.768,stop panting,Not defined,STATE,103.033,103.469,0.436,NA,,,,,,
V,2025-04-08 16:26:48.585,timestamp date time: 2023-05-03; 15:30:35,Live observation,NA,0.0,1799.198,NA,NA,No focal subject,1795.768,panting,Not defined,STATE,103.470,105.843,2.373,NA,,,,,,
V,2025-04-08 16:26:48.585,timestamp date time: 2023-05-03; 15:30:35,Live observation,NA,0.0,1799.198,NA,NA,No focal subject,1795.768,out of sight,Not defined,STATE,105.844,114.488,8.644,NA,,,,,,
V,2025-04-08 16:26:48.585,timestamp date time: 2023-05-03; 15:30:35,Live observation,NA,0.0,1799.198,NA,NA,No focal subject,1795.768,stop panting,Not defined,STATE,114.489,115.376,0.887,NA,,,,,,
V,2025-04-08 16:26:48.585,timestamp date time: 2023-05-03; 15:30:35,Live observation,NA,0.0,1799.198,NA,NA,No focal subject,1795.768,out of sight,Not defined,STATE,115.377,124.639,9.262,NA,,,,,,
V,2025-04-08 16:26:48.585,timestamp date time: 2023-05-03; 15:30:35,Live observation,NA,0.0,1799.198,NA,NA,No focal subject,1795.768,panting,Not defined,STATE,124.640,124.877,0.237,NA,,,,,,
V,2025-04-08 16:26:48.585,timestamp date time: 2023-05-03; 15:30:35,Live observation,NA,0.0,1799.198,NA,NA,No focal subject,1795.768,out of sight,Not defined,STATE,128.085,136.629,8.544,NA,,,,,,
V,2025-04-08 16:26:48.585,timestamp date time: 2023-05-03; 15:30:35,Live observation,NA,0.0,1799.198,NA,NA,No focal subject,1795.768,panting,Not defined,STATE,136.630,139.050,2.420,NA,,,,,,
V,2025-04-08 16:26:48.585,timestamp date time: 2023-05-03; 15:30:35,Live observation,NA,0.0,1799.198,NA,NA,No focal subject,1795.768,out of sight,Not defined,STATE,139.051,163.285,24.234,NA,,,,,,
V,2025-04-08 16:26:48.585,timestamp date time: 2023-05-03; 15:30:35,Live observation,NA,0.0,1799.198,NA,NA,No focal subject,1795.768,panting,Not defined,STATE,163.286,165.562,2.276,NA,,,,,,
V,2025-04-08 16:26:48.585,timestamp date time: 2023-05-03; 15:30:35,Live observation,NA,0.0,1799.198,NA,NA,No focal subject,1795.768,out of sight,Not defined,STATE,165.563,188.200,22.637,NA,,,,,,
V,2025-04-08 16:26:48.585,timestamp date time: 2023-05-03; 15:30:35,Live observation,NA,0.0,1799.198,NA,NA,No focal subject,1795.768,stop panting,Not defined,STATE,188.201,188.950,0.749,NA,,,,,,
V,2025-04-08 16:26:48.585,timestamp date time: 2023-05-03; 15:30:35,Live observation,NA,0.0,1799.198,NA,NA,No focal subject,1795.768,out of sight,Not defined,STATE,188.951,191.562,2.611,NA,,,,,,
V,2025-04-08 16:26:48.585,timestamp date time: 2023-05-03; 15:30:35,Live observation,NA,0.0,1799.198,NA,NA,No focal subject,1795.768,panting,Not defined,STATE,191.563,197.660,6.097,NA,,,,,,
V,2025-04-08 16:26:48.585,timestamp date time: 2023-05-03; 15:30:35,Live observation,NA,0.0,1799.198,NA,NA,No focal subject,1795.768,out of sight,Not defined,STATE,197.661,201.564,3.903,NA,,,,,,
V,2025-04-08 16:26:48.585,timestamp date time: 2023-05-03; 15:30:35,Live observation,NA,0.0,1799.198,NA,NA,No focal subject,1795.768,panting,Not defined,STATE,201.565,206.423,4.858,NA,,,,,,
V,2025-04-08 16:26:48.585,timestamp date time: 2023-05-03; 15:30:35,Live observation,NA,0.0,1799.198,NA,NA,No focal subject,1795.768,out of sight,Not defined,STATE,206.424,233.219,26.795,NA,,,,,,
V,2025-04-08 16:26:48.585,timestamp date time: 2023-05-03; 15:30:35,Live observation,NA,0.0,1799.198,NA,NA,No focal subject,1795.768,stop panting,Not defined,STATE,233.220,234.499,1.279,NA,,,,,,
V,2025-04-08 16:26:48.585,timestamp date time: 2023-05-03; 15:30:35,Live observation,NA,0.0,1799.198,NA,NA,No focal subject,1795.768,panting,Not defined,STATE,234.500,235.689,1.189,NA,,,,,,
V,2025-04-08 16:26:48.585,timestamp date time: 2023-05-03; 15:30:35,Live observation,NA,0.0,1799.198,NA,NA,No focal subject,1795.768,out of sight,Not defined,STATE,235.690,236.932,1.242,NA,,,,,,
V,2025-04-08 16:26:48.585,timestamp date time: 2023-05-03; 15:30:35,Live observation,NA,0.0,1799.198,NA,NA,No focal subject,1795.768,panting,Not defined,STATE,236.933,241.669,4.736,NA,,,,,,
V,2025-04-08 16:26:48.585,timestamp date time: 2023-05-03; 15:30:35,Live observation,NA,0.0,1799.198,NA,NA,No focal subject,1795.768,out of sight,Not defined,STATE,241.670,273.531,31.861,NA,,,,,,
V,2025-04-08 16:26:48.585,timestamp date time: 2023-05-03; 15:30:35,Live observation,NA,0.0,1799.198,NA,NA,No focal subject,1795.768,panting,Not defined,STATE,273.532,277.536,4.004,NA,,,,,,
V,2025-04-08 16:26:48.585,timestamp date time: 2023-05-03; 15:30:35,Live observation,NA,0.0,1799.198,NA,NA,No focal subject,1795.768,out of sight,Not defined,STATE,277.537,285.107,7.570,NA,,,,,,
V,2025-04-08 16:26:48.585,timestamp date time: 2023-05-03; 15:30:35,Live observation,NA,0.0,1799.198,NA,NA,No focal subject,1795.768,panting,Not defined,STATE,285.108,286.121,1.013,NA,,,,,,
V,2025-04-08 16:26:48.585,timestamp date time: 2023-05-03; 15:30:35,Live observation,NA,0.0,1799.198,NA,NA,No focal subject,1795.768,out of sight,Not defined,STATE,286.122,295.559,9.437,NA,,,,,,
V,2025-04-08 16:26:48.585,timestamp date time: 2023-05-03; 15:30:35,Live observation,NA,0.0,1799.198,NA,NA,No focal subject,1795.768,panting,Not defined,STATE,295.560,299.462,3.902,NA,,,,,,
V,2025-04-08 16:26:48.585,timestamp date time: 2023-05-03; 15:30:35,Live observation,NA,0.0,1799.198,NA,NA,No focal subject,1795.768,out of sight,Not defined,STATE,299.463,306.351,6.888,NA,,,,,,
V,2025-04-08 16:26:48.585,timestamp date time: 2023-05-03; 15:30:35,Live observation,NA,0.0,1799.198,NA,NA,No focal subject,1795.768,stop panting,Not defined,STATE,306.352,308.024,1.672,NA,,,,,,
V,2025-04-08 16:26:48.585,timestamp date time: 2023-05-03; 15:30:35,Live observation,NA,0.0,1799.198,NA,NA,No focal subject,1795.768,out of sight,Not defined,STATE,308.025,309.281,1.256,NA,,,,,,
V,2025-04-08 16:26:48.585,timestamp date time: 2023-05-03; 15:30:35,Live observation,NA,0.0,1799.198,NA,NA,No focal subject,1795.768,panting,Not defined,STATE,309.282,311.411,2.129,NA,,,,,,
V,2025-04-08 16:26:48.585,timestamp date time: 2023-05-03; 15:30:35,Live observation,NA,0.0,1799.198,NA,NA,No focal subject,1795.768,out of sight,Not defined,STATE,311.412,329.377,17.965,NA,,,,,,
V,2025-04-08 16:26:48.585,timestamp date time: 2023-05-03; 15:30:35,Live observation,NA,0.0,1799.198,NA,NA,No focal subject,1795.768,panting,Not defined,STATE,329.378,331.004,1.626,NA,,,,,,
V,2025-04-08 16:26:48.585,timestamp date time: 2023-05-03; 15:30:35,Live observation,NA,0.0,1799.198,NA,NA,No focal subject,1795.768,out of sight,Not defined,STATE,331.005,332.829,1.824,NA,,,,,,
V,2025-04-08 16:26:48.585,timestamp date time: 2023-05-03; 15:30:35,Live observation,NA,0.0,1799.198,NA,NA,No focal subject,1795.768,panting,Not defined,STATE,332.830,334.616,1.786,NA,,,,,,
V,2025-04-08 16:26:48.585,timestamp date time: 2023-05-03; 15:30:35,Live observation,NA,0.0,1799.198,NA,NA,No focal subject,1795.768,out of sight,Not defined,STATE,334.617,345.543,10.926,NA,,,,,,
V,2025-04-08 16:26:48.585,timestamp date time: 2023-05-03; 15:30:35,Live observation,NA,0.0,1799.198,NA,NA,No focal subject,1795.768,stop panting,Not defined,STATE,345.544,348.353,2.809,NA,,,,,,
V,2025-04-08 16:26:48.585,timestamp date time: 2023-05-03; 15:30:35,Live observation,NA,0.0,1799.198,NA,NA,No focal subject,1795.768,out of sight,Not defined,STATE,348.354,357.900,9.546,NA,,,,,,
V,2025-04-08 16:26:48.585,timestamp date time: 2023-05-03; 15:30:35,Live observation,NA,0.0,1799.198,NA,NA,No focal subject,1795.768,panting,Not defined,STATE,357.901,361.514,3.613,NA,,,,,,
V,2025-04-08 16:26:48.585,timestamp date time: 2023-05-03; 15:30:35,Live observation,NA,0.0,1799.198,NA,NA,No focal subject,1795.768,out of sight,Not defined,STATE,361.515,374.893,13.378,NA,,,,,,
V,2025-04-08 16:26:48.585,timestamp date time: 2023-05-03; 15:30:35,Live observation,NA,0.0,1799.198,NA,NA,No focal subject,1795.768,stop panting,Not defined,STATE,374.894,377.518,2.624,NA,,,,,,
V,2025-04-08 16:26:48.585,timestamp date time: 2023-05-03; 15:30:35,Live observation,NA,0.0,1799.198,NA,NA,No focal subject,1795.768,out of sight,Not defined,STATE,377.519,378.880,1.361,NA,,,,,,
V,2025-04-08 16:26:48.585,timestamp date time: 2023-05-03; 15:30:35,Live observation,NA,0.0,1799.198,NA,NA,No focal subject,1795.768,stop panting,Not defined,STATE,378.881,379.889,1.008,NA,,,,,,
V,2025-04-08 16:26:48.585,timestamp date time: 2023-05-03; 15:30:35,Live observation,NA,0.0,1799.198,NA,NA,No focal subject,1795.768,panting,Not defined,STATE,379.890,386.580,6.690,NA,,,,,,
V,2025-04-08 16:26:48.585,timestamp date time: 2023-05-03; 15:30:35,Live observation,NA,0.0,1799.198,NA,NA,No focal subject,1795.768,out of sight,Not defined,STATE,386.581,396.065,9.484,NA,,,,,,
V,2025-04-08 16:26:48.585,timestamp date time: 2023-05-03; 15:30:35,Live observation,NA,0.0,1799.198,NA,NA,No focal subject,1795.768,stop panting,Not defined,STATE,396.066,397.993,1.927,NA,,,,,,
V,2025-04-08 16:26:48.585,timestamp date time: 2023-05-03; 15:30:35,Live observation,NA,0.0,1799.198,NA,NA,No focal subject,1795.768,panting,Not defined,STATE,397.994,408.730,10.736,NA,,,,,,
V,2025-04-08 16:26:48.585,timestamp date time: 2023-05-03; 15:30:35,Live observation,NA,0.0,1799.198,NA,NA,No focal subject,1795.768,out of sight,Not defined,STATE,408.731,436.152,27.421,NA,,,,,,
V,2025-04-08 16:26:48.585,timestamp date time: 2023-05-03; 15:30:35,Live observation,NA,0.0,1799.198,NA,NA,No focal subject,1795.768,panting,Not defined,STATE,436.153,439.273,3.120,NA,,,,,,
V,2025-04-08 16:26:48.585,timestamp date time: 2023-05-03; 15:30:35,Live observation,NA,0.0,1799.198,NA,NA,No focal subject,1795.768,out of sight,Not defined,STATE,439.274,468.871,29.597,NA,,,,,,
V,2025-04-08 16:26:48.585,timestamp date time: 2023-05-03; 15:30:35,Live observation,NA,0.0,1799.198,NA,NA,No focal subject,1795.768,panting,Not defined,STATE,468.872,472.285,3.413,NA,,,,,,
V,2025-04-08 16:26:48.585,timestamp date time: 2023-05-03; 15:30:35,Live observation,NA,0.0,1799.198,NA,NA,No focal subject,1795.768,out of sight,Not defined,STATE,472.286,490.309,18.023,NA,,,,,,
V,2025-04-08 16:26:48.585,timestamp date time: 2023-05-03; 15:30:35,Live observation,NA,0.0,1799.198,NA,NA,No focal subject,1795.768,stop panting,Not defined,STATE,490.310,492.018,1.708,NA,,,,,,
V,2025-04-08 16:26:48.585,timestamp date time: 2023-05-03; 15:30:35,Live observation,NA,0.0,1799.198,NA,NA,No focal subject,1795.768,out of sight,Not defined,STATE,492.019,495.673,3.654,NA,,,,,,
V,2025-04-08 16:26:48.585,timestamp date time: 2023-05-03; 15:30:35,Live observation,NA,0.0,1799.198,NA,NA,No focal subject,1795.768,panting,Not defined,STATE,495.674,499.752,4.078,NA,,,,,,
V,2025-04-08 16:26:48.585,timestamp date time: 2023-05-03; 15:30:35,Live observation,NA,0.0,1799.198,NA,NA,No focal subject,1795.768,out of sight,Not defined,STATE,499.753,522.552,22.799,NA,,,,,,
V,2025-04-08 16:26:48.585,timestamp date time: 2023-05-03; 15:30:35,Live observation,NA,0.0,1799.198,NA,NA,No focal subject,1795.768,stop panting,Not defined,STATE,522.553,523.749,1.196,NA,,,,,,
V,2025-04-08 16:26:48.585,timestamp date time: 2023-05-03; 15:30:35,Live observation,NA,0.0,1799.198,NA,NA,No focal subject,1795.768,out of sight,Not defined,STATE,523.750,525.319,1.569,NA,,,,,,
V,2025-04-08 16:26:48.585,timestamp date time: 2023-05-03; 15:30:35,Live observation,NA,0.0,1799.198,NA,NA,No focal subject,1795.768,panting,Not defined,STATE,525.320,527.483,2.163,NA,,,,,,
V,2025-04-08 16:26:48.585,timestamp date time: 2023-05-03; 15:30:35,Live observation,NA,0.0,1799.198,NA,NA,No focal subject,1795.768,out of sight,Not defined,STATE,527.484,558.309,30.825,NA,,,,,,
V,2025-04-08 16:26:48.585,timestamp date time: 2023-05-03; 15:30:35,Live observation,NA,0.0,1799.198,NA,NA,No focal subject,1795.768,stop panting,Not defined,STATE,558.310,560.332,2.022,NA,,,,,,
V,2025-04-08 16:26:48.585,timestamp date time: 2023-05-03; 15:30:35,Live observation,NA,0.0,1799.198,NA,NA,No focal subject,1795.768,out of sight,Not defined,STATE,560.333,563.002,2.669,NA,,,,,,
V,2025-04-08 16:26:48.585,timestamp date time: 2023-05-03; 15:30:35,Live observation,NA,0.0,1799.198,NA,NA,No focal subject,1795.768,stop panting,Not defined,STATE,563.003,564.179,1.176,NA,,,,,,
V,2025-04-08 16:26:48.585,timestamp date time: 2023-05-03; 15:30:35,Live observation,NA,0.0,1799.198,NA,NA,No focal subject,1795.768,out of sight,Not defined,STATE,564.180,572.315,8.135,NA,,,,,,
V,2025-04-08 16:26:48.585,timestamp date time: 2023-05-03; 15:30:35,Live observation,NA,0.0,1799.198,NA,NA,No focal subject,1795.768,panting,Not defined,STATE,572.316,573.457,1.141,NA,,,,,,
V,2025-04-08 16:26:48.585,timestamp date time: 2023-05-03; 15:30:35,Live observation,NA,0.0,1799.198,NA,NA,No focal subject,1795.768,out of sight,Not defined,STATE,573.458,576.729,3.271,NA,,,,,,
V,2025-04-08 16:26:48.585,timestamp date time: 2023-05-03; 15:30:35,Live observation,NA,0.0,1799.198,NA,NA,No focal subject,1795.768,stop panting,Not defined,STATE,576.730,578.689,1.959,NA,,,,,,
V,2025-04-08 16:26:48.585,timestamp date time: 2023-05-03; 15:30:35,Live observation,NA,0.0,1799.198,NA,NA,No focal subject,1795.768,out of sight,Not defined,STATE,578.690,580.907,2.217,NA,,,,,,
V,2025-04-08 16:26:48.585,timestamp date time: 2023-05-03; 15:30:35,Live observation,NA,0.0,1799.198,NA,NA,No focal subject,1795.768,panting,Not defined,STATE,580.908,583.232,2.324,NA,,,,,,
V,2025-04-08 16:26:48.585,timestamp date time: 2023-05-03; 15:30:35,Live observation,NA,0.0,1799.198,NA,NA,No focal subject,1795.768,out of sight,Not defined,STATE,583.233,592.946,9.713,NA,,,,,,
V,2025-04-08 16:26:48.585,timestamp date time: 2023-05-03; 15:30:35,Live observation,NA,0.0,1799.198,NA,NA,No focal subject,1795.768,panting,Not defined,STATE,592.947,594.539,1.592,NA,,,,,,
V,2025-04-08 16:26:48.585,timestamp date time: 2023-05-03; 15:30:35,Live observation,NA,0.0,1799.198,NA,NA,No focal subject,1795.768,out of sight,Not defined,STATE,594.540,633.922,39.382,NA,,,,,,
V,2025-04-08 16:26:48.585,timestamp date time: 2023-05-03; 15:30:35,Live observation,NA,0.0,1799.198,NA,NA,No focal subject,1795.768,stop panting,Not defined,STATE,633.923,634.636,0.713,NA,,,,,,
V,2025-04-08 16:26:48.585,timestamp date time: 2023-05-03; 15:30:35,Live observation,NA,0.0,1799.198,NA,NA,No focal subject,1795.768,out of sight,Not defined,STATE,634.637,660.065,25.428,NA,,,,,,
V,2025-04-08 16:26:48.585,timestamp date time: 2023-05-03; 15:30:35,Live observation,NA,0.0,1799.198,NA,NA,No focal subject,1795.768,stop panting,Not defined,STATE,660.066,666.851,6.785,NA,,,,,,
V,2025-04-08 16:26:48.585,timestamp date time: 2023-05-03; 15:30:35,Live observation,NA,0.0,1799.198,NA,NA,No focal subject,1795.768,out of sight,Not defined,STATE,666.852,682.836,15.984,NA,,,,,,
V,2025-04-08 16:26:48.585,timestamp date time: 2023-05-03; 15:30:35,Live observation,NA,0.0,1799.198,NA,NA,No focal subject,1795.768,panting,Not defined,STATE,682.837,692.107,9.270,NA,,,,,,
V,2025-04-08 16:26:48.585,timestamp date time: 2023-05-03; 15:30:35,Live observation,NA,0.0,1799.198,NA,NA,No focal subject,1795.768,out of sight,Not defined,STATE,692.108,722.212,30.104,NA,,,,,,
V,2025-04-08 16:26:48.585,timestamp date time: 2023-05-03; 15:30:35,Live observation,NA,0.0,1799.198,NA,NA,No focal subject,1795.768,panting,Not defined,STATE,722.213,725.043,2.830,NA,,,,,,
V,2025-04-08 16:26:48.585,timestamp date time: 2023-05-03; 15:30:35,Live observation,NA,0.0,1799.198,NA,NA,No focal subject,1795.768,out of sight,Not defined,STATE,725.044,730.749,5.705,NA,,,,,,
V,2025-04-08 16:26:48.585,timestamp date time: 2023-05-03; 15:30:35,Live observation,NA,0.0,1799.198,NA,NA,No focal subject,1795.768,panting,Not defined,STATE,730.750,731.835,1.085,NA,,,,,,
V,2025-04-08 16:26:48.585,timestamp date time: 2023-05-03; 15:30:35,Live observation,NA,0.0,1799.198,NA,NA,No focal subject,1795.768,out of sight,Not defined,STATE,731.836,756.030,24.194,NA,,,,,,
V,2025-04-08 16:26:48.585,timestamp date time: 2023-05-03; 15:30:35,Live observation,NA,0.0,1799.198,NA,NA,No focal subject,1795.768,panting,Not defined,STATE,756.031,757.618,1.587,NA,,,,,,
V,2025-04-08 16:26:48.585,timestamp date time: 2023-05-03; 15:30:35,Live observation,NA,0.0,1799.198,NA,NA,No focal subject,1795.768,out of sight,Not defined,STATE,757.619,771.612,13.993,NA,,,,,,
V,2025-04-08 16:26:48.585,timestamp date time: 2023-05-03; 15:30:35,Live observation,NA,0.0,1799.198,NA,NA,No focal subject,1795.768,panting,Not defined,STATE,771.613,774.862,3.249,NA,,,,,,
V,2025-04-08 16:26:48.585,timestamp date time: 2023-05-03; 15:30:35,Live observation,NA,0.0,1799.198,NA,NA,No focal subject,1795.768,out of sight,Not defined,STATE,774.863,781.257,6.394,NA,,,,,,
V,2025-04-08 16:26:48.585,timestamp date time: 2023-05-03; 15:30:35,Live observation,NA,0.0,1799.198,NA,NA,No focal subject,1795.768,stop panting,Not defined,STATE,781.258,783.203,1.945,NA,,,,,,
V,2025-04-08 16:26:48.585,timestamp date time: 2023-05-03; 15:30:35,Live observation,NA,0.0,1799.198,NA,NA,No focal subject,1795.768,out of sight,Not defined,STATE,783.204,788.451,5.247,NA,,,,,,
V,2025-04-08 16:26:48.585,timestamp date time: 2023-05-03; 15:30:35,Live observation,NA,0.0,1799.198,NA,NA,No focal subject,1795.768,stop panting,Not defined,STATE,788.452,790.756,2.304,NA,,,,,,
V,2025-04-08 16:26:48.585,timestamp date time: 2023-05-03; 15:30:35,Live observation,NA,0.0,1799.198,NA,NA,No focal subject,1795.768,out of sight,Not defined,STATE,790.757,812.887,22.130,NA,,,,,,
V,2025-04-08 16:26:48.585,timestamp date time: 2023-05-03; 15:30:35,Live observation,NA,0.0,1799.198,NA,NA,No focal subject,1795.768,stop panting,Not defined,STATE,812.888,815.451,2.563,NA,,,,,,
V,2025-04-08 16:26:48.585,timestamp date time: 2023-05-03; 15:30:35,Live observation,NA,0.0,1799.198,NA,NA,No focal subject,1795.768,panting,Not defined,STATE,815.452,817.230,1.778,NA,,,,,,
V,2025-04-08 16:26:48.585,timestamp date time: 2023-05-03; 15:30:35,Live observation,NA,0.0,1799.198,NA,NA,No focal subject,1795.768,out of sight,Not defined,STATE,817.231,819.408,2.177,NA,,,,,,
V,2025-04-08 16:26:48.585,timestamp date time: 2023-05-03; 15:30:35,Live observation,NA,0.0,1799.198,NA,NA,No focal subject,1795.768,panting,Not defined,STATE,819.409,822.889,3.480,NA,,,,,,
V,2025-04-08 16:26:48.585,timestamp date time: 2023-05-03; 15:30:35,Live observation,NA,0.0,1799.198,NA,NA,No focal subject,1795.768,out of sight,Not defined,STATE,822.890,836.155,13.265,NA,,,,,,
V,2025-04-08 16:26:48.585,timestamp date time: 2023-05-03; 15:30:35,Live observation,NA,0.0,1799.198,NA,NA,No focal subject,1795.768,panting,Not defined,STATE,836.156,837.511,1.355,NA,,,,,,
V,2025-04-08 16:26:48.585,timestamp date time: 2023-05-03; 15:30:35,Live observation,NA,0.0,1799.198,NA,NA,No focal subject,1795.768,out of sight,Not defined,STATE,837.512,859.936,22.424,NA,,,,,,
V,2025-04-08 16:26:48.585,timestamp date time: 2023-05-03; 15:30:35,Live observation,NA,0.0,1799.198,NA,NA,No focal subject,1795.768,stop panting,Not defined,STATE,859.937,861.217,1.280,NA,,,,,,
V,2025-04-08 16:26:48.585,timestamp date time: 2023-05-03; 15:30:35,Live observation,NA,0.0,1799.198,NA,NA,No focal subject,1795.768,panting,Not defined,STATE,861.218,863.169,1.951,NA,,,,,,
V,2025-04-08 16:26:48.585,timestamp date time: 2023-05-03; 15:30:35,Live observation,NA,0.0,1799.198,NA,NA,No focal subject,1795.768,out of sight,Not defined,STATE,863.170,865.274,2.104,NA,,,,,,
V,2025-04-08 16:26:48.585,timestamp date time: 2023-05-03; 15:30:35,Live observation,NA,0.0,1799.198,NA,NA,No focal subject,1795.768,stop panting,Not defined,STATE,865.275,867.850,2.575,NA,,,,,,
V,2025-04-08 16:26:48.585,timestamp date time: 2023-05-03; 15:30:35,Live observation,NA,0.0,1799.198,NA,NA,No focal subject,1795.768,out of sight,Not defined,STATE,867.851,906.579,38.728,NA,,,,,,
V,2025-04-08 16:26:48.585,timestamp date time: 2023-05-03; 15:30:35,Live observation,NA,0.0,1799.198,NA,NA,No focal subject,1795.768,panting,Not defined,STATE,906.580,912.236,5.656,NA,,,,,,
V,2025-04-08 16:26:48.585,timestamp date time: 2023-05-03; 15:30:35,Live observation,NA,0.0,1799.198,NA,NA,No focal subject,1795.768,out of sight,Not defined,STATE,912.237,913.839,1.602,NA,,,,,,
V,2025-04-08 16:26:48.585,timestamp date time: 2023-05-03; 15:30:35,Live observation,NA,0.0,1799.198,NA,NA,No focal subject,1795.768,panting,Not defined,STATE,913.840,918.643,4.803,NA,,,,,,
V,2025-04-08 16:26:48.585,timestamp date time: 2023-05-03; 15:30:35,Live observation,NA,0.0,1799.198,NA,NA,No focal subject,1795.768,out of sight,Not defined,STATE,918.644,925.904,7.260,NA,,,,,,
V,2025-04-08 16:26:48.585,timestamp date time: 2023-05-03; 15:30:35,Live observation,NA,0.0,1799.198,NA,NA,No focal subject,1795.768,panting,Not defined,STATE,925.905,928.241,2.336,NA,,,,,,
V,2025-04-08 16:26:48.585,timestamp date time: 2023-05-03; 15:30:35,Live observation,NA,0.0,1799.198,NA,NA,No focal subject,1795.768,out of sight,Not defined,STATE,928.242,942.669,14.427,NA,,,,,,
V,2025-04-08 16:26:48.585,timestamp date time: 2023-05-03; 15:30:35,Live observation,NA,0.0,1799.198,NA,NA,No focal subject,1795.768,panting,Not defined,STATE,942.670,943.639,0.969,NA,,,,,,
V,2025-04-08 16:26:48.585,timestamp date time: 2023-05-03; 15:30:35,Live observation,NA,0.0,1799.198,NA,NA,No focal subject,1795.768,out of sight,Not defined,STATE,943.640,981.318,37.678,NA,,,,,,
V,2025-04-08 16:26:48.585,timestamp date time: 2023-05-03; 15:30:35,Live observation,NA,0.0,1799.198,NA,NA,No focal subject,1795.768,panting,Not defined,STATE,981.319,984.996,3.677,NA,,,,,,
V,2025-04-08 16:26:48.585,timestamp date time: 2023-05-03; 15:30:35,Live observation,NA,0.0,1799.198,NA,NA,No focal subject,1795.768,out of sight,Not defined,STATE,984.997,1020.371,35.374,NA,,,,,,
V,2025-04-08 16:26:48.585,timestamp date time: 2023-05-03; 15:30:35,Live observation,NA,0.0,1799.198,NA,NA,No focal subject,1795.768,stop panting,Not defined,STATE,1020.372,1020.909,0.537,NA,,,,,,
V,2025-04-08 16:26:48.585,timestamp date time: 2023-05-03; 15:30:35,Live observation,NA,0.0,1799.198,NA,NA,No focal subject,1795.768,panting,Not defined,STATE,1020.910,1022.664,1.754,NA,,,,,,
V,2025-04-08 16:26:48.585,timestamp date time: 2023-05-03; 15:30:35,Live observation,NA,0.0,1799.198,NA,NA,No focal subject,1795.768,out of sight,Not defined,STATE,1022.665,1034.718,12.053,NA,,,,,,
V,2025-04-08 16:26:48.585,timestamp date time: 2023-05-03; 15:30:35,Live observation,NA,0.0,1799.198,NA,NA,No focal subject,1795.768,stop panting,Not defined,STATE,1034.719,1038.542,3.823,NA,,,,,,
V,2025-04-08 16:26:48.585,timestamp date time: 2023-05-03; 15:30:35,Live observation,NA,0.0,1799.198,NA,NA,No focal subject,1795.768,out of sight,Not defined,STATE,1038.543,1046.492,7.949,NA,,,,,,
V,2025-04-08 16:26:48.585,timestamp date time: 2023-05-03; 15:30:35,Live observation,NA,0.0,1799.198,NA,NA,No focal subject,1795.768,stop panting,Not defined,STATE,1046.493,1055.484,8.991,NA,,,,,,
V,2025-04-08 16:26:48.585,timestamp date time: 2023-05-03; 15:30:35,Live observation,NA,0.0,1799.198,NA,NA,No focal subject,1795.768,out of sight,Not defined,STATE,1055.485,1057.447,1.962,NA,,,,,,
V,2025-04-08 16:26:48.585,timestamp date time: 2023-05-03; 15:30:35,Live observation,NA,0.0,1799.198,NA,NA,No focal subject,1795.768,stop panting,Not defined,STATE,1057.448,1058.753,1.305,NA,,,,,,
V,2025-04-08 16:26:48.585,timestamp date time: 2023-05-03; 15:30:35,Live observation,NA,0.0,1799.198,NA,NA,No focal subject,1795.768,out of sight,Not defined,STATE,1058.754,1074.915,16.161,NA,,,,,,
V,2025-04-08 16:26:48.585,timestamp date time: 2023-05-03; 15:30:35,Live observation,NA,0.0,1799.198,NA,NA,No focal subject,1795.768,panting,Not defined,STATE,1074.916,1079.593,4.677,NA,,,,,,
V,2025-04-08 16:26:48.585,timestamp date time: 2023-05-03; 15:30:35,Live observation,NA,0.0,1799.198,NA,NA,No focal subject,1795.768,stop panting,Not defined,STATE,1079.594,1083.900,4.306,NA,,,,,,
V,2025-04-08 16:26:48.585,timestamp date time: 2023-05-03; 15:30:35,Live observation,NA,0.0,1799.198,NA,NA,No focal subject,1795.768,panting,Not defined,STATE,1083.901,1095.016,11.115,NA,,,,,,
V,2025-04-08 16:26:48.585,timestamp date time: 2023-05-03; 15:30:35,Live observation,NA,0.0,1799.198,NA,NA,No focal subject,1795.768,out of sight,Not defined,STATE,1095.017,1101.919,6.902,NA,,,,,,
V,2025-04-08 16:26:48.585,timestamp date time: 2023-05-03; 15:30:35,Live observation,NA,0.0,1799.198,NA,NA,No focal subject,1795.768,panting,Not defined,STATE,1101.920,1109.335,7.415,NA,,,,,,
V,2025-04-08 16:26:48.585,timestamp date time: 2023-05-03; 15:30:35,Live observation,NA,0.0,1799.198,NA,NA,No focal subject,1795.768,out of sight,Not defined,STATE,1109.336,1110.689,1.353,NA,,,,,,
V,2025-04-08 16:26:48.585,timestamp date time: 2023-05-03; 15:30:35,Live observation,NA,0.0,1799.198,NA,NA,No focal subject,1795.768,panting,Not defined,STATE,1110.690,1113.979,3.289,NA,,,,,,
V,2025-04-08 16:26:48.585,timestamp date time: 2023-05-03; 15:30:35,Live observation,NA,0.0,1799.198,NA,NA,No focal subject,1795.768,out of sight,Not defined,STATE,1113.980,1119.634,5.654,NA,,,,,,
V,2025-04-08 16:26:48.585,timestamp date time: 2023-05-03; 15:30:35,Live observation,NA,0.0,1799.198,NA,NA,No focal subject,1795.768,panting,Not defined,STATE,1119.635,1127.127,7.492,NA,,,,,,
V,2025-04-08 16:26:48.585,timestamp date time: 2023-05-03; 15:30:35,Live observation,NA,0.0,1799.198,NA,NA,No focal subject,1795.768,out of sight,Not defined,STATE,1127.128,1132.363,5.235,NA,,,,,,
V,2025-04-08 16:26:48.585,timestamp date time: 2023-05-03; 15:30:35,Live observation,NA,0.0,1799.198,NA,NA,No focal subject,1795.768,panting,Not defined,STATE,1132.364,1136.308,3.944,NA,,,,,,
V,2025-04-08 16:26:48.585,timestamp date time: 2023-05-03; 15:30:35,Live observation,NA,0.0,1799.198,NA,NA,No focal subject,1795.768,out of sight,Not defined,STATE,1136.309,1144.538,8.229,NA,,,,,,
V,2025-04-08 16:26:48.585,timestamp date time: 2023-05-03; 15:30:35,Live observation,NA,0.0,1799.198,NA,NA,No focal subject,1795.768,panting,Not defined,STATE,1144.539,1148.072,3.533,NA,,,,,,
V,2025-04-08 16:26:48.585,timestamp date time: 2023-05-03; 15:30:35,Live observation,NA,0.0,1799.198,NA,NA,No focal subject,1795.768,out of sight,Not defined,STATE,1148.073,1162.293,14.220,NA,,,,,,
V,2025-04-08 16:26:48.585,timestamp date time: 2023-05-03; 15:30:35,Live observation,NA,0.0,1799.198,NA,NA,No focal subject,1795.768,stop panting,Not defined,STATE,1162.294,1163.473,1.179,NA,,,,,,
V,2025-04-08 16:26:48.585,timestamp date time: 2023-05-03; 15:30:35,Live observation,NA,0.0,1799.198,NA,NA,No focal subject,1795.768,out of sight,Not defined,STATE,1163.474,1165.909,2.435,NA,,,,,,
V,2025-04-08 16:26:48.585,timestamp date time: 2023-05-03; 15:30:35,Live observation,NA,0.0,1799.198,NA,NA,No focal subject,1795.768,stop panting,Not defined,STATE,1165.910,1166.540,0.630,NA,,,,,,
V,2025-04-08 16:26:48.585,timestamp date time: 2023-05-03; 15:30:35,Live observation,NA,0.0,1799.198,NA,NA,No focal subject,1795.768,out of sight,Not defined,STATE,1166.541,1169.401,2.860,NA,,,,,,
V,2025-04-08 16:26:48.585,timestamp date time: 2023-05-03; 15:30:35,Live observation,NA,0.0,1799.198,NA,NA,No focal subject,1795.768,stop panting,Not defined,STATE,1169.402,1171.082,1.680,NA,,,,,,
V,2025-04-08 16:26:48.585,timestamp date time: 2023-05-03; 15:30:35,Live observation,NA,0.0,1799.198,NA,NA,No focal subject,1795.768,panting,Not defined,STATE,1171.083,1191.266,20.183,NA,,,,,,
V,2025-04-08 16:26:48.585,timestamp date time: 2023-05-03; 15:30:35,Live observation,NA,0.0,1799.198,NA,NA,No focal subject,1795.768,out of sight,Not defined,STATE,1191.267,1198.489,7.222,NA,,,,,,
V,2025-04-08 16:26:48.585,timestamp date time: 2023-05-03; 15:30:35,Live observation,NA,0.0,1799.198,NA,NA,No focal subject,1795.768,panting,Not defined,STATE,1198.490,1206.072,7.582,NA,,,,,,
V,2025-04-08 16:26:48.585,timestamp date time: 2023-05-03; 15:30:35,Live observation,NA,0.0,1799.198,NA,NA,No focal subject,1795.768,out of sight,Not defined,STATE,1206.073,1219.653,13.580,NA,,,,,,
V,2025-04-08 16:26:48.585,timestamp date time: 2023-05-03; 15:30:35,Live observation,NA,0.0,1799.198,NA,NA,No focal subject,1795.768,stop panting,Not defined,STATE,1219.654,1220.487,0.833,NA,,,,,,
V,2025-04-08 16:26:48.585,timestamp date time: 2023-05-03; 15:30:35,Live observation,NA,0.0,1799.198,NA,NA,No focal subject,1795.768,panting,Not defined,STATE,1220.488,1222.919,2.431,NA,,,,,,
V,2025-04-08 16:26:48.585,timestamp date time: 2023-05-03; 15:30:35,Live observation,NA,0.0,1799.198,NA,NA,No focal subject,1795.768,out of sight,Not defined,STATE,1222.920,1224.121,1.201,NA,,,,,,
V,2025-04-08 16:26:48.585,timestamp date time: 2023-05-03; 15:30:35,Live observation,NA,0.0,1799.198,NA,NA,No focal subject,1795.768,panting,Not defined,STATE,1224.122,1248.791,24.669,NA,,,,,,
V,2025-04-08 16:26:48.585,timestamp date time: 2023-05-03; 15:30:35,Live observation,NA,0.0,1799.198,NA,NA,No focal subject,1795.768,out of sight,Not defined,STATE,1248.792,1275.867,27.075,NA,,,,,,
V,2025-04-08 16:26:48.585,timestamp date time: 2023-05-03; 15:30:35,Live observation,NA,0.0,1799.198,NA,NA,No focal subject,1795.768,panting,Not defined,STATE,1275.868,1278.163,2.295,NA,,,,,,
V,2025-04-08 16:26:48.585,timestamp date time: 2023-05-03; 15:30:35,Live observation,NA,0.0,1799.198,NA,NA,No focal subject,1795.768,out of sight,Not defined,STATE,1278.164,1299.387,21.223,NA,,,,,,
V,2025-04-08 16:26:48.585,timestamp date time: 2023-05-03; 15:30:35,Live observation,NA,0.0,1799.198,NA,NA,No focal subject,1795.768,stop panting,Not defined,STATE,1299.388,1301.711,2.323,NA,,,,,,
V,2025-04-08 16:26:48.585,timestamp date time: 2023-05-03; 15:30:35,Live observation,NA,0.0,1799.198,NA,NA,No focal subject,1795.768,panting,Not defined,STATE,1301.712,1319.675,17.963,NA,,,,,,
V,2025-04-08 16:26:48.585,timestamp date time: 2023-05-03; 15:30:35,Live observation,NA,0.0,1799.198,NA,NA,No focal subject,1795.768,out of sight,Not defined,STATE,1319.676,1335.080,15.404,NA,,,,,,
V,2025-04-08 16:26:48.585,timestamp date time: 2023-05-03; 15:30:35,Live observation,NA,0.0,1799.198,NA,NA,No focal subject,1795.768,stop panting,Not defined,STATE,1335.081,1337.589,2.508,NA,,,,,,
V,2025-04-08 16:26:48.585,timestamp date time: 2023-05-03; 15:30:35,Live observation,NA,0.0,1799.198,NA,NA,No focal subject,1795.768,panting,Not defined,STATE,1337.590,1350.138,12.548,NA,,,,,,
V,2025-04-08 16:26:48.585,timestamp date time: 2023-05-03; 15:30:35,Live observation,NA,0.0,1799.198,NA,NA,No focal subject,1795.768,out of sight,Not defined,STATE,1350.139,1360.724,10.585,NA,,,,,,
V,2025-04-08 16:26:48.585,timestamp date time: 2023-05-03; 15:30:35,Live observation,NA,0.0,1799.198,NA,NA,No focal subject,1795.768,panting,Not defined,STATE,1360.725,1361.386,0.661,NA,,,,,,
V,2025-04-08 16:26:48.585,timestamp date time: 2023-05-03; 15:30:35,Live observation,NA,0.0,1799.198,NA,NA,No focal subject,1795.768,out of sight,Not defined,STATE,1361.387,1385.491,24.104,NA,,,,,,
V,2025-04-08 16:26:48.585,timestamp date time: 2023-05-03; 15:30:35,Live observation,NA,0.0,1799.198,NA,NA,No focal subject,1795.768,stop panting,Not defined,STATE,1385.492,1389.584,4.092,NA,,,,,,
V,2025-04-08 16:26:48.585,timestamp date time: 2023-05-03; 15:30:35,Live observation,NA,0.0,1799.198,NA,NA,No focal subject,1795.768,out of sight,Not defined,STATE,1389.585,1393.075,3.490,NA,,,,,,
V,2025-04-08 16:26:48.585,timestamp date time: 2023-05-03; 15:30:35,Live observation,NA,0.0,1799.198,NA,NA,No focal subject,1795.768,stop panting,Not defined,STATE,1393.076,1394.860,1.784,NA,,,,,,
V,2025-04-08 16:26:48.585,timestamp date time: 2023-05-03; 15:30:35,Live observation,NA,0.0,1799.198,NA,NA,No focal subject,1795.768,out of sight,Not defined,STATE,1394.861,1398.362,3.501,NA,,,,,,
V,2025-04-08 16:26:48.585,timestamp date time: 2023-05-03; 15:30:35,Live observation,NA,0.0,1799.198,NA,NA,No focal subject,1795.768,panting,Not defined,STATE,1398.363,1400.674,2.311,NA,,,,,,
V,2025-04-08 16:26:48.585,timestamp date time: 2023-05-03; 15:30:35,Live observation,NA,0.0,1799.198,NA,NA,No focal subject,1795.768,out of sight,Not defined,STATE,1400.675,1402.080,1.405,NA,,,,,,
V,2025-04-08 16:26:48.585,timestamp date time: 2023-05-03; 15:30:35,Live observation,NA,0.0,1799.198,NA,NA,No focal subject,1795.768,panting,Not defined,STATE,1402.081,1413.793,11.712,NA,,,,,,
V,2025-04-08 16:26:48.585,timestamp date time: 2023-05-03; 15:30:35,Live observation,NA,0.0,1799.198,NA,NA,No focal subject,1795.768,out of sight,Not defined,STATE,1413.794,1438.073,24.279,NA,,,,,,
V,2025-04-08 16:26:48.585,timestamp date time: 2023-05-03; 15:30:35,Live observation,NA,0.0,1799.198,NA,NA,No focal subject,1795.768,stop panting,Not defined,STATE,1438.074,1442.126,4.052,NA,,,,,,
V,2025-04-08 16:26:48.585,timestamp date time: 2023-05-03; 15:30:35,Live observation,NA,0.0,1799.198,NA,NA,No focal subject,1795.768,out of sight,Not defined,STATE,1442.127,1446.748,4.621,NA,,,,,,
V,2025-04-08 16:26:48.585,timestamp date time: 2023-05-03; 15:30:35,Live observation,NA,0.0,1799.198,NA,NA,No focal subject,1795.768,stop panting,Not defined,STATE,1446.749,1449.098,2.349,NA,,,,,,
V,2025-04-08 16:26:48.585,timestamp date time: 2023-05-03; 15:30:35,Live observation,NA,0.0,1799.198,NA,NA,No focal subject,1795.768,out of sight,Not defined,STATE,1449.099,1463.755,14.656,NA,,,,,,
V,2025-04-08 16:26:48.585,timestamp date time: 2023-05-03; 15:30:35,Live observation,NA,0.0,1799.198,NA,NA,No focal subject,1795.768,stop panting,Not defined,STATE,1463.756,1464.649,0.893,NA,,,,,,
V,2025-04-08 16:26:48.585,timestamp date time: 2023-05-03; 15:30:35,Live observation,NA,0.0,1799.198,NA,NA,No focal subject,1795.768,out of sight,Not defined,STATE,1464.650,1466.387,1.737,NA,,,,,,
V,2025-04-08 16:26:48.585,timestamp date time: 2023-05-03; 15:30:35,Live observation,NA,0.0,1799.198,NA,NA,No focal subject,1795.768,stop panting,Not defined,STATE,1466.388,1467.563,1.175,NA,,,,,,
V,2025-04-08 16:26:48.585,timestamp date time: 2023-05-03; 15:30:35,Live observation,NA,0.0,1799.198,NA,NA,No focal subject,1795.768,out of sight,Not defined,STATE,1467.564,1475.354,7.790,NA,,,,,,
V,2025-04-08 16:26:48.585,timestamp date time: 2023-05-03; 15:30:35,Live observation,NA,0.0,1799.198,NA,NA,No focal subject,1795.768,panting,Not defined,STATE,1475.355,1477.105,1.750,NA,,,,,,
V,2025-04-08 16:26:48.585,timestamp date time: 2023-05-03; 15:30:35,Live observation,NA,0.0,1799.198,NA,NA,No focal subject,1795.768,out of sight,Not defined,STATE,1477.106,1502.015,24.909,NA,,,,,,
V,2025-04-08 16:26:48.585,timestamp date time: 2023-05-03; 15:30:35,Live observation,NA,0.0,1799.198,NA,NA,No focal subject,1795.768,stop panting,Not defined,STATE,1502.016,1503.122,1.106,NA,,,,,,
V,2025-04-08 16:26:48.585,timestamp date time: 2023-05-03; 15:30:35,Live observation,NA,0.0,1799.198,NA,NA,No focal subject,1795.768,out of sight,Not defined,STATE,1503.123,1512.454,9.331,NA,,,,,,
V,2025-04-08 16:26:48.585,timestamp date time: 2023-05-03; 15:30:35,Live observation,NA,0.0,1799.198,NA,NA,No focal subject,1795.768,panting,Not defined,STATE,1512.455,1523.734,11.279,NA,,,,,,
V,2025-04-08 16:26:48.585,timestamp date time: 2023-05-03; 15:30:35,Live observation,NA,0.0,1799.198,NA,NA,No focal subject,1795.768,out of sight,Not defined,STATE,1523.735,1526.475,2.740,NA,,,,,,
V,2025-04-08 16:26:48.585,timestamp date time: 2023-05-03; 15:30:35,Live observation,NA,0.0,1799.198,NA,NA,No focal subject,1795.768,panting,Not defined,STATE,1526.476,1531.183,4.707,NA,,,,,,
V,2025-04-08 16:26:48.585,timestamp date time: 2023-05-03; 15:30:35,Live observation,NA,0.0,1799.198,NA,NA,No focal subject,1795.768,out of sight,Not defined,STATE,1531.184,1533.796,2.612,NA,,,,,,
V,2025-04-08 16:26:48.585,timestamp date time: 2023-05-03; 15:30:35,Live observation,NA,0.0,1799.198,NA,NA,No focal subject,1795.768,panting,Not defined,STATE,1533.797,1535.993,2.196,NA,,,,,,
V,2025-04-08 16:26:48.585,timestamp date time: 2023-05-03; 15:30:35,Live observation,NA,0.0,1799.198,NA,NA,No focal subject,1795.768,out of sight,Not defined,STATE,1535.994,1549.718,13.724,NA,,,,,,
V,2025-04-08 16:26:48.585,timestamp date time: 2023-05-03; 15:30:35,Live observation,NA,0.0,1799.198,NA,NA,No focal subject,1795.768,stop panting,Not defined,STATE,1549.719,1551.648,1.929,NA,,,,,,
V,2025-04-08 16:26:48.585,timestamp date time: 2023-05-03; 15:30:35,Live observation,NA,0.0,1799.198,NA,NA,No focal subject,1795.768,out of sight,Not defined,STATE,1551.649,1554.990,3.341,NA,,,,,,
V,2025-04-08 16:26:48.585,timestamp date time: 2023-05-03; 15:30:35,Live observation,NA,0.0,1799.198,NA,NA,No focal subject,1795.768,stop panting,Not defined,STATE,1554.991,1556.715,1.724,NA,,,,,,
V,2025-04-08 16:26:48.585,timestamp date time: 2023-05-03; 15:30:35,Live observation,NA,0.0,1799.198,NA,NA,No focal subject,1795.768,out of sight,Not defined,STATE,1556.716,1566.952,10.236,NA,,,,,,
V,2025-04-08 16:26:48.585,timestamp date time: 2023-05-03; 15:30:35,Live observation,NA,0.0,1799.198,NA,NA,No focal subject,1795.768,stop panting,Not defined,STATE,1566.953,1577.387,10.434,NA,,,,,,
V,2025-04-08 16:26:48.585,timestamp date time: 2023-05-03; 15:30:35,Live observation,NA,0.0,1799.198,NA,NA,No focal subject,1795.768,out of sight,Not defined,STATE,1577.388,1584.558,7.170,NA,,,,,,
V,2025-04-08 16:26:48.585,timestamp date time: 2023-05-03; 15:30:35,Live observation,NA,0.0,1799.198,NA,NA,No focal subject,1795.768,stop panting,Not defined,STATE,1584.559,1587.401,2.842,NA,,,,,,
V,2025-04-08 16:26:48.585,timestamp date time: 2023-05-03; 15:30:35,Live observation,NA,0.0,1799.198,NA,NA,No focal subject,1795.768,panting,Not defined,STATE,1587.402,1592.362,4.960,NA,,,,,,
V,2025-04-08 16:26:48.585,timestamp date time: 2023-05-03; 15:30:35,Live observation,NA,0.0,1799.198,NA,NA,No focal subject,1795.768,out of sight,Not defined,STATE,1592.363,1628.769,36.406,NA,,,,,,
V,2025-04-08 16:26:48.585,timestamp date time: 2023-05-03; 15:30:35,Live observation,NA,0.0,1799.198,NA,NA,No focal subject,1795.768,panting,Not defined,STATE,1628.770,1635.548,6.778,NA,,,,,,
V,2025-04-08 16:26:48.585,timestamp date time: 2023-05-03; 15:30:35,Live observation,NA,0.0,1799.198,NA,NA,No focal subject,1795.768,stop panting,Not defined,STATE,1635.549,1637.588,2.039,NA,,,,,,
V,2025-04-08 16:26:48.585,timestamp date time: 2023-05-03; 15:30:35,Live observation,NA,0.0,1799.198,NA,NA,No focal subject,1795.768,out of sight,Not defined,STATE,1637.589,1641.662,4.073,NA,,,,,,
V,2025-04-08 16:26:48.585,timestamp date time: 2023-05-03; 15:30:35,Live observation,NA,0.0,1799.198,NA,NA,No focal subject,1795.768,stop panting,Not defined,STATE,1641.663,1645.723,4.060,NA,,,,,,
V,2025-04-08 16:26:48.585,timestamp date time: 2023-05-03; 15:30:35,Live observation,NA,0.0,1799.198,NA,NA,No focal subject,1795.768,out of sight,Not defined,STATE,1645.724,1661.473,15.749,NA,,,,,,
V,2025-04-08 16:26:48.585,timestamp date time: 2023-05-03; 15:30:35,Live observation,NA,0.0,1799.198,NA,NA,No focal subject,1795.768,stop panting,Not defined,STATE,1661.474,1667.855,6.381,NA,,,,,,
V,2025-04-08 16:26:48.585,timestamp date time: 2023-05-03; 15:30:35,Live observation,NA,0.0,1799.198,NA,NA,No focal subject,1795.768,out of sight,Not defined,STATE,1667.856,1677.642,9.786,NA,,,,,,
V,2025-04-08 16:26:48.585,timestamp date time: 2023-05-03; 15:30:35,Live observation,NA,0.0,1799.198,NA,NA,No focal subject,1795.768,panting,Not defined,STATE,1677.643,1678.726,1.083,NA,,,,,,
V,2025-04-08 16:26:48.585,timestamp date time: 2023-05-03; 15:30:35,Live observation,NA,0.0,1799.198,NA,NA,No focal subject,1795.768,out of sight,Not defined,STATE,1678.727,1688.083,9.356,NA,,,,,,
V,2025-04-08 16:26:48.585,timestamp date time: 2023-05-03; 15:30:35,Live observation,NA,0.0,1799.198,NA,NA,No focal subject,1795.768,stop panting,Not defined,STATE,1688.084,1693.194,5.110,NA,,,,,,
V,2025-04-08 16:26:48.585,timestamp date time: 2023-05-03; 15:30:35,Live observation,NA,0.0,1799.198,NA,NA,No focal subject,1795.768,out of sight,Not defined,STATE,1693.195,1706.540,13.345,NA,,,,,,
V,2025-04-08 16:26:48.585,timestamp date time: 2023-05-03; 15:30:35,Live observation,NA,0.0,1799.198,NA,NA,No focal subject,1795.768,stop panting,Not defined,STATE,1706.541,1710.291,3.750,NA,,,,,,
V,2025-04-08 16:26:48.585,timestamp date time: 2023-05-03; 15:30:35,Live observation,NA,0.0,1799.198,NA,NA,No focal subject,1795.768,panting,Not defined,STATE,1710.292,1720.567,10.275,NA,,,,,,
V,2025-04-08 16:26:48.585,timestamp date time: 2023-05-03; 15:30:35,Live observation,NA,0.0,1799.198,NA,NA,No focal subject,1795.768,out of sight,Not defined,STATE,1720.568,1741.850,21.282,NA,,,,,,
V,2025-04-08 16:26:48.585,timestamp date time: 2023-05-03; 15:30:35,Live observation,NA,0.0,1799.198,NA,NA,No focal subject,1795.768,stop panting,Not defined,STATE,1741.851,1744.076,2.225,NA,,,,,,
V,2025-04-08 16:26:48.585,timestamp date time: 2023-05-03; 15:30:35,Live observation,NA,0.0,1799.198,NA,NA,No focal subject,1795.768,out of sight,Not defined,STATE,1744.077,1748.209,4.132,NA,,,,,,
V,2025-04-08 16:26:48.585,timestamp date time: 2023-05-03; 15:30:35,Live observation,NA,0.0,1799.198,NA,NA,No focal subject,1795.768,stop panting,Not defined,STATE,1748.210,1750.940,2.730,NA,,,,,,
V,2025-04-08 16:26:48.585,timestamp date time: 2023-05-03; 15:30:35,Live observation,NA,0.0,1799.198,NA,NA,No focal subject,1795.768,out of sight,Not defined,STATE,1750.941,1754.132,3.191,NA,,,,,,
V,2025-04-08 16:26:48.585,timestamp date time: 2023-05-03; 15:30:35,Live observation,NA,0.0,1799.198,NA,NA,No focal subject,1795.768,panting,Not defined,STATE,1754.133,1763.265,9.132,NA,,,,,,
V,2025-04-08 16:26:48.585,timestamp date time: 2023-05-03; 15:30:35,Live observation,NA,0.0,1799.198,NA,NA,No focal subject,1795.768,out of sight,Not defined,STATE,1763.266,1773.424,10.158,NA,,,,,,
V,2025-04-08 16:26:48.585,timestamp date time: 2023-05-03; 15:30:35,Live observation,NA,0.0,1799.198,NA,NA,No focal subject,1795.768,stop panting,Not defined,STATE,1773.425,1800.415,26.990,NA,,,,,,
W,2025-04-08 17:33:16.977,timestamp date time: 2023-05-11; 14:00:18,Live observation,NA,0.0,1797.498,NA,NA,No focal subject,1797.432,stop panting,Not defined,STATE,2.393,37.563,35.170,NA,,,,,,
W,2025-04-08 17:33:16.977,timestamp date time: 2023-05-11; 14:00:18,Live observation,NA,0.0,1797.498,NA,NA,No focal subject,1797.432,out of sight,Not defined,STATE,37.564,38.448,0.884,NA,,,,,,
W,2025-04-08 17:33:16.977,timestamp date time: 2023-05-11; 14:00:18,Live observation,NA,0.0,1797.498,NA,NA,No focal subject,1797.432,stop panting,Not defined,STATE,38.449,40.803,2.354,NA,,,,,,
W,2025-04-08 17:33:16.977,timestamp date time: 2023-05-11; 14:00:18,Live observation,NA,0.0,1797.498,NA,NA,No focal subject,1797.432,out of sight,Not defined,STATE,40.804,59.006,18.202,NA,,,,,,
W,2025-04-08 17:33:16.977,timestamp date time: 2023-05-11; 14:00:18,Live observation,NA,0.0,1797.498,NA,NA,No focal subject,1797.432,stop panting,Not defined,STATE,59.007,127.560,68.553,NA,,,,,,
W,2025-04-08 17:33:16.977,timestamp date time: 2023-05-11; 14:00:18,Live observation,NA,0.0,1797.498,NA,NA,No focal subject,1797.432,out of sight,Not defined,STATE,127.561,131.266,3.705,NA,,,,,,
W,2025-04-08 17:33:16.977,timestamp date time: 2023-05-11; 14:00:18,Live observation,NA,0.0,1797.498,NA,NA,No focal subject,1797.432,stop panting,Not defined,STATE,131.267,133.488,2.221,NA,,,,,,
W,2025-04-08 17:33:16.977,timestamp date time: 2023-05-11; 14:00:18,Live observation,NA,0.0,1797.498,NA,NA,No focal subject,1797.432,out of sight,Not defined,STATE,133.489,146.407,12.918,NA,,,,,,
W,2025-04-08 17:33:16.977,timestamp date time: 2023-05-11; 14:00:18,Live observation,NA,0.0,1797.498,NA,NA,No focal subject,1797.432,stop panting,Not defined,STATE,146.408,169.343,22.935,NA,,,,,,
W,2025-04-08 17:33:16.977,timestamp date time: 2023-05-11; 14:00:18,Live observation,NA,0.0,1797.498,NA,NA,No focal subject,1797.432,out of sight,Not defined,STATE,169.344,172.833,3.489,NA,,,,,,
W,2025-04-08 17:33:16.977,timestamp date time: 2023-05-11; 14:00:18,Live observation,NA,0.0,1797.498,NA,NA,No focal subject,1797.432,stop panting,Not defined,STATE,172.834,225.514,52.680,NA,,,,,,
W,2025-04-08 17:33:16.977,timestamp date time: 2023-05-11; 14:00:18,Live observation,NA,0.0,1797.498,NA,NA,No focal subject,1797.432,out of sight,Not defined,STATE,225.515,227.147,1.632,NA,,,,,,
W,2025-04-08 17:33:16.977,timestamp date time: 2023-05-11; 14:00:18,Live observation,NA,0.0,1797.498,NA,NA,No focal subject,1797.432,stop panting,Not defined,STATE,227.148,241.138,13.990,NA,,,,,,
W,2025-04-08 17:33:16.977,timestamp date time: 2023-05-11; 14:00:18,Live observation,NA,0.0,1797.498,NA,NA,No focal subject,1797.432,out of sight,Not defined,STATE,241.139,242.222,1.083,NA,,,,,,
W,2025-04-08 17:33:16.977,timestamp date time: 2023-05-11; 14:00:18,Live observation,NA,0.0,1797.498,NA,NA,No focal subject,1797.432,panting,Not defined,STATE,242.223,248.579,6.356,NA,,,,,,
W,2025-04-08 17:33:16.977,timestamp date time: 2023-05-11; 14:00:18,Live observation,NA,0.0,1797.498,NA,NA,No focal subject,1797.432,out of sight,Not defined,STATE,248.580,268.428,19.848,NA,,,,,,
W,2025-04-08 17:33:16.977,timestamp date time: 2023-05-11; 14:00:18,Live observation,NA,0.0,1797.498,NA,NA,No focal subject,1797.432,stop panting,Not defined,STATE,268.429,280.305,11.876,NA,,,,,,
W,2025-04-08 17:33:16.977,timestamp date time: 2023-05-11; 14:00:18,Live observation,NA,0.0,1797.498,NA,NA,No focal subject,1797.432,out of sight,Not defined,STATE,280.306,296.372,16.066,NA,,,,,,
W,2025-04-08 17:33:16.977,timestamp date time: 2023-05-11; 14:00:18,Live observation,NA,0.0,1797.498,NA,NA,No focal subject,1797.432,stop panting,Not defined,STATE,296.373,374.770,78.397,NA,,,,,,
W,2025-04-08 17:33:16.977,timestamp date time: 2023-05-11; 14:00:18,Live observation,NA,0.0,1797.498,NA,NA,No focal subject,1797.432,out of sight,Not defined,STATE,374.771,389.004,14.233,NA,,,,,,
W,2025-04-08 17:33:16.977,timestamp date time: 2023-05-11; 14:00:18,Live observation,NA,0.0,1797.498,NA,NA,No focal subject,1797.432,stop panting,Not defined,STATE,389.005,428.131,39.126,NA,,,,,,
W,2025-04-08 17:33:16.977,timestamp date time: 2023-05-11; 14:00:18,Live observation,NA,0.0,1797.498,NA,NA,No focal subject,1797.432,panting,Not defined,STATE,428.132,441.374,13.242,NA,,,,,,
W,2025-04-08 17:33:16.977,timestamp date time: 2023-05-11; 14:00:18,Live observation,NA,0.0,1797.498,NA,NA,No focal subject,1797.432,stop panting,Not defined,STATE,441.375,459.943,18.568,NA,,,,,,
W,2025-04-08 17:33:16.977,timestamp date time: 2023-05-11; 14:00:18,Live observation,NA,0.0,1797.498,NA,NA,No focal subject,1797.432,out of sight,Not defined,STATE,459.944,476.708,16.764,NA,,,,,,
W,2025-04-08 17:33:16.977,timestamp date time: 2023-05-11; 14:00:18,Live observation,NA,0.0,1797.498,NA,NA,No focal subject,1797.432,stop panting,Not defined,STATE,476.709,519.519,42.810,NA,,,,,,
W,2025-04-08 17:33:16.977,timestamp date time: 2023-05-11; 14:00:18,Live observation,NA,0.0,1797.498,NA,NA,No focal subject,1797.432,out of sight,Not defined,STATE,519.520,523.708,4.188,NA,,,,,,
W,2025-04-08 17:33:16.977,timestamp date time: 2023-05-11; 14:00:18,Live observation,NA,0.0,1797.498,NA,NA,No focal subject,1797.432,stop panting,Not defined,STATE,523.709,533.914,10.205,NA,,,,,,
W,2025-04-08 17:33:16.977,timestamp date time: 2023-05-11; 14:00:18,Live observation,NA,0.0,1797.498,NA,NA,No focal subject,1797.432,panting,Not defined,STATE,533.915,542.708,8.793,NA,,,,,,
W,2025-04-08 17:33:16.977,timestamp date time: 2023-05-11; 14:00:18,Live observation,NA,0.0,1797.498,NA,NA,No focal subject,1797.432,stop panting,Not defined,STATE,542.709,550.072,7.363,NA,,,,,,
W,2025-04-08 17:33:16.977,timestamp date time: 2023-05-11; 14:00:18,Live observation,NA,0.0,1797.498,NA,NA,No focal subject,1797.432,out of sight,Not defined,STATE,550.073,566.742,16.669,NA,,,,,,
W,2025-04-08 17:33:16.977,timestamp date time: 2023-05-11; 14:00:18,Live observation,NA,0.0,1797.498,NA,NA,No focal subject,1797.432,stop panting,Not defined,STATE,566.743,641.492,74.749,NA,,,,,,
W,2025-04-08 17:33:16.977,timestamp date time: 2023-05-11; 14:00:18,Live observation,NA,0.0,1797.498,NA,NA,No focal subject,1797.432,out of sight,Not defined,STATE,641.493,654.950,13.457,NA,,,,,,
W,2025-04-08 17:33:16.977,timestamp date time: 2023-05-11; 14:00:18,Live observation,NA,0.0,1797.498,NA,NA,No focal subject,1797.432,stop panting,Not defined,STATE,654.951,717.549,62.598,NA,,,,,,
W,2025-04-08 17:33:16.977,timestamp date time: 2023-05-11; 14:00:18,Live observation,NA,0.0,1797.498,NA,NA,No focal subject,1797.432,out of sight,Not defined,STATE,717.550,724.464,6.914,NA,,,,,,
W,2025-04-08 17:33:16.977,timestamp date time: 2023-05-11; 14:00:18,Live observation,NA,0.0,1797.498,NA,NA,No focal subject,1797.432,stop panting,Not defined,STATE,724.465,729.810,5.345,NA,,,,,,
W,2025-04-08 17:33:16.977,timestamp date time: 2023-05-11; 14:00:18,Live observation,NA,0.0,1797.498,NA,NA,No focal subject,1797.432,out of sight,Not defined,STATE,729.811,744.539,14.728,NA,,,,,,
W,2025-04-08 17:33:16.977,timestamp date time: 2023-05-11; 14:00:18,Live observation,NA,0.0,1797.498,NA,NA,No focal subject,1797.432,stop panting,Not defined,STATE,744.540,818.838,74.298,NA,,,,,,
W,2025-04-08 17:33:16.977,timestamp date time: 2023-05-11; 14:00:18,Live observation,NA,0.0,1797.498,NA,NA,No focal subject,1797.432,out of sight,Not defined,STATE,818.839,840.001,21.162,NA,,,,,,
W,2025-04-08 17:33:16.977,timestamp date time: 2023-05-11; 14:00:18,Live observation,NA,0.0,1797.498,NA,NA,No focal subject,1797.432,stop panting,Not defined,STATE,840.002,910.788,70.786,NA,,,,,,
W,2025-04-08 17:33:16.977,timestamp date time: 2023-05-11; 14:00:18,Live observation,NA,0.0,1797.498,NA,NA,No focal subject,1797.432,out of sight,Not defined,STATE,910.789,931.208,20.419,NA,,,,,,
W,2025-04-08 17:33:16.977,timestamp date time: 2023-05-11; 14:00:18,Live observation,NA,0.0,1797.498,NA,NA,No focal subject,1797.432,stop panting,Not defined,STATE,931.209,1001.564,70.355,NA,,,,,,
W,2025-04-08 17:33:16.977,timestamp date time: 2023-05-11; 14:00:18,Live observation,NA,0.0,1797.498,NA,NA,No focal subject,1797.432,out of sight,Not defined,STATE,1001.565,1015.167,13.602,NA,,,,,,
W,2025-04-08 17:33:16.977,timestamp date time: 2023-05-11; 14:00:18,Live observation,NA,0.0,1797.498,NA,NA,No focal subject,1797.432,stop panting,Not defined,STATE,1015.168,1090.876,75.708,NA,,,,,,
W,2025-04-08 17:33:16.977,timestamp date time: 2023-05-11; 14:00:18,Live observation,NA,0.0,1797.498,NA,NA,No focal subject,1797.432,out of sight,Not defined,STATE,1090.877,1106.754,15.877,NA,,,,,,
W,2025-04-08 17:33:16.977,timestamp date time: 2023-05-11; 14:00:18,Live observation,NA,0.0,1797.498,NA,NA,No focal subject,1797.432,stop panting,Not defined,STATE,1106.755,1179.794,73.039,NA,,,,,,
W,2025-04-08 17:33:16.977,timestamp date time: 2023-05-11; 14:00:18,Live observation,NA,0.0,1797.498,NA,NA,No focal subject,1797.432,out of sight,Not defined,STATE,1179.795,1197.456,17.661,NA,,,,,,
W,2025-04-08 17:33:16.977,timestamp date time: 2023-05-11; 14:00:18,Live observation,NA,0.0,1797.498,NA,NA,No focal subject,1797.432,stop panting,Not defined,STATE,1197.457,1269.915,72.458,NA,,,,,,
W,2025-04-08 17:33:16.977,timestamp date time: 2023-05-11; 14:00:18,Live observation,NA,0.0,1797.498,NA,NA,No focal subject,1797.432,out of sight,Not defined,STATE,1269.916,1286.743,16.827,NA,,,,,,
W,2025-04-08 17:33:16.977,timestamp date time: 2023-05-11; 14:00:18,Live observation,NA,0.0,1797.498,NA,NA,No focal subject,1797.432,stop panting,Not defined,STATE,1286.744,1303.669,16.925,NA,,,,,,
W,2025-04-08 17:33:16.977,timestamp date time: 2023-05-11; 14:00:18,Live observation,NA,0.0,1797.498,NA,NA,No focal subject,1797.432,panting,Not defined,STATE,1303.670,1311.972,8.302,NA,,,,,,
W,2025-04-08 17:33:16.977,timestamp date time: 2023-05-11; 14:00:18,Live observation,NA,0.0,1797.498,NA,NA,No focal subject,1797.432,stop panting,Not defined,STATE,1311.973,1360.454,48.481,NA,,,,,,
W,2025-04-08 17:33:16.977,timestamp date time: 2023-05-11; 14:00:18,Live observation,NA,0.0,1797.498,NA,NA,No focal subject,1797.432,out of sight,Not defined,STATE,1360.455,1375.137,14.682,NA,,,,,,
W,2025-04-08 17:33:16.977,timestamp date time: 2023-05-11; 14:00:18,Live observation,NA,0.0,1797.498,NA,NA,No focal subject,1797.432,stop panting,Not defined,STATE,1375.138,1434.284,59.146,NA,,,,,,
W,2025-04-08 17:33:16.977,timestamp date time: 2023-05-11; 14:00:18,Live observation,NA,0.0,1797.498,NA,NA,No focal subject,1797.432,out of sight,Not defined,STATE,1434.285,1438.241,3.956,NA,,,,,,
W,2025-04-08 17:33:16.977,timestamp date time: 2023-05-11; 14:00:18,Live observation,NA,0.0,1797.498,NA,NA,No focal subject,1797.432,stop panting,Not defined,STATE,1438.242,1449.725,11.483,NA,,,,,,
W,2025-04-08 17:33:16.977,timestamp date time: 2023-05-11; 14:00:18,Live observation,NA,0.0,1797.498,NA,NA,No focal subject,1797.432,out of sight,Not defined,STATE,1449.726,1465.370,15.644,NA,,,,,,
W,2025-04-08 17:33:16.977,timestamp date time: 2023-05-11; 14:00:18,Live observation,NA,0.0,1797.498,NA,NA,No focal subject,1797.432,stop panting,Not defined,STATE,1465.371,1541.314,75.943,NA,,,,,,
W,2025-04-08 17:33:16.977,timestamp date time: 2023-05-11; 14:00:18,Live observation,NA,0.0,1797.498,NA,NA,No focal subject,1797.432,out of sight,Not defined,STATE,1541.315,1555.573,14.258,NA,,,,,,
W,2025-04-08 17:33:16.977,timestamp date time: 2023-05-11; 14:00:18,Live observation,NA,0.0,1797.498,NA,NA,No focal subject,1797.432,stop panting,Not defined,STATE,1555.574,1634.745,79.171,NA,,,,,,
W,2025-04-08 17:33:16.977,timestamp date time: 2023-05-11; 14:00:18,Live observation,NA,0.0,1797.498,NA,NA,No focal subject,1797.432,out of sight,Not defined,STATE,1634.746,1645.234,10.488,NA,,,,,,
W,2025-04-08 17:33:16.977,timestamp date time: 2023-05-11; 14:00:18,Live observation,NA,0.0,1797.498,NA,NA,No focal subject,1797.432,stop panting,Not defined,STATE,1645.235,1721.958,76.723,NA,,,,,,
W,2025-04-08 17:33:16.977,timestamp date time: 2023-05-11; 14:00:18,Live observation,NA,0.0,1797.498,NA,NA,No focal subject,1797.432,out of sight,Not defined,STATE,1721.959,1734.982,13.023,NA,,,,,,
W,2025-04-08 17:33:16.977,timestamp date time: 2023-05-11; 14:00:18,Live observation,NA,0.0,1797.498,NA,NA,No focal subject,1797.432,stop panting,Not defined,STATE,1734.983,1759.244,24.261,NA,,,,,,
W,2025-04-08 17:33:16.977,timestamp date time: 2023-05-11; 14:00:18,Live observation,NA,0.0,1797.498,NA,NA,No focal subject,1797.432,out of sight,Not defined,STATE,1759.245,1760.682,1.437,NA,,,,,,
W,2025-04-08 17:33:16.977,timestamp date time: 2023-05-11; 14:00:18,Live observation,NA,0.0,1797.498,NA,NA,No focal subject,1797.432,stop panting,Not defined,STATE,1760.683,1783.764,23.081,NA,,,,,,
W,2025-04-08 17:33:16.977,timestamp date time: 2023-05-11; 14:00:18,Live observation,NA,0.0,1797.498,NA,NA,No focal subject,1797.432,out of sight,Not defined,STATE,1783.765,1784.719,0.954,NA,,,,,,
W,2025-04-08 17:33:16.977,timestamp date time: 2023-05-11; 14:00:18,Live observation,NA,0.0,1797.498,NA,NA,No focal subject,1797.432,stop panting,Not defined,STATE,1784.720,1799.891,15.171,NA,,,,,,
