01/10/2023 00:00:03,Chamber 5,28-041661d198ff,23.375,BLANK,0C,off
01/10/2023 00:00:23,Chamber 5,28-041661d198ff,23.375,BLANK,0C,off
01/10/2023 00:00:43,Chamber 5,28-041661d198ff,23.375,BLANK,0C,off
01/10/2023 00:01:03,Chamber 5,28-041661d198ff,23.375,BLANK,0C,off
01/10/2023 00:01:23,Chamber 5,28-041661d198ff,23.375,BLANK,0C,off
01/10/2023 00:01:43,Chamber 5,28-041661d198ff,23.437,BLANK,0C,off
01/10/2023 00:02:03,Chamber 5,28-041661d198ff,23.375,BLANK,0C,off
01/10/2023 00:02:23,Chamber 5,28-041661d198ff,23.375,BLANK,0C,off
01/10/2023 00:02:43,Chamber 5,28-041661d198ff,23.375,BLANK,0C,off
01/10/2023 00:03:03,Chamber 5,28-041661d198ff,23.375,BLANK,0C,off
01/10/2023 00:03:23,Chamber 5,28-041661d198ff,23.375,BLANK,0C,off
01/10/2023 00:03:43,Chamber 5,28-041661d198ff,23.375,BLANK,0C,off
01/10/2023 00:04:03,Chamber 5,28-041661d198ff,23.375,BLANK,0C,off
01/10/2023 00:04:23,Chamber 5,28-041661d198ff,23.375,BLANK,0C,off
01/10/2023 00:04:43,Chamber 5,28-041661d198ff,23.375,BLANK,0C,off
01/10/2023 00:05:03,Chamber 5,28-041661d198ff,23.375,BLANK,0C,off
01/10/2023 00:05:23,Chamber 5,28-041661d198ff,23.375,BLANK,0C,off
01/10/2023 00:05:43,Chamber 5,28-041661d198ff,23.375,BLANK,0C,off
01/10/2023 00:06:03,Chamber 5,28-041661d198ff,23.375,BLANK,0C,off
01/10/2023 00:06:23,Chamber 5,28-041661d198ff,23.375,BLANK,0C,off
01/10/2023 00:06:43,Chamber 5,28-041661d198ff,23.375,BLANK,0C,off
01/10/2023 00:07:03,Chamber 5,28-041661d198ff,23.375,BLANK,0C,off
01/10/2023 00:07:23,Chamber 5,28-041661d198ff,23.375,BLANK,0C,off
01/10/2023 00:07:43,Chamber 5,28-041661d198ff,23.375,BLANK,0C,off
01/10/2023 00:08:03,Chamber 5,28-041661d198ff,23.375,BLANK,0C,off
01/10/2023 00:08:23,Chamber 5,28-041661d198ff,23.375,BLANK,0C,off
01/10/2023 00:08:43,Chamber 5,28-041661d198ff,23.375,BLANK,0C,off
01/10/2023 00:09:03,Chamber 5,28-041661d198ff,23.375,BLANK,0C,off
01/10/2023 00:09:23,Chamber 5,28-041661d198ff,23.375,BLANK,0C,off
01/10/2023 00:09:43,Chamber 5,28-041661d198ff,23.375,BLANK,0C,off
01/10/2023 00:10:03,Chamber 5,28-041661d198ff,23.375,BLANK,0C,off
01/10/2023 00:10:23,Chamber 5,28-041661d198ff,23.375,BLANK,0C,off
01/10/2023 00:10:43,Chamber 5,28-041661d198ff,23.375,BLANK,0C,off
01/10/2023 00:11:03,Chamber 5,28-041661d198ff,23.375,BLANK,0C,off
01/10/2023 00:11:23,Chamber 5,28-041661d198ff,23.375,BLANK,0C,off
01/10/2023 00:11:43,Chamber 5,28-041661d198ff,23.375,BLANK,0C,off
01/10/2023 00:12:03,Chamber 5,28-041661d198ff,23.375,BLANK,0C,off
01/10/2023 00:12:23,Chamber 5,28-041661d198ff,23.375,BLANK,0C,off
01/10/2023 00:12:43,Chamber 5,28-041661d198ff,23.375,BLANK,0C,off
01/10/2023 00:13:03,Chamber 5,28-041661d198ff,23.375,BLANK,0C,off
01/10/2023 00:13:23,Chamber 5,28-041661d198ff,23.375,BLANK,0C,off
01/10/2023 00:13:43,Chamber 5,28-041661d198ff,23.375,BLANK,0C,off
01/10/2023 00:14:03,Chamber 5,28-041661d198ff,23.375,BLANK,0C,off
01/10/2023 00:14:23,Chamber 5,28-041661d198ff,23.375,BLANK,0C,off
01/10/2023 00:14:43,Chamber 5,28-041661d198ff,23.375,BLANK,0C,off
01/10/2023 00:15:03,Chamber 5,28-041661d198ff,23.375,BLANK,0C,off
01/10/2023 00:15:23,Chamber 5,28-041661d198ff,23.375,BLANK,0C,off
01/10/2023 00:15:43,Chamber 5,28-041661d198ff,23.375,BLANK,0C,off
01/10/2023 00:16:03,Chamber 5,28-041661d198ff,23.375,BLANK,0C,off
01/10/2023 00:16:23,Chamber 5,28-041661d198ff,23.375,BLANK,0C,off
01/10/2023 00:16:43,Chamber 5,28-041661d198ff,23.375,BLANK,0C,off
01/10/2023 00:17:03,Chamber 5,28-041661d198ff,23.375,BLANK,0C,off
01/10/2023 00:17:23,Chamber 5,28-041661d198ff,23.375,BLANK,0C,off
01/10/2023 00:17:43,Chamber 5,28-041661d198ff,23.375,BLANK,0C,off
01/10/2023 00:18:03,Chamber 5,28-041661d198ff,23.375,BLANK,0C,off
01/10/2023 00:18:23,Chamber 5,28-041661d198ff,23.375,BLANK,0C,off
01/10/2023 00:18:43,Chamber 5,28-041661d198ff,23.375,BLANK,0C,off
01/10/2023 00:19:03,Chamber 5,28-041661d198ff,23.375,BLANK,0C,off
01/10/2023 00:19:23,Chamber 5,28-041661d198ff,23.375,BLANK,0C,off
01/10/2023 00:19:43,Chamber 5,28-041661d198ff,23.375,BLANK,0C,off
01/10/2023 00:20:03,Chamber 5,28-041661d198ff,23.375,BLANK,0C,off
01/10/2023 00:20:23,Chamber 5,28-041661d198ff,23.375,BLANK,0C,off
01/10/2023 00:20:43,Chamber 5,28-041661d198ff,23.375,BLANK,0C,off
01/10/2023 00:21:03,Chamber 5,28-041661d198ff,23.375,BLANK,0C,off
01/10/2023 00:21:23,Chamber 5,28-041661d198ff,23.375,BLANK,0C,off
01/10/2023 00:21:43,Chamber 5,28-041661d198ff,23.375,BLANK,0C,off
01/10/2023 00:22:03,Chamber 5,28-041661d198ff,23.375,BLANK,0C,off
01/10/2023 00:22:23,Chamber 5,28-041661d198ff,23.375,BLANK,0C,off
01/10/2023 00:22:43,Chamber 5,28-041661d198ff,23.375,BLANK,0C,off
01/10/2023 00:23:03,Chamber 5,28-041661d198ff,23.375,BLANK,0C,off
01/10/2023 00:23:23,Chamber 5,28-041661d198ff,23.375,BLANK,0C,off
01/10/2023 00:23:43,Chamber 5,28-041661d198ff,23.375,BLANK,0C,off
01/10/2023 00:24:03,Chamber 5,28-041661d198ff,23.375,BLANK,0C,off
01/10/2023 00:24:23,Chamber 5,28-041661d198ff,23.375,BLANK,0C,off
01/10/2023 00:24:43,Chamber 5,28-041661d198ff,23.375,BLANK,0C,off
01/10/2023 00:25:03,Chamber 5,28-041661d198ff,23.375,BLANK,0C,off
01/10/2023 00:25:23,Chamber 5,28-041661d198ff,23.375,BLANK,0C,off
01/10/2023 00:25:43,Chamber 5,28-041661d198ff,23.375,BLANK,0C,off
01/10/2023 00:26:03,Chamber 5,28-041661d198ff,23.375,BLANK,0C,off
01/10/2023 00:26:23,Chamber 5,28-041661d198ff,23.375,BLANK,0C,off
01/10/2023 00:26:43,Chamber 5,28-041661d198ff,23.375,BLANK,0C,off
01/10/2023 00:27:03,Chamber 5,28-041661d198ff,23.375,BLANK,0C,off
01/10/2023 00:27:23,Chamber 5,28-041661d198ff,23.375,BLANK,0C,off
01/10/2023 00:27:43,Chamber 5,28-041661d198ff,23.375,BLANK,0C,off
01/10/2023 00:28:03,Chamber 5,28-041661d198ff,23.375,BLANK,0C,off
01/10/2023 00:28:23,Chamber 5,28-041661d198ff,23.375,BLANK,0C,off
01/10/2023 00:28:43,Chamber 5,28-041661d198ff,23.375,BLANK,0C,off
01/10/2023 00:29:03,Chamber 5,28-041661d198ff,23.375,BLANK,0C,off
01/10/2023 00:29:23,Chamber 5,28-041661d198ff,23.375,BLANK,0C,off
01/10/2023 00:29:43,Chamber 5,28-041661d198ff,23.375,BLANK,0C,off
01/10/2023 00:30:03,Chamber 5,28-041661d198ff,23.375,BLANK,0C,off
01/10/2023 00:30:23,Chamber 5,28-041661d198ff,23.375,BLANK,0C,off
01/10/2023 00:30:43,Chamber 5,28-041661d198ff,23.375,BLANK,0C,off
01/10/2023 00:31:03,Chamber 5,28-041661d198ff,23.312,BLANK,0C,off
01/10/2023 00:31:23,Chamber 5,28-041661d198ff,23.375,BLANK,0C,off
01/10/2023 00:31:43,Chamber 5,28-041661d198ff,23.312,BLANK,0C,off
01/10/2023 00:32:03,Chamber 5,28-041661d198ff,23.312,BLANK,0C,off
01/10/2023 00:32:23,Chamber 5,28-041661d198ff,23.312,BLANK,0C,off
01/10/2023 00:32:43,Chamber 5,28-041661d198ff,23.375,BLANK,0C,off
01/10/2023 00:33:03,Chamber 5,28-041661d198ff,23.375,BLANK,0C,off
01/10/2023 00:33:23,Chamber 5,28-041661d198ff,23.375,BLANK,0C,off
01/10/2023 00:33:43,Chamber 5,28-041661d198ff,23.375,BLANK,0C,off
01/10/2023 00:34:03,Chamber 5,28-041661d198ff,23.375,BLANK,0C,off
01/10/2023 00:34:23,Chamber 5,28-041661d198ff,23.375,BLANK,0C,off
01/10/2023 00:34:43,Chamber 5,28-041661d198ff,23.375,BLANK,0C,off
01/10/2023 00:35:03,Chamber 5,28-041661d198ff,23.375,BLANK,0C,off
01/10/2023 00:35:23,Chamber 5,28-041661d198ff,23.375,BLANK,0C,off
01/10/2023 00:35:43,Chamber 5,28-041661d198ff,23.375,BLANK,0C,off
01/10/2023 00:36:03,Chamber 5,28-041661d198ff,23.375,BLANK,0C,off
01/10/2023 00:36:23,Chamber 5,28-041661d198ff,23.375,BLANK,0C,off
01/10/2023 00:36:43,Chamber 5,28-041661d198ff,23.375,BLANK,0C,off
01/10/2023 00:37:03,Chamber 5,28-041661d198ff,23.375,BLANK,0C,off
01/10/2023 00:37:23,Chamber 5,28-041661d198ff,23.375,BLANK,0C,off
01/10/2023 00:37:43,Chamber 5,28-041661d198ff,23.375,BLANK,0C,off
01/10/2023 00:38:03,Chamber 5,28-041661d198ff,23.375,BLANK,0C,off
01/10/2023 00:38:23,Chamber 5,28-041661d198ff,23.375,BLANK,0C,off
01/10/2023 00:38:43,Chamber 5,28-041661d198ff,23.375,BLANK,0C,off
01/10/2023 00:39:03,Chamber 5,28-041661d198ff,23.312,BLANK,0C,off
01/10/2023 00:39:23,Chamber 5,28-041661d198ff,23.375,BLANK,0C,off
01/10/2023 00:39:43,Chamber 5,28-041661d198ff,23.312,BLANK,0C,off
01/10/2023 00:40:03,Chamber 5,28-041661d198ff,23.375,BLANK,0C,off
01/10/2023 00:40:23,Chamber 5,28-041661d198ff,23.312,BLANK,0C,off
01/10/2023 00:40:43,Chamber 5,28-041661d198ff,23.312,BLANK,0C,off
01/10/2023 00:41:03,Chamber 5,28-041661d198ff,23.312,BLANK,0C,off
01/10/2023 00:41:23,Chamber 5,28-041661d198ff,23.312,BLANK,0C,off
01/10/2023 00:41:43,Chamber 5,28-041661d198ff,23.375,BLANK,0C,off
01/10/2023 00:42:03,Chamber 5,28-041661d198ff,23.312,BLANK,0C,off
01/10/2023 00:42:23,Chamber 5,28-041661d198ff,23.375,BLANK,0C,off
01/10/2023 00:42:43,Chamber 5,28-041661d198ff,23.312,BLANK,0C,off
01/10/2023 00:43:03,Chamber 5,28-041661d198ff,23.312,BLANK,0C,off
01/10/2023 00:43:23,Chamber 5,28-041661d198ff,23.312,BLANK,0C,off
01/10/2023 00:43:43,Chamber 5,28-041661d198ff,23.312,BLANK,0C,off
01/10/2023 00:44:03,Chamber 5,28-041661d198ff,23.312,BLANK,0C,off
01/10/2023 00:44:23,Chamber 5,28-041661d198ff,23.312,BLANK,0C,off
01/10/2023 00:44:43,Chamber 5,28-041661d198ff,23.312,BLANK,0C,off
01/10/2023 00:45:03,Chamber 5,28-041661d198ff,23.312,BLANK,0C,off
01/10/2023 00:45:23,Chamber 5,28-041661d198ff,23.312,BLANK,0C,off
01/10/2023 00:45:43,Chamber 5,28-041661d198ff,23.312,BLANK,0C,off
01/10/2023 00:46:03,Chamber 5,28-041661d198ff,23.312,BLANK,0C,off
01/10/2023 00:46:23,Chamber 5,28-041661d198ff,23.312,BLANK,0C,off
01/10/2023 00:46:43,Chamber 5,28-041661d198ff,23.312,BLANK,0C,off
01/10/2023 00:47:03,Chamber 5,28-041661d198ff,23.312,BLANK,0C,off
01/10/2023 00:47:23,Chamber 5,28-041661d198ff,23.312,BLANK,0C,off
01/10/2023 00:47:43,Chamber 5,28-041661d198ff,23.312,BLANK,0C,off
01/10/2023 00:48:03,Chamber 5,28-041661d198ff,23.312,BLANK,0C,off
01/10/2023 00:48:23,Chamber 5,28-041661d198ff,23.312,BLANK,0C,off
01/10/2023 00:48:43,Chamber 5,28-041661d198ff,23.312,BLANK,0C,off
01/10/2023 00:49:03,Chamber 5,28-041661d198ff,23.312,BLANK,0C,off
01/10/2023 00:49:23,Chamber 5,28-041661d198ff,23.312,BLANK,0C,off
01/10/2023 00:49:43,Chamber 5,28-041661d198ff,23.312,BLANK,0C,off
01/10/2023 00:50:03,Chamber 5,28-041661d198ff,23.312,BLANK,0C,off
01/10/2023 00:50:23,Chamber 5,28-041661d198ff,23.312,BLANK,0C,off
01/10/2023 00:50:43,Chamber 5,28-041661d198ff,23.312,BLANK,0C,off
01/10/2023 00:51:07,Chamber 5,28-041661d198ff,23.375,BLANK,0C,off
01/10/2023 00:51:23,Chamber 5,28-041661d198ff,23.312,BLANK,0C,off
01/10/2023 00:51:43,Chamber 5,28-041661d198ff,23.375,BLANK,0C,off
01/10/2023 00:52:03,Chamber 5,28-041661d198ff,23.312,BLANK,0C,off
01/10/2023 00:52:23,Chamber 5,28-041661d198ff,23.312,BLANK,0C,off
01/10/2023 00:52:43,Chamber 5,28-041661d198ff,23.312,BLANK,0C,off
01/10/2023 00:53:03,Chamber 5,28-041661d198ff,23.312,BLANK,0C,off
01/10/2023 00:53:23,Chamber 5,28-041661d198ff,23.312,BLANK,0C,off
01/10/2023 00:53:43,Chamber 5,28-041661d198ff,23.312,BLANK,0C,off
01/10/2023 00:54:03,Chamber 5,28-041661d198ff,23.312,BLANK,0C,off
01/10/2023 00:54:23,Chamber 5,28-041661d198ff,23.312,BLANK,0C,off
01/10/2023 00:54:43,Chamber 5,28-041661d198ff,23.312,BLANK,0C,off
01/10/2023 00:55:03,Chamber 5,28-041661d198ff,23.312,BLANK,0C,off
01/10/2023 00:55:23,Chamber 5,28-041661d198ff,23.312,BLANK,0C,off
01/10/2023 00:55:43,Chamber 5,28-041661d198ff,23.312,BLANK,0C,off
01/10/2023 00:56:03,Chamber 5,28-041661d198ff,23.312,BLANK,0C,off
01/10/2023 00:56:23,Chamber 5,28-041661d198ff,23.312,BLANK,0C,off
01/10/2023 00:56:43,Chamber 5,28-041661d198ff,23.312,BLANK,0C,off
01/10/2023 00:57:03,Chamber 5,28-041661d198ff,23.312,BLANK,0C,off
01/10/2023 00:57:23,Chamber 5,28-041661d198ff,23.312,BLANK,0C,off
01/10/2023 00:57:43,Chamber 5,28-041661d198ff,23.312,BLANK,0C,off
01/10/2023 00:58:03,Chamber 5,28-041661d198ff,23.312,BLANK,0C,off
01/10/2023 00:58:23,Chamber 5,28-041661d198ff,23.312,BLANK,0C,off
01/10/2023 00:58:43,Chamber 5,28-041661d198ff,23.312,BLANK,0C,off
01/10/2023 00:59:03,Chamber 5,28-041661d198ff,23.312,BLANK,0C,off
01/10/2023 00:59:23,Chamber 5,28-041661d198ff,23.312,BLANK,0C,off
01/10/2023 00:59:43,Chamber 5,28-041661d198ff,23.312,BLANK,0C,off
01/10/2023 01:00:02,Chamber 5,28-041661d198ff,23.312,BLANK,0C,off
01/10/2023 01:00:22,Chamber 5,28-041661d198ff,23.312,BLANK,0C,off
01/10/2023 01:00:42,Chamber 5,28-041661d198ff,23.312,BLANK,0C,off
01/10/2023 01:01:02,Chamber 5,28-041661d198ff,23.312,BLANK,0C,off
01/10/2023 01:01:22,Chamber 5,28-041661d198ff,23.312,BLANK,0C,off
01/10/2023 01:01:42,Chamber 5,28-041661d198ff,23.312,BLANK,0C,off
01/10/2023 01:02:02,Chamber 5,28-041661d198ff,23.312,BLANK,0C,off
01/10/2023 01:02:22,Chamber 5,28-041661d198ff,23.312,BLANK,0C,off
01/10/2023 01:02:42,Chamber 5,28-041661d198ff,23.312,BLANK,0C,off
01/10/2023 01:03:02,Chamber 5,28-041661d198ff,23.312,BLANK,0C,off
01/10/2023 01:03:22,Chamber 5,28-041661d198ff,23.312,BLANK,0C,off
01/10/2023 01:03:42,Chamber 5,28-041661d198ff,23.312,BLANK,0C,off
01/10/2023 01:04:02,Chamber 5,28-041661d198ff,23.312,BLANK,0C,off
01/10/2023 01:04:22,Chamber 5,28-041661d198ff,23.312,BLANK,0C,off
01/10/2023 01:04:42,Chamber 5,28-041661d198ff,23.312,BLANK,0C,off
01/10/2023 01:05:02,Chamber 5,28-041661d198ff,23.312,BLANK,0C,off
01/10/2023 01:05:22,Chamber 5,28-041661d198ff,23.312,BLANK,0C,off
01/10/2023 01:05:42,Chamber 5,28-041661d198ff,23.312,BLANK,0C,off
01/10/2023 01:06:02,Chamber 5,28-041661d198ff,23.312,BLANK,0C,off
01/10/2023 01:06:22,Chamber 5,28-041661d198ff,23.312,BLANK,0C,off
01/10/2023 01:06:42,Chamber 5,28-041661d198ff,23.312,BLANK,0C,off
01/10/2023 01:07:02,Chamber 5,28-041661d198ff,23.312,BLANK,0C,off
01/10/2023 01:07:22,Chamber 5,28-041661d198ff,23.312,BLANK,0C,off
01/10/2023 01:07:42,Chamber 5,28-041661d198ff,23.312,BLANK,0C,off
01/10/2023 01:08:02,Chamber 5,28-041661d198ff,23.312,BLANK,0C,off
01/10/2023 01:08:22,Chamber 5,28-041661d198ff,23.312,BLANK,0C,off
01/10/2023 01:08:42,Chamber 5,28-041661d198ff,23.312,BLANK,0C,off
01/10/2023 01:09:02,Chamber 5,28-041661d198ff,23.312,BLANK,0C,off
01/10/2023 01:09:22,Chamber 5,28-041661d198ff,23.312,BLANK,0C,off
01/10/2023 01:09:42,Chamber 5,28-041661d198ff,23.312,BLANK,0C,off
01/10/2023 01:10:02,Chamber 5,28-041661d198ff,23.312,BLANK,0C,off
01/10/2023 01:10:22,Chamber 5,28-041661d198ff,23.312,BLANK,0C,off
01/10/2023 01:10:42,Chamber 5,28-041661d198ff,23.312,BLANK,0C,off
01/10/2023 01:11:02,Chamber 5,28-041661d198ff,23.312,BLANK,0C,off
01/10/2023 01:11:22,Chamber 5,28-041661d198ff,23.312,BLANK,0C,off
01/10/2023 01:11:42,Chamber 5,28-041661d198ff,23.312,BLANK,0C,off
01/10/2023 01:12:02,Chamber 5,28-041661d198ff,23.312,BLANK,0C,off
01/10/2023 01:12:22,Chamber 5,28-041661d198ff,23.312,BLANK,0C,off
01/10/2023 01:12:42,Chamber 5,28-041661d198ff,23.312,BLANK,0C,off
01/10/2023 01:13:02,Chamber 5,28-041661d198ff,23.312,BLANK,0C,off
01/10/2023 01:13:22,Chamber 5,28-041661d198ff,23.312,BLANK,0C,off
01/10/2023 01:13:42,Chamber 5,28-041661d198ff,23.312,BLANK,0C,off
01/10/2023 01:14:02,Chamber 5,28-041661d198ff,23.312,BLANK,0C,off
01/10/2023 01:14:22,Chamber 5,28-041661d198ff,23.312,BLANK,0C,off
01/10/2023 01:14:42,Chamber 5,28-041661d198ff,23.312,BLANK,0C,off
01/10/2023 01:15:02,Chamber 5,28-041661d198ff,23.312,BLANK,0C,off
01/10/2023 01:15:22,Chamber 5,28-041661d198ff,23.312,BLANK,0C,off
01/10/2023 01:15:42,Chamber 5,28-041661d198ff,23.312,BLANK,0C,off
01/10/2023 01:16:02,Chamber 5,28-041661d198ff,23.312,BLANK,0C,off
01/10/2023 01:16:22,Chamber 5,28-041661d198ff,23.312,BLANK,0C,off
01/10/2023 01:16:42,Chamber 5,28-041661d198ff,23.25,BLANK,0C,off
01/10/2023 01:17:02,Chamber 5,28-041661d198ff,23.312,BLANK,0C,off
01/10/2023 01:17:22,Chamber 5,28-041661d198ff,23.25,BLANK,0C,off
01/10/2023 01:17:42,Chamber 5,28-041661d198ff,23.25,BLANK,0C,off
01/10/2023 01:18:02,Chamber 5,28-041661d198ff,23.25,BLANK,0C,off
01/10/2023 01:18:22,Chamber 5,28-041661d198ff,23.312,BLANK,0C,off
01/10/2023 01:18:42,Chamber 5,28-041661d198ff,23.25,BLANK,0C,off
01/10/2023 01:19:02,Chamber 5,28-041661d198ff,23.25,BLANK,0C,off
01/10/2023 01:19:22,Chamber 5,28-041661d198ff,23.312,BLANK,0C,off
01/10/2023 01:19:42,Chamber 5,28-041661d198ff,23.312,BLANK,0C,off
01/10/2023 01:20:02,Chamber 5,28-041661d198ff,23.25,BLANK,0C,off
01/10/2023 01:20:22,Chamber 5,28-041661d198ff,23.25,BLANK,0C,off
01/10/2023 01:20:42,Chamber 5,28-041661d198ff,23.25,BLANK,0C,off
01/10/2023 01:21:02,Chamber 5,28-041661d198ff,23.25,BLANK,0C,off
01/10/2023 01:21:22,Chamber 5,28-041661d198ff,23.312,BLANK,0C,off
01/10/2023 01:21:42,Chamber 5,28-041661d198ff,23.25,BLANK,0C,off
01/10/2023 01:22:03,Chamber 5,28-041661d198ff,23.312,BLANK,0C,off
01/10/2023 01:22:22,Chamber 5,28-041661d198ff,23.25,BLANK,0C,off
01/10/2023 01:22:43,Chamber 5,28-041661d198ff,23.25,BLANK,0C,off
01/10/2023 01:23:02,Chamber 5,28-041661d198ff,23.25,BLANK,0C,off
01/10/2023 01:23:22,Chamber 5,28-041661d198ff,23.25,BLANK,0C,off
01/10/2023 01:23:42,Chamber 5,28-041661d198ff,23.25,BLANK,0C,off
01/10/2023 01:24:02,Chamber 5,28-041661d198ff,23.25,BLANK,0C,off
01/10/2023 01:24:22,Chamber 5,28-041661d198ff,23.25,BLANK,0C,off
01/10/2023 01:24:42,Chamber 5,28-041661d198ff,23.25,BLANK,0C,off
01/10/2023 01:25:02,Chamber 5,28-041661d198ff,23.25,BLANK,0C,off
01/10/2023 01:25:22,Chamber 5,28-041661d198ff,23.25,BLANK,0C,off
01/10/2023 01:25:42,Chamber 5,28-041661d198ff,23.25,BLANK,0C,off
01/10/2023 01:26:02,Chamber 5,28-041661d198ff,23.25,BLANK,0C,off
01/10/2023 01:26:22,Chamber 5,28-041661d198ff,23.25,BLANK,0C,off
01/10/2023 01:26:42,Chamber 5,28-041661d198ff,23.25,BLANK,0C,off
01/10/2023 01:27:02,Chamber 5,28-041661d198ff,23.25,BLANK,0C,off
01/10/2023 01:27:22,Chamber 5,28-041661d198ff,23.25,BLANK,0C,off
01/10/2023 01:27:42,Chamber 5,28-041661d198ff,23.25,BLANK,0C,off
01/10/2023 01:28:02,Chamber 5,28-041661d198ff,23.25,BLANK,0C,off
01/10/2023 01:28:22,Chamber 5,28-041661d198ff,23.25,BLANK,0C,off
01/10/2023 01:28:42,Chamber 5,28-041661d198ff,23.25,BLANK,0C,off
01/10/2023 01:29:02,Chamber 5,28-041661d198ff,23.25,BLANK,0C,off
01/10/2023 01:29:22,Chamber 5,28-041661d198ff,23.25,BLANK,0C,off
01/10/2023 01:29:42,Chamber 5,28-041661d198ff,23.25,BLANK,0C,off
01/10/2023 01:30:02,Chamber 5,28-041661d198ff,23.25,BLANK,0C,off
01/10/2023 01:30:22,Chamber 5,28-041661d198ff,23.25,BLANK,0C,off
01/10/2023 01:30:42,Chamber 5,28-041661d198ff,23.25,BLANK,0C,off
01/10/2023 01:31:02,Chamber 5,28-041661d198ff,23.25,BLANK,0C,off
01/10/2023 01:31:22,Chamber 5,28-041661d198ff,23.25,BLANK,0C,off
01/10/2023 01:31:42,Chamber 5,28-041661d198ff,23.25,BLANK,0C,off
01/10/2023 01:32:02,Chamber 5,28-041661d198ff,23.25,BLANK,0C,off
01/10/2023 01:32:22,Chamber 5,28-041661d198ff,23.25,BLANK,0C,off
01/10/2023 01:32:42,Chamber 5,28-041661d198ff,23.25,BLANK,0C,off
01/10/2023 01:33:02,Chamber 5,28-041661d198ff,23.25,BLANK,0C,off
01/10/2023 01:33:22,Chamber 5,28-041661d198ff,23.25,BLANK,0C,off
01/10/2023 01:33:42,Chamber 5,28-041661d198ff,23.25,BLANK,0C,off
01/10/2023 01:34:02,Chamber 5,28-041661d198ff,23.25,BLANK,0C,off
01/10/2023 01:34:22,Chamber 5,28-041661d198ff,23.25,BLANK,0C,off
01/10/2023 01:34:42,Chamber 5,28-041661d198ff,23.25,BLANK,0C,off
01/10/2023 01:35:02,Chamber 5,28-041661d198ff,23.25,BLANK,0C,off
01/10/2023 01:35:22,Chamber 5,28-041661d198ff,23.25,BLANK,0C,off
01/10/2023 01:35:42,Chamber 5,28-041661d198ff,23.25,BLANK,0C,off
01/10/2023 01:36:02,Chamber 5,28-041661d198ff,23.25,BLANK,0C,off
01/10/2023 01:36:22,Chamber 5,28-041661d198ff,23.25,BLANK,0C,off
01/10/2023 01:36:42,Chamber 5,28-041661d198ff,23.25,BLANK,0C,off
01/10/2023 01:37:03,Chamber 5,28-041661d198ff,23.25,BLANK,0C,off
01/10/2023 01:37:23,Chamber 5,28-041661d198ff,23.25,BLANK,0C,off
01/10/2023 01:37:42,Chamber 5,28-041661d198ff,23.25,BLANK,0C,off
01/10/2023 01:38:02,Chamber 5,28-041661d198ff,23.25,BLANK,0C,off
01/10/2023 01:38:22,Chamber 5,28-041661d198ff,23.25,BLANK,0C,off
01/10/2023 01:38:42,Chamber 5,28-041661d198ff,23.25,BLANK,0C,off
01/10/2023 01:39:02,Chamber 5,28-041661d198ff,23.25,BLANK,0C,off
01/10/2023 01:39:22,Chamber 5,28-041661d198ff,23.25,BLANK,0C,off
01/10/2023 01:39:42,Chamber 5,28-041661d198ff,23.25,BLANK,0C,off
01/10/2023 01:40:02,Chamber 5,28-041661d198ff,23.25,BLANK,0C,off
01/10/2023 01:40:22,Chamber 5,28-041661d198ff,23.25,BLANK,0C,off
01/10/2023 01:40:42,Chamber 5,28-041661d198ff,23.25,BLANK,0C,off
01/10/2023 01:41:02,Chamber 5,28-041661d198ff,23.25,BLANK,0C,off
01/10/2023 01:41:22,Chamber 5,28-041661d198ff,23.25,BLANK,0C,off
01/10/2023 01:41:42,Chamber 5,28-041661d198ff,23.25,BLANK,0C,off
01/10/2023 01:42:02,Chamber 5,28-041661d198ff,23.25,BLANK,0C,off
01/10/2023 01:42:22,Chamber 5,28-041661d198ff,23.25,BLANK,0C,off
01/10/2023 01:42:42,Chamber 5,28-041661d198ff,23.187,BLANK,0C,off
01/10/2023 01:43:02,Chamber 5,28-041661d198ff,23.25,BLANK,0C,off
01/10/2023 01:43:22,Chamber 5,28-041661d198ff,23.25,BLANK,0C,off
01/10/2023 01:43:42,Chamber 5,28-041661d198ff,23.25,BLANK,0C,off
01/10/2023 01:44:02,Chamber 5,28-041661d198ff,23.25,BLANK,0C,off
01/10/2023 01:44:23,Chamber 5,28-041661d198ff,23.25,BLANK,0C,off
01/10/2023 01:44:42,Chamber 5,28-041661d198ff,23.25,BLANK,0C,off
01/10/2023 01:45:02,Chamber 5,28-041661d198ff,23.187,BLANK,0C,off
01/10/2023 01:45:22,Chamber 5,28-041661d198ff,23.25,BLANK,0C,off
01/10/2023 01:45:42,Chamber 5,28-041661d198ff,23.25,BLANK,0C,off
01/10/2023 01:46:02,Chamber 5,28-041661d198ff,23.25,BLANK,0C,off
01/10/2023 01:46:22,Chamber 5,28-041661d198ff,23.25,BLANK,0C,off
01/10/2023 01:46:42,Chamber 5,28-041661d198ff,23.25,BLANK,0C,off
01/10/2023 01:47:03,Chamber 5,28-041661d198ff,23.25,BLANK,0C,off
01/10/2023 01:47:22,Chamber 5,28-041661d198ff,23.25,BLANK,0C,off
01/10/2023 01:47:42,Chamber 5,28-041661d198ff,23.25,BLANK,0C,off
01/10/2023 01:48:02,Chamber 5,28-041661d198ff,23.25,BLANK,0C,off
01/10/2023 01:48:22,Chamber 5,28-041661d198ff,23.25,BLANK,0C,off
01/10/2023 01:48:42,Chamber 5,28-041661d198ff,23.25,BLANK,0C,off
01/10/2023 01:49:02,Chamber 5,28-041661d198ff,23.187,BLANK,0C,off
01/10/2023 01:49:22,Chamber 5,28-041661d198ff,23.187,BLANK,0C,off
01/10/2023 01:49:42,Chamber 5,28-041661d198ff,23.187,BLANK,0C,off
01/10/2023 01:50:02,Chamber 5,28-041661d198ff,23.187,BLANK,0C,off
01/10/2023 01:50:22,Chamber 5,28-041661d198ff,23.187,BLANK,0C,off
01/10/2023 01:50:42,Chamber 5,28-041661d198ff,23.187,BLANK,0C,off
01/10/2023 01:51:03,Chamber 5,28-041661d198ff,23.187,BLANK,0C,off
01/10/2023 01:51:23,Chamber 5,28-041661d198ff,23.187,BLANK,0C,off
01/10/2023 01:51:42,Chamber 5,28-041661d198ff,23.187,BLANK,0C,off
01/10/2023 01:52:03,Chamber 5,28-041661d198ff,23.25,BLANK,0C,off
01/10/2023 01:52:24,Chamber 5,28-041661d198ff,23.187,BLANK,0C,off
01/10/2023 01:52:42,Chamber 5,28-041661d198ff,23.187,BLANK,0C,off
01/10/2023 01:53:02,Chamber 5,28-041661d198ff,23.187,BLANK,0C,off
01/10/2023 01:53:22,Chamber 5,28-041661d198ff,23.25,BLANK,0C,off
01/10/2023 01:53:42,Chamber 5,28-041661d198ff,23.187,BLANK,0C,off
01/10/2023 01:54:02,Chamber 5,28-041661d198ff,23.25,BLANK,0C,off
01/10/2023 01:54:22,Chamber 5,28-041661d198ff,23.187,BLANK,0C,off
01/10/2023 01:54:42,Chamber 5,28-041661d198ff,23.187,BLANK,0C,off
01/10/2023 01:55:04,Chamber 5,28-041661d198ff,23.187,BLANK,0C,off
01/10/2023 01:55:22,Chamber 5,28-041661d198ff,23.25,BLANK,0C,off
01/10/2023 01:55:42,Chamber 5,28-041661d198ff,23.187,BLANK,0C,off
01/10/2023 01:56:02,Chamber 5,28-041661d198ff,23.187,BLANK,0C,off
01/10/2023 01:56:22,Chamber 5,28-041661d198ff,23.187,BLANK,0C,off
01/10/2023 01:56:42,Chamber 5,28-041661d198ff,23.187,BLANK,0C,off
01/10/2023 01:57:03,Chamber 5,28-041661d198ff,23.187,BLANK,0C,off
01/10/2023 01:57:22,Chamber 5,28-041661d198ff,23.187,BLANK,0C,off
01/10/2023 01:57:42,Chamber 5,28-041661d198ff,23.187,BLANK,0C,off
01/10/2023 01:58:02,Chamber 5,28-041661d198ff,23.187,BLANK,0C,off
01/10/2023 01:58:23,Chamber 5,28-041661d198ff,23.187,BLANK,0C,off
01/10/2023 01:58:42,Chamber 5,28-041661d198ff,23.187,BLANK,0C,off
01/10/2023 01:59:02,Chamber 5,28-041661d198ff,23.187,BLANK,0C,off
01/10/2023 01:59:22,Chamber 5,28-041661d198ff,23.187,BLANK,0C,off
01/10/2023 01:59:42,Chamber 5,28-041661d198ff,23.187,BLANK,0C,off
01/10/2023 02:00:02,Chamber 5,28-041661d198ff,23.187,BLANK,0C,off
01/10/2023 02:00:22,Chamber 5,28-041661d198ff,23.187,BLANK,0C,off
01/10/2023 02:00:42,Chamber 5,28-041661d198ff,23.187,BLANK,0C,off
01/10/2023 02:01:02,Chamber 5,28-041661d198ff,23.187,BLANK,0C,off
01/10/2023 02:01:22,Chamber 5,28-041661d198ff,23.187,BLANK,0C,off
01/10/2023 02:01:42,Chamber 5,28-041661d198ff,23.187,BLANK,0C,off
01/10/2023 02:02:02,Chamber 5,28-041661d198ff,23.187,BLANK,0C,off
01/10/2023 02:02:22,Chamber 5,28-041661d198ff,23.187,BLANK,0C,off
01/10/2023 02:02:42,Chamber 5,28-041661d198ff,23.187,BLANK,0C,off
01/10/2023 02:03:02,Chamber 5,28-041661d198ff,23.187,BLANK,0C,off
01/10/2023 02:03:22,Chamber 5,28-041661d198ff,23.187,BLANK,0C,off
01/10/2023 02:03:42,Chamber 5,28-041661d198ff,23.187,BLANK,0C,off
01/10/2023 02:04:02,Chamber 5,28-041661d198ff,23.187,BLANK,0C,off
01/10/2023 02:04:22,Chamber 5,28-041661d198ff,23.187,BLANK,0C,off
01/10/2023 02:04:42,Chamber 5,28-041661d198ff,23.187,BLANK,0C,off
01/10/2023 02:05:02,Chamber 5,28-041661d198ff,23.187,BLANK,0C,off
01/10/2023 02:05:22,Chamber 5,28-041661d198ff,23.187,BLANK,0C,off
01/10/2023 02:05:42,Chamber 5,28-041661d198ff,23.187,BLANK,0C,off
01/10/2023 02:06:02,Chamber 5,28-041661d198ff,23.187,BLANK,0C,off
01/10/2023 02:06:22,Chamber 5,28-041661d198ff,23.187,BLANK,0C,off
01/10/2023 02:06:42,Chamber 5,28-041661d198ff,23.187,BLANK,0C,off
01/10/2023 02:07:02,Chamber 5,28-041661d198ff,23.187,BLANK,0C,off
01/10/2023 02:07:22,Chamber 5,28-041661d198ff,23.187,BLANK,0C,off
01/10/2023 02:07:42,Chamber 5,28-041661d198ff,23.187,BLANK,0C,off
01/10/2023 02:08:02,Chamber 5,28-041661d198ff,23.187,BLANK,0C,off
01/10/2023 02:08:22,Chamber 5,28-041661d198ff,23.187,BLANK,0C,off
01/10/2023 02:08:42,Chamber 5,28-041661d198ff,23.187,BLANK,0C,off
01/10/2023 02:09:02,Chamber 5,28-041661d198ff,23.187,BLANK,0C,off
01/10/2023 02:09:22,Chamber 5,28-041661d198ff,23.187,BLANK,0C,off
01/10/2023 02:09:42,Chamber 5,28-041661d198ff,23.187,BLANK,0C,off
01/10/2023 02:10:02,Chamber 5,28-041661d198ff,23.187,BLANK,0C,off
01/10/2023 02:10:22,Chamber 5,28-041661d198ff,23.187,BLANK,0C,off
01/10/2023 02:10:42,Chamber 5,28-041661d198ff,23.187,BLANK,0C,off
01/10/2023 02:11:02,Chamber 5,28-041661d198ff,23.187,BLANK,0C,off
01/10/2023 02:11:22,Chamber 5,28-041661d198ff,23.187,BLANK,0C,off
01/10/2023 02:11:42,Chamber 5,28-041661d198ff,23.187,BLANK,0C,off
01/10/2023 02:12:02,Chamber 5,28-041661d198ff,23.187,BLANK,0C,off
01/10/2023 02:12:22,Chamber 5,28-041661d198ff,23.187,BLANK,0C,off
01/10/2023 02:12:42,Chamber 5,28-041661d198ff,23.187,BLANK,0C,off
01/10/2023 02:13:02,Chamber 5,28-041661d198ff,23.187,BLANK,0C,off
01/10/2023 02:13:22,Chamber 5,28-041661d198ff,23.187,BLANK,0C,off
01/10/2023 02:13:42,Chamber 5,28-041661d198ff,23.125,BLANK,0C,off
01/10/2023 02:14:02,Chamber 5,28-041661d198ff,23.125,BLANK,0C,off
01/10/2023 02:14:22,Chamber 5,28-041661d198ff,23.125,BLANK,0C,off
01/10/2023 02:14:42,Chamber 5,28-041661d198ff,23.187,BLANK,0C,off
01/10/2023 02:15:02,Chamber 5,28-041661d198ff,23.187,BLANK,0C,off
01/10/2023 02:15:22,Chamber 5,28-041661d198ff,23.187,BLANK,0C,off
01/10/2023 02:15:42,Chamber 5,28-041661d198ff,23.187,BLANK,0C,off
01/10/2023 02:16:02,Chamber 5,28-041661d198ff,23.187,BLANK,0C,off
01/10/2023 02:16:22,Chamber 5,28-041661d198ff,23.187,BLANK,0C,off
01/10/2023 02:16:42,Chamber 5,28-041661d198ff,23.187,BLANK,0C,off
01/10/2023 02:17:02,Chamber 5,28-041661d198ff,23.187,BLANK,0C,off
01/10/2023 02:17:22,Chamber 5,28-041661d198ff,23.187,BLANK,0C,off
01/10/2023 02:17:42,Chamber 5,28-041661d198ff,23.187,BLANK,0C,off
01/10/2023 02:18:02,Chamber 5,28-041661d198ff,23.187,BLANK,0C,off
01/10/2023 02:18:22,Chamber 5,28-041661d198ff,23.187,BLANK,0C,off
01/10/2023 02:18:42,Chamber 5,28-041661d198ff,23.125,BLANK,0C,off
01/10/2023 02:19:02,Chamber 5,28-041661d198ff,23.125,BLANK,0C,off
01/10/2023 02:19:22,Chamber 5,28-041661d198ff,23.125,BLANK,0C,off
01/10/2023 02:19:42,Chamber 5,28-041661d198ff,23.187,BLANK,0C,off
01/10/2023 02:20:02,Chamber 5,28-041661d198ff,23.187,BLANK,0C,off
01/10/2023 02:20:22,Chamber 5,28-041661d198ff,23.187,BLANK,0C,off
01/10/2023 02:20:42,Chamber 5,28-041661d198ff,23.125,BLANK,0C,off
01/10/2023 02:21:02,Chamber 5,28-041661d198ff,23.125,BLANK,0C,off
01/10/2023 02:21:22,Chamber 5,28-041661d198ff,23.125,BLANK,0C,off
01/10/2023 02:21:42,Chamber 5,28-041661d198ff,23.187,BLANK,0C,off
01/10/2023 02:22:02,Chamber 5,28-041661d198ff,23.125,BLANK,0C,off
01/10/2023 02:22:22,Chamber 5,28-041661d198ff,23.125,BLANK,0C,off
01/10/2023 02:22:42,Chamber 5,28-041661d198ff,23.125,BLANK,0C,off
01/10/2023 02:23:02,Chamber 5,28-041661d198ff,23.187,BLANK,0C,off
01/10/2023 02:23:22,Chamber 5,28-041661d198ff,23.187,BLANK,0C,off
01/10/2023 02:23:42,Chamber 5,28-041661d198ff,23.187,BLANK,0C,off
01/10/2023 02:24:02,Chamber 5,28-041661d198ff,23.125,BLANK,0C,off
01/10/2023 02:24:22,Chamber 5,28-041661d198ff,23.125,BLANK,0C,off
01/10/2023 02:24:42,Chamber 5,28-041661d198ff,23.125,BLANK,0C,off
01/10/2023 02:25:02,Chamber 5,28-041661d198ff,23.125,BLANK,0C,off
01/10/2023 02:25:22,Chamber 5,28-041661d198ff,23.125,BLANK,0C,off
01/10/2023 02:25:42,Chamber 5,28-041661d198ff,23.125,BLANK,0C,off
01/10/2023 02:26:02,Chamber 5,28-041661d198ff,23.125,BLANK,0C,off
01/10/2023 02:26:22,Chamber 5,28-041661d198ff,23.125,BLANK,0C,off
01/10/2023 02:26:42,Chamber 5,28-041661d198ff,23.125,BLANK,0C,off
01/10/2023 02:27:02,Chamber 5,28-041661d198ff,23.125,BLANK,0C,off
01/10/2023 02:27:22,Chamber 5,28-041661d198ff,23.125,BLANK,0C,off
01/10/2023 02:27:42,Chamber 5,28-041661d198ff,23.125,BLANK,0C,off
01/10/2023 02:28:02,Chamber 5,28-041661d198ff,23.125,BLANK,0C,off
01/10/2023 02:28:22,Chamber 5,28-041661d198ff,23.125,BLANK,0C,off
01/10/2023 02:28:42,Chamber 5,28-041661d198ff,23.125,BLANK,0C,off
01/10/2023 02:29:02,Chamber 5,28-041661d198ff,23.125,BLANK,0C,off
01/10/2023 02:29:22,Chamber 5,28-041661d198ff,23.125,BLANK,0C,off
01/10/2023 02:29:42,Chamber 5,28-041661d198ff,23.125,BLANK,0C,off
01/10/2023 02:30:02,Chamber 5,28-041661d198ff,23.125,BLANK,0C,off
01/10/2023 02:30:22,Chamber 5,28-041661d198ff,23.125,BLANK,0C,off
01/10/2023 02:30:42,Chamber 5,28-041661d198ff,23.125,BLANK,0C,off
01/10/2023 02:31:02,Chamber 5,28-041661d198ff,23.125,BLANK,0C,off
01/10/2023 02:31:22,Chamber 5,28-041661d198ff,23.125,BLANK,0C,off
01/10/2023 02:31:42,Chamber 5,28-041661d198ff,23.125,BLANK,0C,off
01/10/2023 02:32:02,Chamber 5,28-041661d198ff,23.125,BLANK,0C,off
01/10/2023 02:32:22,Chamber 5,28-041661d198ff,23.125,BLANK,0C,off
01/10/2023 02:32:42,Chamber 5,28-041661d198ff,23.125,BLANK,0C,off
01/10/2023 02:33:02,Chamber 5,28-041661d198ff,23.125,BLANK,0C,off
01/10/2023 02:33:22,Chamber 5,28-041661d198ff,23.125,BLANK,0C,off
01/10/2023 02:33:42,Chamber 5,28-041661d198ff,23.125,BLANK,0C,off
01/10/2023 02:34:02,Chamber 5,28-041661d198ff,23.125,BLANK,0C,off
01/10/2023 02:34:22,Chamber 5,28-041661d198ff,23.125,BLANK,0C,off
01/10/2023 02:34:42,Chamber 5,28-041661d198ff,23.125,BLANK,0C,off
01/10/2023 02:35:02,Chamber 5,28-041661d198ff,23.125,BLANK,0C,off
01/10/2023 02:35:22,Chamber 5,28-041661d198ff,23.125,BLANK,0C,off
01/10/2023 02:35:42,Chamber 5,28-041661d198ff,23.125,BLANK,0C,off
01/10/2023 02:36:02,Chamber 5,28-041661d198ff,23.125,BLANK,0C,off
01/10/2023 02:36:22,Chamber 5,28-041661d198ff,23.125,BLANK,0C,off
01/10/2023 02:36:42,Chamber 5,28-041661d198ff,23.125,BLANK,0C,off
01/10/2023 02:37:02,Chamber 5,28-041661d198ff,23.125,BLANK,0C,off
01/10/2023 02:37:22,Chamber 5,28-041661d198ff,23.125,BLANK,0C,off
01/10/2023 02:37:42,Chamber 5,28-041661d198ff,23.125,BLANK,0C,off
01/10/2023 02:38:02,Chamber 5,28-041661d198ff,23.125,BLANK,0C,off
01/10/2023 02:38:22,Chamber 5,28-041661d198ff,23.125,BLANK,0C,off
01/10/2023 02:38:42,Chamber 5,28-041661d198ff,23.125,BLANK,0C,off
01/10/2023 02:39:03,Chamber 5,28-041661d198ff,23.125,BLANK,0C,off
01/10/2023 02:39:22,Chamber 5,28-041661d198ff,23.125,BLANK,0C,off
01/10/2023 02:39:42,Chamber 5,28-041661d198ff,23.125,BLANK,0C,off
01/10/2023 02:40:02,Chamber 5,28-041661d198ff,23.125,BLANK,0C,off
01/10/2023 02:40:22,Chamber 5,28-041661d198ff,23.125,BLANK,0C,off
01/10/2023 02:40:42,Chamber 5,28-041661d198ff,23.125,BLANK,0C,off
01/10/2023 02:41:02,Chamber 5,28-041661d198ff,23.125,BLANK,0C,off
01/10/2023 02:41:22,Chamber 5,28-041661d198ff,23.125,BLANK,0C,off
01/10/2023 02:41:42,Chamber 5,28-041661d198ff,23.125,BLANK,0C,off
01/10/2023 02:42:02,Chamber 5,28-041661d198ff,23.125,BLANK,0C,off
01/10/2023 02:42:22,Chamber 5,28-041661d198ff,23.125,BLANK,0C,off
01/10/2023 02:42:42,Chamber 5,28-041661d198ff,23.125,BLANK,0C,off
01/10/2023 02:43:02,Chamber 5,28-041661d198ff,23.125,BLANK,0C,off
01/10/2023 02:43:22,Chamber 5,28-041661d198ff,23.125,BLANK,0C,off
01/10/2023 02:43:42,Chamber 5,28-041661d198ff,23.125,BLANK,0C,off
01/10/2023 02:44:02,Chamber 5,28-041661d198ff,23.125,BLANK,0C,off
01/10/2023 02:44:22,Chamber 5,28-041661d198ff,23.125,BLANK,0C,off
01/10/2023 02:44:42,Chamber 5,28-041661d198ff,23.125,BLANK,0C,off
01/10/2023 02:45:02,Chamber 5,28-041661d198ff,23.125,BLANK,0C,off
01/10/2023 02:45:22,Chamber 5,28-041661d198ff,23.125,BLANK,0C,off
01/10/2023 02:45:42,Chamber 5,28-041661d198ff,23.125,BLANK,0C,off
01/10/2023 02:46:02,Chamber 5,28-041661d198ff,23.125,BLANK,0C,off
01/10/2023 02:46:22,Chamber 5,28-041661d198ff,23.125,BLANK,0C,off
01/10/2023 02:46:42,Chamber 5,28-041661d198ff,23.125,BLANK,0C,off
01/10/2023 02:47:02,Chamber 5,28-041661d198ff,23.125,BLANK,0C,off
01/10/2023 02:47:22,Chamber 5,28-041661d198ff,23.125,BLANK,0C,off
01/10/2023 02:47:42,Chamber 5,28-041661d198ff,23.125,BLANK,0C,off
01/10/2023 02:48:02,Chamber 5,28-041661d198ff,23.125,BLANK,0C,off
01/10/2023 02:48:22,Chamber 5,28-041661d198ff,23.125,BLANK,0C,off
01/10/2023 02:48:42,Chamber 5,28-041661d198ff,23.125,BLANK,0C,off
01/10/2023 02:49:02,Chamber 5,28-041661d198ff,23.125,BLANK,0C,off
01/10/2023 02:49:22,Chamber 5,28-041661d198ff,23.125,BLANK,0C,off
01/10/2023 02:49:42,Chamber 5,28-041661d198ff,23.125,BLANK,0C,off
01/10/2023 02:50:02,Chamber 5,28-041661d198ff,23.125,BLANK,0C,off
01/10/2023 02:50:22,Chamber 5,28-041661d198ff,23.125,BLANK,0C,off
01/10/2023 02:50:42,Chamber 5,28-041661d198ff,23.125,BLANK,0C,off
01/10/2023 02:51:02,Chamber 5,28-041661d198ff,23.125,BLANK,0C,off
01/10/2023 02:51:22,Chamber 5,28-041661d198ff,23.125,BLANK,0C,off
01/10/2023 02:51:42,Chamber 5,28-041661d198ff,23.125,BLANK,0C,off
01/10/2023 02:52:02,Chamber 5,28-041661d198ff,23.125,BLANK,0C,off
01/10/2023 02:52:22,Chamber 5,28-041661d198ff,23.125,BLANK,0C,off
01/10/2023 02:52:42,Chamber 5,28-041661d198ff,23.125,BLANK,0C,off
01/10/2023 02:53:02,Chamber 5,28-041661d198ff,23.125,BLANK,0C,off
01/10/2023 02:53:22,Chamber 5,28-041661d198ff,23.125,BLANK,0C,off
01/10/2023 02:53:42,Chamber 5,28-041661d198ff,23.125,BLANK,0C,off
01/10/2023 02:54:02,Chamber 5,28-041661d198ff,23.125,BLANK,0C,off
01/10/2023 02:54:22,Chamber 5,28-041661d198ff,23.125,BLANK,0C,off
01/10/2023 02:54:42,Chamber 5,28-041661d198ff,23.125,BLANK,0C,off
01/10/2023 02:55:02,Chamber 5,28-041661d198ff,23.125,BLANK,0C,off
01/10/2023 02:55:22,Chamber 5,28-041661d198ff,23.125,BLANK,0C,off
01/10/2023 02:55:42,Chamber 5,28-041661d198ff,23.125,BLANK,0C,off
01/10/2023 02:56:02,Chamber 5,28-041661d198ff,23.125,BLANK,0C,off
01/10/2023 02:56:22,Chamber 5,28-041661d198ff,23.125,BLANK,0C,off
01/10/2023 02:56:42,Chamber 5,28-041661d198ff,23.125,BLANK,0C,off
01/10/2023 02:57:02,Chamber 5,28-041661d198ff,23.125,BLANK,0C,off
01/10/2023 02:57:22,Chamber 5,28-041661d198ff,23.125,BLANK,0C,off
01/10/2023 02:57:42,Chamber 5,28-041661d198ff,23.125,BLANK,0C,off
01/10/2023 02:58:02,Chamber 5,28-041661d198ff,23.125,BLANK,0C,off
01/10/2023 02:58:22,Chamber 5,28-041661d198ff,23.125,BLANK,0C,off
01/10/2023 02:58:42,Chamber 5,28-041661d198ff,23.125,BLANK,0C,off
01/10/2023 02:59:02,Chamber 5,28-041661d198ff,23.125,BLANK,0C,off
01/10/2023 02:59:22,Chamber 5,28-041661d198ff,23.125,BLANK,0C,off
01/10/2023 02:59:42,Chamber 5,28-041661d198ff,23.125,BLANK,0C,off
01/10/2023 03:00:03,Chamber 5,28-041661d198ff,23.062,BLANK,0C,off
01/10/2023 03:00:23,Chamber 5,28-041661d198ff,23.125,BLANK,0C,off
01/10/2023 03:00:43,Chamber 5,28-041661d198ff,23.125,BLANK,0C,off
01/10/2023 03:01:03,Chamber 5,28-041661d198ff,23.062,BLANK,0C,off
01/10/2023 03:01:23,Chamber 5,28-041661d198ff,23.062,BLANK,0C,off
01/10/2023 03:01:43,Chamber 5,28-041661d198ff,23.125,BLANK,0C,off
01/10/2023 03:02:03,Chamber 5,28-041661d198ff,23.125,BLANK,0C,off
01/10/2023 03:02:23,Chamber 5,28-041661d198ff,23.125,BLANK,0C,off
01/10/2023 03:02:43,Chamber 5,28-041661d198ff,23.062,BLANK,0C,off
01/10/2023 03:03:03,Chamber 5,28-041661d198ff,23.125,BLANK,0C,off
01/10/2023 03:03:23,Chamber 5,28-041661d198ff,23.062,BLANK,0C,off
01/10/2023 03:03:43,Chamber 5,28-041661d198ff,23.062,BLANK,0C,off
01/10/2023 03:04:03,Chamber 5,28-041661d198ff,23.125,BLANK,0C,off
01/10/2023 03:04:23,Chamber 5,28-041661d198ff,23.062,BLANK,0C,off
01/10/2023 03:04:43,Chamber 5,28-041661d198ff,23.062,BLANK,0C,off
01/10/2023 03:05:03,Chamber 5,28-041661d198ff,23.062,BLANK,0C,off
01/10/2023 03:05:23,Chamber 5,28-041661d198ff,23.062,BLANK,0C,off
01/10/2023 03:05:43,Chamber 5,28-041661d198ff,23.062,BLANK,0C,off
01/10/2023 03:06:03,Chamber 5,28-041661d198ff,23.062,BLANK,0C,off
01/10/2023 03:06:23,Chamber 5,28-041661d198ff,23.062,BLANK,0C,off
01/10/2023 03:06:43,Chamber 5,28-041661d198ff,23.062,BLANK,0C,off
01/10/2023 03:07:03,Chamber 5,28-041661d198ff,23.062,BLANK,0C,off
01/10/2023 03:07:23,Chamber 5,28-041661d198ff,23.062,BLANK,0C,off
01/10/2023 03:07:43,Chamber 5,28-041661d198ff,23.062,BLANK,0C,off
01/10/2023 03:08:03,Chamber 5,28-041661d198ff,23.062,BLANK,0C,off
01/10/2023 03:08:23,Chamber 5,28-041661d198ff,23.062,BLANK,0C,off
01/10/2023 03:08:43,Chamber 5,28-041661d198ff,23.062,BLANK,0C,off
01/10/2023 03:09:03,Chamber 5,28-041661d198ff,23.062,BLANK,0C,off
01/10/2023 03:09:23,Chamber 5,28-041661d198ff,23.062,BLANK,0C,off
01/10/2023 03:09:43,Chamber 5,28-041661d198ff,23.062,BLANK,0C,off
01/10/2023 03:10:03,Chamber 5,28-041661d198ff,23.062,BLANK,0C,off
01/10/2023 03:10:23,Chamber 5,28-041661d198ff,23.062,BLANK,0C,off
01/10/2023 03:10:43,Chamber 5,28-041661d198ff,23.062,BLANK,0C,off
01/10/2023 03:11:03,Chamber 5,28-041661d198ff,23.062,BLANK,0C,off
01/10/2023 03:11:23,Chamber 5,28-041661d198ff,23.062,BLANK,0C,off
01/10/2023 03:11:43,Chamber 5,28-041661d198ff,23.062,BLANK,0C,off
01/10/2023 03:12:03,Chamber 5,28-041661d198ff,23.062,BLANK,0C,off
01/10/2023 03:12:23,Chamber 5,28-041661d198ff,23.062,BLANK,0C,off
01/10/2023 03:12:43,Chamber 5,28-041661d198ff,23.062,BLANK,0C,off
01/10/2023 03:13:03,Chamber 5,28-041661d198ff,23.062,BLANK,0C,off
01/10/2023 03:13:23,Chamber 5,28-041661d198ff,23.062,BLANK,0C,off
01/10/2023 03:13:43,Chamber 5,28-041661d198ff,23.062,BLANK,0C,off
01/10/2023 03:14:03,Chamber 5,28-041661d198ff,23.062,BLANK,0C,off
01/10/2023 03:14:23,Chamber 5,28-041661d198ff,23.062,BLANK,0C,off
01/10/2023 03:14:43,Chamber 5,28-041661d198ff,23.062,BLANK,0C,off
01/10/2023 03:15:03,Chamber 5,28-041661d198ff,23.062,BLANK,0C,off
01/10/2023 03:15:23,Chamber 5,28-041661d198ff,23.062,BLANK,0C,off
01/10/2023 03:15:43,Chamber 5,28-041661d198ff,23.062,BLANK,0C,off
01/10/2023 03:16:03,Chamber 5,28-041661d198ff,23.062,BLANK,0C,off
01/10/2023 03:16:23,Chamber 5,28-041661d198ff,23.062,BLANK,0C,off
01/10/2023 03:16:43,Chamber 5,28-041661d198ff,23.062,BLANK,0C,off
01/10/2023 03:17:03,Chamber 5,28-041661d198ff,23.062,BLANK,0C,off
01/10/2023 03:17:23,Chamber 5,28-041661d198ff,23.062,BLANK,0C,off
01/10/2023 03:17:43,Chamber 5,28-041661d198ff,23.062,BLANK,0C,off
01/10/2023 03:18:03,Chamber 5,28-041661d198ff,23.062,BLANK,0C,off
01/10/2023 03:18:23,Chamber 5,28-041661d198ff,23.062,BLANK,0C,off
01/10/2023 03:18:43,Chamber 5,28-041661d198ff,23.062,BLANK,0C,off
01/10/2023 03:19:03,Chamber 5,28-041661d198ff,23.062,BLANK,0C,off
01/10/2023 03:19:23,Chamber 5,28-041661d198ff,23.062,BLANK,0C,off
01/10/2023 03:19:43,Chamber 5,28-041661d198ff,23.062,BLANK,0C,off
01/10/2023 03:20:03,Chamber 5,28-041661d198ff,23.062,BLANK,0C,off
01/10/2023 03:20:23,Chamber 5,28-041661d198ff,23.062,BLANK,0C,off
01/10/2023 03:20:43,Chamber 5,28-041661d198ff,23.062,BLANK,0C,off
01/10/2023 03:21:03,Chamber 5,28-041661d198ff,23.062,BLANK,0C,off
01/10/2023 03:21:23,Chamber 5,28-041661d198ff,23.062,BLANK,0C,off
01/10/2023 03:21:43,Chamber 5,28-041661d198ff,23.062,BLANK,0C,off
01/10/2023 03:22:03,Chamber 5,28-041661d198ff,23.062,BLANK,0C,off
01/10/2023 03:22:23,Chamber 5,28-041661d198ff,23.062,BLANK,0C,off
01/10/2023 03:22:43,Chamber 5,28-041661d198ff,23.062,BLANK,0C,off
01/10/2023 03:23:03,Chamber 5,28-041661d198ff,23.062,BLANK,0C,off
01/10/2023 03:23:23,Chamber 5,28-041661d198ff,23.062,BLANK,0C,off
01/10/2023 03:23:43,Chamber 5,28-041661d198ff,23.062,BLANK,0C,off
01/10/2023 03:24:03,Chamber 5,28-041661d198ff,23.062,BLANK,0C,off
01/10/2023 03:24:23,Chamber 5,28-041661d198ff,23.062,BLANK,0C,off
01/10/2023 03:24:43,Chamber 5,28-041661d198ff,23.062,BLANK,0C,off
01/10/2023 03:25:03,Chamber 5,28-041661d198ff,23.062,BLANK,0C,off
01/10/2023 03:25:23,Chamber 5,28-041661d198ff,23.062,BLANK,0C,off
01/10/2023 03:25:43,Chamber 5,28-041661d198ff,23.062,BLANK,0C,off
01/10/2023 03:26:03,Chamber 5,28-041661d198ff,23.062,BLANK,0C,off
01/10/2023 03:26:23,Chamber 5,28-041661d198ff,23.062,BLANK,0C,off
01/10/2023 03:26:43,Chamber 5,28-041661d198ff,23.062,BLANK,0C,off
01/10/2023 03:27:03,Chamber 5,28-041661d198ff,23.062,BLANK,0C,off
01/10/2023 03:27:23,Chamber 5,28-041661d198ff,23.062,BLANK,0C,off
01/10/2023 03:27:43,Chamber 5,28-041661d198ff,23.062,BLANK,0C,off
01/10/2023 03:28:03,Chamber 5,28-041661d198ff,23.062,BLANK,0C,off
01/10/2023 03:28:23,Chamber 5,28-041661d198ff,23.062,BLANK,0C,off
01/10/2023 03:28:43,Chamber 5,28-041661d198ff,23.062,BLANK,0C,off
01/10/2023 03:29:03,Chamber 5,28-041661d198ff,23.062,BLANK,0C,off
01/10/2023 03:29:23,Chamber 5,28-041661d198ff,23.062,BLANK,0C,off
01/10/2023 03:29:43,Chamber 5,28-041661d198ff,23.062,BLANK,0C,off
01/10/2023 03:30:03,Chamber 5,28-041661d198ff,23.062,BLANK,0C,off
01/10/2023 03:30:23,Chamber 5,28-041661d198ff,23.062,BLANK,0C,off
01/10/2023 03:30:43,Chamber 5,28-041661d198ff,23.062,BLANK,0C,off
01/10/2023 03:31:03,Chamber 5,28-041661d198ff,23.062,BLANK,0C,off
01/10/2023 03:31:23,Chamber 5,28-041661d198ff,23.062,BLANK,0C,off
01/10/2023 03:31:43,Chamber 5,28-041661d198ff,23.062,BLANK,0C,off
01/10/2023 03:32:03,Chamber 5,28-041661d198ff,23.062,BLANK,0C,off
01/10/2023 03:32:23,Chamber 5,28-041661d198ff,23.062,BLANK,0C,off
01/10/2023 03:32:43,Chamber 5,28-041661d198ff,23.062,BLANK,0C,off
01/10/2023 03:33:03,Chamber 5,28-041661d198ff,23.062,BLANK,0C,off
01/10/2023 03:33:23,Chamber 5,28-041661d198ff,23.062,BLANK,0C,off
01/10/2023 03:33:44,Chamber 5,28-041661d198ff,23.062,BLANK,0C,off
01/10/2023 03:34:03,Chamber 5,28-041661d198ff,23.062,BLANK,0C,off
01/10/2023 03:34:23,Chamber 5,28-041661d198ff,23.062,BLANK,0C,off
01/10/2023 03:34:43,Chamber 5,28-041661d198ff,23.062,BLANK,0C,off
01/10/2023 03:35:03,Chamber 5,28-041661d198ff,23.062,BLANK,0C,off
01/10/2023 03:35:24,Chamber 5,28-041661d198ff,23.062,BLANK,0C,off
01/10/2023 03:35:43,Chamber 5,28-041661d198ff,23.062,BLANK,0C,off
01/10/2023 03:36:03,Chamber 5,28-041661d198ff,23.062,BLANK,0C,off
01/10/2023 03:36:23,Chamber 5,28-041661d198ff,23.062,BLANK,0C,off
01/10/2023 03:36:43,Chamber 5,28-041661d198ff,23.062,BLANK,0C,off
01/10/2023 03:37:03,Chamber 5,28-041661d198ff,23.062,BLANK,0C,off
01/10/2023 03:37:23,Chamber 5,28-041661d198ff,23.062,BLANK,0C,off
01/10/2023 03:37:43,Chamber 5,28-041661d198ff,23.0,BLANK,0C,off
01/10/2023 03:38:03,Chamber 5,28-041661d198ff,23.0,BLANK,0C,off
01/10/2023 03:38:23,Chamber 5,28-041661d198ff,23.062,BLANK,0C,off
01/10/2023 03:38:43,Chamber 5,28-041661d198ff,23.062,BLANK,0C,off
01/10/2023 03:39:03,Chamber 5,28-041661d198ff,23.062,BLANK,0C,off
01/10/2023 03:39:23,Chamber 5,28-041661d198ff,23.062,BLANK,0C,off
01/10/2023 03:39:43,Chamber 5,28-041661d198ff,23.062,BLANK,0C,off
01/10/2023 03:40:03,Chamber 5,28-041661d198ff,23.062,BLANK,0C,off
01/10/2023 03:40:23,Chamber 5,28-041661d198ff,23.062,BLANK,0C,off
01/10/2023 03:40:43,Chamber 5,28-041661d198ff,23.062,BLANK,0C,off
01/10/2023 03:41:03,Chamber 5,28-041661d198ff,23.0,BLANK,0C,off
01/10/2023 03:41:23,Chamber 5,28-041661d198ff,23.062,BLANK,0C,off
01/10/2023 03:41:43,Chamber 5,28-041661d198ff,23.0,BLANK,0C,off
01/10/2023 03:42:03,Chamber 5,28-041661d198ff,23.0,BLANK,0C,off
01/10/2023 03:42:23,Chamber 5,28-041661d198ff,23.0,BLANK,0C,off
01/10/2023 03:42:43,Chamber 5,28-041661d198ff,23.0,BLANK,0C,off
01/10/2023 03:43:03,Chamber 5,28-041661d198ff,23.0,BLANK,0C,off
01/10/2023 03:43:23,Chamber 5,28-041661d198ff,23.0,BLANK,0C,off
01/10/2023 03:43:43,Chamber 5,28-041661d198ff,23.0,BLANK,0C,off
01/10/2023 03:44:03,Chamber 5,28-041661d198ff,23.0,BLANK,0C,off
01/10/2023 03:44:23,Chamber 5,28-041661d198ff,23.0,BLANK,0C,off
01/10/2023 03:44:43,Chamber 5,28-041661d198ff,23.0,BLANK,0C,off
01/10/2023 03:45:03,Chamber 5,28-041661d198ff,23.0,BLANK,0C,off
01/10/2023 03:45:23,Chamber 5,28-041661d198ff,23.0,BLANK,0C,off
01/10/2023 03:45:43,Chamber 5,28-041661d198ff,23.0,BLANK,0C,off
01/10/2023 03:46:03,Chamber 5,28-041661d198ff,23.0,BLANK,0C,off
01/10/2023 03:46:23,Chamber 5,28-041661d198ff,23.0,BLANK,0C,off
01/10/2023 03:46:43,Chamber 5,28-041661d198ff,23.0,BLANK,0C,off
01/10/2023 03:47:03,Chamber 5,28-041661d198ff,23.0,BLANK,0C,off
01/10/2023 03:47:23,Chamber 5,28-041661d198ff,23.0,BLANK,0C,off
01/10/2023 03:47:43,Chamber 5,28-041661d198ff,23.0,BLANK,0C,off
01/10/2023 03:48:03,Chamber 5,28-041661d198ff,23.0,BLANK,0C,off
01/10/2023 03:48:23,Chamber 5,28-041661d198ff,23.0,BLANK,0C,off
01/10/2023 03:48:43,Chamber 5,28-041661d198ff,23.0,BLANK,0C,off
01/10/2023 03:49:03,Chamber 5,28-041661d198ff,23.0,BLANK,0C,off
01/10/2023 03:49:23,Chamber 5,28-041661d198ff,23.0,BLANK,0C,off
01/10/2023 03:49:43,Chamber 5,28-041661d198ff,23.0,BLANK,0C,off
01/10/2023 03:50:03,Chamber 5,28-041661d198ff,23.0,BLANK,0C,off
01/10/2023 03:50:23,Chamber 5,28-041661d198ff,23.0,BLANK,0C,off
01/10/2023 03:50:43,Chamber 5,28-041661d198ff,23.0,BLANK,0C,off
01/10/2023 03:51:03,Chamber 5,28-041661d198ff,23.0,BLANK,0C,off
01/10/2023 03:51:23,Chamber 5,28-041661d198ff,23.0,BLANK,0C,off
01/10/2023 03:51:43,Chamber 5,28-041661d198ff,23.0,BLANK,0C,off
01/10/2023 03:52:03,Chamber 5,28-041661d198ff,23.0,BLANK,0C,off
01/10/2023 03:52:23,Chamber 5,28-041661d198ff,23.0,BLANK,0C,off
01/10/2023 03:52:43,Chamber 5,28-041661d198ff,23.0,BLANK,0C,off
01/10/2023 03:53:03,Chamber 5,28-041661d198ff,23.0,BLANK,0C,off
01/10/2023 03:53:23,Chamber 5,28-041661d198ff,23.0,BLANK,0C,off
01/10/2023 03:53:43,Chamber 5,28-041661d198ff,23.0,BLANK,0C,off
01/10/2023 03:54:03,Chamber 5,28-041661d198ff,23.0,BLANK,0C,off
01/10/2023 03:54:23,Chamber 5,28-041661d198ff,23.0,BLANK,0C,off
01/10/2023 03:54:43,Chamber 5,28-041661d198ff,23.0,BLANK,0C,off
01/10/2023 03:55:03,Chamber 5,28-041661d198ff,23.0,BLANK,0C,off
01/10/2023 03:55:23,Chamber 5,28-041661d198ff,23.0,BLANK,0C,off
01/10/2023 03:55:43,Chamber 5,28-041661d198ff,23.0,BLANK,0C,off
01/10/2023 03:56:03,Chamber 5,28-041661d198ff,23.0,BLANK,0C,off
01/10/2023 03:56:23,Chamber 5,28-041661d198ff,23.0,BLANK,0C,off
01/10/2023 03:56:43,Chamber 5,28-041661d198ff,23.0,BLANK,0C,off
01/10/2023 03:57:03,Chamber 5,28-041661d198ff,23.0,BLANK,0C,off
01/10/2023 03:57:23,Chamber 5,28-041661d198ff,23.0,BLANK,0C,off
01/10/2023 03:57:43,Chamber 5,28-041661d198ff,23.0,BLANK,0C,off
01/10/2023 03:58:03,Chamber 5,28-041661d198ff,23.0,BLANK,0C,off
01/10/2023 03:58:23,Chamber 5,28-041661d198ff,23.0,BLANK,0C,off
01/10/2023 03:58:43,Chamber 5,28-041661d198ff,23.0,BLANK,0C,off
01/10/2023 03:59:03,Chamber 5,28-041661d198ff,23.0,BLANK,0C,off
01/10/2023 03:59:23,Chamber 5,28-041661d198ff,23.0,BLANK,0C,off
01/10/2023 03:59:43,Chamber 5,28-041661d198ff,23.0,BLANK,0C,off
01/10/2023 04:00:03,Chamber 5,28-041661d198ff,23.0,BLANK,0C,off
01/10/2023 04:00:23,Chamber 5,28-041661d198ff,23.0,BLANK,0C,off
01/10/2023 04:00:43,Chamber 5,28-041661d198ff,23.0,BLANK,0C,off
01/10/2023 04:01:03,Chamber 5,28-041661d198ff,23.0,BLANK,0C,off
01/10/2023 04:01:23,Chamber 5,28-041661d198ff,23.0,BLANK,0C,off
01/10/2023 04:01:43,Chamber 5,28-041661d198ff,23.0,BLANK,0C,off
01/10/2023 04:02:03,Chamber 5,28-041661d198ff,23.0,BLANK,0C,off
01/10/2023 04:02:23,Chamber 5,28-041661d198ff,23.0,BLANK,0C,off
01/10/2023 04:02:44,Chamber 5,28-041661d198ff,23.0,BLANK,0C,off
01/10/2023 04:03:03,Chamber 5,28-041661d198ff,23.0,BLANK,0C,off
01/10/2023 04:03:24,Chamber 5,28-041661d198ff,23.0,BLANK,0C,off
01/10/2023 04:03:43,Chamber 5,28-041661d198ff,23.0,BLANK,0C,off
01/10/2023 04:04:04,Chamber 5,28-041661d198ff,23.0,BLANK,0C,off
01/10/2023 04:04:23,Chamber 5,28-041661d198ff,23.0,BLANK,0C,off
01/10/2023 04:04:43,Chamber 5,28-041661d198ff,23.0,BLANK,0C,off
01/10/2023 04:05:03,Chamber 5,28-041661d198ff,23.0,BLANK,0C,off
01/10/2023 04:05:24,Chamber 5,28-041661d198ff,23.0,BLANK,0C,off
01/10/2023 04:05:43,Chamber 5,28-041661d198ff,23.0,BLANK,0C,off
01/10/2023 04:06:03,Chamber 5,28-041661d198ff,23.0,BLANK,0C,off
01/10/2023 04:06:23,Chamber 5,28-041661d198ff,23.0,BLANK,0C,off
01/10/2023 04:06:44,Chamber 5,28-041661d198ff,23.0,BLANK,0C,off
01/10/2023 04:07:03,Chamber 5,28-041661d198ff,23.0,BLANK,0C,off
01/10/2023 04:07:23,Chamber 5,28-041661d198ff,23.0,BLANK,0C,off
01/10/2023 04:07:43,Chamber 5,28-041661d198ff,23.0,BLANK,0C,off
01/10/2023 04:08:03,Chamber 5,28-041661d198ff,23.0,BLANK,0C,off
01/10/2023 04:08:23,Chamber 5,28-041661d198ff,23.0,BLANK,0C,off
01/10/2023 04:08:43,Chamber 5,28-041661d198ff,23.0,BLANK,0C,off
01/10/2023 04:09:03,Chamber 5,28-041661d198ff,22.937,BLANK,0C,off
01/10/2023 04:09:23,Chamber 5,28-041661d198ff,23.0,BLANK,0C,off
01/10/2023 04:09:43,Chamber 5,28-041661d198ff,23.0,BLANK,0C,off
01/10/2023 04:10:03,Chamber 5,28-041661d198ff,23.0,BLANK,0C,off
01/10/2023 04:10:23,Chamber 5,28-041661d198ff,23.0,BLANK,0C,off
01/10/2023 04:10:43,Chamber 5,28-041661d198ff,23.0,BLANK,0C,off
01/10/2023 04:11:03,Chamber 5,28-041661d198ff,23.0,BLANK,0C,off
01/10/2023 04:11:23,Chamber 5,28-041661d198ff,23.0,BLANK,0C,off
01/10/2023 04:11:43,Chamber 5,28-041661d198ff,23.0,BLANK,0C,off
01/10/2023 04:12:03,Chamber 5,28-041661d198ff,23.0,BLANK,0C,off
01/10/2023 04:12:23,Chamber 5,28-041661d198ff,23.0,BLANK,0C,off
01/10/2023 04:12:43,Chamber 5,28-041661d198ff,23.0,BLANK,0C,off
01/10/2023 04:13:03,Chamber 5,28-041661d198ff,22.937,BLANK,0C,off
01/10/2023 04:13:24,Chamber 5,28-041661d198ff,23.0,BLANK,0C,off
01/10/2023 04:13:44,Chamber 5,28-041661d198ff,23.0,BLANK,0C,off
01/10/2023 04:14:03,Chamber 5,28-041661d198ff,23.0,BLANK,0C,off
01/10/2023 04:14:23,Chamber 5,28-041661d198ff,23.0,BLANK,0C,off
01/10/2023 04:14:43,Chamber 5,28-041661d198ff,22.937,BLANK,0C,off
01/10/2023 04:15:03,Chamber 5,28-041661d198ff,22.937,BLANK,0C,off
01/10/2023 04:15:24,Chamber 5,28-041661d198ff,23.0,BLANK,0C,off
01/10/2023 04:15:43,Chamber 5,28-041661d198ff,22.937,BLANK,0C,off
01/10/2023 04:16:03,Chamber 5,28-041661d198ff,23.0,BLANK,0C,off
01/10/2023 04:16:23,Chamber 5,28-041661d198ff,22.937,BLANK,0C,off
01/10/2023 04:16:43,Chamber 5,28-041661d198ff,22.937,BLANK,0C,off
01/10/2023 04:17:03,Chamber 5,28-041661d198ff,23.0,BLANK,0C,off
01/10/2023 04:17:23,Chamber 5,28-041661d198ff,22.937,BLANK,0C,off
01/10/2023 04:17:43,Chamber 5,28-041661d198ff,23.0,BLANK,0C,off
01/10/2023 04:18:03,Chamber 5,28-041661d198ff,22.937,BLANK,0C,off
01/10/2023 04:18:23,Chamber 5,28-041661d198ff,22.937,BLANK,0C,off
01/10/2023 04:18:43,Chamber 5,28-041661d198ff,22.937,BLANK,0C,off
01/10/2023 04:19:03,Chamber 5,28-041661d198ff,22.937,BLANK,0C,off
01/10/2023 04:19:23,Chamber 5,28-041661d198ff,22.937,BLANK,0C,off
01/10/2023 04:19:43,Chamber 5,28-041661d198ff,22.937,BLANK,0C,off
01/10/2023 04:20:03,Chamber 5,28-041661d198ff,22.937,BLANK,0C,off
01/10/2023 04:20:23,Chamber 5,28-041661d198ff,22.937,BLANK,0C,off
01/10/2023 04:20:43,Chamber 5,28-041661d198ff,22.937,BLANK,0C,off
01/10/2023 04:21:03,Chamber 5,28-041661d198ff,22.937,BLANK,0C,off
01/10/2023 04:21:23,Chamber 5,28-041661d198ff,22.937,BLANK,0C,off
01/10/2023 04:21:43,Chamber 5,28-041661d198ff,22.937,BLANK,0C,off
01/10/2023 04:22:03,Chamber 5,28-041661d198ff,22.937,BLANK,0C,off
01/10/2023 04:22:23,Chamber 5,28-041661d198ff,22.937,BLANK,0C,off
01/10/2023 04:22:43,Chamber 5,28-041661d198ff,22.937,BLANK,0C,off
01/10/2023 04:23:03,Chamber 5,28-041661d198ff,22.937,BLANK,0C,off
01/10/2023 04:23:23,Chamber 5,28-041661d198ff,22.937,BLANK,0C,off
01/10/2023 04:23:43,Chamber 5,28-041661d198ff,22.937,BLANK,0C,off
01/10/2023 04:24:03,Chamber 5,28-041661d198ff,22.937,BLANK,0C,off
01/10/2023 04:24:23,Chamber 5,28-041661d198ff,22.937,BLANK,0C,off
01/10/2023 04:24:43,Chamber 5,28-041661d198ff,22.937,BLANK,0C,off
01/10/2023 04:25:03,Chamber 5,28-041661d198ff,22.937,BLANK,0C,off
01/10/2023 04:25:23,Chamber 5,28-041661d198ff,22.937,BLANK,0C,off
01/10/2023 04:25:43,Chamber 5,28-041661d198ff,22.937,BLANK,0C,off
01/10/2023 04:26:03,Chamber 5,28-041661d198ff,22.937,BLANK,0C,off
01/10/2023 04:26:23,Chamber 5,28-041661d198ff,22.937,BLANK,0C,off
01/10/2023 04:26:43,Chamber 5,28-041661d198ff,22.937,BLANK,0C,off
01/10/2023 04:27:03,Chamber 5,28-041661d198ff,22.937,BLANK,0C,off
01/10/2023 04:27:23,Chamber 5,28-041661d198ff,22.937,BLANK,0C,off
01/10/2023 04:27:43,Chamber 5,28-041661d198ff,22.937,BLANK,0C,off
01/10/2023 04:28:03,Chamber 5,28-041661d198ff,22.937,BLANK,0C,off
01/10/2023 04:28:23,Chamber 5,28-041661d198ff,22.937,BLANK,0C,off
01/10/2023 04:28:43,Chamber 5,28-041661d198ff,22.937,BLANK,0C,off
01/10/2023 04:29:03,Chamber 5,28-041661d198ff,22.937,BLANK,0C,off
01/10/2023 04:29:23,Chamber 5,28-041661d198ff,22.937,BLANK,0C,off
01/10/2023 04:29:43,Chamber 5,28-041661d198ff,22.937,BLANK,0C,off
01/10/2023 04:30:03,Chamber 5,28-041661d198ff,22.937,BLANK,0C,off
01/10/2023 04:30:23,Chamber 5,28-041661d198ff,22.937,BLANK,0C,off
01/10/2023 04:30:43,Chamber 5,28-041661d198ff,22.937,BLANK,0C,off
01/10/2023 04:31:03,Chamber 5,28-041661d198ff,22.937,BLANK,0C,off
01/10/2023 04:31:23,Chamber 5,28-041661d198ff,22.937,BLANK,0C,off
01/10/2023 04:31:43,Chamber 5,28-041661d198ff,22.937,BLANK,0C,off
01/10/2023 04:32:03,Chamber 5,28-041661d198ff,22.937,BLANK,0C,off
01/10/2023 04:32:23,Chamber 5,28-041661d198ff,22.937,BLANK,0C,off
01/10/2023 04:32:43,Chamber 5,28-041661d198ff,22.937,BLANK,0C,off
01/10/2023 04:33:03,Chamber 5,28-041661d198ff,22.937,BLANK,0C,off
01/10/2023 04:33:23,Chamber 5,28-041661d198ff,22.937,BLANK,0C,off
01/10/2023 04:33:43,Chamber 5,28-041661d198ff,22.937,BLANK,0C,off
01/10/2023 04:34:03,Chamber 5,28-041661d198ff,22.937,BLANK,0C,off
01/10/2023 04:34:23,Chamber 5,28-041661d198ff,22.937,BLANK,0C,off
01/10/2023 04:34:43,Chamber 5,28-041661d198ff,22.937,BLANK,0C,off
01/10/2023 04:35:03,Chamber 5,28-041661d198ff,22.937,BLANK,0C,off
01/10/2023 04:35:23,Chamber 5,28-041661d198ff,22.937,BLANK,0C,off
01/10/2023 04:35:43,Chamber 5,28-041661d198ff,22.937,BLANK,0C,off
01/10/2023 04:36:03,Chamber 5,28-041661d198ff,22.937,BLANK,0C,off
01/10/2023 04:36:23,Chamber 5,28-041661d198ff,22.937,BLANK,0C,off
01/10/2023 04:36:43,Chamber 5,28-041661d198ff,22.937,BLANK,0C,off
01/10/2023 04:37:03,Chamber 5,28-041661d198ff,22.937,BLANK,0C,off
01/10/2023 04:37:24,Chamber 5,28-041661d198ff,22.937,BLANK,0C,off
01/10/2023 04:37:43,Chamber 5,28-041661d198ff,22.937,BLANK,0C,off
01/10/2023 04:38:03,Chamber 5,28-041661d198ff,22.937,BLANK,0C,off
01/10/2023 04:38:23,Chamber 5,28-041661d198ff,22.937,BLANK,0C,off
01/10/2023 04:38:43,Chamber 5,28-041661d198ff,22.937,BLANK,0C,off
01/10/2023 04:39:03,Chamber 5,28-041661d198ff,22.937,BLANK,0C,off
01/10/2023 04:39:23,Chamber 5,28-041661d198ff,22.937,BLANK,0C,off
01/10/2023 04:39:43,Chamber 5,28-041661d198ff,22.937,BLANK,0C,off
01/10/2023 04:40:03,Chamber 5,28-041661d198ff,22.937,BLANK,0C,off
01/10/2023 04:40:24,Chamber 5,28-041661d198ff,22.937,BLANK,0C,off
01/10/2023 04:40:43,Chamber 5,28-041661d198ff,22.937,BLANK,0C,off
01/10/2023 04:41:03,Chamber 5,28-041661d198ff,22.875,BLANK,0C,off
01/10/2023 04:41:23,Chamber 5,28-041661d198ff,22.875,BLANK,0C,off
01/10/2023 04:41:43,Chamber 5,28-041661d198ff,22.875,BLANK,0C,off
01/10/2023 04:42:03,Chamber 5,28-041661d198ff,22.937,BLANK,0C,off
01/10/2023 04:42:23,Chamber 5,28-041661d198ff,22.937,BLANK,0C,off
01/10/2023 04:42:43,Chamber 5,28-041661d198ff,22.937,BLANK,0C,off
01/10/2023 04:43:03,Chamber 5,28-041661d198ff,22.937,BLANK,0C,off
01/10/2023 04:43:23,Chamber 5,28-041661d198ff,22.937,BLANK,0C,off
01/10/2023 04:43:43,Chamber 5,28-041661d198ff,22.937,BLANK,0C,off
01/10/2023 04:44:03,Chamber 5,28-041661d198ff,22.937,BLANK,0C,off
01/10/2023 04:44:23,Chamber 5,28-041661d198ff,22.875,BLANK,0C,off
01/10/2023 04:44:43,Chamber 5,28-041661d198ff,22.875,BLANK,0C,off
01/10/2023 04:45:03,Chamber 5,28-041661d198ff,22.875,BLANK,0C,off
01/10/2023 04:45:23,Chamber 5,28-041661d198ff,22.875,BLANK,0C,off
01/10/2023 04:45:43,Chamber 5,28-041661d198ff,22.875,BLANK,0C,off
01/10/2023 04:46:03,Chamber 5,28-041661d198ff,22.875,BLANK,0C,off
01/10/2023 04:46:23,Chamber 5,28-041661d198ff,22.875,BLANK,0C,off
01/10/2023 04:46:43,Chamber 5,28-041661d198ff,22.875,BLANK,0C,off
01/10/2023 04:47:03,Chamber 5,28-041661d198ff,22.875,BLANK,0C,off
01/10/2023 04:47:23,Chamber 5,28-041661d198ff,22.875,BLANK,0C,off
01/10/2023 04:47:43,Chamber 5,28-041661d198ff,22.875,BLANK,0C,off
01/10/2023 04:48:03,Chamber 5,28-041661d198ff,22.937,BLANK,0C,off
01/10/2023 04:48:23,Chamber 5,28-041661d198ff,22.875,BLANK,0C,off
01/10/2023 04:48:43,Chamber 5,28-041661d198ff,22.875,BLANK,0C,off
01/10/2023 04:49:03,Chamber 5,28-041661d198ff,22.875,BLANK,0C,off
01/10/2023 04:49:23,Chamber 5,28-041661d198ff,22.875,BLANK,0C,off
01/10/2023 04:49:43,Chamber 5,28-041661d198ff,22.875,BLANK,0C,off
01/10/2023 04:50:03,Chamber 5,28-041661d198ff,22.875,BLANK,0C,off
01/10/2023 04:50:23,Chamber 5,28-041661d198ff,22.875,BLANK,0C,off
01/10/2023 04:50:43,Chamber 5,28-041661d198ff,22.875,BLANK,0C,off
01/10/2023 04:51:03,Chamber 5,28-041661d198ff,22.875,BLANK,0C,off
01/10/2023 04:51:23,Chamber 5,28-041661d198ff,22.937,BLANK,0C,off
01/10/2023 04:51:43,Chamber 5,28-041661d198ff,22.875,BLANK,0C,off
01/10/2023 04:52:03,Chamber 5,28-041661d198ff,22.875,BLANK,0C,off
01/10/2023 04:52:23,Chamber 5,28-041661d198ff,22.875,BLANK,0C,off
01/10/2023 04:52:43,Chamber 5,28-041661d198ff,22.875,BLANK,0C,off
01/10/2023 04:53:03,Chamber 5,28-041661d198ff,22.875,BLANK,0C,off
01/10/2023 04:53:23,Chamber 5,28-041661d198ff,22.875,BLANK,0C,off
01/10/2023 04:53:43,Chamber 5,28-041661d198ff,22.875,BLANK,0C,off
01/10/2023 04:54:03,Chamber 5,28-041661d198ff,22.875,BLANK,0C,off
01/10/2023 04:54:23,Chamber 5,28-041661d198ff,22.875,BLANK,0C,off
01/10/2023 04:54:43,Chamber 5,28-041661d198ff,22.875,BLANK,0C,off
01/10/2023 04:55:03,Chamber 5,28-041661d198ff,22.875,BLANK,0C,off
01/10/2023 04:55:23,Chamber 5,28-041661d198ff,22.875,BLANK,0C,off
01/10/2023 04:55:43,Chamber 5,28-041661d198ff,22.875,BLANK,0C,off
01/10/2023 04:56:03,Chamber 5,28-041661d198ff,22.875,BLANK,0C,off
01/10/2023 04:56:23,Chamber 5,28-041661d198ff,22.875,BLANK,0C,off
01/10/2023 04:56:43,Chamber 5,28-041661d198ff,22.875,BLANK,0C,off
01/10/2023 04:57:03,Chamber 5,28-041661d198ff,22.875,BLANK,0C,off
01/10/2023 04:57:23,Chamber 5,28-041661d198ff,22.875,BLANK,0C,off
01/10/2023 04:57:43,Chamber 5,28-041661d198ff,22.875,BLANK,0C,off
01/10/2023 04:58:03,Chamber 5,28-041661d198ff,22.875,BLANK,0C,off
01/10/2023 04:58:23,Chamber 5,28-041661d198ff,22.875,BLANK,0C,off
01/10/2023 04:58:43,Chamber 5,28-041661d198ff,22.875,BLANK,0C,off
01/10/2023 04:59:03,Chamber 5,28-041661d198ff,22.875,BLANK,0C,off
01/10/2023 04:59:23,Chamber 5,28-041661d198ff,22.875,BLANK,0C,off
01/10/2023 04:59:43,Chamber 5,28-041661d198ff,22.875,BLANK,0C,off
01/10/2023 05:00:03,Chamber 5,28-041661d198ff,22.875,BLANK,0C,off
01/10/2023 05:00:23,Chamber 5,28-041661d198ff,22.875,BLANK,0C,off
01/10/2023 05:00:43,Chamber 5,28-041661d198ff,22.875,BLANK,0C,off
01/10/2023 05:01:03,Chamber 5,28-041661d198ff,22.875,BLANK,0C,off
01/10/2023 05:01:23,Chamber 5,28-041661d198ff,22.875,BLANK,0C,off
01/10/2023 05:01:43,Chamber 5,28-041661d198ff,22.875,BLANK,0C,off
01/10/2023 05:02:03,Chamber 5,28-041661d198ff,22.875,BLANK,0C,off
01/10/2023 05:02:23,Chamber 5,28-041661d198ff,22.875,BLANK,0C,off
01/10/2023 05:02:43,Chamber 5,28-041661d198ff,22.875,BLANK,0C,off
01/10/2023 05:03:03,Chamber 5,28-041661d198ff,22.875,BLANK,0C,off
01/10/2023 05:03:23,Chamber 5,28-041661d198ff,22.875,BLANK,0C,off
01/10/2023 05:03:43,Chamber 5,28-041661d198ff,22.875,BLANK,0C,off
01/10/2023 05:04:03,Chamber 5,28-041661d198ff,22.875,BLANK,0C,off
01/10/2023 05:04:24,Chamber 5,28-041661d198ff,22.875,BLANK,0C,off
01/10/2023 05:04:43,Chamber 5,28-041661d198ff,22.875,BLANK,0C,off
01/10/2023 05:05:03,Chamber 5,28-041661d198ff,22.875,BLANK,0C,off
01/10/2023 05:05:23,Chamber 5,28-041661d198ff,22.875,BLANK,0C,off
01/10/2023 05:05:43,Chamber 5,28-041661d198ff,22.875,BLANK,0C,off
01/10/2023 05:06:03,Chamber 5,28-041661d198ff,22.875,BLANK,0C,off
01/10/2023 05:06:23,Chamber 5,28-041661d198ff,22.875,BLANK,0C,off
01/10/2023 05:06:43,Chamber 5,28-041661d198ff,22.875,BLANK,0C,off
01/10/2023 05:07:03,Chamber 5,28-041661d198ff,22.875,BLANK,0C,off
01/10/2023 05:07:23,Chamber 5,28-041661d198ff,22.875,BLANK,0C,off
01/10/2023 05:07:43,Chamber 5,28-041661d198ff,22.875,BLANK,0C,off
01/10/2023 05:08:03,Chamber 5,28-041661d198ff,22.875,BLANK,0C,off
01/10/2023 05:08:23,Chamber 5,28-041661d198ff,22.875,BLANK,0C,off
01/10/2023 05:08:43,Chamber 5,28-041661d198ff,22.875,BLANK,0C,off
01/10/2023 05:09:03,Chamber 5,28-041661d198ff,22.875,BLANK,0C,off
01/10/2023 05:09:23,Chamber 5,28-041661d198ff,22.875,BLANK,0C,off
01/10/2023 05:09:43,Chamber 5,28-041661d198ff,22.875,BLANK,0C,off
01/10/2023 05:10:03,Chamber 5,28-041661d198ff,22.875,BLANK,0C,off
01/10/2023 05:10:23,Chamber 5,28-041661d198ff,22.875,BLANK,0C,off
01/10/2023 05:10:43,Chamber 5,28-041661d198ff,22.875,BLANK,0C,off
01/10/2023 05:11:03,Chamber 5,28-041661d198ff,22.875,BLANK,0C,off
01/10/2023 05:11:24,Chamber 5,28-041661d198ff,22.875,BLANK,0C,off
01/10/2023 05:11:43,Chamber 5,28-041661d198ff,22.875,BLANK,0C,off
01/10/2023 05:12:03,Chamber 5,28-041661d198ff,22.875,BLANK,0C,off
01/10/2023 05:12:23,Chamber 5,28-041661d198ff,22.875,BLANK,0C,off
01/10/2023 05:12:43,Chamber 5,28-041661d198ff,22.875,BLANK,0C,off
01/10/2023 05:13:03,Chamber 5,28-041661d198ff,22.875,BLANK,0C,off
01/10/2023 05:13:23,Chamber 5,28-041661d198ff,22.875,BLANK,0C,off
01/10/2023 05:13:44,Chamber 5,28-041661d198ff,22.875,BLANK,0C,off
01/10/2023 05:14:03,Chamber 5,28-041661d198ff,22.875,BLANK,0C,off
01/10/2023 05:14:23,Chamber 5,28-041661d198ff,22.812,BLANK,0C,off
01/10/2023 05:14:43,Chamber 5,28-041661d198ff,22.875,BLANK,0C,off
01/10/2023 05:15:03,Chamber 5,28-041661d198ff,22.812,BLANK,0C,off
01/10/2023 05:15:23,Chamber 5,28-041661d198ff,22.875,BLANK,0C,off
01/10/2023 05:15:43,Chamber 5,28-041661d198ff,22.875,BLANK,0C,off
01/10/2023 05:16:03,Chamber 5,28-041661d198ff,22.812,BLANK,0C,off
01/10/2023 05:16:23,Chamber 5,28-041661d198ff,22.875,BLANK,0C,off
01/10/2023 05:16:43,Chamber 5,28-041661d198ff,22.875,BLANK,0C,off
01/10/2023 05:17:03,Chamber 5,28-041661d198ff,22.812,BLANK,0C,off
01/10/2023 05:17:23,Chamber 5,28-041661d198ff,22.875,BLANK,0C,off
01/10/2023 05:17:43,Chamber 5,28-041661d198ff,22.812,BLANK,0C,off
01/10/2023 05:18:03,Chamber 5,28-041661d198ff,22.875,BLANK,0C,off
01/10/2023 05:18:23,Chamber 5,28-041661d198ff,22.875,BLANK,0C,off
01/10/2023 05:18:43,Chamber 5,28-041661d198ff,22.875,BLANK,0C,off
01/10/2023 05:19:03,Chamber 5,28-041661d198ff,22.875,BLANK,0C,off
01/10/2023 05:19:23,Chamber 5,28-041661d198ff,22.875,BLANK,0C,off
01/10/2023 05:19:43,Chamber 5,28-041661d198ff,22.875,BLANK,0C,off
01/10/2023 05:20:03,Chamber 5,28-041661d198ff,22.812,BLANK,0C,off
01/10/2023 05:20:24,Chamber 5,28-041661d198ff,22.875,BLANK,0C,off
01/10/2023 05:20:44,Chamber 5,28-041661d198ff,22.875,BLANK,0C,off
01/10/2023 05:21:03,Chamber 5,28-041661d198ff,22.875,BLANK,0C,off
01/10/2023 05:21:24,Chamber 5,28-041661d198ff,22.875,BLANK,0C,off
01/10/2023 05:21:44,Chamber 5,28-041661d198ff,22.875,BLANK,0C,off
01/10/2023 05:22:03,Chamber 5,28-041661d198ff,22.875,BLANK,0C,off
01/10/2023 05:22:23,Chamber 5,28-041661d198ff,22.812,BLANK,0C,off
01/10/2023 05:22:43,Chamber 5,28-041661d198ff,22.812,BLANK,0C,off
01/10/2023 05:23:03,Chamber 5,28-041661d198ff,22.812,BLANK,0C,off
01/10/2023 05:23:23,Chamber 5,28-041661d198ff,22.812,BLANK,0C,off
01/10/2023 05:23:43,Chamber 5,28-041661d198ff,22.812,BLANK,0C,off
01/10/2023 05:24:03,Chamber 5,28-041661d198ff,22.812,BLANK,0C,off
01/10/2023 05:24:23,Chamber 5,28-041661d198ff,22.812,BLANK,0C,off
01/10/2023 05:24:43,Chamber 5,28-041661d198ff,22.812,BLANK,0C,off
01/10/2023 05:25:03,Chamber 5,28-041661d198ff,22.812,BLANK,0C,off
01/10/2023 05:25:23,Chamber 5,28-041661d198ff,22.812,BLANK,0C,off
01/10/2023 05:25:43,Chamber 5,28-041661d198ff,22.812,BLANK,0C,off
01/10/2023 05:26:03,Chamber 5,28-041661d198ff,22.812,BLANK,0C,off
01/10/2023 05:26:23,Chamber 5,28-041661d198ff,22.812,BLANK,0C,off
01/10/2023 05:26:43,Chamber 5,28-041661d198ff,22.812,BLANK,0C,off
01/10/2023 05:27:03,Chamber 5,28-041661d198ff,22.812,BLANK,0C,off
01/10/2023 05:27:23,Chamber 5,28-041661d198ff,22.812,BLANK,0C,off
01/10/2023 05:27:43,Chamber 5,28-041661d198ff,22.812,BLANK,0C,off
01/10/2023 05:28:03,Chamber 5,28-041661d198ff,22.812,BLANK,0C,off
01/10/2023 05:28:23,Chamber 5,28-041661d198ff,22.812,BLANK,0C,off
01/10/2023 05:28:43,Chamber 5,28-041661d198ff,22.812,BLANK,0C,off
01/10/2023 05:29:03,Chamber 5,28-041661d198ff,22.812,BLANK,0C,off
01/10/2023 05:29:23,Chamber 5,28-041661d198ff,22.812,BLANK,0C,off
01/10/2023 05:29:43,Chamber 5,28-041661d198ff,22.812,BLANK,0C,off
01/10/2023 05:30:03,Chamber 5,28-041661d198ff,22.812,BLANK,0C,off
01/10/2023 05:30:23,Chamber 5,28-041661d198ff,22.812,BLANK,0C,off
01/10/2023 05:30:43,Chamber 5,28-041661d198ff,22.812,BLANK,0C,off
01/10/2023 05:31:03,Chamber 5,28-041661d198ff,22.812,BLANK,0C,off
01/10/2023 05:31:23,Chamber 5,28-041661d198ff,22.875,BLANK,0C,off
01/10/2023 05:31:43,Chamber 5,28-041661d198ff,22.875,BLANK,0C,off
01/10/2023 05:32:03,Chamber 5,28-041661d198ff,22.875,BLANK,0C,off
01/10/2023 05:32:23,Chamber 5,28-041661d198ff,22.875,BLANK,0C,off
01/10/2023 05:32:43,Chamber 5,28-041661d198ff,22.875,BLANK,0C,off
01/10/2023 05:33:03,Chamber 5,28-041661d198ff,22.875,BLANK,0C,off
01/10/2023 05:33:23,Chamber 5,28-041661d198ff,22.875,BLANK,0C,off
01/10/2023 05:33:43,Chamber 5,28-041661d198ff,22.875,BLANK,0C,off
01/10/2023 05:34:03,Chamber 5,28-041661d198ff,22.875,BLANK,0C,off
01/10/2023 05:34:23,Chamber 5,28-041661d198ff,22.875,BLANK,0C,off
01/10/2023 05:34:43,Chamber 5,28-041661d198ff,22.875,BLANK,0C,off
01/10/2023 05:35:03,Chamber 5,28-041661d198ff,22.875,BLANK,0C,off
01/10/2023 05:35:23,Chamber 5,28-041661d198ff,22.875,BLANK,0C,off
01/10/2023 05:35:44,Chamber 5,28-041661d198ff,22.875,BLANK,0C,off
01/10/2023 05:36:03,Chamber 5,28-041661d198ff,22.875,BLANK,0C,off
01/10/2023 05:36:23,Chamber 5,28-041661d198ff,22.875,BLANK,0C,off
01/10/2023 05:36:43,Chamber 5,28-041661d198ff,22.875,BLANK,0C,off
01/10/2023 05:37:03,Chamber 5,28-041661d198ff,22.875,BLANK,0C,off
01/10/2023 05:37:23,Chamber 5,28-041661d198ff,22.875,BLANK,0C,off
01/10/2023 05:37:43,Chamber 5,28-041661d198ff,22.875,BLANK,0C,off
01/10/2023 05:38:03,Chamber 5,28-041661d198ff,22.875,BLANK,0C,off
01/10/2023 05:38:24,Chamber 5,28-041661d198ff,22.875,BLANK,0C,off
01/10/2023 05:38:44,Chamber 5,28-041661d198ff,22.875,BLANK,0C,off
01/10/2023 05:39:03,Chamber 5,28-041661d198ff,22.937,BLANK,0C,off
01/10/2023 05:39:23,Chamber 5,28-041661d198ff,22.937,BLANK,0C,off
01/10/2023 05:39:44,Chamber 5,28-041661d198ff,22.937,BLANK,0C,off
01/10/2023 05:40:03,Chamber 5,28-041661d198ff,22.937,BLANK,0C,off
01/10/2023 05:40:23,Chamber 5,28-041661d198ff,22.937,BLANK,0C,off
01/10/2023 05:40:43,Chamber 5,28-041661d198ff,22.937,BLANK,0C,off
01/10/2023 05:41:03,Chamber 5,28-041661d198ff,22.937,BLANK,0C,off
01/10/2023 05:41:23,Chamber 5,28-041661d198ff,22.937,BLANK,0C,off
01/10/2023 05:41:44,Chamber 5,28-041661d198ff,22.937,BLANK,0C,off
01/10/2023 05:42:03,Chamber 5,28-041661d198ff,22.937,BLANK,0C,off
01/10/2023 05:42:23,Chamber 5,28-041661d198ff,22.937,BLANK,0C,off
01/10/2023 05:42:43,Chamber 5,28-041661d198ff,22.937,BLANK,0C,off
01/10/2023 05:43:03,Chamber 5,28-041661d198ff,22.937,BLANK,0C,off
01/10/2023 05:43:23,Chamber 5,28-041661d198ff,22.937,BLANK,0C,off
01/10/2023 05:43:43,Chamber 5,28-041661d198ff,22.937,BLANK,0C,off
01/10/2023 05:44:03,Chamber 5,28-041661d198ff,23.0,BLANK,0C,off
01/10/2023 05:44:23,Chamber 5,28-041661d198ff,23.0,BLANK,0C,off
01/10/2023 05:44:43,Chamber 5,28-041661d198ff,23.0,BLANK,0C,off
01/10/2023 05:45:03,Chamber 5,28-041661d198ff,22.937,BLANK,0C,off
01/10/2023 05:45:23,Chamber 5,28-041661d198ff,23.0,BLANK,0C,off
01/10/2023 05:45:43,Chamber 5,28-041661d198ff,23.0,BLANK,0C,off
01/10/2023 05:46:04,Chamber 5,28-041661d198ff,23.0,BLANK,0C,off
01/10/2023 05:46:23,Chamber 5,28-041661d198ff,23.0,BLANK,0C,off
01/10/2023 05:46:43,Chamber 5,28-041661d198ff,23.0,BLANK,0C,off
01/10/2023 05:47:04,Chamber 5,28-041661d198ff,23.0,BLANK,0C,off
01/10/2023 05:47:23,Chamber 5,28-041661d198ff,23.0,BLANK,0C,off
01/10/2023 05:47:43,Chamber 5,28-041661d198ff,23.0,BLANK,0C,off
01/10/2023 05:48:03,Chamber 5,28-041661d198ff,23.0,BLANK,0C,off
01/10/2023 05:48:23,Chamber 5,28-041661d198ff,23.0,BLANK,0C,off
01/10/2023 05:48:43,Chamber 5,28-041661d198ff,23.0,BLANK,0C,off
01/10/2023 05:49:04,Chamber 5,28-041661d198ff,23.0,BLANK,0C,off
01/10/2023 05:49:23,Chamber 5,28-041661d198ff,23.0,BLANK,0C,off
01/10/2023 05:49:43,Chamber 5,28-041661d198ff,23.0,BLANK,0C,off
01/10/2023 05:50:03,Chamber 5,28-041661d198ff,23.0,BLANK,0C,off
01/10/2023 05:50:23,Chamber 5,28-041661d198ff,23.0,BLANK,0C,off
01/10/2023 05:50:43,Chamber 5,28-041661d198ff,23.0,BLANK,0C,off
01/10/2023 05:51:03,Chamber 5,28-041661d198ff,23.0,BLANK,0C,off
01/10/2023 05:51:23,Chamber 5,28-041661d198ff,23.0,BLANK,0C,off
01/10/2023 05:51:43,Chamber 5,28-041661d198ff,23.0,BLANK,0C,off
01/10/2023 05:52:03,Chamber 5,28-041661d198ff,23.0,BLANK,0C,off
01/10/2023 05:52:23,Chamber 5,28-041661d198ff,23.0,BLANK,0C,off
01/10/2023 05:52:43,Chamber 5,28-041661d198ff,23.0,BLANK,0C,off
01/10/2023 05:53:03,Chamber 5,28-041661d198ff,23.0,BLANK,0C,off
01/10/2023 05:53:23,Chamber 5,28-041661d198ff,23.0,BLANK,0C,off
01/10/2023 05:53:43,Chamber 5,28-041661d198ff,23.0,BLANK,0C,off
01/10/2023 05:54:03,Chamber 5,28-041661d198ff,23.0,BLANK,0C,off
01/10/2023 05:54:24,Chamber 5,28-041661d198ff,23.0,BLANK,0C,off
01/10/2023 05:54:43,Chamber 5,28-041661d198ff,23.0,BLANK,0C,off
01/10/2023 05:55:03,Chamber 5,28-041661d198ff,23.0,BLANK,0C,off
01/10/2023 05:55:23,Chamber 5,28-041661d198ff,23.0,BLANK,0C,off
01/10/2023 05:55:44,Chamber 5,28-041661d198ff,23.0,BLANK,0C,off
01/10/2023 05:56:03,Chamber 5,28-041661d198ff,23.0,BLANK,0C,off
01/10/2023 05:56:23,Chamber 5,28-041661d198ff,23.0,BLANK,0C,off
01/10/2023 05:56:43,Chamber 5,28-041661d198ff,23.0,BLANK,0C,off
01/10/2023 05:57:03,Chamber 5,28-041661d198ff,23.0,BLANK,0C,off
01/10/2023 05:57:23,Chamber 5,28-041661d198ff,23.0,BLANK,0C,off
01/10/2023 05:57:43,Chamber 5,28-041661d198ff,23.0,BLANK,0C,off
01/10/2023 05:58:04,Chamber 5,28-041661d198ff,23.062,BLANK,0C,off
01/10/2023 05:58:25,Chamber 5,28-041661d198ff,23.062,BLANK,0C,off
01/10/2023 05:58:43,Chamber 5,28-041661d198ff,23.062,BLANK,0C,off
01/10/2023 05:59:03,Chamber 5,28-041661d198ff,23.062,BLANK,0C,off
01/10/2023 05:59:23,Chamber 5,28-041661d198ff,23.062,BLANK,0C,off
01/10/2023 05:59:43,Chamber 5,28-041661d198ff,23.062,BLANK,0C,off
01/10/2023 06:00:04,Chamber 5,28-041661d198ff,23.062,BLANK,0C,off
01/10/2023 06:00:24,Chamber 5,28-041661d198ff,23.062,BLANK,0C,off
01/10/2023 06:00:43,Chamber 5,28-041661d198ff,23.062,BLANK,0C,off
01/10/2023 06:01:03,Chamber 5,28-041661d198ff,23.062,BLANK,0C,off
01/10/2023 06:01:23,Chamber 5,28-041661d198ff,23.062,BLANK,0C,off
01/10/2023 06:01:44,Chamber 5,28-041661d198ff,23.062,BLANK,0C,off
01/10/2023 06:02:03,Chamber 5,28-041661d198ff,23.062,BLANK,0C,off
01/10/2023 06:02:23,Chamber 5,28-041661d198ff,23.062,BLANK,0C,off
01/10/2023 06:02:43,Chamber 5,28-041661d198ff,23.062,BLANK,0C,off
01/10/2023 06:03:03,Chamber 5,28-041661d198ff,23.062,BLANK,0C,off
01/10/2023 06:03:24,Chamber 5,28-041661d198ff,23.062,BLANK,0C,off
01/10/2023 06:03:44,Chamber 5,28-041661d198ff,23.062,BLANK,0C,off
01/10/2023 06:04:03,Chamber 5,28-041661d198ff,23.062,BLANK,0C,off
01/10/2023 06:04:23,Chamber 5,28-041661d198ff,23.062,BLANK,0C,off
01/10/2023 06:04:43,Chamber 5,28-041661d198ff,23.062,BLANK,0C,off
01/10/2023 06:05:04,Chamber 5,28-041661d198ff,23.062,BLANK,0C,off
01/10/2023 06:05:23,Chamber 5,28-041661d198ff,23.062,BLANK,0C,off
01/10/2023 06:05:43,Chamber 5,28-041661d198ff,23.062,BLANK,0C,off
01/10/2023 06:06:04,Chamber 5,28-041661d198ff,23.062,BLANK,0C,off
01/10/2023 06:06:23,Chamber 5,28-041661d198ff,23.062,BLANK,0C,off
01/10/2023 06:06:43,Chamber 5,28-041661d198ff,23.062,BLANK,0C,off
01/10/2023 06:07:03,Chamber 5,28-041661d198ff,23.062,BLANK,0C,off
01/10/2023 06:07:23,Chamber 5,28-041661d198ff,23.062,BLANK,0C,off
01/10/2023 06:07:43,Chamber 5,28-041661d198ff,23.062,BLANK,0C,off
01/10/2023 06:08:03,Chamber 5,28-041661d198ff,23.062,BLANK,0C,off
01/10/2023 06:08:24,Chamber 5,28-041661d198ff,23.062,BLANK,0C,off
01/10/2023 06:08:44,Chamber 5,28-041661d198ff,23.062,BLANK,0C,off
01/10/2023 06:09:03,Chamber 5,28-041661d198ff,23.062,BLANK,0C,off
01/10/2023 06:09:23,Chamber 5,28-041661d198ff,23.062,BLANK,0C,off
01/10/2023 06:09:43,Chamber 5,28-041661d198ff,23.062,BLANK,0C,off
01/10/2023 06:10:03,Chamber 5,28-041661d198ff,23.062,BLANK,0C,off
01/10/2023 06:10:23,Chamber 5,28-041661d198ff,23.062,BLANK,0C,off
01/10/2023 06:10:43,Chamber 5,28-041661d198ff,23.062,BLANK,0C,off
01/10/2023 06:11:03,Chamber 5,28-041661d198ff,23.062,BLANK,0C,off
01/10/2023 06:11:23,Chamber 5,28-041661d198ff,23.062,BLANK,0C,off
01/10/2023 06:11:43,Chamber 5,28-041661d198ff,23.062,BLANK,0C,off
01/10/2023 06:12:03,Chamber 5,28-041661d198ff,23.062,BLANK,0C,off
01/10/2023 06:12:23,Chamber 5,28-041661d198ff,23.062,BLANK,0C,off
01/10/2023 06:12:43,Chamber 5,28-041661d198ff,23.062,BLANK,0C,off
01/10/2023 06:13:03,Chamber 5,28-041661d198ff,23.062,BLANK,0C,off
01/10/2023 06:13:23,Chamber 5,28-041661d198ff,23.062,BLANK,0C,off
01/10/2023 06:13:43,Chamber 5,28-041661d198ff,23.062,BLANK,0C,off
01/10/2023 06:14:03,Chamber 5,28-041661d198ff,23.062,BLANK,0C,off
01/10/2023 06:14:23,Chamber 5,28-041661d198ff,23.062,BLANK,0C,off
01/10/2023 06:14:43,Chamber 5,28-041661d198ff,23.062,BLANK,0C,off
01/10/2023 06:15:03,Chamber 5,28-041661d198ff,23.062,BLANK,0C,off
01/10/2023 06:15:23,Chamber 5,28-041661d198ff,23.062,BLANK,0C,off
01/10/2023 06:15:43,Chamber 5,28-041661d198ff,23.062,BLANK,0C,off
01/10/2023 06:16:03,Chamber 5,28-041661d198ff,23.062,BLANK,0C,off
01/10/2023 06:16:23,Chamber 5,28-041661d198ff,23.062,BLANK,0C,off
01/10/2023 06:16:43,Chamber 5,28-041661d198ff,23.062,BLANK,0C,off
01/10/2023 06:17:03,Chamber 5,28-041661d198ff,23.062,BLANK,0C,off
01/10/2023 06:17:23,Chamber 5,28-041661d198ff,23.062,BLANK,0C,off
01/10/2023 06:17:43,Chamber 5,28-041661d198ff,23.062,BLANK,0C,off
01/10/2023 06:18:03,Chamber 5,28-041661d198ff,23.062,BLANK,0C,off
01/10/2023 06:18:23,Chamber 5,28-041661d198ff,23.062,BLANK,0C,off
01/10/2023 06:18:43,Chamber 5,28-041661d198ff,23.062,BLANK,0C,off
01/10/2023 06:19:03,Chamber 5,28-041661d198ff,23.062,BLANK,0C,off
01/10/2023 06:19:23,Chamber 5,28-041661d198ff,23.062,BLANK,0C,off
01/10/2023 06:19:43,Chamber 5,28-041661d198ff,23.062,BLANK,0C,off
01/10/2023 06:20:03,Chamber 5,28-041661d198ff,23.062,BLANK,0C,off
01/10/2023 06:20:23,Chamber 5,28-041661d198ff,23.125,BLANK,0C,off
01/10/2023 06:20:43,Chamber 5,28-041661d198ff,23.125,BLANK,0C,off
01/10/2023 06:21:03,Chamber 5,28-041661d198ff,23.125,BLANK,0C,off
01/10/2023 06:21:23,Chamber 5,28-041661d198ff,23.125,BLANK,0C,off
01/10/2023 06:21:43,Chamber 5,28-041661d198ff,23.125,BLANK,0C,off
01/10/2023 06:22:03,Chamber 5,28-041661d198ff,23.125,BLANK,0C,off
01/10/2023 06:22:23,Chamber 5,28-041661d198ff,23.125,BLANK,0C,off
01/10/2023 06:22:43,Chamber 5,28-041661d198ff,23.125,BLANK,0C,off
01/10/2023 06:23:03,Chamber 5,28-041661d198ff,23.125,BLANK,0C,off
01/10/2023 06:23:23,Chamber 5,28-041661d198ff,23.125,BLANK,0C,off
01/10/2023 06:23:43,Chamber 5,28-041661d198ff,23.125,BLANK,0C,off
01/10/2023 06:24:03,Chamber 5,28-041661d198ff,23.125,BLANK,0C,off
01/10/2023 06:24:23,Chamber 5,28-041661d198ff,23.125,BLANK,0C,off
01/10/2023 06:24:43,Chamber 5,28-041661d198ff,23.125,BLANK,0C,off
01/10/2023 06:25:03,Chamber 5,28-041661d198ff,23.125,BLANK,0C,off
01/10/2023 06:25:23,Chamber 5,28-041661d198ff,23.125,BLANK,0C,off
01/10/2023 06:25:43,Chamber 5,28-041661d198ff,23.125,BLANK,0C,off
01/10/2023 06:26:03,Chamber 5,28-041661d198ff,23.125,BLANK,0C,off
01/10/2023 06:26:23,Chamber 5,28-041661d198ff,23.125,BLANK,0C,off
01/10/2023 06:26:43,Chamber 5,28-041661d198ff,23.125,BLANK,0C,off
01/10/2023 06:27:03,Chamber 5,28-041661d198ff,23.125,BLANK,0C,off
01/10/2023 06:27:23,Chamber 5,28-041661d198ff,23.125,BLANK,0C,off
01/10/2023 06:27:43,Chamber 5,28-041661d198ff,23.125,BLANK,0C,off
01/10/2023 06:28:03,Chamber 5,28-041661d198ff,23.125,BLANK,0C,off
01/10/2023 06:28:23,Chamber 5,28-041661d198ff,23.187,BLANK,0C,off
01/10/2023 06:28:43,Chamber 5,28-041661d198ff,23.187,BLANK,0C,off
01/10/2023 06:29:03,Chamber 5,28-041661d198ff,23.125,BLANK,0C,off
01/10/2023 06:29:23,Chamber 5,28-041661d198ff,23.125,BLANK,0C,off
01/10/2023 06:29:43,Chamber 5,28-041661d198ff,23.125,BLANK,0C,off
01/10/2023 06:30:03,Chamber 5,28-041661d198ff,23.125,BLANK,0C,off
01/10/2023 06:30:23,Chamber 5,28-041661d198ff,23.125,BLANK,0C,off
01/10/2023 06:30:43,Chamber 5,28-041661d198ff,23.125,BLANK,0C,off
01/10/2023 06:31:03,Chamber 5,28-041661d198ff,23.125,BLANK,0C,off
01/10/2023 06:31:23,Chamber 5,28-041661d198ff,23.125,BLANK,0C,off
01/10/2023 06:31:43,Chamber 5,28-041661d198ff,23.125,BLANK,0C,off
01/10/2023 06:32:03,Chamber 5,28-041661d198ff,23.125,BLANK,0C,off
01/10/2023 06:32:23,Chamber 5,28-041661d198ff,23.125,BLANK,0C,off
01/10/2023 06:32:43,Chamber 5,28-041661d198ff,23.125,BLANK,0C,off
01/10/2023 06:33:04,Chamber 5,28-041661d198ff,23.125,BLANK,0C,off
01/10/2023 06:33:23,Chamber 5,28-041661d198ff,23.125,BLANK,0C,off
01/10/2023 06:33:43,Chamber 5,28-041661d198ff,23.125,BLANK,0C,off
01/10/2023 06:34:03,Chamber 5,28-041661d198ff,23.125,BLANK,0C,off
01/10/2023 06:34:23,Chamber 5,28-041661d198ff,23.125,BLANK,0C,off
01/10/2023 06:34:44,Chamber 5,28-041661d198ff,23.125,BLANK,0C,off
01/10/2023 06:35:03,Chamber 5,28-041661d198ff,23.125,BLANK,0C,off
01/10/2023 06:35:23,Chamber 5,28-041661d198ff,23.125,BLANK,0C,off
01/10/2023 06:35:43,Chamber 5,28-041661d198ff,23.125,BLANK,0C,off
01/10/2023 06:36:03,Chamber 5,28-041661d198ff,23.125,BLANK,0C,off
01/10/2023 06:36:25,Chamber 5,28-041661d198ff,23.187,BLANK,0C,off
01/10/2023 06:36:43,Chamber 5,28-041661d198ff,23.187,BLANK,0C,off
01/10/2023 06:37:03,Chamber 5,28-041661d198ff,23.187,BLANK,0C,off
01/10/2023 06:37:23,Chamber 5,28-041661d198ff,23.187,BLANK,0C,off
01/10/2023 06:37:43,Chamber 5,28-041661d198ff,23.187,BLANK,0C,off
01/10/2023 06:38:03,Chamber 5,28-041661d198ff,23.187,BLANK,0C,off
01/10/2023 06:38:24,Chamber 5,28-041661d198ff,23.187,BLANK,0C,off
01/10/2023 06:38:43,Chamber 5,28-041661d198ff,23.187,BLANK,0C,off
01/10/2023 06:39:03,Chamber 5,28-041661d198ff,23.187,BLANK,0C,off
01/10/2023 06:39:23,Chamber 5,28-041661d198ff,23.187,BLANK,0C,off
01/10/2023 06:39:43,Chamber 5,28-041661d198ff,23.187,BLANK,0C,off
01/10/2023 06:40:03,Chamber 5,28-041661d198ff,23.187,BLANK,0C,off
01/10/2023 06:40:23,Chamber 5,28-041661d198ff,23.187,BLANK,0C,off
01/10/2023 06:40:44,Chamber 5,28-041661d198ff,23.187,BLANK,0C,off
01/10/2023 06:41:03,Chamber 5,28-041661d198ff,23.187,BLANK,0C,off
01/10/2023 06:41:23,Chamber 5,28-041661d198ff,23.187,BLANK,0C,off
01/10/2023 06:41:43,Chamber 5,28-041661d198ff,23.187,BLANK,0C,off
01/10/2023 06:42:03,Chamber 5,28-041661d198ff,23.187,BLANK,0C,off
01/10/2023 06:42:24,Chamber 5,28-041661d198ff,23.187,BLANK,0C,off
01/10/2023 06:42:43,Chamber 5,28-041661d198ff,23.187,BLANK,0C,off
01/10/2023 06:43:03,Chamber 5,28-041661d198ff,23.187,BLANK,0C,off
01/10/2023 06:43:23,Chamber 5,28-041661d198ff,23.187,BLANK,0C,off
01/10/2023 06:43:44,Chamber 5,28-041661d198ff,23.187,BLANK,0C,off
01/10/2023 06:44:03,Chamber 5,28-041661d198ff,23.187,BLANK,0C,off
01/10/2023 06:44:23,Chamber 5,28-041661d198ff,23.187,BLANK,0C,off
01/10/2023 06:44:43,Chamber 5,28-041661d198ff,23.187,BLANK,0C,off
01/10/2023 06:45:03,Chamber 5,28-041661d198ff,23.187,BLANK,0C,off
01/10/2023 06:45:23,Chamber 5,28-041661d198ff,23.187,BLANK,0C,off
01/10/2023 06:45:43,Chamber 5,28-041661d198ff,23.187,BLANK,0C,off
01/10/2023 06:46:03,Chamber 5,28-041661d198ff,23.187,BLANK,0C,off
01/10/2023 06:46:23,Chamber 5,28-041661d198ff,23.187,BLANK,0C,off
01/10/2023 06:46:43,Chamber 5,28-041661d198ff,23.187,BLANK,0C,off
01/10/2023 06:47:03,Chamber 5,28-041661d198ff,23.187,BLANK,0C,off
01/10/2023 06:47:23,Chamber 5,28-041661d198ff,23.187,BLANK,0C,off
01/10/2023 06:47:43,Chamber 5,28-041661d198ff,23.187,BLANK,0C,off
01/10/2023 06:48:05,Chamber 5,28-041661d198ff,23.187,BLANK,0C,off
01/10/2023 06:48:23,Chamber 5,28-041661d198ff,23.187,BLANK,0C,off
01/10/2023 06:48:43,Chamber 5,28-041661d198ff,23.187,BLANK,0C,off
01/10/2023 06:49:04,Chamber 5,28-041661d198ff,23.187,BLANK,0C,off
01/10/2023 06:49:23,Chamber 5,28-041661d198ff,23.187,BLANK,0C,off
01/10/2023 06:49:43,Chamber 5,28-041661d198ff,23.187,BLANK,0C,off
01/10/2023 06:50:04,Chamber 5,28-041661d198ff,23.187,BLANK,0C,off
01/10/2023 06:50:23,Chamber 5,28-041661d198ff,23.187,BLANK,0C,off
01/10/2023 06:50:43,Chamber 5,28-041661d198ff,23.187,BLANK,0C,off
01/10/2023 06:51:03,Chamber 5,28-041661d198ff,23.187,BLANK,0C,off
01/10/2023 06:51:23,Chamber 5,28-041661d198ff,23.187,BLANK,0C,off
01/10/2023 06:51:43,Chamber 5,28-041661d198ff,23.187,BLANK,0C,off
01/10/2023 06:52:03,Chamber 5,28-041661d198ff,23.187,BLANK,0C,off
01/10/2023 06:52:24,Chamber 5,28-041661d198ff,23.187,BLANK,0C,off
01/10/2023 06:52:43,Chamber 5,28-041661d198ff,23.187,BLANK,0C,off
01/10/2023 06:53:03,Chamber 5,28-041661d198ff,23.187,BLANK,0C,off
01/10/2023 06:53:23,Chamber 5,28-041661d198ff,23.187,BLANK,0C,off
01/10/2023 06:53:43,Chamber 5,28-041661d198ff,23.187,BLANK,0C,off
01/10/2023 06:54:03,Chamber 5,28-041661d198ff,23.187,BLANK,0C,off
01/10/2023 06:54:23,Chamber 5,28-041661d198ff,23.187,BLANK,0C,off
01/10/2023 06:54:43,Chamber 5,28-041661d198ff,23.187,BLANK,0C,off
01/10/2023 06:55:03,Chamber 5,28-041661d198ff,23.187,BLANK,0C,off
01/10/2023 06:55:23,Chamber 5,28-041661d198ff,23.187,BLANK,0C,off
01/10/2023 06:55:44,Chamber 5,28-041661d198ff,23.187,BLANK,0C,off
01/10/2023 06:56:03,Chamber 5,28-041661d198ff,23.187,BLANK,0C,off
01/10/2023 06:56:23,Chamber 5,28-041661d198ff,23.187,BLANK,0C,off
01/10/2023 06:56:43,Chamber 5,28-041661d198ff,23.187,BLANK,0C,off
01/10/2023 06:57:03,Chamber 5,28-041661d198ff,23.187,BLANK,0C,off
01/10/2023 06:57:23,Chamber 5,28-041661d198ff,23.187,BLANK,0C,off
01/10/2023 06:57:43,Chamber 5,28-041661d198ff,23.187,BLANK,0C,off
01/10/2023 06:58:03,Chamber 5,28-041661d198ff,23.187,BLANK,0C,off
01/10/2023 06:58:23,Chamber 5,28-041661d198ff,23.187,BLANK,0C,off
01/10/2023 06:58:43,Chamber 5,28-041661d198ff,23.187,BLANK,0C,off
01/10/2023 06:59:03,Chamber 5,28-041661d198ff,23.187,BLANK,0C,off
01/10/2023 06:59:23,Chamber 5,28-041661d198ff,23.25,BLANK,0C,off
01/10/2023 06:59:43,Chamber 5,28-041661d198ff,23.187,BLANK,0C,off
01/10/2023 07:00:03,Chamber 5,28-041661d198ff,23.187,BLANK,0C,off
01/10/2023 07:00:23,Chamber 5,28-041661d198ff,23.187,BLANK,0C,off
01/10/2023 07:00:43,Chamber 5,28-041661d198ff,23.187,BLANK,0C,off
01/10/2023 07:01:03,Chamber 5,28-041661d198ff,23.187,BLANK,0C,off
01/10/2023 07:01:23,Chamber 5,28-041661d198ff,23.187,BLANK,0C,off
01/10/2023 07:01:43,Chamber 5,28-041661d198ff,23.187,BLANK,0C,off
01/10/2023 07:02:03,Chamber 5,28-041661d198ff,23.187,BLANK,0C,off
01/10/2023 07:02:23,Chamber 5,28-041661d198ff,23.187,BLANK,0C,off
01/10/2023 07:02:43,Chamber 5,28-041661d198ff,23.187,BLANK,0C,off
01/10/2023 07:03:03,Chamber 5,28-041661d198ff,23.187,BLANK,0C,off
01/10/2023 07:03:23,Chamber 5,28-041661d198ff,23.187,BLANK,0C,off
01/10/2023 07:03:43,Chamber 5,28-041661d198ff,23.187,BLANK,0C,off
01/10/2023 07:04:03,Chamber 5,28-041661d198ff,23.187,BLANK,0C,off
01/10/2023 07:04:23,Chamber 5,28-041661d198ff,23.187,BLANK,0C,off
01/10/2023 07:04:43,Chamber 5,28-041661d198ff,23.187,BLANK,0C,off
01/10/2023 07:05:04,Chamber 5,28-041661d198ff,23.187,BLANK,0C,off
01/10/2023 07:05:23,Chamber 5,28-041661d198ff,23.187,BLANK,0C,off
01/10/2023 07:05:43,Chamber 5,28-041661d198ff,23.187,BLANK,0C,off
01/10/2023 07:06:04,Chamber 5,28-041661d198ff,23.187,BLANK,0C,off
01/10/2023 07:06:24,Chamber 5,28-041661d198ff,23.187,BLANK,0C,off
01/10/2023 07:06:43,Chamber 5,28-041661d198ff,23.25,BLANK,0C,off
01/10/2023 07:07:03,Chamber 5,28-041661d198ff,23.187,BLANK,0C,off
01/10/2023 07:07:23,Chamber 5,28-041661d198ff,23.187,BLANK,0C,off
01/10/2023 07:07:43,Chamber 5,28-041661d198ff,23.187,BLANK,0C,off
01/10/2023 07:08:03,Chamber 5,28-041661d198ff,23.187,BLANK,0C,off
01/10/2023 07:08:23,Chamber 5,28-041661d198ff,23.25,BLANK,0C,off
01/10/2023 07:08:43,Chamber 5,28-041661d198ff,23.25,BLANK,0C,off
01/10/2023 07:09:03,Chamber 5,28-041661d198ff,23.187,BLANK,0C,off
01/10/2023 07:09:23,Chamber 5,28-041661d198ff,23.187,BLANK,0C,off
01/10/2023 07:09:43,Chamber 5,28-041661d198ff,23.187,BLANK,0C,off
01/10/2023 07:10:03,Chamber 5,28-041661d198ff,23.187,BLANK,0C,off
01/10/2023 07:10:23,Chamber 5,28-041661d198ff,23.187,BLANK,0C,off
01/10/2023 07:10:43,Chamber 5,28-041661d198ff,23.187,BLANK,0C,off
01/10/2023 07:11:03,Chamber 5,28-041661d198ff,23.187,BLANK,0C,off
01/10/2023 07:11:23,Chamber 5,28-041661d198ff,23.25,BLANK,0C,off
01/10/2023 07:11:43,Chamber 5,28-041661d198ff,23.25,BLANK,0C,off
01/10/2023 07:12:03,Chamber 5,28-041661d198ff,23.25,BLANK,0C,off
01/10/2023 07:12:23,Chamber 5,28-041661d198ff,23.187,BLANK,0C,off
01/10/2023 07:12:43,Chamber 5,28-041661d198ff,23.25,BLANK,0C,off
01/10/2023 07:13:03,Chamber 5,28-041661d198ff,23.187,BLANK,0C,off
01/10/2023 07:13:23,Chamber 5,28-041661d198ff,23.187,BLANK,0C,off
01/10/2023 07:13:43,Chamber 5,28-041661d198ff,23.187,BLANK,0C,off
01/10/2023 07:14:03,Chamber 5,28-041661d198ff,23.187,BLANK,0C,off
01/10/2023 07:14:23,Chamber 5,28-041661d198ff,23.187,BLANK,0C,off
01/10/2023 07:14:43,Chamber 5,28-041661d198ff,23.25,BLANK,0C,off
01/10/2023 07:15:03,Chamber 5,28-041661d198ff,23.25,BLANK,0C,off
01/10/2023 07:15:23,Chamber 5,28-041661d198ff,23.25,BLANK,0C,off
01/10/2023 07:15:43,Chamber 5,28-041661d198ff,23.187,BLANK,0C,off
01/10/2023 07:16:03,Chamber 5,28-041661d198ff,23.187,BLANK,0C,off
01/10/2023 07:16:23,Chamber 5,28-041661d198ff,23.25,BLANK,0C,off
01/10/2023 07:16:43,Chamber 5,28-041661d198ff,23.25,BLANK,0C,off
01/10/2023 07:17:03,Chamber 5,28-041661d198ff,23.25,BLANK,0C,off
01/10/2023 07:17:23,Chamber 5,28-041661d198ff,23.25,BLANK,0C,off
01/10/2023 07:17:43,Chamber 5,28-041661d198ff,23.25,BLANK,0C,off
01/10/2023 07:18:03,Chamber 5,28-041661d198ff,23.25,BLANK,0C,off
01/10/2023 07:18:23,Chamber 5,28-041661d198ff,23.25,BLANK,0C,off
01/10/2023 07:18:43,Chamber 5,28-041661d198ff,23.25,BLANK,0C,off
01/10/2023 07:19:03,Chamber 5,28-041661d198ff,23.25,BLANK,0C,off
01/10/2023 07:19:23,Chamber 5,28-041661d198ff,23.25,BLANK,0C,off
01/10/2023 07:19:43,Chamber 5,28-041661d198ff,23.25,BLANK,0C,off
01/10/2023 07:20:03,Chamber 5,28-041661d198ff,23.25,BLANK,0C,off
01/10/2023 07:20:23,Chamber 5,28-041661d198ff,23.25,BLANK,0C,off
01/10/2023 07:20:43,Chamber 5,28-041661d198ff,23.25,BLANK,0C,off
01/10/2023 07:21:03,Chamber 5,28-041661d198ff,23.25,BLANK,0C,off
01/10/2023 07:21:23,Chamber 5,28-041661d198ff,23.25,BLANK,0C,off
01/10/2023 07:21:43,Chamber 5,28-041661d198ff,23.25,BLANK,0C,off
01/10/2023 07:22:03,Chamber 5,28-041661d198ff,23.25,BLANK,0C,off
01/10/2023 07:22:23,Chamber 5,28-041661d198ff,23.25,BLANK,0C,off
01/10/2023 07:22:44,Chamber 5,28-041661d198ff,23.25,BLANK,0C,off
01/10/2023 07:23:04,Chamber 5,28-041661d198ff,23.25,BLANK,0C,off
01/10/2023 07:23:23,Chamber 5,28-041661d198ff,23.25,BLANK,0C,off
01/10/2023 07:23:43,Chamber 5,28-041661d198ff,23.25,BLANK,0C,off
01/10/2023 07:24:03,Chamber 5,28-041661d198ff,23.25,BLANK,0C,off
01/10/2023 07:24:23,Chamber 5,28-041661d198ff,23.25,BLANK,0C,off
01/10/2023 07:24:44,Chamber 5,28-041661d198ff,23.25,BLANK,0C,off
01/10/2023 07:25:03,Chamber 5,28-041661d198ff,23.25,BLANK,0C,off
01/10/2023 07:25:24,Chamber 5,28-041661d198ff,23.25,BLANK,0C,off
01/10/2023 07:25:43,Chamber 5,28-041661d198ff,23.25,BLANK,0C,off
01/10/2023 07:26:03,Chamber 5,28-041661d198ff,23.25,BLANK,0C,off
01/10/2023 07:26:23,Chamber 5,28-041661d198ff,23.25,BLANK,0C,off
01/10/2023 07:26:44,Chamber 5,28-041661d198ff,23.25,BLANK,0C,off
01/10/2023 07:27:03,Chamber 5,28-041661d198ff,23.25,BLANK,0C,off
01/10/2023 07:27:23,Chamber 5,28-041661d198ff,23.25,BLANK,0C,off
01/10/2023 07:27:44,Chamber 5,28-041661d198ff,23.25,BLANK,0C,off
01/10/2023 07:28:03,Chamber 5,28-041661d198ff,23.25,BLANK,0C,off
01/10/2023 07:28:23,Chamber 5,28-041661d198ff,23.25,BLANK,0C,off
01/10/2023 07:28:44,Chamber 5,28-041661d198ff,23.25,BLANK,0C,off
01/10/2023 07:29:03,Chamber 5,28-041661d198ff,23.25,BLANK,0C,off
01/10/2023 07:29:23,Chamber 5,28-041661d198ff,23.25,BLANK,0C,off
01/10/2023 07:29:43,Chamber 5,28-041661d198ff,23.25,BLANK,0C,off
01/10/2023 07:30:03,Chamber 5,28-041661d198ff,23.25,BLANK,0C,off
01/10/2023 07:30:23,Chamber 5,28-041661d198ff,23.25,BLANK,0C,off
01/10/2023 07:30:43,Chamber 5,28-041661d198ff,23.25,BLANK,0C,off
01/10/2023 07:31:03,Chamber 5,28-041661d198ff,23.25,BLANK,0C,off
01/10/2023 07:31:23,Chamber 5,28-041661d198ff,23.25,BLANK,0C,off
01/10/2023 07:31:43,Chamber 5,28-041661d198ff,23.25,BLANK,0C,off
01/10/2023 07:32:04,Chamber 5,28-041661d198ff,23.25,BLANK,0C,off
01/10/2023 07:32:23,Chamber 5,28-041661d198ff,23.25,BLANK,0C,off
01/10/2023 07:32:43,Chamber 5,28-041661d198ff,23.25,BLANK,0C,off
01/10/2023 07:33:03,Chamber 5,28-041661d198ff,23.25,BLANK,0C,off
01/10/2023 07:33:23,Chamber 5,28-041661d198ff,23.25,BLANK,0C,off
01/10/2023 07:33:43,Chamber 5,28-041661d198ff,23.25,BLANK,0C,off
01/10/2023 07:34:03,Chamber 5,28-041661d198ff,23.25,BLANK,0C,off
01/10/2023 07:34:23,Chamber 5,28-041661d198ff,23.25,BLANK,0C,off
01/10/2023 07:34:43,Chamber 5,28-041661d198ff,23.25,BLANK,0C,off
01/10/2023 07:35:03,Chamber 5,28-041661d198ff,23.25,BLANK,0C,off
01/10/2023 07:35:23,Chamber 5,28-041661d198ff,23.25,BLANK,0C,off
01/10/2023 07:35:43,Chamber 5,28-041661d198ff,23.25,BLANK,0C,off
01/10/2023 07:36:04,Chamber 5,28-041661d198ff,23.25,BLANK,0C,off
01/10/2023 07:36:24,Chamber 5,28-041661d198ff,23.25,BLANK,0C,off
01/10/2023 07:36:43,Chamber 5,28-041661d198ff,23.25,BLANK,0C,off
01/10/2023 07:37:03,Chamber 5,28-041661d198ff,23.25,BLANK,0C,off
01/10/2023 07:37:23,Chamber 5,28-041661d198ff,23.25,BLANK,0C,off
01/10/2023 07:37:44,Chamber 5,28-041661d198ff,23.25,BLANK,0C,off
01/10/2023 07:38:03,Chamber 5,28-041661d198ff,23.25,BLANK,0C,off
01/10/2023 07:38:23,Chamber 5,28-041661d198ff,23.25,BLANK,0C,off
01/10/2023 07:38:43,Chamber 5,28-041661d198ff,23.25,BLANK,0C,off
01/10/2023 07:39:03,Chamber 5,28-041661d198ff,23.25,BLANK,0C,off
01/10/2023 07:39:23,Chamber 5,28-041661d198ff,23.25,BLANK,0C,off
01/10/2023 07:39:43,Chamber 5,28-041661d198ff,23.25,BLANK,0C,off
01/10/2023 07:40:03,Chamber 5,28-041661d198ff,23.25,BLANK,0C,off
01/10/2023 07:40:23,Chamber 5,28-041661d198ff,23.25,BLANK,0C,off
01/10/2023 07:40:44,Chamber 5,28-041661d198ff,23.25,BLANK,0C,off
01/10/2023 07:41:03,Chamber 5,28-041661d198ff,23.25,BLANK,0C,off
01/10/2023 07:41:23,Chamber 5,28-041661d198ff,23.25,BLANK,0C,off
01/10/2023 07:41:44,Chamber 5,28-041661d198ff,23.25,BLANK,0C,off
01/10/2023 07:42:03,Chamber 5,28-041661d198ff,23.25,BLANK,0C,off
01/10/2023 07:42:24,Chamber 5,28-041661d198ff,23.25,BLANK,0C,off
01/10/2023 07:42:45,Chamber 5,28-041661d198ff,23.25,BLANK,0C,off
01/10/2023 07:43:03,Chamber 5,28-041661d198ff,23.25,BLANK,0C,off
01/10/2023 07:43:23,Chamber 5,28-041661d198ff,23.25,BLANK,0C,off
01/10/2023 07:43:44,Chamber 5,28-041661d198ff,23.25,BLANK,0C,off
01/10/2023 07:44:03,Chamber 5,28-041661d198ff,23.312,BLANK,0C,off
01/10/2023 07:44:23,Chamber 5,28-041661d198ff,23.312,BLANK,0C,off
01/10/2023 07:44:43,Chamber 5,28-041661d198ff,23.312,BLANK,0C,off
01/10/2023 07:45:03,Chamber 5,28-041661d198ff,23.25,BLANK,0C,off
01/10/2023 07:45:23,Chamber 5,28-041661d198ff,23.25,BLANK,0C,off
01/10/2023 07:45:43,Chamber 5,28-041661d198ff,23.25,BLANK,0C,off
01/10/2023 07:46:05,Chamber 5,28-041661d198ff,23.312,BLANK,0C,off
01/10/2023 07:46:23,Chamber 5,28-041661d198ff,23.25,BLANK,0C,off
01/10/2023 07:46:43,Chamber 5,28-041661d198ff,23.25,BLANK,0C,off
01/10/2023 07:47:03,Chamber 5,28-041661d198ff,23.25,BLANK,0C,off
01/10/2023 07:47:23,Chamber 5,28-041661d198ff,23.25,BLANK,0C,off
01/10/2023 07:47:43,Chamber 5,28-041661d198ff,23.25,BLANK,0C,off
01/10/2023 07:48:03,Chamber 5,28-041661d198ff,23.25,BLANK,0C,off
01/10/2023 07:48:23,Chamber 5,28-041661d198ff,23.25,BLANK,0C,off
01/10/2023 07:48:43,Chamber 5,28-041661d198ff,23.25,BLANK,0C,off
01/10/2023 07:49:03,Chamber 5,28-041661d198ff,23.25,BLANK,0C,off
01/10/2023 07:49:23,Chamber 5,28-041661d198ff,23.25,BLANK,0C,off
01/10/2023 07:49:43,Chamber 5,28-041661d198ff,23.25,BLANK,0C,off
01/10/2023 07:50:03,Chamber 5,28-041661d198ff,23.25,BLANK,0C,off
01/10/2023 07:50:23,Chamber 5,28-041661d198ff,23.25,BLANK,0C,off
01/10/2023 07:50:43,Chamber 5,28-041661d198ff,23.25,BLANK,0C,off
01/10/2023 07:51:03,Chamber 5,28-041661d198ff,23.25,BLANK,0C,off
01/10/2023 07:51:24,Chamber 5,28-041661d198ff,23.25,BLANK,0C,off
01/10/2023 07:51:43,Chamber 5,28-041661d198ff,23.25,BLANK,0C,off
01/10/2023 07:52:04,Chamber 5,28-041661d198ff,23.25,BLANK,0C,off
01/10/2023 07:52:24,Chamber 5,28-041661d198ff,23.25,BLANK,0C,off
01/10/2023 07:52:43,Chamber 5,28-041661d198ff,23.25,BLANK,0C,off
01/10/2023 07:53:03,Chamber 5,28-041661d198ff,23.25,BLANK,0C,off
01/10/2023 07:53:23,Chamber 5,28-041661d198ff,23.25,BLANK,0C,off
01/10/2023 07:53:43,Chamber 5,28-041661d198ff,23.25,BLANK,0C,off
01/10/2023 07:54:03,Chamber 5,28-041661d198ff,23.25,BLANK,0C,off
01/10/2023 07:54:24,Chamber 5,28-041661d198ff,23.25,BLANK,0C,off
01/10/2023 07:54:43,Chamber 5,28-041661d198ff,23.25,BLANK,0C,off
01/10/2023 07:55:03,Chamber 5,28-041661d198ff,23.25,BLANK,0C,off
01/10/2023 07:55:23,Chamber 5,28-041661d198ff,23.25,BLANK,0C,off
01/10/2023 07:55:43,Chamber 5,28-041661d198ff,23.25,BLANK,0C,off
01/10/2023 07:56:04,Chamber 5,28-041661d198ff,23.312,BLANK,0C,off
01/10/2023 07:56:23,Chamber 5,28-041661d198ff,23.25,BLANK,0C,off
01/10/2023 07:56:43,Chamber 5,28-041661d198ff,23.25,BLANK,0C,off
01/10/2023 07:57:03,Chamber 5,28-041661d198ff,23.25,BLANK,0C,off
01/10/2023 07:57:23,Chamber 5,28-041661d198ff,23.25,BLANK,0C,off
01/10/2023 07:57:45,Chamber 5,28-041661d198ff,23.25,BLANK,0C,off
01/10/2023 07:58:03,Chamber 5,28-041661d198ff,23.25,BLANK,0C,off
01/10/2023 07:58:23,Chamber 5,28-041661d198ff,23.312,BLANK,0C,off
01/10/2023 07:58:43,Chamber 5,28-041661d198ff,23.25,BLANK,0C,off
01/10/2023 07:59:03,Chamber 5,28-041661d198ff,23.25,BLANK,0C,off
01/10/2023 07:59:23,Chamber 5,28-041661d198ff,23.25,BLANK,0C,off
01/10/2023 07:59:43,Chamber 5,28-041661d198ff,23.25,BLANK,0C,off
01/10/2023 08:00:03,Chamber 5,28-041661d198ff,23.25,BLANK,0C,off
01/10/2023 08:00:23,Chamber 5,28-041661d198ff,23.25,BLANK,0C,off
01/10/2023 08:00:43,Chamber 5,28-041661d198ff,23.25,BLANK,0C,off
01/10/2023 08:01:03,Chamber 5,28-041661d198ff,23.25,BLANK,0C,off
01/10/2023 08:01:23,Chamber 5,28-041661d198ff,23.25,BLANK,0C,off
01/10/2023 08:01:43,Chamber 5,28-041661d198ff,23.25,BLANK,0C,off
01/10/2023 08:02:03,Chamber 5,28-041661d198ff,23.25,BLANK,0C,off
01/10/2023 08:02:23,Chamber 5,28-041661d198ff,23.25,BLANK,0C,off
01/10/2023 08:02:43,Chamber 5,28-041661d198ff,23.25,BLANK,0C,off
01/10/2023 08:03:03,Chamber 5,28-041661d198ff,23.25,BLANK,0C,off
01/10/2023 08:03:23,Chamber 5,28-041661d198ff,23.25,BLANK,0C,off
01/10/2023 08:03:43,Chamber 5,28-041661d198ff,23.25,BLANK,0C,off
01/10/2023 08:04:03,Chamber 5,28-041661d198ff,23.25,BLANK,0C,off
01/10/2023 08:04:23,Chamber 5,28-041661d198ff,23.25,BLANK,0C,off
01/10/2023 08:04:43,Chamber 5,28-041661d198ff,23.25,BLANK,0C,off
01/10/2023 08:05:03,Chamber 5,28-041661d198ff,23.25,BLANK,0C,off
01/10/2023 08:05:23,Chamber 5,28-041661d198ff,23.25,BLANK,0C,off
01/10/2023 08:05:43,Chamber 5,28-041661d198ff,23.312,BLANK,0C,off
01/10/2023 08:06:03,Chamber 5,28-041661d198ff,23.312,BLANK,0C,off
01/10/2023 08:06:24,Chamber 5,28-041661d198ff,23.312,BLANK,0C,off
01/10/2023 08:06:43,Chamber 5,28-041661d198ff,23.25,BLANK,0C,off
01/10/2023 08:07:03,Chamber 5,28-041661d198ff,23.25,BLANK,0C,off
01/10/2023 08:07:23,Chamber 5,28-041661d198ff,23.312,BLANK,0C,off
01/10/2023 08:07:43,Chamber 5,28-041661d198ff,23.312,BLANK,0C,off
01/10/2023 08:08:03,Chamber 5,28-041661d198ff,23.312,BLANK,0C,off
01/10/2023 08:08:23,Chamber 5,28-041661d198ff,23.312,BLANK,0C,off
01/10/2023 08:08:43,Chamber 5,28-041661d198ff,23.312,BLANK,0C,off
01/10/2023 08:09:03,Chamber 5,28-041661d198ff,23.312,BLANK,0C,off
01/10/2023 08:09:23,Chamber 5,28-041661d198ff,23.25,BLANK,0C,off
01/10/2023 08:09:43,Chamber 5,28-041661d198ff,23.312,BLANK,0C,off
01/10/2023 08:10:03,Chamber 5,28-041661d198ff,23.25,BLANK,0C,off
01/10/2023 08:10:23,Chamber 5,28-041661d198ff,23.312,BLANK,0C,off
01/10/2023 08:10:43,Chamber 5,28-041661d198ff,23.25,BLANK,0C,off
01/10/2023 08:11:03,Chamber 5,28-041661d198ff,23.25,BLANK,0C,off
01/10/2023 08:11:23,Chamber 5,28-041661d198ff,23.25,BLANK,0C,off
01/10/2023 08:11:43,Chamber 5,28-041661d198ff,23.25,BLANK,0C,off
01/10/2023 08:12:03,Chamber 5,28-041661d198ff,23.25,BLANK,0C,off
01/10/2023 08:12:23,Chamber 5,28-041661d198ff,23.312,BLANK,0C,off
01/10/2023 08:12:43,Chamber 5,28-041661d198ff,23.25,BLANK,0C,off
01/10/2023 08:13:03,Chamber 5,28-041661d198ff,23.312,BLANK,0C,off
01/10/2023 08:13:23,Chamber 5,28-041661d198ff,23.312,BLANK,0C,off
01/10/2023 08:13:43,Chamber 5,28-041661d198ff,23.25,BLANK,0C,off
01/10/2023 08:14:03,Chamber 5,28-041661d198ff,23.312,BLANK,0C,off
01/10/2023 08:14:23,Chamber 5,28-041661d198ff,23.312,BLANK,0C,off
01/10/2023 08:14:43,Chamber 5,28-041661d198ff,23.312,BLANK,0C,off
01/10/2023 08:15:03,Chamber 5,28-041661d198ff,23.25,BLANK,0C,off
01/10/2023 08:15:23,Chamber 5,28-041661d198ff,23.25,BLANK,0C,off
01/10/2023 08:15:43,Chamber 5,28-041661d198ff,23.312,BLANK,0C,off
01/10/2023 08:16:03,Chamber 5,28-041661d198ff,23.25,BLANK,0C,off
01/10/2023 08:16:23,Chamber 5,28-041661d198ff,23.312,BLANK,0C,off
01/10/2023 08:16:43,Chamber 5,28-041661d198ff,23.312,BLANK,0C,off
01/10/2023 08:17:03,Chamber 5,28-041661d198ff,23.25,BLANK,0C,off
01/10/2023 08:17:23,Chamber 5,28-041661d198ff,23.312,BLANK,0C,off
01/10/2023 08:17:43,Chamber 5,28-041661d198ff,23.312,BLANK,0C,off
01/10/2023 08:18:03,Chamber 5,28-041661d198ff,23.312,BLANK,0C,off
01/10/2023 08:18:23,Chamber 5,28-041661d198ff,23.312,BLANK,0C,off
01/10/2023 08:18:43,Chamber 5,28-041661d198ff,23.312,BLANK,0C,off
01/10/2023 08:19:03,Chamber 5,28-041661d198ff,23.312,BLANK,0C,off
01/10/2023 08:19:23,Chamber 5,28-041661d198ff,23.312,BLANK,0C,off
01/10/2023 08:19:44,Chamber 5,28-041661d198ff,23.312,BLANK,0C,off
01/10/2023 08:20:03,Chamber 5,28-041661d198ff,23.312,BLANK,0C,off
01/10/2023 08:20:23,Chamber 5,28-041661d198ff,23.312,BLANK,0C,off
01/10/2023 08:20:43,Chamber 5,28-041661d198ff,23.312,BLANK,0C,off
01/10/2023 08:21:03,Chamber 5,28-041661d198ff,23.312,BLANK,0C,off
01/10/2023 08:21:23,Chamber 5,28-041661d198ff,23.312,BLANK,0C,off
01/10/2023 08:21:43,Chamber 5,28-041661d198ff,23.312,BLANK,0C,off
01/10/2023 08:22:03,Chamber 5,28-041661d198ff,23.312,BLANK,0C,off
01/10/2023 08:22:24,Chamber 5,28-041661d198ff,23.312,BLANK,0C,off
01/10/2023 08:22:44,Chamber 5,28-041661d198ff,23.312,BLANK,0C,off
01/10/2023 08:23:03,Chamber 5,28-041661d198ff,23.312,BLANK,0C,off
01/10/2023 08:23:23,Chamber 5,28-041661d198ff,23.312,BLANK,0C,off
01/10/2023 08:23:43,Chamber 5,28-041661d198ff,23.312,BLANK,0C,off
01/10/2023 08:24:03,Chamber 5,28-041661d198ff,23.312,BLANK,0C,off
01/10/2023 08:24:23,Chamber 5,28-041661d198ff,23.312,BLANK,0C,off
01/10/2023 08:24:43,Chamber 5,28-041661d198ff,23.312,BLANK,0C,off
01/10/2023 08:25:03,Chamber 5,28-041661d198ff,23.312,BLANK,0C,off
01/10/2023 08:25:23,Chamber 5,28-041661d198ff,23.312,BLANK,0C,off
01/10/2023 08:25:44,Chamber 5,28-041661d198ff,23.312,BLANK,0C,off
01/10/2023 08:26:03,Chamber 5,28-041661d198ff,23.312,BLANK,0C,off
01/10/2023 08:26:23,Chamber 5,28-041661d198ff,23.312,BLANK,0C,off
01/10/2023 08:26:43,Chamber 5,28-041661d198ff,23.25,BLANK,0C,off
01/10/2023 08:27:03,Chamber 5,28-041661d198ff,23.312,BLANK,0C,off
01/10/2023 08:27:23,Chamber 5,28-041661d198ff,23.312,BLANK,0C,off
01/10/2023 08:27:43,Chamber 5,28-041661d198ff,23.312,BLANK,0C,off
01/10/2023 08:28:03,Chamber 5,28-041661d198ff,23.25,BLANK,0C,off
01/10/2023 08:28:23,Chamber 5,28-041661d198ff,23.25,BLANK,0C,off
01/10/2023 08:28:43,Chamber 5,28-041661d198ff,23.312,BLANK,0C,off
01/10/2023 08:29:03,Chamber 5,28-041661d198ff,23.312,BLANK,0C,off
01/10/2023 08:29:23,Chamber 5,28-041661d198ff,23.312,BLANK,0C,off
01/10/2023 08:29:43,Chamber 5,28-041661d198ff,23.312,BLANK,0C,off
01/10/2023 08:30:04,Chamber 5,28-041661d198ff,23.312,BLANK,0C,off
01/10/2023 08:30:23,Chamber 5,28-041661d198ff,23.312,BLANK,0C,off
01/10/2023 08:30:43,Chamber 5,28-041661d198ff,23.312,BLANK,0C,off
01/10/2023 08:31:04,Chamber 5,28-041661d198ff,23.312,BLANK,0C,off
01/10/2023 08:31:23,Chamber 5,28-041661d198ff,23.25,BLANK,0C,off
01/10/2023 08:31:44,Chamber 5,28-041661d198ff,23.25,BLANK,0C,off
01/10/2023 08:32:03,Chamber 5,28-041661d198ff,23.312,BLANK,0C,off
01/10/2023 08:32:23,Chamber 5,28-041661d198ff,23.312,BLANK,0C,off
01/10/2023 08:32:43,Chamber 5,28-041661d198ff,23.312,BLANK,0C,off
01/10/2023 08:33:04,Chamber 5,28-041661d198ff,23.312,BLANK,0C,off
01/10/2023 08:33:23,Chamber 5,28-041661d198ff,23.312,BLANK,0C,off
01/10/2023 08:33:43,Chamber 5,28-041661d198ff,23.312,BLANK,0C,off
01/10/2023 08:34:03,Chamber 5,28-041661d198ff,23.312,BLANK,0C,off
01/10/2023 08:34:23,Chamber 5,28-041661d198ff,23.312,BLANK,0C,off
01/10/2023 08:34:43,Chamber 5,28-041661d198ff,23.312,BLANK,0C,off
01/10/2023 08:35:03,Chamber 5,28-041661d198ff,23.312,BLANK,0C,off
01/10/2023 08:35:23,Chamber 5,28-041661d198ff,23.312,BLANK,0C,off
01/10/2023 08:35:43,Chamber 5,28-041661d198ff,23.312,BLANK,0C,off
01/10/2023 08:36:04,Chamber 5,28-041661d198ff,23.312,BLANK,0C,off
01/10/2023 08:36:23,Chamber 5,28-041661d198ff,23.312,BLANK,0C,off
01/10/2023 08:36:44,Chamber 5,28-041661d198ff,23.312,BLANK,0C,off
01/10/2023 08:37:03,Chamber 5,28-041661d198ff,23.312,BLANK,0C,off
01/10/2023 08:37:23,Chamber 5,28-041661d198ff,23.312,BLANK,0C,off
01/10/2023 08:37:43,Chamber 5,28-041661d198ff,23.312,BLANK,0C,off
01/10/2023 08:38:03,Chamber 5,28-041661d198ff,23.312,BLANK,0C,off
01/10/2023 08:38:23,Chamber 5,28-041661d198ff,23.312,BLANK,0C,off
01/10/2023 08:38:43,Chamber 5,28-041661d198ff,23.312,BLANK,0C,off
01/10/2023 08:39:03,Chamber 5,28-041661d198ff,23.312,BLANK,0C,off
01/10/2023 08:39:23,Chamber 5,28-041661d198ff,23.312,BLANK,0C,off
01/10/2023 08:39:43,Chamber 5,28-041661d198ff,23.312,BLANK,0C,off
01/10/2023 08:40:04,Chamber 5,28-041661d198ff,23.312,BLANK,0C,off
01/10/2023 08:40:23,Chamber 5,28-041661d198ff,23.312,BLANK,0C,off
01/10/2023 08:40:43,Chamber 5,28-041661d198ff,23.312,BLANK,0C,off
01/10/2023 08:41:03,Chamber 5,28-041661d198ff,23.312,BLANK,0C,off
01/10/2023 08:41:23,Chamber 5,28-041661d198ff,23.312,BLANK,0C,off
01/10/2023 08:41:43,Chamber 5,28-041661d198ff,23.312,BLANK,0C,off
01/10/2023 08:42:03,Chamber 5,28-041661d198ff,23.312,BLANK,0C,off
01/10/2023 08:42:23,Chamber 5,28-041661d198ff,23.312,BLANK,0C,off
01/10/2023 08:42:43,Chamber 5,28-041661d198ff,23.312,BLANK,0C,off
01/10/2023 08:43:03,Chamber 5,28-041661d198ff,23.312,BLANK,0C,off
01/10/2023 08:43:23,Chamber 5,28-041661d198ff,23.312,BLANK,0C,off
01/10/2023 08:43:43,Chamber 5,28-041661d198ff,23.312,BLANK,0C,off
01/10/2023 08:44:03,Chamber 5,28-041661d198ff,23.312,BLANK,0C,off
01/10/2023 08:44:23,Chamber 5,28-041661d198ff,23.312,BLANK,0C,off
01/10/2023 08:44:44,Chamber 5,28-041661d198ff,23.312,BLANK,0C,off
01/10/2023 08:45:03,Chamber 5,28-041661d198ff,23.312,BLANK,0C,off
01/10/2023 08:45:23,Chamber 5,28-041661d198ff,23.312,BLANK,0C,off
01/10/2023 08:45:43,Chamber 5,28-041661d198ff,23.312,BLANK,0C,off
01/10/2023 08:46:03,Chamber 5,28-041661d198ff,23.312,BLANK,0C,off
01/10/2023 08:46:23,Chamber 5,28-041661d198ff,23.312,BLANK,0C,off
01/10/2023 08:46:43,Chamber 5,28-041661d198ff,23.312,BLANK,0C,off
01/10/2023 08:47:04,Chamber 5,28-041661d198ff,23.312,BLANK,0C,off
01/10/2023 08:47:23,Chamber 5,28-041661d198ff,23.312,BLANK,0C,off
01/10/2023 08:47:43,Chamber 5,28-041661d198ff,23.312,BLANK,0C,off
01/10/2023 08:48:03,Chamber 5,28-041661d198ff,23.312,BLANK,0C,off
01/10/2023 08:48:23,Chamber 5,28-041661d198ff,23.312,BLANK,0C,off
01/10/2023 08:48:44,Chamber 5,28-041661d198ff,23.312,BLANK,0C,off
01/10/2023 08:49:03,Chamber 5,28-041661d198ff,23.312,BLANK,0C,off
01/10/2023 08:49:23,Chamber 5,28-041661d198ff,23.312,BLANK,0C,off
01/10/2023 08:49:43,Chamber 5,28-041661d198ff,23.312,BLANK,0C,off
01/10/2023 08:50:04,Chamber 5,28-041661d198ff,23.312,BLANK,0C,off
01/10/2023 08:50:23,Chamber 5,28-041661d198ff,23.312,BLANK,0C,off
01/10/2023 08:50:43,Chamber 5,28-041661d198ff,23.312,BLANK,0C,off
01/10/2023 08:51:03,Chamber 5,28-041661d198ff,23.312,BLANK,0C,off
01/10/2023 08:51:24,Chamber 5,28-041661d198ff,23.312,BLANK,0C,off
01/10/2023 08:51:43,Chamber 5,28-041661d198ff,23.312,BLANK,0C,off
01/10/2023 08:52:03,Chamber 5,28-041661d198ff,23.312,BLANK,0C,off
01/10/2023 08:52:23,Chamber 5,28-041661d198ff,23.312,BLANK,0C,off
01/10/2023 08:52:44,Chamber 5,28-041661d198ff,23.312,BLANK,0C,off
01/10/2023 08:53:03,Chamber 5,28-041661d198ff,23.312,BLANK,0C,off
01/10/2023 08:53:23,Chamber 5,28-041661d198ff,23.312,BLANK,0C,off
01/10/2023 08:53:43,Chamber 5,28-041661d198ff,23.312,BLANK,0C,off
01/10/2023 08:54:03,Chamber 5,28-041661d198ff,23.312,BLANK,0C,off
01/10/2023 08:54:23,Chamber 5,28-041661d198ff,23.312,BLANK,0C,off
01/10/2023 08:54:43,Chamber 5,28-041661d198ff,23.312,BLANK,0C,off
01/10/2023 08:55:03,Chamber 5,28-041661d198ff,23.312,BLANK,0C,off
01/10/2023 08:55:23,Chamber 5,28-041661d198ff,23.312,BLANK,0C,off
01/10/2023 08:55:43,Chamber 5,28-041661d198ff,23.312,BLANK,0C,off
01/10/2023 08:56:03,Chamber 5,28-041661d198ff,23.312,BLANK,0C,off
01/10/2023 08:56:23,Chamber 5,28-041661d198ff,23.312,BLANK,0C,off
01/10/2023 08:56:43,Chamber 5,28-041661d198ff,23.312,BLANK,0C,off
01/10/2023 08:57:03,Chamber 5,28-041661d198ff,23.312,BLANK,0C,off
01/10/2023 08:57:23,Chamber 5,28-041661d198ff,23.312,BLANK,0C,off
01/10/2023 08:57:43,Chamber 5,28-041661d198ff,23.312,BLANK,0C,off
01/10/2023 08:58:03,Chamber 5,28-041661d198ff,23.312,BLANK,0C,off
01/10/2023 08:58:23,Chamber 5,28-041661d198ff,23.312,BLANK,0C,off
01/10/2023 08:58:43,Chamber 5,28-041661d198ff,23.312,BLANK,0C,off
01/10/2023 08:59:03,Chamber 5,28-041661d198ff,23.312,BLANK,0C,off
01/10/2023 08:59:23,Chamber 5,28-041661d198ff,23.312,BLANK,0C,off
01/10/2023 08:59:45,Chamber 5,28-041661d198ff,23.312,BLANK,0C,off
01/10/2023 09:00:03,Chamber 5,28-041661d198ff,23.312,BLANK,0C,off
01/10/2023 09:00:23,Chamber 5,28-041661d198ff,23.312,BLANK,0C,off
01/10/2023 09:00:43,Chamber 5,28-041661d198ff,23.312,BLANK,0C,off
01/10/2023 09:01:04,Chamber 5,28-041661d198ff,23.312,BLANK,0C,off
01/10/2023 09:01:23,Chamber 5,28-041661d198ff,23.312,BLANK,0C,off
01/10/2023 09:01:43,Chamber 5,28-041661d198ff,23.312,BLANK,0C,off
01/10/2023 09:02:03,Chamber 5,28-041661d198ff,23.312,BLANK,0C,off
01/10/2023 09:02:24,Chamber 5,28-041661d198ff,23.312,BLANK,0C,off
01/10/2023 09:02:43,Chamber 5,28-041661d198ff,23.312,BLANK,0C,off
01/10/2023 09:03:03,Chamber 5,28-041661d198ff,23.312,BLANK,0C,off
01/10/2023 09:03:23,Chamber 5,28-041661d198ff,23.312,BLANK,0C,off
01/10/2023 09:03:43,Chamber 5,28-041661d198ff,23.312,BLANK,0C,off
01/10/2023 09:04:03,Chamber 5,28-041661d198ff,23.312,BLANK,0C,off
01/10/2023 09:04:23,Chamber 5,28-041661d198ff,23.312,BLANK,0C,off
01/10/2023 09:04:43,Chamber 5,28-041661d198ff,23.312,BLANK,0C,off
01/10/2023 09:05:03,Chamber 5,28-041661d198ff,23.312,BLANK,0C,off
01/10/2023 09:05:23,Chamber 5,28-041661d198ff,23.312,BLANK,0C,off
01/10/2023 09:05:43,Chamber 5,28-041661d198ff,23.312,BLANK,0C,off
01/10/2023 09:06:03,Chamber 5,28-041661d198ff,23.312,BLANK,0C,off
01/10/2023 09:06:23,Chamber 5,28-041661d198ff,23.312,BLANK,0C,off
01/10/2023 09:06:43,Chamber 5,28-041661d198ff,23.312,BLANK,0C,off
01/10/2023 09:07:03,Chamber 5,28-041661d198ff,23.312,BLANK,0C,off
01/10/2023 09:07:23,Chamber 5,28-041661d198ff,23.312,BLANK,0C,off
01/10/2023 09:07:43,Chamber 5,28-041661d198ff,23.312,BLANK,0C,off
01/10/2023 09:08:03,Chamber 5,28-041661d198ff,23.312,BLANK,0C,off
01/10/2023 09:08:23,Chamber 5,28-041661d198ff,23.312,BLANK,0C,off
01/10/2023 09:08:43,Chamber 5,28-041661d198ff,23.312,BLANK,0C,off
01/10/2023 09:09:03,Chamber 5,28-041661d198ff,23.312,BLANK,0C,off
01/10/2023 09:09:23,Chamber 5,28-041661d198ff,23.312,BLANK,0C,off
01/10/2023 09:09:43,Chamber 5,28-041661d198ff,23.312,BLANK,0C,off
01/10/2023 09:10:03,Chamber 5,28-041661d198ff,23.312,BLANK,0C,off
01/10/2023 09:10:23,Chamber 5,28-041661d198ff,23.312,BLANK,0C,off
01/10/2023 09:10:43,Chamber 5,28-041661d198ff,23.312,BLANK,0C,off
01/10/2023 09:11:03,Chamber 5,28-041661d198ff,23.312,BLANK,0C,off
01/10/2023 09:11:23,Chamber 5,28-041661d198ff,23.312,BLANK,0C,off
01/10/2023 09:11:43,Chamber 5,28-041661d198ff,23.312,BLANK,0C,off
01/10/2023 09:12:03,Chamber 5,28-041661d198ff,23.312,BLANK,0C,off
01/10/2023 09:12:23,Chamber 5,28-041661d198ff,23.312,BLANK,0C,off
01/10/2023 09:12:43,Chamber 5,28-041661d198ff,23.312,BLANK,0C,off
01/10/2023 09:13:03,Chamber 5,28-041661d198ff,23.312,BLANK,0C,off
01/10/2023 09:13:23,Chamber 5,28-041661d198ff,23.312,BLANK,0C,off
01/10/2023 09:13:43,Chamber 5,28-041661d198ff,23.312,BLANK,0C,off
01/10/2023 09:14:03,Chamber 5,28-041661d198ff,23.312,BLANK,0C,off
01/10/2023 09:14:23,Chamber 5,28-041661d198ff,23.312,BLANK,0C,off
01/10/2023 09:14:43,Chamber 5,28-041661d198ff,23.312,BLANK,0C,off
01/10/2023 09:15:03,Chamber 5,28-041661d198ff,23.312,BLANK,0C,off
01/10/2023 09:15:23,Chamber 5,28-041661d198ff,23.312,BLANK,0C,off
01/10/2023 09:15:43,Chamber 5,28-041661d198ff,23.312,BLANK,0C,off
01/10/2023 09:16:03,Chamber 5,28-041661d198ff,23.312,BLANK,0C,off
01/10/2023 09:16:23,Chamber 5,28-041661d198ff,23.312,BLANK,0C,off
01/10/2023 09:16:43,Chamber 5,28-041661d198ff,23.312,BLANK,0C,off
01/10/2023 09:17:03,Chamber 5,28-041661d198ff,23.312,BLANK,0C,off
01/10/2023 09:17:23,Chamber 5,28-041661d198ff,23.312,BLANK,0C,off
01/10/2023 09:17:43,Chamber 5,28-041661d198ff,23.312,BLANK,0C,off
01/10/2023 09:18:03,Chamber 5,28-041661d198ff,23.312,BLANK,0C,off
01/10/2023 09:18:23,Chamber 5,28-041661d198ff,23.312,BLANK,0C,off
01/10/2023 09:18:43,Chamber 5,28-041661d198ff,23.312,BLANK,0C,off
01/10/2023 09:19:03,Chamber 5,28-041661d198ff,23.312,BLANK,0C,off
01/10/2023 09:19:23,Chamber 5,28-041661d198ff,23.312,BLANK,0C,off
01/10/2023 09:19:43,Chamber 5,28-041661d198ff,23.312,BLANK,0C,off
01/10/2023 09:20:03,Chamber 5,28-041661d198ff,23.312,BLANK,0C,off
01/10/2023 09:20:23,Chamber 5,28-041661d198ff,23.312,BLANK,0C,off
01/10/2023 09:20:43,Chamber 5,28-041661d198ff,23.312,BLANK,0C,off
01/10/2023 09:21:03,Chamber 5,28-041661d198ff,23.312,BLANK,0C,off
01/10/2023 09:21:23,Chamber 5,28-041661d198ff,23.312,BLANK,0C,off
01/10/2023 09:21:43,Chamber 5,28-041661d198ff,23.312,BLANK,0C,off
01/10/2023 09:22:03,Chamber 5,28-041661d198ff,23.312,BLANK,0C,off
01/10/2023 09:22:23,Chamber 5,28-041661d198ff,23.312,BLANK,0C,off
01/10/2023 09:22:43,Chamber 5,28-041661d198ff,23.312,BLANK,0C,off
01/10/2023 09:23:03,Chamber 5,28-041661d198ff,23.312,BLANK,0C,off
01/10/2023 09:23:23,Chamber 5,28-041661d198ff,23.312,BLANK,0C,off
01/10/2023 09:23:43,Chamber 5,28-041661d198ff,23.312,BLANK,0C,off
01/10/2023 09:24:03,Chamber 5,28-041661d198ff,23.312,BLANK,0C,off
01/10/2023 09:24:23,Chamber 5,28-041661d198ff,23.312,BLANK,0C,off
01/10/2023 09:24:43,Chamber 5,28-041661d198ff,23.312,BLANK,0C,off
01/10/2023 09:25:03,Chamber 5,28-041661d198ff,23.312,BLANK,0C,off
01/10/2023 09:25:23,Chamber 5,28-041661d198ff,23.312,BLANK,0C,off
01/10/2023 09:25:43,Chamber 5,28-041661d198ff,23.312,BLANK,0C,off
01/10/2023 09:26:03,Chamber 5,28-041661d198ff,23.312,BLANK,0C,off
01/10/2023 09:26:23,Chamber 5,28-041661d198ff,23.312,BLANK,0C,off
01/10/2023 09:26:43,Chamber 5,28-041661d198ff,23.312,BLANK,0C,off
01/10/2023 09:27:03,Chamber 5,28-041661d198ff,23.312,BLANK,0C,off
01/10/2023 09:27:23,Chamber 5,28-041661d198ff,23.312,BLANK,0C,off
01/10/2023 09:27:43,Chamber 5,28-041661d198ff,23.312,BLANK,0C,off
01/10/2023 09:28:03,Chamber 5,28-041661d198ff,23.312,BLANK,0C,off
01/10/2023 09:28:23,Chamber 5,28-041661d198ff,23.312,BLANK,0C,off
01/10/2023 09:28:43,Chamber 5,28-041661d198ff,23.312,BLANK,0C,off
01/10/2023 09:29:03,Chamber 5,28-041661d198ff,23.312,BLANK,0C,off
01/10/2023 09:29:23,Chamber 5,28-041661d198ff,23.312,BLANK,0C,off
01/10/2023 09:29:43,Chamber 5,28-041661d198ff,23.312,BLANK,0C,off
01/10/2023 09:30:03,Chamber 5,28-041661d198ff,23.312,BLANK,0C,off
01/10/2023 09:30:23,Chamber 5,28-041661d198ff,23.312,BLANK,0C,off
01/10/2023 09:30:43,Chamber 5,28-041661d198ff,23.312,BLANK,0C,off
01/10/2023 09:31:03,Chamber 5,28-041661d198ff,23.312,BLANK,0C,off
01/10/2023 09:31:23,Chamber 5,28-041661d198ff,23.312,BLANK,0C,off
01/10/2023 09:31:43,Chamber 5,28-041661d198ff,23.312,BLANK,0C,off
01/10/2023 09:32:03,Chamber 5,28-041661d198ff,23.312,BLANK,0C,off
01/10/2023 09:32:23,Chamber 5,28-041661d198ff,23.312,BLANK,0C,off
01/10/2023 09:32:43,Chamber 5,28-041661d198ff,23.312,BLANK,0C,off
01/10/2023 09:33:03,Chamber 5,28-041661d198ff,23.312,BLANK,0C,off
01/10/2023 09:33:23,Chamber 5,28-041661d198ff,23.312,BLANK,0C,off
01/10/2023 09:33:43,Chamber 5,28-041661d198ff,23.312,BLANK,0C,off
01/10/2023 09:34:03,Chamber 5,28-041661d198ff,23.312,BLANK,0C,off
01/10/2023 09:34:23,Chamber 5,28-041661d198ff,23.312,BLANK,0C,off
01/10/2023 09:34:43,Chamber 5,28-041661d198ff,23.312,BLANK,0C,off
01/10/2023 09:35:03,Chamber 5,28-041661d198ff,23.312,BLANK,0C,off
01/10/2023 09:35:23,Chamber 5,28-041661d198ff,23.312,BLANK,0C,off
01/10/2023 09:35:43,Chamber 5,28-041661d198ff,23.312,BLANK,0C,off
01/10/2023 09:36:03,Chamber 5,28-041661d198ff,23.312,BLANK,0C,off
01/10/2023 09:36:23,Chamber 5,28-041661d198ff,23.312,BLANK,0C,off
01/10/2023 09:36:43,Chamber 5,28-041661d198ff,23.312,BLANK,0C,off
01/10/2023 09:37:03,Chamber 5,28-041661d198ff,23.312,BLANK,0C,off
01/10/2023 09:37:23,Chamber 5,28-041661d198ff,23.312,BLANK,0C,off
01/10/2023 09:37:43,Chamber 5,28-041661d198ff,23.312,BLANK,0C,off
01/10/2023 09:38:03,Chamber 5,28-041661d198ff,23.312,BLANK,0C,off
01/10/2023 09:38:23,Chamber 5,28-041661d198ff,23.312,BLANK,0C,off
01/10/2023 09:38:43,Chamber 5,28-041661d198ff,23.312,BLANK,0C,off
01/10/2023 09:39:03,Chamber 5,28-041661d198ff,23.375,BLANK,0C,off
01/10/2023 09:39:23,Chamber 5,28-041661d198ff,23.375,BLANK,0C,off
01/10/2023 09:39:43,Chamber 5,28-041661d198ff,23.375,BLANK,0C,off
01/10/2023 09:40:03,Chamber 5,28-041661d198ff,23.312,BLANK,0C,off
01/10/2023 09:40:23,Chamber 5,28-041661d198ff,23.312,BLANK,0C,off
01/10/2023 09:40:43,Chamber 5,28-041661d198ff,23.375,BLANK,0C,off
01/10/2023 09:41:03,Chamber 5,28-041661d198ff,23.375,BLANK,0C,off
01/10/2023 09:41:23,Chamber 5,28-041661d198ff,23.375,BLANK,0C,off
01/10/2023 09:41:43,Chamber 5,28-041661d198ff,23.375,BLANK,0C,off
01/10/2023 09:42:03,Chamber 5,28-041661d198ff,23.375,BLANK,0C,off
01/10/2023 09:42:23,Chamber 5,28-041661d198ff,23.375,BLANK,0C,off
01/10/2023 09:42:43,Chamber 5,28-041661d198ff,23.375,BLANK,0C,off
01/10/2023 09:43:03,Chamber 5,28-041661d198ff,23.375,BLANK,0C,off
01/10/2023 09:43:23,Chamber 5,28-041661d198ff,23.375,BLANK,0C,off
01/10/2023 09:43:43,Chamber 5,28-041661d198ff,23.375,BLANK,0C,off
01/10/2023 09:44:03,Chamber 5,28-041661d198ff,23.375,BLANK,0C,off
01/10/2023 09:44:23,Chamber 5,28-041661d198ff,23.375,BLANK,0C,off
01/10/2023 09:44:43,Chamber 5,28-041661d198ff,23.375,BLANK,0C,off
01/10/2023 09:45:03,Chamber 5,28-041661d198ff,23.375,BLANK,0C,off
01/10/2023 09:45:23,Chamber 5,28-041661d198ff,23.375,BLANK,0C,off
01/10/2023 09:45:43,Chamber 5,28-041661d198ff,23.375,BLANK,0C,off
01/10/2023 09:46:03,Chamber 5,28-041661d198ff,23.375,BLANK,0C,off
01/10/2023 09:46:23,Chamber 5,28-041661d198ff,23.375,BLANK,0C,off
01/10/2023 09:46:43,Chamber 5,28-041661d198ff,23.375,BLANK,0C,off
01/10/2023 09:47:03,Chamber 5,28-041661d198ff,23.375,BLANK,0C,off
01/10/2023 09:47:23,Chamber 5,28-041661d198ff,23.375,BLANK,0C,off
01/10/2023 09:47:43,Chamber 5,28-041661d198ff,23.375,BLANK,0C,off
01/10/2023 09:48:03,Chamber 5,28-041661d198ff,23.375,BLANK,0C,off
01/10/2023 09:48:23,Chamber 5,28-041661d198ff,23.375,BLANK,0C,off
01/10/2023 09:48:43,Chamber 5,28-041661d198ff,23.375,BLANK,0C,off
01/10/2023 09:49:03,Chamber 5,28-041661d198ff,23.375,BLANK,0C,off
01/10/2023 09:49:23,Chamber 5,28-041661d198ff,23.375,BLANK,0C,off
01/10/2023 09:49:43,Chamber 5,28-041661d198ff,23.437,BLANK,0C,off
01/10/2023 09:50:03,Chamber 5,28-041661d198ff,23.437,BLANK,0C,off
01/10/2023 09:50:23,Chamber 5,28-041661d198ff,23.437,BLANK,0C,off
01/10/2023 09:50:43,Chamber 5,28-041661d198ff,23.437,BLANK,0C,off
01/10/2023 09:51:03,Chamber 5,28-041661d198ff,23.437,BLANK,0C,off
01/10/2023 09:51:23,Chamber 5,28-041661d198ff,23.437,BLANK,0C,off
01/10/2023 09:51:43,Chamber 5,28-041661d198ff,23.437,BLANK,0C,off
01/10/2023 09:52:03,Chamber 5,28-041661d198ff,23.437,BLANK,0C,off
01/10/2023 09:52:23,Chamber 5,28-041661d198ff,23.437,BLANK,0C,off
01/10/2023 09:52:44,Chamber 5,28-041661d198ff,23.437,BLANK,0C,off
01/10/2023 09:53:03,Chamber 5,28-041661d198ff,23.437,BLANK,0C,off
01/10/2023 09:53:23,Chamber 5,28-041661d198ff,23.437,BLANK,0C,off
01/10/2023 09:53:43,Chamber 5,28-041661d198ff,23.437,BLANK,0C,off
01/10/2023 09:54:03,Chamber 5,28-041661d198ff,23.437,BLANK,0C,off
01/10/2023 09:54:23,Chamber 5,28-041661d198ff,23.437,BLANK,0C,off
01/10/2023 09:54:43,Chamber 5,28-041661d198ff,23.437,BLANK,0C,off
01/10/2023 09:55:03,Chamber 5,28-041661d198ff,23.437,BLANK,0C,off
01/10/2023 09:55:23,Chamber 5,28-041661d198ff,23.437,BLANK,0C,off
01/10/2023 09:55:43,Chamber 5,28-041661d198ff,23.437,BLANK,0C,off
01/10/2023 09:56:04,Chamber 5,28-041661d198ff,23.5,BLANK,0C,off
01/10/2023 09:56:23,Chamber 5,28-041661d198ff,23.437,BLANK,0C,off
01/10/2023 09:56:43,Chamber 5,28-041661d198ff,23.437,BLANK,0C,off
01/10/2023 09:57:03,Chamber 5,28-041661d198ff,23.437,BLANK,0C,off
01/10/2023 09:57:23,Chamber 5,28-041661d198ff,23.437,BLANK,0C,off
01/10/2023 09:57:43,Chamber 5,28-041661d198ff,23.5,BLANK,0C,off
01/10/2023 09:58:03,Chamber 5,28-041661d198ff,23.5,BLANK,0C,off
01/10/2023 09:58:23,Chamber 5,28-041661d198ff,23.437,BLANK,0C,off
01/10/2023 09:58:43,Chamber 5,28-041661d198ff,23.437,BLANK,0C,off
01/10/2023 09:59:03,Chamber 5,28-041661d198ff,23.5,BLANK,0C,off
01/10/2023 09:59:23,Chamber 5,28-041661d198ff,23.437,BLANK,0C,off
01/10/2023 09:59:43,Chamber 5,28-041661d198ff,23.5,BLANK,0C,off
01/10/2023 10:00:02,Chamber 5,28-041661d198ff,23.5,BLANK,0C,off
01/10/2023 10:00:22,Chamber 5,28-041661d198ff,23.5,BLANK,0C,off
01/10/2023 10:00:42,Chamber 5,28-041661d198ff,23.5,BLANK,0C,off
01/10/2023 10:01:02,Chamber 5,28-041661d198ff,23.5,BLANK,0C,off
01/10/2023 10:01:22,Chamber 5,28-041661d198ff,23.5,BLANK,0C,off
01/10/2023 10:01:42,Chamber 5,28-041661d198ff,23.5,BLANK,0C,off
01/10/2023 10:02:02,Chamber 5,28-041661d198ff,23.5,BLANK,0C,off
01/10/2023 10:02:22,Chamber 5,28-041661d198ff,23.5,BLANK,0C,off
01/10/2023 10:02:42,Chamber 5,28-041661d198ff,23.5,BLANK,0C,off
01/10/2023 10:03:02,Chamber 5,28-041661d198ff,23.5,BLANK,0C,off
01/10/2023 10:03:22,Chamber 5,28-041661d198ff,23.5,BLANK,0C,off
01/10/2023 10:03:42,Chamber 5,28-041661d198ff,23.5,BLANK,0C,off
01/10/2023 10:04:02,Chamber 5,28-041661d198ff,23.5,BLANK,0C,off
01/10/2023 10:04:22,Chamber 5,28-041661d198ff,23.5,BLANK,0C,off
01/10/2023 10:04:42,Chamber 5,28-041661d198ff,23.5,BLANK,0C,off
01/10/2023 10:05:02,Chamber 5,28-041661d198ff,23.5,BLANK,0C,off
01/10/2023 10:05:22,Chamber 5,28-041661d198ff,23.5,BLANK,0C,off
01/10/2023 10:05:42,Chamber 5,28-041661d198ff,23.5,BLANK,0C,off
01/10/2023 10:06:02,Chamber 5,28-041661d198ff,23.5,BLANK,0C,off
01/10/2023 10:06:22,Chamber 5,28-041661d198ff,23.5,BLANK,0C,off
01/10/2023 10:06:42,Chamber 5,28-041661d198ff,23.5,BLANK,0C,off
01/10/2023 10:07:02,Chamber 5,28-041661d198ff,23.5,BLANK,0C,off
01/10/2023 10:07:22,Chamber 5,28-041661d198ff,23.5,BLANK,0C,off
01/10/2023 10:07:42,Chamber 5,28-041661d198ff,23.5,BLANK,0C,off
01/10/2023 10:08:02,Chamber 5,28-041661d198ff,23.5,BLANK,0C,off
01/10/2023 10:08:22,Chamber 5,28-041661d198ff,23.5,BLANK,0C,off
01/10/2023 10:08:42,Chamber 5,28-041661d198ff,23.5,BLANK,0C,off
01/10/2023 10:09:02,Chamber 5,28-041661d198ff,23.5,BLANK,0C,off
01/10/2023 10:09:22,Chamber 5,28-041661d198ff,23.5,BLANK,0C,off
01/10/2023 10:09:42,Chamber 5,28-041661d198ff,23.5,BLANK,0C,off
01/10/2023 10:10:03,Chamber 5,28-041661d198ff,23.5,BLANK,0C,off
01/10/2023 10:10:24,Chamber 5,28-041661d198ff,23.5,BLANK,0C,off
01/10/2023 10:10:42,Chamber 5,28-041661d198ff,23.5,BLANK,0C,off
01/10/2023 10:11:02,Chamber 5,28-041661d198ff,23.5,BLANK,0C,off
01/10/2023 10:11:22,Chamber 5,28-041661d198ff,23.5,BLANK,0C,off
01/10/2023 10:11:42,Chamber 5,28-041661d198ff,23.5,BLANK,0C,off
01/10/2023 10:12:02,Chamber 5,28-041661d198ff,23.5,BLANK,0C,off
01/10/2023 10:12:22,Chamber 5,28-041661d198ff,23.5,BLANK,0C,off
01/10/2023 10:12:43,Chamber 5,28-041661d198ff,23.562,BLANK,0C,off
01/10/2023 10:13:02,Chamber 5,28-041661d198ff,23.562,BLANK,0C,off
01/10/2023 10:13:22,Chamber 5,28-041661d198ff,23.562,BLANK,0C,off
01/10/2023 10:13:42,Chamber 5,28-041661d198ff,23.562,BLANK,0C,off
01/10/2023 10:14:02,Chamber 5,28-041661d198ff,23.562,BLANK,0C,off
01/10/2023 10:14:22,Chamber 5,28-041661d198ff,23.562,BLANK,0C,off
01/10/2023 10:14:42,Chamber 5,28-041661d198ff,23.562,BLANK,0C,off
01/10/2023 10:15:04,Chamber 5,28-041661d198ff,23.562,BLANK,0C,off
01/10/2023 10:15:22,Chamber 5,28-041661d198ff,23.562,BLANK,0C,off
01/10/2023 10:15:42,Chamber 5,28-041661d198ff,23.562,BLANK,0C,off
01/10/2023 10:16:02,Chamber 5,28-041661d198ff,23.562,BLANK,0C,off
01/10/2023 10:16:22,Chamber 5,28-041661d198ff,23.562,BLANK,0C,off
01/10/2023 10:16:42,Chamber 5,28-041661d198ff,23.562,BLANK,0C,off
01/10/2023 10:17:03,Chamber 5,28-041661d198ff,23.562,BLANK,0C,off
01/10/2023 10:17:22,Chamber 5,28-041661d198ff,23.562,BLANK,0C,off
01/10/2023 10:17:42,Chamber 5,28-041661d198ff,23.562,BLANK,0C,off
01/10/2023 10:18:02,Chamber 5,28-041661d198ff,23.562,BLANK,0C,off
01/10/2023 10:18:22,Chamber 5,28-041661d198ff,23.562,BLANK,0C,off
01/10/2023 10:18:42,Chamber 5,28-041661d198ff,23.562,BLANK,0C,off
01/10/2023 10:19:02,Chamber 5,28-041661d198ff,23.562,BLANK,0C,off
01/10/2023 10:19:22,Chamber 5,28-041661d198ff,23.562,BLANK,0C,off
01/10/2023 10:19:42,Chamber 5,28-041661d198ff,23.562,BLANK,0C,off
01/10/2023 10:20:02,Chamber 5,28-041661d198ff,23.562,BLANK,0C,off
01/10/2023 10:20:23,Chamber 5,28-041661d198ff,23.562,BLANK,0C,off
01/10/2023 10:20:42,Chamber 5,28-041661d198ff,23.562,BLANK,0C,off
01/10/2023 10:21:02,Chamber 5,28-041661d198ff,23.562,BLANK,0C,off
01/10/2023 10:21:22,Chamber 5,28-041661d198ff,23.562,BLANK,0C,off
01/10/2023 10:21:42,Chamber 5,28-041661d198ff,23.562,BLANK,0C,off
01/10/2023 10:22:02,Chamber 5,28-041661d198ff,23.562,BLANK,0C,off
01/10/2023 10:22:22,Chamber 5,28-041661d198ff,23.562,BLANK,0C,off
01/10/2023 10:22:42,Chamber 5,28-041661d198ff,23.562,BLANK,0C,off
01/10/2023 10:23:03,Chamber 5,28-041661d198ff,23.562,BLANK,0C,off
01/10/2023 10:23:22,Chamber 5,28-041661d198ff,23.562,BLANK,0C,off
01/10/2023 10:23:43,Chamber 5,28-041661d198ff,23.562,BLANK,0C,off
01/10/2023 10:24:02,Chamber 5,28-041661d198ff,23.562,BLANK,0C,off
01/10/2023 10:24:22,Chamber 5,28-041661d198ff,23.562,BLANK,0C,off
01/10/2023 10:24:42,Chamber 5,28-041661d198ff,23.562,BLANK,0C,off
01/10/2023 10:25:02,Chamber 5,28-041661d198ff,23.562,BLANK,0C,off
01/10/2023 10:25:22,Chamber 5,28-041661d198ff,23.625,BLANK,0C,off
01/10/2023 10:25:42,Chamber 5,28-041661d198ff,23.625,BLANK,0C,off
01/10/2023 10:26:03,Chamber 5,28-041661d198ff,23.625,BLANK,0C,off
01/10/2023 10:26:22,Chamber 5,28-041661d198ff,23.625,BLANK,0C,off
01/10/2023 10:26:42,Chamber 5,28-041661d198ff,23.625,BLANK,0C,off
01/10/2023 10:27:02,Chamber 5,28-041661d198ff,23.625,BLANK,0C,off
01/10/2023 10:27:22,Chamber 5,28-041661d198ff,23.625,BLANK,0C,off
01/10/2023 10:27:42,Chamber 5,28-041661d198ff,23.625,BLANK,0C,off
01/10/2023 10:28:02,Chamber 5,28-041661d198ff,23.625,BLANK,0C,off
01/10/2023 10:28:22,Chamber 5,28-041661d198ff,23.625,BLANK,0C,off
01/10/2023 10:28:43,Chamber 5,28-041661d198ff,23.625,BLANK,0C,off
01/10/2023 10:29:02,Chamber 5,28-041661d198ff,23.625,BLANK,0C,off
01/10/2023 10:29:22,Chamber 5,28-041661d198ff,23.625,BLANK,0C,off
01/10/2023 10:29:42,Chamber 5,28-041661d198ff,23.625,BLANK,0C,off
01/10/2023 10:30:02,Chamber 5,28-041661d198ff,23.625,BLANK,0C,off
01/10/2023 10:30:22,Chamber 5,28-041661d198ff,23.625,BLANK,0C,off
01/10/2023 10:30:42,Chamber 5,28-041661d198ff,23.625,BLANK,0C,off
01/10/2023 10:31:02,Chamber 5,28-041661d198ff,23.625,BLANK,0C,off
01/10/2023 10:31:23,Chamber 5,28-041661d198ff,23.625,BLANK,0C,off
01/10/2023 10:31:42,Chamber 5,28-041661d198ff,23.625,BLANK,0C,off
01/10/2023 10:32:02,Chamber 5,28-041661d198ff,23.625,BLANK,0C,off
01/10/2023 10:32:22,Chamber 5,28-041661d198ff,23.625,BLANK,0C,off
01/10/2023 10:32:42,Chamber 5,28-041661d198ff,23.625,BLANK,0C,off
01/10/2023 10:33:02,Chamber 5,28-041661d198ff,23.625,BLANK,0C,off
01/10/2023 10:33:22,Chamber 5,28-041661d198ff,23.625,BLANK,0C,off
01/10/2023 10:33:42,Chamber 5,28-041661d198ff,23.625,BLANK,0C,off
01/10/2023 10:34:03,Chamber 5,28-041661d198ff,23.625,BLANK,0C,off
01/10/2023 10:34:22,Chamber 5,28-041661d198ff,23.625,BLANK,0C,off
01/10/2023 10:34:42,Chamber 5,28-041661d198ff,23.625,BLANK,0C,off
01/10/2023 10:35:02,Chamber 5,28-041661d198ff,23.625,BLANK,0C,off
01/10/2023 10:35:22,Chamber 5,28-041661d198ff,23.625,BLANK,0C,off
01/10/2023 10:35:42,Chamber 5,28-041661d198ff,23.625,BLANK,0C,off
01/10/2023 10:36:02,Chamber 5,28-041661d198ff,23.625,BLANK,0C,off
01/10/2023 10:36:22,Chamber 5,28-041661d198ff,23.625,BLANK,0C,off
01/10/2023 10:36:42,Chamber 5,28-041661d198ff,23.625,BLANK,0C,off
01/10/2023 10:37:02,Chamber 5,28-041661d198ff,23.625,BLANK,0C,off
01/10/2023 10:37:22,Chamber 5,28-041661d198ff,23.625,BLANK,0C,off
01/10/2023 10:37:45,Chamber 5,28-041661d198ff,23.625,BLANK,0C,off
01/10/2023 10:38:02,Chamber 5,28-041661d198ff,23.625,BLANK,0C,off
01/10/2023 10:38:23,Chamber 5,28-041661d198ff,23.625,BLANK,0C,off
01/10/2023 10:38:42,Chamber 5,28-041661d198ff,23.625,BLANK,0C,off
01/10/2023 10:39:02,Chamber 5,28-041661d198ff,23.687,BLANK,0C,off
01/10/2023 10:39:22,Chamber 5,28-041661d198ff,23.625,BLANK,0C,off
01/10/2023 10:39:42,Chamber 5,28-041661d198ff,23.625,BLANK,0C,off
01/10/2023 10:40:02,Chamber 5,28-041661d198ff,23.625,BLANK,0C,off
01/10/2023 10:40:22,Chamber 5,28-041661d198ff,23.687,BLANK,0C,off
01/10/2023 10:40:42,Chamber 5,28-041661d198ff,23.625,BLANK,0C,off
01/10/2023 10:41:02,Chamber 5,28-041661d198ff,23.687,BLANK,0C,off
01/10/2023 10:41:22,Chamber 5,28-041661d198ff,23.625,BLANK,0C,off
01/10/2023 10:41:42,Chamber 5,28-041661d198ff,23.625,BLANK,0C,off
01/10/2023 10:42:02,Chamber 5,28-041661d198ff,23.625,BLANK,0C,off
01/10/2023 10:42:22,Chamber 5,28-041661d198ff,23.625,BLANK,0C,off
01/10/2023 10:42:42,Chamber 5,28-041661d198ff,23.625,BLANK,0C,off
01/10/2023 10:43:02,Chamber 5,28-041661d198ff,23.625,BLANK,0C,off
01/10/2023 10:43:22,Chamber 5,28-041661d198ff,23.687,BLANK,0C,off
01/10/2023 10:43:42,Chamber 5,28-041661d198ff,23.625,BLANK,0C,off
01/10/2023 10:44:02,Chamber 5,28-041661d198ff,23.687,BLANK,0C,off
01/10/2023 10:44:22,Chamber 5,28-041661d198ff,23.687,BLANK,0C,off
01/10/2023 10:44:42,Chamber 5,28-041661d198ff,23.687,BLANK,0C,off
01/10/2023 10:45:02,Chamber 5,28-041661d198ff,23.687,BLANK,0C,off
01/10/2023 10:45:22,Chamber 5,28-041661d198ff,23.687,BLANK,0C,off
01/10/2023 10:45:43,Chamber 5,28-041661d198ff,23.687,BLANK,0C,off
01/10/2023 10:46:02,Chamber 5,28-041661d198ff,23.687,BLANK,0C,off
01/10/2023 10:46:22,Chamber 5,28-041661d198ff,23.687,BLANK,0C,off
01/10/2023 10:46:42,Chamber 5,28-041661d198ff,23.687,BLANK,0C,off
01/10/2023 10:47:03,Chamber 5,28-041661d198ff,23.687,BLANK,0C,off
01/10/2023 10:47:22,Chamber 5,28-041661d198ff,23.687,BLANK,0C,off
01/10/2023 10:47:42,Chamber 5,28-041661d198ff,23.687,BLANK,0C,off
01/10/2023 10:48:03,Chamber 5,28-041661d198ff,23.687,BLANK,0C,off
01/10/2023 10:48:22,Chamber 5,28-041661d198ff,23.687,BLANK,0C,off
01/10/2023 10:48:42,Chamber 5,28-041661d198ff,23.687,BLANK,0C,off
01/10/2023 10:49:02,Chamber 5,28-041661d198ff,23.687,BLANK,0C,off
01/10/2023 10:49:22,Chamber 5,28-041661d198ff,23.687,BLANK,0C,off
01/10/2023 10:49:43,Chamber 5,28-041661d198ff,23.687,BLANK,0C,off
01/10/2023 10:50:03,Chamber 5,28-041661d198ff,23.687,BLANK,0C,off
01/10/2023 10:50:24,Chamber 5,28-041661d198ff,23.687,BLANK,0C,off
01/10/2023 10:50:43,Chamber 5,28-041661d198ff,23.687,BLANK,0C,off
01/10/2023 10:51:02,Chamber 5,28-041661d198ff,23.687,BLANK,0C,off
01/10/2023 10:51:23,Chamber 5,28-041661d198ff,23.687,BLANK,0C,off
01/10/2023 10:51:42,Chamber 5,28-041661d198ff,23.687,BLANK,0C,off
01/10/2023 10:52:04,Chamber 5,28-041661d198ff,23.687,BLANK,0C,off
01/10/2023 10:52:22,Chamber 5,28-041661d198ff,23.687,BLANK,0C,off
01/10/2023 10:52:42,Chamber 5,28-041661d198ff,23.687,BLANK,0C,off
01/10/2023 10:53:03,Chamber 5,28-041661d198ff,23.75,BLANK,0C,off
01/10/2023 10:53:22,Chamber 5,28-041661d198ff,23.687,BLANK,0C,off
01/10/2023 10:53:42,Chamber 5,28-041661d198ff,23.75,BLANK,0C,off
01/10/2023 10:54:02,Chamber 5,28-041661d198ff,23.687,BLANK,0C,off
01/10/2023 10:54:22,Chamber 5,28-041661d198ff,23.687,BLANK,0C,off
01/10/2023 10:54:43,Chamber 5,28-041661d198ff,23.687,BLANK,0C,off
01/10/2023 10:55:02,Chamber 5,28-041661d198ff,23.75,BLANK,0C,off
01/10/2023 10:55:22,Chamber 5,28-041661d198ff,23.75,BLANK,0C,off
01/10/2023 10:55:42,Chamber 5,28-041661d198ff,23.687,BLANK,0C,off
01/10/2023 10:56:02,Chamber 5,28-041661d198ff,23.75,BLANK,0C,off
01/10/2023 10:56:22,Chamber 5,28-041661d198ff,23.75,BLANK,0C,off
01/10/2023 10:56:43,Chamber 5,28-041661d198ff,23.75,BLANK,0C,off
01/10/2023 10:57:02,Chamber 5,28-041661d198ff,23.75,BLANK,0C,off
01/10/2023 10:57:22,Chamber 5,28-041661d198ff,23.75,BLANK,0C,off
01/10/2023 10:57:42,Chamber 5,28-041661d198ff,23.75,BLANK,0C,off
01/10/2023 10:58:02,Chamber 5,28-041661d198ff,23.75,BLANK,0C,off
01/10/2023 10:58:22,Chamber 5,28-041661d198ff,23.75,BLANK,0C,off
01/10/2023 10:58:42,Chamber 5,28-041661d198ff,23.75,BLANK,0C,off
01/10/2023 10:59:02,Chamber 5,28-041661d198ff,23.75,BLANK,0C,off
01/10/2023 10:59:22,Chamber 5,28-041661d198ff,23.75,BLANK,0C,off
01/10/2023 10:59:42,Chamber 5,28-041661d198ff,23.75,BLANK,0C,off
01/10/2023 11:00:03,Chamber 5,28-041661d198ff,23.75,BLANK,0C,off
01/10/2023 11:00:23,Chamber 5,28-041661d198ff,23.75,BLANK,0C,off
01/10/2023 11:00:43,Chamber 5,28-041661d198ff,23.75,BLANK,0C,off
01/10/2023 11:01:03,Chamber 5,28-041661d198ff,23.75,BLANK,0C,off
01/10/2023 11:01:23,Chamber 5,28-041661d198ff,23.75,BLANK,0C,off
01/10/2023 11:01:43,Chamber 5,28-041661d198ff,23.75,BLANK,0C,off
01/10/2023 11:02:03,Chamber 5,28-041661d198ff,23.75,BLANK,0C,off
01/10/2023 11:02:23,Chamber 5,28-041661d198ff,23.75,BLANK,0C,off
01/10/2023 11:02:43,Chamber 5,28-041661d198ff,23.75,BLANK,0C,off
01/10/2023 11:03:03,Chamber 5,28-041661d198ff,23.75,BLANK,0C,off
01/10/2023 11:03:23,Chamber 5,28-041661d198ff,23.75,BLANK,0C,off
01/10/2023 11:03:43,Chamber 5,28-041661d198ff,23.75,BLANK,0C,off
01/10/2023 11:04:03,Chamber 5,28-041661d198ff,23.75,BLANK,0C,off
01/10/2023 11:04:23,Chamber 5,28-041661d198ff,23.75,BLANK,0C,off
01/10/2023 11:04:43,Chamber 5,28-041661d198ff,23.75,BLANK,0C,off
01/10/2023 11:05:03,Chamber 5,28-041661d198ff,23.75,BLANK,0C,off
01/10/2023 11:05:23,Chamber 5,28-041661d198ff,23.75,BLANK,0C,off
01/10/2023 11:05:44,Chamber 5,28-041661d198ff,23.812,BLANK,0C,off
01/10/2023 11:06:03,Chamber 5,28-041661d198ff,23.75,BLANK,0C,off
01/10/2023 11:06:24,Chamber 5,28-041661d198ff,23.812,BLANK,0C,off
01/10/2023 11:06:43,Chamber 5,28-041661d198ff,23.75,BLANK,0C,off
01/10/2023 11:07:03,Chamber 5,28-041661d198ff,23.812,BLANK,0C,off
01/10/2023 11:07:23,Chamber 5,28-041661d198ff,23.75,BLANK,0C,off
01/10/2023 11:07:43,Chamber 5,28-041661d198ff,23.75,BLANK,0C,off
01/10/2023 11:08:03,Chamber 5,28-041661d198ff,23.75,BLANK,0C,off
01/10/2023 11:08:23,Chamber 5,28-041661d198ff,23.812,BLANK,0C,off
01/10/2023 11:08:43,Chamber 5,28-041661d198ff,23.812,BLANK,0C,off
01/10/2023 11:09:03,Chamber 5,28-041661d198ff,23.812,BLANK,0C,off
01/10/2023 11:09:23,Chamber 5,28-041661d198ff,23.812,BLANK,0C,off
01/10/2023 11:09:43,Chamber 5,28-041661d198ff,23.812,BLANK,0C,off
01/10/2023 11:10:03,Chamber 5,28-041661d198ff,23.812,BLANK,0C,off
01/10/2023 11:10:23,Chamber 5,28-041661d198ff,23.812,BLANK,0C,off
01/10/2023 11:10:43,Chamber 5,28-041661d198ff,23.812,BLANK,0C,off
01/10/2023 11:11:03,Chamber 5,28-041661d198ff,23.812,BLANK,0C,off
01/10/2023 11:11:23,Chamber 5,28-041661d198ff,23.812,BLANK,0C,off
01/10/2023 11:11:43,Chamber 5,28-041661d198ff,23.75,BLANK,0C,off
01/10/2023 11:12:03,Chamber 5,28-041661d198ff,23.812,BLANK,0C,off
01/10/2023 11:12:24,Chamber 5,28-041661d198ff,23.812,BLANK,0C,off
01/10/2023 11:12:43,Chamber 5,28-041661d198ff,23.812,BLANK,0C,off
01/10/2023 11:13:04,Chamber 5,28-041661d198ff,23.812,BLANK,0C,off
01/10/2023 11:13:24,Chamber 5,28-041661d198ff,23.812,BLANK,0C,off
01/10/2023 11:13:43,Chamber 5,28-041661d198ff,23.812,BLANK,0C,off
01/10/2023 11:14:03,Chamber 5,28-041661d198ff,23.812,BLANK,0C,off
01/10/2023 11:14:23,Chamber 5,28-041661d198ff,23.812,BLANK,0C,off
01/10/2023 11:14:43,Chamber 5,28-041661d198ff,23.75,BLANK,0C,off
01/10/2023 11:15:03,Chamber 5,28-041661d198ff,23.812,BLANK,0C,off
01/10/2023 11:15:23,Chamber 5,28-041661d198ff,23.812,BLANK,0C,off
01/10/2023 11:15:43,Chamber 5,28-041661d198ff,23.812,BLANK,0C,off
01/10/2023 11:16:03,Chamber 5,28-041661d198ff,23.812,BLANK,0C,off
01/10/2023 11:16:23,Chamber 5,28-041661d198ff,23.812,BLANK,0C,off
01/10/2023 11:16:43,Chamber 5,28-041661d198ff,23.812,BLANK,0C,off
01/10/2023 11:17:03,Chamber 5,28-041661d198ff,23.812,BLANK,0C,off
01/10/2023 11:17:23,Chamber 5,28-041661d198ff,23.812,BLANK,0C,off
01/10/2023 11:17:43,Chamber 5,28-041661d198ff,23.812,BLANK,0C,off
01/10/2023 11:18:03,Chamber 5,28-041661d198ff,23.812,BLANK,0C,off
01/10/2023 11:18:23,Chamber 5,28-041661d198ff,23.812,BLANK,0C,off
01/10/2023 11:18:43,Chamber 5,28-041661d198ff,23.812,BLANK,0C,off
01/10/2023 11:19:03,Chamber 5,28-041661d198ff,23.812,BLANK,0C,off
01/10/2023 11:19:23,Chamber 5,28-041661d198ff,23.812,BLANK,0C,off
01/10/2023 11:19:43,Chamber 5,28-041661d198ff,23.812,BLANK,0C,off
01/10/2023 11:20:03,Chamber 5,28-041661d198ff,23.812,BLANK,0C,off
01/10/2023 11:20:23,Chamber 5,28-041661d198ff,23.812,BLANK,0C,off
01/10/2023 11:20:43,Chamber 5,28-041661d198ff,23.812,BLANK,0C,off
01/10/2023 11:21:03,Chamber 5,28-041661d198ff,23.812,BLANK,0C,off
01/10/2023 11:21:23,Chamber 5,28-041661d198ff,23.812,BLANK,0C,off
01/10/2023 11:21:44,Chamber 5,28-041661d198ff,23.812,BLANK,0C,off
01/10/2023 11:22:03,Chamber 5,28-041661d198ff,23.812,BLANK,0C,off
01/10/2023 11:22:23,Chamber 5,28-041661d198ff,23.812,BLANK,0C,off
01/10/2023 11:22:43,Chamber 5,28-041661d198ff,23.812,BLANK,0C,off
01/10/2023 11:23:03,Chamber 5,28-041661d198ff,23.812,BLANK,0C,off
01/10/2023 11:23:23,Chamber 5,28-041661d198ff,23.812,BLANK,0C,off
01/10/2023 11:23:43,Chamber 5,28-041661d198ff,23.812,BLANK,0C,off
01/10/2023 11:24:03,Chamber 5,28-041661d198ff,23.812,BLANK,0C,off
01/10/2023 11:24:23,Chamber 5,28-041661d198ff,23.812,BLANK,0C,off
01/10/2023 11:24:43,Chamber 5,28-041661d198ff,23.812,BLANK,0C,off
01/10/2023 11:25:03,Chamber 5,28-041661d198ff,23.812,BLANK,0C,off
01/10/2023 11:25:23,Chamber 5,28-041661d198ff,23.812,BLANK,0C,off
01/10/2023 11:25:43,Chamber 5,28-041661d198ff,23.812,BLANK,0C,off
01/10/2023 11:26:03,Chamber 5,28-041661d198ff,23.812,BLANK,0C,off
01/10/2023 11:26:24,Chamber 5,28-041661d198ff,23.875,BLANK,0C,off
01/10/2023 11:26:43,Chamber 5,28-041661d198ff,23.812,BLANK,0C,off
01/10/2023 11:27:03,Chamber 5,28-041661d198ff,23.812,BLANK,0C,off
01/10/2023 11:27:23,Chamber 5,28-041661d198ff,23.812,BLANK,0C,off
01/10/2023 11:27:43,Chamber 5,28-041661d198ff,23.812,BLANK,0C,off
01/10/2023 11:28:03,Chamber 5,28-041661d198ff,23.812,BLANK,0C,off
01/10/2023 11:28:24,Chamber 5,28-041661d198ff,23.875,BLANK,0C,off
01/10/2023 11:28:43,Chamber 5,28-041661d198ff,23.875,BLANK,0C,off
01/10/2023 11:29:03,Chamber 5,28-041661d198ff,23.875,BLANK,0C,off
01/10/2023 11:29:23,Chamber 5,28-041661d198ff,23.875,BLANK,0C,off
01/10/2023 11:29:43,Chamber 5,28-041661d198ff,23.875,BLANK,0C,off
01/10/2023 11:30:03,Chamber 5,28-041661d198ff,23.812,BLANK,0C,off
01/10/2023 11:30:23,Chamber 5,28-041661d198ff,23.812,BLANK,0C,off
01/10/2023 11:30:43,Chamber 5,28-041661d198ff,23.812,BLANK,0C,off
01/10/2023 11:31:03,Chamber 5,28-041661d198ff,23.812,BLANK,0C,off
01/10/2023 11:31:23,Chamber 5,28-041661d198ff,23.875,BLANK,0C,off
01/10/2023 11:31:43,Chamber 5,28-041661d198ff,23.937,BLANK,0C,off
01/10/2023 11:32:03,Chamber 5,28-041661d198ff,24.0,BLANK,0C,off
01/10/2023 11:32:23,Chamber 5,28-041661d198ff,24.0,BLANK,0C,off
01/10/2023 11:32:44,Chamber 5,28-041661d198ff,24.062,BLANK,0C,off
01/10/2023 11:33:03,Chamber 5,28-041661d198ff,24.062,BLANK,0C,off
01/10/2023 11:33:23,Chamber 5,28-041661d198ff,24.062,BLANK,0C,off
01/10/2023 11:33:44,Chamber 5,28-041661d198ff,24.062,BLANK,0C,off
01/10/2023 11:34:05,Chamber 5,28-041661d198ff,24.062,BLANK,0C,off
01/10/2023 11:34:23,Chamber 5,28-041661d198ff,24.062,BLANK,0C,off
01/10/2023 11:34:43,Chamber 5,28-041661d198ff,24.062,BLANK,0C,off
01/10/2023 11:35:03,Chamber 5,28-041661d198ff,24.062,BLANK,0C,off
01/10/2023 11:35:23,Chamber 5,28-041661d198ff,24.062,BLANK,0C,off
01/10/2023 11:35:43,Chamber 5,28-041661d198ff,24.062,BLANK,0C,off
01/10/2023 11:36:03,Chamber 5,28-041661d198ff,24.062,BLANK,0C,off
01/10/2023 11:36:23,Chamber 5,28-041661d198ff,24.062,BLANK,0C,off
01/10/2023 11:36:43,Chamber 5,28-041661d198ff,24.062,BLANK,0C,off
01/10/2023 11:37:03,Chamber 5,28-041661d198ff,24.062,BLANK,0C,off
01/10/2023 11:37:23,Chamber 5,28-041661d198ff,24.062,BLANK,0C,off
01/10/2023 11:37:43,Chamber 5,28-041661d198ff,24.062,BLANK,0C,off
01/10/2023 11:38:03,Chamber 5,28-041661d198ff,24.062,BLANK,0C,off
01/10/2023 11:38:23,Chamber 5,28-041661d198ff,24.062,BLANK,0C,off
01/10/2023 11:38:43,Chamber 5,28-041661d198ff,24.062,BLANK,0C,off
01/10/2023 11:39:03,Chamber 5,28-041661d198ff,24.062,BLANK,0C,off
01/10/2023 11:39:23,Chamber 5,28-041661d198ff,24.062,BLANK,0C,off
01/10/2023 11:39:43,Chamber 5,28-041661d198ff,24.062,BLANK,0C,off
01/10/2023 11:40:03,Chamber 5,28-041661d198ff,24.062,BLANK,0C,off
01/10/2023 11:40:23,Chamber 5,28-041661d198ff,24.062,BLANK,0C,off
01/10/2023 11:40:43,Chamber 5,28-041661d198ff,24.062,BLANK,0C,off
01/10/2023 11:41:03,Chamber 5,28-041661d198ff,24.062,BLANK,0C,off
01/10/2023 11:41:23,Chamber 5,28-041661d198ff,24.062,BLANK,0C,off
01/10/2023 11:41:43,Chamber 5,28-041661d198ff,24.062,BLANK,0C,off
01/10/2023 11:42:03,Chamber 5,28-041661d198ff,24.062,BLANK,0C,off
01/10/2023 11:42:23,Chamber 5,28-041661d198ff,24.062,BLANK,0C,off
01/10/2023 11:42:43,Chamber 5,28-041661d198ff,24.062,BLANK,0C,off
01/10/2023 11:43:04,Chamber 5,28-041661d198ff,24.062,BLANK,0C,off
01/10/2023 11:43:23,Chamber 5,28-041661d198ff,24.062,BLANK,0C,off
01/10/2023 11:43:43,Chamber 5,28-041661d198ff,24.062,BLANK,0C,off
01/10/2023 11:44:03,Chamber 5,28-041661d198ff,24.062,BLANK,0C,off
01/10/2023 11:44:23,Chamber 5,28-041661d198ff,24.062,BLANK,0C,off
01/10/2023 11:44:43,Chamber 5,28-041661d198ff,24.062,BLANK,0C,off
01/10/2023 11:45:03,Chamber 5,28-041661d198ff,24.062,BLANK,0C,off
01/10/2023 11:45:23,Chamber 5,28-041661d198ff,24.062,BLANK,0C,off
01/10/2023 11:45:43,Chamber 5,28-041661d198ff,24.062,BLANK,0C,off
01/10/2023 11:46:03,Chamber 5,28-041661d198ff,24.062,BLANK,0C,off
01/10/2023 11:46:23,Chamber 5,28-041661d198ff,24.062,BLANK,0C,off
01/10/2023 11:46:44,Chamber 5,28-041661d198ff,24.062,BLANK,0C,off
01/10/2023 11:47:03,Chamber 5,28-041661d198ff,24.062,BLANK,0C,off
01/10/2023 11:47:23,Chamber 5,28-041661d198ff,24.062,BLANK,0C,off
01/10/2023 11:47:43,Chamber 5,28-041661d198ff,24.062,BLANK,0C,off
01/10/2023 11:48:03,Chamber 5,28-041661d198ff,24.062,BLANK,0C,off
01/10/2023 11:48:23,Chamber 5,28-041661d198ff,24.062,BLANK,0C,off
01/10/2023 11:48:43,Chamber 5,28-041661d198ff,24.062,BLANK,0C,off
01/10/2023 11:49:03,Chamber 5,28-041661d198ff,24.062,BLANK,0C,off
01/10/2023 11:49:24,Chamber 5,28-041661d198ff,24.062,BLANK,0C,off
01/10/2023 11:49:43,Chamber 5,28-041661d198ff,24.062,BLANK,0C,off
01/10/2023 11:50:03,Chamber 5,28-041661d198ff,24.062,BLANK,0C,off
01/10/2023 11:50:23,Chamber 5,28-041661d198ff,24.062,BLANK,0C,off
01/10/2023 11:50:43,Chamber 5,28-041661d198ff,24.062,BLANK,0C,off
01/10/2023 11:51:03,Chamber 5,28-041661d198ff,24.062,BLANK,0C,off
01/10/2023 11:51:23,Chamber 5,28-041661d198ff,24.062,BLANK,0C,off
01/10/2023 11:51:43,Chamber 5,28-041661d198ff,24.062,BLANK,0C,off
01/10/2023 11:52:03,Chamber 5,28-041661d198ff,24.062,BLANK,0C,off
01/10/2023 11:52:23,Chamber 5,28-041661d198ff,24.062,BLANK,0C,off
01/10/2023 11:52:44,Chamber 5,28-041661d198ff,24.062,BLANK,0C,off
01/10/2023 11:53:03,Chamber 5,28-041661d198ff,24.125,BLANK,0C,off
01/10/2023 11:53:24,Chamber 5,28-041661d198ff,24.125,BLANK,0C,off
01/10/2023 11:53:43,Chamber 5,28-041661d198ff,24.062,BLANK,0C,off
01/10/2023 11:54:03,Chamber 5,28-041661d198ff,24.062,BLANK,0C,off
01/10/2023 11:54:23,Chamber 5,28-041661d198ff,24.125,BLANK,0C,off
01/10/2023 11:54:43,Chamber 5,28-041661d198ff,24.125,BLANK,0C,off
01/10/2023 11:55:03,Chamber 5,28-041661d198ff,24.062,BLANK,0C,off
01/10/2023 11:55:23,Chamber 5,28-041661d198ff,24.062,BLANK,0C,off
01/10/2023 11:55:44,Chamber 5,28-041661d198ff,24.125,BLANK,0C,off
01/10/2023 11:56:03,Chamber 5,28-041661d198ff,24.062,BLANK,0C,off
01/10/2023 11:56:23,Chamber 5,28-041661d198ff,24.125,BLANK,0C,off
01/10/2023 11:56:43,Chamber 5,28-041661d198ff,24.125,BLANK,0C,off
01/10/2023 11:57:03,Chamber 5,28-041661d198ff,24.062,BLANK,0C,off
01/10/2023 11:57:24,Chamber 5,28-041661d198ff,24.125,BLANK,0C,off
01/10/2023 11:57:43,Chamber 5,28-041661d198ff,24.125,BLANK,0C,off
01/10/2023 11:58:03,Chamber 5,28-041661d198ff,24.125,BLANK,0C,off
01/10/2023 11:58:23,Chamber 5,28-041661d198ff,24.125,BLANK,0C,off
01/10/2023 11:58:43,Chamber 5,28-041661d198ff,24.125,BLANK,0C,off
01/10/2023 11:59:03,Chamber 5,28-041661d198ff,24.125,BLANK,0C,off
01/10/2023 11:59:23,Chamber 5,28-041661d198ff,24.125,BLANK,0C,off
01/10/2023 11:59:43,Chamber 5,28-041661d198ff,24.125,BLANK,0C,off
01/10/2023 12:00:04,Chamber 5,28-041661d198ff,24.125,BLANK,0C,off
01/10/2023 12:00:23,Chamber 5,28-041661d198ff,24.125,BLANK,0C,off
01/10/2023 12:00:43,Chamber 5,28-041661d198ff,24.125,BLANK,0C,off
01/10/2023 12:01:03,Chamber 5,28-041661d198ff,24.125,BLANK,0C,off
01/10/2023 12:01:23,Chamber 5,28-041661d198ff,24.125,BLANK,0C,off
01/10/2023 12:01:43,Chamber 5,28-041661d198ff,24.125,BLANK,0C,off
01/10/2023 12:02:03,Chamber 5,28-041661d198ff,24.125,BLANK,0C,off
01/10/2023 12:02:23,Chamber 5,28-041661d198ff,24.125,BLANK,0C,off
01/10/2023 12:02:43,Chamber 5,28-041661d198ff,24.125,BLANK,0C,off
01/10/2023 12:03:03,Chamber 5,28-041661d198ff,24.125,BLANK,0C,off
01/10/2023 12:03:23,Chamber 5,28-041661d198ff,24.125,BLANK,0C,off
01/10/2023 12:03:43,Chamber 5,28-041661d198ff,24.125,BLANK,0C,off
01/10/2023 12:04:03,Chamber 5,28-041661d198ff,24.125,BLANK,0C,off
01/10/2023 12:04:23,Chamber 5,28-041661d198ff,24.125,BLANK,0C,off
01/10/2023 12:04:43,Chamber 5,28-041661d198ff,24.125,BLANK,0C,off
01/10/2023 12:05:03,Chamber 5,28-041661d198ff,24.125,BLANK,0C,off
01/10/2023 12:05:23,Chamber 5,28-041661d198ff,24.187,BLANK,0C,off
01/10/2023 12:05:43,Chamber 5,28-041661d198ff,24.187,BLANK,0C,off
01/10/2023 12:06:03,Chamber 5,28-041661d198ff,24.187,BLANK,0C,off
01/10/2023 12:06:23,Chamber 5,28-041661d198ff,24.187,BLANK,0C,off
01/10/2023 12:06:43,Chamber 5,28-041661d198ff,24.187,BLANK,0C,off
01/10/2023 12:07:03,Chamber 5,28-041661d198ff,24.187,BLANK,0C,off
01/10/2023 12:07:23,Chamber 5,28-041661d198ff,24.125,BLANK,0C,off
01/10/2023 12:07:43,Chamber 5,28-041661d198ff,24.187,BLANK,0C,off
01/10/2023 12:08:03,Chamber 5,28-041661d198ff,24.187,BLANK,0C,off
01/10/2023 12:08:23,Chamber 5,28-041661d198ff,24.187,BLANK,0C,off
01/10/2023 12:08:43,Chamber 5,28-041661d198ff,24.187,BLANK,0C,off
01/10/2023 12:09:03,Chamber 5,28-041661d198ff,24.187,BLANK,0C,off
01/10/2023 12:09:23,Chamber 5,28-041661d198ff,24.187,BLANK,0C,off
01/10/2023 12:09:43,Chamber 5,28-041661d198ff,24.187,BLANK,0C,off
01/10/2023 12:10:03,Chamber 5,28-041661d198ff,24.187,BLANK,0C,off
01/10/2023 12:10:23,Chamber 5,28-041661d198ff,24.187,BLANK,0C,off
01/10/2023 12:10:43,Chamber 5,28-041661d198ff,24.187,BLANK,0C,off
01/10/2023 12:11:04,Chamber 5,28-041661d198ff,24.187,BLANK,0C,off
01/10/2023 12:11:23,Chamber 5,28-041661d198ff,24.187,BLANK,0C,off
01/10/2023 12:11:43,Chamber 5,28-041661d198ff,24.187,BLANK,0C,off
01/10/2023 12:12:03,Chamber 5,28-041661d198ff,24.187,BLANK,0C,off
01/10/2023 12:12:23,Chamber 5,28-041661d198ff,24.187,BLANK,0C,off
01/10/2023 12:12:43,Chamber 5,28-041661d198ff,24.187,BLANK,0C,off
01/10/2023 12:13:03,Chamber 5,28-041661d198ff,24.187,BLANK,0C,off
01/10/2023 12:13:23,Chamber 5,28-041661d198ff,24.187,BLANK,0C,off
01/10/2023 12:13:43,Chamber 5,28-041661d198ff,24.187,BLANK,0C,off
01/10/2023 12:14:03,Chamber 5,28-041661d198ff,24.187,BLANK,0C,off
01/10/2023 12:14:23,Chamber 5,28-041661d198ff,24.187,BLANK,0C,off
01/10/2023 12:14:43,Chamber 5,28-041661d198ff,24.187,BLANK,0C,off
01/10/2023 12:15:03,Chamber 5,28-041661d198ff,24.187,BLANK,0C,off
01/10/2023 12:15:23,Chamber 5,28-041661d198ff,24.187,BLANK,0C,off
01/10/2023 12:15:43,Chamber 5,28-041661d198ff,24.187,BLANK,0C,off
01/10/2023 12:16:03,Chamber 5,28-041661d198ff,24.187,BLANK,0C,off
01/10/2023 12:16:23,Chamber 5,28-041661d198ff,24.187,BLANK,0C,off
01/10/2023 12:16:43,Chamber 5,28-041661d198ff,24.187,BLANK,0C,off
01/10/2023 12:17:03,Chamber 5,28-041661d198ff,24.187,BLANK,0C,off
01/10/2023 12:17:23,Chamber 5,28-041661d198ff,24.187,BLANK,0C,off
01/10/2023 12:17:43,Chamber 5,28-041661d198ff,24.187,BLANK,0C,off
01/10/2023 12:18:03,Chamber 5,28-041661d198ff,24.187,BLANK,0C,off
01/10/2023 12:18:25,Chamber 5,28-041661d198ff,24.25,BLANK,0C,off
01/10/2023 12:18:44,Chamber 5,28-041661d198ff,24.25,BLANK,0C,off
01/10/2023 12:19:04,Chamber 5,28-041661d198ff,24.25,BLANK,0C,off
01/10/2023 12:19:24,Chamber 5,28-041661d198ff,24.25,BLANK,0C,off
01/10/2023 12:19:43,Chamber 5,28-041661d198ff,24.25,BLANK,0C,off
01/10/2023 12:20:04,Chamber 5,28-041661d198ff,24.25,BLANK,0C,off
01/10/2023 12:20:24,Chamber 5,28-041661d198ff,24.25,BLANK,0C,off
01/10/2023 12:20:43,Chamber 5,28-041661d198ff,24.25,BLANK,0C,off
01/10/2023 12:21:03,Chamber 5,28-041661d198ff,24.25,BLANK,0C,off
01/10/2023 12:21:23,Chamber 5,28-041661d198ff,24.25,BLANK,0C,off
01/10/2023 12:21:43,Chamber 5,28-041661d198ff,24.25,BLANK,0C,off
01/10/2023 12:22:03,Chamber 5,28-041661d198ff,24.25,BLANK,0C,off
01/10/2023 12:22:23,Chamber 5,28-041661d198ff,24.25,BLANK,0C,off
01/10/2023 12:22:43,Chamber 5,28-041661d198ff,24.25,BLANK,0C,off
01/10/2023 12:23:03,Chamber 5,28-041661d198ff,24.25,BLANK,0C,off
01/10/2023 12:23:23,Chamber 5,28-041661d198ff,24.25,BLANK,0C,off
01/10/2023 12:23:43,Chamber 5,28-041661d198ff,24.25,BLANK,0C,off
01/10/2023 12:24:03,Chamber 5,28-041661d198ff,24.25,BLANK,0C,off
01/10/2023 12:24:24,Chamber 5,28-041661d198ff,24.25,BLANK,0C,off
01/10/2023 12:24:43,Chamber 5,28-041661d198ff,24.25,BLANK,0C,off
01/10/2023 12:25:03,Chamber 5,28-041661d198ff,24.25,BLANK,0C,off
01/10/2023 12:25:23,Chamber 5,28-041661d198ff,24.25,BLANK,0C,off
01/10/2023 12:25:43,Chamber 5,28-041661d198ff,24.25,BLANK,0C,off
01/10/2023 12:26:03,Chamber 5,28-041661d198ff,24.25,BLANK,0C,off
01/10/2023 12:26:23,Chamber 5,28-041661d198ff,24.25,BLANK,0C,off
01/10/2023 12:26:44,Chamber 5,28-041661d198ff,24.25,BLANK,0C,off
01/10/2023 12:27:04,Chamber 5,28-041661d198ff,24.25,BLANK,0C,off
01/10/2023 12:27:23,Chamber 5,28-041661d198ff,24.25,BLANK,0C,off
01/10/2023 12:27:43,Chamber 5,28-041661d198ff,24.25,BLANK,0C,off
01/10/2023 12:28:03,Chamber 5,28-041661d198ff,24.25,BLANK,0C,off
01/10/2023 12:28:23,Chamber 5,28-041661d198ff,24.25,BLANK,0C,off
01/10/2023 12:28:43,Chamber 5,28-041661d198ff,24.25,BLANK,0C,off
01/10/2023 12:29:03,Chamber 5,28-041661d198ff,24.25,BLANK,0C,off
01/10/2023 12:29:23,Chamber 5,28-041661d198ff,24.25,BLANK,0C,off
01/10/2023 12:29:43,Chamber 5,28-041661d198ff,24.25,BLANK,0C,off
01/10/2023 12:30:03,Chamber 5,28-041661d198ff,24.25,BLANK,0C,off
01/10/2023 12:30:23,Chamber 5,28-041661d198ff,24.25,BLANK,0C,off
01/10/2023 12:30:43,Chamber 5,28-041661d198ff,24.25,BLANK,0C,off
01/10/2023 12:31:03,Chamber 5,28-041661d198ff,24.25,BLANK,0C,off
01/10/2023 12:31:23,Chamber 5,28-041661d198ff,24.25,BLANK,0C,off
01/10/2023 12:31:43,Chamber 5,28-041661d198ff,24.25,BLANK,0C,off
01/10/2023 12:32:03,Chamber 5,28-041661d198ff,24.25,BLANK,0C,off
01/10/2023 12:32:23,Chamber 5,28-041661d198ff,24.25,BLANK,0C,off
01/10/2023 12:32:43,Chamber 5,28-041661d198ff,24.25,BLANK,0C,off
01/10/2023 12:33:03,Chamber 5,28-041661d198ff,24.25,BLANK,0C,off
01/10/2023 12:33:23,Chamber 5,28-041661d198ff,24.25,BLANK,0C,off
01/10/2023 12:33:43,Chamber 5,28-041661d198ff,24.25,BLANK,0C,off
01/10/2023 12:34:03,Chamber 5,28-041661d198ff,24.25,BLANK,0C,off
01/10/2023 12:34:23,Chamber 5,28-041661d198ff,24.25,BLANK,0C,off
01/10/2023 12:34:43,Chamber 5,28-041661d198ff,24.25,BLANK,0C,off
01/10/2023 12:35:03,Chamber 5,28-041661d198ff,24.25,BLANK,0C,off
01/10/2023 12:35:23,Chamber 5,28-041661d198ff,24.25,BLANK,0C,off
01/10/2023 12:35:43,Chamber 5,28-041661d198ff,24.25,BLANK,0C,off
01/10/2023 12:36:03,Chamber 5,28-041661d198ff,24.25,BLANK,0C,off
01/10/2023 12:36:23,Chamber 5,28-041661d198ff,24.25,BLANK,0C,off
01/10/2023 12:36:43,Chamber 5,28-041661d198ff,24.25,BLANK,0C,off
01/10/2023 12:37:03,Chamber 5,28-041661d198ff,24.25,BLANK,0C,off
01/10/2023 12:37:23,Chamber 5,28-041661d198ff,24.25,BLANK,0C,off
01/10/2023 12:37:43,Chamber 5,28-041661d198ff,24.25,BLANK,0C,off
01/10/2023 12:38:03,Chamber 5,28-041661d198ff,24.25,BLANK,0C,off
01/10/2023 12:38:23,Chamber 5,28-041661d198ff,24.25,BLANK,0C,off
01/10/2023 12:38:43,Chamber 5,28-041661d198ff,24.25,BLANK,0C,off
01/10/2023 12:39:03,Chamber 5,28-041661d198ff,24.25,BLANK,0C,off
01/10/2023 12:39:24,Chamber 5,28-041661d198ff,24.312,BLANK,0C,off
01/10/2023 12:39:43,Chamber 5,28-041661d198ff,24.312,BLANK,0C,off
01/10/2023 12:40:03,Chamber 5,28-041661d198ff,24.25,BLANK,0C,off
01/10/2023 12:40:23,Chamber 5,28-041661d198ff,24.312,BLANK,0C,off
01/10/2023 12:40:43,Chamber 5,28-041661d198ff,24.312,BLANK,0C,off
01/10/2023 12:41:04,Chamber 5,28-041661d198ff,24.312,BLANK,0C,off
01/10/2023 12:41:24,Chamber 5,28-041661d198ff,24.312,BLANK,0C,off
01/10/2023 12:41:43,Chamber 5,28-041661d198ff,24.312,BLANK,0C,off
01/10/2023 12:42:03,Chamber 5,28-041661d198ff,24.312,BLANK,0C,off
01/10/2023 12:42:23,Chamber 5,28-041661d198ff,24.312,BLANK,0C,off
01/10/2023 12:42:43,Chamber 5,28-041661d198ff,24.312,BLANK,0C,off
01/10/2023 12:43:03,Chamber 5,28-041661d198ff,24.312,BLANK,0C,off
01/10/2023 12:43:23,Chamber 5,28-041661d198ff,24.312,BLANK,0C,off
01/10/2023 12:43:43,Chamber 5,28-041661d198ff,24.312,BLANK,0C,off
01/10/2023 12:44:04,Chamber 5,28-041661d198ff,24.312,BLANK,0C,off
01/10/2023 12:44:23,Chamber 5,28-041661d198ff,24.312,BLANK,0C,off
01/10/2023 12:44:43,Chamber 5,28-041661d198ff,24.312,BLANK,0C,off
01/10/2023 12:45:03,Chamber 5,28-041661d198ff,24.312,BLANK,0C,off
01/10/2023 12:45:23,Chamber 5,28-041661d198ff,24.25,BLANK,0C,off
01/10/2023 12:45:43,Chamber 5,28-041661d198ff,24.25,BLANK,0C,off
01/10/2023 12:46:03,Chamber 5,28-041661d198ff,24.25,BLANK,0C,off
01/10/2023 12:46:23,Chamber 5,28-041661d198ff,24.25,BLANK,0C,off
01/10/2023 12:46:43,Chamber 5,28-041661d198ff,24.25,BLANK,0C,off
01/10/2023 12:47:03,Chamber 5,28-041661d198ff,24.25,BLANK,0C,off
01/10/2023 12:47:23,Chamber 5,28-041661d198ff,24.25,BLANK,0C,off
01/10/2023 12:47:43,Chamber 5,28-041661d198ff,24.25,BLANK,0C,off
01/10/2023 12:48:03,Chamber 5,28-041661d198ff,24.25,BLANK,0C,off
01/10/2023 12:48:23,Chamber 5,28-041661d198ff,24.25,BLANK,0C,off
01/10/2023 12:48:44,Chamber 5,28-041661d198ff,24.25,BLANK,0C,off
01/10/2023 12:49:03,Chamber 5,28-041661d198ff,24.25,BLANK,0C,off
01/10/2023 12:49:23,Chamber 5,28-041661d198ff,24.25,BLANK,0C,off
01/10/2023 12:49:43,Chamber 5,28-041661d198ff,24.25,BLANK,0C,off
01/10/2023 12:50:04,Chamber 5,28-041661d198ff,24.25,BLANK,0C,off
01/10/2023 12:50:24,Chamber 5,28-041661d198ff,24.25,BLANK,0C,off
01/10/2023 12:50:43,Chamber 5,28-041661d198ff,24.187,BLANK,0C,off
01/10/2023 12:51:03,Chamber 5,28-041661d198ff,24.25,BLANK,0C,off
01/10/2023 12:51:25,Chamber 5,28-041661d198ff,24.25,BLANK,0C,off
01/10/2023 12:51:44,Chamber 5,28-041661d198ff,24.25,BLANK,0C,off
01/10/2023 12:52:03,Chamber 5,28-041661d198ff,24.25,BLANK,0C,off
01/10/2023 12:52:23,Chamber 5,28-041661d198ff,24.25,BLANK,0C,off
01/10/2023 12:52:43,Chamber 5,28-041661d198ff,24.187,BLANK,0C,off
01/10/2023 12:53:04,Chamber 5,28-041661d198ff,24.25,BLANK,0C,off
01/10/2023 12:53:24,Chamber 5,28-041661d198ff,24.25,BLANK,0C,off
01/10/2023 12:53:43,Chamber 5,28-041661d198ff,24.187,BLANK,0C,off
01/10/2023 12:54:03,Chamber 5,28-041661d198ff,24.187,BLANK,0C,off
01/10/2023 12:54:23,Chamber 5,28-041661d198ff,24.187,BLANK,0C,off
01/10/2023 12:54:43,Chamber 5,28-041661d198ff,24.187,BLANK,0C,off
01/10/2023 12:55:03,Chamber 5,28-041661d198ff,24.187,BLANK,0C,off
01/10/2023 12:55:23,Chamber 5,28-041661d198ff,24.187,BLANK,0C,off
01/10/2023 12:55:43,Chamber 5,28-041661d198ff,24.187,BLANK,0C,off
01/10/2023 12:56:03,Chamber 5,28-041661d198ff,24.187,BLANK,0C,off
01/10/2023 12:56:23,Chamber 5,28-041661d198ff,24.187,BLANK,0C,off
01/10/2023 12:56:43,Chamber 5,28-041661d198ff,24.187,BLANK,0C,off
01/10/2023 12:57:03,Chamber 5,28-041661d198ff,24.187,BLANK,0C,off
01/10/2023 12:57:23,Chamber 5,28-041661d198ff,24.187,BLANK,0C,off
01/10/2023 12:57:43,Chamber 5,28-041661d198ff,24.187,BLANK,0C,off
01/10/2023 12:58:03,Chamber 5,28-041661d198ff,24.187,BLANK,0C,off
01/10/2023 12:58:24,Chamber 5,28-041661d198ff,24.187,BLANK,0C,off
01/10/2023 12:58:43,Chamber 5,28-041661d198ff,24.187,BLANK,0C,off
01/10/2023 12:59:03,Chamber 5,28-041661d198ff,24.187,BLANK,0C,off
01/10/2023 12:59:23,Chamber 5,28-041661d198ff,24.187,BLANK,0C,off
01/10/2023 12:59:44,Chamber 5,28-041661d198ff,24.187,BLANK,0C,off
01/10/2023 13:00:03,Chamber 5,28-041661d198ff,24.187,BLANK,0C,off
01/10/2023 13:00:23,Chamber 5,28-041661d198ff,24.187,BLANK,0C,off
01/10/2023 13:00:43,Chamber 5,28-041661d198ff,24.187,BLANK,0C,off
01/10/2023 13:01:03,Chamber 5,28-041661d198ff,24.187,BLANK,0C,off
01/10/2023 13:01:23,Chamber 5,28-041661d198ff,24.187,BLANK,0C,off
01/10/2023 13:01:43,Chamber 5,28-041661d198ff,24.187,BLANK,0C,off
01/10/2023 13:02:03,Chamber 5,28-041661d198ff,24.187,BLANK,0C,off
01/10/2023 13:02:23,Chamber 5,28-041661d198ff,24.187,BLANK,0C,off
01/10/2023 13:02:43,Chamber 5,28-041661d198ff,24.187,BLANK,0C,off
01/10/2023 13:03:03,Chamber 5,28-041661d198ff,24.187,BLANK,0C,off
01/10/2023 13:03:23,Chamber 5,28-041661d198ff,24.187,BLANK,0C,off
01/10/2023 13:03:43,Chamber 5,28-041661d198ff,24.187,BLANK,0C,off
01/10/2023 13:04:03,Chamber 5,28-041661d198ff,24.187,BLANK,0C,off
01/10/2023 13:04:23,Chamber 5,28-041661d198ff,24.187,BLANK,0C,off
01/10/2023 13:04:43,Chamber 5,28-041661d198ff,24.187,BLANK,0C,off
01/10/2023 13:05:03,Chamber 5,28-041661d198ff,24.187,BLANK,0C,off
01/10/2023 13:05:23,Chamber 5,28-041661d198ff,24.187,BLANK,0C,off
01/10/2023 13:05:44,Chamber 5,28-041661d198ff,24.187,BLANK,0C,off
01/10/2023 13:06:03,Chamber 5,28-041661d198ff,24.187,BLANK,0C,off
01/10/2023 13:06:23,Chamber 5,28-041661d198ff,24.187,BLANK,0C,off
01/10/2023 13:06:43,Chamber 5,28-041661d198ff,24.187,BLANK,0C,off
01/10/2023 13:07:03,Chamber 5,28-041661d198ff,24.187,BLANK,0C,off
01/10/2023 13:07:23,Chamber 5,28-041661d198ff,24.187,BLANK,0C,off
01/10/2023 13:07:43,Chamber 5,28-041661d198ff,24.187,BLANK,0C,off
01/10/2023 13:08:03,Chamber 5,28-041661d198ff,24.187,BLANK,0C,off
01/10/2023 13:08:23,Chamber 5,28-041661d198ff,24.187,BLANK,0C,off
01/10/2023 13:08:43,Chamber 5,28-041661d198ff,24.187,BLANK,0C,off
01/10/2023 13:09:03,Chamber 5,28-041661d198ff,24.187,BLANK,0C,off
01/10/2023 13:09:23,Chamber 5,28-041661d198ff,24.187,BLANK,0C,off
01/10/2023 13:09:43,Chamber 5,28-041661d198ff,24.187,BLANK,0C,off
01/10/2023 13:10:03,Chamber 5,28-041661d198ff,24.187,BLANK,0C,off
01/10/2023 13:10:23,Chamber 5,28-041661d198ff,24.187,BLANK,0C,off
01/10/2023 13:10:43,Chamber 5,28-041661d198ff,24.187,BLANK,0C,off
01/10/2023 13:11:03,Chamber 5,28-041661d198ff,24.187,BLANK,0C,off
01/10/2023 13:11:23,Chamber 5,28-041661d198ff,24.187,BLANK,0C,off
01/10/2023 13:11:43,Chamber 5,28-041661d198ff,24.187,BLANK,0C,off
01/10/2023 13:12:04,Chamber 5,28-041661d198ff,24.187,BLANK,0C,off
01/10/2023 13:12:23,Chamber 5,28-041661d198ff,24.187,BLANK,0C,off
01/10/2023 13:12:43,Chamber 5,28-041661d198ff,24.187,BLANK,0C,off
01/10/2023 13:13:03,Chamber 5,28-041661d198ff,24.187,BLANK,0C,off
01/10/2023 13:13:23,Chamber 5,28-041661d198ff,24.187,BLANK,0C,off
01/10/2023 13:13:43,Chamber 5,28-041661d198ff,24.187,BLANK,0C,off
01/10/2023 13:14:03,Chamber 5,28-041661d198ff,24.187,BLANK,0C,off
01/10/2023 13:14:23,Chamber 5,28-041661d198ff,24.187,BLANK,0C,off
01/10/2023 13:14:43,Chamber 5,28-041661d198ff,24.187,BLANK,0C,off
01/10/2023 13:15:03,Chamber 5,28-041661d198ff,24.187,BLANK,0C,off
01/10/2023 13:15:23,Chamber 5,28-041661d198ff,24.187,BLANK,0C,off
01/10/2023 13:15:43,Chamber 5,28-041661d198ff,24.187,BLANK,0C,off
01/10/2023 13:16:03,Chamber 5,28-041661d198ff,24.187,BLANK,0C,off
01/10/2023 13:16:23,Chamber 5,28-041661d198ff,24.187,BLANK,0C,off
01/10/2023 13:16:43,Chamber 5,28-041661d198ff,24.187,BLANK,0C,off
01/10/2023 13:17:03,Chamber 5,28-041661d198ff,24.187,BLANK,0C,off
01/10/2023 13:17:23,Chamber 5,28-041661d198ff,24.187,BLANK,0C,off
01/10/2023 13:17:43,Chamber 5,28-041661d198ff,24.187,BLANK,0C,off
01/10/2023 13:18:03,Chamber 5,28-041661d198ff,24.187,BLANK,0C,off
01/10/2023 13:18:23,Chamber 5,28-041661d198ff,24.187,BLANK,0C,off
01/10/2023 13:18:43,Chamber 5,28-041661d198ff,24.187,BLANK,0C,off
01/10/2023 13:19:03,Chamber 5,28-041661d198ff,24.187,BLANK,0C,off
01/10/2023 13:19:23,Chamber 5,28-041661d198ff,24.187,BLANK,0C,off
01/10/2023 13:19:43,Chamber 5,28-041661d198ff,24.187,BLANK,0C,off
01/10/2023 13:20:03,Chamber 5,28-041661d198ff,24.187,BLANK,0C,off
01/10/2023 13:20:23,Chamber 5,28-041661d198ff,24.187,BLANK,0C,off
01/10/2023 13:20:43,Chamber 5,28-041661d198ff,24.187,BLANK,0C,off
01/10/2023 13:21:03,Chamber 5,28-041661d198ff,24.187,BLANK,0C,off
01/10/2023 13:21:23,Chamber 5,28-041661d198ff,24.187,BLANK,0C,off
01/10/2023 13:21:43,Chamber 5,28-041661d198ff,24.25,BLANK,0C,off
01/10/2023 13:22:03,Chamber 5,28-041661d198ff,24.187,BLANK,0C,off
01/10/2023 13:22:23,Chamber 5,28-041661d198ff,24.25,BLANK,0C,off
01/10/2023 13:22:43,Chamber 5,28-041661d198ff,24.25,BLANK,0C,off
01/10/2023 13:23:03,Chamber 5,28-041661d198ff,24.25,BLANK,0C,off
01/10/2023 13:23:23,Chamber 5,28-041661d198ff,24.25,BLANK,0C,off
01/10/2023 13:23:43,Chamber 5,28-041661d198ff,24.25,BLANK,0C,off
01/10/2023 13:24:04,Chamber 5,28-041661d198ff,24.25,BLANK,0C,off
01/10/2023 13:24:23,Chamber 5,28-041661d198ff,24.25,BLANK,0C,off
01/10/2023 13:24:43,Chamber 5,28-041661d198ff,24.25,BLANK,0C,off
01/10/2023 13:25:03,Chamber 5,28-041661d198ff,24.25,BLANK,0C,off
01/10/2023 13:25:23,Chamber 5,28-041661d198ff,24.25,BLANK,0C,off
01/10/2023 13:25:43,Chamber 5,28-041661d198ff,24.25,BLANK,0C,off
01/10/2023 13:26:03,Chamber 5,28-041661d198ff,24.25,BLANK,0C,off
01/10/2023 13:26:23,Chamber 5,28-041661d198ff,24.25,BLANK,0C,off
01/10/2023 13:26:43,Chamber 5,28-041661d198ff,24.25,BLANK,0C,off
01/10/2023 13:27:03,Chamber 5,28-041661d198ff,24.25,BLANK,0C,off
01/10/2023 13:27:23,Chamber 5,28-041661d198ff,24.25,BLANK,0C,off
01/10/2023 13:27:43,Chamber 5,28-041661d198ff,24.25,BLANK,0C,off
01/10/2023 13:28:03,Chamber 5,28-041661d198ff,24.25,BLANK,0C,off
01/10/2023 13:28:23,Chamber 5,28-041661d198ff,24.25,BLANK,0C,off
01/10/2023 13:28:43,Chamber 5,28-041661d198ff,24.25,BLANK,0C,off
01/10/2023 13:29:03,Chamber 5,28-041661d198ff,24.25,BLANK,0C,off
01/10/2023 13:29:23,Chamber 5,28-041661d198ff,24.25,BLANK,0C,off
01/10/2023 13:29:43,Chamber 5,28-041661d198ff,24.25,BLANK,0C,off
01/10/2023 13:30:03,Chamber 5,28-041661d198ff,24.25,BLANK,0C,off
01/10/2023 13:30:23,Chamber 5,28-041661d198ff,24.25,BLANK,0C,off
01/10/2023 13:30:43,Chamber 5,28-041661d198ff,24.25,BLANK,0C,off
01/10/2023 13:31:03,Chamber 5,28-041661d198ff,24.312,BLANK,0C,off
01/10/2023 13:31:24,Chamber 5,28-041661d198ff,24.312,BLANK,0C,off
01/10/2023 13:31:43,Chamber 5,28-041661d198ff,24.312,BLANK,0C,off
01/10/2023 13:32:03,Chamber 5,28-041661d198ff,24.312,BLANK,0C,off
01/10/2023 13:32:23,Chamber 5,28-041661d198ff,24.312,BLANK,0C,off
01/10/2023 13:32:44,Chamber 5,28-041661d198ff,24.312,BLANK,0C,off
01/10/2023 13:33:03,Chamber 5,28-041661d198ff,24.312,BLANK,0C,off
01/10/2023 13:33:23,Chamber 5,28-041661d198ff,24.312,BLANK,0C,off
01/10/2023 13:33:43,Chamber 5,28-041661d198ff,24.312,BLANK,0C,off
01/10/2023 13:34:03,Chamber 5,28-041661d198ff,24.312,BLANK,0C,off
01/10/2023 13:34:23,Chamber 5,28-041661d198ff,24.312,BLANK,0C,off
01/10/2023 13:34:43,Chamber 5,28-041661d198ff,24.312,BLANK,0C,off
01/10/2023 13:35:03,Chamber 5,28-041661d198ff,24.312,BLANK,0C,off
01/10/2023 13:35:23,Chamber 5,28-041661d198ff,24.312,BLANK,0C,off
01/10/2023 13:35:43,Chamber 5,28-041661d198ff,24.312,BLANK,0C,off
01/10/2023 13:36:03,Chamber 5,28-041661d198ff,24.312,BLANK,0C,off
01/10/2023 13:36:23,Chamber 5,28-041661d198ff,24.312,BLANK,0C,off
01/10/2023 13:36:43,Chamber 5,28-041661d198ff,24.312,BLANK,0C,off
01/10/2023 13:37:03,Chamber 5,28-041661d198ff,24.312,BLANK,0C,off
01/10/2023 13:37:23,Chamber 5,28-041661d198ff,24.312,BLANK,0C,off
01/10/2023 13:37:43,Chamber 5,28-041661d198ff,24.312,BLANK,0C,off
01/10/2023 13:38:03,Chamber 5,28-041661d198ff,24.312,BLANK,0C,off
01/10/2023 13:38:23,Chamber 5,28-041661d198ff,24.312,BLANK,0C,off
01/10/2023 13:38:43,Chamber 5,28-041661d198ff,24.312,BLANK,0C,off
01/10/2023 13:39:03,Chamber 5,28-041661d198ff,24.312,BLANK,0C,off
01/10/2023 13:39:23,Chamber 5,28-041661d198ff,24.312,BLANK,0C,off
01/10/2023 13:39:43,Chamber 5,28-041661d198ff,24.312,BLANK,0C,off
01/10/2023 13:40:03,Chamber 5,28-041661d198ff,24.375,BLANK,0C,off
01/10/2023 13:40:23,Chamber 5,28-041661d198ff,24.312,BLANK,0C,off
01/10/2023 13:40:43,Chamber 5,28-041661d198ff,24.375,BLANK,0C,off
01/10/2023 13:41:03,Chamber 5,28-041661d198ff,24.375,BLANK,0C,off
01/10/2023 13:41:23,Chamber 5,28-041661d198ff,24.375,BLANK,0C,off
01/10/2023 13:41:43,Chamber 5,28-041661d198ff,24.375,BLANK,0C,off
01/10/2023 13:42:03,Chamber 5,28-041661d198ff,24.375,BLANK,0C,off
01/10/2023 13:42:23,Chamber 5,28-041661d198ff,24.375,BLANK,0C,off
01/10/2023 13:42:43,Chamber 5,28-041661d198ff,24.375,BLANK,0C,off
01/10/2023 13:43:03,Chamber 5,28-041661d198ff,24.375,BLANK,0C,off
01/10/2023 13:43:23,Chamber 5,28-041661d198ff,24.375,BLANK,0C,off
01/10/2023 13:43:43,Chamber 5,28-041661d198ff,24.375,BLANK,0C,off
01/10/2023 13:44:03,Chamber 5,28-041661d198ff,24.375,BLANK,0C,off
01/10/2023 13:44:23,Chamber 5,28-041661d198ff,24.375,BLANK,0C,off
01/10/2023 13:44:43,Chamber 5,28-041661d198ff,24.375,BLANK,0C,off
01/10/2023 13:45:03,Chamber 5,28-041661d198ff,24.375,BLANK,0C,off
01/10/2023 13:45:23,Chamber 5,28-041661d198ff,24.375,BLANK,0C,off
01/10/2023 13:45:43,Chamber 5,28-041661d198ff,24.375,BLANK,0C,off
01/10/2023 13:46:03,Chamber 5,28-041661d198ff,24.375,BLANK,0C,off
01/10/2023 13:46:23,Chamber 5,28-041661d198ff,24.375,BLANK,0C,off
01/10/2023 13:46:43,Chamber 5,28-041661d198ff,24.375,BLANK,0C,off
01/10/2023 13:47:03,Chamber 5,28-041661d198ff,24.375,BLANK,0C,off
01/10/2023 13:47:23,Chamber 5,28-041661d198ff,24.375,BLANK,0C,off
01/10/2023 13:47:43,Chamber 5,28-041661d198ff,24.375,BLANK,0C,off
01/10/2023 13:48:03,Chamber 5,28-041661d198ff,24.375,BLANK,0C,off
01/10/2023 13:48:23,Chamber 5,28-041661d198ff,24.375,BLANK,0C,off
01/10/2023 13:48:43,Chamber 5,28-041661d198ff,24.375,BLANK,0C,off
01/10/2023 13:49:03,Chamber 5,28-041661d198ff,24.375,BLANK,0C,off
01/10/2023 13:49:23,Chamber 5,28-041661d198ff,24.375,BLANK,0C,off
01/10/2023 13:49:43,Chamber 5,28-041661d198ff,24.375,BLANK,0C,off
01/10/2023 13:50:03,Chamber 5,28-041661d198ff,24.375,BLANK,0C,off
01/10/2023 13:50:23,Chamber 5,28-041661d198ff,24.375,BLANK,0C,off
01/10/2023 13:50:43,Chamber 5,28-041661d198ff,24.375,BLANK,0C,off
01/10/2023 13:51:03,Chamber 5,28-041661d198ff,24.375,BLANK,0C,off
01/10/2023 13:51:23,Chamber 5,28-041661d198ff,24.375,BLANK,0C,off
01/10/2023 13:51:43,Chamber 5,28-041661d198ff,24.437,BLANK,0C,off
01/10/2023 13:52:03,Chamber 5,28-041661d198ff,24.375,BLANK,0C,off
01/10/2023 13:52:23,Chamber 5,28-041661d198ff,24.375,BLANK,0C,off
01/10/2023 13:52:43,Chamber 5,28-041661d198ff,24.437,BLANK,0C,off
01/10/2023 13:53:03,Chamber 5,28-041661d198ff,24.437,BLANK,0C,off
01/10/2023 13:53:23,Chamber 5,28-041661d198ff,24.437,BLANK,0C,off
01/10/2023 13:53:43,Chamber 5,28-041661d198ff,24.437,BLANK,0C,off
01/10/2023 13:54:03,Chamber 5,28-041661d198ff,24.437,BLANK,0C,off
01/10/2023 13:54:23,Chamber 5,28-041661d198ff,24.437,BLANK,0C,off
01/10/2023 13:54:43,Chamber 5,28-041661d198ff,24.437,BLANK,0C,off
01/10/2023 13:55:03,Chamber 5,28-041661d198ff,24.437,BLANK,0C,off
01/10/2023 13:55:23,Chamber 5,28-041661d198ff,24.437,BLANK,0C,off
01/10/2023 13:55:43,Chamber 5,28-041661d198ff,24.437,BLANK,0C,off
01/10/2023 13:56:03,Chamber 5,28-041661d198ff,24.437,BLANK,0C,off
01/10/2023 13:56:23,Chamber 5,28-041661d198ff,24.437,BLANK,0C,off
01/10/2023 13:56:44,Chamber 5,28-041661d198ff,24.437,BLANK,0C,off
01/10/2023 13:57:03,Chamber 5,28-041661d198ff,24.437,BLANK,0C,off
01/10/2023 13:57:23,Chamber 5,28-041661d198ff,24.437,BLANK,0C,off
01/10/2023 13:57:43,Chamber 5,28-041661d198ff,24.437,BLANK,0C,off
01/10/2023 13:58:03,Chamber 5,28-041661d198ff,24.437,BLANK,0C,off
01/10/2023 13:58:24,Chamber 5,28-041661d198ff,24.437,BLANK,0C,off
01/10/2023 13:58:43,Chamber 5,28-041661d198ff,24.437,BLANK,0C,off
01/10/2023 13:59:03,Chamber 5,28-041661d198ff,24.437,BLANK,0C,off
01/10/2023 13:59:23,Chamber 5,28-041661d198ff,24.437,BLANK,0C,off
01/10/2023 13:59:43,Chamber 5,28-041661d198ff,24.437,BLANK,0C,off
01/10/2023 14:00:03,Chamber 5,28-041661d198ff,24.437,BLANK,0C,off
01/10/2023 14:00:24,Chamber 5,28-041661d198ff,24.437,BLANK,0C,off
01/10/2023 14:00:43,Chamber 5,28-041661d198ff,24.437,BLANK,0C,off
01/10/2023 14:01:03,Chamber 5,28-041661d198ff,24.437,BLANK,0C,off
01/10/2023 14:01:23,Chamber 5,28-041661d198ff,24.437,BLANK,0C,off
01/10/2023 14:01:43,Chamber 5,28-041661d198ff,24.375,BLANK,0C,off
01/10/2023 14:02:03,Chamber 5,28-041661d198ff,24.375,BLANK,0C,off
01/10/2023 14:02:23,Chamber 5,28-041661d198ff,24.375,BLANK,0C,off
01/10/2023 14:02:43,Chamber 5,28-041661d198ff,24.375,BLANK,0C,off
01/10/2023 14:03:03,Chamber 5,28-041661d198ff,24.375,BLANK,0C,off
01/10/2023 14:03:23,Chamber 5,28-041661d198ff,24.375,BLANK,0C,off
01/10/2023 14:03:43,Chamber 5,28-041661d198ff,24.375,BLANK,0C,off
01/10/2023 14:04:03,Chamber 5,28-041661d198ff,24.375,BLANK,0C,off
01/10/2023 14:04:23,Chamber 5,28-041661d198ff,24.375,BLANK,0C,off
01/10/2023 14:04:43,Chamber 5,28-041661d198ff,24.375,BLANK,0C,off
01/10/2023 14:05:03,Chamber 5,28-041661d198ff,24.312,BLANK,0C,off
01/10/2023 14:05:23,Chamber 5,28-041661d198ff,24.312,BLANK,0C,off
01/10/2023 14:05:43,Chamber 5,28-041661d198ff,24.312,BLANK,0C,off
01/10/2023 14:06:03,Chamber 5,28-041661d198ff,24.312,BLANK,0C,off
01/10/2023 14:06:23,Chamber 5,28-041661d198ff,24.312,BLANK,0C,off
01/10/2023 14:06:43,Chamber 5,28-041661d198ff,24.312,BLANK,0C,off
01/10/2023 14:07:03,Chamber 5,28-041661d198ff,24.312,BLANK,0C,off
01/10/2023 14:07:23,Chamber 5,28-041661d198ff,24.312,BLANK,0C,off
01/10/2023 14:07:43,Chamber 5,28-041661d198ff,24.312,BLANK,0C,off
01/10/2023 14:08:03,Chamber 5,28-041661d198ff,24.312,BLANK,0C,off
01/10/2023 14:08:23,Chamber 5,28-041661d198ff,24.312,BLANK,0C,off
01/10/2023 14:08:43,Chamber 5,28-041661d198ff,24.312,BLANK,0C,off
01/10/2023 14:09:03,Chamber 5,28-041661d198ff,24.312,BLANK,0C,off
01/10/2023 14:09:23,Chamber 5,28-041661d198ff,24.25,BLANK,0C,off
01/10/2023 14:09:43,Chamber 5,28-041661d198ff,24.312,BLANK,0C,off
01/10/2023 14:10:03,Chamber 5,28-041661d198ff,24.312,BLANK,0C,off
01/10/2023 14:10:23,Chamber 5,28-041661d198ff,24.25,BLANK,0C,off
01/10/2023 14:10:43,Chamber 5,28-041661d198ff,24.25,BLANK,0C,off
01/10/2023 14:11:03,Chamber 5,28-041661d198ff,24.25,BLANK,0C,off
01/10/2023 14:11:23,Chamber 5,28-041661d198ff,24.25,BLANK,0C,off
01/10/2023 14:11:43,Chamber 5,28-041661d198ff,24.25,BLANK,0C,off
01/10/2023 14:12:03,Chamber 5,28-041661d198ff,24.25,BLANK,0C,off
01/10/2023 14:12:24,Chamber 5,28-041661d198ff,24.25,BLANK,0C,off
01/10/2023 14:12:43,Chamber 5,28-041661d198ff,24.25,BLANK,0C,off
01/10/2023 14:13:03,Chamber 5,28-041661d198ff,24.25,BLANK,0C,off
01/10/2023 14:13:23,Chamber 5,28-041661d198ff,24.25,BLANK,0C,off
01/10/2023 14:13:43,Chamber 5,28-041661d198ff,24.25,BLANK,0C,off
01/10/2023 14:14:04,Chamber 5,28-041661d198ff,24.187,BLANK,0C,off
01/10/2023 14:14:23,Chamber 5,28-041661d198ff,24.187,BLANK,0C,off
01/10/2023 14:14:43,Chamber 5,28-041661d198ff,24.187,BLANK,0C,off
01/10/2023 14:15:03,Chamber 5,28-041661d198ff,24.187,BLANK,0C,off
01/10/2023 14:15:23,Chamber 5,28-041661d198ff,24.187,BLANK,0C,off
01/10/2023 14:15:43,Chamber 5,28-041661d198ff,24.25,BLANK,0C,off
01/10/2023 14:16:03,Chamber 5,28-041661d198ff,24.25,BLANK,0C,off
01/10/2023 14:16:23,Chamber 5,28-041661d198ff,24.25,BLANK,0C,off
01/10/2023 14:16:43,Chamber 5,28-041661d198ff,24.187,BLANK,0C,off
01/10/2023 14:17:03,Chamber 5,28-041661d198ff,24.25,BLANK,0C,off
01/10/2023 14:17:23,Chamber 5,28-041661d198ff,24.187,BLANK,0C,off
01/10/2023 14:17:43,Chamber 5,28-041661d198ff,24.187,BLANK,0C,off
01/10/2023 14:18:03,Chamber 5,28-041661d198ff,24.187,BLANK,0C,off
01/10/2023 14:18:24,Chamber 5,28-041661d198ff,24.25,BLANK,0C,off
01/10/2023 14:18:43,Chamber 5,28-041661d198ff,24.25,BLANK,0C,off
01/10/2023 14:19:03,Chamber 5,28-041661d198ff,24.25,BLANK,0C,off
01/10/2023 14:19:23,Chamber 5,28-041661d198ff,24.25,BLANK,0C,off
01/10/2023 14:19:43,Chamber 5,28-041661d198ff,24.25,BLANK,0C,off
01/10/2023 14:20:03,Chamber 5,28-041661d198ff,24.25,BLANK,0C,off
01/10/2023 14:20:23,Chamber 5,28-041661d198ff,24.25,BLANK,0C,off
01/10/2023 14:20:43,Chamber 5,28-041661d198ff,24.25,BLANK,0C,off
01/10/2023 14:21:03,Chamber 5,28-041661d198ff,24.25,BLANK,0C,off
01/10/2023 14:21:23,Chamber 5,28-041661d198ff,24.25,BLANK,0C,off
01/10/2023 14:21:43,Chamber 5,28-041661d198ff,24.187,BLANK,0C,off
01/10/2023 14:22:03,Chamber 5,28-041661d198ff,24.25,BLANK,0C,off
01/10/2023 14:22:23,Chamber 5,28-041661d198ff,24.25,BLANK,0C,off
01/10/2023 14:22:43,Chamber 5,28-041661d198ff,24.187,BLANK,0C,off
01/10/2023 14:23:03,Chamber 5,28-041661d198ff,24.187,BLANK,0C,off
01/10/2023 14:23:23,Chamber 5,28-041661d198ff,24.187,BLANK,0C,off
01/10/2023 14:23:43,Chamber 5,28-041661d198ff,24.25,BLANK,0C,off
01/10/2023 14:24:03,Chamber 5,28-041661d198ff,24.25,BLANK,0C,off
01/10/2023 14:24:23,Chamber 5,28-041661d198ff,24.187,BLANK,0C,off
01/10/2023 14:24:43,Chamber 5,28-041661d198ff,24.187,BLANK,0C,off
01/10/2023 14:25:03,Chamber 5,28-041661d198ff,24.187,BLANK,0C,off
01/10/2023 14:25:23,Chamber 5,28-041661d198ff,24.187,BLANK,0C,off
01/10/2023 14:25:43,Chamber 5,28-041661d198ff,24.187,BLANK,0C,off
01/10/2023 14:26:03,Chamber 5,28-041661d198ff,24.187,BLANK,0C,off
01/10/2023 14:26:23,Chamber 5,28-041661d198ff,24.187,BLANK,0C,off
01/10/2023 14:26:45,Chamber 5,28-041661d198ff,24.187,BLANK,0C,off
01/10/2023 14:27:03,Chamber 5,28-041661d198ff,24.187,BLANK,0C,off
01/10/2023 14:27:23,Chamber 5,28-041661d198ff,24.187,BLANK,0C,off
01/10/2023 14:27:43,Chamber 5,28-041661d198ff,24.187,BLANK,0C,off
01/10/2023 14:28:04,Chamber 5,28-041661d198ff,24.187,BLANK,0C,off
01/10/2023 14:28:23,Chamber 5,28-041661d198ff,24.187,BLANK,0C,off
01/10/2023 14:28:43,Chamber 5,28-041661d198ff,24.187,BLANK,0C,off
01/10/2023 14:29:03,Chamber 5,28-041661d198ff,24.187,BLANK,0C,off
01/10/2023 14:29:23,Chamber 5,28-041661d198ff,24.187,BLANK,0C,off
01/10/2023 14:29:43,Chamber 5,28-041661d198ff,24.187,BLANK,0C,off
01/10/2023 14:30:03,Chamber 5,28-041661d198ff,24.187,BLANK,0C,off
01/10/2023 14:30:23,Chamber 5,28-041661d198ff,24.187,BLANK,0C,off
01/10/2023 14:30:43,Chamber 5,28-041661d198ff,24.187,BLANK,0C,off
01/10/2023 14:31:03,Chamber 5,28-041661d198ff,24.187,BLANK,0C,off
01/10/2023 14:31:23,Chamber 5,28-041661d198ff,24.187,BLANK,0C,off
01/10/2023 14:31:43,Chamber 5,28-041661d198ff,24.187,BLANK,0C,off
01/10/2023 14:32:03,Chamber 5,28-041661d198ff,24.125,BLANK,0C,off
01/10/2023 14:32:23,Chamber 5,28-041661d198ff,24.125,BLANK,0C,off
01/10/2023 14:32:43,Chamber 5,28-041661d198ff,24.125,BLANK,0C,off
01/10/2023 14:33:04,Chamber 5,28-041661d198ff,24.125,BLANK,0C,off
01/10/2023 14:33:23,Chamber 5,28-041661d198ff,24.125,BLANK,0C,off
01/10/2023 14:33:43,Chamber 5,28-041661d198ff,24.125,BLANK,0C,off
01/10/2023 14:34:03,Chamber 5,28-041661d198ff,24.125,BLANK,0C,off
01/10/2023 14:34:24,Chamber 5,28-041661d198ff,24.125,BLANK,0C,off
01/10/2023 14:34:43,Chamber 5,28-041661d198ff,24.125,BLANK,0C,off
01/10/2023 14:35:03,Chamber 5,28-041661d198ff,24.125,BLANK,0C,off
01/10/2023 14:35:23,Chamber 5,28-041661d198ff,24.125,BLANK,0C,off
01/10/2023 14:35:43,Chamber 5,28-041661d198ff,24.125,BLANK,0C,off
01/10/2023 14:36:03,Chamber 5,28-041661d198ff,24.125,BLANK,0C,off
01/10/2023 14:36:23,Chamber 5,28-041661d198ff,24.125,BLANK,0C,off
01/10/2023 14:36:43,Chamber 5,28-041661d198ff,24.125,BLANK,0C,off
01/10/2023 14:37:03,Chamber 5,28-041661d198ff,24.125,BLANK,0C,off
01/10/2023 14:37:23,Chamber 5,28-041661d198ff,24.125,BLANK,0C,off
01/10/2023 14:37:43,Chamber 5,28-041661d198ff,24.125,BLANK,0C,off
01/10/2023 14:38:03,Chamber 5,28-041661d198ff,24.125,BLANK,0C,off
01/10/2023 14:38:23,Chamber 5,28-041661d198ff,24.125,BLANK,0C,off
01/10/2023 14:38:44,Chamber 5,28-041661d198ff,24.125,BLANK,0C,off
01/10/2023 14:39:03,Chamber 5,28-041661d198ff,24.125,BLANK,0C,off
01/10/2023 14:39:23,Chamber 5,28-041661d198ff,24.125,BLANK,0C,off
01/10/2023 14:39:44,Chamber 5,28-041661d198ff,24.062,BLANK,0C,off
01/10/2023 14:40:03,Chamber 5,28-041661d198ff,24.125,BLANK,0C,off
01/10/2023 14:40:23,Chamber 5,28-041661d198ff,24.062,BLANK,0C,off
01/10/2023 14:40:43,Chamber 5,28-041661d198ff,24.062,BLANK,0C,off
01/10/2023 14:41:03,Chamber 5,28-041661d198ff,24.062,BLANK,0C,off
01/10/2023 14:41:23,Chamber 5,28-041661d198ff,24.062,BLANK,0C,off
01/10/2023 14:41:43,Chamber 5,28-041661d198ff,24.062,BLANK,0C,off
01/10/2023 14:42:03,Chamber 5,28-041661d198ff,24.062,BLANK,0C,off
01/10/2023 14:42:23,Chamber 5,28-041661d198ff,24.062,BLANK,0C,off
01/10/2023 14:42:43,Chamber 5,28-041661d198ff,24.062,BLANK,0C,off
01/10/2023 14:43:03,Chamber 5,28-041661d198ff,24.062,BLANK,0C,off
01/10/2023 14:43:23,Chamber 5,28-041661d198ff,24.062,BLANK,0C,off
01/10/2023 14:43:43,Chamber 5,28-041661d198ff,24.062,BLANK,0C,off
01/10/2023 14:44:03,Chamber 5,28-041661d198ff,24.062,BLANK,0C,off
01/10/2023 14:44:23,Chamber 5,28-041661d198ff,24.062,BLANK,0C,off
01/10/2023 14:44:43,Chamber 5,28-041661d198ff,24.062,BLANK,0C,off
01/10/2023 14:45:03,Chamber 5,28-041661d198ff,24.062,BLANK,0C,off
01/10/2023 14:45:23,Chamber 5,28-041661d198ff,24.062,BLANK,0C,off
01/10/2023 14:45:43,Chamber 5,28-041661d198ff,24.062,BLANK,0C,off
01/10/2023 14:46:03,Chamber 5,28-041661d198ff,24.062,BLANK,0C,off
01/10/2023 14:46:24,Chamber 5,28-041661d198ff,24.062,BLANK,0C,off
01/10/2023 14:46:43,Chamber 5,28-041661d198ff,24.062,BLANK,0C,off
01/10/2023 14:47:03,Chamber 5,28-041661d198ff,24.062,BLANK,0C,off
01/10/2023 14:47:23,Chamber 5,28-041661d198ff,24.062,BLANK,0C,off
01/10/2023 14:47:43,Chamber 5,28-041661d198ff,24.062,BLANK,0C,off
01/10/2023 14:48:04,Chamber 5,28-041661d198ff,24.062,BLANK,0C,off
01/10/2023 14:48:23,Chamber 5,28-041661d198ff,24.062,BLANK,0C,off
01/10/2023 14:48:43,Chamber 5,28-041661d198ff,24.062,BLANK,0C,off
01/10/2023 14:49:03,Chamber 5,28-041661d198ff,24.062,BLANK,0C,off
01/10/2023 14:49:23,Chamber 5,28-041661d198ff,24.062,BLANK,0C,off
01/10/2023 14:49:43,Chamber 5,28-041661d198ff,24.062,BLANK,0C,off
01/10/2023 14:50:03,Chamber 5,28-041661d198ff,24.062,BLANK,0C,off
01/10/2023 14:50:23,Chamber 5,28-041661d198ff,24.062,BLANK,0C,off
01/10/2023 14:50:43,Chamber 5,28-041661d198ff,24.062,BLANK,0C,off
01/10/2023 14:51:03,Chamber 5,28-041661d198ff,24.062,BLANK,0C,off
01/10/2023 14:51:23,Chamber 5,28-041661d198ff,24.062,BLANK,0C,off
01/10/2023 14:51:43,Chamber 5,28-041661d198ff,24.062,BLANK,0C,off
01/10/2023 14:52:03,Chamber 5,28-041661d198ff,24.062,BLANK,0C,off
01/10/2023 14:52:23,Chamber 5,28-041661d198ff,24.062,BLANK,0C,off
01/10/2023 14:52:43,Chamber 5,28-041661d198ff,24.062,BLANK,0C,off
01/10/2023 14:53:03,Chamber 5,28-041661d198ff,24.062,BLANK,0C,off
01/10/2023 14:53:23,Chamber 5,28-041661d198ff,24.062,BLANK,0C,off
01/10/2023 14:53:43,Chamber 5,28-041661d198ff,24.062,BLANK,0C,off
01/10/2023 14:54:03,Chamber 5,28-041661d198ff,24.0,BLANK,0C,off
01/10/2023 14:54:23,Chamber 5,28-041661d198ff,24.0,BLANK,0C,off
01/10/2023 14:54:43,Chamber 5,28-041661d198ff,24.0,BLANK,0C,off
01/10/2023 14:55:04,Chamber 5,28-041661d198ff,24.062,BLANK,0C,off
01/10/2023 14:55:23,Chamber 5,28-041661d198ff,24.062,BLANK,0C,off
01/10/2023 14:55:43,Chamber 5,28-041661d198ff,24.0,BLANK,0C,off
01/10/2023 14:56:03,Chamber 5,28-041661d198ff,24.0,BLANK,0C,off
01/10/2023 14:56:23,Chamber 5,28-041661d198ff,24.0,BLANK,0C,off
01/10/2023 14:56:45,Chamber 5,28-041661d198ff,24.062,BLANK,0C,off
01/10/2023 14:57:03,Chamber 5,28-041661d198ff,24.0,BLANK,0C,off
01/10/2023 14:57:23,Chamber 5,28-041661d198ff,24.0,BLANK,0C,off
01/10/2023 14:57:43,Chamber 5,28-041661d198ff,24.0,BLANK,0C,off
01/10/2023 14:58:04,Chamber 5,28-041661d198ff,24.0,BLANK,0C,off
01/10/2023 14:58:23,Chamber 5,28-041661d198ff,24.0,BLANK,0C,off
01/10/2023 14:58:43,Chamber 5,28-041661d198ff,24.0,BLANK,0C,off
01/10/2023 14:59:03,Chamber 5,28-041661d198ff,24.0,BLANK,0C,off
01/10/2023 14:59:23,Chamber 5,28-041661d198ff,24.0,BLANK,0C,off
01/10/2023 14:59:43,Chamber 5,28-041661d198ff,24.0,BLANK,0C,off
01/10/2023 15:00:03,Chamber 5,28-041661d198ff,24.0,BLANK,0C,off
01/10/2023 15:00:23,Chamber 5,28-041661d198ff,24.0,BLANK,0C,off
01/10/2023 15:00:43,Chamber 5,28-041661d198ff,24.0,BLANK,0C,off
01/10/2023 15:01:03,Chamber 5,28-041661d198ff,24.0,BLANK,0C,off
01/10/2023 15:01:23,Chamber 5,28-041661d198ff,24.0,BLANK,0C,off
01/10/2023 15:01:43,Chamber 5,28-041661d198ff,24.0,BLANK,0C,off
01/10/2023 15:02:03,Chamber 5,28-041661d198ff,24.0,BLANK,0C,off
01/10/2023 15:02:23,Chamber 5,28-041661d198ff,24.0,BLANK,0C,off
01/10/2023 15:02:43,Chamber 5,28-041661d198ff,24.0,BLANK,0C,off
01/10/2023 15:03:03,Chamber 5,28-041661d198ff,24.0,BLANK,0C,off
01/10/2023 15:03:23,Chamber 5,28-041661d198ff,24.0,BLANK,0C,off
01/10/2023 15:03:43,Chamber 5,28-041661d198ff,24.0,BLANK,0C,off
01/10/2023 15:04:03,Chamber 5,28-041661d198ff,24.0,BLANK,0C,off
01/10/2023 15:04:23,Chamber 5,28-041661d198ff,24.0,BLANK,0C,off
01/10/2023 15:04:43,Chamber 5,28-041661d198ff,24.0,BLANK,0C,off
01/10/2023 15:05:03,Chamber 5,28-041661d198ff,24.0,BLANK,0C,off
01/10/2023 15:05:24,Chamber 5,28-041661d198ff,24.0,BLANK,0C,off
01/10/2023 15:05:43,Chamber 5,28-041661d198ff,24.0,BLANK,0C,off
01/10/2023 15:06:03,Chamber 5,28-041661d198ff,24.0,BLANK,0C,off
01/10/2023 15:06:23,Chamber 5,28-041661d198ff,24.0,BLANK,0C,off
01/10/2023 15:06:43,Chamber 5,28-041661d198ff,24.0,BLANK,0C,off
01/10/2023 15:07:03,Chamber 5,28-041661d198ff,24.0,BLANK,0C,off
01/10/2023 15:07:23,Chamber 5,28-041661d198ff,24.0,BLANK,0C,off
01/10/2023 15:07:43,Chamber 5,28-041661d198ff,24.0,BLANK,0C,off
01/10/2023 15:08:03,Chamber 5,28-041661d198ff,23.937,BLANK,0C,off
01/10/2023 15:08:25,Chamber 5,28-041661d198ff,24.0,BLANK,0C,off
01/10/2023 15:08:44,Chamber 5,28-041661d198ff,24.0,BLANK,0C,off
01/10/2023 15:09:03,Chamber 5,28-041661d198ff,23.937,BLANK,0C,off
01/10/2023 15:09:23,Chamber 5,28-041661d198ff,23.937,BLANK,0C,off
01/10/2023 15:09:43,Chamber 5,28-041661d198ff,23.937,BLANK,0C,off
01/10/2023 15:10:03,Chamber 5,28-041661d198ff,23.937,BLANK,0C,off
01/10/2023 15:10:23,Chamber 5,28-041661d198ff,23.937,BLANK,0C,off
01/10/2023 15:10:43,Chamber 5,28-041661d198ff,23.937,BLANK,0C,off
01/10/2023 15:11:03,Chamber 5,28-041661d198ff,23.937,BLANK,0C,off
01/10/2023 15:11:23,Chamber 5,28-041661d198ff,23.937,BLANK,0C,off
01/10/2023 15:11:43,Chamber 5,28-041661d198ff,23.937,BLANK,0C,off
01/10/2023 15:12:04,Chamber 5,28-041661d198ff,23.937,BLANK,0C,off
01/10/2023 15:12:23,Chamber 5,28-041661d198ff,23.937,BLANK,0C,off
01/10/2023 15:12:43,Chamber 5,28-041661d198ff,23.937,BLANK,0C,off
01/10/2023 15:13:03,Chamber 5,28-041661d198ff,23.937,BLANK,0C,off
01/10/2023 15:13:24,Chamber 5,28-041661d198ff,23.937,BLANK,0C,off
01/10/2023 15:13:44,Chamber 5,28-041661d198ff,23.937,BLANK,0C,off
01/10/2023 15:14:03,Chamber 5,28-041661d198ff,23.937,BLANK,0C,off
01/10/2023 15:14:24,Chamber 5,28-041661d198ff,23.937,BLANK,0C,off
01/10/2023 15:14:43,Chamber 5,28-041661d198ff,23.937,BLANK,0C,off
01/10/2023 15:15:03,Chamber 5,28-041661d198ff,23.937,BLANK,0C,off
01/10/2023 15:15:23,Chamber 5,28-041661d198ff,23.937,BLANK,0C,off
01/10/2023 15:15:43,Chamber 5,28-041661d198ff,23.937,BLANK,0C,off
01/10/2023 15:16:03,Chamber 5,28-041661d198ff,23.937,BLANK,0C,off
01/10/2023 15:16:23,Chamber 5,28-041661d198ff,23.937,BLANK,0C,off
01/10/2023 15:16:43,Chamber 5,28-041661d198ff,23.937,BLANK,0C,off
01/10/2023 15:17:03,Chamber 5,28-041661d198ff,23.937,BLANK,0C,off
01/10/2023 15:17:23,Chamber 5,28-041661d198ff,23.937,BLANK,0C,off
01/10/2023 15:17:43,Chamber 5,28-041661d198ff,23.937,BLANK,0C,off
01/10/2023 15:18:04,Chamber 5,28-041661d198ff,23.937,BLANK,0C,off
01/10/2023 15:18:23,Chamber 5,28-041661d198ff,23.937,BLANK,0C,off
01/10/2023 15:18:43,Chamber 5,28-041661d198ff,23.937,BLANK,0C,off
01/10/2023 15:19:03,Chamber 5,28-041661d198ff,23.937,BLANK,0C,off
01/10/2023 15:19:25,Chamber 5,28-041661d198ff,23.937,BLANK,0C,off
01/10/2023 15:19:43,Chamber 5,28-041661d198ff,23.937,BLANK,0C,off
01/10/2023 15:20:03,Chamber 5,28-041661d198ff,23.937,BLANK,0C,off
01/10/2023 15:20:23,Chamber 5,28-041661d198ff,23.937,BLANK,0C,off
01/10/2023 15:20:43,Chamber 5,28-041661d198ff,23.937,BLANK,0C,off
01/10/2023 15:21:03,Chamber 5,28-041661d198ff,23.937,BLANK,0C,off
01/10/2023 15:21:23,Chamber 5,28-041661d198ff,23.937,BLANK,0C,off
01/10/2023 15:21:43,Chamber 5,28-041661d198ff,23.937,BLANK,0C,off
01/10/2023 15:22:03,Chamber 5,28-041661d198ff,23.937,BLANK,0C,off
01/10/2023 15:22:23,Chamber 5,28-041661d198ff,23.937,BLANK,0C,off
01/10/2023 15:22:43,Chamber 5,28-041661d198ff,23.937,BLANK,0C,off
01/10/2023 15:23:03,Chamber 5,28-041661d198ff,23.937,BLANK,0C,off
01/10/2023 15:23:23,Chamber 5,28-041661d198ff,23.937,BLANK,0C,off
01/10/2023 15:23:43,Chamber 5,28-041661d198ff,23.937,BLANK,0C,off
01/10/2023 15:24:03,Chamber 5,28-041661d198ff,23.937,BLANK,0C,off
01/10/2023 15:24:23,Chamber 5,28-041661d198ff,23.937,BLANK,0C,off
01/10/2023 15:24:43,Chamber 5,28-041661d198ff,23.875,BLANK,0C,off
01/10/2023 15:25:03,Chamber 5,28-041661d198ff,23.937,BLANK,0C,off
01/10/2023 15:25:23,Chamber 5,28-041661d198ff,23.937,BLANK,0C,off
01/10/2023 15:25:43,Chamber 5,28-041661d198ff,23.937,BLANK,0C,off
01/10/2023 15:26:03,Chamber 5,28-041661d198ff,23.937,BLANK,0C,off
01/10/2023 15:26:23,Chamber 5,28-041661d198ff,23.875,BLANK,0C,off
01/10/2023 15:26:43,Chamber 5,28-041661d198ff,23.937,BLANK,0C,off
01/10/2023 15:27:03,Chamber 5,28-041661d198ff,23.937,BLANK,0C,off
01/10/2023 15:27:23,Chamber 5,28-041661d198ff,23.875,BLANK,0C,off
01/10/2023 15:27:44,Chamber 5,28-041661d198ff,23.937,BLANK,0C,off
01/10/2023 15:28:03,Chamber 5,28-041661d198ff,23.937,BLANK,0C,off
01/10/2023 15:28:23,Chamber 5,28-041661d198ff,23.875,BLANK,0C,off
01/10/2023 15:28:43,Chamber 5,28-041661d198ff,23.937,BLANK,0C,off
01/10/2023 15:29:04,Chamber 5,28-041661d198ff,23.875,BLANK,0C,off
01/10/2023 15:29:23,Chamber 5,28-041661d198ff,23.875,BLANK,0C,off
01/10/2023 15:29:43,Chamber 5,28-041661d198ff,23.875,BLANK,0C,off
01/10/2023 15:30:03,Chamber 5,28-041661d198ff,23.875,BLANK,0C,off
01/10/2023 15:30:23,Chamber 5,28-041661d198ff,23.875,BLANK,0C,off
01/10/2023 15:30:43,Chamber 5,28-041661d198ff,23.875,BLANK,0C,off
01/10/2023 15:31:03,Chamber 5,28-041661d198ff,23.875,BLANK,0C,off
01/10/2023 15:31:23,Chamber 5,28-041661d198ff,23.875,BLANK,0C,off
01/10/2023 15:31:43,Chamber 5,28-041661d198ff,23.875,BLANK,0C,off
01/10/2023 15:32:03,Chamber 5,28-041661d198ff,23.875,BLANK,0C,off
01/10/2023 15:32:23,Chamber 5,28-041661d198ff,23.875,BLANK,0C,off
01/10/2023 15:32:43,Chamber 5,28-041661d198ff,23.875,BLANK,0C,off
01/10/2023 15:33:03,Chamber 5,28-041661d198ff,23.875,BLANK,0C,off
01/10/2023 15:33:23,Chamber 5,28-041661d198ff,23.875,BLANK,0C,off
01/10/2023 15:33:43,Chamber 5,28-041661d198ff,23.937,BLANK,0C,off
01/10/2023 15:34:03,Chamber 5,28-041661d198ff,23.875,BLANK,0C,off
01/10/2023 15:34:23,Chamber 5,28-041661d198ff,23.937,BLANK,0C,off
01/10/2023 15:34:44,Chamber 5,28-041661d198ff,23.937,BLANK,0C,off
01/10/2023 15:35:03,Chamber 5,28-041661d198ff,23.937,BLANK,0C,off
01/10/2023 15:35:23,Chamber 5,28-041661d198ff,23.875,BLANK,0C,off
01/10/2023 15:35:43,Chamber 5,28-041661d198ff,23.937,BLANK,0C,off
01/10/2023 15:36:03,Chamber 5,28-041661d198ff,23.937,BLANK,0C,off
01/10/2023 15:36:23,Chamber 5,28-041661d198ff,23.875,BLANK,0C,off
01/10/2023 15:36:43,Chamber 5,28-041661d198ff,23.937,BLANK,0C,off
01/10/2023 15:37:03,Chamber 5,28-041661d198ff,23.937,BLANK,0C,off
01/10/2023 15:37:23,Chamber 5,28-041661d198ff,23.875,BLANK,0C,off
01/10/2023 15:37:43,Chamber 5,28-041661d198ff,23.937,BLANK,0C,off
01/10/2023 15:38:03,Chamber 5,28-041661d198ff,23.875,BLANK,0C,off
01/10/2023 15:38:23,Chamber 5,28-041661d198ff,23.875,BLANK,0C,off
01/10/2023 15:38:43,Chamber 5,28-041661d198ff,23.875,BLANK,0C,off
01/10/2023 15:39:03,Chamber 5,28-041661d198ff,23.875,BLANK,0C,off
01/10/2023 15:39:23,Chamber 5,28-041661d198ff,23.875,BLANK,0C,off
01/10/2023 15:39:43,Chamber 5,28-041661d198ff,23.875,BLANK,0C,off
01/10/2023 15:40:04,Chamber 5,28-041661d198ff,23.875,BLANK,0C,off
01/10/2023 15:40:23,Chamber 5,28-041661d198ff,23.875,BLANK,0C,off
01/10/2023 15:40:43,Chamber 5,28-041661d198ff,23.875,BLANK,0C,off
01/10/2023 15:41:03,Chamber 5,28-041661d198ff,23.875,BLANK,0C,off
01/10/2023 15:41:23,Chamber 5,28-041661d198ff,23.875,BLANK,0C,off
01/10/2023 15:41:43,Chamber 5,28-041661d198ff,23.875,BLANK,0C,off
01/10/2023 15:42:03,Chamber 5,28-041661d198ff,23.875,BLANK,0C,off
01/10/2023 15:42:23,Chamber 5,28-041661d198ff,23.875,BLANK,0C,off
01/10/2023 15:42:43,Chamber 5,28-041661d198ff,23.875,BLANK,0C,off
01/10/2023 15:43:03,Chamber 5,28-041661d198ff,23.875,BLANK,0C,off
01/10/2023 15:43:23,Chamber 5,28-041661d198ff,23.875,BLANK,0C,off
01/10/2023 15:43:45,Chamber 5,28-041661d198ff,23.875,BLANK,0C,off
01/10/2023 15:44:03,Chamber 5,28-041661d198ff,23.875,BLANK,0C,off
01/10/2023 15:44:23,Chamber 5,28-041661d198ff,23.875,BLANK,0C,off
01/10/2023 15:44:43,Chamber 5,28-041661d198ff,23.875,BLANK,0C,off
01/10/2023 15:45:03,Chamber 5,28-041661d198ff,23.875,BLANK,0C,off
01/10/2023 15:45:24,Chamber 5,28-041661d198ff,23.875,BLANK,0C,off
01/10/2023 15:45:43,Chamber 5,28-041661d198ff,23.875,BLANK,0C,off
01/10/2023 15:46:03,Chamber 5,28-041661d198ff,23.875,BLANK,0C,off
01/10/2023 15:46:23,Chamber 5,28-041661d198ff,23.875,BLANK,0C,off
01/10/2023 15:46:43,Chamber 5,28-041661d198ff,23.875,BLANK,0C,off
01/10/2023 15:47:03,Chamber 5,28-041661d198ff,23.875,BLANK,0C,off
01/10/2023 15:47:23,Chamber 5,28-041661d198ff,23.875,BLANK,0C,off
01/10/2023 15:47:43,Chamber 5,28-041661d198ff,23.875,BLANK,0C,off
01/10/2023 15:48:03,Chamber 5,28-041661d198ff,23.875,BLANK,0C,off
01/10/2023 15:48:23,Chamber 5,28-041661d198ff,23.875,BLANK,0C,off
01/10/2023 15:48:43,Chamber 5,28-041661d198ff,23.875,BLANK,0C,off
01/10/2023 15:49:03,Chamber 5,28-041661d198ff,23.875,BLANK,0C,off
01/10/2023 15:49:23,Chamber 5,28-041661d198ff,23.875,BLANK,0C,off
01/10/2023 15:49:43,Chamber 5,28-041661d198ff,23.875,BLANK,0C,off
01/10/2023 15:50:03,Chamber 5,28-041661d198ff,23.875,BLANK,0C,off
01/10/2023 15:50:23,Chamber 5,28-041661d198ff,23.875,BLANK,0C,off
01/10/2023 15:50:44,Chamber 5,28-041661d198ff,23.875,BLANK,0C,off
01/10/2023 15:51:03,Chamber 5,28-041661d198ff,23.875,BLANK,0C,off
01/10/2023 15:51:23,Chamber 5,28-041661d198ff,23.875,BLANK,0C,off
01/10/2023 15:51:43,Chamber 5,28-041661d198ff,23.875,BLANK,0C,off
01/10/2023 15:52:03,Chamber 5,28-041661d198ff,23.875,BLANK,0C,off
01/10/2023 15:52:23,Chamber 5,28-041661d198ff,23.875,BLANK,0C,off
01/10/2023 15:52:43,Chamber 5,28-041661d198ff,23.875,BLANK,0C,off
01/10/2023 15:53:03,Chamber 5,28-041661d198ff,23.875,BLANK,0C,off
01/10/2023 15:53:23,Chamber 5,28-041661d198ff,23.875,BLANK,0C,off
01/10/2023 15:53:43,Chamber 5,28-041661d198ff,23.875,BLANK,0C,off
01/10/2023 15:54:03,Chamber 5,28-041661d198ff,23.875,BLANK,0C,off
01/10/2023 15:54:24,Chamber 5,28-041661d198ff,23.875,BLANK,0C,off
01/10/2023 15:54:44,Chamber 5,28-041661d198ff,23.875,BLANK,0C,off
01/10/2023 15:55:03,Chamber 5,28-041661d198ff,23.875,BLANK,0C,off
01/10/2023 15:55:25,Chamber 5,28-041661d198ff,23.875,BLANK,0C,off
01/10/2023 15:55:43,Chamber 5,28-041661d198ff,23.875,BLANK,0C,off
01/10/2023 15:56:03,Chamber 5,28-041661d198ff,23.875,BLANK,0C,off
01/10/2023 15:56:23,Chamber 5,28-041661d198ff,23.812,BLANK,0C,off
01/10/2023 15:56:43,Chamber 5,28-041661d198ff,23.812,BLANK,0C,off
01/10/2023 15:57:03,Chamber 5,28-041661d198ff,23.812,BLANK,0C,off
01/10/2023 15:57:23,Chamber 5,28-041661d198ff,23.875,BLANK,0C,off
01/10/2023 15:57:43,Chamber 5,28-041661d198ff,23.875,BLANK,0C,off
01/10/2023 15:58:03,Chamber 5,28-041661d198ff,23.812,BLANK,0C,off
01/10/2023 15:58:23,Chamber 5,28-041661d198ff,23.812,BLANK,0C,off
01/10/2023 15:58:43,Chamber 5,28-041661d198ff,23.812,BLANK,0C,off
01/10/2023 15:59:03,Chamber 5,28-041661d198ff,23.812,BLANK,0C,off
01/10/2023 15:59:23,Chamber 5,28-041661d198ff,23.812,BLANK,0C,off
01/10/2023 15:59:43,Chamber 5,28-041661d198ff,23.812,BLANK,0C,off
01/10/2023 16:00:03,Chamber 5,28-041661d198ff,23.875,BLANK,0C,off
01/10/2023 16:00:23,Chamber 5,28-041661d198ff,23.812,BLANK,0C,off
01/10/2023 16:00:43,Chamber 5,28-041661d198ff,23.812,BLANK,0C,off
01/10/2023 16:01:03,Chamber 5,28-041661d198ff,23.812,BLANK,0C,off
01/10/2023 16:01:23,Chamber 5,28-041661d198ff,23.812,BLANK,0C,off
01/10/2023 16:01:43,Chamber 5,28-041661d198ff,23.875,BLANK,0C,off
01/10/2023 16:02:03,Chamber 5,28-041661d198ff,23.812,BLANK,0C,off
01/10/2023 16:02:23,Chamber 5,28-041661d198ff,23.812,BLANK,0C,off
01/10/2023 16:02:43,Chamber 5,28-041661d198ff,23.875,BLANK,0C,off
01/10/2023 16:03:03,Chamber 5,28-041661d198ff,23.875,BLANK,0C,off
01/10/2023 16:03:23,Chamber 5,28-041661d198ff,23.875,BLANK,0C,off
01/10/2023 16:03:43,Chamber 5,28-041661d198ff,23.812,BLANK,0C,off
01/10/2023 16:04:03,Chamber 5,28-041661d198ff,23.875,BLANK,0C,off
01/10/2023 16:04:23,Chamber 5,28-041661d198ff,23.812,BLANK,0C,off
01/10/2023 16:04:43,Chamber 5,28-041661d198ff,23.875,BLANK,0C,off
01/10/2023 16:05:03,Chamber 5,28-041661d198ff,23.875,BLANK,0C,off
01/10/2023 16:05:23,Chamber 5,28-041661d198ff,23.812,BLANK,0C,off
01/10/2023 16:05:43,Chamber 5,28-041661d198ff,23.875,BLANK,0C,off
01/10/2023 16:06:03,Chamber 5,28-041661d198ff,23.812,BLANK,0C,off
01/10/2023 16:06:23,Chamber 5,28-041661d198ff,23.812,BLANK,0C,off
01/10/2023 16:06:43,Chamber 5,28-041661d198ff,23.812,BLANK,0C,off
01/10/2023 16:07:03,Chamber 5,28-041661d198ff,23.812,BLANK,0C,off
01/10/2023 16:07:23,Chamber 5,28-041661d198ff,23.812,BLANK,0C,off
01/10/2023 16:07:43,Chamber 5,28-041661d198ff,23.812,BLANK,0C,off
01/10/2023 16:08:03,Chamber 5,28-041661d198ff,23.812,BLANK,0C,off
01/10/2023 16:08:23,Chamber 5,28-041661d198ff,23.812,BLANK,0C,off
01/10/2023 16:08:43,Chamber 5,28-041661d198ff,23.812,BLANK,0C,off
01/10/2023 16:09:03,Chamber 5,28-041661d198ff,23.812,BLANK,0C,off
01/10/2023 16:09:23,Chamber 5,28-041661d198ff,23.812,BLANK,0C,off
01/10/2023 16:09:43,Chamber 5,28-041661d198ff,23.812,BLANK,0C,off
01/10/2023 16:10:03,Chamber 5,28-041661d198ff,23.812,BLANK,0C,off
01/10/2023 16:10:23,Chamber 5,28-041661d198ff,23.812,BLANK,0C,off
01/10/2023 16:10:43,Chamber 5,28-041661d198ff,23.812,BLANK,0C,off
01/10/2023 16:11:03,Chamber 5,28-041661d198ff,23.812,BLANK,0C,off
01/10/2023 16:11:23,Chamber 5,28-041661d198ff,23.812,BLANK,0C,off
01/10/2023 16:11:43,Chamber 5,28-041661d198ff,23.812,BLANK,0C,off
01/10/2023 16:12:03,Chamber 5,28-041661d198ff,23.812,BLANK,0C,off
01/10/2023 16:12:23,Chamber 5,28-041661d198ff,23.812,BLANK,0C,off
01/10/2023 16:12:43,Chamber 5,28-041661d198ff,23.812,BLANK,0C,off
01/10/2023 16:13:03,Chamber 5,28-041661d198ff,23.812,BLANK,0C,off
01/10/2023 16:13:23,Chamber 5,28-041661d198ff,23.812,BLANK,0C,off
01/10/2023 16:13:43,Chamber 5,28-041661d198ff,23.812,BLANK,0C,off
01/10/2023 16:14:03,Chamber 5,28-041661d198ff,23.812,BLANK,0C,off
01/10/2023 16:14:23,Chamber 5,28-041661d198ff,23.812,BLANK,0C,off
01/10/2023 16:14:43,Chamber 5,28-041661d198ff,23.812,BLANK,0C,off
01/10/2023 16:15:03,Chamber 5,28-041661d198ff,23.812,BLANK,0C,off
01/10/2023 16:15:23,Chamber 5,28-041661d198ff,23.812,BLANK,0C,off
01/10/2023 16:15:43,Chamber 5,28-041661d198ff,23.75,BLANK,0C,off
01/10/2023 16:16:03,Chamber 5,28-041661d198ff,23.812,BLANK,0C,off
01/10/2023 16:16:23,Chamber 5,28-041661d198ff,23.812,BLANK,0C,off
01/10/2023 16:16:43,Chamber 5,28-041661d198ff,23.812,BLANK,0C,off
01/10/2023 16:17:03,Chamber 5,28-041661d198ff,23.812,BLANK,0C,off
01/10/2023 16:17:23,Chamber 5,28-041661d198ff,23.812,BLANK,0C,off
01/10/2023 16:17:43,Chamber 5,28-041661d198ff,23.812,BLANK,0C,off
01/10/2023 16:18:04,Chamber 5,28-041661d198ff,23.812,BLANK,0C,off
01/10/2023 16:18:23,Chamber 5,28-041661d198ff,23.812,BLANK,0C,off
01/10/2023 16:18:43,Chamber 5,28-041661d198ff,23.75,BLANK,0C,off
01/10/2023 16:19:03,Chamber 5,28-041661d198ff,23.75,BLANK,0C,off
01/10/2023 16:19:23,Chamber 5,28-041661d198ff,23.75,BLANK,0C,off
01/10/2023 16:19:43,Chamber 5,28-041661d198ff,23.75,BLANK,0C,off
01/10/2023 16:20:03,Chamber 5,28-041661d198ff,23.75,BLANK,0C,off
01/10/2023 16:20:23,Chamber 5,28-041661d198ff,23.75,BLANK,0C,off
01/10/2023 16:20:43,Chamber 5,28-041661d198ff,23.75,BLANK,0C,off
01/10/2023 16:21:03,Chamber 5,28-041661d198ff,23.812,BLANK,0C,off
01/10/2023 16:21:23,Chamber 5,28-041661d198ff,23.812,BLANK,0C,off
01/10/2023 16:21:43,Chamber 5,28-041661d198ff,23.812,BLANK,0C,off
01/10/2023 16:22:03,Chamber 5,28-041661d198ff,23.812,BLANK,0C,off
01/10/2023 16:22:23,Chamber 5,28-041661d198ff,23.812,BLANK,0C,off
01/10/2023 16:22:43,Chamber 5,28-041661d198ff,23.812,BLANK,0C,off
01/10/2023 16:23:03,Chamber 5,28-041661d198ff,23.812,BLANK,0C,off
01/10/2023 16:23:23,Chamber 5,28-041661d198ff,23.812,BLANK,0C,off
01/10/2023 16:23:43,Chamber 5,28-041661d198ff,23.812,BLANK,0C,off
01/10/2023 16:24:04,Chamber 5,28-041661d198ff,23.812,BLANK,0C,off
01/10/2023 16:24:23,Chamber 5,28-041661d198ff,23.812,BLANK,0C,off
01/10/2023 16:24:43,Chamber 5,28-041661d198ff,23.812,BLANK,0C,off
01/10/2023 16:25:03,Chamber 5,28-041661d198ff,23.812,BLANK,0C,off
01/10/2023 16:25:23,Chamber 5,28-041661d198ff,23.812,BLANK,0C,off
01/10/2023 16:25:43,Chamber 5,28-041661d198ff,23.812,BLANK,0C,off
01/10/2023 16:26:03,Chamber 5,28-041661d198ff,23.812,BLANK,0C,off
01/10/2023 16:26:23,Chamber 5,28-041661d198ff,23.812,BLANK,0C,off
01/10/2023 16:26:43,Chamber 5,28-041661d198ff,23.812,BLANK,0C,off
01/10/2023 16:27:03,Chamber 5,28-041661d198ff,23.75,BLANK,0C,off
01/10/2023 16:27:23,Chamber 5,28-041661d198ff,23.75,BLANK,0C,off
01/10/2023 16:27:43,Chamber 5,28-041661d198ff,23.75,BLANK,0C,off
01/10/2023 16:28:03,Chamber 5,28-041661d198ff,23.75,BLANK,0C,off
01/10/2023 16:28:23,Chamber 5,28-041661d198ff,23.75,BLANK,0C,off
01/10/2023 16:28:43,Chamber 5,28-041661d198ff,23.75,BLANK,0C,off
01/10/2023 16:29:03,Chamber 5,28-041661d198ff,23.75,BLANK,0C,off
01/10/2023 16:29:23,Chamber 5,28-041661d198ff,23.75,BLANK,0C,off
01/10/2023 16:29:43,Chamber 5,28-041661d198ff,23.75,BLANK,0C,off
01/10/2023 16:30:03,Chamber 5,28-041661d198ff,23.687,BLANK,0C,off
01/10/2023 16:30:23,Chamber 5,28-041661d198ff,23.687,BLANK,0C,off
01/10/2023 16:30:43,Chamber 5,28-041661d198ff,23.687,BLANK,0C,off
01/10/2023 16:31:03,Chamber 5,28-041661d198ff,23.687,BLANK,0C,off
01/10/2023 16:31:23,Chamber 5,28-041661d198ff,23.687,BLANK,0C,off
01/10/2023 16:31:43,Chamber 5,28-041661d198ff,23.687,BLANK,0C,off
01/10/2023 16:32:03,Chamber 5,28-041661d198ff,23.687,BLANK,0C,off
01/10/2023 16:32:23,Chamber 5,28-041661d198ff,23.687,BLANK,0C,off
01/10/2023 16:32:43,Chamber 5,28-041661d198ff,23.687,BLANK,0C,off
01/10/2023 16:33:03,Chamber 5,28-041661d198ff,23.687,BLANK,0C,off
01/10/2023 16:33:23,Chamber 5,28-041661d198ff,23.687,BLANK,0C,off
01/10/2023 16:33:43,Chamber 5,28-041661d198ff,23.687,BLANK,0C,off
01/10/2023 16:34:03,Chamber 5,28-041661d198ff,23.687,BLANK,0C,off
01/10/2023 16:34:23,Chamber 5,28-041661d198ff,23.687,BLANK,0C,off
01/10/2023 16:34:43,Chamber 5,28-041661d198ff,23.687,BLANK,0C,off
01/10/2023 16:35:03,Chamber 5,28-041661d198ff,23.625,BLANK,0C,off
01/10/2023 16:35:23,Chamber 5,28-041661d198ff,23.687,BLANK,0C,off
01/10/2023 16:35:43,Chamber 5,28-041661d198ff,23.625,BLANK,0C,off
01/10/2023 16:36:03,Chamber 5,28-041661d198ff,23.625,BLANK,0C,off
01/10/2023 16:36:23,Chamber 5,28-041661d198ff,23.625,BLANK,0C,off
01/10/2023 16:36:43,Chamber 5,28-041661d198ff,23.625,BLANK,0C,off
01/10/2023 16:37:03,Chamber 5,28-041661d198ff,23.625,BLANK,0C,off
01/10/2023 16:37:24,Chamber 5,28-041661d198ff,23.625,BLANK,0C,off
01/10/2023 16:37:43,Chamber 5,28-041661d198ff,23.625,BLANK,0C,off
01/10/2023 16:38:03,Chamber 5,28-041661d198ff,23.625,BLANK,0C,off
01/10/2023 16:38:23,Chamber 5,28-041661d198ff,23.625,BLANK,0C,off
01/10/2023 16:38:43,Chamber 5,28-041661d198ff,23.625,BLANK,0C,off
01/10/2023 16:39:03,Chamber 5,28-041661d198ff,23.625,BLANK,0C,off
01/10/2023 16:39:23,Chamber 5,28-041661d198ff,23.625,BLANK,0C,off
01/10/2023 16:39:43,Chamber 5,28-041661d198ff,23.625,BLANK,0C,off
01/10/2023 16:40:03,Chamber 5,28-041661d198ff,23.625,BLANK,0C,off
01/10/2023 16:40:23,Chamber 5,28-041661d198ff,23.625,BLANK,0C,off
01/10/2023 16:40:43,Chamber 5,28-041661d198ff,23.625,BLANK,0C,off
01/10/2023 16:41:03,Chamber 5,28-041661d198ff,23.625,BLANK,0C,off
01/10/2023 16:41:23,Chamber 5,28-041661d198ff,23.625,BLANK,0C,off
01/10/2023 16:41:43,Chamber 5,28-041661d198ff,23.625,BLANK,0C,off
01/10/2023 16:42:03,Chamber 5,28-041661d198ff,23.625,BLANK,0C,off
01/10/2023 16:42:23,Chamber 5,28-041661d198ff,23.625,BLANK,0C,off
01/10/2023 16:42:43,Chamber 5,28-041661d198ff,23.625,BLANK,0C,off
01/10/2023 16:43:03,Chamber 5,28-041661d198ff,23.625,BLANK,0C,off
01/10/2023 16:43:23,Chamber 5,28-041661d198ff,23.625,BLANK,0C,off
01/10/2023 16:43:43,Chamber 5,28-041661d198ff,23.625,BLANK,0C,off
01/10/2023 16:44:03,Chamber 5,28-041661d198ff,23.625,BLANK,0C,off
01/10/2023 16:44:23,Chamber 5,28-041661d198ff,23.625,BLANK,0C,off
01/10/2023 16:44:43,Chamber 5,28-041661d198ff,23.625,BLANK,0C,off
01/10/2023 16:45:03,Chamber 5,28-041661d198ff,23.625,BLANK,0C,off
01/10/2023 16:45:23,Chamber 5,28-041661d198ff,23.625,BLANK,0C,off
01/10/2023 16:45:43,Chamber 5,28-041661d198ff,23.625,BLANK,0C,off
01/10/2023 16:46:03,Chamber 5,28-041661d198ff,23.625,BLANK,0C,off
01/10/2023 16:46:23,Chamber 5,28-041661d198ff,23.625,BLANK,0C,off
01/10/2023 16:46:43,Chamber 5,28-041661d198ff,23.625,BLANK,0C,off
01/10/2023 16:47:03,Chamber 5,28-041661d198ff,23.625,BLANK,0C,off
01/10/2023 16:47:23,Chamber 5,28-041661d198ff,23.625,BLANK,0C,off
01/10/2023 16:47:43,Chamber 5,28-041661d198ff,23.625,BLANK,0C,off
01/10/2023 16:48:03,Chamber 5,28-041661d198ff,23.687,BLANK,0C,off
01/10/2023 16:48:23,Chamber 5,28-041661d198ff,23.687,BLANK,0C,off
01/10/2023 16:48:43,Chamber 5,28-041661d198ff,23.687,BLANK,0C,off
01/10/2023 16:49:03,Chamber 5,28-041661d198ff,23.687,BLANK,0C,off
01/10/2023 16:49:23,Chamber 5,28-041661d198ff,23.687,BLANK,0C,off
01/10/2023 16:49:43,Chamber 5,28-041661d198ff,23.687,BLANK,0C,off
01/10/2023 16:50:03,Chamber 5,28-041661d198ff,23.687,BLANK,0C,off
01/10/2023 16:50:23,Chamber 5,28-041661d198ff,23.687,BLANK,0C,off
01/10/2023 16:50:43,Chamber 5,28-041661d198ff,23.687,BLANK,0C,off
01/10/2023 16:51:03,Chamber 5,28-041661d198ff,23.687,BLANK,0C,off
01/10/2023 16:51:23,Chamber 5,28-041661d198ff,23.687,BLANK,0C,off
01/10/2023 16:51:43,Chamber 5,28-041661d198ff,23.687,BLANK,0C,off
01/10/2023 16:52:03,Chamber 5,28-041661d198ff,23.687,BLANK,0C,off
01/10/2023 16:52:23,Chamber 5,28-041661d198ff,23.625,BLANK,0C,off
01/10/2023 16:52:43,Chamber 5,28-041661d198ff,23.625,BLANK,0C,off
01/10/2023 16:53:03,Chamber 5,28-041661d198ff,23.625,BLANK,0C,off
01/10/2023 16:53:23,Chamber 5,28-041661d198ff,23.687,BLANK,0C,off
01/10/2023 16:53:43,Chamber 5,28-041661d198ff,23.687,BLANK,0C,off
01/10/2023 16:54:03,Chamber 5,28-041661d198ff,23.687,BLANK,0C,off
01/10/2023 16:54:23,Chamber 5,28-041661d198ff,23.625,BLANK,0C,off
01/10/2023 16:54:43,Chamber 5,28-041661d198ff,23.625,BLANK,0C,off
01/10/2023 16:55:03,Chamber 5,28-041661d198ff,23.625,BLANK,0C,off
01/10/2023 16:55:23,Chamber 5,28-041661d198ff,23.687,BLANK,0C,off
01/10/2023 16:55:43,Chamber 5,28-041661d198ff,23.625,BLANK,0C,off
01/10/2023 16:56:03,Chamber 5,28-041661d198ff,23.625,BLANK,0C,off
01/10/2023 16:56:23,Chamber 5,28-041661d198ff,23.625,BLANK,0C,off
01/10/2023 16:56:43,Chamber 5,28-041661d198ff,23.625,BLANK,0C,off
01/10/2023 16:57:03,Chamber 5,28-041661d198ff,23.625,BLANK,0C,off
01/10/2023 16:57:23,Chamber 5,28-041661d198ff,23.625,BLANK,0C,off
01/10/2023 16:57:43,Chamber 5,28-041661d198ff,23.625,BLANK,0C,off
01/10/2023 16:58:03,Chamber 5,28-041661d198ff,23.625,BLANK,0C,off
01/10/2023 16:58:23,Chamber 5,28-041661d198ff,23.625,BLANK,0C,off
01/10/2023 16:58:43,Chamber 5,28-041661d198ff,23.625,BLANK,0C,off
01/10/2023 16:59:03,Chamber 5,28-041661d198ff,23.625,BLANK,0C,off
01/10/2023 16:59:23,Chamber 5,28-041661d198ff,23.625,BLANK,0C,off
01/10/2023 16:59:43,Chamber 5,28-041661d198ff,23.625,BLANK,0C,off
01/10/2023 17:00:03,Chamber 5,28-041661d198ff,23.625,BLANK,0C,off
01/10/2023 17:00:23,Chamber 5,28-041661d198ff,23.625,BLANK,0C,off
01/10/2023 17:00:43,Chamber 5,28-041661d198ff,23.625,BLANK,0C,off
01/10/2023 17:01:03,Chamber 5,28-041661d198ff,23.625,BLANK,0C,off
01/10/2023 17:01:23,Chamber 5,28-041661d198ff,23.625,BLANK,0C,off
01/10/2023 17:01:43,Chamber 5,28-041661d198ff,23.625,BLANK,0C,off
01/10/2023 17:02:03,Chamber 5,28-041661d198ff,23.625,BLANK,0C,off
01/10/2023 17:02:23,Chamber 5,28-041661d198ff,23.625,BLANK,0C,off
01/10/2023 17:02:43,Chamber 5,28-041661d198ff,23.625,BLANK,0C,off
01/10/2023 17:03:03,Chamber 5,28-041661d198ff,23.625,BLANK,0C,off
01/10/2023 17:03:23,Chamber 5,28-041661d198ff,23.625,BLANK,0C,off
01/10/2023 17:03:43,Chamber 5,28-041661d198ff,23.625,BLANK,0C,off
01/10/2023 17:04:03,Chamber 5,28-041661d198ff,23.625,BLANK,0C,off
01/10/2023 17:04:23,Chamber 5,28-041661d198ff,23.625,BLANK,0C,off
01/10/2023 17:04:43,Chamber 5,28-041661d198ff,23.625,BLANK,0C,off
01/10/2023 17:05:03,Chamber 5,28-041661d198ff,23.625,BLANK,0C,off
01/10/2023 17:05:23,Chamber 5,28-041661d198ff,23.687,BLANK,0C,off
01/10/2023 17:05:43,Chamber 5,28-041661d198ff,23.687,BLANK,0C,off
01/10/2023 17:06:03,Chamber 5,28-041661d198ff,23.687,BLANK,0C,off
01/10/2023 17:06:23,Chamber 5,28-041661d198ff,23.687,BLANK,0C,off
01/10/2023 17:06:43,Chamber 5,28-041661d198ff,23.687,BLANK,0C,off
01/10/2023 17:07:03,Chamber 5,28-041661d198ff,23.687,BLANK,0C,off
01/10/2023 17:07:23,Chamber 5,28-041661d198ff,23.687,BLANK,0C,off
01/10/2023 17:07:43,Chamber 5,28-041661d198ff,23.625,BLANK,0C,off
01/10/2023 17:08:03,Chamber 5,28-041661d198ff,23.625,BLANK,0C,off
01/10/2023 17:08:23,Chamber 5,28-041661d198ff,23.687,BLANK,0C,off
01/10/2023 17:08:43,Chamber 5,28-041661d198ff,23.625,BLANK,0C,off
01/10/2023 17:09:03,Chamber 5,28-041661d198ff,23.687,BLANK,0C,off
01/10/2023 17:09:23,Chamber 5,28-041661d198ff,23.687,BLANK,0C,off
01/10/2023 17:09:43,Chamber 5,28-041661d198ff,23.687,BLANK,0C,off
01/10/2023 17:10:03,Chamber 5,28-041661d198ff,23.687,BLANK,0C,off
01/10/2023 17:10:23,Chamber 5,28-041661d198ff,23.687,BLANK,0C,off
01/10/2023 17:10:43,Chamber 5,28-041661d198ff,23.687,BLANK,0C,off
01/10/2023 17:11:03,Chamber 5,28-041661d198ff,23.687,BLANK,0C,off
01/10/2023 17:11:23,Chamber 5,28-041661d198ff,23.687,BLANK,0C,off
01/10/2023 17:11:43,Chamber 5,28-041661d198ff,23.687,BLANK,0C,off
01/10/2023 17:12:03,Chamber 5,28-041661d198ff,23.687,BLANK,0C,off
01/10/2023 17:12:23,Chamber 5,28-041661d198ff,23.687,BLANK,0C,off
01/10/2023 17:12:43,Chamber 5,28-041661d198ff,23.687,BLANK,0C,off
01/10/2023 17:13:03,Chamber 5,28-041661d198ff,23.687,BLANK,0C,off
01/10/2023 17:13:23,Chamber 5,28-041661d198ff,23.687,BLANK,0C,off
01/10/2023 17:13:43,Chamber 5,28-041661d198ff,23.687,BLANK,0C,off
01/10/2023 17:14:04,Chamber 5,28-041661d198ff,23.687,BLANK,0C,off
01/10/2023 17:14:23,Chamber 5,28-041661d198ff,23.687,BLANK,0C,off
01/10/2023 17:14:43,Chamber 5,28-041661d198ff,23.687,BLANK,0C,off
01/10/2023 17:15:03,Chamber 5,28-041661d198ff,23.687,BLANK,0C,off
01/10/2023 17:15:24,Chamber 5,28-041661d198ff,23.687,BLANK,0C,off
01/10/2023 17:15:43,Chamber 5,28-041661d198ff,23.687,BLANK,0C,off
01/10/2023 17:16:03,Chamber 5,28-041661d198ff,23.625,BLANK,0C,off
01/10/2023 17:16:23,Chamber 5,28-041661d198ff,23.625,BLANK,0C,off
01/10/2023 17:16:43,Chamber 5,28-041661d198ff,23.625,BLANK,0C,off
01/10/2023 17:17:03,Chamber 5,28-041661d198ff,23.625,BLANK,0C,off
01/10/2023 17:17:23,Chamber 5,28-041661d198ff,23.625,BLANK,0C,off
01/10/2023 17:17:43,Chamber 5,28-041661d198ff,23.625,BLANK,0C,off
01/10/2023 17:18:03,Chamber 5,28-041661d198ff,23.687,BLANK,0C,off
01/10/2023 17:18:23,Chamber 5,28-041661d198ff,23.625,BLANK,0C,off
01/10/2023 17:18:43,Chamber 5,28-041661d198ff,23.625,BLANK,0C,off
01/10/2023 17:19:03,Chamber 5,28-041661d198ff,23.687,BLANK,0C,off
01/10/2023 17:19:23,Chamber 5,28-041661d198ff,23.625,BLANK,0C,off
01/10/2023 17:19:43,Chamber 5,28-041661d198ff,23.625,BLANK,0C,off
01/10/2023 17:20:03,Chamber 5,28-041661d198ff,23.625,BLANK,0C,off
01/10/2023 17:20:23,Chamber 5,28-041661d198ff,23.625,BLANK,0C,off
01/10/2023 17:20:43,Chamber 5,28-041661d198ff,23.625,BLANK,0C,off
01/10/2023 17:21:03,Chamber 5,28-041661d198ff,23.625,BLANK,0C,off
01/10/2023 17:21:23,Chamber 5,28-041661d198ff,23.625,BLANK,0C,off
01/10/2023 17:21:45,Chamber 5,28-041661d198ff,23.625,BLANK,0C,off
01/10/2023 17:22:03,Chamber 5,28-041661d198ff,23.625,BLANK,0C,off
01/10/2023 17:22:23,Chamber 5,28-041661d198ff,23.625,BLANK,0C,off
01/10/2023 17:22:43,Chamber 5,28-041661d198ff,23.625,BLANK,0C,off
01/10/2023 17:23:03,Chamber 5,28-041661d198ff,23.625,BLANK,0C,off
01/10/2023 17:23:23,Chamber 5,28-041661d198ff,23.625,BLANK,0C,off
01/10/2023 17:23:43,Chamber 5,28-041661d198ff,23.625,BLANK,0C,off
01/10/2023 17:24:03,Chamber 5,28-041661d198ff,23.625,BLANK,0C,off
01/10/2023 17:24:23,Chamber 5,28-041661d198ff,23.625,BLANK,0C,off
01/10/2023 17:24:43,Chamber 5,28-041661d198ff,23.625,BLANK,0C,off
01/10/2023 17:25:03,Chamber 5,28-041661d198ff,23.625,BLANK,0C,off
01/10/2023 17:25:23,Chamber 5,28-041661d198ff,23.625,BLANK,0C,off
01/10/2023 17:25:43,Chamber 5,28-041661d198ff,23.625,BLANK,0C,off
01/10/2023 17:26:03,Chamber 5,28-041661d198ff,23.625,BLANK,0C,off
01/10/2023 17:26:23,Chamber 5,28-041661d198ff,23.687,BLANK,0C,off
01/10/2023 17:26:43,Chamber 5,28-041661d198ff,23.687,BLANK,0C,off
01/10/2023 17:27:03,Chamber 5,28-041661d198ff,23.687,BLANK,0C,off
01/10/2023 17:27:23,Chamber 5,28-041661d198ff,23.687,BLANK,0C,off
01/10/2023 17:27:44,Chamber 5,28-041661d198ff,23.687,BLANK,0C,off
01/10/2023 17:28:03,Chamber 5,28-041661d198ff,23.687,BLANK,0C,off
01/10/2023 17:28:23,Chamber 5,28-041661d198ff,23.687,BLANK,0C,off
01/10/2023 17:28:43,Chamber 5,28-041661d198ff,23.687,BLANK,0C,off
01/10/2023 17:29:03,Chamber 5,28-041661d198ff,23.687,BLANK,0C,off
01/10/2023 17:29:23,Chamber 5,28-041661d198ff,23.687,BLANK,0C,off
01/10/2023 17:29:43,Chamber 5,28-041661d198ff,23.687,BLANK,0C,off
01/10/2023 17:30:04,Chamber 5,28-041661d198ff,23.687,BLANK,0C,off
01/10/2023 17:30:23,Chamber 5,28-041661d198ff,23.687,BLANK,0C,off
01/10/2023 17:30:43,Chamber 5,28-041661d198ff,23.687,BLANK,0C,off
01/10/2023 17:31:03,Chamber 5,28-041661d198ff,23.687,BLANK,0C,off
01/10/2023 17:31:23,Chamber 5,28-041661d198ff,23.625,BLANK,0C,off
01/10/2023 17:31:43,Chamber 5,28-041661d198ff,23.625,BLANK,0C,off
01/10/2023 17:32:03,Chamber 5,28-041661d198ff,23.625,BLANK,0C,off
01/10/2023 17:32:24,Chamber 5,28-041661d198ff,23.625,BLANK,0C,off
01/10/2023 17:32:43,Chamber 5,28-041661d198ff,23.625,BLANK,0C,off
01/10/2023 17:33:03,Chamber 5,28-041661d198ff,23.625,BLANK,0C,off
01/10/2023 17:33:23,Chamber 5,28-041661d198ff,23.625,BLANK,0C,off
01/10/2023 17:33:44,Chamber 5,28-041661d198ff,23.687,BLANK,0C,off
01/10/2023 17:34:03,Chamber 5,28-041661d198ff,23.687,BLANK,0C,off
01/10/2023 17:34:24,Chamber 5,28-041661d198ff,23.687,BLANK,0C,off
01/10/2023 17:34:43,Chamber 5,28-041661d198ff,23.625,BLANK,0C,off
01/10/2023 17:35:03,Chamber 5,28-041661d198ff,23.625,BLANK,0C,off
01/10/2023 17:35:23,Chamber 5,28-041661d198ff,23.625,BLANK,0C,off
01/10/2023 17:35:43,Chamber 5,28-041661d198ff,23.625,BLANK,0C,off
01/10/2023 17:36:03,Chamber 5,28-041661d198ff,23.625,BLANK,0C,off
01/10/2023 17:36:23,Chamber 5,28-041661d198ff,23.625,BLANK,0C,off
01/10/2023 17:36:43,Chamber 5,28-041661d198ff,23.625,BLANK,0C,off
01/10/2023 17:37:03,Chamber 5,28-041661d198ff,23.625,BLANK,0C,off
01/10/2023 17:37:23,Chamber 5,28-041661d198ff,23.625,BLANK,0C,off
01/10/2023 17:37:43,Chamber 5,28-041661d198ff,23.625,BLANK,0C,off
01/10/2023 17:38:03,Chamber 5,28-041661d198ff,23.625,BLANK,0C,off
01/10/2023 17:38:23,Chamber 5,28-041661d198ff,23.625,BLANK,0C,off
01/10/2023 17:38:43,Chamber 5,28-041661d198ff,23.625,BLANK,0C,off
01/10/2023 17:39:03,Chamber 5,28-041661d198ff,23.625,BLANK,0C,off
01/10/2023 17:39:23,Chamber 5,28-041661d198ff,23.625,BLANK,0C,off
01/10/2023 17:39:43,Chamber 5,28-041661d198ff,23.562,BLANK,0C,off
01/10/2023 17:40:03,Chamber 5,28-041661d198ff,23.562,BLANK,0C,off
01/10/2023 17:40:23,Chamber 5,28-041661d198ff,23.562,BLANK,0C,off
01/10/2023 17:40:43,Chamber 5,28-041661d198ff,23.562,BLANK,0C,off
01/10/2023 17:41:03,Chamber 5,28-041661d198ff,23.562,BLANK,0C,off
01/10/2023 17:41:23,Chamber 5,28-041661d198ff,23.625,BLANK,0C,off
01/10/2023 17:41:43,Chamber 5,28-041661d198ff,23.562,BLANK,0C,off
01/10/2023 17:42:03,Chamber 5,28-041661d198ff,23.562,BLANK,0C,off
01/10/2023 17:42:23,Chamber 5,28-041661d198ff,23.625,BLANK,0C,off
01/10/2023 17:42:43,Chamber 5,28-041661d198ff,23.625,BLANK,0C,off
01/10/2023 17:43:03,Chamber 5,28-041661d198ff,23.625,BLANK,0C,off
01/10/2023 17:43:24,Chamber 5,28-041661d198ff,23.625,BLANK,0C,off
01/10/2023 17:43:44,Chamber 5,28-041661d198ff,23.625,BLANK,0C,off
01/10/2023 17:44:03,Chamber 5,28-041661d198ff,23.625,BLANK,0C,off
01/10/2023 17:44:23,Chamber 5,28-041661d198ff,23.625,BLANK,0C,off
01/10/2023 17:44:44,Chamber 5,28-041661d198ff,23.625,BLANK,0C,off
01/10/2023 17:45:03,Chamber 5,28-041661d198ff,23.625,BLANK,0C,off
01/10/2023 17:45:23,Chamber 5,28-041661d198ff,23.625,BLANK,0C,off
01/10/2023 17:45:43,Chamber 5,28-041661d198ff,23.625,BLANK,0C,off
01/10/2023 17:46:03,Chamber 5,28-041661d198ff,23.625,BLANK,0C,off
01/10/2023 17:46:23,Chamber 5,28-041661d198ff,23.625,BLANK,0C,off
01/10/2023 17:46:43,Chamber 5,28-041661d198ff,23.625,BLANK,0C,off
01/10/2023 17:47:03,Chamber 5,28-041661d198ff,23.625,BLANK,0C,off
01/10/2023 17:47:23,Chamber 5,28-041661d198ff,23.625,BLANK,0C,off
01/10/2023 17:47:43,Chamber 5,28-041661d198ff,23.625,BLANK,0C,off
01/10/2023 17:48:03,Chamber 5,28-041661d198ff,23.625,BLANK,0C,off
01/10/2023 17:48:23,Chamber 5,28-041661d198ff,23.562,BLANK,0C,off
01/10/2023 17:48:43,Chamber 5,28-041661d198ff,23.562,BLANK,0C,off
01/10/2023 17:49:03,Chamber 5,28-041661d198ff,23.562,BLANK,0C,off
01/10/2023 17:49:23,Chamber 5,28-041661d198ff,23.562,BLANK,0C,off
01/10/2023 17:49:43,Chamber 5,28-041661d198ff,23.562,BLANK,0C,off
01/10/2023 17:50:03,Chamber 5,28-041661d198ff,23.562,BLANK,0C,off
01/10/2023 17:50:23,Chamber 5,28-041661d198ff,23.562,BLANK,0C,off
01/10/2023 17:50:43,Chamber 5,28-041661d198ff,23.562,BLANK,0C,off
01/10/2023 17:51:06,Chamber 5,28-041661d198ff,23.562,BLANK,0C,off
01/10/2023 17:51:23,Chamber 5,28-041661d198ff,23.5,BLANK,0C,off
01/10/2023 17:51:43,Chamber 5,28-041661d198ff,23.5,BLANK,0C,off
01/10/2023 17:52:03,Chamber 5,28-041661d198ff,23.5,BLANK,0C,off
01/10/2023 17:52:23,Chamber 5,28-041661d198ff,23.5,BLANK,0C,off
01/10/2023 17:52:43,Chamber 5,28-041661d198ff,23.5,BLANK,0C,off
01/10/2023 17:53:03,Chamber 5,28-041661d198ff,23.5,BLANK,0C,off
01/10/2023 17:53:23,Chamber 5,28-041661d198ff,23.5,BLANK,0C,off
01/10/2023 17:53:43,Chamber 5,28-041661d198ff,23.5,BLANK,0C,off
01/10/2023 17:54:03,Chamber 5,28-041661d198ff,23.5,BLANK,0C,off
01/10/2023 17:54:23,Chamber 5,28-041661d198ff,23.5,BLANK,0C,off
01/10/2023 17:54:43,Chamber 5,28-041661d198ff,23.5,BLANK,0C,off
01/10/2023 17:55:03,Chamber 5,28-041661d198ff,23.5,BLANK,0C,off
01/10/2023 17:55:24,Chamber 5,28-041661d198ff,23.5,BLANK,0C,off
01/10/2023 17:55:43,Chamber 5,28-041661d198ff,23.5,BLANK,0C,off
01/10/2023 17:56:03,Chamber 5,28-041661d198ff,23.5,BLANK,0C,off
01/10/2023 17:56:23,Chamber 5,28-041661d198ff,23.5,BLANK,0C,off
01/10/2023 17:56:43,Chamber 5,28-041661d198ff,23.5,BLANK,0C,off
01/10/2023 17:57:03,Chamber 5,28-041661d198ff,23.5,BLANK,0C,off
01/10/2023 17:57:24,Chamber 5,28-041661d198ff,23.5,BLANK,0C,off
01/10/2023 17:57:43,Chamber 5,28-041661d198ff,23.5,BLANK,0C,off
01/10/2023 17:58:04,Chamber 5,28-041661d198ff,23.5,BLANK,0C,off
01/10/2023 17:58:23,Chamber 5,28-041661d198ff,23.5,BLANK,0C,off
01/10/2023 17:58:44,Chamber 5,28-041661d198ff,23.5,BLANK,0C,off
01/10/2023 17:59:03,Chamber 5,28-041661d198ff,23.5,BLANK,0C,off
01/10/2023 17:59:25,Chamber 5,28-041661d198ff,23.5,BLANK,0C,off
01/10/2023 17:59:43,Chamber 5,28-041661d198ff,23.5,BLANK,0C,off
01/10/2023 18:00:02,Chamber 5,28-041661d198ff,23.5,BLANK,0C,off
01/10/2023 18:00:23,Chamber 5,28-041661d198ff,23.5,BLANK,0C,off
01/10/2023 18:00:43,Chamber 5,28-041661d198ff,23.5,BLANK,0C,off
01/10/2023 18:01:03,Chamber 5,28-041661d198ff,23.5,BLANK,0C,off
01/10/2023 18:01:23,Chamber 5,28-041661d198ff,23.5,BLANK,0C,off
01/10/2023 18:01:43,Chamber 5,28-041661d198ff,23.5,BLANK,0C,off
01/10/2023 18:02:03,Chamber 5,28-041661d198ff,23.5,BLANK,0C,off
01/10/2023 18:02:23,Chamber 5,28-041661d198ff,23.5,BLANK,0C,off
01/10/2023 18:02:43,Chamber 5,28-041661d198ff,23.5,BLANK,0C,off
01/10/2023 18:03:03,Chamber 5,28-041661d198ff,23.5,BLANK,0C,off
01/10/2023 18:03:23,Chamber 5,28-041661d198ff,23.5,BLANK,0C,off
01/10/2023 18:03:43,Chamber 5,28-041661d198ff,23.5,BLANK,0C,off
01/10/2023 18:04:03,Chamber 5,28-041661d198ff,23.5,BLANK,0C,off
01/10/2023 18:04:23,Chamber 5,28-041661d198ff,23.5,BLANK,0C,off
01/10/2023 18:04:43,Chamber 5,28-041661d198ff,23.5,BLANK,0C,off
01/10/2023 18:05:03,Chamber 5,28-041661d198ff,23.5,BLANK,0C,off
01/10/2023 18:05:23,Chamber 5,28-041661d198ff,23.5,BLANK,0C,off
01/10/2023 18:05:43,Chamber 5,28-041661d198ff,23.5,BLANK,0C,off
01/10/2023 18:06:03,Chamber 5,28-041661d198ff,23.5,BLANK,0C,off
01/10/2023 18:06:23,Chamber 5,28-041661d198ff,23.5,BLANK,0C,off
01/10/2023 18:06:43,Chamber 5,28-041661d198ff,23.5,BLANK,0C,off
01/10/2023 18:07:03,Chamber 5,28-041661d198ff,23.5,BLANK,0C,off
01/10/2023 18:07:23,Chamber 5,28-041661d198ff,23.5,BLANK,0C,off
01/10/2023 18:07:43,Chamber 5,28-041661d198ff,23.5,BLANK,0C,off
01/10/2023 18:08:03,Chamber 5,28-041661d198ff,23.5,BLANK,0C,off
01/10/2023 18:08:23,Chamber 5,28-041661d198ff,23.437,BLANK,0C,off
01/10/2023 18:08:43,Chamber 5,28-041661d198ff,23.5,BLANK,0C,off
01/10/2023 18:09:03,Chamber 5,28-041661d198ff,23.5,BLANK,0C,off
01/10/2023 18:09:23,Chamber 5,28-041661d198ff,23.5,BLANK,0C,off
01/10/2023 18:09:43,Chamber 5,28-041661d198ff,23.5,BLANK,0C,off
01/10/2023 18:10:03,Chamber 5,28-041661d198ff,23.5,BLANK,0C,off
01/10/2023 18:10:23,Chamber 5,28-041661d198ff,23.5,BLANK,0C,off
01/10/2023 18:10:43,Chamber 5,28-041661d198ff,23.5,BLANK,0C,off
01/10/2023 18:11:03,Chamber 5,28-041661d198ff,23.5,BLANK,0C,off
01/10/2023 18:11:23,Chamber 5,28-041661d198ff,23.5,BLANK,0C,off
01/10/2023 18:11:43,Chamber 5,28-041661d198ff,23.5,BLANK,0C,off
01/10/2023 18:12:03,Chamber 5,28-041661d198ff,23.5,BLANK,0C,off
01/10/2023 18:12:23,Chamber 5,28-041661d198ff,23.5,BLANK,0C,off
01/10/2023 18:12:43,Chamber 5,28-041661d198ff,23.5,BLANK,0C,off
01/10/2023 18:13:03,Chamber 5,28-041661d198ff,23.5,BLANK,0C,off
01/10/2023 18:13:23,Chamber 5,28-041661d198ff,23.5,BLANK,0C,off
01/10/2023 18:13:43,Chamber 5,28-041661d198ff,23.5,BLANK,0C,off
01/10/2023 18:14:03,Chamber 5,28-041661d198ff,23.5,BLANK,0C,off
01/10/2023 18:14:23,Chamber 5,28-041661d198ff,23.5,BLANK,0C,off
01/10/2023 18:14:42,Chamber 5,28-041661d198ff,23.5,BLANK,0C,off
01/10/2023 18:15:03,Chamber 5,28-041661d198ff,23.5,BLANK,0C,off
01/10/2023 18:15:23,Chamber 5,28-041661d198ff,23.5,BLANK,0C,off
01/10/2023 18:15:43,Chamber 5,28-041661d198ff,23.5,BLANK,0C,off
01/10/2023 18:16:03,Chamber 5,28-041661d198ff,23.5,BLANK,0C,off
01/10/2023 18:16:23,Chamber 5,28-041661d198ff,23.5,BLANK,0C,off
01/10/2023 18:16:43,Chamber 5,28-041661d198ff,23.5,BLANK,0C,off
01/10/2023 18:17:03,Chamber 5,28-041661d198ff,23.5,BLANK,0C,off
01/10/2023 18:17:23,Chamber 5,28-041661d198ff,23.5,BLANK,0C,off
01/10/2023 18:17:43,Chamber 5,28-041661d198ff,23.5,BLANK,0C,off
01/10/2023 18:18:03,Chamber 5,28-041661d198ff,23.5,BLANK,0C,off
01/10/2023 18:18:23,Chamber 5,28-041661d198ff,23.5,BLANK,0C,off
01/10/2023 18:18:43,Chamber 5,28-041661d198ff,23.5,BLANK,0C,off
01/10/2023 18:19:03,Chamber 5,28-041661d198ff,23.5,BLANK,0C,off
01/10/2023 18:19:23,Chamber 5,28-041661d198ff,23.5,BLANK,0C,off
01/10/2023 18:19:43,Chamber 5,28-041661d198ff,23.5,BLANK,0C,off
01/10/2023 18:20:03,Chamber 5,28-041661d198ff,23.5,BLANK,0C,off
01/10/2023 18:20:23,Chamber 5,28-041661d198ff,23.5,BLANK,0C,off
01/10/2023 18:20:42,Chamber 5,28-041661d198ff,23.5,BLANK,0C,off
01/10/2023 18:21:03,Chamber 5,28-041661d198ff,23.5,BLANK,0C,off
01/10/2023 18:21:23,Chamber 5,28-041661d198ff,23.5,BLANK,0C,off
01/10/2023 18:21:43,Chamber 5,28-041661d198ff,23.5,BLANK,0C,off
01/10/2023 18:22:03,Chamber 5,28-041661d198ff,23.5,BLANK,0C,off
01/10/2023 18:22:23,Chamber 5,28-041661d198ff,23.5,BLANK,0C,off
01/10/2023 18:22:43,Chamber 5,28-041661d198ff,23.5,BLANK,0C,off
01/10/2023 18:23:03,Chamber 5,28-041661d198ff,23.562,BLANK,0C,off
01/10/2023 18:23:23,Chamber 5,28-041661d198ff,23.562,BLANK,0C,off
01/10/2023 18:23:43,Chamber 5,28-041661d198ff,23.562,BLANK,0C,off
01/10/2023 18:24:03,Chamber 5,28-041661d198ff,23.562,BLANK,0C,off
01/10/2023 18:24:23,Chamber 5,28-041661d198ff,23.562,BLANK,0C,off
01/10/2023 18:24:43,Chamber 5,28-041661d198ff,23.562,BLANK,0C,off
01/10/2023 18:25:03,Chamber 5,28-041661d198ff,23.562,BLANK,0C,off
01/10/2023 18:25:23,Chamber 5,28-041661d198ff,23.562,BLANK,0C,off
01/10/2023 18:25:43,Chamber 5,28-041661d198ff,23.562,BLANK,0C,off
01/10/2023 18:26:03,Chamber 5,28-041661d198ff,23.625,BLANK,0C,off
01/10/2023 18:26:23,Chamber 5,28-041661d198ff,23.625,BLANK,0C,off
01/10/2023 18:26:43,Chamber 5,28-041661d198ff,23.625,BLANK,0C,off
01/10/2023 18:27:03,Chamber 5,28-041661d198ff,23.625,BLANK,0C,off
01/10/2023 18:27:23,Chamber 5,28-041661d198ff,23.625,BLANK,0C,off
01/10/2023 18:27:43,Chamber 5,28-041661d198ff,23.625,BLANK,0C,off
01/10/2023 18:28:03,Chamber 5,28-041661d198ff,23.625,BLANK,0C,off
01/10/2023 18:28:23,Chamber 5,28-041661d198ff,23.625,BLANK,0C,off
01/10/2023 18:28:43,Chamber 5,28-041661d198ff,23.625,BLANK,0C,off
01/10/2023 18:29:03,Chamber 5,28-041661d198ff,23.625,BLANK,0C,off
01/10/2023 18:29:23,Chamber 5,28-041661d198ff,23.562,BLANK,0C,off
01/10/2023 18:29:43,Chamber 5,28-041661d198ff,23.562,BLANK,0C,off
01/10/2023 18:30:03,Chamber 5,28-041661d198ff,23.562,BLANK,0C,off
01/10/2023 18:30:23,Chamber 5,28-041661d198ff,23.562,BLANK,0C,off
01/10/2023 18:30:43,Chamber 5,28-041661d198ff,23.562,BLANK,0C,off
01/10/2023 18:31:03,Chamber 5,28-041661d198ff,23.562,BLANK,0C,off
01/10/2023 18:31:23,Chamber 5,28-041661d198ff,23.562,BLANK,0C,off
01/10/2023 18:31:43,Chamber 5,28-041661d198ff,23.562,BLANK,0C,off
01/10/2023 18:32:03,Chamber 5,28-041661d198ff,23.562,BLANK,0C,off
01/10/2023 18:32:23,Chamber 5,28-041661d198ff,23.562,BLANK,0C,off
01/10/2023 18:32:43,Chamber 5,28-041661d198ff,23.562,BLANK,0C,off
01/10/2023 18:33:03,Chamber 5,28-041661d198ff,23.5,BLANK,0C,off
01/10/2023 18:33:23,Chamber 5,28-041661d198ff,23.5,BLANK,0C,off
01/10/2023 18:33:43,Chamber 5,28-041661d198ff,23.5,BLANK,0C,off
01/10/2023 18:34:03,Chamber 5,28-041661d198ff,23.5,BLANK,0C,off
01/10/2023 18:34:23,Chamber 5,28-041661d198ff,23.5,BLANK,0C,off
01/10/2023 18:34:43,Chamber 5,28-041661d198ff,23.5,BLANK,0C,off
01/10/2023 18:35:03,Chamber 5,28-041661d198ff,23.5,BLANK,0C,off
01/10/2023 18:35:23,Chamber 5,28-041661d198ff,23.5,BLANK,0C,off
01/10/2023 18:35:43,Chamber 5,28-041661d198ff,23.5,BLANK,0C,off
01/10/2023 18:36:03,Chamber 5,28-041661d198ff,23.5,BLANK,0C,off
01/10/2023 18:36:23,Chamber 5,28-041661d198ff,23.5,BLANK,0C,off
01/10/2023 18:36:43,Chamber 5,28-041661d198ff,23.5,BLANK,0C,off
01/10/2023 18:37:03,Chamber 5,28-041661d198ff,23.5,BLANK,0C,off
01/10/2023 18:37:23,Chamber 5,28-041661d198ff,23.5,BLANK,0C,off
01/10/2023 18:37:43,Chamber 5,28-041661d198ff,23.5,BLANK,0C,off
01/10/2023 18:38:03,Chamber 5,28-041661d198ff,23.5,BLANK,0C,off
01/10/2023 18:38:23,Chamber 5,28-041661d198ff,23.5,BLANK,0C,off
01/10/2023 18:38:43,Chamber 5,28-041661d198ff,23.5,BLANK,0C,off
01/10/2023 18:39:03,Chamber 5,28-041661d198ff,23.5,BLANK,0C,off
01/10/2023 18:39:22,Chamber 5,28-041661d198ff,23.5,BLANK,0C,off
01/10/2023 18:39:43,Chamber 5,28-041661d198ff,23.5,BLANK,0C,off
01/10/2023 18:40:03,Chamber 5,28-041661d198ff,23.5,BLANK,0C,off
01/10/2023 18:40:23,Chamber 5,28-041661d198ff,23.5,BLANK,0C,off
01/10/2023 18:40:43,Chamber 5,28-041661d198ff,23.5,BLANK,0C,off
01/10/2023 18:41:03,Chamber 5,28-041661d198ff,23.5,BLANK,0C,off
01/10/2023 18:41:23,Chamber 5,28-041661d198ff,23.5,BLANK,0C,off
01/10/2023 18:41:43,Chamber 5,28-041661d198ff,23.5,BLANK,0C,off
01/10/2023 18:42:03,Chamber 5,28-041661d198ff,23.5,BLANK,0C,off
01/10/2023 18:42:23,Chamber 5,28-041661d198ff,23.5,BLANK,0C,off
01/10/2023 18:42:43,Chamber 5,28-041661d198ff,23.5,BLANK,0C,off
01/10/2023 18:43:03,Chamber 5,28-041661d198ff,23.5,BLANK,0C,off
01/10/2023 18:43:23,Chamber 5,28-041661d198ff,23.5,BLANK,0C,off
01/10/2023 18:43:43,Chamber 5,28-041661d198ff,23.5,BLANK,0C,off
01/10/2023 18:44:03,Chamber 5,28-041661d198ff,23.5,BLANK,0C,off
01/10/2023 18:44:23,Chamber 5,28-041661d198ff,23.5,BLANK,0C,off
01/10/2023 18:44:43,Chamber 5,28-041661d198ff,23.5,BLANK,0C,off
01/10/2023 18:45:03,Chamber 5,28-041661d198ff,23.5,BLANK,0C,off
01/10/2023 18:45:23,Chamber 5,28-041661d198ff,23.5,BLANK,0C,off
01/10/2023 18:45:42,Chamber 5,28-041661d198ff,23.5,BLANK,0C,off
01/10/2023 18:46:03,Chamber 5,28-041661d198ff,23.5,BLANK,0C,off
01/10/2023 18:46:22,Chamber 5,28-041661d198ff,23.5,BLANK,0C,off
01/10/2023 18:46:43,Chamber 5,28-041661d198ff,23.562,BLANK,0C,off
01/10/2023 18:47:02,Chamber 5,28-041661d198ff,23.5,BLANK,0C,off
01/10/2023 18:47:23,Chamber 5,28-041661d198ff,23.562,BLANK,0C,off
01/10/2023 18:47:43,Chamber 5,28-041661d198ff,23.562,BLANK,0C,off
01/10/2023 18:48:03,Chamber 5,28-041661d198ff,23.562,BLANK,0C,off
01/10/2023 18:48:23,Chamber 5,28-041661d198ff,23.562,BLANK,0C,off
01/10/2023 18:48:42,Chamber 5,28-041661d198ff,23.562,BLANK,0C,off
01/10/2023 18:49:03,Chamber 5,28-041661d198ff,23.625,BLANK,0C,off
01/10/2023 18:49:24,Chamber 5,28-041661d198ff,23.625,BLANK,0C,off
01/10/2023 18:49:43,Chamber 5,28-041661d198ff,23.625,BLANK,0C,off
01/10/2023 18:50:03,Chamber 5,28-041661d198ff,23.625,BLANK,0C,off
01/10/2023 18:50:23,Chamber 5,28-041661d198ff,23.625,BLANK,0C,off
01/10/2023 18:50:43,Chamber 5,28-041661d198ff,23.625,BLANK,0C,off
01/10/2023 18:51:03,Chamber 5,28-041661d198ff,23.625,BLANK,0C,off
01/10/2023 18:51:23,Chamber 5,28-041661d198ff,23.625,BLANK,0C,off
01/10/2023 18:51:43,Chamber 5,28-041661d198ff,23.625,BLANK,0C,off
01/10/2023 18:52:03,Chamber 5,28-041661d198ff,23.625,BLANK,0C,off
01/10/2023 18:52:24,Chamber 5,28-041661d198ff,23.625,BLANK,0C,off
01/10/2023 18:52:43,Chamber 5,28-041661d198ff,23.625,BLANK,0C,off
01/10/2023 18:53:03,Chamber 5,28-041661d198ff,23.625,BLANK,0C,off
01/10/2023 18:53:23,Chamber 5,28-041661d198ff,23.625,BLANK,0C,off
01/10/2023 18:53:43,Chamber 5,28-041661d198ff,23.625,BLANK,0C,off
01/10/2023 18:54:03,Chamber 5,28-041661d198ff,23.625,BLANK,0C,off
01/10/2023 18:54:23,Chamber 5,28-041661d198ff,23.625,BLANK,0C,off
01/10/2023 18:54:43,Chamber 5,28-041661d198ff,23.562,BLANK,0C,off
01/10/2023 18:55:03,Chamber 5,28-041661d198ff,23.562,BLANK,0C,off
01/10/2023 18:55:23,Chamber 5,28-041661d198ff,23.562,BLANK,0C,off
01/10/2023 18:55:43,Chamber 5,28-041661d198ff,23.562,BLANK,0C,off
01/10/2023 18:56:02,Chamber 5,28-041661d198ff,23.562,BLANK,0C,off
01/10/2023 18:56:23,Chamber 5,28-041661d198ff,23.562,BLANK,0C,off
01/10/2023 18:56:43,Chamber 5,28-041661d198ff,23.562,BLANK,0C,off
01/10/2023 18:57:03,Chamber 5,28-041661d198ff,23.562,BLANK,0C,off
01/10/2023 18:57:23,Chamber 5,28-041661d198ff,23.562,BLANK,0C,off
01/10/2023 18:57:43,Chamber 5,28-041661d198ff,23.562,BLANK,0C,off
01/10/2023 18:58:03,Chamber 5,28-041661d198ff,23.562,BLANK,0C,off
01/10/2023 18:58:23,Chamber 5,28-041661d198ff,23.562,BLANK,0C,off
01/10/2023 18:58:43,Chamber 5,28-041661d198ff,23.562,BLANK,0C,off
01/10/2023 18:59:03,Chamber 5,28-041661d198ff,23.562,BLANK,0C,off
01/10/2023 18:59:23,Chamber 5,28-041661d198ff,23.562,BLANK,0C,off
01/10/2023 18:59:43,Chamber 5,28-041661d198ff,23.562,BLANK,0C,off
01/10/2023 19:00:02,Chamber 5,28-041661d198ff,23.562,BLANK,0C,off
01/10/2023 19:00:22,Chamber 5,28-041661d198ff,23.562,BLANK,0C,off
01/10/2023 19:00:42,Chamber 5,28-041661d198ff,23.562,BLANK,0C,off
01/10/2023 19:01:03,Chamber 5,28-041661d198ff,23.5,BLANK,0C,off
01/10/2023 19:01:22,Chamber 5,28-041661d198ff,23.5,BLANK,0C,off
01/10/2023 19:01:42,Chamber 5,28-041661d198ff,23.5,BLANK,0C,off
01/10/2023 19:02:02,Chamber 5,28-041661d198ff,23.5,BLANK,0C,off
01/10/2023 19:02:22,Chamber 5,28-041661d198ff,23.5,BLANK,0C,off
01/10/2023 19:02:42,Chamber 5,28-041661d198ff,23.5,BLANK,0C,off
01/10/2023 19:03:02,Chamber 5,28-041661d198ff,23.5,BLANK,0C,off
01/10/2023 19:03:22,Chamber 5,28-041661d198ff,23.5,BLANK,0C,off
01/10/2023 19:03:42,Chamber 5,28-041661d198ff,23.5,BLANK,0C,off
01/10/2023 19:04:02,Chamber 5,28-041661d198ff,23.5,BLANK,0C,off
01/10/2023 19:04:22,Chamber 5,28-041661d198ff,23.5,BLANK,0C,off
01/10/2023 19:04:42,Chamber 5,28-041661d198ff,23.5,BLANK,0C,off
01/10/2023 19:05:03,Chamber 5,28-041661d198ff,23.5,BLANK,0C,off
01/10/2023 19:05:22,Chamber 5,28-041661d198ff,23.5,BLANK,0C,off
01/10/2023 19:05:42,Chamber 5,28-041661d198ff,23.5,BLANK,0C,off
01/10/2023 19:06:03,Chamber 5,28-041661d198ff,23.5,BLANK,0C,off
01/10/2023 19:06:22,Chamber 5,28-041661d198ff,23.5,BLANK,0C,off
01/10/2023 19:06:43,Chamber 5,28-041661d198ff,23.5,BLANK,0C,off
01/10/2023 19:07:02,Chamber 5,28-041661d198ff,23.5,BLANK,0C,off
01/10/2023 19:07:22,Chamber 5,28-041661d198ff,23.5,BLANK,0C,off
01/10/2023 19:07:42,Chamber 5,28-041661d198ff,23.5,BLANK,0C,off
01/10/2023 19:08:02,Chamber 5,28-041661d198ff,23.5,BLANK,0C,off
01/10/2023 19:08:23,Chamber 5,28-041661d198ff,23.5,BLANK,0C,off
01/10/2023 19:08:43,Chamber 5,28-041661d198ff,23.5,BLANK,0C,off
01/10/2023 19:09:04,Chamber 5,28-041661d198ff,23.5,BLANK,0C,off
01/10/2023 19:09:22,Chamber 5,28-041661d198ff,23.5,BLANK,0C,off
01/10/2023 19:09:42,Chamber 5,28-041661d198ff,23.5,BLANK,0C,off
01/10/2023 19:10:02,Chamber 5,28-041661d198ff,23.5,BLANK,0C,off
01/10/2023 19:10:22,Chamber 5,28-041661d198ff,23.5,BLANK,0C,off
01/10/2023 19:10:42,Chamber 5,28-041661d198ff,23.5,BLANK,0C,off
01/10/2023 19:11:02,Chamber 5,28-041661d198ff,23.5,BLANK,0C,off
01/10/2023 19:11:22,Chamber 5,28-041661d198ff,23.5,BLANK,0C,off
01/10/2023 19:11:42,Chamber 5,28-041661d198ff,23.5,BLANK,0C,off
01/10/2023 19:12:02,Chamber 5,28-041661d198ff,23.5,BLANK,0C,off
01/10/2023 19:12:22,Chamber 5,28-041661d198ff,23.5,BLANK,0C,off
01/10/2023 19:12:42,Chamber 5,28-041661d198ff,23.5,BLANK,0C,off
01/10/2023 19:13:02,Chamber 5,28-041661d198ff,23.5,BLANK,0C,off
01/10/2023 19:13:24,Chamber 5,28-041661d198ff,23.5,BLANK,0C,off
01/10/2023 19:13:42,Chamber 5,28-041661d198ff,23.5,BLANK,0C,off
01/10/2023 19:14:02,Chamber 5,28-041661d198ff,23.5,BLANK,0C,off
01/10/2023 19:14:22,Chamber 5,28-041661d198ff,23.5,BLANK,0C,off
01/10/2023 19:14:42,Chamber 5,28-041661d198ff,23.5,BLANK,0C,off
01/10/2023 19:15:03,Chamber 5,28-041661d198ff,23.5,BLANK,0C,off
01/10/2023 19:15:22,Chamber 5,28-041661d198ff,23.5,BLANK,0C,off
01/10/2023 19:15:44,Chamber 5,28-041661d198ff,23.5,BLANK,0C,off
01/10/2023 19:16:02,Chamber 5,28-041661d198ff,23.5,BLANK,0C,off
01/10/2023 19:16:22,Chamber 5,28-041661d198ff,23.5,BLANK,0C,off
01/10/2023 19:16:42,Chamber 5,28-041661d198ff,23.5,BLANK,0C,off
01/10/2023 19:17:02,Chamber 5,28-041661d198ff,23.5,BLANK,0C,off
01/10/2023 19:17:23,Chamber 5,28-041661d198ff,23.5,BLANK,0C,off
01/10/2023 19:17:42,Chamber 5,28-041661d198ff,23.5,BLANK,0C,off
01/10/2023 19:18:02,Chamber 5,28-041661d198ff,23.5,BLANK,0C,off
01/10/2023 19:18:22,Chamber 5,28-041661d198ff,23.5,BLANK,0C,off
01/10/2023 19:18:42,Chamber 5,28-041661d198ff,23.5,BLANK,0C,off
01/10/2023 19:19:04,Chamber 5,28-041661d198ff,23.5,BLANK,0C,off
01/10/2023 19:19:23,Chamber 5,28-041661d198ff,23.5,BLANK,0C,off
01/10/2023 19:19:43,Chamber 5,28-041661d198ff,23.5,BLANK,0C,off
01/10/2023 19:20:04,Chamber 5,28-041661d198ff,23.5,BLANK,0C,off
01/10/2023 19:20:22,Chamber 5,28-041661d198ff,23.5,BLANK,0C,off
01/10/2023 19:20:42,Chamber 5,28-041661d198ff,23.5,BLANK,0C,off
01/10/2023 19:21:02,Chamber 5,28-041661d198ff,23.5,BLANK,0C,off
01/10/2023 19:21:22,Chamber 5,28-041661d198ff,23.5,BLANK,0C,off
01/10/2023 19:21:42,Chamber 5,28-041661d198ff,23.5,BLANK,0C,off
01/10/2023 19:22:02,Chamber 5,28-041661d198ff,23.5,BLANK,0C,off
01/10/2023 19:22:22,Chamber 5,28-041661d198ff,23.5,BLANK,0C,off
01/10/2023 19:22:42,Chamber 5,28-041661d198ff,23.5,BLANK,0C,off
01/10/2023 19:23:02,Chamber 5,28-041661d198ff,23.5,BLANK,0C,off
01/10/2023 19:23:22,Chamber 5,28-041661d198ff,23.5,BLANK,0C,off
01/10/2023 19:23:42,Chamber 5,28-041661d198ff,23.5,BLANK,0C,off
01/10/2023 19:24:03,Chamber 5,28-041661d198ff,23.5,BLANK,0C,off
01/10/2023 19:24:22,Chamber 5,28-041661d198ff,23.5,BLANK,0C,off
01/10/2023 19:24:42,Chamber 5,28-041661d198ff,23.5,BLANK,0C,off
01/10/2023 19:25:02,Chamber 5,28-041661d198ff,23.5,BLANK,0C,off
01/10/2023 19:25:22,Chamber 5,28-041661d198ff,23.5,BLANK,0C,off
01/10/2023 19:25:42,Chamber 5,28-041661d198ff,23.5,BLANK,0C,off
01/10/2023 19:26:02,Chamber 5,28-041661d198ff,23.5,BLANK,0C,off
01/10/2023 19:26:22,Chamber 5,28-041661d198ff,23.5,BLANK,0C,off
01/10/2023 19:26:42,Chamber 5,28-041661d198ff,23.5,BLANK,0C,off
01/10/2023 19:27:02,Chamber 5,28-041661d198ff,23.5,BLANK,0C,off
01/10/2023 19:27:23,Chamber 5,28-041661d198ff,23.5,BLANK,0C,off
01/10/2023 19:27:42,Chamber 5,28-041661d198ff,23.5,BLANK,0C,off
01/10/2023 19:28:02,Chamber 5,28-041661d198ff,23.5,BLANK,0C,off
01/10/2023 19:28:22,Chamber 5,28-041661d198ff,23.5,BLANK,0C,off
01/10/2023 19:28:42,Chamber 5,28-041661d198ff,23.5,BLANK,0C,off
01/10/2023 19:29:03,Chamber 5,28-041661d198ff,23.5,BLANK,0C,off
01/10/2023 19:29:22,Chamber 5,28-041661d198ff,23.5,BLANK,0C,off
01/10/2023 19:29:42,Chamber 5,28-041661d198ff,23.5,BLANK,0C,off
01/10/2023 19:30:02,Chamber 5,28-041661d198ff,23.5,BLANK,0C,off
01/10/2023 19:30:22,Chamber 5,28-041661d198ff,23.5,BLANK,0C,off
01/10/2023 19:30:42,Chamber 5,28-041661d198ff,23.5,BLANK,0C,off
01/10/2023 19:31:03,Chamber 5,28-041661d198ff,23.5,BLANK,0C,off
01/10/2023 19:31:22,Chamber 5,28-041661d198ff,23.5,BLANK,0C,off
01/10/2023 19:31:42,Chamber 5,28-041661d198ff,23.5,BLANK,0C,off
01/10/2023 19:32:02,Chamber 5,28-041661d198ff,23.5,BLANK,0C,off
01/10/2023 19:32:22,Chamber 5,28-041661d198ff,23.5,BLANK,0C,off
01/10/2023 19:32:42,Chamber 5,28-041661d198ff,23.5,BLANK,0C,off
01/10/2023 19:33:02,Chamber 5,28-041661d198ff,23.5,BLANK,0C,off
01/10/2023 19:33:23,Chamber 5,28-041661d198ff,23.5,BLANK,0C,off
01/10/2023 19:33:42,Chamber 5,28-041661d198ff,23.5,BLANK,0C,off
01/10/2023 19:34:02,Chamber 5,28-041661d198ff,23.5,BLANK,0C,off
01/10/2023 19:34:23,Chamber 5,28-041661d198ff,23.5,BLANK,0C,off
01/10/2023 19:34:42,Chamber 5,28-041661d198ff,23.5,BLANK,0C,off
01/10/2023 19:35:02,Chamber 5,28-041661d198ff,23.5,BLANK,0C,off
01/10/2023 19:35:22,Chamber 5,28-041661d198ff,23.5,BLANK,0C,off
01/10/2023 19:35:42,Chamber 5,28-041661d198ff,23.5,BLANK,0C,off
01/10/2023 19:36:02,Chamber 5,28-041661d198ff,23.437,BLANK,0C,off
01/10/2023 19:36:22,Chamber 5,28-041661d198ff,23.437,BLANK,0C,off
01/10/2023 19:36:43,Chamber 5,28-041661d198ff,23.5,BLANK,0C,off
01/10/2023 19:37:02,Chamber 5,28-041661d198ff,23.437,BLANK,0C,off
01/10/2023 19:37:22,Chamber 5,28-041661d198ff,23.5,BLANK,0C,off
01/10/2023 19:37:42,Chamber 5,28-041661d198ff,23.437,BLANK,0C,off
01/10/2023 19:38:02,Chamber 5,28-041661d198ff,23.437,BLANK,0C,off
01/10/2023 19:38:22,Chamber 5,28-041661d198ff,23.437,BLANK,0C,off
01/10/2023 19:38:42,Chamber 5,28-041661d198ff,23.437,BLANK,0C,off
01/10/2023 19:39:02,Chamber 5,28-041661d198ff,23.437,BLANK,0C,off
01/10/2023 19:39:22,Chamber 5,28-041661d198ff,23.437,BLANK,0C,off
01/10/2023 19:39:42,Chamber 5,28-041661d198ff,23.437,BLANK,0C,off
01/10/2023 19:40:02,Chamber 5,28-041661d198ff,23.437,BLANK,0C,off
01/10/2023 19:40:22,Chamber 5,28-041661d198ff,23.437,BLANK,0C,off
01/10/2023 19:40:42,Chamber 5,28-041661d198ff,23.437,BLANK,0C,off
01/10/2023 19:41:02,Chamber 5,28-041661d198ff,23.375,BLANK,0C,off
01/10/2023 19:41:22,Chamber 5,28-041661d198ff,23.375,BLANK,0C,off
01/10/2023 19:41:42,Chamber 5,28-041661d198ff,23.375,BLANK,0C,off
01/10/2023 19:42:02,Chamber 5,28-041661d198ff,23.375,BLANK,0C,off
01/10/2023 19:42:22,Chamber 5,28-041661d198ff,23.375,BLANK,0C,off
01/10/2023 19:42:42,Chamber 5,28-041661d198ff,23.375,BLANK,0C,off
01/10/2023 19:43:02,Chamber 5,28-041661d198ff,23.375,BLANK,0C,off
01/10/2023 19:43:22,Chamber 5,28-041661d198ff,23.375,BLANK,0C,off
01/10/2023 19:43:42,Chamber 5,28-041661d198ff,23.375,BLANK,0C,off
01/10/2023 19:44:03,Chamber 5,28-041661d198ff,23.375,BLANK,0C,off
01/10/2023 19:44:22,Chamber 5,28-041661d198ff,23.375,BLANK,0C,off
01/10/2023 19:44:42,Chamber 5,28-041661d198ff,23.375,BLANK,0C,off
01/10/2023 19:45:02,Chamber 5,28-041661d198ff,23.375,BLANK,0C,off
01/10/2023 19:45:22,Chamber 5,28-041661d198ff,23.375,BLANK,0C,off
01/10/2023 19:45:42,Chamber 5,28-041661d198ff,23.312,BLANK,0C,off
01/10/2023 19:46:02,Chamber 5,28-041661d198ff,23.312,BLANK,0C,off
01/10/2023 19:46:22,Chamber 5,28-041661d198ff,23.312,BLANK,0C,off
01/10/2023 19:46:42,Chamber 5,28-041661d198ff,23.312,BLANK,0C,off
01/10/2023 19:47:02,Chamber 5,28-041661d198ff,23.312,BLANK,0C,off
01/10/2023 19:47:22,Chamber 5,28-041661d198ff,23.312,BLANK,0C,off
01/10/2023 19:47:42,Chamber 5,28-041661d198ff,23.312,BLANK,0C,off
01/10/2023 19:48:02,Chamber 5,28-041661d198ff,23.312,BLANK,0C,off
01/10/2023 19:48:22,Chamber 5,28-041661d198ff,23.312,BLANK,0C,off
01/10/2023 19:48:43,Chamber 5,28-041661d198ff,23.312,BLANK,0C,off
01/10/2023 19:49:02,Chamber 5,28-041661d198ff,23.312,BLANK,0C,off
01/10/2023 19:49:22,Chamber 5,28-041661d198ff,23.312,BLANK,0C,off
01/10/2023 19:49:42,Chamber 5,28-041661d198ff,23.312,BLANK,0C,off
01/10/2023 19:50:02,Chamber 5,28-041661d198ff,23.312,BLANK,0C,off
01/10/2023 19:50:22,Chamber 5,28-041661d198ff,23.312,BLANK,0C,off
01/10/2023 19:50:42,Chamber 5,28-041661d198ff,23.312,BLANK,0C,off
01/10/2023 19:51:02,Chamber 5,28-041661d198ff,23.312,BLANK,0C,off
01/10/2023 19:51:22,Chamber 5,28-041661d198ff,23.312,BLANK,0C,off
01/10/2023 19:51:42,Chamber 5,28-041661d198ff,23.312,BLANK,0C,off
01/10/2023 19:52:02,Chamber 5,28-041661d198ff,23.312,BLANK,0C,off
01/10/2023 19:52:22,Chamber 5,28-041661d198ff,23.312,BLANK,0C,off
01/10/2023 19:52:42,Chamber 5,28-041661d198ff,23.312,BLANK,0C,off
01/10/2023 19:53:02,Chamber 5,28-041661d198ff,23.312,BLANK,0C,off
01/10/2023 19:53:22,Chamber 5,28-041661d198ff,23.312,BLANK,0C,off
01/10/2023 19:53:42,Chamber 5,28-041661d198ff,23.312,BLANK,0C,off
01/10/2023 19:54:02,Chamber 5,28-041661d198ff,23.312,BLANK,0C,off
01/10/2023 19:54:22,Chamber 5,28-041661d198ff,23.312,BLANK,0C,off
01/10/2023 19:54:42,Chamber 5,28-041661d198ff,23.312,BLANK,0C,off
01/10/2023 19:55:02,Chamber 5,28-041661d198ff,23.312,BLANK,0C,off
01/10/2023 19:55:22,Chamber 5,28-041661d198ff,23.312,BLANK,0C,off
01/10/2023 19:55:42,Chamber 5,28-041661d198ff,23.25,BLANK,0C,off
01/10/2023 19:56:02,Chamber 5,28-041661d198ff,23.25,BLANK,0C,off
01/10/2023 19:56:22,Chamber 5,28-041661d198ff,23.25,BLANK,0C,off
01/10/2023 19:56:43,Chamber 5,28-041661d198ff,23.312,BLANK,0C,off
01/10/2023 19:57:02,Chamber 5,28-041661d198ff,23.25,BLANK,0C,off
01/10/2023 19:57:22,Chamber 5,28-041661d198ff,23.25,BLANK,0C,off
01/10/2023 19:57:42,Chamber 5,28-041661d198ff,23.25,BLANK,0C,off
01/10/2023 19:58:02,Chamber 5,28-041661d198ff,23.25,BLANK,0C,off
01/10/2023 19:58:22,Chamber 5,28-041661d198ff,23.25,BLANK,0C,off
01/10/2023 19:58:42,Chamber 5,28-041661d198ff,23.25,BLANK,0C,off
01/10/2023 19:59:02,Chamber 5,28-041661d198ff,23.25,BLANK,0C,off
01/10/2023 19:59:22,Chamber 5,28-041661d198ff,23.25,BLANK,0C,off
01/10/2023 19:59:42,Chamber 5,28-041661d198ff,23.25,BLANK,0C,off
01/10/2023 20:00:02,Chamber 5,28-041661d198ff,23.25,BLANK,0C,off
01/10/2023 20:00:22,Chamber 5,28-041661d198ff,23.25,BLANK,0C,off
01/10/2023 20:00:43,Chamber 5,28-041661d198ff,23.25,BLANK,0C,off
01/10/2023 20:01:02,Chamber 5,28-041661d198ff,23.25,BLANK,0C,off
01/10/2023 20:01:23,Chamber 5,28-041661d198ff,23.25,BLANK,0C,off
01/10/2023 20:01:42,Chamber 5,28-041661d198ff,23.25,BLANK,0C,off
01/10/2023 20:02:03,Chamber 5,28-041661d198ff,23.25,BLANK,0C,off
01/10/2023 20:02:22,Chamber 5,28-041661d198ff,23.25,BLANK,0C,off
01/10/2023 20:02:42,Chamber 5,28-041661d198ff,23.25,BLANK,0C,off
01/10/2023 20:03:02,Chamber 5,28-041661d198ff,23.25,BLANK,0C,off
01/10/2023 20:03:22,Chamber 5,28-041661d198ff,23.25,BLANK,0C,off
01/10/2023 20:03:42,Chamber 5,28-041661d198ff,23.25,BLANK,0C,off
01/10/2023 20:04:02,Chamber 5,28-041661d198ff,23.25,BLANK,0C,off
01/10/2023 20:04:22,Chamber 5,28-041661d198ff,23.25,BLANK,0C,off
01/10/2023 20:04:42,Chamber 5,28-041661d198ff,23.25,BLANK,0C,off
01/10/2023 20:05:02,Chamber 5,28-041661d198ff,23.25,BLANK,0C,off
01/10/2023 20:05:22,Chamber 5,28-041661d198ff,23.187,BLANK,0C,off
01/10/2023 20:05:42,Chamber 5,28-041661d198ff,23.25,BLANK,0C,off
01/10/2023 20:06:02,Chamber 5,28-041661d198ff,23.187,BLANK,0C,off
01/10/2023 20:06:22,Chamber 5,28-041661d198ff,23.187,BLANK,0C,off
01/10/2023 20:06:42,Chamber 5,28-041661d198ff,23.187,BLANK,0C,off
01/10/2023 20:07:02,Chamber 5,28-041661d198ff,23.187,BLANK,0C,off
01/10/2023 20:07:22,Chamber 5,28-041661d198ff,23.187,BLANK,0C,off
01/10/2023 20:07:42,Chamber 5,28-041661d198ff,23.187,BLANK,0C,off
01/10/2023 20:08:02,Chamber 5,28-041661d198ff,23.187,BLANK,0C,off
01/10/2023 20:08:22,Chamber 5,28-041661d198ff,23.187,BLANK,0C,off
01/10/2023 20:08:42,Chamber 5,28-041661d198ff,23.187,BLANK,0C,off
01/10/2023 20:09:02,Chamber 5,28-041661d198ff,23.187,BLANK,0C,off
01/10/2023 20:09:22,Chamber 5,28-041661d198ff,23.187,BLANK,0C,off
01/10/2023 20:09:42,Chamber 5,28-041661d198ff,23.187,BLANK,0C,off
01/10/2023 20:10:02,Chamber 5,28-041661d198ff,23.187,BLANK,0C,off
01/10/2023 20:10:22,Chamber 5,28-041661d198ff,23.187,BLANK,0C,off
01/10/2023 20:10:42,Chamber 5,28-041661d198ff,23.187,BLANK,0C,off
01/10/2023 20:11:02,Chamber 5,28-041661d198ff,23.187,BLANK,0C,off
01/10/2023 20:11:22,Chamber 5,28-041661d198ff,23.187,BLANK,0C,off
01/10/2023 20:11:42,Chamber 5,28-041661d198ff,23.187,BLANK,0C,off
01/10/2023 20:12:02,Chamber 5,28-041661d198ff,23.187,BLANK,0C,off
01/10/2023 20:12:23,Chamber 5,28-041661d198ff,23.187,BLANK,0C,off
01/10/2023 20:12:43,Chamber 5,28-041661d198ff,23.187,BLANK,0C,off
01/10/2023 20:13:02,Chamber 5,28-041661d198ff,23.187,BLANK,0C,off
01/10/2023 20:13:22,Chamber 5,28-041661d198ff,23.187,BLANK,0C,off
01/10/2023 20:13:42,Chamber 5,28-041661d198ff,23.187,BLANK,0C,off
01/10/2023 20:14:04,Chamber 5,28-041661d198ff,23.187,BLANK,0C,off
01/10/2023 20:14:22,Chamber 5,28-041661d198ff,23.187,BLANK,0C,off
01/10/2023 20:14:42,Chamber 5,28-041661d198ff,23.187,BLANK,0C,off
01/10/2023 20:15:02,Chamber 5,28-041661d198ff,23.187,BLANK,0C,off
01/10/2023 20:15:23,Chamber 5,28-041661d198ff,23.187,BLANK,0C,off
01/10/2023 20:15:42,Chamber 5,28-041661d198ff,23.187,BLANK,0C,off
01/10/2023 20:16:02,Chamber 5,28-041661d198ff,23.187,BLANK,0C,off
01/10/2023 20:16:22,Chamber 5,28-041661d198ff,23.187,BLANK,0C,off
01/10/2023 20:16:43,Chamber 5,28-041661d198ff,23.187,BLANK,0C,off
01/10/2023 20:17:03,Chamber 5,28-041661d198ff,23.187,BLANK,0C,off
01/10/2023 20:17:22,Chamber 5,28-041661d198ff,23.187,BLANK,0C,off
01/10/2023 20:17:42,Chamber 5,28-041661d198ff,23.125,BLANK,0C,off
01/10/2023 20:18:02,Chamber 5,28-041661d198ff,23.187,BLANK,0C,off
01/10/2023 20:18:22,Chamber 5,28-041661d198ff,23.187,BLANK,0C,off
01/10/2023 20:18:42,Chamber 5,28-041661d198ff,23.125,BLANK,0C,off
01/10/2023 20:19:02,Chamber 5,28-041661d198ff,23.125,BLANK,0C,off
01/10/2023 20:19:22,Chamber 5,28-041661d198ff,23.125,BLANK,0C,off
01/10/2023 20:19:42,Chamber 5,28-041661d198ff,23.125,BLANK,0C,off
01/10/2023 20:20:02,Chamber 5,28-041661d198ff,23.125,BLANK,0C,off
01/10/2023 20:20:22,Chamber 5,28-041661d198ff,23.125,BLANK,0C,off
01/10/2023 20:20:42,Chamber 5,28-041661d198ff,23.125,BLANK,0C,off
01/10/2023 20:21:02,Chamber 5,28-041661d198ff,23.125,BLANK,0C,off
01/10/2023 20:21:22,Chamber 5,28-041661d198ff,23.125,BLANK,0C,off
01/10/2023 20:21:42,Chamber 5,28-041661d198ff,23.125,BLANK,0C,off
01/10/2023 20:22:02,Chamber 5,28-041661d198ff,23.125,BLANK,0C,off
01/10/2023 20:22:22,Chamber 5,28-041661d198ff,23.125,BLANK,0C,off
01/10/2023 20:22:42,Chamber 5,28-041661d198ff,23.125,BLANK,0C,off
01/10/2023 20:23:02,Chamber 5,28-041661d198ff,23.125,BLANK,0C,off
01/10/2023 20:23:22,Chamber 5,28-041661d198ff,23.125,BLANK,0C,off
01/10/2023 20:23:42,Chamber 5,28-041661d198ff,23.125,BLANK,0C,off
01/10/2023 20:24:02,Chamber 5,28-041661d198ff,23.125,BLANK,0C,off
01/10/2023 20:24:22,Chamber 5,28-041661d198ff,23.125,BLANK,0C,off
01/10/2023 20:24:42,Chamber 5,28-041661d198ff,23.125,BLANK,0C,off
01/10/2023 20:25:02,Chamber 5,28-041661d198ff,23.125,BLANK,0C,off
01/10/2023 20:25:22,Chamber 5,28-041661d198ff,23.125,BLANK,0C,off
01/10/2023 20:25:42,Chamber 5,28-041661d198ff,23.125,BLANK,0C,off
01/10/2023 20:26:02,Chamber 5,28-041661d198ff,23.125,BLANK,0C,off
01/10/2023 20:26:22,Chamber 5,28-041661d198ff,23.125,BLANK,0C,off
01/10/2023 20:26:42,Chamber 5,28-041661d198ff,23.125,BLANK,0C,off
01/10/2023 20:27:02,Chamber 5,28-041661d198ff,23.125,BLANK,0C,off
01/10/2023 20:27:22,Chamber 5,28-041661d198ff,23.125,BLANK,0C,off
01/10/2023 20:27:42,Chamber 5,28-041661d198ff,23.125,BLANK,0C,off
01/10/2023 20:28:02,Chamber 5,28-041661d198ff,23.062,BLANK,0C,off
01/10/2023 20:28:22,Chamber 5,28-041661d198ff,23.125,BLANK,0C,off
01/10/2023 20:28:42,Chamber 5,28-041661d198ff,23.062,BLANK,0C,off
01/10/2023 20:29:02,Chamber 5,28-041661d198ff,23.062,BLANK,0C,off
01/10/2023 20:29:22,Chamber 5,28-041661d198ff,23.062,BLANK,0C,off
01/10/2023 20:29:42,Chamber 5,28-041661d198ff,23.062,BLANK,0C,off
01/10/2023 20:30:03,Chamber 5,28-041661d198ff,23.125,BLANK,0C,off
01/10/2023 20:30:22,Chamber 5,28-041661d198ff,23.062,BLANK,0C,off
01/10/2023 20:30:42,Chamber 5,28-041661d198ff,23.062,BLANK,0C,off
01/10/2023 20:31:02,Chamber 5,28-041661d198ff,23.062,BLANK,0C,off
01/10/2023 20:31:22,Chamber 5,28-041661d198ff,23.062,BLANK,0C,off
01/10/2023 20:31:43,Chamber 5,28-041661d198ff,23.062,BLANK,0C,off
01/10/2023 20:32:02,Chamber 5,28-041661d198ff,23.062,BLANK,0C,off
01/10/2023 20:32:22,Chamber 5,28-041661d198ff,23.062,BLANK,0C,off
01/10/2023 20:32:42,Chamber 5,28-041661d198ff,23.062,BLANK,0C,off
01/10/2023 20:33:02,Chamber 5,28-041661d198ff,23.062,BLANK,0C,off
01/10/2023 20:33:22,Chamber 5,28-041661d198ff,23.062,BLANK,0C,off
01/10/2023 20:33:42,Chamber 5,28-041661d198ff,23.062,BLANK,0C,off
01/10/2023 20:34:02,Chamber 5,28-041661d198ff,23.062,BLANK,0C,off
01/10/2023 20:34:24,Chamber 5,28-041661d198ff,23.062,BLANK,0C,off
01/10/2023 20:34:42,Chamber 5,28-041661d198ff,23.062,BLANK,0C,off
01/10/2023 20:35:02,Chamber 5,28-041661d198ff,23.062,BLANK,0C,off
01/10/2023 20:35:22,Chamber 5,28-041661d198ff,23.062,BLANK,0C,off
01/10/2023 20:35:42,Chamber 5,28-041661d198ff,23.062,BLANK,0C,off
01/10/2023 20:36:02,Chamber 5,28-041661d198ff,23.062,BLANK,0C,off
01/10/2023 20:36:22,Chamber 5,28-041661d198ff,23.062,BLANK,0C,off
01/10/2023 20:36:42,Chamber 5,28-041661d198ff,23.062,BLANK,0C,off
01/10/2023 20:37:02,Chamber 5,28-041661d198ff,23.062,BLANK,0C,off
01/10/2023 20:37:22,Chamber 5,28-041661d198ff,23.062,BLANK,0C,off
01/10/2023 20:37:42,Chamber 5,28-041661d198ff,23.062,BLANK,0C,off
01/10/2023 20:38:02,Chamber 5,28-041661d198ff,23.062,BLANK,0C,off
01/10/2023 20:38:22,Chamber 5,28-041661d198ff,23.062,BLANK,0C,off
01/10/2023 20:38:42,Chamber 5,28-041661d198ff,23.062,BLANK,0C,off
01/10/2023 20:39:02,Chamber 5,28-041661d198ff,23.062,BLANK,0C,off
01/10/2023 20:39:22,Chamber 5,28-041661d198ff,23.062,BLANK,0C,off
01/10/2023 20:39:42,Chamber 5,28-041661d198ff,23.062,BLANK,0C,off
01/10/2023 20:40:02,Chamber 5,28-041661d198ff,23.062,BLANK,0C,off
01/10/2023 20:40:22,Chamber 5,28-041661d198ff,23.062,BLANK,0C,off
01/10/2023 20:40:42,Chamber 5,28-041661d198ff,23.062,BLANK,0C,off
01/10/2023 20:41:02,Chamber 5,28-041661d198ff,23.0,BLANK,0C,off
01/10/2023 20:41:22,Chamber 5,28-041661d198ff,23.062,BLANK,0C,off
01/10/2023 20:41:42,Chamber 5,28-041661d198ff,23.062,BLANK,0C,off
01/10/2023 20:42:02,Chamber 5,28-041661d198ff,23.062,BLANK,0C,off
01/10/2023 20:42:22,Chamber 5,28-041661d198ff,23.062,BLANK,0C,off
01/10/2023 20:42:42,Chamber 5,28-041661d198ff,23.0,BLANK,0C,off
01/10/2023 20:43:02,Chamber 5,28-041661d198ff,23.0,BLANK,0C,off
01/10/2023 20:43:22,Chamber 5,28-041661d198ff,23.0,BLANK,0C,off
01/10/2023 20:43:42,Chamber 5,28-041661d198ff,23.0,BLANK,0C,off
01/10/2023 20:44:02,Chamber 5,28-041661d198ff,23.0,BLANK,0C,off
01/10/2023 20:44:22,Chamber 5,28-041661d198ff,23.0,BLANK,0C,off
01/10/2023 20:44:42,Chamber 5,28-041661d198ff,23.0,BLANK,0C,off
01/10/2023 20:45:02,Chamber 5,28-041661d198ff,23.0,BLANK,0C,off
01/10/2023 20:45:22,Chamber 5,28-041661d198ff,23.0,BLANK,0C,off
01/10/2023 20:45:42,Chamber 5,28-041661d198ff,23.0,BLANK,0C,off
01/10/2023 20:46:02,Chamber 5,28-041661d198ff,23.0,BLANK,0C,off
01/10/2023 20:46:22,Chamber 5,28-041661d198ff,23.0,BLANK,0C,off
01/10/2023 20:46:42,Chamber 5,28-041661d198ff,23.0,BLANK,0C,off
01/10/2023 20:47:02,Chamber 5,28-041661d198ff,23.0,BLANK,0C,off
01/10/2023 20:47:22,Chamber 5,28-041661d198ff,23.0,BLANK,0C,off
01/10/2023 20:47:42,Chamber 5,28-041661d198ff,23.0,BLANK,0C,off
01/10/2023 20:48:02,Chamber 5,28-041661d198ff,23.0,BLANK,0C,off
01/10/2023 20:48:22,Chamber 5,28-041661d198ff,23.0,BLANK,0C,off
01/10/2023 20:48:42,Chamber 5,28-041661d198ff,23.0,BLANK,0C,off
01/10/2023 20:49:02,Chamber 5,28-041661d198ff,23.0,BLANK,0C,off
01/10/2023 20:49:22,Chamber 5,28-041661d198ff,23.0,BLANK,0C,off
01/10/2023 20:49:42,Chamber 5,28-041661d198ff,23.0,BLANK,0C,off
01/10/2023 20:50:02,Chamber 5,28-041661d198ff,23.0,BLANK,0C,off
01/10/2023 20:50:22,Chamber 5,28-041661d198ff,23.0,BLANK,0C,off
01/10/2023 20:50:42,Chamber 5,28-041661d198ff,23.0,BLANK,0C,off
01/10/2023 20:51:02,Chamber 5,28-041661d198ff,23.0,BLANK,0C,off
01/10/2023 20:51:22,Chamber 5,28-041661d198ff,23.0,BLANK,0C,off
01/10/2023 20:51:42,Chamber 5,28-041661d198ff,23.0,BLANK,0C,off
01/10/2023 20:52:02,Chamber 5,28-041661d198ff,23.0,BLANK,0C,off
01/10/2023 20:52:22,Chamber 5,28-041661d198ff,23.0,BLANK,0C,off
01/10/2023 20:52:42,Chamber 5,28-041661d198ff,23.0,BLANK,0C,off
01/10/2023 20:53:02,Chamber 5,28-041661d198ff,23.0,BLANK,0C,off
01/10/2023 20:53:22,Chamber 5,28-041661d198ff,23.0,BLANK,0C,off
01/10/2023 20:53:42,Chamber 5,28-041661d198ff,23.0,BLANK,0C,off
01/10/2023 20:54:03,Chamber 5,28-041661d198ff,23.0,BLANK,0C,off
01/10/2023 20:54:22,Chamber 5,28-041661d198ff,23.0,BLANK,0C,off
01/10/2023 20:54:42,Chamber 5,28-041661d198ff,23.0,BLANK,0C,off
01/10/2023 20:55:02,Chamber 5,28-041661d198ff,23.0,BLANK,0C,off
01/10/2023 20:55:22,Chamber 5,28-041661d198ff,23.0,BLANK,0C,off
01/10/2023 20:55:42,Chamber 5,28-041661d198ff,23.0,BLANK,0C,off
01/10/2023 20:56:02,Chamber 5,28-041661d198ff,23.0,BLANK,0C,off
01/10/2023 20:56:22,Chamber 5,28-041661d198ff,22.937,BLANK,0C,off
01/10/2023 20:56:42,Chamber 5,28-041661d198ff,23.0,BLANK,0C,off
01/10/2023 20:57:02,Chamber 5,28-041661d198ff,22.937,BLANK,0C,off
01/10/2023 20:57:22,Chamber 5,28-041661d198ff,22.937,BLANK,0C,off
01/10/2023 20:57:42,Chamber 5,28-041661d198ff,22.937,BLANK,0C,off
01/10/2023 20:58:02,Chamber 5,28-041661d198ff,22.937,BLANK,0C,off
01/10/2023 20:58:22,Chamber 5,28-041661d198ff,22.937,BLANK,0C,off
01/10/2023 20:58:42,Chamber 5,28-041661d198ff,22.937,BLANK,0C,off
01/10/2023 20:59:02,Chamber 5,28-041661d198ff,22.937,BLANK,0C,off
01/10/2023 20:59:22,Chamber 5,28-041661d198ff,22.937,BLANK,0C,off
01/10/2023 20:59:42,Chamber 5,28-041661d198ff,22.937,BLANK,0C,off
01/10/2023 21:00:03,Chamber 5,28-041661d198ff,22.937,BLANK,0C,off
01/10/2023 21:00:23,Chamber 5,28-041661d198ff,22.937,BLANK,0C,off
01/10/2023 21:00:43,Chamber 5,28-041661d198ff,22.937,BLANK,0C,off
01/10/2023 21:01:03,Chamber 5,28-041661d198ff,22.937,BLANK,0C,off
01/10/2023 21:01:23,Chamber 5,28-041661d198ff,22.937,BLANK,0C,off
01/10/2023 21:01:43,Chamber 5,28-041661d198ff,22.937,BLANK,0C,off
01/10/2023 21:02:03,Chamber 5,28-041661d198ff,22.937,BLANK,0C,off
01/10/2023 21:02:23,Chamber 5,28-041661d198ff,22.937,BLANK,0C,off
01/10/2023 21:02:43,Chamber 5,28-041661d198ff,22.937,BLANK,0C,off
01/10/2023 21:03:03,Chamber 5,28-041661d198ff,22.937,BLANK,0C,off
01/10/2023 21:03:23,Chamber 5,28-041661d198ff,22.937,BLANK,0C,off
01/10/2023 21:03:43,Chamber 5,28-041661d198ff,22.937,BLANK,0C,off
01/10/2023 21:04:03,Chamber 5,28-041661d198ff,22.937,BLANK,0C,off
01/10/2023 21:04:23,Chamber 5,28-041661d198ff,22.937,BLANK,0C,off
01/10/2023 21:04:43,Chamber 5,28-041661d198ff,22.937,BLANK,0C,off
01/10/2023 21:05:03,Chamber 5,28-041661d198ff,22.937,BLANK,0C,off
01/10/2023 21:05:23,Chamber 5,28-041661d198ff,22.937,BLANK,0C,off
01/10/2023 21:05:43,Chamber 5,28-041661d198ff,22.937,BLANK,0C,off
01/10/2023 21:06:03,Chamber 5,28-041661d198ff,22.937,BLANK,0C,off
01/10/2023 21:06:23,Chamber 5,28-041661d198ff,22.937,BLANK,0C,off
01/10/2023 21:06:43,Chamber 5,28-041661d198ff,22.937,BLANK,0C,off
01/10/2023 21:07:03,Chamber 5,28-041661d198ff,22.937,BLANK,0C,off
01/10/2023 21:07:23,Chamber 5,28-041661d198ff,22.937,BLANK,0C,off
01/10/2023 21:07:43,Chamber 5,28-041661d198ff,22.937,BLANK,0C,off
01/10/2023 21:08:03,Chamber 5,28-041661d198ff,22.937,BLANK,0C,off
01/10/2023 21:08:23,Chamber 5,28-041661d198ff,22.937,BLANK,0C,off
01/10/2023 21:08:43,Chamber 5,28-041661d198ff,22.937,BLANK,0C,off
01/10/2023 21:09:03,Chamber 5,28-041661d198ff,22.937,BLANK,0C,off
01/10/2023 21:09:23,Chamber 5,28-041661d198ff,22.937,BLANK,0C,off
01/10/2023 21:09:43,Chamber 5,28-041661d198ff,22.937,BLANK,0C,off
01/10/2023 21:10:03,Chamber 5,28-041661d198ff,22.937,BLANK,0C,off
01/10/2023 21:10:23,Chamber 5,28-041661d198ff,22.937,BLANK,0C,off
01/10/2023 21:10:43,Chamber 5,28-041661d198ff,22.937,BLANK,0C,off
01/10/2023 21:11:03,Chamber 5,28-041661d198ff,22.937,BLANK,0C,off
01/10/2023 21:11:23,Chamber 5,28-041661d198ff,22.875,BLANK,0C,off
01/10/2023 21:11:43,Chamber 5,28-041661d198ff,22.937,BLANK,0C,off
01/10/2023 21:12:03,Chamber 5,28-041661d198ff,22.875,BLANK,0C,off
01/10/2023 21:12:23,Chamber 5,28-041661d198ff,22.937,BLANK,0C,off
01/10/2023 21:12:43,Chamber 5,28-041661d198ff,22.875,BLANK,0C,off
01/10/2023 21:13:03,Chamber 5,28-041661d198ff,22.875,BLANK,0C,off
01/10/2023 21:13:23,Chamber 5,28-041661d198ff,22.937,BLANK,0C,off
01/10/2023 21:13:43,Chamber 5,28-041661d198ff,22.937,BLANK,0C,off
01/10/2023 21:14:03,Chamber 5,28-041661d198ff,22.875,BLANK,0C,off
01/10/2023 21:14:23,Chamber 5,28-041661d198ff,22.937,BLANK,0C,off
01/10/2023 21:14:43,Chamber 5,28-041661d198ff,22.875,BLANK,0C,off
01/10/2023 21:15:03,Chamber 5,28-041661d198ff,22.875,BLANK,0C,off
01/10/2023 21:15:24,Chamber 5,28-041661d198ff,22.937,BLANK,0C,off
01/10/2023 21:15:43,Chamber 5,28-041661d198ff,22.875,BLANK,0C,off
01/10/2023 21:16:03,Chamber 5,28-041661d198ff,22.875,BLANK,0C,off
01/10/2023 21:16:23,Chamber 5,28-041661d198ff,22.875,BLANK,0C,off
01/10/2023 21:16:43,Chamber 5,28-041661d198ff,22.875,BLANK,0C,off
01/10/2023 21:17:03,Chamber 5,28-041661d198ff,22.937,BLANK,0C,off
01/10/2023 21:17:23,Chamber 5,28-041661d198ff,22.875,BLANK,0C,off
01/10/2023 21:17:43,Chamber 5,28-041661d198ff,22.875,BLANK,0C,off
01/10/2023 21:18:03,Chamber 5,28-041661d198ff,22.875,BLANK,0C,off
01/10/2023 21:18:23,Chamber 5,28-041661d198ff,22.875,BLANK,0C,off
01/10/2023 21:18:43,Chamber 5,28-041661d198ff,22.875,BLANK,0C,off
01/10/2023 21:19:03,Chamber 5,28-041661d198ff,22.875,BLANK,0C,off
01/10/2023 21:19:23,Chamber 5,28-041661d198ff,22.875,BLANK,0C,off
01/10/2023 21:19:43,Chamber 5,28-041661d198ff,22.875,BLANK,0C,off
01/10/2023 21:20:03,Chamber 5,28-041661d198ff,22.875,BLANK,0C,off
01/10/2023 21:20:23,Chamber 5,28-041661d198ff,22.875,BLANK,0C,off
01/10/2023 21:20:44,Chamber 5,28-041661d198ff,22.875,BLANK,0C,off
01/10/2023 21:21:03,Chamber 5,28-041661d198ff,22.875,BLANK,0C,off
01/10/2023 21:21:23,Chamber 5,28-041661d198ff,22.875,BLANK,0C,off
01/10/2023 21:21:43,Chamber 5,28-041661d198ff,22.875,BLANK,0C,off
01/10/2023 21:22:03,Chamber 5,28-041661d198ff,22.875,BLANK,0C,off
01/10/2023 21:22:23,Chamber 5,28-041661d198ff,22.875,BLANK,0C,off
01/10/2023 21:22:43,Chamber 5,28-041661d198ff,22.875,BLANK,0C,off
01/10/2023 21:23:03,Chamber 5,28-041661d198ff,22.875,BLANK,0C,off
01/10/2023 21:23:23,Chamber 5,28-041661d198ff,22.875,BLANK,0C,off
01/10/2023 21:23:43,Chamber 5,28-041661d198ff,22.875,BLANK,0C,off
01/10/2023 21:24:03,Chamber 5,28-041661d198ff,22.875,BLANK,0C,off
01/10/2023 21:24:23,Chamber 5,28-041661d198ff,22.875,BLANK,0C,off
01/10/2023 21:24:43,Chamber 5,28-041661d198ff,22.875,BLANK,0C,off
01/10/2023 21:25:03,Chamber 5,28-041661d198ff,22.875,BLANK,0C,off
01/10/2023 21:25:23,Chamber 5,28-041661d198ff,22.875,BLANK,0C,off
01/10/2023 21:25:43,Chamber 5,28-041661d198ff,22.875,BLANK,0C,off
01/10/2023 21:26:03,Chamber 5,28-041661d198ff,22.875,BLANK,0C,off
01/10/2023 21:26:23,Chamber 5,28-041661d198ff,22.875,BLANK,0C,off
01/10/2023 21:26:43,Chamber 5,28-041661d198ff,22.875,BLANK,0C,off
01/10/2023 21:27:03,Chamber 5,28-041661d198ff,22.875,BLANK,0C,off
01/10/2023 21:27:23,Chamber 5,28-041661d198ff,22.875,BLANK,0C,off
01/10/2023 21:27:43,Chamber 5,28-041661d198ff,22.875,BLANK,0C,off
01/10/2023 21:28:03,Chamber 5,28-041661d198ff,22.875,BLANK,0C,off
01/10/2023 21:28:23,Chamber 5,28-041661d198ff,22.875,BLANK,0C,off
01/10/2023 21:28:43,Chamber 5,28-041661d198ff,22.875,BLANK,0C,off
01/10/2023 21:29:03,Chamber 5,28-041661d198ff,22.875,BLANK,0C,off
01/10/2023 21:29:23,Chamber 5,28-041661d198ff,22.875,BLANK,0C,off
01/10/2023 21:29:43,Chamber 5,28-041661d198ff,22.875,BLANK,0C,off
01/10/2023 21:30:03,Chamber 5,28-041661d198ff,22.875,BLANK,0C,off
01/10/2023 21:30:23,Chamber 5,28-041661d198ff,22.875,BLANK,0C,off
01/10/2023 21:30:43,Chamber 5,28-041661d198ff,22.875,BLANK,0C,off
01/10/2023 21:31:03,Chamber 5,28-041661d198ff,22.875,BLANK,0C,off
01/10/2023 21:31:23,Chamber 5,28-041661d198ff,22.875,BLANK,0C,off
01/10/2023 21:31:43,Chamber 5,28-041661d198ff,22.875,BLANK,0C,off
01/10/2023 21:32:03,Chamber 5,28-041661d198ff,22.875,BLANK,0C,off
01/10/2023 21:32:23,Chamber 5,28-041661d198ff,22.875,BLANK,0C,off
01/10/2023 21:32:43,Chamber 5,28-041661d198ff,22.875,BLANK,0C,off
01/10/2023 21:33:03,Chamber 5,28-041661d198ff,22.875,BLANK,0C,off
01/10/2023 21:33:23,Chamber 5,28-041661d198ff,22.875,BLANK,0C,off
01/10/2023 21:33:43,Chamber 5,28-041661d198ff,22.875,BLANK,0C,off
01/10/2023 21:34:03,Chamber 5,28-041661d198ff,22.875,BLANK,0C,off
01/10/2023 21:34:23,Chamber 5,28-041661d198ff,22.875,BLANK,0C,off
01/10/2023 21:34:43,Chamber 5,28-041661d198ff,22.875,BLANK,0C,off
01/10/2023 21:35:03,Chamber 5,28-041661d198ff,22.875,BLANK,0C,off
01/10/2023 21:35:23,Chamber 5,28-041661d198ff,22.875,BLANK,0C,off
01/10/2023 21:35:43,Chamber 5,28-041661d198ff,22.875,BLANK,0C,off
01/10/2023 21:36:03,Chamber 5,28-041661d198ff,22.875,BLANK,0C,off
01/10/2023 21:36:23,Chamber 5,28-041661d198ff,22.875,BLANK,0C,off
01/10/2023 21:36:43,Chamber 5,28-041661d198ff,22.875,BLANK,0C,off
01/10/2023 21:37:03,Chamber 5,28-041661d198ff,22.875,BLANK,0C,off
01/10/2023 21:37:23,Chamber 5,28-041661d198ff,22.812,BLANK,0C,off
01/10/2023 21:37:43,Chamber 5,28-041661d198ff,22.812,BLANK,0C,off
01/10/2023 21:38:03,Chamber 5,28-041661d198ff,22.875,BLANK,0C,off
01/10/2023 21:38:23,Chamber 5,28-041661d198ff,22.875,BLANK,0C,off
01/10/2023 21:38:43,Chamber 5,28-041661d198ff,22.812,BLANK,0C,off
01/10/2023 21:39:03,Chamber 5,28-041661d198ff,22.812,BLANK,0C,off
01/10/2023 21:39:23,Chamber 5,28-041661d198ff,22.812,BLANK,0C,off
01/10/2023 21:39:43,Chamber 5,28-041661d198ff,22.875,BLANK,0C,off
01/10/2023 21:40:03,Chamber 5,28-041661d198ff,22.812,BLANK,0C,off
01/10/2023 21:40:23,Chamber 5,28-041661d198ff,22.812,BLANK,0C,off
01/10/2023 21:40:43,Chamber 5,28-041661d198ff,22.812,BLANK,0C,off
01/10/2023 21:41:03,Chamber 5,28-041661d198ff,22.812,BLANK,0C,off
01/10/2023 21:41:23,Chamber 5,28-041661d198ff,22.812,BLANK,0C,off
01/10/2023 21:41:43,Chamber 5,28-041661d198ff,22.812,BLANK,0C,off
01/10/2023 21:42:03,Chamber 5,28-041661d198ff,22.812,BLANK,0C,off
01/10/2023 21:42:23,Chamber 5,28-041661d198ff,22.812,BLANK,0C,off
01/10/2023 21:42:43,Chamber 5,28-041661d198ff,22.812,BLANK,0C,off
01/10/2023 21:43:03,Chamber 5,28-041661d198ff,22.812,BLANK,0C,off
01/10/2023 21:43:24,Chamber 5,28-041661d198ff,22.812,BLANK,0C,off
01/10/2023 21:43:43,Chamber 5,28-041661d198ff,22.812,BLANK,0C,off
01/10/2023 21:44:03,Chamber 5,28-041661d198ff,22.812,BLANK,0C,off
01/10/2023 21:44:23,Chamber 5,28-041661d198ff,22.812,BLANK,0C,off
01/10/2023 21:44:43,Chamber 5,28-041661d198ff,22.812,BLANK,0C,off
01/10/2023 21:45:05,Chamber 5,28-041661d198ff,22.812,BLANK,0C,off
01/10/2023 21:45:23,Chamber 5,28-041661d198ff,22.812,BLANK,0C,off
01/10/2023 21:45:43,Chamber 5,28-041661d198ff,22.812,BLANK,0C,off
01/10/2023 21:46:03,Chamber 5,28-041661d198ff,22.812,BLANK,0C,off
01/10/2023 21:46:23,Chamber 5,28-041661d198ff,22.812,BLANK,0C,off
01/10/2023 21:46:43,Chamber 5,28-041661d198ff,22.812,BLANK,0C,off
01/10/2023 21:47:03,Chamber 5,28-041661d198ff,22.812,BLANK,0C,off
01/10/2023 21:47:23,Chamber 5,28-041661d198ff,22.812,BLANK,0C,off
01/10/2023 21:47:43,Chamber 5,28-041661d198ff,22.812,BLANK,0C,off
01/10/2023 21:48:03,Chamber 5,28-041661d198ff,22.812,BLANK,0C,off
01/10/2023 21:48:23,Chamber 5,28-041661d198ff,22.812,BLANK,0C,off
01/10/2023 21:48:43,Chamber 5,28-041661d198ff,22.812,BLANK,0C,off
01/10/2023 21:49:03,Chamber 5,28-041661d198ff,22.812,BLANK,0C,off
01/10/2023 21:49:23,Chamber 5,28-041661d198ff,22.812,BLANK,0C,off
01/10/2023 21:49:43,Chamber 5,28-041661d198ff,22.812,BLANK,0C,off
01/10/2023 21:50:03,Chamber 5,28-041661d198ff,22.812,BLANK,0C,off
01/10/2023 21:50:23,Chamber 5,28-041661d198ff,22.812,BLANK,0C,off
01/10/2023 21:50:43,Chamber 5,28-041661d198ff,22.812,BLANK,0C,off
01/10/2023 21:51:03,Chamber 5,28-041661d198ff,22.812,BLANK,0C,off
01/10/2023 21:51:23,Chamber 5,28-041661d198ff,22.812,BLANK,0C,off
01/10/2023 21:51:43,Chamber 5,28-041661d198ff,22.812,BLANK,0C,off
01/10/2023 21:52:03,Chamber 5,28-041661d198ff,22.812,BLANK,0C,off
01/10/2023 21:52:23,Chamber 5,28-041661d198ff,22.812,BLANK,0C,off
01/10/2023 21:52:43,Chamber 5,28-041661d198ff,22.812,BLANK,0C,off
01/10/2023 21:53:03,Chamber 5,28-041661d198ff,22.812,BLANK,0C,off
01/10/2023 21:53:23,Chamber 5,28-041661d198ff,22.812,BLANK,0C,off
01/10/2023 21:53:43,Chamber 5,28-041661d198ff,22.812,BLANK,0C,off
01/10/2023 21:54:03,Chamber 5,28-041661d198ff,22.812,BLANK,0C,off
01/10/2023 21:54:24,Chamber 5,28-041661d198ff,22.812,BLANK,0C,off
01/10/2023 21:54:43,Chamber 5,28-041661d198ff,22.812,BLANK,0C,off
01/10/2023 21:55:03,Chamber 5,28-041661d198ff,22.812,BLANK,0C,off
01/10/2023 21:55:24,Chamber 5,28-041661d198ff,22.812,BLANK,0C,off
01/10/2023 21:55:43,Chamber 5,28-041661d198ff,22.812,BLANK,0C,off
01/10/2023 21:56:03,Chamber 5,28-041661d198ff,22.812,BLANK,0C,off
01/10/2023 21:56:23,Chamber 5,28-041661d198ff,22.812,BLANK,0C,off
01/10/2023 21:56:43,Chamber 5,28-041661d198ff,22.812,BLANK,0C,off
01/10/2023 21:57:03,Chamber 5,28-041661d198ff,22.812,BLANK,0C,off
01/10/2023 21:57:23,Chamber 5,28-041661d198ff,22.812,BLANK,0C,off
01/10/2023 21:57:43,Chamber 5,28-041661d198ff,22.812,BLANK,0C,off
01/10/2023 21:58:03,Chamber 5,28-041661d198ff,22.812,BLANK,0C,off
01/10/2023 21:58:23,Chamber 5,28-041661d198ff,22.812,BLANK,0C,off
01/10/2023 21:58:43,Chamber 5,28-041661d198ff,22.812,BLANK,0C,off
01/10/2023 21:59:03,Chamber 5,28-041661d198ff,22.75,BLANK,0C,off
01/10/2023 21:59:23,Chamber 5,28-041661d198ff,22.812,BLANK,0C,off
01/10/2023 21:59:43,Chamber 5,28-041661d198ff,22.812,BLANK,0C,off
01/10/2023 22:00:03,Chamber 5,28-041661d198ff,22.812,BLANK,0C,off
01/10/2023 22:00:23,Chamber 5,28-041661d198ff,22.812,BLANK,0C,off
01/10/2023 22:00:43,Chamber 5,28-041661d198ff,22.812,BLANK,0C,off
01/10/2023 22:01:03,Chamber 5,28-041661d198ff,22.812,BLANK,0C,off
01/10/2023 22:01:23,Chamber 5,28-041661d198ff,22.812,BLANK,0C,off
01/10/2023 22:01:43,Chamber 5,28-041661d198ff,22.812,BLANK,0C,off
01/10/2023 22:02:03,Chamber 5,28-041661d198ff,22.812,BLANK,0C,off
01/10/2023 22:02:23,Chamber 5,28-041661d198ff,22.812,BLANK,0C,off
01/10/2023 22:02:43,Chamber 5,28-041661d198ff,22.75,BLANK,0C,off
01/10/2023 22:03:03,Chamber 5,28-041661d198ff,22.812,BLANK,0C,off
01/10/2023 22:03:23,Chamber 5,28-041661d198ff,22.812,BLANK,0C,off
01/10/2023 22:03:43,Chamber 5,28-041661d198ff,22.812,BLANK,0C,off
01/10/2023 22:04:03,Chamber 5,28-041661d198ff,22.75,BLANK,0C,off
01/10/2023 22:04:23,Chamber 5,28-041661d198ff,22.812,BLANK,0C,off
01/10/2023 22:04:43,Chamber 5,28-041661d198ff,22.75,BLANK,0C,off
01/10/2023 22:05:03,Chamber 5,28-041661d198ff,22.812,BLANK,0C,off
01/10/2023 22:05:23,Chamber 5,28-041661d198ff,22.75,BLANK,0C,off
01/10/2023 22:05:43,Chamber 5,28-041661d198ff,22.812,BLANK,0C,off
01/10/2023 22:06:03,Chamber 5,28-041661d198ff,22.812,BLANK,0C,off
01/10/2023 22:06:23,Chamber 5,28-041661d198ff,22.75,BLANK,0C,off
01/10/2023 22:06:43,Chamber 5,28-041661d198ff,22.812,BLANK,0C,off
01/10/2023 22:07:03,Chamber 5,28-041661d198ff,22.812,BLANK,0C,off
01/10/2023 22:07:23,Chamber 5,28-041661d198ff,22.75,BLANK,0C,off
01/10/2023 22:07:43,Chamber 5,28-041661d198ff,22.812,BLANK,0C,off
01/10/2023 22:08:03,Chamber 5,28-041661d198ff,22.75,BLANK,0C,off
01/10/2023 22:08:23,Chamber 5,28-041661d198ff,22.75,BLANK,0C,off
01/10/2023 22:08:43,Chamber 5,28-041661d198ff,22.75,BLANK,0C,off
01/10/2023 22:09:03,Chamber 5,28-041661d198ff,22.75,BLANK,0C,off
01/10/2023 22:09:23,Chamber 5,28-041661d198ff,22.75,BLANK,0C,off
01/10/2023 22:09:43,Chamber 5,28-041661d198ff,22.75,BLANK,0C,off
01/10/2023 22:10:03,Chamber 5,28-041661d198ff,22.75,BLANK,0C,off
01/10/2023 22:10:23,Chamber 5,28-041661d198ff,22.75,BLANK,0C,off
01/10/2023 22:10:43,Chamber 5,28-041661d198ff,22.75,BLANK,0C,off
01/10/2023 22:11:03,Chamber 5,28-041661d198ff,22.75,BLANK,0C,off
01/10/2023 22:11:23,Chamber 5,28-041661d198ff,22.75,BLANK,0C,off
01/10/2023 22:11:43,Chamber 5,28-041661d198ff,22.75,BLANK,0C,off
01/10/2023 22:12:03,Chamber 5,28-041661d198ff,22.75,BLANK,0C,off
01/10/2023 22:12:23,Chamber 5,28-041661d198ff,22.75,BLANK,0C,off
01/10/2023 22:12:43,Chamber 5,28-041661d198ff,22.75,BLANK,0C,off
01/10/2023 22:13:03,Chamber 5,28-041661d198ff,22.75,BLANK,0C,off
01/10/2023 22:13:23,Chamber 5,28-041661d198ff,22.75,BLANK,0C,off
01/10/2023 22:13:43,Chamber 5,28-041661d198ff,22.75,BLANK,0C,off
01/10/2023 22:14:03,Chamber 5,28-041661d198ff,22.75,BLANK,0C,off
01/10/2023 22:14:23,Chamber 5,28-041661d198ff,22.75,BLANK,0C,off
01/10/2023 22:14:43,Chamber 5,28-041661d198ff,22.75,BLANK,0C,off
01/10/2023 22:15:03,Chamber 5,28-041661d198ff,22.75,BLANK,0C,off
01/10/2023 22:15:23,Chamber 5,28-041661d198ff,22.75,BLANK,0C,off
01/10/2023 22:15:43,Chamber 5,28-041661d198ff,22.75,BLANK,0C,off
01/10/2023 22:16:03,Chamber 5,28-041661d198ff,22.75,BLANK,0C,off
01/10/2023 22:16:23,Chamber 5,28-041661d198ff,22.75,BLANK,0C,off
01/10/2023 22:16:43,Chamber 5,28-041661d198ff,22.75,BLANK,0C,off
01/10/2023 22:17:03,Chamber 5,28-041661d198ff,22.75,BLANK,0C,off
01/10/2023 22:17:23,Chamber 5,28-041661d198ff,22.75,BLANK,0C,off
01/10/2023 22:17:43,Chamber 5,28-041661d198ff,22.75,BLANK,0C,off
01/10/2023 22:18:03,Chamber 5,28-041661d198ff,22.75,BLANK,0C,off
01/10/2023 22:18:23,Chamber 5,28-041661d198ff,22.75,BLANK,0C,off
01/10/2023 22:18:43,Chamber 5,28-041661d198ff,22.75,BLANK,0C,off
01/10/2023 22:19:03,Chamber 5,28-041661d198ff,22.75,BLANK,0C,off
01/10/2023 22:19:23,Chamber 5,28-041661d198ff,22.75,BLANK,0C,off
01/10/2023 22:19:43,Chamber 5,28-041661d198ff,22.75,BLANK,0C,off
01/10/2023 22:20:03,Chamber 5,28-041661d198ff,22.75,BLANK,0C,off
01/10/2023 22:20:23,Chamber 5,28-041661d198ff,22.75,BLANK,0C,off
01/10/2023 22:20:43,Chamber 5,28-041661d198ff,22.75,BLANK,0C,off
01/10/2023 22:21:03,Chamber 5,28-041661d198ff,22.75,BLANK,0C,off
01/10/2023 22:21:23,Chamber 5,28-041661d198ff,22.75,BLANK,0C,off
01/10/2023 22:21:43,Chamber 5,28-041661d198ff,22.75,BLANK,0C,off
01/10/2023 22:22:03,Chamber 5,28-041661d198ff,22.75,BLANK,0C,off
01/10/2023 22:22:23,Chamber 5,28-041661d198ff,22.75,BLANK,0C,off
01/10/2023 22:22:43,Chamber 5,28-041661d198ff,22.75,BLANK,0C,off
01/10/2023 22:23:03,Chamber 5,28-041661d198ff,22.75,BLANK,0C,off
01/10/2023 22:23:23,Chamber 5,28-041661d198ff,22.75,BLANK,0C,off
01/10/2023 22:23:43,Chamber 5,28-041661d198ff,22.75,BLANK,0C,off
01/10/2023 22:24:03,Chamber 5,28-041661d198ff,22.75,BLANK,0C,off
01/10/2023 22:24:23,Chamber 5,28-041661d198ff,22.75,BLANK,0C,off
01/10/2023 22:24:43,Chamber 5,28-041661d198ff,22.75,BLANK,0C,off
01/10/2023 22:25:03,Chamber 5,28-041661d198ff,22.75,BLANK,0C,off
01/10/2023 22:25:23,Chamber 5,28-041661d198ff,22.75,BLANK,0C,off
01/10/2023 22:25:43,Chamber 5,28-041661d198ff,22.75,BLANK,0C,off
01/10/2023 22:26:03,Chamber 5,28-041661d198ff,22.75,BLANK,0C,off
01/10/2023 22:26:23,Chamber 5,28-041661d198ff,22.75,BLANK,0C,off
01/10/2023 22:26:43,Chamber 5,28-041661d198ff,22.75,BLANK,0C,off
01/10/2023 22:27:03,Chamber 5,28-041661d198ff,22.75,BLANK,0C,off
01/10/2023 22:27:23,Chamber 5,28-041661d198ff,22.75,BLANK,0C,off
01/10/2023 22:27:43,Chamber 5,28-041661d198ff,22.75,BLANK,0C,off
01/10/2023 22:28:03,Chamber 5,28-041661d198ff,22.75,BLANK,0C,off
01/10/2023 22:28:23,Chamber 5,28-041661d198ff,22.75,BLANK,0C,off
01/10/2023 22:28:43,Chamber 5,28-041661d198ff,22.75,BLANK,0C,off
01/10/2023 22:29:03,Chamber 5,28-041661d198ff,22.75,BLANK,0C,off
01/10/2023 22:29:23,Chamber 5,28-041661d198ff,22.75,BLANK,0C,off
01/10/2023 22:29:43,Chamber 5,28-041661d198ff,22.75,BLANK,0C,off
01/10/2023 22:30:03,Chamber 5,28-041661d198ff,22.75,BLANK,0C,off
01/10/2023 22:30:23,Chamber 5,28-041661d198ff,22.75,BLANK,0C,off
01/10/2023 22:30:43,Chamber 5,28-041661d198ff,22.687,BLANK,0C,off
01/10/2023 22:31:03,Chamber 5,28-041661d198ff,22.75,BLANK,0C,off
01/10/2023 22:31:23,Chamber 5,28-041661d198ff,22.75,BLANK,0C,off
01/10/2023 22:31:43,Chamber 5,28-041661d198ff,22.687,BLANK,0C,off
01/10/2023 22:32:03,Chamber 5,28-041661d198ff,22.687,BLANK,0C,off
01/10/2023 22:32:23,Chamber 5,28-041661d198ff,22.75,BLANK,0C,off
01/10/2023 22:32:43,Chamber 5,28-041661d198ff,22.75,BLANK,0C,off
01/10/2023 22:33:03,Chamber 5,28-041661d198ff,22.687,BLANK,0C,off
01/10/2023 22:33:23,Chamber 5,28-041661d198ff,22.687,BLANK,0C,off
01/10/2023 22:33:43,Chamber 5,28-041661d198ff,22.687,BLANK,0C,off
01/10/2023 22:34:03,Chamber 5,28-041661d198ff,22.687,BLANK,0C,off
01/10/2023 22:34:23,Chamber 5,28-041661d198ff,22.687,BLANK,0C,off
01/10/2023 22:34:43,Chamber 5,28-041661d198ff,22.687,BLANK,0C,off
01/10/2023 22:35:03,Chamber 5,28-041661d198ff,22.687,BLANK,0C,off
01/10/2023 22:35:23,Chamber 5,28-041661d198ff,22.687,BLANK,0C,off
01/10/2023 22:35:43,Chamber 5,28-041661d198ff,22.687,BLANK,0C,off
01/10/2023 22:36:03,Chamber 5,28-041661d198ff,22.687,BLANK,0C,off
01/10/2023 22:36:23,Chamber 5,28-041661d198ff,22.687,BLANK,0C,off
01/10/2023 22:36:43,Chamber 5,28-041661d198ff,22.687,BLANK,0C,off
01/10/2023 22:37:03,Chamber 5,28-041661d198ff,22.687,BLANK,0C,off
01/10/2023 22:37:23,Chamber 5,28-041661d198ff,22.687,BLANK,0C,off
01/10/2023 22:37:43,Chamber 5,28-041661d198ff,22.687,BLANK,0C,off
01/10/2023 22:38:03,Chamber 5,28-041661d198ff,22.687,BLANK,0C,off
01/10/2023 22:38:23,Chamber 5,28-041661d198ff,22.687,BLANK,0C,off
01/10/2023 22:38:43,Chamber 5,28-041661d198ff,22.687,BLANK,0C,off
01/10/2023 22:39:03,Chamber 5,28-041661d198ff,22.687,BLANK,0C,off
01/10/2023 22:39:23,Chamber 5,28-041661d198ff,22.687,BLANK,0C,off
01/10/2023 22:39:44,Chamber 5,28-041661d198ff,22.687,BLANK,0C,off
01/10/2023 22:40:03,Chamber 5,28-041661d198ff,22.687,BLANK,0C,off
01/10/2023 22:40:23,Chamber 5,28-041661d198ff,22.687,BLANK,0C,off
01/10/2023 22:40:43,Chamber 5,28-041661d198ff,22.687,BLANK,0C,off
01/10/2023 22:41:03,Chamber 5,28-041661d198ff,22.687,BLANK,0C,off
01/10/2023 22:41:23,Chamber 5,28-041661d198ff,22.687,BLANK,0C,off
01/10/2023 22:41:44,Chamber 5,28-041661d198ff,22.687,BLANK,0C,off
01/10/2023 22:42:03,Chamber 5,28-041661d198ff,22.687,BLANK,0C,off
01/10/2023 22:42:23,Chamber 5,28-041661d198ff,22.687,BLANK,0C,off
01/10/2023 22:42:43,Chamber 5,28-041661d198ff,22.625,BLANK,0C,off
01/10/2023 22:43:03,Chamber 5,28-041661d198ff,22.687,BLANK,0C,off
01/10/2023 22:43:23,Chamber 5,28-041661d198ff,22.625,BLANK,0C,off
01/10/2023 22:43:43,Chamber 5,28-041661d198ff,22.625,BLANK,0C,off
01/10/2023 22:44:03,Chamber 5,28-041661d198ff,22.625,BLANK,0C,off
01/10/2023 22:44:23,Chamber 5,28-041661d198ff,22.625,BLANK,0C,off
01/10/2023 22:44:43,Chamber 5,28-041661d198ff,22.625,BLANK,0C,off
01/10/2023 22:45:03,Chamber 5,28-041661d198ff,22.625,BLANK,0C,off
01/10/2023 22:45:23,Chamber 5,28-041661d198ff,22.625,BLANK,0C,off
01/10/2023 22:45:43,Chamber 5,28-041661d198ff,22.625,BLANK,0C,off
01/10/2023 22:46:03,Chamber 5,28-041661d198ff,22.625,BLANK,0C,off
01/10/2023 22:46:23,Chamber 5,28-041661d198ff,22.625,BLANK,0C,off
01/10/2023 22:46:43,Chamber 5,28-041661d198ff,22.625,BLANK,0C,off
01/10/2023 22:47:03,Chamber 5,28-041661d198ff,22.625,BLANK,0C,off
01/10/2023 22:47:23,Chamber 5,28-041661d198ff,22.625,BLANK,0C,off
01/10/2023 22:47:43,Chamber 5,28-041661d198ff,22.625,BLANK,0C,off
01/10/2023 22:48:03,Chamber 5,28-041661d198ff,22.625,BLANK,0C,off
01/10/2023 22:48:23,Chamber 5,28-041661d198ff,22.625,BLANK,0C,off
01/10/2023 22:48:43,Chamber 5,28-041661d198ff,22.625,BLANK,0C,off
01/10/2023 22:49:03,Chamber 5,28-041661d198ff,22.625,BLANK,0C,off
01/10/2023 22:49:23,Chamber 5,28-041661d198ff,22.562,BLANK,0C,off
01/10/2023 22:49:43,Chamber 5,28-041661d198ff,22.625,BLANK,0C,off
01/10/2023 22:50:03,Chamber 5,28-041661d198ff,22.625,BLANK,0C,off
01/10/2023 22:50:23,Chamber 5,28-041661d198ff,22.562,BLANK,0C,off
01/10/2023 22:50:43,Chamber 5,28-041661d198ff,22.562,BLANK,0C,off
01/10/2023 22:51:03,Chamber 5,28-041661d198ff,22.562,BLANK,0C,off
01/10/2023 22:51:23,Chamber 5,28-041661d198ff,22.562,BLANK,0C,off
01/10/2023 22:51:43,Chamber 5,28-041661d198ff,22.562,BLANK,0C,off
01/10/2023 22:52:03,Chamber 5,28-041661d198ff,22.562,BLANK,0C,off
01/10/2023 22:52:23,Chamber 5,28-041661d198ff,22.562,BLANK,0C,off
01/10/2023 22:52:43,Chamber 5,28-041661d198ff,22.562,BLANK,0C,off
01/10/2023 22:53:03,Chamber 5,28-041661d198ff,22.562,BLANK,0C,off
01/10/2023 22:53:23,Chamber 5,28-041661d198ff,22.562,BLANK,0C,off
01/10/2023 22:53:43,Chamber 5,28-041661d198ff,22.562,BLANK,0C,off
01/10/2023 22:54:03,Chamber 5,28-041661d198ff,22.562,BLANK,0C,off
01/10/2023 22:54:23,Chamber 5,28-041661d198ff,22.562,BLANK,0C,off
01/10/2023 22:54:43,Chamber 5,28-041661d198ff,22.562,BLANK,0C,off
01/10/2023 22:55:03,Chamber 5,28-041661d198ff,22.562,BLANK,0C,off
01/10/2023 22:55:23,Chamber 5,28-041661d198ff,22.562,BLANK,0C,off
01/10/2023 22:55:43,Chamber 5,28-041661d198ff,22.562,BLANK,0C,off
01/10/2023 22:56:03,Chamber 5,28-041661d198ff,22.562,BLANK,0C,off
01/10/2023 22:56:23,Chamber 5,28-041661d198ff,22.562,BLANK,0C,off
01/10/2023 22:56:43,Chamber 5,28-041661d198ff,22.562,BLANK,0C,off
01/10/2023 22:57:03,Chamber 5,28-041661d198ff,22.562,BLANK,0C,off
01/10/2023 22:57:23,Chamber 5,28-041661d198ff,22.562,BLANK,0C,off
01/10/2023 22:57:43,Chamber 5,28-041661d198ff,22.562,BLANK,0C,off
01/10/2023 22:58:03,Chamber 5,28-041661d198ff,22.562,BLANK,0C,off
01/10/2023 22:58:23,Chamber 5,28-041661d198ff,22.562,BLANK,0C,off
01/10/2023 22:58:43,Chamber 5,28-041661d198ff,22.562,BLANK,0C,off
01/10/2023 22:59:03,Chamber 5,28-041661d198ff,22.562,BLANK,0C,off
01/10/2023 22:59:23,Chamber 5,28-041661d198ff,22.562,BLANK,0C,off
01/10/2023 22:59:43,Chamber 5,28-041661d198ff,22.562,BLANK,0C,off
01/10/2023 23:00:02,Chamber 5,28-041661d198ff,22.562,BLANK,0C,off
01/10/2023 23:00:22,Chamber 5,28-041661d198ff,22.562,BLANK,0C,off
01/10/2023 23:00:42,Chamber 5,28-041661d198ff,22.562,BLANK,0C,off
01/10/2023 23:01:02,Chamber 5,28-041661d198ff,22.562,BLANK,0C,off
01/10/2023 23:01:22,Chamber 5,28-041661d198ff,22.562,BLANK,0C,off
01/10/2023 23:01:42,Chamber 5,28-041661d198ff,22.562,BLANK,0C,off
01/10/2023 23:02:02,Chamber 5,28-041661d198ff,22.562,BLANK,0C,off
01/10/2023 23:02:22,Chamber 5,28-041661d198ff,22.562,BLANK,0C,off
01/10/2023 23:02:42,Chamber 5,28-041661d198ff,22.562,BLANK,0C,off
01/10/2023 23:03:02,Chamber 5,28-041661d198ff,22.562,BLANK,0C,off
01/10/2023 23:03:22,Chamber 5,28-041661d198ff,22.562,BLANK,0C,off
01/10/2023 23:03:42,Chamber 5,28-041661d198ff,22.562,BLANK,0C,off
01/10/2023 23:04:02,Chamber 5,28-041661d198ff,22.562,BLANK,0C,off
01/10/2023 23:04:22,Chamber 5,28-041661d198ff,22.562,BLANK,0C,off
01/10/2023 23:04:42,Chamber 5,28-041661d198ff,22.562,BLANK,0C,off
01/10/2023 23:05:03,Chamber 5,28-041661d198ff,22.562,BLANK,0C,off
01/10/2023 23:05:22,Chamber 5,28-041661d198ff,22.562,BLANK,0C,off
01/10/2023 23:05:42,Chamber 5,28-041661d198ff,22.562,BLANK,0C,off
01/10/2023 23:06:02,Chamber 5,28-041661d198ff,22.562,BLANK,0C,off
01/10/2023 23:06:22,Chamber 5,28-041661d198ff,22.562,BLANK,0C,off
01/10/2023 23:06:42,Chamber 5,28-041661d198ff,22.562,BLANK,0C,off
01/10/2023 23:07:02,Chamber 5,28-041661d198ff,22.562,BLANK,0C,off
01/10/2023 23:07:22,Chamber 5,28-041661d198ff,22.562,BLANK,0C,off
01/10/2023 23:07:42,Chamber 5,28-041661d198ff,22.562,BLANK,0C,off
01/10/2023 23:08:02,Chamber 5,28-041661d198ff,22.562,BLANK,0C,off
01/10/2023 23:08:22,Chamber 5,28-041661d198ff,22.562,BLANK,0C,off
01/10/2023 23:08:42,Chamber 5,28-041661d198ff,22.562,BLANK,0C,off
01/10/2023 23:09:02,Chamber 5,28-041661d198ff,22.562,BLANK,0C,off
01/10/2023 23:09:22,Chamber 5,28-041661d198ff,22.562,BLANK,0C,off
01/10/2023 23:09:42,Chamber 5,28-041661d198ff,22.562,BLANK,0C,off
01/10/2023 23:10:02,Chamber 5,28-041661d198ff,22.5,BLANK,0C,off
01/10/2023 23:10:22,Chamber 5,28-041661d198ff,22.562,BLANK,0C,off
01/10/2023 23:10:42,Chamber 5,28-041661d198ff,22.5,BLANK,0C,off
01/10/2023 23:11:02,Chamber 5,28-041661d198ff,22.562,BLANK,0C,off
01/10/2023 23:11:22,Chamber 5,28-041661d198ff,22.5,BLANK,0C,off
01/10/2023 23:11:42,Chamber 5,28-041661d198ff,22.562,BLANK,0C,off
01/10/2023 23:12:04,Chamber 5,28-041661d198ff,22.562,BLANK,0C,off
01/10/2023 23:12:22,Chamber 5,28-041661d198ff,22.562,BLANK,0C,off
01/10/2023 23:12:42,Chamber 5,28-041661d198ff,22.562,BLANK,0C,off
01/10/2023 23:13:02,Chamber 5,28-041661d198ff,22.562,BLANK,0C,off
01/10/2023 23:13:22,Chamber 5,28-041661d198ff,22.562,BLANK,0C,off
01/10/2023 23:13:42,Chamber 5,28-041661d198ff,22.5,BLANK,0C,off
01/10/2023 23:14:02,Chamber 5,28-041661d198ff,22.5,BLANK,0C,off
01/10/2023 23:14:22,Chamber 5,28-041661d198ff,22.5,BLANK,0C,off
01/10/2023 23:14:42,Chamber 5,28-041661d198ff,22.5,BLANK,0C,off
01/10/2023 23:15:02,Chamber 5,28-041661d198ff,22.5,BLANK,0C,off
01/10/2023 23:15:22,Chamber 5,28-041661d198ff,22.5,BLANK,0C,off
01/10/2023 23:15:42,Chamber 5,28-041661d198ff,22.5,BLANK,0C,off
01/10/2023 23:16:02,Chamber 5,28-041661d198ff,22.5,BLANK,0C,off
01/10/2023 23:16:22,Chamber 5,28-041661d198ff,22.5,BLANK,0C,off
01/10/2023 23:16:42,Chamber 5,28-041661d198ff,22.562,BLANK,0C,off
01/10/2023 23:17:02,Chamber 5,28-041661d198ff,22.5,BLANK,0C,off
01/10/2023 23:17:22,Chamber 5,28-041661d198ff,22.5,BLANK,0C,off
01/10/2023 23:17:42,Chamber 5,28-041661d198ff,22.5,BLANK,0C,off
01/10/2023 23:18:02,Chamber 5,28-041661d198ff,22.5,BLANK,0C,off
01/10/2023 23:18:22,Chamber 5,28-041661d198ff,22.562,BLANK,0C,off
01/10/2023 23:18:42,Chamber 5,28-041661d198ff,22.562,BLANK,0C,off
01/10/2023 23:19:02,Chamber 5,28-041661d198ff,22.562,BLANK,0C,off
01/10/2023 23:19:22,Chamber 5,28-041661d198ff,22.5,BLANK,0C,off
01/10/2023 23:19:42,Chamber 5,28-041661d198ff,22.562,BLANK,0C,off
01/10/2023 23:20:03,Chamber 5,28-041661d198ff,22.562,BLANK,0C,off
01/10/2023 23:20:22,Chamber 5,28-041661d198ff,22.562,BLANK,0C,off
01/10/2023 23:20:42,Chamber 5,28-041661d198ff,22.562,BLANK,0C,off
01/10/2023 23:21:02,Chamber 5,28-041661d198ff,22.5,BLANK,0C,off
01/10/2023 23:21:22,Chamber 5,28-041661d198ff,22.5,BLANK,0C,off
01/10/2023 23:21:42,Chamber 5,28-041661d198ff,22.562,BLANK,0C,off
01/10/2023 23:22:02,Chamber 5,28-041661d198ff,22.562,BLANK,0C,off
01/10/2023 23:22:22,Chamber 5,28-041661d198ff,22.562,BLANK,0C,off
01/10/2023 23:22:42,Chamber 5,28-041661d198ff,22.562,BLANK,0C,off
01/10/2023 23:23:02,Chamber 5,28-041661d198ff,22.562,BLANK,0C,off
01/10/2023 23:23:22,Chamber 5,28-041661d198ff,22.562,BLANK,0C,off
01/10/2023 23:23:42,Chamber 5,28-041661d198ff,22.562,BLANK,0C,off
01/10/2023 23:24:02,Chamber 5,28-041661d198ff,22.562,BLANK,0C,off
01/10/2023 23:24:22,Chamber 5,28-041661d198ff,22.562,BLANK,0C,off
01/10/2023 23:24:42,Chamber 5,28-041661d198ff,22.562,BLANK,0C,off
01/10/2023 23:25:02,Chamber 5,28-041661d198ff,22.562,BLANK,0C,off
01/10/2023 23:25:22,Chamber 5,28-041661d198ff,22.562,BLANK,0C,off
01/10/2023 23:25:42,Chamber 5,28-041661d198ff,22.562,BLANK,0C,off
01/10/2023 23:26:02,Chamber 5,28-041661d198ff,22.562,BLANK,0C,off
01/10/2023 23:26:22,Chamber 5,28-041661d198ff,22.562,BLANK,0C,off
01/10/2023 23:26:42,Chamber 5,28-041661d198ff,22.562,BLANK,0C,off
01/10/2023 23:27:02,Chamber 5,28-041661d198ff,22.562,BLANK,0C,off
01/10/2023 23:27:22,Chamber 5,28-041661d198ff,22.562,BLANK,0C,off
01/10/2023 23:27:42,Chamber 5,28-041661d198ff,22.562,BLANK,0C,off
01/10/2023 23:28:02,Chamber 5,28-041661d198ff,22.562,BLANK,0C,off
01/10/2023 23:28:22,Chamber 5,28-041661d198ff,22.562,BLANK,0C,off
01/10/2023 23:28:42,Chamber 5,28-041661d198ff,22.562,BLANK,0C,off
01/10/2023 23:29:02,Chamber 5,28-041661d198ff,22.562,BLANK,0C,off
01/10/2023 23:29:22,Chamber 5,28-041661d198ff,22.562,BLANK,0C,off
01/10/2023 23:29:42,Chamber 5,28-041661d198ff,22.562,BLANK,0C,off
01/10/2023 23:30:02,Chamber 5,28-041661d198ff,22.562,BLANK,0C,off
01/10/2023 23:30:22,Chamber 5,28-041661d198ff,22.562,BLANK,0C,off
01/10/2023 23:30:42,Chamber 5,28-041661d198ff,22.562,BLANK,0C,off
01/10/2023 23:31:02,Chamber 5,28-041661d198ff,22.562,BLANK,0C,off
01/10/2023 23:31:22,Chamber 5,28-041661d198ff,22.562,BLANK,0C,off
01/10/2023 23:31:42,Chamber 5,28-041661d198ff,22.562,BLANK,0C,off
01/10/2023 23:32:02,Chamber 5,28-041661d198ff,22.562,BLANK,0C,off
01/10/2023 23:32:22,Chamber 5,28-041661d198ff,22.562,BLANK,0C,off
01/10/2023 23:32:42,Chamber 5,28-041661d198ff,22.562,BLANK,0C,off
01/10/2023 23:33:02,Chamber 5,28-041661d198ff,22.562,BLANK,0C,off
01/10/2023 23:33:22,Chamber 5,28-041661d198ff,22.562,BLANK,0C,off
01/10/2023 23:33:42,Chamber 5,28-041661d198ff,22.562,BLANK,0C,off
01/10/2023 23:34:02,Chamber 5,28-041661d198ff,22.562,BLANK,0C,off
01/10/2023 23:34:22,Chamber 5,28-041661d198ff,22.562,BLANK,0C,off
01/10/2023 23:34:42,Chamber 5,28-041661d198ff,22.562,BLANK,0C,off
01/10/2023 23:35:02,Chamber 5,28-041661d198ff,22.562,BLANK,0C,off
01/10/2023 23:35:22,Chamber 5,28-041661d198ff,22.562,BLANK,0C,off
01/10/2023 23:35:42,Chamber 5,28-041661d198ff,22.562,BLANK,0C,off
01/10/2023 23:36:02,Chamber 5,28-041661d198ff,22.562,BLANK,0C,off
01/10/2023 23:36:22,Chamber 5,28-041661d198ff,22.562,BLANK,0C,off
01/10/2023 23:36:42,Chamber 5,28-041661d198ff,22.562,BLANK,0C,off
01/10/2023 23:37:02,Chamber 5,28-041661d198ff,22.562,BLANK,0C,off
01/10/2023 23:37:22,Chamber 5,28-041661d198ff,22.562,BLANK,0C,off
01/10/2023 23:37:42,Chamber 5,28-041661d198ff,22.562,BLANK,0C,off
01/10/2023 23:38:02,Chamber 5,28-041661d198ff,22.562,BLANK,0C,off
01/10/2023 23:38:22,Chamber 5,28-041661d198ff,22.562,BLANK,0C,off
01/10/2023 23:38:42,Chamber 5,28-041661d198ff,22.562,BLANK,0C,off
01/10/2023 23:39:02,Chamber 5,28-041661d198ff,22.562,BLANK,0C,off
01/10/2023 23:39:22,Chamber 5,28-041661d198ff,22.562,BLANK,0C,off
01/10/2023 23:39:42,Chamber 5,28-041661d198ff,22.562,BLANK,0C,off
01/10/2023 23:40:02,Chamber 5,28-041661d198ff,22.562,BLANK,0C,off
01/10/2023 23:40:22,Chamber 5,28-041661d198ff,22.562,BLANK,0C,off
01/10/2023 23:40:42,Chamber 5,28-041661d198ff,22.562,BLANK,0C,off
01/10/2023 23:41:02,Chamber 5,28-041661d198ff,22.562,BLANK,0C,off
01/10/2023 23:41:22,Chamber 5,28-041661d198ff,22.562,BLANK,0C,off
01/10/2023 23:41:42,Chamber 5,28-041661d198ff,22.562,BLANK,0C,off
01/10/2023 23:42:02,Chamber 5,28-041661d198ff,22.562,BLANK,0C,off
01/10/2023 23:42:22,Chamber 5,28-041661d198ff,22.562,BLANK,0C,off
01/10/2023 23:42:42,Chamber 5,28-041661d198ff,22.562,BLANK,0C,off
01/10/2023 23:43:02,Chamber 5,28-041661d198ff,22.562,BLANK,0C,off
01/10/2023 23:43:22,Chamber 5,28-041661d198ff,22.562,BLANK,0C,off
01/10/2023 23:43:42,Chamber 5,28-041661d198ff,22.562,BLANK,0C,off
01/10/2023 23:44:02,Chamber 5,28-041661d198ff,22.562,BLANK,0C,off
01/10/2023 23:44:22,Chamber 5,28-041661d198ff,22.562,BLANK,0C,off
01/10/2023 23:44:42,Chamber 5,28-041661d198ff,22.562,BLANK,0C,off
01/10/2023 23:45:02,Chamber 5,28-041661d198ff,22.562,BLANK,0C,off
01/10/2023 23:45:22,Chamber 5,28-041661d198ff,22.562,BLANK,0C,off
01/10/2023 23:45:42,Chamber 5,28-041661d198ff,22.562,BLANK,0C,off
01/10/2023 23:46:02,Chamber 5,28-041661d198ff,22.562,BLANK,0C,off
01/10/2023 23:46:22,Chamber 5,28-041661d198ff,22.562,BLANK,0C,off
01/10/2023 23:46:42,Chamber 5,28-041661d198ff,22.562,BLANK,0C,off
01/10/2023 23:47:02,Chamber 5,28-041661d198ff,22.562,BLANK,0C,off
01/10/2023 23:47:22,Chamber 5,28-041661d198ff,22.562,BLANK,0C,off
01/10/2023 23:47:42,Chamber 5,28-041661d198ff,22.562,BLANK,0C,off
01/10/2023 23:48:02,Chamber 5,28-041661d198ff,22.562,BLANK,0C,off
01/10/2023 23:48:22,Chamber 5,28-041661d198ff,22.562,BLANK,0C,off
01/10/2023 23:48:42,Chamber 5,28-041661d198ff,22.562,BLANK,0C,off
01/10/2023 23:49:02,Chamber 5,28-041661d198ff,22.562,BLANK,0C,off
01/10/2023 23:49:22,Chamber 5,28-041661d198ff,22.562,BLANK,0C,off
01/10/2023 23:49:42,Chamber 5,28-041661d198ff,22.562,BLANK,0C,off
01/10/2023 23:50:02,Chamber 5,28-041661d198ff,22.562,BLANK,0C,off
01/10/2023 23:50:22,Chamber 5,28-041661d198ff,22.562,BLANK,0C,off
01/10/2023 23:50:42,Chamber 5,28-041661d198ff,22.562,BLANK,0C,off
01/10/2023 23:51:02,Chamber 5,28-041661d198ff,22.562,BLANK,0C,off
01/10/2023 23:51:22,Chamber 5,28-041661d198ff,22.562,BLANK,0C,off
01/10/2023 23:51:42,Chamber 5,28-041661d198ff,22.562,BLANK,0C,off
01/10/2023 23:52:02,Chamber 5,28-041661d198ff,22.562,BLANK,0C,off
01/10/2023 23:52:22,Chamber 5,28-041661d198ff,22.562,BLANK,0C,off
01/10/2023 23:52:42,Chamber 5,28-041661d198ff,22.562,BLANK,0C,off
01/10/2023 23:53:02,Chamber 5,28-041661d198ff,22.562,BLANK,0C,off
01/10/2023 23:53:22,Chamber 5,28-041661d198ff,22.562,BLANK,0C,off
01/10/2023 23:53:42,Chamber 5,28-041661d198ff,22.562,BLANK,0C,off
01/10/2023 23:54:02,Chamber 5,28-041661d198ff,22.562,BLANK,0C,off
01/10/2023 23:54:22,Chamber 5,28-041661d198ff,22.562,BLANK,0C,off
01/10/2023 23:54:42,Chamber 5,28-041661d198ff,22.562,BLANK,0C,off
01/10/2023 23:55:02,Chamber 5,28-041661d198ff,22.562,BLANK,0C,off
01/10/2023 23:55:22,Chamber 5,28-041661d198ff,22.562,BLANK,0C,off
01/10/2023 23:55:42,Chamber 5,28-041661d198ff,22.562,BLANK,0C,off
01/10/2023 23:56:02,Chamber 5,28-041661d198ff,22.562,BLANK,0C,off
01/10/2023 23:56:22,Chamber 5,28-041661d198ff,22.562,BLANK,0C,off
01/10/2023 23:56:42,Chamber 5,28-041661d198ff,22.562,BLANK,0C,off
01/10/2023 23:57:02,Chamber 5,28-041661d198ff,22.562,BLANK,0C,off
01/10/2023 23:57:22,Chamber 5,28-041661d198ff,22.562,BLANK,0C,off
01/10/2023 23:57:42,Chamber 5,28-041661d198ff,22.562,BLANK,0C,off
01/10/2023 23:58:03,Chamber 5,28-041661d198ff,22.625,BLANK,0C,off
01/10/2023 23:58:22,Chamber 5,28-041661d198ff,22.562,BLANK,0C,off
01/10/2023 23:58:42,Chamber 5,28-041661d198ff,22.562,BLANK,0C,off
01/10/2023 23:59:02,Chamber 5,28-041661d198ff,22.562,BLANK,0C,off
01/10/2023 23:59:22,Chamber 5,28-041661d198ff,22.562,BLANK,0C,off
01/10/2023 23:59:42,Chamber 5,28-041661d198ff,22.562,BLANK,0C,off
