01/11/2023 00:00:03,Chamber 5,28-041661d198ff,22.562,BLANK,0C,off
01/11/2023 00:00:23,Chamber 5,28-041661d198ff,22.562,BLANK,0C,off
01/11/2023 00:00:43,Chamber 5,28-041661d198ff,22.562,BLANK,0C,off
01/11/2023 00:01:03,Chamber 5,28-041661d198ff,22.562,BLANK,0C,off
01/11/2023 00:01:23,Chamber 5,28-041661d198ff,22.562,BLANK,0C,off
01/11/2023 00:01:43,Chamber 5,28-041661d198ff,22.562,BLANK,0C,off
01/11/2023 00:02:04,Chamber 5,28-041661d198ff,22.562,BLANK,0C,off
01/11/2023 00:02:23,Chamber 5,28-041661d198ff,22.562,BLANK,0C,off
01/11/2023 00:02:43,Chamber 5,28-041661d198ff,22.562,BLANK,0C,off
01/11/2023 00:03:03,Chamber 5,28-041661d198ff,22.562,BLANK,0C,off
01/11/2023 00:03:23,Chamber 5,28-041661d198ff,22.562,BLANK,0C,off
01/11/2023 00:03:43,Chamber 5,28-041661d198ff,22.562,BLANK,0C,off
01/11/2023 00:04:05,Chamber 5,28-041661d198ff,22.562,BLANK,0C,off
01/11/2023 00:04:23,Chamber 5,28-041661d198ff,22.562,BLANK,0C,off
01/11/2023 00:04:43,Chamber 5,28-041661d198ff,22.562,BLANK,0C,off
01/11/2023 00:05:03,Chamber 5,28-041661d198ff,22.562,BLANK,0C,off
01/11/2023 00:05:23,Chamber 5,28-041661d198ff,22.562,BLANK,0C,off
01/11/2023 00:05:43,Chamber 5,28-041661d198ff,22.562,BLANK,0C,off
01/11/2023 00:06:03,Chamber 5,28-041661d198ff,22.562,BLANK,0C,off
01/11/2023 00:06:23,Chamber 5,28-041661d198ff,22.562,BLANK,0C,off
01/11/2023 00:06:43,Chamber 5,28-041661d198ff,22.562,BLANK,0C,off
01/11/2023 00:07:03,Chamber 5,28-041661d198ff,22.562,BLANK,0C,off
01/11/2023 00:07:23,Chamber 5,28-041661d198ff,22.562,BLANK,0C,off
01/11/2023 00:07:43,Chamber 5,28-041661d198ff,22.562,BLANK,0C,off
01/11/2023 00:08:03,Chamber 5,28-041661d198ff,22.562,BLANK,0C,off
01/11/2023 00:08:23,Chamber 5,28-041661d198ff,22.562,BLANK,0C,off
01/11/2023 00:08:43,Chamber 5,28-041661d198ff,22.562,BLANK,0C,off
01/11/2023 00:09:03,Chamber 5,28-041661d198ff,22.562,BLANK,0C,off
01/11/2023 00:09:23,Chamber 5,28-041661d198ff,22.562,BLANK,0C,off
01/11/2023 00:09:43,Chamber 5,28-041661d198ff,22.562,BLANK,0C,off
01/11/2023 00:10:03,Chamber 5,28-041661d198ff,22.562,BLANK,0C,off
01/11/2023 00:10:23,Chamber 5,28-041661d198ff,22.562,BLANK,0C,off
01/11/2023 00:10:46,Chamber 5,28-041661d198ff,22.562,BLANK,0C,off
01/11/2023 00:11:03,Chamber 5,28-041661d198ff,22.562,BLANK,0C,off
01/11/2023 00:11:23,Chamber 5,28-041661d198ff,22.562,BLANK,0C,off
01/11/2023 00:11:44,Chamber 5,28-041661d198ff,22.562,BLANK,0C,off
01/11/2023 00:12:03,Chamber 5,28-041661d198ff,22.562,BLANK,0C,off
01/11/2023 00:12:23,Chamber 5,28-041661d198ff,22.562,BLANK,0C,off
01/11/2023 00:12:43,Chamber 5,28-041661d198ff,22.562,BLANK,0C,off
01/11/2023 00:13:03,Chamber 5,28-041661d198ff,22.562,BLANK,0C,off
01/11/2023 00:13:23,Chamber 5,28-041661d198ff,22.562,BLANK,0C,off
01/11/2023 00:13:43,Chamber 5,28-041661d198ff,22.562,BLANK,0C,off
01/11/2023 00:14:03,Chamber 5,28-041661d198ff,22.562,BLANK,0C,off
01/11/2023 00:14:23,Chamber 5,28-041661d198ff,22.562,BLANK,0C,off
01/11/2023 00:14:43,Chamber 5,28-041661d198ff,22.562,BLANK,0C,off
01/11/2023 00:15:03,Chamber 5,28-041661d198ff,22.562,BLANK,0C,off
01/11/2023 00:15:24,Chamber 5,28-041661d198ff,22.562,BLANK,0C,off
01/11/2023 00:15:45,Chamber 5,28-041661d198ff,22.562,BLANK,0C,off
01/11/2023 00:16:05,Chamber 5,28-041661d198ff,22.562,BLANK,0C,off
01/11/2023 00:16:23,Chamber 5,28-041661d198ff,22.562,BLANK,0C,off
01/11/2023 00:16:43,Chamber 5,28-041661d198ff,22.562,BLANK,0C,off
01/11/2023 00:17:03,Chamber 5,28-041661d198ff,22.562,BLANK,0C,off
01/11/2023 00:17:23,Chamber 5,28-041661d198ff,22.562,BLANK,0C,off
01/11/2023 00:17:43,Chamber 5,28-041661d198ff,22.562,BLANK,0C,off
01/11/2023 00:18:03,Chamber 5,28-041661d198ff,22.562,BLANK,0C,off
01/11/2023 00:18:23,Chamber 5,28-041661d198ff,22.562,BLANK,0C,off
01/11/2023 00:18:43,Chamber 5,28-041661d198ff,22.562,BLANK,0C,off
01/11/2023 00:19:03,Chamber 5,28-041661d198ff,22.562,BLANK,0C,off
01/11/2023 00:19:23,Chamber 5,28-041661d198ff,22.562,BLANK,0C,off
01/11/2023 00:19:43,Chamber 5,28-041661d198ff,22.562,BLANK,0C,off
01/11/2023 00:20:04,Chamber 5,28-041661d198ff,22.562,BLANK,0C,off
01/11/2023 00:20:23,Chamber 5,28-041661d198ff,22.562,BLANK,0C,off
01/11/2023 00:20:43,Chamber 5,28-041661d198ff,22.562,BLANK,0C,off
01/11/2023 00:21:03,Chamber 5,28-041661d198ff,22.562,BLANK,0C,off
01/11/2023 00:21:23,Chamber 5,28-041661d198ff,22.562,BLANK,0C,off
01/11/2023 00:21:43,Chamber 5,28-041661d198ff,22.562,BLANK,0C,off
01/11/2023 00:22:03,Chamber 5,28-041661d198ff,22.562,BLANK,0C,off
01/11/2023 00:22:23,Chamber 5,28-041661d198ff,22.562,BLANK,0C,off
01/11/2023 00:22:43,Chamber 5,28-041661d198ff,22.562,BLANK,0C,off
01/11/2023 00:23:03,Chamber 5,28-041661d198ff,22.562,BLANK,0C,off
01/11/2023 00:23:23,Chamber 5,28-041661d198ff,22.562,BLANK,0C,off
01/11/2023 00:23:43,Chamber 5,28-041661d198ff,22.562,BLANK,0C,off
01/11/2023 00:24:03,Chamber 5,28-041661d198ff,22.562,BLANK,0C,off
01/11/2023 00:24:23,Chamber 5,28-041661d198ff,22.562,BLANK,0C,off
01/11/2023 00:24:43,Chamber 5,28-041661d198ff,22.562,BLANK,0C,off
01/11/2023 00:25:03,Chamber 5,28-041661d198ff,22.562,BLANK,0C,off
01/11/2023 00:25:23,Chamber 5,28-041661d198ff,22.562,BLANK,0C,off
01/11/2023 00:25:43,Chamber 5,28-041661d198ff,22.562,BLANK,0C,off
01/11/2023 00:26:03,Chamber 5,28-041661d198ff,22.562,BLANK,0C,off
01/11/2023 00:26:23,Chamber 5,28-041661d198ff,22.562,BLANK,0C,off
01/11/2023 00:26:43,Chamber 5,28-041661d198ff,22.562,BLANK,0C,off
01/11/2023 00:27:03,Chamber 5,28-041661d198ff,22.562,BLANK,0C,off
01/11/2023 00:27:23,Chamber 5,28-041661d198ff,22.562,BLANK,0C,off
01/11/2023 00:27:43,Chamber 5,28-041661d198ff,22.562,BLANK,0C,off
01/11/2023 00:28:03,Chamber 5,28-041661d198ff,22.562,BLANK,0C,off
01/11/2023 00:28:23,Chamber 5,28-041661d198ff,22.562,BLANK,0C,off
01/11/2023 00:28:43,Chamber 5,28-041661d198ff,22.562,BLANK,0C,off
01/11/2023 00:29:03,Chamber 5,28-041661d198ff,22.562,BLANK,0C,off
01/11/2023 00:29:23,Chamber 5,28-041661d198ff,22.562,BLANK,0C,off
01/11/2023 00:29:43,Chamber 5,28-041661d198ff,22.562,BLANK,0C,off
01/11/2023 00:30:03,Chamber 5,28-041661d198ff,22.562,BLANK,0C,off
01/11/2023 00:30:23,Chamber 5,28-041661d198ff,22.562,BLANK,0C,off
01/11/2023 00:30:43,Chamber 5,28-041661d198ff,22.562,BLANK,0C,off
01/11/2023 00:31:03,Chamber 5,28-041661d198ff,22.562,BLANK,0C,off
01/11/2023 00:31:24,Chamber 5,28-041661d198ff,22.562,BLANK,0C,off
01/11/2023 00:31:43,Chamber 5,28-041661d198ff,22.562,BLANK,0C,off
01/11/2023 00:32:03,Chamber 5,28-041661d198ff,22.562,BLANK,0C,off
01/11/2023 00:32:23,Chamber 5,28-041661d198ff,22.562,BLANK,0C,off
01/11/2023 00:32:43,Chamber 5,28-041661d198ff,22.562,BLANK,0C,off
01/11/2023 00:33:03,Chamber 5,28-041661d198ff,22.562,BLANK,0C,off
01/11/2023 00:33:23,Chamber 5,28-041661d198ff,22.562,BLANK,0C,off
01/11/2023 00:33:43,Chamber 5,28-041661d198ff,22.562,BLANK,0C,off
01/11/2023 00:34:03,Chamber 5,28-041661d198ff,22.562,BLANK,0C,off
01/11/2023 00:34:23,Chamber 5,28-041661d198ff,22.562,BLANK,0C,off
01/11/2023 00:34:43,Chamber 5,28-041661d198ff,22.562,BLANK,0C,off
01/11/2023 00:35:03,Chamber 5,28-041661d198ff,22.562,BLANK,0C,off
01/11/2023 00:35:23,Chamber 5,28-041661d198ff,22.562,BLANK,0C,off
01/11/2023 00:35:43,Chamber 5,28-041661d198ff,22.562,BLANK,0C,off
01/11/2023 00:36:03,Chamber 5,28-041661d198ff,22.562,BLANK,0C,off
01/11/2023 00:36:23,Chamber 5,28-041661d198ff,22.562,BLANK,0C,off
01/11/2023 00:36:43,Chamber 5,28-041661d198ff,22.562,BLANK,0C,off
01/11/2023 00:37:03,Chamber 5,28-041661d198ff,22.562,BLANK,0C,off
01/11/2023 00:37:23,Chamber 5,28-041661d198ff,22.562,BLANK,0C,off
01/11/2023 00:37:43,Chamber 5,28-041661d198ff,22.562,BLANK,0C,off
01/11/2023 00:38:03,Chamber 5,28-041661d198ff,22.562,BLANK,0C,off
01/11/2023 00:38:23,Chamber 5,28-041661d198ff,22.562,BLANK,0C,off
01/11/2023 00:38:43,Chamber 5,28-041661d198ff,22.562,BLANK,0C,off
01/11/2023 00:39:03,Chamber 5,28-041661d198ff,22.562,BLANK,0C,off
01/11/2023 00:39:23,Chamber 5,28-041661d198ff,22.562,BLANK,0C,off
01/11/2023 00:39:43,Chamber 5,28-041661d198ff,22.562,BLANK,0C,off
01/11/2023 00:40:03,Chamber 5,28-041661d198ff,22.562,BLANK,0C,off
01/11/2023 00:40:23,Chamber 5,28-041661d198ff,22.562,BLANK,0C,off
01/11/2023 00:40:43,Chamber 5,28-041661d198ff,22.562,BLANK,0C,off
01/11/2023 00:41:03,Chamber 5,28-041661d198ff,22.5,BLANK,0C,off
01/11/2023 00:41:23,Chamber 5,28-041661d198ff,22.562,BLANK,0C,off
01/11/2023 00:41:43,Chamber 5,28-041661d198ff,22.562,BLANK,0C,off
01/11/2023 00:42:03,Chamber 5,28-041661d198ff,22.5,BLANK,0C,off
01/11/2023 00:42:23,Chamber 5,28-041661d198ff,22.562,BLANK,0C,off
01/11/2023 00:42:43,Chamber 5,28-041661d198ff,22.562,BLANK,0C,off
01/11/2023 00:43:03,Chamber 5,28-041661d198ff,22.5,BLANK,0C,off
01/11/2023 00:43:23,Chamber 5,28-041661d198ff,22.562,BLANK,0C,off
01/11/2023 00:43:43,Chamber 5,28-041661d198ff,22.562,BLANK,0C,off
01/11/2023 00:44:03,Chamber 5,28-041661d198ff,22.562,BLANK,0C,off
01/11/2023 00:44:23,Chamber 5,28-041661d198ff,22.562,BLANK,0C,off
01/11/2023 00:44:43,Chamber 5,28-041661d198ff,22.562,BLANK,0C,off
01/11/2023 00:45:03,Chamber 5,28-041661d198ff,22.562,BLANK,0C,off
01/11/2023 00:45:23,Chamber 5,28-041661d198ff,22.562,BLANK,0C,off
01/11/2023 00:45:43,Chamber 5,28-041661d198ff,22.562,BLANK,0C,off
01/11/2023 00:46:03,Chamber 5,28-041661d198ff,22.562,BLANK,0C,off
01/11/2023 00:46:23,Chamber 5,28-041661d198ff,22.5,BLANK,0C,off
01/11/2023 00:46:43,Chamber 5,28-041661d198ff,22.562,BLANK,0C,off
01/11/2023 00:47:03,Chamber 5,28-041661d198ff,22.5,BLANK,0C,off
01/11/2023 00:47:23,Chamber 5,28-041661d198ff,22.562,BLANK,0C,off
01/11/2023 00:47:43,Chamber 5,28-041661d198ff,22.562,BLANK,0C,off
01/11/2023 00:48:03,Chamber 5,28-041661d198ff,22.5,BLANK,0C,off
01/11/2023 00:48:23,Chamber 5,28-041661d198ff,22.5,BLANK,0C,off
01/11/2023 00:48:43,Chamber 5,28-041661d198ff,22.5,BLANK,0C,off
01/11/2023 00:49:03,Chamber 5,28-041661d198ff,22.5,BLANK,0C,off
01/11/2023 00:49:23,Chamber 5,28-041661d198ff,22.5,BLANK,0C,off
01/11/2023 00:49:43,Chamber 5,28-041661d198ff,22.562,BLANK,0C,off
01/11/2023 00:50:03,Chamber 5,28-041661d198ff,22.5,BLANK,0C,off
01/11/2023 00:50:24,Chamber 5,28-041661d198ff,22.562,BLANK,0C,off
01/11/2023 00:50:46,Chamber 5,28-041661d198ff,22.562,BLANK,0C,off
01/11/2023 00:51:03,Chamber 5,28-041661d198ff,22.562,BLANK,0C,off
01/11/2023 00:51:24,Chamber 5,28-041661d198ff,22.562,BLANK,0C,off
01/11/2023 00:51:43,Chamber 5,28-041661d198ff,22.5,BLANK,0C,off
01/11/2023 00:52:03,Chamber 5,28-041661d198ff,22.5,BLANK,0C,off
01/11/2023 00:52:23,Chamber 5,28-041661d198ff,22.562,BLANK,0C,off
01/11/2023 00:52:43,Chamber 5,28-041661d198ff,22.562,BLANK,0C,off
01/11/2023 00:53:04,Chamber 5,28-041661d198ff,22.5,BLANK,0C,off
01/11/2023 00:53:23,Chamber 5,28-041661d198ff,22.5,BLANK,0C,off
01/11/2023 00:53:43,Chamber 5,28-041661d198ff,22.5,BLANK,0C,off
01/11/2023 00:54:03,Chamber 5,28-041661d198ff,22.5,BLANK,0C,off
01/11/2023 00:54:23,Chamber 5,28-041661d198ff,22.5,BLANK,0C,off
01/11/2023 00:54:43,Chamber 5,28-041661d198ff,22.5,BLANK,0C,off
01/11/2023 00:55:03,Chamber 5,28-041661d198ff,22.5,BLANK,0C,off
01/11/2023 00:55:25,Chamber 5,28-041661d198ff,22.5,BLANK,0C,off
01/11/2023 00:55:43,Chamber 5,28-041661d198ff,22.5,BLANK,0C,off
01/11/2023 00:56:03,Chamber 5,28-041661d198ff,22.5,BLANK,0C,off
01/11/2023 00:56:23,Chamber 5,28-041661d198ff,22.5,BLANK,0C,off
01/11/2023 00:56:43,Chamber 5,28-041661d198ff,22.5,BLANK,0C,off
01/11/2023 00:57:03,Chamber 5,28-041661d198ff,22.5,BLANK,0C,off
01/11/2023 00:57:23,Chamber 5,28-041661d198ff,22.5,BLANK,0C,off
01/11/2023 00:57:43,Chamber 5,28-041661d198ff,22.5,BLANK,0C,off
01/11/2023 00:58:03,Chamber 5,28-041661d198ff,22.5,BLANK,0C,off
01/11/2023 00:58:23,Chamber 5,28-041661d198ff,22.5,BLANK,0C,off
01/11/2023 00:58:43,Chamber 5,28-041661d198ff,22.5,BLANK,0C,off
01/11/2023 00:59:03,Chamber 5,28-041661d198ff,22.5,BLANK,0C,off
01/11/2023 00:59:23,Chamber 5,28-041661d198ff,22.5,BLANK,0C,off
01/11/2023 00:59:43,Chamber 5,28-041661d198ff,22.5,BLANK,0C,off
01/11/2023 01:00:03,Chamber 5,28-041661d198ff,22.5,BLANK,0C,off
01/11/2023 01:00:23,Chamber 5,28-041661d198ff,22.5,BLANK,0C,off
01/11/2023 01:00:43,Chamber 5,28-041661d198ff,22.5,BLANK,0C,off
01/11/2023 01:01:03,Chamber 5,28-041661d198ff,22.5,BLANK,0C,off
01/11/2023 01:01:23,Chamber 5,28-041661d198ff,22.5,BLANK,0C,off
01/11/2023 01:01:43,Chamber 5,28-041661d198ff,22.5,BLANK,0C,off
01/11/2023 01:02:03,Chamber 5,28-041661d198ff,22.5,BLANK,0C,off
01/11/2023 01:02:23,Chamber 5,28-041661d198ff,22.5,BLANK,0C,off
01/11/2023 01:02:43,Chamber 5,28-041661d198ff,22.5,BLANK,0C,off
01/11/2023 01:03:03,Chamber 5,28-041661d198ff,22.5,BLANK,0C,off
01/11/2023 01:03:23,Chamber 5,28-041661d198ff,22.5,BLANK,0C,off
01/11/2023 01:03:43,Chamber 5,28-041661d198ff,22.5,BLANK,0C,off
01/11/2023 01:04:03,Chamber 5,28-041661d198ff,22.5,BLANK,0C,off
01/11/2023 01:04:23,Chamber 5,28-041661d198ff,22.5,BLANK,0C,off
01/11/2023 01:04:43,Chamber 5,28-041661d198ff,22.5,BLANK,0C,off
01/11/2023 01:05:03,Chamber 5,28-041661d198ff,22.5,BLANK,0C,off
01/11/2023 01:05:25,Chamber 5,28-041661d198ff,22.5,BLANK,0C,off
01/11/2023 01:05:43,Chamber 5,28-041661d198ff,22.5,BLANK,0C,off
01/11/2023 01:06:04,Chamber 5,28-041661d198ff,22.5,BLANK,0C,off
01/11/2023 01:06:23,Chamber 5,28-041661d198ff,22.5,BLANK,0C,off
01/11/2023 01:06:43,Chamber 5,28-041661d198ff,22.5,BLANK,0C,off
01/11/2023 01:07:03,Chamber 5,28-041661d198ff,22.5,BLANK,0C,off
01/11/2023 01:07:23,Chamber 5,28-041661d198ff,22.5,BLANK,0C,off
01/11/2023 01:07:43,Chamber 5,28-041661d198ff,22.5,BLANK,0C,off
01/11/2023 01:08:03,Chamber 5,28-041661d198ff,22.5,BLANK,0C,off
01/11/2023 01:08:23,Chamber 5,28-041661d198ff,22.5,BLANK,0C,off
01/11/2023 01:08:43,Chamber 5,28-041661d198ff,22.5,BLANK,0C,off
01/11/2023 01:09:03,Chamber 5,28-041661d198ff,22.5,BLANK,0C,off
01/11/2023 01:09:23,Chamber 5,28-041661d198ff,22.5,BLANK,0C,off
01/11/2023 01:09:43,Chamber 5,28-041661d198ff,22.5,BLANK,0C,off
01/11/2023 01:10:03,Chamber 5,28-041661d198ff,22.5,BLANK,0C,off
01/11/2023 01:10:23,Chamber 5,28-041661d198ff,22.5,BLANK,0C,off
01/11/2023 01:10:43,Chamber 5,28-041661d198ff,22.5,BLANK,0C,off
01/11/2023 01:11:03,Chamber 5,28-041661d198ff,22.5,BLANK,0C,off
01/11/2023 01:11:23,Chamber 5,28-041661d198ff,22.5,BLANK,0C,off
01/11/2023 01:11:43,Chamber 5,28-041661d198ff,22.5,BLANK,0C,off
01/11/2023 01:12:03,Chamber 5,28-041661d198ff,22.5,BLANK,0C,off
01/11/2023 01:12:23,Chamber 5,28-041661d198ff,22.5,BLANK,0C,off
01/11/2023 01:12:43,Chamber 5,28-041661d198ff,22.5,BLANK,0C,off
01/11/2023 01:13:03,Chamber 5,28-041661d198ff,22.5,BLANK,0C,off
01/11/2023 01:13:23,Chamber 5,28-041661d198ff,22.5,BLANK,0C,off
01/11/2023 01:13:43,Chamber 5,28-041661d198ff,22.5,BLANK,0C,off
01/11/2023 01:14:03,Chamber 5,28-041661d198ff,22.5,BLANK,0C,off
01/11/2023 01:14:23,Chamber 5,28-041661d198ff,22.5,BLANK,0C,off
01/11/2023 01:14:43,Chamber 5,28-041661d198ff,22.5,BLANK,0C,off
01/11/2023 01:15:03,Chamber 5,28-041661d198ff,22.5,BLANK,0C,off
01/11/2023 01:15:23,Chamber 5,28-041661d198ff,22.5,BLANK,0C,off
01/11/2023 01:15:43,Chamber 5,28-041661d198ff,22.5,BLANK,0C,off
01/11/2023 01:16:03,Chamber 5,28-041661d198ff,22.5,BLANK,0C,off
01/11/2023 01:16:23,Chamber 5,28-041661d198ff,22.5,BLANK,0C,off
01/11/2023 01:16:43,Chamber 5,28-041661d198ff,22.5,BLANK,0C,off
01/11/2023 01:17:03,Chamber 5,28-041661d198ff,22.5,BLANK,0C,off
01/11/2023 01:17:23,Chamber 5,28-041661d198ff,22.5,BLANK,0C,off
01/11/2023 01:17:43,Chamber 5,28-041661d198ff,22.5,BLANK,0C,off
01/11/2023 01:18:03,Chamber 5,28-041661d198ff,22.5,BLANK,0C,off
01/11/2023 01:18:23,Chamber 5,28-041661d198ff,22.5,BLANK,0C,off
01/11/2023 01:18:43,Chamber 5,28-041661d198ff,22.5,BLANK,0C,off
01/11/2023 01:19:03,Chamber 5,28-041661d198ff,22.5,BLANK,0C,off
01/11/2023 01:19:23,Chamber 5,28-041661d198ff,22.5,BLANK,0C,off
01/11/2023 01:19:43,Chamber 5,28-041661d198ff,22.5,BLANK,0C,off
01/11/2023 01:20:03,Chamber 5,28-041661d198ff,22.5,BLANK,0C,off
01/11/2023 01:20:23,Chamber 5,28-041661d198ff,22.5,BLANK,0C,off
01/11/2023 01:20:44,Chamber 5,28-041661d198ff,22.5,BLANK,0C,off
01/11/2023 01:21:03,Chamber 5,28-041661d198ff,22.5,BLANK,0C,off
01/11/2023 01:21:23,Chamber 5,28-041661d198ff,22.5,BLANK,0C,off
01/11/2023 01:21:43,Chamber 5,28-041661d198ff,22.5,BLANK,0C,off
01/11/2023 01:22:03,Chamber 5,28-041661d198ff,22.5,BLANK,0C,off
01/11/2023 01:22:23,Chamber 5,28-041661d198ff,22.5,BLANK,0C,off
01/11/2023 01:22:43,Chamber 5,28-041661d198ff,22.5,BLANK,0C,off
01/11/2023 01:23:03,Chamber 5,28-041661d198ff,22.5,BLANK,0C,off
01/11/2023 01:23:23,Chamber 5,28-041661d198ff,22.5,BLANK,0C,off
01/11/2023 01:23:43,Chamber 5,28-041661d198ff,22.5,BLANK,0C,off
01/11/2023 01:24:03,Chamber 5,28-041661d198ff,22.5,BLANK,0C,off
01/11/2023 01:24:23,Chamber 5,28-041661d198ff,22.5,BLANK,0C,off
01/11/2023 01:24:43,Chamber 5,28-041661d198ff,22.5,BLANK,0C,off
01/11/2023 01:25:03,Chamber 5,28-041661d198ff,22.5,BLANK,0C,off
01/11/2023 01:25:23,Chamber 5,28-041661d198ff,22.5,BLANK,0C,off
01/11/2023 01:25:43,Chamber 5,28-041661d198ff,22.5,BLANK,0C,off
01/11/2023 01:26:03,Chamber 5,28-041661d198ff,22.5,BLANK,0C,off
01/11/2023 01:26:23,Chamber 5,28-041661d198ff,22.5,BLANK,0C,off
01/11/2023 01:26:43,Chamber 5,28-041661d198ff,22.5,BLANK,0C,off
01/11/2023 01:27:03,Chamber 5,28-041661d198ff,22.5,BLANK,0C,off
01/11/2023 01:27:23,Chamber 5,28-041661d198ff,22.5,BLANK,0C,off
01/11/2023 01:27:43,Chamber 5,28-041661d198ff,22.437,BLANK,0C,off
01/11/2023 01:28:03,Chamber 5,28-041661d198ff,22.5,BLANK,0C,off
01/11/2023 01:28:23,Chamber 5,28-041661d198ff,22.5,BLANK,0C,off
01/11/2023 01:28:43,Chamber 5,28-041661d198ff,22.437,BLANK,0C,off
01/11/2023 01:29:03,Chamber 5,28-041661d198ff,22.5,BLANK,0C,off
01/11/2023 01:29:23,Chamber 5,28-041661d198ff,22.5,BLANK,0C,off
01/11/2023 01:29:44,Chamber 5,28-041661d198ff,22.5,BLANK,0C,off
01/11/2023 01:30:03,Chamber 5,28-041661d198ff,22.5,BLANK,0C,off
01/11/2023 01:30:23,Chamber 5,28-041661d198ff,22.437,BLANK,0C,off
01/11/2023 01:30:43,Chamber 5,28-041661d198ff,22.5,BLANK,0C,off
01/11/2023 01:31:03,Chamber 5,28-041661d198ff,22.5,BLANK,0C,off
01/11/2023 01:31:23,Chamber 5,28-041661d198ff,22.437,BLANK,0C,off
01/11/2023 01:31:44,Chamber 5,28-041661d198ff,22.5,BLANK,0C,off
01/11/2023 01:32:03,Chamber 5,28-041661d198ff,22.437,BLANK,0C,off
01/11/2023 01:32:23,Chamber 5,28-041661d198ff,22.5,BLANK,0C,off
01/11/2023 01:32:43,Chamber 5,28-041661d198ff,22.437,BLANK,0C,off
01/11/2023 01:33:03,Chamber 5,28-041661d198ff,22.437,BLANK,0C,off
01/11/2023 01:33:23,Chamber 5,28-041661d198ff,22.437,BLANK,0C,off
01/11/2023 01:33:43,Chamber 5,28-041661d198ff,22.5,BLANK,0C,off
01/11/2023 01:34:03,Chamber 5,28-041661d198ff,22.437,BLANK,0C,off
01/11/2023 01:34:23,Chamber 5,28-041661d198ff,22.5,BLANK,0C,off
01/11/2023 01:34:43,Chamber 5,28-041661d198ff,22.437,BLANK,0C,off
01/11/2023 01:35:04,Chamber 5,28-041661d198ff,22.437,BLANK,0C,off
01/11/2023 01:35:23,Chamber 5,28-041661d198ff,22.5,BLANK,0C,off
01/11/2023 01:35:43,Chamber 5,28-041661d198ff,22.437,BLANK,0C,off
01/11/2023 01:36:03,Chamber 5,28-041661d198ff,22.5,BLANK,0C,off
01/11/2023 01:36:23,Chamber 5,28-041661d198ff,22.437,BLANK,0C,off
01/11/2023 01:36:43,Chamber 5,28-041661d198ff,22.437,BLANK,0C,off
01/11/2023 01:37:03,Chamber 5,28-041661d198ff,22.437,BLANK,0C,off
01/11/2023 01:37:23,Chamber 5,28-041661d198ff,22.437,BLANK,0C,off
01/11/2023 01:37:43,Chamber 5,28-041661d198ff,22.437,BLANK,0C,off
01/11/2023 01:38:03,Chamber 5,28-041661d198ff,22.437,BLANK,0C,off
01/11/2023 01:38:23,Chamber 5,28-041661d198ff,22.5,BLANK,0C,off
01/11/2023 01:38:43,Chamber 5,28-041661d198ff,22.437,BLANK,0C,off
01/11/2023 01:39:03,Chamber 5,28-041661d198ff,22.437,BLANK,0C,off
01/11/2023 01:39:23,Chamber 5,28-041661d198ff,22.437,BLANK,0C,off
01/11/2023 01:39:43,Chamber 5,28-041661d198ff,22.437,BLANK,0C,off
01/11/2023 01:40:03,Chamber 5,28-041661d198ff,22.437,BLANK,0C,off
01/11/2023 01:40:23,Chamber 5,28-041661d198ff,22.437,BLANK,0C,off
01/11/2023 01:40:43,Chamber 5,28-041661d198ff,22.437,BLANK,0C,off
01/11/2023 01:41:03,Chamber 5,28-041661d198ff,22.437,BLANK,0C,off
01/11/2023 01:41:23,Chamber 5,28-041661d198ff,22.437,BLANK,0C,off
01/11/2023 01:41:43,Chamber 5,28-041661d198ff,22.437,BLANK,0C,off
01/11/2023 01:42:03,Chamber 5,28-041661d198ff,22.437,BLANK,0C,off
01/11/2023 01:42:23,Chamber 5,28-041661d198ff,22.437,BLANK,0C,off
01/11/2023 01:42:43,Chamber 5,28-041661d198ff,22.437,BLANK,0C,off
01/11/2023 01:43:03,Chamber 5,28-041661d198ff,22.437,BLANK,0C,off
01/11/2023 01:43:23,Chamber 5,28-041661d198ff,22.437,BLANK,0C,off
01/11/2023 01:43:43,Chamber 5,28-041661d198ff,22.437,BLANK,0C,off
01/11/2023 01:44:04,Chamber 5,28-041661d198ff,22.437,BLANK,0C,off
01/11/2023 01:44:23,Chamber 5,28-041661d198ff,22.437,BLANK,0C,off
01/11/2023 01:44:43,Chamber 5,28-041661d198ff,22.437,BLANK,0C,off
01/11/2023 01:45:03,Chamber 5,28-041661d198ff,22.437,BLANK,0C,off
01/11/2023 01:45:23,Chamber 5,28-041661d198ff,22.437,BLANK,0C,off
01/11/2023 01:45:43,Chamber 5,28-041661d198ff,22.437,BLANK,0C,off
01/11/2023 01:46:03,Chamber 5,28-041661d198ff,22.437,BLANK,0C,off
01/11/2023 01:46:23,Chamber 5,28-041661d198ff,22.437,BLANK,0C,off
01/11/2023 01:46:43,Chamber 5,28-041661d198ff,22.437,BLANK,0C,off
01/11/2023 01:47:03,Chamber 5,28-041661d198ff,22.437,BLANK,0C,off
01/11/2023 01:47:23,Chamber 5,28-041661d198ff,22.437,BLANK,0C,off
01/11/2023 01:47:43,Chamber 5,28-041661d198ff,22.437,BLANK,0C,off
01/11/2023 01:48:03,Chamber 5,28-041661d198ff,22.437,BLANK,0C,off
01/11/2023 01:48:23,Chamber 5,28-041661d198ff,22.437,BLANK,0C,off
01/11/2023 01:48:43,Chamber 5,28-041661d198ff,22.437,BLANK,0C,off
01/11/2023 01:49:03,Chamber 5,28-041661d198ff,22.437,BLANK,0C,off
01/11/2023 01:49:23,Chamber 5,28-041661d198ff,22.437,BLANK,0C,off
01/11/2023 01:49:43,Chamber 5,28-041661d198ff,22.437,BLANK,0C,off
01/11/2023 01:50:03,Chamber 5,28-041661d198ff,22.437,BLANK,0C,off
01/11/2023 01:50:23,Chamber 5,28-041661d198ff,22.437,BLANK,0C,off
01/11/2023 01:50:43,Chamber 5,28-041661d198ff,22.437,BLANK,0C,off
01/11/2023 01:51:03,Chamber 5,28-041661d198ff,22.437,BLANK,0C,off
01/11/2023 01:51:23,Chamber 5,28-041661d198ff,22.437,BLANK,0C,off
01/11/2023 01:51:43,Chamber 5,28-041661d198ff,22.437,BLANK,0C,off
01/11/2023 01:52:03,Chamber 5,28-041661d198ff,22.437,BLANK,0C,off
01/11/2023 01:52:23,Chamber 5,28-041661d198ff,22.437,BLANK,0C,off
01/11/2023 01:52:43,Chamber 5,28-041661d198ff,22.437,BLANK,0C,off
01/11/2023 01:53:03,Chamber 5,28-041661d198ff,22.437,BLANK,0C,off
01/11/2023 01:53:23,Chamber 5,28-041661d198ff,22.437,BLANK,0C,off
01/11/2023 01:53:43,Chamber 5,28-041661d198ff,22.437,BLANK,0C,off
01/11/2023 01:54:03,Chamber 5,28-041661d198ff,22.437,BLANK,0C,off
01/11/2023 01:54:23,Chamber 5,28-041661d198ff,22.437,BLANK,0C,off
01/11/2023 01:54:43,Chamber 5,28-041661d198ff,22.437,BLANK,0C,off
01/11/2023 01:55:03,Chamber 5,28-041661d198ff,22.437,BLANK,0C,off
01/11/2023 01:55:23,Chamber 5,28-041661d198ff,22.437,BLANK,0C,off
01/11/2023 01:55:43,Chamber 5,28-041661d198ff,22.437,BLANK,0C,off
01/11/2023 01:56:03,Chamber 5,28-041661d198ff,22.437,BLANK,0C,off
01/11/2023 01:56:23,Chamber 5,28-041661d198ff,22.437,BLANK,0C,off
01/11/2023 01:56:43,Chamber 5,28-041661d198ff,22.437,BLANK,0C,off
01/11/2023 01:57:03,Chamber 5,28-041661d198ff,22.437,BLANK,0C,off
01/11/2023 01:57:23,Chamber 5,28-041661d198ff,22.437,BLANK,0C,off
01/11/2023 01:57:43,Chamber 5,28-041661d198ff,22.437,BLANK,0C,off
01/11/2023 01:58:04,Chamber 5,28-041661d198ff,22.437,BLANK,0C,off
01/11/2023 01:58:23,Chamber 5,28-041661d198ff,22.437,BLANK,0C,off
01/11/2023 01:58:43,Chamber 5,28-041661d198ff,22.437,BLANK,0C,off
01/11/2023 01:59:04,Chamber 5,28-041661d198ff,22.437,BLANK,0C,off
01/11/2023 01:59:23,Chamber 5,28-041661d198ff,22.437,BLANK,0C,off
01/11/2023 01:59:43,Chamber 5,28-041661d198ff,22.437,BLANK,0C,off
01/11/2023 02:00:02,Chamber 5,28-041661d198ff,22.437,BLANK,0C,off
01/11/2023 02:00:22,Chamber 5,28-041661d198ff,22.437,BLANK,0C,off
01/11/2023 02:00:42,Chamber 5,28-041661d198ff,22.437,BLANK,0C,off
01/11/2023 02:01:02,Chamber 5,28-041661d198ff,22.437,BLANK,0C,off
01/11/2023 02:01:22,Chamber 5,28-041661d198ff,22.437,BLANK,0C,off
01/11/2023 02:01:42,Chamber 5,28-041661d198ff,22.437,BLANK,0C,off
01/11/2023 02:02:02,Chamber 5,28-041661d198ff,22.437,BLANK,0C,off
01/11/2023 02:02:22,Chamber 5,28-041661d198ff,22.437,BLANK,0C,off
01/11/2023 02:02:42,Chamber 5,28-041661d198ff,22.437,BLANK,0C,off
01/11/2023 02:03:02,Chamber 5,28-041661d198ff,22.437,BLANK,0C,off
01/11/2023 02:03:22,Chamber 5,28-041661d198ff,22.437,BLANK,0C,off
01/11/2023 02:03:42,Chamber 5,28-041661d198ff,22.437,BLANK,0C,off
01/11/2023 02:04:02,Chamber 5,28-041661d198ff,22.437,BLANK,0C,off
01/11/2023 02:04:22,Chamber 5,28-041661d198ff,22.437,BLANK,0C,off
01/11/2023 02:04:42,Chamber 5,28-041661d198ff,22.437,BLANK,0C,off
01/11/2023 02:05:02,Chamber 5,28-041661d198ff,22.437,BLANK,0C,off
01/11/2023 02:05:22,Chamber 5,28-041661d198ff,22.437,BLANK,0C,off
01/11/2023 02:05:42,Chamber 5,28-041661d198ff,22.437,BLANK,0C,off
01/11/2023 02:06:02,Chamber 5,28-041661d198ff,22.437,BLANK,0C,off
01/11/2023 02:06:22,Chamber 5,28-041661d198ff,22.437,BLANK,0C,off
01/11/2023 02:06:42,Chamber 5,28-041661d198ff,22.437,BLANK,0C,off
01/11/2023 02:07:02,Chamber 5,28-041661d198ff,22.437,BLANK,0C,off
01/11/2023 02:07:22,Chamber 5,28-041661d198ff,22.437,BLANK,0C,off
01/11/2023 02:07:42,Chamber 5,28-041661d198ff,22.437,BLANK,0C,off
01/11/2023 02:08:02,Chamber 5,28-041661d198ff,22.437,BLANK,0C,off
01/11/2023 02:08:22,Chamber 5,28-041661d198ff,22.437,BLANK,0C,off
01/11/2023 02:08:42,Chamber 5,28-041661d198ff,22.437,BLANK,0C,off
01/11/2023 02:09:02,Chamber 5,28-041661d198ff,22.437,BLANK,0C,off
01/11/2023 02:09:22,Chamber 5,28-041661d198ff,22.437,BLANK,0C,off
01/11/2023 02:09:42,Chamber 5,28-041661d198ff,22.437,BLANK,0C,off
01/11/2023 02:10:02,Chamber 5,28-041661d198ff,22.437,BLANK,0C,off
01/11/2023 02:10:22,Chamber 5,28-041661d198ff,22.437,BLANK,0C,off
01/11/2023 02:10:42,Chamber 5,28-041661d198ff,22.437,BLANK,0C,off
01/11/2023 02:11:02,Chamber 5,28-041661d198ff,22.437,BLANK,0C,off
01/11/2023 02:11:22,Chamber 5,28-041661d198ff,22.437,BLANK,0C,off
01/11/2023 02:11:42,Chamber 5,28-041661d198ff,22.437,BLANK,0C,off
01/11/2023 02:12:02,Chamber 5,28-041661d198ff,22.437,BLANK,0C,off
01/11/2023 02:12:22,Chamber 5,28-041661d198ff,22.437,BLANK,0C,off
01/11/2023 02:12:42,Chamber 5,28-041661d198ff,22.437,BLANK,0C,off
01/11/2023 02:13:02,Chamber 5,28-041661d198ff,22.437,BLANK,0C,off
01/11/2023 02:13:22,Chamber 5,28-041661d198ff,22.437,BLANK,0C,off
01/11/2023 02:13:42,Chamber 5,28-041661d198ff,22.437,BLANK,0C,off
01/11/2023 02:14:02,Chamber 5,28-041661d198ff,22.437,BLANK,0C,off
01/11/2023 02:14:23,Chamber 5,28-041661d198ff,22.437,BLANK,0C,off
01/11/2023 02:14:42,Chamber 5,28-041661d198ff,22.437,BLANK,0C,off
01/11/2023 02:15:02,Chamber 5,28-041661d198ff,22.437,BLANK,0C,off
01/11/2023 02:15:22,Chamber 5,28-041661d198ff,22.437,BLANK,0C,off
01/11/2023 02:15:42,Chamber 5,28-041661d198ff,22.437,BLANK,0C,off
01/11/2023 02:16:02,Chamber 5,28-041661d198ff,22.437,BLANK,0C,off
01/11/2023 02:16:22,Chamber 5,28-041661d198ff,22.375,BLANK,0C,off
01/11/2023 02:16:42,Chamber 5,28-041661d198ff,22.437,BLANK,0C,off
01/11/2023 02:17:02,Chamber 5,28-041661d198ff,22.437,BLANK,0C,off
01/11/2023 02:17:22,Chamber 5,28-041661d198ff,22.437,BLANK,0C,off
01/11/2023 02:17:42,Chamber 5,28-041661d198ff,22.437,BLANK,0C,off
01/11/2023 02:18:02,Chamber 5,28-041661d198ff,22.437,BLANK,0C,off
01/11/2023 02:18:22,Chamber 5,28-041661d198ff,22.437,BLANK,0C,off
01/11/2023 02:18:42,Chamber 5,28-041661d198ff,22.437,BLANK,0C,off
01/11/2023 02:19:02,Chamber 5,28-041661d198ff,22.437,BLANK,0C,off
01/11/2023 02:19:22,Chamber 5,28-041661d198ff,22.437,BLANK,0C,off
01/11/2023 02:19:42,Chamber 5,28-041661d198ff,22.375,BLANK,0C,off
01/11/2023 02:20:02,Chamber 5,28-041661d198ff,22.437,BLANK,0C,off
01/11/2023 02:20:22,Chamber 5,28-041661d198ff,22.437,BLANK,0C,off
01/11/2023 02:20:42,Chamber 5,28-041661d198ff,22.375,BLANK,0C,off
01/11/2023 02:21:02,Chamber 5,28-041661d198ff,22.437,BLANK,0C,off
01/11/2023 02:21:22,Chamber 5,28-041661d198ff,22.437,BLANK,0C,off
01/11/2023 02:21:42,Chamber 5,28-041661d198ff,22.437,BLANK,0C,off
01/11/2023 02:22:02,Chamber 5,28-041661d198ff,22.437,BLANK,0C,off
01/11/2023 02:22:22,Chamber 5,28-041661d198ff,22.375,BLANK,0C,off
01/11/2023 02:22:42,Chamber 5,28-041661d198ff,22.437,BLANK,0C,off
01/11/2023 02:23:02,Chamber 5,28-041661d198ff,22.375,BLANK,0C,off
01/11/2023 02:23:22,Chamber 5,28-041661d198ff,22.437,BLANK,0C,off
01/11/2023 02:23:42,Chamber 5,28-041661d198ff,22.437,BLANK,0C,off
01/11/2023 02:24:02,Chamber 5,28-041661d198ff,22.375,BLANK,0C,off
01/11/2023 02:24:22,Chamber 5,28-041661d198ff,22.375,BLANK,0C,off
01/11/2023 02:24:42,Chamber 5,28-041661d198ff,22.437,BLANK,0C,off
01/11/2023 02:25:02,Chamber 5,28-041661d198ff,22.375,BLANK,0C,off
01/11/2023 02:25:22,Chamber 5,28-041661d198ff,22.437,BLANK,0C,off
01/11/2023 02:25:42,Chamber 5,28-041661d198ff,22.375,BLANK,0C,off
01/11/2023 02:26:02,Chamber 5,28-041661d198ff,22.437,BLANK,0C,off
01/11/2023 02:26:22,Chamber 5,28-041661d198ff,22.375,BLANK,0C,off
01/11/2023 02:26:42,Chamber 5,28-041661d198ff,22.375,BLANK,0C,off
01/11/2023 02:27:02,Chamber 5,28-041661d198ff,22.375,BLANK,0C,off
01/11/2023 02:27:22,Chamber 5,28-041661d198ff,22.437,BLANK,0C,off
01/11/2023 02:27:42,Chamber 5,28-041661d198ff,22.375,BLANK,0C,off
01/11/2023 02:28:02,Chamber 5,28-041661d198ff,22.437,BLANK,0C,off
01/11/2023 02:28:22,Chamber 5,28-041661d198ff,22.375,BLANK,0C,off
01/11/2023 02:28:42,Chamber 5,28-041661d198ff,22.437,BLANK,0C,off
01/11/2023 02:29:03,Chamber 5,28-041661d198ff,22.437,BLANK,0C,off
01/11/2023 02:29:22,Chamber 5,28-041661d198ff,22.437,BLANK,0C,off
01/11/2023 02:29:42,Chamber 5,28-041661d198ff,22.375,BLANK,0C,off
01/11/2023 02:30:02,Chamber 5,28-041661d198ff,22.375,BLANK,0C,off
01/11/2023 02:30:23,Chamber 5,28-041661d198ff,22.375,BLANK,0C,off
01/11/2023 02:30:42,Chamber 5,28-041661d198ff,22.375,BLANK,0C,off
01/11/2023 02:31:02,Chamber 5,28-041661d198ff,22.375,BLANK,0C,off
01/11/2023 02:31:22,Chamber 5,28-041661d198ff,22.375,BLANK,0C,off
01/11/2023 02:31:42,Chamber 5,28-041661d198ff,22.375,BLANK,0C,off
01/11/2023 02:32:02,Chamber 5,28-041661d198ff,22.375,BLANK,0C,off
01/11/2023 02:32:22,Chamber 5,28-041661d198ff,22.375,BLANK,0C,off
01/11/2023 02:32:42,Chamber 5,28-041661d198ff,22.375,BLANK,0C,off
01/11/2023 02:33:02,Chamber 5,28-041661d198ff,22.375,BLANK,0C,off
01/11/2023 02:33:22,Chamber 5,28-041661d198ff,22.375,BLANK,0C,off
01/11/2023 02:33:42,Chamber 5,28-041661d198ff,22.375,BLANK,0C,off
01/11/2023 02:34:02,Chamber 5,28-041661d198ff,22.375,BLANK,0C,off
01/11/2023 02:34:23,Chamber 5,28-041661d198ff,22.375,BLANK,0C,off
01/11/2023 02:34:42,Chamber 5,28-041661d198ff,22.375,BLANK,0C,off
01/11/2023 02:35:02,Chamber 5,28-041661d198ff,22.375,BLANK,0C,off
01/11/2023 02:35:22,Chamber 5,28-041661d198ff,22.375,BLANK,0C,off
01/11/2023 02:35:42,Chamber 5,28-041661d198ff,22.375,BLANK,0C,off
01/11/2023 02:36:02,Chamber 5,28-041661d198ff,22.375,BLANK,0C,off
01/11/2023 02:36:22,Chamber 5,28-041661d198ff,22.375,BLANK,0C,off
01/11/2023 02:36:42,Chamber 5,28-041661d198ff,22.375,BLANK,0C,off
01/11/2023 02:37:02,Chamber 5,28-041661d198ff,22.375,BLANK,0C,off
01/11/2023 02:37:22,Chamber 5,28-041661d198ff,22.375,BLANK,0C,off
01/11/2023 02:37:42,Chamber 5,28-041661d198ff,22.375,BLANK,0C,off
01/11/2023 02:38:02,Chamber 5,28-041661d198ff,22.375,BLANK,0C,off
01/11/2023 02:38:22,Chamber 5,28-041661d198ff,22.375,BLANK,0C,off
01/11/2023 02:38:42,Chamber 5,28-041661d198ff,22.375,BLANK,0C,off
01/11/2023 02:39:02,Chamber 5,28-041661d198ff,22.375,BLANK,0C,off
01/11/2023 02:39:22,Chamber 5,28-041661d198ff,22.375,BLANK,0C,off
01/11/2023 02:39:42,Chamber 5,28-041661d198ff,22.375,BLANK,0C,off
01/11/2023 02:40:02,Chamber 5,28-041661d198ff,22.375,BLANK,0C,off
01/11/2023 02:40:22,Chamber 5,28-041661d198ff,22.375,BLANK,0C,off
01/11/2023 02:40:42,Chamber 5,28-041661d198ff,22.375,BLANK,0C,off
01/11/2023 02:41:02,Chamber 5,28-041661d198ff,22.375,BLANK,0C,off
01/11/2023 02:41:22,Chamber 5,28-041661d198ff,22.375,BLANK,0C,off
01/11/2023 02:41:42,Chamber 5,28-041661d198ff,22.375,BLANK,0C,off
01/11/2023 02:42:02,Chamber 5,28-041661d198ff,22.375,BLANK,0C,off
01/11/2023 02:42:22,Chamber 5,28-041661d198ff,22.375,BLANK,0C,off
01/11/2023 02:42:42,Chamber 5,28-041661d198ff,22.375,BLANK,0C,off
01/11/2023 02:43:02,Chamber 5,28-041661d198ff,22.375,BLANK,0C,off
01/11/2023 02:43:22,Chamber 5,28-041661d198ff,22.375,BLANK,0C,off
01/11/2023 02:43:42,Chamber 5,28-041661d198ff,22.375,BLANK,0C,off
01/11/2023 02:44:02,Chamber 5,28-041661d198ff,22.375,BLANK,0C,off
01/11/2023 02:44:22,Chamber 5,28-041661d198ff,22.375,BLANK,0C,off
01/11/2023 02:44:42,Chamber 5,28-041661d198ff,22.375,BLANK,0C,off
01/11/2023 02:45:02,Chamber 5,28-041661d198ff,22.375,BLANK,0C,off
01/11/2023 02:45:22,Chamber 5,28-041661d198ff,22.375,BLANK,0C,off
01/11/2023 02:45:42,Chamber 5,28-041661d198ff,22.375,BLANK,0C,off
01/11/2023 02:46:04,Chamber 5,28-041661d198ff,22.437,BLANK,0C,off
01/11/2023 02:46:22,Chamber 5,28-041661d198ff,22.375,BLANK,0C,off
01/11/2023 02:46:42,Chamber 5,28-041661d198ff,22.375,BLANK,0C,off
01/11/2023 02:47:02,Chamber 5,28-041661d198ff,22.375,BLANK,0C,off
01/11/2023 02:47:22,Chamber 5,28-041661d198ff,22.375,BLANK,0C,off
01/11/2023 02:47:42,Chamber 5,28-041661d198ff,22.375,BLANK,0C,off
01/11/2023 02:48:02,Chamber 5,28-041661d198ff,22.375,BLANK,0C,off
01/11/2023 02:48:22,Chamber 5,28-041661d198ff,22.375,BLANK,0C,off
01/11/2023 02:48:42,Chamber 5,28-041661d198ff,22.375,BLANK,0C,off
01/11/2023 02:49:02,Chamber 5,28-041661d198ff,22.375,BLANK,0C,off
01/11/2023 02:49:22,Chamber 5,28-041661d198ff,22.375,BLANK,0C,off
01/11/2023 02:49:42,Chamber 5,28-041661d198ff,22.375,BLANK,0C,off
01/11/2023 02:50:02,Chamber 5,28-041661d198ff,22.375,BLANK,0C,off
01/11/2023 02:50:22,Chamber 5,28-041661d198ff,22.375,BLANK,0C,off
01/11/2023 02:50:42,Chamber 5,28-041661d198ff,22.375,BLANK,0C,off
01/11/2023 02:51:02,Chamber 5,28-041661d198ff,22.375,BLANK,0C,off
01/11/2023 02:51:22,Chamber 5,28-041661d198ff,22.375,BLANK,0C,off
01/11/2023 02:51:43,Chamber 5,28-041661d198ff,22.375,BLANK,0C,off
01/11/2023 02:52:02,Chamber 5,28-041661d198ff,22.375,BLANK,0C,off
01/11/2023 02:52:22,Chamber 5,28-041661d198ff,22.375,BLANK,0C,off
01/11/2023 02:52:42,Chamber 5,28-041661d198ff,22.375,BLANK,0C,off
01/11/2023 02:53:02,Chamber 5,28-041661d198ff,22.375,BLANK,0C,off
01/11/2023 02:53:22,Chamber 5,28-041661d198ff,22.375,BLANK,0C,off
01/11/2023 02:53:42,Chamber 5,28-041661d198ff,22.375,BLANK,0C,off
01/11/2023 02:54:02,Chamber 5,28-041661d198ff,22.375,BLANK,0C,off
01/11/2023 02:54:22,Chamber 5,28-041661d198ff,22.375,BLANK,0C,off
01/11/2023 02:54:42,Chamber 5,28-041661d198ff,22.375,BLANK,0C,off
01/11/2023 02:55:02,Chamber 5,28-041661d198ff,22.375,BLANK,0C,off
01/11/2023 02:55:22,Chamber 5,28-041661d198ff,22.375,BLANK,0C,off
01/11/2023 02:55:42,Chamber 5,28-041661d198ff,22.375,BLANK,0C,off
01/11/2023 02:56:02,Chamber 5,28-041661d198ff,22.375,BLANK,0C,off
01/11/2023 02:56:22,Chamber 5,28-041661d198ff,22.375,BLANK,0C,off
01/11/2023 02:56:42,Chamber 5,28-041661d198ff,22.375,BLANK,0C,off
01/11/2023 02:57:02,Chamber 5,28-041661d198ff,22.375,BLANK,0C,off
01/11/2023 02:57:22,Chamber 5,28-041661d198ff,22.375,BLANK,0C,off
01/11/2023 02:57:42,Chamber 5,28-041661d198ff,22.375,BLANK,0C,off
01/11/2023 02:58:02,Chamber 5,28-041661d198ff,22.375,BLANK,0C,off
01/11/2023 02:58:22,Chamber 5,28-041661d198ff,22.375,BLANK,0C,off
01/11/2023 02:58:42,Chamber 5,28-041661d198ff,22.375,BLANK,0C,off
01/11/2023 02:59:02,Chamber 5,28-041661d198ff,22.375,BLANK,0C,off
01/11/2023 02:59:22,Chamber 5,28-041661d198ff,22.375,BLANK,0C,off
01/11/2023 02:59:42,Chamber 5,28-041661d198ff,22.375,BLANK,0C,off
01/11/2023 03:00:03,Chamber 5,28-041661d198ff,22.375,BLANK,0C,off
01/11/2023 03:00:23,Chamber 5,28-041661d198ff,22.375,BLANK,0C,off
01/11/2023 03:00:43,Chamber 5,28-041661d198ff,22.375,BLANK,0C,off
01/11/2023 03:01:03,Chamber 5,28-041661d198ff,22.375,BLANK,0C,off
01/11/2023 03:01:23,Chamber 5,28-041661d198ff,22.375,BLANK,0C,off
01/11/2023 03:01:43,Chamber 5,28-041661d198ff,22.375,BLANK,0C,off
01/11/2023 03:02:03,Chamber 5,28-041661d198ff,22.375,BLANK,0C,off
01/11/2023 03:02:23,Chamber 5,28-041661d198ff,22.375,BLANK,0C,off
01/11/2023 03:02:44,Chamber 5,28-041661d198ff,22.375,BLANK,0C,off
01/11/2023 03:03:03,Chamber 5,28-041661d198ff,22.375,BLANK,0C,off
01/11/2023 03:03:23,Chamber 5,28-041661d198ff,22.375,BLANK,0C,off
01/11/2023 03:03:43,Chamber 5,28-041661d198ff,22.375,BLANK,0C,off
01/11/2023 03:04:03,Chamber 5,28-041661d198ff,22.375,BLANK,0C,off
01/11/2023 03:04:23,Chamber 5,28-041661d198ff,22.375,BLANK,0C,off
01/11/2023 03:04:43,Chamber 5,28-041661d198ff,22.375,BLANK,0C,off
01/11/2023 03:05:03,Chamber 5,28-041661d198ff,22.312,BLANK,0C,off
01/11/2023 03:05:23,Chamber 5,28-041661d198ff,22.375,BLANK,0C,off
01/11/2023 03:05:44,Chamber 5,28-041661d198ff,22.375,BLANK,0C,off
01/11/2023 03:06:03,Chamber 5,28-041661d198ff,22.375,BLANK,0C,off
01/11/2023 03:06:23,Chamber 5,28-041661d198ff,22.375,BLANK,0C,off
01/11/2023 03:06:43,Chamber 5,28-041661d198ff,22.375,BLANK,0C,off
01/11/2023 03:07:03,Chamber 5,28-041661d198ff,22.375,BLANK,0C,off
01/11/2023 03:07:23,Chamber 5,28-041661d198ff,22.375,BLANK,0C,off
01/11/2023 03:07:43,Chamber 5,28-041661d198ff,22.375,BLANK,0C,off
01/11/2023 03:08:03,Chamber 5,28-041661d198ff,22.375,BLANK,0C,off
01/11/2023 03:08:24,Chamber 5,28-041661d198ff,22.375,BLANK,0C,off
01/11/2023 03:08:43,Chamber 5,28-041661d198ff,22.375,BLANK,0C,off
01/11/2023 03:09:03,Chamber 5,28-041661d198ff,22.312,BLANK,0C,off
01/11/2023 03:09:23,Chamber 5,28-041661d198ff,22.375,BLANK,0C,off
01/11/2023 03:09:43,Chamber 5,28-041661d198ff,22.312,BLANK,0C,off
01/11/2023 03:10:03,Chamber 5,28-041661d198ff,22.375,BLANK,0C,off
01/11/2023 03:10:23,Chamber 5,28-041661d198ff,22.312,BLANK,0C,off
01/11/2023 03:10:43,Chamber 5,28-041661d198ff,22.375,BLANK,0C,off
01/11/2023 03:11:03,Chamber 5,28-041661d198ff,22.312,BLANK,0C,off
01/11/2023 03:11:23,Chamber 5,28-041661d198ff,22.312,BLANK,0C,off
01/11/2023 03:11:43,Chamber 5,28-041661d198ff,22.312,BLANK,0C,off
01/11/2023 03:12:03,Chamber 5,28-041661d198ff,22.375,BLANK,0C,off
01/11/2023 03:12:23,Chamber 5,28-041661d198ff,22.312,BLANK,0C,off
01/11/2023 03:12:43,Chamber 5,28-041661d198ff,22.312,BLANK,0C,off
01/11/2023 03:13:03,Chamber 5,28-041661d198ff,22.312,BLANK,0C,off
01/11/2023 03:13:23,Chamber 5,28-041661d198ff,22.312,BLANK,0C,off
01/11/2023 03:13:43,Chamber 5,28-041661d198ff,22.375,BLANK,0C,off
01/11/2023 03:14:03,Chamber 5,28-041661d198ff,22.312,BLANK,0C,off
01/11/2023 03:14:23,Chamber 5,28-041661d198ff,22.312,BLANK,0C,off
01/11/2023 03:14:43,Chamber 5,28-041661d198ff,22.312,BLANK,0C,off
01/11/2023 03:15:03,Chamber 5,28-041661d198ff,22.312,BLANK,0C,off
01/11/2023 03:15:23,Chamber 5,28-041661d198ff,22.312,BLANK,0C,off
01/11/2023 03:15:43,Chamber 5,28-041661d198ff,22.312,BLANK,0C,off
01/11/2023 03:16:03,Chamber 5,28-041661d198ff,22.312,BLANK,0C,off
01/11/2023 03:16:23,Chamber 5,28-041661d198ff,22.312,BLANK,0C,off
01/11/2023 03:16:43,Chamber 5,28-041661d198ff,22.312,BLANK,0C,off
01/11/2023 03:17:03,Chamber 5,28-041661d198ff,22.312,BLANK,0C,off
01/11/2023 03:17:23,Chamber 5,28-041661d198ff,22.312,BLANK,0C,off
01/11/2023 03:17:43,Chamber 5,28-041661d198ff,22.312,BLANK,0C,off
01/11/2023 03:18:03,Chamber 5,28-041661d198ff,22.312,BLANK,0C,off
01/11/2023 03:18:23,Chamber 5,28-041661d198ff,22.312,BLANK,0C,off
01/11/2023 03:18:43,Chamber 5,28-041661d198ff,22.312,BLANK,0C,off
01/11/2023 03:19:03,Chamber 5,28-041661d198ff,22.312,BLANK,0C,off
01/11/2023 03:19:23,Chamber 5,28-041661d198ff,22.312,BLANK,0C,off
01/11/2023 03:19:43,Chamber 5,28-041661d198ff,22.312,BLANK,0C,off
01/11/2023 03:20:03,Chamber 5,28-041661d198ff,22.312,BLANK,0C,off
01/11/2023 03:20:23,Chamber 5,28-041661d198ff,22.312,BLANK,0C,off
01/11/2023 03:20:43,Chamber 5,28-041661d198ff,22.312,BLANK,0C,off
01/11/2023 03:21:03,Chamber 5,28-041661d198ff,22.312,BLANK,0C,off
01/11/2023 03:21:23,Chamber 5,28-041661d198ff,22.312,BLANK,0C,off
01/11/2023 03:21:43,Chamber 5,28-041661d198ff,22.312,BLANK,0C,off
01/11/2023 03:22:03,Chamber 5,28-041661d198ff,22.312,BLANK,0C,off
01/11/2023 03:22:23,Chamber 5,28-041661d198ff,22.312,BLANK,0C,off
01/11/2023 03:22:43,Chamber 5,28-041661d198ff,22.312,BLANK,0C,off
01/11/2023 03:23:03,Chamber 5,28-041661d198ff,22.312,BLANK,0C,off
01/11/2023 03:23:23,Chamber 5,28-041661d198ff,22.312,BLANK,0C,off
01/11/2023 03:23:43,Chamber 5,28-041661d198ff,22.312,BLANK,0C,off
01/11/2023 03:24:03,Chamber 5,28-041661d198ff,22.312,BLANK,0C,off
01/11/2023 03:24:23,Chamber 5,28-041661d198ff,22.312,BLANK,0C,off
01/11/2023 03:24:43,Chamber 5,28-041661d198ff,22.312,BLANK,0C,off
01/11/2023 03:25:03,Chamber 5,28-041661d198ff,22.312,BLANK,0C,off
01/11/2023 03:25:23,Chamber 5,28-041661d198ff,22.312,BLANK,0C,off
01/11/2023 03:25:45,Chamber 5,28-041661d198ff,22.312,BLANK,0C,off
01/11/2023 03:26:03,Chamber 5,28-041661d198ff,22.312,BLANK,0C,off
01/11/2023 03:26:23,Chamber 5,28-041661d198ff,22.312,BLANK,0C,off
01/11/2023 03:26:43,Chamber 5,28-041661d198ff,22.312,BLANK,0C,off
01/11/2023 03:27:03,Chamber 5,28-041661d198ff,22.312,BLANK,0C,off
01/11/2023 03:27:23,Chamber 5,28-041661d198ff,22.312,BLANK,0C,off
01/11/2023 03:27:43,Chamber 5,28-041661d198ff,22.312,BLANK,0C,off
01/11/2023 03:28:03,Chamber 5,28-041661d198ff,22.312,BLANK,0C,off
01/11/2023 03:28:23,Chamber 5,28-041661d198ff,22.312,BLANK,0C,off
01/11/2023 03:28:43,Chamber 5,28-041661d198ff,22.312,BLANK,0C,off
01/11/2023 03:29:03,Chamber 5,28-041661d198ff,22.312,BLANK,0C,off
01/11/2023 03:29:23,Chamber 5,28-041661d198ff,22.312,BLANK,0C,off
01/11/2023 03:29:43,Chamber 5,28-041661d198ff,22.312,BLANK,0C,off
01/11/2023 03:30:03,Chamber 5,28-041661d198ff,22.312,BLANK,0C,off
01/11/2023 03:30:23,Chamber 5,28-041661d198ff,22.312,BLANK,0C,off
01/11/2023 03:30:43,Chamber 5,28-041661d198ff,22.312,BLANK,0C,off
01/11/2023 03:31:03,Chamber 5,28-041661d198ff,22.312,BLANK,0C,off
01/11/2023 03:31:24,Chamber 5,28-041661d198ff,22.312,BLANK,0C,off
01/11/2023 03:31:43,Chamber 5,28-041661d198ff,22.312,BLANK,0C,off
01/11/2023 03:32:05,Chamber 5,28-041661d198ff,22.312,BLANK,0C,off
01/11/2023 03:32:23,Chamber 5,28-041661d198ff,22.312,BLANK,0C,off
01/11/2023 03:32:43,Chamber 5,28-041661d198ff,22.312,BLANK,0C,off
01/11/2023 03:33:03,Chamber 5,28-041661d198ff,22.312,BLANK,0C,off
01/11/2023 03:33:23,Chamber 5,28-041661d198ff,22.312,BLANK,0C,off
01/11/2023 03:33:44,Chamber 5,28-041661d198ff,22.312,BLANK,0C,off
01/11/2023 03:34:03,Chamber 5,28-041661d198ff,22.312,BLANK,0C,off
01/11/2023 03:34:23,Chamber 5,28-041661d198ff,22.312,BLANK,0C,off
01/11/2023 03:34:44,Chamber 5,28-041661d198ff,22.312,BLANK,0C,off
01/11/2023 03:35:03,Chamber 5,28-041661d198ff,22.312,BLANK,0C,off
01/11/2023 03:35:23,Chamber 5,28-041661d198ff,22.312,BLANK,0C,off
01/11/2023 03:35:43,Chamber 5,28-041661d198ff,22.312,BLANK,0C,off
01/11/2023 03:36:03,Chamber 5,28-041661d198ff,22.312,BLANK,0C,off
01/11/2023 03:36:23,Chamber 5,28-041661d198ff,22.312,BLANK,0C,off
01/11/2023 03:36:43,Chamber 5,28-041661d198ff,22.312,BLANK,0C,off
01/11/2023 03:37:03,Chamber 5,28-041661d198ff,22.312,BLANK,0C,off
01/11/2023 03:37:23,Chamber 5,28-041661d198ff,22.312,BLANK,0C,off
01/11/2023 03:37:43,Chamber 5,28-041661d198ff,22.312,BLANK,0C,off
01/11/2023 03:38:04,Chamber 5,28-041661d198ff,22.312,BLANK,0C,off
01/11/2023 03:38:25,Chamber 5,28-041661d198ff,22.312,BLANK,0C,off
01/11/2023 03:38:43,Chamber 5,28-041661d198ff,22.312,BLANK,0C,off
01/11/2023 03:39:03,Chamber 5,28-041661d198ff,22.312,BLANK,0C,off
01/11/2023 03:39:23,Chamber 5,28-041661d198ff,22.312,BLANK,0C,off
01/11/2023 03:39:43,Chamber 5,28-041661d198ff,22.312,BLANK,0C,off
01/11/2023 03:40:03,Chamber 5,28-041661d198ff,22.312,BLANK,0C,off
01/11/2023 03:40:23,Chamber 5,28-041661d198ff,22.312,BLANK,0C,off
01/11/2023 03:40:43,Chamber 5,28-041661d198ff,22.312,BLANK,0C,off
01/11/2023 03:41:04,Chamber 5,28-041661d198ff,22.312,BLANK,0C,off
01/11/2023 03:41:23,Chamber 5,28-041661d198ff,22.312,BLANK,0C,off
01/11/2023 03:41:43,Chamber 5,28-041661d198ff,22.312,BLANK,0C,off
01/11/2023 03:42:03,Chamber 5,28-041661d198ff,22.312,BLANK,0C,off
01/11/2023 03:42:23,Chamber 5,28-041661d198ff,22.312,BLANK,0C,off
01/11/2023 03:42:43,Chamber 5,28-041661d198ff,22.312,BLANK,0C,off
01/11/2023 03:43:03,Chamber 5,28-041661d198ff,22.312,BLANK,0C,off
01/11/2023 03:43:23,Chamber 5,28-041661d198ff,22.312,BLANK,0C,off
01/11/2023 03:43:43,Chamber 5,28-041661d198ff,22.312,BLANK,0C,off
01/11/2023 03:44:04,Chamber 5,28-041661d198ff,22.312,BLANK,0C,off
01/11/2023 03:44:23,Chamber 5,28-041661d198ff,22.312,BLANK,0C,off
01/11/2023 03:44:43,Chamber 5,28-041661d198ff,22.312,BLANK,0C,off
01/11/2023 03:45:03,Chamber 5,28-041661d198ff,22.312,BLANK,0C,off
01/11/2023 03:45:23,Chamber 5,28-041661d198ff,22.312,BLANK,0C,off
01/11/2023 03:45:43,Chamber 5,28-041661d198ff,22.312,BLANK,0C,off
01/11/2023 03:46:03,Chamber 5,28-041661d198ff,22.312,BLANK,0C,off
01/11/2023 03:46:23,Chamber 5,28-041661d198ff,22.312,BLANK,0C,off
01/11/2023 03:46:43,Chamber 5,28-041661d198ff,22.312,BLANK,0C,off
01/11/2023 03:47:03,Chamber 5,28-041661d198ff,22.312,BLANK,0C,off
01/11/2023 03:47:23,Chamber 5,28-041661d198ff,22.312,BLANK,0C,off
01/11/2023 03:47:43,Chamber 5,28-041661d198ff,22.312,BLANK,0C,off
01/11/2023 03:48:05,Chamber 5,28-041661d198ff,22.312,BLANK,0C,off
01/11/2023 03:48:23,Chamber 5,28-041661d198ff,22.312,BLANK,0C,off
01/11/2023 03:48:43,Chamber 5,28-041661d198ff,22.312,BLANK,0C,off
01/11/2023 03:49:03,Chamber 5,28-041661d198ff,22.312,BLANK,0C,off
01/11/2023 03:49:23,Chamber 5,28-041661d198ff,22.312,BLANK,0C,off
01/11/2023 03:49:43,Chamber 5,28-041661d198ff,22.312,BLANK,0C,off
01/11/2023 03:50:03,Chamber 5,28-041661d198ff,22.312,BLANK,0C,off
01/11/2023 03:50:23,Chamber 5,28-041661d198ff,22.312,BLANK,0C,off
01/11/2023 03:50:43,Chamber 5,28-041661d198ff,22.25,BLANK,0C,off
01/11/2023 03:51:03,Chamber 5,28-041661d198ff,22.312,BLANK,0C,off
01/11/2023 03:51:23,Chamber 5,28-041661d198ff,22.312,BLANK,0C,off
01/11/2023 03:51:43,Chamber 5,28-041661d198ff,22.25,BLANK,0C,off
01/11/2023 03:52:03,Chamber 5,28-041661d198ff,22.312,BLANK,0C,off
01/11/2023 03:52:23,Chamber 5,28-041661d198ff,22.312,BLANK,0C,off
01/11/2023 03:52:43,Chamber 5,28-041661d198ff,22.312,BLANK,0C,off
01/11/2023 03:53:03,Chamber 5,28-041661d198ff,22.25,BLANK,0C,off
01/11/2023 03:53:23,Chamber 5,28-041661d198ff,22.312,BLANK,0C,off
01/11/2023 03:53:43,Chamber 5,28-041661d198ff,22.312,BLANK,0C,off
01/11/2023 03:54:03,Chamber 5,28-041661d198ff,22.25,BLANK,0C,off
01/11/2023 03:54:23,Chamber 5,28-041661d198ff,22.312,BLANK,0C,off
01/11/2023 03:54:43,Chamber 5,28-041661d198ff,22.312,BLANK,0C,off
01/11/2023 03:55:03,Chamber 5,28-041661d198ff,22.25,BLANK,0C,off
01/11/2023 03:55:23,Chamber 5,28-041661d198ff,22.312,BLANK,0C,off
01/11/2023 03:55:43,Chamber 5,28-041661d198ff,22.25,BLANK,0C,off
01/11/2023 03:56:03,Chamber 5,28-041661d198ff,22.25,BLANK,0C,off
01/11/2023 03:56:23,Chamber 5,28-041661d198ff,22.312,BLANK,0C,off
01/11/2023 03:56:43,Chamber 5,28-041661d198ff,22.25,BLANK,0C,off
01/11/2023 03:57:03,Chamber 5,28-041661d198ff,22.25,BLANK,0C,off
01/11/2023 03:57:23,Chamber 5,28-041661d198ff,22.25,BLANK,0C,off
01/11/2023 03:57:43,Chamber 5,28-041661d198ff,22.25,BLANK,0C,off
01/11/2023 03:58:03,Chamber 5,28-041661d198ff,22.25,BLANK,0C,off
01/11/2023 03:58:23,Chamber 5,28-041661d198ff,22.25,BLANK,0C,off
01/11/2023 03:58:43,Chamber 5,28-041661d198ff,22.25,BLANK,0C,off
01/11/2023 03:59:03,Chamber 5,28-041661d198ff,22.312,BLANK,0C,off
01/11/2023 03:59:23,Chamber 5,28-041661d198ff,22.25,BLANK,0C,off
01/11/2023 03:59:44,Chamber 5,28-041661d198ff,22.25,BLANK,0C,off
01/11/2023 04:00:02,Chamber 5,28-041661d198ff,22.25,BLANK,0C,off
01/11/2023 04:00:22,Chamber 5,28-041661d198ff,22.25,BLANK,0C,off
01/11/2023 04:00:42,Chamber 5,28-041661d198ff,22.25,BLANK,0C,off
01/11/2023 04:01:02,Chamber 5,28-041661d198ff,22.25,BLANK,0C,off
01/11/2023 04:01:22,Chamber 5,28-041661d198ff,22.25,BLANK,0C,off
01/11/2023 04:01:42,Chamber 5,28-041661d198ff,22.25,BLANK,0C,off
01/11/2023 04:02:02,Chamber 5,28-041661d198ff,22.25,BLANK,0C,off
01/11/2023 04:02:22,Chamber 5,28-041661d198ff,22.25,BLANK,0C,off
01/11/2023 04:02:42,Chamber 5,28-041661d198ff,22.25,BLANK,0C,off
01/11/2023 04:03:02,Chamber 5,28-041661d198ff,22.25,BLANK,0C,off
01/11/2023 04:03:22,Chamber 5,28-041661d198ff,22.25,BLANK,0C,off
01/11/2023 04:03:42,Chamber 5,28-041661d198ff,22.25,BLANK,0C,off
01/11/2023 04:04:02,Chamber 5,28-041661d198ff,22.25,BLANK,0C,off
01/11/2023 04:04:22,Chamber 5,28-041661d198ff,22.25,BLANK,0C,off
01/11/2023 04:04:43,Chamber 5,28-041661d198ff,22.25,BLANK,0C,off
01/11/2023 04:05:02,Chamber 5,28-041661d198ff,22.25,BLANK,0C,off
01/11/2023 04:05:22,Chamber 5,28-041661d198ff,22.25,BLANK,0C,off
01/11/2023 04:05:42,Chamber 5,28-041661d198ff,22.25,BLANK,0C,off
01/11/2023 04:06:02,Chamber 5,28-041661d198ff,22.25,BLANK,0C,off
01/11/2023 04:06:22,Chamber 5,28-041661d198ff,22.25,BLANK,0C,off
01/11/2023 04:06:42,Chamber 5,28-041661d198ff,22.25,BLANK,0C,off
01/11/2023 04:07:02,Chamber 5,28-041661d198ff,22.25,BLANK,0C,off
01/11/2023 04:07:22,Chamber 5,28-041661d198ff,22.25,BLANK,0C,off
01/11/2023 04:07:42,Chamber 5,28-041661d198ff,22.25,BLANK,0C,off
01/11/2023 04:08:02,Chamber 5,28-041661d198ff,22.25,BLANK,0C,off
01/11/2023 04:08:22,Chamber 5,28-041661d198ff,22.25,BLANK,0C,off
01/11/2023 04:08:42,Chamber 5,28-041661d198ff,22.25,BLANK,0C,off
01/11/2023 04:09:02,Chamber 5,28-041661d198ff,22.25,BLANK,0C,off
01/11/2023 04:09:22,Chamber 5,28-041661d198ff,22.25,BLANK,0C,off
01/11/2023 04:09:42,Chamber 5,28-041661d198ff,22.25,BLANK,0C,off
01/11/2023 04:10:02,Chamber 5,28-041661d198ff,22.25,BLANK,0C,off
01/11/2023 04:10:22,Chamber 5,28-041661d198ff,22.25,BLANK,0C,off
01/11/2023 04:10:42,Chamber 5,28-041661d198ff,22.25,BLANK,0C,off
01/11/2023 04:11:02,Chamber 5,28-041661d198ff,22.25,BLANK,0C,off
01/11/2023 04:11:22,Chamber 5,28-041661d198ff,22.25,BLANK,0C,off
01/11/2023 04:11:42,Chamber 5,28-041661d198ff,22.25,BLANK,0C,off
01/11/2023 04:12:02,Chamber 5,28-041661d198ff,22.25,BLANK,0C,off
01/11/2023 04:12:22,Chamber 5,28-041661d198ff,22.25,BLANK,0C,off
01/11/2023 04:12:43,Chamber 5,28-041661d198ff,22.25,BLANK,0C,off
01/11/2023 04:13:02,Chamber 5,28-041661d198ff,22.25,BLANK,0C,off
01/11/2023 04:13:22,Chamber 5,28-041661d198ff,22.25,BLANK,0C,off
01/11/2023 04:13:42,Chamber 5,28-041661d198ff,22.25,BLANK,0C,off
01/11/2023 04:14:03,Chamber 5,28-041661d198ff,22.25,BLANK,0C,off
01/11/2023 04:14:22,Chamber 5,28-041661d198ff,22.25,BLANK,0C,off
01/11/2023 04:14:42,Chamber 5,28-041661d198ff,22.25,BLANK,0C,off
01/11/2023 04:15:02,Chamber 5,28-041661d198ff,22.25,BLANK,0C,off
01/11/2023 04:15:22,Chamber 5,28-041661d198ff,22.25,BLANK,0C,off
01/11/2023 04:15:42,Chamber 5,28-041661d198ff,22.25,BLANK,0C,off
01/11/2023 04:16:02,Chamber 5,28-041661d198ff,22.25,BLANK,0C,off
01/11/2023 04:16:22,Chamber 5,28-041661d198ff,22.25,BLANK,0C,off
01/11/2023 04:16:42,Chamber 5,28-041661d198ff,22.25,BLANK,0C,off
01/11/2023 04:17:02,Chamber 5,28-041661d198ff,22.25,BLANK,0C,off
01/11/2023 04:17:22,Chamber 5,28-041661d198ff,22.25,BLANK,0C,off
01/11/2023 04:17:42,Chamber 5,28-041661d198ff,22.25,BLANK,0C,off
01/11/2023 04:18:02,Chamber 5,28-041661d198ff,22.25,BLANK,0C,off
01/11/2023 04:18:23,Chamber 5,28-041661d198ff,22.25,BLANK,0C,off
01/11/2023 04:18:42,Chamber 5,28-041661d198ff,22.25,BLANK,0C,off
01/11/2023 04:19:02,Chamber 5,28-041661d198ff,22.25,BLANK,0C,off
01/11/2023 04:19:24,Chamber 5,28-041661d198ff,22.25,BLANK,0C,off
01/11/2023 04:19:42,Chamber 5,28-041661d198ff,22.25,BLANK,0C,off
01/11/2023 04:20:02,Chamber 5,28-041661d198ff,22.25,BLANK,0C,off
01/11/2023 04:20:22,Chamber 5,28-041661d198ff,22.25,BLANK,0C,off
01/11/2023 04:20:42,Chamber 5,28-041661d198ff,22.25,BLANK,0C,off
01/11/2023 04:21:02,Chamber 5,28-041661d198ff,22.25,BLANK,0C,off
01/11/2023 04:21:22,Chamber 5,28-041661d198ff,22.25,BLANK,0C,off
01/11/2023 04:21:42,Chamber 5,28-041661d198ff,22.25,BLANK,0C,off
01/11/2023 04:22:02,Chamber 5,28-041661d198ff,22.25,BLANK,0C,off
01/11/2023 04:22:22,Chamber 5,28-041661d198ff,22.25,BLANK,0C,off
01/11/2023 04:22:42,Chamber 5,28-041661d198ff,22.25,BLANK,0C,off
01/11/2023 04:23:02,Chamber 5,28-041661d198ff,22.25,BLANK,0C,off
01/11/2023 04:23:22,Chamber 5,28-041661d198ff,22.25,BLANK,0C,off
01/11/2023 04:23:42,Chamber 5,28-041661d198ff,22.25,BLANK,0C,off
01/11/2023 04:24:02,Chamber 5,28-041661d198ff,22.25,BLANK,0C,off
01/11/2023 04:24:22,Chamber 5,28-041661d198ff,22.25,BLANK,0C,off
01/11/2023 04:24:42,Chamber 5,28-041661d198ff,22.25,BLANK,0C,off
01/11/2023 04:25:02,Chamber 5,28-041661d198ff,22.25,BLANK,0C,off
01/11/2023 04:25:22,Chamber 5,28-041661d198ff,22.25,BLANK,0C,off
01/11/2023 04:25:43,Chamber 5,28-041661d198ff,22.25,BLANK,0C,off
01/11/2023 04:26:02,Chamber 5,28-041661d198ff,22.25,BLANK,0C,off
01/11/2023 04:26:22,Chamber 5,28-041661d198ff,22.25,BLANK,0C,off
01/11/2023 04:26:42,Chamber 5,28-041661d198ff,22.25,BLANK,0C,off
01/11/2023 04:27:02,Chamber 5,28-041661d198ff,22.25,BLANK,0C,off
01/11/2023 04:27:22,Chamber 5,28-041661d198ff,22.25,BLANK,0C,off
01/11/2023 04:27:42,Chamber 5,28-041661d198ff,22.25,BLANK,0C,off
01/11/2023 04:28:02,Chamber 5,28-041661d198ff,22.25,BLANK,0C,off
01/11/2023 04:28:22,Chamber 5,28-041661d198ff,22.25,BLANK,0C,off
01/11/2023 04:28:42,Chamber 5,28-041661d198ff,22.25,BLANK,0C,off
01/11/2023 04:29:02,Chamber 5,28-041661d198ff,22.25,BLANK,0C,off
01/11/2023 04:29:22,Chamber 5,28-041661d198ff,22.25,BLANK,0C,off
01/11/2023 04:29:42,Chamber 5,28-041661d198ff,22.25,BLANK,0C,off
01/11/2023 04:30:02,Chamber 5,28-041661d198ff,22.25,BLANK,0C,off
01/11/2023 04:30:22,Chamber 5,28-041661d198ff,22.25,BLANK,0C,off
01/11/2023 04:30:42,Chamber 5,28-041661d198ff,22.25,BLANK,0C,off
01/11/2023 04:31:02,Chamber 5,28-041661d198ff,22.25,BLANK,0C,off
01/11/2023 04:31:22,Chamber 5,28-041661d198ff,22.25,BLANK,0C,off
01/11/2023 04:31:42,Chamber 5,28-041661d198ff,22.25,BLANK,0C,off
01/11/2023 04:32:02,Chamber 5,28-041661d198ff,22.25,BLANK,0C,off
01/11/2023 04:32:22,Chamber 5,28-041661d198ff,22.25,BLANK,0C,off
01/11/2023 04:32:42,Chamber 5,28-041661d198ff,22.25,BLANK,0C,off
01/11/2023 04:33:02,Chamber 5,28-041661d198ff,22.25,BLANK,0C,off
01/11/2023 04:33:22,Chamber 5,28-041661d198ff,22.25,BLANK,0C,off
01/11/2023 04:33:42,Chamber 5,28-041661d198ff,22.25,BLANK,0C,off
01/11/2023 04:34:02,Chamber 5,28-041661d198ff,22.25,BLANK,0C,off
01/11/2023 04:34:22,Chamber 5,28-041661d198ff,22.25,BLANK,0C,off
01/11/2023 04:34:42,Chamber 5,28-041661d198ff,22.25,BLANK,0C,off
01/11/2023 04:35:02,Chamber 5,28-041661d198ff,22.25,BLANK,0C,off
01/11/2023 04:35:22,Chamber 5,28-041661d198ff,22.25,BLANK,0C,off
01/11/2023 04:35:42,Chamber 5,28-041661d198ff,22.25,BLANK,0C,off
01/11/2023 04:36:02,Chamber 5,28-041661d198ff,22.25,BLANK,0C,off
01/11/2023 04:36:22,Chamber 5,28-041661d198ff,22.25,BLANK,0C,off
01/11/2023 04:36:42,Chamber 5,28-041661d198ff,22.25,BLANK,0C,off
01/11/2023 04:37:02,Chamber 5,28-041661d198ff,22.25,BLANK,0C,off
01/11/2023 04:37:22,Chamber 5,28-041661d198ff,22.25,BLANK,0C,off
01/11/2023 04:37:43,Chamber 5,28-041661d198ff,22.25,BLANK,0C,off
01/11/2023 04:38:02,Chamber 5,28-041661d198ff,22.25,BLANK,0C,off
01/11/2023 04:38:22,Chamber 5,28-041661d198ff,22.25,BLANK,0C,off
01/11/2023 04:38:42,Chamber 5,28-041661d198ff,22.25,BLANK,0C,off
01/11/2023 04:39:02,Chamber 5,28-041661d198ff,22.25,BLANK,0C,off
01/11/2023 04:39:22,Chamber 5,28-041661d198ff,22.25,BLANK,0C,off
01/11/2023 04:39:43,Chamber 5,28-041661d198ff,22.25,BLANK,0C,off
01/11/2023 04:40:02,Chamber 5,28-041661d198ff,22.25,BLANK,0C,off
01/11/2023 04:40:22,Chamber 5,28-041661d198ff,22.25,BLANK,0C,off
01/11/2023 04:40:42,Chamber 5,28-041661d198ff,22.25,BLANK,0C,off
01/11/2023 04:41:02,Chamber 5,28-041661d198ff,22.25,BLANK,0C,off
01/11/2023 04:41:22,Chamber 5,28-041661d198ff,22.25,BLANK,0C,off
01/11/2023 04:41:42,Chamber 5,28-041661d198ff,22.25,BLANK,0C,off
01/11/2023 04:42:02,Chamber 5,28-041661d198ff,22.25,BLANK,0C,off
01/11/2023 04:42:22,Chamber 5,28-041661d198ff,22.25,BLANK,0C,off
01/11/2023 04:42:42,Chamber 5,28-041661d198ff,22.25,BLANK,0C,off
01/11/2023 04:43:02,Chamber 5,28-041661d198ff,22.25,BLANK,0C,off
01/11/2023 04:43:22,Chamber 5,28-041661d198ff,22.25,BLANK,0C,off
01/11/2023 04:43:42,Chamber 5,28-041661d198ff,22.25,BLANK,0C,off
01/11/2023 04:44:02,Chamber 5,28-041661d198ff,22.25,BLANK,0C,off
01/11/2023 04:44:22,Chamber 5,28-041661d198ff,22.25,BLANK,0C,off
01/11/2023 04:44:42,Chamber 5,28-041661d198ff,22.25,BLANK,0C,off
01/11/2023 04:45:02,Chamber 5,28-041661d198ff,22.25,BLANK,0C,off
01/11/2023 04:45:22,Chamber 5,28-041661d198ff,22.25,BLANK,0C,off
01/11/2023 04:45:42,Chamber 5,28-041661d198ff,22.25,BLANK,0C,off
01/11/2023 04:46:02,Chamber 5,28-041661d198ff,22.25,BLANK,0C,off
01/11/2023 04:46:22,Chamber 5,28-041661d198ff,22.25,BLANK,0C,off
01/11/2023 04:46:42,Chamber 5,28-041661d198ff,22.25,BLANK,0C,off
01/11/2023 04:47:02,Chamber 5,28-041661d198ff,22.25,BLANK,0C,off
01/11/2023 04:47:22,Chamber 5,28-041661d198ff,22.25,BLANK,0C,off
01/11/2023 04:47:42,Chamber 5,28-041661d198ff,22.25,BLANK,0C,off
01/11/2023 04:48:02,Chamber 5,28-041661d198ff,22.25,BLANK,0C,off
01/11/2023 04:48:22,Chamber 5,28-041661d198ff,22.25,BLANK,0C,off
01/11/2023 04:48:42,Chamber 5,28-041661d198ff,22.25,BLANK,0C,off
01/11/2023 04:49:02,Chamber 5,28-041661d198ff,22.25,BLANK,0C,off
01/11/2023 04:49:22,Chamber 5,28-041661d198ff,22.25,BLANK,0C,off
01/11/2023 04:49:42,Chamber 5,28-041661d198ff,22.25,BLANK,0C,off
01/11/2023 04:50:02,Chamber 5,28-041661d198ff,22.25,BLANK,0C,off
01/11/2023 04:50:22,Chamber 5,28-041661d198ff,22.25,BLANK,0C,off
01/11/2023 04:50:42,Chamber 5,28-041661d198ff,22.25,BLANK,0C,off
01/11/2023 04:51:02,Chamber 5,28-041661d198ff,22.25,BLANK,0C,off
01/11/2023 04:51:22,Chamber 5,28-041661d198ff,22.25,BLANK,0C,off
01/11/2023 04:51:42,Chamber 5,28-041661d198ff,22.187,BLANK,0C,off
01/11/2023 04:52:02,Chamber 5,28-041661d198ff,22.25,BLANK,0C,off
01/11/2023 04:52:22,Chamber 5,28-041661d198ff,22.25,BLANK,0C,off
01/11/2023 04:52:42,Chamber 5,28-041661d198ff,22.25,BLANK,0C,off
01/11/2023 04:53:02,Chamber 5,28-041661d198ff,22.25,BLANK,0C,off
01/11/2023 04:53:22,Chamber 5,28-041661d198ff,22.25,BLANK,0C,off
01/11/2023 04:53:42,Chamber 5,28-041661d198ff,22.25,BLANK,0C,off
01/11/2023 04:54:03,Chamber 5,28-041661d198ff,22.25,BLANK,0C,off
01/11/2023 04:54:22,Chamber 5,28-041661d198ff,22.25,BLANK,0C,off
01/11/2023 04:54:44,Chamber 5,28-041661d198ff,22.25,BLANK,0C,off
01/11/2023 04:55:02,Chamber 5,28-041661d198ff,22.25,BLANK,0C,off
01/11/2023 04:55:22,Chamber 5,28-041661d198ff,22.25,BLANK,0C,off
01/11/2023 04:55:42,Chamber 5,28-041661d198ff,22.25,BLANK,0C,off
01/11/2023 04:56:02,Chamber 5,28-041661d198ff,22.25,BLANK,0C,off
01/11/2023 04:56:22,Chamber 5,28-041661d198ff,22.25,BLANK,0C,off
01/11/2023 04:56:42,Chamber 5,28-041661d198ff,22.25,BLANK,0C,off
01/11/2023 04:57:02,Chamber 5,28-041661d198ff,22.25,BLANK,0C,off
01/11/2023 04:57:22,Chamber 5,28-041661d198ff,22.25,BLANK,0C,off
01/11/2023 04:57:42,Chamber 5,28-041661d198ff,22.25,BLANK,0C,off
01/11/2023 04:58:02,Chamber 5,28-041661d198ff,22.25,BLANK,0C,off
01/11/2023 04:58:22,Chamber 5,28-041661d198ff,22.25,BLANK,0C,off
01/11/2023 04:58:42,Chamber 5,28-041661d198ff,22.25,BLANK,0C,off
01/11/2023 04:59:02,Chamber 5,28-041661d198ff,22.25,BLANK,0C,off
01/11/2023 04:59:22,Chamber 5,28-041661d198ff,22.187,BLANK,0C,off
01/11/2023 04:59:42,Chamber 5,28-041661d198ff,22.25,BLANK,0C,off
01/11/2023 05:00:02,Chamber 5,28-041661d198ff,22.25,BLANK,0C,off
01/11/2023 05:00:22,Chamber 5,28-041661d198ff,22.25,BLANK,0C,off
01/11/2023 05:00:42,Chamber 5,28-041661d198ff,22.25,BLANK,0C,off
01/11/2023 05:01:02,Chamber 5,28-041661d198ff,22.187,BLANK,0C,off
01/11/2023 05:01:26,Chamber 5,28-041661d198ff,22.25,BLANK,0C,off
01/11/2023 05:01:42,Chamber 5,28-041661d198ff,22.25,BLANK,0C,off
01/11/2023 05:02:02,Chamber 5,28-041661d198ff,22.25,BLANK,0C,off
01/11/2023 05:02:23,Chamber 5,28-041661d198ff,22.25,BLANK,0C,off
01/11/2023 05:02:42,Chamber 5,28-041661d198ff,22.25,BLANK,0C,off
01/11/2023 05:03:02,Chamber 5,28-041661d198ff,22.25,BLANK,0C,off
01/11/2023 05:03:22,Chamber 5,28-041661d198ff,22.25,BLANK,0C,off
01/11/2023 05:03:42,Chamber 5,28-041661d198ff,22.25,BLANK,0C,off
01/11/2023 05:04:02,Chamber 5,28-041661d198ff,22.25,BLANK,0C,off
01/11/2023 05:04:22,Chamber 5,28-041661d198ff,22.25,BLANK,0C,off
01/11/2023 05:04:42,Chamber 5,28-041661d198ff,22.25,BLANK,0C,off
01/11/2023 05:05:02,Chamber 5,28-041661d198ff,22.25,BLANK,0C,off
01/11/2023 05:05:23,Chamber 5,28-041661d198ff,22.25,BLANK,0C,off
01/11/2023 05:05:42,Chamber 5,28-041661d198ff,22.187,BLANK,0C,off
01/11/2023 05:06:02,Chamber 5,28-041661d198ff,22.25,BLANK,0C,off
01/11/2023 05:06:22,Chamber 5,28-041661d198ff,22.25,BLANK,0C,off
01/11/2023 05:06:43,Chamber 5,28-041661d198ff,22.25,BLANK,0C,off
01/11/2023 05:07:02,Chamber 5,28-041661d198ff,22.25,BLANK,0C,off
01/11/2023 05:07:22,Chamber 5,28-041661d198ff,22.25,BLANK,0C,off
01/11/2023 05:07:42,Chamber 5,28-041661d198ff,22.187,BLANK,0C,off
01/11/2023 05:08:02,Chamber 5,28-041661d198ff,22.25,BLANK,0C,off
01/11/2023 05:08:22,Chamber 5,28-041661d198ff,22.25,BLANK,0C,off
01/11/2023 05:08:42,Chamber 5,28-041661d198ff,22.187,BLANK,0C,off
01/11/2023 05:09:02,Chamber 5,28-041661d198ff,22.25,BLANK,0C,off
01/11/2023 05:09:22,Chamber 5,28-041661d198ff,22.187,BLANK,0C,off
01/11/2023 05:09:42,Chamber 5,28-041661d198ff,22.187,BLANK,0C,off
01/11/2023 05:10:02,Chamber 5,28-041661d198ff,22.187,BLANK,0C,off
01/11/2023 05:10:22,Chamber 5,28-041661d198ff,22.187,BLANK,0C,off
01/11/2023 05:10:42,Chamber 5,28-041661d198ff,22.187,BLANK,0C,off
01/11/2023 05:11:02,Chamber 5,28-041661d198ff,22.187,BLANK,0C,off
01/11/2023 05:11:23,Chamber 5,28-041661d198ff,22.25,BLANK,0C,off
01/11/2023 05:11:42,Chamber 5,28-041661d198ff,22.25,BLANK,0C,off
01/11/2023 05:12:02,Chamber 5,28-041661d198ff,22.187,BLANK,0C,off
01/11/2023 05:12:22,Chamber 5,28-041661d198ff,22.187,BLANK,0C,off
01/11/2023 05:12:42,Chamber 5,28-041661d198ff,22.25,BLANK,0C,off
01/11/2023 05:13:02,Chamber 5,28-041661d198ff,22.187,BLANK,0C,off
01/11/2023 05:13:22,Chamber 5,28-041661d198ff,22.187,BLANK,0C,off
01/11/2023 05:13:42,Chamber 5,28-041661d198ff,22.187,BLANK,0C,off
01/11/2023 05:14:02,Chamber 5,28-041661d198ff,22.187,BLANK,0C,off
01/11/2023 05:14:22,Chamber 5,28-041661d198ff,22.187,BLANK,0C,off
01/11/2023 05:14:42,Chamber 5,28-041661d198ff,22.187,BLANK,0C,off
01/11/2023 05:15:02,Chamber 5,28-041661d198ff,22.187,BLANK,0C,off
01/11/2023 05:15:22,Chamber 5,28-041661d198ff,22.187,BLANK,0C,off
01/11/2023 05:15:43,Chamber 5,28-041661d198ff,22.25,BLANK,0C,off
01/11/2023 05:16:03,Chamber 5,28-041661d198ff,22.25,BLANK,0C,off
01/11/2023 05:16:22,Chamber 5,28-041661d198ff,22.187,BLANK,0C,off
01/11/2023 05:16:43,Chamber 5,28-041661d198ff,22.25,BLANK,0C,off
01/11/2023 05:17:02,Chamber 5,28-041661d198ff,22.187,BLANK,0C,off
01/11/2023 05:17:22,Chamber 5,28-041661d198ff,22.187,BLANK,0C,off
01/11/2023 05:17:42,Chamber 5,28-041661d198ff,22.187,BLANK,0C,off
01/11/2023 05:18:03,Chamber 5,28-041661d198ff,22.25,BLANK,0C,off
01/11/2023 05:18:22,Chamber 5,28-041661d198ff,22.187,BLANK,0C,off
01/11/2023 05:18:42,Chamber 5,28-041661d198ff,22.187,BLANK,0C,off
01/11/2023 05:19:02,Chamber 5,28-041661d198ff,22.187,BLANK,0C,off
01/11/2023 05:19:22,Chamber 5,28-041661d198ff,22.187,BLANK,0C,off
01/11/2023 05:19:42,Chamber 5,28-041661d198ff,22.187,BLANK,0C,off
01/11/2023 05:20:02,Chamber 5,28-041661d198ff,22.187,BLANK,0C,off
01/11/2023 05:20:22,Chamber 5,28-041661d198ff,22.187,BLANK,0C,off
01/11/2023 05:20:42,Chamber 5,28-041661d198ff,22.187,BLANK,0C,off
01/11/2023 05:21:02,Chamber 5,28-041661d198ff,22.187,BLANK,0C,off
01/11/2023 05:21:22,Chamber 5,28-041661d198ff,22.187,BLANK,0C,off
01/11/2023 05:21:42,Chamber 5,28-041661d198ff,22.187,BLANK,0C,off
01/11/2023 05:22:02,Chamber 5,28-041661d198ff,22.187,BLANK,0C,off
01/11/2023 05:22:22,Chamber 5,28-041661d198ff,22.187,BLANK,0C,off
01/11/2023 05:22:42,Chamber 5,28-041661d198ff,22.187,BLANK,0C,off
01/11/2023 05:23:02,Chamber 5,28-041661d198ff,22.187,BLANK,0C,off
01/11/2023 05:23:22,Chamber 5,28-041661d198ff,22.187,BLANK,0C,off
01/11/2023 05:23:42,Chamber 5,28-041661d198ff,22.187,BLANK,0C,off
01/11/2023 05:24:02,Chamber 5,28-041661d198ff,22.187,BLANK,0C,off
01/11/2023 05:24:23,Chamber 5,28-041661d198ff,22.187,BLANK,0C,off
01/11/2023 05:24:42,Chamber 5,28-041661d198ff,22.187,BLANK,0C,off
01/11/2023 05:25:02,Chamber 5,28-041661d198ff,22.187,BLANK,0C,off
01/11/2023 05:25:22,Chamber 5,28-041661d198ff,22.187,BLANK,0C,off
01/11/2023 05:25:42,Chamber 5,28-041661d198ff,22.187,BLANK,0C,off
01/11/2023 05:26:02,Chamber 5,28-041661d198ff,22.187,BLANK,0C,off
01/11/2023 05:26:22,Chamber 5,28-041661d198ff,22.187,BLANK,0C,off
01/11/2023 05:26:42,Chamber 5,28-041661d198ff,22.187,BLANK,0C,off
01/11/2023 05:27:02,Chamber 5,28-041661d198ff,22.187,BLANK,0C,off
01/11/2023 05:27:22,Chamber 5,28-041661d198ff,22.187,BLANK,0C,off
01/11/2023 05:27:42,Chamber 5,28-041661d198ff,22.187,BLANK,0C,off
01/11/2023 05:28:02,Chamber 5,28-041661d198ff,22.187,BLANK,0C,off
01/11/2023 05:28:22,Chamber 5,28-041661d198ff,22.187,BLANK,0C,off
01/11/2023 05:28:42,Chamber 5,28-041661d198ff,22.187,BLANK,0C,off
01/11/2023 05:29:02,Chamber 5,28-041661d198ff,22.187,BLANK,0C,off
01/11/2023 05:29:22,Chamber 5,28-041661d198ff,22.187,BLANK,0C,off
01/11/2023 05:29:42,Chamber 5,28-041661d198ff,22.187,BLANK,0C,off
01/11/2023 05:30:02,Chamber 5,28-041661d198ff,22.187,BLANK,0C,off
01/11/2023 05:30:22,Chamber 5,28-041661d198ff,22.187,BLANK,0C,off
01/11/2023 05:30:43,Chamber 5,28-041661d198ff,22.187,BLANK,0C,off
01/11/2023 05:31:02,Chamber 5,28-041661d198ff,22.25,BLANK,0C,off
01/11/2023 05:31:23,Chamber 5,28-041661d198ff,22.25,BLANK,0C,off
01/11/2023 05:31:42,Chamber 5,28-041661d198ff,22.25,BLANK,0C,off
01/11/2023 05:32:02,Chamber 5,28-041661d198ff,22.25,BLANK,0C,off
01/11/2023 05:32:22,Chamber 5,28-041661d198ff,22.25,BLANK,0C,off
01/11/2023 05:32:43,Chamber 5,28-041661d198ff,22.25,BLANK,0C,off
01/11/2023 05:33:02,Chamber 5,28-041661d198ff,22.25,BLANK,0C,off
01/11/2023 05:33:22,Chamber 5,28-041661d198ff,22.25,BLANK,0C,off
01/11/2023 05:33:42,Chamber 5,28-041661d198ff,22.25,BLANK,0C,off
01/11/2023 05:34:02,Chamber 5,28-041661d198ff,22.25,BLANK,0C,off
01/11/2023 05:34:22,Chamber 5,28-041661d198ff,22.25,BLANK,0C,off
01/11/2023 05:34:42,Chamber 5,28-041661d198ff,22.25,BLANK,0C,off
01/11/2023 05:35:02,Chamber 5,28-041661d198ff,22.25,BLANK,0C,off
01/11/2023 05:35:22,Chamber 5,28-041661d198ff,22.312,BLANK,0C,off
01/11/2023 05:35:42,Chamber 5,28-041661d198ff,22.312,BLANK,0C,off
01/11/2023 05:36:02,Chamber 5,28-041661d198ff,22.312,BLANK,0C,off
01/11/2023 05:36:22,Chamber 5,28-041661d198ff,22.312,BLANK,0C,off
01/11/2023 05:36:42,Chamber 5,28-041661d198ff,22.312,BLANK,0C,off
01/11/2023 05:37:02,Chamber 5,28-041661d198ff,22.312,BLANK,0C,off
01/11/2023 05:37:22,Chamber 5,28-041661d198ff,22.312,BLANK,0C,off
01/11/2023 05:37:42,Chamber 5,28-041661d198ff,22.312,BLANK,0C,off
01/11/2023 05:38:03,Chamber 5,28-041661d198ff,22.312,BLANK,0C,off
01/11/2023 05:38:22,Chamber 5,28-041661d198ff,22.312,BLANK,0C,off
01/11/2023 05:38:42,Chamber 5,28-041661d198ff,22.312,BLANK,0C,off
01/11/2023 05:39:02,Chamber 5,28-041661d198ff,22.312,BLANK,0C,off
01/11/2023 05:39:22,Chamber 5,28-041661d198ff,22.312,BLANK,0C,off
01/11/2023 05:39:42,Chamber 5,28-041661d198ff,22.312,BLANK,0C,off
01/11/2023 05:40:02,Chamber 5,28-041661d198ff,22.312,BLANK,0C,off
01/11/2023 05:40:22,Chamber 5,28-041661d198ff,22.312,BLANK,0C,off
01/11/2023 05:40:42,Chamber 5,28-041661d198ff,22.375,BLANK,0C,off
01/11/2023 05:41:02,Chamber 5,28-041661d198ff,22.375,BLANK,0C,off
01/11/2023 05:41:22,Chamber 5,28-041661d198ff,22.375,BLANK,0C,off
01/11/2023 05:41:42,Chamber 5,28-041661d198ff,22.375,BLANK,0C,off
01/11/2023 05:42:03,Chamber 5,28-041661d198ff,22.375,BLANK,0C,off
01/11/2023 05:42:22,Chamber 5,28-041661d198ff,22.375,BLANK,0C,off
01/11/2023 05:42:42,Chamber 5,28-041661d198ff,22.375,BLANK,0C,off
01/11/2023 05:43:02,Chamber 5,28-041661d198ff,22.375,BLANK,0C,off
01/11/2023 05:43:22,Chamber 5,28-041661d198ff,22.375,BLANK,0C,off
01/11/2023 05:43:42,Chamber 5,28-041661d198ff,22.375,BLANK,0C,off
01/11/2023 05:44:02,Chamber 5,28-041661d198ff,22.375,BLANK,0C,off
01/11/2023 05:44:24,Chamber 5,28-041661d198ff,22.375,BLANK,0C,off
01/11/2023 05:44:42,Chamber 5,28-041661d198ff,22.375,BLANK,0C,off
01/11/2023 05:45:02,Chamber 5,28-041661d198ff,22.375,BLANK,0C,off
01/11/2023 05:45:25,Chamber 5,28-041661d198ff,22.375,BLANK,0C,off
01/11/2023 05:45:43,Chamber 5,28-041661d198ff,22.375,BLANK,0C,off
01/11/2023 05:46:02,Chamber 5,28-041661d198ff,22.375,BLANK,0C,off
01/11/2023 05:46:22,Chamber 5,28-041661d198ff,22.375,BLANK,0C,off
01/11/2023 05:46:42,Chamber 5,28-041661d198ff,22.375,BLANK,0C,off
01/11/2023 05:47:02,Chamber 5,28-041661d198ff,22.375,BLANK,0C,off
01/11/2023 05:47:22,Chamber 5,28-041661d198ff,22.375,BLANK,0C,off
01/11/2023 05:47:42,Chamber 5,28-041661d198ff,22.375,BLANK,0C,off
01/11/2023 05:48:02,Chamber 5,28-041661d198ff,22.375,BLANK,0C,off
01/11/2023 05:48:22,Chamber 5,28-041661d198ff,22.375,BLANK,0C,off
01/11/2023 05:48:42,Chamber 5,28-041661d198ff,22.375,BLANK,0C,off
01/11/2023 05:49:02,Chamber 5,28-041661d198ff,22.437,BLANK,0C,off
01/11/2023 05:49:22,Chamber 5,28-041661d198ff,22.375,BLANK,0C,off
01/11/2023 05:49:42,Chamber 5,28-041661d198ff,22.375,BLANK,0C,off
01/11/2023 05:50:02,Chamber 5,28-041661d198ff,22.375,BLANK,0C,off
01/11/2023 05:50:23,Chamber 5,28-041661d198ff,22.437,BLANK,0C,off
01/11/2023 05:50:42,Chamber 5,28-041661d198ff,22.437,BLANK,0C,off
01/11/2023 05:51:03,Chamber 5,28-041661d198ff,22.437,BLANK,0C,off
01/11/2023 05:51:22,Chamber 5,28-041661d198ff,22.437,BLANK,0C,off
01/11/2023 05:51:42,Chamber 5,28-041661d198ff,22.437,BLANK,0C,off
01/11/2023 05:52:02,Chamber 5,28-041661d198ff,22.437,BLANK,0C,off
01/11/2023 05:52:22,Chamber 5,28-041661d198ff,22.437,BLANK,0C,off
01/11/2023 05:52:42,Chamber 5,28-041661d198ff,22.437,BLANK,0C,off
01/11/2023 05:53:02,Chamber 5,28-041661d198ff,22.437,BLANK,0C,off
01/11/2023 05:53:22,Chamber 5,28-041661d198ff,22.437,BLANK,0C,off
01/11/2023 05:53:42,Chamber 5,28-041661d198ff,22.437,BLANK,0C,off
01/11/2023 05:54:02,Chamber 5,28-041661d198ff,22.437,BLANK,0C,off
01/11/2023 05:54:22,Chamber 5,28-041661d198ff,22.437,BLANK,0C,off
01/11/2023 05:54:42,Chamber 5,28-041661d198ff,22.437,BLANK,0C,off
01/11/2023 05:55:02,Chamber 5,28-041661d198ff,22.437,BLANK,0C,off
01/11/2023 05:55:22,Chamber 5,28-041661d198ff,22.437,BLANK,0C,off
01/11/2023 05:55:43,Chamber 5,28-041661d198ff,22.437,BLANK,0C,off
01/11/2023 05:56:03,Chamber 5,28-041661d198ff,22.437,BLANK,0C,off
01/11/2023 05:56:22,Chamber 5,28-041661d198ff,22.437,BLANK,0C,off
01/11/2023 05:56:42,Chamber 5,28-041661d198ff,22.437,BLANK,0C,off
01/11/2023 05:57:02,Chamber 5,28-041661d198ff,22.437,BLANK,0C,off
01/11/2023 05:57:22,Chamber 5,28-041661d198ff,22.437,BLANK,0C,off
01/11/2023 05:57:42,Chamber 5,28-041661d198ff,22.437,BLANK,0C,off
01/11/2023 05:58:02,Chamber 5,28-041661d198ff,22.5,BLANK,0C,off
01/11/2023 05:58:22,Chamber 5,28-041661d198ff,22.5,BLANK,0C,off
01/11/2023 05:58:42,Chamber 5,28-041661d198ff,22.5,BLANK,0C,off
01/11/2023 05:59:02,Chamber 5,28-041661d198ff,22.5,BLANK,0C,off
01/11/2023 05:59:22,Chamber 5,28-041661d198ff,22.5,BLANK,0C,off
01/11/2023 05:59:42,Chamber 5,28-041661d198ff,22.5,BLANK,0C,off
01/11/2023 06:00:02,Chamber 5,28-041661d198ff,22.5,BLANK,0C,off
01/11/2023 06:00:22,Chamber 5,28-041661d198ff,22.5,BLANK,0C,off
01/11/2023 06:00:42,Chamber 5,28-041661d198ff,22.5,BLANK,0C,off
01/11/2023 06:01:02,Chamber 5,28-041661d198ff,22.5,BLANK,0C,off
01/11/2023 06:01:22,Chamber 5,28-041661d198ff,22.5,BLANK,0C,off
01/11/2023 06:01:42,Chamber 5,28-041661d198ff,22.5,BLANK,0C,off
01/11/2023 06:02:02,Chamber 5,28-041661d198ff,22.5,BLANK,0C,off
01/11/2023 06:02:23,Chamber 5,28-041661d198ff,22.5,BLANK,0C,off
01/11/2023 06:02:42,Chamber 5,28-041661d198ff,22.5,BLANK,0C,off
01/11/2023 06:03:03,Chamber 5,28-041661d198ff,22.5,BLANK,0C,off
01/11/2023 06:03:22,Chamber 5,28-041661d198ff,22.5,BLANK,0C,off
01/11/2023 06:03:42,Chamber 5,28-041661d198ff,22.5,BLANK,0C,off
01/11/2023 06:04:02,Chamber 5,28-041661d198ff,22.5,BLANK,0C,off
01/11/2023 06:04:22,Chamber 5,28-041661d198ff,22.5,BLANK,0C,off
01/11/2023 06:04:42,Chamber 5,28-041661d198ff,22.5,BLANK,0C,off
01/11/2023 06:05:02,Chamber 5,28-041661d198ff,22.5,BLANK,0C,off
01/11/2023 06:05:22,Chamber 5,28-041661d198ff,22.5,BLANK,0C,off
01/11/2023 06:05:42,Chamber 5,28-041661d198ff,22.5,BLANK,0C,off
01/11/2023 06:06:03,Chamber 5,28-041661d198ff,22.5,BLANK,0C,off
01/11/2023 06:06:22,Chamber 5,28-041661d198ff,22.5,BLANK,0C,off
01/11/2023 06:06:42,Chamber 5,28-041661d198ff,22.5,BLANK,0C,off
01/11/2023 06:07:03,Chamber 5,28-041661d198ff,22.5,BLANK,0C,off
01/11/2023 06:07:22,Chamber 5,28-041661d198ff,22.5,BLANK,0C,off
01/11/2023 06:07:42,Chamber 5,28-041661d198ff,22.5,BLANK,0C,off
01/11/2023 06:08:02,Chamber 5,28-041661d198ff,22.5,BLANK,0C,off
01/11/2023 06:08:22,Chamber 5,28-041661d198ff,22.5,BLANK,0C,off
01/11/2023 06:08:42,Chamber 5,28-041661d198ff,22.5,BLANK,0C,off
01/11/2023 06:09:02,Chamber 5,28-041661d198ff,22.5,BLANK,0C,off
01/11/2023 06:09:22,Chamber 5,28-041661d198ff,22.562,BLANK,0C,off
01/11/2023 06:09:42,Chamber 5,28-041661d198ff,22.562,BLANK,0C,off
01/11/2023 06:10:02,Chamber 5,28-041661d198ff,22.562,BLANK,0C,off
01/11/2023 06:10:22,Chamber 5,28-041661d198ff,22.562,BLANK,0C,off
01/11/2023 06:10:43,Chamber 5,28-041661d198ff,22.562,BLANK,0C,off
01/11/2023 06:11:02,Chamber 5,28-041661d198ff,22.562,BLANK,0C,off
01/11/2023 06:11:22,Chamber 5,28-041661d198ff,22.562,BLANK,0C,off
01/11/2023 06:11:42,Chamber 5,28-041661d198ff,22.562,BLANK,0C,off
01/11/2023 06:12:02,Chamber 5,28-041661d198ff,22.562,BLANK,0C,off
01/11/2023 06:12:22,Chamber 5,28-041661d198ff,22.5,BLANK,0C,off
01/11/2023 06:12:42,Chamber 5,28-041661d198ff,22.5,BLANK,0C,off
01/11/2023 06:13:03,Chamber 5,28-041661d198ff,22.562,BLANK,0C,off
01/11/2023 06:13:22,Chamber 5,28-041661d198ff,22.5,BLANK,0C,off
01/11/2023 06:13:42,Chamber 5,28-041661d198ff,22.5,BLANK,0C,off
01/11/2023 06:14:02,Chamber 5,28-041661d198ff,22.5,BLANK,0C,off
01/11/2023 06:14:22,Chamber 5,28-041661d198ff,22.5,BLANK,0C,off
01/11/2023 06:14:42,Chamber 5,28-041661d198ff,22.5,BLANK,0C,off
01/11/2023 06:15:02,Chamber 5,28-041661d198ff,22.5,BLANK,0C,off
01/11/2023 06:15:22,Chamber 5,28-041661d198ff,22.5,BLANK,0C,off
01/11/2023 06:15:42,Chamber 5,28-041661d198ff,22.562,BLANK,0C,off
01/11/2023 06:16:02,Chamber 5,28-041661d198ff,22.562,BLANK,0C,off
01/11/2023 06:16:22,Chamber 5,28-041661d198ff,22.562,BLANK,0C,off
01/11/2023 06:16:42,Chamber 5,28-041661d198ff,22.562,BLANK,0C,off
01/11/2023 06:17:02,Chamber 5,28-041661d198ff,22.562,BLANK,0C,off
01/11/2023 06:17:22,Chamber 5,28-041661d198ff,22.562,BLANK,0C,off
01/11/2023 06:17:42,Chamber 5,28-041661d198ff,22.562,BLANK,0C,off
01/11/2023 06:18:02,Chamber 5,28-041661d198ff,22.562,BLANK,0C,off
01/11/2023 06:18:22,Chamber 5,28-041661d198ff,22.562,BLANK,0C,off
01/11/2023 06:18:42,Chamber 5,28-041661d198ff,22.562,BLANK,0C,off
01/11/2023 06:19:02,Chamber 5,28-041661d198ff,22.562,BLANK,0C,off
01/11/2023 06:19:22,Chamber 5,28-041661d198ff,22.562,BLANK,0C,off
01/11/2023 06:19:42,Chamber 5,28-041661d198ff,22.562,BLANK,0C,off
01/11/2023 06:20:02,Chamber 5,28-041661d198ff,22.562,BLANK,0C,off
01/11/2023 06:20:22,Chamber 5,28-041661d198ff,22.562,BLANK,0C,off
01/11/2023 06:20:42,Chamber 5,28-041661d198ff,22.562,BLANK,0C,off
01/11/2023 06:21:02,Chamber 5,28-041661d198ff,22.562,BLANK,0C,off
01/11/2023 06:21:22,Chamber 5,28-041661d198ff,22.562,BLANK,0C,off
01/11/2023 06:21:42,Chamber 5,28-041661d198ff,22.562,BLANK,0C,off
01/11/2023 06:22:02,Chamber 5,28-041661d198ff,22.562,BLANK,0C,off
01/11/2023 06:22:22,Chamber 5,28-041661d198ff,22.562,BLANK,0C,off
01/11/2023 06:22:42,Chamber 5,28-041661d198ff,22.562,BLANK,0C,off
01/11/2023 06:23:02,Chamber 5,28-041661d198ff,22.562,BLANK,0C,off
01/11/2023 06:23:22,Chamber 5,28-041661d198ff,22.562,BLANK,0C,off
01/11/2023 06:23:44,Chamber 5,28-041661d198ff,22.562,BLANK,0C,off
01/11/2023 06:24:02,Chamber 5,28-041661d198ff,22.562,BLANK,0C,off
01/11/2023 06:24:22,Chamber 5,28-041661d198ff,22.562,BLANK,0C,off
01/11/2023 06:24:42,Chamber 5,28-041661d198ff,22.562,BLANK,0C,off
01/11/2023 06:25:02,Chamber 5,28-041661d198ff,22.562,BLANK,0C,off
01/11/2023 06:25:22,Chamber 5,28-041661d198ff,22.562,BLANK,0C,off
01/11/2023 06:25:42,Chamber 5,28-041661d198ff,22.562,BLANK,0C,off
01/11/2023 06:26:02,Chamber 5,28-041661d198ff,22.562,BLANK,0C,off
01/11/2023 06:26:22,Chamber 5,28-041661d198ff,22.625,BLANK,0C,off
01/11/2023 06:26:42,Chamber 5,28-041661d198ff,22.625,BLANK,0C,off
01/11/2023 06:27:02,Chamber 5,28-041661d198ff,22.562,BLANK,0C,off
01/11/2023 06:27:22,Chamber 5,28-041661d198ff,22.625,BLANK,0C,off
01/11/2023 06:27:42,Chamber 5,28-041661d198ff,22.625,BLANK,0C,off
01/11/2023 06:28:02,Chamber 5,28-041661d198ff,22.625,BLANK,0C,off
01/11/2023 06:28:22,Chamber 5,28-041661d198ff,22.625,BLANK,0C,off
01/11/2023 06:28:42,Chamber 5,28-041661d198ff,22.625,BLANK,0C,off
01/11/2023 06:29:02,Chamber 5,28-041661d198ff,22.625,BLANK,0C,off
01/11/2023 06:29:22,Chamber 5,28-041661d198ff,22.625,BLANK,0C,off
01/11/2023 06:29:42,Chamber 5,28-041661d198ff,22.625,BLANK,0C,off
01/11/2023 06:30:02,Chamber 5,28-041661d198ff,22.625,BLANK,0C,off
01/11/2023 06:30:23,Chamber 5,28-041661d198ff,22.625,BLANK,0C,off
01/11/2023 06:30:42,Chamber 5,28-041661d198ff,22.625,BLANK,0C,off
01/11/2023 06:31:02,Chamber 5,28-041661d198ff,22.562,BLANK,0C,off
01/11/2023 06:31:22,Chamber 5,28-041661d198ff,22.625,BLANK,0C,off
01/11/2023 06:31:42,Chamber 5,28-041661d198ff,22.562,BLANK,0C,off
01/11/2023 06:32:02,Chamber 5,28-041661d198ff,22.562,BLANK,0C,off
01/11/2023 06:32:22,Chamber 5,28-041661d198ff,22.625,BLANK,0C,off
01/11/2023 06:32:42,Chamber 5,28-041661d198ff,22.625,BLANK,0C,off
01/11/2023 06:33:02,Chamber 5,28-041661d198ff,22.562,BLANK,0C,off
01/11/2023 06:33:22,Chamber 5,28-041661d198ff,22.562,BLANK,0C,off
01/11/2023 06:33:42,Chamber 5,28-041661d198ff,22.562,BLANK,0C,off
01/11/2023 06:34:03,Chamber 5,28-041661d198ff,22.625,BLANK,0C,off
01/11/2023 06:34:22,Chamber 5,28-041661d198ff,22.625,BLANK,0C,off
01/11/2023 06:34:42,Chamber 5,28-041661d198ff,22.625,BLANK,0C,off
01/11/2023 06:35:02,Chamber 5,28-041661d198ff,22.625,BLANK,0C,off
01/11/2023 06:35:22,Chamber 5,28-041661d198ff,22.625,BLANK,0C,off
01/11/2023 06:35:42,Chamber 5,28-041661d198ff,22.625,BLANK,0C,off
01/11/2023 06:36:02,Chamber 5,28-041661d198ff,22.625,BLANK,0C,off
01/11/2023 06:36:22,Chamber 5,28-041661d198ff,22.625,BLANK,0C,off
01/11/2023 06:36:42,Chamber 5,28-041661d198ff,22.625,BLANK,0C,off
01/11/2023 06:37:02,Chamber 5,28-041661d198ff,22.625,BLANK,0C,off
01/11/2023 06:37:22,Chamber 5,28-041661d198ff,22.625,BLANK,0C,off
01/11/2023 06:37:42,Chamber 5,28-041661d198ff,22.625,BLANK,0C,off
01/11/2023 06:38:02,Chamber 5,28-041661d198ff,22.625,BLANK,0C,off
01/11/2023 06:38:22,Chamber 5,28-041661d198ff,22.625,BLANK,0C,off
01/11/2023 06:38:42,Chamber 5,28-041661d198ff,22.625,BLANK,0C,off
01/11/2023 06:39:02,Chamber 5,28-041661d198ff,22.625,BLANK,0C,off
01/11/2023 06:39:22,Chamber 5,28-041661d198ff,22.625,BLANK,0C,off
01/11/2023 06:39:43,Chamber 5,28-041661d198ff,22.625,BLANK,0C,off
01/11/2023 06:40:03,Chamber 5,28-041661d198ff,22.625,BLANK,0C,off
01/11/2023 06:40:22,Chamber 5,28-041661d198ff,22.625,BLANK,0C,off
01/11/2023 06:40:42,Chamber 5,28-041661d198ff,22.625,BLANK,0C,off
01/11/2023 06:41:02,Chamber 5,28-041661d198ff,22.625,BLANK,0C,off
01/11/2023 06:41:22,Chamber 5,28-041661d198ff,22.625,BLANK,0C,off
01/11/2023 06:41:42,Chamber 5,28-041661d198ff,22.625,BLANK,0C,off
01/11/2023 06:42:02,Chamber 5,28-041661d198ff,22.687,BLANK,0C,off
01/11/2023 06:42:22,Chamber 5,28-041661d198ff,22.625,BLANK,0C,off
01/11/2023 06:42:42,Chamber 5,28-041661d198ff,22.625,BLANK,0C,off
01/11/2023 06:43:02,Chamber 5,28-041661d198ff,22.625,BLANK,0C,off
01/11/2023 06:43:22,Chamber 5,28-041661d198ff,22.625,BLANK,0C,off
01/11/2023 06:43:42,Chamber 5,28-041661d198ff,22.625,BLANK,0C,off
01/11/2023 06:44:02,Chamber 5,28-041661d198ff,22.625,BLANK,0C,off
01/11/2023 06:44:22,Chamber 5,28-041661d198ff,22.625,BLANK,0C,off
01/11/2023 06:44:43,Chamber 5,28-041661d198ff,22.625,BLANK,0C,off
01/11/2023 06:45:02,Chamber 5,28-041661d198ff,22.687,BLANK,0C,off
01/11/2023 06:45:22,Chamber 5,28-041661d198ff,22.687,BLANK,0C,off
01/11/2023 06:45:42,Chamber 5,28-041661d198ff,22.687,BLANK,0C,off
01/11/2023 06:46:02,Chamber 5,28-041661d198ff,22.687,BLANK,0C,off
01/11/2023 06:46:22,Chamber 5,28-041661d198ff,22.687,BLANK,0C,off
01/11/2023 06:46:42,Chamber 5,28-041661d198ff,22.687,BLANK,0C,off
01/11/2023 06:47:02,Chamber 5,28-041661d198ff,22.687,BLANK,0C,off
01/11/2023 06:47:22,Chamber 5,28-041661d198ff,22.687,BLANK,0C,off
01/11/2023 06:47:42,Chamber 5,28-041661d198ff,22.687,BLANK,0C,off
01/11/2023 06:48:02,Chamber 5,28-041661d198ff,22.687,BLANK,0C,off
01/11/2023 06:48:22,Chamber 5,28-041661d198ff,22.687,BLANK,0C,off
01/11/2023 06:48:42,Chamber 5,28-041661d198ff,22.687,BLANK,0C,off
01/11/2023 06:49:02,Chamber 5,28-041661d198ff,22.687,BLANK,0C,off
01/11/2023 06:49:22,Chamber 5,28-041661d198ff,22.687,BLANK,0C,off
01/11/2023 06:49:42,Chamber 5,28-041661d198ff,22.687,BLANK,0C,off
01/11/2023 06:50:02,Chamber 5,28-041661d198ff,22.75,BLANK,0C,off
01/11/2023 06:50:22,Chamber 5,28-041661d198ff,22.75,BLANK,0C,off
01/11/2023 06:50:42,Chamber 5,28-041661d198ff,22.75,BLANK,0C,off
01/11/2023 06:51:02,Chamber 5,28-041661d198ff,22.75,BLANK,0C,off
01/11/2023 06:51:22,Chamber 5,28-041661d198ff,22.75,BLANK,0C,off
01/11/2023 06:51:42,Chamber 5,28-041661d198ff,22.75,BLANK,0C,off
01/11/2023 06:52:02,Chamber 5,28-041661d198ff,22.75,BLANK,0C,off
01/11/2023 06:52:22,Chamber 5,28-041661d198ff,22.75,BLANK,0C,off
01/11/2023 06:52:42,Chamber 5,28-041661d198ff,22.75,BLANK,0C,off
01/11/2023 06:53:02,Chamber 5,28-041661d198ff,22.75,BLANK,0C,off
01/11/2023 06:53:22,Chamber 5,28-041661d198ff,22.75,BLANK,0C,off
01/11/2023 06:53:42,Chamber 5,28-041661d198ff,22.75,BLANK,0C,off
01/11/2023 06:54:02,Chamber 5,28-041661d198ff,22.75,BLANK,0C,off
01/11/2023 06:54:22,Chamber 5,28-041661d198ff,22.75,BLANK,0C,off
01/11/2023 06:54:42,Chamber 5,28-041661d198ff,22.75,BLANK,0C,off
01/11/2023 06:55:02,Chamber 5,28-041661d198ff,22.75,BLANK,0C,off
01/11/2023 06:55:22,Chamber 5,28-041661d198ff,22.75,BLANK,0C,off
01/11/2023 06:55:42,Chamber 5,28-041661d198ff,22.75,BLANK,0C,off
01/11/2023 06:56:02,Chamber 5,28-041661d198ff,22.75,BLANK,0C,off
01/11/2023 06:56:22,Chamber 5,28-041661d198ff,22.75,BLANK,0C,off
01/11/2023 06:56:42,Chamber 5,28-041661d198ff,22.812,BLANK,0C,off
01/11/2023 06:57:02,Chamber 5,28-041661d198ff,22.812,BLANK,0C,off
01/11/2023 06:57:22,Chamber 5,28-041661d198ff,22.812,BLANK,0C,off
01/11/2023 06:57:42,Chamber 5,28-041661d198ff,22.812,BLANK,0C,off
01/11/2023 06:58:02,Chamber 5,28-041661d198ff,22.812,BLANK,0C,off
01/11/2023 06:58:22,Chamber 5,28-041661d198ff,22.812,BLANK,0C,off
01/11/2023 06:58:42,Chamber 5,28-041661d198ff,22.812,BLANK,0C,off
01/11/2023 06:59:02,Chamber 5,28-041661d198ff,22.812,BLANK,0C,off
01/11/2023 06:59:22,Chamber 5,28-041661d198ff,22.812,BLANK,0C,off
01/11/2023 06:59:42,Chamber 5,28-041661d198ff,22.812,BLANK,0C,off
01/11/2023 07:00:03,Chamber 5,28-041661d198ff,22.812,BLANK,0C,off
01/11/2023 07:00:23,Chamber 5,28-041661d198ff,22.812,BLANK,0C,off
01/11/2023 07:00:43,Chamber 5,28-041661d198ff,22.812,BLANK,0C,off
01/11/2023 07:01:03,Chamber 5,28-041661d198ff,22.812,BLANK,0C,off
01/11/2023 07:01:23,Chamber 5,28-041661d198ff,22.812,BLANK,0C,off
01/11/2023 07:01:43,Chamber 5,28-041661d198ff,22.812,BLANK,0C,off
01/11/2023 07:02:03,Chamber 5,28-041661d198ff,22.812,BLANK,0C,off
01/11/2023 07:02:23,Chamber 5,28-041661d198ff,22.812,BLANK,0C,off
01/11/2023 07:02:43,Chamber 5,28-041661d198ff,22.812,BLANK,0C,off
01/11/2023 07:03:03,Chamber 5,28-041661d198ff,22.812,BLANK,0C,off
01/11/2023 07:03:23,Chamber 5,28-041661d198ff,22.812,BLANK,0C,off
01/11/2023 07:03:43,Chamber 5,28-041661d198ff,22.812,BLANK,0C,off
01/11/2023 07:04:03,Chamber 5,28-041661d198ff,22.812,BLANK,0C,off
01/11/2023 07:04:23,Chamber 5,28-041661d198ff,22.812,BLANK,0C,off
01/11/2023 07:04:43,Chamber 5,28-041661d198ff,22.75,BLANK,0C,off
01/11/2023 07:05:03,Chamber 5,28-041661d198ff,22.812,BLANK,0C,off
01/11/2023 07:05:23,Chamber 5,28-041661d198ff,22.812,BLANK,0C,off
01/11/2023 07:05:43,Chamber 5,28-041661d198ff,22.75,BLANK,0C,off
01/11/2023 07:06:03,Chamber 5,28-041661d198ff,22.812,BLANK,0C,off
01/11/2023 07:06:23,Chamber 5,28-041661d198ff,22.75,BLANK,0C,off
01/11/2023 07:06:43,Chamber 5,28-041661d198ff,22.75,BLANK,0C,off
01/11/2023 07:07:03,Chamber 5,28-041661d198ff,22.75,BLANK,0C,off
01/11/2023 07:07:23,Chamber 5,28-041661d198ff,22.75,BLANK,0C,off
01/11/2023 07:07:43,Chamber 5,28-041661d198ff,22.75,BLANK,0C,off
01/11/2023 07:08:03,Chamber 5,28-041661d198ff,22.812,BLANK,0C,off
01/11/2023 07:08:23,Chamber 5,28-041661d198ff,22.75,BLANK,0C,off
01/11/2023 07:08:43,Chamber 5,28-041661d198ff,22.75,BLANK,0C,off
01/11/2023 07:09:03,Chamber 5,28-041661d198ff,22.75,BLANK,0C,off
01/11/2023 07:09:23,Chamber 5,28-041661d198ff,22.75,BLANK,0C,off
01/11/2023 07:09:43,Chamber 5,28-041661d198ff,22.812,BLANK,0C,off
01/11/2023 07:10:03,Chamber 5,28-041661d198ff,22.75,BLANK,0C,off
01/11/2023 07:10:23,Chamber 5,28-041661d198ff,22.812,BLANK,0C,off
01/11/2023 07:10:43,Chamber 5,28-041661d198ff,22.812,BLANK,0C,off
01/11/2023 07:11:03,Chamber 5,28-041661d198ff,22.812,BLANK,0C,off
01/11/2023 07:11:23,Chamber 5,28-041661d198ff,22.812,BLANK,0C,off
01/11/2023 07:11:43,Chamber 5,28-041661d198ff,22.812,BLANK,0C,off
01/11/2023 07:12:03,Chamber 5,28-041661d198ff,22.812,BLANK,0C,off
01/11/2023 07:12:23,Chamber 5,28-041661d198ff,22.812,BLANK,0C,off
01/11/2023 07:12:43,Chamber 5,28-041661d198ff,22.812,BLANK,0C,off
01/11/2023 07:13:03,Chamber 5,28-041661d198ff,22.812,BLANK,0C,off
01/11/2023 07:13:23,Chamber 5,28-041661d198ff,22.812,BLANK,0C,off
01/11/2023 07:13:43,Chamber 5,28-041661d198ff,22.812,BLANK,0C,off
01/11/2023 07:14:03,Chamber 5,28-041661d198ff,22.812,BLANK,0C,off
01/11/2023 07:14:23,Chamber 5,28-041661d198ff,22.812,BLANK,0C,off
01/11/2023 07:14:43,Chamber 5,28-041661d198ff,22.812,BLANK,0C,off
01/11/2023 07:15:03,Chamber 5,28-041661d198ff,22.812,BLANK,0C,off
01/11/2023 07:15:23,Chamber 5,28-041661d198ff,22.812,BLANK,0C,off
01/11/2023 07:15:43,Chamber 5,28-041661d198ff,22.812,BLANK,0C,off
01/11/2023 07:16:03,Chamber 5,28-041661d198ff,22.812,BLANK,0C,off
01/11/2023 07:16:23,Chamber 5,28-041661d198ff,22.812,BLANK,0C,off
01/11/2023 07:16:43,Chamber 5,28-041661d198ff,22.812,BLANK,0C,off
01/11/2023 07:17:03,Chamber 5,28-041661d198ff,22.812,BLANK,0C,off
01/11/2023 07:17:23,Chamber 5,28-041661d198ff,22.812,BLANK,0C,off
01/11/2023 07:17:43,Chamber 5,28-041661d198ff,22.812,BLANK,0C,off
01/11/2023 07:18:03,Chamber 5,28-041661d198ff,22.812,BLANK,0C,off
01/11/2023 07:18:23,Chamber 5,28-041661d198ff,22.812,BLANK,0C,off
01/11/2023 07:18:43,Chamber 5,28-041661d198ff,22.812,BLANK,0C,off
01/11/2023 07:19:03,Chamber 5,28-041661d198ff,22.812,BLANK,0C,off
01/11/2023 07:19:23,Chamber 5,28-041661d198ff,22.812,BLANK,0C,off
01/11/2023 07:19:43,Chamber 5,28-041661d198ff,22.812,BLANK,0C,off
01/11/2023 07:20:03,Chamber 5,28-041661d198ff,22.812,BLANK,0C,off
01/11/2023 07:20:23,Chamber 5,28-041661d198ff,22.812,BLANK,0C,off
01/11/2023 07:20:43,Chamber 5,28-041661d198ff,22.875,BLANK,0C,off
01/11/2023 07:21:03,Chamber 5,28-041661d198ff,22.875,BLANK,0C,off
01/11/2023 07:21:23,Chamber 5,28-041661d198ff,22.875,BLANK,0C,off
01/11/2023 07:21:43,Chamber 5,28-041661d198ff,22.875,BLANK,0C,off
01/11/2023 07:22:03,Chamber 5,28-041661d198ff,22.875,BLANK,0C,off
01/11/2023 07:22:23,Chamber 5,28-041661d198ff,22.875,BLANK,0C,off
01/11/2023 07:22:43,Chamber 5,28-041661d198ff,22.875,BLANK,0C,off
01/11/2023 07:23:03,Chamber 5,28-041661d198ff,22.875,BLANK,0C,off
01/11/2023 07:23:23,Chamber 5,28-041661d198ff,22.875,BLANK,0C,off
01/11/2023 07:23:43,Chamber 5,28-041661d198ff,22.937,BLANK,0C,off
01/11/2023 07:24:03,Chamber 5,28-041661d198ff,22.937,BLANK,0C,off
01/11/2023 07:24:23,Chamber 5,28-041661d198ff,22.937,BLANK,0C,off
01/11/2023 07:24:43,Chamber 5,28-041661d198ff,22.937,BLANK,0C,off
01/11/2023 07:25:03,Chamber 5,28-041661d198ff,22.937,BLANK,0C,off
01/11/2023 07:25:24,Chamber 5,28-041661d198ff,22.937,BLANK,0C,off
01/11/2023 07:25:43,Chamber 5,28-041661d198ff,22.937,BLANK,0C,off
01/11/2023 07:26:03,Chamber 5,28-041661d198ff,22.937,BLANK,0C,off
01/11/2023 07:26:23,Chamber 5,28-041661d198ff,22.937,BLANK,0C,off
01/11/2023 07:26:43,Chamber 5,28-041661d198ff,22.937,BLANK,0C,off
01/11/2023 07:27:03,Chamber 5,28-041661d198ff,22.937,BLANK,0C,off
01/11/2023 07:27:23,Chamber 5,28-041661d198ff,22.937,BLANK,0C,off
01/11/2023 07:27:43,Chamber 5,28-041661d198ff,22.937,BLANK,0C,off
01/11/2023 07:28:03,Chamber 5,28-041661d198ff,22.937,BLANK,0C,off
01/11/2023 07:28:23,Chamber 5,28-041661d198ff,22.937,BLANK,0C,off
01/11/2023 07:28:43,Chamber 5,28-041661d198ff,22.937,BLANK,0C,off
01/11/2023 07:29:03,Chamber 5,28-041661d198ff,22.937,BLANK,0C,off
01/11/2023 07:29:23,Chamber 5,28-041661d198ff,22.937,BLANK,0C,off
01/11/2023 07:29:43,Chamber 5,28-041661d198ff,22.937,BLANK,0C,off
01/11/2023 07:30:03,Chamber 5,28-041661d198ff,22.937,BLANK,0C,off
01/11/2023 07:30:23,Chamber 5,28-041661d198ff,22.937,BLANK,0C,off
01/11/2023 07:30:43,Chamber 5,28-041661d198ff,22.937,BLANK,0C,off
01/11/2023 07:31:04,Chamber 5,28-041661d198ff,22.937,BLANK,0C,off
01/11/2023 07:31:23,Chamber 5,28-041661d198ff,22.937,BLANK,0C,off
01/11/2023 07:31:43,Chamber 5,28-041661d198ff,22.937,BLANK,0C,off
01/11/2023 07:32:03,Chamber 5,28-041661d198ff,22.937,BLANK,0C,off
01/11/2023 07:32:23,Chamber 5,28-041661d198ff,22.937,BLANK,0C,off
01/11/2023 07:32:43,Chamber 5,28-041661d198ff,22.937,BLANK,0C,off
01/11/2023 07:33:03,Chamber 5,28-041661d198ff,22.937,BLANK,0C,off
01/11/2023 07:33:23,Chamber 5,28-041661d198ff,22.937,BLANK,0C,off
01/11/2023 07:33:43,Chamber 5,28-041661d198ff,22.937,BLANK,0C,off
01/11/2023 07:34:03,Chamber 5,28-041661d198ff,22.937,BLANK,0C,off
01/11/2023 07:34:23,Chamber 5,28-041661d198ff,22.937,BLANK,0C,off
01/11/2023 07:34:43,Chamber 5,28-041661d198ff,22.937,BLANK,0C,off
01/11/2023 07:35:03,Chamber 5,28-041661d198ff,22.937,BLANK,0C,off
01/11/2023 07:35:23,Chamber 5,28-041661d198ff,22.937,BLANK,0C,off
01/11/2023 07:35:43,Chamber 5,28-041661d198ff,22.937,BLANK,0C,off
01/11/2023 07:36:03,Chamber 5,28-041661d198ff,22.937,BLANK,0C,off
01/11/2023 07:36:23,Chamber 5,28-041661d198ff,22.937,BLANK,0C,off
01/11/2023 07:36:44,Chamber 5,28-041661d198ff,22.937,BLANK,0C,off
01/11/2023 07:37:03,Chamber 5,28-041661d198ff,22.937,BLANK,0C,off
01/11/2023 07:37:23,Chamber 5,28-041661d198ff,22.937,BLANK,0C,off
01/11/2023 07:37:43,Chamber 5,28-041661d198ff,22.937,BLANK,0C,off
01/11/2023 07:38:03,Chamber 5,28-041661d198ff,22.937,BLANK,0C,off
01/11/2023 07:38:23,Chamber 5,28-041661d198ff,22.937,BLANK,0C,off
01/11/2023 07:38:43,Chamber 5,28-041661d198ff,22.937,BLANK,0C,off
01/11/2023 07:39:07,Chamber 5,28-041661d198ff,23.0,BLANK,0C,off
01/11/2023 07:39:23,Chamber 5,28-041661d198ff,22.937,BLANK,0C,off
01/11/2023 07:39:43,Chamber 5,28-041661d198ff,23.0,BLANK,0C,off
01/11/2023 07:40:03,Chamber 5,28-041661d198ff,23.0,BLANK,0C,off
01/11/2023 07:40:23,Chamber 5,28-041661d198ff,23.0,BLANK,0C,off
01/11/2023 07:40:43,Chamber 5,28-041661d198ff,23.0,BLANK,0C,off
01/11/2023 07:41:03,Chamber 5,28-041661d198ff,23.0,BLANK,0C,off
01/11/2023 07:41:23,Chamber 5,28-041661d198ff,22.937,BLANK,0C,off
01/11/2023 07:41:43,Chamber 5,28-041661d198ff,23.0,BLANK,0C,off
01/11/2023 07:42:03,Chamber 5,28-041661d198ff,22.937,BLANK,0C,off
01/11/2023 07:42:23,Chamber 5,28-041661d198ff,22.937,BLANK,0C,off
01/11/2023 07:42:46,Chamber 5,28-041661d198ff,23.0,BLANK,0C,off
01/11/2023 07:43:06,Chamber 5,28-041661d198ff,23.0,BLANK,0C,off
01/11/2023 07:43:23,Chamber 5,28-041661d198ff,23.0,BLANK,0C,off
01/11/2023 07:43:46,Chamber 5,28-041661d198ff,23.0,BLANK,0C,off
01/11/2023 07:44:03,Chamber 5,28-041661d198ff,23.0,BLANK,0C,off
01/11/2023 07:44:24,Chamber 5,28-041661d198ff,23.0,BLANK,0C,off
01/11/2023 07:44:43,Chamber 5,28-041661d198ff,23.0,BLANK,0C,off
01/11/2023 07:45:03,Chamber 5,28-041661d198ff,23.0,BLANK,0C,off
01/11/2023 07:45:23,Chamber 5,28-041661d198ff,23.0,BLANK,0C,off
01/11/2023 07:45:43,Chamber 5,28-041661d198ff,23.0,BLANK,0C,off
01/11/2023 07:46:03,Chamber 5,28-041661d198ff,23.0,BLANK,0C,off
01/11/2023 07:46:23,Chamber 5,28-041661d198ff,23.0,BLANK,0C,off
01/11/2023 07:46:43,Chamber 5,28-041661d198ff,23.0,BLANK,0C,off
01/11/2023 07:47:04,Chamber 5,28-041661d198ff,23.0,BLANK,0C,off
01/11/2023 07:47:24,Chamber 5,28-041661d198ff,23.0,BLANK,0C,off
01/11/2023 07:47:43,Chamber 5,28-041661d198ff,23.0,BLANK,0C,off
01/11/2023 07:48:03,Chamber 5,28-041661d198ff,23.0,BLANK,0C,off
01/11/2023 07:48:24,Chamber 5,28-041661d198ff,23.0,BLANK,0C,off
01/11/2023 07:48:43,Chamber 5,28-041661d198ff,23.0,BLANK,0C,off
01/11/2023 07:49:03,Chamber 5,28-041661d198ff,22.937,BLANK,0C,off
01/11/2023 07:49:23,Chamber 5,28-041661d198ff,22.937,BLANK,0C,off
01/11/2023 07:49:44,Chamber 5,28-041661d198ff,23.0,BLANK,0C,off
01/11/2023 07:50:03,Chamber 5,28-041661d198ff,23.0,BLANK,0C,off
01/11/2023 07:50:23,Chamber 5,28-041661d198ff,23.0,BLANK,0C,off
01/11/2023 07:50:44,Chamber 5,28-041661d198ff,23.0,BLANK,0C,off
01/11/2023 07:51:04,Chamber 5,28-041661d198ff,23.0,BLANK,0C,off
01/11/2023 07:51:23,Chamber 5,28-041661d198ff,23.0,BLANK,0C,off
01/11/2023 07:51:43,Chamber 5,28-041661d198ff,23.0,BLANK,0C,off
01/11/2023 07:52:03,Chamber 5,28-041661d198ff,23.0,BLANK,0C,off
01/11/2023 07:52:23,Chamber 5,28-041661d198ff,23.0,BLANK,0C,off
01/11/2023 07:52:43,Chamber 5,28-041661d198ff,23.0,BLANK,0C,off
01/11/2023 07:53:03,Chamber 5,28-041661d198ff,23.0,BLANK,0C,off
01/11/2023 07:53:23,Chamber 5,28-041661d198ff,23.0,BLANK,0C,off
01/11/2023 07:53:43,Chamber 5,28-041661d198ff,23.0,BLANK,0C,off
01/11/2023 07:54:03,Chamber 5,28-041661d198ff,23.0,BLANK,0C,off
01/11/2023 07:54:23,Chamber 5,28-041661d198ff,23.0,BLANK,0C,off
01/11/2023 07:54:45,Chamber 5,28-041661d198ff,23.0,BLANK,0C,off
01/11/2023 07:55:04,Chamber 5,28-041661d198ff,23.0,BLANK,0C,off
01/11/2023 07:55:23,Chamber 5,28-041661d198ff,23.0,BLANK,0C,off
01/11/2023 07:55:43,Chamber 5,28-041661d198ff,23.0,BLANK,0C,off
01/11/2023 07:56:03,Chamber 5,28-041661d198ff,23.0,BLANK,0C,off
01/11/2023 07:56:24,Chamber 5,28-041661d198ff,23.0,BLANK,0C,off
01/11/2023 07:56:43,Chamber 5,28-041661d198ff,23.0,BLANK,0C,off
01/11/2023 07:57:03,Chamber 5,28-041661d198ff,23.0,BLANK,0C,off
01/11/2023 07:57:23,Chamber 5,28-041661d198ff,23.0,BLANK,0C,off
01/11/2023 07:57:43,Chamber 5,28-041661d198ff,23.0,BLANK,0C,off
01/11/2023 07:58:03,Chamber 5,28-041661d198ff,23.0,BLANK,0C,off
01/11/2023 07:58:23,Chamber 5,28-041661d198ff,23.0,BLANK,0C,off
01/11/2023 07:58:43,Chamber 5,28-041661d198ff,23.0,BLANK,0C,off
01/11/2023 07:59:03,Chamber 5,28-041661d198ff,23.0,BLANK,0C,off
01/11/2023 07:59:23,Chamber 5,28-041661d198ff,23.0,BLANK,0C,off
01/11/2023 07:59:43,Chamber 5,28-041661d198ff,23.0,BLANK,0C,off
01/11/2023 08:00:03,Chamber 5,28-041661d198ff,23.0,BLANK,0C,off
01/11/2023 08:00:23,Chamber 5,28-041661d198ff,23.0,BLANK,0C,off
01/11/2023 08:00:43,Chamber 5,28-041661d198ff,23.0,BLANK,0C,off
01/11/2023 08:01:03,Chamber 5,28-041661d198ff,23.0,BLANK,0C,off
01/11/2023 08:01:23,Chamber 5,28-041661d198ff,23.0,BLANK,0C,off
01/11/2023 08:01:43,Chamber 5,28-041661d198ff,23.0,BLANK,0C,off
01/11/2023 08:02:03,Chamber 5,28-041661d198ff,23.0,BLANK,0C,off
01/11/2023 08:02:23,Chamber 5,28-041661d198ff,23.0,BLANK,0C,off
01/11/2023 08:02:43,Chamber 5,28-041661d198ff,23.0,BLANK,0C,off
01/11/2023 08:03:03,Chamber 5,28-041661d198ff,23.0,BLANK,0C,off
01/11/2023 08:03:23,Chamber 5,28-041661d198ff,23.0,BLANK,0C,off
01/11/2023 08:03:43,Chamber 5,28-041661d198ff,23.0,BLANK,0C,off
01/11/2023 08:04:03,Chamber 5,28-041661d198ff,23.0,BLANK,0C,off
01/11/2023 08:04:23,Chamber 5,28-041661d198ff,23.0,BLANK,0C,off
01/11/2023 08:04:43,Chamber 5,28-041661d198ff,23.0,BLANK,0C,off
01/11/2023 08:05:03,Chamber 5,28-041661d198ff,23.0,BLANK,0C,off
01/11/2023 08:05:23,Chamber 5,28-041661d198ff,23.062,BLANK,0C,off
01/11/2023 08:05:43,Chamber 5,28-041661d198ff,23.0,BLANK,0C,off
01/11/2023 08:06:03,Chamber 5,28-041661d198ff,23.0,BLANK,0C,off
01/11/2023 08:06:23,Chamber 5,28-041661d198ff,23.0,BLANK,0C,off
01/11/2023 08:06:43,Chamber 5,28-041661d198ff,23.0,BLANK,0C,off
01/11/2023 08:07:03,Chamber 5,28-041661d198ff,23.062,BLANK,0C,off
01/11/2023 08:07:23,Chamber 5,28-041661d198ff,23.062,BLANK,0C,off
01/11/2023 08:07:43,Chamber 5,28-041661d198ff,23.062,BLANK,0C,off
01/11/2023 08:08:03,Chamber 5,28-041661d198ff,23.062,BLANK,0C,off
01/11/2023 08:08:23,Chamber 5,28-041661d198ff,23.0,BLANK,0C,off
01/11/2023 08:08:43,Chamber 5,28-041661d198ff,23.0,BLANK,0C,off
01/11/2023 08:09:03,Chamber 5,28-041661d198ff,23.062,BLANK,0C,off
01/11/2023 08:09:23,Chamber 5,28-041661d198ff,23.0,BLANK,0C,off
01/11/2023 08:09:43,Chamber 5,28-041661d198ff,23.0,BLANK,0C,off
01/11/2023 08:10:03,Chamber 5,28-041661d198ff,23.0,BLANK,0C,off
01/11/2023 08:10:23,Chamber 5,28-041661d198ff,23.0,BLANK,0C,off
01/11/2023 08:10:43,Chamber 5,28-041661d198ff,23.062,BLANK,0C,off
01/11/2023 08:11:03,Chamber 5,28-041661d198ff,23.0,BLANK,0C,off
01/11/2023 08:11:23,Chamber 5,28-041661d198ff,23.0,BLANK,0C,off
01/11/2023 08:11:43,Chamber 5,28-041661d198ff,23.0,BLANK,0C,off
01/11/2023 08:12:03,Chamber 5,28-041661d198ff,23.0,BLANK,0C,off
01/11/2023 08:12:23,Chamber 5,28-041661d198ff,23.0,BLANK,0C,off
01/11/2023 08:12:43,Chamber 5,28-041661d198ff,23.0,BLANK,0C,off
01/11/2023 08:13:03,Chamber 5,28-041661d198ff,23.0,BLANK,0C,off
01/11/2023 08:13:23,Chamber 5,28-041661d198ff,23.0,BLANK,0C,off
01/11/2023 08:13:43,Chamber 5,28-041661d198ff,23.0,BLANK,0C,off
01/11/2023 08:14:03,Chamber 5,28-041661d198ff,23.0,BLANK,0C,off
01/11/2023 08:14:23,Chamber 5,28-041661d198ff,23.0,BLANK,0C,off
01/11/2023 08:14:43,Chamber 5,28-041661d198ff,23.0,BLANK,0C,off
01/11/2023 08:15:03,Chamber 5,28-041661d198ff,23.0,BLANK,0C,off
01/11/2023 08:15:23,Chamber 5,28-041661d198ff,23.0,BLANK,0C,off
01/11/2023 08:15:44,Chamber 5,28-041661d198ff,23.0,BLANK,0C,off
01/11/2023 08:16:03,Chamber 5,28-041661d198ff,23.0,BLANK,0C,off
01/11/2023 08:16:23,Chamber 5,28-041661d198ff,23.0,BLANK,0C,off
01/11/2023 08:16:43,Chamber 5,28-041661d198ff,23.0,BLANK,0C,off
01/11/2023 08:17:03,Chamber 5,28-041661d198ff,23.0,BLANK,0C,off
01/11/2023 08:17:23,Chamber 5,28-041661d198ff,23.0,BLANK,0C,off
01/11/2023 08:17:43,Chamber 5,28-041661d198ff,22.937,BLANK,0C,off
01/11/2023 08:18:03,Chamber 5,28-041661d198ff,22.937,BLANK,0C,off
01/11/2023 08:18:23,Chamber 5,28-041661d198ff,22.937,BLANK,0C,off
01/11/2023 08:18:43,Chamber 5,28-041661d198ff,22.937,BLANK,0C,off
01/11/2023 08:19:03,Chamber 5,28-041661d198ff,22.937,BLANK,0C,off
01/11/2023 08:19:23,Chamber 5,28-041661d198ff,22.937,BLANK,0C,off
01/11/2023 08:19:43,Chamber 5,28-041661d198ff,22.937,BLANK,0C,off
01/11/2023 08:20:03,Chamber 5,28-041661d198ff,22.937,BLANK,0C,off
01/11/2023 08:20:23,Chamber 5,28-041661d198ff,22.937,BLANK,0C,off
01/11/2023 08:20:43,Chamber 5,28-041661d198ff,22.937,BLANK,0C,off
01/11/2023 08:21:03,Chamber 5,28-041661d198ff,22.937,BLANK,0C,off
01/11/2023 08:21:23,Chamber 5,28-041661d198ff,22.937,BLANK,0C,off
01/11/2023 08:21:43,Chamber 5,28-041661d198ff,22.937,BLANK,0C,off
01/11/2023 08:22:03,Chamber 5,28-041661d198ff,22.937,BLANK,0C,off
01/11/2023 08:22:23,Chamber 5,28-041661d198ff,22.937,BLANK,0C,off
01/11/2023 08:22:43,Chamber 5,28-041661d198ff,22.937,BLANK,0C,off
01/11/2023 08:23:03,Chamber 5,28-041661d198ff,22.937,BLANK,0C,off
01/11/2023 08:23:23,Chamber 5,28-041661d198ff,22.937,BLANK,0C,off
01/11/2023 08:23:43,Chamber 5,28-041661d198ff,22.937,BLANK,0C,off
01/11/2023 08:24:03,Chamber 5,28-041661d198ff,23.0,BLANK,0C,off
01/11/2023 08:24:24,Chamber 5,28-041661d198ff,23.0,BLANK,0C,off
01/11/2023 08:24:43,Chamber 5,28-041661d198ff,22.937,BLANK,0C,off
01/11/2023 08:25:03,Chamber 5,28-041661d198ff,23.0,BLANK,0C,off
01/11/2023 08:25:23,Chamber 5,28-041661d198ff,23.0,BLANK,0C,off
01/11/2023 08:25:43,Chamber 5,28-041661d198ff,23.0,BLANK,0C,off
01/11/2023 08:26:03,Chamber 5,28-041661d198ff,23.0,BLANK,0C,off
01/11/2023 08:26:23,Chamber 5,28-041661d198ff,22.937,BLANK,0C,off
01/11/2023 08:26:43,Chamber 5,28-041661d198ff,22.937,BLANK,0C,off
01/11/2023 08:27:03,Chamber 5,28-041661d198ff,23.0,BLANK,0C,off
01/11/2023 08:27:23,Chamber 5,28-041661d198ff,22.937,BLANK,0C,off
01/11/2023 08:27:43,Chamber 5,28-041661d198ff,22.937,BLANK,0C,off
01/11/2023 08:28:03,Chamber 5,28-041661d198ff,22.937,BLANK,0C,off
01/11/2023 08:28:23,Chamber 5,28-041661d198ff,22.937,BLANK,0C,off
01/11/2023 08:28:43,Chamber 5,28-041661d198ff,22.937,BLANK,0C,off
01/11/2023 08:29:03,Chamber 5,28-041661d198ff,22.937,BLANK,0C,off
01/11/2023 08:29:23,Chamber 5,28-041661d198ff,22.937,BLANK,0C,off
01/11/2023 08:29:43,Chamber 5,28-041661d198ff,22.937,BLANK,0C,off
01/11/2023 08:30:03,Chamber 5,28-041661d198ff,23.0,BLANK,0C,off
01/11/2023 08:30:23,Chamber 5,28-041661d198ff,23.0,BLANK,0C,off
01/11/2023 08:30:43,Chamber 5,28-041661d198ff,23.0,BLANK,0C,off
01/11/2023 08:31:03,Chamber 5,28-041661d198ff,23.0,BLANK,0C,off
01/11/2023 08:31:23,Chamber 5,28-041661d198ff,23.0,BLANK,0C,off
01/11/2023 08:31:43,Chamber 5,28-041661d198ff,23.0,BLANK,0C,off
01/11/2023 08:32:03,Chamber 5,28-041661d198ff,23.0,BLANK,0C,off
01/11/2023 08:32:23,Chamber 5,28-041661d198ff,23.0,BLANK,0C,off
01/11/2023 08:32:43,Chamber 5,28-041661d198ff,23.0,BLANK,0C,off
01/11/2023 08:33:03,Chamber 5,28-041661d198ff,23.0,BLANK,0C,off
01/11/2023 08:33:23,Chamber 5,28-041661d198ff,23.0,BLANK,0C,off
01/11/2023 08:33:43,Chamber 5,28-041661d198ff,23.0,BLANK,0C,off
01/11/2023 08:34:03,Chamber 5,28-041661d198ff,23.0,BLANK,0C,off
01/11/2023 08:34:23,Chamber 5,28-041661d198ff,23.0,BLANK,0C,off
01/11/2023 08:34:43,Chamber 5,28-041661d198ff,22.937,BLANK,0C,off
01/11/2023 08:35:03,Chamber 5,28-041661d198ff,22.937,BLANK,0C,off
01/11/2023 08:35:23,Chamber 5,28-041661d198ff,22.937,BLANK,0C,off
01/11/2023 08:35:43,Chamber 5,28-041661d198ff,22.937,BLANK,0C,off
01/11/2023 08:36:03,Chamber 5,28-041661d198ff,22.937,BLANK,0C,off
01/11/2023 08:36:24,Chamber 5,28-041661d198ff,22.937,BLANK,0C,off
01/11/2023 08:36:43,Chamber 5,28-041661d198ff,22.937,BLANK,0C,off
01/11/2023 08:37:03,Chamber 5,28-041661d198ff,22.937,BLANK,0C,off
01/11/2023 08:37:23,Chamber 5,28-041661d198ff,22.937,BLANK,0C,off
01/11/2023 08:37:43,Chamber 5,28-041661d198ff,22.937,BLANK,0C,off
01/11/2023 08:38:03,Chamber 5,28-041661d198ff,22.937,BLANK,0C,off
01/11/2023 08:38:23,Chamber 5,28-041661d198ff,22.937,BLANK,0C,off
01/11/2023 08:38:43,Chamber 5,28-041661d198ff,22.937,BLANK,0C,off
01/11/2023 08:39:03,Chamber 5,28-041661d198ff,22.937,BLANK,0C,off
01/11/2023 08:39:23,Chamber 5,28-041661d198ff,22.937,BLANK,0C,off
01/11/2023 08:39:43,Chamber 5,28-041661d198ff,22.937,BLANK,0C,off
01/11/2023 08:40:03,Chamber 5,28-041661d198ff,23.0,BLANK,0C,off
01/11/2023 08:40:24,Chamber 5,28-041661d198ff,23.0,BLANK,0C,off
01/11/2023 08:40:43,Chamber 5,28-041661d198ff,22.937,BLANK,0C,off
01/11/2023 08:41:03,Chamber 5,28-041661d198ff,23.0,BLANK,0C,off
01/11/2023 08:41:23,Chamber 5,28-041661d198ff,23.0,BLANK,0C,off
01/11/2023 08:41:43,Chamber 5,28-041661d198ff,23.0,BLANK,0C,off
01/11/2023 08:42:03,Chamber 5,28-041661d198ff,23.0,BLANK,0C,off
01/11/2023 08:42:23,Chamber 5,28-041661d198ff,23.0,BLANK,0C,off
01/11/2023 08:42:43,Chamber 5,28-041661d198ff,23.0,BLANK,0C,off
01/11/2023 08:43:03,Chamber 5,28-041661d198ff,23.0,BLANK,0C,off
01/11/2023 08:43:23,Chamber 5,28-041661d198ff,23.0,BLANK,0C,off
01/11/2023 08:43:43,Chamber 5,28-041661d198ff,23.0,BLANK,0C,off
01/11/2023 08:44:03,Chamber 5,28-041661d198ff,23.0,BLANK,0C,off
01/11/2023 08:44:23,Chamber 5,28-041661d198ff,23.0,BLANK,0C,off
01/11/2023 08:44:43,Chamber 5,28-041661d198ff,23.0,BLANK,0C,off
01/11/2023 08:45:03,Chamber 5,28-041661d198ff,23.0,BLANK,0C,off
01/11/2023 08:45:23,Chamber 5,28-041661d198ff,23.0,BLANK,0C,off
01/11/2023 08:45:43,Chamber 5,28-041661d198ff,23.0,BLANK,0C,off
01/11/2023 08:46:04,Chamber 5,28-041661d198ff,23.062,BLANK,0C,off
01/11/2023 08:46:23,Chamber 5,28-041661d198ff,23.062,BLANK,0C,off
01/11/2023 08:46:43,Chamber 5,28-041661d198ff,23.062,BLANK,0C,off
01/11/2023 08:47:03,Chamber 5,28-041661d198ff,23.062,BLANK,0C,off
01/11/2023 08:47:23,Chamber 5,28-041661d198ff,23.0,BLANK,0C,off
01/11/2023 08:47:43,Chamber 5,28-041661d198ff,23.0,BLANK,0C,off
01/11/2023 08:48:03,Chamber 5,28-041661d198ff,23.062,BLANK,0C,off
01/11/2023 08:48:23,Chamber 5,28-041661d198ff,23.062,BLANK,0C,off
01/11/2023 08:48:43,Chamber 5,28-041661d198ff,23.062,BLANK,0C,off
01/11/2023 08:49:03,Chamber 5,28-041661d198ff,23.062,BLANK,0C,off
01/11/2023 08:49:23,Chamber 5,28-041661d198ff,23.062,BLANK,0C,off
01/11/2023 08:49:43,Chamber 5,28-041661d198ff,23.062,BLANK,0C,off
01/11/2023 08:50:03,Chamber 5,28-041661d198ff,23.062,BLANK,0C,off
01/11/2023 08:50:23,Chamber 5,28-041661d198ff,23.062,BLANK,0C,off
01/11/2023 08:50:43,Chamber 5,28-041661d198ff,23.0,BLANK,0C,off
01/11/2023 08:51:03,Chamber 5,28-041661d198ff,23.0,BLANK,0C,off
01/11/2023 08:51:24,Chamber 5,28-041661d198ff,23.0,BLANK,0C,off
01/11/2023 08:51:44,Chamber 5,28-041661d198ff,23.0,BLANK,0C,off
01/11/2023 08:52:03,Chamber 5,28-041661d198ff,23.0,BLANK,0C,off
01/11/2023 08:52:23,Chamber 5,28-041661d198ff,23.0,BLANK,0C,off
01/11/2023 08:52:43,Chamber 5,28-041661d198ff,23.0,BLANK,0C,off
01/11/2023 08:53:03,Chamber 5,28-041661d198ff,23.062,BLANK,0C,off
01/11/2023 08:53:23,Chamber 5,28-041661d198ff,23.062,BLANK,0C,off
01/11/2023 08:53:46,Chamber 5,28-041661d198ff,23.062,BLANK,0C,off
01/11/2023 08:54:03,Chamber 5,28-041661d198ff,23.062,BLANK,0C,off
01/11/2023 08:54:23,Chamber 5,28-041661d198ff,23.062,BLANK,0C,off
01/11/2023 08:54:43,Chamber 5,28-041661d198ff,23.062,BLANK,0C,off
01/11/2023 08:55:03,Chamber 5,28-041661d198ff,23.062,BLANK,0C,off
01/11/2023 08:55:23,Chamber 5,28-041661d198ff,23.062,BLANK,0C,off
01/11/2023 08:55:45,Chamber 5,28-041661d198ff,23.062,BLANK,0C,off
01/11/2023 08:56:03,Chamber 5,28-041661d198ff,23.062,BLANK,0C,off
01/11/2023 08:56:24,Chamber 5,28-041661d198ff,23.062,BLANK,0C,off
01/11/2023 08:56:43,Chamber 5,28-041661d198ff,23.062,BLANK,0C,off
01/11/2023 08:57:03,Chamber 5,28-041661d198ff,23.062,BLANK,0C,off
01/11/2023 08:57:23,Chamber 5,28-041661d198ff,23.062,BLANK,0C,off
01/11/2023 08:57:43,Chamber 5,28-041661d198ff,23.062,BLANK,0C,off
01/11/2023 08:58:03,Chamber 5,28-041661d198ff,23.062,BLANK,0C,off
01/11/2023 08:58:23,Chamber 5,28-041661d198ff,23.062,BLANK,0C,off
01/11/2023 08:58:43,Chamber 5,28-041661d198ff,23.062,BLANK,0C,off
01/11/2023 08:59:03,Chamber 5,28-041661d198ff,23.062,BLANK,0C,off
01/11/2023 08:59:23,Chamber 5,28-041661d198ff,23.062,BLANK,0C,off
01/11/2023 08:59:45,Chamber 5,28-041661d198ff,23.062,BLANK,0C,off
01/11/2023 09:00:03,Chamber 5,28-041661d198ff,23.062,BLANK,0C,off
01/11/2023 09:00:23,Chamber 5,28-041661d198ff,23.062,BLANK,0C,off
01/11/2023 09:00:43,Chamber 5,28-041661d198ff,23.062,BLANK,0C,off
01/11/2023 09:01:03,Chamber 5,28-041661d198ff,23.062,BLANK,0C,off
01/11/2023 09:01:23,Chamber 5,28-041661d198ff,23.062,BLANK,0C,off
01/11/2023 09:01:43,Chamber 5,28-041661d198ff,23.062,BLANK,0C,off
01/11/2023 09:02:03,Chamber 5,28-041661d198ff,23.062,BLANK,0C,off
01/11/2023 09:02:23,Chamber 5,28-041661d198ff,23.062,BLANK,0C,off
01/11/2023 09:02:43,Chamber 5,28-041661d198ff,23.062,BLANK,0C,off
01/11/2023 09:03:03,Chamber 5,28-041661d198ff,23.062,BLANK,0C,off
01/11/2023 09:03:23,Chamber 5,28-041661d198ff,23.062,BLANK,0C,off
01/11/2023 09:03:43,Chamber 5,28-041661d198ff,23.062,BLANK,0C,off
01/11/2023 09:04:04,Chamber 5,28-041661d198ff,23.062,BLANK,0C,off
01/11/2023 09:04:23,Chamber 5,28-041661d198ff,23.062,BLANK,0C,off
01/11/2023 09:04:43,Chamber 5,28-041661d198ff,23.062,BLANK,0C,off
01/11/2023 09:05:03,Chamber 5,28-041661d198ff,23.062,BLANK,0C,off
01/11/2023 09:05:23,Chamber 5,28-041661d198ff,23.062,BLANK,0C,off
01/11/2023 09:05:43,Chamber 5,28-041661d198ff,23.062,BLANK,0C,off
01/11/2023 09:06:03,Chamber 5,28-041661d198ff,23.062,BLANK,0C,off
01/11/2023 09:06:23,Chamber 5,28-041661d198ff,23.125,BLANK,0C,off
01/11/2023 09:06:43,Chamber 5,28-041661d198ff,23.125,BLANK,0C,off
01/11/2023 09:07:03,Chamber 5,28-041661d198ff,23.125,BLANK,0C,off
01/11/2023 09:07:23,Chamber 5,28-041661d198ff,23.062,BLANK,0C,off
01/11/2023 09:07:43,Chamber 5,28-041661d198ff,23.125,BLANK,0C,off
01/11/2023 09:08:03,Chamber 5,28-041661d198ff,23.125,BLANK,0C,off
01/11/2023 09:08:23,Chamber 5,28-041661d198ff,23.125,BLANK,0C,off
01/11/2023 09:08:43,Chamber 5,28-041661d198ff,23.125,BLANK,0C,off
01/11/2023 09:09:03,Chamber 5,28-041661d198ff,23.062,BLANK,0C,off
01/11/2023 09:09:23,Chamber 5,28-041661d198ff,23.062,BLANK,0C,off
01/11/2023 09:09:43,Chamber 5,28-041661d198ff,23.062,BLANK,0C,off
01/11/2023 09:10:05,Chamber 5,28-041661d198ff,23.125,BLANK,0C,off
01/11/2023 09:10:23,Chamber 5,28-041661d198ff,23.062,BLANK,0C,off
01/11/2023 09:10:43,Chamber 5,28-041661d198ff,23.062,BLANK,0C,off
01/11/2023 09:11:03,Chamber 5,28-041661d198ff,23.062,BLANK,0C,off
01/11/2023 09:11:23,Chamber 5,28-041661d198ff,23.062,BLANK,0C,off
01/11/2023 09:11:43,Chamber 5,28-041661d198ff,23.062,BLANK,0C,off
01/11/2023 09:12:03,Chamber 5,28-041661d198ff,23.062,BLANK,0C,off
01/11/2023 09:12:23,Chamber 5,28-041661d198ff,23.062,BLANK,0C,off
01/11/2023 09:12:43,Chamber 5,28-041661d198ff,23.062,BLANK,0C,off
01/11/2023 09:13:03,Chamber 5,28-041661d198ff,23.062,BLANK,0C,off
01/11/2023 09:13:23,Chamber 5,28-041661d198ff,23.062,BLANK,0C,off
01/11/2023 09:13:43,Chamber 5,28-041661d198ff,23.062,BLANK,0C,off
01/11/2023 09:14:03,Chamber 5,28-041661d198ff,23.125,BLANK,0C,off
01/11/2023 09:14:23,Chamber 5,28-041661d198ff,23.125,BLANK,0C,off
01/11/2023 09:14:43,Chamber 5,28-041661d198ff,23.125,BLANK,0C,off
01/11/2023 09:15:03,Chamber 5,28-041661d198ff,23.187,BLANK,0C,off
01/11/2023 09:15:24,Chamber 5,28-041661d198ff,23.187,BLANK,0C,off
01/11/2023 09:15:43,Chamber 5,28-041661d198ff,23.187,BLANK,0C,off
01/11/2023 09:16:03,Chamber 5,28-041661d198ff,23.187,BLANK,0C,off
01/11/2023 09:16:23,Chamber 5,28-041661d198ff,23.187,BLANK,0C,off
01/11/2023 09:16:43,Chamber 5,28-041661d198ff,23.187,BLANK,0C,off
01/11/2023 09:17:03,Chamber 5,28-041661d198ff,23.187,BLANK,0C,off
01/11/2023 09:17:23,Chamber 5,28-041661d198ff,23.187,BLANK,0C,off
01/11/2023 09:17:43,Chamber 5,28-041661d198ff,23.187,BLANK,0C,off
01/11/2023 09:18:03,Chamber 5,28-041661d198ff,23.25,BLANK,0C,off
01/11/2023 09:18:23,Chamber 5,28-041661d198ff,23.25,BLANK,0C,off
01/11/2023 09:18:43,Chamber 5,28-041661d198ff,23.25,BLANK,0C,off
01/11/2023 09:19:03,Chamber 5,28-041661d198ff,23.25,BLANK,0C,off
01/11/2023 09:19:23,Chamber 5,28-041661d198ff,23.25,BLANK,0C,off
01/11/2023 09:19:43,Chamber 5,28-041661d198ff,23.25,BLANK,0C,off
01/11/2023 09:20:03,Chamber 5,28-041661d198ff,23.25,BLANK,0C,off
01/11/2023 09:20:23,Chamber 5,28-041661d198ff,23.25,BLANK,0C,off
01/11/2023 09:20:43,Chamber 5,28-041661d198ff,23.25,BLANK,0C,off
01/11/2023 09:21:03,Chamber 5,28-041661d198ff,23.25,BLANK,0C,off
01/11/2023 09:21:23,Chamber 5,28-041661d198ff,23.25,BLANK,0C,off
01/11/2023 09:21:43,Chamber 5,28-041661d198ff,23.25,BLANK,0C,off
01/11/2023 09:22:03,Chamber 5,28-041661d198ff,23.25,BLANK,0C,off
01/11/2023 09:22:23,Chamber 5,28-041661d198ff,23.25,BLANK,0C,off
01/11/2023 09:22:43,Chamber 5,28-041661d198ff,23.25,BLANK,0C,off
01/11/2023 09:23:03,Chamber 5,28-041661d198ff,23.25,BLANK,0C,off
01/11/2023 09:23:23,Chamber 5,28-041661d198ff,23.25,BLANK,0C,off
01/11/2023 09:23:53,Chamber 5,28-041661d198ff,23.25,BLANK,0C,off
01/11/2023 09:24:03,Chamber 5,28-041661d198ff,23.25,BLANK,0C,off
01/11/2023 09:24:23,Chamber 5,28-041661d198ff,23.25,BLANK,0C,off
01/11/2023 09:24:43,Chamber 5,28-041661d198ff,23.25,BLANK,0C,off
01/11/2023 09:25:03,Chamber 5,28-041661d198ff,23.25,BLANK,0C,off
01/11/2023 09:25:23,Chamber 5,28-041661d198ff,23.25,BLANK,0C,off
01/11/2023 09:25:43,Chamber 5,28-041661d198ff,23.25,BLANK,0C,off
01/11/2023 09:26:03,Chamber 5,28-041661d198ff,23.25,BLANK,0C,off
01/11/2023 09:26:23,Chamber 5,28-041661d198ff,23.25,BLANK,0C,off
01/11/2023 09:26:43,Chamber 5,28-041661d198ff,23.25,BLANK,0C,off
01/11/2023 09:27:03,Chamber 5,28-041661d198ff,23.25,BLANK,0C,off
01/11/2023 09:27:23,Chamber 5,28-041661d198ff,23.25,BLANK,0C,off
01/11/2023 09:27:43,Chamber 5,28-041661d198ff,23.25,BLANK,0C,off
01/11/2023 09:28:03,Chamber 5,28-041661d198ff,23.312,BLANK,0C,off
01/11/2023 09:28:23,Chamber 5,28-041661d198ff,23.25,BLANK,0C,off
01/11/2023 09:28:44,Chamber 5,28-041661d198ff,23.312,BLANK,0C,off
01/11/2023 09:29:03,Chamber 5,28-041661d198ff,23.312,BLANK,0C,off
01/11/2023 09:29:23,Chamber 5,28-041661d198ff,23.312,BLANK,0C,off
01/11/2023 09:29:43,Chamber 5,28-041661d198ff,23.312,BLANK,0C,off
01/11/2023 09:30:03,Chamber 5,28-041661d198ff,23.312,BLANK,0C,off
01/11/2023 09:30:24,Chamber 5,28-041661d198ff,23.312,BLANK,0C,off
01/11/2023 09:30:43,Chamber 5,28-041661d198ff,23.312,BLANK,0C,off
01/11/2023 09:31:03,Chamber 5,28-041661d198ff,23.312,BLANK,0C,off
01/11/2023 09:31:23,Chamber 5,28-041661d198ff,23.312,BLANK,0C,off
01/11/2023 09:31:43,Chamber 5,28-041661d198ff,23.312,BLANK,0C,off
01/11/2023 09:32:03,Chamber 5,28-041661d198ff,23.312,BLANK,0C,off
01/11/2023 09:32:23,Chamber 5,28-041661d198ff,23.312,BLANK,0C,off
01/11/2023 09:32:43,Chamber 5,28-041661d198ff,23.375,BLANK,0C,off
01/11/2023 09:33:03,Chamber 5,28-041661d198ff,23.375,BLANK,0C,off
01/11/2023 09:33:23,Chamber 5,28-041661d198ff,23.375,BLANK,0C,off
01/11/2023 09:33:43,Chamber 5,28-041661d198ff,23.375,BLANK,0C,off
01/11/2023 09:34:03,Chamber 5,28-041661d198ff,23.375,BLANK,0C,off
01/11/2023 09:34:23,Chamber 5,28-041661d198ff,23.375,BLANK,0C,off
01/11/2023 09:34:43,Chamber 5,28-041661d198ff,23.375,BLANK,0C,off
01/11/2023 09:35:03,Chamber 5,28-041661d198ff,23.375,BLANK,0C,off
01/11/2023 09:35:23,Chamber 5,28-041661d198ff,23.375,BLANK,0C,off
01/11/2023 09:35:43,Chamber 5,28-041661d198ff,23.375,BLANK,0C,off
01/11/2023 09:36:03,Chamber 5,28-041661d198ff,23.437,BLANK,0C,off
01/11/2023 09:36:24,Chamber 5,28-041661d198ff,23.437,BLANK,0C,off
01/11/2023 09:36:43,Chamber 5,28-041661d198ff,23.437,BLANK,0C,off
