01/06/2023 00:00:02,Chamber 5,28-041661d198ff,25.437,BLANK,0C,off
01/06/2023 00:00:22,Chamber 5,28-041661d198ff,25.437,BLANK,0C,off
01/06/2023 00:00:42,Chamber 5,28-041661d198ff,25.437,BLANK,0C,off
01/06/2023 00:01:02,Chamber 5,28-041661d198ff,25.5,BLANK,0C,off
01/06/2023 00:01:22,Chamber 5,28-041661d198ff,25.437,BLANK,0C,off
01/06/2023 00:01:42,Chamber 5,28-041661d198ff,25.5,BLANK,0C,off
01/06/2023 00:02:02,Chamber 5,28-041661d198ff,25.437,BLANK,0C,off
01/06/2023 00:02:22,Chamber 5,28-041661d198ff,25.437,BLANK,0C,off
01/06/2023 00:02:42,Chamber 5,28-041661d198ff,25.437,BLANK,0C,off
01/06/2023 00:03:02,Chamber 5,28-041661d198ff,25.437,BLANK,0C,off
01/06/2023 00:03:22,Chamber 5,28-041661d198ff,25.437,BLANK,0C,off
01/06/2023 00:03:42,Chamber 5,28-041661d198ff,25.5,BLANK,0C,off
01/06/2023 00:04:02,Chamber 5,28-041661d198ff,25.5,BLANK,0C,off
01/06/2023 00:04:22,Chamber 5,28-041661d198ff,25.5,BLANK,0C,off
01/06/2023 00:04:42,Chamber 5,28-041661d198ff,25.437,BLANK,0C,off
01/06/2023 00:05:02,Chamber 5,28-041661d198ff,25.5,BLANK,0C,off
01/06/2023 00:05:22,Chamber 5,28-041661d198ff,25.5,BLANK,0C,off
01/06/2023 00:05:42,Chamber 5,28-041661d198ff,25.437,BLANK,0C,off
01/06/2023 00:06:02,Chamber 5,28-041661d198ff,25.5,BLANK,0C,off
01/06/2023 00:06:22,Chamber 5,28-041661d198ff,25.5,BLANK,0C,off
01/06/2023 00:06:42,Chamber 5,28-041661d198ff,25.5,BLANK,0C,off
01/06/2023 00:07:02,Chamber 5,28-041661d198ff,25.437,BLANK,0C,off
01/06/2023 00:07:22,Chamber 5,28-041661d198ff,25.437,BLANK,0C,off
01/06/2023 00:07:42,Chamber 5,28-041661d198ff,25.437,BLANK,0C,off
01/06/2023 00:08:02,Chamber 5,28-041661d198ff,25.437,BLANK,0C,off
01/06/2023 00:08:22,Chamber 5,28-041661d198ff,25.437,BLANK,0C,off
01/06/2023 00:08:42,Chamber 5,28-041661d198ff,25.437,BLANK,0C,off
01/06/2023 00:09:02,Chamber 5,28-041661d198ff,25.437,BLANK,0C,off
01/06/2023 00:09:22,Chamber 5,28-041661d198ff,25.437,BLANK,0C,off
01/06/2023 00:09:42,Chamber 5,28-041661d198ff,25.437,BLANK,0C,off
01/06/2023 00:10:02,Chamber 5,28-041661d198ff,25.437,BLANK,0C,off
01/06/2023 00:10:22,Chamber 5,28-041661d198ff,25.437,BLANK,0C,off
01/06/2023 00:10:42,Chamber 5,28-041661d198ff,25.437,BLANK,0C,off
01/06/2023 00:11:02,Chamber 5,28-041661d198ff,25.437,BLANK,0C,off
01/06/2023 00:11:22,Chamber 5,28-041661d198ff,25.437,BLANK,0C,off
01/06/2023 00:11:42,Chamber 5,28-041661d198ff,25.437,BLANK,0C,off
01/06/2023 00:12:02,Chamber 5,28-041661d198ff,25.437,BLANK,0C,off
01/06/2023 00:12:22,Chamber 5,28-041661d198ff,25.437,BLANK,0C,off
01/06/2023 00:12:42,Chamber 5,28-041661d198ff,25.437,BLANK,0C,off
01/06/2023 00:13:02,Chamber 5,28-041661d198ff,25.437,BLANK,0C,off
01/06/2023 00:13:22,Chamber 5,28-041661d198ff,25.437,BLANK,0C,off
01/06/2023 00:13:42,Chamber 5,28-041661d198ff,25.437,BLANK,0C,off
01/06/2023 00:14:02,Chamber 5,28-041661d198ff,25.437,BLANK,0C,off
01/06/2023 00:14:22,Chamber 5,28-041661d198ff,25.437,BLANK,0C,off
01/06/2023 00:14:42,Chamber 5,28-041661d198ff,25.437,BLANK,0C,off
01/06/2023 00:15:02,Chamber 5,28-041661d198ff,25.437,BLANK,0C,off
01/06/2023 00:15:22,Chamber 5,28-041661d198ff,25.437,BLANK,0C,off
01/06/2023 00:15:42,Chamber 5,28-041661d198ff,25.437,BLANK,0C,off
01/06/2023 00:16:02,Chamber 5,28-041661d198ff,25.437,BLANK,0C,off
01/06/2023 00:16:22,Chamber 5,28-041661d198ff,25.437,BLANK,0C,off
01/06/2023 00:16:42,Chamber 5,28-041661d198ff,25.437,BLANK,0C,off
01/06/2023 00:17:02,Chamber 5,28-041661d198ff,25.437,BLANK,0C,off
01/06/2023 00:17:22,Chamber 5,28-041661d198ff,25.437,BLANK,0C,off
01/06/2023 00:17:42,Chamber 5,28-041661d198ff,25.437,BLANK,0C,off
01/06/2023 00:18:02,Chamber 5,28-041661d198ff,25.437,BLANK,0C,off
01/06/2023 00:18:22,Chamber 5,28-041661d198ff,25.437,BLANK,0C,off
01/06/2023 00:18:42,Chamber 5,28-041661d198ff,25.437,BLANK,0C,off
01/06/2023 00:19:02,Chamber 5,28-041661d198ff,25.437,BLANK,0C,off
01/06/2023 00:19:22,Chamber 5,28-041661d198ff,25.437,BLANK,0C,off
01/06/2023 00:19:43,Chamber 5,28-041661d198ff,25.437,BLANK,0C,off
01/06/2023 00:20:02,Chamber 5,28-041661d198ff,25.437,BLANK,0C,off
01/06/2023 00:20:22,Chamber 5,28-041661d198ff,25.437,BLANK,0C,off
01/06/2023 00:20:42,Chamber 5,28-041661d198ff,25.437,BLANK,0C,off
01/06/2023 00:21:02,Chamber 5,28-041661d198ff,25.437,BLANK,0C,off
01/06/2023 00:21:22,Chamber 5,28-041661d198ff,25.437,BLANK,0C,off
01/06/2023 00:21:42,Chamber 5,28-041661d198ff,25.437,BLANK,0C,off
01/06/2023 00:22:02,Chamber 5,28-041661d198ff,25.437,BLANK,0C,off
01/06/2023 00:22:22,Chamber 5,28-041661d198ff,25.437,BLANK,0C,off
01/06/2023 00:22:42,Chamber 5,28-041661d198ff,25.437,BLANK,0C,off
01/06/2023 00:23:02,Chamber 5,28-041661d198ff,25.437,BLANK,0C,off
01/06/2023 00:23:22,Chamber 5,28-041661d198ff,25.437,BLANK,0C,off
01/06/2023 00:23:42,Chamber 5,28-041661d198ff,25.437,BLANK,0C,off
01/06/2023 00:24:02,Chamber 5,28-041661d198ff,25.437,BLANK,0C,off
01/06/2023 00:24:22,Chamber 5,28-041661d198ff,25.437,BLANK,0C,off
01/06/2023 00:24:42,Chamber 5,28-041661d198ff,25.375,BLANK,0C,off
01/06/2023 00:25:02,Chamber 5,28-041661d198ff,25.375,BLANK,0C,off
01/06/2023 00:25:22,Chamber 5,28-041661d198ff,25.375,BLANK,0C,off
01/06/2023 00:25:42,Chamber 5,28-041661d198ff,25.375,BLANK,0C,off
01/06/2023 00:26:02,Chamber 5,28-041661d198ff,25.375,BLANK,0C,off
01/06/2023 00:26:22,Chamber 5,28-041661d198ff,25.375,BLANK,0C,off
01/06/2023 00:26:42,Chamber 5,28-041661d198ff,25.375,BLANK,0C,off
01/06/2023 00:27:03,Chamber 5,28-041661d198ff,25.375,BLANK,0C,off
01/06/2023 00:27:22,Chamber 5,28-041661d198ff,25.375,BLANK,0C,off
01/06/2023 00:27:42,Chamber 5,28-041661d198ff,25.375,BLANK,0C,off
01/06/2023 00:28:03,Chamber 5,28-041661d198ff,25.375,BLANK,0C,off
01/06/2023 00:28:22,Chamber 5,28-041661d198ff,25.437,BLANK,0C,off
01/06/2023 00:28:42,Chamber 5,28-041661d198ff,25.375,BLANK,0C,off
01/06/2023 00:29:02,Chamber 5,28-041661d198ff,25.375,BLANK,0C,off
01/06/2023 00:29:22,Chamber 5,28-041661d198ff,25.375,BLANK,0C,off
01/06/2023 00:29:42,Chamber 5,28-041661d198ff,25.375,BLANK,0C,off
01/06/2023 00:30:02,Chamber 5,28-041661d198ff,25.375,BLANK,0C,off
01/06/2023 00:30:22,Chamber 5,28-041661d198ff,25.375,BLANK,0C,off
01/06/2023 00:30:42,Chamber 5,28-041661d198ff,25.375,BLANK,0C,off
01/06/2023 00:31:02,Chamber 5,28-041661d198ff,25.375,BLANK,0C,off
01/06/2023 00:31:22,Chamber 5,28-041661d198ff,25.437,BLANK,0C,off
01/06/2023 00:31:42,Chamber 5,28-041661d198ff,25.375,BLANK,0C,off
01/06/2023 00:32:02,Chamber 5,28-041661d198ff,25.375,BLANK,0C,off
01/06/2023 00:32:22,Chamber 5,28-041661d198ff,25.375,BLANK,0C,off
01/06/2023 00:32:42,Chamber 5,28-041661d198ff,25.375,BLANK,0C,off
01/06/2023 00:33:02,Chamber 5,28-041661d198ff,25.375,BLANK,0C,off
01/06/2023 00:33:22,Chamber 5,28-041661d198ff,25.375,BLANK,0C,off
01/06/2023 00:33:42,Chamber 5,28-041661d198ff,25.375,BLANK,0C,off
01/06/2023 00:34:02,Chamber 5,28-041661d198ff,25.375,BLANK,0C,off
01/06/2023 00:34:22,Chamber 5,28-041661d198ff,25.375,BLANK,0C,off
01/06/2023 00:34:43,Chamber 5,28-041661d198ff,25.375,BLANK,0C,off
01/06/2023 00:35:02,Chamber 5,28-041661d198ff,25.375,BLANK,0C,off
01/06/2023 00:35:22,Chamber 5,28-041661d198ff,25.375,BLANK,0C,off
01/06/2023 00:35:42,Chamber 5,28-041661d198ff,25.375,BLANK,0C,off
01/06/2023 00:36:03,Chamber 5,28-041661d198ff,25.375,BLANK,0C,off
01/06/2023 00:36:22,Chamber 5,28-041661d198ff,25.375,BLANK,0C,off
01/06/2023 00:36:42,Chamber 5,28-041661d198ff,25.375,BLANK,0C,off
01/06/2023 00:37:02,Chamber 5,28-041661d198ff,25.375,BLANK,0C,off
01/06/2023 00:37:22,Chamber 5,28-041661d198ff,25.375,BLANK,0C,off
01/06/2023 00:37:42,Chamber 5,28-041661d198ff,25.375,BLANK,0C,off
01/06/2023 00:38:02,Chamber 5,28-041661d198ff,25.375,BLANK,0C,off
01/06/2023 00:38:22,Chamber 5,28-041661d198ff,25.375,BLANK,0C,off
01/06/2023 00:38:42,Chamber 5,28-041661d198ff,25.375,BLANK,0C,off
01/06/2023 00:39:02,Chamber 5,28-041661d198ff,25.375,BLANK,0C,off
01/06/2023 00:39:22,Chamber 5,28-041661d198ff,25.375,BLANK,0C,off
01/06/2023 00:39:42,Chamber 5,28-041661d198ff,25.375,BLANK,0C,off
01/06/2023 00:40:02,Chamber 5,28-041661d198ff,25.375,BLANK,0C,off
01/06/2023 00:40:22,Chamber 5,28-041661d198ff,25.375,BLANK,0C,off
01/06/2023 00:40:42,Chamber 5,28-041661d198ff,25.375,BLANK,0C,off
01/06/2023 00:41:02,Chamber 5,28-041661d198ff,25.375,BLANK,0C,off
01/06/2023 00:41:22,Chamber 5,28-041661d198ff,25.375,BLANK,0C,off
01/06/2023 00:41:42,Chamber 5,28-041661d198ff,25.375,BLANK,0C,off
01/06/2023 00:42:02,Chamber 5,28-041661d198ff,25.375,BLANK,0C,off
01/06/2023 00:42:22,Chamber 5,28-041661d198ff,25.375,BLANK,0C,off
01/06/2023 00:42:43,Chamber 5,28-041661d198ff,25.375,BLANK,0C,off
01/06/2023 00:43:02,Chamber 5,28-041661d198ff,25.375,BLANK,0C,off
01/06/2023 00:43:22,Chamber 5,28-041661d198ff,25.375,BLANK,0C,off
01/06/2023 00:43:42,Chamber 5,28-041661d198ff,25.375,BLANK,0C,off
01/06/2023 00:44:02,Chamber 5,28-041661d198ff,25.375,BLANK,0C,off
01/06/2023 00:44:22,Chamber 5,28-041661d198ff,25.375,BLANK,0C,off
01/06/2023 00:44:42,Chamber 5,28-041661d198ff,25.375,BLANK,0C,off
01/06/2023 00:45:02,Chamber 5,28-041661d198ff,25.375,BLANK,0C,off
01/06/2023 00:45:22,Chamber 5,28-041661d198ff,25.375,BLANK,0C,off
01/06/2023 00:45:42,Chamber 5,28-041661d198ff,25.375,BLANK,0C,off
01/06/2023 00:46:02,Chamber 5,28-041661d198ff,25.375,BLANK,0C,off
01/06/2023 00:46:22,Chamber 5,28-041661d198ff,25.375,BLANK,0C,off
01/06/2023 00:46:42,Chamber 5,28-041661d198ff,25.375,BLANK,0C,off
01/06/2023 00:47:02,Chamber 5,28-041661d198ff,25.375,BLANK,0C,off
01/06/2023 00:47:22,Chamber 5,28-041661d198ff,25.375,BLANK,0C,off
01/06/2023 00:47:42,Chamber 5,28-041661d198ff,25.375,BLANK,0C,off
01/06/2023 00:48:02,Chamber 5,28-041661d198ff,25.375,BLANK,0C,off
01/06/2023 00:48:22,Chamber 5,28-041661d198ff,25.375,BLANK,0C,off
01/06/2023 00:48:42,Chamber 5,28-041661d198ff,25.375,BLANK,0C,off
01/06/2023 00:49:02,Chamber 5,28-041661d198ff,25.375,BLANK,0C,off
01/06/2023 00:49:22,Chamber 5,28-041661d198ff,25.375,BLANK,0C,off
01/06/2023 00:49:42,Chamber 5,28-041661d198ff,25.375,BLANK,0C,off
01/06/2023 00:50:02,Chamber 5,28-041661d198ff,25.375,BLANK,0C,off
01/06/2023 00:50:22,Chamber 5,28-041661d198ff,25.375,BLANK,0C,off
01/06/2023 00:50:42,Chamber 5,28-041661d198ff,25.375,BLANK,0C,off
01/06/2023 00:51:02,Chamber 5,28-041661d198ff,25.375,BLANK,0C,off
01/06/2023 00:51:22,Chamber 5,28-041661d198ff,25.375,BLANK,0C,off
01/06/2023 00:51:42,Chamber 5,28-041661d198ff,25.375,BLANK,0C,off
01/06/2023 00:52:02,Chamber 5,28-041661d198ff,25.375,BLANK,0C,off
01/06/2023 00:52:22,Chamber 5,28-041661d198ff,25.375,BLANK,0C,off
01/06/2023 00:52:42,Chamber 5,28-041661d198ff,25.375,BLANK,0C,off
01/06/2023 00:53:03,Chamber 5,28-041661d198ff,25.375,BLANK,0C,off
01/06/2023 00:53:22,Chamber 5,28-041661d198ff,25.375,BLANK,0C,off
01/06/2023 00:53:42,Chamber 5,28-041661d198ff,25.375,BLANK,0C,off
01/06/2023 00:54:02,Chamber 5,28-041661d198ff,25.375,BLANK,0C,off
01/06/2023 00:54:22,Chamber 5,28-041661d198ff,25.375,BLANK,0C,off
01/06/2023 00:54:42,Chamber 5,28-041661d198ff,25.375,BLANK,0C,off
01/06/2023 00:55:02,Chamber 5,28-041661d198ff,25.375,BLANK,0C,off
01/06/2023 00:55:22,Chamber 5,28-041661d198ff,25.375,BLANK,0C,off
01/06/2023 00:55:42,Chamber 5,28-041661d198ff,25.312,BLANK,0C,off
01/06/2023 00:56:02,Chamber 5,28-041661d198ff,25.312,BLANK,0C,off
01/06/2023 00:56:22,Chamber 5,28-041661d198ff,25.312,BLANK,0C,off
01/06/2023 00:56:42,Chamber 5,28-041661d198ff,25.312,BLANK,0C,off
01/06/2023 00:57:02,Chamber 5,28-041661d198ff,25.312,BLANK,0C,off
01/06/2023 00:57:22,Chamber 5,28-041661d198ff,25.312,BLANK,0C,off
01/06/2023 00:57:42,Chamber 5,28-041661d198ff,25.312,BLANK,0C,off
01/06/2023 00:58:02,Chamber 5,28-041661d198ff,25.312,BLANK,0C,off
01/06/2023 00:58:23,Chamber 5,28-041661d198ff,25.312,BLANK,0C,off
01/06/2023 00:58:42,Chamber 5,28-041661d198ff,25.312,BLANK,0C,off
01/06/2023 00:59:02,Chamber 5,28-041661d198ff,25.312,BLANK,0C,off
01/06/2023 00:59:22,Chamber 5,28-041661d198ff,25.312,BLANK,0C,off
01/06/2023 00:59:42,Chamber 5,28-041661d198ff,25.312,BLANK,0C,off
01/06/2023 01:00:03,Chamber 5,28-041661d198ff,25.312,BLANK,0C,off
01/06/2023 01:00:23,Chamber 5,28-041661d198ff,25.312,BLANK,0C,off
01/06/2023 01:00:43,Chamber 5,28-041661d198ff,25.312,BLANK,0C,off
01/06/2023 01:01:03,Chamber 5,28-041661d198ff,25.312,BLANK,0C,off
01/06/2023 01:01:23,Chamber 5,28-041661d198ff,25.312,BLANK,0C,off
01/06/2023 01:01:43,Chamber 5,28-041661d198ff,25.312,BLANK,0C,off
01/06/2023 01:02:03,Chamber 5,28-041661d198ff,25.312,BLANK,0C,off
01/06/2023 01:02:23,Chamber 5,28-041661d198ff,25.312,BLANK,0C,off
01/06/2023 01:02:43,Chamber 5,28-041661d198ff,25.312,BLANK,0C,off
01/06/2023 01:03:03,Chamber 5,28-041661d198ff,25.312,BLANK,0C,off
01/06/2023 01:03:23,Chamber 5,28-041661d198ff,25.312,BLANK,0C,off
01/06/2023 01:03:43,Chamber 5,28-041661d198ff,25.312,BLANK,0C,off
01/06/2023 01:04:03,Chamber 5,28-041661d198ff,25.312,BLANK,0C,off
01/06/2023 01:04:23,Chamber 5,28-041661d198ff,25.312,BLANK,0C,off
01/06/2023 01:04:43,Chamber 5,28-041661d198ff,25.312,BLANK,0C,off
01/06/2023 01:05:03,Chamber 5,28-041661d198ff,25.312,BLANK,0C,off
01/06/2023 01:05:23,Chamber 5,28-041661d198ff,25.312,BLANK,0C,off
01/06/2023 01:05:43,Chamber 5,28-041661d198ff,25.312,BLANK,0C,off
01/06/2023 01:06:03,Chamber 5,28-041661d198ff,25.312,BLANK,0C,off
01/06/2023 01:06:23,Chamber 5,28-041661d198ff,25.312,BLANK,0C,off
01/06/2023 01:06:43,Chamber 5,28-041661d198ff,25.312,BLANK,0C,off
01/06/2023 01:07:03,Chamber 5,28-041661d198ff,25.312,BLANK,0C,off
01/06/2023 01:07:23,Chamber 5,28-041661d198ff,25.312,BLANK,0C,off
01/06/2023 01:07:43,Chamber 5,28-041661d198ff,25.312,BLANK,0C,off
01/06/2023 01:08:03,Chamber 5,28-041661d198ff,25.312,BLANK,0C,off
01/06/2023 01:08:24,Chamber 5,28-041661d198ff,25.312,BLANK,0C,off
01/06/2023 01:08:43,Chamber 5,28-041661d198ff,25.312,BLANK,0C,off
01/06/2023 01:09:03,Chamber 5,28-041661d198ff,25.312,BLANK,0C,off
01/06/2023 01:09:23,Chamber 5,28-041661d198ff,25.312,BLANK,0C,off
01/06/2023 01:09:44,Chamber 5,28-041661d198ff,25.312,BLANK,0C,off
01/06/2023 01:10:03,Chamber 5,28-041661d198ff,25.25,BLANK,0C,off
01/06/2023 01:10:23,Chamber 5,28-041661d198ff,25.312,BLANK,0C,off
01/06/2023 01:10:43,Chamber 5,28-041661d198ff,25.312,BLANK,0C,off
01/06/2023 01:11:03,Chamber 5,28-041661d198ff,25.25,BLANK,0C,off
01/06/2023 01:11:23,Chamber 5,28-041661d198ff,25.312,BLANK,0C,off
01/06/2023 01:11:43,Chamber 5,28-041661d198ff,25.312,BLANK,0C,off
01/06/2023 01:12:03,Chamber 5,28-041661d198ff,25.25,BLANK,0C,off
01/06/2023 01:12:23,Chamber 5,28-041661d198ff,25.25,BLANK,0C,off
01/06/2023 01:12:43,Chamber 5,28-041661d198ff,25.25,BLANK,0C,off
01/06/2023 01:13:04,Chamber 5,28-041661d198ff,25.25,BLANK,0C,off
01/06/2023 01:13:23,Chamber 5,28-041661d198ff,25.25,BLANK,0C,off
01/06/2023 01:13:43,Chamber 5,28-041661d198ff,25.25,BLANK,0C,off
01/06/2023 01:14:03,Chamber 5,28-041661d198ff,25.25,BLANK,0C,off
01/06/2023 01:14:23,Chamber 5,28-041661d198ff,25.25,BLANK,0C,off
01/06/2023 01:14:43,Chamber 5,28-041661d198ff,25.25,BLANK,0C,off
01/06/2023 01:15:03,Chamber 5,28-041661d198ff,25.25,BLANK,0C,off
01/06/2023 01:15:23,Chamber 5,28-041661d198ff,25.25,BLANK,0C,off
01/06/2023 01:15:43,Chamber 5,28-041661d198ff,25.25,BLANK,0C,off
01/06/2023 01:16:03,Chamber 5,28-041661d198ff,25.25,BLANK,0C,off
01/06/2023 01:16:23,Chamber 5,28-041661d198ff,25.25,BLANK,0C,off
01/06/2023 01:16:43,Chamber 5,28-041661d198ff,25.25,BLANK,0C,off
01/06/2023 01:17:03,Chamber 5,28-041661d198ff,25.25,BLANK,0C,off
01/06/2023 01:17:23,Chamber 5,28-041661d198ff,25.25,BLANK,0C,off
01/06/2023 01:17:43,Chamber 5,28-041661d198ff,25.25,BLANK,0C,off
01/06/2023 01:18:03,Chamber 5,28-041661d198ff,25.25,BLANK,0C,off
01/06/2023 01:18:23,Chamber 5,28-041661d198ff,25.25,BLANK,0C,off
01/06/2023 01:18:43,Chamber 5,28-041661d198ff,25.25,BLANK,0C,off
01/06/2023 01:19:03,Chamber 5,28-041661d198ff,25.25,BLANK,0C,off
01/06/2023 01:19:23,Chamber 5,28-041661d198ff,25.25,BLANK,0C,off
01/06/2023 01:19:43,Chamber 5,28-041661d198ff,25.25,BLANK,0C,off
01/06/2023 01:20:03,Chamber 5,28-041661d198ff,25.25,BLANK,0C,off
01/06/2023 01:20:23,Chamber 5,28-041661d198ff,25.25,BLANK,0C,off
01/06/2023 01:20:43,Chamber 5,28-041661d198ff,25.25,BLANK,0C,off
01/06/2023 01:21:03,Chamber 5,28-041661d198ff,25.25,BLANK,0C,off
01/06/2023 01:21:23,Chamber 5,28-041661d198ff,25.25,BLANK,0C,off
01/06/2023 01:21:43,Chamber 5,28-041661d198ff,25.25,BLANK,0C,off
01/06/2023 01:22:03,Chamber 5,28-041661d198ff,25.25,BLANK,0C,off
01/06/2023 01:22:23,Chamber 5,28-041661d198ff,25.25,BLANK,0C,off
01/06/2023 01:22:43,Chamber 5,28-041661d198ff,25.25,BLANK,0C,off
01/06/2023 01:23:03,Chamber 5,28-041661d198ff,25.25,BLANK,0C,off
01/06/2023 01:23:23,Chamber 5,28-041661d198ff,25.25,BLANK,0C,off
01/06/2023 01:23:43,Chamber 5,28-041661d198ff,25.25,BLANK,0C,off
01/06/2023 01:24:03,Chamber 5,28-041661d198ff,25.25,BLANK,0C,off
01/06/2023 01:24:23,Chamber 5,28-041661d198ff,25.25,BLANK,0C,off
01/06/2023 01:24:43,Chamber 5,28-041661d198ff,25.25,BLANK,0C,off
01/06/2023 01:25:03,Chamber 5,28-041661d198ff,25.25,BLANK,0C,off
01/06/2023 01:25:23,Chamber 5,28-041661d198ff,25.25,BLANK,0C,off
01/06/2023 01:25:43,Chamber 5,28-041661d198ff,25.25,BLANK,0C,off
01/06/2023 01:26:03,Chamber 5,28-041661d198ff,25.25,BLANK,0C,off
01/06/2023 01:26:23,Chamber 5,28-041661d198ff,25.25,BLANK,0C,off
01/06/2023 01:26:43,Chamber 5,28-041661d198ff,25.25,BLANK,0C,off
01/06/2023 01:27:03,Chamber 5,28-041661d198ff,25.25,BLANK,0C,off
01/06/2023 01:27:23,Chamber 5,28-041661d198ff,25.25,BLANK,0C,off
01/06/2023 01:27:43,Chamber 5,28-041661d198ff,25.25,BLANK,0C,off
01/06/2023 01:28:03,Chamber 5,28-041661d198ff,25.25,BLANK,0C,off
01/06/2023 01:28:23,Chamber 5,28-041661d198ff,25.25,BLANK,0C,off
01/06/2023 01:28:43,Chamber 5,28-041661d198ff,25.25,BLANK,0C,off
01/06/2023 01:29:03,Chamber 5,28-041661d198ff,25.25,BLANK,0C,off
01/06/2023 01:29:23,Chamber 5,28-041661d198ff,25.25,BLANK,0C,off
01/06/2023 01:29:43,Chamber 5,28-041661d198ff,25.25,BLANK,0C,off
01/06/2023 01:30:03,Chamber 5,28-041661d198ff,25.25,BLANK,0C,off
01/06/2023 01:30:23,Chamber 5,28-041661d198ff,25.25,BLANK,0C,off
01/06/2023 01:30:43,Chamber 5,28-041661d198ff,25.25,BLANK,0C,off
01/06/2023 01:31:03,Chamber 5,28-041661d198ff,25.25,BLANK,0C,off
01/06/2023 01:31:23,Chamber 5,28-041661d198ff,25.25,BLANK,0C,off
01/06/2023 01:31:43,Chamber 5,28-041661d198ff,25.25,BLANK,0C,off
01/06/2023 01:32:03,Chamber 5,28-041661d198ff,25.25,BLANK,0C,off
01/06/2023 01:32:23,Chamber 5,28-041661d198ff,25.25,BLANK,0C,off
01/06/2023 01:32:43,Chamber 5,28-041661d198ff,25.25,BLANK,0C,off
01/06/2023 01:33:03,Chamber 5,28-041661d198ff,25.25,BLANK,0C,off
01/06/2023 01:33:23,Chamber 5,28-041661d198ff,25.25,BLANK,0C,off
01/06/2023 01:33:43,Chamber 5,28-041661d198ff,25.25,BLANK,0C,off
01/06/2023 01:34:03,Chamber 5,28-041661d198ff,25.25,BLANK,0C,off
01/06/2023 01:34:23,Chamber 5,28-041661d198ff,25.25,BLANK,0C,off
01/06/2023 01:34:43,Chamber 5,28-041661d198ff,25.25,BLANK,0C,off
01/06/2023 01:35:03,Chamber 5,28-041661d198ff,25.25,BLANK,0C,off
01/06/2023 01:35:23,Chamber 5,28-041661d198ff,25.25,BLANK,0C,off
01/06/2023 01:35:43,Chamber 5,28-041661d198ff,25.187,BLANK,0C,off
01/06/2023 01:36:03,Chamber 5,28-041661d198ff,25.25,BLANK,0C,off
01/06/2023 01:36:23,Chamber 5,28-041661d198ff,25.25,BLANK,0C,off
01/06/2023 01:36:43,Chamber 5,28-041661d198ff,25.25,BLANK,0C,off
01/06/2023 01:37:03,Chamber 5,28-041661d198ff,25.25,BLANK,0C,off
01/06/2023 01:37:23,Chamber 5,28-041661d198ff,25.25,BLANK,0C,off
01/06/2023 01:37:43,Chamber 5,28-041661d198ff,25.187,BLANK,0C,off
01/06/2023 01:38:03,Chamber 5,28-041661d198ff,25.187,BLANK,0C,off
01/06/2023 01:38:23,Chamber 5,28-041661d198ff,25.187,BLANK,0C,off
01/06/2023 01:38:43,Chamber 5,28-041661d198ff,25.187,BLANK,0C,off
01/06/2023 01:39:03,Chamber 5,28-041661d198ff,25.187,BLANK,0C,off
01/06/2023 01:39:23,Chamber 5,28-041661d198ff,25.187,BLANK,0C,off
01/06/2023 01:39:43,Chamber 5,28-041661d198ff,25.187,BLANK,0C,off
01/06/2023 01:40:03,Chamber 5,28-041661d198ff,25.187,BLANK,0C,off
01/06/2023 01:40:23,Chamber 5,28-041661d198ff,25.187,BLANK,0C,off
01/06/2023 01:40:43,Chamber 5,28-041661d198ff,25.187,BLANK,0C,off
01/06/2023 01:41:03,Chamber 5,28-041661d198ff,25.187,BLANK,0C,off
01/06/2023 01:41:23,Chamber 5,28-041661d198ff,25.187,BLANK,0C,off
01/06/2023 01:41:43,Chamber 5,28-041661d198ff,25.187,BLANK,0C,off
01/06/2023 01:42:03,Chamber 5,28-041661d198ff,25.187,BLANK,0C,off
01/06/2023 01:42:23,Chamber 5,28-041661d198ff,25.187,BLANK,0C,off
01/06/2023 01:42:43,Chamber 5,28-041661d198ff,25.187,BLANK,0C,off
01/06/2023 01:43:03,Chamber 5,28-041661d198ff,25.187,BLANK,0C,off
01/06/2023 01:43:23,Chamber 5,28-041661d198ff,25.187,BLANK,0C,off
01/06/2023 01:43:43,Chamber 5,28-041661d198ff,25.187,BLANK,0C,off
01/06/2023 01:44:03,Chamber 5,28-041661d198ff,25.187,BLANK,0C,off
01/06/2023 01:44:23,Chamber 5,28-041661d198ff,25.187,BLANK,0C,off
01/06/2023 01:44:43,Chamber 5,28-041661d198ff,25.187,BLANK,0C,off
01/06/2023 01:45:03,Chamber 5,28-041661d198ff,25.187,BLANK,0C,off
01/06/2023 01:45:23,Chamber 5,28-041661d198ff,25.187,BLANK,0C,off
01/06/2023 01:45:43,Chamber 5,28-041661d198ff,25.187,BLANK,0C,off
01/06/2023 01:46:03,Chamber 5,28-041661d198ff,25.187,BLANK,0C,off
01/06/2023 01:46:23,Chamber 5,28-041661d198ff,25.187,BLANK,0C,off
01/06/2023 01:46:43,Chamber 5,28-041661d198ff,25.187,BLANK,0C,off
01/06/2023 01:47:04,Chamber 5,28-041661d198ff,25.187,BLANK,0C,off
01/06/2023 01:47:23,Chamber 5,28-041661d198ff,25.187,BLANK,0C,off
01/06/2023 01:47:43,Chamber 5,28-041661d198ff,25.187,BLANK,0C,off
01/06/2023 01:48:03,Chamber 5,28-041661d198ff,25.187,BLANK,0C,off
01/06/2023 01:48:23,Chamber 5,28-041661d198ff,25.187,BLANK,0C,off
01/06/2023 01:48:43,Chamber 5,28-041661d198ff,25.187,BLANK,0C,off
01/06/2023 01:49:03,Chamber 5,28-041661d198ff,25.187,BLANK,0C,off
01/06/2023 01:49:23,Chamber 5,28-041661d198ff,25.187,BLANK,0C,off
01/06/2023 01:49:43,Chamber 5,28-041661d198ff,25.187,BLANK,0C,off
01/06/2023 01:50:03,Chamber 5,28-041661d198ff,25.187,BLANK,0C,off
01/06/2023 01:50:23,Chamber 5,28-041661d198ff,25.187,BLANK,0C,off
01/06/2023 01:50:43,Chamber 5,28-041661d198ff,25.187,BLANK,0C,off
01/06/2023 01:51:03,Chamber 5,28-041661d198ff,25.187,BLANK,0C,off
01/06/2023 01:51:23,Chamber 5,28-041661d198ff,25.187,BLANK,0C,off
01/06/2023 01:51:43,Chamber 5,28-041661d198ff,25.187,BLANK,0C,off
01/06/2023 01:52:03,Chamber 5,28-041661d198ff,25.187,BLANK,0C,off
01/06/2023 01:52:23,Chamber 5,28-041661d198ff,25.125,BLANK,0C,off
01/06/2023 01:52:43,Chamber 5,28-041661d198ff,25.125,BLANK,0C,off
01/06/2023 01:53:03,Chamber 5,28-041661d198ff,25.187,BLANK,0C,off
01/06/2023 01:53:23,Chamber 5,28-041661d198ff,25.125,BLANK,0C,off
01/06/2023 01:53:43,Chamber 5,28-041661d198ff,25.125,BLANK,0C,off
01/06/2023 01:54:03,Chamber 5,28-041661d198ff,25.187,BLANK,0C,off
01/06/2023 01:54:23,Chamber 5,28-041661d198ff,25.125,BLANK,0C,off
01/06/2023 01:54:43,Chamber 5,28-041661d198ff,25.187,BLANK,0C,off
01/06/2023 01:55:03,Chamber 5,28-041661d198ff,25.125,BLANK,0C,off
01/06/2023 01:55:23,Chamber 5,28-041661d198ff,25.125,BLANK,0C,off
01/06/2023 01:55:43,Chamber 5,28-041661d198ff,25.125,BLANK,0C,off
01/06/2023 01:56:03,Chamber 5,28-041661d198ff,25.125,BLANK,0C,off
01/06/2023 01:56:23,Chamber 5,28-041661d198ff,25.187,BLANK,0C,off
01/06/2023 01:56:43,Chamber 5,28-041661d198ff,25.125,BLANK,0C,off
01/06/2023 01:57:03,Chamber 5,28-041661d198ff,25.125,BLANK,0C,off
01/06/2023 01:57:23,Chamber 5,28-041661d198ff,25.125,BLANK,0C,off
01/06/2023 01:57:43,Chamber 5,28-041661d198ff,25.125,BLANK,0C,off
01/06/2023 01:58:03,Chamber 5,28-041661d198ff,25.125,BLANK,0C,off
01/06/2023 01:58:23,Chamber 5,28-041661d198ff,25.125,BLANK,0C,off
01/06/2023 01:58:43,Chamber 5,28-041661d198ff,25.125,BLANK,0C,off
01/06/2023 01:59:03,Chamber 5,28-041661d198ff,25.125,BLANK,0C,off
01/06/2023 01:59:23,Chamber 5,28-041661d198ff,25.125,BLANK,0C,off
01/06/2023 01:59:43,Chamber 5,28-041661d198ff,25.125,BLANK,0C,off
01/06/2023 02:00:02,Chamber 5,28-041661d198ff,25.125,BLANK,0C,off
01/06/2023 02:00:22,Chamber 5,28-041661d198ff,25.125,BLANK,0C,off
01/06/2023 02:00:44,Chamber 5,28-041661d198ff,25.125,BLANK,0C,off
01/06/2023 02:01:02,Chamber 5,28-041661d198ff,25.125,BLANK,0C,off
01/06/2023 02:01:22,Chamber 5,28-041661d198ff,25.125,BLANK,0C,off
01/06/2023 02:01:42,Chamber 5,28-041661d198ff,25.125,BLANK,0C,off
01/06/2023 02:02:02,Chamber 5,28-041661d198ff,25.125,BLANK,0C,off
01/06/2023 02:02:22,Chamber 5,28-041661d198ff,25.125,BLANK,0C,off
01/06/2023 02:02:42,Chamber 5,28-041661d198ff,25.125,BLANK,0C,off
01/06/2023 02:03:02,Chamber 5,28-041661d198ff,25.125,BLANK,0C,off
01/06/2023 02:03:22,Chamber 5,28-041661d198ff,25.125,BLANK,0C,off
01/06/2023 02:03:42,Chamber 5,28-041661d198ff,25.125,BLANK,0C,off
01/06/2023 02:04:02,Chamber 5,28-041661d198ff,25.125,BLANK,0C,off
01/06/2023 02:04:22,Chamber 5,28-041661d198ff,25.125,BLANK,0C,off
01/06/2023 02:04:42,Chamber 5,28-041661d198ff,25.125,BLANK,0C,off
01/06/2023 02:05:02,Chamber 5,28-041661d198ff,25.125,BLANK,0C,off
01/06/2023 02:05:23,Chamber 5,28-041661d198ff,25.125,BLANK,0C,off
01/06/2023 02:05:42,Chamber 5,28-041661d198ff,25.125,BLANK,0C,off
01/06/2023 02:06:02,Chamber 5,28-041661d198ff,25.125,BLANK,0C,off
01/06/2023 02:06:22,Chamber 5,28-041661d198ff,25.125,BLANK,0C,off
01/06/2023 02:06:42,Chamber 5,28-041661d198ff,25.125,BLANK,0C,off
01/06/2023 02:07:02,Chamber 5,28-041661d198ff,25.125,BLANK,0C,off
01/06/2023 02:07:23,Chamber 5,28-041661d198ff,25.125,BLANK,0C,off
01/06/2023 02:07:42,Chamber 5,28-041661d198ff,25.125,BLANK,0C,off
01/06/2023 02:08:02,Chamber 5,28-041661d198ff,25.125,BLANK,0C,off
01/06/2023 02:08:22,Chamber 5,28-041661d198ff,25.125,BLANK,0C,off
01/06/2023 02:08:42,Chamber 5,28-041661d198ff,25.125,BLANK,0C,off
01/06/2023 02:09:02,Chamber 5,28-041661d198ff,25.125,BLANK,0C,off
01/06/2023 02:09:22,Chamber 5,28-041661d198ff,25.125,BLANK,0C,off
01/06/2023 02:09:42,Chamber 5,28-041661d198ff,25.125,BLANK,0C,off
01/06/2023 02:10:02,Chamber 5,28-041661d198ff,25.125,BLANK,0C,off
01/06/2023 02:10:22,Chamber 5,28-041661d198ff,25.125,BLANK,0C,off
01/06/2023 02:10:42,Chamber 5,28-041661d198ff,25.125,BLANK,0C,off
01/06/2023 02:11:02,Chamber 5,28-041661d198ff,25.125,BLANK,0C,off
01/06/2023 02:11:22,Chamber 5,28-041661d198ff,25.125,BLANK,0C,off
01/06/2023 02:11:42,Chamber 5,28-041661d198ff,25.125,BLANK,0C,off
01/06/2023 02:12:03,Chamber 5,28-041661d198ff,25.125,BLANK,0C,off
01/06/2023 02:12:22,Chamber 5,28-041661d198ff,25.125,BLANK,0C,off
01/06/2023 02:12:42,Chamber 5,28-041661d198ff,25.125,BLANK,0C,off
01/06/2023 02:13:02,Chamber 5,28-041661d198ff,25.125,BLANK,0C,off
01/06/2023 02:13:22,Chamber 5,28-041661d198ff,25.125,BLANK,0C,off
01/06/2023 02:13:42,Chamber 5,28-041661d198ff,25.125,BLANK,0C,off
01/06/2023 02:14:02,Chamber 5,28-041661d198ff,25.125,BLANK,0C,off
01/06/2023 02:14:22,Chamber 5,28-041661d198ff,25.125,BLANK,0C,off
01/06/2023 02:14:42,Chamber 5,28-041661d198ff,25.125,BLANK,0C,off
01/06/2023 02:15:02,Chamber 5,28-041661d198ff,25.125,BLANK,0C,off
01/06/2023 02:15:22,Chamber 5,28-041661d198ff,25.125,BLANK,0C,off
01/06/2023 02:15:42,Chamber 5,28-041661d198ff,25.125,BLANK,0C,off
01/06/2023 02:16:02,Chamber 5,28-041661d198ff,25.125,BLANK,0C,off
01/06/2023 02:16:22,Chamber 5,28-041661d198ff,25.125,BLANK,0C,off
01/06/2023 02:16:42,Chamber 5,28-041661d198ff,25.125,BLANK,0C,off
01/06/2023 02:17:02,Chamber 5,28-041661d198ff,25.125,BLANK,0C,off
01/06/2023 02:17:22,Chamber 5,28-041661d198ff,25.125,BLANK,0C,off
01/06/2023 02:17:42,Chamber 5,28-041661d198ff,25.125,BLANK,0C,off
01/06/2023 02:18:02,Chamber 5,28-041661d198ff,25.125,BLANK,0C,off
01/06/2023 02:18:22,Chamber 5,28-041661d198ff,25.062,BLANK,0C,off
01/06/2023 02:18:42,Chamber 5,28-041661d198ff,25.125,BLANK,0C,off
01/06/2023 02:19:02,Chamber 5,28-041661d198ff,25.062,BLANK,0C,off
01/06/2023 02:19:22,Chamber 5,28-041661d198ff,25.125,BLANK,0C,off
01/06/2023 02:19:42,Chamber 5,28-041661d198ff,25.062,BLANK,0C,off
01/06/2023 02:20:02,Chamber 5,28-041661d198ff,25.125,BLANK,0C,off
01/06/2023 02:20:22,Chamber 5,28-041661d198ff,25.062,BLANK,0C,off
01/06/2023 02:20:42,Chamber 5,28-041661d198ff,25.062,BLANK,0C,off
01/06/2023 02:21:02,Chamber 5,28-041661d198ff,25.125,BLANK,0C,off
01/06/2023 02:21:22,Chamber 5,28-041661d198ff,25.125,BLANK,0C,off
01/06/2023 02:21:42,Chamber 5,28-041661d198ff,25.062,BLANK,0C,off
01/06/2023 02:22:02,Chamber 5,28-041661d198ff,25.125,BLANK,0C,off
01/06/2023 02:22:22,Chamber 5,28-041661d198ff,25.062,BLANK,0C,off
01/06/2023 02:22:42,Chamber 5,28-041661d198ff,25.125,BLANK,0C,off
01/06/2023 02:23:02,Chamber 5,28-041661d198ff,25.125,BLANK,0C,off
01/06/2023 02:23:22,Chamber 5,28-041661d198ff,25.062,BLANK,0C,off
01/06/2023 02:23:42,Chamber 5,28-041661d198ff,25.062,BLANK,0C,off
01/06/2023 02:24:02,Chamber 5,28-041661d198ff,25.125,BLANK,0C,off
01/06/2023 02:24:22,Chamber 5,28-041661d198ff,25.062,BLANK,0C,off
01/06/2023 02:24:42,Chamber 5,28-041661d198ff,25.062,BLANK,0C,off
01/06/2023 02:25:02,Chamber 5,28-041661d198ff,25.062,BLANK,0C,off
01/06/2023 02:25:22,Chamber 5,28-041661d198ff,25.062,BLANK,0C,off
01/06/2023 02:25:42,Chamber 5,28-041661d198ff,25.062,BLANK,0C,off
01/06/2023 02:26:02,Chamber 5,28-041661d198ff,25.062,BLANK,0C,off
01/06/2023 02:26:22,Chamber 5,28-041661d198ff,25.062,BLANK,0C,off
01/06/2023 02:26:42,Chamber 5,28-041661d198ff,25.062,BLANK,0C,off
01/06/2023 02:27:02,Chamber 5,28-041661d198ff,25.062,BLANK,0C,off
01/06/2023 02:27:22,Chamber 5,28-041661d198ff,25.062,BLANK,0C,off
01/06/2023 02:27:42,Chamber 5,28-041661d198ff,25.062,BLANK,0C,off
01/06/2023 02:28:02,Chamber 5,28-041661d198ff,25.062,BLANK,0C,off
01/06/2023 02:28:22,Chamber 5,28-041661d198ff,25.062,BLANK,0C,off
01/06/2023 02:28:42,Chamber 5,28-041661d198ff,25.062,BLANK,0C,off
01/06/2023 02:29:02,Chamber 5,28-041661d198ff,25.062,BLANK,0C,off
01/06/2023 02:29:22,Chamber 5,28-041661d198ff,25.062,BLANK,0C,off
01/06/2023 02:29:42,Chamber 5,28-041661d198ff,25.062,BLANK,0C,off
01/06/2023 02:30:02,Chamber 5,28-041661d198ff,25.062,BLANK,0C,off
01/06/2023 02:30:22,Chamber 5,28-041661d198ff,25.062,BLANK,0C,off
01/06/2023 02:30:42,Chamber 5,28-041661d198ff,25.062,BLANK,0C,off
01/06/2023 02:31:02,Chamber 5,28-041661d198ff,25.062,BLANK,0C,off
01/06/2023 02:31:22,Chamber 5,28-041661d198ff,25.062,BLANK,0C,off
01/06/2023 02:31:42,Chamber 5,28-041661d198ff,25.062,BLANK,0C,off
01/06/2023 02:32:02,Chamber 5,28-041661d198ff,25.062,BLANK,0C,off
01/06/2023 02:32:22,Chamber 5,28-041661d198ff,25.062,BLANK,0C,off
01/06/2023 02:32:42,Chamber 5,28-041661d198ff,25.062,BLANK,0C,off
01/06/2023 02:33:02,Chamber 5,28-041661d198ff,25.062,BLANK,0C,off
01/06/2023 02:33:22,Chamber 5,28-041661d198ff,25.062,BLANK,0C,off
01/06/2023 02:33:42,Chamber 5,28-041661d198ff,25.062,BLANK,0C,off
01/06/2023 02:34:02,Chamber 5,28-041661d198ff,25.062,BLANK,0C,off
01/06/2023 02:34:22,Chamber 5,28-041661d198ff,25.062,BLANK,0C,off
01/06/2023 02:34:42,Chamber 5,28-041661d198ff,25.062,BLANK,0C,off
01/06/2023 02:35:02,Chamber 5,28-041661d198ff,25.062,BLANK,0C,off
01/06/2023 02:35:22,Chamber 5,28-041661d198ff,25.062,BLANK,0C,off
01/06/2023 02:35:42,Chamber 5,28-041661d198ff,25.062,BLANK,0C,off
01/06/2023 02:36:02,Chamber 5,28-041661d198ff,25.062,BLANK,0C,off
01/06/2023 02:36:22,Chamber 5,28-041661d198ff,25.062,BLANK,0C,off
01/06/2023 02:36:42,Chamber 5,28-041661d198ff,25.062,BLANK,0C,off
01/06/2023 02:37:02,Chamber 5,28-041661d198ff,25.062,BLANK,0C,off
01/06/2023 02:37:22,Chamber 5,28-041661d198ff,25.062,BLANK,0C,off
01/06/2023 02:37:42,Chamber 5,28-041661d198ff,25.062,BLANK,0C,off
01/06/2023 02:38:02,Chamber 5,28-041661d198ff,25.062,BLANK,0C,off
01/06/2023 02:38:22,Chamber 5,28-041661d198ff,25.062,BLANK,0C,off
01/06/2023 02:38:42,Chamber 5,28-041661d198ff,25.062,BLANK,0C,off
01/06/2023 02:39:02,Chamber 5,28-041661d198ff,25.062,BLANK,0C,off
01/06/2023 02:39:22,Chamber 5,28-041661d198ff,25.062,BLANK,0C,off
01/06/2023 02:39:42,Chamber 5,28-041661d198ff,25.062,BLANK,0C,off
01/06/2023 02:40:02,Chamber 5,28-041661d198ff,25.062,BLANK,0C,off
01/06/2023 02:40:22,Chamber 5,28-041661d198ff,25.062,BLANK,0C,off
01/06/2023 02:40:42,Chamber 5,28-041661d198ff,25.062,BLANK,0C,off
01/06/2023 02:41:02,Chamber 5,28-041661d198ff,25.062,BLANK,0C,off
01/06/2023 02:41:22,Chamber 5,28-041661d198ff,25.062,BLANK,0C,off
01/06/2023 02:41:42,Chamber 5,28-041661d198ff,25.062,BLANK,0C,off
01/06/2023 02:42:02,Chamber 5,28-041661d198ff,25.062,BLANK,0C,off
01/06/2023 02:42:22,Chamber 5,28-041661d198ff,25.062,BLANK,0C,off
01/06/2023 02:42:42,Chamber 5,28-041661d198ff,25.062,BLANK,0C,off
01/06/2023 02:43:05,Chamber 5,28-041661d198ff,25.062,BLANK,0C,off
01/06/2023 02:43:22,Chamber 5,28-041661d198ff,25.062,BLANK,0C,off
01/06/2023 02:43:42,Chamber 5,28-041661d198ff,25.062,BLANK,0C,off
01/06/2023 02:44:02,Chamber 5,28-041661d198ff,25.062,BLANK,0C,off
01/06/2023 02:44:22,Chamber 5,28-041661d198ff,25.062,BLANK,0C,off
01/06/2023 02:44:42,Chamber 5,28-041661d198ff,25.062,BLANK,0C,off
01/06/2023 02:45:02,Chamber 5,28-041661d198ff,25.062,BLANK,0C,off
01/06/2023 02:45:22,Chamber 5,28-041661d198ff,25.062,BLANK,0C,off
01/06/2023 02:45:42,Chamber 5,28-041661d198ff,25.062,BLANK,0C,off
01/06/2023 02:46:02,Chamber 5,28-041661d198ff,25.0,BLANK,0C,off
01/06/2023 02:46:22,Chamber 5,28-041661d198ff,25.062,BLANK,0C,off
01/06/2023 02:46:42,Chamber 5,28-041661d198ff,25.062,BLANK,0C,off
01/06/2023 02:47:02,Chamber 5,28-041661d198ff,25.062,BLANK,0C,off
01/06/2023 02:47:22,Chamber 5,28-041661d198ff,25.0,BLANK,0C,off
01/06/2023 02:47:42,Chamber 5,28-041661d198ff,25.0,BLANK,0C,off
01/06/2023 02:48:02,Chamber 5,28-041661d198ff,25.062,BLANK,0C,off
01/06/2023 02:48:22,Chamber 5,28-041661d198ff,25.062,BLANK,0C,off
01/06/2023 02:48:42,Chamber 5,28-041661d198ff,25.0,BLANK,0C,off
01/06/2023 02:49:02,Chamber 5,28-041661d198ff,25.062,BLANK,0C,off
01/06/2023 02:49:22,Chamber 5,28-041661d198ff,25.0,BLANK,0C,off
01/06/2023 02:49:42,Chamber 5,28-041661d198ff,25.0,BLANK,0C,off
01/06/2023 02:50:02,Chamber 5,28-041661d198ff,25.0,BLANK,0C,off
01/06/2023 02:50:23,Chamber 5,28-041661d198ff,25.0,BLANK,0C,off
01/06/2023 02:50:42,Chamber 5,28-041661d198ff,25.0,BLANK,0C,off
01/06/2023 02:51:02,Chamber 5,28-041661d198ff,25.0,BLANK,0C,off
01/06/2023 02:51:22,Chamber 5,28-041661d198ff,25.0,BLANK,0C,off
01/06/2023 02:51:42,Chamber 5,28-041661d198ff,25.0,BLANK,0C,off
01/06/2023 02:52:02,Chamber 5,28-041661d198ff,25.0,BLANK,0C,off
01/06/2023 02:52:22,Chamber 5,28-041661d198ff,25.0,BLANK,0C,off
01/06/2023 02:52:42,Chamber 5,28-041661d198ff,25.0,BLANK,0C,off
01/06/2023 02:53:02,Chamber 5,28-041661d198ff,25.0,BLANK,0C,off
01/06/2023 02:53:22,Chamber 5,28-041661d198ff,25.0,BLANK,0C,off
01/06/2023 02:53:42,Chamber 5,28-041661d198ff,25.0,BLANK,0C,off
01/06/2023 02:54:02,Chamber 5,28-041661d198ff,25.0,BLANK,0C,off
01/06/2023 02:54:22,Chamber 5,28-041661d198ff,25.0,BLANK,0C,off
01/06/2023 02:54:43,Chamber 5,28-041661d198ff,25.0,BLANK,0C,off
01/06/2023 02:55:02,Chamber 5,28-041661d198ff,25.0,BLANK,0C,off
01/06/2023 02:55:22,Chamber 5,28-041661d198ff,25.0,BLANK,0C,off
01/06/2023 02:55:43,Chamber 5,28-041661d198ff,25.0,BLANK,0C,off
01/06/2023 02:56:02,Chamber 5,28-041661d198ff,25.0,BLANK,0C,off
01/06/2023 02:56:22,Chamber 5,28-041661d198ff,25.0,BLANK,0C,off
01/06/2023 02:56:42,Chamber 5,28-041661d198ff,25.0,BLANK,0C,off
01/06/2023 02:57:02,Chamber 5,28-041661d198ff,25.0,BLANK,0C,off
01/06/2023 02:57:22,Chamber 5,28-041661d198ff,25.0,BLANK,0C,off
01/06/2023 02:57:42,Chamber 5,28-041661d198ff,25.0,BLANK,0C,off
01/06/2023 02:58:02,Chamber 5,28-041661d198ff,25.0,BLANK,0C,off
01/06/2023 02:58:22,Chamber 5,28-041661d198ff,25.0,BLANK,0C,off
01/06/2023 02:58:42,Chamber 5,28-041661d198ff,25.0,BLANK,0C,off
01/06/2023 02:59:02,Chamber 5,28-041661d198ff,25.0,BLANK,0C,off
01/06/2023 02:59:22,Chamber 5,28-041661d198ff,25.0,BLANK,0C,off
01/06/2023 02:59:42,Chamber 5,28-041661d198ff,25.0,BLANK,0C,off
01/06/2023 03:00:02,Chamber 5,28-041661d198ff,25.0,BLANK,0C,off
01/06/2023 03:00:22,Chamber 5,28-041661d198ff,25.0,BLANK,0C,off
01/06/2023 03:00:42,Chamber 5,28-041661d198ff,25.0,BLANK,0C,off
01/06/2023 03:01:02,Chamber 5,28-041661d198ff,25.0,BLANK,0C,off
01/06/2023 03:01:22,Chamber 5,28-041661d198ff,25.0,BLANK,0C,off
01/06/2023 03:01:43,Chamber 5,28-041661d198ff,25.0,BLANK,0C,off
01/06/2023 03:02:02,Chamber 5,28-041661d198ff,25.0,BLANK,0C,off
01/06/2023 03:02:22,Chamber 5,28-041661d198ff,25.0,BLANK,0C,off
01/06/2023 03:02:42,Chamber 5,28-041661d198ff,25.0,BLANK,0C,off
01/06/2023 03:03:02,Chamber 5,28-041661d198ff,25.0,BLANK,0C,off
01/06/2023 03:03:22,Chamber 5,28-041661d198ff,25.0,BLANK,0C,off
01/06/2023 03:03:42,Chamber 5,28-041661d198ff,25.0,BLANK,0C,off
01/06/2023 03:04:02,Chamber 5,28-041661d198ff,25.0,BLANK,0C,off
01/06/2023 03:04:22,Chamber 5,28-041661d198ff,25.0,BLANK,0C,off
01/06/2023 03:04:42,Chamber 5,28-041661d198ff,25.0,BLANK,0C,off
01/06/2023 03:05:02,Chamber 5,28-041661d198ff,25.0,BLANK,0C,off
01/06/2023 03:05:22,Chamber 5,28-041661d198ff,25.0,BLANK,0C,off
01/06/2023 03:05:42,Chamber 5,28-041661d198ff,25.0,BLANK,0C,off
01/06/2023 03:06:02,Chamber 5,28-041661d198ff,25.0,BLANK,0C,off
01/06/2023 03:06:22,Chamber 5,28-041661d198ff,25.0,BLANK,0C,off
01/06/2023 03:06:42,Chamber 5,28-041661d198ff,25.0,BLANK,0C,off
01/06/2023 03:07:02,Chamber 5,28-041661d198ff,25.0,BLANK,0C,off
01/06/2023 03:07:22,Chamber 5,28-041661d198ff,25.0,BLANK,0C,off
01/06/2023 03:07:42,Chamber 5,28-041661d198ff,25.0,BLANK,0C,off
01/06/2023 03:08:02,Chamber 5,28-041661d198ff,25.0,BLANK,0C,off
01/06/2023 03:08:22,Chamber 5,28-041661d198ff,24.937,BLANK,0C,off
01/06/2023 03:08:42,Chamber 5,28-041661d198ff,25.0,BLANK,0C,off
01/06/2023 03:09:02,Chamber 5,28-041661d198ff,25.0,BLANK,0C,off
01/06/2023 03:09:22,Chamber 5,28-041661d198ff,25.0,BLANK,0C,off
01/06/2023 03:09:42,Chamber 5,28-041661d198ff,25.0,BLANK,0C,off
01/06/2023 03:10:02,Chamber 5,28-041661d198ff,25.0,BLANK,0C,off
01/06/2023 03:10:22,Chamber 5,28-041661d198ff,25.0,BLANK,0C,off
01/06/2023 03:10:42,Chamber 5,28-041661d198ff,25.0,BLANK,0C,off
01/06/2023 03:11:02,Chamber 5,28-041661d198ff,25.0,BLANK,0C,off
01/06/2023 03:11:22,Chamber 5,28-041661d198ff,25.0,BLANK,0C,off
01/06/2023 03:11:42,Chamber 5,28-041661d198ff,25.0,BLANK,0C,off
01/06/2023 03:12:02,Chamber 5,28-041661d198ff,24.937,BLANK,0C,off
01/06/2023 03:12:22,Chamber 5,28-041661d198ff,25.0,BLANK,0C,off
01/06/2023 03:12:42,Chamber 5,28-041661d198ff,25.0,BLANK,0C,off
01/06/2023 03:13:02,Chamber 5,28-041661d198ff,24.937,BLANK,0C,off
01/06/2023 03:13:22,Chamber 5,28-041661d198ff,24.937,BLANK,0C,off
01/06/2023 03:13:42,Chamber 5,28-041661d198ff,25.0,BLANK,0C,off
01/06/2023 03:14:02,Chamber 5,28-041661d198ff,24.937,BLANK,0C,off
01/06/2023 03:14:22,Chamber 5,28-041661d198ff,25.0,BLANK,0C,off
01/06/2023 03:14:42,Chamber 5,28-041661d198ff,24.937,BLANK,0C,off
01/06/2023 03:15:02,Chamber 5,28-041661d198ff,25.0,BLANK,0C,off
01/06/2023 03:15:22,Chamber 5,28-041661d198ff,25.0,BLANK,0C,off
01/06/2023 03:15:42,Chamber 5,28-041661d198ff,24.937,BLANK,0C,off
01/06/2023 03:16:02,Chamber 5,28-041661d198ff,24.937,BLANK,0C,off
01/06/2023 03:16:22,Chamber 5,28-041661d198ff,24.937,BLANK,0C,off
01/06/2023 03:16:42,Chamber 5,28-041661d198ff,24.937,BLANK,0C,off
01/06/2023 03:17:02,Chamber 5,28-041661d198ff,24.937,BLANK,0C,off
01/06/2023 03:17:22,Chamber 5,28-041661d198ff,24.937,BLANK,0C,off
01/06/2023 03:17:42,Chamber 5,28-041661d198ff,24.937,BLANK,0C,off
01/06/2023 03:18:02,Chamber 5,28-041661d198ff,24.937,BLANK,0C,off
01/06/2023 03:18:22,Chamber 5,28-041661d198ff,24.937,BLANK,0C,off
01/06/2023 03:18:42,Chamber 5,28-041661d198ff,24.937,BLANK,0C,off
01/06/2023 03:19:02,Chamber 5,28-041661d198ff,25.0,BLANK,0C,off
01/06/2023 03:19:22,Chamber 5,28-041661d198ff,24.937,BLANK,0C,off
01/06/2023 03:19:42,Chamber 5,28-041661d198ff,24.937,BLANK,0C,off
01/06/2023 03:20:02,Chamber 5,28-041661d198ff,24.937,BLANK,0C,off
01/06/2023 03:20:22,Chamber 5,28-041661d198ff,24.937,BLANK,0C,off
01/06/2023 03:20:42,Chamber 5,28-041661d198ff,24.937,BLANK,0C,off
01/06/2023 03:21:02,Chamber 5,28-041661d198ff,24.937,BLANK,0C,off
01/06/2023 03:21:22,Chamber 5,28-041661d198ff,24.937,BLANK,0C,off
01/06/2023 03:21:42,Chamber 5,28-041661d198ff,24.937,BLANK,0C,off
01/06/2023 03:22:02,Chamber 5,28-041661d198ff,25.0,BLANK,0C,off
01/06/2023 03:22:22,Chamber 5,28-041661d198ff,25.0,BLANK,0C,off
01/06/2023 03:22:42,Chamber 5,28-041661d198ff,25.0,BLANK,0C,off
01/06/2023 03:23:02,Chamber 5,28-041661d198ff,24.937,BLANK,0C,off
01/06/2023 03:23:22,Chamber 5,28-041661d198ff,25.0,BLANK,0C,off
01/06/2023 03:23:44,Chamber 5,28-041661d198ff,25.0,BLANK,0C,off
01/06/2023 03:24:02,Chamber 5,28-041661d198ff,25.0,BLANK,0C,off
01/06/2023 03:24:22,Chamber 5,28-041661d198ff,25.0,BLANK,0C,off
01/06/2023 03:24:42,Chamber 5,28-041661d198ff,25.0,BLANK,0C,off
01/06/2023 03:25:02,Chamber 5,28-041661d198ff,24.937,BLANK,0C,off
01/06/2023 03:25:23,Chamber 5,28-041661d198ff,25.0,BLANK,0C,off
01/06/2023 03:25:42,Chamber 5,28-041661d198ff,24.937,BLANK,0C,off
01/06/2023 03:26:02,Chamber 5,28-041661d198ff,24.937,BLANK,0C,off
01/06/2023 03:26:22,Chamber 5,28-041661d198ff,24.937,BLANK,0C,off
01/06/2023 03:26:42,Chamber 5,28-041661d198ff,24.937,BLANK,0C,off
01/06/2023 03:27:02,Chamber 5,28-041661d198ff,24.937,BLANK,0C,off
01/06/2023 03:27:22,Chamber 5,28-041661d198ff,24.937,BLANK,0C,off
01/06/2023 03:27:42,Chamber 5,28-041661d198ff,24.937,BLANK,0C,off
01/06/2023 03:28:02,Chamber 5,28-041661d198ff,24.937,BLANK,0C,off
01/06/2023 03:28:22,Chamber 5,28-041661d198ff,24.937,BLANK,0C,off
01/06/2023 03:28:42,Chamber 5,28-041661d198ff,24.937,BLANK,0C,off
01/06/2023 03:29:02,Chamber 5,28-041661d198ff,24.937,BLANK,0C,off
01/06/2023 03:29:22,Chamber 5,28-041661d198ff,24.937,BLANK,0C,off
01/06/2023 03:29:42,Chamber 5,28-041661d198ff,24.937,BLANK,0C,off
01/06/2023 03:30:02,Chamber 5,28-041661d198ff,24.937,BLANK,0C,off
01/06/2023 03:30:22,Chamber 5,28-041661d198ff,24.937,BLANK,0C,off
01/06/2023 03:30:42,Chamber 5,28-041661d198ff,24.937,BLANK,0C,off
01/06/2023 03:31:02,Chamber 5,28-041661d198ff,24.937,BLANK,0C,off
01/06/2023 03:31:22,Chamber 5,28-041661d198ff,24.937,BLANK,0C,off
01/06/2023 03:31:42,Chamber 5,28-041661d198ff,24.937,BLANK,0C,off
01/06/2023 03:32:02,Chamber 5,28-041661d198ff,24.937,BLANK,0C,off
01/06/2023 03:32:22,Chamber 5,28-041661d198ff,24.937,BLANK,0C,off
01/06/2023 03:32:42,Chamber 5,28-041661d198ff,24.937,BLANK,0C,off
01/06/2023 03:33:02,Chamber 5,28-041661d198ff,24.937,BLANK,0C,off
01/06/2023 03:33:22,Chamber 5,28-041661d198ff,24.937,BLANK,0C,off
01/06/2023 03:33:42,Chamber 5,28-041661d198ff,24.937,BLANK,0C,off
01/06/2023 03:34:02,Chamber 5,28-041661d198ff,24.937,BLANK,0C,off
01/06/2023 03:34:22,Chamber 5,28-041661d198ff,24.937,BLANK,0C,off
01/06/2023 03:34:42,Chamber 5,28-041661d198ff,24.937,BLANK,0C,off
01/06/2023 03:35:02,Chamber 5,28-041661d198ff,24.937,BLANK,0C,off
01/06/2023 03:35:22,Chamber 5,28-041661d198ff,24.937,BLANK,0C,off
01/06/2023 03:35:42,Chamber 5,28-041661d198ff,24.937,BLANK,0C,off
01/06/2023 03:36:05,Chamber 5,28-041661d198ff,24.937,BLANK,0C,off
01/06/2023 03:36:22,Chamber 5,28-041661d198ff,24.937,BLANK,0C,off
01/06/2023 03:36:42,Chamber 5,28-041661d198ff,24.937,BLANK,0C,off
01/06/2023 03:37:02,Chamber 5,28-041661d198ff,24.937,BLANK,0C,off
01/06/2023 03:37:22,Chamber 5,28-041661d198ff,24.937,BLANK,0C,off
01/06/2023 03:37:42,Chamber 5,28-041661d198ff,24.937,BLANK,0C,off
01/06/2023 03:38:02,Chamber 5,28-041661d198ff,24.937,BLANK,0C,off
01/06/2023 03:38:22,Chamber 5,28-041661d198ff,24.937,BLANK,0C,off
01/06/2023 03:38:42,Chamber 5,28-041661d198ff,24.937,BLANK,0C,off
01/06/2023 03:39:02,Chamber 5,28-041661d198ff,24.937,BLANK,0C,off
01/06/2023 03:39:22,Chamber 5,28-041661d198ff,24.937,BLANK,0C,off
01/06/2023 03:39:42,Chamber 5,28-041661d198ff,24.937,BLANK,0C,off
01/06/2023 03:40:02,Chamber 5,28-041661d198ff,24.937,BLANK,0C,off
01/06/2023 03:40:22,Chamber 5,28-041661d198ff,24.937,BLANK,0C,off
01/06/2023 03:40:42,Chamber 5,28-041661d198ff,24.937,BLANK,0C,off
01/06/2023 03:41:02,Chamber 5,28-041661d198ff,24.937,BLANK,0C,off
01/06/2023 03:41:22,Chamber 5,28-041661d198ff,24.937,BLANK,0C,off
01/06/2023 03:41:42,Chamber 5,28-041661d198ff,24.937,BLANK,0C,off
01/06/2023 03:42:03,Chamber 5,28-041661d198ff,24.937,BLANK,0C,off
01/06/2023 03:42:22,Chamber 5,28-041661d198ff,24.937,BLANK,0C,off
01/06/2023 03:42:42,Chamber 5,28-041661d198ff,24.937,BLANK,0C,off
01/06/2023 03:43:02,Chamber 5,28-041661d198ff,24.937,BLANK,0C,off
01/06/2023 03:43:22,Chamber 5,28-041661d198ff,24.937,BLANK,0C,off
01/06/2023 03:43:42,Chamber 5,28-041661d198ff,24.937,BLANK,0C,off
01/06/2023 03:44:02,Chamber 5,28-041661d198ff,24.937,BLANK,0C,off
01/06/2023 03:44:22,Chamber 5,28-041661d198ff,24.937,BLANK,0C,off
01/06/2023 03:44:42,Chamber 5,28-041661d198ff,24.937,BLANK,0C,off
01/06/2023 03:45:02,Chamber 5,28-041661d198ff,24.937,BLANK,0C,off
01/06/2023 03:45:22,Chamber 5,28-041661d198ff,24.937,BLANK,0C,off
01/06/2023 03:45:42,Chamber 5,28-041661d198ff,24.937,BLANK,0C,off
01/06/2023 03:46:02,Chamber 5,28-041661d198ff,24.937,BLANK,0C,off
01/06/2023 03:46:22,Chamber 5,28-041661d198ff,24.937,BLANK,0C,off
01/06/2023 03:46:42,Chamber 5,28-041661d198ff,24.937,BLANK,0C,off
01/06/2023 03:47:02,Chamber 5,28-041661d198ff,24.937,BLANK,0C,off
01/06/2023 03:47:22,Chamber 5,28-041661d198ff,24.937,BLANK,0C,off
01/06/2023 03:47:42,Chamber 5,28-041661d198ff,24.937,BLANK,0C,off
01/06/2023 03:48:02,Chamber 5,28-041661d198ff,24.937,BLANK,0C,off
01/06/2023 03:48:22,Chamber 5,28-041661d198ff,24.937,BLANK,0C,off
01/06/2023 03:48:42,Chamber 5,28-041661d198ff,24.937,BLANK,0C,off
01/06/2023 03:49:02,Chamber 5,28-041661d198ff,24.937,BLANK,0C,off
01/06/2023 03:49:22,Chamber 5,28-041661d198ff,24.937,BLANK,0C,off
01/06/2023 03:49:42,Chamber 5,28-041661d198ff,24.937,BLANK,0C,off
01/06/2023 03:50:02,Chamber 5,28-041661d198ff,24.937,BLANK,0C,off
01/06/2023 03:50:22,Chamber 5,28-041661d198ff,24.937,BLANK,0C,off
01/06/2023 03:50:42,Chamber 5,28-041661d198ff,24.937,BLANK,0C,off
01/06/2023 03:51:02,Chamber 5,28-041661d198ff,24.937,BLANK,0C,off
01/06/2023 03:51:23,Chamber 5,28-041661d198ff,24.937,BLANK,0C,off
01/06/2023 03:51:42,Chamber 5,28-041661d198ff,24.937,BLANK,0C,off
01/06/2023 03:52:02,Chamber 5,28-041661d198ff,24.937,BLANK,0C,off
01/06/2023 03:52:22,Chamber 5,28-041661d198ff,24.937,BLANK,0C,off
01/06/2023 03:52:42,Chamber 5,28-041661d198ff,24.937,BLANK,0C,off
01/06/2023 03:53:02,Chamber 5,28-041661d198ff,24.937,BLANK,0C,off
01/06/2023 03:53:22,Chamber 5,28-041661d198ff,24.937,BLANK,0C,off
01/06/2023 03:53:42,Chamber 5,28-041661d198ff,24.937,BLANK,0C,off
01/06/2023 03:54:02,Chamber 5,28-041661d198ff,24.937,BLANK,0C,off
01/06/2023 03:54:22,Chamber 5,28-041661d198ff,24.937,BLANK,0C,off
01/06/2023 03:54:42,Chamber 5,28-041661d198ff,24.937,BLANK,0C,off
01/06/2023 03:55:02,Chamber 5,28-041661d198ff,24.937,BLANK,0C,off
01/06/2023 03:55:22,Chamber 5,28-041661d198ff,24.937,BLANK,0C,off
01/06/2023 03:55:42,Chamber 5,28-041661d198ff,24.875,BLANK,0C,off
01/06/2023 03:56:02,Chamber 5,28-041661d198ff,24.937,BLANK,0C,off
01/06/2023 03:56:22,Chamber 5,28-041661d198ff,24.937,BLANK,0C,off
01/06/2023 03:56:42,Chamber 5,28-041661d198ff,24.937,BLANK,0C,off
01/06/2023 03:57:02,Chamber 5,28-041661d198ff,24.937,BLANK,0C,off
01/06/2023 03:57:22,Chamber 5,28-041661d198ff,24.937,BLANK,0C,off
01/06/2023 03:57:42,Chamber 5,28-041661d198ff,24.875,BLANK,0C,off
01/06/2023 03:58:02,Chamber 5,28-041661d198ff,24.875,BLANK,0C,off
01/06/2023 03:58:22,Chamber 5,28-041661d198ff,24.937,BLANK,0C,off
01/06/2023 03:58:42,Chamber 5,28-041661d198ff,24.875,BLANK,0C,off
01/06/2023 03:59:02,Chamber 5,28-041661d198ff,24.875,BLANK,0C,off
01/06/2023 03:59:22,Chamber 5,28-041661d198ff,24.875,BLANK,0C,off
01/06/2023 03:59:42,Chamber 5,28-041661d198ff,24.875,BLANK,0C,off
01/06/2023 04:00:03,Chamber 5,28-041661d198ff,24.875,BLANK,0C,off
01/06/2023 04:00:23,Chamber 5,28-041661d198ff,24.875,BLANK,0C,off
01/06/2023 04:00:43,Chamber 5,28-041661d198ff,24.937,BLANK,0C,off
01/06/2023 04:01:03,Chamber 5,28-041661d198ff,24.937,BLANK,0C,off
01/06/2023 04:01:23,Chamber 5,28-041661d198ff,24.937,BLANK,0C,off
01/06/2023 04:01:43,Chamber 5,28-041661d198ff,24.875,BLANK,0C,off
01/06/2023 04:02:03,Chamber 5,28-041661d198ff,24.875,BLANK,0C,off
01/06/2023 04:02:23,Chamber 5,28-041661d198ff,24.937,BLANK,0C,off
01/06/2023 04:02:43,Chamber 5,28-041661d198ff,24.875,BLANK,0C,off
01/06/2023 04:03:03,Chamber 5,28-041661d198ff,24.875,BLANK,0C,off
01/06/2023 04:03:23,Chamber 5,28-041661d198ff,24.875,BLANK,0C,off
01/06/2023 04:03:43,Chamber 5,28-041661d198ff,24.875,BLANK,0C,off
01/06/2023 04:04:03,Chamber 5,28-041661d198ff,24.875,BLANK,0C,off
01/06/2023 04:04:23,Chamber 5,28-041661d198ff,24.875,BLANK,0C,off
01/06/2023 04:04:43,Chamber 5,28-041661d198ff,24.875,BLANK,0C,off
01/06/2023 04:05:03,Chamber 5,28-041661d198ff,24.875,BLANK,0C,off
01/06/2023 04:05:23,Chamber 5,28-041661d198ff,24.875,BLANK,0C,off
01/06/2023 04:05:43,Chamber 5,28-041661d198ff,24.875,BLANK,0C,off
01/06/2023 04:06:03,Chamber 5,28-041661d198ff,24.875,BLANK,0C,off
01/06/2023 04:06:23,Chamber 5,28-041661d198ff,24.875,BLANK,0C,off
01/06/2023 04:06:43,Chamber 5,28-041661d198ff,24.875,BLANK,0C,off
01/06/2023 04:07:03,Chamber 5,28-041661d198ff,24.875,BLANK,0C,off
01/06/2023 04:07:23,Chamber 5,28-041661d198ff,24.875,BLANK,0C,off
01/06/2023 04:07:43,Chamber 5,28-041661d198ff,24.875,BLANK,0C,off
01/06/2023 04:08:03,Chamber 5,28-041661d198ff,24.875,BLANK,0C,off
01/06/2023 04:08:23,Chamber 5,28-041661d198ff,24.875,BLANK,0C,off
01/06/2023 04:08:43,Chamber 5,28-041661d198ff,24.875,BLANK,0C,off
01/06/2023 04:09:03,Chamber 5,28-041661d198ff,24.875,BLANK,0C,off
01/06/2023 04:09:23,Chamber 5,28-041661d198ff,24.875,BLANK,0C,off
01/06/2023 04:09:43,Chamber 5,28-041661d198ff,24.875,BLANK,0C,off
01/06/2023 04:10:03,Chamber 5,28-041661d198ff,24.875,BLANK,0C,off
01/06/2023 04:10:23,Chamber 5,28-041661d198ff,24.875,BLANK,0C,off
01/06/2023 04:10:43,Chamber 5,28-041661d198ff,24.875,BLANK,0C,off
01/06/2023 04:11:03,Chamber 5,28-041661d198ff,24.875,BLANK,0C,off
01/06/2023 04:11:23,Chamber 5,28-041661d198ff,24.875,BLANK,0C,off
01/06/2023 04:11:43,Chamber 5,28-041661d198ff,24.875,BLANK,0C,off
01/06/2023 04:12:03,Chamber 5,28-041661d198ff,24.875,BLANK,0C,off
01/06/2023 04:12:23,Chamber 5,28-041661d198ff,24.875,BLANK,0C,off
01/06/2023 04:12:43,Chamber 5,28-041661d198ff,24.875,BLANK,0C,off
01/06/2023 04:13:03,Chamber 5,28-041661d198ff,24.875,BLANK,0C,off
01/06/2023 04:13:23,Chamber 5,28-041661d198ff,24.875,BLANK,0C,off
01/06/2023 04:13:43,Chamber 5,28-041661d198ff,24.875,BLANK,0C,off
01/06/2023 04:14:03,Chamber 5,28-041661d198ff,24.875,BLANK,0C,off
01/06/2023 04:14:23,Chamber 5,28-041661d198ff,24.875,BLANK,0C,off
01/06/2023 04:14:43,Chamber 5,28-041661d198ff,24.875,BLANK,0C,off
01/06/2023 04:15:03,Chamber 5,28-041661d198ff,24.875,BLANK,0C,off
01/06/2023 04:15:23,Chamber 5,28-041661d198ff,24.875,BLANK,0C,off
01/06/2023 04:15:43,Chamber 5,28-041661d198ff,24.875,BLANK,0C,off
01/06/2023 04:16:03,Chamber 5,28-041661d198ff,24.875,BLANK,0C,off
01/06/2023 04:16:23,Chamber 5,28-041661d198ff,24.875,BLANK,0C,off
01/06/2023 04:16:43,Chamber 5,28-041661d198ff,24.875,BLANK,0C,off
01/06/2023 04:17:03,Chamber 5,28-041661d198ff,24.875,BLANK,0C,off
01/06/2023 04:17:23,Chamber 5,28-041661d198ff,24.875,BLANK,0C,off
01/06/2023 04:17:43,Chamber 5,28-041661d198ff,24.875,BLANK,0C,off
01/06/2023 04:18:03,Chamber 5,28-041661d198ff,24.875,BLANK,0C,off
01/06/2023 04:18:23,Chamber 5,28-041661d198ff,24.875,BLANK,0C,off
01/06/2023 04:18:43,Chamber 5,28-041661d198ff,24.875,BLANK,0C,off
01/06/2023 04:19:03,Chamber 5,28-041661d198ff,24.875,BLANK,0C,off
01/06/2023 04:19:23,Chamber 5,28-041661d198ff,24.875,BLANK,0C,off
01/06/2023 04:19:43,Chamber 5,28-041661d198ff,24.875,BLANK,0C,off
01/06/2023 04:20:03,Chamber 5,28-041661d198ff,24.875,BLANK,0C,off
01/06/2023 04:20:23,Chamber 5,28-041661d198ff,24.875,BLANK,0C,off
01/06/2023 04:20:43,Chamber 5,28-041661d198ff,24.875,BLANK,0C,off
01/06/2023 04:21:03,Chamber 5,28-041661d198ff,24.875,BLANK,0C,off
01/06/2023 04:21:23,Chamber 5,28-041661d198ff,24.875,BLANK,0C,off
01/06/2023 04:21:43,Chamber 5,28-041661d198ff,24.875,BLANK,0C,off
01/06/2023 04:22:03,Chamber 5,28-041661d198ff,24.875,BLANK,0C,off
01/06/2023 04:22:23,Chamber 5,28-041661d198ff,24.875,BLANK,0C,off
01/06/2023 04:22:43,Chamber 5,28-041661d198ff,24.875,BLANK,0C,off
01/06/2023 04:23:03,Chamber 5,28-041661d198ff,24.875,BLANK,0C,off
01/06/2023 04:23:23,Chamber 5,28-041661d198ff,24.875,BLANK,0C,off
01/06/2023 04:23:43,Chamber 5,28-041661d198ff,24.812,BLANK,0C,off
01/06/2023 04:24:03,Chamber 5,28-041661d198ff,24.812,BLANK,0C,off
01/06/2023 04:24:23,Chamber 5,28-041661d198ff,24.875,BLANK,0C,off
01/06/2023 04:24:43,Chamber 5,28-041661d198ff,24.875,BLANK,0C,off
01/06/2023 04:25:03,Chamber 5,28-041661d198ff,24.812,BLANK,0C,off
01/06/2023 04:25:23,Chamber 5,28-041661d198ff,24.875,BLANK,0C,off
01/06/2023 04:25:43,Chamber 5,28-041661d198ff,24.812,BLANK,0C,off
01/06/2023 04:26:03,Chamber 5,28-041661d198ff,24.812,BLANK,0C,off
01/06/2023 04:26:23,Chamber 5,28-041661d198ff,24.812,BLANK,0C,off
01/06/2023 04:26:43,Chamber 5,28-041661d198ff,24.812,BLANK,0C,off
01/06/2023 04:27:03,Chamber 5,28-041661d198ff,24.875,BLANK,0C,off
01/06/2023 04:27:23,Chamber 5,28-041661d198ff,24.875,BLANK,0C,off
01/06/2023 04:27:43,Chamber 5,28-041661d198ff,24.875,BLANK,0C,off
01/06/2023 04:28:03,Chamber 5,28-041661d198ff,24.875,BLANK,0C,off
01/06/2023 04:28:23,Chamber 5,28-041661d198ff,24.812,BLANK,0C,off
01/06/2023 04:28:43,Chamber 5,28-041661d198ff,24.875,BLANK,0C,off
01/06/2023 04:29:03,Chamber 5,28-041661d198ff,24.875,BLANK,0C,off
01/06/2023 04:29:23,Chamber 5,28-041661d198ff,24.812,BLANK,0C,off
01/06/2023 04:29:43,Chamber 5,28-041661d198ff,24.812,BLANK,0C,off
01/06/2023 04:30:03,Chamber 5,28-041661d198ff,24.875,BLANK,0C,off
01/06/2023 04:30:23,Chamber 5,28-041661d198ff,24.875,BLANK,0C,off
01/06/2023 04:30:43,Chamber 5,28-041661d198ff,24.812,BLANK,0C,off
01/06/2023 04:31:03,Chamber 5,28-041661d198ff,24.812,BLANK,0C,off
01/06/2023 04:31:23,Chamber 5,28-041661d198ff,24.812,BLANK,0C,off
01/06/2023 04:31:43,Chamber 5,28-041661d198ff,24.812,BLANK,0C,off
01/06/2023 04:32:03,Chamber 5,28-041661d198ff,24.812,BLANK,0C,off
01/06/2023 04:32:23,Chamber 5,28-041661d198ff,24.812,BLANK,0C,off
01/06/2023 04:32:43,Chamber 5,28-041661d198ff,24.812,BLANK,0C,off
01/06/2023 04:33:03,Chamber 5,28-041661d198ff,24.812,BLANK,0C,off
01/06/2023 04:33:23,Chamber 5,28-041661d198ff,24.812,BLANK,0C,off
01/06/2023 04:33:43,Chamber 5,28-041661d198ff,24.812,BLANK,0C,off
01/06/2023 04:34:03,Chamber 5,28-041661d198ff,24.812,BLANK,0C,off
01/06/2023 04:34:23,Chamber 5,28-041661d198ff,24.812,BLANK,0C,off
01/06/2023 04:34:43,Chamber 5,28-041661d198ff,24.812,BLANK,0C,off
01/06/2023 04:35:03,Chamber 5,28-041661d198ff,24.812,BLANK,0C,off
01/06/2023 04:35:23,Chamber 5,28-041661d198ff,24.812,BLANK,0C,off
01/06/2023 04:35:43,Chamber 5,28-041661d198ff,24.812,BLANK,0C,off
01/06/2023 04:36:03,Chamber 5,28-041661d198ff,24.812,BLANK,0C,off
01/06/2023 04:36:23,Chamber 5,28-041661d198ff,24.812,BLANK,0C,off
01/06/2023 04:36:43,Chamber 5,28-041661d198ff,24.812,BLANK,0C,off
01/06/2023 04:37:03,Chamber 5,28-041661d198ff,24.812,BLANK,0C,off
01/06/2023 04:37:23,Chamber 5,28-041661d198ff,24.812,BLANK,0C,off
01/06/2023 04:37:43,Chamber 5,28-041661d198ff,24.812,BLANK,0C,off
01/06/2023 04:38:03,Chamber 5,28-041661d198ff,24.812,BLANK,0C,off
01/06/2023 04:38:23,Chamber 5,28-041661d198ff,24.812,BLANK,0C,off
01/06/2023 04:38:43,Chamber 5,28-041661d198ff,24.812,BLANK,0C,off
01/06/2023 04:39:03,Chamber 5,28-041661d198ff,24.812,BLANK,0C,off
01/06/2023 04:39:23,Chamber 5,28-041661d198ff,24.812,BLANK,0C,off
01/06/2023 04:39:43,Chamber 5,28-041661d198ff,24.812,BLANK,0C,off
01/06/2023 04:40:03,Chamber 5,28-041661d198ff,24.812,BLANK,0C,off
01/06/2023 04:40:24,Chamber 5,28-041661d198ff,24.812,BLANK,0C,off
01/06/2023 04:40:43,Chamber 5,28-041661d198ff,24.812,BLANK,0C,off
01/06/2023 04:41:03,Chamber 5,28-041661d198ff,24.812,BLANK,0C,off
01/06/2023 04:41:23,Chamber 5,28-041661d198ff,24.812,BLANK,0C,off
01/06/2023 04:41:43,Chamber 5,28-041661d198ff,24.812,BLANK,0C,off
01/06/2023 04:42:03,Chamber 5,28-041661d198ff,24.812,BLANK,0C,off
01/06/2023 04:42:23,Chamber 5,28-041661d198ff,24.812,BLANK,0C,off
01/06/2023 04:42:44,Chamber 5,28-041661d198ff,24.812,BLANK,0C,off
01/06/2023 04:43:03,Chamber 5,28-041661d198ff,24.812,BLANK,0C,off
01/06/2023 04:43:23,Chamber 5,28-041661d198ff,24.812,BLANK,0C,off
01/06/2023 04:43:43,Chamber 5,28-041661d198ff,24.812,BLANK,0C,off
01/06/2023 04:44:03,Chamber 5,28-041661d198ff,24.812,BLANK,0C,off
01/06/2023 04:44:23,Chamber 5,28-041661d198ff,24.812,BLANK,0C,off
01/06/2023 04:44:43,Chamber 5,28-041661d198ff,24.812,BLANK,0C,off
01/06/2023 04:45:03,Chamber 5,28-041661d198ff,24.812,BLANK,0C,off
01/06/2023 04:45:23,Chamber 5,28-041661d198ff,24.812,BLANK,0C,off
01/06/2023 04:45:43,Chamber 5,28-041661d198ff,24.812,BLANK,0C,off
01/06/2023 04:46:04,Chamber 5,28-041661d198ff,24.812,BLANK,0C,off
01/06/2023 04:46:23,Chamber 5,28-041661d198ff,24.812,BLANK,0C,off
01/06/2023 04:46:43,Chamber 5,28-041661d198ff,24.812,BLANK,0C,off
01/06/2023 04:47:03,Chamber 5,28-041661d198ff,24.812,BLANK,0C,off
01/06/2023 04:47:24,Chamber 5,28-041661d198ff,24.812,BLANK,0C,off
01/06/2023 04:47:43,Chamber 5,28-041661d198ff,24.812,BLANK,0C,off
01/06/2023 04:48:03,Chamber 5,28-041661d198ff,24.812,BLANK,0C,off
01/06/2023 04:48:23,Chamber 5,28-041661d198ff,24.812,BLANK,0C,off
01/06/2023 04:48:43,Chamber 5,28-041661d198ff,24.812,BLANK,0C,off
01/06/2023 04:49:03,Chamber 5,28-041661d198ff,24.812,BLANK,0C,off
01/06/2023 04:49:23,Chamber 5,28-041661d198ff,24.812,BLANK,0C,off
01/06/2023 04:49:43,Chamber 5,28-041661d198ff,24.812,BLANK,0C,off
01/06/2023 04:50:03,Chamber 5,28-041661d198ff,24.812,BLANK,0C,off
01/06/2023 04:50:23,Chamber 5,28-041661d198ff,24.812,BLANK,0C,off
01/06/2023 04:50:45,Chamber 5,28-041661d198ff,24.812,BLANK,0C,off
01/06/2023 04:51:03,Chamber 5,28-041661d198ff,24.812,BLANK,0C,off
01/06/2023 04:51:23,Chamber 5,28-041661d198ff,24.812,BLANK,0C,off
01/06/2023 04:51:43,Chamber 5,28-041661d198ff,24.812,BLANK,0C,off
01/06/2023 04:52:03,Chamber 5,28-041661d198ff,24.812,BLANK,0C,off
01/06/2023 04:52:24,Chamber 5,28-041661d198ff,24.812,BLANK,0C,off
01/06/2023 04:52:43,Chamber 5,28-041661d198ff,24.812,BLANK,0C,off
01/06/2023 04:53:03,Chamber 5,28-041661d198ff,24.812,BLANK,0C,off
01/06/2023 04:53:23,Chamber 5,28-041661d198ff,24.812,BLANK,0C,off
01/06/2023 04:53:43,Chamber 5,28-041661d198ff,24.812,BLANK,0C,off
01/06/2023 04:54:03,Chamber 5,28-041661d198ff,24.75,BLANK,0C,off
01/06/2023 04:54:23,Chamber 5,28-041661d198ff,24.75,BLANK,0C,off
01/06/2023 04:54:43,Chamber 5,28-041661d198ff,24.75,BLANK,0C,off
01/06/2023 04:55:03,Chamber 5,28-041661d198ff,24.812,BLANK,0C,off
01/06/2023 04:55:23,Chamber 5,28-041661d198ff,24.75,BLANK,0C,off
01/06/2023 04:55:43,Chamber 5,28-041661d198ff,24.812,BLANK,0C,off
01/06/2023 04:56:03,Chamber 5,28-041661d198ff,24.75,BLANK,0C,off
01/06/2023 04:56:23,Chamber 5,28-041661d198ff,24.812,BLANK,0C,off
01/06/2023 04:56:43,Chamber 5,28-041661d198ff,24.75,BLANK,0C,off
01/06/2023 04:57:03,Chamber 5,28-041661d198ff,24.75,BLANK,0C,off
01/06/2023 04:57:23,Chamber 5,28-041661d198ff,24.812,BLANK,0C,off
01/06/2023 04:57:43,Chamber 5,28-041661d198ff,24.812,BLANK,0C,off
01/06/2023 04:58:03,Chamber 5,28-041661d198ff,24.75,BLANK,0C,off
01/06/2023 04:58:23,Chamber 5,28-041661d198ff,24.75,BLANK,0C,off
01/06/2023 04:58:43,Chamber 5,28-041661d198ff,24.75,BLANK,0C,off
01/06/2023 04:59:03,Chamber 5,28-041661d198ff,24.75,BLANK,0C,off
01/06/2023 04:59:23,Chamber 5,28-041661d198ff,24.75,BLANK,0C,off
01/06/2023 04:59:43,Chamber 5,28-041661d198ff,24.75,BLANK,0C,off
01/06/2023 05:00:06,Chamber 5,28-041661d198ff,24.812,BLANK,0C,off
01/06/2023 05:00:23,Chamber 5,28-041661d198ff,24.812,BLANK,0C,off
01/06/2023 05:00:43,Chamber 5,28-041661d198ff,24.75,BLANK,0C,off
01/06/2023 05:01:03,Chamber 5,28-041661d198ff,24.75,BLANK,0C,off
01/06/2023 05:01:23,Chamber 5,28-041661d198ff,24.75,BLANK,0C,off
01/06/2023 05:01:43,Chamber 5,28-041661d198ff,24.75,BLANK,0C,off
01/06/2023 05:02:03,Chamber 5,28-041661d198ff,24.75,BLANK,0C,off
01/06/2023 05:02:23,Chamber 5,28-041661d198ff,24.75,BLANK,0C,off
01/06/2023 05:02:43,Chamber 5,28-041661d198ff,24.75,BLANK,0C,off
01/06/2023 05:03:03,Chamber 5,28-041661d198ff,24.75,BLANK,0C,off
01/06/2023 05:03:23,Chamber 5,28-041661d198ff,24.75,BLANK,0C,off
01/06/2023 05:03:43,Chamber 5,28-041661d198ff,24.75,BLANK,0C,off
01/06/2023 05:04:03,Chamber 5,28-041661d198ff,24.75,BLANK,0C,off
01/06/2023 05:04:23,Chamber 5,28-041661d198ff,24.75,BLANK,0C,off
01/06/2023 05:04:43,Chamber 5,28-041661d198ff,24.75,BLANK,0C,off
01/06/2023 05:05:03,Chamber 5,28-041661d198ff,24.75,BLANK,0C,off
01/06/2023 05:05:23,Chamber 5,28-041661d198ff,24.75,BLANK,0C,off
01/06/2023 05:05:43,Chamber 5,28-041661d198ff,24.75,BLANK,0C,off
01/06/2023 05:06:03,Chamber 5,28-041661d198ff,24.75,BLANK,0C,off
01/06/2023 05:06:23,Chamber 5,28-041661d198ff,24.75,BLANK,0C,off
01/06/2023 05:06:43,Chamber 5,28-041661d198ff,24.75,BLANK,0C,off
01/06/2023 05:07:03,Chamber 5,28-041661d198ff,24.75,BLANK,0C,off
01/06/2023 05:07:23,Chamber 5,28-041661d198ff,24.75,BLANK,0C,off
01/06/2023 05:07:43,Chamber 5,28-041661d198ff,24.75,BLANK,0C,off
01/06/2023 05:08:03,Chamber 5,28-041661d198ff,24.75,BLANK,0C,off
01/06/2023 05:08:23,Chamber 5,28-041661d198ff,24.75,BLANK,0C,off
01/06/2023 05:08:43,Chamber 5,28-041661d198ff,24.75,BLANK,0C,off
01/06/2023 05:09:03,Chamber 5,28-041661d198ff,24.75,BLANK,0C,off
01/06/2023 05:09:23,Chamber 5,28-041661d198ff,24.75,BLANK,0C,off
01/06/2023 05:09:43,Chamber 5,28-041661d198ff,24.75,BLANK,0C,off
01/06/2023 05:10:03,Chamber 5,28-041661d198ff,24.75,BLANK,0C,off
01/06/2023 05:10:23,Chamber 5,28-041661d198ff,24.75,BLANK,0C,off
01/06/2023 05:10:43,Chamber 5,28-041661d198ff,24.75,BLANK,0C,off
01/06/2023 05:11:03,Chamber 5,28-041661d198ff,24.75,BLANK,0C,off
01/06/2023 05:11:23,Chamber 5,28-041661d198ff,24.75,BLANK,0C,off
01/06/2023 05:11:43,Chamber 5,28-041661d198ff,24.75,BLANK,0C,off
01/06/2023 05:12:03,Chamber 5,28-041661d198ff,24.75,BLANK,0C,off
01/06/2023 05:12:23,Chamber 5,28-041661d198ff,24.75,BLANK,0C,off
01/06/2023 05:12:43,Chamber 5,28-041661d198ff,24.75,BLANK,0C,off
01/06/2023 05:13:04,Chamber 5,28-041661d198ff,24.75,BLANK,0C,off
01/06/2023 05:13:23,Chamber 5,28-041661d198ff,24.75,BLANK,0C,off
01/06/2023 05:13:43,Chamber 5,28-041661d198ff,24.75,BLANK,0C,off
01/06/2023 05:14:03,Chamber 5,28-041661d198ff,24.75,BLANK,0C,off
01/06/2023 05:14:23,Chamber 5,28-041661d198ff,24.75,BLANK,0C,off
01/06/2023 05:14:43,Chamber 5,28-041661d198ff,24.75,BLANK,0C,off
01/06/2023 05:15:03,Chamber 5,28-041661d198ff,24.75,BLANK,0C,off
01/06/2023 05:15:23,Chamber 5,28-041661d198ff,24.75,BLANK,0C,off
01/06/2023 05:15:43,Chamber 5,28-041661d198ff,24.75,BLANK,0C,off
01/06/2023 05:16:03,Chamber 5,28-041661d198ff,24.75,BLANK,0C,off
01/06/2023 05:16:23,Chamber 5,28-041661d198ff,24.75,BLANK,0C,off
01/06/2023 05:16:43,Chamber 5,28-041661d198ff,24.75,BLANK,0C,off
01/06/2023 05:17:03,Chamber 5,28-041661d198ff,24.75,BLANK,0C,off
01/06/2023 05:17:23,Chamber 5,28-041661d198ff,24.75,BLANK,0C,off
01/06/2023 05:17:43,Chamber 5,28-041661d198ff,24.75,BLANK,0C,off
01/06/2023 05:18:03,Chamber 5,28-041661d198ff,24.75,BLANK,0C,off
01/06/2023 05:18:23,Chamber 5,28-041661d198ff,24.75,BLANK,0C,off
01/06/2023 05:18:43,Chamber 5,28-041661d198ff,24.687,BLANK,0C,off
01/06/2023 05:19:03,Chamber 5,28-041661d198ff,24.687,BLANK,0C,off
01/06/2023 05:19:23,Chamber 5,28-041661d198ff,24.687,BLANK,0C,off
01/06/2023 05:19:43,Chamber 5,28-041661d198ff,24.687,BLANK,0C,off
01/06/2023 05:20:04,Chamber 5,28-041661d198ff,24.75,BLANK,0C,off
01/06/2023 05:20:23,Chamber 5,28-041661d198ff,24.75,BLANK,0C,off
01/06/2023 05:20:43,Chamber 5,28-041661d198ff,24.75,BLANK,0C,off
01/06/2023 05:21:03,Chamber 5,28-041661d198ff,24.687,BLANK,0C,off
01/06/2023 05:21:23,Chamber 5,28-041661d198ff,24.687,BLANK,0C,off
01/06/2023 05:21:43,Chamber 5,28-041661d198ff,24.687,BLANK,0C,off
01/06/2023 05:22:03,Chamber 5,28-041661d198ff,24.687,BLANK,0C,off
01/06/2023 05:22:23,Chamber 5,28-041661d198ff,24.687,BLANK,0C,off
01/06/2023 05:22:43,Chamber 5,28-041661d198ff,24.687,BLANK,0C,off
01/06/2023 05:23:03,Chamber 5,28-041661d198ff,24.687,BLANK,0C,off
01/06/2023 05:23:23,Chamber 5,28-041661d198ff,24.687,BLANK,0C,off
01/06/2023 05:23:43,Chamber 5,28-041661d198ff,24.687,BLANK,0C,off
01/06/2023 05:24:03,Chamber 5,28-041661d198ff,24.687,BLANK,0C,off
01/06/2023 05:24:23,Chamber 5,28-041661d198ff,24.687,BLANK,0C,off
01/06/2023 05:24:43,Chamber 5,28-041661d198ff,24.687,BLANK,0C,off
01/06/2023 05:25:03,Chamber 5,28-041661d198ff,24.687,BLANK,0C,off
01/06/2023 05:25:23,Chamber 5,28-041661d198ff,24.687,BLANK,0C,off
01/06/2023 05:25:43,Chamber 5,28-041661d198ff,24.687,BLANK,0C,off
01/06/2023 05:26:03,Chamber 5,28-041661d198ff,24.687,BLANK,0C,off
01/06/2023 05:26:23,Chamber 5,28-041661d198ff,24.687,BLANK,0C,off
01/06/2023 05:26:43,Chamber 5,28-041661d198ff,24.687,BLANK,0C,off
01/06/2023 05:27:03,Chamber 5,28-041661d198ff,24.687,BLANK,0C,off
01/06/2023 05:27:23,Chamber 5,28-041661d198ff,24.687,BLANK,0C,off
01/06/2023 05:27:43,Chamber 5,28-041661d198ff,24.687,BLANK,0C,off
01/06/2023 05:28:03,Chamber 5,28-041661d198ff,24.687,BLANK,0C,off
01/06/2023 05:28:23,Chamber 5,28-041661d198ff,24.687,BLANK,0C,off
01/06/2023 05:28:43,Chamber 5,28-041661d198ff,24.687,BLANK,0C,off
01/06/2023 05:29:03,Chamber 5,28-041661d198ff,24.687,BLANK,0C,off
01/06/2023 05:29:23,Chamber 5,28-041661d198ff,24.75,BLANK,0C,off
01/06/2023 05:29:44,Chamber 5,28-041661d198ff,24.75,BLANK,0C,off
01/06/2023 05:30:03,Chamber 5,28-041661d198ff,24.75,BLANK,0C,off
01/06/2023 05:30:23,Chamber 5,28-041661d198ff,24.687,BLANK,0C,off
01/06/2023 05:30:43,Chamber 5,28-041661d198ff,24.75,BLANK,0C,off
01/06/2023 05:31:03,Chamber 5,28-041661d198ff,24.687,BLANK,0C,off
01/06/2023 05:31:23,Chamber 5,28-041661d198ff,24.687,BLANK,0C,off
01/06/2023 05:31:44,Chamber 5,28-041661d198ff,24.75,BLANK,0C,off
01/06/2023 05:32:03,Chamber 5,28-041661d198ff,24.75,BLANK,0C,off
01/06/2023 05:32:23,Chamber 5,28-041661d198ff,24.75,BLANK,0C,off
01/06/2023 05:32:43,Chamber 5,28-041661d198ff,24.75,BLANK,0C,off
01/06/2023 05:33:03,Chamber 5,28-041661d198ff,24.75,BLANK,0C,off
01/06/2023 05:33:23,Chamber 5,28-041661d198ff,24.75,BLANK,0C,off
01/06/2023 05:33:43,Chamber 5,28-041661d198ff,24.75,BLANK,0C,off
01/06/2023 05:34:03,Chamber 5,28-041661d198ff,24.75,BLANK,0C,off
01/06/2023 05:34:23,Chamber 5,28-041661d198ff,24.75,BLANK,0C,off
01/06/2023 05:34:43,Chamber 5,28-041661d198ff,24.75,BLANK,0C,off
01/06/2023 05:35:03,Chamber 5,28-041661d198ff,24.75,BLANK,0C,off
01/06/2023 05:35:23,Chamber 5,28-041661d198ff,24.75,BLANK,0C,off
01/06/2023 05:35:43,Chamber 5,28-041661d198ff,24.75,BLANK,0C,off
01/06/2023 05:36:04,Chamber 5,28-041661d198ff,24.75,BLANK,0C,off
01/06/2023 05:36:23,Chamber 5,28-041661d198ff,24.75,BLANK,0C,off
01/06/2023 05:36:44,Chamber 5,28-041661d198ff,24.75,BLANK,0C,off
01/06/2023 05:37:03,Chamber 5,28-041661d198ff,24.75,BLANK,0C,off
01/06/2023 05:37:24,Chamber 5,28-041661d198ff,24.75,BLANK,0C,off
01/06/2023 05:37:43,Chamber 5,28-041661d198ff,24.75,BLANK,0C,off
01/06/2023 05:38:04,Chamber 5,28-041661d198ff,24.75,BLANK,0C,off
01/06/2023 05:38:23,Chamber 5,28-041661d198ff,24.75,BLANK,0C,off
01/06/2023 05:38:43,Chamber 5,28-041661d198ff,24.75,BLANK,0C,off
01/06/2023 05:39:03,Chamber 5,28-041661d198ff,24.75,BLANK,0C,off
01/06/2023 05:39:23,Chamber 5,28-041661d198ff,24.75,BLANK,0C,off
01/06/2023 05:39:43,Chamber 5,28-041661d198ff,24.75,BLANK,0C,off
01/06/2023 05:40:03,Chamber 5,28-041661d198ff,24.75,BLANK,0C,off
01/06/2023 05:40:23,Chamber 5,28-041661d198ff,24.75,BLANK,0C,off
01/06/2023 05:40:43,Chamber 5,28-041661d198ff,24.75,BLANK,0C,off
01/06/2023 05:41:03,Chamber 5,28-041661d198ff,24.75,BLANK,0C,off
01/06/2023 05:41:24,Chamber 5,28-041661d198ff,24.812,BLANK,0C,off
01/06/2023 05:41:43,Chamber 5,28-041661d198ff,24.75,BLANK,0C,off
01/06/2023 05:42:03,Chamber 5,28-041661d198ff,24.75,BLANK,0C,off
01/06/2023 05:42:23,Chamber 5,28-041661d198ff,24.75,BLANK,0C,off
01/06/2023 05:42:44,Chamber 5,28-041661d198ff,24.812,BLANK,0C,off
01/06/2023 05:43:03,Chamber 5,28-041661d198ff,24.812,BLANK,0C,off
01/06/2023 05:43:23,Chamber 5,28-041661d198ff,24.812,BLANK,0C,off
01/06/2023 05:43:43,Chamber 5,28-041661d198ff,24.812,BLANK,0C,off
01/06/2023 05:44:03,Chamber 5,28-041661d198ff,24.812,BLANK,0C,off
01/06/2023 05:44:23,Chamber 5,28-041661d198ff,24.812,BLANK,0C,off
01/06/2023 05:44:43,Chamber 5,28-041661d198ff,24.812,BLANK,0C,off
01/06/2023 05:45:03,Chamber 5,28-041661d198ff,24.812,BLANK,0C,off
01/06/2023 05:45:23,Chamber 5,28-041661d198ff,24.812,BLANK,0C,off
01/06/2023 05:45:44,Chamber 5,28-041661d198ff,24.812,BLANK,0C,off
01/06/2023 05:46:03,Chamber 5,28-041661d198ff,24.812,BLANK,0C,off
01/06/2023 05:46:23,Chamber 5,28-041661d198ff,24.812,BLANK,0C,off
01/06/2023 05:46:43,Chamber 5,28-041661d198ff,24.812,BLANK,0C,off
01/06/2023 05:47:03,Chamber 5,28-041661d198ff,24.812,BLANK,0C,off
01/06/2023 05:47:23,Chamber 5,28-041661d198ff,24.812,BLANK,0C,off
01/06/2023 05:47:43,Chamber 5,28-041661d198ff,24.812,BLANK,0C,off
01/06/2023 05:48:03,Chamber 5,28-041661d198ff,24.812,BLANK,0C,off
01/06/2023 05:48:23,Chamber 5,28-041661d198ff,24.812,BLANK,0C,off
01/06/2023 05:48:43,Chamber 5,28-041661d198ff,24.812,BLANK,0C,off
01/06/2023 05:49:03,Chamber 5,28-041661d198ff,24.812,BLANK,0C,off
01/06/2023 05:49:23,Chamber 5,28-041661d198ff,24.812,BLANK,0C,off
01/06/2023 05:49:43,Chamber 5,28-041661d198ff,24.812,BLANK,0C,off
01/06/2023 05:50:03,Chamber 5,28-041661d198ff,24.812,BLANK,0C,off
01/06/2023 05:50:24,Chamber 5,28-041661d198ff,24.875,BLANK,0C,off
01/06/2023 05:50:43,Chamber 5,28-041661d198ff,24.875,BLANK,0C,off
01/06/2023 05:51:03,Chamber 5,28-041661d198ff,24.812,BLANK,0C,off
01/06/2023 05:51:23,Chamber 5,28-041661d198ff,24.875,BLANK,0C,off
01/06/2023 05:51:43,Chamber 5,28-041661d198ff,24.875,BLANK,0C,off
01/06/2023 05:52:03,Chamber 5,28-041661d198ff,24.875,BLANK,0C,off
01/06/2023 05:52:23,Chamber 5,28-041661d198ff,24.875,BLANK,0C,off
01/06/2023 05:52:43,Chamber 5,28-041661d198ff,24.875,BLANK,0C,off
01/06/2023 05:53:03,Chamber 5,28-041661d198ff,24.875,BLANK,0C,off
01/06/2023 05:53:23,Chamber 5,28-041661d198ff,24.875,BLANK,0C,off
01/06/2023 05:53:44,Chamber 5,28-041661d198ff,24.875,BLANK,0C,off
01/06/2023 05:54:03,Chamber 5,28-041661d198ff,24.875,BLANK,0C,off
01/06/2023 05:54:23,Chamber 5,28-041661d198ff,24.875,BLANK,0C,off
01/06/2023 05:54:43,Chamber 5,28-041661d198ff,24.875,BLANK,0C,off
01/06/2023 05:55:03,Chamber 5,28-041661d198ff,24.875,BLANK,0C,off
01/06/2023 05:55:23,Chamber 5,28-041661d198ff,24.875,BLANK,0C,off
01/06/2023 05:55:43,Chamber 5,28-041661d198ff,24.875,BLANK,0C,off
01/06/2023 05:56:03,Chamber 5,28-041661d198ff,24.875,BLANK,0C,off
01/06/2023 05:56:23,Chamber 5,28-041661d198ff,24.875,BLANK,0C,off
01/06/2023 05:56:43,Chamber 5,28-041661d198ff,24.875,BLANK,0C,off
01/06/2023 05:57:04,Chamber 5,28-041661d198ff,24.875,BLANK,0C,off
01/06/2023 05:57:23,Chamber 5,28-041661d198ff,24.875,BLANK,0C,off
01/06/2023 05:57:43,Chamber 5,28-041661d198ff,24.875,BLANK,0C,off
01/06/2023 05:58:03,Chamber 5,28-041661d198ff,24.875,BLANK,0C,off
01/06/2023 05:58:23,Chamber 5,28-041661d198ff,24.875,BLANK,0C,off
01/06/2023 05:58:43,Chamber 5,28-041661d198ff,24.875,BLANK,0C,off
01/06/2023 05:59:03,Chamber 5,28-041661d198ff,24.875,BLANK,0C,off
01/06/2023 05:59:23,Chamber 5,28-041661d198ff,24.875,BLANK,0C,off
01/06/2023 05:59:43,Chamber 5,28-041661d198ff,24.875,BLANK,0C,off
01/06/2023 06:00:02,Chamber 5,28-041661d198ff,24.875,BLANK,0C,off
01/06/2023 06:00:22,Chamber 5,28-041661d198ff,24.875,BLANK,0C,off
01/06/2023 06:00:42,Chamber 5,28-041661d198ff,24.875,BLANK,0C,off
01/06/2023 06:01:02,Chamber 5,28-041661d198ff,24.875,BLANK,0C,off
01/06/2023 06:01:22,Chamber 5,28-041661d198ff,24.875,BLANK,0C,off
01/06/2023 06:01:42,Chamber 5,28-041661d198ff,24.875,BLANK,0C,off
01/06/2023 06:02:03,Chamber 5,28-041661d198ff,24.875,BLANK,0C,off
01/06/2023 06:02:22,Chamber 5,28-041661d198ff,24.875,BLANK,0C,off
01/06/2023 06:02:43,Chamber 5,28-041661d198ff,24.875,BLANK,0C,off
01/06/2023 06:03:02,Chamber 5,28-041661d198ff,24.875,BLANK,0C,off
01/06/2023 06:03:22,Chamber 5,28-041661d198ff,24.875,BLANK,0C,off
01/06/2023 06:03:43,Chamber 5,28-041661d198ff,24.875,BLANK,0C,off
01/06/2023 06:04:03,Chamber 5,28-041661d198ff,24.875,BLANK,0C,off
01/06/2023 06:04:23,Chamber 5,28-041661d198ff,24.875,BLANK,0C,off
01/06/2023 06:04:42,Chamber 5,28-041661d198ff,24.875,BLANK,0C,off
01/06/2023 06:05:02,Chamber 5,28-041661d198ff,24.875,BLANK,0C,off
01/06/2023 06:05:22,Chamber 5,28-041661d198ff,24.875,BLANK,0C,off
01/06/2023 06:05:42,Chamber 5,28-041661d198ff,24.875,BLANK,0C,off
01/06/2023 06:06:02,Chamber 5,28-041661d198ff,24.875,BLANK,0C,off
01/06/2023 06:06:22,Chamber 5,28-041661d198ff,24.875,BLANK,0C,off
01/06/2023 06:06:43,Chamber 5,28-041661d198ff,24.875,BLANK,0C,off
01/06/2023 06:07:02,Chamber 5,28-041661d198ff,24.875,BLANK,0C,off
01/06/2023 06:07:22,Chamber 5,28-041661d198ff,24.875,BLANK,0C,off
01/06/2023 06:07:42,Chamber 5,28-041661d198ff,24.875,BLANK,0C,off
01/06/2023 06:08:02,Chamber 5,28-041661d198ff,24.875,BLANK,0C,off
01/06/2023 06:08:22,Chamber 5,28-041661d198ff,24.875,BLANK,0C,off
01/06/2023 06:08:42,Chamber 5,28-041661d198ff,24.875,BLANK,0C,off
01/06/2023 06:09:02,Chamber 5,28-041661d198ff,24.875,BLANK,0C,off
01/06/2023 06:09:22,Chamber 5,28-041661d198ff,24.875,BLANK,0C,off
01/06/2023 06:09:42,Chamber 5,28-041661d198ff,24.875,BLANK,0C,off
01/06/2023 06:10:02,Chamber 5,28-041661d198ff,24.875,BLANK,0C,off
01/06/2023 06:10:22,Chamber 5,28-041661d198ff,24.875,BLANK,0C,off
01/06/2023 06:10:42,Chamber 5,28-041661d198ff,24.875,BLANK,0C,off
01/06/2023 06:11:02,Chamber 5,28-041661d198ff,24.937,BLANK,0C,off
01/06/2023 06:11:22,Chamber 5,28-041661d198ff,24.875,BLANK,0C,off
01/06/2023 06:11:42,Chamber 5,28-041661d198ff,24.937,BLANK,0C,off
01/06/2023 06:12:02,Chamber 5,28-041661d198ff,24.937,BLANK,0C,off
01/06/2023 06:12:22,Chamber 5,28-041661d198ff,24.937,BLANK,0C,off
01/06/2023 06:12:42,Chamber 5,28-041661d198ff,24.875,BLANK,0C,off
01/06/2023 06:13:02,Chamber 5,28-041661d198ff,24.937,BLANK,0C,off
01/06/2023 06:13:22,Chamber 5,28-041661d198ff,24.937,BLANK,0C,off
01/06/2023 06:13:42,Chamber 5,28-041661d198ff,24.937,BLANK,0C,off
01/06/2023 06:14:02,Chamber 5,28-041661d198ff,24.937,BLANK,0C,off
01/06/2023 06:14:22,Chamber 5,28-041661d198ff,24.937,BLANK,0C,off
01/06/2023 06:14:42,Chamber 5,28-041661d198ff,24.875,BLANK,0C,off
01/06/2023 06:15:02,Chamber 5,28-041661d198ff,24.937,BLANK,0C,off
01/06/2023 06:15:22,Chamber 5,28-041661d198ff,24.937,BLANK,0C,off
01/06/2023 06:15:42,Chamber 5,28-041661d198ff,24.937,BLANK,0C,off
01/06/2023 06:16:02,Chamber 5,28-041661d198ff,24.937,BLANK,0C,off
01/06/2023 06:16:22,Chamber 5,28-041661d198ff,24.937,BLANK,0C,off
01/06/2023 06:16:42,Chamber 5,28-041661d198ff,24.937,BLANK,0C,off
01/06/2023 06:17:02,Chamber 5,28-041661d198ff,24.937,BLANK,0C,off
01/06/2023 06:17:22,Chamber 5,28-041661d198ff,24.937,BLANK,0C,off
01/06/2023 06:17:42,Chamber 5,28-041661d198ff,24.937,BLANK,0C,off
01/06/2023 06:18:02,Chamber 5,28-041661d198ff,24.937,BLANK,0C,off
01/06/2023 06:18:22,Chamber 5,28-041661d198ff,24.937,BLANK,0C,off
01/06/2023 06:18:42,Chamber 5,28-041661d198ff,24.937,BLANK,0C,off
01/06/2023 06:19:02,Chamber 5,28-041661d198ff,24.937,BLANK,0C,off
01/06/2023 06:19:23,Chamber 5,28-041661d198ff,24.937,BLANK,0C,off
01/06/2023 06:19:43,Chamber 5,28-041661d198ff,24.937,BLANK,0C,off
01/06/2023 06:20:02,Chamber 5,28-041661d198ff,24.937,BLANK,0C,off
01/06/2023 06:20:22,Chamber 5,28-041661d198ff,24.937,BLANK,0C,off
01/06/2023 06:20:42,Chamber 5,28-041661d198ff,24.937,BLANK,0C,off
01/06/2023 06:21:02,Chamber 5,28-041661d198ff,24.937,BLANK,0C,off
01/06/2023 06:21:22,Chamber 5,28-041661d198ff,24.937,BLANK,0C,off
01/06/2023 06:21:42,Chamber 5,28-041661d198ff,24.937,BLANK,0C,off
01/06/2023 06:22:02,Chamber 5,28-041661d198ff,24.937,BLANK,0C,off
01/06/2023 06:22:22,Chamber 5,28-041661d198ff,24.937,BLANK,0C,off
01/06/2023 06:22:42,Chamber 5,28-041661d198ff,24.937,BLANK,0C,off
01/06/2023 06:23:02,Chamber 5,28-041661d198ff,24.937,BLANK,0C,off
01/06/2023 06:23:22,Chamber 5,28-041661d198ff,24.937,BLANK,0C,off
01/06/2023 06:23:42,Chamber 5,28-041661d198ff,24.937,BLANK,0C,off
01/06/2023 06:24:02,Chamber 5,28-041661d198ff,24.937,BLANK,0C,off
01/06/2023 06:24:23,Chamber 5,28-041661d198ff,24.937,BLANK,0C,off
01/06/2023 06:24:43,Chamber 5,28-041661d198ff,24.937,BLANK,0C,off
01/06/2023 06:25:02,Chamber 5,28-041661d198ff,24.937,BLANK,0C,off
01/06/2023 06:25:22,Chamber 5,28-041661d198ff,24.937,BLANK,0C,off
01/06/2023 06:25:43,Chamber 5,28-041661d198ff,24.937,BLANK,0C,off
01/06/2023 06:26:03,Chamber 5,28-041661d198ff,24.937,BLANK,0C,off
01/06/2023 06:26:22,Chamber 5,28-041661d198ff,24.937,BLANK,0C,off
01/06/2023 06:26:42,Chamber 5,28-041661d198ff,24.937,BLANK,0C,off
01/06/2023 06:27:02,Chamber 5,28-041661d198ff,24.937,BLANK,0C,off
01/06/2023 06:27:22,Chamber 5,28-041661d198ff,24.937,BLANK,0C,off
01/06/2023 06:27:42,Chamber 5,28-041661d198ff,24.937,BLANK,0C,off
01/06/2023 06:28:02,Chamber 5,28-041661d198ff,24.937,BLANK,0C,off
01/06/2023 06:28:22,Chamber 5,28-041661d198ff,24.937,BLANK,0C,off
01/06/2023 06:28:42,Chamber 5,28-041661d198ff,24.937,BLANK,0C,off
01/06/2023 06:29:02,Chamber 5,28-041661d198ff,24.937,BLANK,0C,off
01/06/2023 06:29:22,Chamber 5,28-041661d198ff,24.937,BLANK,0C,off
01/06/2023 06:29:42,Chamber 5,28-041661d198ff,24.937,BLANK,0C,off
01/06/2023 06:30:02,Chamber 5,28-041661d198ff,24.937,BLANK,0C,off
01/06/2023 06:30:22,Chamber 5,28-041661d198ff,24.937,BLANK,0C,off
01/06/2023 06:30:42,Chamber 5,28-041661d198ff,24.937,BLANK,0C,off
01/06/2023 06:31:02,Chamber 5,28-041661d198ff,24.937,BLANK,0C,off
01/06/2023 06:31:23,Chamber 5,28-041661d198ff,24.937,BLANK,0C,off
01/06/2023 06:31:42,Chamber 5,28-041661d198ff,24.937,BLANK,0C,off
01/06/2023 06:32:02,Chamber 5,28-041661d198ff,24.937,BLANK,0C,off
01/06/2023 06:32:22,Chamber 5,28-041661d198ff,24.937,BLANK,0C,off
01/06/2023 06:32:42,Chamber 5,28-041661d198ff,24.937,BLANK,0C,off
01/06/2023 06:33:02,Chamber 5,28-041661d198ff,24.937,BLANK,0C,off
01/06/2023 06:33:22,Chamber 5,28-041661d198ff,24.937,BLANK,0C,off
01/06/2023 06:33:43,Chamber 5,28-041661d198ff,24.937,BLANK,0C,off
01/06/2023 06:34:02,Chamber 5,28-041661d198ff,25.0,BLANK,0C,off
01/06/2023 06:34:22,Chamber 5,28-041661d198ff,24.937,BLANK,0C,off
01/06/2023 06:34:42,Chamber 5,28-041661d198ff,24.937,BLANK,0C,off
01/06/2023 06:35:02,Chamber 5,28-041661d198ff,25.0,BLANK,0C,off
01/06/2023 06:35:22,Chamber 5,28-041661d198ff,24.937,BLANK,0C,off
01/06/2023 06:35:42,Chamber 5,28-041661d198ff,24.937,BLANK,0C,off
01/06/2023 06:36:02,Chamber 5,28-041661d198ff,24.937,BLANK,0C,off
01/06/2023 06:36:22,Chamber 5,28-041661d198ff,24.937,BLANK,0C,off
01/06/2023 06:36:42,Chamber 5,28-041661d198ff,24.937,BLANK,0C,off
01/06/2023 06:37:02,Chamber 5,28-041661d198ff,24.937,BLANK,0C,off
01/06/2023 06:37:22,Chamber 5,28-041661d198ff,24.937,BLANK,0C,off
01/06/2023 06:37:42,Chamber 5,28-041661d198ff,24.937,BLANK,0C,off
01/06/2023 06:38:02,Chamber 5,28-041661d198ff,24.937,BLANK,0C,off
01/06/2023 06:38:22,Chamber 5,28-041661d198ff,24.937,BLANK,0C,off
01/06/2023 06:38:42,Chamber 5,28-041661d198ff,24.937,BLANK,0C,off
01/06/2023 06:39:02,Chamber 5,28-041661d198ff,25.0,BLANK,0C,off
01/06/2023 06:39:22,Chamber 5,28-041661d198ff,24.937,BLANK,0C,off
01/06/2023 06:39:42,Chamber 5,28-041661d198ff,25.0,BLANK,0C,off
01/06/2023 06:40:02,Chamber 5,28-041661d198ff,24.937,BLANK,0C,off
01/06/2023 06:40:22,Chamber 5,28-041661d198ff,25.0,BLANK,0C,off
01/06/2023 06:40:42,Chamber 5,28-041661d198ff,25.0,BLANK,0C,off
01/06/2023 06:41:02,Chamber 5,28-041661d198ff,25.0,BLANK,0C,off
01/06/2023 06:41:22,Chamber 5,28-041661d198ff,25.0,BLANK,0C,off
01/06/2023 06:41:42,Chamber 5,28-041661d198ff,25.0,BLANK,0C,off
01/06/2023 06:42:02,Chamber 5,28-041661d198ff,25.0,BLANK,0C,off
01/06/2023 06:42:22,Chamber 5,28-041661d198ff,25.0,BLANK,0C,off
01/06/2023 06:42:42,Chamber 5,28-041661d198ff,25.0,BLANK,0C,off
01/06/2023 06:43:02,Chamber 5,28-041661d198ff,25.0,BLANK,0C,off
01/06/2023 06:43:22,Chamber 5,28-041661d198ff,25.0,BLANK,0C,off
01/06/2023 06:43:42,Chamber 5,28-041661d198ff,25.0,BLANK,0C,off
01/06/2023 06:44:02,Chamber 5,28-041661d198ff,25.0,BLANK,0C,off
01/06/2023 06:44:22,Chamber 5,28-041661d198ff,25.0,BLANK,0C,off
01/06/2023 06:44:42,Chamber 5,28-041661d198ff,25.0,BLANK,0C,off
01/06/2023 06:45:02,Chamber 5,28-041661d198ff,25.0,BLANK,0C,off
01/06/2023 06:45:22,Chamber 5,28-041661d198ff,25.0,BLANK,0C,off
01/06/2023 06:45:42,Chamber 5,28-041661d198ff,25.0,BLANK,0C,off
01/06/2023 06:46:02,Chamber 5,28-041661d198ff,25.0,BLANK,0C,off
01/06/2023 06:46:22,Chamber 5,28-041661d198ff,25.0,BLANK,0C,off
01/06/2023 06:46:42,Chamber 5,28-041661d198ff,25.0,BLANK,0C,off
01/06/2023 06:47:02,Chamber 5,28-041661d198ff,25.0,BLANK,0C,off
01/06/2023 06:47:23,Chamber 5,28-041661d198ff,25.0,BLANK,0C,off
01/06/2023 06:47:42,Chamber 5,28-041661d198ff,25.0,BLANK,0C,off
01/06/2023 06:48:02,Chamber 5,28-041661d198ff,25.0,BLANK,0C,off
01/06/2023 06:48:22,Chamber 5,28-041661d198ff,25.0,BLANK,0C,off
01/06/2023 06:48:42,Chamber 5,28-041661d198ff,25.0,BLANK,0C,off
01/06/2023 06:49:02,Chamber 5,28-041661d198ff,25.0,BLANK,0C,off
01/06/2023 06:49:22,Chamber 5,28-041661d198ff,25.0,BLANK,0C,off
01/06/2023 06:49:43,Chamber 5,28-041661d198ff,25.0,BLANK,0C,off
01/06/2023 06:50:02,Chamber 5,28-041661d198ff,25.0,BLANK,0C,off
01/06/2023 06:50:22,Chamber 5,28-041661d198ff,25.0,BLANK,0C,off
01/06/2023 06:50:42,Chamber 5,28-041661d198ff,25.0,BLANK,0C,off
01/06/2023 06:51:02,Chamber 5,28-041661d198ff,25.0,BLANK,0C,off
01/06/2023 06:51:22,Chamber 5,28-041661d198ff,25.0,BLANK,0C,off
01/06/2023 06:51:42,Chamber 5,28-041661d198ff,25.0,BLANK,0C,off
01/06/2023 06:52:02,Chamber 5,28-041661d198ff,25.0,BLANK,0C,off
01/06/2023 06:52:22,Chamber 5,28-041661d198ff,25.0,BLANK,0C,off
01/06/2023 06:52:42,Chamber 5,28-041661d198ff,25.0,BLANK,0C,off
01/06/2023 06:53:02,Chamber 5,28-041661d198ff,25.0,BLANK,0C,off
01/06/2023 06:53:22,Chamber 5,28-041661d198ff,25.0,BLANK,0C,off
01/06/2023 06:53:43,Chamber 5,28-041661d198ff,25.0,BLANK,0C,off
01/06/2023 06:54:02,Chamber 5,28-041661d198ff,25.0,BLANK,0C,off
01/06/2023 06:54:22,Chamber 5,28-041661d198ff,25.0,BLANK,0C,off
01/06/2023 06:54:42,Chamber 5,28-041661d198ff,25.0,BLANK,0C,off
01/06/2023 06:55:02,Chamber 5,28-041661d198ff,25.0,BLANK,0C,off
01/06/2023 06:55:22,Chamber 5,28-041661d198ff,25.0,BLANK,0C,off
01/06/2023 06:55:42,Chamber 5,28-041661d198ff,25.0,BLANK,0C,off
01/06/2023 06:56:02,Chamber 5,28-041661d198ff,25.0,BLANK,0C,off
01/06/2023 06:56:22,Chamber 5,28-041661d198ff,25.0,BLANK,0C,off
01/06/2023 06:56:42,Chamber 5,28-041661d198ff,25.0,BLANK,0C,off
01/06/2023 06:57:02,Chamber 5,28-041661d198ff,25.0,BLANK,0C,off
01/06/2023 06:57:22,Chamber 5,28-041661d198ff,25.0,BLANK,0C,off
01/06/2023 06:57:42,Chamber 5,28-041661d198ff,25.0,BLANK,0C,off
01/06/2023 06:58:02,Chamber 5,28-041661d198ff,25.0,BLANK,0C,off
01/06/2023 06:58:22,Chamber 5,28-041661d198ff,25.0,BLANK,0C,off
01/06/2023 06:58:42,Chamber 5,28-041661d198ff,25.0,BLANK,0C,off
01/06/2023 06:59:02,Chamber 5,28-041661d198ff,25.0,BLANK,0C,off
01/06/2023 06:59:22,Chamber 5,28-041661d198ff,25.0,BLANK,0C,off
01/06/2023 06:59:42,Chamber 5,28-041661d198ff,25.0,BLANK,0C,off
01/06/2023 07:00:03,Chamber 5,28-041661d198ff,25.0,BLANK,0C,off
01/06/2023 07:00:24,Chamber 5,28-041661d198ff,25.0,BLANK,0C,off
01/06/2023 07:00:43,Chamber 5,28-041661d198ff,25.0,BLANK,0C,off
01/06/2023 07:01:03,Chamber 5,28-041661d198ff,25.0,BLANK,0C,off
01/06/2023 07:01:24,Chamber 5,28-041661d198ff,25.0,BLANK,0C,off
01/06/2023 07:01:43,Chamber 5,28-041661d198ff,25.0,BLANK,0C,off
01/06/2023 07:02:03,Chamber 5,28-041661d198ff,25.0,BLANK,0C,off
01/06/2023 07:02:23,Chamber 5,28-041661d198ff,25.0,BLANK,0C,off
01/06/2023 07:02:43,Chamber 5,28-041661d198ff,25.0,BLANK,0C,off
01/06/2023 07:03:03,Chamber 5,28-041661d198ff,25.0,BLANK,0C,off
01/06/2023 07:03:23,Chamber 5,28-041661d198ff,25.0,BLANK,0C,off
01/06/2023 07:03:43,Chamber 5,28-041661d198ff,25.0,BLANK,0C,off
01/06/2023 07:04:03,Chamber 5,28-041661d198ff,25.0,BLANK,0C,off
01/06/2023 07:04:23,Chamber 5,28-041661d198ff,25.0,BLANK,0C,off
01/06/2023 07:04:43,Chamber 5,28-041661d198ff,25.0,BLANK,0C,off
01/06/2023 07:05:03,Chamber 5,28-041661d198ff,25.0,BLANK,0C,off
01/06/2023 07:05:24,Chamber 5,28-041661d198ff,25.062,BLANK,0C,off
01/06/2023 07:05:43,Chamber 5,28-041661d198ff,25.0,BLANK,0C,off
01/06/2023 07:06:03,Chamber 5,28-041661d198ff,25.0,BLANK,0C,off
01/06/2023 07:06:23,Chamber 5,28-041661d198ff,25.0,BLANK,0C,off
01/06/2023 07:06:43,Chamber 5,28-041661d198ff,25.0,BLANK,0C,off
01/06/2023 07:07:03,Chamber 5,28-041661d198ff,25.0,BLANK,0C,off
01/06/2023 07:07:23,Chamber 5,28-041661d198ff,25.0,BLANK,0C,off
01/06/2023 07:07:44,Chamber 5,28-041661d198ff,25.0,BLANK,0C,off
01/06/2023 07:08:03,Chamber 5,28-041661d198ff,25.0,BLANK,0C,off
01/06/2023 07:08:23,Chamber 5,28-041661d198ff,25.0,BLANK,0C,off
01/06/2023 07:08:43,Chamber 5,28-041661d198ff,25.0,BLANK,0C,off
01/06/2023 07:09:04,Chamber 5,28-041661d198ff,25.0,BLANK,0C,off
01/06/2023 07:09:23,Chamber 5,28-041661d198ff,25.0,BLANK,0C,off
01/06/2023 07:09:43,Chamber 5,28-041661d198ff,25.0,BLANK,0C,off
01/06/2023 07:10:03,Chamber 5,28-041661d198ff,25.0,BLANK,0C,off
01/06/2023 07:10:23,Chamber 5,28-041661d198ff,25.0,BLANK,0C,off
01/06/2023 07:10:43,Chamber 5,28-041661d198ff,25.0,BLANK,0C,off
01/06/2023 07:11:04,Chamber 5,28-041661d198ff,25.0,BLANK,0C,off
01/06/2023 07:11:23,Chamber 5,28-041661d198ff,25.0,BLANK,0C,off
01/06/2023 07:11:43,Chamber 5,28-041661d198ff,25.0,BLANK,0C,off
01/06/2023 07:12:04,Chamber 5,28-041661d198ff,25.062,BLANK,0C,off
01/06/2023 07:12:23,Chamber 5,28-041661d198ff,25.0,BLANK,0C,off
01/06/2023 07:12:43,Chamber 5,28-041661d198ff,25.062,BLANK,0C,off
01/06/2023 07:13:03,Chamber 5,28-041661d198ff,25.0,BLANK,0C,off
01/06/2023 07:13:23,Chamber 5,28-041661d198ff,25.062,BLANK,0C,off
01/06/2023 07:13:43,Chamber 5,28-041661d198ff,25.062,BLANK,0C,off
01/06/2023 07:14:03,Chamber 5,28-041661d198ff,25.0,BLANK,0C,off
01/06/2023 07:14:23,Chamber 5,28-041661d198ff,25.0,BLANK,0C,off
01/06/2023 07:14:43,Chamber 5,28-041661d198ff,25.0,BLANK,0C,off
01/06/2023 07:15:03,Chamber 5,28-041661d198ff,25.0,BLANK,0C,off
01/06/2023 07:15:23,Chamber 5,28-041661d198ff,25.062,BLANK,0C,off
01/06/2023 07:15:43,Chamber 5,28-041661d198ff,25.062,BLANK,0C,off
01/06/2023 07:16:04,Chamber 5,28-041661d198ff,25.062,BLANK,0C,off
01/06/2023 07:16:23,Chamber 5,28-041661d198ff,25.062,BLANK,0C,off
01/06/2023 07:16:43,Chamber 5,28-041661d198ff,25.062,BLANK,0C,off
01/06/2023 07:17:03,Chamber 5,28-041661d198ff,25.062,BLANK,0C,off
01/06/2023 07:17:23,Chamber 5,28-041661d198ff,25.062,BLANK,0C,off
01/06/2023 07:17:43,Chamber 5,28-041661d198ff,25.062,BLANK,0C,off
01/06/2023 07:18:03,Chamber 5,28-041661d198ff,25.062,BLANK,0C,off
01/06/2023 07:18:23,Chamber 5,28-041661d198ff,25.062,BLANK,0C,off
01/06/2023 07:18:43,Chamber 5,28-041661d198ff,25.062,BLANK,0C,off
01/06/2023 07:19:03,Chamber 5,28-041661d198ff,25.062,BLANK,0C,off
01/06/2023 07:19:23,Chamber 5,28-041661d198ff,25.062,BLANK,0C,off
01/06/2023 07:19:43,Chamber 5,28-041661d198ff,25.0,BLANK,0C,off
01/06/2023 07:20:03,Chamber 5,28-041661d198ff,25.0,BLANK,0C,off
01/06/2023 07:20:23,Chamber 5,28-041661d198ff,25.062,BLANK,0C,off
01/06/2023 07:20:43,Chamber 5,28-041661d198ff,25.062,BLANK,0C,off
01/06/2023 07:21:03,Chamber 5,28-041661d198ff,25.062,BLANK,0C,off
01/06/2023 07:21:23,Chamber 5,28-041661d198ff,25.062,BLANK,0C,off
01/06/2023 07:21:43,Chamber 5,28-041661d198ff,25.062,BLANK,0C,off
01/06/2023 07:22:03,Chamber 5,28-041661d198ff,25.062,BLANK,0C,off
01/06/2023 07:22:23,Chamber 5,28-041661d198ff,25.062,BLANK,0C,off
01/06/2023 07:22:43,Chamber 5,28-041661d198ff,25.062,BLANK,0C,off
01/06/2023 07:23:03,Chamber 5,28-041661d198ff,25.062,BLANK,0C,off
01/06/2023 07:23:23,Chamber 5,28-041661d198ff,25.062,BLANK,0C,off
01/06/2023 07:23:43,Chamber 5,28-041661d198ff,25.062,BLANK,0C,off
01/06/2023 07:24:03,Chamber 5,28-041661d198ff,25.062,BLANK,0C,off
01/06/2023 07:24:23,Chamber 5,28-041661d198ff,25.062,BLANK,0C,off
01/06/2023 07:24:43,Chamber 5,28-041661d198ff,25.0,BLANK,0C,off
01/06/2023 07:25:03,Chamber 5,28-041661d198ff,25.062,BLANK,0C,off
01/06/2023 07:25:23,Chamber 5,28-041661d198ff,25.0,BLANK,0C,off
01/06/2023 07:25:43,Chamber 5,28-041661d198ff,25.062,BLANK,0C,off
01/06/2023 07:26:03,Chamber 5,28-041661d198ff,25.0,BLANK,0C,off
01/06/2023 07:26:23,Chamber 5,28-041661d198ff,25.062,BLANK,0C,off
01/06/2023 07:26:43,Chamber 5,28-041661d198ff,25.062,BLANK,0C,off
01/06/2023 07:27:03,Chamber 5,28-041661d198ff,25.062,BLANK,0C,off
01/06/2023 07:27:23,Chamber 5,28-041661d198ff,25.062,BLANK,0C,off
01/06/2023 07:27:43,Chamber 5,28-041661d198ff,25.062,BLANK,0C,off
01/06/2023 07:28:03,Chamber 5,28-041661d198ff,25.062,BLANK,0C,off
01/06/2023 07:28:23,Chamber 5,28-041661d198ff,25.062,BLANK,0C,off
01/06/2023 07:28:43,Chamber 5,28-041661d198ff,25.062,BLANK,0C,off
01/06/2023 07:29:03,Chamber 5,28-041661d198ff,25.062,BLANK,0C,off
01/06/2023 07:29:23,Chamber 5,28-041661d198ff,25.062,BLANK,0C,off
01/06/2023 07:29:43,Chamber 5,28-041661d198ff,25.062,BLANK,0C,off
01/06/2023 07:30:03,Chamber 5,28-041661d198ff,25.062,BLANK,0C,off
01/06/2023 07:30:23,Chamber 5,28-041661d198ff,25.062,BLANK,0C,off
01/06/2023 07:30:43,Chamber 5,28-041661d198ff,25.062,BLANK,0C,off
01/06/2023 07:31:03,Chamber 5,28-041661d198ff,25.062,BLANK,0C,off
01/06/2023 07:31:23,Chamber 5,28-041661d198ff,25.062,BLANK,0C,off
01/06/2023 07:31:43,Chamber 5,28-041661d198ff,25.062,BLANK,0C,off
01/06/2023 07:32:03,Chamber 5,28-041661d198ff,25.062,BLANK,0C,off
01/06/2023 07:32:23,Chamber 5,28-041661d198ff,25.062,BLANK,0C,off
01/06/2023 07:32:43,Chamber 5,28-041661d198ff,25.062,BLANK,0C,off
01/06/2023 07:33:03,Chamber 5,28-041661d198ff,25.062,BLANK,0C,off
01/06/2023 07:33:23,Chamber 5,28-041661d198ff,25.062,BLANK,0C,off
01/06/2023 07:33:43,Chamber 5,28-041661d198ff,25.062,BLANK,0C,off
01/06/2023 07:34:03,Chamber 5,28-041661d198ff,25.062,BLANK,0C,off
01/06/2023 07:34:23,Chamber 5,28-041661d198ff,25.062,BLANK,0C,off
01/06/2023 07:34:43,Chamber 5,28-041661d198ff,25.062,BLANK,0C,off
01/06/2023 07:35:04,Chamber 5,28-041661d198ff,25.062,BLANK,0C,off
01/06/2023 07:35:23,Chamber 5,28-041661d198ff,25.062,BLANK,0C,off
01/06/2023 07:35:43,Chamber 5,28-041661d198ff,25.062,BLANK,0C,off
01/06/2023 07:36:03,Chamber 5,28-041661d198ff,25.062,BLANK,0C,off
01/06/2023 07:36:23,Chamber 5,28-041661d198ff,25.062,BLANK,0C,off
01/06/2023 07:36:43,Chamber 5,28-041661d198ff,25.062,BLANK,0C,off
01/06/2023 07:37:03,Chamber 5,28-041661d198ff,25.062,BLANK,0C,off
01/06/2023 07:37:23,Chamber 5,28-041661d198ff,25.062,BLANK,0C,off
01/06/2023 07:37:43,Chamber 5,28-041661d198ff,25.062,BLANK,0C,off
01/06/2023 07:38:03,Chamber 5,28-041661d198ff,25.062,BLANK,0C,off
01/06/2023 07:38:23,Chamber 5,28-041661d198ff,25.062,BLANK,0C,off
01/06/2023 07:38:43,Chamber 5,28-041661d198ff,25.062,BLANK,0C,off
01/06/2023 07:39:04,Chamber 5,28-041661d198ff,25.062,BLANK,0C,off
01/06/2023 07:39:23,Chamber 5,28-041661d198ff,25.062,BLANK,0C,off
01/06/2023 07:39:43,Chamber 5,28-041661d198ff,25.062,BLANK,0C,off
01/06/2023 07:40:03,Chamber 5,28-041661d198ff,25.062,BLANK,0C,off
01/06/2023 07:40:23,Chamber 5,28-041661d198ff,25.062,BLANK,0C,off
01/06/2023 07:40:43,Chamber 5,28-041661d198ff,25.062,BLANK,0C,off
01/06/2023 07:41:03,Chamber 5,28-041661d198ff,25.0,BLANK,0C,off
01/06/2023 07:41:23,Chamber 5,28-041661d198ff,25.0,BLANK,0C,off
01/06/2023 07:41:43,Chamber 5,28-041661d198ff,25.062,BLANK,0C,off
01/06/2023 07:42:03,Chamber 5,28-041661d198ff,25.0,BLANK,0C,off
01/06/2023 07:42:23,Chamber 5,28-041661d198ff,25.0,BLANK,0C,off
01/06/2023 07:42:43,Chamber 5,28-041661d198ff,25.0,BLANK,0C,off
01/06/2023 07:43:03,Chamber 5,28-041661d198ff,25.0,BLANK,0C,off
01/06/2023 07:43:23,Chamber 5,28-041661d198ff,25.0,BLANK,0C,off
01/06/2023 07:43:43,Chamber 5,28-041661d198ff,25.0,BLANK,0C,off
01/06/2023 07:44:03,Chamber 5,28-041661d198ff,25.0,BLANK,0C,off
01/06/2023 07:44:23,Chamber 5,28-041661d198ff,25.0,BLANK,0C,off
01/06/2023 07:44:43,Chamber 5,28-041661d198ff,25.0,BLANK,0C,off
01/06/2023 07:45:03,Chamber 5,28-041661d198ff,25.0,BLANK,0C,off
01/06/2023 07:45:23,Chamber 5,28-041661d198ff,25.0,BLANK,0C,off
01/06/2023 07:45:43,Chamber 5,28-041661d198ff,25.0,BLANK,0C,off
01/06/2023 07:46:04,Chamber 5,28-041661d198ff,25.0,BLANK,0C,off
01/06/2023 07:46:23,Chamber 5,28-041661d198ff,25.062,BLANK,0C,off
01/06/2023 07:46:44,Chamber 5,28-041661d198ff,25.062,BLANK,0C,off
01/06/2023 07:47:03,Chamber 5,28-041661d198ff,25.062,BLANK,0C,off
01/06/2023 07:47:23,Chamber 5,28-041661d198ff,25.062,BLANK,0C,off
01/06/2023 07:47:43,Chamber 5,28-041661d198ff,25.062,BLANK,0C,off
01/06/2023 07:48:04,Chamber 5,28-041661d198ff,25.062,BLANK,0C,off
01/06/2023 07:48:23,Chamber 5,28-041661d198ff,25.062,BLANK,0C,off
01/06/2023 07:48:43,Chamber 5,28-041661d198ff,25.062,BLANK,0C,off
01/06/2023 07:49:03,Chamber 5,28-041661d198ff,25.062,BLANK,0C,off
01/06/2023 07:49:23,Chamber 5,28-041661d198ff,25.062,BLANK,0C,off
01/06/2023 07:49:43,Chamber 5,28-041661d198ff,25.062,BLANK,0C,off
01/06/2023 07:50:03,Chamber 5,28-041661d198ff,25.062,BLANK,0C,off
01/06/2023 07:50:23,Chamber 5,28-041661d198ff,25.062,BLANK,0C,off
01/06/2023 07:50:43,Chamber 5,28-041661d198ff,25.062,BLANK,0C,off
01/06/2023 07:51:03,Chamber 5,28-041661d198ff,25.062,BLANK,0C,off
01/06/2023 07:51:23,Chamber 5,28-041661d198ff,25.062,BLANK,0C,off
01/06/2023 07:51:44,Chamber 5,28-041661d198ff,25.062,BLANK,0C,off
01/06/2023 07:52:03,Chamber 5,28-041661d198ff,25.062,BLANK,0C,off
01/06/2023 07:52:24,Chamber 5,28-041661d198ff,25.062,BLANK,0C,off
01/06/2023 07:52:43,Chamber 5,28-041661d198ff,25.062,BLANK,0C,off
01/06/2023 07:53:03,Chamber 5,28-041661d198ff,25.062,BLANK,0C,off
01/06/2023 07:53:24,Chamber 5,28-041661d198ff,25.062,BLANK,0C,off
01/06/2023 07:53:43,Chamber 5,28-041661d198ff,25.062,BLANK,0C,off
01/06/2023 07:54:03,Chamber 5,28-041661d198ff,25.062,BLANK,0C,off
01/06/2023 07:54:23,Chamber 5,28-041661d198ff,25.062,BLANK,0C,off
01/06/2023 07:54:43,Chamber 5,28-041661d198ff,25.062,BLANK,0C,off
01/06/2023 07:55:03,Chamber 5,28-041661d198ff,25.062,BLANK,0C,off
01/06/2023 07:55:23,Chamber 5,28-041661d198ff,25.062,BLANK,0C,off
01/06/2023 07:55:43,Chamber 5,28-041661d198ff,25.062,BLANK,0C,off
01/06/2023 07:56:03,Chamber 5,28-041661d198ff,25.062,BLANK,0C,off
01/06/2023 07:56:23,Chamber 5,28-041661d198ff,25.062,BLANK,0C,off
01/06/2023 07:56:43,Chamber 5,28-041661d198ff,25.062,BLANK,0C,off
01/06/2023 07:57:03,Chamber 5,28-041661d198ff,25.062,BLANK,0C,off
01/06/2023 07:57:23,Chamber 5,28-041661d198ff,25.062,BLANK,0C,off
01/06/2023 07:57:43,Chamber 5,28-041661d198ff,25.062,BLANK,0C,off
01/06/2023 07:58:03,Chamber 5,28-041661d198ff,25.0,BLANK,0C,off
01/06/2023 07:58:23,Chamber 5,28-041661d198ff,25.0,BLANK,0C,off
01/06/2023 07:58:43,Chamber 5,28-041661d198ff,25.0,BLANK,0C,off
01/06/2023 07:59:03,Chamber 5,28-041661d198ff,25.062,BLANK,0C,off
01/06/2023 07:59:23,Chamber 5,28-041661d198ff,25.062,BLANK,0C,off
01/06/2023 07:59:43,Chamber 5,28-041661d198ff,25.062,BLANK,0C,off
01/06/2023 08:00:02,Chamber 5,28-041661d198ff,25.062,BLANK,0C,off
01/06/2023 08:00:22,Chamber 5,28-041661d198ff,25.0,BLANK,0C,off
01/06/2023 08:00:42,Chamber 5,28-041661d198ff,25.0,BLANK,0C,off
01/06/2023 08:01:02,Chamber 5,28-041661d198ff,25.062,BLANK,0C,off
01/06/2023 08:01:22,Chamber 5,28-041661d198ff,25.0,BLANK,0C,off
01/06/2023 08:01:42,Chamber 5,28-041661d198ff,25.0,BLANK,0C,off
01/06/2023 08:02:02,Chamber 5,28-041661d198ff,25.062,BLANK,0C,off
01/06/2023 08:02:22,Chamber 5,28-041661d198ff,25.062,BLANK,0C,off
01/06/2023 08:02:43,Chamber 5,28-041661d198ff,25.062,BLANK,0C,off
01/06/2023 08:03:02,Chamber 5,28-041661d198ff,25.062,BLANK,0C,off
01/06/2023 08:03:22,Chamber 5,28-041661d198ff,25.062,BLANK,0C,off
01/06/2023 08:03:42,Chamber 5,28-041661d198ff,25.062,BLANK,0C,off
01/06/2023 08:04:02,Chamber 5,28-041661d198ff,25.062,BLANK,0C,off
01/06/2023 08:04:22,Chamber 5,28-041661d198ff,25.062,BLANK,0C,off
01/06/2023 08:04:42,Chamber 5,28-041661d198ff,25.062,BLANK,0C,off
01/06/2023 08:05:02,Chamber 5,28-041661d198ff,25.062,BLANK,0C,off
01/06/2023 08:05:22,Chamber 5,28-041661d198ff,25.062,BLANK,0C,off
01/06/2023 08:05:44,Chamber 5,28-041661d198ff,25.062,BLANK,0C,off
01/06/2023 08:06:03,Chamber 5,28-041661d198ff,25.062,BLANK,0C,off
01/06/2023 08:06:22,Chamber 5,28-041661d198ff,25.062,BLANK,0C,off
01/06/2023 08:06:42,Chamber 5,28-041661d198ff,25.062,BLANK,0C,off
01/06/2023 08:07:02,Chamber 5,28-041661d198ff,25.062,BLANK,0C,off
01/06/2023 08:07:22,Chamber 5,28-041661d198ff,25.062,BLANK,0C,off
01/06/2023 08:07:42,Chamber 5,28-041661d198ff,25.062,BLANK,0C,off
01/06/2023 08:08:02,Chamber 5,28-041661d198ff,25.062,BLANK,0C,off
01/06/2023 08:08:22,Chamber 5,28-041661d198ff,25.062,BLANK,0C,off
01/06/2023 08:08:42,Chamber 5,28-041661d198ff,25.062,BLANK,0C,off
01/06/2023 08:09:02,Chamber 5,28-041661d198ff,25.062,BLANK,0C,off
01/06/2023 08:09:22,Chamber 5,28-041661d198ff,25.062,BLANK,0C,off
01/06/2023 08:09:42,Chamber 5,28-041661d198ff,25.062,BLANK,0C,off
01/06/2023 08:10:02,Chamber 5,28-041661d198ff,25.0,BLANK,0C,off
01/06/2023 08:10:22,Chamber 5,28-041661d198ff,25.0,BLANK,0C,off
01/06/2023 08:10:42,Chamber 5,28-041661d198ff,25.0,BLANK,0C,off
01/06/2023 08:11:02,Chamber 5,28-041661d198ff,25.0,BLANK,0C,off
01/06/2023 08:11:22,Chamber 5,28-041661d198ff,25.0,BLANK,0C,off
01/06/2023 08:11:42,Chamber 5,28-041661d198ff,25.0,BLANK,0C,off
01/06/2023 08:12:02,Chamber 5,28-041661d198ff,25.0,BLANK,0C,off
01/06/2023 08:12:22,Chamber 5,28-041661d198ff,25.0,BLANK,0C,off
01/06/2023 08:12:42,Chamber 5,28-041661d198ff,25.0,BLANK,0C,off
01/06/2023 08:13:02,Chamber 5,28-041661d198ff,25.0,BLANK,0C,off
01/06/2023 08:13:22,Chamber 5,28-041661d198ff,25.062,BLANK,0C,off
01/06/2023 08:13:42,Chamber 5,28-041661d198ff,25.0,BLANK,0C,off
01/06/2023 08:14:02,Chamber 5,28-041661d198ff,25.0,BLANK,0C,off
01/06/2023 08:14:22,Chamber 5,28-041661d198ff,25.0,BLANK,0C,off
01/06/2023 08:14:42,Chamber 5,28-041661d198ff,25.0,BLANK,0C,off
01/06/2023 08:15:03,Chamber 5,28-041661d198ff,25.0,BLANK,0C,off
01/06/2023 08:15:22,Chamber 5,28-041661d198ff,25.0,BLANK,0C,off
01/06/2023 08:15:42,Chamber 5,28-041661d198ff,25.0,BLANK,0C,off
01/06/2023 08:16:03,Chamber 5,28-041661d198ff,25.062,BLANK,0C,off
01/06/2023 08:16:22,Chamber 5,28-041661d198ff,25.0,BLANK,0C,off
01/06/2023 08:16:42,Chamber 5,28-041661d198ff,25.0,BLANK,0C,off
01/06/2023 08:17:02,Chamber 5,28-041661d198ff,25.0,BLANK,0C,off
01/06/2023 08:17:22,Chamber 5,28-041661d198ff,25.062,BLANK,0C,off
01/06/2023 08:17:42,Chamber 5,28-041661d198ff,25.0,BLANK,0C,off
01/06/2023 08:18:03,Chamber 5,28-041661d198ff,25.062,BLANK,0C,off
01/06/2023 08:18:22,Chamber 5,28-041661d198ff,25.0,BLANK,0C,off
01/06/2023 08:18:42,Chamber 5,28-041661d198ff,25.0,BLANK,0C,off
01/06/2023 08:19:02,Chamber 5,28-041661d198ff,25.0,BLANK,0C,off
01/06/2023 08:19:23,Chamber 5,28-041661d198ff,25.0,BLANK,0C,off
01/06/2023 08:19:42,Chamber 5,28-041661d198ff,25.0,BLANK,0C,off
01/06/2023 08:20:02,Chamber 5,28-041661d198ff,25.0,BLANK,0C,off
01/06/2023 08:20:22,Chamber 5,28-041661d198ff,25.0,BLANK,0C,off
01/06/2023 08:20:42,Chamber 5,28-041661d198ff,25.0,BLANK,0C,off
01/06/2023 08:21:02,Chamber 5,28-041661d198ff,25.0,BLANK,0C,off
01/06/2023 08:21:22,Chamber 5,28-041661d198ff,25.0,BLANK,0C,off
01/06/2023 08:21:42,Chamber 5,28-041661d198ff,25.0,BLANK,0C,off
01/06/2023 08:22:02,Chamber 5,28-041661d198ff,25.0,BLANK,0C,off
01/06/2023 08:22:22,Chamber 5,28-041661d198ff,25.0,BLANK,0C,off
01/06/2023 08:22:42,Chamber 5,28-041661d198ff,25.0,BLANK,0C,off
01/06/2023 08:23:02,Chamber 5,28-041661d198ff,25.0,BLANK,0C,off
01/06/2023 08:23:22,Chamber 5,28-041661d198ff,25.0,BLANK,0C,off
01/06/2023 08:23:42,Chamber 5,28-041661d198ff,25.0,BLANK,0C,off
01/06/2023 08:24:02,Chamber 5,28-041661d198ff,25.0,BLANK,0C,off
01/06/2023 08:24:22,Chamber 5,28-041661d198ff,25.0,BLANK,0C,off
01/06/2023 08:24:42,Chamber 5,28-041661d198ff,25.0,BLANK,0C,off
01/06/2023 08:25:02,Chamber 5,28-041661d198ff,25.0,BLANK,0C,off
01/06/2023 08:25:22,Chamber 5,28-041661d198ff,25.0,BLANK,0C,off
01/06/2023 08:25:42,Chamber 5,28-041661d198ff,25.0,BLANK,0C,off
01/06/2023 08:26:02,Chamber 5,28-041661d198ff,25.0,BLANK,0C,off
01/06/2023 08:26:22,Chamber 5,28-041661d198ff,25.0,BLANK,0C,off
01/06/2023 08:26:48,Chamber 5,28-041661d198ff,25.0,BLANK,0C,off
01/06/2023 08:27:02,Chamber 5,28-041661d198ff,25.0,BLANK,0C,off
01/06/2023 08:27:22,Chamber 5,28-041661d198ff,25.0,BLANK,0C,off
01/06/2023 08:27:42,Chamber 5,28-041661d198ff,25.0,BLANK,0C,off
01/06/2023 08:28:02,Chamber 5,28-041661d198ff,25.0,BLANK,0C,off
01/06/2023 08:28:22,Chamber 5,28-041661d198ff,25.0,BLANK,0C,off
01/06/2023 08:28:43,Chamber 5,28-041661d198ff,25.0,BLANK,0C,off
01/06/2023 08:29:02,Chamber 5,28-041661d198ff,25.0,BLANK,0C,off
01/06/2023 08:29:22,Chamber 5,28-041661d198ff,25.0,BLANK,0C,off
01/06/2023 08:29:42,Chamber 5,28-041661d198ff,25.0,BLANK,0C,off
01/06/2023 08:30:02,Chamber 5,28-041661d198ff,25.0,BLANK,0C,off
01/06/2023 08:30:23,Chamber 5,28-041661d198ff,25.0,BLANK,0C,off
01/06/2023 08:30:42,Chamber 5,28-041661d198ff,25.0,BLANK,0C,off
01/06/2023 08:31:02,Chamber 5,28-041661d198ff,25.0,BLANK,0C,off
01/06/2023 08:31:22,Chamber 5,28-041661d198ff,25.0,BLANK,0C,off
01/06/2023 08:31:42,Chamber 5,28-041661d198ff,25.0,BLANK,0C,off
01/06/2023 08:32:02,Chamber 5,28-041661d198ff,25.0,BLANK,0C,off
01/06/2023 08:32:23,Chamber 5,28-041661d198ff,25.0,BLANK,0C,off
01/06/2023 08:32:42,Chamber 5,28-041661d198ff,25.0,BLANK,0C,off
01/06/2023 08:33:02,Chamber 5,28-041661d198ff,25.0,BLANK,0C,off
01/06/2023 08:33:22,Chamber 5,28-041661d198ff,25.0,BLANK,0C,off
01/06/2023 08:33:42,Chamber 5,28-041661d198ff,25.0,BLANK,0C,off
01/06/2023 08:34:02,Chamber 5,28-041661d198ff,25.0,BLANK,0C,off
01/06/2023 08:34:22,Chamber 5,28-041661d198ff,25.0,BLANK,0C,off
01/06/2023 08:34:42,Chamber 5,28-041661d198ff,25.0,BLANK,0C,off
01/06/2023 08:35:02,Chamber 5,28-041661d198ff,25.0,BLANK,0C,off
01/06/2023 08:35:22,Chamber 5,28-041661d198ff,25.0,BLANK,0C,off
01/06/2023 08:35:42,Chamber 5,28-041661d198ff,25.0,BLANK,0C,off
01/06/2023 08:36:02,Chamber 5,28-041661d198ff,25.0,BLANK,0C,off
01/06/2023 08:36:23,Chamber 5,28-041661d198ff,25.0,BLANK,0C,off
01/06/2023 08:36:42,Chamber 5,28-041661d198ff,25.0,BLANK,0C,off
01/06/2023 08:37:02,Chamber 5,28-041661d198ff,25.0,BLANK,0C,off
01/06/2023 08:37:22,Chamber 5,28-041661d198ff,25.0,BLANK,0C,off
01/06/2023 08:37:42,Chamber 5,28-041661d198ff,25.0,BLANK,0C,off
01/06/2023 08:38:02,Chamber 5,28-041661d198ff,25.0,BLANK,0C,off
01/06/2023 08:38:23,Chamber 5,28-041661d198ff,25.0,BLANK,0C,off
01/06/2023 08:38:42,Chamber 5,28-041661d198ff,25.0,BLANK,0C,off
01/06/2023 08:39:03,Chamber 5,28-041661d198ff,25.0,BLANK,0C,off
01/06/2023 08:39:22,Chamber 5,28-041661d198ff,25.0,BLANK,0C,off
01/06/2023 08:39:42,Chamber 5,28-041661d198ff,25.0,BLANK,0C,off
01/06/2023 08:40:02,Chamber 5,28-041661d198ff,25.0,BLANK,0C,off
01/06/2023 08:40:22,Chamber 5,28-041661d198ff,25.0,BLANK,0C,off
01/06/2023 08:40:43,Chamber 5,28-041661d198ff,25.0,BLANK,0C,off
01/06/2023 08:41:02,Chamber 5,28-041661d198ff,25.0,BLANK,0C,off
01/06/2023 08:41:22,Chamber 5,28-041661d198ff,25.0,BLANK,0C,off
01/06/2023 08:41:42,Chamber 5,28-041661d198ff,25.0,BLANK,0C,off
01/06/2023 08:42:03,Chamber 5,28-041661d198ff,25.0,BLANK,0C,off
01/06/2023 08:42:22,Chamber 5,28-041661d198ff,25.0,BLANK,0C,off
01/06/2023 08:42:42,Chamber 5,28-041661d198ff,25.0,BLANK,0C,off
01/06/2023 08:43:02,Chamber 5,28-041661d198ff,25.0,BLANK,0C,off
01/06/2023 08:43:22,Chamber 5,28-041661d198ff,25.0,BLANK,0C,off
01/06/2023 08:43:43,Chamber 5,28-041661d198ff,25.0,BLANK,0C,off
01/06/2023 08:44:02,Chamber 5,28-041661d198ff,25.0,BLANK,0C,off
01/06/2023 08:44:22,Chamber 5,28-041661d198ff,25.0,BLANK,0C,off
01/06/2023 08:44:42,Chamber 5,28-041661d198ff,25.0,BLANK,0C,off
01/06/2023 08:45:02,Chamber 5,28-041661d198ff,25.0,BLANK,0C,off
01/06/2023 08:45:22,Chamber 5,28-041661d198ff,25.0,BLANK,0C,off
01/06/2023 08:45:42,Chamber 5,28-041661d198ff,25.0,BLANK,0C,off
01/06/2023 08:46:02,Chamber 5,28-041661d198ff,25.0,BLANK,0C,off
01/06/2023 08:46:23,Chamber 5,28-041661d198ff,25.0,BLANK,0C,off
01/06/2023 08:46:42,Chamber 5,28-041661d198ff,25.0,BLANK,0C,off
01/06/2023 08:47:02,Chamber 5,28-041661d198ff,25.0,BLANK,0C,off
01/06/2023 08:47:24,Chamber 5,28-041661d198ff,25.0,BLANK,0C,off
01/06/2023 08:47:42,Chamber 5,28-041661d198ff,25.0,BLANK,0C,off
01/06/2023 08:48:02,Chamber 5,28-041661d198ff,25.0,BLANK,0C,off
01/06/2023 08:48:22,Chamber 5,28-041661d198ff,25.0,BLANK,0C,off
01/06/2023 08:48:42,Chamber 5,28-041661d198ff,25.0,BLANK,0C,off
01/06/2023 08:49:02,Chamber 5,28-041661d198ff,25.0,BLANK,0C,off
01/06/2023 08:49:22,Chamber 5,28-041661d198ff,25.0,BLANK,0C,off
01/06/2023 08:49:42,Chamber 5,28-041661d198ff,25.0,BLANK,0C,off
01/06/2023 08:50:02,Chamber 5,28-041661d198ff,25.0,BLANK,0C,off
01/06/2023 08:50:23,Chamber 5,28-041661d198ff,25.0,BLANK,0C,off
01/06/2023 08:50:42,Chamber 5,28-041661d198ff,25.0,BLANK,0C,off
01/06/2023 08:51:02,Chamber 5,28-041661d198ff,25.0,BLANK,0C,off
01/06/2023 08:51:22,Chamber 5,28-041661d198ff,25.0,BLANK,0C,off
01/06/2023 08:51:42,Chamber 5,28-041661d198ff,25.0,BLANK,0C,off
01/06/2023 08:52:02,Chamber 5,28-041661d198ff,25.0,BLANK,0C,off
01/06/2023 08:52:22,Chamber 5,28-041661d198ff,25.0,BLANK,0C,off
01/06/2023 08:52:42,Chamber 5,28-041661d198ff,25.0,BLANK,0C,off
01/06/2023 08:53:02,Chamber 5,28-041661d198ff,25.0,BLANK,0C,off
01/06/2023 08:53:22,Chamber 5,28-041661d198ff,25.0,BLANK,0C,off
01/06/2023 08:53:42,Chamber 5,28-041661d198ff,25.0,BLANK,0C,off
01/06/2023 08:54:02,Chamber 5,28-041661d198ff,25.0,BLANK,0C,off
01/06/2023 08:54:22,Chamber 5,28-041661d198ff,25.0,BLANK,0C,off
01/06/2023 08:54:42,Chamber 5,28-041661d198ff,25.0,BLANK,0C,off
01/06/2023 08:55:04,Chamber 5,28-041661d198ff,25.0,BLANK,0C,off
01/06/2023 08:55:22,Chamber 5,28-041661d198ff,25.0,BLANK,0C,off
01/06/2023 08:55:42,Chamber 5,28-041661d198ff,25.0,BLANK,0C,off
01/06/2023 08:56:02,Chamber 5,28-041661d198ff,25.0,BLANK,0C,off
01/06/2023 08:56:22,Chamber 5,28-041661d198ff,25.0,BLANK,0C,off
01/06/2023 08:56:42,Chamber 5,28-041661d198ff,25.0,BLANK,0C,off
01/06/2023 08:57:03,Chamber 5,28-041661d198ff,25.0,BLANK,0C,off
01/06/2023 08:57:22,Chamber 5,28-041661d198ff,25.0,BLANK,0C,off
01/06/2023 08:57:43,Chamber 5,28-041661d198ff,25.0,BLANK,0C,off
01/06/2023 08:58:02,Chamber 5,28-041661d198ff,25.0,BLANK,0C,off
01/06/2023 08:58:22,Chamber 5,28-041661d198ff,25.0,BLANK,0C,off
01/06/2023 08:58:42,Chamber 5,28-041661d198ff,25.0,BLANK,0C,off
01/06/2023 08:59:02,Chamber 5,28-041661d198ff,25.0,BLANK,0C,off
01/06/2023 08:59:22,Chamber 5,28-041661d198ff,25.0,BLANK,0C,off
01/06/2023 08:59:42,Chamber 5,28-041661d198ff,25.0,BLANK,0C,off
01/06/2023 09:00:02,Chamber 5,28-041661d198ff,25.0,BLANK,0C,off
01/06/2023 09:00:22,Chamber 5,28-041661d198ff,25.0,BLANK,0C,off
01/06/2023 09:00:42,Chamber 5,28-041661d198ff,25.0,BLANK,0C,off
01/06/2023 09:01:02,Chamber 5,28-041661d198ff,25.0,BLANK,0C,off
01/06/2023 09:01:22,Chamber 5,28-041661d198ff,25.0,BLANK,0C,off
01/06/2023 09:01:42,Chamber 5,28-041661d198ff,25.0,BLANK,0C,off
01/06/2023 09:02:02,Chamber 5,28-041661d198ff,25.0,BLANK,0C,off
01/06/2023 09:02:22,Chamber 5,28-041661d198ff,25.0,BLANK,0C,off
01/06/2023 09:02:42,Chamber 5,28-041661d198ff,25.0,BLANK,0C,off
01/06/2023 09:03:02,Chamber 5,28-041661d198ff,25.0,BLANK,0C,off
01/06/2023 09:03:22,Chamber 5,28-041661d198ff,25.0,BLANK,0C,off
01/06/2023 09:03:42,Chamber 5,28-041661d198ff,25.0,BLANK,0C,off
01/06/2023 09:04:02,Chamber 5,28-041661d198ff,25.0,BLANK,0C,off
01/06/2023 09:04:22,Chamber 5,28-041661d198ff,25.0,BLANK,0C,off
01/06/2023 09:04:42,Chamber 5,28-041661d198ff,25.0,BLANK,0C,off
01/06/2023 09:05:03,Chamber 5,28-041661d198ff,25.0,BLANK,0C,off
01/06/2023 09:05:22,Chamber 5,28-041661d198ff,25.0,BLANK,0C,off
01/06/2023 09:05:42,Chamber 5,28-041661d198ff,25.0,BLANK,0C,off
01/06/2023 09:06:02,Chamber 5,28-041661d198ff,25.0,BLANK,0C,off
01/06/2023 09:06:22,Chamber 5,28-041661d198ff,25.0,BLANK,0C,off
01/06/2023 09:06:42,Chamber 5,28-041661d198ff,25.0,BLANK,0C,off
01/06/2023 09:07:02,Chamber 5,28-041661d198ff,25.0,BLANK,0C,off
01/06/2023 09:07:22,Chamber 5,28-041661d198ff,25.0,BLANK,0C,off
01/06/2023 09:07:42,Chamber 5,28-041661d198ff,25.0,BLANK,0C,off
01/06/2023 09:08:03,Chamber 5,28-041661d198ff,25.0,BLANK,0C,off
01/06/2023 09:08:22,Chamber 5,28-041661d198ff,25.0,BLANK,0C,off
01/06/2023 09:08:42,Chamber 5,28-041661d198ff,25.0,BLANK,0C,off
01/06/2023 09:09:02,Chamber 5,28-041661d198ff,25.0,BLANK,0C,off
01/06/2023 09:09:22,Chamber 5,28-041661d198ff,25.0,BLANK,0C,off
01/06/2023 09:09:42,Chamber 5,28-041661d198ff,25.0,BLANK,0C,off
01/06/2023 09:10:02,Chamber 5,28-041661d198ff,25.0,BLANK,0C,off
01/06/2023 09:10:24,Chamber 5,28-041661d198ff,25.062,BLANK,0C,off
01/06/2023 09:10:42,Chamber 5,28-041661d198ff,25.062,BLANK,0C,off
01/06/2023 09:11:02,Chamber 5,28-041661d198ff,25.0,BLANK,0C,off
01/06/2023 09:11:22,Chamber 5,28-041661d198ff,25.062,BLANK,0C,off
01/06/2023 09:11:42,Chamber 5,28-041661d198ff,25.0,BLANK,0C,off
01/06/2023 09:12:06,Chamber 5,28-041661d198ff,25.0,BLANK,0C,off
01/06/2023 09:12:22,Chamber 5,28-041661d198ff,25.0,BLANK,0C,off
01/06/2023 09:12:42,Chamber 5,28-041661d198ff,25.0,BLANK,0C,off
01/06/2023 09:13:02,Chamber 5,28-041661d198ff,25.0,BLANK,0C,off
01/06/2023 09:13:22,Chamber 5,28-041661d198ff,25.0,BLANK,0C,off
01/06/2023 09:13:42,Chamber 5,28-041661d198ff,25.0,BLANK,0C,off
01/06/2023 09:14:02,Chamber 5,28-041661d198ff,25.0,BLANK,0C,off
01/06/2023 09:14:22,Chamber 5,28-041661d198ff,25.0,BLANK,0C,off
01/06/2023 09:14:42,Chamber 5,28-041661d198ff,25.0,BLANK,0C,off
01/06/2023 09:15:02,Chamber 5,28-041661d198ff,25.0,BLANK,0C,off
01/06/2023 09:15:22,Chamber 5,28-041661d198ff,25.0,BLANK,0C,off
01/06/2023 09:15:42,Chamber 5,28-041661d198ff,25.0,BLANK,0C,off
01/06/2023 09:16:02,Chamber 5,28-041661d198ff,25.0,BLANK,0C,off
01/06/2023 09:16:22,Chamber 5,28-041661d198ff,25.0,BLANK,0C,off
01/06/2023 09:16:44,Chamber 5,28-041661d198ff,25.0,BLANK,0C,off
01/06/2023 09:17:03,Chamber 5,28-041661d198ff,25.0,BLANK,0C,off
01/06/2023 09:17:22,Chamber 5,28-041661d198ff,25.0,BLANK,0C,off
01/06/2023 09:17:42,Chamber 5,28-041661d198ff,25.0,BLANK,0C,off
01/06/2023 09:18:02,Chamber 5,28-041661d198ff,25.0,BLANK,0C,off
01/06/2023 09:18:22,Chamber 5,28-041661d198ff,25.0,BLANK,0C,off
01/06/2023 09:18:42,Chamber 5,28-041661d198ff,25.0,BLANK,0C,off
01/06/2023 09:19:02,Chamber 5,28-041661d198ff,25.0,BLANK,0C,off
01/06/2023 09:19:23,Chamber 5,28-041661d198ff,25.062,BLANK,0C,off
01/06/2023 09:19:42,Chamber 5,28-041661d198ff,25.0,BLANK,0C,off
01/06/2023 09:20:02,Chamber 5,28-041661d198ff,25.0,BLANK,0C,off
01/06/2023 09:20:22,Chamber 5,28-041661d198ff,25.062,BLANK,0C,off
01/06/2023 09:20:42,Chamber 5,28-041661d198ff,25.062,BLANK,0C,off
01/06/2023 09:21:02,Chamber 5,28-041661d198ff,25.062,BLANK,0C,off
01/06/2023 09:21:22,Chamber 5,28-041661d198ff,25.062,BLANK,0C,off
01/06/2023 09:21:43,Chamber 5,28-041661d198ff,25.062,BLANK,0C,off
01/06/2023 09:22:02,Chamber 5,28-041661d198ff,25.0,BLANK,0C,off
01/06/2023 09:22:22,Chamber 5,28-041661d198ff,25.0,BLANK,0C,off
01/06/2023 09:22:43,Chamber 5,28-041661d198ff,25.0,BLANK,0C,off
01/06/2023 09:23:02,Chamber 5,28-041661d198ff,25.062,BLANK,0C,off
01/06/2023 09:23:22,Chamber 5,28-041661d198ff,25.062,BLANK,0C,off
01/06/2023 09:23:42,Chamber 5,28-041661d198ff,25.062,BLANK,0C,off
01/06/2023 09:24:02,Chamber 5,28-041661d198ff,25.062,BLANK,0C,off
01/06/2023 09:24:22,Chamber 5,28-041661d198ff,25.0,BLANK,0C,off
01/06/2023 09:24:42,Chamber 5,28-041661d198ff,25.062,BLANK,0C,off
01/06/2023 09:25:02,Chamber 5,28-041661d198ff,25.0,BLANK,0C,off
01/06/2023 09:25:25,Chamber 5,28-041661d198ff,25.0,BLANK,0C,off
01/06/2023 09:25:42,Chamber 5,28-041661d198ff,25.062,BLANK,0C,off
01/06/2023 09:26:02,Chamber 5,28-041661d198ff,25.062,BLANK,0C,off
01/06/2023 09:26:22,Chamber 5,28-041661d198ff,25.0,BLANK,0C,off
01/06/2023 09:26:42,Chamber 5,28-041661d198ff,25.0,BLANK,0C,off
01/06/2023 09:27:02,Chamber 5,28-041661d198ff,25.0,BLANK,0C,off
01/06/2023 09:27:22,Chamber 5,28-041661d198ff,25.0,BLANK,0C,off
01/06/2023 09:27:42,Chamber 5,28-041661d198ff,25.0,BLANK,0C,off
01/06/2023 09:28:04,Chamber 5,28-041661d198ff,25.0,BLANK,0C,off
01/06/2023 09:28:22,Chamber 5,28-041661d198ff,25.0,BLANK,0C,off
01/06/2023 09:28:42,Chamber 5,28-041661d198ff,25.0,BLANK,0C,off
01/06/2023 09:29:02,Chamber 5,28-041661d198ff,25.0,BLANK,0C,off
01/06/2023 09:29:22,Chamber 5,28-041661d198ff,25.0,BLANK,0C,off
01/06/2023 09:29:42,Chamber 5,28-041661d198ff,25.0,BLANK,0C,off
01/06/2023 09:30:02,Chamber 5,28-041661d198ff,25.0,BLANK,0C,off
01/06/2023 09:30:22,Chamber 5,28-041661d198ff,25.0,BLANK,0C,off
01/06/2023 09:30:42,Chamber 5,28-041661d198ff,25.0,BLANK,0C,off
01/06/2023 09:31:02,Chamber 5,28-041661d198ff,25.0,BLANK,0C,off
01/06/2023 09:31:22,Chamber 5,28-041661d198ff,25.0,BLANK,0C,off
01/06/2023 09:31:42,Chamber 5,28-041661d198ff,25.0,BLANK,0C,off
01/06/2023 09:32:02,Chamber 5,28-041661d198ff,25.0,BLANK,0C,off
01/06/2023 09:32:22,Chamber 5,28-041661d198ff,25.062,BLANK,0C,off
01/06/2023 09:32:42,Chamber 5,28-041661d198ff,25.0,BLANK,0C,off
01/06/2023 09:33:02,Chamber 5,28-041661d198ff,25.062,BLANK,0C,off
01/06/2023 09:33:22,Chamber 5,28-041661d198ff,25.0,BLANK,0C,off
01/06/2023 09:33:42,Chamber 5,28-041661d198ff,25.0,BLANK,0C,off
01/06/2023 09:34:02,Chamber 5,28-041661d198ff,25.062,BLANK,0C,off
01/06/2023 09:34:22,Chamber 5,28-041661d198ff,25.062,BLANK,0C,off
01/06/2023 09:34:42,Chamber 5,28-041661d198ff,25.062,BLANK,0C,off
01/06/2023 09:35:02,Chamber 5,28-041661d198ff,25.062,BLANK,0C,off
01/06/2023 09:35:22,Chamber 5,28-041661d198ff,25.062,BLANK,0C,off
01/06/2023 09:35:42,Chamber 5,28-041661d198ff,25.0,BLANK,0C,off
01/06/2023 09:36:02,Chamber 5,28-041661d198ff,25.0,BLANK,0C,off
01/06/2023 09:36:23,Chamber 5,28-041661d198ff,25.0,BLANK,0C,off
01/06/2023 09:36:42,Chamber 5,28-041661d198ff,25.0,BLANK,0C,off
01/06/2023 09:37:02,Chamber 5,28-041661d198ff,25.0,BLANK,0C,off
01/06/2023 09:37:22,Chamber 5,28-041661d198ff,25.0,BLANK,0C,off
01/06/2023 09:37:42,Chamber 5,28-041661d198ff,25.0,BLANK,0C,off
01/06/2023 09:38:02,Chamber 5,28-041661d198ff,25.062,BLANK,0C,off
01/06/2023 09:38:22,Chamber 5,28-041661d198ff,25.0,BLANK,0C,off
01/06/2023 09:38:42,Chamber 5,28-041661d198ff,25.0,BLANK,0C,off
01/06/2023 09:39:02,Chamber 5,28-041661d198ff,25.0,BLANK,0C,off
01/06/2023 09:39:22,Chamber 5,28-041661d198ff,25.0,BLANK,0C,off
01/06/2023 09:39:43,Chamber 5,28-041661d198ff,25.062,BLANK,0C,off
01/06/2023 09:40:02,Chamber 5,28-041661d198ff,25.062,BLANK,0C,off
01/06/2023 09:40:23,Chamber 5,28-041661d198ff,25.062,BLANK,0C,off
01/06/2023 09:40:42,Chamber 5,28-041661d198ff,25.062,BLANK,0C,off
01/06/2023 09:41:02,Chamber 5,28-041661d198ff,25.062,BLANK,0C,off
01/06/2023 09:41:22,Chamber 5,28-041661d198ff,25.0,BLANK,0C,off
01/06/2023 09:41:42,Chamber 5,28-041661d198ff,25.0,BLANK,0C,off
01/06/2023 09:42:02,Chamber 5,28-041661d198ff,25.0,BLANK,0C,off
01/06/2023 09:42:23,Chamber 5,28-041661d198ff,25.0,BLANK,0C,off
01/06/2023 09:42:42,Chamber 5,28-041661d198ff,25.062,BLANK,0C,off
01/06/2023 09:43:02,Chamber 5,28-041661d198ff,25.062,BLANK,0C,off
01/06/2023 09:43:22,Chamber 5,28-041661d198ff,25.062,BLANK,0C,off
01/06/2023 09:43:42,Chamber 5,28-041661d198ff,25.062,BLANK,0C,off
01/06/2023 09:44:02,Chamber 5,28-041661d198ff,25.062,BLANK,0C,off
01/06/2023 09:44:23,Chamber 5,28-041661d198ff,25.062,BLANK,0C,off
01/06/2023 09:44:43,Chamber 5,28-041661d198ff,25.062,BLANK,0C,off
01/06/2023 09:45:02,Chamber 5,28-041661d198ff,25.062,BLANK,0C,off
01/06/2023 09:45:22,Chamber 5,28-041661d198ff,25.062,BLANK,0C,off
01/06/2023 09:45:42,Chamber 5,28-041661d198ff,25.062,BLANK,0C,off
01/06/2023 09:46:02,Chamber 5,28-041661d198ff,25.062,BLANK,0C,off
01/06/2023 09:46:22,Chamber 5,28-041661d198ff,25.062,BLANK,0C,off
01/06/2023 09:46:42,Chamber 5,28-041661d198ff,25.062,BLANK,0C,off
01/06/2023 09:47:02,Chamber 5,28-041661d198ff,25.062,BLANK,0C,off
01/06/2023 09:47:22,Chamber 5,28-041661d198ff,25.062,BLANK,0C,off
01/06/2023 09:47:42,Chamber 5,28-041661d198ff,25.062,BLANK,0C,off
01/06/2023 09:48:02,Chamber 5,28-041661d198ff,25.062,BLANK,0C,off
01/06/2023 09:48:22,Chamber 5,28-041661d198ff,25.062,BLANK,0C,off
01/06/2023 09:48:42,Chamber 5,28-041661d198ff,25.062,BLANK,0C,off
01/06/2023 09:49:02,Chamber 5,28-041661d198ff,25.062,BLANK,0C,off
01/06/2023 09:49:22,Chamber 5,28-041661d198ff,25.062,BLANK,0C,off
01/06/2023 09:49:42,Chamber 5,28-041661d198ff,25.062,BLANK,0C,off
01/06/2023 09:50:02,Chamber 5,28-041661d198ff,25.062,BLANK,0C,off
01/06/2023 09:50:22,Chamber 5,28-041661d198ff,25.062,BLANK,0C,off
01/06/2023 09:50:42,Chamber 5,28-041661d198ff,25.062,BLANK,0C,off
01/06/2023 09:51:02,Chamber 5,28-041661d198ff,25.062,BLANK,0C,off
01/06/2023 09:51:22,Chamber 5,28-041661d198ff,25.062,BLANK,0C,off
01/06/2023 09:51:42,Chamber 5,28-041661d198ff,25.062,BLANK,0C,off
01/06/2023 09:52:03,Chamber 5,28-041661d198ff,25.062,BLANK,0C,off
01/06/2023 09:52:22,Chamber 5,28-041661d198ff,25.062,BLANK,0C,off
01/06/2023 09:52:43,Chamber 5,28-041661d198ff,25.062,BLANK,0C,off
01/06/2023 09:53:02,Chamber 5,28-041661d198ff,25.062,BLANK,0C,off
01/06/2023 09:53:22,Chamber 5,28-041661d198ff,25.062,BLANK,0C,off
01/06/2023 09:53:44,Chamber 5,28-041661d198ff,25.062,BLANK,0C,off
01/06/2023 09:54:02,Chamber 5,28-041661d198ff,25.062,BLANK,0C,off
01/06/2023 09:54:22,Chamber 5,28-041661d198ff,25.062,BLANK,0C,off
01/06/2023 09:54:42,Chamber 5,28-041661d198ff,25.062,BLANK,0C,off
01/06/2023 09:55:02,Chamber 5,28-041661d198ff,25.062,BLANK,0C,off
01/06/2023 09:55:23,Chamber 5,28-041661d198ff,25.062,BLANK,0C,off
01/06/2023 09:55:42,Chamber 5,28-041661d198ff,25.125,BLANK,0C,off
01/06/2023 09:56:03,Chamber 5,28-041661d198ff,25.125,BLANK,0C,off
01/06/2023 09:56:22,Chamber 5,28-041661d198ff,25.125,BLANK,0C,off
01/06/2023 09:56:42,Chamber 5,28-041661d198ff,25.062,BLANK,0C,off
01/06/2023 09:57:02,Chamber 5,28-041661d198ff,25.125,BLANK,0C,off
01/06/2023 09:57:23,Chamber 5,28-041661d198ff,25.125,BLANK,0C,off
01/06/2023 09:57:42,Chamber 5,28-041661d198ff,25.062,BLANK,0C,off
01/06/2023 09:58:02,Chamber 5,28-041661d198ff,25.062,BLANK,0C,off
01/06/2023 09:58:22,Chamber 5,28-041661d198ff,25.125,BLANK,0C,off
01/06/2023 09:58:43,Chamber 5,28-041661d198ff,25.125,BLANK,0C,off
01/06/2023 09:59:02,Chamber 5,28-041661d198ff,25.125,BLANK,0C,off
01/06/2023 09:59:22,Chamber 5,28-041661d198ff,25.125,BLANK,0C,off
01/06/2023 09:59:42,Chamber 5,28-041661d198ff,25.125,BLANK,0C,off
01/06/2023 10:00:02,Chamber 5,28-041661d198ff,25.125,BLANK,0C,off
01/06/2023 10:00:22,Chamber 5,28-041661d198ff,25.125,BLANK,0C,off
01/06/2023 10:00:42,Chamber 5,28-041661d198ff,25.125,BLANK,0C,off
01/06/2023 10:01:02,Chamber 5,28-041661d198ff,25.125,BLANK,0C,off
01/06/2023 10:01:22,Chamber 5,28-041661d198ff,25.125,BLANK,0C,off
01/06/2023 10:01:42,Chamber 5,28-041661d198ff,25.125,BLANK,0C,off
01/06/2023 10:02:02,Chamber 5,28-041661d198ff,25.125,BLANK,0C,off
01/06/2023 10:02:22,Chamber 5,28-041661d198ff,25.125,BLANK,0C,off
01/06/2023 10:02:42,Chamber 5,28-041661d198ff,25.125,BLANK,0C,off
01/06/2023 10:03:02,Chamber 5,28-041661d198ff,25.125,BLANK,0C,off
01/06/2023 10:03:22,Chamber 5,28-041661d198ff,25.125,BLANK,0C,off
01/06/2023 10:03:42,Chamber 5,28-041661d198ff,25.125,BLANK,0C,off
01/06/2023 10:04:02,Chamber 5,28-041661d198ff,25.125,BLANK,0C,off
01/06/2023 10:04:22,Chamber 5,28-041661d198ff,25.125,BLANK,0C,off
01/06/2023 10:04:42,Chamber 5,28-041661d198ff,25.125,BLANK,0C,off
01/06/2023 10:05:02,Chamber 5,28-041661d198ff,25.125,BLANK,0C,off
01/06/2023 10:05:22,Chamber 5,28-041661d198ff,25.125,BLANK,0C,off
01/06/2023 10:05:42,Chamber 5,28-041661d198ff,25.125,BLANK,0C,off
01/06/2023 10:06:02,Chamber 5,28-041661d198ff,25.125,BLANK,0C,off
01/06/2023 10:06:22,Chamber 5,28-041661d198ff,25.125,BLANK,0C,off
01/06/2023 10:06:42,Chamber 5,28-041661d198ff,25.125,BLANK,0C,off
01/06/2023 10:07:02,Chamber 5,28-041661d198ff,25.125,BLANK,0C,off
01/06/2023 10:07:22,Chamber 5,28-041661d198ff,25.125,BLANK,0C,off
01/06/2023 10:07:42,Chamber 5,28-041661d198ff,25.125,BLANK,0C,off
01/06/2023 10:08:02,Chamber 5,28-041661d198ff,25.125,BLANK,0C,off
01/06/2023 10:08:22,Chamber 5,28-041661d198ff,25.125,BLANK,0C,off
01/06/2023 10:08:42,Chamber 5,28-041661d198ff,25.125,BLANK,0C,off
01/06/2023 10:09:02,Chamber 5,28-041661d198ff,25.125,BLANK,0C,off
01/06/2023 10:09:22,Chamber 5,28-041661d198ff,25.125,BLANK,0C,off
01/06/2023 10:09:42,Chamber 5,28-041661d198ff,25.125,BLANK,0C,off
01/06/2023 10:10:02,Chamber 5,28-041661d198ff,25.125,BLANK,0C,off
01/06/2023 10:10:22,Chamber 5,28-041661d198ff,25.125,BLANK,0C,off
01/06/2023 10:10:42,Chamber 5,28-041661d198ff,25.125,BLANK,0C,off
01/06/2023 10:11:02,Chamber 5,28-041661d198ff,25.125,BLANK,0C,off
01/06/2023 10:11:22,Chamber 5,28-041661d198ff,25.125,BLANK,0C,off
01/06/2023 10:11:42,Chamber 5,28-041661d198ff,25.125,BLANK,0C,off
01/06/2023 10:12:02,Chamber 5,28-041661d198ff,25.125,BLANK,0C,off
01/06/2023 10:12:22,Chamber 5,28-041661d198ff,25.125,BLANK,0C,off
01/06/2023 10:12:42,Chamber 5,28-041661d198ff,25.187,BLANK,0C,off
01/06/2023 10:13:02,Chamber 5,28-041661d198ff,25.187,BLANK,0C,off
01/06/2023 10:13:22,Chamber 5,28-041661d198ff,25.125,BLANK,0C,off
01/06/2023 10:13:42,Chamber 5,28-041661d198ff,25.125,BLANK,0C,off
01/06/2023 10:14:02,Chamber 5,28-041661d198ff,25.187,BLANK,0C,off
01/06/2023 10:14:23,Chamber 5,28-041661d198ff,25.187,BLANK,0C,off
01/06/2023 10:14:42,Chamber 5,28-041661d198ff,25.125,BLANK,0C,off
01/06/2023 10:15:02,Chamber 5,28-041661d198ff,25.125,BLANK,0C,off
01/06/2023 10:15:22,Chamber 5,28-041661d198ff,25.187,BLANK,0C,off
01/06/2023 10:15:42,Chamber 5,28-041661d198ff,25.187,BLANK,0C,off
01/06/2023 10:16:02,Chamber 5,28-041661d198ff,25.187,BLANK,0C,off
01/06/2023 10:16:22,Chamber 5,28-041661d198ff,25.187,BLANK,0C,off
01/06/2023 10:16:42,Chamber 5,28-041661d198ff,25.187,BLANK,0C,off
01/06/2023 10:17:02,Chamber 5,28-041661d198ff,25.187,BLANK,0C,off
01/06/2023 10:17:22,Chamber 5,28-041661d198ff,25.187,BLANK,0C,off
01/06/2023 10:17:42,Chamber 5,28-041661d198ff,25.187,BLANK,0C,off
01/06/2023 10:18:02,Chamber 5,28-041661d198ff,25.187,BLANK,0C,off
01/06/2023 10:18:22,Chamber 5,28-041661d198ff,25.187,BLANK,0C,off
01/06/2023 10:18:42,Chamber 5,28-041661d198ff,25.187,BLANK,0C,off
01/06/2023 10:19:02,Chamber 5,28-041661d198ff,25.187,BLANK,0C,off
01/06/2023 10:19:22,Chamber 5,28-041661d198ff,25.187,BLANK,0C,off
01/06/2023 10:19:42,Chamber 5,28-041661d198ff,25.187,BLANK,0C,off
01/06/2023 10:20:02,Chamber 5,28-041661d198ff,25.187,BLANK,0C,off
01/06/2023 10:20:22,Chamber 5,28-041661d198ff,25.187,BLANK,0C,off
01/06/2023 10:20:42,Chamber 5,28-041661d198ff,25.187,BLANK,0C,off
01/06/2023 10:21:02,Chamber 5,28-041661d198ff,25.187,BLANK,0C,off
01/06/2023 10:21:22,Chamber 5,28-041661d198ff,25.187,BLANK,0C,off
01/06/2023 10:21:42,Chamber 5,28-041661d198ff,25.187,BLANK,0C,off
01/06/2023 10:22:02,Chamber 5,28-041661d198ff,25.187,BLANK,0C,off
01/06/2023 10:22:22,Chamber 5,28-041661d198ff,25.187,BLANK,0C,off
01/06/2023 10:22:42,Chamber 5,28-041661d198ff,25.187,BLANK,0C,off
01/06/2023 10:23:02,Chamber 5,28-041661d198ff,25.187,BLANK,0C,off
01/06/2023 10:23:22,Chamber 5,28-041661d198ff,25.187,BLANK,0C,off
01/06/2023 10:23:42,Chamber 5,28-041661d198ff,25.187,BLANK,0C,off
01/06/2023 10:24:02,Chamber 5,28-041661d198ff,25.187,BLANK,0C,off
01/06/2023 10:24:22,Chamber 5,28-041661d198ff,25.187,BLANK,0C,off
01/06/2023 10:24:42,Chamber 5,28-041661d198ff,25.187,BLANK,0C,off
01/06/2023 10:25:02,Chamber 5,28-041661d198ff,25.187,BLANK,0C,off
01/06/2023 10:25:22,Chamber 5,28-041661d198ff,25.187,BLANK,0C,off
01/06/2023 10:25:42,Chamber 5,28-041661d198ff,25.187,BLANK,0C,off
01/06/2023 10:26:02,Chamber 5,28-041661d198ff,25.187,BLANK,0C,off
01/06/2023 10:26:22,Chamber 5,28-041661d198ff,25.187,BLANK,0C,off
01/06/2023 10:26:42,Chamber 5,28-041661d198ff,25.187,BLANK,0C,off
01/06/2023 10:27:02,Chamber 5,28-041661d198ff,25.187,BLANK,0C,off
01/06/2023 10:27:23,Chamber 5,28-041661d198ff,25.187,BLANK,0C,off
01/06/2023 10:27:42,Chamber 5,28-041661d198ff,25.187,BLANK,0C,off
01/06/2023 10:28:02,Chamber 5,28-041661d198ff,25.187,BLANK,0C,off
01/06/2023 10:28:24,Chamber 5,28-041661d198ff,25.25,BLANK,0C,off
01/06/2023 10:28:42,Chamber 5,28-041661d198ff,25.25,BLANK,0C,off
01/06/2023 10:29:02,Chamber 5,28-041661d198ff,25.25,BLANK,0C,off
01/06/2023 10:29:22,Chamber 5,28-041661d198ff,25.25,BLANK,0C,off
01/06/2023 10:29:42,Chamber 5,28-041661d198ff,25.187,BLANK,0C,off
01/06/2023 10:30:02,Chamber 5,28-041661d198ff,25.25,BLANK,0C,off
01/06/2023 10:30:22,Chamber 5,28-041661d198ff,25.25,BLANK,0C,off
01/06/2023 10:30:42,Chamber 5,28-041661d198ff,25.25,BLANK,0C,off
01/06/2023 10:31:02,Chamber 5,28-041661d198ff,25.25,BLANK,0C,off
01/06/2023 10:31:22,Chamber 5,28-041661d198ff,25.25,BLANK,0C,off
01/06/2023 10:31:42,Chamber 5,28-041661d198ff,25.25,BLANK,0C,off
01/06/2023 10:32:02,Chamber 5,28-041661d198ff,25.25,BLANK,0C,off
01/06/2023 10:32:22,Chamber 5,28-041661d198ff,25.25,BLANK,0C,off
01/06/2023 10:32:42,Chamber 5,28-041661d198ff,25.25,BLANK,0C,off
01/06/2023 10:33:02,Chamber 5,28-041661d198ff,25.25,BLANK,0C,off
01/06/2023 10:33:24,Chamber 5,28-041661d198ff,25.25,BLANK,0C,off
01/06/2023 10:33:42,Chamber 5,28-041661d198ff,25.25,BLANK,0C,off
01/06/2023 10:34:03,Chamber 5,28-041661d198ff,25.25,BLANK,0C,off
01/06/2023 10:34:22,Chamber 5,28-041661d198ff,25.25,BLANK,0C,off
01/06/2023 10:34:43,Chamber 5,28-041661d198ff,25.25,BLANK,0C,off
01/06/2023 10:35:02,Chamber 5,28-041661d198ff,25.25,BLANK,0C,off
01/06/2023 10:35:22,Chamber 5,28-041661d198ff,25.25,BLANK,0C,off
01/06/2023 10:35:42,Chamber 5,28-041661d198ff,25.25,BLANK,0C,off
01/06/2023 10:36:02,Chamber 5,28-041661d198ff,25.25,BLANK,0C,off
01/06/2023 10:36:22,Chamber 5,28-041661d198ff,25.25,BLANK,0C,off
01/06/2023 10:36:42,Chamber 5,28-041661d198ff,25.25,BLANK,0C,off
01/06/2023 10:37:02,Chamber 5,28-041661d198ff,25.25,BLANK,0C,off
01/06/2023 10:37:22,Chamber 5,28-041661d198ff,25.25,BLANK,0C,off
01/06/2023 10:37:42,Chamber 5,28-041661d198ff,25.25,BLANK,0C,off
01/06/2023 10:38:02,Chamber 5,28-041661d198ff,25.25,BLANK,0C,off
01/06/2023 10:38:22,Chamber 5,28-041661d198ff,25.25,BLANK,0C,off
01/06/2023 10:38:42,Chamber 5,28-041661d198ff,25.25,BLANK,0C,off
01/06/2023 10:39:02,Chamber 5,28-041661d198ff,25.25,BLANK,0C,off
01/06/2023 10:39:22,Chamber 5,28-041661d198ff,25.25,BLANK,0C,off
01/06/2023 10:39:42,Chamber 5,28-041661d198ff,25.25,BLANK,0C,off
01/06/2023 10:40:02,Chamber 5,28-041661d198ff,25.25,BLANK,0C,off
01/06/2023 10:40:22,Chamber 5,28-041661d198ff,25.25,BLANK,0C,off
01/06/2023 10:40:42,Chamber 5,28-041661d198ff,25.25,BLANK,0C,off
01/06/2023 10:41:02,Chamber 5,28-041661d198ff,25.25,BLANK,0C,off
01/06/2023 10:41:22,Chamber 5,28-041661d198ff,25.25,BLANK,0C,off
01/06/2023 10:41:43,Chamber 5,28-041661d198ff,25.25,BLANK,0C,off
01/06/2023 10:42:02,Chamber 5,28-041661d198ff,25.25,BLANK,0C,off
01/06/2023 10:42:22,Chamber 5,28-041661d198ff,25.25,BLANK,0C,off
01/06/2023 10:42:42,Chamber 5,28-041661d198ff,25.25,BLANK,0C,off
01/06/2023 10:43:02,Chamber 5,28-041661d198ff,25.25,BLANK,0C,off
01/06/2023 10:43:22,Chamber 5,28-041661d198ff,25.25,BLANK,0C,off
01/06/2023 10:43:42,Chamber 5,28-041661d198ff,25.25,BLANK,0C,off
01/06/2023 10:44:02,Chamber 5,28-041661d198ff,25.25,BLANK,0C,off
01/06/2023 10:44:22,Chamber 5,28-041661d198ff,25.25,BLANK,0C,off
01/06/2023 10:44:42,Chamber 5,28-041661d198ff,25.25,BLANK,0C,off
01/06/2023 10:45:02,Chamber 5,28-041661d198ff,25.25,BLANK,0C,off
01/06/2023 10:45:22,Chamber 5,28-041661d198ff,25.25,BLANK,0C,off
01/06/2023 10:45:42,Chamber 5,28-041661d198ff,25.25,BLANK,0C,off
01/06/2023 10:46:02,Chamber 5,28-041661d198ff,25.25,BLANK,0C,off
01/06/2023 10:46:24,Chamber 5,28-041661d198ff,25.312,BLANK,0C,off
01/06/2023 10:46:42,Chamber 5,28-041661d198ff,25.25,BLANK,0C,off
01/06/2023 10:47:02,Chamber 5,28-041661d198ff,25.25,BLANK,0C,off
01/06/2023 10:47:22,Chamber 5,28-041661d198ff,25.25,BLANK,0C,off
01/06/2023 10:47:43,Chamber 5,28-041661d198ff,25.312,BLANK,0C,off
01/06/2023 10:48:02,Chamber 5,28-041661d198ff,25.312,BLANK,0C,off
01/06/2023 10:48:22,Chamber 5,28-041661d198ff,25.312,BLANK,0C,off
01/06/2023 10:48:42,Chamber 5,28-041661d198ff,25.312,BLANK,0C,off
01/06/2023 10:49:02,Chamber 5,28-041661d198ff,25.312,BLANK,0C,off
01/06/2023 10:49:22,Chamber 5,28-041661d198ff,25.312,BLANK,0C,off
01/06/2023 10:49:42,Chamber 5,28-041661d198ff,25.312,BLANK,0C,off
01/06/2023 10:50:02,Chamber 5,28-041661d198ff,25.25,BLANK,0C,off
01/06/2023 10:50:22,Chamber 5,28-041661d198ff,25.312,BLANK,0C,off
01/06/2023 10:50:43,Chamber 5,28-041661d198ff,25.312,BLANK,0C,off
01/06/2023 10:51:02,Chamber 5,28-041661d198ff,25.312,BLANK,0C,off
01/06/2023 10:51:22,Chamber 5,28-041661d198ff,25.312,BLANK,0C,off
01/06/2023 10:51:42,Chamber 5,28-041661d198ff,25.312,BLANK,0C,off
01/06/2023 10:52:02,Chamber 5,28-041661d198ff,25.312,BLANK,0C,off
01/06/2023 10:52:23,Chamber 5,28-041661d198ff,25.312,BLANK,0C,off
01/06/2023 10:52:42,Chamber 5,28-041661d198ff,25.312,BLANK,0C,off
01/06/2023 10:53:02,Chamber 5,28-041661d198ff,25.312,BLANK,0C,off
01/06/2023 10:53:22,Chamber 5,28-041661d198ff,25.312,BLANK,0C,off
01/06/2023 10:53:43,Chamber 5,28-041661d198ff,25.312,BLANK,0C,off
01/06/2023 10:54:02,Chamber 5,28-041661d198ff,25.312,BLANK,0C,off
01/06/2023 10:54:23,Chamber 5,28-041661d198ff,25.312,BLANK,0C,off
01/06/2023 10:54:42,Chamber 5,28-041661d198ff,25.312,BLANK,0C,off
01/06/2023 10:55:02,Chamber 5,28-041661d198ff,25.312,BLANK,0C,off
01/06/2023 10:55:22,Chamber 5,28-041661d198ff,25.312,BLANK,0C,off
01/06/2023 10:55:42,Chamber 5,28-041661d198ff,25.312,BLANK,0C,off
01/06/2023 10:56:02,Chamber 5,28-041661d198ff,25.312,BLANK,0C,off
01/06/2023 10:56:24,Chamber 5,28-041661d198ff,25.312,BLANK,0C,off
01/06/2023 10:56:42,Chamber 5,28-041661d198ff,25.312,BLANK,0C,off
01/06/2023 10:57:02,Chamber 5,28-041661d198ff,25.312,BLANK,0C,off
01/06/2023 10:57:22,Chamber 5,28-041661d198ff,25.312,BLANK,0C,off
01/06/2023 10:57:42,Chamber 5,28-041661d198ff,25.312,BLANK,0C,off
01/06/2023 10:58:02,Chamber 5,28-041661d198ff,25.312,BLANK,0C,off
01/06/2023 10:58:22,Chamber 5,28-041661d198ff,25.312,BLANK,0C,off
01/06/2023 10:58:42,Chamber 5,28-041661d198ff,25.312,BLANK,0C,off
01/06/2023 10:59:02,Chamber 5,28-041661d198ff,25.312,BLANK,0C,off
01/06/2023 10:59:22,Chamber 5,28-041661d198ff,25.312,BLANK,0C,off
01/06/2023 10:59:42,Chamber 5,28-041661d198ff,25.312,BLANK,0C,off
01/06/2023 11:00:02,Chamber 5,28-041661d198ff,25.312,BLANK,0C,off
01/06/2023 11:00:24,Chamber 5,28-041661d198ff,25.312,BLANK,0C,off
01/06/2023 11:00:42,Chamber 5,28-041661d198ff,25.312,BLANK,0C,off
01/06/2023 11:01:02,Chamber 5,28-041661d198ff,25.312,BLANK,0C,off
01/06/2023 11:01:22,Chamber 5,28-041661d198ff,25.312,BLANK,0C,off
01/06/2023 11:01:42,Chamber 5,28-041661d198ff,25.312,BLANK,0C,off
01/06/2023 11:02:02,Chamber 5,28-041661d198ff,25.375,BLANK,0C,off
01/06/2023 11:02:23,Chamber 5,28-041661d198ff,25.375,BLANK,0C,off
01/06/2023 11:02:43,Chamber 5,28-041661d198ff,25.375,BLANK,0C,off
01/06/2023 11:03:03,Chamber 5,28-041661d198ff,25.375,BLANK,0C,off
01/06/2023 11:03:22,Chamber 5,28-041661d198ff,25.375,BLANK,0C,off
01/06/2023 11:03:42,Chamber 5,28-041661d198ff,25.375,BLANK,0C,off
01/06/2023 11:04:02,Chamber 5,28-041661d198ff,25.312,BLANK,0C,off
01/06/2023 11:04:22,Chamber 5,28-041661d198ff,25.375,BLANK,0C,off
01/06/2023 11:04:43,Chamber 5,28-041661d198ff,25.375,BLANK,0C,off
01/06/2023 11:05:02,Chamber 5,28-041661d198ff,25.375,BLANK,0C,off
01/06/2023 11:05:22,Chamber 5,28-041661d198ff,25.375,BLANK,0C,off
01/06/2023 11:05:42,Chamber 5,28-041661d198ff,25.375,BLANK,0C,off
01/06/2023 11:06:03,Chamber 5,28-041661d198ff,25.375,BLANK,0C,off
01/06/2023 11:06:22,Chamber 5,28-041661d198ff,25.375,BLANK,0C,off
01/06/2023 11:06:42,Chamber 5,28-041661d198ff,25.375,BLANK,0C,off
01/06/2023 11:07:02,Chamber 5,28-041661d198ff,25.375,BLANK,0C,off
01/06/2023 11:07:22,Chamber 5,28-041661d198ff,25.375,BLANK,0C,off
01/06/2023 11:07:42,Chamber 5,28-041661d198ff,25.375,BLANK,0C,off
01/06/2023 11:08:04,Chamber 5,28-041661d198ff,25.375,BLANK,0C,off
01/06/2023 11:08:22,Chamber 5,28-041661d198ff,25.375,BLANK,0C,off
01/06/2023 11:08:42,Chamber 5,28-041661d198ff,25.375,BLANK,0C,off
01/06/2023 11:09:02,Chamber 5,28-041661d198ff,25.375,BLANK,0C,off
01/06/2023 11:09:22,Chamber 5,28-041661d198ff,25.375,BLANK,0C,off
01/06/2023 11:09:42,Chamber 5,28-041661d198ff,25.375,BLANK,0C,off
01/06/2023 11:10:02,Chamber 5,28-041661d198ff,25.375,BLANK,0C,off
01/06/2023 11:10:22,Chamber 5,28-041661d198ff,25.375,BLANK,0C,off
01/06/2023 11:10:42,Chamber 5,28-041661d198ff,25.375,BLANK,0C,off
01/06/2023 11:11:02,Chamber 5,28-041661d198ff,25.375,BLANK,0C,off
01/06/2023 11:11:23,Chamber 5,28-041661d198ff,25.375,BLANK,0C,off
01/06/2023 11:11:42,Chamber 5,28-041661d198ff,25.375,BLANK,0C,off
01/06/2023 11:12:02,Chamber 5,28-041661d198ff,25.375,BLANK,0C,off
01/06/2023 11:12:22,Chamber 5,28-041661d198ff,25.375,BLANK,0C,off
01/06/2023 11:12:42,Chamber 5,28-041661d198ff,25.375,BLANK,0C,off
01/06/2023 11:13:02,Chamber 5,28-041661d198ff,25.375,BLANK,0C,off
01/06/2023 11:13:22,Chamber 5,28-041661d198ff,25.375,BLANK,0C,off
01/06/2023 11:13:42,Chamber 5,28-041661d198ff,25.375,BLANK,0C,off
01/06/2023 11:14:02,Chamber 5,28-041661d198ff,25.375,BLANK,0C,off
01/06/2023 11:14:22,Chamber 5,28-041661d198ff,25.375,BLANK,0C,off
01/06/2023 11:14:42,Chamber 5,28-041661d198ff,25.375,BLANK,0C,off
01/06/2023 11:15:02,Chamber 5,28-041661d198ff,25.375,BLANK,0C,off
01/06/2023 11:15:22,Chamber 5,28-041661d198ff,25.375,BLANK,0C,off
01/06/2023 11:15:42,Chamber 5,28-041661d198ff,25.375,BLANK,0C,off
01/06/2023 11:16:02,Chamber 5,28-041661d198ff,25.375,BLANK,0C,off
01/06/2023 11:16:23,Chamber 5,28-041661d198ff,25.375,BLANK,0C,off
01/06/2023 11:16:42,Chamber 5,28-041661d198ff,25.375,BLANK,0C,off
01/06/2023 11:17:02,Chamber 5,28-041661d198ff,25.375,BLANK,0C,off
01/06/2023 11:17:22,Chamber 5,28-041661d198ff,25.375,BLANK,0C,off
01/06/2023 11:17:42,Chamber 5,28-041661d198ff,25.375,BLANK,0C,off
01/06/2023 11:18:02,Chamber 5,28-041661d198ff,25.375,BLANK,0C,off
01/06/2023 11:18:22,Chamber 5,28-041661d198ff,25.375,BLANK,0C,off
01/06/2023 11:18:42,Chamber 5,28-041661d198ff,25.375,BLANK,0C,off
01/06/2023 11:19:03,Chamber 5,28-041661d198ff,25.375,BLANK,0C,off
01/06/2023 11:19:22,Chamber 5,28-041661d198ff,25.375,BLANK,0C,off
01/06/2023 11:19:42,Chamber 5,28-041661d198ff,25.375,BLANK,0C,off
01/06/2023 11:20:02,Chamber 5,28-041661d198ff,25.375,BLANK,0C,off
01/06/2023 11:20:22,Chamber 5,28-041661d198ff,25.375,BLANK,0C,off
01/06/2023 11:20:42,Chamber 5,28-041661d198ff,25.375,BLANK,0C,off
01/06/2023 11:21:02,Chamber 5,28-041661d198ff,25.375,BLANK,0C,off
01/06/2023 11:21:22,Chamber 5,28-041661d198ff,25.375,BLANK,0C,off
01/06/2023 11:21:42,Chamber 5,28-041661d198ff,25.375,BLANK,0C,off
01/06/2023 11:22:02,Chamber 5,28-041661d198ff,25.375,BLANK,0C,off
01/06/2023 11:22:22,Chamber 5,28-041661d198ff,25.375,BLANK,0C,off
01/06/2023 11:22:42,Chamber 5,28-041661d198ff,25.375,BLANK,0C,off
01/06/2023 11:23:02,Chamber 5,28-041661d198ff,25.375,BLANK,0C,off
01/06/2023 11:23:22,Chamber 5,28-041661d198ff,25.375,BLANK,0C,off
01/06/2023 11:23:42,Chamber 5,28-041661d198ff,25.375,BLANK,0C,off
01/06/2023 11:24:02,Chamber 5,28-041661d198ff,25.375,BLANK,0C,off
01/06/2023 11:24:22,Chamber 5,28-041661d198ff,25.375,BLANK,0C,off
01/06/2023 11:24:42,Chamber 5,28-041661d198ff,25.375,BLANK,0C,off
01/06/2023 11:25:02,Chamber 5,28-041661d198ff,25.375,BLANK,0C,off
01/06/2023 11:25:22,Chamber 5,28-041661d198ff,25.375,BLANK,0C,off
01/06/2023 11:25:42,Chamber 5,28-041661d198ff,25.375,BLANK,0C,off
01/06/2023 11:26:02,Chamber 5,28-041661d198ff,25.375,BLANK,0C,off
01/06/2023 11:26:22,Chamber 5,28-041661d198ff,25.375,BLANK,0C,off
01/06/2023 11:26:42,Chamber 5,28-041661d198ff,25.375,BLANK,0C,off
01/06/2023 11:27:02,Chamber 5,28-041661d198ff,25.375,BLANK,0C,off
01/06/2023 11:27:22,Chamber 5,28-041661d198ff,25.437,BLANK,0C,off
01/06/2023 11:27:42,Chamber 5,28-041661d198ff,25.375,BLANK,0C,off
01/06/2023 11:28:02,Chamber 5,28-041661d198ff,25.437,BLANK,0C,off
01/06/2023 11:28:22,Chamber 5,28-041661d198ff,25.437,BLANK,0C,off
01/06/2023 11:28:42,Chamber 5,28-041661d198ff,25.437,BLANK,0C,off
01/06/2023 11:29:02,Chamber 5,28-041661d198ff,25.437,BLANK,0C,off
01/06/2023 11:29:22,Chamber 5,28-041661d198ff,25.437,BLANK,0C,off
01/06/2023 11:29:42,Chamber 5,28-041661d198ff,25.437,BLANK,0C,off
01/06/2023 11:30:02,Chamber 5,28-041661d198ff,25.437,BLANK,0C,off
01/06/2023 11:30:22,Chamber 5,28-041661d198ff,25.437,BLANK,0C,off
01/06/2023 11:30:42,Chamber 5,28-041661d198ff,25.437,BLANK,0C,off
01/06/2023 11:31:02,Chamber 5,28-041661d198ff,25.437,BLANK,0C,off
01/06/2023 11:31:22,Chamber 5,28-041661d198ff,25.437,BLANK,0C,off
01/06/2023 11:31:42,Chamber 5,28-041661d198ff,25.437,BLANK,0C,off
01/06/2023 11:32:02,Chamber 5,28-041661d198ff,25.437,BLANK,0C,off
01/06/2023 11:32:22,Chamber 5,28-041661d198ff,25.437,BLANK,0C,off
01/06/2023 11:32:43,Chamber 5,28-041661d198ff,25.437,BLANK,0C,off
01/06/2023 11:33:02,Chamber 5,28-041661d198ff,25.437,BLANK,0C,off
01/06/2023 11:33:22,Chamber 5,28-041661d198ff,25.437,BLANK,0C,off
01/06/2023 11:33:42,Chamber 5,28-041661d198ff,25.437,BLANK,0C,off
01/06/2023 11:34:02,Chamber 5,28-041661d198ff,25.437,BLANK,0C,off
01/06/2023 11:34:22,Chamber 5,28-041661d198ff,25.437,BLANK,0C,off
01/06/2023 11:34:42,Chamber 5,28-041661d198ff,25.437,BLANK,0C,off
01/06/2023 11:35:02,Chamber 5,28-041661d198ff,25.437,BLANK,0C,off
01/06/2023 11:35:22,Chamber 5,28-041661d198ff,25.437,BLANK,0C,off
01/06/2023 11:35:42,Chamber 5,28-041661d198ff,25.437,BLANK,0C,off
01/06/2023 11:36:02,Chamber 5,28-041661d198ff,25.437,BLANK,0C,off
01/06/2023 11:36:22,Chamber 5,28-041661d198ff,25.437,BLANK,0C,off
01/06/2023 11:36:42,Chamber 5,28-041661d198ff,25.437,BLANK,0C,off
01/06/2023 11:37:02,Chamber 5,28-041661d198ff,25.437,BLANK,0C,off
01/06/2023 11:37:22,Chamber 5,28-041661d198ff,25.437,BLANK,0C,off
01/06/2023 11:37:42,Chamber 5,28-041661d198ff,25.437,BLANK,0C,off
01/06/2023 11:38:02,Chamber 5,28-041661d198ff,25.437,BLANK,0C,off
01/06/2023 11:38:22,Chamber 5,28-041661d198ff,25.437,BLANK,0C,off
01/06/2023 11:38:42,Chamber 5,28-041661d198ff,25.437,BLANK,0C,off
01/06/2023 11:39:02,Chamber 5,28-041661d198ff,25.437,BLANK,0C,off
01/06/2023 11:39:22,Chamber 5,28-041661d198ff,25.437,BLANK,0C,off
01/06/2023 11:39:42,Chamber 5,28-041661d198ff,25.437,BLANK,0C,off
01/06/2023 11:40:02,Chamber 5,28-041661d198ff,25.437,BLANK,0C,off
01/06/2023 11:40:22,Chamber 5,28-041661d198ff,25.437,BLANK,0C,off
01/06/2023 11:40:42,Chamber 5,28-041661d198ff,25.437,BLANK,0C,off
01/06/2023 11:41:02,Chamber 5,28-041661d198ff,25.437,BLANK,0C,off
01/06/2023 11:41:22,Chamber 5,28-041661d198ff,25.437,BLANK,0C,off
01/06/2023 11:41:42,Chamber 5,28-041661d198ff,25.437,BLANK,0C,off
01/06/2023 11:42:02,Chamber 5,28-041661d198ff,25.437,BLANK,0C,off
01/06/2023 11:42:23,Chamber 5,28-041661d198ff,25.437,BLANK,0C,off
01/06/2023 11:42:43,Chamber 5,28-041661d198ff,25.437,BLANK,0C,off
01/06/2023 11:43:04,Chamber 5,28-041661d198ff,25.437,BLANK,0C,off
01/06/2023 11:43:22,Chamber 5,28-041661d198ff,25.437,BLANK,0C,off
01/06/2023 11:43:43,Chamber 5,28-041661d198ff,25.437,BLANK,0C,off
01/06/2023 11:44:02,Chamber 5,28-041661d198ff,25.437,BLANK,0C,off
01/06/2023 11:44:22,Chamber 5,28-041661d198ff,25.437,BLANK,0C,off
01/06/2023 11:44:42,Chamber 5,28-041661d198ff,25.437,BLANK,0C,off
01/06/2023 11:45:02,Chamber 5,28-041661d198ff,25.437,BLANK,0C,off
01/06/2023 11:45:22,Chamber 5,28-041661d198ff,25.437,BLANK,0C,off
01/06/2023 11:45:43,Chamber 5,28-041661d198ff,25.437,BLANK,0C,off
01/06/2023 11:46:02,Chamber 5,28-041661d198ff,25.437,BLANK,0C,off
01/06/2023 11:46:22,Chamber 5,28-041661d198ff,25.437,BLANK,0C,off
01/06/2023 11:46:42,Chamber 5,28-041661d198ff,25.437,BLANK,0C,off
01/06/2023 11:47:02,Chamber 5,28-041661d198ff,25.437,BLANK,0C,off
01/06/2023 11:47:22,Chamber 5,28-041661d198ff,25.437,BLANK,0C,off
01/06/2023 11:47:42,Chamber 5,28-041661d198ff,25.437,BLANK,0C,off
01/06/2023 11:48:02,Chamber 5,28-041661d198ff,25.437,BLANK,0C,off
01/06/2023 11:48:22,Chamber 5,28-041661d198ff,25.437,BLANK,0C,off
01/06/2023 11:48:42,Chamber 5,28-041661d198ff,25.437,BLANK,0C,off
01/06/2023 11:49:03,Chamber 5,28-041661d198ff,25.437,BLANK,0C,off
01/06/2023 11:49:22,Chamber 5,28-041661d198ff,25.437,BLANK,0C,off
01/06/2023 11:49:42,Chamber 5,28-041661d198ff,25.437,BLANK,0C,off
01/06/2023 11:50:02,Chamber 5,28-041661d198ff,25.437,BLANK,0C,off
01/06/2023 11:50:23,Chamber 5,28-041661d198ff,25.437,BLANK,0C,off
01/06/2023 11:50:42,Chamber 5,28-041661d198ff,25.437,BLANK,0C,off
01/06/2023 11:51:03,Chamber 5,28-041661d198ff,25.437,BLANK,0C,off
01/06/2023 11:51:22,Chamber 5,28-041661d198ff,25.437,BLANK,0C,off
01/06/2023 11:51:42,Chamber 5,28-041661d198ff,25.437,BLANK,0C,off
01/06/2023 11:52:03,Chamber 5,28-041661d198ff,25.437,BLANK,0C,off
01/06/2023 11:52:22,Chamber 5,28-041661d198ff,25.437,BLANK,0C,off
01/06/2023 11:52:43,Chamber 5,28-041661d198ff,25.437,BLANK,0C,off
01/06/2023 11:53:02,Chamber 5,28-041661d198ff,25.437,BLANK,0C,off
01/06/2023 11:53:23,Chamber 5,28-041661d198ff,25.437,BLANK,0C,off
01/06/2023 11:53:42,Chamber 5,28-041661d198ff,25.437,BLANK,0C,off
01/06/2023 11:54:03,Chamber 5,28-041661d198ff,25.437,BLANK,0C,off
01/06/2023 11:54:23,Chamber 5,28-041661d198ff,25.437,BLANK,0C,off
01/06/2023 11:54:43,Chamber 5,28-041661d198ff,25.437,BLANK,0C,off
01/06/2023 11:55:02,Chamber 5,28-041661d198ff,25.437,BLANK,0C,off
01/06/2023 11:55:22,Chamber 5,28-041661d198ff,25.437,BLANK,0C,off
01/06/2023 11:55:42,Chamber 5,28-041661d198ff,25.437,BLANK,0C,off
01/06/2023 11:56:02,Chamber 5,28-041661d198ff,25.437,BLANK,0C,off
01/06/2023 11:56:22,Chamber 5,28-041661d198ff,25.437,BLANK,0C,off
01/06/2023 11:56:42,Chamber 5,28-041661d198ff,25.437,BLANK,0C,off
01/06/2023 11:57:02,Chamber 5,28-041661d198ff,25.437,BLANK,0C,off
01/06/2023 11:57:22,Chamber 5,28-041661d198ff,25.437,BLANK,0C,off
01/06/2023 11:57:42,Chamber 5,28-041661d198ff,25.437,BLANK,0C,off
01/06/2023 11:58:02,Chamber 5,28-041661d198ff,25.437,BLANK,0C,off
01/06/2023 11:58:22,Chamber 5,28-041661d198ff,25.437,BLANK,0C,off
01/06/2023 11:58:42,Chamber 5,28-041661d198ff,25.437,BLANK,0C,off
01/06/2023 11:59:02,Chamber 5,28-041661d198ff,25.437,BLANK,0C,off
01/06/2023 11:59:22,Chamber 5,28-041661d198ff,25.437,BLANK,0C,off
01/06/2023 11:59:42,Chamber 5,28-041661d198ff,25.437,BLANK,0C,off
01/06/2023 12:00:02,Chamber 5,28-041661d198ff,25.437,BLANK,0C,off
01/06/2023 12:00:22,Chamber 5,28-041661d198ff,25.437,BLANK,0C,off
01/06/2023 12:00:42,Chamber 5,28-041661d198ff,25.437,BLANK,0C,off
01/06/2023 12:01:02,Chamber 5,28-041661d198ff,25.5,BLANK,0C,off
01/06/2023 12:01:22,Chamber 5,28-041661d198ff,25.437,BLANK,0C,off
01/06/2023 12:01:42,Chamber 5,28-041661d198ff,25.437,BLANK,0C,off
01/06/2023 12:02:02,Chamber 5,28-041661d198ff,25.437,BLANK,0C,off
01/06/2023 12:02:22,Chamber 5,28-041661d198ff,25.437,BLANK,0C,off
01/06/2023 12:02:42,Chamber 5,28-041661d198ff,25.437,BLANK,0C,off
01/06/2023 12:03:02,Chamber 5,28-041661d198ff,25.5,BLANK,0C,off
01/06/2023 12:03:22,Chamber 5,28-041661d198ff,25.5,BLANK,0C,off
01/06/2023 12:03:42,Chamber 5,28-041661d198ff,25.5,BLANK,0C,off
01/06/2023 12:04:02,Chamber 5,28-041661d198ff,25.5,BLANK,0C,off
01/06/2023 12:04:22,Chamber 5,28-041661d198ff,25.5,BLANK,0C,off
01/06/2023 12:04:42,Chamber 5,28-041661d198ff,25.437,BLANK,0C,off
01/06/2023 12:05:02,Chamber 5,28-041661d198ff,25.5,BLANK,0C,off
01/06/2023 12:05:22,Chamber 5,28-041661d198ff,25.5,BLANK,0C,off
01/06/2023 12:05:42,Chamber 5,28-041661d198ff,25.437,BLANK,0C,off
01/06/2023 12:06:02,Chamber 5,28-041661d198ff,25.5,BLANK,0C,off
01/06/2023 12:06:22,Chamber 5,28-041661d198ff,25.5,BLANK,0C,off
01/06/2023 12:06:42,Chamber 5,28-041661d198ff,25.5,BLANK,0C,off
01/06/2023 12:07:02,Chamber 5,28-041661d198ff,25.437,BLANK,0C,off
01/06/2023 12:07:22,Chamber 5,28-041661d198ff,25.437,BLANK,0C,off
01/06/2023 12:07:42,Chamber 5,28-041661d198ff,25.5,BLANK,0C,off
01/06/2023 12:08:02,Chamber 5,28-041661d198ff,25.437,BLANK,0C,off
01/06/2023 12:08:22,Chamber 5,28-041661d198ff,25.437,BLANK,0C,off
01/06/2023 12:08:42,Chamber 5,28-041661d198ff,25.437,BLANK,0C,off
01/06/2023 12:09:02,Chamber 5,28-041661d198ff,25.437,BLANK,0C,off
01/06/2023 12:09:22,Chamber 5,28-041661d198ff,25.437,BLANK,0C,off
01/06/2023 12:09:42,Chamber 5,28-041661d198ff,25.437,BLANK,0C,off
01/06/2023 12:10:02,Chamber 5,28-041661d198ff,25.437,BLANK,0C,off
01/06/2023 12:10:22,Chamber 5,28-041661d198ff,25.437,BLANK,0C,off
01/06/2023 12:10:42,Chamber 5,28-041661d198ff,25.437,BLANK,0C,off
01/06/2023 12:11:02,Chamber 5,28-041661d198ff,25.5,BLANK,0C,off
01/06/2023 12:11:22,Chamber 5,28-041661d198ff,25.5,BLANK,0C,off
01/06/2023 12:11:42,Chamber 5,28-041661d198ff,25.5,BLANK,0C,off
01/06/2023 12:12:02,Chamber 5,28-041661d198ff,25.5,BLANK,0C,off
01/06/2023 12:12:22,Chamber 5,28-041661d198ff,25.5,BLANK,0C,off
01/06/2023 12:12:42,Chamber 5,28-041661d198ff,25.5,BLANK,0C,off
01/06/2023 12:13:02,Chamber 5,28-041661d198ff,25.5,BLANK,0C,off
01/06/2023 12:13:22,Chamber 5,28-041661d198ff,25.5,BLANK,0C,off
01/06/2023 12:13:42,Chamber 5,28-041661d198ff,25.5,BLANK,0C,off
01/06/2023 12:14:03,Chamber 5,28-041661d198ff,25.5,BLANK,0C,off
01/06/2023 12:14:22,Chamber 5,28-041661d198ff,25.5,BLANK,0C,off
01/06/2023 12:14:43,Chamber 5,28-041661d198ff,25.5,BLANK,0C,off
01/06/2023 12:15:02,Chamber 5,28-041661d198ff,25.5,BLANK,0C,off
01/06/2023 12:15:22,Chamber 5,28-041661d198ff,25.5,BLANK,0C,off
01/06/2023 12:15:42,Chamber 5,28-041661d198ff,25.5,BLANK,0C,off
01/06/2023 12:16:02,Chamber 5,28-041661d198ff,25.5,BLANK,0C,off
01/06/2023 12:16:22,Chamber 5,28-041661d198ff,25.5,BLANK,0C,off
01/06/2023 12:16:42,Chamber 5,28-041661d198ff,25.5,BLANK,0C,off
01/06/2023 12:17:02,Chamber 5,28-041661d198ff,25.5,BLANK,0C,off
01/06/2023 12:17:22,Chamber 5,28-041661d198ff,25.5,BLANK,0C,off
01/06/2023 12:17:42,Chamber 5,28-041661d198ff,25.5,BLANK,0C,off
01/06/2023 12:18:02,Chamber 5,28-041661d198ff,25.5,BLANK,0C,off
01/06/2023 12:18:24,Chamber 5,28-041661d198ff,25.5,BLANK,0C,off
01/06/2023 12:18:43,Chamber 5,28-041661d198ff,25.5,BLANK,0C,off
01/06/2023 12:19:02,Chamber 5,28-041661d198ff,25.5,BLANK,0C,off
01/06/2023 12:19:22,Chamber 5,28-041661d198ff,25.5,BLANK,0C,off
01/06/2023 12:19:42,Chamber 5,28-041661d198ff,25.5,BLANK,0C,off
01/06/2023 12:20:02,Chamber 5,28-041661d198ff,25.5,BLANK,0C,off
01/06/2023 12:20:22,Chamber 5,28-041661d198ff,25.5,BLANK,0C,off
01/06/2023 12:20:42,Chamber 5,28-041661d198ff,25.5,BLANK,0C,off
01/06/2023 12:21:02,Chamber 5,28-041661d198ff,25.5,BLANK,0C,off
01/06/2023 12:21:22,Chamber 5,28-041661d198ff,25.5,BLANK,0C,off
01/06/2023 12:21:42,Chamber 5,28-041661d198ff,25.5,BLANK,0C,off
01/06/2023 12:22:03,Chamber 5,28-041661d198ff,25.5,BLANK,0C,off
01/06/2023 12:22:22,Chamber 5,28-041661d198ff,25.5,BLANK,0C,off
01/06/2023 12:22:42,Chamber 5,28-041661d198ff,25.5,BLANK,0C,off
01/06/2023 12:23:02,Chamber 5,28-041661d198ff,25.5,BLANK,0C,off
01/06/2023 12:23:22,Chamber 5,28-041661d198ff,25.5,BLANK,0C,off
01/06/2023 12:23:42,Chamber 5,28-041661d198ff,25.5,BLANK,0C,off
01/06/2023 12:24:02,Chamber 5,28-041661d198ff,25.5,BLANK,0C,off
01/06/2023 12:24:22,Chamber 5,28-041661d198ff,25.5,BLANK,0C,off
01/06/2023 12:24:43,Chamber 5,28-041661d198ff,25.5,BLANK,0C,off
01/06/2023 12:25:02,Chamber 5,28-041661d198ff,25.5,BLANK,0C,off
01/06/2023 12:25:22,Chamber 5,28-041661d198ff,25.5,BLANK,0C,off
01/06/2023 12:25:43,Chamber 5,28-041661d198ff,25.5,BLANK,0C,off
01/06/2023 12:26:02,Chamber 5,28-041661d198ff,25.5,BLANK,0C,off
01/06/2023 12:26:22,Chamber 5,28-041661d198ff,25.5,BLANK,0C,off
01/06/2023 12:26:42,Chamber 5,28-041661d198ff,25.5,BLANK,0C,off
01/06/2023 12:27:02,Chamber 5,28-041661d198ff,25.5,BLANK,0C,off
01/06/2023 12:27:23,Chamber 5,28-041661d198ff,25.5,BLANK,0C,off
01/06/2023 12:27:42,Chamber 5,28-041661d198ff,25.5,BLANK,0C,off
01/06/2023 12:28:02,Chamber 5,28-041661d198ff,25.5,BLANK,0C,off
01/06/2023 12:28:22,Chamber 5,28-041661d198ff,25.5,BLANK,0C,off
01/06/2023 12:28:42,Chamber 5,28-041661d198ff,25.5,BLANK,0C,off
01/06/2023 12:29:04,Chamber 5,28-041661d198ff,25.5,BLANK,0C,off
01/06/2023 12:29:22,Chamber 5,28-041661d198ff,25.5,BLANK,0C,off
01/06/2023 12:29:42,Chamber 5,28-041661d198ff,25.5,BLANK,0C,off
01/06/2023 12:30:02,Chamber 5,28-041661d198ff,25.5,BLANK,0C,off
01/06/2023 12:30:23,Chamber 5,28-041661d198ff,25.5,BLANK,0C,off
01/06/2023 12:30:42,Chamber 5,28-041661d198ff,25.5,BLANK,0C,off
01/06/2023 12:31:02,Chamber 5,28-041661d198ff,25.5,BLANK,0C,off
01/06/2023 12:31:22,Chamber 5,28-041661d198ff,25.5,BLANK,0C,off
01/06/2023 12:31:42,Chamber 5,28-041661d198ff,25.5,BLANK,0C,off
01/06/2023 12:32:02,Chamber 5,28-041661d198ff,25.5,BLANK,0C,off
01/06/2023 12:32:22,Chamber 5,28-041661d198ff,25.5,BLANK,0C,off
01/06/2023 12:32:43,Chamber 5,28-041661d198ff,25.5,BLANK,0C,off
01/06/2023 12:33:02,Chamber 5,28-041661d198ff,25.5,BLANK,0C,off
01/06/2023 12:33:22,Chamber 5,28-041661d198ff,25.5,BLANK,0C,off
01/06/2023 12:33:42,Chamber 5,28-041661d198ff,25.5,BLANK,0C,off
01/06/2023 12:34:04,Chamber 5,28-041661d198ff,25.562,BLANK,0C,off
01/06/2023 12:34:22,Chamber 5,28-041661d198ff,25.5,BLANK,0C,off
01/06/2023 12:34:42,Chamber 5,28-041661d198ff,25.5,BLANK,0C,off
01/06/2023 12:35:03,Chamber 5,28-041661d198ff,25.5,BLANK,0C,off
01/06/2023 12:35:22,Chamber 5,28-041661d198ff,25.5,BLANK,0C,off
01/06/2023 12:35:42,Chamber 5,28-041661d198ff,25.5,BLANK,0C,off
01/06/2023 12:36:02,Chamber 5,28-041661d198ff,25.5,BLANK,0C,off
01/06/2023 12:36:22,Chamber 5,28-041661d198ff,25.5,BLANK,0C,off
01/06/2023 12:36:43,Chamber 5,28-041661d198ff,25.5,BLANK,0C,off
01/06/2023 12:37:02,Chamber 5,28-041661d198ff,25.5,BLANK,0C,off
01/06/2023 12:37:22,Chamber 5,28-041661d198ff,25.5,BLANK,0C,off
01/06/2023 12:37:42,Chamber 5,28-041661d198ff,25.5,BLANK,0C,off
01/06/2023 12:38:02,Chamber 5,28-041661d198ff,25.5,BLANK,0C,off
01/06/2023 12:38:22,Chamber 5,28-041661d198ff,25.5,BLANK,0C,off
01/06/2023 12:38:42,Chamber 5,28-041661d198ff,25.5,BLANK,0C,off
01/06/2023 12:39:03,Chamber 5,28-041661d198ff,25.5,BLANK,0C,off
01/06/2023 12:39:22,Chamber 5,28-041661d198ff,25.5,BLANK,0C,off
01/06/2023 12:39:42,Chamber 5,28-041661d198ff,25.5,BLANK,0C,off
01/06/2023 12:40:02,Chamber 5,28-041661d198ff,25.5,BLANK,0C,off
01/06/2023 12:40:22,Chamber 5,28-041661d198ff,25.5,BLANK,0C,off
01/06/2023 12:40:42,Chamber 5,28-041661d198ff,25.5,BLANK,0C,off
01/06/2023 12:41:02,Chamber 5,28-041661d198ff,25.5,BLANK,0C,off
01/06/2023 12:41:22,Chamber 5,28-041661d198ff,25.5,BLANK,0C,off
01/06/2023 12:41:42,Chamber 5,28-041661d198ff,25.5,BLANK,0C,off
01/06/2023 12:42:02,Chamber 5,28-041661d198ff,25.5,BLANK,0C,off
01/06/2023 12:42:22,Chamber 5,28-041661d198ff,25.5,BLANK,0C,off
01/06/2023 12:42:43,Chamber 5,28-041661d198ff,25.5,BLANK,0C,off
01/06/2023 12:43:02,Chamber 5,28-041661d198ff,25.5,BLANK,0C,off
01/06/2023 12:43:24,Chamber 5,28-041661d198ff,25.5,BLANK,0C,off
01/06/2023 12:43:43,Chamber 5,28-041661d198ff,25.5,BLANK,0C,off
01/06/2023 12:44:04,Chamber 5,28-041661d198ff,25.5,BLANK,0C,off
01/06/2023 12:44:22,Chamber 5,28-041661d198ff,25.5,BLANK,0C,off
01/06/2023 12:44:42,Chamber 5,28-041661d198ff,25.5,BLANK,0C,off
01/06/2023 12:45:02,Chamber 5,28-041661d198ff,25.5,BLANK,0C,off
01/06/2023 12:45:22,Chamber 5,28-041661d198ff,25.5,BLANK,0C,off
01/06/2023 12:45:42,Chamber 5,28-041661d198ff,25.5,BLANK,0C,off
01/06/2023 12:46:02,Chamber 5,28-041661d198ff,25.5,BLANK,0C,off
01/06/2023 12:46:22,Chamber 5,28-041661d198ff,25.5,BLANK,0C,off
01/06/2023 12:46:42,Chamber 5,28-041661d198ff,25.5,BLANK,0C,off
01/06/2023 12:47:02,Chamber 5,28-041661d198ff,25.5,BLANK,0C,off
01/06/2023 12:47:22,Chamber 5,28-041661d198ff,25.5,BLANK,0C,off
01/06/2023 12:47:42,Chamber 5,28-041661d198ff,25.5,BLANK,0C,off
01/06/2023 12:48:02,Chamber 5,28-041661d198ff,25.5,BLANK,0C,off
01/06/2023 12:48:22,Chamber 5,28-041661d198ff,25.5,BLANK,0C,off
01/06/2023 12:48:42,Chamber 5,28-041661d198ff,25.5,BLANK,0C,off
01/06/2023 12:49:02,Chamber 5,28-041661d198ff,25.5,BLANK,0C,off
01/06/2023 12:49:22,Chamber 5,28-041661d198ff,25.5,BLANK,0C,off
01/06/2023 12:49:42,Chamber 5,28-041661d198ff,25.5,BLANK,0C,off
01/06/2023 12:50:02,Chamber 5,28-041661d198ff,25.5,BLANK,0C,off
01/06/2023 12:50:22,Chamber 5,28-041661d198ff,25.5,BLANK,0C,off
01/06/2023 12:50:42,Chamber 5,28-041661d198ff,25.5,BLANK,0C,off
01/06/2023 12:51:03,Chamber 5,28-041661d198ff,25.5,BLANK,0C,off
01/06/2023 12:51:22,Chamber 5,28-041661d198ff,25.5,BLANK,0C,off
01/06/2023 12:51:42,Chamber 5,28-041661d198ff,25.5,BLANK,0C,off
01/06/2023 12:52:02,Chamber 5,28-041661d198ff,25.5,BLANK,0C,off
01/06/2023 12:52:22,Chamber 5,28-041661d198ff,25.5,BLANK,0C,off
01/06/2023 12:52:42,Chamber 5,28-041661d198ff,25.5,BLANK,0C,off
01/06/2023 12:53:02,Chamber 5,28-041661d198ff,25.5,BLANK,0C,off
01/06/2023 12:53:22,Chamber 5,28-041661d198ff,25.5,BLANK,0C,off
01/06/2023 12:53:42,Chamber 5,28-041661d198ff,25.5,BLANK,0C,off
01/06/2023 12:54:02,Chamber 5,28-041661d198ff,25.5,BLANK,0C,off
01/06/2023 12:54:22,Chamber 5,28-041661d198ff,25.5,BLANK,0C,off
01/06/2023 12:54:42,Chamber 5,28-041661d198ff,25.5,BLANK,0C,off
01/06/2023 12:55:02,Chamber 5,28-041661d198ff,25.5,BLANK,0C,off
01/06/2023 12:55:22,Chamber 5,28-041661d198ff,25.5,BLANK,0C,off
01/06/2023 12:55:42,Chamber 5,28-041661d198ff,25.5,BLANK,0C,off
01/06/2023 12:56:02,Chamber 5,28-041661d198ff,25.5,BLANK,0C,off
01/06/2023 12:56:23,Chamber 5,28-041661d198ff,25.5,BLANK,0C,off
01/06/2023 12:56:42,Chamber 5,28-041661d198ff,25.5,BLANK,0C,off
01/06/2023 12:57:03,Chamber 5,28-041661d198ff,25.562,BLANK,0C,off
01/06/2023 12:57:22,Chamber 5,28-041661d198ff,25.5,BLANK,0C,off
01/06/2023 12:57:42,Chamber 5,28-041661d198ff,25.5,BLANK,0C,off
01/06/2023 12:58:02,Chamber 5,28-041661d198ff,25.5,BLANK,0C,off
01/06/2023 12:58:22,Chamber 5,28-041661d198ff,25.5,BLANK,0C,off
01/06/2023 12:58:42,Chamber 5,28-041661d198ff,25.5,BLANK,0C,off
01/06/2023 12:59:03,Chamber 5,28-041661d198ff,25.5,BLANK,0C,off
01/06/2023 12:59:22,Chamber 5,28-041661d198ff,25.5,BLANK,0C,off
01/06/2023 12:59:44,Chamber 5,28-041661d198ff,25.5,BLANK,0C,off
01/06/2023 13:00:02,Chamber 5,28-041661d198ff,25.5,BLANK,0C,off
01/06/2023 13:00:22,Chamber 5,28-041661d198ff,25.5,BLANK,0C,off
01/06/2023 13:00:42,Chamber 5,28-041661d198ff,25.5,BLANK,0C,off
01/06/2023 13:01:03,Chamber 5,28-041661d198ff,25.5,BLANK,0C,off
01/06/2023 13:01:22,Chamber 5,28-041661d198ff,25.5,BLANK,0C,off
01/06/2023 13:01:42,Chamber 5,28-041661d198ff,25.5,BLANK,0C,off
01/06/2023 13:02:02,Chamber 5,28-041661d198ff,25.5,BLANK,0C,off
01/06/2023 13:02:22,Chamber 5,28-041661d198ff,25.562,BLANK,0C,off
01/06/2023 13:02:42,Chamber 5,28-041661d198ff,25.562,BLANK,0C,off
01/06/2023 13:03:02,Chamber 5,28-041661d198ff,25.5,BLANK,0C,off
01/06/2023 13:03:22,Chamber 5,28-041661d198ff,25.5,BLANK,0C,off
01/06/2023 13:03:42,Chamber 5,28-041661d198ff,25.5,BLANK,0C,off
01/06/2023 13:04:02,Chamber 5,28-041661d198ff,25.5,BLANK,0C,off
01/06/2023 13:04:22,Chamber 5,28-041661d198ff,25.562,BLANK,0C,off
01/06/2023 13:04:42,Chamber 5,28-041661d198ff,25.5,BLANK,0C,off
01/06/2023 13:05:02,Chamber 5,28-041661d198ff,25.562,BLANK,0C,off
01/06/2023 13:05:22,Chamber 5,28-041661d198ff,25.5,BLANK,0C,off
01/06/2023 13:05:42,Chamber 5,28-041661d198ff,25.562,BLANK,0C,off
01/06/2023 13:06:02,Chamber 5,28-041661d198ff,25.562,BLANK,0C,off
01/06/2023 13:06:22,Chamber 5,28-041661d198ff,25.5,BLANK,0C,off
01/06/2023 13:06:42,Chamber 5,28-041661d198ff,25.562,BLANK,0C,off
01/06/2023 13:07:02,Chamber 5,28-041661d198ff,25.5,BLANK,0C,off
01/06/2023 13:07:22,Chamber 5,28-041661d198ff,25.5,BLANK,0C,off
01/06/2023 13:07:42,Chamber 5,28-041661d198ff,25.5,BLANK,0C,off
01/06/2023 13:08:02,Chamber 5,28-041661d198ff,25.5,BLANK,0C,off
01/06/2023 13:08:22,Chamber 5,28-041661d198ff,25.5,BLANK,0C,off
01/06/2023 13:08:42,Chamber 5,28-041661d198ff,25.5,BLANK,0C,off
01/06/2023 13:09:02,Chamber 5,28-041661d198ff,25.5,BLANK,0C,off
01/06/2023 13:09:22,Chamber 5,28-041661d198ff,25.5,BLANK,0C,off
01/06/2023 13:09:42,Chamber 5,28-041661d198ff,25.562,BLANK,0C,off
01/06/2023 13:10:02,Chamber 5,28-041661d198ff,25.5,BLANK,0C,off
01/06/2023 13:10:22,Chamber 5,28-041661d198ff,25.5,BLANK,0C,off
01/06/2023 13:10:43,Chamber 5,28-041661d198ff,25.5,BLANK,0C,off
01/06/2023 13:11:02,Chamber 5,28-041661d198ff,25.5,BLANK,0C,off
01/06/2023 13:11:23,Chamber 5,28-041661d198ff,25.562,BLANK,0C,off
01/06/2023 13:11:43,Chamber 5,28-041661d198ff,25.562,BLANK,0C,off
01/06/2023 13:12:04,Chamber 5,28-041661d198ff,25.562,BLANK,0C,off
01/06/2023 13:12:23,Chamber 5,28-041661d198ff,25.562,BLANK,0C,off
01/06/2023 13:12:42,Chamber 5,28-041661d198ff,25.5,BLANK,0C,off
01/06/2023 13:13:02,Chamber 5,28-041661d198ff,25.5,BLANK,0C,off
01/06/2023 13:13:22,Chamber 5,28-041661d198ff,25.562,BLANK,0C,off
01/06/2023 13:13:42,Chamber 5,28-041661d198ff,25.562,BLANK,0C,off
01/06/2023 13:14:02,Chamber 5,28-041661d198ff,25.562,BLANK,0C,off
01/06/2023 13:14:22,Chamber 5,28-041661d198ff,25.562,BLANK,0C,off
01/06/2023 13:14:42,Chamber 5,28-041661d198ff,25.562,BLANK,0C,off
01/06/2023 13:15:02,Chamber 5,28-041661d198ff,25.562,BLANK,0C,off
01/06/2023 13:15:22,Chamber 5,28-041661d198ff,25.562,BLANK,0C,off
01/06/2023 13:15:42,Chamber 5,28-041661d198ff,25.562,BLANK,0C,off
01/06/2023 13:16:02,Chamber 5,28-041661d198ff,25.562,BLANK,0C,off
01/06/2023 13:16:22,Chamber 5,28-041661d198ff,25.562,BLANK,0C,off
01/06/2023 13:16:42,Chamber 5,28-041661d198ff,25.562,BLANK,0C,off
01/06/2023 13:17:02,Chamber 5,28-041661d198ff,25.562,BLANK,0C,off
01/06/2023 13:17:22,Chamber 5,28-041661d198ff,25.562,BLANK,0C,off
01/06/2023 13:17:42,Chamber 5,28-041661d198ff,25.562,BLANK,0C,off
01/06/2023 13:18:02,Chamber 5,28-041661d198ff,25.562,BLANK,0C,off
01/06/2023 13:18:22,Chamber 5,28-041661d198ff,25.562,BLANK,0C,off
01/06/2023 13:18:42,Chamber 5,28-041661d198ff,25.562,BLANK,0C,off
01/06/2023 13:19:02,Chamber 5,28-041661d198ff,25.562,BLANK,0C,off
01/06/2023 13:19:22,Chamber 5,28-041661d198ff,25.562,BLANK,0C,off
01/06/2023 13:19:42,Chamber 5,28-041661d198ff,25.562,BLANK,0C,off
01/06/2023 13:20:02,Chamber 5,28-041661d198ff,25.562,BLANK,0C,off
01/06/2023 13:20:22,Chamber 5,28-041661d198ff,25.562,BLANK,0C,off
01/06/2023 13:20:42,Chamber 5,28-041661d198ff,25.562,BLANK,0C,off
01/06/2023 13:21:02,Chamber 5,28-041661d198ff,25.562,BLANK,0C,off
01/06/2023 13:21:22,Chamber 5,28-041661d198ff,25.562,BLANK,0C,off
01/06/2023 13:21:42,Chamber 5,28-041661d198ff,25.562,BLANK,0C,off
01/06/2023 13:22:02,Chamber 5,28-041661d198ff,25.562,BLANK,0C,off
01/06/2023 13:22:22,Chamber 5,28-041661d198ff,25.562,BLANK,0C,off
01/06/2023 13:22:42,Chamber 5,28-041661d198ff,25.562,BLANK,0C,off
01/06/2023 13:23:02,Chamber 5,28-041661d198ff,25.562,BLANK,0C,off
01/06/2023 13:23:22,Chamber 5,28-041661d198ff,25.562,BLANK,0C,off
01/06/2023 13:23:42,Chamber 5,28-041661d198ff,25.562,BLANK,0C,off
01/06/2023 13:24:02,Chamber 5,28-041661d198ff,25.562,BLANK,0C,off
01/06/2023 13:24:22,Chamber 5,28-041661d198ff,25.562,BLANK,0C,off
01/06/2023 13:24:42,Chamber 5,28-041661d198ff,25.562,BLANK,0C,off
01/06/2023 13:25:02,Chamber 5,28-041661d198ff,25.625,BLANK,0C,off
01/06/2023 13:25:22,Chamber 5,28-041661d198ff,25.625,BLANK,0C,off
01/06/2023 13:25:42,Chamber 5,28-041661d198ff,25.562,BLANK,0C,off
01/06/2023 13:26:02,Chamber 5,28-041661d198ff,25.562,BLANK,0C,off
01/06/2023 13:26:22,Chamber 5,28-041661d198ff,25.562,BLANK,0C,off
01/06/2023 13:26:42,Chamber 5,28-041661d198ff,25.625,BLANK,0C,off
01/06/2023 13:27:02,Chamber 5,28-041661d198ff,25.562,BLANK,0C,off
01/06/2023 13:27:22,Chamber 5,28-041661d198ff,25.562,BLANK,0C,off
01/06/2023 13:27:42,Chamber 5,28-041661d198ff,25.562,BLANK,0C,off
01/06/2023 13:28:02,Chamber 5,28-041661d198ff,25.562,BLANK,0C,off
01/06/2023 13:28:22,Chamber 5,28-041661d198ff,25.562,BLANK,0C,off
01/06/2023 13:28:42,Chamber 5,28-041661d198ff,25.562,BLANK,0C,off
01/06/2023 13:29:02,Chamber 5,28-041661d198ff,25.562,BLANK,0C,off
01/06/2023 13:29:22,Chamber 5,28-041661d198ff,25.625,BLANK,0C,off
01/06/2023 13:29:42,Chamber 5,28-041661d198ff,25.625,BLANK,0C,off
01/06/2023 13:30:02,Chamber 5,28-041661d198ff,25.625,BLANK,0C,off
01/06/2023 13:30:22,Chamber 5,28-041661d198ff,25.625,BLANK,0C,off
01/06/2023 13:30:42,Chamber 5,28-041661d198ff,25.625,BLANK,0C,off
01/06/2023 13:31:02,Chamber 5,28-041661d198ff,25.625,BLANK,0C,off
01/06/2023 13:31:24,Chamber 5,28-041661d198ff,25.625,BLANK,0C,off
01/06/2023 13:31:42,Chamber 5,28-041661d198ff,25.625,BLANK,0C,off
01/06/2023 13:32:02,Chamber 5,28-041661d198ff,25.625,BLANK,0C,off
01/06/2023 13:32:22,Chamber 5,28-041661d198ff,25.625,BLANK,0C,off
01/06/2023 13:32:42,Chamber 5,28-041661d198ff,25.625,BLANK,0C,off
01/06/2023 13:33:02,Chamber 5,28-041661d198ff,25.625,BLANK,0C,off
01/06/2023 13:33:22,Chamber 5,28-041661d198ff,25.625,BLANK,0C,off
01/06/2023 13:33:42,Chamber 5,28-041661d198ff,25.625,BLANK,0C,off
01/06/2023 13:34:02,Chamber 5,28-041661d198ff,25.625,BLANK,0C,off
01/06/2023 13:34:22,Chamber 5,28-041661d198ff,25.625,BLANK,0C,off
01/06/2023 13:34:42,Chamber 5,28-041661d198ff,25.625,BLANK,0C,off
01/06/2023 13:35:02,Chamber 5,28-041661d198ff,25.625,BLANK,0C,off
01/06/2023 13:35:22,Chamber 5,28-041661d198ff,25.625,BLANK,0C,off
01/06/2023 13:35:42,Chamber 5,28-041661d198ff,25.625,BLANK,0C,off
01/06/2023 13:36:03,Chamber 5,28-041661d198ff,25.625,BLANK,0C,off
01/06/2023 13:36:24,Chamber 5,28-041661d198ff,25.625,BLANK,0C,off
01/06/2023 13:36:42,Chamber 5,28-041661d198ff,25.625,BLANK,0C,off
01/06/2023 13:37:02,Chamber 5,28-041661d198ff,25.625,BLANK,0C,off
01/06/2023 13:37:22,Chamber 5,28-041661d198ff,25.625,BLANK,0C,off
01/06/2023 13:37:42,Chamber 5,28-041661d198ff,25.625,BLANK,0C,off
01/06/2023 13:38:02,Chamber 5,28-041661d198ff,25.625,BLANK,0C,off
01/06/2023 13:38:22,Chamber 5,28-041661d198ff,25.625,BLANK,0C,off
01/06/2023 13:38:42,Chamber 5,28-041661d198ff,25.625,BLANK,0C,off
01/06/2023 13:39:02,Chamber 5,28-041661d198ff,25.625,BLANK,0C,off
01/06/2023 13:39:22,Chamber 5,28-041661d198ff,25.625,BLANK,0C,off
01/06/2023 13:39:42,Chamber 5,28-041661d198ff,25.625,BLANK,0C,off
01/06/2023 13:40:02,Chamber 5,28-041661d198ff,25.625,BLANK,0C,off
01/06/2023 13:40:22,Chamber 5,28-041661d198ff,25.625,BLANK,0C,off
01/06/2023 13:40:43,Chamber 5,28-041661d198ff,25.625,BLANK,0C,off
01/06/2023 13:41:02,Chamber 5,28-041661d198ff,25.625,BLANK,0C,off
01/06/2023 13:41:22,Chamber 5,28-041661d198ff,25.625,BLANK,0C,off
01/06/2023 13:41:42,Chamber 5,28-041661d198ff,25.625,BLANK,0C,off
01/06/2023 13:42:02,Chamber 5,28-041661d198ff,25.625,BLANK,0C,off
01/06/2023 13:42:22,Chamber 5,28-041661d198ff,25.625,BLANK,0C,off
01/06/2023 13:42:42,Chamber 5,28-041661d198ff,25.625,BLANK,0C,off
01/06/2023 13:43:02,Chamber 5,28-041661d198ff,25.625,BLANK,0C,off
01/06/2023 13:43:22,Chamber 5,28-041661d198ff,25.625,BLANK,0C,off
01/06/2023 13:43:42,Chamber 5,28-041661d198ff,25.625,BLANK,0C,off
01/06/2023 13:44:02,Chamber 5,28-041661d198ff,25.625,BLANK,0C,off
01/06/2023 13:44:22,Chamber 5,28-041661d198ff,25.625,BLANK,0C,off
01/06/2023 13:44:42,Chamber 5,28-041661d198ff,25.687,BLANK,0C,off
01/06/2023 13:45:03,Chamber 5,28-041661d198ff,25.687,BLANK,0C,off
01/06/2023 13:45:22,Chamber 5,28-041661d198ff,25.687,BLANK,0C,off
01/06/2023 13:45:43,Chamber 5,28-041661d198ff,25.687,BLANK,0C,off
01/06/2023 13:46:02,Chamber 5,28-041661d198ff,25.687,BLANK,0C,off
01/06/2023 13:46:22,Chamber 5,28-041661d198ff,25.687,BLANK,0C,off
01/06/2023 13:46:42,Chamber 5,28-041661d198ff,25.687,BLANK,0C,off
01/06/2023 13:47:02,Chamber 5,28-041661d198ff,25.687,BLANK,0C,off
01/06/2023 13:47:22,Chamber 5,28-041661d198ff,25.687,BLANK,0C,off
01/06/2023 13:47:42,Chamber 5,28-041661d198ff,25.687,BLANK,0C,off
01/06/2023 13:48:02,Chamber 5,28-041661d198ff,25.687,BLANK,0C,off
01/06/2023 13:48:22,Chamber 5,28-041661d198ff,25.687,BLANK,0C,off
01/06/2023 13:48:42,Chamber 5,28-041661d198ff,25.687,BLANK,0C,off
01/06/2023 13:49:02,Chamber 5,28-041661d198ff,25.687,BLANK,0C,off
01/06/2023 13:49:22,Chamber 5,28-041661d198ff,25.687,BLANK,0C,off
01/06/2023 13:49:42,Chamber 5,28-041661d198ff,25.687,BLANK,0C,off
01/06/2023 13:50:03,Chamber 5,28-041661d198ff,25.687,BLANK,0C,off
01/06/2023 13:50:22,Chamber 5,28-041661d198ff,25.687,BLANK,0C,off
01/06/2023 13:50:42,Chamber 5,28-041661d198ff,25.687,BLANK,0C,off
01/06/2023 13:51:02,Chamber 5,28-041661d198ff,25.687,BLANK,0C,off
01/06/2023 13:51:22,Chamber 5,28-041661d198ff,25.687,BLANK,0C,off
01/06/2023 13:51:42,Chamber 5,28-041661d198ff,25.687,BLANK,0C,off
01/06/2023 13:52:02,Chamber 5,28-041661d198ff,25.687,BLANK,0C,off
01/06/2023 13:52:22,Chamber 5,28-041661d198ff,25.687,BLANK,0C,off
01/06/2023 13:52:42,Chamber 5,28-041661d198ff,25.687,BLANK,0C,off
01/06/2023 13:53:02,Chamber 5,28-041661d198ff,25.687,BLANK,0C,off
01/06/2023 13:53:22,Chamber 5,28-041661d198ff,25.687,BLANK,0C,off
01/06/2023 13:53:42,Chamber 5,28-041661d198ff,25.687,BLANK,0C,off
01/06/2023 13:54:02,Chamber 5,28-041661d198ff,25.687,BLANK,0C,off
01/06/2023 13:54:22,Chamber 5,28-041661d198ff,25.687,BLANK,0C,off
01/06/2023 13:54:43,Chamber 5,28-041661d198ff,25.687,BLANK,0C,off
01/06/2023 13:55:02,Chamber 5,28-041661d198ff,25.687,BLANK,0C,off
01/06/2023 13:55:22,Chamber 5,28-041661d198ff,25.687,BLANK,0C,off
01/06/2023 13:55:42,Chamber 5,28-041661d198ff,25.687,BLANK,0C,off
01/06/2023 13:56:02,Chamber 5,28-041661d198ff,25.687,BLANK,0C,off
01/06/2023 13:56:22,Chamber 5,28-041661d198ff,25.687,BLANK,0C,off
01/06/2023 13:56:43,Chamber 5,28-041661d198ff,25.687,BLANK,0C,off
01/06/2023 13:57:02,Chamber 5,28-041661d198ff,25.687,BLANK,0C,off
01/06/2023 13:57:22,Chamber 5,28-041661d198ff,25.687,BLANK,0C,off
01/06/2023 13:57:42,Chamber 5,28-041661d198ff,25.687,BLANK,0C,off
01/06/2023 13:58:02,Chamber 5,28-041661d198ff,25.687,BLANK,0C,off
01/06/2023 13:58:23,Chamber 5,28-041661d198ff,25.687,BLANK,0C,off
01/06/2023 13:58:42,Chamber 5,28-041661d198ff,25.687,BLANK,0C,off
01/06/2023 13:59:02,Chamber 5,28-041661d198ff,25.687,BLANK,0C,off
01/06/2023 13:59:22,Chamber 5,28-041661d198ff,25.687,BLANK,0C,off
01/06/2023 13:59:42,Chamber 5,28-041661d198ff,25.75,BLANK,0C,off
01/06/2023 14:00:02,Chamber 5,28-041661d198ff,25.75,BLANK,0C,off
01/06/2023 14:00:22,Chamber 5,28-041661d198ff,25.75,BLANK,0C,off
01/06/2023 14:00:42,Chamber 5,28-041661d198ff,25.75,BLANK,0C,off
01/06/2023 14:01:02,Chamber 5,28-041661d198ff,25.75,BLANK,0C,off
01/06/2023 14:01:22,Chamber 5,28-041661d198ff,25.75,BLANK,0C,off
01/06/2023 14:01:42,Chamber 5,28-041661d198ff,25.75,BLANK,0C,off
01/06/2023 14:02:02,Chamber 5,28-041661d198ff,25.75,BLANK,0C,off
01/06/2023 14:02:22,Chamber 5,28-041661d198ff,25.75,BLANK,0C,off
01/06/2023 14:02:42,Chamber 5,28-041661d198ff,25.75,BLANK,0C,off
01/06/2023 14:03:02,Chamber 5,28-041661d198ff,25.75,BLANK,0C,off
01/06/2023 14:03:22,Chamber 5,28-041661d198ff,25.75,BLANK,0C,off
01/06/2023 14:03:42,Chamber 5,28-041661d198ff,25.75,BLANK,0C,off
01/06/2023 14:04:02,Chamber 5,28-041661d198ff,25.75,BLANK,0C,off
01/06/2023 14:04:22,Chamber 5,28-041661d198ff,25.75,BLANK,0C,off
01/06/2023 14:04:42,Chamber 5,28-041661d198ff,25.75,BLANK,0C,off
01/06/2023 14:05:02,Chamber 5,28-041661d198ff,25.75,BLANK,0C,off
01/06/2023 14:05:22,Chamber 5,28-041661d198ff,25.75,BLANK,0C,off
01/06/2023 14:05:42,Chamber 5,28-041661d198ff,25.75,BLANK,0C,off
01/06/2023 14:06:02,Chamber 5,28-041661d198ff,25.75,BLANK,0C,off
01/06/2023 14:06:23,Chamber 5,28-041661d198ff,25.75,BLANK,0C,off
01/06/2023 14:06:42,Chamber 5,28-041661d198ff,25.75,BLANK,0C,off
01/06/2023 14:07:02,Chamber 5,28-041661d198ff,25.75,BLANK,0C,off
01/06/2023 14:07:22,Chamber 5,28-041661d198ff,25.75,BLANK,0C,off
01/06/2023 14:07:42,Chamber 5,28-041661d198ff,25.75,BLANK,0C,off
01/06/2023 14:08:02,Chamber 5,28-041661d198ff,25.75,BLANK,0C,off
01/06/2023 14:08:22,Chamber 5,28-041661d198ff,25.75,BLANK,0C,off
01/06/2023 14:08:42,Chamber 5,28-041661d198ff,25.75,BLANK,0C,off
01/06/2023 14:09:02,Chamber 5,28-041661d198ff,25.75,BLANK,0C,off
01/06/2023 14:09:22,Chamber 5,28-041661d198ff,25.75,BLANK,0C,off
01/06/2023 14:09:42,Chamber 5,28-041661d198ff,25.75,BLANK,0C,off
01/06/2023 14:10:02,Chamber 5,28-041661d198ff,25.75,BLANK,0C,off
01/06/2023 14:10:22,Chamber 5,28-041661d198ff,25.75,BLANK,0C,off
01/06/2023 14:10:42,Chamber 5,28-041661d198ff,25.75,BLANK,0C,off
01/06/2023 14:11:02,Chamber 5,28-041661d198ff,25.75,BLANK,0C,off
01/06/2023 14:11:22,Chamber 5,28-041661d198ff,25.75,BLANK,0C,off
01/06/2023 14:11:42,Chamber 5,28-041661d198ff,25.75,BLANK,0C,off
01/06/2023 14:12:02,Chamber 5,28-041661d198ff,25.75,BLANK,0C,off
01/06/2023 14:12:23,Chamber 5,28-041661d198ff,25.75,BLANK,0C,off
01/06/2023 14:12:42,Chamber 5,28-041661d198ff,25.75,BLANK,0C,off
01/06/2023 14:13:03,Chamber 5,28-041661d198ff,25.75,BLANK,0C,off
01/06/2023 14:13:22,Chamber 5,28-041661d198ff,25.75,BLANK,0C,off
01/06/2023 14:13:42,Chamber 5,28-041661d198ff,25.812,BLANK,0C,off
01/06/2023 14:14:02,Chamber 5,28-041661d198ff,25.75,BLANK,0C,off
01/06/2023 14:14:22,Chamber 5,28-041661d198ff,25.812,BLANK,0C,off
01/06/2023 14:14:45,Chamber 5,28-041661d198ff,25.812,BLANK,0C,off
01/06/2023 14:15:02,Chamber 5,28-041661d198ff,25.812,BLANK,0C,off
01/06/2023 14:15:22,Chamber 5,28-041661d198ff,25.812,BLANK,0C,off
01/06/2023 14:15:42,Chamber 5,28-041661d198ff,25.812,BLANK,0C,off
01/06/2023 14:16:02,Chamber 5,28-041661d198ff,25.812,BLANK,0C,off
01/06/2023 14:16:22,Chamber 5,28-041661d198ff,25.812,BLANK,0C,off
01/06/2023 14:16:42,Chamber 5,28-041661d198ff,25.812,BLANK,0C,off
01/06/2023 14:17:03,Chamber 5,28-041661d198ff,25.812,BLANK,0C,off
01/06/2023 14:17:22,Chamber 5,28-041661d198ff,25.812,BLANK,0C,off
01/06/2023 14:17:42,Chamber 5,28-041661d198ff,25.812,BLANK,0C,off
01/06/2023 14:18:02,Chamber 5,28-041661d198ff,25.812,BLANK,0C,off
01/06/2023 14:18:22,Chamber 5,28-041661d198ff,25.812,BLANK,0C,off
01/06/2023 14:18:42,Chamber 5,28-041661d198ff,25.812,BLANK,0C,off
01/06/2023 14:19:02,Chamber 5,28-041661d198ff,25.812,BLANK,0C,off
01/06/2023 14:19:22,Chamber 5,28-041661d198ff,25.812,BLANK,0C,off
01/06/2023 14:19:42,Chamber 5,28-041661d198ff,25.812,BLANK,0C,off
01/06/2023 14:20:02,Chamber 5,28-041661d198ff,25.812,BLANK,0C,off
01/06/2023 14:20:22,Chamber 5,28-041661d198ff,25.812,BLANK,0C,off
01/06/2023 14:20:42,Chamber 5,28-041661d198ff,25.812,BLANK,0C,off
01/06/2023 14:21:02,Chamber 5,28-041661d198ff,25.812,BLANK,0C,off
01/06/2023 14:21:22,Chamber 5,28-041661d198ff,25.812,BLANK,0C,off
01/06/2023 14:21:42,Chamber 5,28-041661d198ff,25.812,BLANK,0C,off
01/06/2023 14:22:02,Chamber 5,28-041661d198ff,25.812,BLANK,0C,off
01/06/2023 14:22:25,Chamber 5,28-041661d198ff,25.812,BLANK,0C,off
01/06/2023 14:22:42,Chamber 5,28-041661d198ff,25.812,BLANK,0C,off
01/06/2023 14:23:02,Chamber 5,28-041661d198ff,25.812,BLANK,0C,off
01/06/2023 14:23:22,Chamber 5,28-041661d198ff,25.812,BLANK,0C,off
01/06/2023 14:23:42,Chamber 5,28-041661d198ff,25.812,BLANK,0C,off
01/06/2023 14:24:02,Chamber 5,28-041661d198ff,25.812,BLANK,0C,off
01/06/2023 14:24:22,Chamber 5,28-041661d198ff,25.812,BLANK,0C,off
01/06/2023 14:24:43,Chamber 5,28-041661d198ff,25.812,BLANK,0C,off
01/06/2023 14:25:02,Chamber 5,28-041661d198ff,25.812,BLANK,0C,off
01/06/2023 14:25:22,Chamber 5,28-041661d198ff,25.812,BLANK,0C,off
01/06/2023 14:25:42,Chamber 5,28-041661d198ff,25.812,BLANK,0C,off
01/06/2023 14:26:02,Chamber 5,28-041661d198ff,25.812,BLANK,0C,off
01/06/2023 14:26:22,Chamber 5,28-041661d198ff,25.812,BLANK,0C,off
01/06/2023 14:26:42,Chamber 5,28-041661d198ff,25.812,BLANK,0C,off
01/06/2023 14:27:02,Chamber 5,28-041661d198ff,25.812,BLANK,0C,off
01/06/2023 14:27:22,Chamber 5,28-041661d198ff,25.812,BLANK,0C,off
01/06/2023 14:27:42,Chamber 5,28-041661d198ff,25.812,BLANK,0C,off
01/06/2023 14:28:04,Chamber 5,28-041661d198ff,25.812,BLANK,0C,off
01/06/2023 14:28:22,Chamber 5,28-041661d198ff,25.812,BLANK,0C,off
01/06/2023 14:28:42,Chamber 5,28-041661d198ff,25.812,BLANK,0C,off
01/06/2023 14:29:02,Chamber 5,28-041661d198ff,25.812,BLANK,0C,off
01/06/2023 14:29:22,Chamber 5,28-041661d198ff,25.812,BLANK,0C,off
01/06/2023 14:29:42,Chamber 5,28-041661d198ff,25.812,BLANK,0C,off
01/06/2023 14:30:02,Chamber 5,28-041661d198ff,25.812,BLANK,0C,off
01/06/2023 14:30:22,Chamber 5,28-041661d198ff,25.812,BLANK,0C,off
01/06/2023 14:30:43,Chamber 5,28-041661d198ff,25.812,BLANK,0C,off
01/06/2023 14:31:04,Chamber 5,28-041661d198ff,25.875,BLANK,0C,off
01/06/2023 14:31:22,Chamber 5,28-041661d198ff,25.812,BLANK,0C,off
01/06/2023 14:31:42,Chamber 5,28-041661d198ff,25.812,BLANK,0C,off
01/06/2023 14:32:02,Chamber 5,28-041661d198ff,25.875,BLANK,0C,off
01/06/2023 14:32:22,Chamber 5,28-041661d198ff,25.875,BLANK,0C,off
01/06/2023 14:32:43,Chamber 5,28-041661d198ff,25.875,BLANK,0C,off
01/06/2023 14:33:02,Chamber 5,28-041661d198ff,25.875,BLANK,0C,off
01/06/2023 14:33:22,Chamber 5,28-041661d198ff,25.875,BLANK,0C,off
01/06/2023 14:33:44,Chamber 5,28-041661d198ff,25.875,BLANK,0C,off
01/06/2023 14:34:02,Chamber 5,28-041661d198ff,25.875,BLANK,0C,off
01/06/2023 14:34:24,Chamber 5,28-041661d198ff,25.875,BLANK,0C,off
01/06/2023 14:34:44,Chamber 5,28-041661d198ff,25.875,BLANK,0C,off
01/06/2023 14:35:02,Chamber 5,28-041661d198ff,25.875,BLANK,0C,off
01/06/2023 14:35:22,Chamber 5,28-041661d198ff,25.875,BLANK,0C,off
01/06/2023 14:35:42,Chamber 5,28-041661d198ff,25.875,BLANK,0C,off
01/06/2023 14:36:03,Chamber 5,28-041661d198ff,25.875,BLANK,0C,off
01/06/2023 14:36:22,Chamber 5,28-041661d198ff,25.875,BLANK,0C,off
01/06/2023 14:36:42,Chamber 5,28-041661d198ff,25.875,BLANK,0C,off
01/06/2023 14:37:02,Chamber 5,28-041661d198ff,25.875,BLANK,0C,off
01/06/2023 14:37:22,Chamber 5,28-041661d198ff,25.937,BLANK,0C,off
01/06/2023 14:37:42,Chamber 5,28-041661d198ff,25.875,BLANK,0C,off
01/06/2023 14:38:02,Chamber 5,28-041661d198ff,25.937,BLANK,0C,off
01/06/2023 14:38:22,Chamber 5,28-041661d198ff,25.937,BLANK,0C,off
01/06/2023 14:38:42,Chamber 5,28-041661d198ff,25.875,BLANK,0C,off
01/06/2023 14:39:02,Chamber 5,28-041661d198ff,25.937,BLANK,0C,off
01/06/2023 14:39:23,Chamber 5,28-041661d198ff,25.875,BLANK,0C,off
01/06/2023 14:39:42,Chamber 5,28-041661d198ff,25.875,BLANK,0C,off
01/06/2023 14:40:02,Chamber 5,28-041661d198ff,25.875,BLANK,0C,off
01/06/2023 14:40:22,Chamber 5,28-041661d198ff,25.875,BLANK,0C,off
01/06/2023 14:40:42,Chamber 5,28-041661d198ff,25.875,BLANK,0C,off
01/06/2023 14:41:02,Chamber 5,28-041661d198ff,25.875,BLANK,0C,off
01/06/2023 14:41:22,Chamber 5,28-041661d198ff,25.875,BLANK,0C,off
01/06/2023 14:41:43,Chamber 5,28-041661d198ff,25.875,BLANK,0C,off
01/06/2023 14:42:02,Chamber 5,28-041661d198ff,25.875,BLANK,0C,off
01/06/2023 14:42:22,Chamber 5,28-041661d198ff,25.937,BLANK,0C,off
01/06/2023 14:42:42,Chamber 5,28-041661d198ff,25.937,BLANK,0C,off
01/06/2023 14:43:02,Chamber 5,28-041661d198ff,25.875,BLANK,0C,off
01/06/2023 14:43:22,Chamber 5,28-041661d198ff,25.875,BLANK,0C,off
01/06/2023 14:43:42,Chamber 5,28-041661d198ff,25.875,BLANK,0C,off
01/06/2023 14:44:03,Chamber 5,28-041661d198ff,25.875,BLANK,0C,off
01/06/2023 14:44:22,Chamber 5,28-041661d198ff,25.875,BLANK,0C,off
01/06/2023 14:44:42,Chamber 5,28-041661d198ff,25.937,BLANK,0C,off
01/06/2023 14:45:02,Chamber 5,28-041661d198ff,25.875,BLANK,0C,off
01/06/2023 14:45:22,Chamber 5,28-041661d198ff,25.937,BLANK,0C,off
01/06/2023 14:45:42,Chamber 5,28-041661d198ff,25.937,BLANK,0C,off
01/06/2023 14:46:02,Chamber 5,28-041661d198ff,25.937,BLANK,0C,off
01/06/2023 14:46:22,Chamber 5,28-041661d198ff,25.937,BLANK,0C,off
01/06/2023 14:46:43,Chamber 5,28-041661d198ff,25.937,BLANK,0C,off
01/06/2023 14:47:02,Chamber 5,28-041661d198ff,25.937,BLANK,0C,off
01/06/2023 14:47:22,Chamber 5,28-041661d198ff,25.937,BLANK,0C,off
01/06/2023 14:47:42,Chamber 5,28-041661d198ff,25.937,BLANK,0C,off
01/06/2023 14:48:02,Chamber 5,28-041661d198ff,25.937,BLANK,0C,off
01/06/2023 14:48:22,Chamber 5,28-041661d198ff,25.937,BLANK,0C,off
01/06/2023 14:48:42,Chamber 5,28-041661d198ff,25.937,BLANK,0C,off
01/06/2023 14:49:02,Chamber 5,28-041661d198ff,25.937,BLANK,0C,off
01/06/2023 14:49:22,Chamber 5,28-041661d198ff,25.937,BLANK,0C,off
01/06/2023 14:49:42,Chamber 5,28-041661d198ff,25.937,BLANK,0C,off
01/06/2023 14:50:02,Chamber 5,28-041661d198ff,25.937,BLANK,0C,off
01/06/2023 14:50:22,Chamber 5,28-041661d198ff,25.937,BLANK,0C,off
01/06/2023 14:50:42,Chamber 5,28-041661d198ff,25.937,BLANK,0C,off
01/06/2023 14:51:03,Chamber 5,28-041661d198ff,25.937,BLANK,0C,off
01/06/2023 14:51:23,Chamber 5,28-041661d198ff,25.937,BLANK,0C,off
01/06/2023 14:51:42,Chamber 5,28-041661d198ff,25.937,BLANK,0C,off
01/06/2023 14:52:02,Chamber 5,28-041661d198ff,25.937,BLANK,0C,off
01/06/2023 14:52:22,Chamber 5,28-041661d198ff,25.937,BLANK,0C,off
01/06/2023 14:52:42,Chamber 5,28-041661d198ff,25.937,BLANK,0C,off
01/06/2023 14:53:02,Chamber 5,28-041661d198ff,25.937,BLANK,0C,off
01/06/2023 14:53:22,Chamber 5,28-041661d198ff,25.937,BLANK,0C,off
01/06/2023 14:53:42,Chamber 5,28-041661d198ff,25.937,BLANK,0C,off
01/06/2023 14:54:02,Chamber 5,28-041661d198ff,25.937,BLANK,0C,off
01/06/2023 14:54:22,Chamber 5,28-041661d198ff,25.937,BLANK,0C,off
01/06/2023 14:54:43,Chamber 5,28-041661d198ff,25.937,BLANK,0C,off
01/06/2023 14:55:02,Chamber 5,28-041661d198ff,25.937,BLANK,0C,off
01/06/2023 14:55:22,Chamber 5,28-041661d198ff,25.937,BLANK,0C,off
01/06/2023 14:55:42,Chamber 5,28-041661d198ff,26.0,BLANK,0C,off
01/06/2023 14:56:02,Chamber 5,28-041661d198ff,25.937,BLANK,0C,off
01/06/2023 14:56:22,Chamber 5,28-041661d198ff,25.937,BLANK,0C,off
01/06/2023 14:56:43,Chamber 5,28-041661d198ff,25.937,BLANK,0C,off
01/06/2023 14:57:02,Chamber 5,28-041661d198ff,26.0,BLANK,0C,off
01/06/2023 14:57:22,Chamber 5,28-041661d198ff,25.937,BLANK,0C,off
01/06/2023 14:57:45,Chamber 5,28-041661d198ff,26.0,BLANK,0C,off
01/06/2023 14:58:02,Chamber 5,28-041661d198ff,26.0,BLANK,0C,off
01/06/2023 14:58:22,Chamber 5,28-041661d198ff,26.0,BLANK,0C,off
01/06/2023 14:58:42,Chamber 5,28-041661d198ff,26.0,BLANK,0C,off
01/06/2023 14:59:02,Chamber 5,28-041661d198ff,26.0,BLANK,0C,off
01/06/2023 14:59:22,Chamber 5,28-041661d198ff,26.0,BLANK,0C,off
01/06/2023 14:59:42,Chamber 5,28-041661d198ff,26.0,BLANK,0C,off
01/06/2023 15:00:02,Chamber 5,28-041661d198ff,26.0,BLANK,0C,off
01/06/2023 15:00:23,Chamber 5,28-041661d198ff,26.0,BLANK,0C,off
01/06/2023 15:00:43,Chamber 5,28-041661d198ff,26.0,BLANK,0C,off
01/06/2023 15:01:03,Chamber 5,28-041661d198ff,26.0,BLANK,0C,off
01/06/2023 15:01:22,Chamber 5,28-041661d198ff,26.0,BLANK,0C,off
01/06/2023 15:01:43,Chamber 5,28-041661d198ff,26.0,BLANK,0C,off
01/06/2023 15:02:02,Chamber 5,28-041661d198ff,26.0,BLANK,0C,off
01/06/2023 15:02:23,Chamber 5,28-041661d198ff,26.0,BLANK,0C,off
01/06/2023 15:02:43,Chamber 5,28-041661d198ff,26.0,BLANK,0C,off
01/06/2023 15:03:03,Chamber 5,28-041661d198ff,26.0,BLANK,0C,off
01/06/2023 15:03:23,Chamber 5,28-041661d198ff,26.0,BLANK,0C,off
01/06/2023 15:03:42,Chamber 5,28-041661d198ff,26.0,BLANK,0C,off
01/06/2023 15:04:03,Chamber 5,28-041661d198ff,26.0,BLANK,0C,off
01/06/2023 15:04:23,Chamber 5,28-041661d198ff,26.0,BLANK,0C,off
01/06/2023 15:04:43,Chamber 5,28-041661d198ff,26.0,BLANK,0C,off
01/06/2023 15:05:03,Chamber 5,28-041661d198ff,26.0,BLANK,0C,off
01/06/2023 15:05:23,Chamber 5,28-041661d198ff,26.0,BLANK,0C,off
01/06/2023 15:05:43,Chamber 5,28-041661d198ff,26.0,BLANK,0C,off
01/06/2023 15:06:02,Chamber 5,28-041661d198ff,26.0,BLANK,0C,off
01/06/2023 15:06:23,Chamber 5,28-041661d198ff,26.0,BLANK,0C,off
01/06/2023 15:06:43,Chamber 5,28-041661d198ff,26.0,BLANK,0C,off
01/06/2023 15:07:03,Chamber 5,28-041661d198ff,26.0,BLANK,0C,off
01/06/2023 15:07:23,Chamber 5,28-041661d198ff,26.0,BLANK,0C,off
01/06/2023 15:07:42,Chamber 5,28-041661d198ff,26.0,BLANK,0C,off
01/06/2023 15:08:03,Chamber 5,28-041661d198ff,26.0,BLANK,0C,off
01/06/2023 15:08:23,Chamber 5,28-041661d198ff,26.0,BLANK,0C,off
01/06/2023 15:08:43,Chamber 5,28-041661d198ff,26.0,BLANK,0C,off
01/06/2023 15:09:03,Chamber 5,28-041661d198ff,26.0,BLANK,0C,off
01/06/2023 15:09:23,Chamber 5,28-041661d198ff,26.0,BLANK,0C,off
01/06/2023 15:09:43,Chamber 5,28-041661d198ff,26.0,BLANK,0C,off
01/06/2023 15:10:03,Chamber 5,28-041661d198ff,26.0,BLANK,0C,off
01/06/2023 15:10:23,Chamber 5,28-041661d198ff,26.0,BLANK,0C,off
01/06/2023 15:10:43,Chamber 5,28-041661d198ff,26.062,BLANK,0C,off
01/06/2023 15:11:03,Chamber 5,28-041661d198ff,26.0,BLANK,0C,off
01/06/2023 15:11:23,Chamber 5,28-041661d198ff,26.0,BLANK,0C,off
01/06/2023 15:11:42,Chamber 5,28-041661d198ff,26.0,BLANK,0C,off
01/06/2023 15:12:03,Chamber 5,28-041661d198ff,26.0,BLANK,0C,off
01/06/2023 15:12:23,Chamber 5,28-041661d198ff,26.0,BLANK,0C,off
01/06/2023 15:12:43,Chamber 5,28-041661d198ff,26.0,BLANK,0C,off
01/06/2023 15:13:03,Chamber 5,28-041661d198ff,26.0,BLANK,0C,off
01/06/2023 15:13:23,Chamber 5,28-041661d198ff,26.0,BLANK,0C,off
01/06/2023 15:13:43,Chamber 5,28-041661d198ff,26.0,BLANK,0C,off
01/06/2023 15:14:03,Chamber 5,28-041661d198ff,26.0,BLANK,0C,off
01/06/2023 15:14:23,Chamber 5,28-041661d198ff,26.0,BLANK,0C,off
01/06/2023 15:14:42,Chamber 5,28-041661d198ff,26.0,BLANK,0C,off
01/06/2023 15:15:03,Chamber 5,28-041661d198ff,26.0,BLANK,0C,off
01/06/2023 15:15:23,Chamber 5,28-041661d198ff,26.0,BLANK,0C,off
01/06/2023 15:15:43,Chamber 5,28-041661d198ff,26.0,BLANK,0C,off
01/06/2023 15:16:03,Chamber 5,28-041661d198ff,26.0,BLANK,0C,off
01/06/2023 15:16:23,Chamber 5,28-041661d198ff,26.0,BLANK,0C,off
01/06/2023 15:16:43,Chamber 5,28-041661d198ff,26.062,BLANK,0C,off
01/06/2023 15:17:02,Chamber 5,28-041661d198ff,26.062,BLANK,0C,off
01/06/2023 15:17:23,Chamber 5,28-041661d198ff,26.0,BLANK,0C,off
01/06/2023 15:17:43,Chamber 5,28-041661d198ff,26.0,BLANK,0C,off
01/06/2023 15:18:03,Chamber 5,28-041661d198ff,26.0,BLANK,0C,off
01/06/2023 15:18:23,Chamber 5,28-041661d198ff,26.0,BLANK,0C,off
01/06/2023 15:18:43,Chamber 5,28-041661d198ff,26.0,BLANK,0C,off
01/06/2023 15:19:03,Chamber 5,28-041661d198ff,26.0,BLANK,0C,off
01/06/2023 15:19:23,Chamber 5,28-041661d198ff,26.062,BLANK,0C,off
01/06/2023 15:19:43,Chamber 5,28-041661d198ff,26.062,BLANK,0C,off
01/06/2023 15:20:03,Chamber 5,28-041661d198ff,26.062,BLANK,0C,off
01/06/2023 15:20:22,Chamber 5,28-041661d198ff,26.062,BLANK,0C,off
01/06/2023 15:20:43,Chamber 5,28-041661d198ff,26.062,BLANK,0C,off
01/06/2023 15:21:03,Chamber 5,28-041661d198ff,26.062,BLANK,0C,off
01/06/2023 15:21:22,Chamber 5,28-041661d198ff,26.062,BLANK,0C,off
01/06/2023 15:21:43,Chamber 5,28-041661d198ff,26.062,BLANK,0C,off
01/06/2023 15:22:03,Chamber 5,28-041661d198ff,26.062,BLANK,0C,off
01/06/2023 15:22:23,Chamber 5,28-041661d198ff,26.062,BLANK,0C,off
01/06/2023 15:22:43,Chamber 5,28-041661d198ff,26.062,BLANK,0C,off
01/06/2023 15:23:03,Chamber 5,28-041661d198ff,26.062,BLANK,0C,off
01/06/2023 15:23:23,Chamber 5,28-041661d198ff,26.062,BLANK,0C,off
01/06/2023 15:23:43,Chamber 5,28-041661d198ff,26.062,BLANK,0C,off
01/06/2023 15:24:03,Chamber 5,28-041661d198ff,26.062,BLANK,0C,off
01/06/2023 15:24:23,Chamber 5,28-041661d198ff,26.062,BLANK,0C,off
01/06/2023 15:24:43,Chamber 5,28-041661d198ff,26.062,BLANK,0C,off
01/06/2023 15:25:03,Chamber 5,28-041661d198ff,26.062,BLANK,0C,off
01/06/2023 15:25:23,Chamber 5,28-041661d198ff,26.062,BLANK,0C,off
01/06/2023 15:25:43,Chamber 5,28-041661d198ff,26.062,BLANK,0C,off
01/06/2023 15:26:03,Chamber 5,28-041661d198ff,26.062,BLANK,0C,off
01/06/2023 15:26:23,Chamber 5,28-041661d198ff,26.062,BLANK,0C,off
01/06/2023 15:26:43,Chamber 5,28-041661d198ff,26.062,BLANK,0C,off
01/06/2023 15:27:03,Chamber 5,28-041661d198ff,26.062,BLANK,0C,off
01/06/2023 15:27:23,Chamber 5,28-041661d198ff,26.062,BLANK,0C,off
01/06/2023 15:27:42,Chamber 5,28-041661d198ff,26.062,BLANK,0C,off
01/06/2023 15:28:03,Chamber 5,28-041661d198ff,26.062,BLANK,0C,off
01/06/2023 15:28:22,Chamber 5,28-041661d198ff,26.062,BLANK,0C,off
01/06/2023 15:28:43,Chamber 5,28-041661d198ff,26.062,BLANK,0C,off
01/06/2023 15:29:03,Chamber 5,28-041661d198ff,26.062,BLANK,0C,off
01/06/2023 15:29:23,Chamber 5,28-041661d198ff,26.062,BLANK,0C,off
01/06/2023 15:29:43,Chamber 5,28-041661d198ff,26.062,BLANK,0C,off
01/06/2023 15:30:03,Chamber 5,28-041661d198ff,26.062,BLANK,0C,off
01/06/2023 15:30:23,Chamber 5,28-041661d198ff,26.062,BLANK,0C,off
01/06/2023 15:30:43,Chamber 5,28-041661d198ff,26.062,BLANK,0C,off
01/06/2023 15:31:03,Chamber 5,28-041661d198ff,26.062,BLANK,0C,off
01/06/2023 15:31:23,Chamber 5,28-041661d198ff,26.062,BLANK,0C,off
01/06/2023 15:31:43,Chamber 5,28-041661d198ff,26.062,BLANK,0C,off
01/06/2023 15:32:03,Chamber 5,28-041661d198ff,26.062,BLANK,0C,off
01/06/2023 15:32:23,Chamber 5,28-041661d198ff,26.062,BLANK,0C,off
01/06/2023 15:32:42,Chamber 5,28-041661d198ff,26.062,BLANK,0C,off
01/06/2023 15:33:03,Chamber 5,28-041661d198ff,26.062,BLANK,0C,off
01/06/2023 15:33:23,Chamber 5,28-041661d198ff,26.062,BLANK,0C,off
01/06/2023 15:33:43,Chamber 5,28-041661d198ff,26.062,BLANK,0C,off
01/06/2023 15:34:03,Chamber 5,28-041661d198ff,26.062,BLANK,0C,off
01/06/2023 15:34:23,Chamber 5,28-041661d198ff,26.062,BLANK,0C,off
01/06/2023 15:34:43,Chamber 5,28-041661d198ff,26.062,BLANK,0C,off
01/06/2023 15:35:03,Chamber 5,28-041661d198ff,26.062,BLANK,0C,off
01/06/2023 15:35:23,Chamber 5,28-041661d198ff,26.062,BLANK,0C,off
01/06/2023 15:35:43,Chamber 5,28-041661d198ff,26.062,BLANK,0C,off
01/06/2023 15:36:03,Chamber 5,28-041661d198ff,26.062,BLANK,0C,off
01/06/2023 15:36:23,Chamber 5,28-041661d198ff,26.062,BLANK,0C,off
01/06/2023 15:36:43,Chamber 5,28-041661d198ff,26.062,BLANK,0C,off
01/06/2023 15:37:03,Chamber 5,28-041661d198ff,26.062,BLANK,0C,off
01/06/2023 15:37:23,Chamber 5,28-041661d198ff,26.062,BLANK,0C,off
01/06/2023 15:37:43,Chamber 5,28-041661d198ff,26.062,BLANK,0C,off
01/06/2023 15:38:03,Chamber 5,28-041661d198ff,26.062,BLANK,0C,off
01/06/2023 15:38:23,Chamber 5,28-041661d198ff,26.062,BLANK,0C,off
01/06/2023 15:38:43,Chamber 5,28-041661d198ff,26.062,BLANK,0C,off
01/06/2023 15:39:03,Chamber 5,28-041661d198ff,26.062,BLANK,0C,off
01/06/2023 15:39:23,Chamber 5,28-041661d198ff,26.062,BLANK,0C,off
01/06/2023 15:39:43,Chamber 5,28-041661d198ff,26.062,BLANK,0C,off
01/06/2023 15:40:03,Chamber 5,28-041661d198ff,26.062,BLANK,0C,off
01/06/2023 15:40:23,Chamber 5,28-041661d198ff,26.062,BLANK,0C,off
01/06/2023 15:40:43,Chamber 5,28-041661d198ff,26.062,BLANK,0C,off
01/06/2023 15:41:03,Chamber 5,28-041661d198ff,26.062,BLANK,0C,off
01/06/2023 15:41:23,Chamber 5,28-041661d198ff,26.062,BLANK,0C,off
01/06/2023 15:41:43,Chamber 5,28-041661d198ff,26.062,BLANK,0C,off
01/06/2023 15:42:03,Chamber 5,28-041661d198ff,26.062,BLANK,0C,off
01/06/2023 15:42:23,Chamber 5,28-041661d198ff,26.062,BLANK,0C,off
01/06/2023 15:42:43,Chamber 5,28-041661d198ff,26.062,BLANK,0C,off
01/06/2023 15:43:03,Chamber 5,28-041661d198ff,26.062,BLANK,0C,off
01/06/2023 15:43:22,Chamber 5,28-041661d198ff,26.062,BLANK,0C,off
01/06/2023 15:43:43,Chamber 5,28-041661d198ff,26.062,BLANK,0C,off
01/06/2023 15:44:03,Chamber 5,28-041661d198ff,26.062,BLANK,0C,off
01/06/2023 15:44:24,Chamber 5,28-041661d198ff,26.0,BLANK,0C,off
01/06/2023 15:44:43,Chamber 5,28-041661d198ff,26.062,BLANK,0C,off
01/06/2023 15:45:03,Chamber 5,28-041661d198ff,26.062,BLANK,0C,off
01/06/2023 15:45:23,Chamber 5,28-041661d198ff,26.0,BLANK,0C,off
01/06/2023 15:45:43,Chamber 5,28-041661d198ff,26.0,BLANK,0C,off
01/06/2023 15:46:03,Chamber 5,28-041661d198ff,26.0,BLANK,0C,off
01/06/2023 15:46:23,Chamber 5,28-041661d198ff,26.0,BLANK,0C,off
01/06/2023 15:46:43,Chamber 5,28-041661d198ff,26.0,BLANK,0C,off
01/06/2023 15:47:03,Chamber 5,28-041661d198ff,26.0,BLANK,0C,off
01/06/2023 15:47:23,Chamber 5,28-041661d198ff,26.0,BLANK,0C,off
01/06/2023 15:47:43,Chamber 5,28-041661d198ff,26.0,BLANK,0C,off
01/06/2023 15:48:02,Chamber 5,28-041661d198ff,26.0,BLANK,0C,off
01/06/2023 15:48:23,Chamber 5,28-041661d198ff,26.0,BLANK,0C,off
01/06/2023 15:48:43,Chamber 5,28-041661d198ff,26.0,BLANK,0C,off
01/06/2023 15:49:03,Chamber 5,28-041661d198ff,26.0,BLANK,0C,off
01/06/2023 15:49:23,Chamber 5,28-041661d198ff,26.0,BLANK,0C,off
01/06/2023 15:49:43,Chamber 5,28-041661d198ff,26.0,BLANK,0C,off
01/06/2023 15:50:03,Chamber 5,28-041661d198ff,26.0,BLANK,0C,off
01/06/2023 15:50:23,Chamber 5,28-041661d198ff,26.0,BLANK,0C,off
01/06/2023 15:50:42,Chamber 5,28-041661d198ff,26.0,BLANK,0C,off
01/06/2023 15:51:03,Chamber 5,28-041661d198ff,26.0,BLANK,0C,off
01/06/2023 15:51:23,Chamber 5,28-041661d198ff,26.0,BLANK,0C,off
01/06/2023 15:51:43,Chamber 5,28-041661d198ff,26.0,BLANK,0C,off
01/06/2023 15:52:03,Chamber 5,28-041661d198ff,26.0,BLANK,0C,off
01/06/2023 15:52:23,Chamber 5,28-041661d198ff,26.0,BLANK,0C,off
01/06/2023 15:52:43,Chamber 5,28-041661d198ff,26.0,BLANK,0C,off
01/06/2023 15:53:03,Chamber 5,28-041661d198ff,26.0,BLANK,0C,off
01/06/2023 15:53:23,Chamber 5,28-041661d198ff,26.0,BLANK,0C,off
01/06/2023 15:53:43,Chamber 5,28-041661d198ff,26.0,BLANK,0C,off
01/06/2023 15:54:03,Chamber 5,28-041661d198ff,26.0,BLANK,0C,off
01/06/2023 15:54:23,Chamber 5,28-041661d198ff,26.0,BLANK,0C,off
01/06/2023 15:54:43,Chamber 5,28-041661d198ff,26.0,BLANK,0C,off
01/06/2023 15:55:03,Chamber 5,28-041661d198ff,26.0,BLANK,0C,off
01/06/2023 15:55:23,Chamber 5,28-041661d198ff,26.0,BLANK,0C,off
01/06/2023 15:55:44,Chamber 5,28-041661d198ff,26.0,BLANK,0C,off
01/06/2023 15:56:03,Chamber 5,28-041661d198ff,26.0,BLANK,0C,off
01/06/2023 15:56:23,Chamber 5,28-041661d198ff,26.0,BLANK,0C,off
01/06/2023 15:56:42,Chamber 5,28-041661d198ff,26.0,BLANK,0C,off
01/06/2023 15:57:03,Chamber 5,28-041661d198ff,26.0,BLANK,0C,off
01/06/2023 15:57:23,Chamber 5,28-041661d198ff,26.0,BLANK,0C,off
01/06/2023 15:57:43,Chamber 5,28-041661d198ff,26.0,BLANK,0C,off
01/06/2023 15:58:03,Chamber 5,28-041661d198ff,26.0,BLANK,0C,off
01/06/2023 15:58:23,Chamber 5,28-041661d198ff,26.0,BLANK,0C,off
01/06/2023 15:58:43,Chamber 5,28-041661d198ff,26.0,BLANK,0C,off
01/06/2023 15:59:03,Chamber 5,28-041661d198ff,26.0,BLANK,0C,off
01/06/2023 15:59:23,Chamber 5,28-041661d198ff,26.0,BLANK,0C,off
01/06/2023 15:59:43,Chamber 5,28-041661d198ff,26.0,BLANK,0C,off
01/06/2023 16:00:02,Chamber 5,28-041661d198ff,26.0,BLANK,0C,off
01/06/2023 16:00:22,Chamber 5,28-041661d198ff,26.0,BLANK,0C,off
01/06/2023 16:00:42,Chamber 5,28-041661d198ff,26.0,BLANK,0C,off
01/06/2023 16:01:02,Chamber 5,28-041661d198ff,26.0,BLANK,0C,off
01/06/2023 16:01:22,Chamber 5,28-041661d198ff,26.0,BLANK,0C,off
01/06/2023 16:01:42,Chamber 5,28-041661d198ff,25.937,BLANK,0C,off
01/06/2023 16:02:02,Chamber 5,28-041661d198ff,25.937,BLANK,0C,off
01/06/2023 16:02:22,Chamber 5,28-041661d198ff,25.937,BLANK,0C,off
01/06/2023 16:02:42,Chamber 5,28-041661d198ff,25.937,BLANK,0C,off
01/06/2023 16:03:02,Chamber 5,28-041661d198ff,25.937,BLANK,0C,off
01/06/2023 16:03:22,Chamber 5,28-041661d198ff,25.937,BLANK,0C,off
01/06/2023 16:03:42,Chamber 5,28-041661d198ff,25.937,BLANK,0C,off
01/06/2023 16:04:02,Chamber 5,28-041661d198ff,25.937,BLANK,0C,off
01/06/2023 16:04:22,Chamber 5,28-041661d198ff,25.937,BLANK,0C,off
01/06/2023 16:04:42,Chamber 5,28-041661d198ff,25.937,BLANK,0C,off
01/06/2023 16:05:02,Chamber 5,28-041661d198ff,25.937,BLANK,0C,off
01/06/2023 16:05:22,Chamber 5,28-041661d198ff,25.937,BLANK,0C,off
01/06/2023 16:05:42,Chamber 5,28-041661d198ff,25.937,BLANK,0C,off
01/06/2023 16:06:02,Chamber 5,28-041661d198ff,25.937,BLANK,0C,off
01/06/2023 16:06:22,Chamber 5,28-041661d198ff,25.937,BLANK,0C,off
01/06/2023 16:06:42,Chamber 5,28-041661d198ff,25.937,BLANK,0C,off
01/06/2023 16:07:02,Chamber 5,28-041661d198ff,25.937,BLANK,0C,off
01/06/2023 16:07:22,Chamber 5,28-041661d198ff,25.937,BLANK,0C,off
01/06/2023 16:07:42,Chamber 5,28-041661d198ff,25.937,BLANK,0C,off
01/06/2023 16:08:02,Chamber 5,28-041661d198ff,25.937,BLANK,0C,off
01/06/2023 16:08:22,Chamber 5,28-041661d198ff,25.937,BLANK,0C,off
01/06/2023 16:08:43,Chamber 5,28-041661d198ff,25.937,BLANK,0C,off
01/06/2023 16:09:02,Chamber 5,28-041661d198ff,25.937,BLANK,0C,off
01/06/2023 16:09:22,Chamber 5,28-041661d198ff,25.937,BLANK,0C,off
01/06/2023 16:09:42,Chamber 5,28-041661d198ff,25.937,BLANK,0C,off
01/06/2023 16:10:02,Chamber 5,28-041661d198ff,25.937,BLANK,0C,off
01/06/2023 16:10:22,Chamber 5,28-041661d198ff,25.937,BLANK,0C,off
01/06/2023 16:10:42,Chamber 5,28-041661d198ff,25.937,BLANK,0C,off
01/06/2023 16:11:02,Chamber 5,28-041661d198ff,25.937,BLANK,0C,off
01/06/2023 16:11:22,Chamber 5,28-041661d198ff,25.937,BLANK,0C,off
01/06/2023 16:11:42,Chamber 5,28-041661d198ff,25.937,BLANK,0C,off
01/06/2023 16:12:02,Chamber 5,28-041661d198ff,25.937,BLANK,0C,off
01/06/2023 16:12:22,Chamber 5,28-041661d198ff,25.875,BLANK,0C,off
01/06/2023 16:12:42,Chamber 5,28-041661d198ff,25.875,BLANK,0C,off
01/06/2023 16:13:02,Chamber 5,28-041661d198ff,25.875,BLANK,0C,off
01/06/2023 16:13:22,Chamber 5,28-041661d198ff,25.875,BLANK,0C,off
01/06/2023 16:13:42,Chamber 5,28-041661d198ff,25.875,BLANK,0C,off
01/06/2023 16:14:02,Chamber 5,28-041661d198ff,25.875,BLANK,0C,off
01/06/2023 16:14:22,Chamber 5,28-041661d198ff,25.875,BLANK,0C,off
01/06/2023 16:14:42,Chamber 5,28-041661d198ff,25.875,BLANK,0C,off
01/06/2023 16:15:02,Chamber 5,28-041661d198ff,25.875,BLANK,0C,off
01/06/2023 16:15:22,Chamber 5,28-041661d198ff,25.875,BLANK,0C,off
01/06/2023 16:15:42,Chamber 5,28-041661d198ff,25.875,BLANK,0C,off
01/06/2023 16:16:02,Chamber 5,28-041661d198ff,25.875,BLANK,0C,off
01/06/2023 16:16:22,Chamber 5,28-041661d198ff,25.875,BLANK,0C,off
01/06/2023 16:16:42,Chamber 5,28-041661d198ff,25.875,BLANK,0C,off
01/06/2023 16:17:02,Chamber 5,28-041661d198ff,25.875,BLANK,0C,off
01/06/2023 16:17:22,Chamber 5,28-041661d198ff,25.875,BLANK,0C,off
01/06/2023 16:17:42,Chamber 5,28-041661d198ff,25.875,BLANK,0C,off
01/06/2023 16:18:02,Chamber 5,28-041661d198ff,25.875,BLANK,0C,off
01/06/2023 16:18:22,Chamber 5,28-041661d198ff,25.875,BLANK,0C,off
01/06/2023 16:18:42,Chamber 5,28-041661d198ff,25.875,BLANK,0C,off
01/06/2023 16:19:02,Chamber 5,28-041661d198ff,25.875,BLANK,0C,off
01/06/2023 16:19:22,Chamber 5,28-041661d198ff,25.875,BLANK,0C,off
01/06/2023 16:19:42,Chamber 5,28-041661d198ff,25.875,BLANK,0C,off
01/06/2023 16:20:02,Chamber 5,28-041661d198ff,25.812,BLANK,0C,off
01/06/2023 16:20:22,Chamber 5,28-041661d198ff,25.812,BLANK,0C,off
01/06/2023 16:20:42,Chamber 5,28-041661d198ff,25.812,BLANK,0C,off
01/06/2023 16:21:02,Chamber 5,28-041661d198ff,25.812,BLANK,0C,off
01/06/2023 16:21:22,Chamber 5,28-041661d198ff,25.812,BLANK,0C,off
01/06/2023 16:21:42,Chamber 5,28-041661d198ff,25.812,BLANK,0C,off
01/06/2023 16:22:02,Chamber 5,28-041661d198ff,25.812,BLANK,0C,off
01/06/2023 16:22:22,Chamber 5,28-041661d198ff,25.812,BLANK,0C,off
01/06/2023 16:22:42,Chamber 5,28-041661d198ff,25.812,BLANK,0C,off
01/06/2023 16:23:02,Chamber 5,28-041661d198ff,25.812,BLANK,0C,off
01/06/2023 16:23:22,Chamber 5,28-041661d198ff,25.812,BLANK,0C,off
01/06/2023 16:23:42,Chamber 5,28-041661d198ff,25.812,BLANK,0C,off
01/06/2023 16:24:02,Chamber 5,28-041661d198ff,25.812,BLANK,0C,off
01/06/2023 16:24:22,Chamber 5,28-041661d198ff,25.812,BLANK,0C,off
01/06/2023 16:24:42,Chamber 5,28-041661d198ff,25.812,BLANK,0C,off
01/06/2023 16:25:02,Chamber 5,28-041661d198ff,25.812,BLANK,0C,off
01/06/2023 16:25:22,Chamber 5,28-041661d198ff,25.812,BLANK,0C,off
01/06/2023 16:25:42,Chamber 5,28-041661d198ff,25.812,BLANK,0C,off
01/06/2023 16:26:02,Chamber 5,28-041661d198ff,25.812,BLANK,0C,off
01/06/2023 16:26:22,Chamber 5,28-041661d198ff,25.812,BLANK,0C,off
01/06/2023 16:26:42,Chamber 5,28-041661d198ff,25.812,BLANK,0C,off
01/06/2023 16:27:02,Chamber 5,28-041661d198ff,25.812,BLANK,0C,off
01/06/2023 16:27:22,Chamber 5,28-041661d198ff,25.812,BLANK,0C,off
01/06/2023 16:27:42,Chamber 5,28-041661d198ff,25.812,BLANK,0C,off
01/06/2023 16:28:02,Chamber 5,28-041661d198ff,25.812,BLANK,0C,off
01/06/2023 16:28:22,Chamber 5,28-041661d198ff,25.812,BLANK,0C,off
01/06/2023 16:28:42,Chamber 5,28-041661d198ff,25.812,BLANK,0C,off
01/06/2023 16:29:02,Chamber 5,28-041661d198ff,25.812,BLANK,0C,off
01/06/2023 16:29:23,Chamber 5,28-041661d198ff,25.812,BLANK,0C,off
01/06/2023 16:29:42,Chamber 5,28-041661d198ff,25.812,BLANK,0C,off
01/06/2023 16:30:02,Chamber 5,28-041661d198ff,25.812,BLANK,0C,off
01/06/2023 16:30:22,Chamber 5,28-041661d198ff,25.812,BLANK,0C,off
01/06/2023 16:30:42,Chamber 5,28-041661d198ff,25.812,BLANK,0C,off
01/06/2023 16:31:02,Chamber 5,28-041661d198ff,25.812,BLANK,0C,off
01/06/2023 16:31:22,Chamber 5,28-041661d198ff,25.812,BLANK,0C,off
01/06/2023 16:31:42,Chamber 5,28-041661d198ff,25.812,BLANK,0C,off
01/06/2023 16:32:02,Chamber 5,28-041661d198ff,25.812,BLANK,0C,off
01/06/2023 16:32:22,Chamber 5,28-041661d198ff,25.812,BLANK,0C,off
01/06/2023 16:32:42,Chamber 5,28-041661d198ff,25.812,BLANK,0C,off
01/06/2023 16:33:02,Chamber 5,28-041661d198ff,25.812,BLANK,0C,off
01/06/2023 16:33:22,Chamber 5,28-041661d198ff,25.812,BLANK,0C,off
01/06/2023 16:33:42,Chamber 5,28-041661d198ff,25.75,BLANK,0C,off
01/06/2023 16:34:03,Chamber 5,28-041661d198ff,25.812,BLANK,0C,off
01/06/2023 16:34:22,Chamber 5,28-041661d198ff,25.812,BLANK,0C,off
01/06/2023 16:34:42,Chamber 5,28-041661d198ff,25.75,BLANK,0C,off
01/06/2023 16:35:02,Chamber 5,28-041661d198ff,25.75,BLANK,0C,off
01/06/2023 16:35:22,Chamber 5,28-041661d198ff,25.75,BLANK,0C,off
01/06/2023 16:35:42,Chamber 5,28-041661d198ff,25.75,BLANK,0C,off
01/06/2023 16:36:02,Chamber 5,28-041661d198ff,25.75,BLANK,0C,off
01/06/2023 16:36:22,Chamber 5,28-041661d198ff,25.75,BLANK,0C,off
01/06/2023 16:36:42,Chamber 5,28-041661d198ff,25.75,BLANK,0C,off
01/06/2023 16:37:02,Chamber 5,28-041661d198ff,25.75,BLANK,0C,off
01/06/2023 16:37:23,Chamber 5,28-041661d198ff,25.75,BLANK,0C,off
01/06/2023 16:37:42,Chamber 5,28-041661d198ff,25.75,BLANK,0C,off
01/06/2023 16:38:02,Chamber 5,28-041661d198ff,25.75,BLANK,0C,off
01/06/2023 16:38:22,Chamber 5,28-041661d198ff,25.75,BLANK,0C,off
01/06/2023 16:38:42,Chamber 5,28-041661d198ff,25.75,BLANK,0C,off
01/06/2023 16:39:02,Chamber 5,28-041661d198ff,25.75,BLANK,0C,off
01/06/2023 16:39:22,Chamber 5,28-041661d198ff,25.75,BLANK,0C,off
01/06/2023 16:39:42,Chamber 5,28-041661d198ff,25.75,BLANK,0C,off
01/06/2023 16:40:02,Chamber 5,28-041661d198ff,25.75,BLANK,0C,off
01/06/2023 16:40:22,Chamber 5,28-041661d198ff,25.75,BLANK,0C,off
01/06/2023 16:40:42,Chamber 5,28-041661d198ff,25.75,BLANK,0C,off
01/06/2023 16:41:02,Chamber 5,28-041661d198ff,25.75,BLANK,0C,off
01/06/2023 16:41:23,Chamber 5,28-041661d198ff,25.75,BLANK,0C,off
01/06/2023 16:41:42,Chamber 5,28-041661d198ff,25.75,BLANK,0C,off
01/06/2023 16:42:03,Chamber 5,28-041661d198ff,25.75,BLANK,0C,off
01/06/2023 16:42:22,Chamber 5,28-041661d198ff,25.75,BLANK,0C,off
01/06/2023 16:42:42,Chamber 5,28-041661d198ff,25.75,BLANK,0C,off
01/06/2023 16:43:02,Chamber 5,28-041661d198ff,25.75,BLANK,0C,off
01/06/2023 16:43:22,Chamber 5,28-041661d198ff,25.75,BLANK,0C,off
01/06/2023 16:43:42,Chamber 5,28-041661d198ff,25.75,BLANK,0C,off
01/06/2023 16:44:02,Chamber 5,28-041661d198ff,25.75,BLANK,0C,off
01/06/2023 16:44:22,Chamber 5,28-041661d198ff,25.75,BLANK,0C,off
01/06/2023 16:44:43,Chamber 5,28-041661d198ff,25.75,BLANK,0C,off
01/06/2023 16:45:02,Chamber 5,28-041661d198ff,25.75,BLANK,0C,off
01/06/2023 16:45:22,Chamber 5,28-041661d198ff,25.75,BLANK,0C,off
01/06/2023 16:45:42,Chamber 5,28-041661d198ff,25.75,BLANK,0C,off
01/06/2023 16:46:02,Chamber 5,28-041661d198ff,25.687,BLANK,0C,off
01/06/2023 16:46:22,Chamber 5,28-041661d198ff,25.687,BLANK,0C,off
01/06/2023 16:46:42,Chamber 5,28-041661d198ff,25.687,BLANK,0C,off
01/06/2023 16:47:02,Chamber 5,28-041661d198ff,25.687,BLANK,0C,off
01/06/2023 16:47:22,Chamber 5,28-041661d198ff,25.687,BLANK,0C,off
01/06/2023 16:47:42,Chamber 5,28-041661d198ff,25.687,BLANK,0C,off
01/06/2023 16:48:02,Chamber 5,28-041661d198ff,25.687,BLANK,0C,off
01/06/2023 16:48:22,Chamber 5,28-041661d198ff,25.687,BLANK,0C,off
01/06/2023 16:48:42,Chamber 5,28-041661d198ff,25.687,BLANK,0C,off
01/06/2023 16:49:02,Chamber 5,28-041661d198ff,25.687,BLANK,0C,off
01/06/2023 16:49:22,Chamber 5,28-041661d198ff,25.687,BLANK,0C,off
01/06/2023 16:49:42,Chamber 5,28-041661d198ff,25.687,BLANK,0C,off
01/06/2023 16:50:02,Chamber 5,28-041661d198ff,25.687,BLANK,0C,off
01/06/2023 16:50:22,Chamber 5,28-041661d198ff,25.687,BLANK,0C,off
01/06/2023 16:50:42,Chamber 5,28-041661d198ff,25.687,BLANK,0C,off
01/06/2023 16:51:02,Chamber 5,28-041661d198ff,25.687,BLANK,0C,off
01/06/2023 16:51:22,Chamber 5,28-041661d198ff,25.687,BLANK,0C,off
01/06/2023 16:51:42,Chamber 5,28-041661d198ff,25.687,BLANK,0C,off
01/06/2023 16:52:02,Chamber 5,28-041661d198ff,25.687,BLANK,0C,off
01/06/2023 16:52:22,Chamber 5,28-041661d198ff,25.687,BLANK,0C,off
01/06/2023 16:52:42,Chamber 5,28-041661d198ff,25.687,BLANK,0C,off
01/06/2023 16:53:02,Chamber 5,28-041661d198ff,25.687,BLANK,0C,off
01/06/2023 16:53:22,Chamber 5,28-041661d198ff,25.687,BLANK,0C,off
01/06/2023 16:53:42,Chamber 5,28-041661d198ff,25.625,BLANK,0C,off
01/06/2023 16:54:03,Chamber 5,28-041661d198ff,25.687,BLANK,0C,off
01/06/2023 16:54:22,Chamber 5,28-041661d198ff,25.687,BLANK,0C,off
01/06/2023 16:54:42,Chamber 5,28-041661d198ff,25.687,BLANK,0C,off
01/06/2023 16:55:02,Chamber 5,28-041661d198ff,25.625,BLANK,0C,off
01/06/2023 16:55:22,Chamber 5,28-041661d198ff,25.687,BLANK,0C,off
01/06/2023 16:55:42,Chamber 5,28-041661d198ff,25.687,BLANK,0C,off
01/06/2023 16:56:02,Chamber 5,28-041661d198ff,25.687,BLANK,0C,off
01/06/2023 16:56:22,Chamber 5,28-041661d198ff,25.625,BLANK,0C,off
01/06/2023 16:56:42,Chamber 5,28-041661d198ff,25.625,BLANK,0C,off
01/06/2023 16:57:02,Chamber 5,28-041661d198ff,25.687,BLANK,0C,off
01/06/2023 16:57:23,Chamber 5,28-041661d198ff,25.625,BLANK,0C,off
01/06/2023 16:57:44,Chamber 5,28-041661d198ff,25.625,BLANK,0C,off
01/06/2023 16:58:02,Chamber 5,28-041661d198ff,25.687,BLANK,0C,off
01/06/2023 16:58:22,Chamber 5,28-041661d198ff,25.687,BLANK,0C,off
01/06/2023 16:58:42,Chamber 5,28-041661d198ff,25.687,BLANK,0C,off
01/06/2023 16:59:02,Chamber 5,28-041661d198ff,25.687,BLANK,0C,off
01/06/2023 16:59:22,Chamber 5,28-041661d198ff,25.687,BLANK,0C,off
01/06/2023 16:59:42,Chamber 5,28-041661d198ff,25.687,BLANK,0C,off
01/06/2023 17:00:03,Chamber 5,28-041661d198ff,25.687,BLANK,0C,off
01/06/2023 17:00:23,Chamber 5,28-041661d198ff,25.687,BLANK,0C,off
01/06/2023 17:00:43,Chamber 5,28-041661d198ff,25.687,BLANK,0C,off
01/06/2023 17:01:03,Chamber 5,28-041661d198ff,25.687,BLANK,0C,off
01/06/2023 17:01:23,Chamber 5,28-041661d198ff,25.687,BLANK,0C,off
01/06/2023 17:01:43,Chamber 5,28-041661d198ff,25.687,BLANK,0C,off
01/06/2023 17:02:03,Chamber 5,28-041661d198ff,25.687,BLANK,0C,off
01/06/2023 17:02:23,Chamber 5,28-041661d198ff,25.687,BLANK,0C,off
01/06/2023 17:02:43,Chamber 5,28-041661d198ff,25.687,BLANK,0C,off
01/06/2023 17:03:04,Chamber 5,28-041661d198ff,25.687,BLANK,0C,off
01/06/2023 17:03:23,Chamber 5,28-041661d198ff,25.625,BLANK,0C,off
01/06/2023 17:03:43,Chamber 5,28-041661d198ff,25.625,BLANK,0C,off
01/06/2023 17:04:03,Chamber 5,28-041661d198ff,25.625,BLANK,0C,off
01/06/2023 17:04:23,Chamber 5,28-041661d198ff,25.625,BLANK,0C,off
01/06/2023 17:04:43,Chamber 5,28-041661d198ff,25.625,BLANK,0C,off
01/06/2023 17:05:03,Chamber 5,28-041661d198ff,25.625,BLANK,0C,off
01/06/2023 17:05:23,Chamber 5,28-041661d198ff,25.625,BLANK,0C,off
01/06/2023 17:05:43,Chamber 5,28-041661d198ff,25.625,BLANK,0C,off
01/06/2023 17:06:03,Chamber 5,28-041661d198ff,25.625,BLANK,0C,off
01/06/2023 17:06:23,Chamber 5,28-041661d198ff,25.625,BLANK,0C,off
01/06/2023 17:06:43,Chamber 5,28-041661d198ff,25.625,BLANK,0C,off
01/06/2023 17:07:03,Chamber 5,28-041661d198ff,25.625,BLANK,0C,off
01/06/2023 17:07:23,Chamber 5,28-041661d198ff,25.625,BLANK,0C,off
01/06/2023 17:07:43,Chamber 5,28-041661d198ff,25.625,BLANK,0C,off
01/06/2023 17:08:03,Chamber 5,28-041661d198ff,25.625,BLANK,0C,off
01/06/2023 17:08:23,Chamber 5,28-041661d198ff,25.625,BLANK,0C,off
01/06/2023 17:08:43,Chamber 5,28-041661d198ff,25.625,BLANK,0C,off
01/06/2023 17:09:03,Chamber 5,28-041661d198ff,25.625,BLANK,0C,off
01/06/2023 17:09:23,Chamber 5,28-041661d198ff,25.625,BLANK,0C,off
01/06/2023 17:09:43,Chamber 5,28-041661d198ff,25.625,BLANK,0C,off
01/06/2023 17:10:03,Chamber 5,28-041661d198ff,25.625,BLANK,0C,off
01/06/2023 17:10:23,Chamber 5,28-041661d198ff,25.625,BLANK,0C,off
01/06/2023 17:10:44,Chamber 5,28-041661d198ff,25.625,BLANK,0C,off
01/06/2023 17:11:03,Chamber 5,28-041661d198ff,25.625,BLANK,0C,off
01/06/2023 17:11:23,Chamber 5,28-041661d198ff,25.625,BLANK,0C,off
01/06/2023 17:11:43,Chamber 5,28-041661d198ff,25.625,BLANK,0C,off
01/06/2023 17:12:03,Chamber 5,28-041661d198ff,25.625,BLANK,0C,off
01/06/2023 17:12:23,Chamber 5,28-041661d198ff,25.625,BLANK,0C,off
01/06/2023 17:12:43,Chamber 5,28-041661d198ff,25.625,BLANK,0C,off
01/06/2023 17:13:03,Chamber 5,28-041661d198ff,25.625,BLANK,0C,off
01/06/2023 17:13:23,Chamber 5,28-041661d198ff,25.625,BLANK,0C,off
01/06/2023 17:13:43,Chamber 5,28-041661d198ff,25.625,BLANK,0C,off
01/06/2023 17:14:03,Chamber 5,28-041661d198ff,25.625,BLANK,0C,off
01/06/2023 17:14:23,Chamber 5,28-041661d198ff,25.625,BLANK,0C,off
01/06/2023 17:14:43,Chamber 5,28-041661d198ff,25.625,BLANK,0C,off
01/06/2023 17:15:03,Chamber 5,28-041661d198ff,25.625,BLANK,0C,off
01/06/2023 17:15:23,Chamber 5,28-041661d198ff,25.625,BLANK,0C,off
01/06/2023 17:15:43,Chamber 5,28-041661d198ff,25.625,BLANK,0C,off
01/06/2023 17:16:03,Chamber 5,28-041661d198ff,25.625,BLANK,0C,off
01/06/2023 17:16:23,Chamber 5,28-041661d198ff,25.625,BLANK,0C,off
01/06/2023 17:16:43,Chamber 5,28-041661d198ff,25.625,BLANK,0C,off
01/06/2023 17:17:03,Chamber 5,28-041661d198ff,25.625,BLANK,0C,off
01/06/2023 17:17:23,Chamber 5,28-041661d198ff,25.625,BLANK,0C,off
01/06/2023 17:17:43,Chamber 5,28-041661d198ff,25.625,BLANK,0C,off
01/06/2023 17:18:03,Chamber 5,28-041661d198ff,25.625,BLANK,0C,off
01/06/2023 17:18:23,Chamber 5,28-041661d198ff,25.625,BLANK,0C,off
01/06/2023 17:18:43,Chamber 5,28-041661d198ff,25.625,BLANK,0C,off
01/06/2023 17:19:03,Chamber 5,28-041661d198ff,25.625,BLANK,0C,off
01/06/2023 17:19:23,Chamber 5,28-041661d198ff,25.625,BLANK,0C,off
01/06/2023 17:19:44,Chamber 5,28-041661d198ff,25.625,BLANK,0C,off
01/06/2023 17:20:03,Chamber 5,28-041661d198ff,25.562,BLANK,0C,off
01/06/2023 17:20:23,Chamber 5,28-041661d198ff,25.562,BLANK,0C,off
01/06/2023 17:20:43,Chamber 5,28-041661d198ff,25.562,BLANK,0C,off
01/06/2023 17:21:03,Chamber 5,28-041661d198ff,25.562,BLANK,0C,off
01/06/2023 17:21:23,Chamber 5,28-041661d198ff,25.562,BLANK,0C,off
01/06/2023 17:21:43,Chamber 5,28-041661d198ff,25.562,BLANK,0C,off
01/06/2023 17:22:03,Chamber 5,28-041661d198ff,25.562,BLANK,0C,off
01/06/2023 17:22:23,Chamber 5,28-041661d198ff,25.625,BLANK,0C,off
01/06/2023 17:22:43,Chamber 5,28-041661d198ff,25.562,BLANK,0C,off
01/06/2023 17:23:03,Chamber 5,28-041661d198ff,25.562,BLANK,0C,off
01/06/2023 17:23:23,Chamber 5,28-041661d198ff,25.562,BLANK,0C,off
01/06/2023 17:23:43,Chamber 5,28-041661d198ff,25.562,BLANK,0C,off
01/06/2023 17:24:03,Chamber 5,28-041661d198ff,25.562,BLANK,0C,off
01/06/2023 17:24:23,Chamber 5,28-041661d198ff,25.562,BLANK,0C,off
01/06/2023 17:24:43,Chamber 5,28-041661d198ff,25.562,BLANK,0C,off
01/06/2023 17:25:03,Chamber 5,28-041661d198ff,25.562,BLANK,0C,off
01/06/2023 17:25:23,Chamber 5,28-041661d198ff,25.562,BLANK,0C,off
01/06/2023 17:25:43,Chamber 5,28-041661d198ff,25.562,BLANK,0C,off
01/06/2023 17:26:03,Chamber 5,28-041661d198ff,25.562,BLANK,0C,off
01/06/2023 17:26:23,Chamber 5,28-041661d198ff,25.562,BLANK,0C,off
01/06/2023 17:26:43,Chamber 5,28-041661d198ff,25.562,BLANK,0C,off
01/06/2023 17:27:03,Chamber 5,28-041661d198ff,25.562,BLANK,0C,off
01/06/2023 17:27:23,Chamber 5,28-041661d198ff,25.562,BLANK,0C,off
01/06/2023 17:27:43,Chamber 5,28-041661d198ff,25.562,BLANK,0C,off
01/06/2023 17:28:03,Chamber 5,28-041661d198ff,25.5,BLANK,0C,off
01/06/2023 17:28:23,Chamber 5,28-041661d198ff,25.562,BLANK,0C,off
01/06/2023 17:28:43,Chamber 5,28-041661d198ff,25.562,BLANK,0C,off
01/06/2023 17:29:03,Chamber 5,28-041661d198ff,25.562,BLANK,0C,off
01/06/2023 17:29:23,Chamber 5,28-041661d198ff,25.562,BLANK,0C,off
01/06/2023 17:29:43,Chamber 5,28-041661d198ff,25.562,BLANK,0C,off
01/06/2023 17:30:03,Chamber 5,28-041661d198ff,25.562,BLANK,0C,off
01/06/2023 17:30:23,Chamber 5,28-041661d198ff,25.562,BLANK,0C,off
01/06/2023 17:30:44,Chamber 5,28-041661d198ff,25.562,BLANK,0C,off
01/06/2023 17:31:03,Chamber 5,28-041661d198ff,25.562,BLANK,0C,off
01/06/2023 17:31:23,Chamber 5,28-041661d198ff,25.562,BLANK,0C,off
01/06/2023 17:31:44,Chamber 5,28-041661d198ff,25.562,BLANK,0C,off
01/06/2023 17:32:05,Chamber 5,28-041661d198ff,25.562,BLANK,0C,off
01/06/2023 17:32:23,Chamber 5,28-041661d198ff,25.562,BLANK,0C,off
01/06/2023 17:32:43,Chamber 5,28-041661d198ff,25.5,BLANK,0C,off
01/06/2023 17:33:03,Chamber 5,28-041661d198ff,25.5,BLANK,0C,off
01/06/2023 17:33:23,Chamber 5,28-041661d198ff,25.5,BLANK,0C,off
01/06/2023 17:33:43,Chamber 5,28-041661d198ff,25.5,BLANK,0C,off
01/06/2023 17:34:03,Chamber 5,28-041661d198ff,25.5,BLANK,0C,off
01/06/2023 17:34:23,Chamber 5,28-041661d198ff,25.5,BLANK,0C,off
01/06/2023 17:34:44,Chamber 5,28-041661d198ff,25.5,BLANK,0C,off
01/06/2023 17:35:03,Chamber 5,28-041661d198ff,25.5,BLANK,0C,off
01/06/2023 17:35:24,Chamber 5,28-041661d198ff,25.5,BLANK,0C,off
01/06/2023 17:35:43,Chamber 5,28-041661d198ff,25.5,BLANK,0C,off
01/06/2023 17:36:03,Chamber 5,28-041661d198ff,25.5,BLANK,0C,off
01/06/2023 17:36:23,Chamber 5,28-041661d198ff,25.5,BLANK,0C,off
01/06/2023 17:36:43,Chamber 5,28-041661d198ff,25.5,BLANK,0C,off
01/06/2023 17:37:03,Chamber 5,28-041661d198ff,25.5,BLANK,0C,off
01/06/2023 17:37:23,Chamber 5,28-041661d198ff,25.5,BLANK,0C,off
01/06/2023 17:37:43,Chamber 5,28-041661d198ff,25.5,BLANK,0C,off
01/06/2023 17:38:03,Chamber 5,28-041661d198ff,25.5,BLANK,0C,off
01/06/2023 17:38:23,Chamber 5,28-041661d198ff,25.5,BLANK,0C,off
01/06/2023 17:38:43,Chamber 5,28-041661d198ff,25.5,BLANK,0C,off
01/06/2023 17:39:03,Chamber 5,28-041661d198ff,25.5,BLANK,0C,off
01/06/2023 17:39:23,Chamber 5,28-041661d198ff,25.5,BLANK,0C,off
01/06/2023 17:39:43,Chamber 5,28-041661d198ff,25.5,BLANK,0C,off
01/06/2023 17:40:03,Chamber 5,28-041661d198ff,25.5,BLANK,0C,off
01/06/2023 17:40:23,Chamber 5,28-041661d198ff,25.5,BLANK,0C,off
01/06/2023 17:40:43,Chamber 5,28-041661d198ff,25.5,BLANK,0C,off
01/06/2023 17:41:03,Chamber 5,28-041661d198ff,25.5,BLANK,0C,off
01/06/2023 17:41:23,Chamber 5,28-041661d198ff,25.5,BLANK,0C,off
01/06/2023 17:41:43,Chamber 5,28-041661d198ff,25.5,BLANK,0C,off
01/06/2023 17:42:03,Chamber 5,28-041661d198ff,25.5,BLANK,0C,off
01/06/2023 17:42:23,Chamber 5,28-041661d198ff,25.437,BLANK,0C,off
01/06/2023 17:42:43,Chamber 5,28-041661d198ff,25.5,BLANK,0C,off
01/06/2023 17:43:03,Chamber 5,28-041661d198ff,25.5,BLANK,0C,off
01/06/2023 17:43:23,Chamber 5,28-041661d198ff,25.5,BLANK,0C,off
01/06/2023 17:43:43,Chamber 5,28-041661d198ff,25.437,BLANK,0C,off
01/06/2023 17:44:03,Chamber 5,28-041661d198ff,25.437,BLANK,0C,off
01/06/2023 17:44:23,Chamber 5,28-041661d198ff,25.437,BLANK,0C,off
01/06/2023 17:44:43,Chamber 5,28-041661d198ff,25.437,BLANK,0C,off
01/06/2023 17:45:03,Chamber 5,28-041661d198ff,25.437,BLANK,0C,off
01/06/2023 17:45:23,Chamber 5,28-041661d198ff,25.437,BLANK,0C,off
01/06/2023 17:45:43,Chamber 5,28-041661d198ff,25.437,BLANK,0C,off
01/06/2023 17:46:03,Chamber 5,28-041661d198ff,25.437,BLANK,0C,off
01/06/2023 17:46:23,Chamber 5,28-041661d198ff,25.437,BLANK,0C,off
01/06/2023 17:46:43,Chamber 5,28-041661d198ff,25.437,BLANK,0C,off
01/06/2023 17:47:03,Chamber 5,28-041661d198ff,25.437,BLANK,0C,off
01/06/2023 17:47:23,Chamber 5,28-041661d198ff,25.437,BLANK,0C,off
01/06/2023 17:47:43,Chamber 5,28-041661d198ff,25.437,BLANK,0C,off
01/06/2023 17:48:03,Chamber 5,28-041661d198ff,25.437,BLANK,0C,off
01/06/2023 17:48:23,Chamber 5,28-041661d198ff,25.437,BLANK,0C,off
01/06/2023 17:48:43,Chamber 5,28-041661d198ff,25.437,BLANK,0C,off
01/06/2023 17:49:03,Chamber 5,28-041661d198ff,25.437,BLANK,0C,off
01/06/2023 17:49:23,Chamber 5,28-041661d198ff,25.437,BLANK,0C,off
01/06/2023 17:49:43,Chamber 5,28-041661d198ff,25.437,BLANK,0C,off
01/06/2023 17:50:03,Chamber 5,28-041661d198ff,25.437,BLANK,0C,off
01/06/2023 17:50:23,Chamber 5,28-041661d198ff,25.437,BLANK,0C,off
01/06/2023 17:50:43,Chamber 5,28-041661d198ff,25.437,BLANK,0C,off
01/06/2023 17:51:03,Chamber 5,28-041661d198ff,25.375,BLANK,0C,off
01/06/2023 17:51:23,Chamber 5,28-041661d198ff,25.375,BLANK,0C,off
01/06/2023 17:51:43,Chamber 5,28-041661d198ff,25.375,BLANK,0C,off
01/06/2023 17:52:03,Chamber 5,28-041661d198ff,25.375,BLANK,0C,off
01/06/2023 17:52:23,Chamber 5,28-041661d198ff,25.437,BLANK,0C,off
01/06/2023 17:52:43,Chamber 5,28-041661d198ff,25.375,BLANK,0C,off
01/06/2023 17:53:03,Chamber 5,28-041661d198ff,25.437,BLANK,0C,off
01/06/2023 17:53:23,Chamber 5,28-041661d198ff,25.375,BLANK,0C,off
01/06/2023 17:53:43,Chamber 5,28-041661d198ff,25.375,BLANK,0C,off
01/06/2023 17:54:03,Chamber 5,28-041661d198ff,25.375,BLANK,0C,off
01/06/2023 17:54:25,Chamber 5,28-041661d198ff,25.375,BLANK,0C,off
01/06/2023 17:54:43,Chamber 5,28-041661d198ff,25.375,BLANK,0C,off
01/06/2023 17:55:03,Chamber 5,28-041661d198ff,25.375,BLANK,0C,off
01/06/2023 17:55:23,Chamber 5,28-041661d198ff,25.375,BLANK,0C,off
01/06/2023 17:55:43,Chamber 5,28-041661d198ff,25.375,BLANK,0C,off
01/06/2023 17:56:03,Chamber 5,28-041661d198ff,25.375,BLANK,0C,off
01/06/2023 17:56:23,Chamber 5,28-041661d198ff,25.375,BLANK,0C,off
01/06/2023 17:56:43,Chamber 5,28-041661d198ff,25.375,BLANK,0C,off
01/06/2023 17:57:03,Chamber 5,28-041661d198ff,25.375,BLANK,0C,off
01/06/2023 17:57:23,Chamber 5,28-041661d198ff,25.375,BLANK,0C,off
01/06/2023 17:57:43,Chamber 5,28-041661d198ff,25.375,BLANK,0C,off
01/06/2023 17:58:03,Chamber 5,28-041661d198ff,25.375,BLANK,0C,off
01/06/2023 17:58:23,Chamber 5,28-041661d198ff,25.375,BLANK,0C,off
01/06/2023 17:58:43,Chamber 5,28-041661d198ff,25.375,BLANK,0C,off
01/06/2023 17:59:03,Chamber 5,28-041661d198ff,25.375,BLANK,0C,off
01/06/2023 17:59:23,Chamber 5,28-041661d198ff,25.375,BLANK,0C,off
01/06/2023 17:59:43,Chamber 5,28-041661d198ff,25.375,BLANK,0C,off
01/06/2023 18:00:02,Chamber 5,28-041661d198ff,25.375,BLANK,0C,off
01/06/2023 18:00:22,Chamber 5,28-041661d198ff,25.375,BLANK,0C,off
01/06/2023 18:00:42,Chamber 5,28-041661d198ff,25.375,BLANK,0C,off
01/06/2023 18:01:02,Chamber 5,28-041661d198ff,25.375,BLANK,0C,off
01/06/2023 18:01:23,Chamber 5,28-041661d198ff,25.375,BLANK,0C,off
01/06/2023 18:01:42,Chamber 5,28-041661d198ff,25.375,BLANK,0C,off
01/06/2023 18:02:04,Chamber 5,28-041661d198ff,25.375,BLANK,0C,off
01/06/2023 18:02:22,Chamber 5,28-041661d198ff,25.375,BLANK,0C,off
01/06/2023 18:02:42,Chamber 5,28-041661d198ff,25.375,BLANK,0C,off
01/06/2023 18:03:02,Chamber 5,28-041661d198ff,25.375,BLANK,0C,off
01/06/2023 18:03:22,Chamber 5,28-041661d198ff,25.375,BLANK,0C,off
01/06/2023 18:03:42,Chamber 5,28-041661d198ff,25.375,BLANK,0C,off
01/06/2023 18:04:02,Chamber 5,28-041661d198ff,25.375,BLANK,0C,off
01/06/2023 18:04:22,Chamber 5,28-041661d198ff,25.375,BLANK,0C,off
01/06/2023 18:04:42,Chamber 5,28-041661d198ff,25.375,BLANK,0C,off
01/06/2023 18:05:03,Chamber 5,28-041661d198ff,25.375,BLANK,0C,off
01/06/2023 18:05:22,Chamber 5,28-041661d198ff,25.375,BLANK,0C,off
01/06/2023 18:05:42,Chamber 5,28-041661d198ff,25.375,BLANK,0C,off
01/06/2023 18:06:02,Chamber 5,28-041661d198ff,25.375,BLANK,0C,off
01/06/2023 18:06:22,Chamber 5,28-041661d198ff,25.375,BLANK,0C,off
01/06/2023 18:06:44,Chamber 5,28-041661d198ff,25.312,BLANK,0C,off
01/06/2023 18:07:02,Chamber 5,28-041661d198ff,25.375,BLANK,0C,off
01/06/2023 18:07:22,Chamber 5,28-041661d198ff,25.375,BLANK,0C,off
01/06/2023 18:07:42,Chamber 5,28-041661d198ff,25.375,BLANK,0C,off
01/06/2023 18:08:02,Chamber 5,28-041661d198ff,25.375,BLANK,0C,off
01/06/2023 18:08:22,Chamber 5,28-041661d198ff,25.375,BLANK,0C,off
01/06/2023 18:08:43,Chamber 5,28-041661d198ff,25.375,BLANK,0C,off
01/06/2023 18:09:02,Chamber 5,28-041661d198ff,25.375,BLANK,0C,off
01/06/2023 18:09:22,Chamber 5,28-041661d198ff,25.312,BLANK,0C,off
01/06/2023 18:09:42,Chamber 5,28-041661d198ff,25.312,BLANK,0C,off
01/06/2023 18:10:02,Chamber 5,28-041661d198ff,25.312,BLANK,0C,off
01/06/2023 18:10:22,Chamber 5,28-041661d198ff,25.312,BLANK,0C,off
01/06/2023 18:10:42,Chamber 5,28-041661d198ff,25.312,BLANK,0C,off
01/06/2023 18:11:02,Chamber 5,28-041661d198ff,25.312,BLANK,0C,off
01/06/2023 18:11:22,Chamber 5,28-041661d198ff,25.312,BLANK,0C,off
01/06/2023 18:11:42,Chamber 5,28-041661d198ff,25.312,BLANK,0C,off
01/06/2023 18:12:02,Chamber 5,28-041661d198ff,25.312,BLANK,0C,off
01/06/2023 18:12:22,Chamber 5,28-041661d198ff,25.312,BLANK,0C,off
01/06/2023 18:12:42,Chamber 5,28-041661d198ff,25.312,BLANK,0C,off
01/06/2023 18:13:02,Chamber 5,28-041661d198ff,25.312,BLANK,0C,off
01/06/2023 18:13:22,Chamber 5,28-041661d198ff,25.312,BLANK,0C,off
01/06/2023 18:13:42,Chamber 5,28-041661d198ff,25.312,BLANK,0C,off
01/06/2023 18:14:02,Chamber 5,28-041661d198ff,25.312,BLANK,0C,off
01/06/2023 18:14:22,Chamber 5,28-041661d198ff,25.375,BLANK,0C,off
01/06/2023 18:14:42,Chamber 5,28-041661d198ff,25.312,BLANK,0C,off
01/06/2023 18:15:02,Chamber 5,28-041661d198ff,25.312,BLANK,0C,off
01/06/2023 18:15:23,Chamber 5,28-041661d198ff,25.312,BLANK,0C,off
01/06/2023 18:15:42,Chamber 5,28-041661d198ff,25.375,BLANK,0C,off
01/06/2023 18:16:02,Chamber 5,28-041661d198ff,25.312,BLANK,0C,off
01/06/2023 18:16:24,Chamber 5,28-041661d198ff,25.375,BLANK,0C,off
01/06/2023 18:16:42,Chamber 5,28-041661d198ff,25.375,BLANK,0C,off
01/06/2023 18:17:02,Chamber 5,28-041661d198ff,25.312,BLANK,0C,off
01/06/2023 18:17:22,Chamber 5,28-041661d198ff,25.312,BLANK,0C,off
01/06/2023 18:17:42,Chamber 5,28-041661d198ff,25.312,BLANK,0C,off
01/06/2023 18:18:02,Chamber 5,28-041661d198ff,25.312,BLANK,0C,off
01/06/2023 18:18:22,Chamber 5,28-041661d198ff,25.312,BLANK,0C,off
01/06/2023 18:18:42,Chamber 5,28-041661d198ff,25.312,BLANK,0C,off
01/06/2023 18:19:02,Chamber 5,28-041661d198ff,25.312,BLANK,0C,off
01/06/2023 18:19:22,Chamber 5,28-041661d198ff,25.312,BLANK,0C,off
01/06/2023 18:19:42,Chamber 5,28-041661d198ff,25.312,BLANK,0C,off
01/06/2023 18:20:02,Chamber 5,28-041661d198ff,25.312,BLANK,0C,off
01/06/2023 18:20:23,Chamber 5,28-041661d198ff,25.375,BLANK,0C,off
01/06/2023 18:20:42,Chamber 5,28-041661d198ff,25.375,BLANK,0C,off
01/06/2023 18:21:02,Chamber 5,28-041661d198ff,25.375,BLANK,0C,off
01/06/2023 18:21:22,Chamber 5,28-041661d198ff,25.375,BLANK,0C,off
01/06/2023 18:21:42,Chamber 5,28-041661d198ff,25.375,BLANK,0C,off
01/06/2023 18:22:02,Chamber 5,28-041661d198ff,25.312,BLANK,0C,off
01/06/2023 18:22:22,Chamber 5,28-041661d198ff,25.312,BLANK,0C,off
01/06/2023 18:22:42,Chamber 5,28-041661d198ff,25.312,BLANK,0C,off
01/06/2023 18:23:02,Chamber 5,28-041661d198ff,25.312,BLANK,0C,off
01/06/2023 18:23:22,Chamber 5,28-041661d198ff,25.312,BLANK,0C,off
01/06/2023 18:23:42,Chamber 5,28-041661d198ff,25.312,BLANK,0C,off
01/06/2023 18:24:02,Chamber 5,28-041661d198ff,25.312,BLANK,0C,off
01/06/2023 18:24:22,Chamber 5,28-041661d198ff,25.312,BLANK,0C,off
01/06/2023 18:24:42,Chamber 5,28-041661d198ff,25.312,BLANK,0C,off
01/06/2023 18:25:02,Chamber 5,28-041661d198ff,25.312,BLANK,0C,off
01/06/2023 18:25:22,Chamber 5,28-041661d198ff,25.312,BLANK,0C,off
01/06/2023 18:25:42,Chamber 5,28-041661d198ff,25.312,BLANK,0C,off
01/06/2023 18:26:02,Chamber 5,28-041661d198ff,25.312,BLANK,0C,off
01/06/2023 18:26:22,Chamber 5,28-041661d198ff,25.312,BLANK,0C,off
01/06/2023 18:26:42,Chamber 5,28-041661d198ff,25.312,BLANK,0C,off
01/06/2023 18:27:02,Chamber 5,28-041661d198ff,25.312,BLANK,0C,off
01/06/2023 18:27:22,Chamber 5,28-041661d198ff,25.312,BLANK,0C,off
01/06/2023 18:27:42,Chamber 5,28-041661d198ff,25.312,BLANK,0C,off
01/06/2023 18:28:02,Chamber 5,28-041661d198ff,25.312,BLANK,0C,off
01/06/2023 18:28:22,Chamber 5,28-041661d198ff,25.312,BLANK,0C,off
01/06/2023 18:28:42,Chamber 5,28-041661d198ff,25.312,BLANK,0C,off
01/06/2023 18:29:02,Chamber 5,28-041661d198ff,25.312,BLANK,0C,off
01/06/2023 18:29:22,Chamber 5,28-041661d198ff,25.312,BLANK,0C,off
01/06/2023 18:29:42,Chamber 5,28-041661d198ff,25.312,BLANK,0C,off
01/06/2023 18:30:02,Chamber 5,28-041661d198ff,25.312,BLANK,0C,off
01/06/2023 18:30:23,Chamber 5,28-041661d198ff,25.312,BLANK,0C,off
01/06/2023 18:30:42,Chamber 5,28-041661d198ff,25.312,BLANK,0C,off
01/06/2023 18:31:02,Chamber 5,28-041661d198ff,25.312,BLANK,0C,off
01/06/2023 18:31:22,Chamber 5,28-041661d198ff,25.312,BLANK,0C,off
01/06/2023 18:31:42,Chamber 5,28-041661d198ff,25.312,BLANK,0C,off
01/06/2023 18:32:03,Chamber 5,28-041661d198ff,25.312,BLANK,0C,off
01/06/2023 18:32:22,Chamber 5,28-041661d198ff,25.312,BLANK,0C,off
01/06/2023 18:32:42,Chamber 5,28-041661d198ff,25.312,BLANK,0C,off
01/06/2023 18:33:02,Chamber 5,28-041661d198ff,25.312,BLANK,0C,off
01/06/2023 18:33:22,Chamber 5,28-041661d198ff,25.312,BLANK,0C,off
01/06/2023 18:33:42,Chamber 5,28-041661d198ff,25.312,BLANK,0C,off
01/06/2023 18:34:02,Chamber 5,28-041661d198ff,25.312,BLANK,0C,off
01/06/2023 18:34:23,Chamber 5,28-041661d198ff,25.312,BLANK,0C,off
01/06/2023 18:34:42,Chamber 5,28-041661d198ff,25.312,BLANK,0C,off
01/06/2023 18:35:02,Chamber 5,28-041661d198ff,25.312,BLANK,0C,off
01/06/2023 18:35:22,Chamber 5,28-041661d198ff,25.312,BLANK,0C,off
01/06/2023 18:35:43,Chamber 5,28-041661d198ff,25.312,BLANK,0C,off
01/06/2023 18:36:02,Chamber 5,28-041661d198ff,25.312,BLANK,0C,off
01/06/2023 18:36:22,Chamber 5,28-041661d198ff,25.312,BLANK,0C,off
01/06/2023 18:36:42,Chamber 5,28-041661d198ff,25.312,BLANK,0C,off
01/06/2023 18:37:02,Chamber 5,28-041661d198ff,25.312,BLANK,0C,off
01/06/2023 18:37:22,Chamber 5,28-041661d198ff,25.312,BLANK,0C,off
01/06/2023 18:37:42,Chamber 5,28-041661d198ff,25.312,BLANK,0C,off
01/06/2023 18:38:02,Chamber 5,28-041661d198ff,25.312,BLANK,0C,off
01/06/2023 18:38:22,Chamber 5,28-041661d198ff,25.312,BLANK,0C,off
01/06/2023 18:38:42,Chamber 5,28-041661d198ff,25.312,BLANK,0C,off
01/06/2023 18:39:02,Chamber 5,28-041661d198ff,25.312,BLANK,0C,off
01/06/2023 18:39:22,Chamber 5,28-041661d198ff,25.312,BLANK,0C,off
01/06/2023 18:39:42,Chamber 5,28-041661d198ff,25.312,BLANK,0C,off
01/06/2023 18:40:02,Chamber 5,28-041661d198ff,25.312,BLANK,0C,off
01/06/2023 18:40:22,Chamber 5,28-041661d198ff,25.312,BLANK,0C,off
01/06/2023 18:40:42,Chamber 5,28-041661d198ff,25.312,BLANK,0C,off
01/06/2023 18:41:02,Chamber 5,28-041661d198ff,25.312,BLANK,0C,off
01/06/2023 18:41:23,Chamber 5,28-041661d198ff,25.312,BLANK,0C,off
01/06/2023 18:41:42,Chamber 5,28-041661d198ff,25.312,BLANK,0C,off
01/06/2023 18:42:02,Chamber 5,28-041661d198ff,25.312,BLANK,0C,off
01/06/2023 18:42:23,Chamber 5,28-041661d198ff,25.312,BLANK,0C,off
01/06/2023 18:42:42,Chamber 5,28-041661d198ff,25.312,BLANK,0C,off
01/06/2023 18:43:02,Chamber 5,28-041661d198ff,25.312,BLANK,0C,off
01/06/2023 18:43:22,Chamber 5,28-041661d198ff,25.312,BLANK,0C,off
01/06/2023 18:43:42,Chamber 5,28-041661d198ff,25.312,BLANK,0C,off
01/06/2023 18:44:02,Chamber 5,28-041661d198ff,25.312,BLANK,0C,off
01/06/2023 18:44:22,Chamber 5,28-041661d198ff,25.312,BLANK,0C,off
01/06/2023 18:44:43,Chamber 5,28-041661d198ff,25.312,BLANK,0C,off
01/06/2023 18:45:02,Chamber 5,28-041661d198ff,25.312,BLANK,0C,off
01/06/2023 18:45:22,Chamber 5,28-041661d198ff,25.312,BLANK,0C,off
01/06/2023 18:45:42,Chamber 5,28-041661d198ff,25.312,BLANK,0C,off
01/06/2023 18:46:02,Chamber 5,28-041661d198ff,25.312,BLANK,0C,off
01/06/2023 18:46:22,Chamber 5,28-041661d198ff,25.312,BLANK,0C,off
01/06/2023 18:46:42,Chamber 5,28-041661d198ff,25.312,BLANK,0C,off
01/06/2023 18:47:02,Chamber 5,28-041661d198ff,25.312,BLANK,0C,off
01/06/2023 18:47:22,Chamber 5,28-041661d198ff,25.312,BLANK,0C,off
01/06/2023 18:47:42,Chamber 5,28-041661d198ff,25.312,BLANK,0C,off
01/06/2023 18:48:02,Chamber 5,28-041661d198ff,25.312,BLANK,0C,off
01/06/2023 18:48:22,Chamber 5,28-041661d198ff,25.312,BLANK,0C,off
01/06/2023 18:48:42,Chamber 5,28-041661d198ff,25.312,BLANK,0C,off
01/06/2023 18:49:02,Chamber 5,28-041661d198ff,25.25,BLANK,0C,off
01/06/2023 18:49:22,Chamber 5,28-041661d198ff,25.312,BLANK,0C,off
01/06/2023 18:49:42,Chamber 5,28-041661d198ff,25.25,BLANK,0C,off
01/06/2023 18:50:02,Chamber 5,28-041661d198ff,25.312,BLANK,0C,off
01/06/2023 18:50:22,Chamber 5,28-041661d198ff,25.312,BLANK,0C,off
01/06/2023 18:50:42,Chamber 5,28-041661d198ff,25.312,BLANK,0C,off
01/06/2023 18:51:02,Chamber 5,28-041661d198ff,25.25,BLANK,0C,off
01/06/2023 18:51:22,Chamber 5,28-041661d198ff,25.312,BLANK,0C,off
01/06/2023 18:51:42,Chamber 5,28-041661d198ff,25.25,BLANK,0C,off
01/06/2023 18:52:02,Chamber 5,28-041661d198ff,25.312,BLANK,0C,off
01/06/2023 18:52:22,Chamber 5,28-041661d198ff,25.312,BLANK,0C,off
01/06/2023 18:52:42,Chamber 5,28-041661d198ff,25.25,BLANK,0C,off
01/06/2023 18:53:02,Chamber 5,28-041661d198ff,25.312,BLANK,0C,off
01/06/2023 18:53:22,Chamber 5,28-041661d198ff,25.312,BLANK,0C,off
01/06/2023 18:53:42,Chamber 5,28-041661d198ff,25.25,BLANK,0C,off
01/06/2023 18:54:02,Chamber 5,28-041661d198ff,25.312,BLANK,0C,off
01/06/2023 18:54:22,Chamber 5,28-041661d198ff,25.312,BLANK,0C,off
01/06/2023 18:54:42,Chamber 5,28-041661d198ff,25.25,BLANK,0C,off
01/06/2023 18:55:02,Chamber 5,28-041661d198ff,25.25,BLANK,0C,off
01/06/2023 18:55:22,Chamber 5,28-041661d198ff,25.25,BLANK,0C,off
01/06/2023 18:55:42,Chamber 5,28-041661d198ff,25.25,BLANK,0C,off
01/06/2023 18:56:02,Chamber 5,28-041661d198ff,25.25,BLANK,0C,off
01/06/2023 18:56:22,Chamber 5,28-041661d198ff,25.25,BLANK,0C,off
01/06/2023 18:56:42,Chamber 5,28-041661d198ff,25.25,BLANK,0C,off
01/06/2023 18:57:02,Chamber 5,28-041661d198ff,25.25,BLANK,0C,off
01/06/2023 18:57:22,Chamber 5,28-041661d198ff,25.25,BLANK,0C,off
01/06/2023 18:57:42,Chamber 5,28-041661d198ff,25.25,BLANK,0C,off
01/06/2023 18:58:02,Chamber 5,28-041661d198ff,25.25,BLANK,0C,off
01/06/2023 18:58:22,Chamber 5,28-041661d198ff,25.312,BLANK,0C,off
01/06/2023 18:58:42,Chamber 5,28-041661d198ff,25.25,BLANK,0C,off
01/06/2023 18:59:02,Chamber 5,28-041661d198ff,25.312,BLANK,0C,off
01/06/2023 18:59:22,Chamber 5,28-041661d198ff,25.25,BLANK,0C,off
01/06/2023 18:59:42,Chamber 5,28-041661d198ff,25.25,BLANK,0C,off
01/06/2023 19:00:02,Chamber 5,28-041661d198ff,25.25,BLANK,0C,off
01/06/2023 19:00:23,Chamber 5,28-041661d198ff,25.25,BLANK,0C,off
01/06/2023 19:00:42,Chamber 5,28-041661d198ff,25.25,BLANK,0C,off
01/06/2023 19:01:02,Chamber 5,28-041661d198ff,25.25,BLANK,0C,off
01/06/2023 19:01:22,Chamber 5,28-041661d198ff,25.25,BLANK,0C,off
01/06/2023 19:01:43,Chamber 5,28-041661d198ff,25.25,BLANK,0C,off
01/06/2023 19:02:02,Chamber 5,28-041661d198ff,25.25,BLANK,0C,off
01/06/2023 19:02:25,Chamber 5,28-041661d198ff,25.25,BLANK,0C,off
01/06/2023 19:02:42,Chamber 5,28-041661d198ff,25.25,BLANK,0C,off
01/06/2023 19:03:02,Chamber 5,28-041661d198ff,25.25,BLANK,0C,off
01/06/2023 19:03:22,Chamber 5,28-041661d198ff,25.25,BLANK,0C,off
01/06/2023 19:03:42,Chamber 5,28-041661d198ff,25.25,BLANK,0C,off
01/06/2023 19:04:02,Chamber 5,28-041661d198ff,25.25,BLANK,0C,off
01/06/2023 19:04:22,Chamber 5,28-041661d198ff,25.25,BLANK,0C,off
01/06/2023 19:04:42,Chamber 5,28-041661d198ff,25.25,BLANK,0C,off
01/06/2023 19:05:02,Chamber 5,28-041661d198ff,25.25,BLANK,0C,off
01/06/2023 19:05:22,Chamber 5,28-041661d198ff,25.25,BLANK,0C,off
01/06/2023 19:05:42,Chamber 5,28-041661d198ff,25.25,BLANK,0C,off
01/06/2023 19:06:02,Chamber 5,28-041661d198ff,25.25,BLANK,0C,off
01/06/2023 19:06:22,Chamber 5,28-041661d198ff,25.25,BLANK,0C,off
01/06/2023 19:06:42,Chamber 5,28-041661d198ff,25.25,BLANK,0C,off
01/06/2023 19:07:02,Chamber 5,28-041661d198ff,25.25,BLANK,0C,off
01/06/2023 19:07:22,Chamber 5,28-041661d198ff,25.25,BLANK,0C,off
01/06/2023 19:07:42,Chamber 5,28-041661d198ff,25.25,BLANK,0C,off
01/06/2023 19:08:02,Chamber 5,28-041661d198ff,25.25,BLANK,0C,off
01/06/2023 19:08:22,Chamber 5,28-041661d198ff,25.25,BLANK,0C,off
01/06/2023 19:08:42,Chamber 5,28-041661d198ff,25.25,BLANK,0C,off
01/06/2023 19:09:02,Chamber 5,28-041661d198ff,25.25,BLANK,0C,off
01/06/2023 19:09:22,Chamber 5,28-041661d198ff,25.25,BLANK,0C,off
01/06/2023 19:09:42,Chamber 5,28-041661d198ff,25.25,BLANK,0C,off
01/06/2023 19:10:02,Chamber 5,28-041661d198ff,25.25,BLANK,0C,off
01/06/2023 19:10:22,Chamber 5,28-041661d198ff,25.25,BLANK,0C,off
01/06/2023 19:10:42,Chamber 5,28-041661d198ff,25.25,BLANK,0C,off
01/06/2023 19:11:02,Chamber 5,28-041661d198ff,25.25,BLANK,0C,off
01/06/2023 19:11:22,Chamber 5,28-041661d198ff,25.25,BLANK,0C,off
01/06/2023 19:11:42,Chamber 5,28-041661d198ff,25.25,BLANK,0C,off
01/06/2023 19:12:02,Chamber 5,28-041661d198ff,25.25,BLANK,0C,off
01/06/2023 19:12:22,Chamber 5,28-041661d198ff,25.25,BLANK,0C,off
01/06/2023 19:12:42,Chamber 5,28-041661d198ff,25.187,BLANK,0C,off
01/06/2023 19:13:02,Chamber 5,28-041661d198ff,25.25,BLANK,0C,off
01/06/2023 19:13:22,Chamber 5,28-041661d198ff,25.25,BLANK,0C,off
01/06/2023 19:13:42,Chamber 5,28-041661d198ff,25.25,BLANK,0C,off
01/06/2023 19:14:02,Chamber 5,28-041661d198ff,25.25,BLANK,0C,off
01/06/2023 19:14:22,Chamber 5,28-041661d198ff,25.25,BLANK,0C,off
01/06/2023 19:14:42,Chamber 5,28-041661d198ff,25.25,BLANK,0C,off
01/06/2023 19:15:02,Chamber 5,28-041661d198ff,25.25,BLANK,0C,off
01/06/2023 19:15:22,Chamber 5,28-041661d198ff,25.25,BLANK,0C,off
01/06/2023 19:15:42,Chamber 5,28-041661d198ff,25.25,BLANK,0C,off
01/06/2023 19:16:05,Chamber 5,28-041661d198ff,25.25,BLANK,0C,off
01/06/2023 19:16:23,Chamber 5,28-041661d198ff,25.187,BLANK,0C,off
01/06/2023 19:16:42,Chamber 5,28-041661d198ff,25.25,BLANK,0C,off
01/06/2023 19:17:02,Chamber 5,28-041661d198ff,25.25,BLANK,0C,off
01/06/2023 19:17:22,Chamber 5,28-041661d198ff,25.187,BLANK,0C,off
01/06/2023 19:17:42,Chamber 5,28-041661d198ff,25.25,BLANK,0C,off
01/06/2023 19:18:02,Chamber 5,28-041661d198ff,25.25,BLANK,0C,off
01/06/2023 19:18:22,Chamber 5,28-041661d198ff,25.25,BLANK,0C,off
01/06/2023 19:18:42,Chamber 5,28-041661d198ff,25.187,BLANK,0C,off
01/06/2023 19:19:03,Chamber 5,28-041661d198ff,25.25,BLANK,0C,off
01/06/2023 19:19:22,Chamber 5,28-041661d198ff,25.187,BLANK,0C,off
01/06/2023 19:19:42,Chamber 5,28-041661d198ff,25.187,BLANK,0C,off
01/06/2023 19:20:02,Chamber 5,28-041661d198ff,25.187,BLANK,0C,off
01/06/2023 19:20:23,Chamber 5,28-041661d198ff,25.25,BLANK,0C,off
01/06/2023 19:20:42,Chamber 5,28-041661d198ff,25.187,BLANK,0C,off
01/06/2023 19:21:02,Chamber 5,28-041661d198ff,25.25,BLANK,0C,off
01/06/2023 19:21:24,Chamber 5,28-041661d198ff,25.187,BLANK,0C,off
01/06/2023 19:21:42,Chamber 5,28-041661d198ff,25.25,BLANK,0C,off
01/06/2023 19:22:02,Chamber 5,28-041661d198ff,25.187,BLANK,0C,off
01/06/2023 19:22:22,Chamber 5,28-041661d198ff,25.187,BLANK,0C,off
01/06/2023 19:22:42,Chamber 5,28-041661d198ff,25.25,BLANK,0C,off
01/06/2023 19:23:03,Chamber 5,28-041661d198ff,25.25,BLANK,0C,off
01/06/2023 19:23:22,Chamber 5,28-041661d198ff,25.25,BLANK,0C,off
01/06/2023 19:23:42,Chamber 5,28-041661d198ff,25.187,BLANK,0C,off
01/06/2023 19:24:02,Chamber 5,28-041661d198ff,25.187,BLANK,0C,off
01/06/2023 19:24:22,Chamber 5,28-041661d198ff,25.187,BLANK,0C,off
01/06/2023 19:24:42,Chamber 5,28-041661d198ff,25.25,BLANK,0C,off
01/06/2023 19:25:02,Chamber 5,28-041661d198ff,25.187,BLANK,0C,off
01/06/2023 19:25:24,Chamber 5,28-041661d198ff,25.25,BLANK,0C,off
01/06/2023 19:25:42,Chamber 5,28-041661d198ff,25.187,BLANK,0C,off
01/06/2023 19:26:02,Chamber 5,28-041661d198ff,25.187,BLANK,0C,off
01/06/2023 19:26:22,Chamber 5,28-041661d198ff,25.25,BLANK,0C,off
01/06/2023 19:26:42,Chamber 5,28-041661d198ff,25.187,BLANK,0C,off
01/06/2023 19:27:02,Chamber 5,28-041661d198ff,25.25,BLANK,0C,off
01/06/2023 19:27:22,Chamber 5,28-041661d198ff,25.25,BLANK,0C,off
01/06/2023 19:27:42,Chamber 5,28-041661d198ff,25.187,BLANK,0C,off
01/06/2023 19:28:02,Chamber 5,28-041661d198ff,25.187,BLANK,0C,off
01/06/2023 19:28:22,Chamber 5,28-041661d198ff,25.187,BLANK,0C,off
01/06/2023 19:28:42,Chamber 5,28-041661d198ff,25.187,BLANK,0C,off
01/06/2023 19:29:02,Chamber 5,28-041661d198ff,25.187,BLANK,0C,off
01/06/2023 19:29:22,Chamber 5,28-041661d198ff,25.187,BLANK,0C,off
01/06/2023 19:29:42,Chamber 5,28-041661d198ff,25.187,BLANK,0C,off
01/06/2023 19:30:02,Chamber 5,28-041661d198ff,25.187,BLANK,0C,off
01/06/2023 19:30:22,Chamber 5,28-041661d198ff,25.187,BLANK,0C,off
01/06/2023 19:30:42,Chamber 5,28-041661d198ff,25.187,BLANK,0C,off
01/06/2023 19:31:02,Chamber 5,28-041661d198ff,25.187,BLANK,0C,off
01/06/2023 19:31:22,Chamber 5,28-041661d198ff,25.187,BLANK,0C,off
01/06/2023 19:31:42,Chamber 5,28-041661d198ff,25.187,BLANK,0C,off
01/06/2023 19:32:02,Chamber 5,28-041661d198ff,25.187,BLANK,0C,off
01/06/2023 19:32:25,Chamber 5,28-041661d198ff,25.187,BLANK,0C,off
01/06/2023 19:32:42,Chamber 5,28-041661d198ff,25.187,BLANK,0C,off
01/06/2023 19:33:02,Chamber 5,28-041661d198ff,25.125,BLANK,0C,off
01/06/2023 19:33:22,Chamber 5,28-041661d198ff,25.125,BLANK,0C,off
01/06/2023 19:33:42,Chamber 5,28-041661d198ff,25.125,BLANK,0C,off
01/06/2023 19:34:02,Chamber 5,28-041661d198ff,25.125,BLANK,0C,off
01/06/2023 19:34:22,Chamber 5,28-041661d198ff,25.125,BLANK,0C,off
01/06/2023 19:34:42,Chamber 5,28-041661d198ff,25.125,BLANK,0C,off
01/06/2023 19:35:02,Chamber 5,28-041661d198ff,25.125,BLANK,0C,off
01/06/2023 19:35:22,Chamber 5,28-041661d198ff,25.125,BLANK,0C,off
01/06/2023 19:35:42,Chamber 5,28-041661d198ff,25.125,BLANK,0C,off
01/06/2023 19:36:02,Chamber 5,28-041661d198ff,25.125,BLANK,0C,off
01/06/2023 19:36:22,Chamber 5,28-041661d198ff,25.125,BLANK,0C,off
01/06/2023 19:36:42,Chamber 5,28-041661d198ff,25.125,BLANK,0C,off
01/06/2023 19:37:02,Chamber 5,28-041661d198ff,25.125,BLANK,0C,off
01/06/2023 19:37:22,Chamber 5,28-041661d198ff,25.125,BLANK,0C,off
01/06/2023 19:37:42,Chamber 5,28-041661d198ff,25.125,BLANK,0C,off
01/06/2023 19:38:02,Chamber 5,28-041661d198ff,25.062,BLANK,0C,off
01/06/2023 19:38:22,Chamber 5,28-041661d198ff,25.062,BLANK,0C,off
01/06/2023 19:38:42,Chamber 5,28-041661d198ff,25.062,BLANK,0C,off
01/06/2023 19:39:02,Chamber 5,28-041661d198ff,25.062,BLANK,0C,off
01/06/2023 19:39:22,Chamber 5,28-041661d198ff,25.062,BLANK,0C,off
01/06/2023 19:39:42,Chamber 5,28-041661d198ff,25.062,BLANK,0C,off
01/06/2023 19:40:02,Chamber 5,28-041661d198ff,25.062,BLANK,0C,off
01/06/2023 19:40:25,Chamber 5,28-041661d198ff,25.062,BLANK,0C,off
01/06/2023 19:40:42,Chamber 5,28-041661d198ff,25.062,BLANK,0C,off
01/06/2023 19:41:02,Chamber 5,28-041661d198ff,25.062,BLANK,0C,off
01/06/2023 19:41:22,Chamber 5,28-041661d198ff,25.062,BLANK,0C,off
01/06/2023 19:41:42,Chamber 5,28-041661d198ff,25.062,BLANK,0C,off
01/06/2023 19:42:02,Chamber 5,28-041661d198ff,25.062,BLANK,0C,off
01/06/2023 19:42:22,Chamber 5,28-041661d198ff,25.062,BLANK,0C,off
01/06/2023 19:42:42,Chamber 5,28-041661d198ff,25.062,BLANK,0C,off
01/06/2023 19:43:02,Chamber 5,28-041661d198ff,25.062,BLANK,0C,off
01/06/2023 19:43:22,Chamber 5,28-041661d198ff,25.0,BLANK,0C,off
01/06/2023 19:43:42,Chamber 5,28-041661d198ff,25.0,BLANK,0C,off
01/06/2023 19:44:02,Chamber 5,28-041661d198ff,25.0,BLANK,0C,off
01/06/2023 19:44:22,Chamber 5,28-041661d198ff,25.0,BLANK,0C,off
01/06/2023 19:44:42,Chamber 5,28-041661d198ff,25.0,BLANK,0C,off
01/06/2023 19:45:02,Chamber 5,28-041661d198ff,25.0,BLANK,0C,off
01/06/2023 19:45:22,Chamber 5,28-041661d198ff,25.0,BLANK,0C,off
01/06/2023 19:45:42,Chamber 5,28-041661d198ff,25.0,BLANK,0C,off
01/06/2023 19:46:02,Chamber 5,28-041661d198ff,25.0,BLANK,0C,off
01/06/2023 19:46:22,Chamber 5,28-041661d198ff,25.0,BLANK,0C,off
01/06/2023 19:46:42,Chamber 5,28-041661d198ff,25.0,BLANK,0C,off
01/06/2023 19:47:02,Chamber 5,28-041661d198ff,25.0,BLANK,0C,off
01/06/2023 19:47:22,Chamber 5,28-041661d198ff,25.0,BLANK,0C,off
01/06/2023 19:47:42,Chamber 5,28-041661d198ff,25.0,BLANK,0C,off
01/06/2023 19:48:02,Chamber 5,28-041661d198ff,25.0,BLANK,0C,off
01/06/2023 19:48:22,Chamber 5,28-041661d198ff,25.0,BLANK,0C,off
01/06/2023 19:48:42,Chamber 5,28-041661d198ff,25.0,BLANK,0C,off
01/06/2023 19:49:02,Chamber 5,28-041661d198ff,25.0,BLANK,0C,off
01/06/2023 19:49:22,Chamber 5,28-041661d198ff,25.0,BLANK,0C,off
01/06/2023 19:49:42,Chamber 5,28-041661d198ff,24.937,BLANK,0C,off
01/06/2023 19:50:02,Chamber 5,28-041661d198ff,24.937,BLANK,0C,off
01/06/2023 19:50:22,Chamber 5,28-041661d198ff,24.937,BLANK,0C,off
01/06/2023 19:50:42,Chamber 5,28-041661d198ff,24.937,BLANK,0C,off
01/06/2023 19:51:02,Chamber 5,28-041661d198ff,24.937,BLANK,0C,off
01/06/2023 19:51:22,Chamber 5,28-041661d198ff,24.937,BLANK,0C,off
01/06/2023 19:51:42,Chamber 5,28-041661d198ff,24.937,BLANK,0C,off
01/06/2023 19:52:02,Chamber 5,28-041661d198ff,24.937,BLANK,0C,off
01/06/2023 19:52:22,Chamber 5,28-041661d198ff,24.937,BLANK,0C,off
01/06/2023 19:52:42,Chamber 5,28-041661d198ff,24.937,BLANK,0C,off
01/06/2023 19:53:02,Chamber 5,28-041661d198ff,24.937,BLANK,0C,off
01/06/2023 19:53:22,Chamber 5,28-041661d198ff,24.937,BLANK,0C,off
01/06/2023 19:53:42,Chamber 5,28-041661d198ff,24.937,BLANK,0C,off
01/06/2023 19:54:02,Chamber 5,28-041661d198ff,24.937,BLANK,0C,off
01/06/2023 19:54:22,Chamber 5,28-041661d198ff,24.937,BLANK,0C,off
01/06/2023 19:54:42,Chamber 5,28-041661d198ff,24.937,BLANK,0C,off
01/06/2023 19:55:02,Chamber 5,28-041661d198ff,24.937,BLANK,0C,off
01/06/2023 19:55:22,Chamber 5,28-041661d198ff,24.875,BLANK,0C,off
01/06/2023 19:55:42,Chamber 5,28-041661d198ff,24.875,BLANK,0C,off
01/06/2023 19:56:02,Chamber 5,28-041661d198ff,24.875,BLANK,0C,off
01/06/2023 19:56:22,Chamber 5,28-041661d198ff,24.875,BLANK,0C,off
01/06/2023 19:56:42,Chamber 5,28-041661d198ff,24.875,BLANK,0C,off
01/06/2023 19:57:02,Chamber 5,28-041661d198ff,24.875,BLANK,0C,off
01/06/2023 19:57:22,Chamber 5,28-041661d198ff,24.875,BLANK,0C,off
01/06/2023 19:57:42,Chamber 5,28-041661d198ff,24.875,BLANK,0C,off
01/06/2023 19:58:02,Chamber 5,28-041661d198ff,24.875,BLANK,0C,off
01/06/2023 19:58:22,Chamber 5,28-041661d198ff,24.875,BLANK,0C,off
01/06/2023 19:58:42,Chamber 5,28-041661d198ff,24.875,BLANK,0C,off
01/06/2023 19:59:02,Chamber 5,28-041661d198ff,24.875,BLANK,0C,off
01/06/2023 19:59:22,Chamber 5,28-041661d198ff,24.875,BLANK,0C,off
01/06/2023 19:59:42,Chamber 5,28-041661d198ff,24.875,BLANK,0C,off
01/06/2023 20:00:03,Chamber 5,28-041661d198ff,24.875,BLANK,0C,off
01/06/2023 20:00:22,Chamber 5,28-041661d198ff,24.875,BLANK,0C,off
01/06/2023 20:00:42,Chamber 5,28-041661d198ff,24.812,BLANK,0C,off
01/06/2023 20:01:02,Chamber 5,28-041661d198ff,24.875,BLANK,0C,off
01/06/2023 20:01:22,Chamber 5,28-041661d198ff,24.875,BLANK,0C,off
01/06/2023 20:01:42,Chamber 5,28-041661d198ff,24.812,BLANK,0C,off
01/06/2023 20:02:02,Chamber 5,28-041661d198ff,24.812,BLANK,0C,off
01/06/2023 20:02:22,Chamber 5,28-041661d198ff,24.812,BLANK,0C,off
01/06/2023 20:02:43,Chamber 5,28-041661d198ff,24.875,BLANK,0C,off
01/06/2023 20:03:02,Chamber 5,28-041661d198ff,24.812,BLANK,0C,off
01/06/2023 20:03:22,Chamber 5,28-041661d198ff,24.812,BLANK,0C,off
01/06/2023 20:03:42,Chamber 5,28-041661d198ff,24.812,BLANK,0C,off
01/06/2023 20:04:02,Chamber 5,28-041661d198ff,24.812,BLANK,0C,off
01/06/2023 20:04:23,Chamber 5,28-041661d198ff,24.812,BLANK,0C,off
01/06/2023 20:04:42,Chamber 5,28-041661d198ff,24.812,BLANK,0C,off
01/06/2023 20:05:02,Chamber 5,28-041661d198ff,24.812,BLANK,0C,off
01/06/2023 20:05:22,Chamber 5,28-041661d198ff,24.812,BLANK,0C,off
01/06/2023 20:05:42,Chamber 5,28-041661d198ff,24.812,BLANK,0C,off
01/06/2023 20:06:02,Chamber 5,28-041661d198ff,24.812,BLANK,0C,off
01/06/2023 20:06:22,Chamber 5,28-041661d198ff,24.812,BLANK,0C,off
01/06/2023 20:06:42,Chamber 5,28-041661d198ff,24.812,BLANK,0C,off
01/06/2023 20:07:02,Chamber 5,28-041661d198ff,24.812,BLANK,0C,off
01/06/2023 20:07:22,Chamber 5,28-041661d198ff,24.812,BLANK,0C,off
01/06/2023 20:07:42,Chamber 5,28-041661d198ff,24.812,BLANK,0C,off
01/06/2023 20:08:02,Chamber 5,28-041661d198ff,24.812,BLANK,0C,off
01/06/2023 20:08:22,Chamber 5,28-041661d198ff,24.812,BLANK,0C,off
01/06/2023 20:08:42,Chamber 5,28-041661d198ff,24.812,BLANK,0C,off
01/06/2023 20:09:02,Chamber 5,28-041661d198ff,24.75,BLANK,0C,off
01/06/2023 20:09:22,Chamber 5,28-041661d198ff,24.812,BLANK,0C,off
01/06/2023 20:09:42,Chamber 5,28-041661d198ff,24.812,BLANK,0C,off
01/06/2023 20:10:02,Chamber 5,28-041661d198ff,24.812,BLANK,0C,off
01/06/2023 20:10:22,Chamber 5,28-041661d198ff,24.812,BLANK,0C,off
01/06/2023 20:10:42,Chamber 5,28-041661d198ff,24.75,BLANK,0C,off
01/06/2023 20:11:07,Chamber 5,28-041661d198ff,24.812,BLANK,0C,off
01/06/2023 20:11:22,Chamber 5,28-041661d198ff,24.812,BLANK,0C,off
01/06/2023 20:11:42,Chamber 5,28-041661d198ff,24.75,BLANK,0C,off
01/06/2023 20:12:02,Chamber 5,28-041661d198ff,24.75,BLANK,0C,off
01/06/2023 20:12:22,Chamber 5,28-041661d198ff,24.75,BLANK,0C,off
01/06/2023 20:12:43,Chamber 5,28-041661d198ff,24.75,BLANK,0C,off
01/06/2023 20:13:02,Chamber 5,28-041661d198ff,24.75,BLANK,0C,off
01/06/2023 20:13:22,Chamber 5,28-041661d198ff,24.75,BLANK,0C,off
01/06/2023 20:13:42,Chamber 5,28-041661d198ff,24.75,BLANK,0C,off
01/06/2023 20:14:02,Chamber 5,28-041661d198ff,24.75,BLANK,0C,off
01/06/2023 20:14:22,Chamber 5,28-041661d198ff,24.75,BLANK,0C,off
01/06/2023 20:14:42,Chamber 5,28-041661d198ff,24.75,BLANK,0C,off
01/06/2023 20:15:02,Chamber 5,28-041661d198ff,24.75,BLANK,0C,off
01/06/2023 20:15:22,Chamber 5,28-041661d198ff,24.75,BLANK,0C,off
01/06/2023 20:15:42,Chamber 5,28-041661d198ff,24.75,BLANK,0C,off
01/06/2023 20:16:02,Chamber 5,28-041661d198ff,24.75,BLANK,0C,off
01/06/2023 20:16:22,Chamber 5,28-041661d198ff,24.75,BLANK,0C,off
01/06/2023 20:16:42,Chamber 5,28-041661d198ff,24.75,BLANK,0C,off
01/06/2023 20:17:02,Chamber 5,28-041661d198ff,24.75,BLANK,0C,off
01/06/2023 20:17:22,Chamber 5,28-041661d198ff,24.75,BLANK,0C,off
01/06/2023 20:17:42,Chamber 5,28-041661d198ff,24.687,BLANK,0C,off
01/06/2023 20:18:02,Chamber 5,28-041661d198ff,24.687,BLANK,0C,off
01/06/2023 20:18:22,Chamber 5,28-041661d198ff,24.687,BLANK,0C,off
01/06/2023 20:18:42,Chamber 5,28-041661d198ff,24.687,BLANK,0C,off
01/06/2023 20:19:03,Chamber 5,28-041661d198ff,24.687,BLANK,0C,off
01/06/2023 20:19:22,Chamber 5,28-041661d198ff,24.687,BLANK,0C,off
01/06/2023 20:19:42,Chamber 5,28-041661d198ff,24.687,BLANK,0C,off
01/06/2023 20:20:02,Chamber 5,28-041661d198ff,24.687,BLANK,0C,off
01/06/2023 20:20:22,Chamber 5,28-041661d198ff,24.687,BLANK,0C,off
01/06/2023 20:20:42,Chamber 5,28-041661d198ff,24.687,BLANK,0C,off
01/06/2023 20:21:02,Chamber 5,28-041661d198ff,24.687,BLANK,0C,off
01/06/2023 20:21:22,Chamber 5,28-041661d198ff,24.687,BLANK,0C,off
01/06/2023 20:21:42,Chamber 5,28-041661d198ff,24.687,BLANK,0C,off
01/06/2023 20:22:02,Chamber 5,28-041661d198ff,24.687,BLANK,0C,off
01/06/2023 20:22:22,Chamber 5,28-041661d198ff,24.687,BLANK,0C,off
01/06/2023 20:22:42,Chamber 5,28-041661d198ff,24.687,BLANK,0C,off
01/06/2023 20:23:02,Chamber 5,28-041661d198ff,24.687,BLANK,0C,off
01/06/2023 20:23:22,Chamber 5,28-041661d198ff,24.687,BLANK,0C,off
01/06/2023 20:23:42,Chamber 5,28-041661d198ff,24.687,BLANK,0C,off
01/06/2023 20:24:02,Chamber 5,28-041661d198ff,24.687,BLANK,0C,off
01/06/2023 20:24:22,Chamber 5,28-041661d198ff,24.687,BLANK,0C,off
01/06/2023 20:24:42,Chamber 5,28-041661d198ff,24.687,BLANK,0C,off
01/06/2023 20:25:02,Chamber 5,28-041661d198ff,24.687,BLANK,0C,off
01/06/2023 20:25:22,Chamber 5,28-041661d198ff,24.687,BLANK,0C,off
01/06/2023 20:25:42,Chamber 5,28-041661d198ff,24.687,BLANK,0C,off
01/06/2023 20:26:02,Chamber 5,28-041661d198ff,24.687,BLANK,0C,off
01/06/2023 20:26:22,Chamber 5,28-041661d198ff,24.687,BLANK,0C,off
01/06/2023 20:26:42,Chamber 5,28-041661d198ff,24.687,BLANK,0C,off
01/06/2023 20:27:02,Chamber 5,28-041661d198ff,24.687,BLANK,0C,off
01/06/2023 20:27:22,Chamber 5,28-041661d198ff,24.687,BLANK,0C,off
01/06/2023 20:27:42,Chamber 5,28-041661d198ff,24.687,BLANK,0C,off
01/06/2023 20:28:02,Chamber 5,28-041661d198ff,24.687,BLANK,0C,off
01/06/2023 20:28:22,Chamber 5,28-041661d198ff,24.687,BLANK,0C,off
01/06/2023 20:28:42,Chamber 5,28-041661d198ff,24.625,BLANK,0C,off
01/06/2023 20:29:03,Chamber 5,28-041661d198ff,24.687,BLANK,0C,off
01/06/2023 20:29:22,Chamber 5,28-041661d198ff,24.625,BLANK,0C,off
01/06/2023 20:29:42,Chamber 5,28-041661d198ff,24.625,BLANK,0C,off
01/06/2023 20:30:02,Chamber 5,28-041661d198ff,24.625,BLANK,0C,off
01/06/2023 20:30:22,Chamber 5,28-041661d198ff,24.625,BLANK,0C,off
01/06/2023 20:30:42,Chamber 5,28-041661d198ff,24.625,BLANK,0C,off
01/06/2023 20:31:02,Chamber 5,28-041661d198ff,24.625,BLANK,0C,off
01/06/2023 20:31:22,Chamber 5,28-041661d198ff,24.625,BLANK,0C,off
01/06/2023 20:31:42,Chamber 5,28-041661d198ff,24.625,BLANK,0C,off
01/06/2023 20:32:02,Chamber 5,28-041661d198ff,24.625,BLANK,0C,off
01/06/2023 20:32:22,Chamber 5,28-041661d198ff,24.625,BLANK,0C,off
01/06/2023 20:32:42,Chamber 5,28-041661d198ff,24.625,BLANK,0C,off
01/06/2023 20:33:02,Chamber 5,28-041661d198ff,24.625,BLANK,0C,off
01/06/2023 20:33:22,Chamber 5,28-041661d198ff,24.625,BLANK,0C,off
01/06/2023 20:33:42,Chamber 5,28-041661d198ff,24.625,BLANK,0C,off
01/06/2023 20:34:02,Chamber 5,28-041661d198ff,24.625,BLANK,0C,off
01/06/2023 20:34:22,Chamber 5,28-041661d198ff,24.625,BLANK,0C,off
01/06/2023 20:34:42,Chamber 5,28-041661d198ff,24.625,BLANK,0C,off
01/06/2023 20:35:02,Chamber 5,28-041661d198ff,24.625,BLANK,0C,off
01/06/2023 20:35:22,Chamber 5,28-041661d198ff,24.625,BLANK,0C,off
01/06/2023 20:35:42,Chamber 5,28-041661d198ff,24.625,BLANK,0C,off
01/06/2023 20:36:02,Chamber 5,28-041661d198ff,24.625,BLANK,0C,off
01/06/2023 20:36:22,Chamber 5,28-041661d198ff,24.625,BLANK,0C,off
01/06/2023 20:36:43,Chamber 5,28-041661d198ff,24.625,BLANK,0C,off
01/06/2023 20:37:02,Chamber 5,28-041661d198ff,24.625,BLANK,0C,off
01/06/2023 20:37:22,Chamber 5,28-041661d198ff,24.625,BLANK,0C,off
01/06/2023 20:37:42,Chamber 5,28-041661d198ff,24.625,BLANK,0C,off
01/06/2023 20:38:02,Chamber 5,28-041661d198ff,24.625,BLANK,0C,off
01/06/2023 20:38:22,Chamber 5,28-041661d198ff,24.625,BLANK,0C,off
01/06/2023 20:38:43,Chamber 5,28-041661d198ff,24.625,BLANK,0C,off
01/06/2023 20:39:03,Chamber 5,28-041661d198ff,24.625,BLANK,0C,off
01/06/2023 20:39:22,Chamber 5,28-041661d198ff,24.625,BLANK,0C,off
01/06/2023 20:39:42,Chamber 5,28-041661d198ff,24.625,BLANK,0C,off
01/06/2023 20:40:02,Chamber 5,28-041661d198ff,24.562,BLANK,0C,off
01/06/2023 20:40:22,Chamber 5,28-041661d198ff,24.562,BLANK,0C,off
01/06/2023 20:40:42,Chamber 5,28-041661d198ff,24.562,BLANK,0C,off
01/06/2023 20:41:02,Chamber 5,28-041661d198ff,24.562,BLANK,0C,off
01/06/2023 20:41:22,Chamber 5,28-041661d198ff,24.562,BLANK,0C,off
01/06/2023 20:41:42,Chamber 5,28-041661d198ff,24.562,BLANK,0C,off
01/06/2023 20:42:02,Chamber 5,28-041661d198ff,24.562,BLANK,0C,off
01/06/2023 20:42:22,Chamber 5,28-041661d198ff,24.562,BLANK,0C,off
01/06/2023 20:42:42,Chamber 5,28-041661d198ff,24.562,BLANK,0C,off
01/06/2023 20:43:02,Chamber 5,28-041661d198ff,24.562,BLANK,0C,off
01/06/2023 20:43:22,Chamber 5,28-041661d198ff,24.562,BLANK,0C,off
01/06/2023 20:43:42,Chamber 5,28-041661d198ff,24.562,BLANK,0C,off
01/06/2023 20:44:02,Chamber 5,28-041661d198ff,24.562,BLANK,0C,off
01/06/2023 20:44:22,Chamber 5,28-041661d198ff,24.562,BLANK,0C,off
01/06/2023 20:44:42,Chamber 5,28-041661d198ff,24.562,BLANK,0C,off
01/06/2023 20:45:02,Chamber 5,28-041661d198ff,24.562,BLANK,0C,off
01/06/2023 20:45:22,Chamber 5,28-041661d198ff,24.562,BLANK,0C,off
01/06/2023 20:45:42,Chamber 5,28-041661d198ff,24.562,BLANK,0C,off
01/06/2023 20:46:02,Chamber 5,28-041661d198ff,24.562,BLANK,0C,off
01/06/2023 20:46:22,Chamber 5,28-041661d198ff,24.562,BLANK,0C,off
01/06/2023 20:46:42,Chamber 5,28-041661d198ff,24.562,BLANK,0C,off
01/06/2023 20:47:02,Chamber 5,28-041661d198ff,24.562,BLANK,0C,off
01/06/2023 20:47:22,Chamber 5,28-041661d198ff,24.562,BLANK,0C,off
01/06/2023 20:47:42,Chamber 5,28-041661d198ff,24.562,BLANK,0C,off
01/06/2023 20:48:02,Chamber 5,28-041661d198ff,24.562,BLANK,0C,off
01/06/2023 20:48:22,Chamber 5,28-041661d198ff,24.562,BLANK,0C,off
01/06/2023 20:48:42,Chamber 5,28-041661d198ff,24.562,BLANK,0C,off
01/06/2023 20:49:02,Chamber 5,28-041661d198ff,24.562,BLANK,0C,off
01/06/2023 20:49:22,Chamber 5,28-041661d198ff,24.562,BLANK,0C,off
01/06/2023 20:49:42,Chamber 5,28-041661d198ff,24.5,BLANK,0C,off
01/06/2023 20:50:02,Chamber 5,28-041661d198ff,24.562,BLANK,0C,off
01/06/2023 20:50:22,Chamber 5,28-041661d198ff,24.562,BLANK,0C,off
01/06/2023 20:50:42,Chamber 5,28-041661d198ff,24.562,BLANK,0C,off
01/06/2023 20:51:02,Chamber 5,28-041661d198ff,24.562,BLANK,0C,off
01/06/2023 20:51:22,Chamber 5,28-041661d198ff,24.5,BLANK,0C,off
01/06/2023 20:51:42,Chamber 5,28-041661d198ff,24.5,BLANK,0C,off
01/06/2023 20:52:02,Chamber 5,28-041661d198ff,24.5,BLANK,0C,off
01/06/2023 20:52:22,Chamber 5,28-041661d198ff,24.5,BLANK,0C,off
01/06/2023 20:52:42,Chamber 5,28-041661d198ff,24.5,BLANK,0C,off
01/06/2023 20:53:02,Chamber 5,28-041661d198ff,24.5,BLANK,0C,off
01/06/2023 20:53:22,Chamber 5,28-041661d198ff,24.562,BLANK,0C,off
01/06/2023 20:53:42,Chamber 5,28-041661d198ff,24.5,BLANK,0C,off
01/06/2023 20:54:02,Chamber 5,28-041661d198ff,24.5,BLANK,0C,off
01/06/2023 20:54:22,Chamber 5,28-041661d198ff,24.5,BLANK,0C,off
01/06/2023 20:54:42,Chamber 5,28-041661d198ff,24.5,BLANK,0C,off
01/06/2023 20:55:02,Chamber 5,28-041661d198ff,24.5,BLANK,0C,off
01/06/2023 20:55:22,Chamber 5,28-041661d198ff,24.5,BLANK,0C,off
01/06/2023 20:55:42,Chamber 5,28-041661d198ff,24.5,BLANK,0C,off
01/06/2023 20:56:02,Chamber 5,28-041661d198ff,24.5,BLANK,0C,off
01/06/2023 20:56:22,Chamber 5,28-041661d198ff,24.5,BLANK,0C,off
01/06/2023 20:56:42,Chamber 5,28-041661d198ff,24.5,BLANK,0C,off
01/06/2023 20:57:02,Chamber 5,28-041661d198ff,24.5,BLANK,0C,off
01/06/2023 20:57:22,Chamber 5,28-041661d198ff,24.5,BLANK,0C,off
01/06/2023 20:57:42,Chamber 5,28-041661d198ff,24.5,BLANK,0C,off
01/06/2023 20:58:02,Chamber 5,28-041661d198ff,24.5,BLANK,0C,off
01/06/2023 20:58:22,Chamber 5,28-041661d198ff,24.5,BLANK,0C,off
01/06/2023 20:58:42,Chamber 5,28-041661d198ff,24.5,BLANK,0C,off
01/06/2023 20:59:02,Chamber 5,28-041661d198ff,24.5,BLANK,0C,off
01/06/2023 20:59:22,Chamber 5,28-041661d198ff,24.5,BLANK,0C,off
01/06/2023 20:59:42,Chamber 5,28-041661d198ff,24.5,BLANK,0C,off
01/06/2023 21:00:02,Chamber 5,28-041661d198ff,24.5,BLANK,0C,off
01/06/2023 21:00:23,Chamber 5,28-041661d198ff,24.5,BLANK,0C,off
01/06/2023 21:00:42,Chamber 5,28-041661d198ff,24.5,BLANK,0C,off
01/06/2023 21:01:02,Chamber 5,28-041661d198ff,24.5,BLANK,0C,off
01/06/2023 21:01:22,Chamber 5,28-041661d198ff,24.5,BLANK,0C,off
01/06/2023 21:01:42,Chamber 5,28-041661d198ff,24.5,BLANK,0C,off
01/06/2023 21:02:02,Chamber 5,28-041661d198ff,24.5,BLANK,0C,off
01/06/2023 21:02:22,Chamber 5,28-041661d198ff,24.5,BLANK,0C,off
01/06/2023 21:02:42,Chamber 5,28-041661d198ff,24.5,BLANK,0C,off
01/06/2023 21:03:02,Chamber 5,28-041661d198ff,24.5,BLANK,0C,off
01/06/2023 21:03:22,Chamber 5,28-041661d198ff,24.5,BLANK,0C,off
01/06/2023 21:03:42,Chamber 5,28-041661d198ff,24.5,BLANK,0C,off
01/06/2023 21:04:02,Chamber 5,28-041661d198ff,24.5,BLANK,0C,off
01/06/2023 21:04:22,Chamber 5,28-041661d198ff,24.5,BLANK,0C,off
01/06/2023 21:04:42,Chamber 5,28-041661d198ff,24.5,BLANK,0C,off
01/06/2023 21:05:02,Chamber 5,28-041661d198ff,24.5,BLANK,0C,off
01/06/2023 21:05:22,Chamber 5,28-041661d198ff,24.5,BLANK,0C,off
01/06/2023 21:05:42,Chamber 5,28-041661d198ff,24.5,BLANK,0C,off
01/06/2023 21:06:02,Chamber 5,28-041661d198ff,24.5,BLANK,0C,off
01/06/2023 21:06:22,Chamber 5,28-041661d198ff,24.5,BLANK,0C,off
01/06/2023 21:06:42,Chamber 5,28-041661d198ff,24.5,BLANK,0C,off
01/06/2023 21:07:02,Chamber 5,28-041661d198ff,24.5,BLANK,0C,off
01/06/2023 21:07:22,Chamber 5,28-041661d198ff,24.5,BLANK,0C,off
01/06/2023 21:07:42,Chamber 5,28-041661d198ff,24.5,BLANK,0C,off
01/06/2023 21:08:02,Chamber 5,28-041661d198ff,24.437,BLANK,0C,off
01/06/2023 21:08:22,Chamber 5,28-041661d198ff,24.437,BLANK,0C,off
01/06/2023 21:08:42,Chamber 5,28-041661d198ff,24.5,BLANK,0C,off
01/06/2023 21:09:02,Chamber 5,28-041661d198ff,24.437,BLANK,0C,off
01/06/2023 21:09:22,Chamber 5,28-041661d198ff,24.437,BLANK,0C,off
01/06/2023 21:09:42,Chamber 5,28-041661d198ff,24.437,BLANK,0C,off
01/06/2023 21:10:02,Chamber 5,28-041661d198ff,24.437,BLANK,0C,off
01/06/2023 21:10:22,Chamber 5,28-041661d198ff,24.437,BLANK,0C,off
01/06/2023 21:10:45,Chamber 5,28-041661d198ff,24.437,BLANK,0C,off
01/06/2023 21:11:02,Chamber 5,28-041661d198ff,24.437,BLANK,0C,off
01/06/2023 21:11:22,Chamber 5,28-041661d198ff,24.437,BLANK,0C,off
01/06/2023 21:11:42,Chamber 5,28-041661d198ff,24.437,BLANK,0C,off
01/06/2023 21:12:02,Chamber 5,28-041661d198ff,24.437,BLANK,0C,off
01/06/2023 21:12:22,Chamber 5,28-041661d198ff,24.437,BLANK,0C,off
01/06/2023 21:12:42,Chamber 5,28-041661d198ff,24.437,BLANK,0C,off
01/06/2023 21:13:02,Chamber 5,28-041661d198ff,24.437,BLANK,0C,off
01/06/2023 21:13:23,Chamber 5,28-041661d198ff,24.437,BLANK,0C,off
01/06/2023 21:13:42,Chamber 5,28-041661d198ff,24.437,BLANK,0C,off
01/06/2023 21:14:02,Chamber 5,28-041661d198ff,24.437,BLANK,0C,off
01/06/2023 21:14:22,Chamber 5,28-041661d198ff,24.437,BLANK,0C,off
01/06/2023 21:14:42,Chamber 5,28-041661d198ff,24.437,BLANK,0C,off
01/06/2023 21:15:02,Chamber 5,28-041661d198ff,24.437,BLANK,0C,off
01/06/2023 21:15:23,Chamber 5,28-041661d198ff,24.437,BLANK,0C,off
01/06/2023 21:15:42,Chamber 5,28-041661d198ff,24.437,BLANK,0C,off
01/06/2023 21:16:02,Chamber 5,28-041661d198ff,24.437,BLANK,0C,off
01/06/2023 21:16:22,Chamber 5,28-041661d198ff,24.437,BLANK,0C,off
01/06/2023 21:16:42,Chamber 5,28-041661d198ff,24.437,BLANK,0C,off
01/06/2023 21:17:02,Chamber 5,28-041661d198ff,24.437,BLANK,0C,off
01/06/2023 21:17:22,Chamber 5,28-041661d198ff,24.437,BLANK,0C,off
01/06/2023 21:17:42,Chamber 5,28-041661d198ff,24.437,BLANK,0C,off
01/06/2023 21:18:02,Chamber 5,28-041661d198ff,24.437,BLANK,0C,off
01/06/2023 21:18:22,Chamber 5,28-041661d198ff,24.437,BLANK,0C,off
01/06/2023 21:18:42,Chamber 5,28-041661d198ff,24.437,BLANK,0C,off
01/06/2023 21:19:02,Chamber 5,28-041661d198ff,24.437,BLANK,0C,off
01/06/2023 21:19:22,Chamber 5,28-041661d198ff,24.375,BLANK,0C,off
01/06/2023 21:19:42,Chamber 5,28-041661d198ff,24.437,BLANK,0C,off
01/06/2023 21:20:02,Chamber 5,28-041661d198ff,24.437,BLANK,0C,off
01/06/2023 21:20:22,Chamber 5,28-041661d198ff,24.437,BLANK,0C,off
01/06/2023 21:20:42,Chamber 5,28-041661d198ff,24.437,BLANK,0C,off
01/06/2023 21:21:02,Chamber 5,28-041661d198ff,24.437,BLANK,0C,off
01/06/2023 21:21:23,Chamber 5,28-041661d198ff,24.437,BLANK,0C,off
01/06/2023 21:21:44,Chamber 5,28-041661d198ff,24.437,BLANK,0C,off
01/06/2023 21:22:02,Chamber 5,28-041661d198ff,24.437,BLANK,0C,off
01/06/2023 21:22:22,Chamber 5,28-041661d198ff,24.437,BLANK,0C,off
01/06/2023 21:22:42,Chamber 5,28-041661d198ff,24.437,BLANK,0C,off
01/06/2023 21:23:02,Chamber 5,28-041661d198ff,24.437,BLANK,0C,off
01/06/2023 21:23:22,Chamber 5,28-041661d198ff,24.437,BLANK,0C,off
01/06/2023 21:23:42,Chamber 5,28-041661d198ff,24.375,BLANK,0C,off
01/06/2023 21:24:02,Chamber 5,28-041661d198ff,24.375,BLANK,0C,off
01/06/2023 21:24:22,Chamber 5,28-041661d198ff,24.437,BLANK,0C,off
01/06/2023 21:24:42,Chamber 5,28-041661d198ff,24.375,BLANK,0C,off
01/06/2023 21:25:02,Chamber 5,28-041661d198ff,24.375,BLANK,0C,off
01/06/2023 21:25:22,Chamber 5,28-041661d198ff,24.375,BLANK,0C,off
01/06/2023 21:25:42,Chamber 5,28-041661d198ff,24.375,BLANK,0C,off
01/06/2023 21:26:02,Chamber 5,28-041661d198ff,24.375,BLANK,0C,off
01/06/2023 21:26:22,Chamber 5,28-041661d198ff,24.375,BLANK,0C,off
01/06/2023 21:26:42,Chamber 5,28-041661d198ff,24.375,BLANK,0C,off
01/06/2023 21:27:02,Chamber 5,28-041661d198ff,24.375,BLANK,0C,off
01/06/2023 21:27:22,Chamber 5,28-041661d198ff,24.375,BLANK,0C,off
01/06/2023 21:27:42,Chamber 5,28-041661d198ff,24.375,BLANK,0C,off
01/06/2023 21:28:02,Chamber 5,28-041661d198ff,24.375,BLANK,0C,off
01/06/2023 21:28:22,Chamber 5,28-041661d198ff,24.375,BLANK,0C,off
01/06/2023 21:28:42,Chamber 5,28-041661d198ff,24.375,BLANK,0C,off
01/06/2023 21:29:02,Chamber 5,28-041661d198ff,24.375,BLANK,0C,off
01/06/2023 21:29:22,Chamber 5,28-041661d198ff,24.375,BLANK,0C,off
01/06/2023 21:29:42,Chamber 5,28-041661d198ff,24.375,BLANK,0C,off
01/06/2023 21:30:02,Chamber 5,28-041661d198ff,24.375,BLANK,0C,off
01/06/2023 21:30:22,Chamber 5,28-041661d198ff,24.375,BLANK,0C,off
01/06/2023 21:30:42,Chamber 5,28-041661d198ff,24.375,BLANK,0C,off
01/06/2023 21:31:02,Chamber 5,28-041661d198ff,24.375,BLANK,0C,off
01/06/2023 21:31:22,Chamber 5,28-041661d198ff,24.375,BLANK,0C,off
01/06/2023 21:31:42,Chamber 5,28-041661d198ff,24.375,BLANK,0C,off
01/06/2023 21:32:02,Chamber 5,28-041661d198ff,24.375,BLANK,0C,off
01/06/2023 21:32:22,Chamber 5,28-041661d198ff,24.375,BLANK,0C,off
01/06/2023 21:32:42,Chamber 5,28-041661d198ff,24.375,BLANK,0C,off
01/06/2023 21:33:02,Chamber 5,28-041661d198ff,24.375,BLANK,0C,off
01/06/2023 21:33:22,Chamber 5,28-041661d198ff,24.375,BLANK,0C,off
01/06/2023 21:33:42,Chamber 5,28-041661d198ff,24.375,BLANK,0C,off
01/06/2023 21:34:02,Chamber 5,28-041661d198ff,24.375,BLANK,0C,off
01/06/2023 21:34:22,Chamber 5,28-041661d198ff,24.375,BLANK,0C,off
01/06/2023 21:34:42,Chamber 5,28-041661d198ff,24.375,BLANK,0C,off
01/06/2023 21:35:02,Chamber 5,28-041661d198ff,24.375,BLANK,0C,off
01/06/2023 21:35:22,Chamber 5,28-041661d198ff,24.375,BLANK,0C,off
01/06/2023 21:35:42,Chamber 5,28-041661d198ff,24.375,BLANK,0C,off
01/06/2023 21:36:02,Chamber 5,28-041661d198ff,24.375,BLANK,0C,off
01/06/2023 21:36:22,Chamber 5,28-041661d198ff,24.375,BLANK,0C,off
01/06/2023 21:36:42,Chamber 5,28-041661d198ff,24.375,BLANK,0C,off
01/06/2023 21:37:02,Chamber 5,28-041661d198ff,24.375,BLANK,0C,off
01/06/2023 21:37:22,Chamber 5,28-041661d198ff,24.375,BLANK,0C,off
01/06/2023 21:37:42,Chamber 5,28-041661d198ff,24.375,BLANK,0C,off
01/06/2023 21:38:02,Chamber 5,28-041661d198ff,24.375,BLANK,0C,off
01/06/2023 21:38:22,Chamber 5,28-041661d198ff,24.375,BLANK,0C,off
01/06/2023 21:38:42,Chamber 5,28-041661d198ff,24.375,BLANK,0C,off
01/06/2023 21:39:02,Chamber 5,28-041661d198ff,24.375,BLANK,0C,off
01/06/2023 21:39:22,Chamber 5,28-041661d198ff,24.375,BLANK,0C,off
01/06/2023 21:39:42,Chamber 5,28-041661d198ff,24.375,BLANK,0C,off
01/06/2023 21:40:02,Chamber 5,28-041661d198ff,24.375,BLANK,0C,off
01/06/2023 21:40:22,Chamber 5,28-041661d198ff,24.375,BLANK,0C,off
01/06/2023 21:40:42,Chamber 5,28-041661d198ff,24.375,BLANK,0C,off
01/06/2023 21:41:02,Chamber 5,28-041661d198ff,24.375,BLANK,0C,off
01/06/2023 21:41:22,Chamber 5,28-041661d198ff,24.375,BLANK,0C,off
01/06/2023 21:41:42,Chamber 5,28-041661d198ff,24.375,BLANK,0C,off
01/06/2023 21:42:02,Chamber 5,28-041661d198ff,24.312,BLANK,0C,off
01/06/2023 21:42:22,Chamber 5,28-041661d198ff,24.375,BLANK,0C,off
01/06/2023 21:42:42,Chamber 5,28-041661d198ff,24.375,BLANK,0C,off
01/06/2023 21:43:02,Chamber 5,28-041661d198ff,24.312,BLANK,0C,off
01/06/2023 21:43:22,Chamber 5,28-041661d198ff,24.312,BLANK,0C,off
01/06/2023 21:43:42,Chamber 5,28-041661d198ff,24.312,BLANK,0C,off
01/06/2023 21:44:02,Chamber 5,28-041661d198ff,24.312,BLANK,0C,off
01/06/2023 21:44:22,Chamber 5,28-041661d198ff,24.312,BLANK,0C,off
01/06/2023 21:44:42,Chamber 5,28-041661d198ff,24.312,BLANK,0C,off
01/06/2023 21:45:02,Chamber 5,28-041661d198ff,24.312,BLANK,0C,off
01/06/2023 21:45:22,Chamber 5,28-041661d198ff,24.312,BLANK,0C,off
01/06/2023 21:45:42,Chamber 5,28-041661d198ff,24.312,BLANK,0C,off
01/06/2023 21:46:02,Chamber 5,28-041661d198ff,24.312,BLANK,0C,off
01/06/2023 21:46:22,Chamber 5,28-041661d198ff,24.312,BLANK,0C,off
01/06/2023 21:46:42,Chamber 5,28-041661d198ff,24.312,BLANK,0C,off
01/06/2023 21:47:02,Chamber 5,28-041661d198ff,24.312,BLANK,0C,off
01/06/2023 21:47:22,Chamber 5,28-041661d198ff,24.312,BLANK,0C,off
01/06/2023 21:47:42,Chamber 5,28-041661d198ff,24.312,BLANK,0C,off
01/06/2023 21:48:02,Chamber 5,28-041661d198ff,24.312,BLANK,0C,off
01/06/2023 21:48:22,Chamber 5,28-041661d198ff,24.312,BLANK,0C,off
01/06/2023 21:48:42,Chamber 5,28-041661d198ff,24.312,BLANK,0C,off
01/06/2023 21:49:02,Chamber 5,28-041661d198ff,24.312,BLANK,0C,off
01/06/2023 21:49:22,Chamber 5,28-041661d198ff,24.312,BLANK,0C,off
01/06/2023 21:49:42,Chamber 5,28-041661d198ff,24.312,BLANK,0C,off
01/06/2023 21:50:02,Chamber 5,28-041661d198ff,24.312,BLANK,0C,off
01/06/2023 21:50:22,Chamber 5,28-041661d198ff,24.312,BLANK,0C,off
01/06/2023 21:50:42,Chamber 5,28-041661d198ff,24.312,BLANK,0C,off
01/06/2023 21:51:02,Chamber 5,28-041661d198ff,24.312,BLANK,0C,off
01/06/2023 21:51:22,Chamber 5,28-041661d198ff,24.312,BLANK,0C,off
01/06/2023 21:51:42,Chamber 5,28-041661d198ff,24.312,BLANK,0C,off
01/06/2023 21:52:02,Chamber 5,28-041661d198ff,24.312,BLANK,0C,off
01/06/2023 21:52:22,Chamber 5,28-041661d198ff,24.312,BLANK,0C,off
01/06/2023 21:52:42,Chamber 5,28-041661d198ff,24.312,BLANK,0C,off
01/06/2023 21:53:02,Chamber 5,28-041661d198ff,24.312,BLANK,0C,off
01/06/2023 21:53:22,Chamber 5,28-041661d198ff,24.312,BLANK,0C,off
01/06/2023 21:53:42,Chamber 5,28-041661d198ff,24.312,BLANK,0C,off
01/06/2023 21:54:02,Chamber 5,28-041661d198ff,24.312,BLANK,0C,off
01/06/2023 21:54:22,Chamber 5,28-041661d198ff,24.312,BLANK,0C,off
01/06/2023 21:54:42,Chamber 5,28-041661d198ff,24.312,BLANK,0C,off
01/06/2023 21:55:02,Chamber 5,28-041661d198ff,24.312,BLANK,0C,off
01/06/2023 21:55:22,Chamber 5,28-041661d198ff,24.312,BLANK,0C,off
01/06/2023 21:55:42,Chamber 5,28-041661d198ff,24.312,BLANK,0C,off
01/06/2023 21:56:02,Chamber 5,28-041661d198ff,24.312,BLANK,0C,off
01/06/2023 21:56:22,Chamber 5,28-041661d198ff,24.312,BLANK,0C,off
01/06/2023 21:56:42,Chamber 5,28-041661d198ff,24.312,BLANK,0C,off
01/06/2023 21:57:02,Chamber 5,28-041661d198ff,24.312,BLANK,0C,off
01/06/2023 21:57:22,Chamber 5,28-041661d198ff,24.312,BLANK,0C,off
01/06/2023 21:57:42,Chamber 5,28-041661d198ff,24.312,BLANK,0C,off
01/06/2023 21:58:02,Chamber 5,28-041661d198ff,24.312,BLANK,0C,off
01/06/2023 21:58:22,Chamber 5,28-041661d198ff,24.312,BLANK,0C,off
01/06/2023 21:58:42,Chamber 5,28-041661d198ff,24.312,BLANK,0C,off
01/06/2023 21:59:02,Chamber 5,28-041661d198ff,24.312,BLANK,0C,off
01/06/2023 21:59:22,Chamber 5,28-041661d198ff,24.312,BLANK,0C,off
01/06/2023 21:59:42,Chamber 5,28-041661d198ff,24.312,BLANK,0C,off
01/06/2023 22:00:02,Chamber 5,28-041661d198ff,24.312,BLANK,0C,off
01/06/2023 22:00:22,Chamber 5,28-041661d198ff,24.312,BLANK,0C,off
01/06/2023 22:00:42,Chamber 5,28-041661d198ff,24.312,BLANK,0C,off
01/06/2023 22:01:02,Chamber 5,28-041661d198ff,24.312,BLANK,0C,off
01/06/2023 22:01:22,Chamber 5,28-041661d198ff,24.312,BLANK,0C,off
01/06/2023 22:01:42,Chamber 5,28-041661d198ff,24.312,BLANK,0C,off
01/06/2023 22:02:02,Chamber 5,28-041661d198ff,24.312,BLANK,0C,off
01/06/2023 22:02:22,Chamber 5,28-041661d198ff,24.312,BLANK,0C,off
01/06/2023 22:02:42,Chamber 5,28-041661d198ff,24.312,BLANK,0C,off
01/06/2023 22:03:02,Chamber 5,28-041661d198ff,24.25,BLANK,0C,off
01/06/2023 22:03:22,Chamber 5,28-041661d198ff,24.312,BLANK,0C,off
01/06/2023 22:03:42,Chamber 5,28-041661d198ff,24.312,BLANK,0C,off
01/06/2023 22:04:02,Chamber 5,28-041661d198ff,24.25,BLANK,0C,off
01/06/2023 22:04:22,Chamber 5,28-041661d198ff,24.312,BLANK,0C,off
01/06/2023 22:04:42,Chamber 5,28-041661d198ff,24.312,BLANK,0C,off
01/06/2023 22:05:02,Chamber 5,28-041661d198ff,24.25,BLANK,0C,off
01/06/2023 22:05:22,Chamber 5,28-041661d198ff,24.312,BLANK,0C,off
01/06/2023 22:05:42,Chamber 5,28-041661d198ff,24.25,BLANK,0C,off
01/06/2023 22:06:02,Chamber 5,28-041661d198ff,24.312,BLANK,0C,off
01/06/2023 22:06:22,Chamber 5,28-041661d198ff,24.25,BLANK,0C,off
01/06/2023 22:06:42,Chamber 5,28-041661d198ff,24.312,BLANK,0C,off
01/06/2023 22:07:02,Chamber 5,28-041661d198ff,24.312,BLANK,0C,off
01/06/2023 22:07:22,Chamber 5,28-041661d198ff,24.312,BLANK,0C,off
01/06/2023 22:07:42,Chamber 5,28-041661d198ff,24.25,BLANK,0C,off
01/06/2023 22:08:02,Chamber 5,28-041661d198ff,24.312,BLANK,0C,off
01/06/2023 22:08:22,Chamber 5,28-041661d198ff,24.25,BLANK,0C,off
01/06/2023 22:08:42,Chamber 5,28-041661d198ff,24.25,BLANK,0C,off
01/06/2023 22:09:02,Chamber 5,28-041661d198ff,24.25,BLANK,0C,off
01/06/2023 22:09:22,Chamber 5,28-041661d198ff,24.25,BLANK,0C,off
01/06/2023 22:09:42,Chamber 5,28-041661d198ff,24.25,BLANK,0C,off
01/06/2023 22:10:02,Chamber 5,28-041661d198ff,24.25,BLANK,0C,off
01/06/2023 22:10:22,Chamber 5,28-041661d198ff,24.25,BLANK,0C,off
01/06/2023 22:10:42,Chamber 5,28-041661d198ff,24.25,BLANK,0C,off
01/06/2023 22:11:02,Chamber 5,28-041661d198ff,24.25,BLANK,0C,off
01/06/2023 22:11:22,Chamber 5,28-041661d198ff,24.25,BLANK,0C,off
01/06/2023 22:11:42,Chamber 5,28-041661d198ff,24.25,BLANK,0C,off
01/06/2023 22:12:02,Chamber 5,28-041661d198ff,24.25,BLANK,0C,off
01/06/2023 22:12:22,Chamber 5,28-041661d198ff,24.25,BLANK,0C,off
01/06/2023 22:12:42,Chamber 5,28-041661d198ff,24.25,BLANK,0C,off
01/06/2023 22:13:02,Chamber 5,28-041661d198ff,24.25,BLANK,0C,off
01/06/2023 22:13:22,Chamber 5,28-041661d198ff,24.25,BLANK,0C,off
01/06/2023 22:13:42,Chamber 5,28-041661d198ff,24.25,BLANK,0C,off
01/06/2023 22:14:02,Chamber 5,28-041661d198ff,24.25,BLANK,0C,off
01/06/2023 22:14:22,Chamber 5,28-041661d198ff,24.25,BLANK,0C,off
01/06/2023 22:14:42,Chamber 5,28-041661d198ff,24.25,BLANK,0C,off
01/06/2023 22:15:02,Chamber 5,28-041661d198ff,24.25,BLANK,0C,off
01/06/2023 22:15:22,Chamber 5,28-041661d198ff,24.25,BLANK,0C,off
01/06/2023 22:15:42,Chamber 5,28-041661d198ff,24.25,BLANK,0C,off
01/06/2023 22:16:02,Chamber 5,28-041661d198ff,24.25,BLANK,0C,off
01/06/2023 22:16:22,Chamber 5,28-041661d198ff,24.25,BLANK,0C,off
01/06/2023 22:16:42,Chamber 5,28-041661d198ff,24.25,BLANK,0C,off
01/06/2023 22:17:02,Chamber 5,28-041661d198ff,24.25,BLANK,0C,off
01/06/2023 22:17:22,Chamber 5,28-041661d198ff,24.25,BLANK,0C,off
01/06/2023 22:17:42,Chamber 5,28-041661d198ff,24.25,BLANK,0C,off
01/06/2023 22:18:02,Chamber 5,28-041661d198ff,24.25,BLANK,0C,off
01/06/2023 22:18:22,Chamber 5,28-041661d198ff,24.25,BLANK,0C,off
01/06/2023 22:18:42,Chamber 5,28-041661d198ff,24.25,BLANK,0C,off
01/06/2023 22:19:02,Chamber 5,28-041661d198ff,24.25,BLANK,0C,off
01/06/2023 22:19:22,Chamber 5,28-041661d198ff,24.25,BLANK,0C,off
01/06/2023 22:19:42,Chamber 5,28-041661d198ff,24.25,BLANK,0C,off
01/06/2023 22:20:02,Chamber 5,28-041661d198ff,24.25,BLANK,0C,off
01/06/2023 22:20:22,Chamber 5,28-041661d198ff,24.25,BLANK,0C,off
01/06/2023 22:20:42,Chamber 5,28-041661d198ff,24.25,BLANK,0C,off
01/06/2023 22:21:02,Chamber 5,28-041661d198ff,24.25,BLANK,0C,off
01/06/2023 22:21:22,Chamber 5,28-041661d198ff,24.25,BLANK,0C,off
01/06/2023 22:21:42,Chamber 5,28-041661d198ff,24.25,BLANK,0C,off
01/06/2023 22:22:02,Chamber 5,28-041661d198ff,24.25,BLANK,0C,off
01/06/2023 22:22:22,Chamber 5,28-041661d198ff,24.25,BLANK,0C,off
01/06/2023 22:22:42,Chamber 5,28-041661d198ff,24.25,BLANK,0C,off
01/06/2023 22:23:02,Chamber 5,28-041661d198ff,24.25,BLANK,0C,off
01/06/2023 22:23:22,Chamber 5,28-041661d198ff,24.25,BLANK,0C,off
01/06/2023 22:23:42,Chamber 5,28-041661d198ff,24.25,BLANK,0C,off
01/06/2023 22:24:02,Chamber 5,28-041661d198ff,24.25,BLANK,0C,off
01/06/2023 22:24:22,Chamber 5,28-041661d198ff,24.25,BLANK,0C,off
01/06/2023 22:24:42,Chamber 5,28-041661d198ff,24.25,BLANK,0C,off
01/06/2023 22:25:02,Chamber 5,28-041661d198ff,24.25,BLANK,0C,off
01/06/2023 22:25:22,Chamber 5,28-041661d198ff,24.25,BLANK,0C,off
01/06/2023 22:25:42,Chamber 5,28-041661d198ff,24.25,BLANK,0C,off
01/06/2023 22:26:02,Chamber 5,28-041661d198ff,24.25,BLANK,0C,off
01/06/2023 22:26:22,Chamber 5,28-041661d198ff,24.25,BLANK,0C,off
01/06/2023 22:26:42,Chamber 5,28-041661d198ff,24.25,BLANK,0C,off
01/06/2023 22:27:02,Chamber 5,28-041661d198ff,24.25,BLANK,0C,off
01/06/2023 22:27:22,Chamber 5,28-041661d198ff,24.25,BLANK,0C,off
01/06/2023 22:27:42,Chamber 5,28-041661d198ff,24.25,BLANK,0C,off
01/06/2023 22:28:03,Chamber 5,28-041661d198ff,24.25,BLANK,0C,off
01/06/2023 22:28:22,Chamber 5,28-041661d198ff,24.25,BLANK,0C,off
01/06/2023 22:28:42,Chamber 5,28-041661d198ff,24.25,BLANK,0C,off
01/06/2023 22:29:04,Chamber 5,28-041661d198ff,24.25,BLANK,0C,off
01/06/2023 22:29:22,Chamber 5,28-041661d198ff,24.187,BLANK,0C,off
01/06/2023 22:29:42,Chamber 5,28-041661d198ff,24.187,BLANK,0C,off
01/06/2023 22:30:02,Chamber 5,28-041661d198ff,24.25,BLANK,0C,off
01/06/2023 22:30:22,Chamber 5,28-041661d198ff,24.187,BLANK,0C,off
01/06/2023 22:30:42,Chamber 5,28-041661d198ff,24.187,BLANK,0C,off
01/06/2023 22:31:02,Chamber 5,28-041661d198ff,24.187,BLANK,0C,off
01/06/2023 22:31:22,Chamber 5,28-041661d198ff,24.187,BLANK,0C,off
01/06/2023 22:31:42,Chamber 5,28-041661d198ff,24.187,BLANK,0C,off
01/06/2023 22:32:02,Chamber 5,28-041661d198ff,24.187,BLANK,0C,off
01/06/2023 22:32:22,Chamber 5,28-041661d198ff,24.187,BLANK,0C,off
01/06/2023 22:32:42,Chamber 5,28-041661d198ff,24.187,BLANK,0C,off
01/06/2023 22:33:02,Chamber 5,28-041661d198ff,24.187,BLANK,0C,off
01/06/2023 22:33:22,Chamber 5,28-041661d198ff,24.187,BLANK,0C,off
01/06/2023 22:33:42,Chamber 5,28-041661d198ff,24.187,BLANK,0C,off
01/06/2023 22:34:02,Chamber 5,28-041661d198ff,24.187,BLANK,0C,off
01/06/2023 22:34:22,Chamber 5,28-041661d198ff,24.187,BLANK,0C,off
01/06/2023 22:34:42,Chamber 5,28-041661d198ff,24.187,BLANK,0C,off
01/06/2023 22:35:02,Chamber 5,28-041661d198ff,24.187,BLANK,0C,off
01/06/2023 22:35:22,Chamber 5,28-041661d198ff,24.187,BLANK,0C,off
01/06/2023 22:35:42,Chamber 5,28-041661d198ff,24.187,BLANK,0C,off
01/06/2023 22:36:02,Chamber 5,28-041661d198ff,24.187,BLANK,0C,off
01/06/2023 22:36:22,Chamber 5,28-041661d198ff,24.187,BLANK,0C,off
01/06/2023 22:36:42,Chamber 5,28-041661d198ff,24.187,BLANK,0C,off
01/06/2023 22:37:02,Chamber 5,28-041661d198ff,24.187,BLANK,0C,off
01/06/2023 22:37:22,Chamber 5,28-041661d198ff,24.187,BLANK,0C,off
01/06/2023 22:37:42,Chamber 5,28-041661d198ff,24.187,BLANK,0C,off
01/06/2023 22:38:02,Chamber 5,28-041661d198ff,24.187,BLANK,0C,off
01/06/2023 22:38:22,Chamber 5,28-041661d198ff,24.187,BLANK,0C,off
01/06/2023 22:38:42,Chamber 5,28-041661d198ff,24.187,BLANK,0C,off
01/06/2023 22:39:02,Chamber 5,28-041661d198ff,24.187,BLANK,0C,off
01/06/2023 22:39:22,Chamber 5,28-041661d198ff,24.187,BLANK,0C,off
01/06/2023 22:39:42,Chamber 5,28-041661d198ff,24.187,BLANK,0C,off
01/06/2023 22:40:02,Chamber 5,28-041661d198ff,24.187,BLANK,0C,off
01/06/2023 22:40:22,Chamber 5,28-041661d198ff,24.187,BLANK,0C,off
01/06/2023 22:40:42,Chamber 5,28-041661d198ff,24.187,BLANK,0C,off
01/06/2023 22:41:02,Chamber 5,28-041661d198ff,24.187,BLANK,0C,off
01/06/2023 22:41:22,Chamber 5,28-041661d198ff,24.187,BLANK,0C,off
01/06/2023 22:41:42,Chamber 5,28-041661d198ff,24.187,BLANK,0C,off
01/06/2023 22:42:02,Chamber 5,28-041661d198ff,24.187,BLANK,0C,off
01/06/2023 22:42:22,Chamber 5,28-041661d198ff,24.187,BLANK,0C,off
01/06/2023 22:42:42,Chamber 5,28-041661d198ff,24.187,BLANK,0C,off
01/06/2023 22:43:02,Chamber 5,28-041661d198ff,24.187,BLANK,0C,off
01/06/2023 22:43:22,Chamber 5,28-041661d198ff,24.187,BLANK,0C,off
01/06/2023 22:43:42,Chamber 5,28-041661d198ff,24.187,BLANK,0C,off
01/06/2023 22:44:02,Chamber 5,28-041661d198ff,24.187,BLANK,0C,off
01/06/2023 22:44:22,Chamber 5,28-041661d198ff,24.187,BLANK,0C,off
01/06/2023 22:44:42,Chamber 5,28-041661d198ff,24.187,BLANK,0C,off
01/06/2023 22:45:02,Chamber 5,28-041661d198ff,24.187,BLANK,0C,off
01/06/2023 22:45:22,Chamber 5,28-041661d198ff,24.187,BLANK,0C,off
01/06/2023 22:45:42,Chamber 5,28-041661d198ff,24.187,BLANK,0C,off
01/06/2023 22:46:02,Chamber 5,28-041661d198ff,24.187,BLANK,0C,off
01/06/2023 22:46:22,Chamber 5,28-041661d198ff,24.187,BLANK,0C,off
01/06/2023 22:46:42,Chamber 5,28-041661d198ff,24.187,BLANK,0C,off
01/06/2023 22:47:02,Chamber 5,28-041661d198ff,24.187,BLANK,0C,off
01/06/2023 22:47:22,Chamber 5,28-041661d198ff,24.187,BLANK,0C,off
01/06/2023 22:47:42,Chamber 5,28-041661d198ff,24.187,BLANK,0C,off
01/06/2023 22:48:02,Chamber 5,28-041661d198ff,24.187,BLANK,0C,off
01/06/2023 22:48:22,Chamber 5,28-041661d198ff,24.187,BLANK,0C,off
01/06/2023 22:48:42,Chamber 5,28-041661d198ff,24.187,BLANK,0C,off
01/06/2023 22:49:02,Chamber 5,28-041661d198ff,24.187,BLANK,0C,off
01/06/2023 22:49:23,Chamber 5,28-041661d198ff,24.187,BLANK,0C,off
01/06/2023 22:49:42,Chamber 5,28-041661d198ff,24.187,BLANK,0C,off
01/06/2023 22:50:02,Chamber 5,28-041661d198ff,24.187,BLANK,0C,off
01/06/2023 22:50:22,Chamber 5,28-041661d198ff,24.125,BLANK,0C,off
01/06/2023 22:50:42,Chamber 5,28-041661d198ff,24.187,BLANK,0C,off
01/06/2023 22:51:02,Chamber 5,28-041661d198ff,24.125,BLANK,0C,off
01/06/2023 22:51:22,Chamber 5,28-041661d198ff,24.125,BLANK,0C,off
01/06/2023 22:51:42,Chamber 5,28-041661d198ff,24.125,BLANK,0C,off
01/06/2023 22:52:02,Chamber 5,28-041661d198ff,24.187,BLANK,0C,off
01/06/2023 22:52:22,Chamber 5,28-041661d198ff,24.125,BLANK,0C,off
01/06/2023 22:52:42,Chamber 5,28-041661d198ff,24.125,BLANK,0C,off
01/06/2023 22:53:02,Chamber 5,28-041661d198ff,24.125,BLANK,0C,off
01/06/2023 22:53:22,Chamber 5,28-041661d198ff,24.125,BLANK,0C,off
01/06/2023 22:53:42,Chamber 5,28-041661d198ff,24.125,BLANK,0C,off
01/06/2023 22:54:02,Chamber 5,28-041661d198ff,24.125,BLANK,0C,off
01/06/2023 22:54:22,Chamber 5,28-041661d198ff,24.125,BLANK,0C,off
01/06/2023 22:54:42,Chamber 5,28-041661d198ff,24.125,BLANK,0C,off
01/06/2023 22:55:02,Chamber 5,28-041661d198ff,24.125,BLANK,0C,off
01/06/2023 22:55:22,Chamber 5,28-041661d198ff,24.125,BLANK,0C,off
01/06/2023 22:55:42,Chamber 5,28-041661d198ff,24.125,BLANK,0C,off
01/06/2023 22:56:02,Chamber 5,28-041661d198ff,24.125,BLANK,0C,off
01/06/2023 22:56:22,Chamber 5,28-041661d198ff,24.125,BLANK,0C,off
01/06/2023 22:56:42,Chamber 5,28-041661d198ff,24.125,BLANK,0C,off
01/06/2023 22:57:02,Chamber 5,28-041661d198ff,24.125,BLANK,0C,off
01/06/2023 22:57:22,Chamber 5,28-041661d198ff,24.125,BLANK,0C,off
01/06/2023 22:57:42,Chamber 5,28-041661d198ff,24.125,BLANK,0C,off
01/06/2023 22:58:02,Chamber 5,28-041661d198ff,24.125,BLANK,0C,off
01/06/2023 22:58:22,Chamber 5,28-041661d198ff,24.125,BLANK,0C,off
01/06/2023 22:58:42,Chamber 5,28-041661d198ff,24.125,BLANK,0C,off
01/06/2023 22:59:02,Chamber 5,28-041661d198ff,24.125,BLANK,0C,off
01/06/2023 22:59:22,Chamber 5,28-041661d198ff,24.125,BLANK,0C,off
01/06/2023 22:59:42,Chamber 5,28-041661d198ff,24.125,BLANK,0C,off
01/06/2023 23:00:03,Chamber 5,28-041661d198ff,24.125,BLANK,0C,off
01/06/2023 23:00:23,Chamber 5,28-041661d198ff,24.125,BLANK,0C,off
01/06/2023 23:00:43,Chamber 5,28-041661d198ff,24.125,BLANK,0C,off
01/06/2023 23:01:03,Chamber 5,28-041661d198ff,24.125,BLANK,0C,off
01/06/2023 23:01:23,Chamber 5,28-041661d198ff,24.125,BLANK,0C,off
01/06/2023 23:01:43,Chamber 5,28-041661d198ff,24.125,BLANK,0C,off
01/06/2023 23:02:03,Chamber 5,28-041661d198ff,24.125,BLANK,0C,off
01/06/2023 23:02:23,Chamber 5,28-041661d198ff,24.125,BLANK,0C,off
01/06/2023 23:02:43,Chamber 5,28-041661d198ff,24.125,BLANK,0C,off
01/06/2023 23:03:03,Chamber 5,28-041661d198ff,24.125,BLANK,0C,off
01/06/2023 23:03:23,Chamber 5,28-041661d198ff,24.125,BLANK,0C,off
01/06/2023 23:03:43,Chamber 5,28-041661d198ff,24.125,BLANK,0C,off
01/06/2023 23:04:03,Chamber 5,28-041661d198ff,24.125,BLANK,0C,off
01/06/2023 23:04:23,Chamber 5,28-041661d198ff,24.125,BLANK,0C,off
01/06/2023 23:04:44,Chamber 5,28-041661d198ff,24.125,BLANK,0C,off
01/06/2023 23:05:03,Chamber 5,28-041661d198ff,24.125,BLANK,0C,off
01/06/2023 23:05:23,Chamber 5,28-041661d198ff,24.125,BLANK,0C,off
01/06/2023 23:05:43,Chamber 5,28-041661d198ff,24.125,BLANK,0C,off
01/06/2023 23:06:03,Chamber 5,28-041661d198ff,24.125,BLANK,0C,off
01/06/2023 23:06:23,Chamber 5,28-041661d198ff,24.125,BLANK,0C,off
01/06/2023 23:06:43,Chamber 5,28-041661d198ff,24.125,BLANK,0C,off
01/06/2023 23:07:03,Chamber 5,28-041661d198ff,24.125,BLANK,0C,off
01/06/2023 23:07:23,Chamber 5,28-041661d198ff,24.125,BLANK,0C,off
01/06/2023 23:07:43,Chamber 5,28-041661d198ff,24.125,BLANK,0C,off
01/06/2023 23:08:04,Chamber 5,28-041661d198ff,24.125,BLANK,0C,off
01/06/2023 23:08:23,Chamber 5,28-041661d198ff,24.125,BLANK,0C,off
01/06/2023 23:08:44,Chamber 5,28-041661d198ff,24.125,BLANK,0C,off
01/06/2023 23:09:03,Chamber 5,28-041661d198ff,24.125,BLANK,0C,off
01/06/2023 23:09:24,Chamber 5,28-041661d198ff,24.125,BLANK,0C,off
01/06/2023 23:09:43,Chamber 5,28-041661d198ff,24.125,BLANK,0C,off
01/06/2023 23:10:03,Chamber 5,28-041661d198ff,24.125,BLANK,0C,off
01/06/2023 23:10:23,Chamber 5,28-041661d198ff,24.125,BLANK,0C,off
01/06/2023 23:10:43,Chamber 5,28-041661d198ff,24.125,BLANK,0C,off
01/06/2023 23:11:03,Chamber 5,28-041661d198ff,24.125,BLANK,0C,off
01/06/2023 23:11:23,Chamber 5,28-041661d198ff,24.125,BLANK,0C,off
01/06/2023 23:11:43,Chamber 5,28-041661d198ff,24.125,BLANK,0C,off
01/06/2023 23:12:03,Chamber 5,28-041661d198ff,24.125,BLANK,0C,off
01/06/2023 23:12:23,Chamber 5,28-041661d198ff,24.125,BLANK,0C,off
01/06/2023 23:12:43,Chamber 5,28-041661d198ff,24.125,BLANK,0C,off
01/06/2023 23:13:03,Chamber 5,28-041661d198ff,24.125,BLANK,0C,off
01/06/2023 23:13:23,Chamber 5,28-041661d198ff,24.125,BLANK,0C,off
01/06/2023 23:13:43,Chamber 5,28-041661d198ff,24.125,BLANK,0C,off
01/06/2023 23:14:03,Chamber 5,28-041661d198ff,24.125,BLANK,0C,off
01/06/2023 23:14:23,Chamber 5,28-041661d198ff,24.125,BLANK,0C,off
01/06/2023 23:14:43,Chamber 5,28-041661d198ff,24.125,BLANK,0C,off
01/06/2023 23:15:03,Chamber 5,28-041661d198ff,24.125,BLANK,0C,off
01/06/2023 23:15:24,Chamber 5,28-041661d198ff,24.125,BLANK,0C,off
01/06/2023 23:15:43,Chamber 5,28-041661d198ff,24.125,BLANK,0C,off
01/06/2023 23:16:03,Chamber 5,28-041661d198ff,24.125,BLANK,0C,off
01/06/2023 23:16:23,Chamber 5,28-041661d198ff,24.125,BLANK,0C,off
01/06/2023 23:16:43,Chamber 5,28-041661d198ff,24.125,BLANK,0C,off
01/06/2023 23:17:04,Chamber 5,28-041661d198ff,24.125,BLANK,0C,off
01/06/2023 23:17:23,Chamber 5,28-041661d198ff,24.125,BLANK,0C,off
01/06/2023 23:17:43,Chamber 5,28-041661d198ff,24.125,BLANK,0C,off
01/06/2023 23:18:03,Chamber 5,28-041661d198ff,24.062,BLANK,0C,off
01/06/2023 23:18:23,Chamber 5,28-041661d198ff,24.125,BLANK,0C,off
01/06/2023 23:18:43,Chamber 5,28-041661d198ff,24.125,BLANK,0C,off
01/06/2023 23:19:03,Chamber 5,28-041661d198ff,24.062,BLANK,0C,off
01/06/2023 23:19:23,Chamber 5,28-041661d198ff,24.062,BLANK,0C,off
01/06/2023 23:19:44,Chamber 5,28-041661d198ff,24.125,BLANK,0C,off
01/06/2023 23:20:03,Chamber 5,28-041661d198ff,24.062,BLANK,0C,off
01/06/2023 23:20:23,Chamber 5,28-041661d198ff,24.062,BLANK,0C,off
01/06/2023 23:20:43,Chamber 5,28-041661d198ff,24.062,BLANK,0C,off
01/06/2023 23:21:03,Chamber 5,28-041661d198ff,24.062,BLANK,0C,off
01/06/2023 23:21:23,Chamber 5,28-041661d198ff,24.062,BLANK,0C,off
01/06/2023 23:21:43,Chamber 5,28-041661d198ff,24.062,BLANK,0C,off
01/06/2023 23:22:03,Chamber 5,28-041661d198ff,24.062,BLANK,0C,off
01/06/2023 23:22:23,Chamber 5,28-041661d198ff,24.062,BLANK,0C,off
01/06/2023 23:22:43,Chamber 5,28-041661d198ff,24.062,BLANK,0C,off
01/06/2023 23:23:03,Chamber 5,28-041661d198ff,24.062,BLANK,0C,off
01/06/2023 23:23:23,Chamber 5,28-041661d198ff,24.062,BLANK,0C,off
01/06/2023 23:23:43,Chamber 5,28-041661d198ff,24.062,BLANK,0C,off
01/06/2023 23:24:03,Chamber 5,28-041661d198ff,24.062,BLANK,0C,off
01/06/2023 23:24:23,Chamber 5,28-041661d198ff,24.062,BLANK,0C,off
01/06/2023 23:24:43,Chamber 5,28-041661d198ff,24.062,BLANK,0C,off
01/06/2023 23:25:03,Chamber 5,28-041661d198ff,24.062,BLANK,0C,off
01/06/2023 23:25:23,Chamber 5,28-041661d198ff,24.062,BLANK,0C,off
01/06/2023 23:25:43,Chamber 5,28-041661d198ff,24.062,BLANK,0C,off
01/06/2023 23:26:03,Chamber 5,28-041661d198ff,24.062,BLANK,0C,off
01/06/2023 23:26:23,Chamber 5,28-041661d198ff,24.062,BLANK,0C,off
01/06/2023 23:26:43,Chamber 5,28-041661d198ff,24.062,BLANK,0C,off
01/06/2023 23:27:03,Chamber 5,28-041661d198ff,24.062,BLANK,0C,off
01/06/2023 23:27:23,Chamber 5,28-041661d198ff,24.062,BLANK,0C,off
01/06/2023 23:27:43,Chamber 5,28-041661d198ff,24.062,BLANK,0C,off
01/06/2023 23:28:04,Chamber 5,28-041661d198ff,24.062,BLANK,0C,off
01/06/2023 23:28:23,Chamber 5,28-041661d198ff,24.062,BLANK,0C,off
01/06/2023 23:28:43,Chamber 5,28-041661d198ff,24.062,BLANK,0C,off
01/06/2023 23:29:03,Chamber 5,28-041661d198ff,24.062,BLANK,0C,off
01/06/2023 23:29:23,Chamber 5,28-041661d198ff,24.062,BLANK,0C,off
01/06/2023 23:29:43,Chamber 5,28-041661d198ff,24.062,BLANK,0C,off
01/06/2023 23:30:03,Chamber 5,28-041661d198ff,24.062,BLANK,0C,off
01/06/2023 23:30:24,Chamber 5,28-041661d198ff,24.062,BLANK,0C,off
01/06/2023 23:30:43,Chamber 5,28-041661d198ff,24.062,BLANK,0C,off
01/06/2023 23:31:03,Chamber 5,28-041661d198ff,24.062,BLANK,0C,off
01/06/2023 23:31:23,Chamber 5,28-041661d198ff,24.062,BLANK,0C,off
01/06/2023 23:31:43,Chamber 5,28-041661d198ff,24.062,BLANK,0C,off
01/06/2023 23:32:03,Chamber 5,28-041661d198ff,24.062,BLANK,0C,off
01/06/2023 23:32:23,Chamber 5,28-041661d198ff,24.062,BLANK,0C,off
01/06/2023 23:32:43,Chamber 5,28-041661d198ff,24.062,BLANK,0C,off
01/06/2023 23:33:03,Chamber 5,28-041661d198ff,24.0,BLANK,0C,off
01/06/2023 23:33:24,Chamber 5,28-041661d198ff,24.062,BLANK,0C,off
01/06/2023 23:33:43,Chamber 5,28-041661d198ff,24.062,BLANK,0C,off
01/06/2023 23:34:03,Chamber 5,28-041661d198ff,24.0,BLANK,0C,off
01/06/2023 23:34:23,Chamber 5,28-041661d198ff,24.0,BLANK,0C,off
01/06/2023 23:34:44,Chamber 5,28-041661d198ff,24.062,BLANK,0C,off
01/06/2023 23:35:03,Chamber 5,28-041661d198ff,24.0,BLANK,0C,off
01/06/2023 23:35:23,Chamber 5,28-041661d198ff,24.0,BLANK,0C,off
01/06/2023 23:35:43,Chamber 5,28-041661d198ff,24.062,BLANK,0C,off
01/06/2023 23:36:03,Chamber 5,28-041661d198ff,24.062,BLANK,0C,off
01/06/2023 23:36:23,Chamber 5,28-041661d198ff,24.0,BLANK,0C,off
01/06/2023 23:36:43,Chamber 5,28-041661d198ff,24.0,BLANK,0C,off
01/06/2023 23:37:03,Chamber 5,28-041661d198ff,24.0,BLANK,0C,off
01/06/2023 23:37:23,Chamber 5,28-041661d198ff,24.062,BLANK,0C,off
01/06/2023 23:37:43,Chamber 5,28-041661d198ff,24.062,BLANK,0C,off
01/06/2023 23:38:03,Chamber 5,28-041661d198ff,24.062,BLANK,0C,off
01/06/2023 23:38:23,Chamber 5,28-041661d198ff,24.062,BLANK,0C,off
01/06/2023 23:38:43,Chamber 5,28-041661d198ff,24.062,BLANK,0C,off
01/06/2023 23:39:03,Chamber 5,28-041661d198ff,24.062,BLANK,0C,off
01/06/2023 23:39:23,Chamber 5,28-041661d198ff,24.062,BLANK,0C,off
01/06/2023 23:39:43,Chamber 5,28-041661d198ff,24.062,BLANK,0C,off
01/06/2023 23:40:03,Chamber 5,28-041661d198ff,24.062,BLANK,0C,off
01/06/2023 23:40:23,Chamber 5,28-041661d198ff,24.062,BLANK,0C,off
01/06/2023 23:40:43,Chamber 5,28-041661d198ff,24.062,BLANK,0C,off
01/06/2023 23:41:03,Chamber 5,28-041661d198ff,24.062,BLANK,0C,off
01/06/2023 23:41:23,Chamber 5,28-041661d198ff,24.062,BLANK,0C,off
01/06/2023 23:41:43,Chamber 5,28-041661d198ff,24.062,BLANK,0C,off
01/06/2023 23:42:03,Chamber 5,28-041661d198ff,24.062,BLANK,0C,off
01/06/2023 23:42:23,Chamber 5,28-041661d198ff,24.062,BLANK,0C,off
01/06/2023 23:42:43,Chamber 5,28-041661d198ff,24.062,BLANK,0C,off
01/06/2023 23:43:03,Chamber 5,28-041661d198ff,24.062,BLANK,0C,off
01/06/2023 23:43:23,Chamber 5,28-041661d198ff,24.062,BLANK,0C,off
01/06/2023 23:43:43,Chamber 5,28-041661d198ff,24.062,BLANK,0C,off
01/06/2023 23:44:03,Chamber 5,28-041661d198ff,24.062,BLANK,0C,off
01/06/2023 23:44:23,Chamber 5,28-041661d198ff,24.062,BLANK,0C,off
01/06/2023 23:44:43,Chamber 5,28-041661d198ff,24.062,BLANK,0C,off
01/06/2023 23:45:03,Chamber 5,28-041661d198ff,24.062,BLANK,0C,off
01/06/2023 23:45:23,Chamber 5,28-041661d198ff,24.062,BLANK,0C,off
01/06/2023 23:45:43,Chamber 5,28-041661d198ff,24.062,BLANK,0C,off
01/06/2023 23:46:03,Chamber 5,28-041661d198ff,24.062,BLANK,0C,off
01/06/2023 23:46:23,Chamber 5,28-041661d198ff,24.062,BLANK,0C,off
01/06/2023 23:46:43,Chamber 5,28-041661d198ff,24.062,BLANK,0C,off
01/06/2023 23:47:03,Chamber 5,28-041661d198ff,24.062,BLANK,0C,off
01/06/2023 23:47:23,Chamber 5,28-041661d198ff,24.062,BLANK,0C,off
01/06/2023 23:47:43,Chamber 5,28-041661d198ff,24.062,BLANK,0C,off
01/06/2023 23:48:03,Chamber 5,28-041661d198ff,24.062,BLANK,0C,off
01/06/2023 23:48:23,Chamber 5,28-041661d198ff,24.062,BLANK,0C,off
01/06/2023 23:48:43,Chamber 5,28-041661d198ff,24.062,BLANK,0C,off
01/06/2023 23:49:06,Chamber 5,28-041661d198ff,24.062,BLANK,0C,off
01/06/2023 23:49:23,Chamber 5,28-041661d198ff,24.062,BLANK,0C,off
01/06/2023 23:49:43,Chamber 5,28-041661d198ff,24.062,BLANK,0C,off
01/06/2023 23:50:03,Chamber 5,28-041661d198ff,24.062,BLANK,0C,off
01/06/2023 23:50:23,Chamber 5,28-041661d198ff,24.062,BLANK,0C,off
01/06/2023 23:50:43,Chamber 5,28-041661d198ff,24.062,BLANK,0C,off
01/06/2023 23:51:03,Chamber 5,28-041661d198ff,24.062,BLANK,0C,off
01/06/2023 23:51:23,Chamber 5,28-041661d198ff,24.062,BLANK,0C,off
01/06/2023 23:51:43,Chamber 5,28-041661d198ff,24.062,BLANK,0C,off
01/06/2023 23:52:03,Chamber 5,28-041661d198ff,24.0,BLANK,0C,off
01/06/2023 23:52:23,Chamber 5,28-041661d198ff,24.062,BLANK,0C,off
01/06/2023 23:52:43,Chamber 5,28-041661d198ff,24.062,BLANK,0C,off
01/06/2023 23:53:03,Chamber 5,28-041661d198ff,24.062,BLANK,0C,off
01/06/2023 23:53:23,Chamber 5,28-041661d198ff,24.0,BLANK,0C,off
01/06/2023 23:53:43,Chamber 5,28-041661d198ff,24.062,BLANK,0C,off
01/06/2023 23:54:03,Chamber 5,28-041661d198ff,24.062,BLANK,0C,off
01/06/2023 23:54:23,Chamber 5,28-041661d198ff,24.062,BLANK,0C,off
01/06/2023 23:54:43,Chamber 5,28-041661d198ff,24.062,BLANK,0C,off
01/06/2023 23:55:03,Chamber 5,28-041661d198ff,24.062,BLANK,0C,off
01/06/2023 23:55:23,Chamber 5,28-041661d198ff,24.062,BLANK,0C,off
01/06/2023 23:55:43,Chamber 5,28-041661d198ff,24.062,BLANK,0C,off
01/06/2023 23:56:03,Chamber 5,28-041661d198ff,24.0,BLANK,0C,off
01/06/2023 23:56:23,Chamber 5,28-041661d198ff,24.0,BLANK,0C,off
01/06/2023 23:56:43,Chamber 5,28-041661d198ff,24.062,BLANK,0C,off
01/06/2023 23:57:03,Chamber 5,28-041661d198ff,24.062,BLANK,0C,off
01/06/2023 23:57:23,Chamber 5,28-041661d198ff,24.0,BLANK,0C,off
01/06/2023 23:57:43,Chamber 5,28-041661d198ff,24.0,BLANK,0C,off
01/06/2023 23:58:03,Chamber 5,28-041661d198ff,24.0,BLANK,0C,off
01/06/2023 23:58:23,Chamber 5,28-041661d198ff,24.0,BLANK,0C,off
01/06/2023 23:58:43,Chamber 5,28-041661d198ff,24.062,BLANK,0C,off
01/06/2023 23:59:03,Chamber 5,28-041661d198ff,24.0,BLANK,0C,off
01/06/2023 23:59:23,Chamber 5,28-041661d198ff,24.0,BLANK,0C,off
01/06/2023 23:59:43,Chamber 5,28-041661d198ff,24.0,BLANK,0C,off
