07/26/2022 09:00:03,Chamber 5,28-041661d198ff,42.562,BLANK,0C,off
07/26/2022 09:00:23,Chamber 5,28-041661d198ff,42.625,BLANK,0C,off
07/26/2022 09:00:43,Chamber 5,28-041661d198ff,42.625,BLANK,0C,off
07/26/2022 09:01:03,Chamber 5,28-041661d198ff,42.625,BLANK,0C,off
07/26/2022 09:01:23,Chamber 5,28-041661d198ff,42.625,BLANK,0C,off
07/26/2022 09:01:43,Chamber 5,28-041661d198ff,42.625,BLANK,0C,off
07/26/2022 09:02:03,Chamber 5,28-041661d198ff,42.625,BLANK,0C,off
07/26/2022 09:02:23,Chamber 5,28-041661d198ff,42.687,BLANK,0C,off
07/26/2022 09:02:43,Chamber 5,28-041661d198ff,42.687,BLANK,0C,off
07/26/2022 09:03:03,Chamber 5,28-041661d198ff,42.687,BLANK,0C,off
07/26/2022 09:03:23,Chamber 5,28-041661d198ff,42.687,BLANK,0C,off
07/26/2022 09:03:43,Chamber 5,28-041661d198ff,42.625,BLANK,0C,off
07/26/2022 09:04:03,Chamber 5,28-041661d198ff,42.625,BLANK,0C,off
07/26/2022 09:04:23,Chamber 5,28-041661d198ff,42.625,BLANK,0C,off
07/26/2022 09:04:43,Chamber 5,28-041661d198ff,42.625,BLANK,0C,off
07/26/2022 09:05:03,Chamber 5,28-041661d198ff,42.625,BLANK,0C,off
07/26/2022 09:05:23,Chamber 5,28-041661d198ff,42.625,BLANK,0C,off
07/26/2022 09:05:43,Chamber 5,28-041661d198ff,42.562,BLANK,0C,off
07/26/2022 09:06:03,Chamber 5,28-041661d198ff,42.562,BLANK,0C,off
07/26/2022 09:06:23,Chamber 5,28-041661d198ff,42.562,BLANK,0C,off
07/26/2022 09:06:43,Chamber 5,28-041661d198ff,42.5,BLANK,0C,off
07/26/2022 09:07:03,Chamber 5,28-041661d198ff,42.5,BLANK,0C,off
07/26/2022 09:07:23,Chamber 5,28-041661d198ff,42.5,BLANK,0C,off
07/26/2022 09:07:43,Chamber 5,28-041661d198ff,42.5,BLANK,0C,off
07/26/2022 09:08:03,Chamber 5,28-041661d198ff,42.5,BLANK,0C,off
07/26/2022 09:08:23,Chamber 5,28-041661d198ff,42.5,BLANK,0C,off
07/26/2022 09:08:43,Chamber 5,28-041661d198ff,42.5,BLANK,0C,off
07/26/2022 09:09:03,Chamber 5,28-041661d198ff,42.5,BLANK,0C,off
07/26/2022 09:09:23,Chamber 5,28-041661d198ff,42.437,BLANK,0C,off
07/26/2022 09:09:43,Chamber 5,28-041661d198ff,42.437,BLANK,0C,off
07/26/2022 09:10:03,Chamber 5,28-041661d198ff,42.437,BLANK,0C,off
07/26/2022 09:10:23,Chamber 5,28-041661d198ff,42.437,BLANK,0C,off
07/26/2022 09:10:43,Chamber 5,28-041661d198ff,42.437,BLANK,0C,off
07/26/2022 09:11:03,Chamber 5,28-041661d198ff,42.437,BLANK,0C,off
07/26/2022 09:11:23,Chamber 5,28-041661d198ff,42.375,BLANK,0C,off
07/26/2022 09:11:43,Chamber 5,28-041661d198ff,42.375,BLANK,0C,off
07/26/2022 09:12:03,Chamber 5,28-041661d198ff,42.375,BLANK,0C,off
07/26/2022 09:12:23,Chamber 5,28-041661d198ff,42.375,BLANK,0C,off
07/26/2022 09:12:43,Chamber 5,28-041661d198ff,42.375,BLANK,0C,off
07/26/2022 09:13:03,Chamber 5,28-041661d198ff,42.375,BLANK,0C,off
07/26/2022 09:13:23,Chamber 5,28-041661d198ff,42.375,BLANK,0C,off
07/26/2022 09:13:43,Chamber 5,28-041661d198ff,42.375,BLANK,0C,off
07/26/2022 09:14:03,Chamber 5,28-041661d198ff,42.375,BLANK,0C,off
07/26/2022 09:14:23,Chamber 5,28-041661d198ff,42.312,BLANK,0C,off
07/26/2022 09:14:43,Chamber 5,28-041661d198ff,42.312,BLANK,0C,off
07/26/2022 09:15:03,Chamber 5,28-041661d198ff,42.312,BLANK,0C,off
07/26/2022 09:15:23,Chamber 5,28-041661d198ff,42.312,BLANK,0C,off
07/26/2022 09:15:43,Chamber 5,28-041661d198ff,42.312,BLANK,0C,off
07/26/2022 09:16:03,Chamber 5,28-041661d198ff,42.312,BLANK,0C,off
07/26/2022 09:16:23,Chamber 5,28-041661d198ff,42.312,BLANK,0C,off
07/26/2022 09:16:43,Chamber 5,28-041661d198ff,42.312,BLANK,0C,off
07/26/2022 09:17:03,Chamber 5,28-041661d198ff,42.312,BLANK,0C,off
07/26/2022 09:17:23,Chamber 5,28-041661d198ff,42.312,BLANK,0C,off
07/26/2022 09:17:43,Chamber 5,28-041661d198ff,42.25,BLANK,0C,off
07/26/2022 09:18:03,Chamber 5,28-041661d198ff,42.312,BLANK,0C,off
07/26/2022 09:18:23,Chamber 5,28-041661d198ff,42.312,BLANK,0C,off
07/26/2022 09:18:43,Chamber 5,28-041661d198ff,42.312,BLANK,0C,off
07/26/2022 09:19:03,Chamber 5,28-041661d198ff,42.312,BLANK,0C,off
07/26/2022 09:19:23,Chamber 5,28-041661d198ff,42.25,BLANK,0C,off
07/26/2022 09:19:43,Chamber 5,28-041661d198ff,42.312,BLANK,0C,off
07/26/2022 09:20:03,Chamber 5,28-041661d198ff,42.312,BLANK,0C,off
07/26/2022 09:20:23,Chamber 5,28-041661d198ff,42.312,BLANK,0C,off
07/26/2022 09:20:43,Chamber 5,28-041661d198ff,42.312,BLANK,0C,off
07/26/2022 09:21:03,Chamber 5,28-041661d198ff,42.312,BLANK,0C,off
07/26/2022 09:21:23,Chamber 5,28-041661d198ff,42.375,BLANK,0C,off
07/26/2022 09:21:43,Chamber 5,28-041661d198ff,42.375,BLANK,0C,off
07/26/2022 09:22:03,Chamber 5,28-041661d198ff,42.375,BLANK,0C,off
07/26/2022 09:22:23,Chamber 5,28-041661d198ff,42.375,BLANK,0C,off
07/26/2022 09:22:43,Chamber 5,28-041661d198ff,42.375,BLANK,0C,off
07/26/2022 09:23:03,Chamber 5,28-041661d198ff,42.375,BLANK,0C,off
07/26/2022 09:23:23,Chamber 5,28-041661d198ff,42.375,BLANK,0C,off
07/26/2022 09:23:43,Chamber 5,28-041661d198ff,42.375,BLANK,0C,off
07/26/2022 09:24:03,Chamber 5,28-041661d198ff,42.375,BLANK,0C,off
07/26/2022 09:24:23,Chamber 5,28-041661d198ff,42.375,BLANK,0C,off
07/26/2022 09:24:43,Chamber 5,28-041661d198ff,42.312,BLANK,0C,off
07/26/2022 09:25:03,Chamber 5,28-041661d198ff,42.312,BLANK,0C,off
07/26/2022 09:25:23,Chamber 5,28-041661d198ff,42.375,BLANK,0C,off
07/26/2022 09:25:43,Chamber 5,28-041661d198ff,42.312,BLANK,0C,off
07/26/2022 09:26:03,Chamber 5,28-041661d198ff,42.312,BLANK,0C,off
07/26/2022 09:26:23,Chamber 5,28-041661d198ff,42.375,BLANK,0C,off
07/26/2022 09:26:43,Chamber 5,28-041661d198ff,42.375,BLANK,0C,off
07/26/2022 09:27:03,Chamber 5,28-041661d198ff,42.375,BLANK,0C,off
07/26/2022 09:27:23,Chamber 5,28-041661d198ff,42.375,BLANK,0C,off
07/26/2022 09:27:43,Chamber 5,28-041661d198ff,42.375,BLANK,0C,off
07/26/2022 09:28:03,Chamber 5,28-041661d198ff,42.375,BLANK,0C,off
07/26/2022 09:28:23,Chamber 5,28-041661d198ff,42.375,BLANK,0C,off
07/26/2022 09:28:43,Chamber 5,28-041661d198ff,42.375,BLANK,0C,off
07/26/2022 09:29:03,Chamber 5,28-041661d198ff,42.375,BLANK,0C,off
07/26/2022 09:29:23,Chamber 5,28-041661d198ff,42.375,BLANK,0C,off
07/26/2022 09:29:43,Chamber 5,28-041661d198ff,42.375,BLANK,0C,off
07/26/2022 09:30:03,Chamber 5,28-041661d198ff,42.375,BLANK,0C,off
07/26/2022 09:30:23,Chamber 5,28-041661d198ff,42.375,BLANK,0C,off
07/26/2022 09:30:43,Chamber 5,28-041661d198ff,42.375,BLANK,0C,off
07/26/2022 09:31:03,Chamber 5,28-041661d198ff,42.375,BLANK,0C,off
07/26/2022 09:31:23,Chamber 5,28-041661d198ff,42.375,BLANK,0C,off
07/26/2022 09:31:43,Chamber 5,28-041661d198ff,42.312,BLANK,0C,off
07/26/2022 09:32:03,Chamber 5,28-041661d198ff,42.312,BLANK,0C,off
07/26/2022 09:32:23,Chamber 5,28-041661d198ff,42.375,BLANK,0C,off
07/26/2022 09:32:43,Chamber 5,28-041661d198ff,42.312,BLANK,0C,off
07/26/2022 09:33:03,Chamber 5,28-041661d198ff,42.375,BLANK,0C,off
07/26/2022 09:33:23,Chamber 5,28-041661d198ff,42.375,BLANK,0C,off
07/26/2022 09:33:43,Chamber 5,28-041661d198ff,42.375,BLANK,0C,off
07/26/2022 09:34:03,Chamber 5,28-041661d198ff,42.375,BLANK,0C,off
07/26/2022 09:34:23,Chamber 5,28-041661d198ff,42.375,BLANK,0C,off
07/26/2022 09:34:43,Chamber 5,28-041661d198ff,42.375,BLANK,0C,off
07/26/2022 09:35:03,Chamber 5,28-041661d198ff,42.375,BLANK,0C,off
07/26/2022 09:35:23,Chamber 5,28-041661d198ff,42.375,BLANK,0C,off
07/26/2022 09:35:43,Chamber 5,28-041661d198ff,42.375,BLANK,0C,off
07/26/2022 09:36:03,Chamber 5,28-041661d198ff,42.375,BLANK,0C,off
07/26/2022 09:36:23,Chamber 5,28-041661d198ff,42.375,BLANK,0C,off
07/26/2022 09:36:43,Chamber 5,28-041661d198ff,42.375,BLANK,0C,off
07/26/2022 09:37:03,Chamber 5,28-041661d198ff,42.375,BLANK,0C,off
07/26/2022 09:37:23,Chamber 5,28-041661d198ff,42.375,BLANK,0C,off
07/26/2022 09:37:43,Chamber 5,28-041661d198ff,42.312,BLANK,0C,off
07/26/2022 09:38:03,Chamber 5,28-041661d198ff,42.312,BLANK,0C,off
07/26/2022 09:38:23,Chamber 5,28-041661d198ff,42.312,BLANK,0C,off
07/26/2022 09:38:43,Chamber 5,28-041661d198ff,42.375,BLANK,0C,off
07/26/2022 09:39:03,Chamber 5,28-041661d198ff,42.375,BLANK,0C,off
07/26/2022 09:39:23,Chamber 5,28-041661d198ff,42.375,BLANK,0C,off
07/26/2022 09:39:44,Chamber 5,28-041661d198ff,42.375,BLANK,0C,off
07/26/2022 09:40:04,Chamber 5,28-041661d198ff,42.375,BLANK,0C,off
07/26/2022 09:40:23,Chamber 5,28-041661d198ff,42.375,BLANK,0C,off
07/26/2022 09:40:43,Chamber 5,28-041661d198ff,42.375,BLANK,0C,off
07/26/2022 09:41:04,Chamber 5,28-041661d198ff,42.375,BLANK,0C,off
07/26/2022 09:41:23,Chamber 5,28-041661d198ff,42.375,BLANK,0C,off
07/26/2022 09:41:43,Chamber 5,28-041661d198ff,42.375,BLANK,0C,off
07/26/2022 09:42:03,Chamber 5,28-041661d198ff,42.375,BLANK,0C,off
07/26/2022 09:42:23,Chamber 5,28-041661d198ff,42.375,BLANK,0C,off
07/26/2022 09:42:43,Chamber 5,28-041661d198ff,42.375,BLANK,0C,off
07/26/2022 09:43:03,Chamber 5,28-041661d198ff,42.375,BLANK,0C,off
07/26/2022 09:43:23,Chamber 5,28-041661d198ff,42.375,BLANK,0C,off
07/26/2022 09:43:43,Chamber 5,28-041661d198ff,42.375,BLANK,0C,off
07/26/2022 09:44:03,Chamber 5,28-041661d198ff,42.312,BLANK,0C,off
07/26/2022 09:44:23,Chamber 5,28-041661d198ff,42.312,BLANK,0C,off
07/26/2022 09:44:43,Chamber 5,28-041661d198ff,42.312,BLANK,0C,off
07/26/2022 09:45:03,Chamber 5,28-041661d198ff,42.312,BLANK,0C,off
07/26/2022 09:45:24,Chamber 5,28-041661d198ff,42.312,BLANK,0C,off
07/26/2022 09:45:43,Chamber 5,28-041661d198ff,42.375,BLANK,0C,off
07/26/2022 09:46:03,Chamber 5,28-041661d198ff,42.375,BLANK,0C,off
07/26/2022 09:46:23,Chamber 5,28-041661d198ff,42.375,BLANK,0C,off
07/26/2022 09:46:43,Chamber 5,28-041661d198ff,42.375,BLANK,0C,off
07/26/2022 09:47:04,Chamber 5,28-041661d198ff,42.375,BLANK,0C,off
07/26/2022 09:47:23,Chamber 5,28-041661d198ff,42.375,BLANK,0C,off
07/26/2022 09:47:43,Chamber 5,28-041661d198ff,42.375,BLANK,0C,off
07/26/2022 09:48:03,Chamber 5,28-041661d198ff,42.375,BLANK,0C,off
07/26/2022 09:48:23,Chamber 5,28-041661d198ff,42.375,BLANK,0C,off
07/26/2022 09:48:43,Chamber 5,28-041661d198ff,42.375,BLANK,0C,off
07/26/2022 09:49:03,Chamber 5,28-041661d198ff,42.375,BLANK,0C,off
07/26/2022 09:49:23,Chamber 5,28-041661d198ff,42.375,BLANK,0C,off
07/26/2022 09:49:43,Chamber 5,28-041661d198ff,42.375,BLANK,0C,off
07/26/2022 09:50:03,Chamber 5,28-041661d198ff,42.375,BLANK,0C,off
07/26/2022 09:50:24,Chamber 5,28-041661d198ff,42.312,BLANK,0C,off
07/26/2022 09:50:44,Chamber 5,28-041661d198ff,42.312,BLANK,0C,off
07/26/2022 09:51:03,Chamber 5,28-041661d198ff,42.312,BLANK,0C,off
07/26/2022 09:51:23,Chamber 5,28-041661d198ff,42.312,BLANK,0C,off
07/26/2022 09:51:43,Chamber 5,28-041661d198ff,42.312,BLANK,0C,off
07/26/2022 09:52:03,Chamber 5,28-041661d198ff,42.375,BLANK,0C,off
07/26/2022 09:52:23,Chamber 5,28-041661d198ff,42.375,BLANK,0C,off
07/26/2022 09:52:43,Chamber 5,28-041661d198ff,42.312,BLANK,0C,off
07/26/2022 09:53:03,Chamber 5,28-041661d198ff,42.312,BLANK,0C,off
07/26/2022 09:53:23,Chamber 5,28-041661d198ff,42.312,BLANK,0C,off
07/26/2022 09:53:43,Chamber 5,28-041661d198ff,42.312,BLANK,0C,off
07/26/2022 09:54:03,Chamber 5,28-041661d198ff,42.312,BLANK,0C,off
07/26/2022 09:54:25,Chamber 5,28-041661d198ff,42.312,BLANK,0C,off
07/26/2022 09:54:43,Chamber 5,28-041661d198ff,42.312,BLANK,0C,off
07/26/2022 09:55:03,Chamber 5,28-041661d198ff,42.312,BLANK,0C,off
07/26/2022 09:55:23,Chamber 5,28-041661d198ff,42.312,BLANK,0C,off
07/26/2022 09:55:43,Chamber 5,28-041661d198ff,42.312,BLANK,0C,off
07/26/2022 09:56:03,Chamber 5,28-041661d198ff,42.312,BLANK,0C,off
07/26/2022 09:56:23,Chamber 5,28-041661d198ff,42.312,BLANK,0C,off
07/26/2022 09:56:43,Chamber 5,28-041661d198ff,42.312,BLANK,0C,off
07/26/2022 09:57:03,Chamber 5,28-041661d198ff,42.312,BLANK,0C,off
07/26/2022 09:57:23,Chamber 5,28-041661d198ff,42.312,BLANK,0C,off
07/26/2022 09:57:43,Chamber 5,28-041661d198ff,42.312,BLANK,0C,off
07/26/2022 09:58:03,Chamber 5,28-041661d198ff,42.312,BLANK,0C,off
07/26/2022 09:58:23,Chamber 5,28-041661d198ff,42.312,BLANK,0C,off
07/26/2022 09:58:43,Chamber 5,28-041661d198ff,42.312,BLANK,0C,off
07/26/2022 09:59:03,Chamber 5,28-041661d198ff,42.312,BLANK,0C,off
07/26/2022 09:59:23,Chamber 5,28-041661d198ff,42.375,BLANK,0C,off
07/26/2022 09:59:43,Chamber 5,28-041661d198ff,42.375,BLANK,0C,off
07/26/2022 10:00:03,Chamber 5,28-041661d198ff,42.375,BLANK,0C,off
07/26/2022 10:00:23,Chamber 5,28-041661d198ff,42.375,BLANK,0C,off
07/26/2022 10:00:43,Chamber 5,28-041661d198ff,42.375,BLANK,0C,off
07/26/2022 10:01:03,Chamber 5,28-041661d198ff,42.375,BLANK,0C,off
07/26/2022 10:01:23,Chamber 5,28-041661d198ff,42.375,BLANK,0C,off
07/26/2022 10:01:43,Chamber 5,28-041661d198ff,42.375,BLANK,0C,off
07/26/2022 10:02:03,Chamber 5,28-041661d198ff,42.375,BLANK,0C,off
07/26/2022 10:02:23,Chamber 5,28-041661d198ff,42.375,BLANK,0C,off
07/26/2022 10:02:43,Chamber 5,28-041661d198ff,42.375,BLANK,0C,off
07/26/2022 10:03:03,Chamber 5,28-041661d198ff,42.375,BLANK,0C,off
07/26/2022 10:03:23,Chamber 5,28-041661d198ff,42.375,BLANK,0C,off
07/26/2022 10:03:43,Chamber 5,28-041661d198ff,42.375,BLANK,0C,off
07/26/2022 10:04:03,Chamber 5,28-041661d198ff,42.375,BLANK,0C,off
07/26/2022 10:04:23,Chamber 5,28-041661d198ff,42.375,BLANK,0C,off
07/26/2022 10:04:43,Chamber 5,28-041661d198ff,42.437,BLANK,0C,off
07/26/2022 10:05:03,Chamber 5,28-041661d198ff,42.437,BLANK,0C,off
07/26/2022 10:05:23,Chamber 5,28-041661d198ff,42.437,BLANK,0C,off
07/26/2022 10:05:43,Chamber 5,28-041661d198ff,42.437,BLANK,0C,off
07/26/2022 10:06:03,Chamber 5,28-041661d198ff,42.437,BLANK,0C,off
07/26/2022 10:06:23,Chamber 5,28-041661d198ff,42.437,BLANK,0C,off
07/26/2022 10:06:43,Chamber 5,28-041661d198ff,42.437,BLANK,0C,off
07/26/2022 10:07:03,Chamber 5,28-041661d198ff,42.437,BLANK,0C,off
07/26/2022 10:07:23,Chamber 5,28-041661d198ff,42.437,BLANK,0C,off
07/26/2022 10:07:43,Chamber 5,28-041661d198ff,42.375,BLANK,0C,off
07/26/2022 10:08:03,Chamber 5,28-041661d198ff,42.375,BLANK,0C,off
07/26/2022 10:08:23,Chamber 5,28-041661d198ff,42.375,BLANK,0C,off
07/26/2022 10:08:43,Chamber 5,28-041661d198ff,42.437,BLANK,0C,off
07/26/2022 10:09:03,Chamber 5,28-041661d198ff,42.437,BLANK,0C,off
07/26/2022 10:09:23,Chamber 5,28-041661d198ff,42.437,BLANK,0C,off
07/26/2022 10:09:43,Chamber 5,28-041661d198ff,42.437,BLANK,0C,off
07/26/2022 10:10:03,Chamber 5,28-041661d198ff,42.437,BLANK,0C,off
07/26/2022 10:10:23,Chamber 5,28-041661d198ff,42.437,BLANK,0C,off
07/26/2022 10:10:43,Chamber 5,28-041661d198ff,42.437,BLANK,0C,off
07/26/2022 10:11:03,Chamber 5,28-041661d198ff,41.5,BLANK,0C,off
07/26/2022 10:11:23,Chamber 5,28-041661d198ff,40.75,BLANK,0C,off
07/26/2022 10:11:43,Chamber 5,28-041661d198ff,40.0,BLANK,0C,off
07/26/2022 10:12:03,Chamber 5,28-041661d198ff,40.0,BLANK,0C,off
07/26/2022 10:12:23,Chamber 5,28-041661d198ff,40.312,BLANK,0C,off
07/26/2022 10:12:43,Chamber 5,28-041661d198ff,40.5,BLANK,0C,off
07/26/2022 10:13:03,Chamber 5,28-041661d198ff,40.687,BLANK,0C,off
07/26/2022 10:13:23,Chamber 5,28-041661d198ff,40.937,BLANK,0C,off
07/26/2022 10:13:43,Chamber 5,28-041661d198ff,41.062,BLANK,0C,off
07/26/2022 10:14:04,Chamber 5,28-041661d198ff,41.25,BLANK,0C,off
07/26/2022 10:14:23,Chamber 5,28-041661d198ff,41.437,BLANK,0C,off
07/26/2022 10:14:43,Chamber 5,28-041661d198ff,41.437,BLANK,0C,off
07/26/2022 10:15:03,Chamber 5,28-041661d198ff,41.687,BLANK,0C,off
07/26/2022 10:15:23,Chamber 5,28-041661d198ff,41.875,BLANK,0C,off
07/26/2022 10:15:43,Chamber 5,28-041661d198ff,42.062,BLANK,0C,off
07/26/2022 10:16:03,Chamber 5,28-041661d198ff,42.25,BLANK,0C,off
07/26/2022 10:16:23,Chamber 5,28-041661d198ff,42.687,BLANK,0C,off
07/26/2022 10:16:43,Chamber 5,28-041661d198ff,43.0,BLANK,0C,off
07/26/2022 10:17:03,Chamber 5,28-041661d198ff,43.625,BLANK,0C,off
07/26/2022 10:17:23,Chamber 5,28-041661d198ff,44.187,BLANK,0C,off
07/26/2022 10:17:43,Chamber 5,28-041661d198ff,44.562,BLANK,0C,off
07/26/2022 10:18:03,Chamber 5,28-041661d198ff,45.062,BLANK,0C,off
07/26/2022 10:18:23,Chamber 5,28-041661d198ff,45.625,BLANK,0C,off
07/26/2022 10:18:43,Chamber 5,28-041661d198ff,46.25,BLANK,0C,off
07/26/2022 10:19:03,Chamber 5,28-041661d198ff,46.75,BLANK,0C,off
07/26/2022 10:19:23,Chamber 5,28-041661d198ff,47.187,BLANK,0C,off
07/26/2022 10:19:43,Chamber 5,28-041661d198ff,47.75,BLANK,0C,off
07/26/2022 10:20:03,Chamber 5,28-041661d198ff,48.25,BLANK,0C,off
07/26/2022 10:20:23,Chamber 5,28-041661d198ff,48.625,BLANK,0C,off
07/26/2022 10:20:43,Chamber 5,28-041661d198ff,49.062,BLANK,0C,off
07/26/2022 10:21:03,Chamber 5,28-041661d198ff,49.5,BLANK,0C,off
07/26/2022 10:21:23,Chamber 5,28-041661d198ff,49.562,BLANK,0C,off
07/26/2022 10:21:43,Chamber 5,28-041661d198ff,49.625,BLANK,0C,off
07/26/2022 10:22:03,Chamber 5,28-041661d198ff,49.437,BLANK,0C,off
07/26/2022 10:22:23,Chamber 5,28-041661d198ff,49.187,BLANK,0C,off
07/26/2022 10:22:43,Chamber 5,28-041661d198ff,49.187,BLANK,0C,off
07/26/2022 10:23:03,Chamber 5,28-041661d198ff,48.687,BLANK,0C,off
07/26/2022 10:23:23,Chamber 5,28-041661d198ff,48.375,BLANK,0C,off
07/26/2022 10:23:43,Chamber 5,28-041661d198ff,48.125,BLANK,0C,off
07/26/2022 10:24:03,Chamber 5,28-041661d198ff,47.937,BLANK,0C,off
07/26/2022 10:24:23,Chamber 5,28-041661d198ff,47.812,BLANK,0C,off
07/26/2022 10:24:43,Chamber 5,28-041661d198ff,47.75,BLANK,0C,off
07/26/2022 10:25:03,Chamber 5,28-041661d198ff,47.687,BLANK,0C,off
07/26/2022 10:25:23,Chamber 5,28-041661d198ff,47.687,BLANK,0C,off
07/26/2022 10:25:43,Chamber 5,28-041661d198ff,47.75,BLANK,0C,off
07/26/2022 10:26:03,Chamber 5,28-041661d198ff,47.812,BLANK,0C,off
07/26/2022 10:26:23,Chamber 5,28-041661d198ff,47.812,BLANK,0C,off
07/26/2022 10:26:43,Chamber 5,28-041661d198ff,47.812,BLANK,0C,off
07/26/2022 10:27:03,Chamber 5,28-041661d198ff,47.875,BLANK,0C,off
07/26/2022 10:27:23,Chamber 5,28-041661d198ff,47.937,BLANK,0C,off
07/26/2022 10:27:43,Chamber 5,28-041661d198ff,47.937,BLANK,0C,off
07/26/2022 10:28:03,Chamber 5,28-041661d198ff,48.125,BLANK,0C,off
07/26/2022 10:28:23,Chamber 5,28-041661d198ff,48.187,BLANK,0C,off
07/26/2022 10:28:43,Chamber 5,28-041661d198ff,48.437,BLANK,0C,off
07/26/2022 10:29:03,Chamber 5,28-041661d198ff,48.562,BLANK,0C,off
07/26/2022 10:29:23,Chamber 5,28-041661d198ff,48.75,BLANK,0C,off
07/26/2022 10:29:44,Chamber 5,28-041661d198ff,48.875,BLANK,0C,off
07/26/2022 10:30:03,Chamber 5,28-041661d198ff,49.062,BLANK,0C,off
07/26/2022 10:30:23,Chamber 5,28-041661d198ff,48.937,BLANK,0C,off
07/26/2022 10:30:45,Chamber 5,28-041661d198ff,48.875,BLANK,0C,off
07/26/2022 10:31:03,Chamber 5,28-041661d198ff,48.75,BLANK,0C,off
07/26/2022 10:31:23,Chamber 5,28-041661d198ff,48.562,BLANK,0C,off
07/26/2022 10:31:43,Chamber 5,28-041661d198ff,48.437,BLANK,0C,off
07/26/2022 10:32:03,Chamber 5,28-041661d198ff,48.25,BLANK,0C,off
07/26/2022 10:32:23,Chamber 5,28-041661d198ff,48.062,BLANK,0C,off
07/26/2022 10:32:43,Chamber 5,28-041661d198ff,47.875,BLANK,0C,off
07/26/2022 10:33:03,Chamber 5,28-041661d198ff,47.625,BLANK,0C,off
07/26/2022 10:33:23,Chamber 5,28-041661d198ff,47.375,BLANK,0C,off
07/26/2022 10:33:43,Chamber 5,28-041661d198ff,47.125,BLANK,0C,off
07/26/2022 10:34:03,Chamber 5,28-041661d198ff,46.812,BLANK,0C,off
07/26/2022 10:34:23,Chamber 5,28-041661d198ff,46.562,BLANK,0C,off
07/26/2022 10:34:43,Chamber 5,28-041661d198ff,46.25,BLANK,0C,off
07/26/2022 10:35:03,Chamber 5,28-041661d198ff,46.25,BLANK,0C,off
07/26/2022 10:35:23,Chamber 5,28-041661d198ff,45.625,BLANK,0C,off
07/26/2022 10:35:45,Chamber 5,28-041661d198ff,45.312,BLANK,0C,off
07/26/2022 10:36:03,Chamber 5,28-041661d198ff,45.312,BLANK,0C,off
07/26/2022 10:36:23,Chamber 5,28-041661d198ff,44.75,BLANK,0C,off
07/26/2022 10:36:43,Chamber 5,28-041661d198ff,44.437,BLANK,0C,off
07/26/2022 10:37:03,Chamber 5,28-041661d198ff,44.125,BLANK,0C,off
07/26/2022 10:37:23,Chamber 5,28-041661d198ff,43.875,BLANK,0C,off
07/26/2022 10:37:43,Chamber 5,28-041661d198ff,43.875,BLANK,0C,off
07/26/2022 10:38:03,Chamber 5,28-041661d198ff,43.312,BLANK,0C,off
07/26/2022 10:38:23,Chamber 5,28-041661d198ff,43.062,BLANK,0C,off
07/26/2022 10:38:43,Chamber 5,28-041661d198ff,42.812,BLANK,0C,off
07/26/2022 10:39:03,Chamber 5,28-041661d198ff,42.5,BLANK,0C,off
07/26/2022 10:39:23,Chamber 5,28-041661d198ff,42.5,BLANK,0C,off
07/26/2022 10:39:43,Chamber 5,28-041661d198ff,42.5,BLANK,0C,off
07/26/2022 10:40:03,Chamber 5,28-041661d198ff,41.812,BLANK,0C,off
07/26/2022 10:40:23,Chamber 5,28-041661d198ff,41.625,BLANK,0C,off
07/26/2022 10:40:43,Chamber 5,28-041661d198ff,41.375,BLANK,0C,off
07/26/2022 10:41:03,Chamber 5,28-041661d198ff,41.187,BLANK,0C,off
07/26/2022 10:41:23,Chamber 5,28-041661d198ff,41.187,BLANK,0C,off
07/26/2022 10:41:43,Chamber 5,28-041661d198ff,40.875,BLANK,0C,off
07/26/2022 10:42:03,Chamber 5,28-041661d198ff,40.687,BLANK,0C,off
07/26/2022 10:42:23,Chamber 5,28-041661d198ff,40.687,BLANK,0C,off
07/26/2022 10:42:43,Chamber 5,28-041661d198ff,40.375,BLANK,0C,off
07/26/2022 10:43:03,Chamber 5,28-041661d198ff,40.187,BLANK,0C,off
07/26/2022 10:43:23,Chamber 5,28-041661d198ff,40.062,BLANK,0C,off
07/26/2022 10:43:43,Chamber 5,28-041661d198ff,39.875,BLANK,0C,off
07/26/2022 10:44:03,Chamber 5,28-041661d198ff,39.75,BLANK,0C,off
07/26/2022 10:44:23,Chamber 5,28-041661d198ff,39.562,BLANK,0C,off
07/26/2022 10:44:44,Chamber 5,28-041661d198ff,39.437,BLANK,0C,off
07/26/2022 10:45:03,Chamber 5,28-041661d198ff,39.312,BLANK,0C,off
07/26/2022 10:45:23,Chamber 5,28-041661d198ff,39.187,BLANK,0C,off
07/26/2022 10:45:43,Chamber 5,28-041661d198ff,39.187,BLANK,0C,off
07/26/2022 10:46:03,Chamber 5,28-041661d198ff,38.875,BLANK,0C,off
07/26/2022 10:46:23,Chamber 5,28-041661d198ff,38.75,BLANK,0C,off
07/26/2022 10:46:43,Chamber 5,28-041661d198ff,38.625,BLANK,0C,off
07/26/2022 10:47:03,Chamber 5,28-041661d198ff,38.625,BLANK,0C,off
07/26/2022 10:47:23,Chamber 5,28-041661d198ff,38.375,BLANK,0C,off
07/26/2022 10:47:43,Chamber 5,28-041661d198ff,38.187,BLANK,0C,off
07/26/2022 10:48:03,Chamber 5,28-041661d198ff,38.125,BLANK,0C,off
07/26/2022 10:48:23,Chamber 5,28-041661d198ff,38.0,BLANK,0C,off
07/26/2022 10:48:43,Chamber 5,28-041661d198ff,37.875,BLANK,0C,off
07/26/2022 10:49:03,Chamber 5,28-041661d198ff,37.812,BLANK,0C,off
07/26/2022 10:49:23,Chamber 5,28-041661d198ff,37.687,BLANK,0C,off
07/26/2022 10:49:43,Chamber 5,28-041661d198ff,37.625,BLANK,0C,off
07/26/2022 10:50:03,Chamber 5,28-041661d198ff,37.562,BLANK,0C,off
07/26/2022 10:50:23,Chamber 5,28-041661d198ff,37.5,BLANK,0C,off
07/26/2022 10:50:43,Chamber 5,28-041661d198ff,37.375,BLANK,0C,off
07/26/2022 10:51:03,Chamber 5,28-041661d198ff,37.312,BLANK,0C,off
07/26/2022 10:51:23,Chamber 5,28-041661d198ff,37.25,BLANK,0C,off
07/26/2022 10:51:43,Chamber 5,28-041661d198ff,37.187,BLANK,0C,off
07/26/2022 10:52:03,Chamber 5,28-041661d198ff,37.187,BLANK,0C,off
07/26/2022 10:52:23,Chamber 5,28-041661d198ff,37.125,BLANK,0C,off
07/26/2022 10:52:43,Chamber 5,28-041661d198ff,37.062,BLANK,0C,off
07/26/2022 10:53:03,Chamber 5,28-041661d198ff,37.062,BLANK,0C,off
07/26/2022 10:53:23,Chamber 5,28-041661d198ff,37.0,BLANK,0C,off
07/26/2022 10:53:43,Chamber 5,28-041661d198ff,37.0,BLANK,0C,off
07/26/2022 10:54:03,Chamber 5,28-041661d198ff,36.937,BLANK,0C,off
07/26/2022 10:54:23,Chamber 5,28-041661d198ff,36.937,BLANK,0C,off
07/26/2022 10:54:43,Chamber 5,28-041661d198ff,36.937,BLANK,0C,off
07/26/2022 10:55:03,Chamber 5,28-041661d198ff,36.937,BLANK,0C,off
07/26/2022 10:55:23,Chamber 5,28-041661d198ff,36.937,BLANK,0C,off
07/26/2022 10:55:43,Chamber 5,28-041661d198ff,36.937,BLANK,0C,off
07/26/2022 10:56:06,Chamber 5,28-041661d198ff,37.0,BLANK,0C,off
07/26/2022 10:56:23,Chamber 5,28-041661d198ff,37.0,BLANK,0C,off
07/26/2022 10:56:43,Chamber 5,28-041661d198ff,37.062,BLANK,0C,off
07/26/2022 10:57:03,Chamber 5,28-041661d198ff,37.062,BLANK,0C,off
07/26/2022 10:57:23,Chamber 5,28-041661d198ff,37.187,BLANK,0C,off
07/26/2022 10:57:43,Chamber 5,28-041661d198ff,37.25,BLANK,0C,off
07/26/2022 10:58:03,Chamber 5,28-041661d198ff,37.312,BLANK,0C,off
07/26/2022 10:58:23,Chamber 5,28-041661d198ff,37.437,BLANK,0C,off
07/26/2022 10:58:43,Chamber 5,28-041661d198ff,37.562,BLANK,0C,off
07/26/2022 10:59:04,Chamber 5,28-041661d198ff,37.625,BLANK,0C,off
07/26/2022 10:59:23,Chamber 5,28-041661d198ff,37.75,BLANK,0C,off
07/26/2022 10:59:43,Chamber 5,28-041661d198ff,37.875,BLANK,0C,off
07/26/2022 11:00:03,Chamber 5,28-041661d198ff,37.875,BLANK,0C,off
07/26/2022 11:00:23,Chamber 5,28-041661d198ff,38.25,BLANK,0C,off
07/26/2022 11:00:43,Chamber 5,28-041661d198ff,38.437,BLANK,0C,off
07/26/2022 11:01:03,Chamber 5,28-041661d198ff,38.562,BLANK,0C,off
07/26/2022 11:01:23,Chamber 5,28-041661d198ff,38.75,BLANK,0C,off
07/26/2022 11:01:44,Chamber 5,28-041661d198ff,38.875,BLANK,0C,off
07/26/2022 11:02:03,Chamber 5,28-041661d198ff,39.0,BLANK,0C,off
07/26/2022 11:02:23,Chamber 5,28-041661d198ff,39.125,BLANK,0C,off
07/26/2022 11:02:43,Chamber 5,28-041661d198ff,39.25,BLANK,0C,off
07/26/2022 11:03:04,Chamber 5,28-041661d198ff,39.375,BLANK,0C,off
07/26/2022 11:03:23,Chamber 5,28-041661d198ff,39.5,BLANK,0C,off
07/26/2022 11:03:43,Chamber 5,28-041661d198ff,39.687,BLANK,0C,off
07/26/2022 11:04:03,Chamber 5,28-041661d198ff,39.812,BLANK,0C,off
07/26/2022 11:04:24,Chamber 5,28-041661d198ff,39.937,BLANK,0C,off
07/26/2022 11:04:43,Chamber 5,28-041661d198ff,40.125,BLANK,0C,off
07/26/2022 11:05:03,Chamber 5,28-041661d198ff,40.187,BLANK,0C,off
07/26/2022 11:05:24,Chamber 5,28-041661d198ff,40.312,BLANK,0C,off
07/26/2022 11:05:43,Chamber 5,28-041661d198ff,40.437,BLANK,0C,off
07/26/2022 11:06:03,Chamber 5,28-041661d198ff,40.562,BLANK,0C,off
07/26/2022 11:06:24,Chamber 5,28-041661d198ff,40.687,BLANK,0C,off
07/26/2022 11:06:43,Chamber 5,28-041661d198ff,40.75,BLANK,0C,off
07/26/2022 11:07:03,Chamber 5,28-041661d198ff,40.812,BLANK,0C,off
07/26/2022 11:07:23,Chamber 5,28-041661d198ff,40.937,BLANK,0C,off
07/26/2022 11:07:43,Chamber 5,28-041661d198ff,41.062,BLANK,0C,off
07/26/2022 11:08:03,Chamber 5,28-041661d198ff,41.125,BLANK,0C,off
07/26/2022 11:08:23,Chamber 5,28-041661d198ff,41.187,BLANK,0C,off
07/26/2022 11:08:44,Chamber 5,28-041661d198ff,41.25,BLANK,0C,off
07/26/2022 11:09:03,Chamber 5,28-041661d198ff,41.312,BLANK,0C,off
07/26/2022 11:09:23,Chamber 5,28-041661d198ff,41.375,BLANK,0C,off
07/26/2022 11:09:43,Chamber 5,28-041661d198ff,41.437,BLANK,0C,off
07/26/2022 11:10:03,Chamber 5,28-041661d198ff,41.437,BLANK,0C,off
07/26/2022 11:10:23,Chamber 5,28-041661d198ff,41.5,BLANK,0C,off
07/26/2022 11:10:43,Chamber 5,28-041661d198ff,41.5,BLANK,0C,off
07/26/2022 11:11:03,Chamber 5,28-041661d198ff,41.562,BLANK,0C,off
07/26/2022 11:11:23,Chamber 5,28-041661d198ff,41.625,BLANK,0C,off
07/26/2022 11:11:43,Chamber 5,28-041661d198ff,41.625,BLANK,0C,off
07/26/2022 11:12:03,Chamber 5,28-041661d198ff,41.625,BLANK,0C,off
07/26/2022 11:12:23,Chamber 5,28-041661d198ff,41.687,BLANK,0C,off
07/26/2022 11:12:43,Chamber 5,28-041661d198ff,41.687,BLANK,0C,off
07/26/2022 11:13:03,Chamber 5,28-041661d198ff,41.75,BLANK,0C,off
07/26/2022 11:13:23,Chamber 5,28-041661d198ff,41.75,BLANK,0C,off
07/26/2022 11:13:43,Chamber 5,28-041661d198ff,41.75,BLANK,0C,off
07/26/2022 11:14:03,Chamber 5,28-041661d198ff,41.75,BLANK,0C,off
07/26/2022 11:14:23,Chamber 5,28-041661d198ff,41.75,BLANK,0C,off
07/26/2022 11:14:43,Chamber 5,28-041661d198ff,41.75,BLANK,0C,off
07/26/2022 11:15:03,Chamber 5,28-041661d198ff,41.75,BLANK,0C,off
07/26/2022 11:15:23,Chamber 5,28-041661d198ff,41.75,BLANK,0C,off
07/26/2022 11:15:43,Chamber 5,28-041661d198ff,41.75,BLANK,0C,off
07/26/2022 11:16:03,Chamber 5,28-041661d198ff,41.687,BLANK,0C,off
07/26/2022 11:16:23,Chamber 5,28-041661d198ff,41.687,BLANK,0C,off
07/26/2022 11:16:43,Chamber 5,28-041661d198ff,41.625,BLANK,0C,off
07/26/2022 11:17:04,Chamber 5,28-041661d198ff,41.625,BLANK,0C,off
07/26/2022 11:17:23,Chamber 5,28-041661d198ff,41.562,BLANK,0C,off
07/26/2022 11:17:43,Chamber 5,28-041661d198ff,41.5,BLANK,0C,off
07/26/2022 11:18:03,Chamber 5,28-041661d198ff,41.437,BLANK,0C,off
07/26/2022 11:18:23,Chamber 5,28-041661d198ff,41.437,BLANK,0C,off
07/26/2022 11:18:43,Chamber 5,28-041661d198ff,41.375,BLANK,0C,off
07/26/2022 11:19:04,Chamber 5,28-041661d198ff,41.312,BLANK,0C,off
07/26/2022 11:19:23,Chamber 5,28-041661d198ff,41.25,BLANK,0C,off
07/26/2022 11:19:44,Chamber 5,28-041661d198ff,41.187,BLANK,0C,off
07/26/2022 11:20:03,Chamber 5,28-041661d198ff,41.125,BLANK,0C,off
07/26/2022 11:20:23,Chamber 5,28-041661d198ff,41.125,BLANK,0C,off
07/26/2022 11:20:43,Chamber 5,28-041661d198ff,41.0,BLANK,0C,off
07/26/2022 11:21:03,Chamber 5,28-041661d198ff,40.937,BLANK,0C,off
07/26/2022 11:21:23,Chamber 5,28-041661d198ff,40.937,BLANK,0C,off
07/26/2022 11:21:43,Chamber 5,28-041661d198ff,40.812,BLANK,0C,off
07/26/2022 11:22:03,Chamber 5,28-041661d198ff,40.687,BLANK,0C,off
07/26/2022 11:22:23,Chamber 5,28-041661d198ff,40.625,BLANK,0C,off
07/26/2022 11:22:43,Chamber 5,28-041661d198ff,40.562,BLANK,0C,off
07/26/2022 11:23:03,Chamber 5,28-041661d198ff,40.5,BLANK,0C,off
07/26/2022 11:23:23,Chamber 5,28-041661d198ff,40.5,BLANK,0C,off
07/26/2022 11:23:43,Chamber 5,28-041661d198ff,40.312,BLANK,0C,off
07/26/2022 11:24:03,Chamber 5,28-041661d198ff,40.25,BLANK,0C,off
07/26/2022 11:24:23,Chamber 5,28-041661d198ff,40.187,BLANK,0C,off
07/26/2022 11:24:43,Chamber 5,28-041661d198ff,40.062,BLANK,0C,off
07/26/2022 11:25:03,Chamber 5,28-041661d198ff,40.0,BLANK,0C,off
07/26/2022 11:25:23,Chamber 5,28-041661d198ff,39.937,BLANK,0C,off
07/26/2022 11:25:44,Chamber 5,28-041661d198ff,39.812,BLANK,0C,off
07/26/2022 11:26:03,Chamber 5,28-041661d198ff,39.75,BLANK,0C,off
07/26/2022 11:26:23,Chamber 5,28-041661d198ff,39.687,BLANK,0C,off
07/26/2022 11:26:43,Chamber 5,28-041661d198ff,39.562,BLANK,0C,off
07/26/2022 11:27:03,Chamber 5,28-041661d198ff,39.5,BLANK,0C,off
07/26/2022 11:27:23,Chamber 5,28-041661d198ff,39.437,BLANK,0C,off
07/26/2022 11:27:43,Chamber 5,28-041661d198ff,39.312,BLANK,0C,off
07/26/2022 11:28:03,Chamber 5,28-041661d198ff,39.25,BLANK,0C,off
07/26/2022 11:28:23,Chamber 5,28-041661d198ff,39.187,BLANK,0C,off
07/26/2022 11:28:43,Chamber 5,28-041661d198ff,39.062,BLANK,0C,off
07/26/2022 11:29:03,Chamber 5,28-041661d198ff,39.0,BLANK,0C,off
07/26/2022 11:29:23,Chamber 5,28-041661d198ff,38.937,BLANK,0C,off
07/26/2022 11:29:43,Chamber 5,28-041661d198ff,38.812,BLANK,0C,off
07/26/2022 11:30:03,Chamber 5,28-041661d198ff,38.75,BLANK,0C,off
07/26/2022 11:30:23,Chamber 5,28-041661d198ff,38.687,BLANK,0C,off
07/26/2022 11:30:43,Chamber 5,28-041661d198ff,38.625,BLANK,0C,off
07/26/2022 11:31:03,Chamber 5,28-041661d198ff,38.5,BLANK,0C,off
07/26/2022 11:31:23,Chamber 5,28-041661d198ff,38.437,BLANK,0C,off
07/26/2022 11:31:43,Chamber 5,28-041661d198ff,38.375,BLANK,0C,off
07/26/2022 11:32:03,Chamber 5,28-041661d198ff,38.312,BLANK,0C,off
07/26/2022 11:32:23,Chamber 5,28-041661d198ff,38.25,BLANK,0C,off
07/26/2022 11:32:43,Chamber 5,28-041661d198ff,38.187,BLANK,0C,off
07/26/2022 11:33:03,Chamber 5,28-041661d198ff,38.062,BLANK,0C,off
07/26/2022 11:33:23,Chamber 5,28-041661d198ff,38.0,BLANK,0C,off
07/26/2022 11:33:43,Chamber 5,28-041661d198ff,37.937,BLANK,0C,off
07/26/2022 11:34:03,Chamber 5,28-041661d198ff,37.875,BLANK,0C,off
07/26/2022 11:34:23,Chamber 5,28-041661d198ff,37.812,BLANK,0C,off
07/26/2022 11:34:43,Chamber 5,28-041661d198ff,37.75,BLANK,0C,off
07/26/2022 11:35:03,Chamber 5,28-041661d198ff,37.687,BLANK,0C,off
07/26/2022 11:35:23,Chamber 5,28-041661d198ff,37.625,BLANK,0C,off
07/26/2022 11:35:43,Chamber 5,28-041661d198ff,37.562,BLANK,0C,off
07/26/2022 11:36:03,Chamber 5,28-041661d198ff,37.5,BLANK,0C,off
07/26/2022 11:36:23,Chamber 5,28-041661d198ff,37.437,BLANK,0C,off
07/26/2022 11:36:43,Chamber 5,28-041661d198ff,37.375,BLANK,0C,off
07/26/2022 11:37:03,Chamber 5,28-041661d198ff,37.312,BLANK,0C,off
07/26/2022 11:37:23,Chamber 5,28-041661d198ff,37.25,BLANK,0C,off
07/26/2022 11:37:43,Chamber 5,28-041661d198ff,37.187,BLANK,0C,off
07/26/2022 11:38:03,Chamber 5,28-041661d198ff,37.125,BLANK,0C,off
07/26/2022 11:38:23,Chamber 5,28-041661d198ff,37.062,BLANK,0C,off
07/26/2022 11:38:43,Chamber 5,28-041661d198ff,37.062,BLANK,0C,off
07/26/2022 11:39:03,Chamber 5,28-041661d198ff,37.0,BLANK,0C,off
07/26/2022 11:39:23,Chamber 5,28-041661d198ff,36.937,BLANK,0C,off
07/26/2022 11:39:43,Chamber 5,28-041661d198ff,36.875,BLANK,0C,off
07/26/2022 11:40:03,Chamber 5,28-041661d198ff,36.875,BLANK,0C,off
07/26/2022 11:40:23,Chamber 5,28-041661d198ff,36.812,BLANK,0C,off
07/26/2022 11:40:43,Chamber 5,28-041661d198ff,36.812,BLANK,0C,off
07/26/2022 11:41:03,Chamber 5,28-041661d198ff,36.75,BLANK,0C,off
07/26/2022 11:41:23,Chamber 5,28-041661d198ff,36.75,BLANK,0C,off
07/26/2022 11:41:43,Chamber 5,28-041661d198ff,36.687,BLANK,0C,off
07/26/2022 11:42:04,Chamber 5,28-041661d198ff,36.687,BLANK,0C,off
07/26/2022 11:42:23,Chamber 5,28-041661d198ff,36.625,BLANK,0C,off
07/26/2022 11:42:43,Chamber 5,28-041661d198ff,36.625,BLANK,0C,off
07/26/2022 11:43:03,Chamber 5,28-041661d198ff,36.625,BLANK,0C,off
07/26/2022 11:43:24,Chamber 5,28-041661d198ff,36.562,BLANK,0C,off
07/26/2022 11:43:43,Chamber 5,28-041661d198ff,36.562,BLANK,0C,off
07/26/2022 11:44:03,Chamber 5,28-041661d198ff,36.5,BLANK,0C,off
07/26/2022 11:44:23,Chamber 5,28-041661d198ff,36.5,BLANK,0C,off
07/26/2022 11:44:43,Chamber 5,28-041661d198ff,36.5,BLANK,0C,off
07/26/2022 11:45:03,Chamber 5,28-041661d198ff,36.5,BLANK,0C,off
07/26/2022 11:45:23,Chamber 5,28-041661d198ff,36.5,BLANK,0C,off
07/26/2022 11:45:43,Chamber 5,28-041661d198ff,36.437,BLANK,0C,off
07/26/2022 11:46:03,Chamber 5,28-041661d198ff,36.437,BLANK,0C,off
07/26/2022 11:46:23,Chamber 5,28-041661d198ff,36.437,BLANK,0C,off
07/26/2022 11:46:43,Chamber 5,28-041661d198ff,36.437,BLANK,0C,off
07/26/2022 11:47:03,Chamber 5,28-041661d198ff,36.437,BLANK,0C,off
07/26/2022 11:47:24,Chamber 5,28-041661d198ff,36.437,BLANK,0C,off
07/26/2022 11:47:43,Chamber 5,28-041661d198ff,36.5,BLANK,0C,off
07/26/2022 11:48:04,Chamber 5,28-041661d198ff,36.5,BLANK,0C,off
07/26/2022 11:48:23,Chamber 5,28-041661d198ff,36.5,BLANK,0C,off
07/26/2022 11:48:43,Chamber 5,28-041661d198ff,36.5,BLANK,0C,off
07/26/2022 11:49:03,Chamber 5,28-041661d198ff,36.562,BLANK,0C,off
07/26/2022 11:49:23,Chamber 5,28-041661d198ff,36.562,BLANK,0C,off
07/26/2022 11:49:43,Chamber 5,28-041661d198ff,36.562,BLANK,0C,off
07/26/2022 11:50:03,Chamber 5,28-041661d198ff,36.625,BLANK,0C,off
07/26/2022 11:50:23,Chamber 5,28-041661d198ff,36.625,BLANK,0C,off
07/26/2022 11:50:43,Chamber 5,28-041661d198ff,36.625,BLANK,0C,off
07/26/2022 11:51:03,Chamber 5,28-041661d198ff,36.75,BLANK,0C,off
07/26/2022 11:51:23,Chamber 5,28-041661d198ff,36.75,BLANK,0C,off
07/26/2022 11:51:43,Chamber 5,28-041661d198ff,36.75,BLANK,0C,off
07/26/2022 11:52:03,Chamber 5,28-041661d198ff,36.812,BLANK,0C,off
07/26/2022 11:52:23,Chamber 5,28-041661d198ff,36.875,BLANK,0C,off
07/26/2022 11:52:43,Chamber 5,28-041661d198ff,36.875,BLANK,0C,off
07/26/2022 11:53:03,Chamber 5,28-041661d198ff,36.937,BLANK,0C,off
07/26/2022 11:53:23,Chamber 5,28-041661d198ff,37.0,BLANK,0C,off
07/26/2022 11:53:43,Chamber 5,28-041661d198ff,37.062,BLANK,0C,off
07/26/2022 11:54:03,Chamber 5,28-041661d198ff,37.125,BLANK,0C,off
07/26/2022 11:54:24,Chamber 5,28-041661d198ff,37.125,BLANK,0C,off
07/26/2022 11:54:43,Chamber 5,28-041661d198ff,37.187,BLANK,0C,off
07/26/2022 11:55:03,Chamber 5,28-041661d198ff,37.187,BLANK,0C,off
07/26/2022 11:55:23,Chamber 5,28-041661d198ff,37.25,BLANK,0C,off
07/26/2022 11:55:44,Chamber 5,28-041661d198ff,37.312,BLANK,0C,off
07/26/2022 11:56:03,Chamber 5,28-041661d198ff,37.375,BLANK,0C,off
07/26/2022 11:56:23,Chamber 5,28-041661d198ff,37.5,BLANK,0C,off
07/26/2022 11:56:43,Chamber 5,28-041661d198ff,37.5,BLANK,0C,off
07/26/2022 11:57:03,Chamber 5,28-041661d198ff,37.562,BLANK,0C,off
07/26/2022 11:57:23,Chamber 5,28-041661d198ff,37.687,BLANK,0C,off
07/26/2022 11:57:43,Chamber 5,28-041661d198ff,37.75,BLANK,0C,off
07/26/2022 11:58:04,Chamber 5,28-041661d198ff,37.812,BLANK,0C,off
07/26/2022 11:58:23,Chamber 5,28-041661d198ff,37.875,BLANK,0C,off
07/26/2022 11:58:43,Chamber 5,28-041661d198ff,37.937,BLANK,0C,off
07/26/2022 11:59:03,Chamber 5,28-041661d198ff,38.0,BLANK,0C,off
07/26/2022 11:59:23,Chamber 5,28-041661d198ff,38.062,BLANK,0C,off
07/26/2022 11:59:44,Chamber 5,28-041661d198ff,38.187,BLANK,0C,off
07/26/2022 12:00:04,Chamber 5,28-041661d198ff,38.25,BLANK,0C,off
07/26/2022 12:00:23,Chamber 5,28-041661d198ff,38.312,BLANK,0C,off
07/26/2022 12:00:44,Chamber 5,28-041661d198ff,38.375,BLANK,0C,off
07/26/2022 12:01:02,Chamber 5,28-041661d198ff,38.5,BLANK,0C,off
07/26/2022 12:01:22,Chamber 5,28-041661d198ff,38.562,BLANK,0C,off
07/26/2022 12:01:42,Chamber 5,28-041661d198ff,38.625,BLANK,0C,off
07/26/2022 12:02:02,Chamber 5,28-041661d198ff,38.687,BLANK,0C,off
07/26/2022 12:02:22,Chamber 5,28-041661d198ff,38.75,BLANK,0C,off
07/26/2022 12:02:42,Chamber 5,28-041661d198ff,38.812,BLANK,0C,off
07/26/2022 12:03:02,Chamber 5,28-041661d198ff,38.875,BLANK,0C,off
07/26/2022 12:03:24,Chamber 5,28-041661d198ff,38.937,BLANK,0C,off
07/26/2022 12:03:42,Chamber 5,28-041661d198ff,39.0,BLANK,0C,off
07/26/2022 12:04:02,Chamber 5,28-041661d198ff,39.125,BLANK,0C,off
07/26/2022 12:04:22,Chamber 5,28-041661d198ff,39.187,BLANK,0C,off
07/26/2022 12:04:42,Chamber 5,28-041661d198ff,39.25,BLANK,0C,off
07/26/2022 12:05:02,Chamber 5,28-041661d198ff,39.312,BLANK,0C,off
07/26/2022 12:05:22,Chamber 5,28-041661d198ff,39.437,BLANK,0C,off
07/26/2022 12:05:42,Chamber 5,28-041661d198ff,39.437,BLANK,0C,off
07/26/2022 12:06:02,Chamber 5,28-041661d198ff,39.437,BLANK,0C,off
07/26/2022 12:06:22,Chamber 5,28-041661d198ff,39.625,BLANK,0C,off
07/26/2022 12:06:42,Chamber 5,28-041661d198ff,39.625,BLANK,0C,off
07/26/2022 12:07:02,Chamber 5,28-041661d198ff,39.812,BLANK,0C,off
07/26/2022 12:07:22,Chamber 5,28-041661d198ff,39.812,BLANK,0C,off
07/26/2022 12:07:42,Chamber 5,28-041661d198ff,39.937,BLANK,0C,off
07/26/2022 12:08:02,Chamber 5,28-041661d198ff,40.0,BLANK,0C,off
07/26/2022 12:08:22,Chamber 5,28-041661d198ff,40.125,BLANK,0C,off
07/26/2022 12:08:42,Chamber 5,28-041661d198ff,40.125,BLANK,0C,off
07/26/2022 12:09:02,Chamber 5,28-041661d198ff,40.125,BLANK,0C,off
07/26/2022 12:09:22,Chamber 5,28-041661d198ff,40.375,BLANK,0C,off
07/26/2022 12:09:42,Chamber 5,28-041661d198ff,40.437,BLANK,0C,off
07/26/2022 12:10:02,Chamber 5,28-041661d198ff,40.5,BLANK,0C,off
07/26/2022 12:10:22,Chamber 5,28-041661d198ff,40.625,BLANK,0C,off
07/26/2022 12:10:44,Chamber 5,28-041661d198ff,40.687,BLANK,0C,off
07/26/2022 12:11:02,Chamber 5,28-041661d198ff,40.687,BLANK,0C,off
07/26/2022 12:11:22,Chamber 5,28-041661d198ff,40.812,BLANK,0C,off
07/26/2022 12:11:42,Chamber 5,28-041661d198ff,40.937,BLANK,0C,off
07/26/2022 12:12:02,Chamber 5,28-041661d198ff,41.062,BLANK,0C,off
07/26/2022 12:12:22,Chamber 5,28-041661d198ff,41.187,BLANK,0C,off
07/26/2022 12:12:43,Chamber 5,28-041661d198ff,41.25,BLANK,0C,off
07/26/2022 12:13:02,Chamber 5,28-041661d198ff,41.375,BLANK,0C,off
07/26/2022 12:13:22,Chamber 5,28-041661d198ff,41.5,BLANK,0C,off
07/26/2022 12:13:42,Chamber 5,28-041661d198ff,41.562,BLANK,0C,off
07/26/2022 12:14:02,Chamber 5,28-041661d198ff,41.625,BLANK,0C,off
07/26/2022 12:14:22,Chamber 5,28-041661d198ff,41.625,BLANK,0C,off
07/26/2022 12:14:42,Chamber 5,28-041661d198ff,41.812,BLANK,0C,off
07/26/2022 12:15:02,Chamber 5,28-041661d198ff,41.875,BLANK,0C,off
07/26/2022 12:15:22,Chamber 5,28-041661d198ff,42.0,BLANK,0C,off
07/26/2022 12:15:42,Chamber 5,28-041661d198ff,42.062,BLANK,0C,off
07/26/2022 12:16:02,Chamber 5,28-041661d198ff,42.125,BLANK,0C,off
07/26/2022 12:16:22,Chamber 5,28-041661d198ff,42.187,BLANK,0C,off
07/26/2022 12:16:42,Chamber 5,28-041661d198ff,42.312,BLANK,0C,off
07/26/2022 12:17:02,Chamber 5,28-041661d198ff,42.375,BLANK,0C,off
07/26/2022 12:17:22,Chamber 5,28-041661d198ff,42.437,BLANK,0C,off
07/26/2022 12:17:42,Chamber 5,28-041661d198ff,42.5,BLANK,0C,off
07/26/2022 12:18:02,Chamber 5,28-041661d198ff,42.625,BLANK,0C,off
07/26/2022 12:18:22,Chamber 5,28-041661d198ff,42.687,BLANK,0C,off
07/26/2022 12:18:42,Chamber 5,28-041661d198ff,42.75,BLANK,0C,off
07/26/2022 12:19:02,Chamber 5,28-041661d198ff,42.812,BLANK,0C,off
07/26/2022 12:19:22,Chamber 5,28-041661d198ff,42.875,BLANK,0C,off
07/26/2022 12:19:42,Chamber 5,28-041661d198ff,42.937,BLANK,0C,off
07/26/2022 12:20:02,Chamber 5,28-041661d198ff,43.0,BLANK,0C,off
07/26/2022 12:20:22,Chamber 5,28-041661d198ff,43.062,BLANK,0C,off
07/26/2022 12:20:42,Chamber 5,28-041661d198ff,43.125,BLANK,0C,off
07/26/2022 12:21:02,Chamber 5,28-041661d198ff,43.187,BLANK,0C,off
07/26/2022 12:21:22,Chamber 5,28-041661d198ff,43.25,BLANK,0C,off
07/26/2022 12:21:42,Chamber 5,28-041661d198ff,43.25,BLANK,0C,off
07/26/2022 12:22:02,Chamber 5,28-041661d198ff,43.312,BLANK,0C,off
07/26/2022 12:22:23,Chamber 5,28-041661d198ff,43.375,BLANK,0C,off
07/26/2022 12:22:42,Chamber 5,28-041661d198ff,43.437,BLANK,0C,off
07/26/2022 12:23:02,Chamber 5,28-041661d198ff,43.5,BLANK,0C,off
07/26/2022 12:23:22,Chamber 5,28-041661d198ff,43.562,BLANK,0C,off
07/26/2022 12:23:43,Chamber 5,28-041661d198ff,43.625,BLANK,0C,off
07/26/2022 12:24:02,Chamber 5,28-041661d198ff,43.625,BLANK,0C,off
07/26/2022 12:24:22,Chamber 5,28-041661d198ff,43.625,BLANK,0C,off
07/26/2022 12:24:43,Chamber 5,28-041661d198ff,43.687,BLANK,0C,off
07/26/2022 12:25:02,Chamber 5,28-041661d198ff,43.687,BLANK,0C,off
07/26/2022 12:25:22,Chamber 5,28-041661d198ff,43.75,BLANK,0C,off
07/26/2022 12:25:42,Chamber 5,28-041661d198ff,43.75,BLANK,0C,off
07/26/2022 12:26:03,Chamber 5,28-041661d198ff,43.812,BLANK,0C,off
07/26/2022 12:26:22,Chamber 5,28-041661d198ff,43.875,BLANK,0C,off
07/26/2022 12:26:42,Chamber 5,28-041661d198ff,43.875,BLANK,0C,off
07/26/2022 12:27:02,Chamber 5,28-041661d198ff,43.875,BLANK,0C,off
07/26/2022 12:27:22,Chamber 5,28-041661d198ff,43.875,BLANK,0C,off
07/26/2022 12:27:43,Chamber 5,28-041661d198ff,43.937,BLANK,0C,off
07/26/2022 12:28:02,Chamber 5,28-041661d198ff,43.875,BLANK,0C,off
07/26/2022 12:28:22,Chamber 5,28-041661d198ff,43.875,BLANK,0C,off
07/26/2022 12:28:42,Chamber 5,28-041661d198ff,43.875,BLANK,0C,off
07/26/2022 12:29:04,Chamber 5,28-041661d198ff,43.875,BLANK,0C,off
07/26/2022 12:29:22,Chamber 5,28-041661d198ff,43.812,BLANK,0C,off
07/26/2022 12:29:42,Chamber 5,28-041661d198ff,43.812,BLANK,0C,off
07/26/2022 12:30:02,Chamber 5,28-041661d198ff,43.812,BLANK,0C,off
07/26/2022 12:30:22,Chamber 5,28-041661d198ff,43.812,BLANK,0C,off
07/26/2022 12:30:42,Chamber 5,28-041661d198ff,43.75,BLANK,0C,off
07/26/2022 12:31:02,Chamber 5,28-041661d198ff,43.75,BLANK,0C,off
07/26/2022 12:31:22,Chamber 5,28-041661d198ff,43.75,BLANK,0C,off
07/26/2022 12:31:42,Chamber 5,28-041661d198ff,43.687,BLANK,0C,off
07/26/2022 12:32:02,Chamber 5,28-041661d198ff,43.687,BLANK,0C,off
07/26/2022 12:32:22,Chamber 5,28-041661d198ff,43.687,BLANK,0C,off
07/26/2022 12:32:42,Chamber 5,28-041661d198ff,43.687,BLANK,0C,off
07/26/2022 12:33:02,Chamber 5,28-041661d198ff,43.687,BLANK,0C,off
07/26/2022 12:33:22,Chamber 5,28-041661d198ff,43.625,BLANK,0C,off
07/26/2022 12:33:42,Chamber 5,28-041661d198ff,43.625,BLANK,0C,off
07/26/2022 12:34:02,Chamber 5,28-041661d198ff,43.625,BLANK,0C,off
07/26/2022 12:34:22,Chamber 5,28-041661d198ff,43.625,BLANK,0C,off
07/26/2022 12:34:42,Chamber 5,28-041661d198ff,43.562,BLANK,0C,off
07/26/2022 12:35:02,Chamber 5,28-041661d198ff,43.562,BLANK,0C,off
07/26/2022 12:35:22,Chamber 5,28-041661d198ff,43.562,BLANK,0C,off
07/26/2022 12:35:42,Chamber 5,28-041661d198ff,43.5,BLANK,0C,off
07/26/2022 12:36:02,Chamber 5,28-041661d198ff,43.5,BLANK,0C,off
07/26/2022 12:36:22,Chamber 5,28-041661d198ff,43.437,BLANK,0C,off
07/26/2022 12:36:42,Chamber 5,28-041661d198ff,43.437,BLANK,0C,off
07/26/2022 12:37:02,Chamber 5,28-041661d198ff,43.375,BLANK,0C,off
07/26/2022 12:37:23,Chamber 5,28-041661d198ff,43.312,BLANK,0C,off
07/26/2022 12:37:42,Chamber 5,28-041661d198ff,43.312,BLANK,0C,off
07/26/2022 12:38:02,Chamber 5,28-041661d198ff,43.25,BLANK,0C,off
07/26/2022 12:38:23,Chamber 5,28-041661d198ff,43.25,BLANK,0C,off
07/26/2022 12:38:42,Chamber 5,28-041661d198ff,43.125,BLANK,0C,off
07/26/2022 12:39:02,Chamber 5,28-041661d198ff,43.062,BLANK,0C,off
07/26/2022 12:39:23,Chamber 5,28-041661d198ff,43.0,BLANK,0C,off
07/26/2022 12:39:42,Chamber 5,28-041661d198ff,42.937,BLANK,0C,off
07/26/2022 12:40:02,Chamber 5,28-041661d198ff,42.937,BLANK,0C,off
07/26/2022 12:40:22,Chamber 5,28-041661d198ff,42.875,BLANK,0C,off
07/26/2022 12:40:42,Chamber 5,28-041661d198ff,42.812,BLANK,0C,off
07/26/2022 12:41:02,Chamber 5,28-041661d198ff,42.75,BLANK,0C,off
07/26/2022 12:41:22,Chamber 5,28-041661d198ff,42.75,BLANK,0C,off
07/26/2022 12:41:42,Chamber 5,28-041661d198ff,42.625,BLANK,0C,off
07/26/2022 12:42:02,Chamber 5,28-041661d198ff,42.5,BLANK,0C,off
07/26/2022 12:42:22,Chamber 5,28-041661d198ff,42.437,BLANK,0C,off
07/26/2022 12:42:42,Chamber 5,28-041661d198ff,42.375,BLANK,0C,off
07/26/2022 12:43:02,Chamber 5,28-041661d198ff,42.312,BLANK,0C,off
07/26/2022 12:43:22,Chamber 5,28-041661d198ff,42.25,BLANK,0C,off
07/26/2022 12:43:42,Chamber 5,28-041661d198ff,42.187,BLANK,0C,off
07/26/2022 12:44:02,Chamber 5,28-041661d198ff,42.125,BLANK,0C,off
07/26/2022 12:44:22,Chamber 5,28-041661d198ff,42.062,BLANK,0C,off
07/26/2022 12:44:42,Chamber 5,28-041661d198ff,42.0,BLANK,0C,off
07/26/2022 12:45:02,Chamber 5,28-041661d198ff,41.937,BLANK,0C,off
07/26/2022 12:45:22,Chamber 5,28-041661d198ff,41.812,BLANK,0C,off
07/26/2022 12:45:42,Chamber 5,28-041661d198ff,41.75,BLANK,0C,off
07/26/2022 12:46:02,Chamber 5,28-041661d198ff,41.687,BLANK,0C,off
07/26/2022 12:46:22,Chamber 5,28-041661d198ff,41.625,BLANK,0C,off
07/26/2022 12:46:42,Chamber 5,28-041661d198ff,41.562,BLANK,0C,off
07/26/2022 12:47:02,Chamber 5,28-041661d198ff,41.437,BLANK,0C,off
07/26/2022 12:47:22,Chamber 5,28-041661d198ff,41.375,BLANK,0C,off
07/26/2022 12:47:42,Chamber 5,28-041661d198ff,41.312,BLANK,0C,off
07/26/2022 12:48:02,Chamber 5,28-041661d198ff,41.312,BLANK,0C,off
07/26/2022 12:48:22,Chamber 5,28-041661d198ff,41.125,BLANK,0C,off
07/26/2022 12:48:42,Chamber 5,28-041661d198ff,41.062,BLANK,0C,off
07/26/2022 12:49:02,Chamber 5,28-041661d198ff,41.0,BLANK,0C,off
07/26/2022 12:49:22,Chamber 5,28-041661d198ff,40.875,BLANK,0C,off
07/26/2022 12:49:42,Chamber 5,28-041661d198ff,40.812,BLANK,0C,off
07/26/2022 12:50:02,Chamber 5,28-041661d198ff,40.75,BLANK,0C,off
07/26/2022 12:50:23,Chamber 5,28-041661d198ff,40.687,BLANK,0C,off
07/26/2022 12:50:42,Chamber 5,28-041661d198ff,40.562,BLANK,0C,off
07/26/2022 12:51:02,Chamber 5,28-041661d198ff,40.5,BLANK,0C,off
07/26/2022 12:51:22,Chamber 5,28-041661d198ff,40.437,BLANK,0C,off
07/26/2022 12:51:42,Chamber 5,28-041661d198ff,40.312,BLANK,0C,off
07/26/2022 12:52:02,Chamber 5,28-041661d198ff,40.25,BLANK,0C,off
07/26/2022 12:52:22,Chamber 5,28-041661d198ff,40.187,BLANK,0C,off
07/26/2022 12:52:42,Chamber 5,28-041661d198ff,40.125,BLANK,0C,off
07/26/2022 12:53:02,Chamber 5,28-041661d198ff,40.0,BLANK,0C,off
07/26/2022 12:53:24,Chamber 5,28-041661d198ff,39.937,BLANK,0C,off
07/26/2022 12:53:42,Chamber 5,28-041661d198ff,39.875,BLANK,0C,off
07/26/2022 12:54:02,Chamber 5,28-041661d198ff,39.812,BLANK,0C,off
07/26/2022 12:54:22,Chamber 5,28-041661d198ff,39.687,BLANK,0C,off
07/26/2022 12:54:42,Chamber 5,28-041661d198ff,39.625,BLANK,0C,off
07/26/2022 12:55:02,Chamber 5,28-041661d198ff,39.562,BLANK,0C,off
07/26/2022 12:55:22,Chamber 5,28-041661d198ff,39.5,BLANK,0C,off
07/26/2022 12:55:42,Chamber 5,28-041661d198ff,39.5,BLANK,0C,off
07/26/2022 12:56:02,Chamber 5,28-041661d198ff,39.312,BLANK,0C,off
07/26/2022 12:56:22,Chamber 5,28-041661d198ff,39.25,BLANK,0C,off
07/26/2022 12:56:42,Chamber 5,28-041661d198ff,39.187,BLANK,0C,off
07/26/2022 12:57:03,Chamber 5,28-041661d198ff,39.187,BLANK,0C,off
07/26/2022 12:57:22,Chamber 5,28-041661d198ff,39.062,BLANK,0C,off
07/26/2022 12:57:42,Chamber 5,28-041661d198ff,39.062,BLANK,0C,off
07/26/2022 12:58:02,Chamber 5,28-041661d198ff,38.875,BLANK,0C,off
07/26/2022 12:58:23,Chamber 5,28-041661d198ff,38.812,BLANK,0C,off
07/26/2022 12:58:42,Chamber 5,28-041661d198ff,38.75,BLANK,0C,off
07/26/2022 12:59:02,Chamber 5,28-041661d198ff,38.687,BLANK,0C,off
07/26/2022 12:59:22,Chamber 5,28-041661d198ff,38.625,BLANK,0C,off
07/26/2022 12:59:43,Chamber 5,28-041661d198ff,38.562,BLANK,0C,off
07/26/2022 13:00:03,Chamber 5,28-041661d198ff,38.5,BLANK,0C,off
07/26/2022 13:00:23,Chamber 5,28-041661d198ff,38.437,BLANK,0C,off
07/26/2022 13:00:43,Chamber 5,28-041661d198ff,38.375,BLANK,0C,off
07/26/2022 13:01:03,Chamber 5,28-041661d198ff,38.25,BLANK,0C,off
07/26/2022 13:01:24,Chamber 5,28-041661d198ff,38.25,BLANK,0C,off
07/26/2022 13:01:43,Chamber 5,28-041661d198ff,38.187,BLANK,0C,off
07/26/2022 13:02:03,Chamber 5,28-041661d198ff,38.062,BLANK,0C,off
07/26/2022 13:02:23,Chamber 5,28-041661d198ff,38.0,BLANK,0C,off
07/26/2022 13:02:43,Chamber 5,28-041661d198ff,38.0,BLANK,0C,off
07/26/2022 13:03:03,Chamber 5,28-041661d198ff,37.937,BLANK,0C,off
07/26/2022 13:03:23,Chamber 5,28-041661d198ff,37.875,BLANK,0C,off
07/26/2022 13:03:43,Chamber 5,28-041661d198ff,37.812,BLANK,0C,off
07/26/2022 13:04:03,Chamber 5,28-041661d198ff,37.75,BLANK,0C,off
07/26/2022 13:04:23,Chamber 5,28-041661d198ff,37.687,BLANK,0C,off
07/26/2022 13:04:43,Chamber 5,28-041661d198ff,37.625,BLANK,0C,off
07/26/2022 13:05:03,Chamber 5,28-041661d198ff,37.562,BLANK,0C,off
07/26/2022 13:05:23,Chamber 5,28-041661d198ff,37.562,BLANK,0C,off
07/26/2022 13:05:43,Chamber 5,28-041661d198ff,37.5,BLANK,0C,off
07/26/2022 13:06:03,Chamber 5,28-041661d198ff,37.437,BLANK,0C,off
07/26/2022 13:06:23,Chamber 5,28-041661d198ff,37.375,BLANK,0C,off
07/26/2022 13:06:43,Chamber 5,28-041661d198ff,37.375,BLANK,0C,off
07/26/2022 13:07:03,Chamber 5,28-041661d198ff,37.312,BLANK,0C,off
07/26/2022 13:07:23,Chamber 5,28-041661d198ff,37.25,BLANK,0C,off
07/26/2022 13:07:43,Chamber 5,28-041661d198ff,37.25,BLANK,0C,off
07/26/2022 13:08:03,Chamber 5,28-041661d198ff,37.187,BLANK,0C,off
07/26/2022 13:08:23,Chamber 5,28-041661d198ff,37.187,BLANK,0C,off
07/26/2022 13:08:43,Chamber 5,28-041661d198ff,37.125,BLANK,0C,off
07/26/2022 13:09:03,Chamber 5,28-041661d198ff,37.125,BLANK,0C,off
07/26/2022 13:09:23,Chamber 5,28-041661d198ff,37.062,BLANK,0C,off
07/26/2022 13:09:43,Chamber 5,28-041661d198ff,37.0,BLANK,0C,off
07/26/2022 13:10:03,Chamber 5,28-041661d198ff,37.0,BLANK,0C,off
07/26/2022 13:10:23,Chamber 5,28-041661d198ff,37.0,BLANK,0C,off
07/26/2022 13:10:43,Chamber 5,28-041661d198ff,36.937,BLANK,0C,off
07/26/2022 13:11:03,Chamber 5,28-041661d198ff,36.937,BLANK,0C,off
07/26/2022 13:11:23,Chamber 5,28-041661d198ff,36.937,BLANK,0C,off
07/26/2022 13:11:43,Chamber 5,28-041661d198ff,36.875,BLANK,0C,off
07/26/2022 13:12:03,Chamber 5,28-041661d198ff,36.875,BLANK,0C,off
07/26/2022 13:12:23,Chamber 5,28-041661d198ff,36.875,BLANK,0C,off
07/26/2022 13:12:43,Chamber 5,28-041661d198ff,36.812,BLANK,0C,off
07/26/2022 13:13:03,Chamber 5,28-041661d198ff,36.812,BLANK,0C,off
07/26/2022 13:13:23,Chamber 5,28-041661d198ff,36.812,BLANK,0C,off
07/26/2022 13:13:43,Chamber 5,28-041661d198ff,36.812,BLANK,0C,off
07/26/2022 13:14:03,Chamber 5,28-041661d198ff,36.812,BLANK,0C,off
07/26/2022 13:14:23,Chamber 5,28-041661d198ff,36.812,BLANK,0C,off
07/26/2022 13:14:43,Chamber 5,28-041661d198ff,36.75,BLANK,0C,off
07/26/2022 13:15:03,Chamber 5,28-041661d198ff,36.812,BLANK,0C,off
07/26/2022 13:15:23,Chamber 5,28-041661d198ff,36.812,BLANK,0C,off
07/26/2022 13:15:43,Chamber 5,28-041661d198ff,36.812,BLANK,0C,off
07/26/2022 13:16:03,Chamber 5,28-041661d198ff,36.812,BLANK,0C,off
07/26/2022 13:16:23,Chamber 5,28-041661d198ff,36.875,BLANK,0C,off
07/26/2022 13:16:43,Chamber 5,28-041661d198ff,36.875,BLANK,0C,off
07/26/2022 13:17:03,Chamber 5,28-041661d198ff,36.937,BLANK,0C,off
07/26/2022 13:17:23,Chamber 5,28-041661d198ff,36.937,BLANK,0C,off
07/26/2022 13:17:43,Chamber 5,28-041661d198ff,37.0,BLANK,0C,off
07/26/2022 13:18:03,Chamber 5,28-041661d198ff,37.062,BLANK,0C,off
07/26/2022 13:18:23,Chamber 5,28-041661d198ff,37.125,BLANK,0C,off
07/26/2022 13:18:43,Chamber 5,28-041661d198ff,37.187,BLANK,0C,off
07/26/2022 13:19:03,Chamber 5,28-041661d198ff,37.312,BLANK,0C,off
07/26/2022 13:19:23,Chamber 5,28-041661d198ff,37.375,BLANK,0C,off
07/26/2022 13:19:43,Chamber 5,28-041661d198ff,37.375,BLANK,0C,off
07/26/2022 13:20:03,Chamber 5,28-041661d198ff,37.562,BLANK,0C,off
07/26/2022 13:20:24,Chamber 5,28-041661d198ff,37.625,BLANK,0C,off
07/26/2022 13:20:43,Chamber 5,28-041661d198ff,37.75,BLANK,0C,off
07/26/2022 13:21:03,Chamber 5,28-041661d198ff,37.812,BLANK,0C,off
07/26/2022 13:21:23,Chamber 5,28-041661d198ff,37.937,BLANK,0C,off
07/26/2022 13:21:43,Chamber 5,28-041661d198ff,38.062,BLANK,0C,off
07/26/2022 13:22:03,Chamber 5,28-041661d198ff,38.187,BLANK,0C,off
07/26/2022 13:22:23,Chamber 5,28-041661d198ff,38.312,BLANK,0C,off
07/26/2022 13:22:43,Chamber 5,28-041661d198ff,38.437,BLANK,0C,off
07/26/2022 13:23:03,Chamber 5,28-041661d198ff,38.562,BLANK,0C,off
07/26/2022 13:23:23,Chamber 5,28-041661d198ff,38.75,BLANK,0C,off
07/26/2022 13:23:43,Chamber 5,28-041661d198ff,38.875,BLANK,0C,off
07/26/2022 13:24:03,Chamber 5,28-041661d198ff,39.062,BLANK,0C,off
07/26/2022 13:24:23,Chamber 5,28-041661d198ff,39.187,BLANK,0C,off
07/26/2022 13:24:43,Chamber 5,28-041661d198ff,39.375,BLANK,0C,off
07/26/2022 13:25:03,Chamber 5,28-041661d198ff,39.562,BLANK,0C,off
07/26/2022 13:25:23,Chamber 5,28-041661d198ff,39.75,BLANK,0C,off
07/26/2022 13:25:43,Chamber 5,28-041661d198ff,39.75,BLANK,0C,off
07/26/2022 13:26:03,Chamber 5,28-041661d198ff,40.25,BLANK,0C,off
07/26/2022 13:26:23,Chamber 5,28-041661d198ff,40.437,BLANK,0C,off
07/26/2022 13:26:43,Chamber 5,28-041661d198ff,40.687,BLANK,0C,off
07/26/2022 13:27:03,Chamber 5,28-041661d198ff,40.875,BLANK,0C,off
07/26/2022 13:27:23,Chamber 5,28-041661d198ff,40.875,BLANK,0C,off
07/26/2022 13:27:43,Chamber 5,28-041661d198ff,41.25,BLANK,0C,off
07/26/2022 13:28:03,Chamber 5,28-041661d198ff,41.375,BLANK,0C,off
07/26/2022 13:28:23,Chamber 5,28-041661d198ff,41.5,BLANK,0C,off
07/26/2022 13:28:43,Chamber 5,28-041661d198ff,41.687,BLANK,0C,off
07/26/2022 13:29:03,Chamber 5,28-041661d198ff,41.812,BLANK,0C,off
07/26/2022 13:29:24,Chamber 5,28-041661d198ff,42.0,BLANK,0C,off
07/26/2022 13:29:43,Chamber 5,28-041661d198ff,42.062,BLANK,0C,off
07/26/2022 13:30:03,Chamber 5,28-041661d198ff,42.25,BLANK,0C,off
07/26/2022 13:30:23,Chamber 5,28-041661d198ff,42.375,BLANK,0C,off
07/26/2022 13:30:43,Chamber 5,28-041661d198ff,42.375,BLANK,0C,off
07/26/2022 13:31:03,Chamber 5,28-041661d198ff,42.375,BLANK,0C,off
07/26/2022 13:31:23,Chamber 5,28-041661d198ff,42.562,BLANK,0C,off
07/26/2022 13:31:43,Chamber 5,28-041661d198ff,42.562,BLANK,0C,off
07/26/2022 13:32:03,Chamber 5,28-041661d198ff,42.562,BLANK,0C,off
07/26/2022 13:32:23,Chamber 5,28-041661d198ff,42.625,BLANK,0C,off
07/26/2022 13:32:43,Chamber 5,28-041661d198ff,42.625,BLANK,0C,off
07/26/2022 13:33:03,Chamber 5,28-041661d198ff,42.562,BLANK,0C,off
07/26/2022 13:33:23,Chamber 5,28-041661d198ff,42.562,BLANK,0C,off
07/26/2022 13:33:43,Chamber 5,28-041661d198ff,42.5,BLANK,0C,off
07/26/2022 13:34:03,Chamber 5,28-041661d198ff,42.437,BLANK,0C,off
07/26/2022 13:34:23,Chamber 5,28-041661d198ff,42.312,BLANK,0C,off
07/26/2022 13:34:43,Chamber 5,28-041661d198ff,42.312,BLANK,0C,off
07/26/2022 13:35:03,Chamber 5,28-041661d198ff,42.187,BLANK,0C,off
07/26/2022 13:35:23,Chamber 5,28-041661d198ff,42.125,BLANK,0C,off
07/26/2022 13:35:44,Chamber 5,28-041661d198ff,42.062,BLANK,0C,off
07/26/2022 13:36:03,Chamber 5,28-041661d198ff,41.937,BLANK,0C,off
07/26/2022 13:36:23,Chamber 5,28-041661d198ff,41.875,BLANK,0C,off
07/26/2022 13:36:43,Chamber 5,28-041661d198ff,41.75,BLANK,0C,off
07/26/2022 13:37:03,Chamber 5,28-041661d198ff,41.625,BLANK,0C,off
07/26/2022 13:37:23,Chamber 5,28-041661d198ff,41.5,BLANK,0C,off
07/26/2022 13:37:43,Chamber 5,28-041661d198ff,41.375,BLANK,0C,off
07/26/2022 13:38:03,Chamber 5,28-041661d198ff,41.25,BLANK,0C,off
07/26/2022 13:38:23,Chamber 5,28-041661d198ff,41.125,BLANK,0C,off
07/26/2022 13:38:43,Chamber 5,28-041661d198ff,40.937,BLANK,0C,off
07/26/2022 13:39:03,Chamber 5,28-041661d198ff,40.812,BLANK,0C,off
07/26/2022 13:39:23,Chamber 5,28-041661d198ff,40.687,BLANK,0C,off
07/26/2022 13:39:43,Chamber 5,28-041661d198ff,40.562,BLANK,0C,off
07/26/2022 13:40:03,Chamber 5,28-041661d198ff,40.437,BLANK,0C,off
07/26/2022 13:40:23,Chamber 5,28-041661d198ff,40.312,BLANK,0C,off
07/26/2022 13:40:43,Chamber 5,28-041661d198ff,40.125,BLANK,0C,off
07/26/2022 13:41:03,Chamber 5,28-041661d198ff,40.0,BLANK,0C,off
07/26/2022 13:41:23,Chamber 5,28-041661d198ff,39.875,BLANK,0C,off
07/26/2022 13:41:43,Chamber 5,28-041661d198ff,39.75,BLANK,0C,off
07/26/2022 13:42:03,Chamber 5,28-041661d198ff,39.562,BLANK,0C,off
07/26/2022 13:42:23,Chamber 5,28-041661d198ff,39.5,BLANK,0C,off
07/26/2022 13:42:43,Chamber 5,28-041661d198ff,39.375,BLANK,0C,off
07/26/2022 13:43:03,Chamber 5,28-041661d198ff,39.25,BLANK,0C,off
07/26/2022 13:43:23,Chamber 5,28-041661d198ff,39.187,BLANK,0C,off
07/26/2022 13:43:43,Chamber 5,28-041661d198ff,39.062,BLANK,0C,off
07/26/2022 13:44:03,Chamber 5,28-041661d198ff,38.937,BLANK,0C,off
07/26/2022 13:44:23,Chamber 5,28-041661d198ff,38.875,BLANK,0C,off
07/26/2022 13:44:43,Chamber 5,28-041661d198ff,38.812,BLANK,0C,off
07/26/2022 13:45:03,Chamber 5,28-041661d198ff,38.75,BLANK,0C,off
07/26/2022 13:45:23,Chamber 5,28-041661d198ff,38.687,BLANK,0C,off
07/26/2022 13:45:43,Chamber 5,28-041661d198ff,38.625,BLANK,0C,off
07/26/2022 13:46:03,Chamber 5,28-041661d198ff,38.562,BLANK,0C,off
07/26/2022 13:46:23,Chamber 5,28-041661d198ff,38.562,BLANK,0C,off
07/26/2022 13:46:43,Chamber 5,28-041661d198ff,38.5,BLANK,0C,off
07/26/2022 13:47:03,Chamber 5,28-041661d198ff,38.5,BLANK,0C,off
07/26/2022 13:47:23,Chamber 5,28-041661d198ff,38.437,BLANK,0C,off
07/26/2022 13:47:43,Chamber 5,28-041661d198ff,38.437,BLANK,0C,off
07/26/2022 13:48:03,Chamber 5,28-041661d198ff,38.437,BLANK,0C,off
07/26/2022 13:48:23,Chamber 5,28-041661d198ff,38.437,BLANK,0C,off
07/26/2022 13:48:43,Chamber 5,28-041661d198ff,38.437,BLANK,0C,off
07/26/2022 13:49:03,Chamber 5,28-041661d198ff,38.437,BLANK,0C,off
07/26/2022 13:49:23,Chamber 5,28-041661d198ff,38.5,BLANK,0C,off
07/26/2022 13:49:43,Chamber 5,28-041661d198ff,38.5,BLANK,0C,off
07/26/2022 13:50:03,Chamber 5,28-041661d198ff,38.5,BLANK,0C,off
07/26/2022 13:50:23,Chamber 5,28-041661d198ff,38.562,BLANK,0C,off
07/26/2022 13:50:43,Chamber 5,28-041661d198ff,38.562,BLANK,0C,off
07/26/2022 13:51:03,Chamber 5,28-041661d198ff,38.625,BLANK,0C,off
07/26/2022 13:51:23,Chamber 5,28-041661d198ff,38.687,BLANK,0C,off
07/26/2022 13:51:43,Chamber 5,28-041661d198ff,38.75,BLANK,0C,off
07/26/2022 13:52:03,Chamber 5,28-041661d198ff,38.75,BLANK,0C,off
07/26/2022 13:52:23,Chamber 5,28-041661d198ff,38.812,BLANK,0C,off
07/26/2022 13:52:43,Chamber 5,28-041661d198ff,38.875,BLANK,0C,off
07/26/2022 13:53:03,Chamber 5,28-041661d198ff,38.937,BLANK,0C,off
07/26/2022 13:53:23,Chamber 5,28-041661d198ff,39.0,BLANK,0C,off
07/26/2022 13:53:44,Chamber 5,28-041661d198ff,39.125,BLANK,0C,off
07/26/2022 13:54:03,Chamber 5,28-041661d198ff,39.125,BLANK,0C,off
07/26/2022 13:54:23,Chamber 5,28-041661d198ff,39.25,BLANK,0C,off
07/26/2022 13:54:43,Chamber 5,28-041661d198ff,39.312,BLANK,0C,off
07/26/2022 13:55:03,Chamber 5,28-041661d198ff,39.375,BLANK,0C,off
07/26/2022 13:55:23,Chamber 5,28-041661d198ff,39.437,BLANK,0C,off
07/26/2022 13:55:43,Chamber 5,28-041661d198ff,39.562,BLANK,0C,off
07/26/2022 13:56:03,Chamber 5,28-041661d198ff,39.562,BLANK,0C,off
07/26/2022 13:56:23,Chamber 5,28-041661d198ff,39.687,BLANK,0C,off
07/26/2022 13:56:43,Chamber 5,28-041661d198ff,39.75,BLANK,0C,off
07/26/2022 13:57:03,Chamber 5,28-041661d198ff,39.875,BLANK,0C,off
07/26/2022 13:57:23,Chamber 5,28-041661d198ff,39.937,BLANK,0C,off
07/26/2022 13:57:43,Chamber 5,28-041661d198ff,40.0,BLANK,0C,off
07/26/2022 13:58:03,Chamber 5,28-041661d198ff,40.125,BLANK,0C,off
07/26/2022 13:58:23,Chamber 5,28-041661d198ff,40.187,BLANK,0C,off
07/26/2022 13:58:43,Chamber 5,28-041661d198ff,40.25,BLANK,0C,off
07/26/2022 13:59:04,Chamber 5,28-041661d198ff,40.375,BLANK,0C,off
07/26/2022 13:59:23,Chamber 5,28-041661d198ff,40.5,BLANK,0C,off
07/26/2022 13:59:43,Chamber 5,28-041661d198ff,40.562,BLANK,0C,off
07/26/2022 14:00:02,Chamber 5,28-041661d198ff,40.625,BLANK,0C,off
07/26/2022 14:00:22,Chamber 5,28-041661d198ff,40.75,BLANK,0C,off
07/26/2022 14:00:42,Chamber 5,28-041661d198ff,40.812,BLANK,0C,off
07/26/2022 14:01:02,Chamber 5,28-041661d198ff,40.937,BLANK,0C,off
07/26/2022 14:01:22,Chamber 5,28-041661d198ff,41.0,BLANK,0C,off
07/26/2022 14:01:42,Chamber 5,28-041661d198ff,41.062,BLANK,0C,off
07/26/2022 14:02:02,Chamber 5,28-041661d198ff,41.125,BLANK,0C,off
07/26/2022 14:02:22,Chamber 5,28-041661d198ff,41.25,BLANK,0C,off
07/26/2022 14:02:42,Chamber 5,28-041661d198ff,41.25,BLANK,0C,off
07/26/2022 14:03:04,Chamber 5,28-041661d198ff,41.5,BLANK,0C,off
07/26/2022 14:03:22,Chamber 5,28-041661d198ff,41.5,BLANK,0C,off
07/26/2022 14:03:42,Chamber 5,28-041661d198ff,41.75,BLANK,0C,off
07/26/2022 14:04:02,Chamber 5,28-041661d198ff,41.875,BLANK,0C,off
07/26/2022 14:04:22,Chamber 5,28-041661d198ff,42.0,BLANK,0C,off
07/26/2022 14:04:42,Chamber 5,28-041661d198ff,42.062,BLANK,0C,off
07/26/2022 14:05:02,Chamber 5,28-041661d198ff,42.187,BLANK,0C,off
07/26/2022 14:05:22,Chamber 5,28-041661d198ff,42.312,BLANK,0C,off
07/26/2022 14:05:44,Chamber 5,28-041661d198ff,42.5,BLANK,0C,off
07/26/2022 14:06:02,Chamber 5,28-041661d198ff,42.625,BLANK,0C,off
07/26/2022 14:06:22,Chamber 5,28-041661d198ff,42.75,BLANK,0C,off
07/26/2022 14:06:42,Chamber 5,28-041661d198ff,42.937,BLANK,0C,off
07/26/2022 14:07:02,Chamber 5,28-041661d198ff,43.062,BLANK,0C,off
07/26/2022 14:07:23,Chamber 5,28-041661d198ff,43.125,BLANK,0C,off
07/26/2022 14:07:42,Chamber 5,28-041661d198ff,43.25,BLANK,0C,off
07/26/2022 14:08:03,Chamber 5,28-041661d198ff,43.375,BLANK,0C,off
07/26/2022 14:08:22,Chamber 5,28-041661d198ff,43.562,BLANK,0C,off
07/26/2022 14:08:42,Chamber 5,28-041661d198ff,43.75,BLANK,0C,off
07/26/2022 14:09:02,Chamber 5,28-041661d198ff,43.812,BLANK,0C,off
07/26/2022 14:09:22,Chamber 5,28-041661d198ff,43.875,BLANK,0C,off
07/26/2022 14:09:42,Chamber 5,28-041661d198ff,44.062,BLANK,0C,off
07/26/2022 14:10:02,Chamber 5,28-041661d198ff,44.187,BLANK,0C,off
07/26/2022 14:10:22,Chamber 5,28-041661d198ff,44.312,BLANK,0C,off
07/26/2022 14:10:42,Chamber 5,28-041661d198ff,44.437,BLANK,0C,off
07/26/2022 14:11:02,Chamber 5,28-041661d198ff,44.5,BLANK,0C,off
07/26/2022 14:11:22,Chamber 5,28-041661d198ff,44.625,BLANK,0C,off
07/26/2022 14:11:42,Chamber 5,28-041661d198ff,44.687,BLANK,0C,off
07/26/2022 14:12:02,Chamber 5,28-041661d198ff,44.812,BLANK,0C,off
07/26/2022 14:12:22,Chamber 5,28-041661d198ff,44.875,BLANK,0C,off
07/26/2022 14:12:42,Chamber 5,28-041661d198ff,44.937,BLANK,0C,off
07/26/2022 14:13:02,Chamber 5,28-041661d198ff,45.062,BLANK,0C,off
07/26/2022 14:13:22,Chamber 5,28-041661d198ff,45.125,BLANK,0C,off
07/26/2022 14:13:42,Chamber 5,28-041661d198ff,45.25,BLANK,0C,off
07/26/2022 14:14:02,Chamber 5,28-041661d198ff,45.312,BLANK,0C,off
07/26/2022 14:14:22,Chamber 5,28-041661d198ff,45.437,BLANK,0C,off
07/26/2022 14:14:42,Chamber 5,28-041661d198ff,45.5,BLANK,0C,off
07/26/2022 14:15:02,Chamber 5,28-041661d198ff,45.687,BLANK,0C,off
07/26/2022 14:15:22,Chamber 5,28-041661d198ff,45.75,BLANK,0C,off
07/26/2022 14:15:42,Chamber 5,28-041661d198ff,45.875,BLANK,0C,off
07/26/2022 14:16:02,Chamber 5,28-041661d198ff,46.062,BLANK,0C,off
07/26/2022 14:16:22,Chamber 5,28-041661d198ff,46.187,BLANK,0C,off
07/26/2022 14:16:43,Chamber 5,28-041661d198ff,46.312,BLANK,0C,off
07/26/2022 14:17:03,Chamber 5,28-041661d198ff,46.312,BLANK,0C,off
07/26/2022 14:17:22,Chamber 5,28-041661d198ff,46.437,BLANK,0C,off
07/26/2022 14:17:42,Chamber 5,28-041661d198ff,46.5,BLANK,0C,off
07/26/2022 14:18:04,Chamber 5,28-041661d198ff,46.562,BLANK,0C,off
07/26/2022 14:18:22,Chamber 5,28-041661d198ff,46.625,BLANK,0C,off
07/26/2022 14:18:42,Chamber 5,28-041661d198ff,46.625,BLANK,0C,off
07/26/2022 14:19:03,Chamber 5,28-041661d198ff,46.625,BLANK,0C,off
07/26/2022 14:19:22,Chamber 5,28-041661d198ff,46.75,BLANK,0C,off
07/26/2022 14:19:42,Chamber 5,28-041661d198ff,46.812,BLANK,0C,off
07/26/2022 14:20:02,Chamber 5,28-041661d198ff,46.875,BLANK,0C,off
07/26/2022 14:20:22,Chamber 5,28-041661d198ff,46.875,BLANK,0C,off
07/26/2022 14:20:42,Chamber 5,28-041661d198ff,46.937,BLANK,0C,off
07/26/2022 14:21:02,Chamber 5,28-041661d198ff,47.0,BLANK,0C,off
07/26/2022 14:21:22,Chamber 5,28-041661d198ff,46.937,BLANK,0C,off
07/26/2022 14:21:42,Chamber 5,28-041661d198ff,47.0,BLANK,0C,off
07/26/2022 14:22:02,Chamber 5,28-041661d198ff,47.125,BLANK,0C,off
07/26/2022 14:22:22,Chamber 5,28-041661d198ff,47.187,BLANK,0C,off
07/26/2022 14:22:42,Chamber 5,28-041661d198ff,47.187,BLANK,0C,off
07/26/2022 14:23:02,Chamber 5,28-041661d198ff,47.187,BLANK,0C,off
07/26/2022 14:23:22,Chamber 5,28-041661d198ff,47.25,BLANK,0C,off
07/26/2022 14:23:42,Chamber 5,28-041661d198ff,47.312,BLANK,0C,off
07/26/2022 14:24:02,Chamber 5,28-041661d198ff,47.312,BLANK,0C,off
07/26/2022 14:24:22,Chamber 5,28-041661d198ff,47.312,BLANK,0C,off
07/26/2022 14:24:42,Chamber 5,28-041661d198ff,47.375,BLANK,0C,off
07/26/2022 14:25:02,Chamber 5,28-041661d198ff,47.375,BLANK,0C,off
07/26/2022 14:25:22,Chamber 5,28-041661d198ff,47.375,BLANK,0C,off
07/26/2022 14:25:42,Chamber 5,28-041661d198ff,47.437,BLANK,0C,off
07/26/2022 14:26:02,Chamber 5,28-041661d198ff,47.437,BLANK,0C,off
07/26/2022 14:26:23,Chamber 5,28-041661d198ff,47.437,BLANK,0C,off
07/26/2022 14:26:42,Chamber 5,28-041661d198ff,47.437,BLANK,0C,off
07/26/2022 14:27:02,Chamber 5,28-041661d198ff,47.375,BLANK,0C,off
07/26/2022 14:27:22,Chamber 5,28-041661d198ff,47.312,BLANK,0C,off
07/26/2022 14:27:42,Chamber 5,28-041661d198ff,47.375,BLANK,0C,off
07/26/2022 14:28:02,Chamber 5,28-041661d198ff,47.375,BLANK,0C,off
07/26/2022 14:28:22,Chamber 5,28-041661d198ff,47.375,BLANK,0C,off
07/26/2022 14:28:42,Chamber 5,28-041661d198ff,47.375,BLANK,0C,off
07/26/2022 14:29:02,Chamber 5,28-041661d198ff,47.312,BLANK,0C,off
07/26/2022 14:29:22,Chamber 5,28-041661d198ff,47.312,BLANK,0C,off
07/26/2022 14:29:42,Chamber 5,28-041661d198ff,47.25,BLANK,0C,off
07/26/2022 14:30:02,Chamber 5,28-041661d198ff,47.25,BLANK,0C,off
07/26/2022 14:30:24,Chamber 5,28-041661d198ff,47.25,BLANK,0C,off
07/26/2022 14:30:42,Chamber 5,28-041661d198ff,47.25,BLANK,0C,off
07/26/2022 14:31:02,Chamber 5,28-041661d198ff,47.187,BLANK,0C,off
07/26/2022 14:31:22,Chamber 5,28-041661d198ff,47.125,BLANK,0C,off
07/26/2022 14:31:43,Chamber 5,28-041661d198ff,47.125,BLANK,0C,off
07/26/2022 14:32:02,Chamber 5,28-041661d198ff,47.062,BLANK,0C,off
07/26/2022 14:32:25,Chamber 5,28-041661d198ff,47.0,BLANK,0C,off
07/26/2022 14:32:42,Chamber 5,28-041661d198ff,47.0,BLANK,0C,off
07/26/2022 14:33:02,Chamber 5,28-041661d198ff,46.937,BLANK,0C,off
07/26/2022 14:33:22,Chamber 5,28-041661d198ff,46.875,BLANK,0C,off
07/26/2022 14:33:42,Chamber 5,28-041661d198ff,46.875,BLANK,0C,off
07/26/2022 14:34:02,Chamber 5,28-041661d198ff,46.812,BLANK,0C,off
07/26/2022 14:34:22,Chamber 5,28-041661d198ff,46.75,BLANK,0C,off
07/26/2022 14:34:42,Chamber 5,28-041661d198ff,46.687,BLANK,0C,off
07/26/2022 14:35:02,Chamber 5,28-041661d198ff,46.687,BLANK,0C,off
07/26/2022 14:35:22,Chamber 5,28-041661d198ff,46.625,BLANK,0C,off
07/26/2022 14:35:42,Chamber 5,28-041661d198ff,46.562,BLANK,0C,off
07/26/2022 14:36:02,Chamber 5,28-041661d198ff,46.562,BLANK,0C,off
07/26/2022 14:36:22,Chamber 5,28-041661d198ff,46.5,BLANK,0C,off
07/26/2022 14:36:42,Chamber 5,28-041661d198ff,46.437,BLANK,0C,off
07/26/2022 14:37:02,Chamber 5,28-041661d198ff,46.437,BLANK,0C,off
07/26/2022 14:37:22,Chamber 5,28-041661d198ff,46.375,BLANK,0C,off
07/26/2022 14:37:42,Chamber 5,28-041661d198ff,46.312,BLANK,0C,off
07/26/2022 14:38:02,Chamber 5,28-041661d198ff,46.312,BLANK,0C,off
07/26/2022 14:38:22,Chamber 5,28-041661d198ff,46.187,BLANK,0C,off
07/26/2022 14:38:43,Chamber 5,28-041661d198ff,46.125,BLANK,0C,off
07/26/2022 14:39:02,Chamber 5,28-041661d198ff,46.062,BLANK,0C,off
07/26/2022 14:39:22,Chamber 5,28-041661d198ff,46.0,BLANK,0C,off
07/26/2022 14:39:42,Chamber 5,28-041661d198ff,45.937,BLANK,0C,off
07/26/2022 14:40:03,Chamber 5,28-041661d198ff,45.875,BLANK,0C,off
07/26/2022 14:40:22,Chamber 5,28-041661d198ff,45.812,BLANK,0C,off
07/26/2022 14:40:42,Chamber 5,28-041661d198ff,45.687,BLANK,0C,off
07/26/2022 14:41:02,Chamber 5,28-041661d198ff,45.625,BLANK,0C,off
07/26/2022 14:41:24,Chamber 5,28-041661d198ff,45.562,BLANK,0C,off
07/26/2022 14:41:42,Chamber 5,28-041661d198ff,45.5,BLANK,0C,off
07/26/2022 14:42:02,Chamber 5,28-041661d198ff,45.375,BLANK,0C,off
07/26/2022 14:42:22,Chamber 5,28-041661d198ff,45.312,BLANK,0C,off
07/26/2022 14:42:42,Chamber 5,28-041661d198ff,45.187,BLANK,0C,off
07/26/2022 14:43:02,Chamber 5,28-041661d198ff,45.125,BLANK,0C,off
07/26/2022 14:43:23,Chamber 5,28-041661d198ff,45.062,BLANK,0C,off
07/26/2022 14:43:42,Chamber 5,28-041661d198ff,44.937,BLANK,0C,off
07/26/2022 14:44:02,Chamber 5,28-041661d198ff,44.875,BLANK,0C,off
07/26/2022 14:44:22,Chamber 5,28-041661d198ff,44.75,BLANK,0C,off
07/26/2022 14:44:42,Chamber 5,28-041661d198ff,44.687,BLANK,0C,off
07/26/2022 14:45:02,Chamber 5,28-041661d198ff,44.562,BLANK,0C,off
07/26/2022 14:45:24,Chamber 5,28-041661d198ff,44.5,BLANK,0C,off
07/26/2022 14:45:42,Chamber 5,28-041661d198ff,44.437,BLANK,0C,off
07/26/2022 14:46:02,Chamber 5,28-041661d198ff,44.312,BLANK,0C,off
07/26/2022 14:46:24,Chamber 5,28-041661d198ff,44.25,BLANK,0C,off
07/26/2022 14:46:43,Chamber 5,28-041661d198ff,44.125,BLANK,0C,off
07/26/2022 14:47:03,Chamber 5,28-041661d198ff,44.062,BLANK,0C,off
07/26/2022 14:47:23,Chamber 5,28-041661d198ff,44.0,BLANK,0C,off
07/26/2022 14:47:42,Chamber 5,28-041661d198ff,43.875,BLANK,0C,off
07/26/2022 14:48:02,Chamber 5,28-041661d198ff,43.875,BLANK,0C,off
07/26/2022 14:48:22,Chamber 5,28-041661d198ff,43.687,BLANK,0C,off
07/26/2022 14:48:42,Chamber 5,28-041661d198ff,43.625,BLANK,0C,off
07/26/2022 14:49:02,Chamber 5,28-041661d198ff,43.5,BLANK,0C,off
07/26/2022 14:49:22,Chamber 5,28-041661d198ff,43.437,BLANK,0C,off
07/26/2022 14:49:42,Chamber 5,28-041661d198ff,43.437,BLANK,0C,off
07/26/2022 14:50:02,Chamber 5,28-041661d198ff,43.187,BLANK,0C,off
07/26/2022 14:50:22,Chamber 5,28-041661d198ff,43.125,BLANK,0C,off
07/26/2022 14:50:42,Chamber 5,28-041661d198ff,43.0,BLANK,0C,off
07/26/2022 14:51:04,Chamber 5,28-041661d198ff,42.937,BLANK,0C,off
07/26/2022 14:51:22,Chamber 5,28-041661d198ff,42.875,BLANK,0C,off
07/26/2022 14:51:42,Chamber 5,28-041661d198ff,42.75,BLANK,0C,off
07/26/2022 14:52:02,Chamber 5,28-041661d198ff,42.625,BLANK,0C,off
07/26/2022 14:52:22,Chamber 5,28-041661d198ff,42.562,BLANK,0C,off
07/26/2022 14:52:42,Chamber 5,28-041661d198ff,42.437,BLANK,0C,off
07/26/2022 14:53:02,Chamber 5,28-041661d198ff,42.375,BLANK,0C,off
07/26/2022 14:53:22,Chamber 5,28-041661d198ff,42.25,BLANK,0C,off
07/26/2022 14:53:42,Chamber 5,28-041661d198ff,42.187,BLANK,0C,off
07/26/2022 14:54:02,Chamber 5,28-041661d198ff,42.062,BLANK,0C,off
07/26/2022 14:54:22,Chamber 5,28-041661d198ff,42.0,BLANK,0C,off
07/26/2022 14:54:42,Chamber 5,28-041661d198ff,41.875,BLANK,0C,off
07/26/2022 14:55:02,Chamber 5,28-041661d198ff,41.812,BLANK,0C,off
07/26/2022 14:55:22,Chamber 5,28-041661d198ff,41.687,BLANK,0C,off
07/26/2022 14:55:42,Chamber 5,28-041661d198ff,41.625,BLANK,0C,off
07/26/2022 14:56:02,Chamber 5,28-041661d198ff,41.562,BLANK,0C,off
07/26/2022 14:56:22,Chamber 5,28-041661d198ff,41.437,BLANK,0C,off
07/26/2022 14:56:42,Chamber 5,28-041661d198ff,41.375,BLANK,0C,off
07/26/2022 14:57:02,Chamber 5,28-041661d198ff,41.25,BLANK,0C,off
07/26/2022 14:57:22,Chamber 5,28-041661d198ff,41.187,BLANK,0C,off
07/26/2022 14:57:42,Chamber 5,28-041661d198ff,41.062,BLANK,0C,off
07/26/2022 14:58:02,Chamber 5,28-041661d198ff,41.0,BLANK,0C,off
07/26/2022 14:58:22,Chamber 5,28-041661d198ff,40.875,BLANK,0C,off
07/26/2022 14:58:42,Chamber 5,28-041661d198ff,40.812,BLANK,0C,off
07/26/2022 14:59:02,Chamber 5,28-041661d198ff,40.75,BLANK,0C,off
07/26/2022 14:59:22,Chamber 5,28-041661d198ff,40.687,BLANK,0C,off
07/26/2022 14:59:42,Chamber 5,28-041661d198ff,40.562,BLANK,0C,off
07/26/2022 15:00:02,Chamber 5,28-041661d198ff,40.5,BLANK,0C,off
07/26/2022 15:00:22,Chamber 5,28-041661d198ff,40.437,BLANK,0C,off
07/26/2022 15:00:42,Chamber 5,28-041661d198ff,40.312,BLANK,0C,off
07/26/2022 15:01:02,Chamber 5,28-041661d198ff,40.25,BLANK,0C,off
07/26/2022 15:01:22,Chamber 5,28-041661d198ff,40.187,BLANK,0C,off
07/26/2022 15:01:42,Chamber 5,28-041661d198ff,40.125,BLANK,0C,off
07/26/2022 15:02:02,Chamber 5,28-041661d198ff,40.062,BLANK,0C,off
07/26/2022 15:02:22,Chamber 5,28-041661d198ff,39.937,BLANK,0C,off
07/26/2022 15:02:42,Chamber 5,28-041661d198ff,39.875,BLANK,0C,off
07/26/2022 15:03:02,Chamber 5,28-041661d198ff,39.812,BLANK,0C,off
07/26/2022 15:03:22,Chamber 5,28-041661d198ff,39.75,BLANK,0C,off
07/26/2022 15:03:42,Chamber 5,28-041661d198ff,39.687,BLANK,0C,off
07/26/2022 15:04:02,Chamber 5,28-041661d198ff,39.625,BLANK,0C,off
07/26/2022 15:04:22,Chamber 5,28-041661d198ff,39.562,BLANK,0C,off
07/26/2022 15:04:42,Chamber 5,28-041661d198ff,39.5,BLANK,0C,off
07/26/2022 15:05:02,Chamber 5,28-041661d198ff,39.437,BLANK,0C,off
07/26/2022 15:05:22,Chamber 5,28-041661d198ff,39.375,BLANK,0C,off
07/26/2022 15:05:42,Chamber 5,28-041661d198ff,39.312,BLANK,0C,off
07/26/2022 15:06:02,Chamber 5,28-041661d198ff,39.312,BLANK,0C,off
07/26/2022 15:06:22,Chamber 5,28-041661d198ff,39.187,BLANK,0C,off
07/26/2022 15:06:43,Chamber 5,28-041661d198ff,39.187,BLANK,0C,off
07/26/2022 15:07:02,Chamber 5,28-041661d198ff,39.125,BLANK,0C,off
07/26/2022 15:07:22,Chamber 5,28-041661d198ff,39.062,BLANK,0C,off
07/26/2022 15:07:42,Chamber 5,28-041661d198ff,39.062,BLANK,0C,off
07/26/2022 15:08:02,Chamber 5,28-041661d198ff,39.0,BLANK,0C,off
07/26/2022 15:08:22,Chamber 5,28-041661d198ff,38.937,BLANK,0C,off
07/26/2022 15:08:42,Chamber 5,28-041661d198ff,38.937,BLANK,0C,off
07/26/2022 15:09:02,Chamber 5,28-041661d198ff,38.875,BLANK,0C,off
07/26/2022 15:09:23,Chamber 5,28-041661d198ff,38.812,BLANK,0C,off
07/26/2022 15:09:42,Chamber 5,28-041661d198ff,38.812,BLANK,0C,off
07/26/2022 15:10:02,Chamber 5,28-041661d198ff,38.75,BLANK,0C,off
07/26/2022 15:10:22,Chamber 5,28-041661d198ff,38.75,BLANK,0C,off
07/26/2022 15:10:42,Chamber 5,28-041661d198ff,38.687,BLANK,0C,off
07/26/2022 15:11:02,Chamber 5,28-041661d198ff,38.687,BLANK,0C,off
07/26/2022 15:11:24,Chamber 5,28-041661d198ff,38.687,BLANK,0C,off
07/26/2022 15:11:43,Chamber 5,28-041661d198ff,38.687,BLANK,0C,off
07/26/2022 15:12:03,Chamber 5,28-041661d198ff,38.625,BLANK,0C,off
07/26/2022 15:12:22,Chamber 5,28-041661d198ff,38.625,BLANK,0C,off
07/26/2022 15:12:42,Chamber 5,28-041661d198ff,38.562,BLANK,0C,off
07/26/2022 15:13:02,Chamber 5,28-041661d198ff,38.562,BLANK,0C,off
07/26/2022 15:13:23,Chamber 5,28-041661d198ff,38.562,BLANK,0C,off
07/26/2022 15:13:42,Chamber 5,28-041661d198ff,38.562,BLANK,0C,off
07/26/2022 15:14:02,Chamber 5,28-041661d198ff,38.562,BLANK,0C,off
07/26/2022 15:14:22,Chamber 5,28-041661d198ff,38.562,BLANK,0C,off
07/26/2022 15:14:42,Chamber 5,28-041661d198ff,38.562,BLANK,0C,off
07/26/2022 15:15:02,Chamber 5,28-041661d198ff,38.562,BLANK,0C,off
07/26/2022 15:15:23,Chamber 5,28-041661d198ff,38.562,BLANK,0C,off
07/26/2022 15:15:42,Chamber 5,28-041661d198ff,38.562,BLANK,0C,off
07/26/2022 15:16:02,Chamber 5,28-041661d198ff,38.562,BLANK,0C,off
07/26/2022 15:16:22,Chamber 5,28-041661d198ff,38.562,BLANK,0C,off
07/26/2022 15:16:42,Chamber 5,28-041661d198ff,38.625,BLANK,0C,off
07/26/2022 15:17:02,Chamber 5,28-041661d198ff,38.625,BLANK,0C,off
07/26/2022 15:17:22,Chamber 5,28-041661d198ff,38.625,BLANK,0C,off
07/26/2022 15:17:42,Chamber 5,28-041661d198ff,38.625,BLANK,0C,off
07/26/2022 15:18:02,Chamber 5,28-041661d198ff,38.687,BLANK,0C,off
07/26/2022 15:18:22,Chamber 5,28-041661d198ff,38.75,BLANK,0C,off
07/26/2022 15:18:42,Chamber 5,28-041661d198ff,38.75,BLANK,0C,off
07/26/2022 15:19:02,Chamber 5,28-041661d198ff,38.75,BLANK,0C,off
07/26/2022 15:19:22,Chamber 5,28-041661d198ff,38.812,BLANK,0C,off
07/26/2022 15:19:42,Chamber 5,28-041661d198ff,38.875,BLANK,0C,off
07/26/2022 15:20:02,Chamber 5,28-041661d198ff,38.875,BLANK,0C,off
07/26/2022 15:20:22,Chamber 5,28-041661d198ff,38.937,BLANK,0C,off
07/26/2022 15:20:42,Chamber 5,28-041661d198ff,38.937,BLANK,0C,off
07/26/2022 15:21:02,Chamber 5,28-041661d198ff,39.0,BLANK,0C,off
07/26/2022 15:21:22,Chamber 5,28-041661d198ff,39.062,BLANK,0C,off
07/26/2022 15:21:42,Chamber 5,28-041661d198ff,39.125,BLANK,0C,off
07/26/2022 15:22:02,Chamber 5,28-041661d198ff,39.187,BLANK,0C,off
07/26/2022 15:22:22,Chamber 5,28-041661d198ff,39.25,BLANK,0C,off
07/26/2022 15:22:42,Chamber 5,28-041661d198ff,39.25,BLANK,0C,off
07/26/2022 15:23:02,Chamber 5,28-041661d198ff,39.375,BLANK,0C,off
07/26/2022 15:23:22,Chamber 5,28-041661d198ff,39.437,BLANK,0C,off
07/26/2022 15:23:42,Chamber 5,28-041661d198ff,39.437,BLANK,0C,off
07/26/2022 15:24:02,Chamber 5,28-041661d198ff,39.5,BLANK,0C,off
07/26/2022 15:24:22,Chamber 5,28-041661d198ff,39.625,BLANK,0C,off
07/26/2022 15:24:42,Chamber 5,28-041661d198ff,39.687,BLANK,0C,off
07/26/2022 15:25:02,Chamber 5,28-041661d198ff,39.75,BLANK,0C,off
07/26/2022 15:25:22,Chamber 5,28-041661d198ff,39.812,BLANK,0C,off
07/26/2022 15:25:42,Chamber 5,28-041661d198ff,39.812,BLANK,0C,off
07/26/2022 15:26:02,Chamber 5,28-041661d198ff,39.875,BLANK,0C,off
07/26/2022 15:26:22,Chamber 5,28-041661d198ff,40.0,BLANK,0C,off
07/26/2022 15:26:42,Chamber 5,28-041661d198ff,40.062,BLANK,0C,off
07/26/2022 15:27:02,Chamber 5,28-041661d198ff,40.125,BLANK,0C,off
07/26/2022 15:27:22,Chamber 5,28-041661d198ff,40.187,BLANK,0C,off
07/26/2022 15:27:42,Chamber 5,28-041661d198ff,40.312,BLANK,0C,off
07/26/2022 15:28:02,Chamber 5,28-041661d198ff,40.375,BLANK,0C,off
07/26/2022 15:28:22,Chamber 5,28-041661d198ff,40.437,BLANK,0C,off
07/26/2022 15:28:42,Chamber 5,28-041661d198ff,40.437,BLANK,0C,off
07/26/2022 15:29:02,Chamber 5,28-041661d198ff,40.562,BLANK,0C,off
07/26/2022 15:29:22,Chamber 5,28-041661d198ff,40.625,BLANK,0C,off
07/26/2022 15:29:42,Chamber 5,28-041661d198ff,40.75,BLANK,0C,off
07/26/2022 15:30:02,Chamber 5,28-041661d198ff,40.75,BLANK,0C,off
07/26/2022 15:30:22,Chamber 5,28-041661d198ff,40.75,BLANK,0C,off
07/26/2022 15:30:42,Chamber 5,28-041661d198ff,41.0,BLANK,0C,off
07/26/2022 15:31:02,Chamber 5,28-041661d198ff,41.062,BLANK,0C,off
07/26/2022 15:31:22,Chamber 5,28-041661d198ff,41.125,BLANK,0C,off
07/26/2022 15:31:42,Chamber 5,28-041661d198ff,41.187,BLANK,0C,off
07/26/2022 15:32:02,Chamber 5,28-041661d198ff,41.25,BLANK,0C,off
07/26/2022 15:32:22,Chamber 5,28-041661d198ff,41.312,BLANK,0C,off
07/26/2022 15:32:43,Chamber 5,28-041661d198ff,41.375,BLANK,0C,off
07/26/2022 15:33:02,Chamber 5,28-041661d198ff,41.437,BLANK,0C,off
07/26/2022 15:33:22,Chamber 5,28-041661d198ff,41.562,BLANK,0C,off
07/26/2022 15:33:42,Chamber 5,28-041661d198ff,41.687,BLANK,0C,off
07/26/2022 15:34:02,Chamber 5,28-041661d198ff,41.75,BLANK,0C,off
07/26/2022 15:34:23,Chamber 5,28-041661d198ff,41.812,BLANK,0C,off
07/26/2022 15:34:43,Chamber 5,28-041661d198ff,41.875,BLANK,0C,off
07/26/2022 15:35:02,Chamber 5,28-041661d198ff,42.0,BLANK,0C,off
07/26/2022 15:35:23,Chamber 5,28-041661d198ff,42.125,BLANK,0C,off
07/26/2022 15:35:42,Chamber 5,28-041661d198ff,42.187,BLANK,0C,off
07/26/2022 15:36:03,Chamber 5,28-041661d198ff,42.25,BLANK,0C,off
07/26/2022 15:36:22,Chamber 5,28-041661d198ff,42.375,BLANK,0C,off
07/26/2022 15:36:42,Chamber 5,28-041661d198ff,42.437,BLANK,0C,off
07/26/2022 15:37:02,Chamber 5,28-041661d198ff,42.5,BLANK,0C,off
07/26/2022 15:37:22,Chamber 5,28-041661d198ff,42.562,BLANK,0C,off
07/26/2022 15:37:42,Chamber 5,28-041661d198ff,42.625,BLANK,0C,off
07/26/2022 15:38:02,Chamber 5,28-041661d198ff,42.75,BLANK,0C,off
07/26/2022 15:38:23,Chamber 5,28-041661d198ff,42.875,BLANK,0C,off
07/26/2022 15:38:42,Chamber 5,28-041661d198ff,43.0,BLANK,0C,off
07/26/2022 15:39:02,Chamber 5,28-041661d198ff,43.0,BLANK,0C,off
07/26/2022 15:39:22,Chamber 5,28-041661d198ff,43.0,BLANK,0C,off
07/26/2022 15:39:42,Chamber 5,28-041661d198ff,43.312,BLANK,0C,off
07/26/2022 15:40:02,Chamber 5,28-041661d198ff,43.437,BLANK,0C,off
07/26/2022 15:40:22,Chamber 5,28-041661d198ff,43.562,BLANK,0C,off
07/26/2022 15:40:42,Chamber 5,28-041661d198ff,43.562,BLANK,0C,off
07/26/2022 15:41:02,Chamber 5,28-041661d198ff,43.75,BLANK,0C,off
07/26/2022 15:41:22,Chamber 5,28-041661d198ff,43.75,BLANK,0C,off
07/26/2022 15:41:42,Chamber 5,28-041661d198ff,43.875,BLANK,0C,off
07/26/2022 15:42:02,Chamber 5,28-041661d198ff,44.0,BLANK,0C,off
07/26/2022 15:42:22,Chamber 5,28-041661d198ff,44.125,BLANK,0C,off
07/26/2022 15:42:42,Chamber 5,28-041661d198ff,44.187,BLANK,0C,off
07/26/2022 15:43:02,Chamber 5,28-041661d198ff,44.187,BLANK,0C,off
07/26/2022 15:43:22,Chamber 5,28-041661d198ff,44.312,BLANK,0C,off
07/26/2022 15:43:42,Chamber 5,28-041661d198ff,44.375,BLANK,0C,off
07/26/2022 15:44:03,Chamber 5,28-041661d198ff,44.5,BLANK,0C,off
07/26/2022 15:44:22,Chamber 5,28-041661d198ff,44.5,BLANK,0C,off
07/26/2022 15:44:42,Chamber 5,28-041661d198ff,44.687,BLANK,0C,off
07/26/2022 15:45:02,Chamber 5,28-041661d198ff,44.75,BLANK,0C,off
07/26/2022 15:45:22,Chamber 5,28-041661d198ff,44.812,BLANK,0C,off
07/26/2022 15:45:42,Chamber 5,28-041661d198ff,44.937,BLANK,0C,off
07/26/2022 15:46:02,Chamber 5,28-041661d198ff,45.0,BLANK,0C,off
07/26/2022 15:46:23,Chamber 5,28-041661d198ff,45.125,BLANK,0C,off
07/26/2022 15:46:42,Chamber 5,28-041661d198ff,45.187,BLANK,0C,off
07/26/2022 15:47:02,Chamber 5,28-041661d198ff,45.25,BLANK,0C,off
07/26/2022 15:47:22,Chamber 5,28-041661d198ff,45.312,BLANK,0C,off
07/26/2022 15:47:42,Chamber 5,28-041661d198ff,45.375,BLANK,0C,off
07/26/2022 15:48:02,Chamber 5,28-041661d198ff,45.437,BLANK,0C,off
07/26/2022 15:48:22,Chamber 5,28-041661d198ff,45.5,BLANK,0C,off
07/26/2022 15:48:42,Chamber 5,28-041661d198ff,45.562,BLANK,0C,off
07/26/2022 15:49:02,Chamber 5,28-041661d198ff,45.625,BLANK,0C,off
07/26/2022 15:49:22,Chamber 5,28-041661d198ff,45.687,BLANK,0C,off
07/26/2022 15:49:44,Chamber 5,28-041661d198ff,45.687,BLANK,0C,off
07/26/2022 15:50:02,Chamber 5,28-041661d198ff,45.75,BLANK,0C,off
07/26/2022 15:50:22,Chamber 5,28-041661d198ff,45.812,BLANK,0C,off
07/26/2022 15:50:42,Chamber 5,28-041661d198ff,45.875,BLANK,0C,off
07/26/2022 15:51:02,Chamber 5,28-041661d198ff,45.937,BLANK,0C,off
07/26/2022 15:51:23,Chamber 5,28-041661d198ff,45.937,BLANK,0C,off
07/26/2022 15:51:42,Chamber 5,28-041661d198ff,45.937,BLANK,0C,off
07/26/2022 15:52:02,Chamber 5,28-041661d198ff,46.0,BLANK,0C,off
07/26/2022 15:52:22,Chamber 5,28-041661d198ff,46.062,BLANK,0C,off
07/26/2022 15:52:42,Chamber 5,28-041661d198ff,46.062,BLANK,0C,off
07/26/2022 15:53:02,Chamber 5,28-041661d198ff,46.125,BLANK,0C,off
07/26/2022 15:53:22,Chamber 5,28-041661d198ff,46.125,BLANK,0C,off
07/26/2022 15:53:42,Chamber 5,28-041661d198ff,46.125,BLANK,0C,off
07/26/2022 15:54:02,Chamber 5,28-041661d198ff,46.125,BLANK,0C,off
07/26/2022 15:54:22,Chamber 5,28-041661d198ff,46.125,BLANK,0C,off
07/26/2022 15:54:42,Chamber 5,28-041661d198ff,46.187,BLANK,0C,off
07/26/2022 15:55:02,Chamber 5,28-041661d198ff,46.187,BLANK,0C,off
07/26/2022 15:55:24,Chamber 5,28-041661d198ff,46.25,BLANK,0C,off
07/26/2022 15:55:42,Chamber 5,28-041661d198ff,46.312,BLANK,0C,off
07/26/2022 15:56:02,Chamber 5,28-041661d198ff,46.312,BLANK,0C,off
07/26/2022 15:56:22,Chamber 5,28-041661d198ff,46.312,BLANK,0C,off
07/26/2022 15:56:42,Chamber 5,28-041661d198ff,46.312,BLANK,0C,off
07/26/2022 15:57:02,Chamber 5,28-041661d198ff,46.312,BLANK,0C,off
07/26/2022 15:57:22,Chamber 5,28-041661d198ff,46.375,BLANK,0C,off
07/26/2022 15:57:42,Chamber 5,28-041661d198ff,46.375,BLANK,0C,off
07/26/2022 15:58:02,Chamber 5,28-041661d198ff,46.375,BLANK,0C,off
07/26/2022 15:58:22,Chamber 5,28-041661d198ff,46.437,BLANK,0C,off
07/26/2022 15:58:42,Chamber 5,28-041661d198ff,46.437,BLANK,0C,off
07/26/2022 15:59:02,Chamber 5,28-041661d198ff,46.437,BLANK,0C,off
07/26/2022 15:59:23,Chamber 5,28-041661d198ff,46.375,BLANK,0C,off
07/26/2022 15:59:42,Chamber 5,28-041661d198ff,46.375,BLANK,0C,off
07/26/2022 16:00:02,Chamber 5,28-041661d198ff,46.375,BLANK,0C,off
07/26/2022 16:00:22,Chamber 5,28-041661d198ff,46.375,BLANK,0C,off
07/26/2022 16:00:42,Chamber 5,28-041661d198ff,46.312,BLANK,0C,off
07/26/2022 16:01:02,Chamber 5,28-041661d198ff,46.375,BLANK,0C,off
07/26/2022 16:01:22,Chamber 5,28-041661d198ff,46.312,BLANK,0C,off
07/26/2022 16:01:42,Chamber 5,28-041661d198ff,46.312,BLANK,0C,off
07/26/2022 16:02:02,Chamber 5,28-041661d198ff,46.312,BLANK,0C,off
07/26/2022 16:02:22,Chamber 5,28-041661d198ff,46.25,BLANK,0C,off
07/26/2022 16:02:42,Chamber 5,28-041661d198ff,46.25,BLANK,0C,off
07/26/2022 16:03:02,Chamber 5,28-041661d198ff,46.25,BLANK,0C,off
07/26/2022 16:03:22,Chamber 5,28-041661d198ff,46.187,BLANK,0C,off
07/26/2022 16:03:42,Chamber 5,28-041661d198ff,46.187,BLANK,0C,off
07/26/2022 16:04:02,Chamber 5,28-041661d198ff,46.187,BLANK,0C,off
07/26/2022 16:04:22,Chamber 5,28-041661d198ff,46.125,BLANK,0C,off
07/26/2022 16:04:42,Chamber 5,28-041661d198ff,46.125,BLANK,0C,off
07/26/2022 16:05:02,Chamber 5,28-041661d198ff,46.062,BLANK,0C,off
07/26/2022 16:05:22,Chamber 5,28-041661d198ff,46.0,BLANK,0C,off
07/26/2022 16:05:42,Chamber 5,28-041661d198ff,46.0,BLANK,0C,off
07/26/2022 16:06:02,Chamber 5,28-041661d198ff,45.937,BLANK,0C,off
07/26/2022 16:06:22,Chamber 5,28-041661d198ff,45.875,BLANK,0C,off
07/26/2022 16:06:42,Chamber 5,28-041661d198ff,45.812,BLANK,0C,off
07/26/2022 16:07:02,Chamber 5,28-041661d198ff,45.812,BLANK,0C,off
07/26/2022 16:07:22,Chamber 5,28-041661d198ff,45.75,BLANK,0C,off
07/26/2022 16:07:42,Chamber 5,28-041661d198ff,45.687,BLANK,0C,off
07/26/2022 16:08:03,Chamber 5,28-041661d198ff,45.687,BLANK,0C,off
07/26/2022 16:08:22,Chamber 5,28-041661d198ff,45.625,BLANK,0C,off
07/26/2022 16:08:42,Chamber 5,28-041661d198ff,45.562,BLANK,0C,off
07/26/2022 16:09:02,Chamber 5,28-041661d198ff,45.437,BLANK,0C,off
07/26/2022 16:09:22,Chamber 5,28-041661d198ff,45.375,BLANK,0C,off
07/26/2022 16:09:42,Chamber 5,28-041661d198ff,45.375,BLANK,0C,off
07/26/2022 16:10:02,Chamber 5,28-041661d198ff,45.312,BLANK,0C,off
07/26/2022 16:10:22,Chamber 5,28-041661d198ff,45.25,BLANK,0C,off
07/26/2022 16:10:42,Chamber 5,28-041661d198ff,45.187,BLANK,0C,off
07/26/2022 16:11:02,Chamber 5,28-041661d198ff,45.125,BLANK,0C,off
07/26/2022 16:11:22,Chamber 5,28-041661d198ff,45.062,BLANK,0C,off
07/26/2022 16:11:42,Chamber 5,28-041661d198ff,45.0,BLANK,0C,off
07/26/2022 16:12:02,Chamber 5,28-041661d198ff,44.937,BLANK,0C,off
07/26/2022 16:12:22,Chamber 5,28-041661d198ff,44.875,BLANK,0C,off
07/26/2022 16:12:42,Chamber 5,28-041661d198ff,44.812,BLANK,0C,off
07/26/2022 16:13:02,Chamber 5,28-041661d198ff,44.75,BLANK,0C,off
07/26/2022 16:13:22,Chamber 5,28-041661d198ff,44.625,BLANK,0C,off
07/26/2022 16:13:42,Chamber 5,28-041661d198ff,44.562,BLANK,0C,off
07/26/2022 16:14:02,Chamber 5,28-041661d198ff,44.5,BLANK,0C,off
07/26/2022 16:14:22,Chamber 5,28-041661d198ff,44.437,BLANK,0C,off
07/26/2022 16:14:42,Chamber 5,28-041661d198ff,44.375,BLANK,0C,off
07/26/2022 16:15:02,Chamber 5,28-041661d198ff,44.312,BLANK,0C,off
07/26/2022 16:15:22,Chamber 5,28-041661d198ff,44.25,BLANK,0C,off
07/26/2022 16:15:42,Chamber 5,28-041661d198ff,44.125,BLANK,0C,off
07/26/2022 16:16:02,Chamber 5,28-041661d198ff,44.125,BLANK,0C,off
07/26/2022 16:16:22,Chamber 5,28-041661d198ff,44.0,BLANK,0C,off
07/26/2022 16:16:42,Chamber 5,28-041661d198ff,43.937,BLANK,0C,off
07/26/2022 16:17:02,Chamber 5,28-041661d198ff,43.875,BLANK,0C,off
07/26/2022 16:17:22,Chamber 5,28-041661d198ff,43.812,BLANK,0C,off
07/26/2022 16:17:42,Chamber 5,28-041661d198ff,43.75,BLANK,0C,off
07/26/2022 16:18:02,Chamber 5,28-041661d198ff,43.687,BLANK,0C,off
07/26/2022 16:18:22,Chamber 5,28-041661d198ff,43.562,BLANK,0C,off
07/26/2022 16:18:43,Chamber 5,28-041661d198ff,43.5,BLANK,0C,off
07/26/2022 16:19:02,Chamber 5,28-041661d198ff,43.437,BLANK,0C,off
07/26/2022 16:19:22,Chamber 5,28-041661d198ff,43.375,BLANK,0C,off
07/26/2022 16:19:42,Chamber 5,28-041661d198ff,43.312,BLANK,0C,off
07/26/2022 16:20:02,Chamber 5,28-041661d198ff,43.25,BLANK,0C,off
07/26/2022 16:20:22,Chamber 5,28-041661d198ff,43.187,BLANK,0C,off
07/26/2022 16:20:42,Chamber 5,28-041661d198ff,43.125,BLANK,0C,off
07/26/2022 16:21:02,Chamber 5,28-041661d198ff,43.062,BLANK,0C,off
07/26/2022 16:21:22,Chamber 5,28-041661d198ff,42.937,BLANK,0C,off
07/26/2022 16:21:42,Chamber 5,28-041661d198ff,42.875,BLANK,0C,off
07/26/2022 16:22:02,Chamber 5,28-041661d198ff,42.812,BLANK,0C,off
07/26/2022 16:22:22,Chamber 5,28-041661d198ff,42.75,BLANK,0C,off
07/26/2022 16:22:42,Chamber 5,28-041661d198ff,42.687,BLANK,0C,off
07/26/2022 16:23:02,Chamber 5,28-041661d198ff,42.625,BLANK,0C,off
07/26/2022 16:23:22,Chamber 5,28-041661d198ff,42.562,BLANK,0C,off
07/26/2022 16:23:42,Chamber 5,28-041661d198ff,42.5,BLANK,0C,off
07/26/2022 16:24:02,Chamber 5,28-041661d198ff,42.437,BLANK,0C,off
07/26/2022 16:24:22,Chamber 5,28-041661d198ff,42.312,BLANK,0C,off
07/26/2022 16:24:42,Chamber 5,28-041661d198ff,42.25,BLANK,0C,off
07/26/2022 16:25:02,Chamber 5,28-041661d198ff,42.187,BLANK,0C,off
07/26/2022 16:25:22,Chamber 5,28-041661d198ff,42.125,BLANK,0C,off
07/26/2022 16:25:42,Chamber 5,28-041661d198ff,42.125,BLANK,0C,off
07/26/2022 16:26:02,Chamber 5,28-041661d198ff,42.0,BLANK,0C,off
07/26/2022 16:26:22,Chamber 5,28-041661d198ff,41.937,BLANK,0C,off
07/26/2022 16:26:46,Chamber 5,28-041661d198ff,41.875,BLANK,0C,off
07/26/2022 16:27:02,Chamber 5,28-041661d198ff,41.812,BLANK,0C,off
07/26/2022 16:27:23,Chamber 5,28-041661d198ff,41.75,BLANK,0C,off
07/26/2022 16:27:42,Chamber 5,28-041661d198ff,41.75,BLANK,0C,off
07/26/2022 16:28:02,Chamber 5,28-041661d198ff,41.625,BLANK,0C,off
07/26/2022 16:28:22,Chamber 5,28-041661d198ff,41.562,BLANK,0C,off
07/26/2022 16:28:42,Chamber 5,28-041661d198ff,41.437,BLANK,0C,off
07/26/2022 16:29:02,Chamber 5,28-041661d198ff,41.437,BLANK,0C,off
07/26/2022 16:29:22,Chamber 5,28-041661d198ff,41.375,BLANK,0C,off
07/26/2022 16:29:42,Chamber 5,28-041661d198ff,41.312,BLANK,0C,off
07/26/2022 16:30:02,Chamber 5,28-041661d198ff,41.25,BLANK,0C,off
07/26/2022 16:30:22,Chamber 5,28-041661d198ff,41.125,BLANK,0C,off
07/26/2022 16:30:42,Chamber 5,28-041661d198ff,41.062,BLANK,0C,off
07/26/2022 16:31:02,Chamber 5,28-041661d198ff,41.062,BLANK,0C,off
07/26/2022 16:31:22,Chamber 5,28-041661d198ff,41.0,BLANK,0C,off
07/26/2022 16:31:42,Chamber 5,28-041661d198ff,40.937,BLANK,0C,off
07/26/2022 16:32:02,Chamber 5,28-041661d198ff,40.875,BLANK,0C,off
07/26/2022 16:32:22,Chamber 5,28-041661d198ff,40.812,BLANK,0C,off
07/26/2022 16:32:42,Chamber 5,28-041661d198ff,40.75,BLANK,0C,off
07/26/2022 16:33:02,Chamber 5,28-041661d198ff,40.687,BLANK,0C,off
07/26/2022 16:33:22,Chamber 5,28-041661d198ff,40.625,BLANK,0C,off
07/26/2022 16:33:42,Chamber 5,28-041661d198ff,40.562,BLANK,0C,off
07/26/2022 16:34:02,Chamber 5,28-041661d198ff,40.5,BLANK,0C,off
07/26/2022 16:34:22,Chamber 5,28-041661d198ff,40.5,BLANK,0C,off
07/26/2022 16:34:42,Chamber 5,28-041661d198ff,40.437,BLANK,0C,off
07/26/2022 16:35:02,Chamber 5,28-041661d198ff,40.375,BLANK,0C,off
07/26/2022 16:35:22,Chamber 5,28-041661d198ff,40.375,BLANK,0C,off
07/26/2022 16:35:42,Chamber 5,28-041661d198ff,40.312,BLANK,0C,off
07/26/2022 16:36:02,Chamber 5,28-041661d198ff,40.25,BLANK,0C,off
07/26/2022 16:36:22,Chamber 5,28-041661d198ff,40.187,BLANK,0C,off
07/26/2022 16:36:42,Chamber 5,28-041661d198ff,40.187,BLANK,0C,off
07/26/2022 16:37:02,Chamber 5,28-041661d198ff,40.125,BLANK,0C,off
07/26/2022 16:37:22,Chamber 5,28-041661d198ff,40.125,BLANK,0C,off
07/26/2022 16:37:42,Chamber 5,28-041661d198ff,40.062,BLANK,0C,off
07/26/2022 16:38:02,Chamber 5,28-041661d198ff,40.0,BLANK,0C,off
07/26/2022 16:38:22,Chamber 5,28-041661d198ff,40.0,BLANK,0C,off
07/26/2022 16:38:42,Chamber 5,28-041661d198ff,40.0,BLANK,0C,off
07/26/2022 16:39:03,Chamber 5,28-041661d198ff,39.937,BLANK,0C,off
07/26/2022 16:39:22,Chamber 5,28-041661d198ff,39.937,BLANK,0C,off
07/26/2022 16:39:42,Chamber 5,28-041661d198ff,39.875,BLANK,0C,off
07/26/2022 16:40:03,Chamber 5,28-041661d198ff,39.875,BLANK,0C,off
07/26/2022 16:40:22,Chamber 5,28-041661d198ff,39.875,BLANK,0C,off
07/26/2022 16:40:42,Chamber 5,28-041661d198ff,39.812,BLANK,0C,off
07/26/2022 16:41:02,Chamber 5,28-041661d198ff,39.812,BLANK,0C,off
07/26/2022 16:41:22,Chamber 5,28-041661d198ff,39.812,BLANK,0C,off
07/26/2022 16:41:42,Chamber 5,28-041661d198ff,39.75,BLANK,0C,off
07/26/2022 16:42:02,Chamber 5,28-041661d198ff,39.75,BLANK,0C,off
07/26/2022 16:42:22,Chamber 5,28-041661d198ff,39.75,BLANK,0C,off
07/26/2022 16:42:43,Chamber 5,28-041661d198ff,39.75,BLANK,0C,off
07/26/2022 16:43:02,Chamber 5,28-041661d198ff,39.75,BLANK,0C,off
07/26/2022 16:43:22,Chamber 5,28-041661d198ff,39.75,BLANK,0C,off
07/26/2022 16:43:42,Chamber 5,28-041661d198ff,39.75,BLANK,0C,off
07/26/2022 16:44:02,Chamber 5,28-041661d198ff,39.75,BLANK,0C,off
07/26/2022 16:44:22,Chamber 5,28-041661d198ff,39.75,BLANK,0C,off
07/26/2022 16:44:42,Chamber 5,28-041661d198ff,39.75,BLANK,0C,off
07/26/2022 16:45:02,Chamber 5,28-041661d198ff,39.75,BLANK,0C,off
07/26/2022 16:45:23,Chamber 5,28-041661d198ff,39.75,BLANK,0C,off
07/26/2022 16:45:42,Chamber 5,28-041661d198ff,39.812,BLANK,0C,off
07/26/2022 16:46:02,Chamber 5,28-041661d198ff,39.812,BLANK,0C,off
07/26/2022 16:46:22,Chamber 5,28-041661d198ff,39.812,BLANK,0C,off
07/26/2022 16:46:42,Chamber 5,28-041661d198ff,39.812,BLANK,0C,off
07/26/2022 16:47:02,Chamber 5,28-041661d198ff,39.875,BLANK,0C,off
07/26/2022 16:47:22,Chamber 5,28-041661d198ff,39.875,BLANK,0C,off
07/26/2022 16:47:43,Chamber 5,28-041661d198ff,39.875,BLANK,0C,off
07/26/2022 16:48:03,Chamber 5,28-041661d198ff,39.937,BLANK,0C,off
07/26/2022 16:48:23,Chamber 5,28-041661d198ff,39.937,BLANK,0C,off
07/26/2022 16:48:42,Chamber 5,28-041661d198ff,39.937,BLANK,0C,off
07/26/2022 16:49:02,Chamber 5,28-041661d198ff,40.0,BLANK,0C,off
07/26/2022 16:49:22,Chamber 5,28-041661d198ff,40.062,BLANK,0C,off
07/26/2022 16:49:42,Chamber 5,28-041661d198ff,40.062,BLANK,0C,off
07/26/2022 16:50:05,Chamber 5,28-041661d198ff,40.125,BLANK,0C,off
07/26/2022 16:50:23,Chamber 5,28-041661d198ff,40.187,BLANK,0C,off
07/26/2022 16:50:42,Chamber 5,28-041661d198ff,40.187,BLANK,0C,off
07/26/2022 16:51:02,Chamber 5,28-041661d198ff,40.25,BLANK,0C,off
07/26/2022 16:51:22,Chamber 5,28-041661d198ff,40.312,BLANK,0C,off
07/26/2022 16:51:42,Chamber 5,28-041661d198ff,40.375,BLANK,0C,off
07/26/2022 16:52:02,Chamber 5,28-041661d198ff,40.437,BLANK,0C,off
07/26/2022 16:52:22,Chamber 5,28-041661d198ff,40.5,BLANK,0C,off
07/26/2022 16:52:42,Chamber 5,28-041661d198ff,40.562,BLANK,0C,off
07/26/2022 16:53:02,Chamber 5,28-041661d198ff,40.562,BLANK,0C,off
07/26/2022 16:53:22,Chamber 5,28-041661d198ff,40.625,BLANK,0C,off
07/26/2022 16:53:42,Chamber 5,28-041661d198ff,40.687,BLANK,0C,off
07/26/2022 16:54:02,Chamber 5,28-041661d198ff,40.75,BLANK,0C,off
07/26/2022 16:54:22,Chamber 5,28-041661d198ff,40.75,BLANK,0C,off
07/26/2022 16:54:42,Chamber 5,28-041661d198ff,40.812,BLANK,0C,off
07/26/2022 16:55:02,Chamber 5,28-041661d198ff,40.875,BLANK,0C,off
07/26/2022 16:55:22,Chamber 5,28-041661d198ff,40.937,BLANK,0C,off
07/26/2022 16:55:43,Chamber 5,28-041661d198ff,41.062,BLANK,0C,off
07/26/2022 16:56:02,Chamber 5,28-041661d198ff,41.125,BLANK,0C,off
07/26/2022 16:56:22,Chamber 5,28-041661d198ff,41.187,BLANK,0C,off
07/26/2022 16:56:42,Chamber 5,28-041661d198ff,41.25,BLANK,0C,off
07/26/2022 16:57:02,Chamber 5,28-041661d198ff,41.312,BLANK,0C,off
07/26/2022 16:57:22,Chamber 5,28-041661d198ff,41.312,BLANK,0C,off
07/26/2022 16:57:42,Chamber 5,28-041661d198ff,41.437,BLANK,0C,off
07/26/2022 16:58:03,Chamber 5,28-041661d198ff,41.5,BLANK,0C,off
07/26/2022 16:58:22,Chamber 5,28-041661d198ff,41.562,BLANK,0C,off
07/26/2022 16:58:42,Chamber 5,28-041661d198ff,41.687,BLANK,0C,off
07/26/2022 16:59:02,Chamber 5,28-041661d198ff,41.75,BLANK,0C,off
07/26/2022 16:59:22,Chamber 5,28-041661d198ff,41.75,BLANK,0C,off
07/26/2022 16:59:42,Chamber 5,28-041661d198ff,41.875,BLANK,0C,off
07/26/2022 17:00:02,Chamber 5,28-041661d198ff,41.875,BLANK,0C,off
07/26/2022 17:00:22,Chamber 5,28-041661d198ff,41.937,BLANK,0C,off
07/26/2022 17:00:42,Chamber 5,28-041661d198ff,41.937,BLANK,0C,off
07/26/2022 17:01:02,Chamber 5,28-041661d198ff,42.062,BLANK,0C,off
07/26/2022 17:01:22,Chamber 5,28-041661d198ff,42.125,BLANK,0C,off
07/26/2022 17:01:42,Chamber 5,28-041661d198ff,42.187,BLANK,0C,off
07/26/2022 17:02:02,Chamber 5,28-041661d198ff,42.312,BLANK,0C,off
07/26/2022 17:02:22,Chamber 5,28-041661d198ff,42.375,BLANK,0C,off
07/26/2022 17:02:42,Chamber 5,28-041661d198ff,42.437,BLANK,0C,off
07/26/2022 17:03:02,Chamber 5,28-041661d198ff,42.5,BLANK,0C,off
07/26/2022 17:03:22,Chamber 5,28-041661d198ff,42.625,BLANK,0C,off
07/26/2022 17:03:42,Chamber 5,28-041661d198ff,42.687,BLANK,0C,off
07/26/2022 17:04:02,Chamber 5,28-041661d198ff,42.75,BLANK,0C,off
07/26/2022 17:04:22,Chamber 5,28-041661d198ff,42.812,BLANK,0C,off
07/26/2022 17:04:42,Chamber 5,28-041661d198ff,42.937,BLANK,0C,off
07/26/2022 17:05:03,Chamber 5,28-041661d198ff,43.0,BLANK,0C,off
07/26/2022 17:05:22,Chamber 5,28-041661d198ff,43.062,BLANK,0C,off
07/26/2022 17:05:42,Chamber 5,28-041661d198ff,43.125,BLANK,0C,off
07/26/2022 17:06:02,Chamber 5,28-041661d198ff,43.187,BLANK,0C,off
07/26/2022 17:06:22,Chamber 5,28-041661d198ff,43.312,BLANK,0C,off
07/26/2022 17:06:42,Chamber 5,28-041661d198ff,43.375,BLANK,0C,off
07/26/2022 17:07:02,Chamber 5,28-041661d198ff,43.437,BLANK,0C,off
07/26/2022 17:07:22,Chamber 5,28-041661d198ff,43.562,BLANK,0C,off
07/26/2022 17:07:42,Chamber 5,28-041661d198ff,43.687,BLANK,0C,off
07/26/2022 17:08:02,Chamber 5,28-041661d198ff,43.812,BLANK,0C,off
07/26/2022 17:08:22,Chamber 5,28-041661d198ff,43.875,BLANK,0C,off
07/26/2022 17:08:42,Chamber 5,28-041661d198ff,43.937,BLANK,0C,off
07/26/2022 17:09:02,Chamber 5,28-041661d198ff,44.0,BLANK,0C,off
07/26/2022 17:09:22,Chamber 5,28-041661d198ff,44.125,BLANK,0C,off
07/26/2022 17:09:42,Chamber 5,28-041661d198ff,44.187,BLANK,0C,off
07/26/2022 17:10:02,Chamber 5,28-041661d198ff,44.25,BLANK,0C,off
07/26/2022 17:10:22,Chamber 5,28-041661d198ff,44.312,BLANK,0C,off
07/26/2022 17:10:42,Chamber 5,28-041661d198ff,44.312,BLANK,0C,off
07/26/2022 17:11:02,Chamber 5,28-041661d198ff,44.375,BLANK,0C,off
07/26/2022 17:11:22,Chamber 5,28-041661d198ff,44.437,BLANK,0C,off
07/26/2022 17:11:42,Chamber 5,28-041661d198ff,44.562,BLANK,0C,off
07/26/2022 17:12:02,Chamber 5,28-041661d198ff,44.625,BLANK,0C,off
07/26/2022 17:12:22,Chamber 5,28-041661d198ff,44.687,BLANK,0C,off
07/26/2022 17:12:42,Chamber 5,28-041661d198ff,44.687,BLANK,0C,off
07/26/2022 17:13:02,Chamber 5,28-041661d198ff,44.75,BLANK,0C,off
07/26/2022 17:13:22,Chamber 5,28-041661d198ff,44.875,BLANK,0C,off
07/26/2022 17:13:42,Chamber 5,28-041661d198ff,44.937,BLANK,0C,off
07/26/2022 17:14:02,Chamber 5,28-041661d198ff,45.0,BLANK,0C,off
07/26/2022 17:14:22,Chamber 5,28-041661d198ff,45.125,BLANK,0C,off
07/26/2022 17:14:42,Chamber 5,28-041661d198ff,45.187,BLANK,0C,off
07/26/2022 17:15:02,Chamber 5,28-041661d198ff,45.25,BLANK,0C,off
07/26/2022 17:15:22,Chamber 5,28-041661d198ff,45.312,BLANK,0C,off
07/26/2022 17:15:42,Chamber 5,28-041661d198ff,45.375,BLANK,0C,off
07/26/2022 17:16:02,Chamber 5,28-041661d198ff,45.375,BLANK,0C,off
07/26/2022 17:16:23,Chamber 5,28-041661d198ff,45.5,BLANK,0C,off
07/26/2022 17:16:42,Chamber 5,28-041661d198ff,45.562,BLANK,0C,off
07/26/2022 17:17:02,Chamber 5,28-041661d198ff,45.562,BLANK,0C,off
07/26/2022 17:17:22,Chamber 5,28-041661d198ff,45.625,BLANK,0C,off
07/26/2022 17:17:42,Chamber 5,28-041661d198ff,45.687,BLANK,0C,off
07/26/2022 17:18:02,Chamber 5,28-041661d198ff,45.75,BLANK,0C,off
07/26/2022 17:18:22,Chamber 5,28-041661d198ff,45.812,BLANK,0C,off
07/26/2022 17:18:42,Chamber 5,28-041661d198ff,45.812,BLANK,0C,off
07/26/2022 17:19:02,Chamber 5,28-041661d198ff,45.875,BLANK,0C,off
07/26/2022 17:19:22,Chamber 5,28-041661d198ff,45.875,BLANK,0C,off
07/26/2022 17:19:42,Chamber 5,28-041661d198ff,45.937,BLANK,0C,off
07/26/2022 17:20:02,Chamber 5,28-041661d198ff,45.937,BLANK,0C,off
07/26/2022 17:20:22,Chamber 5,28-041661d198ff,46.0,BLANK,0C,off
07/26/2022 17:20:42,Chamber 5,28-041661d198ff,46.062,BLANK,0C,off
07/26/2022 17:21:02,Chamber 5,28-041661d198ff,46.125,BLANK,0C,off
07/26/2022 17:21:22,Chamber 5,28-041661d198ff,46.125,BLANK,0C,off
07/26/2022 17:21:45,Chamber 5,28-041661d198ff,46.25,BLANK,0C,off
07/26/2022 17:22:02,Chamber 5,28-041661d198ff,46.25,BLANK,0C,off
07/26/2022 17:22:22,Chamber 5,28-041661d198ff,46.312,BLANK,0C,off
07/26/2022 17:22:42,Chamber 5,28-041661d198ff,46.312,BLANK,0C,off
07/26/2022 17:23:02,Chamber 5,28-041661d198ff,46.375,BLANK,0C,off
07/26/2022 17:23:22,Chamber 5,28-041661d198ff,46.375,BLANK,0C,off
07/26/2022 17:23:42,Chamber 5,28-041661d198ff,46.375,BLANK,0C,off
07/26/2022 17:24:02,Chamber 5,28-041661d198ff,46.437,BLANK,0C,off
07/26/2022 17:24:24,Chamber 5,28-041661d198ff,46.5,BLANK,0C,off
07/26/2022 17:24:42,Chamber 5,28-041661d198ff,46.5,BLANK,0C,off
07/26/2022 17:25:02,Chamber 5,28-041661d198ff,46.5,BLANK,0C,off
07/26/2022 17:25:22,Chamber 5,28-041661d198ff,46.5,BLANK,0C,off
07/26/2022 17:25:42,Chamber 5,28-041661d198ff,46.5,BLANK,0C,off
07/26/2022 17:26:02,Chamber 5,28-041661d198ff,46.5,BLANK,0C,off
07/26/2022 17:26:23,Chamber 5,28-041661d198ff,46.562,BLANK,0C,off
07/26/2022 17:26:42,Chamber 5,28-041661d198ff,46.562,BLANK,0C,off
07/26/2022 17:27:02,Chamber 5,28-041661d198ff,46.562,BLANK,0C,off
07/26/2022 17:27:22,Chamber 5,28-041661d198ff,46.562,BLANK,0C,off
07/26/2022 17:27:42,Chamber 5,28-041661d198ff,46.5,BLANK,0C,off
07/26/2022 17:28:02,Chamber 5,28-041661d198ff,46.562,BLANK,0C,off
07/26/2022 17:28:23,Chamber 5,28-041661d198ff,46.562,BLANK,0C,off
07/26/2022 17:28:42,Chamber 5,28-041661d198ff,46.562,BLANK,0C,off
07/26/2022 17:29:02,Chamber 5,28-041661d198ff,46.562,BLANK,0C,off
07/26/2022 17:29:22,Chamber 5,28-041661d198ff,46.5,BLANK,0C,off
07/26/2022 17:29:42,Chamber 5,28-041661d198ff,46.5,BLANK,0C,off
07/26/2022 17:30:02,Chamber 5,28-041661d198ff,46.5,BLANK,0C,off
07/26/2022 17:30:22,Chamber 5,28-041661d198ff,46.5,BLANK,0C,off
07/26/2022 17:30:42,Chamber 5,28-041661d198ff,46.5,BLANK,0C,off
07/26/2022 17:31:02,Chamber 5,28-041661d198ff,46.437,BLANK,0C,off
07/26/2022 17:31:22,Chamber 5,28-041661d198ff,46.437,BLANK,0C,off
07/26/2022 17:31:42,Chamber 5,28-041661d198ff,46.437,BLANK,0C,off
07/26/2022 17:32:02,Chamber 5,28-041661d198ff,46.375,BLANK,0C,off
07/26/2022 17:32:22,Chamber 5,28-041661d198ff,46.312,BLANK,0C,off
07/26/2022 17:32:42,Chamber 5,28-041661d198ff,46.312,BLANK,0C,off
07/26/2022 17:33:02,Chamber 5,28-041661d198ff,46.312,BLANK,0C,off
07/26/2022 17:33:22,Chamber 5,28-041661d198ff,46.25,BLANK,0C,off
07/26/2022 17:33:42,Chamber 5,28-041661d198ff,46.25,BLANK,0C,off
07/26/2022 17:34:02,Chamber 5,28-041661d198ff,46.25,BLANK,0C,off
07/26/2022 17:34:22,Chamber 5,28-041661d198ff,46.187,BLANK,0C,off
07/26/2022 17:34:42,Chamber 5,28-041661d198ff,46.187,BLANK,0C,off
07/26/2022 17:35:02,Chamber 5,28-041661d198ff,46.187,BLANK,0C,off
07/26/2022 17:35:22,Chamber 5,28-041661d198ff,46.125,BLANK,0C,off
07/26/2022 17:35:42,Chamber 5,28-041661d198ff,46.062,BLANK,0C,off
07/26/2022 17:36:02,Chamber 5,28-041661d198ff,46.062,BLANK,0C,off
07/26/2022 17:36:22,Chamber 5,28-041661d198ff,46.0,BLANK,0C,off
07/26/2022 17:36:42,Chamber 5,28-041661d198ff,45.937,BLANK,0C,off
07/26/2022 17:37:02,Chamber 5,28-041661d198ff,45.875,BLANK,0C,off
07/26/2022 17:37:22,Chamber 5,28-041661d198ff,45.875,BLANK,0C,off
07/26/2022 17:37:42,Chamber 5,28-041661d198ff,45.875,BLANK,0C,off
07/26/2022 17:38:02,Chamber 5,28-041661d198ff,45.812,BLANK,0C,off
07/26/2022 17:38:22,Chamber 5,28-041661d198ff,45.75,BLANK,0C,off
07/26/2022 17:38:42,Chamber 5,28-041661d198ff,45.687,BLANK,0C,off
07/26/2022 17:39:02,Chamber 5,28-041661d198ff,45.625,BLANK,0C,off
07/26/2022 17:39:22,Chamber 5,28-041661d198ff,45.562,BLANK,0C,off
07/26/2022 17:39:42,Chamber 5,28-041661d198ff,45.562,BLANK,0C,off
07/26/2022 17:40:02,Chamber 5,28-041661d198ff,45.5,BLANK,0C,off
07/26/2022 17:40:22,Chamber 5,28-041661d198ff,45.437,BLANK,0C,off
07/26/2022 17:40:42,Chamber 5,28-041661d198ff,45.375,BLANK,0C,off
07/26/2022 17:41:02,Chamber 5,28-041661d198ff,45.312,BLANK,0C,off
07/26/2022 17:41:22,Chamber 5,28-041661d198ff,45.312,BLANK,0C,off
07/26/2022 17:41:42,Chamber 5,28-041661d198ff,45.25,BLANK,0C,off
07/26/2022 17:42:02,Chamber 5,28-041661d198ff,45.187,BLANK,0C,off
07/26/2022 17:42:22,Chamber 5,28-041661d198ff,45.125,BLANK,0C,off
07/26/2022 17:42:42,Chamber 5,28-041661d198ff,45.062,BLANK,0C,off
07/26/2022 17:43:02,Chamber 5,28-041661d198ff,45.0,BLANK,0C,off
07/26/2022 17:43:22,Chamber 5,28-041661d198ff,44.937,BLANK,0C,off
07/26/2022 17:43:42,Chamber 5,28-041661d198ff,44.875,BLANK,0C,off
07/26/2022 17:44:02,Chamber 5,28-041661d198ff,44.812,BLANK,0C,off
07/26/2022 17:44:23,Chamber 5,28-041661d198ff,44.812,BLANK,0C,off
07/26/2022 17:44:42,Chamber 5,28-041661d198ff,44.75,BLANK,0C,off
07/26/2022 17:45:02,Chamber 5,28-041661d198ff,44.687,BLANK,0C,off
07/26/2022 17:45:22,Chamber 5,28-041661d198ff,44.562,BLANK,0C,off
07/26/2022 17:45:42,Chamber 5,28-041661d198ff,44.562,BLANK,0C,off
07/26/2022 17:46:02,Chamber 5,28-041661d198ff,44.437,BLANK,0C,off
07/26/2022 17:46:22,Chamber 5,28-041661d198ff,44.437,BLANK,0C,off
07/26/2022 17:46:42,Chamber 5,28-041661d198ff,44.312,BLANK,0C,off
07/26/2022 17:47:02,Chamber 5,28-041661d198ff,44.25,BLANK,0C,off
07/26/2022 17:47:22,Chamber 5,28-041661d198ff,44.187,BLANK,0C,off
07/26/2022 17:47:42,Chamber 5,28-041661d198ff,44.125,BLANK,0C,off
07/26/2022 17:48:03,Chamber 5,28-041661d198ff,44.062,BLANK,0C,off
07/26/2022 17:48:22,Chamber 5,28-041661d198ff,44.0,BLANK,0C,off
07/26/2022 17:48:43,Chamber 5,28-041661d198ff,43.937,BLANK,0C,off
07/26/2022 17:49:02,Chamber 5,28-041661d198ff,43.875,BLANK,0C,off
07/26/2022 17:49:22,Chamber 5,28-041661d198ff,43.812,BLANK,0C,off
07/26/2022 17:49:42,Chamber 5,28-041661d198ff,43.812,BLANK,0C,off
07/26/2022 17:50:03,Chamber 5,28-041661d198ff,43.687,BLANK,0C,off
07/26/2022 17:50:22,Chamber 5,28-041661d198ff,43.625,BLANK,0C,off
07/26/2022 17:50:42,Chamber 5,28-041661d198ff,43.562,BLANK,0C,off
07/26/2022 17:51:02,Chamber 5,28-041661d198ff,43.5,BLANK,0C,off
07/26/2022 17:51:22,Chamber 5,28-041661d198ff,43.437,BLANK,0C,off
07/26/2022 17:51:42,Chamber 5,28-041661d198ff,43.437,BLANK,0C,off
07/26/2022 17:52:02,Chamber 5,28-041661d198ff,43.375,BLANK,0C,off
07/26/2022 17:52:22,Chamber 5,28-041661d198ff,43.375,BLANK,0C,off
07/26/2022 17:52:42,Chamber 5,28-041661d198ff,43.375,BLANK,0C,off
07/26/2022 17:53:02,Chamber 5,28-041661d198ff,43.187,BLANK,0C,off
07/26/2022 17:53:22,Chamber 5,28-041661d198ff,43.125,BLANK,0C,off
07/26/2022 17:53:42,Chamber 5,28-041661d198ff,43.062,BLANK,0C,off
07/26/2022 17:54:02,Chamber 5,28-041661d198ff,43.0,BLANK,0C,off
07/26/2022 17:54:22,Chamber 5,28-041661d198ff,42.937,BLANK,0C,off
07/26/2022 17:54:42,Chamber 5,28-041661d198ff,42.875,BLANK,0C,off
07/26/2022 17:55:02,Chamber 5,28-041661d198ff,42.812,BLANK,0C,off
07/26/2022 17:55:23,Chamber 5,28-041661d198ff,42.75,BLANK,0C,off
07/26/2022 17:55:42,Chamber 5,28-041661d198ff,42.75,BLANK,0C,off
07/26/2022 17:56:02,Chamber 5,28-041661d198ff,42.625,BLANK,0C,off
07/26/2022 17:56:22,Chamber 5,28-041661d198ff,42.625,BLANK,0C,off
07/26/2022 17:56:42,Chamber 5,28-041661d198ff,42.562,BLANK,0C,off
07/26/2022 17:57:02,Chamber 5,28-041661d198ff,42.5,BLANK,0C,off
07/26/2022 17:57:23,Chamber 5,28-041661d198ff,42.437,BLANK,0C,off
07/26/2022 17:57:42,Chamber 5,28-041661d198ff,42.375,BLANK,0C,off
07/26/2022 17:58:02,Chamber 5,28-041661d198ff,42.312,BLANK,0C,off
07/26/2022 17:58:22,Chamber 5,28-041661d198ff,42.25,BLANK,0C,off
07/26/2022 17:58:42,Chamber 5,28-041661d198ff,42.187,BLANK,0C,off
07/26/2022 17:59:03,Chamber 5,28-041661d198ff,42.125,BLANK,0C,off
07/26/2022 17:59:22,Chamber 5,28-041661d198ff,42.062,BLANK,0C,off
07/26/2022 17:59:42,Chamber 5,28-041661d198ff,42.0,BLANK,0C,off
07/26/2022 18:00:02,Chamber 5,28-041661d198ff,41.937,BLANK,0C,off
07/26/2022 18:00:22,Chamber 5,28-041661d198ff,41.937,BLANK,0C,off
07/26/2022 18:00:42,Chamber 5,28-041661d198ff,41.875,BLANK,0C,off
07/26/2022 18:01:02,Chamber 5,28-041661d198ff,41.812,BLANK,0C,off
07/26/2022 18:01:22,Chamber 5,28-041661d198ff,41.75,BLANK,0C,off
07/26/2022 18:01:43,Chamber 5,28-041661d198ff,41.687,BLANK,0C,off
07/26/2022 18:02:02,Chamber 5,28-041661d198ff,41.625,BLANK,0C,off
07/26/2022 18:02:22,Chamber 5,28-041661d198ff,41.562,BLANK,0C,off
07/26/2022 18:02:42,Chamber 5,28-041661d198ff,41.562,BLANK,0C,off
07/26/2022 18:03:02,Chamber 5,28-041661d198ff,41.5,BLANK,0C,off
07/26/2022 18:03:22,Chamber 5,28-041661d198ff,41.437,BLANK,0C,off
07/26/2022 18:03:42,Chamber 5,28-041661d198ff,41.375,BLANK,0C,off
07/26/2022 18:04:03,Chamber 5,28-041661d198ff,41.312,BLANK,0C,off
07/26/2022 18:04:22,Chamber 5,28-041661d198ff,41.312,BLANK,0C,off
07/26/2022 18:04:42,Chamber 5,28-041661d198ff,41.25,BLANK,0C,off
07/26/2022 18:05:02,Chamber 5,28-041661d198ff,41.187,BLANK,0C,off
07/26/2022 18:05:23,Chamber 5,28-041661d198ff,41.125,BLANK,0C,off
07/26/2022 18:05:42,Chamber 5,28-041661d198ff,41.125,BLANK,0C,off
07/26/2022 18:06:02,Chamber 5,28-041661d198ff,41.062,BLANK,0C,off
07/26/2022 18:06:22,Chamber 5,28-041661d198ff,41.062,BLANK,0C,off
07/26/2022 18:06:43,Chamber 5,28-041661d198ff,41.0,BLANK,0C,off
07/26/2022 18:07:04,Chamber 5,28-041661d198ff,41.0,BLANK,0C,off
07/26/2022 18:07:22,Chamber 5,28-041661d198ff,40.937,BLANK,0C,off
07/26/2022 18:07:42,Chamber 5,28-041661d198ff,40.875,BLANK,0C,off
07/26/2022 18:08:02,Chamber 5,28-041661d198ff,40.875,BLANK,0C,off
07/26/2022 18:08:22,Chamber 5,28-041661d198ff,40.875,BLANK,0C,off
07/26/2022 18:08:43,Chamber 5,28-041661d198ff,40.812,BLANK,0C,off
07/26/2022 18:09:02,Chamber 5,28-041661d198ff,40.812,BLANK,0C,off
07/26/2022 18:09:22,Chamber 5,28-041661d198ff,40.75,BLANK,0C,off
07/26/2022 18:09:42,Chamber 5,28-041661d198ff,40.75,BLANK,0C,off
07/26/2022 18:10:02,Chamber 5,28-041661d198ff,40.687,BLANK,0C,off
07/26/2022 18:10:22,Chamber 5,28-041661d198ff,40.687,BLANK,0C,off
07/26/2022 18:10:42,Chamber 5,28-041661d198ff,40.625,BLANK,0C,off
07/26/2022 18:11:02,Chamber 5,28-041661d198ff,40.625,BLANK,0C,off
07/26/2022 18:11:22,Chamber 5,28-041661d198ff,40.625,BLANK,0C,off
07/26/2022 18:11:42,Chamber 5,28-041661d198ff,40.562,BLANK,0C,off
07/26/2022 18:12:02,Chamber 5,28-041661d198ff,40.562,BLANK,0C,off
07/26/2022 18:12:22,Chamber 5,28-041661d198ff,40.562,BLANK,0C,off
07/26/2022 18:12:42,Chamber 5,28-041661d198ff,40.562,BLANK,0C,off
07/26/2022 18:13:02,Chamber 5,28-041661d198ff,40.562,BLANK,0C,off
07/26/2022 18:13:22,Chamber 5,28-041661d198ff,40.5,BLANK,0C,off
07/26/2022 18:13:42,Chamber 5,28-041661d198ff,40.5,BLANK,0C,off
07/26/2022 18:14:02,Chamber 5,28-041661d198ff,40.5,BLANK,0C,off
07/26/2022 18:14:22,Chamber 5,28-041661d198ff,40.5,BLANK,0C,off
07/26/2022 18:14:42,Chamber 5,28-041661d198ff,40.5,BLANK,0C,off
07/26/2022 18:15:02,Chamber 5,28-041661d198ff,40.5,BLANK,0C,off
07/26/2022 18:15:22,Chamber 5,28-041661d198ff,40.5,BLANK,0C,off
07/26/2022 18:15:42,Chamber 5,28-041661d198ff,40.5,BLANK,0C,off
07/26/2022 18:16:02,Chamber 5,28-041661d198ff,40.5,BLANK,0C,off
07/26/2022 18:16:23,Chamber 5,28-041661d198ff,40.5,BLANK,0C,off
07/26/2022 18:16:42,Chamber 5,28-041661d198ff,40.5,BLANK,0C,off
07/26/2022 18:17:02,Chamber 5,28-041661d198ff,40.5,BLANK,0C,off
07/26/2022 18:17:24,Chamber 5,28-041661d198ff,40.5,BLANK,0C,off
07/26/2022 18:17:42,Chamber 5,28-041661d198ff,40.5,BLANK,0C,off
07/26/2022 18:18:02,Chamber 5,28-041661d198ff,40.5,BLANK,0C,off
07/26/2022 18:18:22,Chamber 5,28-041661d198ff,40.5,BLANK,0C,off
07/26/2022 18:18:42,Chamber 5,28-041661d198ff,40.562,BLANK,0C,off
07/26/2022 18:19:02,Chamber 5,28-041661d198ff,40.562,BLANK,0C,off
07/26/2022 18:19:22,Chamber 5,28-041661d198ff,40.562,BLANK,0C,off
07/26/2022 18:19:42,Chamber 5,28-041661d198ff,40.562,BLANK,0C,off
07/26/2022 18:20:03,Chamber 5,28-041661d198ff,40.562,BLANK,0C,off
07/26/2022 18:20:22,Chamber 5,28-041661d198ff,40.562,BLANK,0C,off
07/26/2022 18:20:42,Chamber 5,28-041661d198ff,40.562,BLANK,0C,off
07/26/2022 18:21:02,Chamber 5,28-041661d198ff,40.562,BLANK,0C,off
07/26/2022 18:21:22,Chamber 5,28-041661d198ff,40.625,BLANK,0C,off
07/26/2022 18:21:42,Chamber 5,28-041661d198ff,40.625,BLANK,0C,off
07/26/2022 18:22:02,Chamber 5,28-041661d198ff,40.625,BLANK,0C,off
07/26/2022 18:22:22,Chamber 5,28-041661d198ff,40.687,BLANK,0C,off
07/26/2022 18:22:42,Chamber 5,28-041661d198ff,40.687,BLANK,0C,off
07/26/2022 18:23:02,Chamber 5,28-041661d198ff,40.75,BLANK,0C,off
07/26/2022 18:23:22,Chamber 5,28-041661d198ff,40.75,BLANK,0C,off
07/26/2022 18:23:42,Chamber 5,28-041661d198ff,40.75,BLANK,0C,off
07/26/2022 18:24:02,Chamber 5,28-041661d198ff,40.812,BLANK,0C,off
07/26/2022 18:24:22,Chamber 5,28-041661d198ff,40.875,BLANK,0C,off
07/26/2022 18:24:42,Chamber 5,28-041661d198ff,40.875,BLANK,0C,off
07/26/2022 18:25:02,Chamber 5,28-041661d198ff,40.937,BLANK,0C,off
07/26/2022 18:25:23,Chamber 5,28-041661d198ff,40.937,BLANK,0C,off
07/26/2022 18:25:42,Chamber 5,28-041661d198ff,40.937,BLANK,0C,off
07/26/2022 18:26:02,Chamber 5,28-041661d198ff,41.0,BLANK,0C,off
07/26/2022 18:26:22,Chamber 5,28-041661d198ff,41.0,BLANK,0C,off
07/26/2022 18:26:42,Chamber 5,28-041661d198ff,41.062,BLANK,0C,off
07/26/2022 18:27:02,Chamber 5,28-041661d198ff,41.062,BLANK,0C,off
07/26/2022 18:27:22,Chamber 5,28-041661d198ff,41.062,BLANK,0C,off
07/26/2022 18:27:43,Chamber 5,28-041661d198ff,41.125,BLANK,0C,off
07/26/2022 18:28:02,Chamber 5,28-041661d198ff,41.125,BLANK,0C,off
07/26/2022 18:28:22,Chamber 5,28-041661d198ff,41.125,BLANK,0C,off
07/26/2022 18:28:42,Chamber 5,28-041661d198ff,41.25,BLANK,0C,off
07/26/2022 18:29:03,Chamber 5,28-041661d198ff,41.312,BLANK,0C,off
07/26/2022 18:29:22,Chamber 5,28-041661d198ff,41.312,BLANK,0C,off
07/26/2022 18:29:42,Chamber 5,28-041661d198ff,41.375,BLANK,0C,off
07/26/2022 18:30:02,Chamber 5,28-041661d198ff,41.375,BLANK,0C,off
07/26/2022 18:30:22,Chamber 5,28-041661d198ff,41.375,BLANK,0C,off
07/26/2022 18:30:42,Chamber 5,28-041661d198ff,41.437,BLANK,0C,off
07/26/2022 18:31:02,Chamber 5,28-041661d198ff,41.5,BLANK,0C,off
07/26/2022 18:31:22,Chamber 5,28-041661d198ff,41.5,BLANK,0C,off
07/26/2022 18:31:42,Chamber 5,28-041661d198ff,41.562,BLANK,0C,off
07/26/2022 18:32:02,Chamber 5,28-041661d198ff,41.625,BLANK,0C,off
07/26/2022 18:32:22,Chamber 5,28-041661d198ff,41.687,BLANK,0C,off
07/26/2022 18:32:42,Chamber 5,28-041661d198ff,41.75,BLANK,0C,off
07/26/2022 18:33:03,Chamber 5,28-041661d198ff,41.75,BLANK,0C,off
07/26/2022 18:33:22,Chamber 5,28-041661d198ff,41.812,BLANK,0C,off
07/26/2022 18:33:42,Chamber 5,28-041661d198ff,41.875,BLANK,0C,off
07/26/2022 18:34:02,Chamber 5,28-041661d198ff,41.937,BLANK,0C,off
07/26/2022 18:34:22,Chamber 5,28-041661d198ff,42.0,BLANK,0C,off
07/26/2022 18:34:44,Chamber 5,28-041661d198ff,42.125,BLANK,0C,off
07/26/2022 18:35:02,Chamber 5,28-041661d198ff,42.125,BLANK,0C,off
07/26/2022 18:35:22,Chamber 5,28-041661d198ff,42.125,BLANK,0C,off
07/26/2022 18:35:42,Chamber 5,28-041661d198ff,42.187,BLANK,0C,off
07/26/2022 18:36:02,Chamber 5,28-041661d198ff,42.25,BLANK,0C,off
07/26/2022 18:36:22,Chamber 5,28-041661d198ff,42.25,BLANK,0C,off
07/26/2022 18:36:42,Chamber 5,28-041661d198ff,42.312,BLANK,0C,off
07/26/2022 18:37:02,Chamber 5,28-041661d198ff,42.375,BLANK,0C,off
07/26/2022 18:37:22,Chamber 5,28-041661d198ff,42.375,BLANK,0C,off
07/26/2022 18:37:42,Chamber 5,28-041661d198ff,42.437,BLANK,0C,off
07/26/2022 18:38:03,Chamber 5,28-041661d198ff,42.5,BLANK,0C,off
07/26/2022 18:38:22,Chamber 5,28-041661d198ff,42.5,BLANK,0C,off
07/26/2022 18:38:42,Chamber 5,28-041661d198ff,42.562,BLANK,0C,off
07/26/2022 18:39:02,Chamber 5,28-041661d198ff,42.687,BLANK,0C,off
07/26/2022 18:39:23,Chamber 5,28-041661d198ff,42.75,BLANK,0C,off
07/26/2022 18:39:42,Chamber 5,28-041661d198ff,42.75,BLANK,0C,off
07/26/2022 18:40:02,Chamber 5,28-041661d198ff,42.812,BLANK,0C,off
07/26/2022 18:40:22,Chamber 5,28-041661d198ff,42.812,BLANK,0C,off
07/26/2022 18:40:42,Chamber 5,28-041661d198ff,42.937,BLANK,0C,off
07/26/2022 18:41:03,Chamber 5,28-041661d198ff,43.0,BLANK,0C,off
07/26/2022 18:41:22,Chamber 5,28-041661d198ff,43.0,BLANK,0C,off
07/26/2022 18:41:42,Chamber 5,28-041661d198ff,43.062,BLANK,0C,off
07/26/2022 18:42:02,Chamber 5,28-041661d198ff,43.125,BLANK,0C,off
07/26/2022 18:42:22,Chamber 5,28-041661d198ff,43.187,BLANK,0C,off
07/26/2022 18:42:42,Chamber 5,28-041661d198ff,43.187,BLANK,0C,off
07/26/2022 18:43:02,Chamber 5,28-041661d198ff,43.25,BLANK,0C,off
07/26/2022 18:43:22,Chamber 5,28-041661d198ff,43.312,BLANK,0C,off
07/26/2022 18:43:42,Chamber 5,28-041661d198ff,43.375,BLANK,0C,off
07/26/2022 18:44:04,Chamber 5,28-041661d198ff,43.437,BLANK,0C,off
07/26/2022 18:44:22,Chamber 5,28-041661d198ff,43.437,BLANK,0C,off
07/26/2022 18:44:42,Chamber 5,28-041661d198ff,43.437,BLANK,0C,off
07/26/2022 18:45:02,Chamber 5,28-041661d198ff,43.5,BLANK,0C,off
07/26/2022 18:45:22,Chamber 5,28-041661d198ff,43.562,BLANK,0C,off
07/26/2022 18:45:42,Chamber 5,28-041661d198ff,43.562,BLANK,0C,off
07/26/2022 18:46:02,Chamber 5,28-041661d198ff,43.562,BLANK,0C,off
07/26/2022 18:46:22,Chamber 5,28-041661d198ff,43.625,BLANK,0C,off
07/26/2022 18:46:42,Chamber 5,28-041661d198ff,43.687,BLANK,0C,off
07/26/2022 18:47:02,Chamber 5,28-041661d198ff,43.687,BLANK,0C,off
07/26/2022 18:47:22,Chamber 5,28-041661d198ff,43.75,BLANK,0C,off
07/26/2022 18:47:42,Chamber 5,28-041661d198ff,43.75,BLANK,0C,off
07/26/2022 18:48:02,Chamber 5,28-041661d198ff,43.75,BLANK,0C,off
07/26/2022 18:48:22,Chamber 5,28-041661d198ff,43.75,BLANK,0C,off
07/26/2022 18:48:42,Chamber 5,28-041661d198ff,43.812,BLANK,0C,off
07/26/2022 18:49:04,Chamber 5,28-041661d198ff,43.812,BLANK,0C,off
07/26/2022 18:49:22,Chamber 5,28-041661d198ff,43.875,BLANK,0C,off
07/26/2022 18:49:42,Chamber 5,28-041661d198ff,43.875,BLANK,0C,off
07/26/2022 18:50:02,Chamber 5,28-041661d198ff,43.937,BLANK,0C,off
07/26/2022 18:50:22,Chamber 5,28-041661d198ff,43.937,BLANK,0C,off
07/26/2022 18:50:42,Chamber 5,28-041661d198ff,43.937,BLANK,0C,off
07/26/2022 18:51:02,Chamber 5,28-041661d198ff,43.937,BLANK,0C,off
07/26/2022 18:51:22,Chamber 5,28-041661d198ff,43.937,BLANK,0C,off
07/26/2022 18:51:42,Chamber 5,28-041661d198ff,43.937,BLANK,0C,off
07/26/2022 18:52:02,Chamber 5,28-041661d198ff,44.0,BLANK,0C,off
07/26/2022 18:52:22,Chamber 5,28-041661d198ff,44.062,BLANK,0C,off
07/26/2022 18:52:42,Chamber 5,28-041661d198ff,44.062,BLANK,0C,off
07/26/2022 18:53:02,Chamber 5,28-041661d198ff,44.125,BLANK,0C,off
07/26/2022 18:53:22,Chamber 5,28-041661d198ff,44.125,BLANK,0C,off
07/26/2022 18:53:43,Chamber 5,28-041661d198ff,44.187,BLANK,0C,off
07/26/2022 18:54:03,Chamber 5,28-041661d198ff,44.187,BLANK,0C,off
07/26/2022 18:54:22,Chamber 5,28-041661d198ff,44.187,BLANK,0C,off
07/26/2022 18:54:42,Chamber 5,28-041661d198ff,44.187,BLANK,0C,off
07/26/2022 18:55:02,Chamber 5,28-041661d198ff,44.187,BLANK,0C,off
07/26/2022 18:55:22,Chamber 5,28-041661d198ff,44.25,BLANK,0C,off
07/26/2022 18:55:42,Chamber 5,28-041661d198ff,44.25,BLANK,0C,off
07/26/2022 18:56:02,Chamber 5,28-041661d198ff,44.312,BLANK,0C,off
07/26/2022 18:56:22,Chamber 5,28-041661d198ff,44.312,BLANK,0C,off
07/26/2022 18:56:42,Chamber 5,28-041661d198ff,44.312,BLANK,0C,off
07/26/2022 18:57:02,Chamber 5,28-041661d198ff,44.312,BLANK,0C,off
07/26/2022 18:57:23,Chamber 5,28-041661d198ff,44.312,BLANK,0C,off
07/26/2022 18:57:42,Chamber 5,28-041661d198ff,44.312,BLANK,0C,off
07/26/2022 18:58:02,Chamber 5,28-041661d198ff,44.312,BLANK,0C,off
07/26/2022 18:58:24,Chamber 5,28-041661d198ff,44.375,BLANK,0C,off
07/26/2022 18:58:42,Chamber 5,28-041661d198ff,44.375,BLANK,0C,off
07/26/2022 18:59:02,Chamber 5,28-041661d198ff,44.375,BLANK,0C,off
07/26/2022 18:59:22,Chamber 5,28-041661d198ff,44.375,BLANK,0C,off
07/26/2022 18:59:42,Chamber 5,28-041661d198ff,44.375,BLANK,0C,off
07/26/2022 19:00:02,Chamber 5,28-041661d198ff,44.375,BLANK,0C,off
07/26/2022 19:00:22,Chamber 5,28-041661d198ff,44.375,BLANK,0C,off
07/26/2022 19:00:42,Chamber 5,28-041661d198ff,44.375,BLANK,0C,off
07/26/2022 19:01:02,Chamber 5,28-041661d198ff,44.375,BLANK,0C,off
07/26/2022 19:01:22,Chamber 5,28-041661d198ff,44.437,BLANK,0C,off
07/26/2022 19:01:42,Chamber 5,28-041661d198ff,44.437,BLANK,0C,off
07/26/2022 19:02:02,Chamber 5,28-041661d198ff,44.437,BLANK,0C,off
07/26/2022 19:02:22,Chamber 5,28-041661d198ff,44.437,BLANK,0C,off
07/26/2022 19:02:43,Chamber 5,28-041661d198ff,44.375,BLANK,0C,off
07/26/2022 19:03:02,Chamber 5,28-041661d198ff,44.375,BLANK,0C,off
07/26/2022 19:03:22,Chamber 5,28-041661d198ff,44.375,BLANK,0C,off
07/26/2022 19:03:42,Chamber 5,28-041661d198ff,44.375,BLANK,0C,off
07/26/2022 19:04:02,Chamber 5,28-041661d198ff,44.375,BLANK,0C,off
07/26/2022 19:04:22,Chamber 5,28-041661d198ff,44.375,BLANK,0C,off
07/26/2022 19:04:42,Chamber 5,28-041661d198ff,44.375,BLANK,0C,off
07/26/2022 19:05:02,Chamber 5,28-041661d198ff,44.375,BLANK,0C,off
07/26/2022 19:05:22,Chamber 5,28-041661d198ff,44.312,BLANK,0C,off
07/26/2022 19:05:42,Chamber 5,28-041661d198ff,44.312,BLANK,0C,off
07/26/2022 19:06:02,Chamber 5,28-041661d198ff,44.312,BLANK,0C,off
07/26/2022 19:06:22,Chamber 5,28-041661d198ff,44.312,BLANK,0C,off
07/26/2022 19:06:42,Chamber 5,28-041661d198ff,44.312,BLANK,0C,off
07/26/2022 19:07:02,Chamber 5,28-041661d198ff,44.312,BLANK,0C,off
07/26/2022 19:07:22,Chamber 5,28-041661d198ff,44.25,BLANK,0C,off
07/26/2022 19:07:42,Chamber 5,28-041661d198ff,44.25,BLANK,0C,off
07/26/2022 19:08:02,Chamber 5,28-041661d198ff,44.25,BLANK,0C,off
07/26/2022 19:08:22,Chamber 5,28-041661d198ff,44.187,BLANK,0C,off
07/26/2022 19:08:42,Chamber 5,28-041661d198ff,44.187,BLANK,0C,off
07/26/2022 19:09:02,Chamber 5,28-041661d198ff,44.125,BLANK,0C,off
07/26/2022 19:09:22,Chamber 5,28-041661d198ff,44.125,BLANK,0C,off
07/26/2022 19:09:42,Chamber 5,28-041661d198ff,44.125,BLANK,0C,off
07/26/2022 19:10:02,Chamber 5,28-041661d198ff,44.125,BLANK,0C,off
07/26/2022 19:10:22,Chamber 5,28-041661d198ff,44.125,BLANK,0C,off
07/26/2022 19:10:42,Chamber 5,28-041661d198ff,44.125,BLANK,0C,off
07/26/2022 19:11:02,Chamber 5,28-041661d198ff,44.062,BLANK,0C,off
07/26/2022 19:11:22,Chamber 5,28-041661d198ff,44.062,BLANK,0C,off
07/26/2022 19:11:42,Chamber 5,28-041661d198ff,44.062,BLANK,0C,off
07/26/2022 19:12:02,Chamber 5,28-041661d198ff,44.062,BLANK,0C,off
07/26/2022 19:12:22,Chamber 5,28-041661d198ff,44.0,BLANK,0C,off
07/26/2022 19:12:42,Chamber 5,28-041661d198ff,44.0,BLANK,0C,off
07/26/2022 19:13:02,Chamber 5,28-041661d198ff,43.937,BLANK,0C,off
07/26/2022 19:13:22,Chamber 5,28-041661d198ff,43.937,BLANK,0C,off
07/26/2022 19:13:42,Chamber 5,28-041661d198ff,43.937,BLANK,0C,off
07/26/2022 19:14:02,Chamber 5,28-041661d198ff,43.875,BLANK,0C,off
07/26/2022 19:14:22,Chamber 5,28-041661d198ff,43.875,BLANK,0C,off
07/26/2022 19:14:42,Chamber 5,28-041661d198ff,43.875,BLANK,0C,off
07/26/2022 19:15:02,Chamber 5,28-041661d198ff,43.812,BLANK,0C,off
07/26/2022 19:15:22,Chamber 5,28-041661d198ff,43.812,BLANK,0C,off
07/26/2022 19:15:42,Chamber 5,28-041661d198ff,43.812,BLANK,0C,off
07/26/2022 19:16:02,Chamber 5,28-041661d198ff,43.75,BLANK,0C,off
07/26/2022 19:16:22,Chamber 5,28-041661d198ff,43.75,BLANK,0C,off
07/26/2022 19:16:42,Chamber 5,28-041661d198ff,43.687,BLANK,0C,off
07/26/2022 19:17:02,Chamber 5,28-041661d198ff,43.687,BLANK,0C,off
07/26/2022 19:17:22,Chamber 5,28-041661d198ff,43.687,BLANK,0C,off
07/26/2022 19:17:43,Chamber 5,28-041661d198ff,43.625,BLANK,0C,off
07/26/2022 19:18:02,Chamber 5,28-041661d198ff,43.625,BLANK,0C,off
07/26/2022 19:18:22,Chamber 5,28-041661d198ff,43.562,BLANK,0C,off
07/26/2022 19:18:43,Chamber 5,28-041661d198ff,43.562,BLANK,0C,off
07/26/2022 19:19:02,Chamber 5,28-041661d198ff,43.562,BLANK,0C,off
07/26/2022 19:19:22,Chamber 5,28-041661d198ff,43.5,BLANK,0C,off
07/26/2022 19:19:43,Chamber 5,28-041661d198ff,43.437,BLANK,0C,off
07/26/2022 19:20:02,Chamber 5,28-041661d198ff,43.437,BLANK,0C,off
07/26/2022 19:20:23,Chamber 5,28-041661d198ff,43.437,BLANK,0C,off
07/26/2022 19:20:42,Chamber 5,28-041661d198ff,43.437,BLANK,0C,off
07/26/2022 19:21:02,Chamber 5,28-041661d198ff,43.375,BLANK,0C,off
07/26/2022 19:21:23,Chamber 5,28-041661d198ff,43.312,BLANK,0C,off
07/26/2022 19:21:42,Chamber 5,28-041661d198ff,43.312,BLANK,0C,off
07/26/2022 19:22:02,Chamber 5,28-041661d198ff,43.312,BLANK,0C,off
07/26/2022 19:22:22,Chamber 5,28-041661d198ff,43.25,BLANK,0C,off
07/26/2022 19:22:42,Chamber 5,28-041661d198ff,43.25,BLANK,0C,off
07/26/2022 19:23:02,Chamber 5,28-041661d198ff,43.187,BLANK,0C,off
07/26/2022 19:23:22,Chamber 5,28-041661d198ff,43.187,BLANK,0C,off
07/26/2022 19:23:42,Chamber 5,28-041661d198ff,43.125,BLANK,0C,off
07/26/2022 19:24:02,Chamber 5,28-041661d198ff,43.062,BLANK,0C,off
07/26/2022 19:24:22,Chamber 5,28-041661d198ff,43.062,BLANK,0C,off
07/26/2022 19:24:42,Chamber 5,28-041661d198ff,43.062,BLANK,0C,off
07/26/2022 19:25:03,Chamber 5,28-041661d198ff,43.0,BLANK,0C,off
07/26/2022 19:25:22,Chamber 5,28-041661d198ff,43.0,BLANK,0C,off
07/26/2022 19:25:42,Chamber 5,28-041661d198ff,42.937,BLANK,0C,off
07/26/2022 19:26:02,Chamber 5,28-041661d198ff,42.875,BLANK,0C,off
07/26/2022 19:26:22,Chamber 5,28-041661d198ff,42.875,BLANK,0C,off
07/26/2022 19:26:42,Chamber 5,28-041661d198ff,42.812,BLANK,0C,off
07/26/2022 19:27:02,Chamber 5,28-041661d198ff,42.812,BLANK,0C,off
07/26/2022 19:27:22,Chamber 5,28-041661d198ff,42.812,BLANK,0C,off
07/26/2022 19:27:42,Chamber 5,28-041661d198ff,42.75,BLANK,0C,off
07/26/2022 19:28:02,Chamber 5,28-041661d198ff,42.75,BLANK,0C,off
07/26/2022 19:28:22,Chamber 5,28-041661d198ff,42.687,BLANK,0C,off
07/26/2022 19:28:42,Chamber 5,28-041661d198ff,42.625,BLANK,0C,off
07/26/2022 19:29:02,Chamber 5,28-041661d198ff,42.625,BLANK,0C,off
07/26/2022 19:29:22,Chamber 5,28-041661d198ff,42.562,BLANK,0C,off
07/26/2022 19:29:42,Chamber 5,28-041661d198ff,42.562,BLANK,0C,off
07/26/2022 19:30:02,Chamber 5,28-041661d198ff,42.5,BLANK,0C,off
07/26/2022 19:30:22,Chamber 5,28-041661d198ff,42.5,BLANK,0C,off
07/26/2022 19:30:42,Chamber 5,28-041661d198ff,42.5,BLANK,0C,off
07/26/2022 19:31:02,Chamber 5,28-041661d198ff,42.437,BLANK,0C,off
07/26/2022 19:31:22,Chamber 5,28-041661d198ff,42.437,BLANK,0C,off
07/26/2022 19:31:42,Chamber 5,28-041661d198ff,42.437,BLANK,0C,off
07/26/2022 19:32:02,Chamber 5,28-041661d198ff,42.437,BLANK,0C,off
07/26/2022 19:32:22,Chamber 5,28-041661d198ff,42.375,BLANK,0C,off
07/26/2022 19:32:42,Chamber 5,28-041661d198ff,42.312,BLANK,0C,off
07/26/2022 19:33:02,Chamber 5,28-041661d198ff,42.312,BLANK,0C,off
07/26/2022 19:33:22,Chamber 5,28-041661d198ff,42.312,BLANK,0C,off
07/26/2022 19:33:43,Chamber 5,28-041661d198ff,42.312,BLANK,0C,off
07/26/2022 19:34:02,Chamber 5,28-041661d198ff,42.25,BLANK,0C,off
07/26/2022 19:34:22,Chamber 5,28-041661d198ff,42.25,BLANK,0C,off
07/26/2022 19:34:42,Chamber 5,28-041661d198ff,42.187,BLANK,0C,off
07/26/2022 19:35:02,Chamber 5,28-041661d198ff,42.187,BLANK,0C,off
07/26/2022 19:35:23,Chamber 5,28-041661d198ff,42.187,BLANK,0C,off
07/26/2022 19:35:44,Chamber 5,28-041661d198ff,42.187,BLANK,0C,off
07/26/2022 19:36:02,Chamber 5,28-041661d198ff,42.187,BLANK,0C,off
07/26/2022 19:36:22,Chamber 5,28-041661d198ff,42.125,BLANK,0C,off
07/26/2022 19:36:42,Chamber 5,28-041661d198ff,42.125,BLANK,0C,off
07/26/2022 19:37:02,Chamber 5,28-041661d198ff,42.125,BLANK,0C,off
07/26/2022 19:37:22,Chamber 5,28-041661d198ff,42.062,BLANK,0C,off
07/26/2022 19:37:42,Chamber 5,28-041661d198ff,42.062,BLANK,0C,off
07/26/2022 19:38:02,Chamber 5,28-041661d198ff,42.062,BLANK,0C,off
07/26/2022 19:38:22,Chamber 5,28-041661d198ff,42.062,BLANK,0C,off
07/26/2022 19:38:43,Chamber 5,28-041661d198ff,42.062,BLANK,0C,off
07/26/2022 19:39:02,Chamber 5,28-041661d198ff,42.062,BLANK,0C,off
07/26/2022 19:39:22,Chamber 5,28-041661d198ff,42.0,BLANK,0C,off
07/26/2022 19:39:42,Chamber 5,28-041661d198ff,42.0,BLANK,0C,off
07/26/2022 19:40:02,Chamber 5,28-041661d198ff,42.0,BLANK,0C,off
07/26/2022 19:40:23,Chamber 5,28-041661d198ff,42.0,BLANK,0C,off
07/26/2022 19:40:42,Chamber 5,28-041661d198ff,42.0,BLANK,0C,off
07/26/2022 19:41:02,Chamber 5,28-041661d198ff,42.0,BLANK,0C,off
07/26/2022 19:41:23,Chamber 5,28-041661d198ff,42.0,BLANK,0C,off
07/26/2022 19:41:42,Chamber 5,28-041661d198ff,42.0,BLANK,0C,off
07/26/2022 19:42:02,Chamber 5,28-041661d198ff,42.0,BLANK,0C,off
07/26/2022 19:42:22,Chamber 5,28-041661d198ff,42.0,BLANK,0C,off
07/26/2022 19:42:43,Chamber 5,28-041661d198ff,42.0,BLANK,0C,off
07/26/2022 19:43:02,Chamber 5,28-041661d198ff,41.937,BLANK,0C,off
07/26/2022 19:43:23,Chamber 5,28-041661d198ff,42.0,BLANK,0C,off
07/26/2022 19:43:42,Chamber 5,28-041661d198ff,42.0,BLANK,0C,off
07/26/2022 19:44:02,Chamber 5,28-041661d198ff,42.0,BLANK,0C,off
07/26/2022 19:44:23,Chamber 5,28-041661d198ff,42.0,BLANK,0C,off
07/26/2022 19:44:42,Chamber 5,28-041661d198ff,42.0,BLANK,0C,off
07/26/2022 19:45:03,Chamber 5,28-041661d198ff,42.0,BLANK,0C,off
07/26/2022 19:45:22,Chamber 5,28-041661d198ff,42.0,BLANK,0C,off
07/26/2022 19:45:42,Chamber 5,28-041661d198ff,42.0,BLANK,0C,off
07/26/2022 19:46:02,Chamber 5,28-041661d198ff,42.0,BLANK,0C,off
07/26/2022 19:46:22,Chamber 5,28-041661d198ff,42.0,BLANK,0C,off
07/26/2022 19:46:42,Chamber 5,28-041661d198ff,42.062,BLANK,0C,off
07/26/2022 19:47:02,Chamber 5,28-041661d198ff,42.062,BLANK,0C,off
07/26/2022 19:47:22,Chamber 5,28-041661d198ff,42.062,BLANK,0C,off
07/26/2022 19:47:42,Chamber 5,28-041661d198ff,42.062,BLANK,0C,off
07/26/2022 19:48:02,Chamber 5,28-041661d198ff,42.125,BLANK,0C,off
07/26/2022 19:48:22,Chamber 5,28-041661d198ff,42.125,BLANK,0C,off
07/26/2022 19:48:43,Chamber 5,28-041661d198ff,42.125,BLANK,0C,off
07/26/2022 19:49:02,Chamber 5,28-041661d198ff,42.125,BLANK,0C,off
07/26/2022 19:49:22,Chamber 5,28-041661d198ff,42.187,BLANK,0C,off
07/26/2022 19:49:42,Chamber 5,28-041661d198ff,42.187,BLANK,0C,off
07/26/2022 19:50:02,Chamber 5,28-041661d198ff,42.187,BLANK,0C,off
07/26/2022 19:50:23,Chamber 5,28-041661d198ff,42.187,BLANK,0C,off
07/26/2022 19:50:42,Chamber 5,28-041661d198ff,42.187,BLANK,0C,off
07/26/2022 19:51:02,Chamber 5,28-041661d198ff,42.187,BLANK,0C,off
07/26/2022 19:51:22,Chamber 5,28-041661d198ff,42.187,BLANK,0C,off
07/26/2022 19:51:43,Chamber 5,28-041661d198ff,42.187,BLANK,0C,off
07/26/2022 19:52:02,Chamber 5,28-041661d198ff,42.312,BLANK,0C,off
07/26/2022 19:52:22,Chamber 5,28-041661d198ff,42.312,BLANK,0C,off
07/26/2022 19:52:42,Chamber 5,28-041661d198ff,42.312,BLANK,0C,off
07/26/2022 19:53:03,Chamber 5,28-041661d198ff,42.375,BLANK,0C,off
07/26/2022 19:53:22,Chamber 5,28-041661d198ff,42.375,BLANK,0C,off
07/26/2022 19:53:42,Chamber 5,28-041661d198ff,42.375,BLANK,0C,off
07/26/2022 19:54:04,Chamber 5,28-041661d198ff,42.375,BLANK,0C,off
07/26/2022 19:54:22,Chamber 5,28-041661d198ff,42.375,BLANK,0C,off
07/26/2022 19:54:42,Chamber 5,28-041661d198ff,42.437,BLANK,0C,off
07/26/2022 19:55:02,Chamber 5,28-041661d198ff,42.437,BLANK,0C,off
07/26/2022 19:55:22,Chamber 5,28-041661d198ff,42.437,BLANK,0C,off
07/26/2022 19:55:44,Chamber 5,28-041661d198ff,42.5,BLANK,0C,off
07/26/2022 19:56:02,Chamber 5,28-041661d198ff,42.5,BLANK,0C,off
07/26/2022 19:56:22,Chamber 5,28-041661d198ff,42.562,BLANK,0C,off
07/26/2022 19:56:42,Chamber 5,28-041661d198ff,42.562,BLANK,0C,off
07/26/2022 19:57:02,Chamber 5,28-041661d198ff,42.562,BLANK,0C,off
07/26/2022 19:57:22,Chamber 5,28-041661d198ff,42.625,BLANK,0C,off
07/26/2022 19:57:42,Chamber 5,28-041661d198ff,42.625,BLANK,0C,off
07/26/2022 19:58:02,Chamber 5,28-041661d198ff,42.625,BLANK,0C,off
07/26/2022 19:58:22,Chamber 5,28-041661d198ff,42.687,BLANK,0C,off
07/26/2022 19:58:42,Chamber 5,28-041661d198ff,42.687,BLANK,0C,off
07/26/2022 19:59:02,Chamber 5,28-041661d198ff,42.75,BLANK,0C,off
07/26/2022 19:59:22,Chamber 5,28-041661d198ff,42.75,BLANK,0C,off
07/26/2022 19:59:42,Chamber 5,28-041661d198ff,42.812,BLANK,0C,off
07/26/2022 20:00:02,Chamber 5,28-041661d198ff,42.812,BLANK,0C,off
07/26/2022 20:00:22,Chamber 5,28-041661d198ff,42.812,BLANK,0C,off
07/26/2022 20:00:42,Chamber 5,28-041661d198ff,42.875,BLANK,0C,off
07/26/2022 20:01:02,Chamber 5,28-041661d198ff,42.937,BLANK,0C,off
07/26/2022 20:01:22,Chamber 5,28-041661d198ff,42.937,BLANK,0C,off
07/26/2022 20:01:42,Chamber 5,28-041661d198ff,43.0,BLANK,0C,off
07/26/2022 20:02:02,Chamber 5,28-041661d198ff,43.0,BLANK,0C,off
07/26/2022 20:02:22,Chamber 5,28-041661d198ff,43.0,BLANK,0C,off
07/26/2022 20:02:43,Chamber 5,28-041661d198ff,43.0,BLANK,0C,off
07/26/2022 20:03:02,Chamber 5,28-041661d198ff,43.0,BLANK,0C,off
07/26/2022 20:03:23,Chamber 5,28-041661d198ff,43.062,BLANK,0C,off
07/26/2022 20:03:42,Chamber 5,28-041661d198ff,43.062,BLANK,0C,off
07/26/2022 20:04:02,Chamber 5,28-041661d198ff,43.062,BLANK,0C,off
07/26/2022 20:04:22,Chamber 5,28-041661d198ff,43.125,BLANK,0C,off
07/26/2022 20:04:42,Chamber 5,28-041661d198ff,43.125,BLANK,0C,off
07/26/2022 20:05:02,Chamber 5,28-041661d198ff,43.125,BLANK,0C,off
07/26/2022 20:05:22,Chamber 5,28-041661d198ff,43.125,BLANK,0C,off
07/26/2022 20:05:43,Chamber 5,28-041661d198ff,43.125,BLANK,0C,off
07/26/2022 20:06:02,Chamber 5,28-041661d198ff,43.187,BLANK,0C,off
07/26/2022 20:06:22,Chamber 5,28-041661d198ff,43.187,BLANK,0C,off
07/26/2022 20:06:42,Chamber 5,28-041661d198ff,43.187,BLANK,0C,off
07/26/2022 20:07:02,Chamber 5,28-041661d198ff,43.187,BLANK,0C,off
07/26/2022 20:07:23,Chamber 5,28-041661d198ff,43.187,BLANK,0C,off
07/26/2022 20:07:42,Chamber 5,28-041661d198ff,43.25,BLANK,0C,off
07/26/2022 20:08:02,Chamber 5,28-041661d198ff,43.312,BLANK,0C,off
07/26/2022 20:08:22,Chamber 5,28-041661d198ff,43.312,BLANK,0C,off
07/26/2022 20:08:42,Chamber 5,28-041661d198ff,43.312,BLANK,0C,off
07/26/2022 20:09:02,Chamber 5,28-041661d198ff,43.312,BLANK,0C,off
07/26/2022 20:09:23,Chamber 5,28-041661d198ff,43.312,BLANK,0C,off
07/26/2022 20:09:42,Chamber 5,28-041661d198ff,43.312,BLANK,0C,off
07/26/2022 20:10:02,Chamber 5,28-041661d198ff,43.375,BLANK,0C,off
07/26/2022 20:10:22,Chamber 5,28-041661d198ff,43.375,BLANK,0C,off
07/26/2022 20:10:42,Chamber 5,28-041661d198ff,43.375,BLANK,0C,off
07/26/2022 20:11:02,Chamber 5,28-041661d198ff,43.437,BLANK,0C,off
07/26/2022 20:11:22,Chamber 5,28-041661d198ff,43.437,BLANK,0C,off
07/26/2022 20:11:42,Chamber 5,28-041661d198ff,43.437,BLANK,0C,off
07/26/2022 20:12:02,Chamber 5,28-041661d198ff,43.5,BLANK,0C,off
07/26/2022 20:12:22,Chamber 5,28-041661d198ff,43.5,BLANK,0C,off
07/26/2022 20:12:43,Chamber 5,28-041661d198ff,43.5,BLANK,0C,off
07/26/2022 20:13:03,Chamber 5,28-041661d198ff,43.5,BLANK,0C,off
07/26/2022 20:13:22,Chamber 5,28-041661d198ff,43.5,BLANK,0C,off
07/26/2022 20:13:44,Chamber 5,28-041661d198ff,43.5,BLANK,0C,off
07/26/2022 20:14:02,Chamber 5,28-041661d198ff,43.5,BLANK,0C,off
07/26/2022 20:14:23,Chamber 5,28-041661d198ff,43.562,BLANK,0C,off
07/26/2022 20:14:42,Chamber 5,28-041661d198ff,43.562,BLANK,0C,off
07/26/2022 20:15:02,Chamber 5,28-041661d198ff,43.562,BLANK,0C,off
07/26/2022 20:15:22,Chamber 5,28-041661d198ff,43.562,BLANK,0C,off
07/26/2022 20:15:42,Chamber 5,28-041661d198ff,43.562,BLANK,0C,off
07/26/2022 20:16:02,Chamber 5,28-041661d198ff,43.625,BLANK,0C,off
07/26/2022 20:16:22,Chamber 5,28-041661d198ff,43.625,BLANK,0C,off
07/26/2022 20:16:42,Chamber 5,28-041661d198ff,43.687,BLANK,0C,off
07/26/2022 20:17:02,Chamber 5,28-041661d198ff,43.687,BLANK,0C,off
07/26/2022 20:17:22,Chamber 5,28-041661d198ff,43.687,BLANK,0C,off
07/26/2022 20:17:42,Chamber 5,28-041661d198ff,43.687,BLANK,0C,off
07/26/2022 20:18:03,Chamber 5,28-041661d198ff,43.687,BLANK,0C,off
07/26/2022 20:18:22,Chamber 5,28-041661d198ff,43.687,BLANK,0C,off
07/26/2022 20:18:43,Chamber 5,28-041661d198ff,43.687,BLANK,0C,off
07/26/2022 20:19:03,Chamber 5,28-041661d198ff,43.687,BLANK,0C,off
07/26/2022 20:19:22,Chamber 5,28-041661d198ff,43.687,BLANK,0C,off
07/26/2022 20:19:42,Chamber 5,28-041661d198ff,43.75,BLANK,0C,off
07/26/2022 20:20:02,Chamber 5,28-041661d198ff,43.75,BLANK,0C,off
07/26/2022 20:20:22,Chamber 5,28-041661d198ff,43.812,BLANK,0C,off
07/26/2022 20:20:42,Chamber 5,28-041661d198ff,43.812,BLANK,0C,off
07/26/2022 20:21:02,Chamber 5,28-041661d198ff,43.812,BLANK,0C,off
07/26/2022 20:21:22,Chamber 5,28-041661d198ff,43.75,BLANK,0C,off
07/26/2022 20:21:42,Chamber 5,28-041661d198ff,43.75,BLANK,0C,off
07/26/2022 20:22:02,Chamber 5,28-041661d198ff,43.812,BLANK,0C,off
07/26/2022 20:22:22,Chamber 5,28-041661d198ff,43.812,BLANK,0C,off
07/26/2022 20:22:42,Chamber 5,28-041661d198ff,43.812,BLANK,0C,off
07/26/2022 20:23:02,Chamber 5,28-041661d198ff,43.875,BLANK,0C,off
07/26/2022 20:23:22,Chamber 5,28-041661d198ff,43.875,BLANK,0C,off
07/26/2022 20:23:42,Chamber 5,28-041661d198ff,43.875,BLANK,0C,off
07/26/2022 20:24:02,Chamber 5,28-041661d198ff,43.875,BLANK,0C,off
07/26/2022 20:24:22,Chamber 5,28-041661d198ff,43.937,BLANK,0C,off
07/26/2022 20:24:42,Chamber 5,28-041661d198ff,43.875,BLANK,0C,off
07/26/2022 20:25:02,Chamber 5,28-041661d198ff,43.875,BLANK,0C,off
07/26/2022 20:25:22,Chamber 5,28-041661d198ff,43.875,BLANK,0C,off
07/26/2022 20:25:42,Chamber 5,28-041661d198ff,43.875,BLANK,0C,off
07/26/2022 20:26:02,Chamber 5,28-041661d198ff,43.875,BLANK,0C,off
07/26/2022 20:26:22,Chamber 5,28-041661d198ff,43.875,BLANK,0C,off
07/26/2022 20:26:42,Chamber 5,28-041661d198ff,43.875,BLANK,0C,off
07/26/2022 20:27:02,Chamber 5,28-041661d198ff,43.875,BLANK,0C,off
07/26/2022 20:27:22,Chamber 5,28-041661d198ff,43.875,BLANK,0C,off
07/26/2022 20:27:42,Chamber 5,28-041661d198ff,43.875,BLANK,0C,off
07/26/2022 20:28:02,Chamber 5,28-041661d198ff,43.875,BLANK,0C,off
07/26/2022 20:28:22,Chamber 5,28-041661d198ff,43.875,BLANK,0C,off
07/26/2022 20:28:42,Chamber 5,28-041661d198ff,43.875,BLANK,0C,off
07/26/2022 20:29:02,Chamber 5,28-041661d198ff,43.875,BLANK,0C,off
07/26/2022 20:29:22,Chamber 5,28-041661d198ff,43.875,BLANK,0C,off
07/26/2022 20:29:42,Chamber 5,28-041661d198ff,43.937,BLANK,0C,off
07/26/2022 20:30:02,Chamber 5,28-041661d198ff,43.937,BLANK,0C,off
07/26/2022 20:30:22,Chamber 5,28-041661d198ff,43.937,BLANK,0C,off
07/26/2022 20:30:42,Chamber 5,28-041661d198ff,43.937,BLANK,0C,off
07/26/2022 20:31:02,Chamber 5,28-041661d198ff,43.937,BLANK,0C,off
07/26/2022 20:31:22,Chamber 5,28-041661d198ff,43.937,BLANK,0C,off
07/26/2022 20:31:43,Chamber 5,28-041661d198ff,43.937,BLANK,0C,off
07/26/2022 20:32:02,Chamber 5,28-041661d198ff,43.937,BLANK,0C,off
07/26/2022 20:32:22,Chamber 5,28-041661d198ff,44.0,BLANK,0C,off
07/26/2022 20:32:42,Chamber 5,28-041661d198ff,44.0,BLANK,0C,off
07/26/2022 20:33:02,Chamber 5,28-041661d198ff,44.0,BLANK,0C,off
07/26/2022 20:33:22,Chamber 5,28-041661d198ff,43.937,BLANK,0C,off
07/26/2022 20:33:42,Chamber 5,28-041661d198ff,43.937,BLANK,0C,off
07/26/2022 20:34:02,Chamber 5,28-041661d198ff,44.0,BLANK,0C,off
07/26/2022 20:34:22,Chamber 5,28-041661d198ff,43.937,BLANK,0C,off
07/26/2022 20:34:42,Chamber 5,28-041661d198ff,44.0,BLANK,0C,off
07/26/2022 20:35:02,Chamber 5,28-041661d198ff,44.0,BLANK,0C,off
07/26/2022 20:35:22,Chamber 5,28-041661d198ff,44.0,BLANK,0C,off
07/26/2022 20:35:42,Chamber 5,28-041661d198ff,44.0,BLANK,0C,off
07/26/2022 20:36:02,Chamber 5,28-041661d198ff,44.0,BLANK,0C,off
07/26/2022 20:36:22,Chamber 5,28-041661d198ff,44.0,BLANK,0C,off
07/26/2022 20:36:42,Chamber 5,28-041661d198ff,44.0,BLANK,0C,off
07/26/2022 20:37:02,Chamber 5,28-041661d198ff,44.0,BLANK,0C,off
07/26/2022 20:37:22,Chamber 5,28-041661d198ff,44.0,BLANK,0C,off
07/26/2022 20:37:42,Chamber 5,28-041661d198ff,44.0,BLANK,0C,off
07/26/2022 20:38:02,Chamber 5,28-041661d198ff,44.0,BLANK,0C,off
07/26/2022 20:38:22,Chamber 5,28-041661d198ff,44.0,BLANK,0C,off
07/26/2022 20:38:42,Chamber 5,28-041661d198ff,44.0,BLANK,0C,off
07/26/2022 20:39:02,Chamber 5,28-041661d198ff,44.0,BLANK,0C,off
07/26/2022 20:39:22,Chamber 5,28-041661d198ff,44.0,BLANK,0C,off
07/26/2022 20:39:42,Chamber 5,28-041661d198ff,44.0,BLANK,0C,off
07/26/2022 20:40:02,Chamber 5,28-041661d198ff,44.0,BLANK,0C,off
07/26/2022 20:40:22,Chamber 5,28-041661d198ff,44.0,BLANK,0C,off
07/26/2022 20:40:42,Chamber 5,28-041661d198ff,44.0,BLANK,0C,off
07/26/2022 20:41:02,Chamber 5,28-041661d198ff,44.0,BLANK,0C,off
07/26/2022 20:41:22,Chamber 5,28-041661d198ff,44.0,BLANK,0C,off
07/26/2022 20:41:42,Chamber 5,28-041661d198ff,43.937,BLANK,0C,off
07/26/2022 20:42:02,Chamber 5,28-041661d198ff,44.0,BLANK,0C,off
07/26/2022 20:42:22,Chamber 5,28-041661d198ff,43.937,BLANK,0C,off
07/26/2022 20:42:42,Chamber 5,28-041661d198ff,43.937,BLANK,0C,off
07/26/2022 20:43:02,Chamber 5,28-041661d198ff,43.937,BLANK,0C,off
07/26/2022 20:43:22,Chamber 5,28-041661d198ff,43.937,BLANK,0C,off
07/26/2022 20:43:42,Chamber 5,28-041661d198ff,43.937,BLANK,0C,off
07/26/2022 20:44:02,Chamber 5,28-041661d198ff,43.937,BLANK,0C,off
07/26/2022 20:44:22,Chamber 5,28-041661d198ff,43.937,BLANK,0C,off
07/26/2022 20:44:42,Chamber 5,28-041661d198ff,43.937,BLANK,0C,off
07/26/2022 20:45:02,Chamber 5,28-041661d198ff,43.875,BLANK,0C,off
07/26/2022 20:45:22,Chamber 5,28-041661d198ff,43.875,BLANK,0C,off
07/26/2022 20:45:42,Chamber 5,28-041661d198ff,43.875,BLANK,0C,off
07/26/2022 20:46:02,Chamber 5,28-041661d198ff,43.875,BLANK,0C,off
07/26/2022 20:46:22,Chamber 5,28-041661d198ff,43.875,BLANK,0C,off
07/26/2022 20:46:42,Chamber 5,28-041661d198ff,43.875,BLANK,0C,off
07/26/2022 20:47:02,Chamber 5,28-041661d198ff,43.875,BLANK,0C,off
07/26/2022 20:47:22,Chamber 5,28-041661d198ff,43.812,BLANK,0C,off
07/26/2022 20:47:42,Chamber 5,28-041661d198ff,43.812,BLANK,0C,off
07/26/2022 20:48:02,Chamber 5,28-041661d198ff,43.812,BLANK,0C,off
07/26/2022 20:48:22,Chamber 5,28-041661d198ff,43.812,BLANK,0C,off
07/26/2022 20:48:42,Chamber 5,28-041661d198ff,43.812,BLANK,0C,off
07/26/2022 20:49:02,Chamber 5,28-041661d198ff,43.75,BLANK,0C,off
07/26/2022 20:49:22,Chamber 5,28-041661d198ff,43.75,BLANK,0C,off
07/26/2022 20:49:42,Chamber 5,28-041661d198ff,43.75,BLANK,0C,off
07/26/2022 20:50:02,Chamber 5,28-041661d198ff,43.75,BLANK,0C,off
07/26/2022 20:50:22,Chamber 5,28-041661d198ff,43.75,BLANK,0C,off
07/26/2022 20:50:43,Chamber 5,28-041661d198ff,43.75,BLANK,0C,off
07/26/2022 20:51:02,Chamber 5,28-041661d198ff,43.75,BLANK,0C,off
07/26/2022 20:51:22,Chamber 5,28-041661d198ff,43.75,BLANK,0C,off
07/26/2022 20:51:42,Chamber 5,28-041661d198ff,43.687,BLANK,0C,off
07/26/2022 20:52:02,Chamber 5,28-041661d198ff,43.687,BLANK,0C,off
07/26/2022 20:52:22,Chamber 5,28-041661d198ff,43.687,BLANK,0C,off
07/26/2022 20:52:42,Chamber 5,28-041661d198ff,43.687,BLANK,0C,off
07/26/2022 20:53:02,Chamber 5,28-041661d198ff,43.687,BLANK,0C,off
07/26/2022 20:53:22,Chamber 5,28-041661d198ff,43.687,BLANK,0C,off
07/26/2022 20:53:42,Chamber 5,28-041661d198ff,43.625,BLANK,0C,off
07/26/2022 20:54:02,Chamber 5,28-041661d198ff,43.625,BLANK,0C,off
07/26/2022 20:54:22,Chamber 5,28-041661d198ff,43.625,BLANK,0C,off
07/26/2022 20:54:42,Chamber 5,28-041661d198ff,43.625,BLANK,0C,off
07/26/2022 20:55:02,Chamber 5,28-041661d198ff,43.562,BLANK,0C,off
07/26/2022 20:55:22,Chamber 5,28-041661d198ff,43.562,BLANK,0C,off
07/26/2022 20:55:42,Chamber 5,28-041661d198ff,43.562,BLANK,0C,off
07/26/2022 20:56:02,Chamber 5,28-041661d198ff,43.562,BLANK,0C,off
07/26/2022 20:56:22,Chamber 5,28-041661d198ff,43.562,BLANK,0C,off
07/26/2022 20:56:42,Chamber 5,28-041661d198ff,43.562,BLANK,0C,off
07/26/2022 20:57:02,Chamber 5,28-041661d198ff,43.562,BLANK,0C,off
07/26/2022 20:57:22,Chamber 5,28-041661d198ff,43.562,BLANK,0C,off
07/26/2022 20:57:42,Chamber 5,28-041661d198ff,43.562,BLANK,0C,off
07/26/2022 20:58:02,Chamber 5,28-041661d198ff,43.5,BLANK,0C,off
07/26/2022 20:58:22,Chamber 5,28-041661d198ff,43.5,BLANK,0C,off
07/26/2022 20:58:42,Chamber 5,28-041661d198ff,43.5,BLANK,0C,off
07/26/2022 20:59:02,Chamber 5,28-041661d198ff,43.5,BLANK,0C,off
07/26/2022 20:59:22,Chamber 5,28-041661d198ff,43.5,BLANK,0C,off
07/26/2022 20:59:43,Chamber 5,28-041661d198ff,43.5,BLANK,0C,off
07/26/2022 21:00:02,Chamber 5,28-041661d198ff,43.437,BLANK,0C,off
07/26/2022 21:00:22,Chamber 5,28-041661d198ff,43.5,BLANK,0C,off
07/26/2022 21:00:42,Chamber 5,28-041661d198ff,43.5,BLANK,0C,off
07/26/2022 21:01:02,Chamber 5,28-041661d198ff,43.437,BLANK,0C,off
07/26/2022 21:01:22,Chamber 5,28-041661d198ff,43.437,BLANK,0C,off
07/26/2022 21:01:42,Chamber 5,28-041661d198ff,43.437,BLANK,0C,off
07/26/2022 21:02:02,Chamber 5,28-041661d198ff,43.437,BLANK,0C,off
07/26/2022 21:02:22,Chamber 5,28-041661d198ff,43.437,BLANK,0C,off
07/26/2022 21:02:42,Chamber 5,28-041661d198ff,43.437,BLANK,0C,off
07/26/2022 21:03:03,Chamber 5,28-041661d198ff,43.437,BLANK,0C,off
07/26/2022 21:03:22,Chamber 5,28-041661d198ff,43.437,BLANK,0C,off
07/26/2022 21:03:42,Chamber 5,28-041661d198ff,43.437,BLANK,0C,off
07/26/2022 21:04:02,Chamber 5,28-041661d198ff,43.437,BLANK,0C,off
07/26/2022 21:04:22,Chamber 5,28-041661d198ff,43.437,BLANK,0C,off
07/26/2022 21:04:42,Chamber 5,28-041661d198ff,43.437,BLANK,0C,off
07/26/2022 21:05:02,Chamber 5,28-041661d198ff,43.375,BLANK,0C,off
07/26/2022 21:05:22,Chamber 5,28-041661d198ff,43.375,BLANK,0C,off
07/26/2022 21:05:42,Chamber 5,28-041661d198ff,43.375,BLANK,0C,off
07/26/2022 21:06:02,Chamber 5,28-041661d198ff,43.375,BLANK,0C,off
07/26/2022 21:06:22,Chamber 5,28-041661d198ff,43.375,BLANK,0C,off
07/26/2022 21:06:42,Chamber 5,28-041661d198ff,43.312,BLANK,0C,off
07/26/2022 21:07:03,Chamber 5,28-041661d198ff,43.312,BLANK,0C,off
07/26/2022 21:07:22,Chamber 5,28-041661d198ff,43.312,BLANK,0C,off
07/26/2022 21:07:43,Chamber 5,28-041661d198ff,43.312,BLANK,0C,off
07/26/2022 21:08:02,Chamber 5,28-041661d198ff,43.312,BLANK,0C,off
07/26/2022 21:08:22,Chamber 5,28-041661d198ff,43.312,BLANK,0C,off
07/26/2022 21:08:42,Chamber 5,28-041661d198ff,43.25,BLANK,0C,off
07/26/2022 21:09:02,Chamber 5,28-041661d198ff,43.25,BLANK,0C,off
07/26/2022 21:09:22,Chamber 5,28-041661d198ff,43.25,BLANK,0C,off
07/26/2022 21:09:42,Chamber 5,28-041661d198ff,43.25,BLANK,0C,off
07/26/2022 21:10:02,Chamber 5,28-041661d198ff,43.25,BLANK,0C,off
07/26/2022 21:10:22,Chamber 5,28-041661d198ff,43.25,BLANK,0C,off
07/26/2022 21:10:42,Chamber 5,28-041661d198ff,43.187,BLANK,0C,off
07/26/2022 21:11:02,Chamber 5,28-041661d198ff,43.187,BLANK,0C,off
07/26/2022 21:11:22,Chamber 5,28-041661d198ff,43.187,BLANK,0C,off
07/26/2022 21:11:42,Chamber 5,28-041661d198ff,43.187,BLANK,0C,off
07/26/2022 21:12:02,Chamber 5,28-041661d198ff,43.187,BLANK,0C,off
07/26/2022 21:12:22,Chamber 5,28-041661d198ff,43.187,BLANK,0C,off
07/26/2022 21:12:42,Chamber 5,28-041661d198ff,43.187,BLANK,0C,off
07/26/2022 21:13:02,Chamber 5,28-041661d198ff,43.125,BLANK,0C,off
07/26/2022 21:13:22,Chamber 5,28-041661d198ff,43.125,BLANK,0C,off
07/26/2022 21:13:42,Chamber 5,28-041661d198ff,43.125,BLANK,0C,off
07/26/2022 21:14:02,Chamber 5,28-041661d198ff,43.125,BLANK,0C,off
07/26/2022 21:14:22,Chamber 5,28-041661d198ff,43.125,BLANK,0C,off
07/26/2022 21:14:42,Chamber 5,28-041661d198ff,43.125,BLANK,0C,off
07/26/2022 21:15:02,Chamber 5,28-041661d198ff,43.125,BLANK,0C,off
07/26/2022 21:15:22,Chamber 5,28-041661d198ff,43.125,BLANK,0C,off
07/26/2022 21:15:42,Chamber 5,28-041661d198ff,43.187,BLANK,0C,off
07/26/2022 21:16:02,Chamber 5,28-041661d198ff,43.125,BLANK,0C,off
07/26/2022 21:16:22,Chamber 5,28-041661d198ff,43.187,BLANK,0C,off
07/26/2022 21:16:42,Chamber 5,28-041661d198ff,43.187,BLANK,0C,off
07/26/2022 21:17:02,Chamber 5,28-041661d198ff,43.187,BLANK,0C,off
07/26/2022 21:17:22,Chamber 5,28-041661d198ff,43.187,BLANK,0C,off
07/26/2022 21:17:42,Chamber 5,28-041661d198ff,43.187,BLANK,0C,off
07/26/2022 21:18:02,Chamber 5,28-041661d198ff,43.187,BLANK,0C,off
07/26/2022 21:18:22,Chamber 5,28-041661d198ff,43.187,BLANK,0C,off
07/26/2022 21:18:42,Chamber 5,28-041661d198ff,43.187,BLANK,0C,off
07/26/2022 21:19:02,Chamber 5,28-041661d198ff,43.187,BLANK,0C,off
07/26/2022 21:19:23,Chamber 5,28-041661d198ff,43.187,BLANK,0C,off
07/26/2022 21:19:42,Chamber 5,28-041661d198ff,43.187,BLANK,0C,off
07/26/2022 21:20:02,Chamber 5,28-041661d198ff,43.187,BLANK,0C,off
07/26/2022 21:20:22,Chamber 5,28-041661d198ff,43.187,BLANK,0C,off
07/26/2022 21:20:42,Chamber 5,28-041661d198ff,43.25,BLANK,0C,off
07/26/2022 21:21:02,Chamber 5,28-041661d198ff,43.25,BLANK,0C,off
07/26/2022 21:21:22,Chamber 5,28-041661d198ff,43.25,BLANK,0C,off
07/26/2022 21:21:42,Chamber 5,28-041661d198ff,43.25,BLANK,0C,off
07/26/2022 21:22:02,Chamber 5,28-041661d198ff,43.25,BLANK,0C,off
07/26/2022 21:22:22,Chamber 5,28-041661d198ff,43.25,BLANK,0C,off
07/26/2022 21:22:42,Chamber 5,28-041661d198ff,43.25,BLANK,0C,off
07/26/2022 21:23:02,Chamber 5,28-041661d198ff,43.25,BLANK,0C,off
07/26/2022 21:23:22,Chamber 5,28-041661d198ff,43.25,BLANK,0C,off
07/26/2022 21:23:42,Chamber 5,28-041661d198ff,43.25,BLANK,0C,off
07/26/2022 21:24:02,Chamber 5,28-041661d198ff,43.25,BLANK,0C,off
07/26/2022 21:24:22,Chamber 5,28-041661d198ff,43.25,BLANK,0C,off
07/26/2022 21:24:42,Chamber 5,28-041661d198ff,43.25,BLANK,0C,off
07/26/2022 21:25:02,Chamber 5,28-041661d198ff,43.25,BLANK,0C,off
07/26/2022 21:25:22,Chamber 5,28-041661d198ff,43.25,BLANK,0C,off
07/26/2022 21:25:42,Chamber 5,28-041661d198ff,43.25,BLANK,0C,off
07/26/2022 21:26:03,Chamber 5,28-041661d198ff,43.25,BLANK,0C,off
07/26/2022 21:26:22,Chamber 5,28-041661d198ff,43.25,BLANK,0C,off
07/26/2022 21:26:42,Chamber 5,28-041661d198ff,43.25,BLANK,0C,off
07/26/2022 21:27:02,Chamber 5,28-041661d198ff,43.312,BLANK,0C,off
07/26/2022 21:27:22,Chamber 5,28-041661d198ff,43.25,BLANK,0C,off
07/26/2022 21:27:42,Chamber 5,28-041661d198ff,43.25,BLANK,0C,off
07/26/2022 21:28:02,Chamber 5,28-041661d198ff,43.312,BLANK,0C,off
07/26/2022 21:28:22,Chamber 5,28-041661d198ff,43.312,BLANK,0C,off
07/26/2022 21:28:42,Chamber 5,28-041661d198ff,43.312,BLANK,0C,off
07/26/2022 21:29:02,Chamber 5,28-041661d198ff,43.312,BLANK,0C,off
07/26/2022 21:29:22,Chamber 5,28-041661d198ff,43.312,BLANK,0C,off
07/26/2022 21:29:42,Chamber 5,28-041661d198ff,43.312,BLANK,0C,off
07/26/2022 21:30:03,Chamber 5,28-041661d198ff,43.312,BLANK,0C,off
07/26/2022 21:30:22,Chamber 5,28-041661d198ff,43.375,BLANK,0C,off
07/26/2022 21:30:42,Chamber 5,28-041661d198ff,43.375,BLANK,0C,off
07/26/2022 21:31:02,Chamber 5,28-041661d198ff,43.375,BLANK,0C,off
07/26/2022 21:31:22,Chamber 5,28-041661d198ff,43.375,BLANK,0C,off
07/26/2022 21:31:42,Chamber 5,28-041661d198ff,43.375,BLANK,0C,off
07/26/2022 21:32:02,Chamber 5,28-041661d198ff,43.375,BLANK,0C,off
07/26/2022 21:32:22,Chamber 5,28-041661d198ff,43.375,BLANK,0C,off
07/26/2022 21:32:42,Chamber 5,28-041661d198ff,43.375,BLANK,0C,off
07/26/2022 21:33:02,Chamber 5,28-041661d198ff,43.375,BLANK,0C,off
07/26/2022 21:33:23,Chamber 5,28-041661d198ff,43.375,BLANK,0C,off
07/26/2022 21:33:42,Chamber 5,28-041661d198ff,43.375,BLANK,0C,off
07/26/2022 21:34:02,Chamber 5,28-041661d198ff,43.375,BLANK,0C,off
07/26/2022 21:34:22,Chamber 5,28-041661d198ff,43.375,BLANK,0C,off
07/26/2022 21:34:42,Chamber 5,28-041661d198ff,43.375,BLANK,0C,off
07/26/2022 21:35:02,Chamber 5,28-041661d198ff,43.437,BLANK,0C,off
07/26/2022 21:35:22,Chamber 5,28-041661d198ff,43.437,BLANK,0C,off
07/26/2022 21:35:42,Chamber 5,28-041661d198ff,43.5,BLANK,0C,off
07/26/2022 21:36:02,Chamber 5,28-041661d198ff,43.5,BLANK,0C,off
07/26/2022 21:36:22,Chamber 5,28-041661d198ff,43.5,BLANK,0C,off
07/26/2022 21:36:42,Chamber 5,28-041661d198ff,43.5,BLANK,0C,off
07/26/2022 21:37:02,Chamber 5,28-041661d198ff,43.5,BLANK,0C,off
07/26/2022 21:37:22,Chamber 5,28-041661d198ff,43.562,BLANK,0C,off
07/26/2022 21:37:42,Chamber 5,28-041661d198ff,43.562,BLANK,0C,off
07/26/2022 21:38:02,Chamber 5,28-041661d198ff,43.562,BLANK,0C,off
07/26/2022 21:38:22,Chamber 5,28-041661d198ff,43.562,BLANK,0C,off
07/26/2022 21:38:42,Chamber 5,28-041661d198ff,43.562,BLANK,0C,off
07/26/2022 21:39:02,Chamber 5,28-041661d198ff,43.562,BLANK,0C,off
07/26/2022 21:39:22,Chamber 5,28-041661d198ff,43.562,BLANK,0C,off
07/26/2022 21:39:42,Chamber 5,28-041661d198ff,43.625,BLANK,0C,off
07/26/2022 21:40:02,Chamber 5,28-041661d198ff,43.625,BLANK,0C,off
07/26/2022 21:40:22,Chamber 5,28-041661d198ff,43.625,BLANK,0C,off
07/26/2022 21:40:42,Chamber 5,28-041661d198ff,43.625,BLANK,0C,off
07/26/2022 21:41:02,Chamber 5,28-041661d198ff,43.625,BLANK,0C,off
07/26/2022 21:41:22,Chamber 5,28-041661d198ff,43.625,BLANK,0C,off
07/26/2022 21:41:42,Chamber 5,28-041661d198ff,43.625,BLANK,0C,off
07/26/2022 21:42:02,Chamber 5,28-041661d198ff,43.625,BLANK,0C,off
07/26/2022 21:42:22,Chamber 5,28-041661d198ff,43.687,BLANK,0C,off
07/26/2022 21:42:42,Chamber 5,28-041661d198ff,43.687,BLANK,0C,off
07/26/2022 21:43:02,Chamber 5,28-041661d198ff,43.687,BLANK,0C,off
07/26/2022 21:43:22,Chamber 5,28-041661d198ff,43.75,BLANK,0C,off
07/26/2022 21:43:42,Chamber 5,28-041661d198ff,43.75,BLANK,0C,off
07/26/2022 21:44:02,Chamber 5,28-041661d198ff,43.75,BLANK,0C,off
07/26/2022 21:44:22,Chamber 5,28-041661d198ff,43.75,BLANK,0C,off
07/26/2022 21:44:42,Chamber 5,28-041661d198ff,43.75,BLANK,0C,off
07/26/2022 21:45:02,Chamber 5,28-041661d198ff,43.75,BLANK,0C,off
07/26/2022 21:45:22,Chamber 5,28-041661d198ff,43.812,BLANK,0C,off
07/26/2022 21:45:42,Chamber 5,28-041661d198ff,43.812,BLANK,0C,off
07/26/2022 21:46:02,Chamber 5,28-041661d198ff,43.812,BLANK,0C,off
07/26/2022 21:46:22,Chamber 5,28-041661d198ff,43.812,BLANK,0C,off
07/26/2022 21:46:42,Chamber 5,28-041661d198ff,43.812,BLANK,0C,off
07/26/2022 21:47:02,Chamber 5,28-041661d198ff,43.812,BLANK,0C,off
07/26/2022 21:47:22,Chamber 5,28-041661d198ff,43.812,BLANK,0C,off
07/26/2022 21:47:42,Chamber 5,28-041661d198ff,43.812,BLANK,0C,off
07/26/2022 21:48:02,Chamber 5,28-041661d198ff,43.812,BLANK,0C,off
07/26/2022 21:48:22,Chamber 5,28-041661d198ff,43.812,BLANK,0C,off
07/26/2022 21:48:43,Chamber 5,28-041661d198ff,43.812,BLANK,0C,off
07/26/2022 21:49:02,Chamber 5,28-041661d198ff,43.812,BLANK,0C,off
07/26/2022 21:49:22,Chamber 5,28-041661d198ff,43.875,BLANK,0C,off
07/26/2022 21:49:42,Chamber 5,28-041661d198ff,43.812,BLANK,0C,off
07/26/2022 21:50:02,Chamber 5,28-041661d198ff,43.812,BLANK,0C,off
07/26/2022 21:50:22,Chamber 5,28-041661d198ff,43.875,BLANK,0C,off
07/26/2022 21:50:42,Chamber 5,28-041661d198ff,43.875,BLANK,0C,off
07/26/2022 21:51:02,Chamber 5,28-041661d198ff,43.875,BLANK,0C,off
07/26/2022 21:51:22,Chamber 5,28-041661d198ff,43.875,BLANK,0C,off
07/26/2022 21:51:42,Chamber 5,28-041661d198ff,43.875,BLANK,0C,off
07/26/2022 21:52:02,Chamber 5,28-041661d198ff,43.875,BLANK,0C,off
07/26/2022 21:52:22,Chamber 5,28-041661d198ff,43.875,BLANK,0C,off
07/26/2022 21:52:42,Chamber 5,28-041661d198ff,43.875,BLANK,0C,off
07/26/2022 21:53:02,Chamber 5,28-041661d198ff,43.875,BLANK,0C,off
07/26/2022 21:53:22,Chamber 5,28-041661d198ff,43.875,BLANK,0C,off
07/26/2022 21:53:42,Chamber 5,28-041661d198ff,43.875,BLANK,0C,off
07/26/2022 21:54:02,Chamber 5,28-041661d198ff,43.875,BLANK,0C,off
07/26/2022 21:54:22,Chamber 5,28-041661d198ff,43.875,BLANK,0C,off
07/26/2022 21:54:42,Chamber 5,28-041661d198ff,43.937,BLANK,0C,off
07/26/2022 21:55:02,Chamber 5,28-041661d198ff,43.937,BLANK,0C,off
07/26/2022 21:55:22,Chamber 5,28-041661d198ff,43.937,BLANK,0C,off
07/26/2022 21:55:42,Chamber 5,28-041661d198ff,43.937,BLANK,0C,off
07/26/2022 21:56:02,Chamber 5,28-041661d198ff,44.0,BLANK,0C,off
07/26/2022 21:56:22,Chamber 5,28-041661d198ff,43.937,BLANK,0C,off
07/26/2022 21:56:42,Chamber 5,28-041661d198ff,43.937,BLANK,0C,off
07/26/2022 21:57:02,Chamber 5,28-041661d198ff,43.937,BLANK,0C,off
07/26/2022 21:57:22,Chamber 5,28-041661d198ff,43.937,BLANK,0C,off
07/26/2022 21:57:42,Chamber 5,28-041661d198ff,43.937,BLANK,0C,off
07/26/2022 21:58:02,Chamber 5,28-041661d198ff,43.937,BLANK,0C,off
07/26/2022 21:58:23,Chamber 5,28-041661d198ff,44.0,BLANK,0C,off
07/26/2022 21:58:42,Chamber 5,28-041661d198ff,44.0,BLANK,0C,off
07/26/2022 21:59:02,Chamber 5,28-041661d198ff,44.0,BLANK,0C,off
07/26/2022 21:59:22,Chamber 5,28-041661d198ff,44.0,BLANK,0C,off
07/26/2022 21:59:42,Chamber 5,28-041661d198ff,44.0,BLANK,0C,off
07/26/2022 22:00:03,Chamber 5,28-041661d198ff,44.0,BLANK,0C,off
07/26/2022 22:00:23,Chamber 5,28-041661d198ff,44.0,BLANK,0C,off
07/26/2022 22:00:43,Chamber 5,28-041661d198ff,44.0,BLANK,0C,off
07/26/2022 22:01:03,Chamber 5,28-041661d198ff,44.062,BLANK,0C,off
07/26/2022 22:01:23,Chamber 5,28-041661d198ff,44.062,BLANK,0C,off
07/26/2022 22:01:43,Chamber 5,28-041661d198ff,44.0,BLANK,0C,off
07/26/2022 22:02:03,Chamber 5,28-041661d198ff,44.062,BLANK,0C,off
07/26/2022 22:02:23,Chamber 5,28-041661d198ff,44.062,BLANK,0C,off
07/26/2022 22:02:43,Chamber 5,28-041661d198ff,44.062,BLANK,0C,off
07/26/2022 22:03:03,Chamber 5,28-041661d198ff,44.062,BLANK,0C,off
07/26/2022 22:03:23,Chamber 5,28-041661d198ff,44.062,BLANK,0C,off
07/26/2022 22:03:43,Chamber 5,28-041661d198ff,44.062,BLANK,0C,off
07/26/2022 22:04:03,Chamber 5,28-041661d198ff,44.062,BLANK,0C,off
07/26/2022 22:04:23,Chamber 5,28-041661d198ff,44.062,BLANK,0C,off
07/26/2022 22:04:43,Chamber 5,28-041661d198ff,44.062,BLANK,0C,off
07/26/2022 22:05:03,Chamber 5,28-041661d198ff,44.062,BLANK,0C,off
07/26/2022 22:05:23,Chamber 5,28-041661d198ff,44.125,BLANK,0C,off
07/26/2022 22:05:43,Chamber 5,28-041661d198ff,44.125,BLANK,0C,off
07/26/2022 22:06:03,Chamber 5,28-041661d198ff,44.125,BLANK,0C,off
07/26/2022 22:06:23,Chamber 5,28-041661d198ff,44.125,BLANK,0C,off
07/26/2022 22:06:43,Chamber 5,28-041661d198ff,44.125,BLANK,0C,off
07/26/2022 22:07:03,Chamber 5,28-041661d198ff,44.125,BLANK,0C,off
07/26/2022 22:07:23,Chamber 5,28-041661d198ff,44.187,BLANK,0C,off
07/26/2022 22:07:43,Chamber 5,28-041661d198ff,44.187,BLANK,0C,off
07/26/2022 22:08:03,Chamber 5,28-041661d198ff,44.187,BLANK,0C,off
07/26/2022 22:08:23,Chamber 5,28-041661d198ff,44.187,BLANK,0C,off
07/26/2022 22:08:43,Chamber 5,28-041661d198ff,44.187,BLANK,0C,off
07/26/2022 22:09:03,Chamber 5,28-041661d198ff,44.187,BLANK,0C,off
07/26/2022 22:09:23,Chamber 5,28-041661d198ff,44.187,BLANK,0C,off
07/26/2022 22:09:43,Chamber 5,28-041661d198ff,44.187,BLANK,0C,off
07/26/2022 22:10:03,Chamber 5,28-041661d198ff,44.25,BLANK,0C,off
07/26/2022 22:10:23,Chamber 5,28-041661d198ff,44.25,BLANK,0C,off
07/26/2022 22:10:43,Chamber 5,28-041661d198ff,44.25,BLANK,0C,off
07/26/2022 22:11:03,Chamber 5,28-041661d198ff,44.25,BLANK,0C,off
07/26/2022 22:11:23,Chamber 5,28-041661d198ff,44.25,BLANK,0C,off
07/26/2022 22:11:43,Chamber 5,28-041661d198ff,44.25,BLANK,0C,off
07/26/2022 22:12:03,Chamber 5,28-041661d198ff,44.25,BLANK,0C,off
07/26/2022 22:12:23,Chamber 5,28-041661d198ff,44.25,BLANK,0C,off
07/26/2022 22:12:43,Chamber 5,28-041661d198ff,44.312,BLANK,0C,off
07/26/2022 22:13:03,Chamber 5,28-041661d198ff,44.312,BLANK,0C,off
07/26/2022 22:13:23,Chamber 5,28-041661d198ff,44.312,BLANK,0C,off
07/26/2022 22:13:43,Chamber 5,28-041661d198ff,44.312,BLANK,0C,off
07/26/2022 22:14:03,Chamber 5,28-041661d198ff,44.312,BLANK,0C,off
07/26/2022 22:14:23,Chamber 5,28-041661d198ff,44.312,BLANK,0C,off
07/26/2022 22:14:43,Chamber 5,28-041661d198ff,44.312,BLANK,0C,off
07/26/2022 22:15:03,Chamber 5,28-041661d198ff,44.375,BLANK,0C,off
07/26/2022 22:15:23,Chamber 5,28-041661d198ff,44.375,BLANK,0C,off
07/26/2022 22:15:43,Chamber 5,28-041661d198ff,44.375,BLANK,0C,off
07/26/2022 22:16:03,Chamber 5,28-041661d198ff,44.375,BLANK,0C,off
07/26/2022 22:16:23,Chamber 5,28-041661d198ff,44.437,BLANK,0C,off
07/26/2022 22:16:43,Chamber 5,28-041661d198ff,44.437,BLANK,0C,off
07/26/2022 22:17:03,Chamber 5,28-041661d198ff,44.437,BLANK,0C,off
07/26/2022 22:17:23,Chamber 5,28-041661d198ff,44.437,BLANK,0C,off
07/26/2022 22:17:43,Chamber 5,28-041661d198ff,44.437,BLANK,0C,off
07/26/2022 22:18:03,Chamber 5,28-041661d198ff,44.437,BLANK,0C,off
07/26/2022 22:18:23,Chamber 5,28-041661d198ff,44.437,BLANK,0C,off
07/26/2022 22:18:43,Chamber 5,28-041661d198ff,44.437,BLANK,0C,off
07/26/2022 22:19:03,Chamber 5,28-041661d198ff,44.437,BLANK,0C,off
07/26/2022 22:19:23,Chamber 5,28-041661d198ff,44.437,BLANK,0C,off
07/26/2022 22:19:43,Chamber 5,28-041661d198ff,44.437,BLANK,0C,off
07/26/2022 22:20:03,Chamber 5,28-041661d198ff,44.5,BLANK,0C,off
07/26/2022 22:20:23,Chamber 5,28-041661d198ff,44.5,BLANK,0C,off
07/26/2022 22:20:43,Chamber 5,28-041661d198ff,44.5,BLANK,0C,off
07/26/2022 22:21:03,Chamber 5,28-041661d198ff,44.5,BLANK,0C,off
07/26/2022 22:21:23,Chamber 5,28-041661d198ff,44.5,BLANK,0C,off
07/26/2022 22:21:45,Chamber 5,28-041661d198ff,44.562,BLANK,0C,off
07/26/2022 22:22:03,Chamber 5,28-041661d198ff,44.5,BLANK,0C,off
07/26/2022 22:22:23,Chamber 5,28-041661d198ff,44.562,BLANK,0C,off
07/26/2022 22:22:43,Chamber 5,28-041661d198ff,44.5,BLANK,0C,off
07/26/2022 22:23:03,Chamber 5,28-041661d198ff,44.5,BLANK,0C,off
07/26/2022 22:23:23,Chamber 5,28-041661d198ff,44.5,BLANK,0C,off
07/26/2022 22:23:43,Chamber 5,28-041661d198ff,44.5,BLANK,0C,off
07/26/2022 22:24:03,Chamber 5,28-041661d198ff,44.562,BLANK,0C,off
07/26/2022 22:24:23,Chamber 5,28-041661d198ff,44.5,BLANK,0C,off
07/26/2022 22:24:43,Chamber 5,28-041661d198ff,44.562,BLANK,0C,off
07/26/2022 22:25:03,Chamber 5,28-041661d198ff,44.562,BLANK,0C,off
07/26/2022 22:25:23,Chamber 5,28-041661d198ff,44.562,BLANK,0C,off
07/26/2022 22:25:43,Chamber 5,28-041661d198ff,44.562,BLANK,0C,off
07/26/2022 22:26:03,Chamber 5,28-041661d198ff,44.562,BLANK,0C,off
07/26/2022 22:26:23,Chamber 5,28-041661d198ff,44.562,BLANK,0C,off
07/26/2022 22:26:43,Chamber 5,28-041661d198ff,44.562,BLANK,0C,off
07/26/2022 22:27:03,Chamber 5,28-041661d198ff,44.562,BLANK,0C,off
07/26/2022 22:27:23,Chamber 5,28-041661d198ff,44.562,BLANK,0C,off
07/26/2022 22:27:43,Chamber 5,28-041661d198ff,44.562,BLANK,0C,off
07/26/2022 22:28:03,Chamber 5,28-041661d198ff,44.562,BLANK,0C,off
07/26/2022 22:28:23,Chamber 5,28-041661d198ff,44.562,BLANK,0C,off
07/26/2022 22:28:43,Chamber 5,28-041661d198ff,44.562,BLANK,0C,off
07/26/2022 22:29:03,Chamber 5,28-041661d198ff,44.562,BLANK,0C,off
07/26/2022 22:29:23,Chamber 5,28-041661d198ff,44.562,BLANK,0C,off
07/26/2022 22:29:43,Chamber 5,28-041661d198ff,44.562,BLANK,0C,off
07/26/2022 22:30:03,Chamber 5,28-041661d198ff,44.5,BLANK,0C,off
07/26/2022 22:30:24,Chamber 5,28-041661d198ff,44.562,BLANK,0C,off
07/26/2022 22:30:43,Chamber 5,28-041661d198ff,44.562,BLANK,0C,off
07/26/2022 22:31:03,Chamber 5,28-041661d198ff,44.562,BLANK,0C,off
07/26/2022 22:31:23,Chamber 5,28-041661d198ff,44.562,BLANK,0C,off
07/26/2022 22:31:44,Chamber 5,28-041661d198ff,44.562,BLANK,0C,off
07/26/2022 22:32:03,Chamber 5,28-041661d198ff,44.562,BLANK,0C,off
07/26/2022 22:32:23,Chamber 5,28-041661d198ff,44.562,BLANK,0C,off
07/26/2022 22:32:43,Chamber 5,28-041661d198ff,44.562,BLANK,0C,off
07/26/2022 22:33:03,Chamber 5,28-041661d198ff,44.562,BLANK,0C,off
07/26/2022 22:33:23,Chamber 5,28-041661d198ff,44.625,BLANK,0C,off
07/26/2022 22:33:43,Chamber 5,28-041661d198ff,44.625,BLANK,0C,off
07/26/2022 22:34:03,Chamber 5,28-041661d198ff,44.687,BLANK,0C,off
07/26/2022 22:34:23,Chamber 5,28-041661d198ff,44.625,BLANK,0C,off
07/26/2022 22:34:43,Chamber 5,28-041661d198ff,44.625,BLANK,0C,off
07/26/2022 22:35:03,Chamber 5,28-041661d198ff,44.625,BLANK,0C,off
07/26/2022 22:35:23,Chamber 5,28-041661d198ff,44.625,BLANK,0C,off
07/26/2022 22:35:43,Chamber 5,28-041661d198ff,44.687,BLANK,0C,off
07/26/2022 22:36:03,Chamber 5,28-041661d198ff,44.687,BLANK,0C,off
07/26/2022 22:36:23,Chamber 5,28-041661d198ff,44.687,BLANK,0C,off
07/26/2022 22:36:43,Chamber 5,28-041661d198ff,44.687,BLANK,0C,off
07/26/2022 22:37:03,Chamber 5,28-041661d198ff,44.625,BLANK,0C,off
07/26/2022 22:37:23,Chamber 5,28-041661d198ff,44.625,BLANK,0C,off
07/26/2022 22:37:43,Chamber 5,28-041661d198ff,44.687,BLANK,0C,off
07/26/2022 22:38:03,Chamber 5,28-041661d198ff,44.687,BLANK,0C,off
07/26/2022 22:38:24,Chamber 5,28-041661d198ff,44.687,BLANK,0C,off
07/26/2022 22:38:43,Chamber 5,28-041661d198ff,44.625,BLANK,0C,off
07/26/2022 22:39:03,Chamber 5,28-041661d198ff,44.625,BLANK,0C,off
07/26/2022 22:39:23,Chamber 5,28-041661d198ff,44.625,BLANK,0C,off
07/26/2022 22:39:43,Chamber 5,28-041661d198ff,44.687,BLANK,0C,off
07/26/2022 22:40:03,Chamber 5,28-041661d198ff,44.625,BLANK,0C,off
07/26/2022 22:40:23,Chamber 5,28-041661d198ff,44.687,BLANK,0C,off
07/26/2022 22:40:43,Chamber 5,28-041661d198ff,44.625,BLANK,0C,off
07/26/2022 22:41:03,Chamber 5,28-041661d198ff,44.625,BLANK,0C,off
07/26/2022 22:41:23,Chamber 5,28-041661d198ff,44.687,BLANK,0C,off
07/26/2022 22:41:43,Chamber 5,28-041661d198ff,44.687,BLANK,0C,off
07/26/2022 22:42:03,Chamber 5,28-041661d198ff,44.687,BLANK,0C,off
07/26/2022 22:42:23,Chamber 5,28-041661d198ff,44.625,BLANK,0C,off
07/26/2022 22:42:43,Chamber 5,28-041661d198ff,44.625,BLANK,0C,off
07/26/2022 22:43:03,Chamber 5,28-041661d198ff,44.625,BLANK,0C,off
07/26/2022 22:43:23,Chamber 5,28-041661d198ff,44.625,BLANK,0C,off
07/26/2022 22:43:43,Chamber 5,28-041661d198ff,44.562,BLANK,0C,off
07/26/2022 22:44:03,Chamber 5,28-041661d198ff,44.562,BLANK,0C,off
07/26/2022 22:44:23,Chamber 5,28-041661d198ff,44.562,BLANK,0C,off
07/26/2022 22:44:43,Chamber 5,28-041661d198ff,44.562,BLANK,0C,off
07/26/2022 22:45:03,Chamber 5,28-041661d198ff,44.5,BLANK,0C,off
07/26/2022 22:45:23,Chamber 5,28-041661d198ff,44.5,BLANK,0C,off
07/26/2022 22:45:43,Chamber 5,28-041661d198ff,44.5,BLANK,0C,off
07/26/2022 22:46:03,Chamber 5,28-041661d198ff,44.5,BLANK,0C,off
07/26/2022 22:46:23,Chamber 5,28-041661d198ff,44.5,BLANK,0C,off
07/26/2022 22:46:43,Chamber 5,28-041661d198ff,44.5,BLANK,0C,off
07/26/2022 22:47:03,Chamber 5,28-041661d198ff,44.5,BLANK,0C,off
07/26/2022 22:47:23,Chamber 5,28-041661d198ff,44.437,BLANK,0C,off
07/26/2022 22:47:43,Chamber 5,28-041661d198ff,44.437,BLANK,0C,off
07/26/2022 22:48:03,Chamber 5,28-041661d198ff,44.437,BLANK,0C,off
07/26/2022 22:48:23,Chamber 5,28-041661d198ff,44.437,BLANK,0C,off
07/26/2022 22:48:43,Chamber 5,28-041661d198ff,44.437,BLANK,0C,off
07/26/2022 22:49:03,Chamber 5,28-041661d198ff,44.437,BLANK,0C,off
07/26/2022 22:49:23,Chamber 5,28-041661d198ff,44.437,BLANK,0C,off
07/26/2022 22:49:43,Chamber 5,28-041661d198ff,44.437,BLANK,0C,off
07/26/2022 22:50:03,Chamber 5,28-041661d198ff,44.437,BLANK,0C,off
07/26/2022 22:50:23,Chamber 5,28-041661d198ff,44.437,BLANK,0C,off
07/26/2022 22:50:43,Chamber 5,28-041661d198ff,44.437,BLANK,0C,off
07/26/2022 22:51:03,Chamber 5,28-041661d198ff,44.437,BLANK,0C,off
07/26/2022 22:51:23,Chamber 5,28-041661d198ff,44.437,BLANK,0C,off
07/26/2022 22:51:43,Chamber 5,28-041661d198ff,44.437,BLANK,0C,off
07/26/2022 22:52:03,Chamber 5,28-041661d198ff,44.437,BLANK,0C,off
07/26/2022 22:52:23,Chamber 5,28-041661d198ff,44.437,BLANK,0C,off
07/26/2022 22:52:43,Chamber 5,28-041661d198ff,44.437,BLANK,0C,off
07/26/2022 22:53:03,Chamber 5,28-041661d198ff,44.437,BLANK,0C,off
07/26/2022 22:53:23,Chamber 5,28-041661d198ff,44.375,BLANK,0C,off
07/26/2022 22:53:43,Chamber 5,28-041661d198ff,44.375,BLANK,0C,off
07/26/2022 22:54:03,Chamber 5,28-041661d198ff,44.375,BLANK,0C,off
07/26/2022 22:54:23,Chamber 5,28-041661d198ff,44.375,BLANK,0C,off
07/26/2022 22:54:43,Chamber 5,28-041661d198ff,44.375,BLANK,0C,off
07/26/2022 22:55:03,Chamber 5,28-041661d198ff,44.375,BLANK,0C,off
07/26/2022 22:55:23,Chamber 5,28-041661d198ff,44.375,BLANK,0C,off
07/26/2022 22:55:43,Chamber 5,28-041661d198ff,44.375,BLANK,0C,off
07/26/2022 22:56:03,Chamber 5,28-041661d198ff,44.375,BLANK,0C,off
07/26/2022 22:56:24,Chamber 5,28-041661d198ff,44.375,BLANK,0C,off
07/26/2022 22:56:43,Chamber 5,28-041661d198ff,44.375,BLANK,0C,off
07/26/2022 22:57:03,Chamber 5,28-041661d198ff,44.375,BLANK,0C,off
07/26/2022 22:57:23,Chamber 5,28-041661d198ff,44.375,BLANK,0C,off
07/26/2022 22:57:43,Chamber 5,28-041661d198ff,44.375,BLANK,0C,off
07/26/2022 22:58:03,Chamber 5,28-041661d198ff,44.375,BLANK,0C,off
07/26/2022 22:58:23,Chamber 5,28-041661d198ff,44.375,BLANK,0C,off
07/26/2022 22:58:43,Chamber 5,28-041661d198ff,44.312,BLANK,0C,off
07/26/2022 22:59:03,Chamber 5,28-041661d198ff,44.375,BLANK,0C,off
07/26/2022 22:59:23,Chamber 5,28-041661d198ff,44.375,BLANK,0C,off
07/26/2022 22:59:43,Chamber 5,28-041661d198ff,44.375,BLANK,0C,off
07/26/2022 23:00:02,Chamber 5,28-041661d198ff,44.375,BLANK,0C,off
07/26/2022 23:00:22,Chamber 5,28-041661d198ff,44.375,BLANK,0C,off
07/26/2022 23:00:42,Chamber 5,28-041661d198ff,44.375,BLANK,0C,off
07/26/2022 23:01:02,Chamber 5,28-041661d198ff,44.375,BLANK,0C,off
07/26/2022 23:01:22,Chamber 5,28-041661d198ff,44.375,BLANK,0C,off
07/26/2022 23:01:42,Chamber 5,28-041661d198ff,44.375,BLANK,0C,off
07/26/2022 23:02:02,Chamber 5,28-041661d198ff,44.375,BLANK,0C,off
07/26/2022 23:02:22,Chamber 5,28-041661d198ff,44.375,BLANK,0C,off
07/26/2022 23:02:42,Chamber 5,28-041661d198ff,44.375,BLANK,0C,off
07/26/2022 23:03:02,Chamber 5,28-041661d198ff,44.375,BLANK,0C,off
07/26/2022 23:03:22,Chamber 5,28-041661d198ff,44.375,BLANK,0C,off
07/26/2022 23:03:42,Chamber 5,28-041661d198ff,44.375,BLANK,0C,off
07/26/2022 23:04:02,Chamber 5,28-041661d198ff,44.375,BLANK,0C,off
07/26/2022 23:04:22,Chamber 5,28-041661d198ff,44.375,BLANK,0C,off
07/26/2022 23:04:42,Chamber 5,28-041661d198ff,44.375,BLANK,0C,off
07/26/2022 23:05:03,Chamber 5,28-041661d198ff,44.375,BLANK,0C,off
07/26/2022 23:05:22,Chamber 5,28-041661d198ff,44.375,BLANK,0C,off
07/26/2022 23:05:42,Chamber 5,28-041661d198ff,44.375,BLANK,0C,off
07/26/2022 23:06:02,Chamber 5,28-041661d198ff,44.375,BLANK,0C,off
07/26/2022 23:06:22,Chamber 5,28-041661d198ff,44.375,BLANK,0C,off
07/26/2022 23:06:42,Chamber 5,28-041661d198ff,44.375,BLANK,0C,off
07/26/2022 23:07:02,Chamber 5,28-041661d198ff,44.375,BLANK,0C,off
07/26/2022 23:07:22,Chamber 5,28-041661d198ff,44.312,BLANK,0C,off
07/26/2022 23:07:42,Chamber 5,28-041661d198ff,44.312,BLANK,0C,off
07/26/2022 23:08:02,Chamber 5,28-041661d198ff,44.312,BLANK,0C,off
07/26/2022 23:08:22,Chamber 5,28-041661d198ff,44.312,BLANK,0C,off
07/26/2022 23:08:42,Chamber 5,28-041661d198ff,44.312,BLANK,0C,off
07/26/2022 23:09:02,Chamber 5,28-041661d198ff,44.312,BLANK,0C,off
07/26/2022 23:09:22,Chamber 5,28-041661d198ff,44.312,BLANK,0C,off
07/26/2022 23:09:42,Chamber 5,28-041661d198ff,44.312,BLANK,0C,off
07/26/2022 23:10:02,Chamber 5,28-041661d198ff,44.312,BLANK,0C,off
07/26/2022 23:10:22,Chamber 5,28-041661d198ff,44.312,BLANK,0C,off
07/26/2022 23:10:42,Chamber 5,28-041661d198ff,44.312,BLANK,0C,off
07/26/2022 23:11:02,Chamber 5,28-041661d198ff,44.312,BLANK,0C,off
07/26/2022 23:11:22,Chamber 5,28-041661d198ff,44.312,BLANK,0C,off
07/26/2022 23:11:42,Chamber 5,28-041661d198ff,44.25,BLANK,0C,off
07/26/2022 23:12:02,Chamber 5,28-041661d198ff,44.25,BLANK,0C,off
07/26/2022 23:12:22,Chamber 5,28-041661d198ff,44.312,BLANK,0C,off
07/26/2022 23:12:42,Chamber 5,28-041661d198ff,44.312,BLANK,0C,off
07/26/2022 23:13:02,Chamber 5,28-041661d198ff,44.312,BLANK,0C,off
07/26/2022 23:13:22,Chamber 5,28-041661d198ff,44.312,BLANK,0C,off
07/26/2022 23:13:42,Chamber 5,28-041661d198ff,44.312,BLANK,0C,off
07/26/2022 23:14:02,Chamber 5,28-041661d198ff,44.312,BLANK,0C,off
07/26/2022 23:14:22,Chamber 5,28-041661d198ff,44.312,BLANK,0C,off
07/26/2022 23:14:42,Chamber 5,28-041661d198ff,44.312,BLANK,0C,off
07/26/2022 23:15:02,Chamber 5,28-041661d198ff,44.312,BLANK,0C,off
07/26/2022 23:15:22,Chamber 5,28-041661d198ff,44.312,BLANK,0C,off
07/26/2022 23:15:42,Chamber 5,28-041661d198ff,44.312,BLANK,0C,off
07/26/2022 23:16:02,Chamber 5,28-041661d198ff,44.375,BLANK,0C,off
07/26/2022 23:16:22,Chamber 5,28-041661d198ff,44.375,BLANK,0C,off
07/26/2022 23:16:42,Chamber 5,28-041661d198ff,44.375,BLANK,0C,off
07/26/2022 23:17:02,Chamber 5,28-041661d198ff,44.375,BLANK,0C,off
07/26/2022 23:17:22,Chamber 5,28-041661d198ff,44.375,BLANK,0C,off
07/26/2022 23:17:44,Chamber 5,28-041661d198ff,44.375,BLANK,0C,off
07/26/2022 23:18:02,Chamber 5,28-041661d198ff,44.312,BLANK,0C,off
07/26/2022 23:18:22,Chamber 5,28-041661d198ff,44.312,BLANK,0C,off
07/26/2022 23:18:42,Chamber 5,28-041661d198ff,44.312,BLANK,0C,off
07/26/2022 23:19:02,Chamber 5,28-041661d198ff,44.312,BLANK,0C,off
07/26/2022 23:19:22,Chamber 5,28-041661d198ff,44.312,BLANK,0C,off
07/26/2022 23:19:42,Chamber 5,28-041661d198ff,44.375,BLANK,0C,off
07/26/2022 23:20:02,Chamber 5,28-041661d198ff,44.312,BLANK,0C,off
07/26/2022 23:20:22,Chamber 5,28-041661d198ff,44.312,BLANK,0C,off
07/26/2022 23:20:44,Chamber 5,28-041661d198ff,44.312,BLANK,0C,off
07/26/2022 23:21:02,Chamber 5,28-041661d198ff,44.312,BLANK,0C,off
07/26/2022 23:21:22,Chamber 5,28-041661d198ff,44.312,BLANK,0C,off
07/26/2022 23:21:42,Chamber 5,28-041661d198ff,44.312,BLANK,0C,off
07/26/2022 23:22:02,Chamber 5,28-041661d198ff,44.312,BLANK,0C,off
07/26/2022 23:22:22,Chamber 5,28-041661d198ff,44.312,BLANK,0C,off
07/26/2022 23:22:42,Chamber 5,28-041661d198ff,44.312,BLANK,0C,off
07/26/2022 23:23:02,Chamber 5,28-041661d198ff,44.312,BLANK,0C,off
07/26/2022 23:23:22,Chamber 5,28-041661d198ff,44.312,BLANK,0C,off
07/26/2022 23:23:42,Chamber 5,28-041661d198ff,44.25,BLANK,0C,off
07/26/2022 23:24:02,Chamber 5,28-041661d198ff,44.25,BLANK,0C,off
07/26/2022 23:24:22,Chamber 5,28-041661d198ff,44.25,BLANK,0C,off
07/26/2022 23:24:42,Chamber 5,28-041661d198ff,44.25,BLANK,0C,off
07/26/2022 23:25:02,Chamber 5,28-041661d198ff,44.25,BLANK,0C,off
07/26/2022 23:25:22,Chamber 5,28-041661d198ff,44.25,BLANK,0C,off
07/26/2022 23:25:42,Chamber 5,28-041661d198ff,44.187,BLANK,0C,off
07/26/2022 23:26:02,Chamber 5,28-041661d198ff,44.25,BLANK,0C,off
07/26/2022 23:26:22,Chamber 5,28-041661d198ff,44.187,BLANK,0C,off
07/26/2022 23:26:42,Chamber 5,28-041661d198ff,44.187,BLANK,0C,off
07/26/2022 23:27:02,Chamber 5,28-041661d198ff,44.187,BLANK,0C,off
07/26/2022 23:27:22,Chamber 5,28-041661d198ff,44.187,BLANK,0C,off
07/26/2022 23:27:42,Chamber 5,28-041661d198ff,44.187,BLANK,0C,off
07/26/2022 23:28:02,Chamber 5,28-041661d198ff,44.125,BLANK,0C,off
07/26/2022 23:28:22,Chamber 5,28-041661d198ff,44.125,BLANK,0C,off
07/26/2022 23:28:42,Chamber 5,28-041661d198ff,44.125,BLANK,0C,off
07/26/2022 23:29:02,Chamber 5,28-041661d198ff,44.125,BLANK,0C,off
07/26/2022 23:29:22,Chamber 5,28-041661d198ff,44.062,BLANK,0C,off
07/26/2022 23:29:42,Chamber 5,28-041661d198ff,44.062,BLANK,0C,off
07/26/2022 23:30:02,Chamber 5,28-041661d198ff,44.062,BLANK,0C,off
07/26/2022 23:30:22,Chamber 5,28-041661d198ff,44.062,BLANK,0C,off
07/26/2022 23:30:42,Chamber 5,28-041661d198ff,44.062,BLANK,0C,off
07/26/2022 23:31:02,Chamber 5,28-041661d198ff,44.062,BLANK,0C,off
07/26/2022 23:31:22,Chamber 5,28-041661d198ff,44.062,BLANK,0C,off
07/26/2022 23:31:42,Chamber 5,28-041661d198ff,44.0,BLANK,0C,off
07/26/2022 23:32:02,Chamber 5,28-041661d198ff,44.0,BLANK,0C,off
07/26/2022 23:32:22,Chamber 5,28-041661d198ff,44.0,BLANK,0C,off
07/26/2022 23:32:43,Chamber 5,28-041661d198ff,44.0,BLANK,0C,off
07/26/2022 23:33:02,Chamber 5,28-041661d198ff,44.0,BLANK,0C,off
07/26/2022 23:33:22,Chamber 5,28-041661d198ff,44.0,BLANK,0C,off
07/26/2022 23:33:42,Chamber 5,28-041661d198ff,44.0,BLANK,0C,off
07/26/2022 23:34:02,Chamber 5,28-041661d198ff,44.0,BLANK,0C,off
07/26/2022 23:34:22,Chamber 5,28-041661d198ff,44.0,BLANK,0C,off
07/26/2022 23:34:42,Chamber 5,28-041661d198ff,43.937,BLANK,0C,off
07/26/2022 23:35:02,Chamber 5,28-041661d198ff,43.937,BLANK,0C,off
07/26/2022 23:35:23,Chamber 5,28-041661d198ff,43.875,BLANK,0C,off
07/26/2022 23:35:42,Chamber 5,28-041661d198ff,43.875,BLANK,0C,off
07/26/2022 23:36:02,Chamber 5,28-041661d198ff,43.875,BLANK,0C,off
07/26/2022 23:36:22,Chamber 5,28-041661d198ff,43.875,BLANK,0C,off
07/26/2022 23:36:42,Chamber 5,28-041661d198ff,43.812,BLANK,0C,off
07/26/2022 23:37:02,Chamber 5,28-041661d198ff,43.812,BLANK,0C,off
07/26/2022 23:37:22,Chamber 5,28-041661d198ff,43.812,BLANK,0C,off
07/26/2022 23:37:42,Chamber 5,28-041661d198ff,43.812,BLANK,0C,off
07/26/2022 23:38:02,Chamber 5,28-041661d198ff,43.812,BLANK,0C,off
07/26/2022 23:38:22,Chamber 5,28-041661d198ff,43.812,BLANK,0C,off
07/26/2022 23:38:42,Chamber 5,28-041661d198ff,43.812,BLANK,0C,off
07/26/2022 23:39:02,Chamber 5,28-041661d198ff,43.812,BLANK,0C,off
07/26/2022 23:39:22,Chamber 5,28-041661d198ff,43.75,BLANK,0C,off
07/26/2022 23:39:42,Chamber 5,28-041661d198ff,43.75,BLANK,0C,off
07/26/2022 23:40:02,Chamber 5,28-041661d198ff,43.75,BLANK,0C,off
07/26/2022 23:40:22,Chamber 5,28-041661d198ff,43.75,BLANK,0C,off
07/26/2022 23:40:42,Chamber 5,28-041661d198ff,43.75,BLANK,0C,off
07/26/2022 23:41:02,Chamber 5,28-041661d198ff,43.75,BLANK,0C,off
07/26/2022 23:41:22,Chamber 5,28-041661d198ff,43.687,BLANK,0C,off
07/26/2022 23:41:42,Chamber 5,28-041661d198ff,43.687,BLANK,0C,off
07/26/2022 23:42:02,Chamber 5,28-041661d198ff,43.687,BLANK,0C,off
07/26/2022 23:42:22,Chamber 5,28-041661d198ff,43.687,BLANK,0C,off
07/26/2022 23:42:42,Chamber 5,28-041661d198ff,43.687,BLANK,0C,off
07/26/2022 23:43:02,Chamber 5,28-041661d198ff,43.625,BLANK,0C,off
07/26/2022 23:43:22,Chamber 5,28-041661d198ff,43.687,BLANK,0C,off
07/26/2022 23:43:42,Chamber 5,28-041661d198ff,43.625,BLANK,0C,off
07/26/2022 23:44:02,Chamber 5,28-041661d198ff,43.625,BLANK,0C,off
07/26/2022 23:44:22,Chamber 5,28-041661d198ff,43.625,BLANK,0C,off
07/26/2022 23:44:42,Chamber 5,28-041661d198ff,43.625,BLANK,0C,off
07/26/2022 23:45:02,Chamber 5,28-041661d198ff,43.625,BLANK,0C,off
07/26/2022 23:45:22,Chamber 5,28-041661d198ff,43.625,BLANK,0C,off
07/26/2022 23:45:42,Chamber 5,28-041661d198ff,43.625,BLANK,0C,off
07/26/2022 23:46:02,Chamber 5,28-041661d198ff,43.625,BLANK,0C,off
07/26/2022 23:46:22,Chamber 5,28-041661d198ff,43.625,BLANK,0C,off
07/26/2022 23:46:42,Chamber 5,28-041661d198ff,43.625,BLANK,0C,off
07/26/2022 23:47:02,Chamber 5,28-041661d198ff,43.625,BLANK,0C,off
07/26/2022 23:47:22,Chamber 5,28-041661d198ff,43.625,BLANK,0C,off
07/26/2022 23:47:42,Chamber 5,28-041661d198ff,43.625,BLANK,0C,off
07/26/2022 23:48:02,Chamber 5,28-041661d198ff,43.625,BLANK,0C,off
07/26/2022 23:48:22,Chamber 5,28-041661d198ff,43.562,BLANK,0C,off
07/26/2022 23:48:42,Chamber 5,28-041661d198ff,43.625,BLANK,0C,off
07/26/2022 23:49:02,Chamber 5,28-041661d198ff,43.562,BLANK,0C,off
07/26/2022 23:49:22,Chamber 5,28-041661d198ff,43.562,BLANK,0C,off
07/26/2022 23:49:42,Chamber 5,28-041661d198ff,43.562,BLANK,0C,off
07/26/2022 23:50:02,Chamber 5,28-041661d198ff,43.562,BLANK,0C,off
07/26/2022 23:50:22,Chamber 5,28-041661d198ff,43.562,BLANK,0C,off
07/26/2022 23:50:42,Chamber 5,28-041661d198ff,43.562,BLANK,0C,off
07/26/2022 23:51:02,Chamber 5,28-041661d198ff,43.562,BLANK,0C,off
07/26/2022 23:51:22,Chamber 5,28-041661d198ff,43.5,BLANK,0C,off
07/26/2022 23:51:42,Chamber 5,28-041661d198ff,43.5,BLANK,0C,off
07/26/2022 23:52:02,Chamber 5,28-041661d198ff,43.5,BLANK,0C,off
07/26/2022 23:52:22,Chamber 5,28-041661d198ff,43.5,BLANK,0C,off
07/26/2022 23:52:42,Chamber 5,28-041661d198ff,43.5,BLANK,0C,off
07/26/2022 23:53:02,Chamber 5,28-041661d198ff,43.5,BLANK,0C,off
07/26/2022 23:53:22,Chamber 5,28-041661d198ff,43.5,BLANK,0C,off
07/26/2022 23:53:42,Chamber 5,28-041661d198ff,43.5,BLANK,0C,off
07/26/2022 23:54:02,Chamber 5,28-041661d198ff,43.5,BLANK,0C,off
07/26/2022 23:54:22,Chamber 5,28-041661d198ff,43.5,BLANK,0C,off
07/26/2022 23:54:42,Chamber 5,28-041661d198ff,43.5,BLANK,0C,off
07/26/2022 23:55:02,Chamber 5,28-041661d198ff,43.5,BLANK,0C,off
07/26/2022 23:55:22,Chamber 5,28-041661d198ff,43.5,BLANK,0C,off
07/26/2022 23:55:42,Chamber 5,28-041661d198ff,43.5,BLANK,0C,off
07/26/2022 23:56:02,Chamber 5,28-041661d198ff,43.5,BLANK,0C,off
07/26/2022 23:56:22,Chamber 5,28-041661d198ff,43.562,BLANK,0C,off
07/26/2022 23:56:42,Chamber 5,28-041661d198ff,43.562,BLANK,0C,off
07/26/2022 23:57:02,Chamber 5,28-041661d198ff,43.562,BLANK,0C,off
07/26/2022 23:57:22,Chamber 5,28-041661d198ff,43.562,BLANK,0C,off
07/26/2022 23:57:42,Chamber 5,28-041661d198ff,43.5,BLANK,0C,off
07/26/2022 23:58:02,Chamber 5,28-041661d198ff,43.562,BLANK,0C,off
07/26/2022 23:58:22,Chamber 5,28-041661d198ff,43.5,BLANK,0C,off
07/26/2022 23:58:42,Chamber 5,28-041661d198ff,43.5,BLANK,0C,off
07/26/2022 23:59:02,Chamber 5,28-041661d198ff,43.562,BLANK,0C,off
07/26/2022 23:59:22,Chamber 5,28-041661d198ff,43.562,BLANK,0C,off
07/26/2022 23:59:42,Chamber 5,28-041661d198ff,43.562,BLANK,0C,off
